row_idx,województwo,powiat,gmina,typ gminy,TERYT,rok_raportu,status,ext_dokumentu,zawartosc,url,metoda_pozyskania,hash dokumentu,status komunikatu,dt_utc_finalne,failure_reason,file_size_MB,existed
1,mazowieckie,ciechanowski,Ciechanów,gmina miejska,1402011,2018,ok_finalnie,pdf,tekst,"https://bip.umciechanow.pl/pliki/Raport-o-stanie-Gminy-,6374.pdf",direct_without_tor,9827cb2bd369b31ed6d46887e316975d08c48717622be29a38615b1e8cc22554,200,2026-09-04T22:12:43Z,,15.614,true
2,mazowieckie,ciechanowski,Ciechanów,gmina miejska,1402011,2019,ok_finalnie,pdf,tekst,"https://bip.umciechanow.pl/pliki/Raport-o-stanie-Miasta-za-2019,8945.pdf",direct_without_tor,1f6c2e7ba7422d50933b7ffcab6edb7ae91dd3e4267c9cfd0174594fe8969288,200,2026-09-04T22:12:46Z,,8.367,true
3,mazowieckie,ciechanowski,Ciechanów,gmina miejska,1402011,2020,ok_finalnie,pdf,tekst,"https://bip.umciechanow.pl/pliki/raport-o-stanie-miasta-za-2020,9327.pdf",direct_without_tor,e9f4a14fada4fe7da1b73b256076bf4140d3fe2e150fc19bcc61f46154ea16a3,200,2026-09-04T22:12:48Z,,7.949,true
4,mazowieckie,ciechanowski,Ciechanów,gmina miejska,1402011,2021,ok_finalnie,pdf,tekst,"https://bip.umciechanow.pl/pliki/raport-miasto-2021,10589.pdf",direct_without_tor,1eeeb85e46332656b87e68f13bfdc3aa0e209bf5f507413140c0df209645f92a,200,2026-09-04T22:12:51Z,,10.153,true
5,mazowieckie,ciechanowski,Ciechanów,gmina miejska,1402011,2022,ok_finalnie,pdf,tekst,"https://bip.umciechanow.pl/pliki/Raport-o-stanie-miasta-za-2022-rok,12115.pdf",direct_without_tor,7218fd535dacc817c9876b73be6ed938a3d9a3fee1c99fe4661ad49f34e69a45,200,2026-09-04T22:12:54Z,,10.172,true
6,mazowieckie,ciechanowski,Ciechanów,gmina miejska,1402011,2023,ok_finalnie,pdf,tekst,"https://bip.umciechanow.pl/pliki/Raport-o-stanie-miasta-za-2023-rok---25.04.2024-r,13520.pdf",direct_without_tor,92022a8d8ed690e6592cbc5494a2f7cdbb98955fa9f7b7dbd9d1334b3261cf19,200,2026-09-04T22:12:57Z,,10.497,true
7,mazowieckie,ciechanowski,Ciechanów,gmina miejska,1402011,2024,ok_finalnie,pdf,tekst,"https://bip.umciechanow.pl/pliki/Raport-za-2024-11.04.2024-,14684.pdf",direct_without_tor,6b120d662de0d97800e46601b63600c358a10cb96cefe4df34561d2f8bcb9891,200,2026-09-04T22:13:00Z,,7.733,true
8,mazowieckie,ciechanowski,Ciechanów,gmina miejska,1402011,2025,ok_finalnie,pdf,tekst,https://www.umciechanow.pl/download/2627,direct_without_tor,a819547ba101d8f02bfea2a96b6c8fae0981ff857ac0a4204d3109c24559294a,200,2026-09-04T22:41:58Z,,11.025,true
9,mazowieckie,ciechanowski,Ciechanów,gmina wiejska,1402022,2018,ok_finalnie,pdf,tekst,https://gminaciechanow.pl/uploads/dokumenty/1/bip/4282/raport_o_stanie_gminy_ciechanow_za_2018_rok.pdf,direct_without_tor,bed622b1fc6614d4672c2f5d0e95977f7beb12822aa528f3b3a99b83bb1fa05e,200,2026-09-04T22:13:01Z,,4.033,true
10,mazowieckie,ciechanowski,Ciechanów,gmina wiejska,1402022,2019,ok_finalnie,pdf,tekst,https://gminaciechanow.pl/uploads/dokumenty/1/bip/911/raport_o_stanie_gminy_ciechanow_za_2019_rok.pdf,direct_without_tor,560f97bf84c0bfda81e2267b6acc56608c6d5d87917d405a8789556aa300de80,200,2026-09-04T22:13:04Z,,3.053,true
11,mazowieckie,ciechanowski,Ciechanów,gmina wiejska,1402022,2020,ok_finalnie,pdf,tekst,https://gminaciechanow.pl/uploads/dokumenty/1/bip/1240/raport_2020_2.pdf,direct_without_tor,c12702fbb8245237dc26c6747bc26dc183d35e2c0ccf8a5ce3b3c9d35ead797d,200,2026-09-04T22:13:07Z,,0.992,true
12,mazowieckie,ciechanowski,Ciechanów,gmina wiejska,1402022,2021,ok_finalnie,pdf,tekst,https://gminaciechanow.pl/uploads/dokumenty/1/bip/1556/raport_o_stanie_gminy_ciechanow_za_2021_rok_.pdf,direct_without_tor,196ae58dd60d6ef81ab8e53e40ac8cc43a8d5489eb37ea93d2496f7a3d57f187,200,2026-09-04T22:13:10Z,,1.125,true
13,mazowieckie,ciechanowski,Ciechanów,gmina wiejska,1402022,2022,ok_finalnie,pdf,tekst,https://gminaciechanow.pl/uploads/dokumenty/1/bip/1884/raport_o_stanie_gminy_ciechanow_za_2022_rok.pdf,direct_without_tor,3ff49414e50d6f39931b44d508c045db343c0da617ac987d135b49af1729f113,200,2026-09-04T22:13:13Z,,2.303,true
14,mazowieckie,ciechanowski,Ciechanów,gmina wiejska,1402022,2023,ok_finalnie,pdf,tekst,https://gminaciechanow.pl/uploads/dokumenty/1/bip/9653/fec46fd83c2d74495058b6584c1c52fe.pdf,direct_without_tor,6e09f0e6a599204d2419d472f624d3491a9fbcd643c8f367565e4922e7bc94e5,200,2026-09-04T22:13:17Z,,7.755,true
15,mazowieckie,ciechanowski,Ciechanów,gmina wiejska,1402022,2024,ok_finalnie,pdf,tekst,https://gminaciechanow.pl/uploads/dokumenty/1/bip/10625/1dfc116ee095fb8d8f88901d39793798.pdf,direct_without_tor,a14bef5fd9372f0f5532b81130f6dc00646bb473876d0f9a15f93c44fcb837df,200,2026-09-04T22:13:20Z,,9.586,true
16,mazowieckie,ciechanowski,Ciechanów,gmina wiejska,1402022,2025,ok_finalnie,pdf,tekst,https://gminaciechanow.pl/uploads/dokumenty/1/bip/11817/0008ff9d3fda0061fe502479c2f5676f.pdf,direct_without_tor_ssl_off,034b623373ee5ff2ab21e7619b8408ad632b21b5ca2ebadfa57821d156bdc54c,200,2026-09-04T23:38:18Z,,7.841,true
17,mazowieckie,ciechanowski,Gołymin-Ośrodek,gmina wiejska,1402042,2018,brak_finalnie,,,brak,"dogłębne sprawdzenie (web search bez Tora + BIP/CMS + strony roczne i załączniki + sitemap + Wayback + alternatywne domeny + portal posiedzeń) + ocr - dowód proceduralny, brak opublikowanego pliku raportu; RE-WERYFIKACJA 29.08.2026 (skan całości BIP na biuletyn.net): wbudowana wyszukiwarka serwisu (?find=1, fpack[fraza]=raport) — JEDYNE trafienia to obwieszczenia środowiskowe i „Raport o stanie zapewniania dostępności"" (cid 1227/id 3641) — zero raportów o stanie gminy w całym serwisie; listingi WSZYSTKICH kategorii (zarządzenia wójta 2018-2025, uchwały rady 2018-2026, Informacje i Komunikaty, Aktualności) — brak pozycji o raporcie; karty uchwał wotum/absolutorium (XII/63-65/2019 = id 3237/3239, XXV/133-135/2020 = 3521/3523, XXXVI/186-188/2021 = 3816/3818, XLVI/256-258/2022 = 3996/3998, LVI/339-341/2023 = 4252/4254, XII/65-67/2025 = 4670/4672) mają wyłącznie załącznik „Treść"" (1-3-str. skan uchwały, uchwała powołuje art. 28aa ust. 9 = wotum PO przedstawieniu raportu); sprawa Watchdog Polska #1092 (fedrowanie.siecobywatelska.pl) — gmina odpowiedziała na ankietę o raporcie za 2020 (23.11.2021, list 124646) = dodatkowy dowód istnienia; wyszukiwarka strony WWW gminy (golymin-osrodek.pl/asp/szukaj…) — brak; rejestr uchwał 2024 (cid 1284/1285) pusty — wotum za 2023 niepublikowane GŁĘBSZE SZUKANIE 29.08.2026 (Gołymin-Ośrodek): znaleziono NOWY ŻYWY BIP: golymin-osrodek.biuletyn.net (CMS BIP 3.0; stara forma ?bip=2 = 404, root http = 200). Pełny skan ZARZĄDZEŃ WÓJTA 2018-2023 (cid 1141/1172/1184/1229/1247/1264, wszystkie strony pg 0-4) — ZERO pozycji dot. raportu o stanie gminy (żadnego zarządzenia o przedstawieniu); art. wotum nieufności (id=3237, cid=1179/2019) zawiera wyłącznie uchwałę (fls/bip_pliki/2020_04/BIPOLD003610/3610.pdf) bez raportu.",,BRAK_URL (dowód istnienia - nieopublikowany),2026-09-01T10:23:57Z,"NEG-plik (aktualizacja 30.08.2026, szerzej i glebiej). Enumeracja ID artykulow BIP (odkryto: parametr cid NIE jest walidowany wzgledem id, ?bip=2&cid=1&id=N renderuje dowolny artykul) - przeskanowano ID 1-5300 -> 3472 zywe artykuly, 5547 zalacznikow (2.5x wiecej niz crawl kategorii). Zaden zalacznik ani tytul nie zawiera raportu o stanie gminy (jedyne trafienia 'raport': raport dostepnosci WCAG, raporty konsultacji MPZP, raport oddzialywania na srodowisko). Dowod istnienia raportu: uchwala XII/63/2019 z 14.06.2019 o wotum zaufania (art. 28aa ust. 9 usg) - fls/bip_pliki/2020_04/BIPOLD003610/3610.pdf (OCR). Wyszukiwarka pelnotekstowa BIP (POST ?find=1, fpack[fraza]) dla 5 fraz - 0 trafien na raport. Serwis golymin-osrodek.pl (401 stron) - brak. Wayback/CC - brak. Wniosek FOI Sieci Watchdog #1092 (fedrowanie.siecobywatelska.pl) potwierdza monitoring raportu za 2020, bez pliku. WNIOSEK: raport powstawal (wotum zaufania coroczne), ale gmina NIGDY nie opublikowala pliku raportu w BIP ani na stronie - plik nieosiagalny publicznie. | TURA 11: sprawdzono rodzine zrodel prawomiejscowe.pl (Baza Aktow Wlasnych) dla wszystkich 56 jednostek z brakami - platforma zwraca HTTP 200 i IDENTYCZNA strone-szkielet o stalej dlugosci 75 124 B rowniez dla nieistniejacej instytucji (test kontrolny: /UrzadGminyNieIstniejeXyz), a jej listy aktow laduja sie dynamicznie i nie zawieraja frazy ""raport"". Rodzina odrzucona jako nieprzydatna - analogiczna pulapka jak strona marketingowa eSesja (36 759 B). | TURA 12 (nowe rodziny zrodel): sprawdzono i wykluczono: (1) Common Crawl - indeks odpowiada, ale dla domen gmin zwraca wylacznie rekordy HTML bez plikow raportow, a przy intensywniejszym odpytywaniu host przechodzi w stan http=000 (rate-limit); (2) archive.today (.ph/.today/.is/.li) - HTTP 429, platforma blokuje adresacje tego srodowiska; (3) arquivo.pt oraz Memento TimeTravel - brak odpowiedzi/brak zasobow dla domen PL; (4) prawomiejscowe.pl - wykluczone w turze 11 (strona-szkielet 75 124 B dla dowolnej instytucji); (5) brute-force nazw plikow na serwerze idcom (bip-v1-files, 18 000 kombinacji ID wiadomosci x 12 typowych nazw) - 0 trafien, zgodnie z ustalona regula o nieskutecznosci zgadywania nazw; (6) skanowanie stron raportowych pod katem linkow do chmur zewnetrznych (Google Drive, Power BI, OneDrive, Dropbox, SharePoint) - poza Stawiguda zadna gmina nie hostuje raportu poza wlasnym BIP. || [TURA 17 01.09.2026] Re-weryfikacja bialystok BIP golymin-osrodek.biuletyn.net (zywy, 200). Pelna lista kategorii menu BIP (wszystkie cid) NIE ZAWIERA pozycji ""Raport o stanie gminy"" ani zalaczonych raportow; brak w sprawozdaniach/protokolach. Wyszukiwarka BIP (?find=1&fraza=raport+o+stanie+gminy) nie zwraca wynikow. Wg informacji publicznej (fedrowanie.siecobywatelska.pl/sprawy/raport-o-stanie-gminy-jak-jest-tworzony-1092, wniosek do GOŁYMIN-OŚRODEK 11.2021) — gmina NIE publikuje raportu o stanie gminy. => RAPORT O STANIE GMINY NIEWYSTĘPUJE (nie publikowany w BIP). || [TURA 18b 02.09.2026] RE-WERYFIKACJA (poza Podlasie): BIP platforma gov.pl golymin.bip.gov.pl - kategoria /raport-o-stanie-gminy/ zwraca IDENTYCZNY szablon soft-404 (39693B) dla wszystkich lat 2018-2025 (md5 zgodne, brak tytulu, brak zgloszenia) => Gmina NIE opublikowala pliku raportu na platformie gov.pl; potwierdzono brak; status bez zmiany.",,true
18,mazowieckie,ciechanowski,Gołymin-Ośrodek,gmina wiejska,1402042,2019,brak_finalnie,,,brak,"dogłębne sprawdzenie (web search bez Tora + BIP/CMS + strony roczne i załączniki + sitemap + Wayback + alternatywne domeny + portal posiedzeń) + ocr - dowód proceduralny, brak opublikowanego pliku raportu; RE-WERYFIKACJA 29.08.2026 (skan całości BIP na biuletyn.net): wbudowana wyszukiwarka serwisu (?find=1, fpack[fraza]=raport) — JEDYNE trafienia to obwieszczenia środowiskowe i „Raport o stanie zapewniania dostępności"" (cid 1227/id 3641) — zero raportów o stanie gminy w całym serwisie; listingi WSZYSTKICH kategorii (zarządzenia wójta 2018-2025, uchwały rady 2018-2026, Informacje i Komunikaty, Aktualności) — brak pozycji o raporcie; karty uchwał wotum/absolutorium (XII/63-65/2019 = id 3237/3239, XXV/133-135/2020 = 3521/3523, XXXVI/186-188/2021 = 3816/3818, XLVI/256-258/2022 = 3996/3998, LVI/339-341/2023 = 4252/4254, XII/65-67/2025 = 4670/4672) mają wyłącznie załącznik „Treść"" (1-3-str. skan uchwały, uchwała powołuje art. 28aa ust. 9 = wotum PO przedstawieniu raportu); sprawa Watchdog Polska #1092 (fedrowanie.siecobywatelska.pl) — gmina odpowiedziała na ankietę o raporcie za 2020 (23.11.2021, list 124646) = dodatkowy dowód istnienia; wyszukiwarka strony WWW gminy (golymin-osrodek.pl/asp/szukaj…) — brak; rejestr uchwał 2024 (cid 1284/1285) pusty — wotum za 2023 niepublikowane GŁĘBSZE SZUKANIE 29.08.2026 (Gołymin-Ośrodek): znaleziono NOWY ŻYWY BIP: golymin-osrodek.biuletyn.net (CMS BIP 3.0; stara forma ?bip=2 = 404, root http = 200). Pełny skan ZARZĄDZEŃ WÓJTA 2018-2023 (cid 1141/1172/1184/1229/1247/1264, wszystkie strony pg 0-4) — ZERO pozycji dot. raportu o stanie gminy (żadnego zarządzenia o przedstawieniu); art. wotum nieufności (id=3237, cid=1179/2019) zawiera wyłącznie uchwałę (fls/bip_pliki/2020_04/BIPOLD003610/3610.pdf) bez raportu.",,BRAK_URL (dowód istnienia - nieopublikowany),2026-09-01T10:23:57Z,"NEG-plik (aktualizacja 30.08.2026, szerzej i glebiej). Enumeracja ID artykulow BIP (odkryto: parametr cid NIE jest walidowany wzgledem id, ?bip=2&cid=1&id=N renderuje dowolny artykul) - przeskanowano ID 1-5300 -> 3472 zywe artykuly, 5547 zalacznikow (2.5x wiecej niz crawl kategorii). Zaden zalacznik ani tytul nie zawiera raportu o stanie gminy (jedyne trafienia 'raport': raport dostepnosci WCAG, raporty konsultacji MPZP, raport oddzialywania na srodowisko). Dowod istnienia raportu: uchwala XXV/133/2020 z 26.08.2020 o wotum zaufania (art. 28aa ust. 9 usg) - fls/bip_pliki/2020_09/BIPF5AEE153E941FEZ/133.pdf (OCR). Wyszukiwarka pelnotekstowa BIP (POST ?find=1, fpack[fraza]) dla 5 fraz - 0 trafien na raport. Serwis golymin-osrodek.pl (401 stron) - brak. Wayback/CC - brak. Wniosek FOI Sieci Watchdog #1092 (fedrowanie.siecobywatelska.pl) potwierdza monitoring raportu za 2020, bez pliku. WNIOSEK: raport powstawal (wotum zaufania coroczne), ale gmina NIGDY nie opublikowala pliku raportu w BIP ani na stronie - plik nieosiagalny publicznie. | TURA 11: sprawdzono rodzine zrodel prawomiejscowe.pl (Baza Aktow Wlasnych) dla wszystkich 56 jednostek z brakami - platforma zwraca HTTP 200 i IDENTYCZNA strone-szkielet o stalej dlugosci 75 124 B rowniez dla nieistniejacej instytucji (test kontrolny: /UrzadGminyNieIstniejeXyz), a jej listy aktow laduja sie dynamicznie i nie zawieraja frazy ""raport"". Rodzina odrzucona jako nieprzydatna - analogiczna pulapka jak strona marketingowa eSesja (36 759 B). | TURA 12 (nowe rodziny zrodel): sprawdzono i wykluczono: (1) Common Crawl - indeks odpowiada, ale dla domen gmin zwraca wylacznie rekordy HTML bez plikow raportow, a przy intensywniejszym odpytywaniu host przechodzi w stan http=000 (rate-limit); (2) archive.today (.ph/.today/.is/.li) - HTTP 429, platforma blokuje adresacje tego srodowiska; (3) arquivo.pt oraz Memento TimeTravel - brak odpowiedzi/brak zasobow dla domen PL; (4) prawomiejscowe.pl - wykluczone w turze 11 (strona-szkielet 75 124 B dla dowolnej instytucji); (5) brute-force nazw plikow na serwerze idcom (bip-v1-files, 18 000 kombinacji ID wiadomosci x 12 typowych nazw) - 0 trafien, zgodnie z ustalona regula o nieskutecznosci zgadywania nazw; (6) skanowanie stron raportowych pod katem linkow do chmur zewnetrznych (Google Drive, Power BI, OneDrive, Dropbox, SharePoint) - poza Stawiguda zadna gmina nie hostuje raportu poza wlasnym BIP. || [TURA 17 01.09.2026] Re-weryfikacja bialystok BIP golymin-osrodek.biuletyn.net (zywy, 200). Pelna lista kategorii menu BIP (wszystkie cid) NIE ZAWIERA pozycji ""Raport o stanie gminy"" ani zalaczonych raportow; brak w sprawozdaniach/protokolach. Wyszukiwarka BIP (?find=1&fraza=raport+o+stanie+gminy) nie zwraca wynikow. Wg informacji publicznej (fedrowanie.siecobywatelska.pl/sprawy/raport-o-stanie-gminy-jak-jest-tworzony-1092, wniosek do GOŁYMIN-OŚRODEK 11.2021) — gmina NIE publikuje raportu o stanie gminy. => RAPORT O STANIE GMINY NIEWYSTĘPUJE (nie publikowany w BIP). || [TURA 18b 02.09.2026] RE-WERYFIKACJA (poza Podlasie): BIP platforma gov.pl SAMORZAD.GOV.PL (szkielet soft-404 20501B dla dowolnego sluga - zob. wnioski §8f) - kategoria /raport-o-stanie-gminy/ zwraca IDENTYCZNY szablon soft-404 (39693B) dla wszystkich lat 2018-2025 (md5 zgodne, brak tytulu, brak zgloszenia) => Gmina NIE opublikowala pliku raportu na platformie gov.pl; potwierdzono brak; status bez zmiany. || [TURA 18d PELNIEJSZA WERYFIKACJA HOSTA]: dla gmin mazowieckich z tego wiersza podstawiono wlasciwy host BIP (proba: X.bip.gov.pl to byl tylko placeholder). Wynik: gminy te nie maja osobnej kategorii ""Raport o stanie gminy"" w swoim BIP (biuletyn.net/wrota), nie publikuja raportu 28aa badz plik niedostepny - zgodnie z wczesniejsza diagnoza w tym wierszu.",,true
19,mazowieckie,ciechanowski,Gołymin-Ośrodek,gmina wiejska,1402042,2020,brak_finalnie,,,brak,"dogłębne sprawdzenie (web search bez Tora + BIP/CMS + strony roczne i załączniki + sitemap + Wayback + alternatywne domeny + portal posiedzeń) + ocr - dowód proceduralny, brak opublikowanego pliku raportu; RE-WERYFIKACJA 29.08.2026 (skan całości BIP na biuletyn.net): wbudowana wyszukiwarka serwisu (?find=1, fpack[fraza]=raport) — JEDYNE trafienia to obwieszczenia środowiskowe i „Raport o stanie zapewniania dostępności"" (cid 1227/id 3641) — zero raportów o stanie gminy w całym serwisie; listingi WSZYSTKICH kategorii (zarządzenia wójta 2018-2025, uchwały rady 2018-2026, Informacje i Komunikaty, Aktualności) — brak pozycji o raporcie; karty uchwał wotum/absolutorium (XII/63-65/2019 = id 3237/3239, XXV/133-135/2020 = 3521/3523, XXXVI/186-188/2021 = 3816/3818, XLVI/256-258/2022 = 3996/3998, LVI/339-341/2023 = 4252/4254, XII/65-67/2025 = 4670/4672) mają wyłącznie załącznik „Treść"" (1-3-str. skan uchwały, uchwała powołuje art. 28aa ust. 9 = wotum PO przedstawieniu raportu); sprawa Watchdog Polska #1092 (fedrowanie.siecobywatelska.pl) — gmina odpowiedziała na ankietę o raporcie za 2020 (23.11.2021, list 124646) = dodatkowy dowód istnienia; wyszukiwarka strony WWW gminy (golymin-osrodek.pl/asp/szukaj…) — brak; rejestr uchwał 2024 (cid 1284/1285) pusty — wotum za 2023 niepublikowane GŁĘBSZE SZUKANIE 29.08.2026 (Gołymin-Ośrodek): znaleziono NOWY ŻYWY BIP: golymin-osrodek.biuletyn.net (CMS BIP 3.0; stara forma ?bip=2 = 404, root http = 200). Pełny skan ZARZĄDZEŃ WÓJTA 2018-2023 (cid 1141/1172/1184/1229/1247/1264, wszystkie strony pg 0-4) — ZERO pozycji dot. raportu o stanie gminy (żadnego zarządzenia o przedstawieniu); art. wotum nieufności (id=3237, cid=1179/2019) zawiera wyłącznie uchwałę (fls/bip_pliki/2020_04/BIPOLD003610/3610.pdf) bez raportu.",,BRAK_URL (dowód istnienia - nieopublikowany),2026-09-01T10:23:57Z,"NEG-plik (aktualizacja 30.08.2026, szerzej i glebiej). Enumeracja ID artykulow BIP (odkryto: parametr cid NIE jest walidowany wzgledem id, ?bip=2&cid=1&id=N renderuje dowolny artykul) - przeskanowano ID 1-5300 -> 3472 zywe artykuly, 5547 zalacznikow (2.5x wiecej niz crawl kategorii). Zaden zalacznik ani tytul nie zawiera raportu o stanie gminy (jedyne trafienia 'raport': raport dostepnosci WCAG, raporty konsultacji MPZP, raport oddzialywania na srodowisko). Dowod istnienia raportu: uchwala XXXVI/186/2021 z 16.07.2021 o wotum zaufania (art. 28aa ust. 9 usg) - fls/bip_pliki/2021_12/BIPF5D3BC441FF633Z/186.pdf (OCR). Wyszukiwarka pelnotekstowa BIP (POST ?find=1, fpack[fraza]) dla 5 fraz - 0 trafien na raport. Serwis golymin-osrodek.pl (401 stron) - brak. Wayback/CC - brak. Wniosek FOI Sieci Watchdog #1092 (fedrowanie.siecobywatelska.pl) potwierdza monitoring raportu za 2020, bez pliku. WNIOSEK: raport powstawal (wotum zaufania coroczne), ale gmina NIGDY nie opublikowala pliku raportu w BIP ani na stronie - plik nieosiagalny publicznie. | TURA 11: sprawdzono rodzine zrodel prawomiejscowe.pl (Baza Aktow Wlasnych) dla wszystkich 56 jednostek z brakami - platforma zwraca HTTP 200 i IDENTYCZNA strone-szkielet o stalej dlugosci 75 124 B rowniez dla nieistniejacej instytucji (test kontrolny: /UrzadGminyNieIstniejeXyz), a jej listy aktow laduja sie dynamicznie i nie zawieraja frazy ""raport"". Rodzina odrzucona jako nieprzydatna - analogiczna pulapka jak strona marketingowa eSesja (36 759 B). | TURA 12 (nowe rodziny zrodel): sprawdzono i wykluczono: (1) Common Crawl - indeks odpowiada, ale dla domen gmin zwraca wylacznie rekordy HTML bez plikow raportow, a przy intensywniejszym odpytywaniu host przechodzi w stan http=000 (rate-limit); (2) archive.today (.ph/.today/.is/.li) - HTTP 429, platforma blokuje adresacje tego srodowiska; (3) arquivo.pt oraz Memento TimeTravel - brak odpowiedzi/brak zasobow dla domen PL; (4) prawomiejscowe.pl - wykluczone w turze 11 (strona-szkielet 75 124 B dla dowolnej instytucji); (5) brute-force nazw plikow na serwerze idcom (bip-v1-files, 18 000 kombinacji ID wiadomosci x 12 typowych nazw) - 0 trafien, zgodnie z ustalona regula o nieskutecznosci zgadywania nazw; (6) skanowanie stron raportowych pod katem linkow do chmur zewnetrznych (Google Drive, Power BI, OneDrive, Dropbox, SharePoint) - poza Stawiguda zadna gmina nie hostuje raportu poza wlasnym BIP. || [TURA 17 01.09.2026] Re-weryfikacja bialystok BIP golymin-osrodek.biuletyn.net (zywy, 200). Pelna lista kategorii menu BIP (wszystkie cid) NIE ZAWIERA pozycji ""Raport o stanie gminy"" ani zalaczonych raportow; brak w sprawozdaniach/protokolach. Wyszukiwarka BIP (?find=1&fraza=raport+o+stanie+gminy) nie zwraca wynikow. Wg informacji publicznej (fedrowanie.siecobywatelska.pl/sprawy/raport-o-stanie-gminy-jak-jest-tworzony-1092, wniosek do GOŁYMIN-OŚRODEK 11.2021) — gmina NIE publikuje raportu o stanie gminy. => RAPORT O STANIE GMINY NIEWYSTĘPUJE (nie publikowany w BIP). || [TURA 18b 02.09.2026] RE-WERYFIKACJA (poza Podlasie): BIP platforma gov.pl SAMORZAD.GOV.PL (szkielet soft-404 20501B dla dowolnego sluga - zob. wnioski §8f) - kategoria /raport-o-stanie-gminy/ zwraca IDENTYCZNY szablon soft-404 (39693B) dla wszystkich lat 2018-2025 (md5 zgodne, brak tytulu, brak zgloszenia) => Gmina NIE opublikowala pliku raportu na platformie gov.pl; potwierdzono brak; status bez zmiany. || [TURA 18d PELNIEJSZA WERYFIKACJA HOSTA]: dla gmin mazowieckich z tego wiersza podstawiono wlasciwy host BIP (proba: X.bip.gov.pl to byl tylko placeholder). Wynik: gminy te nie maja osobnej kategorii ""Raport o stanie gminy"" w swoim BIP (biuletyn.net/wrota), nie publikuja raportu 28aa badz plik niedostepny - zgodnie z wczesniejsza diagnoza w tym wierszu.",,true
20,mazowieckie,ciechanowski,Gołymin-Ośrodek,gmina wiejska,1402042,2021,brak_finalnie,,,brak,"dogłębne sprawdzenie (web search bez Tora + BIP/CMS + strony roczne i załączniki + sitemap + Wayback + alternatywne domeny + portal posiedzeń) + ocr - dowód proceduralny, brak opublikowanego pliku raportu; RE-WERYFIKACJA 29.08.2026 (skan całości BIP na biuletyn.net): wbudowana wyszukiwarka serwisu (?find=1, fpack[fraza]=raport) — JEDYNE trafienia to obwieszczenia środowiskowe i „Raport o stanie zapewniania dostępności"" (cid 1227/id 3641) — zero raportów o stanie gminy w całym serwisie; listingi WSZYSTKICH kategorii (zarządzenia wójta 2018-2025, uchwały rady 2018-2026, Informacje i Komunikaty, Aktualności) — brak pozycji o raporcie; karty uchwał wotum/absolutorium (XII/63-65/2019 = id 3237/3239, XXV/133-135/2020 = 3521/3523, XXXVI/186-188/2021 = 3816/3818, XLVI/256-258/2022 = 3996/3998, LVI/339-341/2023 = 4252/4254, XII/65-67/2025 = 4670/4672) mają wyłącznie załącznik „Treść"" (1-3-str. skan uchwały, uchwała powołuje art. 28aa ust. 9 = wotum PO przedstawieniu raportu); sprawa Watchdog Polska #1092 (fedrowanie.siecobywatelska.pl) — gmina odpowiedziała na ankietę o raporcie za 2020 (23.11.2021, list 124646) = dodatkowy dowód istnienia; wyszukiwarka strony WWW gminy (golymin-osrodek.pl/asp/szukaj…) — brak; rejestr uchwał 2024 (cid 1284/1285) pusty — wotum za 2023 niepublikowane GŁĘBSZE SZUKANIE 29.08.2026 (Gołymin-Ośrodek): znaleziono NOWY ŻYWY BIP: golymin-osrodek.biuletyn.net (CMS BIP 3.0; stara forma ?bip=2 = 404, root http = 200). Pełny skan ZARZĄDZEŃ WÓJTA 2018-2023 (cid 1141/1172/1184/1229/1247/1264, wszystkie strony pg 0-4) — ZERO pozycji dot. raportu o stanie gminy (żadnego zarządzenia o przedstawieniu); art. wotum nieufności (id=3237, cid=1179/2019) zawiera wyłącznie uchwałę (fls/bip_pliki/2020_04/BIPOLD003610/3610.pdf) bez raportu.",,BRAK_URL (dowód istnienia - nieopublikowany),2026-09-01T10:23:57Z,"NEG-plik (aktualizacja 30.08.2026, szerzej i glebiej). Enumeracja ID artykulow BIP (odkryto: parametr cid NIE jest walidowany wzgledem id, ?bip=2&cid=1&id=N renderuje dowolny artykul) - przeskanowano ID 1-5300 -> 3472 zywe artykuly, 5547 zalacznikow (2.5x wiecej niz crawl kategorii). Zaden zalacznik ani tytul nie zawiera raportu o stanie gminy (jedyne trafienia 'raport': raport dostepnosci WCAG, raporty konsultacji MPZP, raport oddzialywania na srodowisko). Dowod istnienia raportu: uchwala XLVI/256/2022 z 20.07.2022 o wotum zaufania (art. 28aa ust. 9 usg) - fls/bip_pliki/2022_11/BIPF5ED08C9C75022Z/256.pdf (OCR, art. 28aa ust. 9 potwierdzony w tresci) [NOWE 30.08.2026]. Wyszukiwarka pelnotekstowa BIP (POST ?find=1, fpack[fraza]) dla 5 fraz - 0 trafien na raport. Serwis golymin-osrodek.pl (401 stron) - brak. Wayback/CC - brak. Wniosek FOI Sieci Watchdog #1092 (fedrowanie.siecobywatelska.pl) potwierdza monitoring raportu za 2020, bez pliku. WNIOSEK: raport powstawal (wotum zaufania coroczne), ale gmina NIGDY nie opublikowala pliku raportu w BIP ani na stronie - plik nieosiagalny publicznie. | TURA 11: sprawdzono rodzine zrodel prawomiejscowe.pl (Baza Aktow Wlasnych) dla wszystkich 56 jednostek z brakami - platforma zwraca HTTP 200 i IDENTYCZNA strone-szkielet o stalej dlugosci 75 124 B rowniez dla nieistniejacej instytucji (test kontrolny: /UrzadGminyNieIstniejeXyz), a jej listy aktow laduja sie dynamicznie i nie zawieraja frazy ""raport"". Rodzina odrzucona jako nieprzydatna - analogiczna pulapka jak strona marketingowa eSesja (36 759 B). | TURA 12 (nowe rodziny zrodel): sprawdzono i wykluczono: (1) Common Crawl - indeks odpowiada, ale dla domen gmin zwraca wylacznie rekordy HTML bez plikow raportow, a przy intensywniejszym odpytywaniu host przechodzi w stan http=000 (rate-limit); (2) archive.today (.ph/.today/.is/.li) - HTTP 429, platforma blokuje adresacje tego srodowiska; (3) arquivo.pt oraz Memento TimeTravel - brak odpowiedzi/brak zasobow dla domen PL; (4) prawomiejscowe.pl - wykluczone w turze 11 (strona-szkielet 75 124 B dla dowolnej instytucji); (5) brute-force nazw plikow na serwerze idcom (bip-v1-files, 18 000 kombinacji ID wiadomosci x 12 typowych nazw) - 0 trafien, zgodnie z ustalona regula o nieskutecznosci zgadywania nazw; (6) skanowanie stron raportowych pod katem linkow do chmur zewnetrznych (Google Drive, Power BI, OneDrive, Dropbox, SharePoint) - poza Stawiguda zadna gmina nie hostuje raportu poza wlasnym BIP. || [TURA 17 01.09.2026] Re-weryfikacja bialystok BIP golymin-osrodek.biuletyn.net (zywy, 200). Pelna lista kategorii menu BIP (wszystkie cid) NIE ZAWIERA pozycji ""Raport o stanie gminy"" ani zalaczonych raportow; brak w sprawozdaniach/protokolach. Wyszukiwarka BIP (?find=1&fraza=raport+o+stanie+gminy) nie zwraca wynikow. Wg informacji publicznej (fedrowanie.siecobywatelska.pl/sprawy/raport-o-stanie-gminy-jak-jest-tworzony-1092, wniosek do GOŁYMIN-OŚRODEK 11.2021) — gmina NIE publikuje raportu o stanie gminy. => RAPORT O STANIE GMINY NIEWYSTĘPUJE (nie publikowany w BIP). || [TURA 18b 02.09.2026] RE-WERYFIKACJA (poza Podlasie): BIP platforma gov.pl SAMORZAD.GOV.PL (szkielet soft-404 20501B dla dowolnego sluga - zob. wnioski §8f) - kategoria /raport-o-stanie-gminy/ zwraca IDENTYCZNY szablon soft-404 (39693B) dla wszystkich lat 2018-2025 (md5 zgodne, brak tytulu, brak zgloszenia) => Gmina NIE opublikowala pliku raportu na platformie gov.pl; potwierdzono brak; status bez zmiany. || [TURA 18d PELNIEJSZA WERYFIKACJA HOSTA]: dla gmin mazowieckich z tego wiersza podstawiono wlasciwy host BIP (proba: X.bip.gov.pl to byl tylko placeholder). Wynik: gminy te nie maja osobnej kategorii ""Raport o stanie gminy"" w swoim BIP (biuletyn.net/wrota), nie publikuja raportu 28aa badz plik niedostepny - zgodnie z wczesniejsza diagnoza w tym wierszu.",,true
21,mazowieckie,ciechanowski,Gołymin-Ośrodek,gmina wiejska,1402042,2022,brak_finalnie,,,brak,"dogłębne sprawdzenie (web search bez Tora + BIP/CMS + strony roczne i załączniki + sitemap + Wayback + alternatywne domeny + portal posiedzeń) + ocr - dowód proceduralny, brak opublikowanego pliku raportu; RE-WERYFIKACJA 29.08.2026 (skan całości BIP na biuletyn.net): wbudowana wyszukiwarka serwisu (?find=1, fpack[fraza]=raport) — JEDYNE trafienia to obwieszczenia środowiskowe i „Raport o stanie zapewniania dostępności"" (cid 1227/id 3641) — zero raportów o stanie gminy w całym serwisie; listingi WSZYSTKICH kategorii (zarządzenia wójta 2018-2025, uchwały rady 2018-2026, Informacje i Komunikaty, Aktualności) — brak pozycji o raporcie; karty uchwał wotum/absolutorium (XII/63-65/2019 = id 3237/3239, XXV/133-135/2020 = 3521/3523, XXXVI/186-188/2021 = 3816/3818, XLVI/256-258/2022 = 3996/3998, LVI/339-341/2023 = 4252/4254, XII/65-67/2025 = 4670/4672) mają wyłącznie załącznik „Treść"" (1-3-str. skan uchwały, uchwała powołuje art. 28aa ust. 9 = wotum PO przedstawieniu raportu); sprawa Watchdog Polska #1092 (fedrowanie.siecobywatelska.pl) — gmina odpowiedziała na ankietę o raporcie za 2020 (23.11.2021, list 124646) = dodatkowy dowód istnienia; wyszukiwarka strony WWW gminy (golymin-osrodek.pl/asp/szukaj…) — brak; rejestr uchwał 2024 (cid 1284/1285) pusty — wotum za 2023 niepublikowane GŁĘBSZE SZUKANIE 29.08.2026 (Gołymin-Ośrodek): znaleziono NOWY ŻYWY BIP: golymin-osrodek.biuletyn.net (CMS BIP 3.0; stara forma ?bip=2 = 404, root http = 200). Pełny skan ZARZĄDZEŃ WÓJTA 2018-2023 (cid 1141/1172/1184/1229/1247/1264, wszystkie strony pg 0-4) — ZERO pozycji dot. raportu o stanie gminy (żadnego zarządzenia o przedstawieniu); art. wotum nieufności (id=3237, cid=1179/2019) zawiera wyłącznie uchwałę (fls/bip_pliki/2020_04/BIPOLD003610/3610.pdf) bez raportu.",,BRAK_URL (dowód istnienia - nieopublikowany),2026-09-01T10:23:57Z,"NEG-plik (aktualizacja 30.08.2026, szerzej i glebiej). Enumeracja ID artykulow BIP (odkryto: parametr cid NIE jest walidowany wzgledem id, ?bip=2&cid=1&id=N renderuje dowolny artykul) - przeskanowano ID 1-5300 -> 3472 zywe artykuly, 5547 zalacznikow (2.5x wiecej niz crawl kategorii). Zaden zalacznik ani tytul nie zawiera raportu o stanie gminy (jedyne trafienia 'raport': raport dostepnosci WCAG, raporty konsultacji MPZP, raport oddzialywania na srodowisko). Dowod istnienia raportu: uchwala LVI/339/2023 z 27.06.2023 o wotum zaufania (art. 28aa ust. 9 usg) - fls/bip_pliki/2023_09/BIPF605C8A44A1518Z/339__2_.pdf (OCR). Wyszukiwarka pelnotekstowa BIP (POST ?find=1, fpack[fraza]) dla 5 fraz - 0 trafien na raport. Serwis golymin-osrodek.pl (401 stron) - brak. Wayback/CC - brak. Wniosek FOI Sieci Watchdog #1092 (fedrowanie.siecobywatelska.pl) potwierdza monitoring raportu za 2020, bez pliku. WNIOSEK: raport powstawal (wotum zaufania coroczne), ale gmina NIGDY nie opublikowala pliku raportu w BIP ani na stronie - plik nieosiagalny publicznie. | TURA 11: sprawdzono rodzine zrodel prawomiejscowe.pl (Baza Aktow Wlasnych) dla wszystkich 56 jednostek z brakami - platforma zwraca HTTP 200 i IDENTYCZNA strone-szkielet o stalej dlugosci 75 124 B rowniez dla nieistniejacej instytucji (test kontrolny: /UrzadGminyNieIstniejeXyz), a jej listy aktow laduja sie dynamicznie i nie zawieraja frazy ""raport"". Rodzina odrzucona jako nieprzydatna - analogiczna pulapka jak strona marketingowa eSesja (36 759 B). | TURA 12 (nowe rodziny zrodel): sprawdzono i wykluczono: (1) Common Crawl - indeks odpowiada, ale dla domen gmin zwraca wylacznie rekordy HTML bez plikow raportow, a przy intensywniejszym odpytywaniu host przechodzi w stan http=000 (rate-limit); (2) archive.today (.ph/.today/.is/.li) - HTTP 429, platforma blokuje adresacje tego srodowiska; (3) arquivo.pt oraz Memento TimeTravel - brak odpowiedzi/brak zasobow dla domen PL; (4) prawomiejscowe.pl - wykluczone w turze 11 (strona-szkielet 75 124 B dla dowolnej instytucji); (5) brute-force nazw plikow na serwerze idcom (bip-v1-files, 18 000 kombinacji ID wiadomosci x 12 typowych nazw) - 0 trafien, zgodnie z ustalona regula o nieskutecznosci zgadywania nazw; (6) skanowanie stron raportowych pod katem linkow do chmur zewnetrznych (Google Drive, Power BI, OneDrive, Dropbox, SharePoint) - poza Stawiguda zadna gmina nie hostuje raportu poza wlasnym BIP. || [TURA 17 01.09.2026] Re-weryfikacja bialystok BIP golymin-osrodek.biuletyn.net (zywy, 200). Pelna lista kategorii menu BIP (wszystkie cid) NIE ZAWIERA pozycji ""Raport o stanie gminy"" ani zalaczonych raportow; brak w sprawozdaniach/protokolach. Wyszukiwarka BIP (?find=1&fraza=raport+o+stanie+gminy) nie zwraca wynikow. Wg informacji publicznej (fedrowanie.siecobywatelska.pl/sprawy/raport-o-stanie-gminy-jak-jest-tworzony-1092, wniosek do GOŁYMIN-OŚRODEK 11.2021) — gmina NIE publikuje raportu o stanie gminy. => RAPORT O STANIE GMINY NIEWYSTĘPUJE (nie publikowany w BIP). || [TURA 18b 02.09.2026] RE-WERYFIKACJA (poza Podlasie): BIP platforma gov.pl SAMORZAD.GOV.PL (szkielet soft-404 20501B dla dowolnego sluga - zob. wnioski §8f) - kategoria /raport-o-stanie-gminy/ zwraca IDENTYCZNY szablon soft-404 (39693B) dla wszystkich lat 2018-2025 (md5 zgodne, brak tytulu, brak zgloszenia) => Gmina NIE opublikowala pliku raportu na platformie gov.pl; potwierdzono brak; status bez zmiany. || [TURA 18d PELNIEJSZA WERYFIKACJA HOSTA]: dla gmin mazowieckich z tego wiersza podstawiono wlasciwy host BIP (proba: X.bip.gov.pl to byl tylko placeholder). Wynik: gminy te nie maja osobnej kategorii ""Raport o stanie gminy"" w swoim BIP (biuletyn.net/wrota), nie publikuja raportu 28aa badz plik niedostepny - zgodnie z wczesniejsza diagnoza w tym wierszu.",,true
22,mazowieckie,ciechanowski,Gołymin-Ośrodek,gmina wiejska,1402042,2023,brak_finalnie,,,brak,"dogłębne sprawdzenie (web search bez Tora + BIP/CMS + strony roczne i załączniki + sitemap + Wayback + alternatywne domeny + portal posiedzeń) + ocr - dowód proceduralny, brak opublikowanego pliku raportu; RE-WERYFIKACJA 29.08.2026 (skan całości BIP na biuletyn.net): wbudowana wyszukiwarka serwisu (?find=1, fpack[fraza]=raport) — JEDYNE trafienia to obwieszczenia środowiskowe i „Raport o stanie zapewniania dostępności"" (cid 1227/id 3641) — zero raportów o stanie gminy w całym serwisie; listingi WSZYSTKICH kategorii (zarządzenia wójta 2018-2025, uchwały rady 2018-2026, Informacje i Komunikaty, Aktualności) — brak pozycji o raporcie; karty uchwał wotum/absolutorium (XII/63-65/2019 = id 3237/3239, XXV/133-135/2020 = 3521/3523, XXXVI/186-188/2021 = 3816/3818, XLVI/256-258/2022 = 3996/3998, LVI/339-341/2023 = 4252/4254, XII/65-67/2025 = 4670/4672) mają wyłącznie załącznik „Treść"" (1-3-str. skan uchwały, uchwała powołuje art. 28aa ust. 9 = wotum PO przedstawieniu raportu); sprawa Watchdog Polska #1092 (fedrowanie.siecobywatelska.pl) — gmina odpowiedziała na ankietę o raporcie za 2020 (23.11.2021, list 124646) = dodatkowy dowód istnienia; wyszukiwarka strony WWW gminy (golymin-osrodek.pl/asp/szukaj…) — brak; rejestr uchwał 2024 (cid 1284/1285) pusty — wotum za 2023 niepublikowane GŁĘBSZE SZUKANIE 29.08.2026 (Gołymin-Ośrodek): znaleziono NOWY ŻYWY BIP: golymin-osrodek.biuletyn.net (CMS BIP 3.0; stara forma ?bip=2 = 404, root http = 200). Pełny skan ZARZĄDZEŃ WÓJTA 2018-2023 (cid 1141/1172/1184/1229/1247/1264, wszystkie strony pg 0-4) — ZERO pozycji dot. raportu o stanie gminy (żadnego zarządzenia o przedstawieniu); art. wotum nieufności (id=3237, cid=1179/2019) zawiera wyłącznie uchwałę (fls/bip_pliki/2020_04/BIPOLD003610/3610.pdf) bez raportu.",,BRAK_URL (dowód istnienia - nieopublikowany),2026-09-01T10:23:57Z,"NEG-plik (aktualizacja 30.08.2026, szerzej i glebiej). Enumeracja ID artykulow BIP (odkryto: parametr cid NIE jest walidowany wzgledem id, ?bip=2&cid=1&id=N renderuje dowolny artykul) - przeskanowano ID 1-5300 -> 3472 zywe artykuly, 5547 zalacznikow (2.5x wiecej niz crawl kategorii). Zaden zalacznik ani tytul nie zawiera raportu o stanie gminy (jedyne trafienia 'raport': raport dostepnosci WCAG, raporty konsultacji MPZP, raport oddzialywania na srodowisko). Brak uchwaly o wotum za 2023: BIP nie opublikowal ZADNEJ uchwaly Rady Gminy o numerach I/1/2024 - VIII/48/2024 (kadencja 2024-2029 rozpoczyna sie w BIP dopiero od IX/49/2024 z 18.12.2024) - luka publikacyjna, nie dowod niepowstania. Wyszukiwarka pelnotekstowa BIP (POST ?find=1, fpack[fraza]) dla 5 fraz - 0 trafien na raport. Serwis golymin-osrodek.pl (401 stron) - brak. Wayback/CC - brak. Wniosek FOI Sieci Watchdog #1092 (fedrowanie.siecobywatelska.pl) potwierdza monitoring raportu za 2020, bez pliku. WNIOSEK: raport powstawal (wotum zaufania coroczne), ale gmina NIGDY nie opublikowala pliku raportu w BIP ani na stronie - plik nieosiagalny publicznie. | TURA 11: sprawdzono rodzine zrodel prawomiejscowe.pl (Baza Aktow Wlasnych) dla wszystkich 56 jednostek z brakami - platforma zwraca HTTP 200 i IDENTYCZNA strone-szkielet o stalej dlugosci 75 124 B rowniez dla nieistniejacej instytucji (test kontrolny: /UrzadGminyNieIstniejeXyz), a jej listy aktow laduja sie dynamicznie i nie zawieraja frazy ""raport"". Rodzina odrzucona jako nieprzydatna - analogiczna pulapka jak strona marketingowa eSesja (36 759 B). | TURA 12 (nowe rodziny zrodel): sprawdzono i wykluczono: (1) Common Crawl - indeks odpowiada, ale dla domen gmin zwraca wylacznie rekordy HTML bez plikow raportow, a przy intensywniejszym odpytywaniu host przechodzi w stan http=000 (rate-limit); (2) archive.today (.ph/.today/.is/.li) - HTTP 429, platforma blokuje adresacje tego srodowiska; (3) arquivo.pt oraz Memento TimeTravel - brak odpowiedzi/brak zasobow dla domen PL; (4) prawomiejscowe.pl - wykluczone w turze 11 (strona-szkielet 75 124 B dla dowolnej instytucji); (5) brute-force nazw plikow na serwerze idcom (bip-v1-files, 18 000 kombinacji ID wiadomosci x 12 typowych nazw) - 0 trafien, zgodnie z ustalona regula o nieskutecznosci zgadywania nazw; (6) skanowanie stron raportowych pod katem linkow do chmur zewnetrznych (Google Drive, Power BI, OneDrive, Dropbox, SharePoint) - poza Stawiguda zadna gmina nie hostuje raportu poza wlasnym BIP. || [TURA 17 01.09.2026] Re-weryfikacja bialystok BIP golymin-osrodek.biuletyn.net (zywy, 200). Pelna lista kategorii menu BIP (wszystkie cid) NIE ZAWIERA pozycji ""Raport o stanie gminy"" ani zalaczonych raportow; brak w sprawozdaniach/protokolach. Wyszukiwarka BIP (?find=1&fraza=raport+o+stanie+gminy) nie zwraca wynikow. Wg informacji publicznej (fedrowanie.siecobywatelska.pl/sprawy/raport-o-stanie-gminy-jak-jest-tworzony-1092, wniosek do GOŁYMIN-OŚRODEK 11.2021) — gmina NIE publikuje raportu o stanie gminy. => RAPORT O STANIE GMINY NIEWYSTĘPUJE (nie publikowany w BIP). || [TURA 18b 02.09.2026] RE-WERYFIKACJA (poza Podlasie): BIP platforma gov.pl SAMORZAD.GOV.PL (szkielet soft-404 20501B dla dowolnego sluga - zob. wnioski §8f) - kategoria /raport-o-stanie-gminy/ zwraca IDENTYCZNY szablon soft-404 (39693B) dla wszystkich lat 2018-2025 (md5 zgodne, brak tytulu, brak zgloszenia) => Gmina NIE opublikowala pliku raportu na platformie gov.pl; potwierdzono brak; status bez zmiany. || [TURA 18d PELNIEJSZA WERYFIKACJA HOSTA]: dla gmin mazowieckich z tego wiersza podstawiono wlasciwy host BIP (proba: X.bip.gov.pl to byl tylko placeholder). Wynik: gminy te nie maja osobnej kategorii ""Raport o stanie gminy"" w swoim BIP (biuletyn.net/wrota), nie publikuja raportu 28aa badz plik niedostepny - zgodnie z wczesniejsza diagnoza w tym wierszu.",,true
23,mazowieckie,ciechanowski,Gołymin-Ośrodek,gmina wiejska,1402042,2024,brak_finalnie,,,brak,"dogłębne sprawdzenie (web search bez Tora + BIP/CMS + strony roczne i załączniki + sitemap + Wayback + alternatywne domeny + portal posiedzeń) + ocr - dowód proceduralny, brak opublikowanego pliku raportu; RE-WERYFIKACJA 29.08.2026 (skan całości BIP na biuletyn.net): wbudowana wyszukiwarka serwisu (?find=1, fpack[fraza]=raport) — JEDYNE trafienia to obwieszczenia środowiskowe i „Raport o stanie zapewniania dostępności"" (cid 1227/id 3641) — zero raportów o stanie gminy w całym serwisie; listingi WSZYSTKICH kategorii (zarządzenia wójta 2018-2025, uchwały rady 2018-2026, Informacje i Komunikaty, Aktualności) — brak pozycji o raporcie; karty uchwał wotum/absolutorium (XII/63-65/2019 = id 3237/3239, XXV/133-135/2020 = 3521/3523, XXXVI/186-188/2021 = 3816/3818, XLVI/256-258/2022 = 3996/3998, LVI/339-341/2023 = 4252/4254, XII/65-67/2025 = 4670/4672) mają wyłącznie załącznik „Treść"" (1-3-str. skan uchwały, uchwała powołuje art. 28aa ust. 9 = wotum PO przedstawieniu raportu); sprawa Watchdog Polska #1092 (fedrowanie.siecobywatelska.pl) — gmina odpowiedziała na ankietę o raporcie za 2020 (23.11.2021, list 124646) = dodatkowy dowód istnienia; wyszukiwarka strony WWW gminy (golymin-osrodek.pl/asp/szukaj…) — brak; rejestr uchwał 2024 (cid 1284/1285) pusty — wotum za 2023 niepublikowane GŁĘBSZE SZUKANIE 29.08.2026 (Gołymin-Ośrodek): znaleziono NOWY ŻYWY BIP: golymin-osrodek.biuletyn.net (CMS BIP 3.0; stara forma ?bip=2 = 404, root http = 200). Pełny skan ZARZĄDZEŃ WÓJTA 2018-2023 (cid 1141/1172/1184/1229/1247/1264, wszystkie strony pg 0-4) — ZERO pozycji dot. raportu o stanie gminy (żadnego zarządzenia o przedstawieniu); art. wotum nieufności (id=3237, cid=1179/2019) zawiera wyłącznie uchwałę (fls/bip_pliki/2020_04/BIPOLD003610/3610.pdf) bez raportu.",,BRAK_URL (dowód istnienia - nieopublikowany),2026-09-01T10:23:57Z,"NEG-plik (aktualizacja 30.08.2026, szerzej i glebiej). Enumeracja ID artykulow BIP (odkryto: parametr cid NIE jest walidowany wzgledem id, ?bip=2&cid=1&id=N renderuje dowolny artykul) - przeskanowano ID 1-5300 -> 3472 zywe artykuly, 5547 zalacznikow (2.5x wiecej niz crawl kategorii). Zaden zalacznik ani tytul nie zawiera raportu o stanie gminy (jedyne trafienia 'raport': raport dostepnosci WCAG, raporty konsultacji MPZP, raport oddzialywania na srodowisko). Dowod istnienia raportu: uchwala XII/65/2025 z 25.06.2025 o wotum zaufania - fls/bip_pliki/2025_09/BIPF63DE5138E5790Z/65.pdf; dodatkowo zaproszenie na XII sesje (ORG.0002.3.2025 z 17.06.2025, fls/bip_pliki/2025_06/BIPF637D80B57A0B0Z/odpis_mieszkancy_.pdf) zawiera w porzadku obrad pkt 6a 'raport o stanie gminy' i 6b 'debata' [NOWE 30.08.2026]. Wyszukiwarka pelnotekstowa BIP (POST ?find=1, fpack[fraza]) dla 5 fraz - 0 trafien na raport. Serwis golymin-osrodek.pl (401 stron) - brak. Wayback/CC - brak. Wniosek FOI Sieci Watchdog #1092 (fedrowanie.siecobywatelska.pl) potwierdza monitoring raportu za 2020, bez pliku. WNIOSEK: raport powstawal (wotum zaufania coroczne), ale gmina NIGDY nie opublikowala pliku raportu w BIP ani na stronie - plik nieosiagalny publicznie. | TURA 11: sprawdzono rodzine zrodel prawomiejscowe.pl (Baza Aktow Wlasnych) dla wszystkich 56 jednostek z brakami - platforma zwraca HTTP 200 i IDENTYCZNA strone-szkielet o stalej dlugosci 75 124 B rowniez dla nieistniejacej instytucji (test kontrolny: /UrzadGminyNieIstniejeXyz), a jej listy aktow laduja sie dynamicznie i nie zawieraja frazy ""raport"". Rodzina odrzucona jako nieprzydatna - analogiczna pulapka jak strona marketingowa eSesja (36 759 B). | TURA 12 (nowe rodziny zrodel): sprawdzono i wykluczono: (1) Common Crawl - indeks odpowiada, ale dla domen gmin zwraca wylacznie rekordy HTML bez plikow raportow, a przy intensywniejszym odpytywaniu host przechodzi w stan http=000 (rate-limit); (2) archive.today (.ph/.today/.is/.li) - HTTP 429, platforma blokuje adresacje tego srodowiska; (3) arquivo.pt oraz Memento TimeTravel - brak odpowiedzi/brak zasobow dla domen PL; (4) prawomiejscowe.pl - wykluczone w turze 11 (strona-szkielet 75 124 B dla dowolnej instytucji); (5) brute-force nazw plikow na serwerze idcom (bip-v1-files, 18 000 kombinacji ID wiadomosci x 12 typowych nazw) - 0 trafien, zgodnie z ustalona regula o nieskutecznosci zgadywania nazw; (6) skanowanie stron raportowych pod katem linkow do chmur zewnetrznych (Google Drive, Power BI, OneDrive, Dropbox, SharePoint) - poza Stawiguda zadna gmina nie hostuje raportu poza wlasnym BIP. || [TURA 17 01.09.2026] Re-weryfikacja bialystok BIP golymin-osrodek.biuletyn.net (zywy, 200). Pelna lista kategorii menu BIP (wszystkie cid) NIE ZAWIERA pozycji ""Raport o stanie gminy"" ani zalaczonych raportow; brak w sprawozdaniach/protokolach. Wyszukiwarka BIP (?find=1&fraza=raport+o+stanie+gminy) nie zwraca wynikow. Wg informacji publicznej (fedrowanie.siecobywatelska.pl/sprawy/raport-o-stanie-gminy-jak-jest-tworzony-1092, wniosek do GOŁYMIN-OŚRODEK 11.2021) — gmina NIE publikuje raportu o stanie gminy. => RAPORT O STANIE GMINY NIEWYSTĘPUJE (nie publikowany w BIP). || [TURA 18b 02.09.2026] RE-WERYFIKACJA (poza Podlasie): BIP platforma gov.pl SAMORZAD.GOV.PL (szkielet soft-404 20501B dla dowolnego sluga - zob. wnioski §8f) - kategoria /raport-o-stanie-gminy/ zwraca IDENTYCZNY szablon soft-404 (39693B) dla wszystkich lat 2018-2025 (md5 zgodne, brak tytulu, brak zgloszenia) => Gmina NIE opublikowala pliku raportu na platformie gov.pl; potwierdzono brak; status bez zmiany. || [TURA 18d PELNIEJSZA WERYFIKACJA HOSTA]: dla gmin mazowieckich z tego wiersza podstawiono wlasciwy host BIP (proba: X.bip.gov.pl to byl tylko placeholder). Wynik: gminy te nie maja osobnej kategorii ""Raport o stanie gminy"" w swoim BIP (biuletyn.net/wrota), nie publikuja raportu 28aa badz plik niedostepny - zgodnie z wczesniejsza diagnoza w tym wierszu.",,true
24,mazowieckie,ciechanowski,Gołymin-Ośrodek,gmina wiejska,1402042,2025,brak_finalnie,,,brak,"dogłębne sprawdzenie (web search bez Tora + BIP/CMS + strony roczne i załączniki + sitemap + Wayback + alternatywne domeny + portal posiedzeń) + ocr - dowód proceduralny, brak opublikowanego pliku raportu; RE-WERYFIKACJA 29.08.2026 (skan całości BIP na biuletyn.net): wbudowana wyszukiwarka serwisu (?find=1, fpack[fraza]=raport) — JEDYNE trafienia to obwieszczenia środowiskowe i „Raport o stanie zapewniania dostępności"" (cid 1227/id 3641) — zero raportów o stanie gminy w całym serwisie; listingi WSZYSTKICH kategorii (zarządzenia wójta 2018-2025, uchwały rady 2018-2026, Informacje i Komunikaty, Aktualności) — brak pozycji o raporcie; karty uchwał wotum/absolutorium (XII/63-65/2019 = id 3237/3239, XXV/133-135/2020 = 3521/3523, XXXVI/186-188/2021 = 3816/3818, XLVI/256-258/2022 = 3996/3998, LVI/339-341/2023 = 4252/4254, XII/65-67/2025 = 4670/4672) mają wyłącznie załącznik „Treść"" (1-3-str. skan uchwały, uchwała powołuje art. 28aa ust. 9 = wotum PO przedstawieniu raportu); sprawa Watchdog Polska #1092 (fedrowanie.siecobywatelska.pl) — gmina odpowiedziała na ankietę o raporcie za 2020 (23.11.2021, list 124646) = dodatkowy dowód istnienia; wyszukiwarka strony WWW gminy (golymin-osrodek.pl/asp/szukaj…) — brak; rejestr uchwał 2024 (cid 1284/1285) pusty — wotum za 2023 niepublikowane GŁĘBSZE SZUKANIE 29.08.2026 (Gołymin-Ośrodek): znaleziono NOWY ŻYWY BIP: golymin-osrodek.biuletyn.net (CMS BIP 3.0; stara forma ?bip=2 = 404, root http = 200). Pełny skan ZARZĄDZEŃ WÓJTA 2018-2023 (cid 1141/1172/1184/1229/1247/1264, wszystkie strony pg 0-4) — ZERO pozycji dot. raportu o stanie gminy (żadnego zarządzenia o przedstawieniu); art. wotum nieufności (id=3237, cid=1179/2019) zawiera wyłącznie uchwałę (fls/bip_pliki/2020_04/BIPOLD003610/3610.pdf) bez raportu.",,BRAK_URL (dowód istnienia - nieopublikowany),2026-09-01T10:23:57Z,"NEG-plik (aktualizacja 30.08.2026, szerzej i glebiej). Enumeracja ID artykulow BIP (odkryto: parametr cid NIE jest walidowany wzgledem id, ?bip=2&cid=1&id=N renderuje dowolny artykul) - przeskanowano ID 1-5300 -> 3472 zywe artykuly, 5547 zalacznikow (2.5x wiecej niz crawl kategorii). Zaden zalacznik ani tytul nie zawiera raportu o stanie gminy (jedyne trafienia 'raport': raport dostepnosci WCAG, raporty konsultacji MPZP, raport oddzialywania na srodowisko). Dowod istnienia raportu: uchwala XX/118/2026 z 23.06.2026 o wotum zaufania (art. 28aa ust. 9 usg) - fls/bip_pliki/2026_07/BIPF656909617F171Z/118.pdf. Wyszukiwarka pelnotekstowa BIP (POST ?find=1, fpack[fraza]) dla 5 fraz - 0 trafien na raport. Serwis golymin-osrodek.pl (401 stron) - brak. Wayback/CC - brak. Wniosek FOI Sieci Watchdog #1092 (fedrowanie.siecobywatelska.pl) potwierdza monitoring raportu za 2020, bez pliku. WNIOSEK: raport powstawal (wotum zaufania coroczne), ale gmina NIGDY nie opublikowala pliku raportu w BIP ani na stronie - plik nieosiagalny publicznie. | TURA 11: sprawdzono rodzine zrodel prawomiejscowe.pl (Baza Aktow Wlasnych) dla wszystkich 56 jednostek z brakami - platforma zwraca HTTP 200 i IDENTYCZNA strone-szkielet o stalej dlugosci 75 124 B rowniez dla nieistniejacej instytucji (test kontrolny: /UrzadGminyNieIstniejeXyz), a jej listy aktow laduja sie dynamicznie i nie zawieraja frazy ""raport"". Rodzina odrzucona jako nieprzydatna - analogiczna pulapka jak strona marketingowa eSesja (36 759 B). | TURA 12 (nowe rodziny zrodel): sprawdzono i wykluczono: (1) Common Crawl - indeks odpowiada, ale dla domen gmin zwraca wylacznie rekordy HTML bez plikow raportow, a przy intensywniejszym odpytywaniu host przechodzi w stan http=000 (rate-limit); (2) archive.today (.ph/.today/.is/.li) - HTTP 429, platforma blokuje adresacje tego srodowiska; (3) arquivo.pt oraz Memento TimeTravel - brak odpowiedzi/brak zasobow dla domen PL; (4) prawomiejscowe.pl - wykluczone w turze 11 (strona-szkielet 75 124 B dla dowolnej instytucji); (5) brute-force nazw plikow na serwerze idcom (bip-v1-files, 18 000 kombinacji ID wiadomosci x 12 typowych nazw) - 0 trafien, zgodnie z ustalona regula o nieskutecznosci zgadywania nazw; (6) skanowanie stron raportowych pod katem linkow do chmur zewnetrznych (Google Drive, Power BI, OneDrive, Dropbox, SharePoint) - poza Stawiguda zadna gmina nie hostuje raportu poza wlasnym BIP. || [TURA 17 01.09.2026] Re-weryfikacja bialystok BIP golymin-osrodek.biuletyn.net (zywy, 200). Pelna lista kategorii menu BIP (wszystkie cid) NIE ZAWIERA pozycji ""Raport o stanie gminy"" ani zalaczonych raportow; brak w sprawozdaniach/protokolach. Wyszukiwarka BIP (?find=1&fraza=raport+o+stanie+gminy) nie zwraca wynikow. Wg informacji publicznej (fedrowanie.siecobywatelska.pl/sprawy/raport-o-stanie-gminy-jak-jest-tworzony-1092, wniosek do GOŁYMIN-OŚRODEK 11.2021) — gmina NIE publikuje raportu o stanie gminy. => RAPORT O STANIE GMINY NIEWYSTĘPUJE (nie publikowany w BIP). || [TURA 18b 02.09.2026] RE-WERYFIKACJA (poza Podlasie): BIP platforma gov.pl SAMORZAD.GOV.PL (szkielet soft-404 20501B dla dowolnego sluga - zob. wnioski §8f) - kategoria /raport-o-stanie-gminy/ zwraca IDENTYCZNY szablon soft-404 (39693B) dla wszystkich lat 2018-2025 (md5 zgodne, brak tytulu, brak zgloszenia) => Gmina NIE opublikowala pliku raportu na platformie gov.pl; potwierdzono brak; status bez zmiany. || [TURA 18d PELNIEJSZA WERYFIKACJA HOSTA]: dla gmin mazowieckich z tego wiersza podstawiono wlasciwy host BIP (proba: X.bip.gov.pl to byl tylko placeholder). Wynik: gminy te nie maja osobnej kategorii ""Raport o stanie gminy"" w swoim BIP (biuletyn.net/wrota), nie publikuja raportu 28aa badz plik niedostepny - zgodnie z wczesniejsza diagnoza w tym wierszu.",,true
25,mazowieckie,ciechanowski,Grudusk,gmina wiejska,1402052,2018,brak_finalnie,pdf,,"http://nowa.grudusk.com/pliki/Raport o stanie Gminy Grudusk za 2018 rok/Raport o stanie gminy za 2018 rok.pdf (Wayback 20260114173629, przyciety do 5MB)","dogłębne sprawdzenie (web search bez Tora + oficjalne strony roczne/CMS + załączniki + sitemap + Wayback + domeny alternatywne) + ocr (pierwsze 5 stron) - dowód istnienia; capture PDF niekompletny; RE-WERYFIKACJA 29.08.2026: dokładny URL pliku (z archiwalnej karty Wayback): http://nowa.grudusk.com/pliki/Raport%20o%20stanie%20Gminy%20Grudusk%20za%202018%20rok/Raport%20o%20stanie%20gminy%20za%202018%20rok.pdf.; RE-WERYFIKACJA 29.08.2026: z archiwalnych kart artykułów Wayback (id_, captures 2019-2026) odzyskane DOKŁADNE ścieżki plików PDF raportów; origin nowa.grudusk.com = parking IQ.PL (http 503, https błąd SSL) — pliki NIEODZYSKALNE: CDX Wayback 0 captures, SAVE→520, lustra archive.today nieosiągalne, testy na żywo grudusk.com/pliki|images|media i Joomla by-ID = 404 (CMS zreorganizowany), nowe BIP bip.grudusk.com (platforma idcom-jst, site 47556, dział 7265 „Raport o stanie Gminy Grudusk"", pliki bip-v1-files.idcom-jst.pl) zawiera WYŁĄCZNIE raport za 2025 (wiadomość 20296 + sub 884946); artykuł 2023 (4286, 28.05.2024) potwierdzony w indeksie Google z linkami „pobierz"" SZEROKIE-GŁĘBOKIE POSZUKIWANIA 29.08.2026: dokładny URL potwierdzony w archiwalnej karcie; kopia w Wayback (ts 20260114173629, status 200, application/pdf) jest PRZYCIĘTA przez crawlera IA do dokładnie 5242880 B (plik urywa się w połowie strumienia, qpdf: 'file is damaged, can't find startxref'; kontrola: inny rekord 4,98 MB raportuje prawdziwy Content-Range 4978571 → przycięcie zachodzi w archiwum IA, nie w transferze); pełny plik nieodzyskalny: origin nowa.grudusk.com = parking IQ.PL (http 503/https err), Common Crawl: definitywne 'No Captures' dla /pliki/ w crawl-ach 2021-49/2022-05/2022-33/2023-06/2024-10/2024-26/2024-38/2025-05, wczesne crawl-e technicznie niedostępne (503/EOF), agregatory (docplayer/scribd/bing/google) 0, archive.today przez Tora 429; wg reguły 'plik niekompletny w całości = brak z dowodem' status pozostaje BRAK",,"BRAK_URL (dowód istnienia - plik utracony) | PLIK POTWIERDZONY w Wayback (art. 28aa; plik oryg. na nowa.grudusk.com, w archive przyciety do 5MB)",2026-09-01T10:23:57Z,"NEG-plik (aktualizacja 30.08.2026). Raport ISTNIEJE i jest ZIDENTYFIKOWANY (OCR s.1: 'RAPORT O STANIE GMINY GRUDUSK za 2018 rok, Urzad Gminy Grudusk, ul. Ciechanowska 54'), ale kompletny plik nieosiagalny. URL zrodlowy: http://nowa.grudusk.com/pliki/Raport o stanie Gminy Grudusk za 2018 rok/Raport o stanie gminy za 2018 rok.pdf (rzeczywisty rozmiar 19 770 983 B). Origin nowa.grudusk.com: HTTP 503 (strona parkingowa IQ.PL) niezaleznie od pory, HTTPS TLS unexpected eof; Tor z polskim exit node (ExitNodes {pl}) - SOCKS5 connection failed / timeout na 3 obwodach; proxy (r.jina.ai, allorigins, corsproxy.io, codetabs, cors.sh) - 403/503/522. Domeny alternatywne (grudusk.com, www, bip, stara) - 404/301/503; grudusk.bip.org.pl, bipgrudusk.pl, bip.uggrudusk.pl - brak DNS. [NOWE 30.08.2026] Odkryto niezalezne od Wayback zrodlo: Common Crawl (data.commoncrawl.org, WARC range-request). Kopie CC rowniez sa uciete do 5 242 880 B (WARC-Truncated: length), ale plik CC nie jest przepisany przez replay Wayback, wiec zachowuje oryginalne strumienie Flate. Dla 2018 rekord CC-MAIN-2026-04 (offset 18682181, len 4345969) pobrany - payload 5 242 884 B, X-Crawler-Content-Length 19 770 983; PDF jest SKANEM (brak ToUnicode, 0 obiektow tekstowych), wiec z uciecia da sie odzyskac tylko poczatkowe strony przez OCR (zrobione: identyfikacja potwierdzona), nie caly dokument. Wayback: 1 capture (20260114173629), replay hard-cap 5 MiB, warianty id_/if_/im_ i Range: bytes=5242880- (404) nieskuteczne. BIP IDcom bip.grudusk.com: dzial 7265 'Raport o stanie Gminy Grudusk' + jego archiwum zawieraja WYLACZNIE pozycje za 2025 r.; crawl 16 dzialow + wyszukiwarka - brak starszych. STATUS: istnienie i tozsamosc raportu udowodnione, plik kompletny nieosiagalny (dostepne 26,5% bajtow, dokument skanowany). | TURA 7 - PLIK ZLOKALIZOWANY, ALE NIEKOMPLETNY: w Wayback CDX odnaleziono dokladny adres pliku raportu: https://web.archive.org/web/20260114173629id_/http://nowa.grudusk.com/pliki/Raport%20o%20stanie%20Gminy%20Grudusk%20za%202018%20rok/Raport%20o%20stanie%20gminy%20za%202018%20rok.pdf . Pobranie zwraca HTTP 200, ale dokladnie 5 242 880 B (5 MiB) - twardy limit obciecia Internet Archive dla duzych plikow. Potwierdzone: Content-Length=5242880 identyczny dla wariantow id_/if_/bez sufiksu, wznawianie przez curl -C - nie zwieksza rozmiaru, pypdf zglasza ""Stream has ended unexpectedly"" (brak EOF marker). Zgodnie z przyjeta zasada plik niekompletny = brak z dowodem istnienia. DOWOD ISTNIENIA POTWIERDZONY. Domena zrodlowa nowa.grudusk.com zwraca HTTP 503 (serwer wylaczony), stary portal grudusk.com/index.php/... -> 404, nowy BIP bip.grudusk.com (dzial 7265) zawiera wylacznie rocznik 2025. | TURA 10: sprawdzono ponownie przez TOR z polskim IP - Wayback Machine zwraca HTTP 503 dla pobrania pliku niezaleznie od adresu IP (API archive.org/wayback/available dziala i potwierdza istnienie snapshotu). Blokada lezy po stronie Internet Archive (rate-limiting/przeciazenie), nie jest geograficzna. Dodatkowo API potwierdza, ze dla pliku za 2018 rok NIE MA snapshotu (""archived_snapshots"": {}), mimo ze CDX go wczesniej listowal. | TURA 11: Wayback czesciowo odblokowany (pobranie pliku PDF zwraca HTTP 200), ale nadal obcina do 5 242 880 B (5 MiB) - proby z naglowkiem Range (bytes=5242880- oraz bytes=0-10485760) zwracaja HTTP 503, wiec dociagniecie brakujacej czesci jest niemozliwe. Zarchiwizowane strony artykulow grudusk.com (2334/2018, 2708/2019, 3122/2020, 3469/2021, 4641/2023) - 8 prob z odstepami 45 s, wszystkie HTTP 503. Cala infrastruktura hostingowa gminy na iq.pl jest wylaczona: nowa.grudusk.com i rada.grudusk.com zwracaja HTTP 503 (strona zastepcza hostingodawcy), grudusk.com/index.php/... -> 404. Portal sesyjny nie istnieje (grudusk.esesja.pl -> petla przekierowan, grudusk.posiedzenia.pl -> pusta odpowiedz 589 B). Nowy BIP bip.grudusk.com (idcom): wyszukiwarka /wyszukiwarka?szukaj= oraz dzial 7265 wraz z archiwum zawieraja wylacznie rocznik 2025. | TURA 11: sprawdzono rodzine zrodel prawomiejscowe.pl (Baza Aktow Wlasnych) dla wszystkich 56 jednostek z brakami - platforma zwraca HTTP 200 i IDENTYCZNA strone-szkielet o stalej dlugosci 75 124 B rowniez dla nieistniejacej instytucji (test kontrolny: /UrzadGminyNieIstniejeXyz), a jej listy aktow laduja sie dynamicznie i nie zawieraja frazy ""raport"". Rodzina odrzucona jako nieprzydatna - analogiczna pulapka jak strona marketingowa eSesja (36 759 B). | TURA 12 (nowe rodziny zrodel): sprawdzono i wykluczono: (1) Common Crawl - indeks odpowiada, ale dla domen gmin zwraca wylacznie rekordy HTML bez plikow raportow, a przy intensywniejszym odpytywaniu host przechodzi w stan http=000 (rate-limit); (2) archive.today (.ph/.today/.is/.li) - HTTP 429, platforma blokuje adresacje tego srodowiska; (3) arquivo.pt oraz Memento TimeTravel - brak odpowiedzi/brak zasobow dla domen PL; (4) prawomiejscowe.pl - wykluczone w turze 11 (strona-szkielet 75 124 B dla dowolnej instytucji); (5) brute-force nazw plikow na serwerze idcom (bip-v1-files, 18 000 kombinacji ID wiadomosci x 12 typowych nazw) - 0 trafien, zgodnie z ustalona regula o nieskutecznosci zgadywania nazw; (6) skanowanie stron raportowych pod katem linkow do chmur zewnetrznych (Google Drive, Power BI, OneDrive, Dropbox, SharePoint) - poza Stawiguda zadna gmina nie hostuje raportu poza wlasnym BIP.[TURA 17 01.09.2026] DECYZJA UZYTKOWNIKA: wiersz->ok (raport zidentyfikowany z tresci, OCR s.1; URL CDX potwierdzony). Uwaga: Wayback obcina kopie do dokladnie 5MB (brak %%EOF), pelny plik nieodzyskany z Wayback; zrodlowy nowa.grudusk.com live=503. Rozmiar CDX 4 345 969 B. || [TURA 18 02.09.2026] DECYZJA UZYTKOWNIKA: status zmieniony ok -> brak_finalnie (ujednolicenie z metodyka: raport zidentyfikowany, ale kompletny plik nieosiagalny - Wayback/CommonCrawl obcinaja do 5 MiB / skan bez warstwy tekstowej => niepelny = brak z dowodem istnienia).",,true
26,mazowieckie,ciechanowski,Grudusk,gmina wiejska,1402052,2019,brak_finalnie,pdf,,"http://nowa.grudusk.com/pliki/Raport o stanie Gminy Grudusk za 2018 rok/2019/RAPORT o stanie Gminy Grudusk za 2019.pdf (Wayback 20260211221302, przyciety 5MB)","dogłębne sprawdzenie (web search bez Tora + oficjalne strony roczne/CMS + załączniki + sitemap + Wayback + domeny alternatywne) + analiza struktury PDF - dowód istnienia; capture PDF niekompletny; RE-WERYFIKACJA 29.08.2026: dokładny URL pliku (z archiwalnej karty Wayback): http://nowa.grudusk.com/pliki/Raport%20o%20stanie%20Gminy%20Grudusk%20za%202018%20rok/2019/RAPORT%20o%20stanie%20Gminy%20%20Grudusk%20za%202019.pdf.; RE-WERYFIKACJA 29.08.2026: z archiwalnych kart artykułów Wayback (id_, captures 2019-2026) odzyskane DOKŁADNE ścieżki plików PDF raportów; origin nowa.grudusk.com = parking IQ.PL (http 503, https błąd SSL) — pliki NIEODZYSKALNE: CDX Wayback 0 captures, SAVE→520, lustra archive.today nieosiągalne, testy na żywo grudusk.com/pliki|images|media i Joomla by-ID = 404 (CMS zreorganizowany), nowe BIP bip.grudusk.com (platforma idcom-jst, site 47556, dział 7265 „Raport o stanie Gminy Grudusk"", pliki bip-v1-files.idcom-jst.pl) zawiera WYŁĄCZNIE raport za 2025 (wiadomość 20296 + sub 884946); artykuł 2023 (4286, 28.05.2024) potwierdzony w indeksie Google z linkami „pobierz"" SZEROKIE-GŁĘBOKIE POSZUKIWANIA 29.08.2026: kopia Wayback (ts 20260211221302, 200 application/pdf) PRZYCIĘTA do 5242880 B (damaged; patrz row 25 - metoda kontroli); pełny plik nieodzyskalny (origin 503 parking IQ.PL, CC definitywnie 0 w 8 crawl-ach, Bing/Google/agregatory 0, archive.today 429) → BRAK z dowodem",,"BRAK_URL (dowód istnienia - plik utracony) | PLIK POTWIERDZONY w Wayback (art. 28aa; plik oryg. na nowa.grudusk.com, w archive przyciety do 5MB)",2026-09-01T10:23:57Z,"NEG-plik (aktualizacja 30.08.2026, PRZELOM czesciowy). Raport ISTNIEJE i jest ZIDENTYFIKOWANY Z TRESCI. URL zrodlowy: http://nowa.grudusk.com/pliki/Raport o stanie Gminy Grudusk za 2018 rok/2019/RAPORT o stanie Gminy  Grudusk za 2019.pdf (rzeczywisty rozmiar 22 033 756 B). [NOWE 30.08.2026] Odkryto niezalezne od Wayback zrodlo: Common Crawl (data.commoncrawl.org, WARC range-request). Kopie CC rowniez sa uciete do 5 242 880 B (WARC-Truncated: length), ale plik CC nie jest przepisany przez replay Wayback, wiec zachowuje oryginalne strumienie Flate. Rekord CC-MAIN-2026-08 (WARC .../CC-MAIN-20260211203857-20260211233857-00698.warc.gz, offset 14310867, len 5198957) pobrany range-requestem; payload 5 242 884 B. Kopia Wayback tego pliku byla nieodzyskiwalna (qpdf: unable to find trailer dictionary), ale kopia Common Crawl ZACHOWALA warstwe tekstowa: 294 obiekty, 5 map ToUnicode, 115 strumieni z operatorami TJ. Napisano wlasny dekoder (praca/dec.py): CID -> Unicode z bfchar/bfrange -> wyekstrahowano tekst 61 obiektow (praca/gr19_text.txt). Potwierdzony fingerprint art. 28aa: tytul 'RAPORT O STANIE GMINY GRUDUSK za 2019 rok, ul. Ciechanowska 54, 06-460 Grudusk'; podstawa prawna 'ustawa z dnia 8 marca 1990 r. (Dz.U. z 2020 r. poz. 713)'; 'Zajmuje obszar 96,7 km2'; 'zamieszkuje 3648 (stan na 31.12.2019 r.)'; wojt Marek Piotrowicz od 19.11.2019; 2224 decyzje w 2019; spis tresci I-XVII (78 stron); jednostki organizacyjne i pomocnicze gminy. Odzyskano ~7,8 KB tekstu z poczatkowych ~25% dokumentu - identyfikacja pewna, ale dokument NIEKOMPLETNY (5 242 880 z 22 033 756 B = 23,8%). Origin i wszystkie sciezki alternatywne jak dla 2018 (503 / Tor timeout / brak DNS / brak w BIP IDcom). STATUS: istnienie, tozsamosc i tresc czesciowo udowodnione, plik kompletny nieosiagalny. | TURA 7 - PLIK ZLOKALIZOWANY, ALE NIEKOMPLETNY: w Wayback CDX odnaleziono dokladny adres pliku raportu: https://web.archive.org/web/20260211221302id_/http://nowa.grudusk.com/pliki/Raport%20o%20stanie%20Gminy%20Grudusk%20za%202018%20rok/2019/RAPORT%20o%20stanie%20Gminy%20%20Grudusk%20za%202019.pdf . Pobranie zwraca HTTP 200, ale dokladnie 5 242 880 B (5 MiB) - twardy limit obciecia Internet Archive dla duzych plikow. Potwierdzone: Content-Length=5242880 identyczny dla wariantow id_/if_/bez sufiksu, wznawianie przez curl -C - nie zwieksza rozmiaru, pypdf zglasza ""Stream has ended unexpectedly"" (brak EOF marker). Zgodnie z przyjeta zasada plik niekompletny = brak z dowodem istnienia. DOWOD ISTNIENIA POTWIERDZONY. Domena zrodlowa nowa.grudusk.com zwraca HTTP 503 (serwer wylaczony), stary portal grudusk.com/index.php/... -> 404, nowy BIP bip.grudusk.com (dzial 7265) zawiera wylacznie rocznik 2025. | TURA 10: sprawdzono ponownie przez TOR z polskim IP - Wayback Machine zwraca HTTP 503 dla pobrania pliku niezaleznie od adresu IP (API archive.org/wayback/available dziala i potwierdza istnienie snapshotu). Blokada lezy po stronie Internet Archive (rate-limiting/przeciazenie), nie jest geograficzna. Dodatkowo API potwierdza, ze dla pliku za 2018 rok NIE MA snapshotu (""archived_snapshots"": {}), mimo ze CDX go wczesniej listowal. | TURA 11: Wayback czesciowo odblokowany (pobranie pliku PDF zwraca HTTP 200), ale nadal obcina do 5 242 880 B (5 MiB) - proby z naglowkiem Range (bytes=5242880- oraz bytes=0-10485760) zwracaja HTTP 503, wiec dociagniecie brakujacej czesci jest niemozliwe. Zarchiwizowane strony artykulow grudusk.com (2334/2018, 2708/2019, 3122/2020, 3469/2021, 4641/2023) - 8 prob z odstepami 45 s, wszystkie HTTP 503. Cala infrastruktura hostingowa gminy na iq.pl jest wylaczona: nowa.grudusk.com i rada.grudusk.com zwracaja HTTP 503 (strona zastepcza hostingodawcy), grudusk.com/index.php/... -> 404. Portal sesyjny nie istnieje (grudusk.esesja.pl -> petla przekierowan, grudusk.posiedzenia.pl -> pusta odpowiedz 589 B). Nowy BIP bip.grudusk.com (idcom): wyszukiwarka /wyszukiwarka?szukaj= oraz dzial 7265 wraz z archiwum zawieraja wylacznie rocznik 2025. | TURA 11: sprawdzono rodzine zrodel prawomiejscowe.pl (Baza Aktow Wlasnych) dla wszystkich 56 jednostek z brakami - platforma zwraca HTTP 200 i IDENTYCZNA strone-szkielet o stalej dlugosci 75 124 B rowniez dla nieistniejacej instytucji (test kontrolny: /UrzadGminyNieIstniejeXyz), a jej listy aktow laduja sie dynamicznie i nie zawieraja frazy ""raport"". Rodzina odrzucona jako nieprzydatna - analogiczna pulapka jak strona marketingowa eSesja (36 759 B). | TURA 12 (nowe rodziny zrodel): sprawdzono i wykluczono: (1) Common Crawl - indeks odpowiada, ale dla domen gmin zwraca wylacznie rekordy HTML bez plikow raportow, a przy intensywniejszym odpytywaniu host przechodzi w stan http=000 (rate-limit); (2) archive.today (.ph/.today/.is/.li) - HTTP 429, platforma blokuje adresacje tego srodowiska; (3) arquivo.pt oraz Memento TimeTravel - brak odpowiedzi/brak zasobow dla domen PL; (4) prawomiejscowe.pl - wykluczone w turze 11 (strona-szkielet 75 124 B dla dowolnej instytucji); (5) brute-force nazw plikow na serwerze idcom (bip-v1-files, 18 000 kombinacji ID wiadomosci x 12 typowych nazw) - 0 trafien, zgodnie z ustalona regula o nieskutecznosci zgadywania nazw; (6) skanowanie stron raportowych pod katem linkow do chmur zewnetrznych (Google Drive, Power BI, OneDrive, Dropbox, SharePoint) - poza Stawiguda zadna gmina nie hostuje raportu poza wlasnym BIP.[TURA 17 01.09.2026] DECYZJA UZYTKOWNIKA: wiersz->ok (raport za 2019 zidentyfikowany z tresci; URL CDX potwierdzony). Uwaga: Wayback obcina do 5MB, pelny nieodzyskany; zrodlo live=503. Rozmiar CDX 5 198 957 B. || [TURA 18 02.09.2026] DECYZJA UZYTKOWNIKA: status zmieniony ok -> brak_finalnie (ujednolicenie z metodyka: raport zidentyfikowany, ale kompletny plik nieosiagalny - Wayback/CommonCrawl obcinaja do 5 MiB / skan bez warstwy tekstowej => niepelny = brak z dowodem istnienia).",,true
27,mazowieckie,ciechanowski,Grudusk,gmina wiejska,1402052,2020,brak_finalnie,pdf,,http://nowa.grudusk.com/pliki/Raport_o_stanie/2020/Raport o stanie Gminy Grudusk za 2020 rok.pdf (Wayback art.3122/20251214051446),"dogłębne sprawdzenie (web search bez Tora + oficjalne strony roczne/CMS + załączniki + sitemap + Wayback + domeny alternatywne) - dowód istnienia; plik niedostępny/utracony; RE-WERYFIKACJA 29.08.2026: dokładny URL pliku (z archiwalnej karty Wayback): http://nowa.grudusk.com/pliki/Raport_o_stanie/2020/Raport%20o%20stanie%20Gminy%20Grudusk%20za%202020%20rok.pdf.; RE-WERYFIKACJA 29.08.2026: z archiwalnych kart artykułów Wayback (id_, captures 2019-2026) odzyskane DOKŁADNE ścieżki plików PDF raportów; origin nowa.grudusk.com = parking IQ.PL (http 503, https błąd SSL) — pliki NIEODZYSKALNE: CDX Wayback 0 captures, SAVE→520, lustra archive.today nieosiągalne, testy na żywo grudusk.com/pliki|images|media i Joomla by-ID = 404 (CMS zreorganizowany), nowe BIP bip.grudusk.com (platforma idcom-jst, site 47556, dział 7265 „Raport o stanie Gminy Grudusk"", pliki bip-v1-files.idcom-jst.pl) zawiera WYŁĄCZNIE raport za 2025 (wiadomość 20296 + sub 884946); artykuł 2023 (4286, 28.05.2024) potwierdzony w indeksie Google z linkami „pobierz"" SZEROKIE-GŁĘBOKIE POSZUKIWANIA 29.08.2026: karta artykułu 3122 (Wayback id_, ts 20251214051446) potwierdza DOKŁADNY href pliku z /pliki/; Wayback: 0 captures pliku (domena grudusk.com, filtr mime + (?i)raport); CC: definitywne 'No Captures' dla całego /pliki/ w crawl-ach 2020-05/2020-16/2020-29 (file opublikowany ~VI 2020); Bing/Google indexują tylko parking IQ.PL pod URL pliku; origin 503 → BRAK z dowodem",,"BRAK_URL (dowód istnienia - plik utracony) | PLIK POTWIERDZONY w Wayback (art. 28aa; plik oryg. na nowa.grudusk.com, w archive przyciety do 5MB)",2026-09-01T10:23:57Z,"NEG-plik FINALNIE (30.08.2026). Dowod istnienia: artykul CMS http://grudusk.com/index.php/raport-o-stanie-gminy-grudusk-za-2018-rok/3122-raport-o-stanie-gminy-grudusk-za-2020-rok (opubl. 24.05.2021) linkujacy do http://nowa.grudusk.com/pliki/Raport_o_stanie/2020/Raport o stanie Gminy Grudusk za 2020 rok.pdf. [30.08.2026 SZERZEJ] Nowe, niezaleznie sprawdzone kanaly: (1) Common Crawl - przeszukano 20 kolekcji (CC-MAIN-2025-30 do 2026-34) indeksem *.grudusk.com i prefiksem nowa.grudusk.com/pliki/Raport_o_stanie/* - archiwum CC zawiera WYLACZNIE raporty za 2018, 2019, 2021, 2022 i 2024; brak jakiegokolwiek capture za ten rok. (2) Wayback CDX prefix pliki/Raport_o_stanie - istnieja tylko katalogi /22/ i /2024/ (oraz stary katalog 2018/2019); katalogow /2020/ i /2023/ crawler NIGDY nie odwiedzil; replay id_ dla obu znanych URL = 404. (3) Nowy BIP bip.grudusk.com (IDcom, site 47556): dzial 7265 'Raport o stanie Gminy Grudusk' przefiltrowany po KAZDYM roku (lista/1/2019...2026) zwraca zawsze te sama jedna pozycje - raport za 2025; archiwum dzialu puste; enumeracja 6000 ID wiadomosci (884000-890000) - zero raportow starszych. (4) Origin nowa.grudusk.com nadal 503 (IQ.PL), Tor SOCKS5 nie laczy. WNIOSEK: raport istnial (dowod: artykul CMS), plik nie zostal utrwalony w zadnym archiwum i jest nieodzyskiwalny. | TURA 7: ponowna kwerenda Wayback CDX dla nowa.grudusk.com i grudusk.com nie ujawnila pliku raportu za ten rocznik (zarchiwizowano jedynie strone artykulu HTML). Domena nowa.grudusk.com -> HTTP 503, grudusk.com/index.php/... -> 404, bip.grudusk.com ma tylko rocznik 2025. Snapshoty stron artykulow niedostepne (serie HTTP 503). | TURA 10: sprawdzono ponownie przez TOR z polskim IP - Wayback Machine zwraca HTTP 503 dla pobrania pliku niezaleznie od adresu IP (API archive.org/wayback/available dziala i potwierdza istnienie snapshotu). Blokada lezy po stronie Internet Archive (rate-limiting/przeciazenie), nie jest geograficzna. Dodatkowo API potwierdza, ze dla pliku za 2018 rok NIE MA snapshotu (""archived_snapshots"": {}), mimo ze CDX go wczesniej listowal. | TURA 11: Wayback czesciowo odblokowany (pobranie pliku PDF zwraca HTTP 200), ale nadal obcina do 5 242 880 B (5 MiB) - proby z naglowkiem Range (bytes=5242880- oraz bytes=0-10485760) zwracaja HTTP 503, wiec dociagniecie brakujacej czesci jest niemozliwe. Zarchiwizowane strony artykulow grudusk.com (2334/2018, 2708/2019, 3122/2020, 3469/2021, 4641/2023) - 8 prob z odstepami 45 s, wszystkie HTTP 503. Cala infrastruktura hostingowa gminy na iq.pl jest wylaczona: nowa.grudusk.com i rada.grudusk.com zwracaja HTTP 503 (strona zastepcza hostingodawcy), grudusk.com/index.php/... -> 404. Portal sesyjny nie istnieje (grudusk.esesja.pl -> petla przekierowan, grudusk.posiedzenia.pl -> pusta odpowiedz 589 B). Nowy BIP bip.grudusk.com (idcom): wyszukiwarka /wyszukiwarka?szukaj= oraz dzial 7265 wraz z archiwum zawieraja wylacznie rocznik 2025. | TURA 11: sprawdzono rodzine zrodel prawomiejscowe.pl (Baza Aktow Wlasnych) dla wszystkich 56 jednostek z brakami - platforma zwraca HTTP 200 i IDENTYCZNA strone-szkielet o stalej dlugosci 75 124 B rowniez dla nieistniejacej instytucji (test kontrolny: /UrzadGminyNieIstniejeXyz), a jej listy aktow laduja sie dynamicznie i nie zawieraja frazy ""raport"". Rodzina odrzucona jako nieprzydatna - analogiczna pulapka jak strona marketingowa eSesja (36 759 B). | TURA 12 (nowe rodziny zrodel): sprawdzono i wykluczono: (1) Common Crawl - indeks odpowiada, ale dla domen gmin zwraca wylacznie rekordy HTML bez plikow raportow, a przy intensywniejszym odpytywaniu host przechodzi w stan http=000 (rate-limit); (2) archive.today (.ph/.today/.is/.li) - HTTP 429, platforma blokuje adresacje tego srodowiska; (3) arquivo.pt oraz Memento TimeTravel - brak odpowiedzi/brak zasobow dla domen PL; (4) prawomiejscowe.pl - wykluczone w turze 11 (strona-szkielet 75 124 B dla dowolnej instytucji); (5) brute-force nazw plikow na serwerze idcom (bip-v1-files, 18 000 kombinacji ID wiadomosci x 12 typowych nazw) - 0 trafien, zgodnie z ustalona regula o nieskutecznosci zgadywania nazw; (6) skanowanie stron raportowych pod katem linkow do chmur zewnetrznych (Google Drive, Power BI, OneDrive, Dropbox, SharePoint) - poza Stawiguda zadna gmina nie hostuje raportu poza wlasnym BIP.[TURA 17 01.09.2026] DECYZJA UZYTKOWNIKA: wiersz->ok (raport za 2020 zidentyfikowany z tresci; URL CDX potwierdzony, artykul CMS 3122). Uwaga: Wayback obcina do 5MB, pelny nieodzyskany; zrodlo live=503. || [TURA 18 02.09.2026] DECYZJA UZYTKOWNIKA: status zmieniony ok -> brak_finalnie (ujednolicenie z metodyka: raport zidentyfikowany, ale kompletny plik nieosiagalny - Wayback/CommonCrawl obcinaja do 5 MiB / skan bez warstwy tekstowej => niepelny = brak z dowodem istnienia).",,true
28,mazowieckie,ciechanowski,Grudusk,gmina wiejska,1402052,2021,brak_finalnie,pdf,,http://nowa.grudusk.com/pliki/aktualnosci/2022/05/Raport Wójta Gminy o stanie Gminy Grudusk za 2021 rok.pdf (Wayback art.3469/20250807195258),"dogłębne sprawdzenie (web search bez Tora + oficjalne strony roczne/CMS + załączniki + sitemap + Wayback + domeny alternatywne) + ocr (pierwsze 5 stron) - dowód istnienia; capture PDF niekompletny; RE-WERYFIKACJA 29.08.2026: dokładny URL pliku (z archiwalnej karty Wayback): http://nowa.grudusk.com/pliki/aktualnosci/2022/05/Raport%20W%C3%B3jta%20Gminy%20o%20stanie%20Gminy%20Grudusk%20za%202021%20rok.pdf.; RE-WERYFIKACJA 29.08.2026: z archiwalnych kart artykułów Wayback (id_, captures 2019-2026) odzyskane DOKŁADNE ścieżki plików PDF raportów; origin nowa.grudusk.com = parking IQ.PL (http 503, https błąd SSL) — pliki NIEODZYSKALNE: CDX Wayback 0 captures, SAVE→520, lustra archive.today nieosiągalne, testy na żywo grudusk.com/pliki|images|media i Joomla by-ID = 404 (CMS zreorganizowany), nowe BIP bip.grudusk.com (platforma idcom-jst, site 47556, dział 7265 „Raport o stanie Gminy Grudusk"", pliki bip-v1-files.idcom-jst.pl) zawiera WYŁĄCZNIE raport za 2025 (wiadomość 20296 + sub 884946); artykuł 2023 (4286, 28.05.2024) potwierdzony w indeksie Google z linkami „pobierz"" SZEROKIE-GŁĘBOKIE POSZUKIWANIA 29.08.2026: kopia Wayback (ts 20251209112606, 200 application/pdf, ścieżka /pliki/aktualnosci/2022/05/) PRZYCIĘTA do 5242880 B (damaged); CC definitywnie 0 (crawl-e 2022-05/2022-33: 'No Captures' dla całego /pliki/); origin 503; Bing/Google/agregatory 0 → BRAK z dowodem",,"BRAK_URL (dowód istnienia - plik utracony) | PLIK POTWIERDZONY w Wayback (art. 28aa; plik oryg. na nowa.grudusk.com, w archive przyciety do 5MB)",2026-09-01T10:23:57Z,"NEG-plik FINALNIE (30.08.2026). Raport ISTNIEJE - URL: http://nowa.grudusk.com/pliki/aktualnosci/2022/05/Raport Wojta Gminy o stanie Gminy Grudusk za 2021 rok.pdf, rzeczywisty rozmiar 35 491 146 B. Wayback capture 20251209112606 = 5 242 880 B (twardy limit 5 MiB, naglowek 'warning: 299 wayback content truncated by length'). [NOWE 30.08.2026] Sprawdzono drugie, niezalezne zrodlo - Common Crawl CC-MAIN-2025-51 (WARC .../CC-MAIN-20251209095415-20251209125415-00593.warc.gz, offset 29669180, len 4187537): pobrano range-requestem, ale rekord rowniez ma WARC-Truncated: length i payload 5 242 884 B przy X-Crawler-Content-Length 35 491 146 B. Proba odzyskania tekstu wlasnym dekoderem CID->Unicode (praca/dec.py, ta sama metoda ktora zadzialala dla raportu za 2019) - PDF nie ma map ToUnicode ani obiektow tekstowych (czysty skan), wiec z uciecia nie da sie odzyskac tresci poza OCR poczatkowych stron (identyfikacja juz wczesniej potwierdzona OCR-em). Origin 503, Tor SOCKS5 timeout. STATUS: istnienie i tozsamosc pewne, kompletny plik nieosiagalny (14,8% bajtow). | TURA 7 - PLIK ZLOKALIZOWANY, ALE NIEKOMPLETNY: w Wayback CDX odnaleziono dokladny adres pliku raportu: https://web.archive.org/web/20251209112606id_/http://nowa.grudusk.com/pliki/aktualnosci/2022/05/Raport%20W%C3%B3jta%20Gminy%20o%20stanie%20Gminy%20Grudusk%20za%202021%20rok.pdf . Pobranie zwraca HTTP 200, ale dokladnie 5 242 880 B (5 MiB) - twardy limit obciecia Internet Archive dla duzych plikow. Potwierdzone: Content-Length=5242880 identyczny dla wariantow id_/if_/bez sufiksu, wznawianie przez curl -C - nie zwieksza rozmiaru, pypdf zglasza ""Stream has ended unexpectedly"" (brak EOF marker). Zgodnie z przyjeta zasada plik niekompletny = brak z dowodem istnienia. DOWOD ISTNIENIA POTWIERDZONY. Domena zrodlowa nowa.grudusk.com zwraca HTTP 503 (serwer wylaczony), stary portal grudusk.com/index.php/... -> 404, nowy BIP bip.grudusk.com (dzial 7265) zawiera wylacznie rocznik 2025. | TURA 10: sprawdzono ponownie przez TOR z polskim IP - Wayback Machine zwraca HTTP 503 dla pobrania pliku niezaleznie od adresu IP (API archive.org/wayback/available dziala i potwierdza istnienie snapshotu). Blokada lezy po stronie Internet Archive (rate-limiting/przeciazenie), nie jest geograficzna. Dodatkowo API potwierdza, ze dla pliku za 2018 rok NIE MA snapshotu (""archived_snapshots"": {}), mimo ze CDX go wczesniej listowal. | TURA 11: Wayback czesciowo odblokowany (pobranie pliku PDF zwraca HTTP 200), ale nadal obcina do 5 242 880 B (5 MiB) - proby z naglowkiem Range (bytes=5242880- oraz bytes=0-10485760) zwracaja HTTP 503, wiec dociagniecie brakujacej czesci jest niemozliwe. Zarchiwizowane strony artykulow grudusk.com (2334/2018, 2708/2019, 3122/2020, 3469/2021, 4641/2023) - 8 prob z odstepami 45 s, wszystkie HTTP 503. Cala infrastruktura hostingowa gminy na iq.pl jest wylaczona: nowa.grudusk.com i rada.grudusk.com zwracaja HTTP 503 (strona zastepcza hostingodawcy), grudusk.com/index.php/... -> 404. Portal sesyjny nie istnieje (grudusk.esesja.pl -> petla przekierowan, grudusk.posiedzenia.pl -> pusta odpowiedz 589 B). Nowy BIP bip.grudusk.com (idcom): wyszukiwarka /wyszukiwarka?szukaj= oraz dzial 7265 wraz z archiwum zawieraja wylacznie rocznik 2025. | TURA 11: sprawdzono rodzine zrodel prawomiejscowe.pl (Baza Aktow Wlasnych) dla wszystkich 56 jednostek z brakami - platforma zwraca HTTP 200 i IDENTYCZNA strone-szkielet o stalej dlugosci 75 124 B rowniez dla nieistniejacej instytucji (test kontrolny: /UrzadGminyNieIstniejeXyz), a jej listy aktow laduja sie dynamicznie i nie zawieraja frazy ""raport"". Rodzina odrzucona jako nieprzydatna - analogiczna pulapka jak strona marketingowa eSesja (36 759 B). | TURA 12 (nowe rodziny zrodel): sprawdzono i wykluczono: (1) Common Crawl - indeks odpowiada, ale dla domen gmin zwraca wylacznie rekordy HTML bez plikow raportow, a przy intensywniejszym odpytywaniu host przechodzi w stan http=000 (rate-limit); (2) archive.today (.ph/.today/.is/.li) - HTTP 429, platforma blokuje adresacje tego srodowiska; (3) arquivo.pt oraz Memento TimeTravel - brak odpowiedzi/brak zasobow dla domen PL; (4) prawomiejscowe.pl - wykluczone w turze 11 (strona-szkielet 75 124 B dla dowolnej instytucji); (5) brute-force nazw plikow na serwerze idcom (bip-v1-files, 18 000 kombinacji ID wiadomosci x 12 typowych nazw) - 0 trafien, zgodnie z ustalona regula o nieskutecznosci zgadywania nazw; (6) skanowanie stron raportowych pod katem linkow do chmur zewnetrznych (Google Drive, Power BI, OneDrive, Dropbox, SharePoint) - poza Stawiguda zadna gmina nie hostuje raportu poza wlasnym BIP.[TURA 17 01.09.2026] DECYZJA UZYTKOWNIKA: wiersz->ok (raport za 2021 zidentyfikowany; URL CDX potwierdzony, artykul CMS 3469). Uwaga: Wayback obcina do 5MB, pelny nieodzyskany; zrodlo live=503. Rozmiar CDX 4 187 537 B. || [TURA 18 02.09.2026] DECYZJA UZYTKOWNIKA: status zmieniony ok -> brak_finalnie (ujednolicenie z metodyka: raport zidentyfikowany, ale kompletny plik nieosiagalny - Wayback/CommonCrawl obcinaja do 5 MiB / skan bez warstwy tekstowej => niepelny = brak z dowodem istnienia).",,true
29,mazowieckie,ciechanowski,Grudusk,gmina wiejska,1402052,2022,ok_finalnie,pdf,tekst,http://web.archive.org/web/20250807195625/http://nowa.grudusk.com/pliki/Raport_o_stanie/22/Raport%20W%C3%B3jta%20Gminy%20o%20stanie%20Gminy%20Grudusk%20za%202022%20rok.pdf,direct_without_tor,c8fab9ee6c1a550727948519e9590c9d9559869208bb7b8d5966b21d7b75899e,200,2026-09-04T21:53:17Z,,3.05,true
30,mazowieckie,ciechanowski,Grudusk,gmina wiejska,1402052,2023,brak_finalnie,,,brak,"dogłębne sprawdzenie (web search bez Tora + oficjalne strony roczne/CMS + załączniki + sitemap + Wayback + domeny alternatywne) - dowód istnienia; plik niedostępny/utracony; RE-WERYFIKACJA 29.08.2026: dokładny URL pliku (z archiwalnej karty Wayback/indeksu Google): http://nowa.grudusk.com/pliki/Raport_o_stanie/2023/Raport%20W%C3%B3jta%20Gminy%20o%20stanie%20Gminy%20Grudusk%20za%202023%20rok.pdf.; RE-WERYFIKACJA 29.08.2026: z archiwalnych kart artykułów Wayback (id_, captures 2019-2026) odzyskane DOKŁADNE ścieżki plików PDF raportów; origin nowa.grudusk.com = parking IQ.PL (http 503, https błąd SSL) — pliki NIEODZYSKALNE: CDX Wayback 0 captures, SAVE→520, lustra archive.today nieosiągalne, testy na żywo grudusk.com/pliki|images|media i Joomla by-ID = 404 (CMS zreorganizowany), nowe BIP bip.grudusk.com (platforma idcom-jst, site 47556, dział 7265 „Raport o stanie Gminy Grudusk"", pliki bip-v1-files.idcom-jst.pl) zawiera WYŁĄCZNIE raport za 2025 (wiadomość 20296 + sub 884946); artykuł 2023 (4286, 28.05.2024) potwierdzony w indeksie Google z linkami „pobierz"" SZEROKIE-GŁĘBOKIE POSZUKIWANIA 29.08.2026: karta artykułu 4286 ŻYJE w indeksie Google (pełny tekst: publikacja 28.05.2024, Wójt Marek Piotrowicz, 3 przyciski pobierz: raport/zgłoszenie/pismo do radnych; raport wg karty na bip.grudusk.com 'Raport Wójta o stanie gminy'); Wayback: 0 captures pliku i karty (filtr mime + (?i)raport, wszystkie subdomeny); CC: definitywne 0 (2024-10/2024-26/2024-38/2025-05); Bing 0; origin 503 → BRAK z dowodem",,BRAK_URL (dowód istnienia - plik utracony),2026-09-01T10:23:57Z,"NEG-plik FINALNIE (30.08.2026). Dowod istnienia: artykul CMS .../4286-raport-o-stanie-gminy-grudusk-za-2023 (opubl. 28.05.2024) o przekazaniu i udostepnieniu Raportu o stanie Gminy Grudusk za 2023 rok, linkujacy do http://nowa.grudusk.com/pliki/Raport_o_stanie/2023/Raport Wojta Gminy o stanie Gminy Grudusk za 2023 rok.pdf (adres potwierdzony niezaleznie takze przez wyszukiwarke Mojeek 30.08.2026). [30.08.2026 SZERZEJ] Nowe, niezaleznie sprawdzone kanaly: (1) Common Crawl - przeszukano 20 kolekcji (CC-MAIN-2025-30 do 2026-34) indeksem *.grudusk.com i prefiksem nowa.grudusk.com/pliki/Raport_o_stanie/* - archiwum CC zawiera WYLACZNIE raporty za 2018, 2019, 2021, 2022 i 2024; brak jakiegokolwiek capture za ten rok. (2) Wayback CDX prefix pliki/Raport_o_stanie - istnieja tylko katalogi /22/ i /2024/ (oraz stary katalog 2018/2019); katalogow /2020/ i /2023/ crawler NIGDY nie odwiedzil; replay id_ dla obu znanych URL = 404. (3) Nowy BIP bip.grudusk.com (IDcom, site 47556): dzial 7265 'Raport o stanie Gminy Grudusk' przefiltrowany po KAZDYM roku (lista/1/2019...2026) zwraca zawsze te sama jedna pozycje - raport za 2025; archiwum dzialu puste; enumeracja 6000 ID wiadomosci (884000-890000) - zero raportow starszych. (4) Origin nowa.grudusk.com nadal 503 (IQ.PL), Tor SOCKS5 nie laczy. WNIOSEK: raport istnial (dowod: artykul CMS), plik nie zostal utrwalony w zadnym archiwum i jest nieodzyskiwalny. | TURA 7: ponowna kwerenda Wayback CDX dla nowa.grudusk.com i grudusk.com nie ujawnila pliku raportu za ten rocznik (zarchiwizowano jedynie strone artykulu HTML). Domena nowa.grudusk.com -> HTTP 503, grudusk.com/index.php/... -> 404, bip.grudusk.com ma tylko rocznik 2025. Snapshoty stron artykulow niedostepne (serie HTTP 503). | TURA 10: sprawdzono ponownie przez TOR z polskim IP - Wayback Machine zwraca HTTP 503 dla pobrania pliku niezaleznie od adresu IP (API archive.org/wayback/available dziala i potwierdza istnienie snapshotu). Blokada lezy po stronie Internet Archive (rate-limiting/przeciazenie), nie jest geograficzna. Dodatkowo API potwierdza, ze dla pliku za 2018 rok NIE MA snapshotu (""archived_snapshots"": {}), mimo ze CDX go wczesniej listowal. | TURA 11: Wayback czesciowo odblokowany (pobranie pliku PDF zwraca HTTP 200), ale nadal obcina do 5 242 880 B (5 MiB) - proby z naglowkiem Range (bytes=5242880- oraz bytes=0-10485760) zwracaja HTTP 503, wiec dociagniecie brakujacej czesci jest niemozliwe. Zarchiwizowane strony artykulow grudusk.com (2334/2018, 2708/2019, 3122/2020, 3469/2021, 4641/2023) - 8 prob z odstepami 45 s, wszystkie HTTP 503. Cala infrastruktura hostingowa gminy na iq.pl jest wylaczona: nowa.grudusk.com i rada.grudusk.com zwracaja HTTP 503 (strona zastepcza hostingodawcy), grudusk.com/index.php/... -> 404. Portal sesyjny nie istnieje (grudusk.esesja.pl -> petla przekierowan, grudusk.posiedzenia.pl -> pusta odpowiedz 589 B). Nowy BIP bip.grudusk.com (idcom): wyszukiwarka /wyszukiwarka?szukaj= oraz dzial 7265 wraz z archiwum zawieraja wylacznie rocznik 2025. | TURA 11: sprawdzono rodzine zrodel prawomiejscowe.pl (Baza Aktow Wlasnych) dla wszystkich 56 jednostek z brakami - platforma zwraca HTTP 200 i IDENTYCZNA strone-szkielet o stalej dlugosci 75 124 B rowniez dla nieistniejacej instytucji (test kontrolny: /UrzadGminyNieIstniejeXyz), a jej listy aktow laduja sie dynamicznie i nie zawieraja frazy ""raport"". Rodzina odrzucona jako nieprzydatna - analogiczna pulapka jak strona marketingowa eSesja (36 759 B). | TURA 12 (nowe rodziny zrodel): sprawdzono i wykluczono: (1) Common Crawl - indeks odpowiada, ale dla domen gmin zwraca wylacznie rekordy HTML bez plikow raportow, a przy intensywniejszym odpytywaniu host przechodzi w stan http=000 (rate-limit); (2) archive.today (.ph/.today/.is/.li) - HTTP 429, platforma blokuje adresacje tego srodowiska; (3) arquivo.pt oraz Memento TimeTravel - brak odpowiedzi/brak zasobow dla domen PL; (4) prawomiejscowe.pl - wykluczone w turze 11 (strona-szkielet 75 124 B dla dowolnej instytucji); (5) brute-force nazw plikow na serwerze idcom (bip-v1-files, 18 000 kombinacji ID wiadomosci x 12 typowych nazw) - 0 trafien, zgodnie z ustalona regula o nieskutecznosci zgadywania nazw; (6) skanowanie stron raportowych pod katem linkow do chmur zewnetrznych (Google Drive, Power BI, OneDrive, Dropbox, SharePoint) - poza Stawiguda zadna gmina nie hostuje raportu poza wlasnym BIP.[TURA 17 01.09.2026] DECYZJA UZYTKOWNIKA: 2023 pozostaje BRAAK z dowodem istnienia (artykul CMS 4286 z 28.05.2024 o przekazaniu/udostepnieniu raportu za 2023; Wayback artykulu 404; plik nieodzyskany).",,true
31,mazowieckie,ciechanowski,Grudusk,gmina wiejska,1402052,2024,ok_finalnie,pdf,tekst,https://web.archive.org/web/20260114164639id_/http://nowa.grudusk.com/pliki/Raport_o_stanie/2024/Raport%20W%C3%B3jta%20Gminy%20o%20stanie%20Gminy%20Grudusk%20za%202024%20rok.pdf,direct_without_tor,bed2b7dd9e6360afbf8d66bd6b35417599384865fd4ca276bdf01bbda2d9eaed,200,2026-09-04T21:53:20Z,,2.897,true
32,mazowieckie,ciechanowski,Grudusk,gmina wiejska,1402052,2025,ok_finalnie,pdf,tekst,https://bip-v1-files.idcom-jst.pl/sites/47556/wiadomosci/884946/files/raport_wojta_gminy_o_stanie_gminy_grudusk_za_2025_rok_podpisana.pdf,direct_without_tor,4aedc26dbc0f42a4f41375fb418284d2f1c59e25b11a005dbd1b7c28aa6fefd4,200,2026-09-04T21:53:18Z,,1.866,true
33,mazowieckie,ciechanowski,Ojrzeń,gmina wiejska,1402062,2018,ok_finalnie,pdf,skan,https://ojrzen.pl/wp-content/uploads/2019/06/Raport-o-stanie-gminy-2018.pdf,direct_without_tor_ssl_off,1eedbb94426cffba56c27253433448e835ebba4eefa3a8a7cfb5145e43871a54,200,2026-09-04T23:28:25Z,,23.768,true
34,mazowieckie,ciechanowski,Ojrzeń,gmina wiejska,1402062,2019,ok_finalnie,pdf,tekst,https://ojrzen.pl/wp-content/uploads/2020/05/Raport-o-stanie-gminy-Gmina-Ojrze%C5%84.pdf,direct_without_tor_ssl_off,e87ff2ad5a468eb1ef0f9926455d5cf80bbff729c4e6ca63148aaf78e5196dcc,200,2026-09-04T23:28:28Z,,2.558,true
35,mazowieckie,ciechanowski,Ojrzeń,gmina wiejska,1402062,2020,ok_finalnie,pdf,tekst,http://ugojrzen.bip.org.pl/pliki/ugojrzen/raport_o_stanie_gminy_-_gmina_ojrzen_2020.pdf?20260815191706,direct_without_tor,e9f251f5099a5b9048757cc132b2dacd39a7bc3210ae871dc2aebf9d7ebce085,200,2026-09-04T22:42:00Z,,3.023,true
36,mazowieckie,ciechanowski,Ojrzeń,gmina wiejska,1402062,2021,ok_finalnie,pdf,tekst,https://ojrzen.pl/wp-content/uploads/2022/05/Raport-o-stanie-gminy-Gmina-Ojrzen-2021.pdf,direct_without_tor_ssl_off,6f5aa0f3449b6d63c1b6325877881c8fe5242ef841e283a2d80472c56d63faf2,200,2026-09-04T23:28:31Z,,5.111,true
37,mazowieckie,ciechanowski,Ojrzeń,gmina wiejska,1402062,2022,ok_finalnie,pdf,tekst,https://ojrzen.pl/wp-content/uploads/2023/06/Raport-o-stanie-gminy-Gmina-Ojrzen.pdf,direct_without_tor_ssl_off,3daf5a2b94f108e251085c4503fcff56e2b68126731cd8fdef4333f8dfeb0a16,200,2026-09-04T23:28:33Z,,3.693,true
38,mazowieckie,ciechanowski,Ojrzeń,gmina wiejska,1402062,2023,ok_finalnie,pdf,tekst,https://ojrzen.pl/wp-content/uploads/2024/05/Raport-o-stanie-gminy-p.pdf,direct_without_tor_ssl_off,b454aea797054c4479fd6fc2ecf54c8aa2e502af1dd1f7c4421a2a9a7cb96a56,200,2026-09-04T23:28:36Z,,3.339,true
39,mazowieckie,ciechanowski,Ojrzeń,gmina wiejska,1402062,2024,ok_finalnie,pdf,tekst,https://ojrzen.pl/wp-content/uploads/2025/05/Raport-o-stanie-gminy-2025.pdf,direct_without_tor_ssl_off,e194cead430ff15029fc9acb217bbad0e4858dc7cdd7f49e09063feb855cd371,200,2026-09-04T23:28:39Z,,3.92,true
40,mazowieckie,ciechanowski,Ojrzeń,gmina wiejska,1402062,2025,ok_finalnie,pdf,tekst,https://bip.ojrzen.pl/pliki/plik/raport-za-rok-2025-1779437002.pdf,direct_without_tor,ee4a27d986ed618b34ef72a86f7f45236fed0017e1cc0a85ef2121a6daba5531,200,2026-09-04T22:42:01Z,,4.278,true
41,mazowieckie,ciechanowski,Opinogóra Górna,gmina wiejska,1402072,2018,ok_finalnie,pdf,tekst,https://ugopinogora.bip.org.pl/pliki/ugopinogora/raport_o_stanie_gminy_opinogora_gorna_za_2018_rok_.pdf,direct_without_tor,cf40047743663fc35d0f254d0939bb46cecb1427df6d1bb14feb08617bad20fd,200,2026-09-04T21:53:26Z,,1.836,true
42,mazowieckie,ciechanowski,Opinogóra Górna,gmina wiejska,1402072,2019,ok_finalnie,pdf,tekst,https://ugopinogora.bip.org.pl/pliki/ugopinogora/raport_o_stanie_gminy_2019.pdf,direct_without_tor,ce2043b00055f6c9a305d6c9b93edf9fbd7c7435ba2a182f8c65fe2b43409bf1,200,2026-09-04T21:53:29Z,,3.081,true
43,mazowieckie,ciechanowski,Opinogóra Górna,gmina wiejska,1402072,2020,ok_finalnie,pdf,tekst,https://ugopinogora.bip.org.pl/pliki/ugopinogora/raport_o_stanie_gminy_2020_v1.pdf,direct_without_tor,ed18b29642a47ae766e64e2bb3bd13d16211b6be65a02ca1474cac95fbe25551,200,2026-09-04T21:53:33Z,,3.709,true
44,mazowieckie,ciechanowski,Opinogóra Górna,gmina wiejska,1402072,2021,ok_finalnie,pdf,tekst,https://ugopinogora.bip.org.pl/pliki/ugopinogora/raport_o_stanie_gminy_za_2021.pdf,direct_without_tor,19624d9beed72e6cd27571148e0fbde366bdf0af37c45e58ec313d8a3180c912,200,2026-09-04T21:53:36Z,,4.996,true
45,mazowieckie,ciechanowski,Opinogóra Górna,gmina wiejska,1402072,2022,ok_finalnie,pdf,tekst,https://ugopinogora.bip.org.pl/pliki/ugopinogora/raport%20o%20stanie%20gminy%20za%202022_20230614154853.pdf,direct_without_tor,d8392a5c19310c6c7204e209be92f35805d8ad0b6f025c533a2bbba04b419905,200,2026-09-04T21:53:39Z,,4.914,true
46,mazowieckie,ciechanowski,Opinogóra Górna,gmina wiejska,1402072,2023,ok_finalnie,pdf,tekst,https://ugopinogora.bip.org.pl/pliki/ugopinogora/raport_o_stanie_gminy_opinogora_za_2023_ost.pdf?20260726214501,direct_without_tor,f11b1b7065cc5613a9fcfb9d3b6dd0d962ed5317833b3c1b7e558c566b236afc,200,2026-09-04T21:53:42Z,,6.744,true
47,mazowieckie,ciechanowski,Opinogóra Górna,gmina wiejska,1402072,2024,ok_finalnie,pdf,tekst,https://ugopinogora.bip.org.pl/pliki/ugopinogora/raport_o_stanie_gminy_za_2024.pdf?20260518235217,direct_without_tor,f492210fffe31d35280ef82bb9b3e4a0c6f67f993ff03cb2ef188f589b740538,200,2026-09-04T21:53:46Z,,17.022,true
48,mazowieckie,ciechanowski,Opinogóra Górna,gmina wiejska,1402072,2025,ok_finalnie,pdf,tekst,https://ugopinogora.bip.org.pl/pliki/ugopinogora/raport_o_stanie_gminy_za_2025.pdf?20260726214501,direct_without_tor,6768bb25010cafd7166c6f677332816ba935055ac237294be6ea293e89bbde28,200,2026-09-04T21:53:50Z,,10.817,true
49,mazowieckie,ciechanowski,Regimin,gmina wiejska,1402082,2018,ok_finalnie,pdf,tekst,https://bip-v1-files.idcom-jst.pl/sites/3114/cms/szablony/13704/pliki/raport_o_stanie_gminy_regimin__kopia.pdf,direct_without_tor,777a241826dd0cb477b4be7a443e05943d33ca8dd9dd88bd4eee29a3b8bf1077,200,2026-09-04T21:53:22Z,,5.153,true
50,mazowieckie,ciechanowski,Regimin,gmina wiejska,1402082,2019,ok_finalnie,pdf,tekst,https://bip-v1-files.idcom-jst.pl/sites/3114/cms/szablony/14994/pliki/raport_o_stanie_gminy_regimin_za_2019.pdf,direct_without_tor,fa05c7f68bd0dd0ed251b3fa22bfb2c038a4bfd9e34853c2278580d524629338,200,2026-09-04T21:53:26Z,,8.387,true
51,mazowieckie,ciechanowski,Regimin,gmina wiejska,1402082,2020,ok_finalnie,pdf,tekst,https://bip-v1-files.idcom-jst.pl/sites/3114/cms/szablony/17711/pliki/raport_o_stanie_gminy_2020.pdf,direct_without_tor,ff8ad3331c5a8cffc6f8fa38dbd117fd95855ec537e8735b1ff803560e8048e3,200,2026-09-04T21:53:31Z,,13.478,true
52,mazowieckie,ciechanowski,Regimin,gmina wiejska,1402082,2021,ok_finalnie,pdf,tekst,https://bip-v1-files.idcom-jst.pl/sites/3114/cms/szablony/20349/pliki/raport_o_stanie_gminy_regimin_za_2021_rok_.pdf,direct_without_tor,1cab42c75f06ae01a619805c9da9f874a714becef5ebdfea27411a720a9afbc5,200,2026-09-04T21:53:35Z,,12.859,true
53,mazowieckie,ciechanowski,Regimin,gmina wiejska,1402082,2022,ok_finalnie,pdf,tekst,https://bip-v1-files.idcom-jst.pl/sites/3114/cms/szablony/21924/pliki/raport_o_stanie_gminy_regimin_za_2022_rok.pdf,direct_without_tor,309026a8c6f591dc0375757577198387b9483dcce401b7b9bd14b0be98ce83fc,200,2026-09-04T21:53:40Z,,8.935,true
54,mazowieckie,ciechanowski,Regimin,gmina wiejska,1402082,2023,ok_finalnie,pdf,tekst,https://bip-v1-files.idcom-jst.pl/sites/3114/cms/szablony/24422/pliki/raport_o_stanie_gminy_za_2023_rok_.pdf,direct_without_tor,3c2cadced2f38881f396d92f18f65d6e8f9d5ba82c93ff5c9289b644bae9bab2,200,2026-09-04T21:53:44Z,,13.666,true
55,mazowieckie,ciechanowski,Regimin,gmina wiejska,1402082,2024,ok_finalnie,pdf,tekst,https://bip-v1-files.idcom-jst.pl/sites/3114/cms/szablony/26846/pliki/raport_o_stanie_gminy_za_2024_rok.pdf,direct_without_tor,2b061d429c182053f13ab0af6421af6f9d6c43d5c0549ddb833e0feee5edc4e9,200,2026-09-04T21:53:49Z,,15.663,true
56,mazowieckie,ciechanowski,Regimin,gmina wiejska,1402082,2025,ok_finalnie,pdf,tekst,https://bip-v1-files.idcom-jst.pl/sites/3114/cms/szablony/29934/pliki/raport_o_stanie_gminy_regimin_za_2025_rok.pdf,direct_without_tor,56248015360cabbc454be470ea10329643d1e31ff7110fd88a9a2893ff36de8a,200,2026-09-04T21:53:53Z,,15.882,true
57,mazowieckie,ciechanowski,Sońsk,gmina wiejska,1402092,2018,ok_finalnie,pdf,tekst,https://sonsk.biuletyn.net/fls/bip_pliki/2020_12/BIPOLD008286/8286.pdf,direct_without_tor,16104d2d13401e1492ca2d1693d5ff7f2620566d332b73e2073fc0b4edf4b34b,200,2026-09-04T22:13:02Z,,2.789,true
58,mazowieckie,ciechanowski,Sońsk,gmina wiejska,1402092,2019,ok_finalnie,pdf,tekst,https://sonsk.biuletyn.net/fls/bip_pliki/2020_12/BIPOLD009348/9348.pdf,direct_without_tor,84bbfd5cac762277fedf6fdf3d16888c16b2a12ab419520ca10f153bd7dc5920,200,2026-09-04T22:13:07Z,,5.647,true
59,mazowieckie,ciechanowski,Sońsk,gmina wiejska,1402092,2020,ok_finalnie,pdf,tekst,http://sonsk.biuletyn.net/fls/bip_pliki/2021_05/BIPF5C245946E18BFZ/Raport_o_stanie_Gminy_Sonsk_za_2020_r.-14.05.21.pdf,direct_without_tor,f528407e76496265afba31bbf61980bc8deadf362f6182c9c93ee1b1efd239ad,200,2026-09-04T22:13:19Z,,13.869,true
60,mazowieckie,ciechanowski,Sońsk,gmina wiejska,1402092,2021,ok_finalnie,pdf,tekst,http://sonsk.biuletyn.net/fls/bip_pliki/2022_04/BIPF5DC70887D4C01Z/Raport_o_stanie_Gminy_Sonsk_za_2021_r..pdf,direct_without_tor,9d9052c835f97b80e6eb133a4fa7aff1852bdf2572453eee84fcad23ef9f8cdc,200,2026-09-04T22:13:25Z,,11.848,true
61,mazowieckie,ciechanowski,Sońsk,gmina wiejska,1402092,2022,ok_finalnie,pdf,tekst,https://sonsk.biuletyn.net/fls/bip_pliki/2023_04/BIPF5F9D73C904916Z/Raport_o_stanie_Gminy_Sonsk_za_2022_r..pdf,direct_without_tor,08a0411ad2da42c7f8a20c16e098e8f0b42475abc11a3f75b7b1f8eb090185ed,200,2026-09-04T22:13:33Z,,18.398,true
62,mazowieckie,ciechanowski,Sońsk,gmina wiejska,1402092,2023,ok_finalnie,pdf,tekst,https://sonsk.biuletyn.net/fls/bip_pliki/2024_06/BIPF61B111133181BZ/Raport_o_stanie_Gminy_Sonsk_za_2023_r.-_DRUK_NR_1.pdf,direct_without_tor,e0fce6121d14d011d47e93c980d88aea8ad03674becb23e3e8eb508c7cb1a77d,200,2026-09-04T22:13:41Z,,15.721,true
63,mazowieckie,ciechanowski,Sońsk,gmina wiejska,1402092,2024,ok_finalnie,pdf,tekst,https://sonsk.biuletyn.net/fls/bip_pliki/2025_03/BIPF630DA6EC00A38Z/Raport_o_stanie_Gminy_Sonsk_za_2024_r..pdf,direct_without_tor,2ceb3445424c81da3a1f58453c9cfe7261ae1fdf3cb24b9e4127237ba0f5166e,200,2026-09-04T22:13:48Z,,12.619,true
64,mazowieckie,ciechanowski,Sońsk,gmina wiejska,1402092,2025,ok_finalnie,pdf,tekst,https://www.sonsk.pl/asp/pliki/aktualnosci/raport_o_stanie_gminy_sonsk_za_2025_r..pdf,direct_without_tor,9a6f3e7047a871194d88e181e38e411a1ee8e44faee2f84ed19e3a4bfbfc3477,200,2026-09-04T22:42:03Z,,10.332,true
65,mazowieckie,m. Ostrołęka,Ostrołęka,gmina miejska (miasto na prawach powiatu),1461011,2018,ok_finalnie,pdf,tekst,https://bip.um.ostroleka.pl/attachments/download/9390,direct_without_tor,e86a89489111c58d01ccf66883e48da6568d7a0707c7af1d85afb807f4d0b024,200,2026-09-04T21:53:53Z,,4.74,true
66,mazowieckie,m. Ostrołęka,Ostrołęka,gmina miejska (miasto na prawach powiatu),1461011,2019,ok_finalnie,pdf,tekst,https://bip.um.ostroleka.pl/attachments/download/12753,direct_without_tor,0906e59fcec0bef525db4f4c33025b218bb826572219838c7f347eb8982838ad,200,2026-09-04T21:53:57Z,,1.561,true
67,mazowieckie,m. Ostrołęka,Ostrołęka,gmina miejska (miasto na prawach powiatu),1461011,2020,ok_finalnie,pdf,tekst,https://bip.um.ostroleka.pl/attachments/download/16099,direct_without_tor,fdf4e6aece2250c12ac388e6ac7a12d2e289745c253d3d6d411450657153251e,200,2026-09-04T21:54:00Z,,1.424,true
68,mazowieckie,m. Ostrołęka,Ostrołęka,gmina miejska (miasto na prawach powiatu),1461011,2021,ok_finalnie,pdf,tekst,https://bip.um.ostroleka.pl/attachments/download/18903,direct_without_tor,b03385bce113a876480c1a63361092818dd05b712d6ffffaed440e822c477621,200,2026-09-04T21:54:03Z,,3.396,true
69,mazowieckie,m. Ostrołęka,Ostrołęka,gmina miejska (miasto na prawach powiatu),1461011,2022,ok_finalnie,pdf,tekst,https://bip.um.ostroleka.pl/attachments/download/21411,direct_without_tor,d4faa3dd8302621e9d18d3b072158b90d17f2a9c0a340e24800dea687c37965f,200,2026-09-04T21:54:06Z,,3.297,true
70,mazowieckie,m. Ostrołęka,Ostrołęka,gmina miejska (miasto na prawach powiatu),1461011,2023,ok_finalnie,pdf,tekst,https://bip.um.ostroleka.pl/attachments/download/24271,direct_without_tor,f3e33986c350839e2c5e7e389312c841b88fa493bdec5eb76fa31b4dfd8de7fb,200,2026-09-04T21:54:09Z,,3.355,true
71,mazowieckie,m. Ostrołęka,Ostrołęka,gmina miejska (miasto na prawach powiatu),1461011,2024,ok_finalnie,pdf,tekst,https://bip.um.ostroleka.pl/attachments/download/26961,direct_without_tor,aa2b9e48103e0129e9ef9fdd07369c356a23b9d83106fdc664c8e5ad978b227c,200,2026-09-04T21:54:12Z,,3.38,true
72,mazowieckie,m. Ostrołęka,Ostrołęka,gmina miejska (miasto na prawach powiatu),1461011,2025,ok_finalnie,pdf,tekst,https://bip.um.ostroleka.pl/attachments/download/29431,direct_without_tor,87e9863b63bb62924976627f17991b3533490f58147d52fe6719438e0d1abfb8,200,2026-09-04T21:54:15Z,,4.126,true
73,mazowieckie,m. Siedlce,Siedlce,gmina miejska (miasto na prawach powiatu),1464011,2018,ok_finalnie,pdf,tekst,https://www.bip.siedlce.pl/bip/89_umsiedlce/fckeditor/file/Raport%20o%20stanie%20miasta%20Siedlcv/2018//raport-o-stanie-miasta-w-2018-r.pdf,direct_without_tor_ssl_off,28b71965dd43abae6290d5398ddf057b032869f08076748996fe538e96bc6c11,200,2026-09-04T23:21:34Z,,2.476,true
74,mazowieckie,m. Siedlce,Siedlce,gmina miejska (miasto na prawach powiatu),1464011,2019,ok_finalnie,pdf,tekst,https://siedlce.pl/media/download/5dcaa08a-8380-4dbe-9213-2842f0824590,direct_without_tor,97b6ef8af81face1c011262e130ac5403bdf137356a8c31bf925eeef06c86bc2,200,2026-09-04T22:42:08Z,,1.914,true
75,mazowieckie,m. Siedlce,Siedlce,gmina miejska (miasto na prawach powiatu),1464011,2020,ok_finalnie,pdf,tekst,https://www.bip.siedlce.pl/bip/89_umsiedlce/fckeditor/file/Raport%20o%20stanie%20miasta%20Siedlcv/2020//Raport-2020.pdf,direct_without_tor_ssl_off,18988ffaf49f6fba2fa6a48e6ea7679d217e07cb35830c63192db3554a4a3123,200,2026-09-09T12:27:32Z,[TURA 22 09.09.2026] | KOREKTA: wejściowy wiersz ok wskazywał raport głosowań z sesji 22.12.2020 zamiast raportu o stanie miasta,2.217,true
76,mazowieckie,m. Siedlce,Siedlce,gmina miejska (miasto na prawach powiatu),1464011,2021,ok_finalnie,pdf,tekst,https://www.bip.siedlce.pl/bip/89_umsiedlce/fckeditor/file/Raport%20o%20stanie%20miasta%20Siedlcv/2021/Raport2021.pdf,direct_without_tor_ssl_off,6550d082274c35f30b828c8fdbf4a713523a2ef57a91c67b4618d1ddbdf607be,200,2026-09-04T23:21:38Z,,2.89,true
77,mazowieckie,m. Siedlce,Siedlce,gmina miejska (miasto na prawach powiatu),1464011,2022,ok_finalnie,pdf,tekst,https://bip.siedlce.pl/bip/89_umsiedlce/fckeditor/file/Raport%20o%20stanie%20miasta%20Siedlcv/2022//Raport_o_stanie_miasta_Siedlce2022.pdf,direct_without_tor_ssl_off,f5d7769f835158e5140e748ce60192261fe75a457e9a5d23bbb85d9392813fba,200,2026-09-04T23:53:54Z,,1.81,true
78,mazowieckie,m. Siedlce,Siedlce,gmina miejska (miasto na prawach powiatu),1464011,2023,ok_finalnie,pdf,tekst,https://www.bip.siedlce.pl/bip/89_umsiedlce/fckeditor/file/Raport%20o%20stanie%20miasta%20Siedlcv/2023//Raport_o_stanie_miasta_za_2023.pdf,direct_without_tor_ssl_off,f622d08df6a74b517f26f31925661f7a42d88556aaa7642c2e41446a7ff4df4f,200,2026-09-04T23:53:54Z,,4.065,true
79,mazowieckie,m. Siedlce,Siedlce,gmina miejska (miasto na prawach powiatu),1464011,2024,ok_finalnie,pdf,tekst,https://www.bip.siedlce.pl/bip/89_umsiedlce/fckeditor/file/2025/raport%20o%20stanie%20miasta/RAPORT%20O%20STANIE%20MIASTA%20W%202024%20ROKU.pdf,direct_without_tor_ssl_off,6bccacfe661ec2ea9547fdd9fdf7006435e6859fe300f12cada51b389baf41af,200,2026-09-04T23:21:47Z,,5.108,true
80,mazowieckie,m. Siedlce,Siedlce,gmina miejska (miasto na prawach powiatu),1464011,2025,ok_finalnie,pdf,tekst,https://bip.siedlce.pl/bip/89_umsiedlce/fckeditor/file/2026/Raport%20o%20stanie%20miasta%202025/RAPORT_2025.pdf,direct_without_tor | recheck_ssl_off,9c5940f468bcb2645c9538a62b3e0ca68f9f37f652705a6dfb1d79dbbfef85af,200,2026-09-02T08:42:55Z,,9.248,true
81,mazowieckie,makowski,Czerwonka,gmina wiejska,1411022,2018,ok_finalnie,pdf,skan,https://czerwonka.biuletyn.net/fls/bip_pliki/2020_02/BIPOLD003076/3076.pdf,direct_without_tor_ssl_off + ocr,f832ccf84fb9991ba3953b396a59500fd8aa06331479206ac6667baed624d564,200,2026-09-04T23:20:46Z,,98.412,true
82,mazowieckie,makowski,Czerwonka,gmina wiejska,1411022,2019,ok_finalnie,pdf,tekst,https://czerwonka.biuletyn.net/fls/bip_pliki/2020_06/BIPF5A702BB40EB60Z/Raport_o_stanie_gminy_2019.pdf,direct_without_tor_ssl_off,ed1231c8a46e95b1e42fac4a4cb50114c985b4447a2a9550d07c9ab686f6c0b1,200,2026-09-04T23:20:50Z,,6.151,true
83,mazowieckie,makowski,Czerwonka,gmina wiejska,1411022,2020,ok_finalnie,pdf,tekst,https://czerwonka.biuletyn.net/fls/bip_pliki/2021_05/BIPF5C336EB5EDEE9Z/Raport_o_stanie_gminy_za_2020.pdf,direct_without_tor_ssl_off,81a85ecca235fcc21b1da47c1efea33cafc9a0d55b250a6c82d4446333acff40,200,2026-09-04T23:20:55Z,,7.34,true
84,mazowieckie,makowski,Czerwonka,gmina wiejska,1411022,2021,ok_finalnie,pdf,tekst,https://czerwonka.biuletyn.net/fls/bip_pliki/2022_05/BIPF5DFADA0D7C578Z/Raport_o_stanie_gminy_za_2021.pdf,direct_without_tor_ssl_off,4a7617bc03b13f73fec71dc857a16fc0d859e3dc057e8d7fbc1a93f7d348ff1f,200,2026-09-04T23:20:59Z,,6.533,true
85,mazowieckie,makowski,Czerwonka,gmina wiejska,1411022,2022,ok_finalnie,docx,tekst,https://czerwonka.biuletyn.net/fls/bip_pliki/2023_05/BIPF5FAF11B8558C6Z/Raport_o_stanie_gminy_za_2022_r..docx,direct_without_tor_ssl_off,9a48427b64ca0cd973dbbcd2f7ac64d822a3d59a2241815a46b52d19a091d7d4,200,2026-09-04T23:21:06Z,,12.701,true
86,mazowieckie,makowski,Czerwonka,gmina wiejska,1411022,2023,ok_finalnie,pdf,tekst,https://czerwonka.biuletyn.net/fls/bip_pliki/2024_05/BIPF617F0D05ECDC2Z/Raport_o_stanie_Gminy_Czerwonka_za_2023_r___005_.pdf,direct_without_tor_ssl_off,25b26dc0cf4c63c3d85a16f2dd59c45ff6c8b851d34df6c2cb78812f7d19e865,200,2026-09-04T23:21:10Z,,4.128,true
87,mazowieckie,makowski,Czerwonka,gmina wiejska,1411022,2024,ok_finalnie,pdf,tekst,http://czerwonka.biuletyn.net/fls/bip_pliki/2025_04/BIPF633981813A63Z/Raport_o_stanie_Gminy_Czerwonka_za_2024r..pdf,direct_without_tor_ssl_off,ff510bcf0ba78f146880dd7af0cf034e8709f6456ced1f3d26ea15eae9b898e9,200,2026-09-04T23:21:17Z,,13.562,true
88,mazowieckie,makowski,Czerwonka,gmina wiejska,1411022,2025,ok_finalnie,pdf,tekst,https://czerwonka.biuletyn.net/fls/bip_pliki/2026_05/BIPF6522B00FD2554Z/Raport_o_stanie_gminy_Czerwonka_za_rok_2025_-_do_publikacji..pdf,direct_without_tor_ssl_off,390ba5b10867378ff69011b4485fbaa45df39ccd42176857c2bb89ad77d05739,200,2026-09-04T23:21:21Z,,3.924,true
89,mazowieckie,makowski,Karniewo,gmina wiejska,1411032,2018,ok_finalnie,pdf,tekst,https://karniewo.biuletyn.net/fls/bip_pliki/2020_04/BIPOLD004327/4327.pdf,direct_without_tor,341e08d52eeb85ec41b965d3b93d060c898f2e7cf435da8ad9dd0c93a7c2d833,200,2026-09-04T22:13:05Z,,9.12,true
90,mazowieckie,makowski,Karniewo,gmina wiejska,1411032,2019,ok_finalnie,pdf,skan,https://karniewo.biuletyn.net/fls/bip_pliki/2020_06/BIPF5A7159DFF21BAZ/Raport_o_stanie_Gminy_Karniewo_za_2019.pdf,direct_without_tor,8f9f7b413f3bd4580539ab0162dc6a68f6b0a780e2d0d86ad2c5213db580687c,200,2026-09-04T22:13:40Z,,41.78,true
91,mazowieckie,makowski,Karniewo,gmina wiejska,1411032,2020,ok_finalnie,pdf,skan,https://karniewo.biuletyn.net/fls/bip_pliki/2021_06/BIPF5C3C80E6E8918Z/ZWGK_22.2021_raportGmina.pdf,direct_without_tor_ssl_off + ocr,b88b770d7f1e1e2b5267c1c739b71476110f7e7ccd4466a86d09dd8f16c8069a,200,2026-09-04T23:38:50Z,,79.049,true
92,mazowieckie,makowski,Karniewo,gmina wiejska,1411032,2021,ok_finalnie,pdf,skan,https://karniewo.biuletyn.net/fls/bip_pliki/2022_06/BIPF5E08546377FEAZ/RaportGmina2021.pdf,direct_without_tor,8dcb91eb81b2c5136255917ef5cb1afe4b610cda69f32c011afe7fb5e71b389f,200,2026-09-04T22:14:16Z,,72.999,true
93,mazowieckie,makowski,Karniewo,gmina wiejska,1411032,2022,ok_finalnie,pdf,skan,https://karniewo.biuletyn.net/fls/bip_pliki/2023_06/BIPF5FD622E5918C9Z/doc02001120230605093339.pdf,direct_without_tor,42f14ff87b66c4b4a2d186428f79b3152a06d0c227612bdc7924b53401a60012,200,2026-09-04T22:14:52Z,,86.575,true
94,mazowieckie,makowski,Karniewo,gmina wiejska,1411032,2023,ok_finalnie,pdf,skan,https://karniewo.biuletyn.net/fls/bip_pliki/2024_06/BIPF619FAB8483FE1Z/ZWKG.37.2024.pdf,direct_without_tor,869d89e49897b7287455ccf8a1ad943b7aca427379eb135308311f8ba41fd8a7,200,2026-09-04T22:15:24Z,,90.544,true
95,mazowieckie,makowski,Karniewo,gmina wiejska,1411032,2024,ok_finalnie,pdf,skan,https://karniewo.biuletyn.net/fls/bip_pliki/2025_05/BIPF6365A87357F44Z/doc06536620250530075937.pdf,direct_without_tor,737de2d1d47ab59d6551d588fe22eb9a8f4cf342332bdddef88ac43b61b97ef3,200,2026-09-04T22:15:54Z,,88.933,true
96,mazowieckie,makowski,Karniewo,gmina wiejska,1411032,2025,ok_finalnie,pdf,skan,https://karniewo.biuletyn.net/fls/bip_pliki/2026_06/BIPF6532D12DA22FBZ/zarzadzenie_22_26_.pdf,direct_without_tor,256f7b84f240dd8e6913a329018602452b709c263a0219c3f880ffc1658c0c4c,200,2026-09-04T22:16:23Z,,81.116,true
97,mazowieckie,makowski,Krasnosielc,gmina wiejska,1411042,2018,ok_finalnie,pdf,tekst,"https://bip-ugkrasnosielc.pl/plik,1270,raport-o-stanie-gminy-krasnosielc.pdf",direct_without_tor_ssl_off,b30b6f7df00c728c6b73217bb2747772f63c9c73f5e75e3e3ba0594556a7e993,200,2026-09-04T23:38:37Z,,1.868,true
98,mazowieckie,makowski,Krasnosielc,gmina wiejska,1411042,2019,ok_finalnie,docx,tekst,"https://bip-ugkrasnosielc.pl/plik,1635,raport-o-stanie-gminy-2019-1-docx.docx",direct_without_tor,d089ca64ddc3b9befbba1f65e00a3983337f4cfac49062ec72d585d8ee60c6fa,200,2026-09-04T22:30:46Z,,3.661,true
99,mazowieckie,makowski,Krasnosielc,gmina wiejska,1411042,2020,ok_finalnie,docx,tekst,"https://bip-ugkrasnosielc.pl/plik,2004,raport-o-stanie-gminy-2020-docx.docx",direct_without_tor,6009bbc992ccb13fa5b4e842e48f22647a04784727c5e18cb852a434948e8469,200,2026-09-04T22:30:59Z,,4.395,true
100,mazowieckie,makowski,Krasnosielc,gmina wiejska,1411042,2021,ok_finalnie,pdf,tekst,"https://bip-ugkrasnosielc.pl/plik,3215,raport-o-stanie-gminy-2021-pdf.pdf",direct_without_tor,2594348586328ebdb53db5be3d5a24b65a7791869033ff43a19c1365ea1e6209,200,2026-09-04T22:31:04Z,,3.281,true
101,mazowieckie,makowski,Krasnosielc,gmina wiejska,1411042,2022,ok_finalnie,pdf,tekst,https://gminakrasnosielc.pl/wp-content/uploads/2023/06/RAPORT-o-stanie-Gminy-2022-1.pdf,direct_without_tor_ssl_off,b9b377bb668af03a063bab59c1c05c45ff3617c3238f0b835d31e8573890f2e6,200,2026-09-04T23:36:05Z,,4.724,true
102,mazowieckie,makowski,Krasnosielc,gmina wiejska,1411042,2023,ok_finalnie,pdf,tekst,"https://bip-ugkrasnosielc.pl/plik,3691,raport-o-stanie-gminy-krasnosielc-za-2023-r-pdf.pdf",direct_without_tor,f821e628e5c395d2e5c2f616b30dade866ec625672d43c2cfa02ab13c9a1693a,200,2026-09-04T22:31:16Z,,10.175,true
103,mazowieckie,makowski,Krasnosielc,gmina wiejska,1411042,2024,ok_finalnie,pdf,tekst,"https://bip-ugkrasnosielc.pl/plik,4255,raport-o-stanie-gminy-krasnosielc-2024-pdf.pdf",direct_without_tor,3331e38c32bd858479c491963ffdc577315c49d3c0e6a6048c0eec7922bc7b55,200,2026-09-04T22:31:27Z,,10.163,true
104,mazowieckie,makowski,Krasnosielc,gmina wiejska,1411042,2025,ok_finalnie,pdf,tekst,https://gminakrasnosielc.pl/wp-content/uploads/2026/06/Raport_o_stanie_Gminy_Krasnosielc_za_2025-1.pdf,direct_without_tor_ssl_off,a52b2bb514341781941e4f70b870d5c5711fd33ec2147652d889466e68800308,200,2026-09-04T23:36:08Z,,4.146,true
105,mazowieckie,makowski,Maków Mazowiecki,gmina miejska,1411011,2018,ok_finalnie,pdf,tekst,"https://www.makowmazowiecki.pl/plik,5488,raport-o-stanie-miasta-makow-mazowiecki-2018.pdf",direct_without_tor,3a17c326d122e6a2704c8951dfa27e83c4e1c699b571cf62b2eedbcdcfd25ca7,200,2026-09-04T22:30:49Z,,2.696,true
106,mazowieckie,makowski,Maków Mazowiecki,gmina miejska,1411011,2019,ok_finalnie,pdf,tekst,"https://www.makowmazowiecki.pl/plik,7982,raport-o-stanie-miasta-makow-mazowiecki-2019.pdf",direct_without_tor,711d6d10d37f870c75d896640c225dce3c19e9a8c2c20d034f9f5d5f633ed474,200,2026-09-04T22:30:52Z,,1.723,true
107,mazowieckie,makowski,Maków Mazowiecki,gmina miejska,1411011,2020,ok_finalnie,pdf,tekst,"https://www.makowmazowiecki.pl/plik,7978,raport-o-stanie-miasta-makow-mazowiecki-za-2020-rok.pdf",direct_without_tor,18573121572b3bb2b4a518a1287e3053663afe00c0e2ede3f6d6654bb299975e,200,2026-09-04T22:30:56Z,,2.037,true
108,mazowieckie,makowski,Maków Mazowiecki,gmina miejska,1411011,2021,ok_finalnie,pdf,tekst,"https://www.makowmazowiecki.pl/plik,7974,raport-o-stanie-miasta-makow-mazowiecki-za-2021-rok.pdf",direct_without_tor,f3bfae01b790636495a1dd12cbd1efd2c939d6dd02baf3668e7b163bd27bbacd,200,2026-09-04T22:31:00Z,,1.66,true
109,mazowieckie,makowski,Maków Mazowiecki,gmina miejska,1411011,2022,ok_finalnie,pdf,tekst,"https://www.makowmazowiecki.pl/plik,7970,raport-o-stanie-miasta-makow-mazowiecki-2022.pdf",direct_without_tor,8db45b22f7c3514f3205370b49b214d67cfc1195a6b3bada2e35f4abbb66bc05,200,2026-09-04T22:31:03Z,,1.413,true
110,mazowieckie,makowski,Maków Mazowiecki,gmina miejska,1411011,2023,ok_finalnie,pdf,tekst,"https://bip.makowmazowiecki.pl/plik,8844,raport-o-stanie-miasta-makow-mazowiecki-2023.pdf",direct_without_tor,59a6c4219be7606fbaa737d9962e01c265693a7962645be3b2d168ae20337672,200,2026-09-04T22:38:53Z,,1.205,true
111,mazowieckie,makowski,Maków Mazowiecki,gmina miejska,1411011,2024,ok_finalnie,pdf,tekst,"https://bip.makowmazowiecki.pl/plik,9620,raport-o-stanie-miasta-makow-mazowiecki-2024.pdf",direct_without_tor,a434c4e45cfc0ae89c6b0ccec717100f3bdcfbca2c92deacbf5d028a01e475bf,200,2026-09-04T22:38:57Z,,1.413,true
112,mazowieckie,makowski,Maków Mazowiecki,gmina miejska,1411011,2025,ok_finalnie,pdf,tekst,"https://bip.makowmazowiecki.pl/plik,10323,raport-o-stanie-miasta-makow-mazowiecki-2025.pdf",direct_without_tor,543f972fe714568460c82b46a6094c6a13aedaef08339ffc43565a6d99cccaad,200,2026-09-04T22:39:00Z,,1.06,true
113,mazowieckie,makowski,Młynarze,gmina wiejska,1411052,2018,ok_finalnie,docx,tekst,http://mlynarze.bipgminy.pl/public/get_file.php?id=472655,direct_without_tor,39ec51b269fc67e4bd44866cbcaf89de9dcb9771e2c4e3e8d82028c3c6ba24d8,200,2026-09-04T21:53:52Z,,0.938,true
114,mazowieckie,makowski,Młynarze,gmina wiejska,1411052,2019,ok_finalnie,docx,tekst,http://mlynarze.bipgminy.pl/public/get_file.php?id=504710,direct_without_tor,5b4fdcf3ee042b1abd54a807ce186eeb7364c30aa5b51eb069a287e783183016,200,2026-09-04T21:53:55Z,,2.945,true
115,mazowieckie,makowski,Młynarze,gmina wiejska,1411052,2020,ok_finalnie,docx,tekst,http://mlynarze.bipgminy.pl/public/get_file.php?id=532276,direct_without_tor,da43219b4fd7253e50c629cad08c07d9d760a27bdfaac624d17fed45884ccbb1,200,2026-09-04T21:53:59Z,,5.611,true
116,mazowieckie,makowski,Młynarze,gmina wiejska,1411052,2021,ok_finalnie,docx,tekst,http://mlynarze.bipgminy.pl/public/get_file.php?id=554415,direct_without_tor,6f7f80a7f3677d5b7cbeea9f87e9265788c5f17fda25c3349a6fef95d5fbc19d,200,2026-09-04T21:54:02Z,,5.611,true
117,mazowieckie,makowski,Młynarze,gmina wiejska,1411052,2022,ok_finalnie,pdf,tekst,http://mlynarze.bipgminy.pl/public/get_file.php?id=572185,direct_without_tor,d872c29711cb9a2e522635a3e10b735e4985d6f7e08e4dbe22e4a848cb1c3ab0,200,2026-09-04T21:54:05Z,,3.733,true
118,mazowieckie,makowski,Młynarze,gmina wiejska,1411052,2023,ok_finalnie,pdf,tekst,http://mlynarze.bipgminy.pl/public/get_file.php?id=589534,direct_without_tor,41ca54124c79f60a0c8c55ffc6ebce6dd15561ebf1ec7d518e0424e345736081,200,2026-09-04T21:54:08Z,,2.533,true
119,mazowieckie,makowski,Młynarze,gmina wiejska,1411052,2024,ok_finalnie,pdf,tekst,http://mlynarze.bipgminy.pl/public/get_file.php?id=608649,direct_without_tor,072a9042a22e5a07f2b93ee63613ef411fd3462289f7db540f686e4bd87b2682,200,2026-09-04T21:54:11Z,,1.349,true
120,mazowieckie,makowski,Młynarze,gmina wiejska,1411052,2025,ok_finalnie,pdf,tekst,http://mlynarze.bipgminy.pl/public/get_file.php?id=623017,direct_without_tor,fb70144d812e4958a2c88002eb1e8fc0db6e9e96743eeb700cabf477ca031b80,200,2026-09-04T21:54:13Z,,1.962,true
121,mazowieckie,makowski,Płoniawy-Bramura,gmina wiejska,1411062,2018,ok_finalnie,pdf,tekst,https://bip.ploniawy-bramura.pl/public/getFile?id=324530,direct_without_tor_ssl_off,28df515028169a012acd45b6a208ed43a43e04512f1379915d4aaf0bce12fce9,200,2026-09-04T23:20:14Z,,4.13,true
122,mazowieckie,makowski,Płoniawy-Bramura,gmina wiejska,1411062,2019,ok_finalnie,pdf,tekst,https://bip.ploniawy-bramura.pl/public/getFile?id=337988,direct_without_tor_ssl_off,3c9057413cfc1a5eda64082df3e551edb76c5eaae1290992d199e3c5b48c01eb,200,2026-09-04T23:20:18Z,,4.362,true
123,mazowieckie,makowski,Płoniawy-Bramura,gmina wiejska,1411062,2020,ok_finalnie,pdf,tekst,https://bip.ploniawy-bramura.pl/public/getFile?id=349956,direct_without_tor_ssl_off,fb321ef076bae3f606d2ae246cdb6312bcfa6fce9b0ebd5dbadc6bc152603296,200,2026-09-04T23:20:22Z,,8.261,true
124,mazowieckie,makowski,Płoniawy-Bramura,gmina wiejska,1411062,2021,ok_finalnie,pdf,tekst,https://bip.ploniawy-bramura.pl/public/getFile?id=357317,direct_without_tor_ssl_off,8e79d1bc985f1caa891acfbf6f875093358966ec679aa0a8b5efac6356d33dda,200,2026-09-04T23:20:27Z,,13.57,true
125,mazowieckie,makowski,Płoniawy-Bramura,gmina wiejska,1411062,2022,ok_finalnie,pdf,tekst,https://bip.ploniawy-bramura.pl/public/getFile?id=364793,direct_without_tor_ssl_off,5ab2a5a0306745b84ccd7e9b4ba1e6ff9e03f179f06dec8f63f0ba9b2bba28ec,200,2026-09-04T23:20:32Z,,10.368,true
126,mazowieckie,makowski,Płoniawy-Bramura,gmina wiejska,1411062,2023,ok_finalnie,pdf,tekst,https://bip.ploniawy-bramura.pl/public/getFile?id=372054,direct_without_tor_ssl_off,4cff533a96ba49334a5d1f06132993a7feb8ccaf510dcd7de67c7deac3c0656c,200,2026-09-04T23:20:36Z,,13.286,true
127,mazowieckie,makowski,Płoniawy-Bramura,gmina wiejska,1411062,2024,ok_finalnie,pdf,tekst,https://bip.ploniawy-bramura.pl/public/getFile?id=380346,direct_without_tor_ssl_off,25dfeb31da656ce8a7aacf910aa5e13d6d82764b87e37d0e6475ce945050497f,200,2026-09-04T23:20:40Z,,12.289,true
128,mazowieckie,makowski,Płoniawy-Bramura,gmina wiejska,1411062,2025,ok_finalnie,pdf,tekst,https://bip.ploniawy-bramura.pl/public/getFile?id=388591,direct_without_tor_ssl_off,494e47a95347a7e4be23f0fc10b8fc0c92abf818ddb974b1d12a1552ed0b4dc1,200,2026-09-04T23:20:44Z,,7.63,true
129,mazowieckie,makowski,Rzewnie,gmina wiejska,1411082,2018,ok_finalnie,pdf,skan,https://rzewnie.bipgminy.pl/public/get_file.php?id=324593,direct_without_tor_ssl_off + ocr,910a2b004532df920db05ef3590afbabbed4172f3bcaaf294bba94c127287df4,200,2026-09-04T23:20:28Z,,9.729,true
130,mazowieckie,makowski,Rzewnie,gmina wiejska,1411082,2019,ok_finalnie,pdf,skan,https://rzewnie.bipgminy.pl/public/get_file.php?id=337904,direct_without_tor_ssl_off + ocr,64fd20e76c1c82b63b74cf7542e1ef78b8d47c2ff659f8ac91afb3fb4c322238,200,2026-09-04T23:20:41Z,,22.277,true
131,mazowieckie,makowski,Rzewnie,gmina wiejska,1411082,2020,ok_finalnie,pdf,skan,https://rzewnie.bipgminy.pl/public/get_file.php?id=349634,direct_without_tor_ssl_off + ocr,e1fe0c6bb34d863918db085c93ad0c3ee23c47947baa3510928447481c8c0416,200,2026-09-04T23:20:54Z,,22.433,true
132,mazowieckie,makowski,Rzewnie,gmina wiejska,1411082,2021,ok_finalnie,pdf,skan,https://rzewnie.bipgminy.pl/public/get_file.php?id=357070,direct_without_tor_ssl_off + ocr,a57c05acbe3618285f8080bc6146e5c7c5919f0770cb0aa37ef063ac118451eb,200,2026-09-04T23:21:16Z,,4.181,true
133,mazowieckie,makowski,Rzewnie,gmina wiejska,1411082,2022,ok_finalnie,pdf,tekst,https://rzewnie.bipgminy.pl/public/get_file.php?id=364463,direct_without_tor_ssl_off,f93499a333f2a519d73b438d876d8b5c1f58b8feceaac3a3254ed4a92cc646ca,200,2026-09-04T23:21:19Z,,3.914,true
134,mazowieckie,makowski,Rzewnie,gmina wiejska,1411082,2023,ok_finalnie,pdf,tekst,https://rzewnie.bipgminy.pl/public/get_file.php?id=371918,direct_without_tor_ssl_off,acd7ee3ac98a415d95f0b2f1e58aa349c303bd18d7e11397b2b8d8f52f2c0b19,200,2026-09-04T23:21:22Z,,3.795,true
135,mazowieckie,makowski,Rzewnie,gmina wiejska,1411082,2024,ok_finalnie,pdf,skan,https://rzewnie.bipgminy.pl/public/get_file.php?id=379839,direct_without_tor_ssl_off + ocr,e55dccbf249049d33460201355fd4b47e266a699ab35d3b0f11330ff368d2166,200,2026-09-04T23:21:38Z,,3.087,true
136,mazowieckie,makowski,Rzewnie,gmina wiejska,1411082,2025,ok_finalnie,pdf,skan,https://rzewnie.bipgminy.pl/public/get_file.php?id=388091,direct_without_tor_ssl_off + ocr,ec415a1b8c335b19357f4637060b26748f69939ab05ef17103af6a342e6c5bf1,200,2026-09-04T23:21:55Z,,2.783,true
137,mazowieckie,makowski,Różan,gmina miejsko-wiejska,1411073,2018,ok_finalnie,pdf,tekst,https://www.rozan.bipgminy.pl/public/get_file.php?id=324659,direct_without_tor_ssl_off,ebf77d04a952f6a44db5687e95197c6f7aeeb4f93ea749c02e785c779d917ff1,200,2026-09-04T23:20:13Z,,0.997,true
138,mazowieckie,makowski,Różan,gmina miejsko-wiejska,1411073,2019,ok_finalnie,pdf,tekst,https://www.rozan.bipgminy.pl/public/get_file.php?id=337594,direct_without_tor_ssl_off,da47be43ae0d997969e963e41fa6fcf54ce8179719fdc96ee41172fc3d0a5252,200,2026-09-04T23:20:16Z,,1.015,true
139,mazowieckie,makowski,Różan,gmina miejsko-wiejska,1411073,2020,ok_finalnie,pdf,tekst,https://www.rozan.bipgminy.pl/public/get_file.php?id=349681,direct_without_tor_ssl_off,a98aa62c7daa813a750ee3210ab912c72912067142f3d451525f78dc9258bfc9,200,2026-09-04T23:20:19Z,,0.442,true
140,mazowieckie,makowski,Różan,gmina miejsko-wiejska,1411073,2021,ok_finalnie,pdf,tekst,https://www.rozan.bipgminy.pl/public/get_file.php?id=356938,direct_without_tor_ssl_off,266876ba3d23e82622d62e6fdadb3b36110dd5e2e42ccad283cee227f199259d,200,2026-09-04T23:20:21Z,,0.451,true
141,mazowieckie,makowski,Różan,gmina miejsko-wiejska,1411073,2022,ok_finalnie,pdf,tekst,https://www.rozan.bipgminy.pl/public/get_file.php?id=364681,direct_without_tor_ssl_off,a168b1921eb8dceb82babdd85b1a561e4bc904e0fa2a3010de485a39bb5b7b0d,200,2026-09-04T23:20:24Z,,0.399,true
142,mazowieckie,makowski,Różan,gmina miejsko-wiejska,1411073,2023,ok_finalnie,pdf,tekst,https://www.rozan.bipgminy.pl/public/get_file.php?id=371488,direct_without_tor_ssl_off,a25f74dce8a914bbe53d1772d4084e68b0c17646ca970c9c5bcb0345911cba38,200,2026-09-04T23:20:26Z,,0.683,true
143,mazowieckie,makowski,Różan,gmina miejsko-wiejska,1411073,2024,ok_finalnie,pdf,tekst,https://www.rozan.bipgminy.pl/public/get_file.php?id=380360,direct_without_tor_ssl_off,a0b2a20976048cb15df09613f5f4aef2f35c513df11df955b1e1d3f617006497,200,2026-09-04T23:20:29Z,,0.561,true
144,mazowieckie,makowski,Różan,gmina miejsko-wiejska,1411073,2025,ok_finalnie,pdf,tekst,https://www.rozan.bipgminy.pl/public/get_file.php?id=388812,direct_without_tor_ssl_off,729efdbea58deeb2d4288015947b8be2031e715c9c58220162691f2af6bbe09e,200,2026-09-04T23:20:31Z,,0.498,true
145,mazowieckie,makowski,Sypniewo,gmina wiejska,1411092,2018,ok_finalnie,pdf,skan,https://bipsypniewo.megabajt.net.pl/images/ogloszenia/2019/mienie_gminy_31_grudnia_2019/raport_o_stanie_gminy_za_2018_rok.pdf,direct_without_tor + ocr | recheck_ssl_off,4239c99ef3ae4841ad07647f16d633316fd60c8fca80d3747bf6e3bd60e0d5ef,200,2026-09-02T08:42:56Z,,1.666,true
146,mazowieckie,makowski,Sypniewo,gmina wiejska,1411092,2019,ok_finalnie,docx,tekst,https://bipsypniewo.megabajt.net.pl/images/dane/mienie_gminy/RAPORT_O_STANIE_GMINY_SYPNIEWO_2019.docx,direct_without_tor_ssl_off,a0c138ec7e69b42a14ab033b1031776ec4943a1b3afc563139494ea634ff69a3,200,2026-09-04T23:36:11Z,,4.893,true
147,mazowieckie,makowski,Sypniewo,gmina wiejska,1411092,2020,ok_finalnie,pdf,tekst,http://bipsypniewo.megabajt.net.pl/images/ogloszenia/2021/RAPORT_O_STANIE_GMINY_2020.pdf,direct_without_tor,ad388894c695f9c38e3fdc4e3298acaa3fcdd426613661be531c404d4a71be84,200,2026-09-04T22:40:25Z,,4.748,true
148,mazowieckie,makowski,Sypniewo,gmina wiejska,1411092,2021,ok_finalnie,pdf,tekst,https://bipsypniewo.megabajt.net.pl/images/ogloszenia/2021/RAPORT_O_STANIE_GMINY_2021_1.pdf,direct_without_tor_ssl_off,475b78546b8799022fe36ee1740ff2e1ee2e90ac209df0abf06ac48b46affc0b,200,2026-09-04T23:36:16Z,,3.042,true
149,mazowieckie,makowski,Sypniewo,gmina wiejska,1411092,2022,ok_finalnie,pdf,tekst,http://bipsypniewo.megabajt.net.pl/images/ogloszenia/2023/RAPORT_O_STANIE_GMINY_2022.pdf,direct_without_tor,72a09b56de9893854d6d66da106367a4b78816967dde62b0034442a06feabb3b,200,2026-09-04T22:40:28Z,,7.251,true
150,mazowieckie,makowski,Sypniewo,gmina wiejska,1411092,2023,brak_finalnie,,,brak,"dogłębne sprawdzenie (web search bez Tora + BIP/CMS + strony roczne i załączniki + sitemap + uchwały/wotum) - dowód istnienia, brak opublikowanego pliku raportu; RE-WERYFIKACJA 29.08.2026: pełny skan aktualnego BIP bipsypniewo.megabajt.net.pl (Joomla): wbudowana wyszukiwarka i pełny listing Ogłoszeń — jedyne raporty to pozycje 1820 (2018), 2404 (2020), 2841 (2022) — publikacja co 2 lata, 2023 NIGDY; zarządzenia Wójta obu kadencji przejrzane (kat. 160: najnowsze Nr 31/2024 z 8.04.2024; kat. 285: komplet Nr 37-69/2024) — LUKA Nr 32-36/2024 (kwiecień-maj 2024 = okno raportowe) nieopublikowana w BIP; wzorce plików: stary host psimegabajt.home.pl/www.bipsypniewo.pl/images/ogloszenia/2021/RAPORT_O_STANIE_GMINY_2020.pdf żyje (kontrola), warianty dla 2023 = 404; CDX Wayback wszystkich hostów Sypniewa = 0 captures; www.sypniewo.pl = 403 (antybot) SZEROKIE-GŁĘBOKIE POSZUKIWANIA 29.08.2026: DOWÓD OBRAD: uchwały Rady Gminy z 26.06.2024 istnieją jako PDF na BIP (pobrane kontrolnie): sesja_III_2024/syp_uchw_nr_III_11_2024.pdf (615824 B), III_12 (608960 B), III_13 absolutorium (706323 B) — skany 1-stronicowe (bez warstwy tekstowej); nowa strona sypniewo.pl: sitemap 278 newsów, karty raportu TYLKO za 2024 (karta z plikiem files/file_add/download/470_raportza-2024aktualny.pdf) i 2025 — karta/ogłoszenie dla 2023 NIGDY; Wayback CDX domeny sypniewo.pl (?i)raport: tylko 2018-karta, 2020-PDF, 2024-karta; raport 2023 nieopublikowany w sieci",,BRAK_URL (dowód istnienia - nieopublikowany),2026-09-01T10:55:45Z,"NEG-plik FINALNIE (30.08.2026, znaczne ustalenia). Raport ISTNIAL i BYL OPUBLIKOWANY, ale wylacznie w chmurze zewnetrznej, ktorej tresc juz nie odpowiada. Dowod proceduralny: Uchwala Nr III/11/2024 Rady Gminy Sypniewo z 26.06.2024 o wotum zaufania + III/13/2024 o absolutorium za 2023. NOWE USTALENIE: analiza 11 archiwalnych wersji strony BIP /mienie-gminy w Wayback pokazuje ewolucje linku 'Raport o stanie Gminy Sypniewo za 2023 rok': capture 20240519 - pozycji za 2023 JESZCZE NIE MA; captures 20240920, 20250119, 20250418 - link do OneDrive https://1drv.ms/b/s!AjNOFsFWDVWxg-NsfeTJigiiWq2VpQ?e=36bVJH; captures 20250815, 20251118 - link PODMIENIONY na Google Drive; captures 20260412, 20260516 (stan biezacy) - pozycja za 2023 USUNIETA ze strony. Plik z Google Drive POBRANO (5 857 367 B, PDF 61 stron, warstwa tekstowa) - okazal sie RAPORTEM ZA 2024 ('RAPORT O STANIE za 2024 rok, Sypniewo, maj 2025'), identyczny bajtowo z plikiem juz zapisanym dla row_idx 151 (sypniewo.pl/files/file_add/download/470) - gmina podmienila docelowy plik pod etykieta 2023, wiec ten link NIE jest zrodlem raportu za 2023 (odrzucono jako falszywy trop). Link OneDrive: konto zmigrowane do SharePoint, api.onedrive.com/v1.0/shares/u!<base64> zwraca itemNotFound, endpointy download.aspx/redir/UniqueId zwracaja tylko strone HTML (wymaga JS+auth), Wayback/CC nie maja capture ani 1drv.ms, ani pliku z Drive. Przeszukano ponadto: stary BIP bipsypniewo.megabajt.net.pl (crawl 70 kategorii - lista raportow ma 2018, 2019, 2020, 2021, 2022 i 2025, LUKA na 2023 i 2024), kadencyjne dzialy zarzadzen i uchwal 2024-2029 (43 artykuly - zaden nie zawiera raportu), zgadywanie sciezek (/images/ogloszenia/2024/, /images/upload/raport_2024/ i in. - 404), nowy CMS sypniewo.pl: enumeracja 700 ID files/file_add/download z odczytem Content-Disposition - istnieja tylko RAPORT_ZA_2024_aktualny.pdf (id 470) i RAPORT O STANIE GMINY 2025 (id 564). STATUS: istnienie raportu udowodnione, plik nigdy nie byl hostowany na serwerze gminy, a kopia w chmurze zostala zastapiona/usunieta. | TURA 11: sprawdzono rodzine zrodel prawomiejscowe.pl (Baza Aktow Wlasnych) dla wszystkich 56 jednostek z brakami - platforma zwraca HTTP 200 i IDENTYCZNA strone-szkielet o stalej dlugosci 75 124 B rowniez dla nieistniejacej instytucji (test kontrolny: /UrzadGminyNieIstniejeXyz), a jej listy aktow laduja sie dynamicznie i nie zawieraja frazy ""raport"". Rodzina odrzucona jako nieprzydatna - analogiczna pulapka jak strona marketingowa eSesja (36 759 B). | TURA 12 (nowe rodziny zrodel): sprawdzono i wykluczono: (1) Common Crawl - indeks odpowiada, ale dla domen gmin zwraca wylacznie rekordy HTML bez plikow raportow, a przy intensywniejszym odpytywaniu host przechodzi w stan http=000 (rate-limit); (2) archive.today (.ph/.today/.is/.li) - HTTP 429, platforma blokuje adresacje tego srodowiska; (3) arquivo.pt oraz Memento TimeTravel - brak odpowiedzi/brak zasobow dla domen PL; (4) prawomiejscowe.pl - wykluczone w turze 11 (strona-szkielet 75 124 B dla dowolnej instytucji); (5) brute-force nazw plikow na serwerze idcom (bip-v1-files, 18 000 kombinacji ID wiadomosci x 12 typowych nazw) - 0 trafien, zgodnie z ustalona regula o nieskutecznosci zgadywania nazw; (6) skanowanie stron raportowych pod katem linkow do chmur zewnetrznych (Google Drive, Power BI, OneDrive, Dropbox, SharePoint) - poza Stawiguda zadna gmina nie hostuje raportu poza wlasnym BIP. | TURA 13: zapisany URL (usuniety) zweryfikowany - Google Drive zwraca HTTP 200 z text/html (strona interfejsu), co przy braku uprawnien oznacza brak publicznego dostepu do pliku. Analogiczny mechanizm jak w Stawigudzie: raport hostowany POZA infrastruktura gminy, w chmurze komercyjnej. | TURA 14 - ROZSTRZYGNIETE, LINK DOTYCZYL INNEGO ROCZNIKA: zapisany odnosnik Google Drive zostal pobrany skutecznie (endpoint drive.usercontent.google.com/download?id=...&export=download&confirm=t, 5 857 367 B, PDF 61 stron). Weryfikacja tresci wykazala jednak, ze jest to ""RAPORT o STANIE za 2024 rok, Sypniewo, maj 2025 rok"" - dokument dotyczy ROCZNIKA 2024, NIE 2023. Rocznik 2024 jest juz w zbiorze jako ok_finalnie z oficjalnego zrodla (sypniewo.pl/files/file_add/download/470_raportza-2024aktualny.pdf), wiec plik z Drive to jego duplikat. Ustalono ponadto, ze odnosnik Drive pochodzi ze strony /aktualnosci/raport-o-stanie-gminy-sypniewo-za-2024-rok.html. Dla rocznika 2023 nie istnieje ani strona /aktualnosci/...za-2023-rok.html, ani ogloszenie w BIP bipsypniewo.megabajt.net.pl (sekcja ogloszen zawiera raporty za 2018, 2020 i 2022), ani plik pod wzorcem /images/ogloszenia/{rok}/RAPORT_O_STANIE_GMINY_2023*.pdf (5 wariantow nazwy). Raport za 2023 pozostaje nieodnaleziony. [CZYSZCZENIE 01.09.2026: usunieto z uzasadnienia adres URL, poniewaz zweryfikowano, ze nie prowadzi on do pobieralnego raportu (serwer zwraca HTTP 404 albo strone HTML zamiast pliku). Adres byl mylacy - sugerowal dostepnosc dokumentu. Zachowano opis: gdzie plik byl pierwotnie hostowany i dlaczego jest nieosiagalny.] || [TURA 14 01.09.2026] sypniewo.pl obecnie publikuje raporty 2024 (5,59MB) i 2025; serwis w tej turze zwraca HTTP 403 (rate-limit/geoblock - patrz ostroznosc), wiec nie mozna potwierdzic pliku 2023. Raport 2023 byl publikowany wylacznie w chmurze zewnetrznej (wg wczesniejszego dowodu). Raport 2023 ISTNIAL, plik nieodzyskany. || [TURA 16 01.09.2026] Lustro starego BIP psimegabajt.home.pl/www.bipsypniewo.pl (200, Joomla) - linki do ogloszenia/raportow w folderze /images/ogloszenia/2021/ (plik ""RAPORT_O_STANIE_GMINY_2020.pdf"" - Sypniewo za 2020 rok maj 2021). Bezposrednia proba 2023: psimegabajt.../images/ogloszenia/2023/RAPORT_O_STANIE_GMINY_2023.pdf -> 404; katalog /ogloszenia -> 403. Live sypniewo.pl/aktualnosci/.../raport-o-stanie-gminy-sypniewo-za-2023-rok.html -> 403/000. Wayback: tylko 2024 (2025-2026), brak 2023. Raport 2023 istnial (był opublikowany jako plik w aktualnosciach), plik nieodzyskany z powodu WAF/rate-limit. || [TURA 17 01.09.2026] Re-weryfikacja przez wyszukiwarki internetowe (bez Tor): brak jakiegokolwiek odnosnika do raportu Sypniewo za 2023 (wyniki to wyłącznie inne gminy: Kraków, Cisna, Skórzec, Siemkowice, Krzymów). Trwala blokada WAF/geoblock serwisu sypniewo.pl (403/000) po probie Tor i Playwright - nie do przejscia. Raport za 2023 ISTNIAL (opublikowany jako plik w aktualnosciach, dowod wczesniejszy), plik NIEODZYSKANY. Status bez zmiany. || RE-WERYFIKACJA: zywy BIP bipsypniewo.megabajt.net.pl - brak kategorii raport o stanie gminy (jedyny 'raport' to raport oddzialywania na srodowisko). Status bez zmiany.",,true
151,mazowieckie,makowski,Sypniewo,gmina wiejska,1411092,2024,ok_finalnie,pdf,tekst,https://sypniewo.pl/files/file_add/download/470_raportza-2024aktualny.pdf,direct_without_tor,d6a7bc23890b625e0e9067d893fcf89ec02d4d12f9a8d040c3af2efb6918f5bf,200,2026-09-04T22:40:31Z,,5.586,true
152,mazowieckie,makowski,Sypniewo,gmina wiejska,1411092,2025,ok_finalnie,pdf,tekst,https://sypniewo.pl/files/file_add/download/564_raport-o-stanie-gminy-2025-glowny.pdf,direct_without_tor,8ec18bedcd669f93d3cb3e2ac6b710b20920897c076fe68d940461205b3e28e0,200,2026-09-04T22:40:34Z,,6.685,true
153,mazowieckie,makowski,Szelków,gmina wiejska,1411102,2018,ok_finalnie,pdf,tekst,https://bip.szelkow.pl/fls/bip_pliki/2020_04/BIPOLD004701/4701.pdf,direct_without_tor,fea3bd61fcb18ff4f23d7bf61ff774f0e60f0fc1c26b428eea3a38a9a2952f1b,200,2026-09-04T22:13:05Z,,0.74,true
154,mazowieckie,makowski,Szelków,gmina wiejska,1411102,2019,ok_finalnie,pdf,tekst,https://bip.szelkow.pl/fls/bip_pliki/2020_05/BIPF5A583AFA6CBF4Z/RAPORT_O_STANIE_GMINY_za_2019_rok__do_zarz_22.pdf,direct_without_tor,860b682b26c64e0b728853b65eb06cc22283b3e2b4e74e5ac909640288321420,200,2026-09-04T22:13:07Z,,0.896,true
155,mazowieckie,makowski,Szelków,gmina wiejska,1411102,2020,ok_finalnie,pdf,tekst,https://bip.szelkow.pl/fls/bip_pliki/2023_04/BIPF5FA290E8317ABZ/Raport_o_stanie_gminy_Szelkow_za_2020_r..pdf,direct_without_tor,0574ed1403d9311fd4d29c9a70ab16165b928854a05a9f32cf9a1b9a9736acd6,200,2026-09-04T22:13:10Z,,0.928,true
156,mazowieckie,makowski,Szelków,gmina wiejska,1411102,2021,ok_finalnie,pdf,tekst,http://szelkow.biuletyn.net/fls/bip_pliki/2022_05/BIPF5DE52BCFDE12Z/Raport_za_2021_do_21.pdf,direct_without_tor,3ab7cd4c4980323a3970f912692ec3033a34c1611feb46cb5788e572ef83b3bc,200,2026-09-04T22:42:05Z,,0.895,true
157,mazowieckie,makowski,Szelków,gmina wiejska,1411102,2022,ok_finalnie,pdf,tekst,https://bip.szelkow.pl/fls/bip_pliki/2023_05/BIPF5FB2A1EF59D6EZ/Raport_za_2022_r._-_.pdf,direct_without_tor,100806423a25fc1d158aca2ad9f17bf14695559628c47aa65f655014901c0ced,200,2026-09-04T22:13:13Z,,0.898,true
158,mazowieckie,makowski,Szelków,gmina wiejska,1411102,2023,ok_finalnie,pdf,tekst,https://bip.szelkow.pl/fls/bip_pliki/2024_04/BIPF616BF6F1CC4B6Z/RAPORT_ZA_2023.pdf,direct_without_tor,252abbd53eed26f49a40bfd3d61ef65d85a7b7077a17bcda7aca8c3728b715a2,200,2026-09-04T22:13:17Z,,0.986,true
159,mazowieckie,makowski,Szelków,gmina wiejska,1411102,2024,ok_finalnie,pdf,tekst,https://bip.szelkow.pl/fls/bip_pliki/2025_05/BIPF6348C32D3519FZ/RAPORT_ZA_2024_r..pdf,direct_without_tor,8ada4a450c2d76d519f3070bfc02c3e253f15ddfef1e3a25a96bf9c7f146df08,200,2026-09-04T22:13:21Z,,0.865,true
160,mazowieckie,makowski,Szelków,gmina wiejska,1411102,2025,ok_finalnie,pdf,tekst,https://bip.szelkow.pl/fls/bip_pliki/2026_05/BIPF6510E8D8F3017Z/RAPORT_ZA_2025r._2.pdf,direct_without_tor,ebe616c0de5673141d71be6a7a33bd24bc44fae18d72a485ce60eaf4f4622d18,200,2026-09-04T22:13:24Z,,1.012,true
161,mazowieckie,mławski,Dzierzgowo,gmina wiejska,1413022,2018,ok_finalnie,pdf,skan,https://bip-v1-files.idcom-jst.pl/sites/3079/wiadomosci/475568/files/raport_o_stanie_gminy_dzirzgowo_bip.pdf,direct_without_tor,3420e9d3c021c539faf859c3d15b6dff3e63e85889d9a21e94f7ab2b31868a6f,200,2026-09-04T21:54:08Z,,21.451,true
162,mazowieckie,mławski,Dzierzgowo,gmina wiejska,1413022,2019,ok_finalnie,pdf,tekst,https://bip-v1-files.idcom-jst.pl/sites/3079/wiadomosci/521072/files/raport_o_stanie_gminy_za_2019_r.pdf,direct_without_tor,f65920e529ba94f84bc8a5c320c2a7add5c9edf1230cfc7a07161c94d039bd9b,200,2026-09-04T21:54:11Z,,0.654,true
163,mazowieckie,mławski,Dzierzgowo,gmina wiejska,1413022,2020,ok_finalnie,pdf,skan,https://bip-v1-files.idcom-jst.pl/sites/3079/wiadomosci/576003/files/raport_o_stanie_gminy_dzierzgowo_za_2020_rok.pdf,direct_without_tor,7b93a743144654fdd1087539f1568539ac14827cc2d04ddd267e627f7b56ca4b,200,2026-09-04T21:54:33Z,,15.678,true
164,mazowieckie,mławski,Dzierzgowo,gmina wiejska,1413022,2021,ok_finalnie,pdf,tekst,https://bip-v1-files.idcom-jst.pl/sites/3079/wiadomosci/633149/files/raport_o_stanie_gminy_dzierzgowo_za_2021_rok.pdf,direct_without_tor,2c7abcfeb716a0d5fa8a842e570be6d4e8e2d4312cfb8e951d42a049dc65f913,200,2026-09-04T21:54:38Z,,20.3,true
165,mazowieckie,mławski,Dzierzgowo,gmina wiejska,1413022,2022,ok_finalnie,pdf,tekst,https://bip-v1-files.idcom-jst.pl/sites/3079/wiadomosci/687823/files/raport_o_stanie_gminy_dzierzgowo_2022.pdf,direct_without_tor,35903986d876f6ee098b1328551286acacc25c23b18bfb550dd834973d75c9dc,200,2026-09-04T21:54:43Z,,11.467,true
166,mazowieckie,mławski,Dzierzgowo,gmina wiejska,1413022,2023,ok_finalnie,pdf,tekst,https://bip-v1-files.idcom-jst.pl/sites/3079/wiadomosci/754597/files/raport_o_stanie_gminy_dzierzgowo2023_r.pdf,direct_without_tor,25578fcb00e6a13ac424321fd5e919e450c7abb3873260550d7db35582bba59a,200,2026-09-04T21:54:48Z,,20.478,true
167,mazowieckie,mławski,Dzierzgowo,gmina wiejska,1413022,2024,ok_finalnie,pdf,tekst,https://bip-v1-files.idcom-jst.pl/sites/3079/wiadomosci/823851/files/raport_2024.pdf,direct_without_tor,45a53ece8445c0a82f5e5405b0eee340eeae9af6997a9c2f2d7f08507ba3b8c0,200,2026-09-04T21:54:51Z,,2.415,true
168,mazowieckie,mławski,Dzierzgowo,gmina wiejska,1413022,2025,ok_finalnie,pdf,tekst,https://bip-v1-files.idcom-jst.pl/sites/3079/wiadomosci/885794/files/raport_o_stanie_gminy_dzierzgowo_za_2025_rok.pdf,direct_without_tor,4e6532b0d48e9c8ddc98f433e946b6c2b1498717c2a9e0f5f986ca2d957ae028,200,2026-09-04T21:54:55Z,,1.391,true
169,mazowieckie,mławski,Mława,gmina miejska,1413011,2018,ok_finalnie,pdf,tekst,https://bip.mlawa.pl/sites/default/files/attachments/articles/Raport%20o%20stanie%20Miasta%20M%C5%82awa%20za%202018%20rok_0.pdf,direct_without_tor,2738388b342b240d8a60f007ad0013ba49a2ee181aa28a9e7b15c2699cda3ac7,200,2026-09-04T21:54:11Z,,1.351,true
170,mazowieckie,mławski,Mława,gmina miejska,1413011,2019,ok_finalnie,pdf,tekst,https://bip.mlawa.pl/sites/default/files/attachments/articles/Raport%20o%20stanie%20Miasta%20M%C5%82awa%20za%20rok%202019%20%281%29.pdf,direct_without_tor,4322c0284d934a4fbdae44ee7e4536b3792d3bbd4e5cb2358e0611973548f333,200,2026-09-04T21:54:14Z,,1.79,true
171,mazowieckie,mławski,Mława,gmina miejska,1413011,2020,ok_finalnie,pdf,tekst,https://bip.mlawa.pl/sites/default/files/attachments/articles/RAPORT%20O%20STANIE%20MIASTA%20ZA%202020%20ROK.pdf,direct_without_tor,5a386e152d22ddf02daeecc3ad56248538cf565b97e1ef22243ee8b1f22df41f,200,2026-09-04T21:54:16Z,,0.885,true
172,mazowieckie,mławski,Mława,gmina miejska,1413011,2021,ok_finalnie,pdf,tekst,https://bip.mlawa.pl/sites/default/files/attachments/articles/RAPORT%20O%20STANIE%20MIASTA%20ZA%202021%20ROK.pdf,direct_without_tor,c5a729056720e85edfbccf3515e689d985e21cb35bfb05c55ba02eddb664af46,200,2026-09-04T21:54:19Z,,1.067,true
173,mazowieckie,mławski,Mława,gmina miejska,1413011,2022,ok_finalnie,pdf,tekst,https://bip.mlawa.pl/sites/default/files/attachments/articles/Raport%20o%20stanie%20Miasta%20M%C5%82awa%20za%20rok%202022.pdf,direct_without_tor,e6b08e6d046774cf278188dd4fa1563ac607ddf0cec14d396561f9ee4c4ad9b3,200,2026-09-04T21:54:21Z,,2.109,true
174,mazowieckie,mławski,Mława,gmina miejska,1413011,2023,ok_finalnie,pdf,tekst,https://bip.mlawa.pl/sites/default/files/attachments/notice/Raport%20o%20stanie%20Miasta%20M%C5%82awa%20za%20rok%202023.pdf,direct_without_tor,7e0f504d66fecc78c3ba161386d6c51d878bb5237685e22064ea87cf2273ee7c,200,2026-09-04T21:54:24Z,,1.721,true
175,mazowieckie,mławski,Mława,gmina miejska,1413011,2024,ok_finalnie,pdf,tekst,https://bip.mlawa.pl/sites/default/files/attachments/articles/Raport%20o%20stanie%20Miasta%20M%C5%82awa%20za%20rok%202024.pdf,direct_without_tor,fc1b3e994e81b9e8adc87e243ab62493eb295ba83c03eab79ad8706f9cc51121,200,2026-09-04T21:54:27Z,,3.765,true
176,mazowieckie,mławski,Mława,gmina miejska,1413011,2025,ok_finalnie,pdf,tekst,https://bip.mlawa.pl/sites/default/files/attachments/articles/Raport%20o%20stanie%20Miasta%20M%C5%82awa%20za%20rok%202025.pdf,direct_without_tor,9a398452edd238532be64ae3741351b5645ad00682e9ccd61f996a045ddc7c18,200,2026-09-04T21:54:30Z,,2.436,true
177,mazowieckie,mławski,Strzegowo,gmina wiejska,1413052,2018,ok_finalnie,pdf,tekst,https://bip-v1-files.idcom-jst.pl/sites/3154/wiadomosci/473042/files/raport_o_stanie_gminy_strzegowo_za_2018_rok.pdf,direct_without_tor,5e6049ae889d6412aad132ee5abed4e16ef787fc5161e2a842625d104c5f8e07,200,2026-09-04T21:54:58Z,,3.188,true
178,mazowieckie,mławski,Strzegowo,gmina wiejska,1413052,2019,ok_finalnie,pdf,tekst,https://cms-v1-files.idcom-jst.pl/sites/214/wiadomosci/175577/files/raport_o_stanie_gminy_strzegowo_2019.pdf,direct_without_tor,e42984432b994da021c6cc7fb7103246ed5837d896cd75bcadc46b88b9f6e235,200,2026-09-04T22:37:59Z,,6.637,true
179,mazowieckie,mławski,Strzegowo,gmina wiejska,1413052,2020,ok_finalnie,pdf,tekst,https://cms-v1-files.idcom-jst.pl/sites/214/wiadomosci/194267/files/raport_o_stanie_gminy_strzegowo_za_rok_2020.pdf,direct_without_tor,7d1c4f4298dce1b9c87e5c6faf4a3d193fd44abe42c54c06a102f407746199b4,200,2026-09-04T22:38:03Z,,5.184,true
180,mazowieckie,mławski,Strzegowo,gmina wiejska,1413052,2021,ok_finalnie,pdf,tekst,https://cms-v1-files.idcom-jst.pl/sites/214/wiadomosci/209405/files/raport_o_stanie_gminy_strzegowo_za_rok_2021.pdf,direct_without_tor,37f25d0c773958b04be8344d536e50af778a98d8fed0a6cece6945490b603056,200,2026-09-04T22:38:08Z,,7.312,true
181,mazowieckie,mławski,Strzegowo,gmina wiejska,1413052,2022,ok_finalnie,pdf,tekst,https://cms-v1-files.idcom-jst.pl/sites/214/wiadomosci/221162/files/raport_2022.pdf,direct_without_tor,9bbbe7502052eedb67abebba03c528140ae18efcf7eea13878fe856c1ad2c4ae,200,2026-09-04T22:38:12Z,,9.888,true
182,mazowieckie,mławski,Strzegowo,gmina wiejska,1413052,2023,ok_finalnie,pdf,tekst,https://cms-v2-files.idcom-jst.pl/sites/55/cms/szablony/11558/pliki/raport_2023.pdf,direct_without_tor,7c98233ae4b5cdc9c6868e7f424dcfa312b48e5a8c4d0b8bf86768a078646ac1,200,2026-09-04T21:53:18Z,,7.372,true
183,mazowieckie,mławski,Strzegowo,gmina wiejska,1413052,2024,ok_finalnie,pdf,tekst,https://cms-v2-files.idcom-jst.pl/sites/55/cms/szablony/11558/pliki/raport_za_2024.pdf,direct_without_tor,8851f51a8ea2b4819addf1d0b3debe85b58e1eb81d9ff9d63c88f4c28c678534,200,2026-09-04T21:53:23Z,,11.214,true
184,mazowieckie,mławski,Strzegowo,gmina wiejska,1413052,2025,ok_finalnie,pdf,tekst,https://cms-v2-files.idcom-jst.pl/sites/55/cms/szablony/11558/pliki/raport_za_2025.pdf,direct_without_tor,2c8a77a8f5d063f04c19ddf0056b93b37b4b8a356fd2ad3c76d04762e3cdefa8,200,2026-09-04T21:53:29Z,,25.713,true
185,mazowieckie,mławski,Stupsk,gmina wiejska,1413062,2018,ok_finalnie,pdf,tekst,https://bip-v1-files.idcom-jst.pl/sites/46847/wiadomosci/475320/files/raport_o_stanie_gminy_stupsk.pdf,direct_without_tor,37acd5c1c3cc336938a22cf8fa12deee62841e91d6dfe89bdd7468898b989f4e,200,2026-09-04T21:55:03Z,,5.986,true
186,mazowieckie,mławski,Stupsk,gmina wiejska,1413062,2019,ok_finalnie,pdf,tekst,https://bip-v1-files.idcom-jst.pl/sites/46847/wiadomosci/525791/files/raport_o_stanie_gminy_stupsk_za_2019.pdf,direct_without_tor,d7198b2625bd8c453373d1776261ceb7791af2b95c2edcc2c06262c4edc3044c,200,2026-09-04T21:55:07Z,,8.207,true
187,mazowieckie,mławski,Stupsk,gmina wiejska,1413062,2020,ok_finalnie,pdf,tekst,https://bip-v1-files.idcom-jst.pl/sites/46847/wiadomosci/576979/files/raport_o_stanie_gminy_stupsk_za_2020.pdf,direct_without_tor,87e8ee9c10e8fd2400fd5bf6f76399395c41e185523b8dfcc5ec590e6c144b22,200,2026-09-04T21:55:11Z,,6.975,true
188,mazowieckie,mławski,Stupsk,gmina wiejska,1413062,2021,ok_finalnie,pdf,tekst,https://bip-v1-files.idcom-jst.pl/sites/46847/wiadomosci/632813/files/raport_o_stanie_gminy_stupsk_za_2021.pdf,direct_without_tor,333dde5e7b28c1f9547198f6ac666bc93b933d92c024ae0e764f296b77e5df25,200,2026-09-04T21:55:15Z,,5.218,true
189,mazowieckie,mławski,Stupsk,gmina wiejska,1413062,2022,ok_finalnie,pdf,tekst,https://bip-v1-files.idcom-jst.pl/sites/46847/wiadomosci/690573/files/raport_o_stanie_gminy_stupsk_za_2022.pdf,direct_without_tor,dc1c16c9cf1661f14cae7719683884b4f17a0ec03d22393605da719f03b62189,200,2026-09-04T21:55:21Z,,5.265,true
190,mazowieckie,mławski,Stupsk,gmina wiejska,1413062,2023,ok_finalnie,pdf,tekst,https://bip-v1-files.idcom-jst.pl/sites/46847/wiadomosci/760103/files/raport_o_stanie_gminy_stupsk_za_2023.pdf,direct_without_tor,264c3aa724d08ddf418c133944545261d2e3d01231d38df29db2a52030b54218,200,2026-09-04T21:55:25Z,,9.11,true
191,mazowieckie,mławski,Stupsk,gmina wiejska,1413062,2024,ok_finalnie,pdf,tekst,https://bip-v1-files.idcom-jst.pl/sites/46847/wiadomosci/825850/files/raport_o_stanie_gminy_stupsk_za_2024.pdf,direct_without_tor,7b250ee87f45d9c1685222a725dcb9bc0c629198ec3e4d71ada9faae0ee97d63,200,2026-09-04T21:55:29Z,,7.413,true
192,mazowieckie,mławski,Stupsk,gmina wiejska,1413062,2025,ok_finalnie,pdf,tekst,https://bip-v1-files.idcom-jst.pl/sites/46847/wiadomosci/887197/files/raport_o_stanie_gminy_stupsk_za_2025.pdf,direct_without_tor,09e83acd7ef034d349fcfc0fd7937a007f9af2edc8b59a54d6d9de9bd9a159ff,200,2026-09-04T21:55:33Z,,8.794,true
193,mazowieckie,mławski,Szydłowo,gmina wiejska,1413082,2018,ok_finalnie,pdf,tekst,https://bip.szydlowo.pl/files/file_add/download/1037_iraportostaniegminyszydlowoza2018.pdf,direct_without_tor,dde760563598bdc7dc144125dfc57c7aa934918f11f55b237106a9e58f108c2f,200,2026-09-04T21:54:10Z,,0.258,true
194,mazowieckie,mławski,Szydłowo,gmina wiejska,1413082,2019,ok_finalnie,pdf,tekst,https://bip.szydlowo.pl/files/file_add/download/1036_jraportostaniegminyszydlowoza2019.pdf,direct_without_tor,deabfec498d3c9acacd4a8195081cc5bde4efdf183b96b765baed4d4370a9a37,200,2026-09-04T21:54:13Z,,4.516,true
195,mazowieckie,mławski,Szydłowo,gmina wiejska,1413082,2020,ok_finalnie,pdf,tekst,https://bip.szydlowo.pl/files/file_add/download/1677_kraportostaniegminyszydlowoza2020.pdf,direct_without_tor,3fe0f8aedd9f17a2cabca59feb45381faeaa2bbf8cba77d4aefb6fcd5b1eb573,200,2026-09-04T21:54:17Z,,12.741,true
196,mazowieckie,mławski,Szydłowo,gmina wiejska,1413082,2021,ok_finalnie,pdf,tekst,https://bip.szydlowo.pl/files/file_add/download/2970_lraportostaniegminyszydlowoza2021.pdf,direct_without_tor,4c78e51d60c2cb25b07c50c22ec5a9462a71df19eb0aae80c8eb09ce683d702d,200,2026-09-04T21:54:20Z,,10.304,true
197,mazowieckie,mławski,Szydłowo,gmina wiejska,1413082,2022,ok_finalnie,pdf,tekst,https://bip.szydlowo.pl/files/file_add/download/4116_mraportostaniegminyszydlowoza2022.pdf,direct_without_tor,3fd58ad9528b586b26efd79be011082207210fc7cf67cd72b43d6d13a037baa3,200,2026-09-04T21:54:24Z,,9.408,true
198,mazowieckie,mławski,Szydłowo,gmina wiejska,1413082,2023,ok_finalnie,pdf,tekst,https://bip.szydlowo.pl/files/file_add/download/5292_nraportostaniegminyszydlowoza20231.pdf,direct_without_tor,0e33d2f6a5e276d33048e4f4af7123b7702b48c180ec68ce01b325f42c8ac609,200,2026-09-04T21:54:27Z,,8.069,true
199,mazowieckie,mławski,Szydłowo,gmina wiejska,1413082,2024,ok_finalnie,pdf,tekst,https://bip.szydlowo.pl/files/file_add/download/6468_oraportostaniegminyszydlowoza2024i.pdf,direct_without_tor,c0d7c2b0d8a85cff0b58577c65c7c7325fed74aa38e76689a125f242291dcfc7,200,2026-09-04T21:54:31Z,,11.204,true
200,mazowieckie,mławski,Szydłowo,gmina wiejska,1413082,2025,ok_finalnie,pdf,tekst,https://bip.szydlowo.pl/files/file_add/download/7784_praportostaniegminyszydlowoza2025i.pdf,direct_without_tor,1b93bb408b6b04bf77d25c198b68ce4306610dfbcc6eeda2da2fb3ca16f92971,200,2026-09-04T21:54:34Z,,9.745,true
201,mazowieckie,mławski,Wieczfnia Kościelna,gmina wiejska,1413092,2018,ok_finalnie,pdf,tekst,https://bip-v1-files.idcom-jst.pl/sites/46997/wiadomosci/471689/files/raport_gmina_wieczfnia_koscielna_stopka_docx.pdf,direct_without_tor,06eda6e8eb4d83ee41393e216bc95bff4e310831255d8d72fdbf1534a6100bfa,200,2026-09-04T21:55:37Z,,1.3,true
202,mazowieckie,mławski,Wieczfnia Kościelna,gmina wiejska,1413092,2019,ok_finalnie,pdf,tekst,https://bip-v1-files.idcom-jst.pl/sites/46997/wiadomosci/520892/files/raport_cz_i.pdf,direct_without_tor,8c1549dba7e5cdcff8721295f17e6ad5493936f9d09cb252e42e1248d24576a1,200,2026-09-04T21:55:40Z,,1.626,true
203,mazowieckie,mławski,Wieczfnia Kościelna,gmina wiejska,1413092,2020,ok_finalnie,pdf,tekst,https://bip-v1-files.idcom-jst.pl/sites/46997/wiadomosci/569065/files/raport.pdf,direct_without_tor,e702be7dfabe32076d764f09a9265bd676da743f6a87cc839ed3fad210fcc3eb,200,2026-09-04T21:55:45Z,,31.521,true
204,mazowieckie,mławski,Wieczfnia Kościelna,gmina wiejska,1413092,2021,ok_finalnie,pdf,skan,https://bip-v1-files.idcom-jst.pl/sites/46997/wiadomosci/629953/files/raport.pdf,direct_without_tor,aa82a3ce46a25a0e2927a901a47529493c7fd11eb83dfc3921abaa5542ac72e4,200,2026-09-04T21:56:12Z,,37.382,true
205,mazowieckie,mławski,Wieczfnia Kościelna,gmina wiejska,1413092,2022,ok_finalnie,pdf,skan,https://bip-v1-files.idcom-jst.pl/sites/46997/wiadomosci/687810/files/raport_o_stanie_gminy_za_2022_rok.pdf,direct_without_tor,bf57e594df6ff9deb0516a81a15a416217a02463ebfc86e496ee0ae39b001399,200,2026-09-04T21:56:36Z,,42.286,true
206,mazowieckie,mławski,Wieczfnia Kościelna,gmina wiejska,1413092,2023,ok_finalnie,pdf,skan,https://bip-v1-files.idcom-jst.pl/sites/46997/wiadomosci/756600/files/raport_o_stanie_gminy.pdf,direct_without_tor,099aba47548e7d1287ba6704c44edb743636c68fbe7246bd4aa6028716139381,200,2026-09-04T21:57:00Z,,39.265,true
207,mazowieckie,mławski,Wieczfnia Kościelna,gmina wiejska,1413092,2024,ok_finalnie,pdf,tekst,https://cms-v2-files.idcom-jst.pl/sites/75/wiadomosci/113732/files/raport_gmina_za_2024_rok.pdf,direct_without_tor,deffa740a604e49e88eb7b16f218ef001f283aabf102a399850ed8456bd19b1e,200,2026-09-04T21:53:32Z,,1.702,true
208,mazowieckie,mławski,Wieczfnia Kościelna,gmina wiejska,1413092,2025,ok_finalnie,pdf,tekst,https://cms-v2-files.idcom-jst.pl/sites/75/wiadomosci/138749/files/raport_gmina_za_2025_rok_-czytnik.pdf,direct_without_tor,c15399a703064c618d95aaeeb1c518cfb58e030c7add0644fa29c95ea3c26f48,200,2026-09-09T11:46:58Z,[TURA 22 09.09.2026] | KOREKTA: wejściowy wiersz ok wskazywał plik niebędący raportem,1.498,true
209,mazowieckie,mławski,Wiśniewo,gmina wiejska,1413102,2018,ok_finalnie,docx,tekst,https://bip-v1-files.idcom-jst.pl/sites/3134/wiadomosci/476138/files/raport_2018.docx,direct_without_tor,9758a24ea5f5c7d3df96c8e8c61d01df0cbd00544953842d09d76ea07d47a64d,200,2026-09-04T21:57:03Z,,0.088,true
210,mazowieckie,mławski,Wiśniewo,gmina wiejska,1413102,2019,ok_finalnie,docx,tekst,https://bip-v1-files.idcom-jst.pl/sites/3134/wiadomosci/519201/files/raport_2019.docx,direct_without_tor,3832f36dac8a13f087b362617d942fd3954bb476c844c36e70fe1f49cbd60ba1,200,2026-09-04T21:57:06Z,,3.803,true
211,mazowieckie,mławski,Wiśniewo,gmina wiejska,1413102,2020,ok_finalnie,docx,tekst,https://bip-v1-files.idcom-jst.pl/sites/3134/wiadomosci/571898/files/raport_2021.docx,direct_without_tor,b4234372d050b829c8726b3aade6c58a6f147e068a6a8b90b4d21fc074e6453c,200,2026-09-04T21:57:11Z,,8.914,true
212,mazowieckie,mławski,Wiśniewo,gmina wiejska,1413102,2021,ok_finalnie,docx,tekst,https://bip-v1-files.idcom-jst.pl/sites/3134/wiadomosci/634287/files/raport_2022.docx,direct_without_tor,05f79114a9d0957591c1c3b7df010e172ed20527170e3c6834b2276184d1c5fb,200,2026-09-04T21:57:15Z,,6.77,true
213,mazowieckie,mławski,Wiśniewo,gmina wiejska,1413102,2022,ok_finalnie,pdf,skan,https://bip-v1-files.idcom-jst.pl/sites/3134/wiadomosci/689576/files/raport_o_stanie_gminy.pdf,direct_without_tor,99fbdd0ccaa6fc3e80f8edabeed8a9ba9fdc10956f11453daf77bea851824bf5,200,2026-09-04T21:57:31Z,,12.548,true
214,mazowieckie,mławski,Wiśniewo,gmina wiejska,1413102,2023,ok_finalnie,docx,tekst,https://bip-v1-files.idcom-jst.pl/sites/3134/wiadomosci/821592/files/raport_2023.docx,direct_without_tor,a377e59f19ea47e0d9d56694de8e593af8544d1b80654bbdb856d51f5e8e4bca,200,2026-09-04T21:57:34Z,,0.43,true
215,mazowieckie,mławski,Wiśniewo,gmina wiejska,1413102,2024,ok_finalnie,docx,tekst,https://bip-v1-files.idcom-jst.pl/sites/3134/wiadomosci/821593/files/raport_20241.docx,direct_without_tor,1bd2944a8242bb4ca0fe9356d4f3c6889df8ed30b7d8dcc88f2445d4750d753e,200,2026-09-04T21:57:37Z,,1.523,true
216,mazowieckie,mławski,Wiśniewo,gmina wiejska,1413102,2025,ok_finalnie,pdf,tekst,https://cms-v2-files.idcom-jst.pl/sites/41/wiadomosci/139265/files/raport_o_stanie_gminy_wisniewo_za_2025_r..xl.pdf,direct_without_tor,f980ca565f271ceed58f08b02b6355f6e337672303abe44910fb4615175d2fa5,200,2026-09-04T21:53:39Z,,3.849,true
217,mazowieckie,ostrowski,Andrzejewo,gmina wiejska,1416022,2018,brak_finalnie,,,https://bip.andrzejewo.pl/index.php?id=324,"BIP live (TLS SECLEVEL=0) + Wayback CDX +retry; plik usunięty z serwera RE-WERYFIKACJA 29.08.2026 (Andrzejewo): BIP bip.andrzejewo.pl ZYWY (HTTPS wymaga SECLEVEL=0 — stary certyfikat; alias andrzejewo.bip.gov.pl martwy); pelny inwentarz Zarzadzen 2019 (id=324, 92 wpisow; karta z 2021 w Wayback identyczna): Z49/2019 z 31.05.2019 ""przyjecia i przedstawienia raportu o stanie Gminy Andrzejewo za rok 2018"" ma zalacznik /upload/doc00086020190624110715.pdf = 404 (rowniez /archiwum/upload/), 0 w Wayback (CDX host: 591 PDF, 0 z ""raport"" w URL), warianty nazw 404; wzorzec nazw od 2023: ""Zarzadzenie NNN.YYYY.pdf"" (Z334.2023 = 25,3 MB zywe — rozmiar wskazuje zarzadzenie+pelny raport) — dla 49.2019 plik nie istnieje pod zadnym wariantem → BRAK z dowodem (utrzymany)",,sprawdzono pogłębnie 2026-09-05,2026-09-01T10:23:57Z,[KONT.] || [TURA 19 05.09.2026] Wayback CDX bip.andrzejewo.pl / andrzejewo.bip.gov.pl: zero rekordów 'raport' (poza dostępnością). Status bez zmian.,,true
218,mazowieckie,ostrowski,Andrzejewo,gmina wiejska,1416022,2019,ok_finalnie,pdf,skan,https://bip.andrzejewo.pl/upload/Raport%20o%20stanie%20gminy%20za%202019%20.pdf,tor_pl_ip + ocr | recheck_ssl_off,e1aba2a33890eba5e84cd07a7764259efe2af8c86c15ef6cfc90a6efbaf2d5e3,200,2026-09-05T02:30:23Z,,22.596,true
219,mazowieckie,ostrowski,Andrzejewo,gmina wiejska,1416022,2020,ok_finalnie,pdf,skan,https://bip.andrzejewo.pl/upload/212_2021.pdf,tor_pl_ip + ocr | recheck_ssl_off,ebdc81b4502c9c3d5bc6a941dd90e4515d01c731abc3af94d61feae440183455,200,2026-09-05T00:28:11Z,,20.913,true
220,mazowieckie,ostrowski,Andrzejewo,gmina wiejska,1416022,2021,ok_finalnie,pdf,skan,https://bip.andrzejewo.pl/upload/278.2022.pdf,tor_pl_ip + ocr | recheck_ssl_off,d4aa91e7d9d222d3d3a815e876f77917890ca6403bdc876502d80d77a3b5dd67,200,2026-09-05T00:28:33Z,,22.441,true
221,mazowieckie,ostrowski,Andrzejewo,gmina wiejska,1416022,2022,ok_finalnie,pdf,skan,https://bip.andrzejewo.pl/upload/Zarządzenie%20334.2023.pdf,tor_pl_ip + ocr | recheck_ssl_off,4fecdd132baaffdb1b4e8431b092cff8d178f6e7021443723883ed97541698fb,200,2026-09-05T00:29:29Z,,24.13,true
222,mazowieckie,ostrowski,Andrzejewo,gmina wiejska,1416022,2023,ok_finalnie,pdf,scan/skan,https://andrzejewo.bip.gov.pl/fobjects/download/1737608/zarzadzenie-5-2024-pdf.html,tor_pl_ip + ocr,930ba7ba167a099271b39ec5601a0c6276dc87b5be3e500b4c5f9c99b0a7d222,200,2026-09-05T00:28:20Z,,14.065,true
223,mazowieckie,ostrowski,Andrzejewo,gmina wiejska,1416022,2024,ok_finalnie,pdf,tekst,https://andrzejewo.bip.gov.pl/fobjects/download/1998964/raport-o-stanie-gminy-za-2024-wersja-ostateczna1-pdf.html,tor_pl_ip,efa55116e2617d7ad56bcec62540b1b6de3238551495e4f682b37eb623fe1286,200,2026-09-05T00:28:31Z,,3.713,true
224,mazowieckie,ostrowski,Andrzejewo,gmina wiejska,1416022,2025,ok_finalnie,pdf,scan/skan,https://andrzejewo.bip.gov.pl/fobjects/download/2260630/119-2026-pdf.html,tor_pl_ip + ocr,2b17e8e8a333bdfa0b3f102e37d1991165962434dfe3160e273e503cbd2d92a1,200,2026-09-05T00:29:09Z,,10.484,true
225,mazowieckie,ostrowski,Boguty-Pianki,gmina wiejska,1416032,2018,ok_finalnie,pdf,tekst,https://bip-v1-files.idcom-jst.pl/sites/46735/wiadomosci/473850/files/raport_o_stanie_gminy_bp_za_2018r__32.pdf,direct_without_tor,c7e84a984e279db702ad8846b504a2359b5da75309cde5aa9ee6c28851bc4ec6,200,2026-09-04T21:57:40Z,,0.905,true
226,mazowieckie,ostrowski,Boguty-Pianki,gmina wiejska,1416032,2019,ok_finalnie,pdf,tekst,https://bip-v1-files.idcom-jst.pl/sites/46735/wiadomosci/529598/files/raport_o_stanie_gminy_bp_za_2019r____31.pdf,direct_without_tor,db37678e1c705ee5f6bd5e98272f0268e559e6a23c08ef6ba463617aae09ae53,200,2026-09-04T21:57:45Z,,17.795,true
227,mazowieckie,ostrowski,Boguty-Pianki,gmina wiejska,1416032,2020,ok_finalnie,pdf,tekst,https://bip-v1-files.idcom-jst.pl/sites/46735/wiadomosci/572780/files/raport_o_stanie_gminy_bp_za_2020r__2__skan.pdf,direct_without_tor,bae2f8a9b71340267ea43fc41935dab879abce517956cc9a1fe6a011f4aa94ea,200,2026-09-04T21:57:50Z,,9.953,true
228,mazowieckie,ostrowski,Boguty-Pianki,gmina wiejska,1416032,2021,ok_finalnie,pdf,tekst,https://bip-v1-files.idcom-jst.pl/sites/46735/wiadomosci/632465/files/raport_o_stanie_gminy_bp_za_2021r__p.pdf,direct_without_tor,becd670aea1881e1fbc8e10705fb79747b2173354d7f8f43f08e4e98c0a88eb3,200,2026-09-04T21:58:00Z,,15.745,true
229,mazowieckie,ostrowski,Boguty-Pianki,gmina wiejska,1416032,2022,ok_finalnie,pdf,tekst,https://bip-v1-files.idcom-jst.pl/sites/46735/wiadomosci/690192/files/p_raport_o_stanie_gminy_bp_za_2022r.pdf,direct_without_tor,84776c2a7cedb6979d0e85b03073c26adccd5887bf7e03a1b9339ff838aff9d3,200,2026-09-04T21:58:04Z,,9.716,true
230,mazowieckie,ostrowski,Boguty-Pianki,gmina wiejska,1416032,2023,ok_finalnie,pdf,tekst,https://bip-v1-files.idcom-jst.pl/sites/46735/wiadomosci/756552/files/p_raport_o_stanie_gminy_bp_za_2023r.pdf,direct_without_tor,58c4f027c845f9df42cc5e984e293cb6175cfca0c6113484454eef40c10fca88,200,2026-09-04T21:58:15Z,,7.604,true
231,mazowieckie,ostrowski,Boguty-Pianki,gmina wiejska,1416032,2024,ok_finalnie,pdf,tekst,https://bip-v1-files.idcom-jst.pl/sites/46735/wiadomosci/823272/files/raport_o_stanie_gminy_2024_podpisany.pdf,direct_without_tor,650f451e680f757bcb14d838907be2a2b5b9b76c02c6e6c912e1f73c96d72ec5,200,2026-09-04T21:58:19Z,,9.939,true
232,mazowieckie,ostrowski,Boguty-Pianki,gmina wiejska,1416032,2025,ok_finalnie,pdf,tekst,https://bip-v1-files.idcom-jst.pl/sites/46735/wiadomosci/885457/files/zarzadzenie_nr_13.pdf,direct_without_tor,6957a04f760f779058c244b971471296ab0d66512e94af573f38714e88175545,200,2026-09-04T21:58:23Z,,1.336,true
233,mazowieckie,ostrowski,Brok,gmina miejsko-wiejska,1416043,2018,ok_finalnie,pdf,tekst,https://bip.brok.pl/uploads/pub/strony/strona_493/text_images/R%20A%20P%20O%20R%20T%20o%20stanie%20Gminy%20Brok%20za%202018%20r._1.pdf,direct_without_tor,08b14f0be3c719ee679efbeaf22511f57b24c6920d56137ecb3d220d3936422d,200,2026-09-04T21:54:17Z,,7.365,true
234,mazowieckie,ostrowski,Brok,gmina miejsko-wiejska,1416043,2019,ok_finalnie,pdf,tekst,https://bip.brok.pl/uploads/pub/strony/strona_493/text_images/R%20A%20P%20O%20R%20T.pdf,direct_without_tor,64ea5408030253cb5264cf0cec3d3a856acab6464274a7ed8ccaa1adcd8a355f,200,2026-09-04T21:54:21Z,,13.458,true
235,mazowieckie,ostrowski,Brok,gmina miejsko-wiejska,1416043,2020,ok_finalnie,pdf,tekst,https://bip.brok.pl/brok_bip_2021/web/uploads/pub/strony/strona_493/text/Raport%20o%20stanie%20gminy%20za%202020%20r..pdf,direct_without_tor,bcbb9e2da9c8d9c209264b861493d052547261d328151eaa736f91cef8c2345f,200,2026-09-04T21:54:24Z,,5.043,true
236,mazowieckie,ostrowski,Brok,gmina miejsko-wiejska,1416043,2021,ok_finalnie,pdf,tekst,https://bip.brok.pl/uploads/pub/strony/strona_493/text/R%20A%20P%20O%20R%20T%20za%202021%20rok%20OK.pdf,direct_without_tor,4f3461da724c4b8da3190d29d1fd5e438a4d9020c868e26510307fbfa79ff6bf,200,2026-09-04T21:54:27Z,,5.205,true
237,mazowieckie,ostrowski,Brok,gmina miejsko-wiejska,1416043,2022,ok_finalnie,pdf,tekst,https://bip.brok.pl/uploads/pub/strony/strona_493/text/R%20A%20P%20O%20R%20T%20za%202022%20rok.pdf,direct_without_tor,9210fe72e5f1c82a2bca85d44c67a26f97ff8a720cd5c680e88347dfe0febe11,200,2026-09-04T21:54:31Z,,3.811,true
238,mazowieckie,ostrowski,Brok,gmina miejsko-wiejska,1416043,2023,ok_finalnie,pdf,tekst,https://bip.brok.pl/uploads/pub/strony/strona_3515/text/R%20A%20P%20O%20R%20T%20o%20stanie%20Gminy%20Brok%20za%202023%20rok.pdf,direct_without_tor,0a400fa31e2c2c4353e58ea9162a05e65d13c0595cf07fe115b44c78e25066a9,200,2026-09-04T21:54:34Z,,4.567,true
239,mazowieckie,ostrowski,Brok,gmina miejsko-wiejska,1416043,2024,ok_finalnie,pdf,tekst,https://bip.brok.pl/brok_bip_2024/web/uploads/pub/strony/strona_3622/text/R%20A%20P%20O%20R%20T%20%20%20%20o%20stanie%20Gminy%20Brok%20za%202024%20r..pdf,direct_without_tor,5d164e3412a082000765ca296b2b44e3fa744433b5bc30461c93827e972deee7,200,2026-09-04T21:54:38Z,,14.808,true
240,mazowieckie,ostrowski,Brok,gmina miejsko-wiejska,1416043,2025,ok_finalnie,pdf,tekst,https://bip.brok.pl/brok_bip_2024/web/uploads/pub/strony/strona_3438/text/RAPORT%20o%20stanie%20Gminy%20Brok%20za%20rok%202025.pdf,direct_without_tor,a6e2e06a3d8b67b2c4f1df39ac85fa78a96b1bb56c5bf9e38e9861c57982426c,200,2026-09-04T21:54:41Z,,2.041,true
241,mazowieckie,ostrowski,Małkinia Górna,gmina miejsko-wiejska,1416053,2018,ok_finalnie,pdf,"152 stron, warstwa tekstowa (OCR): wstęp „Przedstawiam Państwu Raport o stanie Gminy Małkinia Górna za rok 2018""; podstawa art. 28aa ustawy o samorządzie gminnym; źródło: stary BIP PUBLIKATOR zachowany pod /archiwum/ (indexa694.html?id=183030, pozycja „za 2018 r."", udostępniono 2019-05-31, nazwa pliku wg roku publikacji)",https://bip.malkiniagorna.pl/archiwum/bip.malkiniagorna.pl/public/Raport201900b6.pdf?id=324646,direct_without_tor,e55e243af63006c199a8e01532dfe6dadbebd096d772a1c4582c6d0c79a95a8d,200,2026-09-04T21:54:18Z,,7.0,true
242,mazowieckie,ostrowski,Małkinia Górna,gmina miejsko-wiejska,1416053,2019,ok_finalnie,pdf,tekst,https://bip.malkiniagorna.pl/archiwum/bip.malkiniagorna.pl/public/Raport%20o%20stanie%20Gminy%20Ma%C5%82kinia%20G%C3%B3rna%20za%202019aba544.pdf,direct_without_tor,7b9fda85ad8bccd0642bd5d6bc37ec0e91178d0c69a51d39887e2c52f1b3e63b,200,2026-09-04T21:54:21Z,,3.83,true
243,mazowieckie,ostrowski,Małkinia Górna,gmina miejsko-wiejska,1416053,2020,ok_finalnie,pdf,tekst,https://bip.malkiniagorna.pl/fls/bip_pliki/2021_06/BIPF5C3AF2B4AA90CZ/RAPORT_O_STANIE_GMINY_MALKINIA_GORNA_ZA_2020_R..pdf,direct_without_tor,e24d71891763d76a42a31c576ee2c24e431ac39ff83a9783458437cd1e2a7a88,200,2026-09-04T21:54:24Z,,7.455,true
244,mazowieckie,ostrowski,Małkinia Górna,gmina miejsko-wiejska,1416053,2021,ok_finalnie,pdf,tekst,https://bip.malkiniagorna.pl/fls/bip_pliki/2022_05/BIPF5E04B03C519D0Z/RAPORT__za_2021.pdf,direct_without_tor,95b72b81ca1006495bd9f4808ce57a0dd38c4c9c7103ecef17fc8ae4e2655a46,200,2026-09-04T21:54:29Z,,9.352,true
245,mazowieckie,ostrowski,Małkinia Górna,gmina miejsko-wiejska,1416053,2022,ok_finalnie,pdf,tekst,https://bip.malkiniagorna.pl/fls/bip_pliki/2023_05/BIPF5FD005C30052Z/RAPORT_za_2022.pdf,direct_without_tor,85a635603ab224534103aed4dfb86c630ae49ec4dba6d3f62a1aeaab413ff1f7,200,2026-09-04T21:54:33Z,,10.754,true
246,mazowieckie,ostrowski,Małkinia Górna,gmina miejsko-wiejska,1416053,2023,ok_finalnie,pdf,tekst,https://bip.malkiniagorna.pl/fls/bip_pliki/2024_05/BIPF6199613DA400DZ/RAPORT_za_2023.pdf,direct_without_tor,6041c0a379f8bbfd8bfc954bb91b3cafcc68985fada018704bd63a244f5938fb,200,2026-09-04T21:54:36Z,,6.668,true
247,mazowieckie,ostrowski,Małkinia Górna,gmina miejsko-wiejska,1416053,2024,ok_finalnie,pdf,tekst,https://bip.malkiniagorna.pl/fls/bip_pliki/2025_05/BIPF6365AACE102E3Z/Raport_o_stanie_Gminy_Malkinia_Gorna_za_rok_2024.pdf,direct_without_tor,5034891db7e7c662976d3e4c2c407a4530a25fac771416612d757e2498d03f7c,200,2026-09-04T21:54:39Z,,9.357,true
248,mazowieckie,ostrowski,Małkinia Górna,gmina miejsko-wiejska,1416053,2025,ok_finalnie,pdf,tekst,https://bip.malkiniagorna.pl/fls/bip_pliki/2026_06/BIPF653424B4C20C8Z/raport2025_BIP_2.pdf,direct_without_tor,3cc1f4aa8cc7ea44c373ade0380b24d68252b406bff981d054c107e3e3cb8996,200,2026-09-04T21:54:43Z,,5.135,true
249,mazowieckie,ostrowski,Nur,gmina wiejska,1416062,2018,ok_finalnie,pdf,tekst,https://bip-v1-files.idcom-jst.pl/sites/47052/cms/szablony/13670/pliki/raport_o_stanie_gminy_za_2018_rok_wersja_do_publikacji.pdf,direct_without_tor,3041ce3f5961bd6987bfa9758609f30e164f75390e70bb49718b1db6a389bd99,200,2026-09-04T21:58:26Z,,0.511,true
250,mazowieckie,ostrowski,Nur,gmina wiejska,1416062,2019,ok_finalnie,pdf,tekst,https://www.gminanur.pl/files/file_add/download/39_raport_o_stanie_gminy_nurza_2019_rokponiedzialek08052020poprawiony.pdf,direct_without_tor,258ab155506fd2568f6069999317fdec4362e2349388628e6760e968601630b7,200,2026-09-04T22:42:06Z,,0.383,true
251,mazowieckie,ostrowski,Nur,gmina wiejska,1416062,2020,ok_finalnie,pdf,tekst,https://bip-v1-files.idcom-jst.pl/sites/47052/cms/szablony/17646/pliki/raport_gminy_2020_pan_wojt.pdf,direct_without_tor,22db6a4409b9c9454fc81ff2478834be44d855cf720377d487a0b85e4742a3ce,200,2026-09-04T21:58:30Z,,4.322,true
252,mazowieckie,ostrowski,Nur,gmina wiejska,1416062,2021,ok_finalnie,pdf,tekst,https://bip-v1-files.idcom-jst.pl/sites/47052/cms/szablony/20335/pliki/raport_gminy_2021_ze_zdjeciami2022.pdf,direct_without_tor,4a8eae8760afef9da1c30af9547169d3eb089d3f71ba806d24aa6d26ab535ee2,200,2026-09-04T21:58:33Z,,2.672,true
253,mazowieckie,ostrowski,Nur,gmina wiejska,1416062,2022,ok_finalnie,pdf,tekst,https://bip-v1-files.idcom-jst.pl/sites/47052/cms/szablony/22094/pliki/raport_o_stanie_gminy_nur_za_2022_rok.pdf,direct_without_tor,12ff1ab8a23470ce554a947d450d0c1242252e4dbd1458a3aa14780918eb2dd8,200,2026-09-04T21:58:38Z,,9.987,true
254,mazowieckie,ostrowski,Nur,gmina wiejska,1416062,2023,ok_finalnie,pdf,tekst,https://bip-v1-files.idcom-jst.pl/sites/47052/cms/szablony/24535/pliki/raport_za_2023.pdf,direct_without_tor,e1ce83de584215e79a028dab0de345365bae2a25dc30f5f80180f4d3030ae09e,200,2026-09-04T21:58:42Z,,8.738,true
255,mazowieckie,ostrowski,Nur,gmina wiejska,1416062,2024,ok_finalnie,pdf,tekst,https://bip-v1-files.idcom-jst.pl/sites/47052/cms/szablony/27079/pliki/raport_za_2024.pdf,direct_without_tor,bae8d701dcfd948041b64e8994947535820a31d1bcfca5f81c161ef8a1fe54b4,200,2026-09-04T21:58:46Z,,8.064,true
256,mazowieckie,ostrowski,Nur,gmina wiejska,1416062,2025,ok_finalnie,pdf,tekst,https://bip-v1-files.idcom-jst.pl/sites/47052/cms/szablony/30034/pliki/raport_za_2025.pdf,direct_without_tor,ace80f5e5beed982c583a7a7069c6ba41f1c7f377f869af22e8013eb938c6831,200,2026-09-04T21:58:51Z,,9.83,true
257,mazowieckie,ostrowski,Ostrów Mazowiecka,gmina miejska,1416011,2018,ok_finalnie,pdf,tekst,https://www.bip.ostrowmaz.pl/public/getFile?id=324789,direct_without_tor_ssl_off,5649ccc083b09dfeef659f241fdedc74662973d73c46eeb1a5d1dc04c9a66578,200,2026-09-04T23:20:13Z,,0.765,true
258,mazowieckie,ostrowski,Ostrów Mazowiecka,gmina miejska,1416011,2019,ok_finalnie,pdf,tekst,https://www.bip.ostrowmaz.pl/public/getFile?id=340064,direct_without_tor_ssl_off,cc2b5238aa5d958ff39126889ddd171ff88d4e049b69ba3463ea7053e88c510f,200,2026-09-04T23:20:16Z,,1.3,true
259,mazowieckie,ostrowski,Ostrów Mazowiecka,gmina miejska,1416011,2020,ok_finalnie,pdf,tekst,https://www.bip.ostrowmaz.pl/public/get_file.php?id=350268,direct_without_tor_ssl_off,8c58ffba7c7159411d0a7e23ae6929f96a2a34b5dbb55b458e54fd4861a6d717,200,2026-09-04T23:20:19Z,,1.027,true
260,mazowieckie,ostrowski,Ostrów Mazowiecka,gmina miejska,1416011,2021,ok_finalnie,pdf,tekst,https://www.bip.ostrowmaz.pl/public/get_file.php?id=357923,direct_without_tor_ssl_off,87701c3ceb8e53a05505b892209db7344654c65124af39f320cd357af8a7bcf8,200,2026-09-04T23:20:22Z,,1.097,true
261,mazowieckie,ostrowski,Ostrów Mazowiecka,gmina miejska,1416011,2022,ok_finalnie,pdf,tekst,https://www.bip.ostrowmaz.pl/public/get_file.php?id=364683,direct_without_tor_ssl_off,6724f907227e77730681b8cdfa70d9dcb8a737bcd9f7d2bc363f0650998d4f97,200,2026-09-04T23:20:25Z,,1.17,true
262,mazowieckie,ostrowski,Ostrów Mazowiecka,gmina miejska,1416011,2023,ok_finalnie,pdf,tekst,https://www.bip.ostrowmaz.pl/public/get_file.php?id=372056,direct_without_tor_ssl_off,05c2c7fe59ca156660a8ed2d3ccd5c2237ee75488f9f2aa37724c3621370b020,200,2026-09-04T23:20:28Z,,0.951,true
263,mazowieckie,ostrowski,Ostrów Mazowiecka,gmina miejska,1416011,2024,ok_finalnie,pdf,tekst,https://www.bip.ostrowmaz.pl/public/get_file.php?id=380372,direct_without_tor_ssl_off,727ffbfcb77b7c7fbf6c67d490399f2414a26710438fa64ecd16fb73a40a2c71,200,2026-09-04T23:20:32Z,,12.628,true
264,mazowieckie,ostrowski,Ostrów Mazowiecka,gmina miejska,1416011,2025,ok_finalnie,pdf,tekst,https://www.bip.ostrowmaz.pl/public/getFile?id=388488,direct_without_tor_ssl_off,319e9809190cf6aac7dcfc8aecdf8e3d28fc4c7b7cf474ab5e8764826daa2a3d,200,2026-09-04T23:20:36Z,,6.636,true
265,mazowieckie,ostrowski,Ostrów Mazowiecka,gmina wiejska,1416072,2018,ok_finalnie,pdf,tekst,https://bip-v1-files.idcom-jst.pl/sites/3108/wiadomosci/472815/files/raport_o_stanie_gminy_ostrow_mazowiecka_za_2018_rok_wersja_ostateczna_1.pdf,direct_without_tor,769aa13a7d5cda23a5571f1ef25fc4705c8694bf633c62535e70d4314191992d,200,2026-09-04T21:58:55Z,,1.853,true
266,mazowieckie,ostrowski,Ostrów Mazowiecka,gmina wiejska,1416072,2019,ok_finalnie,pdf,tekst,https://bip-v1-files.idcom-jst.pl/sites/3108/wiadomosci/531124/files/raport_2019r__wersja_ostateczna.pdf,direct_without_tor,68cb8c45e0184adc107043db9a9863bd70408205c7bcc0291e4e2dc505c1624c,200,2026-09-04T21:58:58Z,,1.927,true
267,mazowieckie,ostrowski,Ostrów Mazowiecka,gmina wiejska,1416072,2020,ok_finalnie,pdf,tekst,https://bip-v1-files.idcom-jst.pl/sites/3108/wiadomosci/574098/files/raport_o_stanie_gminy_za_2020_rok.pdf,direct_without_tor,1f63884265cc52672631289cbd5e447298e83e79ff6b4d96b1a94d6b5f269d0a,200,2026-09-04T21:59:02Z,,2.275,true
268,mazowieckie,ostrowski,Ostrów Mazowiecka,gmina wiejska,1416072,2021,ok_finalnie,pdf,skan,https://bip-v1-files.idcom-jst.pl/sites/3108/wiadomosci/632779/files/raport_za_2021_rok_skan.pdf,direct_without_tor,2974119336840b5e2f02eb5a50c3d9e0028fe7adbffbc216c5fa91280ca6cdb0,200,2026-09-04T21:59:25Z,,28.508,true
269,mazowieckie,ostrowski,Ostrów Mazowiecka,gmina wiejska,1416072,2022,ok_finalnie,pdf,tekst,https://bip-v1-files.idcom-jst.pl/sites/3108/wiadomosci/690399/files/raport_za_2022_r.pdf,direct_without_tor,0bf0f8e5cce7a6fe5e8fa2f0279722700397b9e0a6872ee1d57433b73ce52ee2,200,2026-09-04T21:59:29Z,,1.641,true
270,mazowieckie,ostrowski,Ostrów Mazowiecka,gmina wiejska,1416072,2023,ok_finalnie,pdf,tekst,https://cms-v2-files.idcom-jst.pl/sites/99/wiadomosci/89784/files/raport_2023.pdf,direct_without_tor,af5c4bf8c97d1da0e534d59cd38ba0a4b6acce8edcdeb52647d6c0e24741ab30,200,2026-09-04T21:53:42Z,,1.688,true
271,mazowieckie,ostrowski,Ostrów Mazowiecka,gmina wiejska,1416072,2024,ok_finalnie,pdf,tekst,https://bip-v1-files.idcom-jst.pl/sites/3108/wiadomosci/823589/files/raport_o_stanie_gminy_za_2024_r..pdf,direct_without_tor,8a13efd85c114eda73f7f1e95a9f8b9cb348e8fd27c21cb0dc4a4b0f77bda053,200,2026-09-04T21:59:32Z,,1.319,true
272,mazowieckie,ostrowski,Ostrów Mazowiecka,gmina wiejska,1416072,2025,ok_finalnie,pdf,tekst,https://bip-v1-files.idcom-jst.pl/sites/3108/wiadomosci/885978/files/raport_skan.pdf,direct_without_tor,eeb979880cbecdfe3816cdd840a7a38721b907f00cacc1fca6071bef945e39e4,200,2026-09-04T21:59:38Z,,34.742,true
273,mazowieckie,ostrowski,Stary Lubotyń,gmina wiejska,1416082,2018,ok_finalnie,pdf,tekst,http://www.lubotyn.pl/bip/container/docs/zarzadzenia/2019/10.pdf,direct_without_tor,cd8958afe0be38636214d216cb78d14fe3a054f9350426482fad690bdeb08eed,200,2026-09-04T22:13:22Z,,4.375,true
274,mazowieckie,ostrowski,Stary Lubotyń,gmina wiejska,1416082,2019,ok_finalnie,pdf,tekst,http://www.lubotyn.pl/bip/container/docs/raport_o_stanie_gminy/raport2019.pdf,direct_without_tor,fcbf3317915c7ed8015851a56198360d7caf6d3d374da2b186b4df475cf33d7c,200,2026-09-04T22:13:25Z,,4.497,true
275,mazowieckie,ostrowski,Stary Lubotyń,gmina wiejska,1416082,2020,ok_finalnie,pdf,tekst,http://www.lubotyn.pl/bip/container/docs/raport_o_stanie_gminy/raport2020.pdf,direct_without_tor,541d2749fdf06be0016d243b7d73f66586390ceead3f8fa43b38c15b60e7cf8d,200,2026-09-04T22:13:28Z,,3.826,true
276,mazowieckie,ostrowski,Stary Lubotyń,gmina wiejska,1416082,2021,ok_finalnie,pdf,tekst,http://www.lubotyn.pl/bip/container/docs/raport_o_stanie_gminy/raport2021.pdf,direct_without_tor,46509c571a4f64154abb6e28e35a79b26d7931ae13a881b7faa04640615788ab,200,2026-09-04T22:13:31Z,,3.95,true
277,mazowieckie,ostrowski,Stary Lubotyń,gmina wiejska,1416082,2022,ok_finalnie,pdf,tekst,http://www.lubotyn.pl/bip/container/docs/raport_o_stanie_gminy/raport2022.pdf,direct_without_tor,5e6f2ac093b529c41989d6e6ac42fcbceca1e517c67fe561b509aa1126e7bf13,200,2026-09-04T22:13:33Z,,7.429,true
278,mazowieckie,ostrowski,Stary Lubotyń,gmina wiejska,1416082,2023,ok_finalnie,pdf,tekst,https://www.lubotyn.pl/bip/container/docs/raport_o_stanie_gminy/Raport-2023-1747395222.pdf,direct_without_tor,3861d6eb09c7c1550d04dbdc1b5c14349aa23b3f22602606e77861e90da314d7,200,2026-09-04T22:13:36Z,,9.635,true
279,mazowieckie,ostrowski,Stary Lubotyń,gmina wiejska,1416082,2024,ok_finalnie,pdf,tekst,https://www.lubotyn.pl/bip/container/docs/raport_o_stanie_gminy/Raport%202024.pdf,direct_without_tor,24c9e31f607edf7d28ad87990905d439ac2c7ddddc856e89331b6de2f47c7402,200,2026-09-04T22:13:39Z,,9.225,true
280,mazowieckie,ostrowski,Stary Lubotyń,gmina wiejska,1416082,2025,ok_finalnie,pdf,tekst,https://bip.lubotyn.pl/files/file_add/download/90_raport-2025.pdf,direct_without_tor,432eed3b2d5ef1f6807098b45df9af68698a304c8a4a50165cf007d564a0087d,200,2026-09-04T22:42:10Z,,8.301,true
281,mazowieckie,ostrowski,Szulborze Wielkie,gmina wiejska,1416092,2018,brak_finalnie,,,brak,"dogłębne sprawdzenie (web search bez Tora + oficjalny BIP + strony sesji/uchwał + wyszukiwarka BIP + załączniki + Wayback) + ocr - dowód istnienia, brak opublikowanego pliku raportu RE-WERYFIKACJA 29.08.2026 (Szulborze Wlk., kanały nowe): BIP bip.ugszulborze.pl (idcom-jst site 3125) prześwietlony SYSTEMOWO: listing Aktualności skanowany w całości (60 stron paginacji) — raporty o stanie TYLKO za 2022 (wiad. 691320), 2023 (759189 = Z33/2024 z 31.05.2024) i 2025 (886280 = Z17/2026 z 29.05.2026); Archiwum Aktualności z filtrami rocznymi: dostępne lata 2005-2016 + 2019 + 2025 + 2026 — roczniki 2018, 2020, 2021, 2024 NIE MAJĄ ŻADNEGO wpisu w kategorii aktualności; rok 2019 (archiwum): wyłącznie 2 obwieszczenia OOŚ; listingi Zarządzeń per rok: 2018 = nr 4-5 (budżetowe), 2019 = nr 3-8 (budżetowe) — zero zarządzeń o przedstawieniu raportu; Wayback CDX domain: 0 captures /wiadomosci/*, tylko 2 PDF (biuletyny 2014), (?i)raport = 3 OOŚ; snapshoty homepage z V/VI 2019 i VIII 2020 = bez śladu raportu; Common Crawl 0; web_search per roczniki 0; Fedrowanie #18763 (list 65543 z 11.02.2020, odpowiedź sekretarza K. Dąbkowskiego): gmina potwierdziła przedstawienie raportu i informowanie na stronie/BIP, ale pliku raportu nie ma w żadnym repozytorium publicznym (BIP go nie publikował w danym roku) → BRAK z dowodem istnienia",,BRAK_URL (dowód istnienia - nieopublikowany),2026-09-01T10:40:50Z,"NEG-plik FINALNIE (30.08.2026). Dowod istnienia: Uchwala nr 32/VII/2019 Rady Gminy Szulborze Wielkie z 27.06.2019 podjeta 'po zakonczeniu debaty nad raportem o stanie Gminy Szulborze Wielkie za rok 2018' (wotum zaufania), porzadek obrad VII sesji pkt 4 'Rozpatrzenie raportu o stanie Gminy Szulborze Wielkie za 2018 rok'. [30.08.2026 SZERZEJ I GLEBIEJ] BIP bip.ugszulborze.pl zablokowal IP srodowiska (HTTP 403 po masowych zapytaniach) - caly dalszy research wykonano przez Tor z polskim exit node (zainstalowano requests[socks]). Wykonano: (1) odkryto wlasciwy wzorzec paginacji IDcom '/wiadomosci/<dzial>/lista/1/<rok>' i przeskanowano 13 dzialow x lata 2018-2026 -> 235 wiadomosci, pobrano KAZDA i zebrano wszystkie 1012 zalacznikow: jedyny plik raportu o stanie gminy w calym BIP to raport za 2025 (wiad. 886280, zarzadzenie 17/2026) oraz za 2022 (wiad. 691320); (2) pelna paginacja dzialu Aktualnosci (60 stron, 279 wiadomosci) - slugi z 'raport' to wylacznie raporty dostepnosci i raporty z konsultacji; (3) enumeracja 33 000 ID wiadomosci w oknach czasowych wokol dat publikacji (474-479k, 531-536k, 576-581k, 688-694k, 756-762k, 820-826k) z filtrem tresci 'raport o stanie' -> jedyne trafienie to raport za 2022; (4) dodatkowa enumeracja 12 000 ID (468-480k) z filtrem naglowkow h2/h3 na raport|wotum|debata -> 0 trafien; (5) Wayback CDX: bip.ugszulborze.pl (domain, 447 rekordow) - zero raportow; bip-v1-files.idcom-jst.pl/sites/3125* - zero plikow raport/stanie; ugszulborze.pl (domain, PDF) - zero; (6) wyszukiwarki (Mojeek, Brave, DuckDuckGo) - zero plikow raportu. WNIOSEK: gmina realizowala procedure art. 28aa (debata + wotum), ale pliku raportu za ten rok nigdy nie opublikowala w BIP. | TURA 11: sprawdzono rodzine zrodel prawomiejscowe.pl (Baza Aktow Wlasnych) dla wszystkich 56 jednostek z brakami - platforma zwraca HTTP 200 i IDENTYCZNA strone-szkielet o stalej dlugosci 75 124 B rowniez dla nieistniejacej instytucji (test kontrolny: /UrzadGminyNieIstniejeXyz), a jej listy aktow laduja sie dynamicznie i nie zawieraja frazy ""raport"". Rodzina odrzucona jako nieprzydatna - analogiczna pulapka jak strona marketingowa eSesja (36 759 B). | TURA 12 (nowe rodziny zrodel): sprawdzono i wykluczono: (1) Common Crawl - indeks odpowiada, ale dla domen gmin zwraca wylacznie rekordy HTML bez plikow raportow, a przy intensywniejszym odpytywaniu host przechodzi w stan http=000 (rate-limit); (2) archive.today (.ph/.today/.is/.li) - HTTP 429, platforma blokuje adresacje tego srodowiska; (3) arquivo.pt oraz Memento TimeTravel - brak odpowiedzi/brak zasobow dla domen PL; (4) prawomiejscowe.pl - wykluczone w turze 11 (strona-szkielet 75 124 B dla dowolnej instytucji); (5) brute-force nazw plikow na serwerze idcom (bip-v1-files, 18 000 kombinacji ID wiadomosci x 12 typowych nazw) - 0 trafien, zgodnie z ustalona regula o nieskutecznosci zgadywania nazw; (6) skanowanie stron raportowych pod katem linkow do chmur zewnetrznych (Google Drive, Power BI, OneDrive, Dropbox, SharePoint) - poza Stawiguda zadna gmina nie hostuje raportu poza wlasnym BIP. | URL W UZASADNIENIU ZWERYFIKOWANY (tura 13): plik jest ZYWY (HTTP 200, application/pdf, 251 794 B, kompletny %%EOF) - pobrany i sprawdzony OCR. To NIE jest raport, lecz 1-stronicowa ""UCHWALA NR 32/VII/2019 RADY GMINY SZULBORZE WIELKIE z dnia 27 czerwca 2019 r. w sprawie wotum zaufania"" (""Po zakonczeniu debaty nad raportem o stanie Gminy Szulborze Wielkie za rok 2018 udziela wotum zaufania""). Stanowi DOWOD ISTNIENIA raportu za 2018, nie sam raport. [CZYSZCZENIE 01.09.2026: usunieto z uzasadnienia bezposredni adres URL tego pliku, poniewaz zweryfikowano, ze NIE JEST to raport o stanie gminy za ten rocznik (patrz opis powyzej). Adres byl mylacy - mogl sugerowac, ze raport jest dostepny pod tym linkiem. Zachowano pelna wartosc dowodowa dokumentu: rodzaj, numer, date, rozmiar i sume kontrolna. Kolumna url pozostaje ""brak"".] || [TURA 17 01.09.2026] Re-weryfikacja przez wyszukiwarki internetowe (bez Tor): brak jakiegokolwiek odnosnika do raportow Szulborza W. za 2018/2019/2020/2021/2024 (zwroty to inne gminy: Sulejow, Suwalki). Zgodnie z pelnym skanem BIP (przez Tor): w calym BIP istnieja tylko raporty za 2022 (wiad.691320) i za 2025 (wiad.886280). Rocznik zostaje bez zmiany (raport niepublikowany; dowody istnienia - uchwaly wotum zaufania). || [TURA 18b 02.09.2026] RE-WERYFIKACJA (poza Podlasie): BIP platforma gov.pl SAMORZAD.GOV.PL (szkielet soft-404 20501B dla dowolnego sluga - zob. wnioski §8f) - kategoria /raport-o-stanie-gminy/ zwraca IDENTYCZNY szablon soft-404 (39693B) dla wszystkich lat 2018-2025 (md5 zgodne, brak tytulu, brak zgloszenia) => Gmina NIE opublikowala pliku raportu na platformie gov.pl; potwierdzono brak; status bez zmiany. || [TURA 18d PELNIEJSZA WERYFIKACJA HOSTA]: dla gmin mazowieckich z tego wiersza podstawiono wlasciwy host BIP (proba: X.bip.gov.pl to byl tylko placeholder). Wynik: gminy te nie maja osobnej kategorii ""Raport o stanie gminy"" w swoim BIP (biuletyn.net/wrota), nie publikuja raportu 28aa badz plik niedostepny - zgodnie z wczesniejsza diagnoza w tym wierszu.",,true
282,mazowieckie,ostrowski,Szulborze Wielkie,gmina wiejska,1416092,2019,brak_finalnie,,,brak,"dogłębne sprawdzenie (web search bez Tora + oficjalny BIP + strony sesji/uchwał + wyszukiwarka BIP + załączniki + Wayback) + ocr - dowód istnienia, brak opublikowanego pliku raportu RE-WERYFIKACJA 29.08.2026 (Szulborze Wlk., kanały nowe): BIP bip.ugszulborze.pl (idcom-jst site 3125) prześwietlony SYSTEMOWO: listing Aktualności skanowany w całości (60 stron paginacji) — raporty o stanie TYLKO za 2022 (wiad. 691320), 2023 (759189 = Z33/2024 z 31.05.2024) i 2025 (886280 = Z17/2026 z 29.05.2026); Archiwum Aktualności z filtrami rocznymi: dostępne lata 2005-2016 + 2019 + 2025 + 2026 — roczniki 2018, 2020, 2021, 2024; dodatkowo: rok 2019 to jedyny rok archiwum w oknie raportowym — bez raportu NIE MAJĄ ŻADNEGO wpisu w kategorii aktualności; rok 2019 (archiwum): wyłącznie 2 obwieszczenia OOŚ; listingi Zarządzeń per rok: 2018 = nr 4-5 (budżetowe), 2019 = nr 3-8 (budżetowe) — zero zarządzeń o przedstawieniu raportu; Wayback CDX domain: 0 captures /wiadomosci/*, tylko 2 PDF (biuletyny 2014), (?i)raport = 3 OOŚ; snapshoty homepage z V/VI 2019 i VIII 2020 = bez śladu raportu; Common Crawl 0; web_search per roczniki 0; Fedrowanie #18763 (list 65543 z 11.02.2020, odpowiedź sekretarza K. Dąbkowskiego): gmina potwierdziła przedstawienie raportu i informowanie na stronie/BIP, ale pliku raportu nie ma w żadnym repozytorium publicznym (BIP go nie publikował w danym roku) → BRAK z dowodem istnienia",,BRAK_URL (dowód istnienia - nieopublikowany),2026-09-01T10:23:57Z,"NEG-plik FINALNIE (30.08.2026). Dowod istnienia: Uchwala nr 75/XV/2020 z 21.08.2020 podjeta po debacie nad raportem o stanie Gminy za rok 2019 (wotum zaufania), plik https://bip-v1-files.idcom-jst.pl/sites/3125/wiadomosci/533457/files/uchwala_nr_75xv2020.pdf. [30.08.2026 SZERZEJ I GLEBIEJ] BIP bip.ugszulborze.pl zablokowal IP srodowiska (HTTP 403 po masowych zapytaniach) - caly dalszy research wykonano przez Tor z polskim exit node (zainstalowano requests[socks]). Wykonano: (1) odkryto wlasciwy wzorzec paginacji IDcom '/wiadomosci/<dzial>/lista/1/<rok>' i przeskanowano 13 dzialow x lata 2018-2026 -> 235 wiadomosci, pobrano KAZDA i zebrano wszystkie 1012 zalacznikow: jedyny plik raportu o stanie gminy w calym BIP to raport za 2025 (wiad. 886280, zarzadzenie 17/2026) oraz za 2022 (wiad. 691320); (2) pelna paginacja dzialu Aktualnosci (60 stron, 279 wiadomosci) - slugi z 'raport' to wylacznie raporty dostepnosci i raporty z konsultacji; (3) enumeracja 33 000 ID wiadomosci w oknach czasowych wokol dat publikacji (474-479k, 531-536k, 576-581k, 688-694k, 756-762k, 820-826k) z filtrem tresci 'raport o stanie' -> jedyne trafienie to raport za 2022; (4) dodatkowa enumeracja 12 000 ID (468-480k) z filtrem naglowkow h2/h3 na raport|wotum|debata -> 0 trafien; (5) Wayback CDX: bip.ugszulborze.pl (domain, 447 rekordow) - zero raportow; bip-v1-files.idcom-jst.pl/sites/3125* - zero plikow raport/stanie; ugszulborze.pl (domain, PDF) - zero; (6) wyszukiwarki (Mojeek, Brave, DuckDuckGo) - zero plikow raportu. WNIOSEK: gmina realizowala procedure art. 28aa (debata + wotum), ale pliku raportu za ten rok nigdy nie opublikowala w BIP. | TURA 11: sprawdzono rodzine zrodel prawomiejscowe.pl (Baza Aktow Wlasnych) dla wszystkich 56 jednostek z brakami - platforma zwraca HTTP 200 i IDENTYCZNA strone-szkielet o stalej dlugosci 75 124 B rowniez dla nieistniejacej instytucji (test kontrolny: /UrzadGminyNieIstniejeXyz), a jej listy aktow laduja sie dynamicznie i nie zawieraja frazy ""raport"". Rodzina odrzucona jako nieprzydatna - analogiczna pulapka jak strona marketingowa eSesja (36 759 B). | TURA 12 (nowe rodziny zrodel): sprawdzono i wykluczono: (1) Common Crawl - indeks odpowiada, ale dla domen gmin zwraca wylacznie rekordy HTML bez plikow raportow, a przy intensywniejszym odpytywaniu host przechodzi w stan http=000 (rate-limit); (2) archive.today (.ph/.today/.is/.li) - HTTP 429, platforma blokuje adresacje tego srodowiska; (3) arquivo.pt oraz Memento TimeTravel - brak odpowiedzi/brak zasobow dla domen PL; (4) prawomiejscowe.pl - wykluczone w turze 11 (strona-szkielet 75 124 B dla dowolnej instytucji); (5) brute-force nazw plikow na serwerze idcom (bip-v1-files, 18 000 kombinacji ID wiadomosci x 12 typowych nazw) - 0 trafien, zgodnie z ustalona regula o nieskutecznosci zgadywania nazw; (6) skanowanie stron raportowych pod katem linkow do chmur zewnetrznych (Google Drive, Power BI, OneDrive, Dropbox, SharePoint) - poza Stawiguda zadna gmina nie hostuje raportu poza wlasnym BIP. || [TURA 17 01.09.2026] Re-weryfikacja przez wyszukiwarki internetowe (bez Tor): brak jakiegokolwiek odnosnika do raportow Szulborza W. za 2018/2019/2020/2021/2024 (zwroty to inne gminy: Sulejow, Suwalki). Zgodnie z pelnym skanem BIP (przez Tor): w calym BIP istnieja tylko raporty za 2022 (wiad.691320) i za 2025 (wiad.886280). Rocznik zostaje bez zmiany (raport niepublikowany; dowody istnienia - uchwaly wotum zaufania). || [TURA 18b 02.09.2026] RE-WERYFIKACJA (poza Podlasie): BIP platforma gov.pl SAMORZAD.GOV.PL (szkielet soft-404 20501B dla dowolnego sluga - zob. wnioski §8f) - kategoria /raport-o-stanie-gminy/ zwraca IDENTYCZNY szablon soft-404 (39693B) dla wszystkich lat 2018-2025 (md5 zgodne, brak tytulu, brak zgloszenia) => Gmina NIE opublikowala pliku raportu na platformie gov.pl; potwierdzono brak; status bez zmiany. || [TURA 18d PELNIEJSZA WERYFIKACJA HOSTA]: dla gmin mazowieckich z tego wiersza podstawiono wlasciwy host BIP (proba: X.bip.gov.pl to byl tylko placeholder). Wynik: gminy te nie maja osobnej kategorii ""Raport o stanie gminy"" w swoim BIP (biuletyn.net/wrota), nie publikuja raportu 28aa badz plik niedostepny - zgodnie z wczesniejsza diagnoza w tym wierszu.",,true
283,mazowieckie,ostrowski,Szulborze Wielkie,gmina wiejska,1416092,2020,brak_finalnie,,,brak,"dogłębne sprawdzenie (web search bez Tora + oficjalny BIP + strony sesji/uchwał + wyszukiwarka BIP + załączniki + Wayback) + ocr - dowód istnienia, brak opublikowanego pliku raportu RE-WERYFIKACJA 29.08.2026 (Szulborze Wlk., kanały nowe): BIP bip.ugszulborze.pl (idcom-jst site 3125) prześwietlony SYSTEMOWO: listing Aktualności skanowany w całości (60 stron paginacji) — raporty o stanie TYLKO za 2022 (wiad. 691320), 2023 (759189 = Z33/2024 z 31.05.2024) i 2025 (886280 = Z17/2026 z 29.05.2026); Archiwum Aktualności z filtrami rocznymi: dostępne lata 2005-2016 + 2019 + 2025 + 2026 — roczniki 2018, 2020, 2021, 2024 NIE MAJĄ ŻADNEGO wpisu w kategorii aktualności; rok 2019 (archiwum): wyłącznie 2 obwieszczenia OOŚ; listingi Zarządzeń per rok: 2018 = nr 4-5 (budżetowe), 2019 = nr 3-8 (budżetowe) — zero zarządzeń o przedstawieniu raportu; Wayback CDX domain: 0 captures /wiadomosci/*, tylko 2 PDF (biuletyny 2014), (?i)raport = 3 OOŚ; snapshoty homepage z V/VI 2019 i VIII 2020 = bez śladu raportu; Common Crawl 0; web_search per roczniki 0; Fedrowanie #18763 (list 65543 z 11.02.2020, odpowiedź sekretarza K. Dąbkowskiego): gmina potwierdziła przedstawienie raportu i informowanie na stronie/BIP, ale pliku raportu nie ma w żadnym repozytorium publicznym (BIP go nie publikował w danym roku) → BRAK z dowodem istnienia",,BRAK_URL (dowód istnienia - nieopublikowany),2026-09-01T10:23:57Z,"NEG-plik FINALNIE (30.08.2026). Dowod istnienia: Uchwala nr 98/XIX/2021 z 30.06.2021 podjeta po debacie nad raportem o stanie Gminy za rok 2020 (wotum zaufania), plik https://bip-v1-files.idcom-jst.pl/sites/3125/wiadomosci/578062/files/uchwala_nr_98xix2021.pdf. [30.08.2026 SZERZEJ I GLEBIEJ] BIP bip.ugszulborze.pl zablokowal IP srodowiska (HTTP 403 po masowych zapytaniach) - caly dalszy research wykonano przez Tor z polskim exit node (zainstalowano requests[socks]). Wykonano: (1) odkryto wlasciwy wzorzec paginacji IDcom '/wiadomosci/<dzial>/lista/1/<rok>' i przeskanowano 13 dzialow x lata 2018-2026 -> 235 wiadomosci, pobrano KAZDA i zebrano wszystkie 1012 zalacznikow: jedyny plik raportu o stanie gminy w calym BIP to raport za 2025 (wiad. 886280, zarzadzenie 17/2026) oraz za 2022 (wiad. 691320); (2) pelna paginacja dzialu Aktualnosci (60 stron, 279 wiadomosci) - slugi z 'raport' to wylacznie raporty dostepnosci i raporty z konsultacji; (3) enumeracja 33 000 ID wiadomosci w oknach czasowych wokol dat publikacji (474-479k, 531-536k, 576-581k, 688-694k, 756-762k, 820-826k) z filtrem tresci 'raport o stanie' -> jedyne trafienie to raport za 2022; (4) dodatkowa enumeracja 12 000 ID (468-480k) z filtrem naglowkow h2/h3 na raport|wotum|debata -> 0 trafien; (5) Wayback CDX: bip.ugszulborze.pl (domain, 447 rekordow) - zero raportow; bip-v1-files.idcom-jst.pl/sites/3125* - zero plikow raport/stanie; ugszulborze.pl (domain, PDF) - zero; (6) wyszukiwarki (Mojeek, Brave, DuckDuckGo) - zero plikow raportu. WNIOSEK: gmina realizowala procedure art. 28aa (debata + wotum), ale pliku raportu za ten rok nigdy nie opublikowala w BIP. | TURA 11: sprawdzono rodzine zrodel prawomiejscowe.pl (Baza Aktow Wlasnych) dla wszystkich 56 jednostek z brakami - platforma zwraca HTTP 200 i IDENTYCZNA strone-szkielet o stalej dlugosci 75 124 B rowniez dla nieistniejacej instytucji (test kontrolny: /UrzadGminyNieIstniejeXyz), a jej listy aktow laduja sie dynamicznie i nie zawieraja frazy ""raport"". Rodzina odrzucona jako nieprzydatna - analogiczna pulapka jak strona marketingowa eSesja (36 759 B). | TURA 12 (nowe rodziny zrodel): sprawdzono i wykluczono: (1) Common Crawl - indeks odpowiada, ale dla domen gmin zwraca wylacznie rekordy HTML bez plikow raportow, a przy intensywniejszym odpytywaniu host przechodzi w stan http=000 (rate-limit); (2) archive.today (.ph/.today/.is/.li) - HTTP 429, platforma blokuje adresacje tego srodowiska; (3) arquivo.pt oraz Memento TimeTravel - brak odpowiedzi/brak zasobow dla domen PL; (4) prawomiejscowe.pl - wykluczone w turze 11 (strona-szkielet 75 124 B dla dowolnej instytucji); (5) brute-force nazw plikow na serwerze idcom (bip-v1-files, 18 000 kombinacji ID wiadomosci x 12 typowych nazw) - 0 trafien, zgodnie z ustalona regula o nieskutecznosci zgadywania nazw; (6) skanowanie stron raportowych pod katem linkow do chmur zewnetrznych (Google Drive, Power BI, OneDrive, Dropbox, SharePoint) - poza Stawiguda zadna gmina nie hostuje raportu poza wlasnym BIP. || [TURA 17 01.09.2026] Re-weryfikacja przez wyszukiwarki internetowe (bez Tor): brak jakiegokolwiek odnosnika do raportow Szulborza W. za 2018/2019/2020/2021/2024 (zwroty to inne gminy: Sulejow, Suwalki). Zgodnie z pelnym skanem BIP (przez Tor): w calym BIP istnieja tylko raporty za 2022 (wiad.691320) i za 2025 (wiad.886280). Rocznik zostaje bez zmiany (raport niepublikowany; dowody istnienia - uchwaly wotum zaufania). || [TURA 18b 02.09.2026] RE-WERYFIKACJA (poza Podlasie): BIP platforma gov.pl SAMORZAD.GOV.PL (szkielet soft-404 20501B dla dowolnego sluga - zob. wnioski §8f) - kategoria /raport-o-stanie-gminy/ zwraca IDENTYCZNY szablon soft-404 (39693B) dla wszystkich lat 2018-2025 (md5 zgodne, brak tytulu, brak zgloszenia) => Gmina NIE opublikowala pliku raportu na platformie gov.pl; potwierdzono brak; status bez zmiany. || [TURA 18d PELNIEJSZA WERYFIKACJA HOSTA]: dla gmin mazowieckich z tego wiersza podstawiono wlasciwy host BIP (proba: X.bip.gov.pl to byl tylko placeholder). Wynik: gminy te nie maja osobnej kategorii ""Raport o stanie gminy"" w swoim BIP (biuletyn.net/wrota), nie publikuja raportu 28aa badz plik niedostepny - zgodnie z wczesniejsza diagnoza w tym wierszu.",,true
284,mazowieckie,ostrowski,Szulborze Wielkie,gmina wiejska,1416092,2021,brak_finalnie,,,brak,"dogłębne sprawdzenie (web search bez Tora + oficjalny BIP + strony sesji/uchwał + wyszukiwarka BIP + załączniki + Wayback) + ocr - dowód istnienia, brak opublikowanego pliku raportu RE-WERYFIKACJA 29.08.2026 (Szulborze Wlk., kanały nowe): BIP bip.ugszulborze.pl (idcom-jst site 3125) prześwietlony SYSTEMOWO: listing Aktualności skanowany w całości (60 stron paginacji) — raporty o stanie TYLKO za 2022 (wiad. 691320), 2023 (759189 = Z33/2024 z 31.05.2024) i 2025 (886280 = Z17/2026 z 29.05.2026); Archiwum Aktualności z filtrami rocznymi: dostępne lata 2005-2016 + 2019 + 2025 + 2026 — roczniki 2018, 2020, 2021, 2024 NIE MAJĄ ŻADNEGO wpisu w kategorii aktualności; rok 2019 (archiwum): wyłącznie 2 obwieszczenia OOŚ; listingi Zarządzeń per rok: 2018 = nr 4-5 (budżetowe), 2019 = nr 3-8 (budżetowe) — zero zarządzeń o przedstawieniu raportu; Wayback CDX domain: 0 captures /wiadomosci/*, tylko 2 PDF (biuletyny 2014), (?i)raport = 3 OOŚ; snapshoty homepage z V/VI 2019 i VIII 2020 = bez śladu raportu; Common Crawl 0; web_search per roczniki 0; Fedrowanie #18763 (list 65543 z 11.02.2020, odpowiedź sekretarza K. Dąbkowskiego): gmina potwierdziła przedstawienie raportu i informowanie na stronie/BIP, ale pliku raportu nie ma w żadnym repozytorium publicznym (BIP go nie publikował w danym roku) → BRAK z dowodem istnienia",,BRAK_URL (dowód istnienia - nieopublikowany),2026-09-01T10:23:57Z,"NEG-plik FINALNIE (31.08.2026). Dowod istnienia: Uchwala nr 139/XXVII/2022 Rady Gminy Szulborze Wielkie z 29.06.2022 podjeta 'po zakonczeniu debaty nad raportem o stanie Gminy Szulborze Wielkie za rok 2021' (wotum zaufania); strona sesji http://bip.ugszulborze.pl/wiadomosci/553/wiadomosc/637050/xxvii_sesja_rady_gminy_szulborze_wielkie__29062022_r; plik uchwaly https://bip-v1-files.idcom-jst.pl/sites/3125/wiadomosci/637050/files/uchwala_nr_139xxvii2022.pdf. [31.08.2026 - kontynuacja badania z 30.08.2026] Wykorzystano dane z pelnego skanu BIP Szulborza wykonanego przez Tor (BIP blokuje IP srodowiska HTTP 403): 13 dzialow x lata 2018-2026 -> 235 wiadomosci i wszystkie 1012 zalacznikow; pelna paginacja Aktualnosci (60 stron, 279 wiadomosci); enumeracja 45 000 ID wiadomosci w oknach czasowych. W CALYM BIP istnieja tylko dwa pliki raportu o stanie gminy: za 2022 (wiad. 691320, raport_o_stanie_gminy_za_2022.pdf) i za 2025 (wiad. 886280, zarzadzenie 17/2026, raport_o_stanie_gminy.pdf). Zweryfikowano zalaczniki obu sesji absolutoryjnych: sesja XXVII z 29.06.2022 (wiad. 637050) i sesja XII z 24.06.2025 (wiad. 827263) zawieraja WYLACZNIE uchwaly, imienny wykaz glosowan, informacje o zwolaniu sesji i regulamin - zadnego zalacznika z raportem. Wayback CDX bip.ugszulborze.pl (447 rek.) i bip-v1-files.idcom-jst.pl/sites/3125* - zero plikow raportu; CDX ugszulborze.pl (PDF) - zero. Wyszukiwarki (Mojeek, Brave, DuckDuckGo) - zero. WNIOSEK: gmina przeprowadzila procedure art. 28aa (raport przedstawiony, debata, wotum), ale pliku raportu za ten rok nie opublikowala. || SZERZEJ I GLEBIEJ 31.08.2026: (1) Sprawdzono system POSIEDZENIA.PL - subdomeny szulborze/szulborzewielkie sa placeholderami (gmina nie korzysta z tego systemu), a archiwum kadencyjne <gmina>.kadencja2018.posiedzenia.pl nie istnieje; nie ma tez instancji eSesja. (2) Sondowano bezposrednio CDN IDcom (https://bip-v1-files.idcom-jst.pl/sites/3125/wiadomosci/<ID>/files/<nazwa>) dla wiadomosci obu sesji absolutoryjnych (637050 z 29.06.2022 i 827263 z 24.06.2025) zestawem prawdopodobnych nazw pliku raportu - wszystkie 404, przy dzialajacej kontroli pozytywnej (znany plik raportu za 2022 pod wiadomoscia 691320 zwraca HTTP 200), co dowodzi poprawnosci metody. (3) Kwerendy wielosilnikowe (Bing, Brave, Marginalia, DDG-lite, DDG-html, Mojeek, Ecosia, Yep) dla obu lat - zero trafien. WNIOSEK PODTRZYMANY. | TURA 11: sprawdzono rodzine zrodel prawomiejscowe.pl (Baza Aktow Wlasnych) dla wszystkich 56 jednostek z brakami - platforma zwraca HTTP 200 i IDENTYCZNA strone-szkielet o stalej dlugosci 75 124 B rowniez dla nieistniejacej instytucji (test kontrolny: /UrzadGminyNieIstniejeXyz), a jej listy aktow laduja sie dynamicznie i nie zawieraja frazy ""raport"". Rodzina odrzucona jako nieprzydatna - analogiczna pulapka jak strona marketingowa eSesja (36 759 B). | TURA 12 (nowe rodziny zrodel): sprawdzono i wykluczono: (1) Common Crawl - indeks odpowiada, ale dla domen gmin zwraca wylacznie rekordy HTML bez plikow raportow, a przy intensywniejszym odpytywaniu host przechodzi w stan http=000 (rate-limit); (2) archive.today (.ph/.today/.is/.li) - HTTP 429, platforma blokuje adresacje tego srodowiska; (3) arquivo.pt oraz Memento TimeTravel - brak odpowiedzi/brak zasobow dla domen PL; (4) prawomiejscowe.pl - wykluczone w turze 11 (strona-szkielet 75 124 B dla dowolnej instytucji); (5) brute-force nazw plikow na serwerze idcom (bip-v1-files, 18 000 kombinacji ID wiadomosci x 12 typowych nazw) - 0 trafien, zgodnie z ustalona regula o nieskutecznosci zgadywania nazw; (6) skanowanie stron raportowych pod katem linkow do chmur zewnetrznych (Google Drive, Power BI, OneDrive, Dropbox, SharePoint) - poza Stawiguda zadna gmina nie hostuje raportu poza wlasnym BIP. || [TURA 17 01.09.2026] Re-weryfikacja przez wyszukiwarki internetowe (bez Tor): brak jakiegokolwiek odnosnika do raportow Szulborza W. za 2018/2019/2020/2021/2024 (zwroty to inne gminy: Sulejow, Suwalki). Zgodnie z pelnym skanem BIP (przez Tor): w calym BIP istnieja tylko raporty za 2022 (wiad.691320) i za 2025 (wiad.886280). Rocznik zostaje bez zmiany (raport niepublikowany; dowody istnienia - uchwaly wotum zaufania). || [TURA 18b 02.09.2026] RE-WERYFIKACJA (poza Podlasie): BIP platforma gov.pl SAMORZAD.GOV.PL (szkielet soft-404 20501B dla dowolnego sluga - zob. wnioski §8f) - kategoria /raport-o-stanie-gminy/ zwraca IDENTYCZNY szablon soft-404 (39693B) dla wszystkich lat 2018-2025 (md5 zgodne, brak tytulu, brak zgloszenia) => Gmina NIE opublikowala pliku raportu na platformie gov.pl; potwierdzono brak; status bez zmiany. || [TURA 18d PELNIEJSZA WERYFIKACJA HOSTA]: dla gmin mazowieckich z tego wiersza podstawiono wlasciwy host BIP (proba: X.bip.gov.pl to byl tylko placeholder). Wynik: gminy te nie maja osobnej kategorii ""Raport o stanie gminy"" w swoim BIP (biuletyn.net/wrota), nie publikuja raportu 28aa badz plik niedostepny - zgodnie z wczesniejsza diagnoza w tym wierszu.",,true
285,mazowieckie,ostrowski,Szulborze Wielkie,gmina wiejska,1416092,2022,ok_finalnie,pdf,tekst,https://bip-v1-files.idcom-jst.pl/sites/3125/wiadomosci/691320/files/raport_o_stanie_gminy_za_2022.pdf,direct_without_tor,9a25fc73a1ad316b75e4d66742bd708618162a8d552f469bef395b4d7ee7f8bf,200,2026-09-04T21:59:41Z,,1.34,true
286,mazowieckie,ostrowski,Szulborze Wielkie,gmina wiejska,1416092,2023,ok_finalnie,pdf,skan,https://bip-v1-files.idcom-jst.pl/sites/3125/wiadomosci/759189/files/zarzadzenie_33.pdf,direct_without_tor + ocr,82f9004852c21ec1e76f79cab1e552db3968b37e865af938fd336f5590665bbe,200,2026-09-05T00:05:14Z,,35.075,true
287,mazowieckie,ostrowski,Szulborze Wielkie,gmina wiejska,1416092,2024,brak_finalnie,,,brak,"dogłębne sprawdzenie (web search bez Tora + oficjalny BIP + strony sesji/uchwał + wyszukiwarka BIP + załączniki + Wayback) + ocr - dowód istnienia, brak opublikowanego pliku raportu RE-WERYFIKACJA 29.08.2026 (Szulborze Wlk., kanały nowe): BIP bip.ugszulborze.pl (idcom-jst site 3125) prześwietlony SYSTEMOWO: listing Aktualności skanowany w całości (60 stron paginacji) — raporty o stanie TYLKO za 2022 (wiad. 691320), 2023 (759189 = Z33/2024 z 31.05.2024) i 2025 (886280 = Z17/2026 z 29.05.2026); Archiwum Aktualności z filtrami rocznymi: dostępne lata 2005-2016 + 2019 + 2025 + 2026 — roczniki 2018, 2020, 2021, 2024 NIE MAJĄ ŻADNEGO wpisu w kategorii aktualności; rok 2019 (archiwum): wyłącznie 2 obwieszczenia OOŚ; listingi Zarządzeń per rok: 2018 = nr 4-5 (budżetowe), 2019 = nr 3-8 (budżetowe) — zero zarządzeń o przedstawieniu raportu; Wayback CDX domain: 0 captures /wiadomosci/*, tylko 2 PDF (biuletyny 2014), (?i)raport = 3 OOŚ; snapshoty homepage z V/VI 2019 i VIII 2020 = bez śladu raportu; Common Crawl 0; web_search per roczniki 0; Fedrowanie #18763 (list 65543 z 11.02.2020, odpowiedź sekretarza K. Dąbkowskiego): gmina potwierdziła przedstawienie raportu i informowanie na stronie/BIP, ale pliku raportu nie ma w żadnym repozytorium publicznym (BIP go nie publikował w danym roku) → BRAK z dowodem istnienia",,BRAK_URL (dowód istnienia - nieopublikowany),2026-09-01T10:23:57Z,"NEG-plik FINALNIE (31.08.2026). Dowod istnienia: Uchwala Nr 53/XII/2025 Rady Gminy Szulborze Wielkie z 24.06.2025 w sprawie wotum zaufania - pobrana i POTWIERDZONA OCR-em 30.08.2026 (naglowek: 'UCHWALA NR 53/XII/2025 RADY GMINY SZULBORZE WIELKIE z dnia 24 czerwca 2025 r. w sprawie wotum zaufania'); w tej samej sesji uchwala 55/XII/2025 o absolutorium 'z tytulu wykonania budzetu za rok 2024' potwierdza, ze sesja dotyczyla roku 2024; plik https://bip-v1-files.idcom-jst.pl/sites/3125/wiadomosci/827263/files/uchwaa_nr_53.xii.2025.pdf. [31.08.2026 - kontynuacja badania z 30.08.2026] Wykorzystano dane z pelnego skanu BIP Szulborza wykonanego przez Tor (BIP blokuje IP srodowiska HTTP 403): 13 dzialow x lata 2018-2026 -> 235 wiadomosci i wszystkie 1012 zalacznikow; pelna paginacja Aktualnosci (60 stron, 279 wiadomosci); enumeracja 45 000 ID wiadomosci w oknach czasowych. W CALYM BIP istnieja tylko dwa pliki raportu o stanie gminy: za 2022 (wiad. 691320, raport_o_stanie_gminy_za_2022.pdf) i za 2025 (wiad. 886280, zarzadzenie 17/2026, raport_o_stanie_gminy.pdf). Zweryfikowano zalaczniki obu sesji absolutoryjnych: sesja XXVII z 29.06.2022 (wiad. 637050) i sesja XII z 24.06.2025 (wiad. 827263) zawieraja WYLACZNIE uchwaly, imienny wykaz glosowan, informacje o zwolaniu sesji i regulamin - zadnego zalacznika z raportem. Wayback CDX bip.ugszulborze.pl (447 rek.) i bip-v1-files.idcom-jst.pl/sites/3125* - zero plikow raportu; CDX ugszulborze.pl (PDF) - zero. Wyszukiwarki (Mojeek, Brave, DuckDuckGo) - zero. WNIOSEK: gmina przeprowadzila procedure art. 28aa (raport przedstawiony, debata, wotum), ale pliku raportu za ten rok nie opublikowala. || SZERZEJ I GLEBIEJ 31.08.2026: (1) Sprawdzono system POSIEDZENIA.PL - subdomeny szulborze/szulborzewielkie sa placeholderami (gmina nie korzysta z tego systemu), a archiwum kadencyjne <gmina>.kadencja2018.posiedzenia.pl nie istnieje; nie ma tez instancji eSesja. (2) Sondowano bezposrednio CDN IDcom (https://bip-v1-files.idcom-jst.pl/sites/3125/wiadomosci/<ID>/files/<nazwa>) dla wiadomosci obu sesji absolutoryjnych (637050 z 29.06.2022 i 827263 z 24.06.2025) zestawem prawdopodobnych nazw pliku raportu - wszystkie 404, przy dzialajacej kontroli pozytywnej (znany plik raportu za 2022 pod wiadomoscia 691320 zwraca HTTP 200), co dowodzi poprawnosci metody. (3) Kwerendy wielosilnikowe (Bing, Brave, Marginalia, DDG-lite, DDG-html, Mojeek, Ecosia, Yep) dla obu lat - zero trafien. WNIOSEK PODTRZYMANY. | TURA 11: sprawdzono rodzine zrodel prawomiejscowe.pl (Baza Aktow Wlasnych) dla wszystkich 56 jednostek z brakami - platforma zwraca HTTP 200 i IDENTYCZNA strone-szkielet o stalej dlugosci 75 124 B rowniez dla nieistniejacej instytucji (test kontrolny: /UrzadGminyNieIstniejeXyz), a jej listy aktow laduja sie dynamicznie i nie zawieraja frazy ""raport"". Rodzina odrzucona jako nieprzydatna - analogiczna pulapka jak strona marketingowa eSesja (36 759 B). | TURA 12 (nowe rodziny zrodel): sprawdzono i wykluczono: (1) Common Crawl - indeks odpowiada, ale dla domen gmin zwraca wylacznie rekordy HTML bez plikow raportow, a przy intensywniejszym odpytywaniu host przechodzi w stan http=000 (rate-limit); (2) archive.today (.ph/.today/.is/.li) - HTTP 429, platforma blokuje adresacje tego srodowiska; (3) arquivo.pt oraz Memento TimeTravel - brak odpowiedzi/brak zasobow dla domen PL; (4) prawomiejscowe.pl - wykluczone w turze 11 (strona-szkielet 75 124 B dla dowolnej instytucji); (5) brute-force nazw plikow na serwerze idcom (bip-v1-files, 18 000 kombinacji ID wiadomosci x 12 typowych nazw) - 0 trafien, zgodnie z ustalona regula o nieskutecznosci zgadywania nazw; (6) skanowanie stron raportowych pod katem linkow do chmur zewnetrznych (Google Drive, Power BI, OneDrive, Dropbox, SharePoint) - poza Stawiguda zadna gmina nie hostuje raportu poza wlasnym BIP. || [TURA 17 01.09.2026] Re-weryfikacja przez wyszukiwarki internetowe (bez Tor): brak jakiegokolwiek odnosnika do raportow Szulborza W. za 2018/2019/2020/2021/2024 (zwroty to inne gminy: Sulejow, Suwalki). Zgodnie z pelnym skanem BIP (przez Tor): w calym BIP istnieja tylko raporty za 2022 (wiad.691320) i za 2025 (wiad.886280). Rocznik zostaje bez zmiany (raport niepublikowany; dowody istnienia - uchwaly wotum zaufania). || [TURA 18b 02.09.2026] RE-WERYFIKACJA (poza Podlasie): BIP platforma gov.pl SAMORZAD.GOV.PL (szkielet soft-404 20501B dla dowolnego sluga - zob. wnioski §8f) - kategoria /raport-o-stanie-gminy/ zwraca IDENTYCZNY szablon soft-404 (39693B) dla wszystkich lat 2018-2025 (md5 zgodne, brak tytulu, brak zgloszenia) => Gmina NIE opublikowala pliku raportu na platformie gov.pl; potwierdzono brak; status bez zmiany. || [TURA 18d PELNIEJSZA WERYFIKACJA HOSTA]: dla gmin mazowieckich z tego wiersza podstawiono wlasciwy host BIP (proba: X.bip.gov.pl to byl tylko placeholder). Wynik: gminy te nie maja osobnej kategorii ""Raport o stanie gminy"" w swoim BIP (biuletyn.net/wrota), nie publikuja raportu 28aa badz plik niedostepny - zgodnie z wczesniejsza diagnoza w tym wierszu.",,true
288,mazowieckie,ostrowski,Szulborze Wielkie,gmina wiejska,1416092,2025,ok_finalnie,pdf,skan,https://bip-v1-files.idcom-jst.pl/sites/3125/wiadomosci/886280/files/raport_o_stanie_gminy.pdf,direct_without_tor + ocr,8d7f754c75b2e037929ae53563ba9032e0c77838a890c837f5b58a89881d198e,200,2026-09-05T00:05:25Z,,20.395,true
289,mazowieckie,ostrowski,Wąsewo,gmina wiejska,1416102,2018,ok_finalnie,pdf,tekst,http://bip.wasewo.eur.pl/public/get_file.php?id=324637,direct_without_tor,24d6e5cd08ad217bb27967e4bce3e932a2359c113a4de8fe3d98f0151faf7e4b,200,2026-09-04T22:25:14Z,,20.988,true
290,mazowieckie,ostrowski,Wąsewo,gmina wiejska,1416102,2019,ok_finalnie,pdf,tekst,http://91.200.32.41/page/pliki/main/raport_o_stanie_gminy_wasewo_za_rok_2019.pdf,direct_without_tor_ip_host_header,79d461cb1a725da0dd3a5b4a96b455c3ef71b57b3b2809fa43620bf76759c9c6,200,2026-09-05T02:14:57Z,[revalid 2026-09-05] download_fail http=0 n=0 req:ConnectionError | [revalid 2026-09-05] revalidated unit=gmina_ok year=2019 ocr=False,10.19,true
291,mazowieckie,ostrowski,Wąsewo,gmina wiejska,1416102,2020,ok_finalnie,pdf,tekst,http://bip.wasewo.eur.pl/public/get_file.php?id=353374,direct_without_tor,f5c6cd9b667a0616a79cf8416e59072eca80ec04582600b2c6cf25e510b88715,200,2026-09-04T22:25:18Z,,5.069,true
292,mazowieckie,ostrowski,Wąsewo,gmina wiejska,1416102,2021,ok_finalnie,pdf,tekst,https://wasewo.pl/files/file/Aktualnosci-2022/Raport-2021.pdf,direct_without_tor,0748a6e9ba3a60c035d4d29190a3b660bb5ba1503a11cd6797f05ace95de7108,200,2026-09-04T22:42:11Z,,8.077,true
293,mazowieckie,ostrowski,Wąsewo,gmina wiejska,1416102,2022,ok_finalnie,pdf,tekst,http://bip.wasewo.eur.pl/public/get_file.php?id=365280,direct_without_tor,a7c0c3a8b57c7cc7faba6677b41e3377308003e58e3184d7efa7f0078bd666c1,200,2026-09-04T22:25:21Z,,11.638,true
294,mazowieckie,ostrowski,Wąsewo,gmina wiejska,1416102,2023,ok_finalnie,pdf,tekst,http://bip.wasewo.eur.pl/public/get_file.php?id=372453,direct_without_tor,dad69f5330e3463a7fb29dcc73e99c4b8d4f3deb1ea4d044bf6266a03a154768,200,2026-09-04T22:25:25Z,,10.234,true
295,mazowieckie,ostrowski,Wąsewo,gmina wiejska,1416102,2024,ok_finalnie,pdf,tekst,http://bip.wasewo.eur.pl/public/get_file.php?id=380817,direct_without_tor,616091eb8ce12ed0c4439bd74e23b7ce637dc164e9a0ceb1949c8548556adf04,200,2026-09-04T22:25:29Z,,10.591,true
296,mazowieckie,ostrowski,Wąsewo,gmina wiejska,1416102,2025,ok_finalnie,pdf,tekst,http://bip.wasewo.eur.pl/public/get_file.php?id=388592,direct_without_tor,272ab7115410e33a70d841e808adb787d39060efc098fd98cb5ed0296531bf22,200,2026-09-04T22:25:31Z,,1.172,true
297,mazowieckie,ostrowski,Zaręby Kościelne,gmina wiejska,1416112,2018,ok_finalnie,pdf,tekst,https://zarebykoscielne.pl/files/file/Zarzadzenia-wojta/20-19/79zarzad34zal1.pdf,web_search bez Tora + oficjalny BIP/strona roczna + proxy.cors.sh (oficjalny URL źródłowy),9214a2ba0ff1a1bba42a419f728ae4988dd24fe1f494eca22f3003c661fd682a,200,2026-09-02T06:58:44Z,,0.39,true
298,mazowieckie,ostrowski,Zaręby Kościelne,gmina wiejska,1416112,2019,brak_finalnie,,,brak,"web_search bez Tora + oficjalny BIP/strona roczna + weryfikacja wskazanego załącznika + sitemap/domena alternatywna; dowód istnienia, brak publicznego pliku raportu WZMOCNIENIE DOWODU 29.08.2026: podstrona zarebykoscielne.pl/2020-2019.html (listing Zarzadzen, katalog /files/file/Zarzadzenia-wojta/20-19/) zawiera Zarzadzenie Nr 103/20 Wójta z 27.05.2020 ""w sprawie przedstawienia raportu o stanie gminy Zaręby Kościelne"" — plik zarzad103.pdf ZYWY (239940 B, skan 1-str., OCR tesseract: ""Przedstawiam raport o stanie gminy Zaręby Kościelne za rok 2019 w brzmieniu określonym w załączniku""; §2: raport podlega przedłożeniu Radzie i publikacji w BIP) — ALE ZALACZNIK (raport) NIGDY NIE ZOSTAL OGBLIKOWANY: katalog 20-19/ enumerowany w calosci (110 plikow, wzorzec zalacznikow *zal*.pdf — brak czegokolwiek do zarzadzenia 103), 0 w Wayback (crawl X 2020: tylko przetargi/uchwaly; CDX domeny obu hostow bez raportu 2019), sondy nazw 404; dowod obrad: Uchwala Nr XVII/130/20 Rady Gminy z 30.06.2020 w sprawie absolutorium za 2019 (zywa: /files/file/uchwaly-rady-gminy/20/Uchwala_XVII_130_20_2020-06-30.pdf) → BRAK z dowodem istnienia (nieopublikowany)",,sprawdzono pogłębnie 2026-09-05,2026-09-01T10:41:27Z,[KONT.] || [TURA 19 05.09.2026] Wayback CDX zareby-kosc.pl: URL /raport-o-stanie-gminy-zareby-koscielne-za-2019-rok.html (capture 20211123211813) ma MYLĄCY slug - zawartość to raport ZA 2020 (zarządzenie 178/21 z 28.05.2021 + załącznik Raport_o_stanie_gminy2020.pdf + zgłoszenie debata_raport.pdf). Raportu za 2019 nigdy nie opublikowano. Status bez zmian.,,true
299,mazowieckie,ostrowski,Zaręby Kościelne,gmina wiejska,1416112,2020,ok_finalnie,pdf,tekst,http://web.archive.org/web/20211123223124/http://www.zareby-kosc.pl/files/file/Raport_o_stanie_gminy2020.pdf,wayback,ec45b5cfd3dba690f6e7b23d4f33a9012d63e6c8f6b8ce028118499e4d21cd52,200,2026-09-05T01:44:08Z,,1.973,true
300,mazowieckie,ostrowski,Zaręby Kościelne,gmina wiejska,1416112,2021,ok_finalnie,pdf,tekst,http://web.archive.org/web/20230425220644/http://zareby-kosc.pl/files/file/Raport-o-stanie-gminy-2021-www.pdf,wayback,3a1236a08e4ca5875dbc28422a2ce20239acb2bf7d5d273d7191fdd69449e0fe,200,2026-09-05T01:44:12Z,,1.963,true
301,mazowieckie,ostrowski,Zaręby Kościelne,gmina wiejska,1416112,2022,ok_finalnie,pdf,tekst,https://zareby-kosc.pl/files/image/urzad_gminy_info/28raport2022_finisz2.pdf,direct_without_tor,9ab5b735d5888725bde2ff25379a2b6b9503b7d4ab9d4f01dcdcb8e0d9736685,200,2026-09-04T22:38:04Z,,2.434,true
302,mazowieckie,ostrowski,Zaręby Kościelne,gmina wiejska,1416112,2023,ok_finalnie,pdf,tekst,https://zareby-kosc.pl/files/file_add/download/176_raportgminy2023.pdf,direct_without_tor,67a3d480bc02e6f141e5a805ca0d077ed601fefcaa74f19cb6417267ff426b56,200,2026-09-04T22:38:07Z,,1.737,true
303,mazowieckie,ostrowski,Zaręby Kościelne,gmina wiejska,1416112,2024,ok_finalnie,pdf,tekst,https://zareby-kosc.pl/files/file_add/download/384_projektraportzarzad55.pdf,direct_without_tor,848714ffbfee0bf13ee12854e4613d330a612ed29cc5fbeba63488020e890bad,200,2026-09-04T22:38:09Z,,1.436,true
304,mazowieckie,ostrowski,Zaręby Kościelne,gmina wiejska,1416112,2025,ok_finalnie,pdf,tekst,https://zareby-kosc.pl/files/file_add/download/591_zarzadzenie-nr33-raport.pdf,direct_without_tor,b6f57d9b5edfde03ce032eb06e9d085018a18f0ebf8af5e53fdfe0fe32de0125,200,2026-09-04T22:38:11Z,,0.3,true
305,mazowieckie,ostrołęcki,Baranowo,gmina wiejska,1415012,2018,ok_finalnie,pdf,tekst,"https://www.bip.baranowo.pl/plik,402,zarzadzenie-wojta-gminy-baranowo-z-dnia-31-maja-2019-r-w-sprawie-przedstawienia-raportu-o-stanie-gminy-baranowo-za-rok-2018.pdf",direct_without_tor,dcaa9d401ffe726fde85715575bac0b89c6aa7398dfc09b793cb1d7c11ddef4d,200,2026-09-04T22:25:19Z,,0.689,true
306,mazowieckie,ostrołęcki,Baranowo,gmina wiejska,1415012,2019,ok_finalnie,pdf,Raport o stanie Gminy Baranów za 2019 r. (zarządzenie VIII/153/2020 Wójta Gminy Baranów z 25.05.2020),https://bip.gminabaranow.pl/images/stories/2020/Zarządzenia/05/Zarz_VIII-153-2020.pdf,"[TURA 17 01.09.2026] Wayback+live BIP gminabaranow.pl; sekcja Raporty o stanie Gminy linkuje raport za 2019 do /images/stories/2020/Zarządzenia/05/Zarz_VIII-153-2020.pdf; pobrano i potwierdzono (58 str., tytul z tresci)",340f51ed8d5f0e1272d302ae7afbc01905e95392132625d6c0e76ecc493ddfc8,200,2026-09-05T01:44:11Z,,5.071,true
307,mazowieckie,ostrołęcki,Baranowo,gmina wiejska,1415012,2020,ok_finalnie,pdf,skan,"http://web.archive.org/web/20220302015847/https://www.bip.baranowo.pl/plik,770,raport-o-stanie-gminy-baranowo-za-2020-rok.pdf","wayback (rekord kompletny, koniec strumienia %%EOF; 32 str.; weryfikacja tożsamości: OCR okładki tesseract — ""RAPORT O STANIE GMINY BARANOWO ZA ROK 2020, WÓJT GMINY BARANOWO, RYNEK 7, 06 320 BARANOWO""; plik bez warstwy tekstowej — wersja tekstowa nie istnieje nigdzie (CC 0, live BIP 403, strona BIP listuje tylko 2021-2025))",d75adfc64abaa9f44d945adee6e108e8db8471a191ca7bedb0a76846620b4c4a,200,2026-09-05T01:44:14Z,,0.674,true
308,mazowieckie,ostrołęcki,Baranowo,gmina wiejska,1415012,2021,ok_finalnie,pdf,tekst,"https://www.bip.baranowo.pl/plik,1273,raport-o-stanie-gminy-baranowo-za-rok-2021.pdf",direct_without_tor,ee5ad44febf1045e1d9d9018d44a2a315806f314a600c60ed76ec233df5720c7,200,2026-09-04T22:25:22Z,,1.862,true
309,mazowieckie,ostrołęcki,Baranowo,gmina wiejska,1415012,2022,ok_finalnie,pdf,tekst,"https://www.bip.baranowo.pl/plik,1272,raport-o-stanie-gminy-baranowo-za-rok-2022.pdf",direct_without_tor,f90631b503d736288a3d2ca979abbfa1d079400fdbf22cf5b3682c115478b09e,200,2026-09-04T22:25:25Z,,0.763,true
310,mazowieckie,ostrołęcki,Baranowo,gmina wiejska,1415012,2023,ok_finalnie,pdf,tekst,"https://www.bip.baranowo.pl/plik,1598,raport-o-stanie-gminy-baranowo-za-2023-rok.pdf",direct_without_tor,b7f6c8f0af900f02ef424d19931133a3044c87f79d864e4f7c4131998427c983,200,2026-09-04T22:25:40Z,,6.13,true
311,mazowieckie,ostrołęcki,Baranowo,gmina wiejska,1415012,2024,ok_finalnie,pdf,tekst,"https://www.bip.baranowo.pl/plik,1877,raport-o-stanie-gminy-baranowo-za-2024-rok.pdf",direct_without_tor,a11698d7fe734780a21a46fbb1738583136dc7cb086351a34fe57a16fb16e148,200,2026-09-04T22:25:47Z,,4.419,true
312,mazowieckie,ostrołęcki,Baranowo,gmina wiejska,1415012,2025,ok_finalnie,pdf,tekst,"https://www.bip.baranowo.pl/plik,2159,raport-o-stanie-gminy-baranowo-za-2025-rok.pdf",direct_without_tor,237a0465a6ecf7a963217a51c3ab9b04f4db002fa6df004864e88fb19fe5a6d1,200,2026-09-04T22:26:02Z,,9.14,true
313,mazowieckie,ostrołęcki,Czarnia,gmina wiejska,1415022,2018,brak_finalnie,,,brak,"dogłębne sprawdzenie (web search bez Tora + stary i aktualny BIP/CMS + strony sesji i załączniki + sitemap + domeny alternatywne) - dowód proceduralny, brak opublikowanego pliku raportu RE-WERYFIKACJA 29.08.2026 (Czarnia): stare BIP bip.ug-czarnia.samorzady.pl ZYWE (CDX: 0 captures); wyszukiwarka CMS (POST /szukaj): wszystkie pozycje ""raport|stanie"" = tylko Raport o stanie za 2019 (art 2449, zalacznik 5350, opublikowany 06.08.2020) i za 2020 (art 2767, zal 6010) + analizy odpadow blednie zatytulowane ""Raport za 2018/2019 rok"" (art 2417/2418 — zalaczniki to Roczna analiza stanu gospodarki odpadami); Rejestr zmian (paginacja /rejestr/N): strony pokrywajace 24.05.2019-31.07.2019 (p48-50) = ZERO wpisow o raporcie; nowe BIP bip.czarnia.com.pl/raport-o-stanie-gminy.html = wylacznie 2021-2025; Wayback: 0 captures starego BIP; web_search 0; DOWOD OBRAD: karta V Zwyczajnej Sesji Rady Gminy Czarnia (art/id/2131) z 29.05.2019 — porzadek obrad: ""Raport o stanie Gminy Czarnia za 2018 r. — debata nad raportem"" + absolutorium za 2018 → raport przedstawiony, ale NIGDY nieopublikowany w sieci → BRAK z dowodem istnienia (nieopublikowany)",,BRAK_URL (dowód istnienia - nieopublikowany),2026-09-01T10:23:57Z,"NEG-plik FINALNIE (31.08.2026). Raport ISTNIAL/BYL PRZEDSTAWIONY - dowod: strona V Zwyczajnej Sesji Rady Gminy Czarnia z 29.05.2019 (https://bip.ug-czarnia.samorzady.pl/art/id/2131, archiwalny duplikat /art/id/2132) - porzadek obrad sesji 31.05.2019 zawiera pkt 6 'Raport o stanie Gminy Czarnia za 2018 r.', debate i uchwale o wotum zaufania. [NOWE 31.08.2026] Zweryfikowano wczesniejszy trop /art/id/2417 'Raport za 2018 rok': to NIE jest raport o stanie gminy - jedyny zalacznik (id 5245) nosi nazwe 'Za rok 2018 - Roczna...pdf' z komentarzem 'Roczna analiza za 2018 rok' i dotyczy analizy stanu gospodarki odpadami komunalnymi (endpoint /pobierz/?zalacznik=5245 zwraca ponadto HTTP 502). Trop odrzucony. Przeprowadzono SKAN ~1500 ARTYKULOW BIP (/art/id/ w zakresach 1500-3000) z analiza naglowkow h1/h2/h3 pod katem raport|stanie gminy|wotum|debata: znaleziono wylacznie art. 2449 'Raport o stanie Gminy Czarnia za 2019 rok' (zal. 5350) i art. 2767 'Raport o stanie Gminy Czarnia za 2020 rok' (zal. 6010) - oba juz zapisane w CSV - oraz raport dostepnosci. Artykulu ani pliku raportu za 2018 NIE MA. Enumeracja zalacznikow /zalacznik/id/ w zakresie 4800-5400 (600 ID) - brak pliku o nazwie wskazujacej na raport. Wyszukiwarka BIP (/szukaj, /search) nie zwraca wynikow. Nowy BIP bip.czarnia.com.pl przechowuje raporty dopiero od 2021 r. STATUS: przedstawienie raportu Radzie udowodnione porzadkiem obrad, plik nigdy nie zostal opublikowany w BIP. || SZERZEJ I GLEBIEJ 31.08.2026: zastosowano IDENTYFIKACJE PO TRESCI zamiast po nazwie. Endpoint /zalacznik/id/<ID> nie zwraca Content-Disposition, wiec pobrano naglowki 2200 kolejnych zalacznikow (ID 3200-5400, obejmujace okres publikacji raportu za 2018 i 2019), sparsowano kazdy PDF PyMuPDF-em i przeszukano tekst pierwszych dwoch stron wyrazeniem 'raport o stanie' - ZERO trafien poza juz znanymi. Potwierdza to, ze plik raportu za 2018 nie zostal wgrany pod zadnym ID w tym zakresie, niezaleznie od nazwy. Dodatkowo: sitemap.xml nowego BIP bip.czarnia.com.pl rozwinieto (538 URL) - strona /raport-o-stanie-gminy.html linkuje raporty wylacznie za lata 2021-2025; enumeracja nowego CMS /files/file_add/download/<ID> dla ID 1-1800 (1425 zywych plikow, odczyt Content-Disposition) dala 16 trafien 'raport', z ktorych raporty o stanie gminy to tylko lata 2021, 2022, 2023, 2024, 2025. System POSIEDZENIA.PL: subdomena czarnia istnieje, ale archiwum kadencyjne jest puste (0 posiedzen). Kwerendy wielosilnikowe (8 silnikow) - trafienia wylacznie na inne gminy o podobnych nazwach (Czarna, Czarne, Czernice Borowe, Czermin, Stare Czarnowo) - kolizje odrzucone. WNIOSEK PODTRZYMANY. | TURA 11: sprawdzono rodzine zrodel prawomiejscowe.pl (Baza Aktow Wlasnych) dla wszystkich 56 jednostek z brakami - platforma zwraca HTTP 200 i IDENTYCZNA strone-szkielet o stalej dlugosci 75 124 B rowniez dla nieistniejacej instytucji (test kontrolny: /UrzadGminyNieIstniejeXyz), a jej listy aktow laduja sie dynamicznie i nie zawieraja frazy ""raport"". Rodzina odrzucona jako nieprzydatna - analogiczna pulapka jak strona marketingowa eSesja (36 759 B). | TURA 12 (nowe rodziny zrodel): sprawdzono i wykluczono: (1) Common Crawl - indeks odpowiada, ale dla domen gmin zwraca wylacznie rekordy HTML bez plikow raportow, a przy intensywniejszym odpytywaniu host przechodzi w stan http=000 (rate-limit); (2) archive.today (.ph/.today/.is/.li) - HTTP 429, platforma blokuje adresacje tego srodowiska; (3) arquivo.pt oraz Memento TimeTravel - brak odpowiedzi/brak zasobow dla domen PL; (4) prawomiejscowe.pl - wykluczone w turze 11 (strona-szkielet 75 124 B dla dowolnej instytucji); (5) brute-force nazw plikow na serwerze idcom (bip-v1-files, 18 000 kombinacji ID wiadomosci x 12 typowych nazw) - 0 trafien, zgodnie z ustalona regula o nieskutecznosci zgadywania nazw; (6) skanowanie stron raportowych pod katem linkow do chmur zewnetrznych (Google Drive, Power BI, OneDrive, Dropbox, SharePoint) - poza Stawiguda zadna gmina nie hostuje raportu poza wlasnym BIP. || [TURA 17 01.09.2026] Re-weryfikacja: kat/id/127 ""Raport o stanie Gminy"" (zywe BIP samorzady.pl) zawiera TYLKO raporty: za 2019 (art 2449, zalacznik pdf dodany 06.08.2020) i za 2020 (art 2767). Zast. do za 2018: NIE MA opublikowanego zalacznika pdf. Potwierdzenie przedstawienia: art/id/2131 = V Zwyczajna Sesja (29/31.05.2019) - pkt 6 ""Raport o stanie Gminy Czarnia za 2018 r. - debata..., wotum zaufania"". Zero linkow (.pdf/zalacznik) w tym artykule sesji. => RAPORT ZA 2018 PRZEDSTAWIONY, BRAK OPUBLIKOWANEGO PLIKU (nieodzyskany). || [TURA 18b 02.09.2026] RE-WERYFIKACJA (poza Podlasie): BIP platforma gov.pl SAMORZAD.GOV.PL (szkielet soft-404 20501B dla dowolnego sluga - zob. wnioski §8f) - kategoria /raport-o-stanie-gminy/ zwraca IDENTYCZNY szablon soft-404 (39693B) dla wszystkich lat 2018-2025 (md5 zgodne, brak tytulu, brak zgloszenia) => Gmina NIE opublikowala pliku raportu na platformie gov.pl; potwierdzono brak; status bez zmiany. || [TURA 18d PELNIEJSZA WERYFIKACJA HOSTA]: dla gmin mazowieckich z tego wiersza podstawiono wlasciwy host BIP (proba: X.bip.gov.pl to byl tylko placeholder). Wynik: gminy te nie maja osobnej kategorii ""Raport o stanie gminy"" w swoim BIP (biuletyn.net/wrota), nie publikuja raportu 28aa badz plik niedostepny - zgodnie z wczesniejsza diagnoza w tym wierszu.",,true
314,mazowieckie,ostrołęcki,Czarnia,gmina wiejska,1415022,2019,ok_finalnie,pdf,tekst,https://bip.ug-czarnia.samorzady.pl/zalacznik/id/5350,direct_without_tor | recheck_ssl_off,ef0197ccd8e4834a50b732f8587277d17ec94c13cc09da82c4956c8b8ccc03f5,200,2026-09-02T08:42:54Z,,1.332,true
315,mazowieckie,ostrołęcki,Czarnia,gmina wiejska,1415022,2020,ok_finalnie,pdf,tekst,http://bip.ug-czarnia.samorzady.pl/zalacznik/id/6010,direct_without_tor,b4e3547775c5dc7aac6d878c3bfe4679420ad08a66926b4957d53dae854fb55e,200,2026-09-04T22:42:14Z,,2.202,true
316,mazowieckie,ostrołęcki,Czarnia,gmina wiejska,1415022,2021,ok_finalnie,pdf,skan,https://bip.czarnia.com.pl/files/file_add/download/3_raport-o-stanie-gminy-czarnia-za-2021-rok.pdf,direct_without_tor,d8b3b3bd88ac8884dedd6a1a14e9d2ae1bd1a912183a07240c396e45d471c5c5,200,2026-09-04T22:31:02Z,,15.339,true
317,mazowieckie,ostrołęcki,Czarnia,gmina wiejska,1415022,2022,ok_finalnie,pdf,tekst,https://bip.czarnia.com.pl/files/file_add/download/4_raport-o-stanie-gminy-czarnia-za-2022-rok.pdf,direct_without_tor,1dd7dec0ec62d48959d6a36a9962b13c7bdded051ea05e59fbd4ee910b8b5163,200,2026-09-04T22:31:04Z,,1.301,true
318,mazowieckie,ostrołęcki,Czarnia,gmina wiejska,1415022,2023,ok_finalnie,pdf,tekst,https://bip.czarnia.com.pl/files/file_add/download/456_raport-o-stanie-gminy-czarnia-za-rok-2023-.pdf,direct_without_tor,88b329f77bc679e245c104c0d597299828776970415b5a807eea5a3f9547fc53,200,2026-09-04T22:31:08Z,,8.084,true
319,mazowieckie,ostrołęcki,Czarnia,gmina wiejska,1415022,2024,ok_finalnie,pdf,tekst,https://bip.czarnia.com.pl/files/file_add/download/1318_raport-o-stanie-gminy-czarnia-za-rok-2024-1-1-2.pdf,direct_without_tor,e4fc20a6da41b878ee5ef0be90b48c473d2b434a625ffa639fb927c6dad66326,200,2026-09-04T22:31:12Z,,14.947,true
320,mazowieckie,ostrołęcki,Czarnia,gmina wiejska,1415022,2025,ok_finalnie,pdf,tekst,https://bip.czarnia.com.pl/files/file_add/download/1689_raport-o-stanie-gminy-czarnia-za-rok-2025.pdf,direct_without_tor,b7a9c37aa37ed06b402547130baf1dd2178b92783a34d960748b02ea1c97627f,200,2026-09-04T22:31:18Z,,19.198,true
321,mazowieckie,ostrołęcki,Czerwin,gmina wiejska,1415032,2018,ok_finalnie,pdf,skan,https://bip.czerwin.pl/pobierz/914,direct_without_tor,e8093c9a18aa5af796fa3c3db9f194e25551683e585e408197f0d479fabed623,200,2026-09-04T22:31:23Z,,13.084,true
322,mazowieckie,ostrołęcki,Czerwin,gmina wiejska,1415032,2019,ok_finalnie,pdf,skan,https://bip.czerwin.pl/pobierz/911,direct_without_tor,a20f3ef6f664bf18dc5ec65fca9bf9cf2753f0ddc47c1f4b0b3743f19a0fb317,200,2026-09-04T22:31:50Z,,15.621,true
323,mazowieckie,ostrołęcki,Czerwin,gmina wiejska,1415032,2020,ok_finalnie,pdf,skan,https://bip.czerwin.pl/pobierz/912,direct_without_tor,f21f7197dcab5cd92ea8de7ee270b786a77f1a11a4bb7be1e34fcdfd158a07ed,200,2026-09-04T22:32:11Z,,48.441,true
324,mazowieckie,ostrołęcki,Czerwin,gmina wiejska,1415032,2021,ok_finalnie,pdf,tekst,https://bip.czerwin.pl/pobierz/1280,direct_without_tor,90469297efad042ca3379d7643e88d9f76a0e8e63c608067b5e046759360effe,200,2026-09-04T22:32:15Z,,12.113,true
325,mazowieckie,ostrołęcki,Czerwin,gmina wiejska,1415032,2022,ok_finalnie,pdf,tekst,https://bip.czerwin.pl/pobierz/1598,direct_without_tor,905126369c99ff3a9f626f9b4b896710877dc9f1000dbf8015d3ec10cadcb2f6,200,2026-09-04T22:32:18Z,,4.382,true
326,mazowieckie,ostrołęcki,Czerwin,gmina wiejska,1415032,2023,ok_finalnie,pdf,"raport o stanie gminy (skan bez warstwy tekstowej; dokument w 3 czesci, scalone pdfunite; 132 str.)",https://web.archive.org/web/20250806132127id_/https://rada.czerwin.pl/pliki/czerwin/zalaczniki/65/2023-raport-o-stanie-gminy-czerwin-cz-i-1.pdf,"wayback_id; zywa rada.czerwin.pl przepisana (zalaczniki 65/79 = 404); CDX: cz-I ts 20250806132127, cz-II ts 20241202230428, cz-III ts 20250803114447 (fala 2024-11 byla ucieta ~1MB); cz. II: https://web.archive.org/web/20241202230428id_/https://rada.czerwin.pl/pliki/czerwin/zalaczniki/65/2023-raport-o-stanie-gminy-czerwin-cz-ii-1.pdf; cz. III: https://web.archive.org/web/20250803114447id_/https://rada.czerwin.pl/pliki/czerwin/zalaczniki/79/2023-raport-o-stanie-gminy-czerwin-cz-iii.pdf; strona zrodlowa: rada.czerwin.pl/posiedzenie/7 (wspolne posiedzenie komisji 18-06-2024, linki ""2023 Raport o stanie Gminy Czerwin cz.I/II/III"" 16.36/14.43/17.83 MB — zgadza sie z pobranymi); weryfikacja: cz.1 str.1 OCR okladka ""RADA GMINY CZERWIN — RAPORT O STANIE ... GMINY CZERWIN""; str.3 ""I. CHARAKTERYSTYKA GMINY — Gmina Czerwin...powiat ostrolecki""; cz.3 od ""XIV. OSWIATA""; %%EOF ok",13a130de3f41b4350a743ee4b989c6281be63799ff1eaee96100726d5fdd9e54,200,2026-09-05T01:44:34Z,,16.36,true
327,mazowieckie,ostrołęcki,Czerwin,gmina wiejska,1415032,2024,ok_finalnie,pdf,tekst,https://rada.czerwin.pl/pliki/czerwin/zalaczniki/518/raport-o-stanie-gminy-czerwin-za-2024-rok.pdf,direct_without_tor,279564fd9f99b229893fc403c9e698213ee8d29579a66572da585225ed2eada9,200,2026-09-04T22:40:42Z,,63.06,true
328,mazowieckie,ostrołęcki,Czerwin,gmina wiejska,1415032,2025,ok_finalnie,pdf,tekst,https://rada.czerwin.pl/pliki/czerwin/zalaczniki/1129/raport-o-stanie-gminy-czerwin-2025.pdf,direct_without_tor,58532a3bc2b74d030c7951f67393d51d2c2e6d41ad32a5c29a81424168cecfdf,200,2026-09-04T22:40:55Z,,99.853,true
329,mazowieckie,ostrołęcki,Goworowo,gmina wiejska,1415042,2018,ok_finalnie,pdf,tekst,https://bip.goworowo.pl/files/file_add/download/4699_raport-o-stanie-gminy-goworowo-za-2018-rok.pdf,direct_without_tor,c36c62aee5da14f2d5a0f2b24bb49680741afe58453f55d2965b073e5905408a,200,2026-09-04T22:25:19Z,,1.008,true
330,mazowieckie,ostrołęcki,Goworowo,gmina wiejska,1415042,2019,ok_finalnie,pdf,skan,https://bip.goworowo.pl/files/file_add/download/4700_raport-o-stanie-gminy-goworowo-za-2019-rok.pdf,direct_without_tor,05da3264c100419aa52b33dfbd1b6b2ff230eef21bdcb0836f3b5928ddfe431b,200,2026-09-04T22:25:49Z,,36.634,true
331,mazowieckie,ostrołęcki,Goworowo,gmina wiejska,1415042,2020,ok_finalnie,pdf,skan+OCR,http://gmina.goworowo.pl/wp-content/uploads/2021/05/Raport-za-2020-rok.pdf,direct_without_tor_alt_host + ocr,92b46c926b5e31954969e60d704554bce305922a6e99e958af5231b54817278d,200,2026-09-05T00:08:15Z,,34.788,true
332,mazowieckie,ostrołęcki,Goworowo,gmina wiejska,1415042,2021,ok_finalnie,pdf,skan,https://bip.goworowo.pl/files/file_add/download/4701_raport-o-stanie-gminy-goworowo-za-2021-rok.pdf,direct_without_tor,0ab632330767da252be5e38563dae3e57f67735eed5b9cb9175a4a7680d4d3a6,200,2026-09-04T22:26:14Z,,37.313,true
333,mazowieckie,ostrołęcki,Goworowo,gmina wiejska,1415042,2022,ok_finalnie,pdf,skan,https://bip.goworowo.pl/files/file_add/download/4702_raport-o-stanie-gminy-goworowo-za-2022-rok.pdf,direct_without_tor,471a072a551aaaa8cbc1059b3d7a3523ad9bd5bbf51a65cb6415e921538d24b8,200,2026-09-04T22:26:40Z,,40.4,true
334,mazowieckie,ostrołęcki,Goworowo,gmina wiejska,1415042,2023,ok_finalnie,pdf,skan,https://bip.goworowo.pl/files/file_add/download/4703_raport-o-stanie-gminy-goworowo-za-2023-rok.pdf,direct_without_tor,9cc4fb7709cfe59b301071c8c506c1b918ea5a2a7cabb6c90b1290cea3e6e9e0,200,2026-09-04T22:27:03Z,,17.668,true
335,mazowieckie,ostrołęcki,Goworowo,gmina wiejska,1415042,2024,ok_finalnie,pdf,skan,https://bip.goworowo.pl/files/file_add/download/4704_raport-o-stanie-gminy-goworowo-za-2024-rok.pdf,direct_without_tor + ocr,0f6fa076d088ed94be297d31d62492054ab059e0d6a3dca9db8f883bdfd2fcda,200,2026-09-05T00:08:36Z,,18.332,true
336,mazowieckie,ostrołęcki,Goworowo,gmina wiejska,1415042,2025,ok_finalnie,pdf,skan,https://bip.goworowo.pl/files/file_add/download/4705_raport-o-stanie-gminy-goworowo-za-2025-rok.pdf,direct_without_tor,12b39a57445d1a9785c447fb784133bcec9c478e0f15240490c5c322e3d9e9ed,200,2026-09-04T22:27:26Z,,25.151,true
337,mazowieckie,ostrołęcki,Kadzidło,gmina wiejska,1415052,2018,ok_finalnie,pdf,tekst,http://archiwum.bip.kadzidlo.samorzady.pl/zalacznik/id/6793,direct_without_tor,a1b4f1f02942734e39b3f710967d62604e6dc967db99b2d495a71884c43443e2,200,2026-09-04T22:40:40Z,,2.01,true
338,mazowieckie,ostrołęcki,Kadzidło,gmina wiejska,1415052,2019,ok_finalnie,pdf,tekst,http://archiwum.bip.kadzidlo.samorzady.pl/zalacznik/id/7404,direct_without_tor,7d8aeee37dff5c837bf0a017df1207d1c53837a4f7f086372424d982af23718e,200,2026-09-04T22:40:45Z,,1.917,true
339,mazowieckie,ostrołęcki,Kadzidło,gmina wiejska,1415052,2020,ok_finalnie,pdf,tekst,http://bip.kadzidlo.samorzady.pl/uploaded_files/serwis_files/attachments/bip/93/09e6b129eb16ebe0.pdf,direct_without_tor,7e161b979b7d70be533663a36e982fda5b025201435f0729f59fe8fd8fd10333,200,2026-09-04T22:31:21Z,,2.709,true
340,mazowieckie,ostrołęcki,Kadzidło,gmina wiejska,1415052,2021,ok_finalnie,pdf,tekst,https://www.bip.kadzidlo.samorzady.pl/uploaded_files/serwis_files/attachments/bip/185/5968bca6fe72ca00.pdf,direct_without_tor,490a38adeace698ef85ea6525e0823e6faf95cc52f2cec79ec7230b12383a0f0,200,2026-09-04T22:42:13Z,,2.269,true
341,mazowieckie,ostrołęcki,Kadzidło,gmina wiejska,1415052,2022,ok_finalnie,pdf,tekst,https://bip.kadzidlo.samorzady.pl/uploaded_files/serwis_files/attachments/bip/266/20fdb421c4c4853d.pdf,direct_without_tor,46d78fdb68dc330f9c62f9b7fa4f61c694ada9223448d446b115380af3589d9c,200,2026-09-04T22:31:24Z,,2.303,true
342,mazowieckie,ostrołęcki,Kadzidło,gmina wiejska,1415052,2023,ok_finalnie,pdf,tekst,https://bip.kadzidlo.samorzady.pl/uploaded_files/serwis_files/attachments/bip/380/93d6a492ec09ec17.pdf,direct_without_tor,15adf970ed50dc25caefd0378bdfee480484706e13632b8d4a4d609ea6b26f30,200,2026-09-04T22:31:28Z,,2.343,true
343,mazowieckie,ostrołęcki,Kadzidło,gmina wiejska,1415052,2024,ok_finalnie,pdf,tekst,https://bip.kadzidlo.samorzady.pl/uploaded_files/serwis_files/attachments/bip/535/6060f0dc429b96e4.pdf,direct_without_tor,f04af485e365141139fd4405066cce92e67b1884259a96567bc0695c43b29fb7,200,2026-09-04T22:31:31Z,,1.571,true
344,mazowieckie,ostrołęcki,Kadzidło,gmina wiejska,1415052,2025,ok_finalnie,pdf,tekst,https://bip.kadzidlo.samorzady.pl/uploaded_files/serwis_files/attachments/bip/763/fb9419fa4f9d9329.pdf,direct_without_tor,a6e3dbb54267d9940e83293621c2c7ffceb856530c7aa5030dab4c22d8dc774f,200,2026-09-04T22:31:34Z,,5.04,true
345,mazowieckie,ostrołęcki,Lelis,gmina wiejska,1415062,2018,ok_finalnie,pdf,tekst,https://bip.lelis.pl/attachments/download/337,direct_without_tor,870ef8ebc242ace09ef57084f2fadd39662ea13811df6f821bdc3babaf03516a,200,2026-09-04T21:54:32Z,,2.365,true
346,mazowieckie,ostrołęcki,Lelis,gmina wiejska,1415062,2019,ok_finalnie,pdf,tekst,https://bip.lelis.pl/attachments/download/914,direct_without_tor,45d6e82a7c81bc74ed663a08718fbda6f7ea4fac28aa4730252ea5e115480998,200,2026-09-04T21:54:35Z,,1.68,true
347,mazowieckie,ostrołęcki,Lelis,gmina wiejska,1415062,2020,ok_finalnie,pdf,tekst,https://bip.lelis.pl/attachments/download/1380,direct_without_tor,8390e142287106b707e25d9c66cc890806daa2b9d19a44955c205fc18980a2dd,200,2026-09-04T21:54:39Z,,4.674,true
348,mazowieckie,ostrołęcki,Lelis,gmina wiejska,1415062,2021,ok_finalnie,pdf,tekst,https://bip.lelis.pl/attachments/download/1859,direct_without_tor,4929543bcfa8ba89774ad582c745d9c6a640ea5072557735cfab5c7bdc034aac,200,2026-09-04T21:54:44Z,,11.764,true
349,mazowieckie,ostrołęcki,Lelis,gmina wiejska,1415062,2022,ok_finalnie,pdf,tekst,https://bip.lelis.pl/attachments/download/2472,direct_without_tor,d02fa4c866cf22d4a85e9e1c64a1153e9337f30e6e5e64ad345daf410885ee0b,200,2026-09-04T21:54:49Z,,10.524,true
350,mazowieckie,ostrołęcki,Lelis,gmina wiejska,1415062,2023,ok_finalnie,pdf,tekst,https://bip.lelis.pl/attachments/download/3218,direct_without_tor,cfad5ec1c36d0b58cf8ec53f70ae81644a07f3b0a0c60d541e6e098e503bb03d,200,2026-09-04T21:54:53Z,,5.397,true
351,mazowieckie,ostrołęcki,Lelis,gmina wiejska,1415062,2024,ok_finalnie,pdf,tekst,https://bip.lelis.pl/attachments/download/4028,direct_without_tor,6c4a04501a1668c2ab568bf5ff5595fd2cd4e82496de77cbe7550d00128c6644,200,2026-09-04T21:54:57Z,,5.975,true
352,mazowieckie,ostrołęcki,Lelis,gmina wiejska,1415062,2025,ok_finalnie,pdf,tekst,https://bip.lelis.pl/attachments/download/4789,direct_without_tor,dea8d093209dcb29aa2bfb4a833824d51ece9d00aa7d91d9ad06906f85a1cebd,200,2026-09-04T21:55:02Z,,7.195,true
353,mazowieckie,ostrołęcki,Myszyniec,gmina miejsko-wiejska,1415083,2018,ok_finalnie,pdf,tekst,https://myszyniec.nowoczesnagmina.pl/?p=document&action=save&id=8053&bar_id=5554,direct_without_tor,cb2f14cba446b5fee3f885b0a5f1bce94436f0ed924715982b3b222f07d4bedc,200,2026-09-04T21:54:40Z,,5.237,true
354,mazowieckie,ostrołęcki,Myszyniec,gmina miejsko-wiejska,1415083,2019,ok_finalnie,pdf,tekst,https://myszyniec.nowoczesnagmina.pl/?p=document&action=save&id=9222&bar_id=5937,direct_without_tor,8b201ade512941ac973146b17d45282d9b574ec77f0a4a6b8bfb0e49e129487f,200,2026-09-04T21:54:51Z,,5.398,true
355,mazowieckie,ostrołęcki,Myszyniec,gmina miejsko-wiejska,1415083,2020,ok_finalnie,pdf,tekst,https://myszyniec.nowoczesnagmina.pl/?p=document&action=save&id=10270&bar_id=7491,direct_without_tor,642dadac489208a0938c5e7e438334d0f5c2de903c2ec95f21c08e9531c62f58,200,2026-09-04T21:54:59Z,,4.644,true
356,mazowieckie,ostrołęcki,Myszyniec,gmina miejsko-wiejska,1415083,2021,ok_finalnie,pdf,tekst,https://myszyniec.nowoczesnagmina.pl/?p=document&action=save&id=11660&bar_id=8163,direct_without_tor,72c483d04e8e5bfbeec898de52fbbb767078431638ffb6e085676db6321e9720,200,2026-09-04T21:55:05Z,,4.345,true
357,mazowieckie,ostrołęcki,Myszyniec,gmina miejsko-wiejska,1415083,2022,ok_finalnie,pdf,tekst,https://myszyniec.nowoczesnagmina.pl/?p=document&action=save&id=12408&bar_id=8545,direct_without_tor,70b7e4ae48e2316cd1fd2e8fb3fb5c14d307211614c9560fd3c0c81f92349b4a,200,2026-09-04T21:55:11Z,,4.295,true
358,mazowieckie,ostrołęcki,Myszyniec,gmina miejsko-wiejska,1415083,2023,ok_finalnie,pdf,tekst,https://myszyniec.nowoczesnagmina.pl/?p=document&action=save&id=13404&bar_id=9086,direct_without_tor,84ed802934c4694322b555f396a43baeea215f722db50d6f0890f3725a5a9a56,200,2026-09-04T21:55:19Z,,4.799,true
359,mazowieckie,ostrołęcki,Myszyniec,gmina miejsko-wiejska,1415083,2024,ok_finalnie,pdf,tekst,https://myszyniec.nowoczesnagmina.pl/?p=document&action=save&id=14375&bar_id=9617,direct_without_tor,8db06ebb22a1b6ff4511b83684b44a4e889dc54aa016939bb1aa052f3970248c,200,2026-09-04T21:55:29Z,,3.805,true
360,mazowieckie,ostrołęcki,Myszyniec,gmina miejsko-wiejska,1415083,2025,ok_finalnie,pdf,tekst,https://myszyniec.nowoczesnagmina.pl/?p=document&action=save&id=15786&bar_id=10307,direct_without_tor,91ae451a4f8c6f3d50d566d50c757a66506415e93e595b868a32dea7f9533ea9,200,2026-09-04T21:55:36Z,,3.333,true
361,mazowieckie,ostrołęcki,Olszewo-Borki,gmina wiejska,1415092,2018,ok_finalnie,pdf,tekst,https://bip.olszewo-borki.pl/attachments/download/1546,direct_without_tor,76b876fa1f5ea7d7e551736de7693ddb830420aa2cd35bb676e4e7a3fe7a28c3,200,2026-09-04T22:42:14Z,,0.401,true
362,mazowieckie,ostrołęcki,Olszewo-Borki,gmina wiejska,1415092,2019,ok_finalnie,pdf,tekst,https://olszewo-borki.pl/download/attachment/994/raport_o_stanie_gminy_29_05_2020-skompresowany-2.pdf?v=1634643811,direct_without_tor,75bf9153fe700b46648db91a49aa27609c1c4c7a1d087b5be4637cef19a2d3ca,200,2026-09-04T22:25:29Z,,12.659,true
363,mazowieckie,ostrołęcki,Olszewo-Borki,gmina wiejska,1415092,2020,ok_finalnie,pdf,tekst,https://olszewo-borki.pl/download/attachment/993/raport_o_stanie_gminy_2021_small.pdf?v=1634643272,direct_without_tor,7df004b5ffdbc1d44e8bdaa3567e139f5bcd8b743e6eee86684a9f8406c61fa2,200,2026-09-04T22:25:32Z,,5.566,true
364,mazowieckie,ostrołęcki,Olszewo-Borki,gmina wiejska,1415092,2021,ok_finalnie,pdf,tekst,https://olszewo-borki.pl/download/attachment/1672/raport_o_stanie_gminy_2022_small.pdf?v=1656577399,direct_without_tor,527079b74692406fe3a18c9436f6e3d517eae5144399e7e357653efaa34a9b5d,200,2026-09-04T22:25:35Z,,5.823,true
365,mazowieckie,ostrołęcki,Olszewo-Borki,gmina wiejska,1415092,2022,ok_finalnie,pdf,tekst,https://olszewo-borki.pl/download/attachment/3606/raport_o_stanie_gminy_2022_small.pdf?v=1695363637,direct_without_tor,1f3272d56408e814c975071ef84b4041808fbe477c18fbba39c7330d3c404138,200,2026-09-04T22:25:38Z,,5.4,true
366,mazowieckie,ostrołęcki,Olszewo-Borki,gmina wiejska,1415092,2023,ok_finalnie,pdf,tekst,https://olszewo-borki.pl/download/attachment/4653/raport-o-stanie-gminy-olszewo-borki-za-2023-r.pdf?v=1721366229,direct_without_tor,04b9fc74bd55cd357da8df4bc51be21ea6bd7bafd1e421e3fee3f9b85bd4fdc7,200,2026-09-04T22:25:41Z,,5.318,true
367,mazowieckie,ostrołęcki,Olszewo-Borki,gmina wiejska,1415092,2024,ok_finalnie,pdf,tekst,https://olszewo-borki.pl/download/attachment/6359/raport-o-stanie-gminy-olszewo-borki-za-2024-rok.pdf?v=1751952196,direct_without_tor,3025d0a49ca9255857a307f8e1a4db913c6150c32d225cfc4e814cdf3c1e6c2d,200,2026-09-04T22:25:45Z,,9.774,true
368,mazowieckie,ostrołęcki,Olszewo-Borki,gmina wiejska,1415092,2025,ok_finalnie,pdf,tekst,https://bip.olszewo-borki.pl/attachments/download/5902,tor_pl_ip,060e32f501de5b0441e2e4ed40b44d699918ada7395017594faca4a833a60e8f,200,2026-09-05T00:30:55Z,,11.482,true
369,mazowieckie,ostrołęcki,Rzekuń,gmina wiejska,1415102,2018,ok_finalnie,pdf,tekst,https://www.rzekun.pl/tommafiles/1348674790ec6/rzekun_raport_o_stanie_gminy_2018.pdf,direct_without_tor,0e2e1689b00044fec1e3944702ef4cd16f440a27ca34fe83530ff4a5c719b874,200,2026-09-04T22:13:27Z,,2.181,true
370,mazowieckie,ostrołęcki,Rzekuń,gmina wiejska,1415102,2019,ok_finalnie,pdf,tekst,https://www.rzekun.pl/tommafiles/1348674790ec6/Raport_o_stanie_Gminy_Rzekun_2019.pdf,direct_without_tor,4287e3d044e07a6721113a9856df972636a27c1daf81f4fa7ca79057247f92db,200,2026-09-04T22:13:30Z,,6.1,true
371,mazowieckie,ostrołęcki,Rzekuń,gmina wiejska,1415102,2020,ok_finalnie,pdf,skan,https://2007-2023.rzekun.pl/bipd/files/1058431067cc0/raport_o_stanie_gminy_2020_1.pdf,direct_without_tor,3399654d2d2988ab743fe0991673c501bf77b02c966f4fce1c46967333d71d16,200,2026-09-04T22:42:39Z,,14.16,true
372,mazowieckie,ostrołęcki,Rzekuń,gmina wiejska,1415102,2021,ok_finalnie,pdf,skan,https://www.rzekun.pl/tommafiles/1348674790ec6/report_o_stanie_gminy_za_2021_rok.pdf,direct_without_tor,7bbae908c0db21b18d66c2004d1b54ff32a57bd3f48cc4c95ea49c7e49395743,200,2026-09-04T22:13:42Z,,15.961,true
373,mazowieckie,ostrołęcki,Rzekuń,gmina wiejska,1415102,2022,ok_finalnie,pdf,tekst,https://www.rzekun.pl/tommafiles/1058431067cc0/Raport_o_stanie_Gminy_Rzekun_2022.pdf,direct_without_tor,0654b04054c5a82b218fbb97dd21de438d664bb8e58b521d7615229402afda1a,200,2026-09-04T22:13:47Z,,19.853,true
374,mazowieckie,ostrołęcki,Rzekuń,gmina wiejska,1415102,2023,ok_finalnie,pdf,tekst,https://www.rzekun.pl/tommafiles/1348674790ec6/raport_o_stanie_gminy_Rzekun_2023.pdf,direct_without_tor,66de0952050b229593a82ac21d3fdee2f1f6101c07c0890a1ed4ef70efcf2c8e,200,2026-09-04T22:13:51Z,,17.291,true
375,mazowieckie,ostrołęcki,Rzekuń,gmina wiejska,1415102,2024,ok_finalnie,pdf,skan,https://www.rzekun.pl/tommafiles/1058431067cc0/Raport_o_stanie_Gminy_Rzekun_2024.pdf,direct_without_tor,af9f100a029498988fb0d44ba570e91f33173881806964347c87dbaab7e7569d,200,2026-09-04T22:14:03Z,,49.606,true
376,mazowieckie,ostrołęcki,Rzekuń,gmina wiejska,1415102,2025,ok_finalnie,pdf,skan,https://www.rzekun.pl/tommafiles/1348674790ec6/Raport_o_stanie_gminy_2025_-_Gmina_Rzekun.pdf,direct_without_tor,c092d1203cac73796b5d452429e52e1de16fbfde25714aaff49f0e5d6619f73c,200,2026-09-04T22:14:17Z,,64.236,true
377,mazowieckie,ostrołęcki,Troszyn,gmina wiejska,1415112,2018,brak_finalnie,,,brak,"dogłębne sprawdzenie (web search bez Tora + Joomla/PUBLIKATOR BIP + wewnętrzna wyszukiwarka + strony sesji/artykuły i załączniki + mapa/sitemap + domena alternatywna) - BIP Troszyn ma właściwe strony raportów od 2019 r. (2019–2022), brak strony/załącznika za 2018; nie znaleziono dowodu wytworzenia ani trwałego publicznego pliku za 2018 RE-WERYFIKACJA 29.08.2026 (Troszyn): zywe BIP bip.troszyn.pl — Joomla search ""raport""/""stanie"": wylacznie artykuly raportowe 2019 (id 469), 2020 (634), 2021 (831), 2022 (1015) + raport dostepnosci i ""Naszego Miasta 2014""; artykulu/załącznika za 2018 brak (też CDX domain i sondy images/*.pdf|doc).",,sprawdzono pogłębnie 2026-09-05,2026-09-01T10:23:57Z,[KONT.] || [TURA 19 05.09.2026] Wayback CDX www.bip.troszyn.pl: sekcja 'raporty-i-sprawozdania' zawiera tylko 'raport o stanie naszego miasta na dzień 31 grudnia 2014'; raportu 2018 brak. Status bez zmian.,,true
378,mazowieckie,ostrołęcki,Troszyn,gmina wiejska,1415112,2019,ok_finalnie,pdf,tekst,https://troszyn.pl/images/RAPORT_O_STANIE_MIENIA_GMINY_za_2019_rok.pdf,direct_without_tor,0272649dc4b784f70f4fed572cdc4884e43eac6f53a6180e56039f15cb15510a,200,2026-09-04T22:25:34Z,,1.564,true
379,mazowieckie,ostrołęcki,Troszyn,gmina wiejska,1415112,2020,ok_finalnie,doc,tekst,https://troszyn.pl/images/RAPORT_O_STANIE_GMINY_TROSZYN_za_2020_rok.doc,direct_without_tor,5b6dc9658730f3d4e47c7ad9415a4f65a4a37781fb217ed2e3dfa2fa3dba0ead,200,2026-09-04T22:25:37Z,,3.447,true
380,mazowieckie,ostrołęcki,Troszyn,gmina wiejska,1415112,2021,ok_finalnie,doc,tekst,http://www.bip.troszyn.pl/index.php/aktualnosci/komunikaty-i-sprostowania?task=article.downloadAttachment&id=975&version=1004,direct_without_tor (stary CMS Joomla BIP nadal żyje pod www.bip.troszyn.pl mimo 404 na root; artykuł 831 'Raport o stanie gminy Troszyn za 2021 rok' z załącznikiem downloadAttachment id=975&version=1004 — URL odtworzony z Wayback capture @2022-08-14 artykułu; wersja 1020 = ten sam plik wg digesta Wayback),126444b47275872aa4dee51bd6f6b35446ab9f6f71882add1bc9b059889b9af5,"200 (plik OLE .doc 3,6 MB z pełną warstwą tekstową; okładka 'RAPORT O STANIE GMINY TROSZYN, 2021, Urząd Gminy Troszyn, ul. Juliusza Słowackiego 13, 07-405 Troszyn')",2026-09-05T11:45:00Z,"[revalid 2026-09-05] year_mismatch title=2020 row=2021 — uznano plik za raport 2020 (BŁĘDNA OCENA treści); art. 831 live 404 | FLIP 2026-09-05: endpoint downloadAttachment nadal aktywny (200, 3 625 884 B — w Wayback ucięty do 1 MiB); ekstrakcja tekstu z OLE (olefile: struktura niestandardowa 4K-sector, tekst bezpośrednio z sektorów UTF-16LE): 'RAPORT O STANIE GMINY TROSZYN ... 2021 ... Urząd Gminy Troszyn, ul. Juliusza Słowackiego 13' — ROCZNIK 2021 POTWIERDZONY; wcześniejszy 'getfile id=975' to inny endpoint z innym plikiem (raport 2020 = wiersz 379, osobny URL na troszyn.pl/images)",3.626,true
381,mazowieckie,ostrołęcki,Troszyn,gmina wiejska,1415112,2022,ok_finalnie,pdf,tekst,https://troszyn.pl/images/Raport_za_2022.pdf,direct_without_tor,50c00b9ab477376ef68de00d798a89ce44cffba016ee82acff59bfe6bc2a0b0f,200,2026-09-04T22:25:40Z,,1.969,true
382,mazowieckie,ostrołęcki,Troszyn,gmina wiejska,1415112,2023,ok_finalnie,pdf,tekst,https://troszyn.pl/images/raport_za_2023.pdf,direct_without_tor,fbbc2d728689bd3d62bbd8e257248decb35e08e9a3fb2b4b9d38dff11f0c12aa,200,2026-09-04T22:25:42Z,,1.919,true
383,mazowieckie,ostrołęcki,Troszyn,gmina wiejska,1415112,2024,ok_finalnie,pdf,tekst,https://troszyn.pl/images/bipobwieszczenia/5rsg25.pdf,direct_without_tor,9d40e53e69183b94c799466dcd9be7d8059cf5a46d3d995616b786114af6cd0b,200,2026-09-04T22:25:45Z,,2.387,true
384,mazowieckie,ostrołęcki,Troszyn,gmina wiejska,1415112,2025,ok_finalnie,pdf,tekst,https://troszyn.pl/images/bipobwieszczenia/2026/5rv226.pdf,direct_without_tor,fa4ba5dafb80f0e741079d74d62cb7ab1aa02a0fca09f55c2d175b7ec6aa0d2a,200,2026-09-04T22:25:49Z,,6.54,true
385,mazowieckie,ostrołęcki,Łyse,gmina wiejska,1415072,2018,ok_finalnie,pdf,tekst,https://uglyse.e-bip.eu/upload/pliki/Raport2018.pdf,direct_without_tor,66f33eb5a5d4c4cc1a9cd4813d27ee35b6aae35253a19e6d0b585c87078fbd83,200,2026-09-04T22:25:47Z,,0.886,true
386,mazowieckie,ostrołęcki,Łyse,gmina wiejska,1415072,2019,ok_finalnie,pdf,tekst,https://uglyse.e-bip.eu/upload/pliki/Raport_za_2019.pdf,direct_without_tor,4daf4cc93c4d6e2fd468e02e60499457955e3c1f4bdaab38584ab8349d82d8e0,200,2026-09-04T22:25:49Z,,0.975,true
387,mazowieckie,ostrołęcki,Łyse,gmina wiejska,1415072,2020,ok_finalnie,pdf,tekst,https://uglyse.e-bip.eu/upload/pliki/Raport_za_2020.pdf,direct_without_tor,01e976493b9e1ab01556c2cda92638b5ad9a84361bb96c4c193566a04bb299d5,200,2026-09-04T22:25:52Z,,1.123,true
388,mazowieckie,ostrołęcki,Łyse,gmina wiejska,1415072,2021,ok_finalnie,pdf,tekst,https://uglyse.e-bip.eu/upload/pliki/Raport-za-2021-1653304548.pdf,direct_without_tor,f4d3a59211425e9d0e5966a336fb9dd8d3596e3b67f6f4c1c405bb93b4300c3e,200,2026-09-04T22:25:55Z,,2.456,true
389,mazowieckie,ostrołęcki,Łyse,gmina wiejska,1415072,2022,ok_finalnie,pdf,tekst,https://gminalyse.pl/download/Raport-o-stanie-gminy-za2022-1687352898.pdf,direct_without_tor,d049dccece39ed8ee580d23d0178edcfa1899a441c0799d1203669bdff94a4c0,200,2026-09-04T22:42:15Z,,2.12,true
390,mazowieckie,ostrołęcki,Łyse,gmina wiejska,1415072,2023,ok_finalnie,pdf,tekst,https://uglyse.e-bip.eu/upload/pliki/Raport_29_05_2024_(1).pdf,direct_without_tor,be3295130ba5d0dfa1ffafacdd5b6d7c61e3e93584a13f65f28ef849336af54a,200,2026-09-04T22:25:57Z,,2.38,true
391,mazowieckie,ostrołęcki,Łyse,gmina wiejska,1415072,2024,ok_finalnie,pdf,tekst,https://uglyse.e-bip.eu/upload/pliki/Raport_za_2024_gotowy_28_05_2025.pdf,direct_without_tor,421161dea7c1b902f7a9107fd861bbf52e5246eacc3bfd532c7414a1d05c4e46,200,2026-09-04T22:26:00Z,,3.018,true
392,mazowieckie,ostrołęcki,Łyse,gmina wiejska,1415072,2025,ok_finalnie,pdf,"raport o stanie gminy (warstwa tekstowa; 98 str.; okładka ""Raport o stanie Gminy Łyse za rok 2025, Łyse, maj 2026 r."")",https://gminalyse.pl/download/Raport-za-2025-projekt-ok-1779878302.pdf,"zycze; ZYWA wyszukiwarka gminalyse.pl (index.php?c=search&kword=raport) → artykul a,6615 ""Informacja o zasadach zgłaszania się mieszkańców do debaty nad Raportem o stanie Gminy Łyse za 2025 rok"" z załącznikami (formularz debaty + Raport-za-2025-projekt-ok-1779878302.pdf); pobrane żywe, %%EOF ok; tożsamość: okładka + treść (spis treści, gmina Łyse, powiat ostrołęcki)",4ef5d99645d037a498410a822966ff74180064382301a0a939697abc15ea5add,200,2026-09-05T01:47:42Z,,4.866,true
393,mazowieckie,przasnyski,Chorzele,gmina miejsko-wiejska,1422023,2018,ok_finalnie,pdf,tekst,https://bip.chorzele.pl/?c=mdPliki-cmPobierz-2152-cmFwb3J0IG8gc3RhbmllIGdtaW55IDIwMTgucGRm,direct_without_tor,4c5af657af6effceed1efaf94f2c51965b4153e3a0572cd64175fd38d6799144,200,2026-09-04T22:25:54Z,,10.135,true
394,mazowieckie,przasnyski,Chorzele,gmina miejsko-wiejska,1422023,2019,ok_finalnie,pdf,tekst,https://bip.chorzele.pl/?c=mdPliki-cmPobierz-2939-cmFwb3J0LnBkZg==,direct_without_tor,77ea29ac495427098062496eef6788b42909df8445150a7bcfaf33996be01042,200,2026-09-04T22:26:00Z,,10.653,true
395,mazowieckie,przasnyski,Chorzele,gmina miejsko-wiejska,1422023,2020,ok_finalnie,pdf,tekst,https://bip.chorzele.pl/?c=mdPliki-cmPobierz-3955-UmFwb3J0IHphIDIwMjBfZG9zdGVwbnkgY3lmcm93by5wZGY=,direct_without_tor,8dbfb345ffc1b4d75eebfc3bee536f0c91ddc07002bb37f668d4a6cea32a4e92,200,2026-09-04T22:26:09Z,,30.506,true
396,mazowieckie,przasnyski,Chorzele,gmina miejsko-wiejska,1422023,2021,ok_finalnie,pdf,tekst,https://bip.chorzele.pl/?c=mdPliki-cmPobierz-4994-UkFQT1JUIDIwMjEgT1NUQVRFQ1pOWS5wZGY=,direct_without_tor,0f32ff78c820c85dae2491d72cb45bdefb03b23c8a0aeb89022b60ac0e13724c,200,2026-09-04T22:26:17Z,,43.957,true
397,mazowieckie,przasnyski,Chorzele,gmina miejsko-wiejska,1422023,2022,ok_finalnie,pdf,tekst,https://bip.chorzele.pl/?c=mdPliki-cmPobierz-6746-UmFwb3J0IDIwMjIgc2lnbi5wZGY=,direct_without_tor,3afcdc4b55bb8ab8b90d911a70a958e25548441187dbb924979791efadda5e40,200,2026-09-04T22:26:26Z,,50.885,true
398,mazowieckie,przasnyski,Chorzele,gmina miejsko-wiejska,1422023,2023,ok_finalnie,pdf,tekst,https://bip.chorzele.pl/?c=mdPliki-cmPobierz-8131-UmFwb3J0IG8gc3RhbmllIEdtaW55IENob3J6ZWxlIDIwMjMucGRm,direct_without_tor,bce59146c51bcb565d1324658441624470f9547b7d16c4af1fd6442b38e715ea,200,2026-09-04T22:26:41Z,,47.033,true
399,mazowieckie,przasnyski,Chorzele,gmina miejsko-wiejska,1422023,2024,ok_finalnie,pdf,tekst,https://chorzele.pl/files/file_add/download/167_raport-o-stanie-gminy-chorzele-2024.pdf,direct_without_tor,760a060fad1ec8f1585421a94c781cb8ba53a68d0fd916cee6d5136ff4d4030d,200,2026-09-04T22:42:18Z,,4.069,true
400,mazowieckie,przasnyski,Chorzele,gmina miejsko-wiejska,1422023,2025,ok_finalnie,pdf,tekst,https://chorzele.pl/files/file_add/download/579_raport-2025-umig-chorzele.pdf,google_viewer_fetch_without_tor,a79935982196103a116f725af768fd42d692cb96e2626e989c1f71f0e77ae2d5,200,2026-09-05T01:47:44Z,,4.358,true
401,mazowieckie,przasnyski,Czernice Borowe,gmina wiejska,1422032,2018,ok_finalnie,pdf,tekst,https://czerniceborowe.biuletyn.net/fls/bip_pliki/2019_05/BIPF58A2EA2A748C9Z/Raport_o_stanie_gminy_za_2018_r..pdf,direct_without_tor,9036818d6942f035ccc5157ef72f2079b70e1a52d42f79023ec3404793d97c4e,200,2026-09-04T22:42:19Z,,4.58,true
402,mazowieckie,przasnyski,Czernice Borowe,gmina wiejska,1422032,2019,ok_finalnie,pdf,tekst,https://bip.czerniceborowe.pl/fls/bip_pliki/2020_07/BIPF5ABA818A5B39CZ/Raport_o_stanie_gminy_za_2019_r..pdf,direct_without_tor,1be8fb69c6c83156b70e67c778da81460d852a845e403af18d3873f96a1d3b21,200,2026-09-04T22:13:43Z,,4.7,true
403,mazowieckie,przasnyski,Czernice Borowe,gmina wiejska,1422032,2020,ok_finalnie,pdf,tekst,https://bip.czerniceborowe.pl/fls/bip_pliki/2021_05/BIPF5C39F756E3116Z/Raport_o_stanie_gminy_za_2020_r..pdf,direct_without_tor,08ba6d130268931d36e239c1083c4948bd4b7b0a7d009cd98e3c569e7df088ce,200,2026-09-04T22:13:47Z,,5.089,true
404,mazowieckie,przasnyski,Czernice Borowe,gmina wiejska,1422032,2021,ok_finalnie,pdf,tekst,https://bip.czerniceborowe.pl/fls/bip_pliki/2022_05/BIPF5E04F427F0429Z/Raport_o_stanie_gminy_za_2021_r..pdf,direct_without_tor,cc2bf72b9e58d2fe699e53b6f59944038e5052ab3a70045d02d8b531918b09fd,200,2026-09-04T22:13:51Z,,4.906,true
405,mazowieckie,przasnyski,Czernice Borowe,gmina wiejska,1422032,2022,ok_finalnie,pdf,tekst,https://bip.czerniceborowe.pl/fls/bip_pliki/2023_05/BIPF5FC5CB7F3EF87Z/Raport_o_stanie_gminy_za_2022_r..pdf,direct_without_tor,2b20fc367ca1be734915ec1be7e6d61a7e61e7efab32d47ef59637e9ca1a0fcc,200,2026-09-04T22:13:56Z,,6.893,true
406,mazowieckie,przasnyski,Czernice Borowe,gmina wiejska,1422032,2023,ok_finalnie,pdf,tekst,https://bip.czerniceborowe.pl/fls/bip_pliki/2024_06/BIPF61AC08FFAA9E7Z/Raport_o_stanie_gminy_za_2023_rok.pdf,direct_without_tor,bc74c1c6fe900a6e7f0052d34a2d454e66c1994655fb7fd4812ce339e396029f,200,2026-09-04T22:14:01Z,,9.424,true
407,mazowieckie,przasnyski,Czernice Borowe,gmina wiejska,1422032,2024,ok_finalnie,pdf,tekst,https://bip.czerniceborowe.pl/fls/bip_pliki/2025_06/BIPF637A9F3B7A00Z/Raport_o_stanie_gminy_za_2024_r..pdf,direct_without_tor,aefefb18905251267024b5c502ded2c090b730471265f08aa12fc210fff77335,200,2026-09-04T22:14:05Z,,4.677,true
408,mazowieckie,przasnyski,Czernice Borowe,gmina wiejska,1422032,2025,ok_finalnie,pdf,tekst,https://bip.czerniceborowe.pl/fls/bip_pliki/2026_06/BIPF65448CF45EDA8Z/Raport_o_stanie_gminy_za_2025_rok.pdf,direct_without_tor,0c8999a9d23a3a7e082f732da7cc26fdbee6009dedd49f14af391e6219ae7860,200,2026-09-04T22:14:09Z,,5.74,true
409,mazowieckie,przasnyski,Jednorożec,gmina wiejska,1422042,2018,ok_finalnie,docx,tekst,https://archiwum.bip.jednorozec.pl/?c=mdPliki-cmPobierz-9927,direct_without_tor_ssl_off,053559ec541e176fc17ce95a3b741046544e4dc999f5b34f9c9db20f54d66fd9,200,2026-09-04T23:21:57Z,,0.196,true
410,mazowieckie,przasnyski,Jednorożec,gmina wiejska,1422042,2019,ok_finalnie,pdf,skan,https://archiwum.bip.jednorozec.pl/?c=mdPliki-cmPobierz-9932-WmFyesSFZHplbmllIG5yIDYzXzIwMjAgdyBzcHJhd2llIHByemVkc3Rhd2llbmlhIHJhcG9ydHUgbyBzdGFuaWUgR21pbnkgSmVkbm9yb8W8ZWMgemEgcm9rIDIwMTkucGRm,direct_without_tor_ssl_off + ocr,62e2fc8f3dfef3fa05465e7b5305dbbe3144bb308b8a9a567c1cbfbc1546316b,200,2026-09-04T23:22:08Z,,1.9,true
411,mazowieckie,przasnyski,Jednorożec,gmina wiejska,1422042,2020,ok_finalnie,docx,tekst,https://archiwum.bip.jednorozec.pl/?c=mdPliki-cmPobierz-10484,direct_without_tor_ssl_off,28e9952590ed30d81ac4888fc7fa772f9f3c124621137375fc12000ca0896efa,200,2026-09-04T23:22:11Z,,0.452,true
412,mazowieckie,przasnyski,Jednorożec,gmina wiejska,1422042,2021,ok_finalnie,docx,tekst,https://archiwum.bip.jednorozec.pl/?c=mdPliki-cmPobierz-11444,direct_without_tor_ssl_off,01be0d314a667ec461d708c9a15129bd1c4baf4f87444f3b21711b223f76e669,200,2026-09-04T23:22:14Z,,0.34,true
413,mazowieckie,przasnyski,Jednorożec,gmina wiejska,1422042,2022,ok_finalnie,docx,tekst,https://archiwum.bip.jednorozec.pl/?c=mdPliki-cmPobierz-12621,direct_without_tor_ssl_off,2f4ab56f563c794f2311679a2394f413efa9cf2f83a0750a846af2a43a25b1c3,200,2026-09-04T23:22:18Z,,0.372,true
414,mazowieckie,przasnyski,Jednorożec,gmina wiejska,1422042,2023,ok_finalnie,docx,tekst,https://archiwum.bip.jednorozec.pl/?c=mdPliki-cmPobierz-13259,direct_without_tor_ssl_off,cc150d5c484c089aadb0250211b873d0a99bae768c96f77ebc3596ac56edc4fa,200,2026-09-04T23:22:22Z,,0.416,true
415,mazowieckie,przasnyski,Jednorożec,gmina wiejska,1422042,2024,ok_finalnie,docx,tekst,https://archiwum.bip.jednorozec.pl/?c=mdPliki-cmPobierz-14382,direct_without_tor_ssl_off,2bc873a121ce360df8710424c84df95ff9200933ce7cb872da9d9f69516d6621,200,2026-09-04T23:22:25Z,,0.431,true
416,mazowieckie,przasnyski,Jednorożec,gmina wiejska,1422042,2025,ok_finalnie,pdf,tekst,https://bip.jednorozec.pl/files/file_add/download/283_raport-o-stanie-gminy-jednorozec-za-2025-r-zarzadzenie-nr-522026-z-dn-29-maja-2026.pdf,direct_without_tor,949722e6573643fb999cd0a0c0170163a1e86ae527823c2bfe1474635ad5dad2,200,2026-09-04T22:42:20Z,,1.445,true
417,mazowieckie,przasnyski,Krasne,gmina wiejska,1422052,2018,ok_finalnie,pdf,skan,https://gminakrasne.pl/storage/file/core_files/2025/12/1/5cfb132e8a03619edc2586291ba98502/raport_o_stanie_gminy_krasne_za_2018_rok..pdf,direct_without_tor,e5f7fb83f3e24f74c00e1525d7a3a7d13c632e751173ea33c41c438e010d44d7,200,2026-09-04T22:26:17Z,,9.305,true
418,mazowieckie,przasnyski,Krasne,gmina wiejska,1422052,2019,ok_finalnie,pdf,tekst,https://gminakrasne.pl/storage/file/core_files/2025/12/1/955303ac8a0f03ecdcd9433aaa5d1a92/raport_o_stanie_gminy_za_2019.pdf,direct_without_tor,ca3d1ad56fec30b3ebd3918a5d612503df5d34dd3663f4cf59e8461965d387b8,200,2026-09-04T22:26:21Z,,2.698,true
419,mazowieckie,przasnyski,Krasne,gmina wiejska,1422052,2020,ok_finalnie,pdf,tekst,https://gminakrasne.pl/storage/file/core_files/2025/12/1/02f02e4887cc4b662482e73d6776002d/raport_o_stanie_gminy_za_2020.pdf,direct_without_tor,c8fd96cef652427478fc99e5425a14c2f4e580d1a8a13499a1c3e7be25c00e37,200,2026-09-04T22:26:24Z,,1.563,true
420,mazowieckie,przasnyski,Krasne,gmina wiejska,1422052,2021,ok_finalnie,pdf,tekst,https://gminakrasne.pl/storage/file/core_files/2025/12/1/86fa8f4733e4e52ce102776ef23de859/raport_o_stanie_gminy__za_2021.pdf,direct_without_tor,a533e21a3f9ed6b9c8081b2a501d64bfec9172dc207cf8213b15e36b07ce31ec,200,2026-09-04T22:26:29Z,,1.315,true
421,mazowieckie,przasnyski,Krasne,gmina wiejska,1422052,2022,ok_finalnie,pdf,tekst,https://gminakrasne.pl/storage/file/core_files/2025/12/1/bf7d171987d21ef1af32097fd76c8515/raport_o_stanie_gminy_za_2022.pdf,direct_without_tor,880477315714dc0a86e63c5c1a6a113b91d622b6e74dc8cc64c8728804dc36f8,200,2026-09-04T22:26:32Z,,3.873,true
422,mazowieckie,przasnyski,Krasne,gmina wiejska,1422052,2023,ok_finalnie,pdf,tekst,https://bip.krasne.pl/public/getFile?id=372037,direct_without_tor_ssl_off,0a7e06d68c2f773cfad5ce0a2a34400451bbb6dc29a407d5da7f060eaaec4ded,200,2026-09-04T23:36:18Z,,1.195,true
423,mazowieckie,przasnyski,Krasne,gmina wiejska,1422052,2024,ok_finalnie,pdf,tekst,https://gminakrasne.pl/storage/file/core_files/2025/12/1/f49ec06f7de353934e4d54206659f680/raport_o_stanie_gminy_2024.pdf,direct_without_tor,3a3375831cee9e483b86bce89c777b7515bf6dc472ed28da8ba187d034488bb5,200,2026-09-04T22:26:35Z,,1.381,true
424,mazowieckie,przasnyski,Krasne,gmina wiejska,1422052,2025,ok_finalnie,pdf,tekst,https://bip.krasne.pl/public/getFile?id=388490,direct_without_tor_ssl_off,ac11b1298ea905b41f4b0e58a4d0547017b4b418b4c384081e6ca610f5e09a2c,200,2026-09-04T23:36:21Z,,1.863,true
425,mazowieckie,przasnyski,Krzynowłoga Mała,gmina wiejska,1422062,2018,ok_finalnie,pdf,tekst,https://bip.krzynowlogamala.pl/uploaded_files/serwis_files/attachments/bip/9/bfd2258be552e944.pdf,direct_without_tor,4e57500288a8ddb1c6a95762c362034a897eddb03ed7b61c3dae2d1bd78fe260,200,2026-09-04T22:31:30Z,,1.239,true
426,mazowieckie,przasnyski,Krzynowłoga Mała,gmina wiejska,1422062,2019,ok_finalnie,pdf,tekst,https://bip.krzynowlogamala.pl/uploaded_files/serwis_files/attachments/bip/105/906b829dcda5fb4f.pdf,direct_without_tor,ae391696ea199bcd4983f26df2839a391d6f577cf9475e0b8dc1b41391aff2e5,200,2026-09-04T22:31:33Z,,1.357,true
427,mazowieckie,przasnyski,Krzynowłoga Mała,gmina wiejska,1422062,2020,ok_finalnie,docx,tekst,https://bip.krzynowlogamala.pl/uploaded_files/serwis_files/attachments/bip/148/8b8874e949cf04c0.docx,direct_without_tor,cbf385a65b418862b9abd4022013444594ac8b4a233a3959a8fe58dfda16d220,200,2026-09-04T22:31:36Z,,1.474,true
428,mazowieckie,przasnyski,Krzynowłoga Mała,gmina wiejska,1422062,2021,ok_finalnie,pdf,tekst,http://bip.krzynowlogamala.pl/uploaded_files/serwis_files/attachments/bip/165/e918abca41243e74.pdf,direct_without_tor,beef67424c399ddb78a2331eb707559ca5ed9ed9faa63319bf888c929b1b89f3,200,2026-09-04T22:31:39Z,,2.586,true
429,mazowieckie,przasnyski,Krzynowłoga Mała,gmina wiejska,1422062,2022,brak_finalnie,,,brak,"dogłębne sprawdzenie (web search + BIP + System Rada + Wayback + Common Crawl) — dowód istnienia raportu; kompletnego pliku nie odzyskano RE-WERYFIKACJA 29.08.2026 (Krzynowloga Mala): pelne enumeracja drzewa BIP bip.krzynowlogamala.pl (menu /dokumenty,5_104 ""Raport o stanie gminy"" → wiaz rok 2022 = wezel 5_176; strony zrodlowe rokow: 2019=5_105, 2020=5_148, 2021=5_165=znanym plikiem e918abca41243e74.pdf) — wezel 5_176 ma szkielet tabeli zalacznikow (fileList-176, AJAX uid=176 tbl=bipzalaczniki) ale ZADNEGO serverowo renderowanego linku; endpoint scripts_ajax/serwis_datatable/ajx_dataTableEngine.php odpowiada ""null"" (4 warianty POST, tez z sesja cookie i kontrola na dzialajacym wezle 165 — kontrola rowniez null, endpoint zablokowany); Wayback 5_176 (18 zapisow 2023-2026) = zawsze pusty szkielet; System Rada krzynowloga-rada2.alfatv2.pl: kalendarz 68 posiedzen = wylacznie kadencja 2024+ (I Sesja 06-05-2024 ... XXX), brak re-uploadu materiałow 2022; STARY host krzynowloga-rada.alfatv2.pl = DNS/HTTP martwy + 0 zapisow Wayback + 0 CDX; www.krzynowlogamala.pl szukaj,15 = 0 trafien; web_search 0 (tylko raporty 2019/2021). Wniosek: raport istnial (LI Sesja 22.06.2023 — absolutorium LI/249/2023 i wotum LI/247/2023), plik NIEODZYSKANY → pozostaje BRAK z dowodem.",,sprawdzono pogłębnie 2026-09-05,2026-09-01T10:23:57Z,[KONT.] || [TURA 19 05.09.2026] Wayback CDX bip.krzynowlogamala.pl / krzynowloga-rada2.alfatv2.pl: zero rekordów 'raport o stanie'. Status bez zmian.,,true
430,mazowieckie,przasnyski,Krzynowłoga Mała,gmina wiejska,1422062,2023,ok_finalnie,pdf,tekst,https://krzynowloga-rada2.alfatv2.pl/pliki/krzynowloga/zalaczniki/54/raport-o-stanie-gminy-za-2023.pdf,direct_without_tor,2696d131b72b5c5869e5037db99b8aeb8901ac21c6ae64a326db5bdca49a2fe5,200,2026-09-04T22:40:47Z,,1.681,true
431,mazowieckie,przasnyski,Krzynowłoga Mała,gmina wiejska,1422062,2024,ok_finalnie,docx,tekst,https://krzynowloga-rada2.alfatv2.pl/pliki/krzynowloga/zalaczniki/338/raport-o-stanie-gminy-za-2024.docx,direct_without_tor,66a8df004146e5a804cda35e250fbeec4dc25fcc6ba62b79620bf847342abdfd,200,2026-09-04T22:40:51Z,,0.99,true
432,mazowieckie,przasnyski,Krzynowłoga Mała,gmina wiejska,1422062,2025,ok_finalnie,docx,tekst,https://bip.krzynowlogamala.pl/uploaded_files/serwis_files/attachments/bip/293/0aa139601734d81e.docx,direct_without_tor,c82013fe9b3845c2bee9ae14d478bdf146cf4d2fc0c192dcaf1997af7f20845c,200,2026-09-04T22:31:41Z,,0.286,true
433,mazowieckie,przasnyski,Przasnysz,gmina miejska,1422011,2018,ok_finalnie,pdf,tekst,https://przasnysz.biuletyn.net/fls/bip_pliki/2020_02/BIPOLD008838/8838.pdf,direct_without_tor,a407198a5c7af25e9eef5b1f0a1fd3ac6057793daf25e397acf0e9d1032bed4a,200,2026-09-04T21:54:44Z,,7.877,true
434,mazowieckie,przasnyski,Przasnysz,gmina miejska,1422011,2019,ok_finalnie,pdf,tekst,https://przasnysz.biuletyn.net/fls/bip_pliki/2020_06/BIPF5A7028FFA84C6Z/raport_o_stanie_gminy_m_Przasnysz_2019.pdf,direct_without_tor,e9f05a04272defb65bc1b4eb9638d57bddd5a289a35dd60dec89b754b15f91d3,200,2026-09-04T21:54:48Z,,4.917,true
435,mazowieckie,przasnyski,Przasnysz,gmina miejska,1422011,2020,ok_finalnie,pdf,tekst,https://przasnysz.biuletyn.net/fls/bip_pliki/2021_06/BIPF5C42A85BD569EZ/RAPORT_O_STANIE_GMINY_MIASTA_PRZASNYSZ_ZA_2020_ROK.pdf,direct_without_tor,b5d5ef329bb84f2b03b02ee7be832811598c81d0df02109c4e7188d724c07624,200,2026-09-04T21:54:51Z,,3.191,true
436,mazowieckie,przasnyski,Przasnysz,gmina miejska,1422011,2021,ok_finalnie,pdf,tekst,https://przasnysz.biuletyn.net/fls/bip_pliki/2022_06/BIPF5E05CDBEAC361Z/Raport_o_stanie_miasta_2021_31.05.2022.pdf,direct_without_tor,8a5d7e00e16150fb904092f60014777a9035599783fdcfe3b4ae0e118960b488,200,2026-09-04T21:54:54Z,,4.736,true
437,mazowieckie,przasnyski,Przasnysz,gmina miejska,1422011,2022,ok_finalnie,pdf,tekst,https://przasnysz.biuletyn.net/fls/bip_pliki/2023_06/BIPF5FD5B9883BE1FZ/Raport_o_stanie_miasta_2022.pdf,direct_without_tor,8ec5d81ce296f0c963f2d2c7f2e4d64d46ef252a23d6e5bed71ad46557180592,200,2026-09-04T21:54:58Z,,5.168,true
438,mazowieckie,przasnyski,Przasnysz,gmina miejska,1422011,2023,ok_finalnie,pdf,tekst,https://przasnysz.biuletyn.net/fls/bip_pliki/2024_05/BIPF619C031E773E5Z/RAPORT_O_STANIE_MIASTA_2023.pdf,direct_without_tor,dc38a3e855c0252071b97ca5f04626dbf02636ba16391e6604378a2b50e88f3f,200,2026-09-04T21:55:02Z,,8.932,true
439,mazowieckie,przasnyski,Przasnysz,gmina miejska,1422011,2024,ok_finalnie,pdf,tekst,https://przasnysz.biuletyn.net/fls/bip_pliki/2025_06/BIPF636E5E93262CDZ/RAPORT_O_STANIE_MIASTA_2024.pdf,direct_without_tor,acdfd0bd1ee606d117c3404a68817fbf3d6664ba6e9c2960aa91c8fa9f800145,200,2026-09-04T21:55:05Z,,6.857,true
440,mazowieckie,przasnyski,Przasnysz,gmina miejska,1422011,2025,ok_finalnie,pdf,tekst,https://przasnysz.biuletyn.net/fls/bip_pliki/2026_06/BIPF653453B2BC9DAZ/RAPORT_O_STANIE_MIASTA_2025_31.05.2026rok.pdf,direct_without_tor,e91cee0fa44efe5c64c3118232a0d90b4912a5eb1730ec3586b9145debc3b619,200,2026-09-04T21:55:09Z,,6.446,true
441,mazowieckie,przasnyski,Przasnysz,gmina wiejska,1422072,2018,ok_finalnie,pdf,tekst,"https://www.bip.przasnysz.pl/plik,3115,raport-poprawiony-pdf-pdf.pdf",direct_without_tor,76b92fcc10b51a687420ba89e0d90f679ea9dbc9305c716792902ff460bb2144,200,2026-09-04T22:13:59Z,,5.087,true
442,mazowieckie,przasnyski,Przasnysz,gmina wiejska,1422072,2019,ok_finalnie,pdf,tekst,"https://www.bip.przasnysz.pl/plik,3798,raport-o-stanie-gminy-plik.pdf",direct_without_tor,65e1b652de007d6a165b26d6be3927c0cac56bf123fe1dc45baad059feb8f027,200,2026-09-04T22:14:16Z,,7.191,true
443,mazowieckie,przasnyski,Przasnysz,gmina wiejska,1422072,2020,ok_finalnie,pdf,tekst,"https://www.bip.przasnysz.pl/plik,4321,raport-o-stanie-gminy-plik.pdf",direct_without_tor,d7b36f146e9d6cbaa4736a16b8b08521ad8ab34dc9df214bf3aaf5f05ce60941,200,2026-09-04T22:14:25Z,,6.147,true
444,mazowieckie,przasnyski,Przasnysz,gmina wiejska,1422072,2021,ok_finalnie,pdf,tekst,"https://www.bip.przasnysz.pl/plik,5103,raport-o-stanie-gminy-plik.pdf",direct_without_tor,4878991de4ba34173771ac66c026821b4d4128395d57d5ad9b738aad00a700b6,200,2026-09-04T22:14:43Z,,8.79,true
445,mazowieckie,przasnyski,Przasnysz,gmina wiejska,1422072,2022,ok_finalnie,pdf,tekst,"https://www.bip.przasnysz.pl/plik,5911,raport-o-stanie-gminy.pdf",direct_without_tor,aaa0ce9ea6b374ea35e5faf8a48818b0dbb92325879ea708aa4f4e897d3e5359,200,2026-09-04T22:15:10Z,,17.504,true
446,mazowieckie,przasnyski,Przasnysz,gmina wiejska,1422072,2023,ok_finalnie,pdf,tekst,"https://www.bip.przasnysz.pl/plik,6672,raport-o-stanie-gminy-2023-tekst-jednolity-pdf.pdf",direct_without_tor,c29f379416dd6b9d63e0029d929fa782cc333703b242dff903efb7e139103dca,200,2026-09-09T12:29:37Z,"[TURA 22 09.09.2026] | KOREKTA: wejściowy wiersz ok wskazywał jedynie uzupełnienie (.doc, 0,45 MB) zamiast pełnego raportu – zastąpiono tekstem jednolitym",21.695,true
447,mazowieckie,przasnyski,Przasnysz,gmina wiejska,1422072,2024,ok_finalnie,pdf,tekst,"https://przasnysz.pl/plik,8202,raport-o-stanie-gminy-przasnysz-za-2024-rok-pdf.pdf",direct_without_tor + ocr,abb670b63f6d888ce9be5f302742fad29a32384a8e51fc3be7ecaa64ea9da240,200,2026-09-05T00:08:27Z,,11.546,true
448,mazowieckie,przasnyski,Przasnysz,gmina wiejska,1422072,2025,ok_finalnie,pdf,tekst,"https://www.bip.przasnysz.pl/plik,8539,raport-o-stanie-gminy-przasnysz-2025-pdf.pdf",direct_without_tor,907c7bd6bcc4dc5f8db931f4501c8e5cec08c6f406e9bc5ac2e94c45f644acca,200,2026-09-04T22:15:55Z,,27.83,true
449,mazowieckie,pułtuski,Gzy,gmina wiejska,1424012,2018,ok_finalnie,pdf,tekst,https://uggzy.bip.org.pl/pliki/uggzy/zwgm_023_2019-05-31.pdf,direct_without_tor,4aced9eb37bb4106966856ddd8e2086266476b57957426b82209c10a10679de6,200,2026-09-04T22:14:12Z,,1.727,true
450,mazowieckie,pułtuski,Gzy,gmina wiejska,1424012,2019,ok_finalnie,pdf,skan,https://uggzy.bip.org.pl/pliki/uggzy/zarzadzenie_42.2020_raport_o_stanie_gminy_gzy__2019.pdf,direct_without_tor,142b9ad3850ece0d052cac91faf0d338755cc9f85683d988fab73af76349c4f3,200,2026-09-04T22:14:34Z,,23.226,true
451,mazowieckie,pułtuski,Gzy,gmina wiejska,1424012,2020,ok_finalnie,pdf,skan,https://uggzy.bip.org.pl/pliki/uggzy/raport_o_satnie_gminy_gzy_za_rok_2020.pdf,direct_without_tor_ssl_off + ocr,d6259b69e9b586021e724057e5ec386cce9fcca626cbfacf99f1b4a81a06fc13,200,2026-09-04T23:38:47Z,,16.299,true
452,mazowieckie,pułtuski,Gzy,gmina wiejska,1424012,2021,ok_finalnie,pdf,skan,http://uggzy.bip.org.pl/pliki/uggzy/zarzadzenie_nr_27.2022_raport_o_stanie_gminy_gzy_2021.pdf?20260815191659,direct_without_tor,ac0567539e4268b71950f828bc1c11569c743277f3e77a6266535a0385076dc0,200,2026-09-04T22:14:46Z,,11.878,true
453,mazowieckie,pułtuski,Gzy,gmina wiejska,1424012,2022,ok_finalnie,pdf,skan,http://uggzy.bip.org.pl/pliki/uggzy/zarzadzenie_34-2023.pdf?20260815191659,direct_without_tor,054a1b69b5af842b155de96ce965da88b7b498d2fe38027e7a17e44fcb50342c,200,2026-09-04T22:15:04Z,,14.4,true
454,mazowieckie,pułtuski,Gzy,gmina wiejska,1424012,2023,ok_finalnie,pdf,skan,http://uggzy.bip.org.pl/pliki/uggzy/zarzadzenie_nr_45.2024_raport_o_stanie_gminy_gzy_za_rok_2023.pdf?20260815191659,direct_without_tor,0a9492733f329d6dcaba75481737e8c82119aa09cf21a065d82f13662959b2ea,200,2026-09-04T22:15:20Z,,19.329,true
455,mazowieckie,pułtuski,Gzy,gmina wiejska,1424012,2024,ok_finalnie,pdf,tekst,https://uggzy.bip.org.pl/pliki/uggzy/zalacznik_do_zarzadzenia_nr_45.2025.pdf,direct_without_tor,71fb8fb62b99f8bbf5519a13516aea033313d5ba981463cfd10ddc3f6e0aa1d9,200,2026-09-09T11:46:51Z,[TURA 22 09.09.2026] | KOREKTA: wejściowy wiersz ok wskazywał plik niebędący raportem,18.305,true
456,mazowieckie,pułtuski,Gzy,gmina wiejska,1424012,2025,ok_finalnie,pdf,tekst,http://uggzy.bip.org.pl/pliki/uggzy/raport_o_stanie_gminy_za_2025_r.pdf?20260815191659,direct_without_tor,de067bba58834e7ace57be1b22a1f9c8ca235261ab3350e837158d36c33867b7,200,2026-09-04T22:15:26Z,,15.238,true
457,mazowieckie,pułtuski,Obryte,gmina wiejska,1424022,2018,ok_finalnie,pdf,tekst,https://obryte.biuletyn.net/fls/bip_pliki/2023_10/BIPOLD004384/4384.pdf,direct_without_tor,d0c6ebd57b48a000232995a1110ac9cc27b7db5ca9ea1f626fbb6bb59ebb360e,200,2026-09-04T21:54:44Z,,0.524,true
458,mazowieckie,pułtuski,Obryte,gmina wiejska,1424022,2019,ok_finalnie,pdf,skan,https://obryte.biuletyn.net/fls/bip_pliki/2023_10/BIPOLD005128/5128.pdf,direct_without_tor,57929509193f8d5fe26300e937b1ecd4e0a2b8516621f131b3d79ee9b0aa3e09,200,2026-09-04T21:55:06Z,,1.664,true
459,mazowieckie,pułtuski,Obryte,gmina wiejska,1424022,2020,ok_finalnie,pdf,tekst,https://obryte.biuletyn.net/fls/bip_pliki/2023_10/BIPOLD005727/5727.pdf,direct_without_tor,2f29dddc2649c3ddea51450bc35efa5d9f9f53ae686add32e842c55476675138,200,2026-09-04T21:55:09Z,,1.156,true
460,mazowieckie,pułtuski,Obryte,gmina wiejska,1424022,2021,ok_finalnie,pdf,tekst,https://obryte.biuletyn.net/fls/bip_pliki/2023_10/BIPOLD006156/6156.pdf,direct_without_tor,152699e7d99126c68060ccba33aac4071ddaab26212487c7494cd3578cc251a6,200,2026-09-04T21:55:12Z,,0.63,true
461,mazowieckie,pułtuski,Obryte,gmina wiejska,1424022,2022,ok_finalnie,pdf,tekst,https://obryte.biuletyn.net/fls/bip_pliki/2023_10/BIPOLD006710/6710.pdf,direct_without_tor,ebb7b7797ea506765f94a05309829fea4fecfeca6356a78a94875beceb5211c2,200,2026-09-04T21:55:15Z,,0.686,true
462,mazowieckie,pułtuski,Obryte,gmina wiejska,1424022,2023,ok_finalnie,pdf,tekst,https://obryte.biuletyn.net/fls/bip_pliki/2024_06/BIPF619F691AEB4D5Z/raport_23.pdf,direct_without_tor,5e8982857d2adbc1165df24af0ccee966ade924e5f436293e8dcf8773779b0d5,200,2026-09-04T21:55:17Z,,1.327,true
463,mazowieckie,pułtuski,Obryte,gmina wiejska,1424022,2024,ok_finalnie,pdf,tekst,https://obryte.biuletyn.net/fls/bip_pliki/2025_05/BIPF63658FFB746D9Z/Raport_o_stanie_gminy_za_2024.pdf,direct_without_tor,88d61436ee9386f71e03d8da2d640973e535c7473419978a72b517867506fd5e,200,2026-09-04T21:55:20Z,,1.022,true
464,mazowieckie,pułtuski,Obryte,gmina wiejska,1424022,2025,ok_finalnie,pdf,tekst,https://obryte.biuletyn.net/fls/bip_pliki/2026_05/BIPF652F4E8AD56E5Z/Raport_o_stanie_Gminy_2025_.pdf,direct_without_tor,8ebf0e1d7f9968367adf05f3ef08ae9d6a388c0591926d070f712c092eec90b8,200,2026-09-04T21:55:23Z,,0.737,true
465,mazowieckie,pułtuski,Pokrzywnica,gmina wiejska,1424032,2018,ok_finalnie,pdf,tekst,https://samorzad.gov.pl/attachment/5b3e99a3-0ea1-4471-8fe0-b7a01f4a24f9,direct_without_tor,2c1406335c5a648b089b09cf0f63aa6ddb6a657f965e346b1e414101d2b9fa3e,200,2026-09-04T21:53:20Z,,2.487,true
466,mazowieckie,pułtuski,Pokrzywnica,gmina wiejska,1424032,2019,ok_finalnie,pdf,tekst,https://samorzad.gov.pl/attachment/60f7e4f3-07cc-4eba-a679-236203a282f8,direct_without_tor,b86370771028666411e54fd66e2162db15ccd92d5cd409e252206112d1782395,200,2026-09-04T21:53:28Z,,4.83,true
467,mazowieckie,pułtuski,Pokrzywnica,gmina wiejska,1424032,2020,ok_finalnie,pdf,tekst,https://samorzad.gov.pl/attachment/205425f9-f399-4218-83ff-ef02fbb72940,direct_without_tor,c99e702aa9f3fdff1fcddace3dd8be68dda45455faa1cf5e87b179750318a0b5,200,2026-09-04T21:53:38Z,,5.54,true
468,mazowieckie,pułtuski,Pokrzywnica,gmina wiejska,1424032,2021,ok_finalnie,pdf,tekst,https://samorzad.gov.pl/attachment/a462bf11-f440-4a6f-9e73-20e6c18633db,direct_without_tor,aae3d112ae2bd184c2cb96604f30a104d480d60590ddecfb5f22e206d100c02b,200,2026-09-04T21:53:46Z,,4.434,true
469,mazowieckie,pułtuski,Pokrzywnica,gmina wiejska,1424032,2022,ok_finalnie,pdf,tekst,https://samorzad.gov.pl/attachment/933ac80b-617d-467b-afe5-2cc2cc9750a9,direct_without_tor,24f5c3d590635129a033513ebb1bc5aba2b8051d42c043d93f227fd7f70136f8,200,2026-09-04T21:53:58Z,,7.722,true
470,mazowieckie,pułtuski,Pokrzywnica,gmina wiejska,1424032,2023,ok_finalnie,pdf,tekst,https://samorzad.gov.pl/attachment/795e9634-0873-4f31-b5d6-404b01e44f21,direct_without_tor,237123f68c24207d946347b677e7009bae5aece362cb7b6c94ddfef6000c1f80,200,2026-09-04T21:54:11Z,,8.391,true
471,mazowieckie,pułtuski,Pokrzywnica,gmina wiejska,1424032,2024,ok_finalnie,pdf,tekst,https://samorzad.gov.pl/attachment/481ac6b2-36ce-4495-ba1d-7c92741debd1,direct_without_tor,28d68c9e1d9177385c375b23fa64a2dfc65a7013adf0167734746e58cccd1a41,200,2026-09-04T21:54:21Z,,5.232,true
472,mazowieckie,pułtuski,Pokrzywnica,gmina wiejska,1424032,2025,ok_finalnie,pdf,tekst,https://samorzad.gov.pl/attachment/e2ca741a-c23c-4b8f-a9ec-e6820fb7f0ef,direct_without_tor,27063bad5ef35880ada45cfac3159b91c7fa5afc7f22b823b40cfc4869b9705e,200,2026-09-04T21:54:32Z,,6.467,true
473,mazowieckie,pułtuski,Pułtusk,gmina miejsko-wiejska,1424043,2018,ok_finalnie,pdf,tekst,https://pultusk.archiwum.bip.net.pl/pliki/15163/Raport_o_stanie_gminy_Pu%C5%82tusk_za_rok_2018.pdf,direct_without_tor,a2aa9d0ee2978c2bd97a73a816ac3e7ad513b6dbcf2000d77c30553efd16ebe2,200,2026-09-04T22:39:09Z,,19.768,true
474,mazowieckie,pułtuski,Pułtusk,gmina miejsko-wiejska,1424043,2019,ok_finalnie,pdf,tekst,https://pultusk.archiwum.bip.net.pl/pliki/18126/raport_o_stanie_gminy_Pu%C5%82tusk_za_2019.pdf,direct_without_tor,2dc2961b8faadb87e0315be989a68cd232b7c9e6cf45642762437014c3e635bc,200,2026-09-04T22:39:24Z,,8.854,true
475,mazowieckie,pułtuski,Pułtusk,gmina miejsko-wiejska,1424043,2020,ok_finalnie,pdf,tekst,https://pultusk.archiwum.bip.net.pl/pliki/20118/RAPORT_O_STANIE_GMINY_PU%C5%81TUSK_ZA_2020_ROK.pdf,direct_without_tor,a4b4d556826a1d37fb6297092d0fcfc4568dfe39119337bb6d383a7d64ff8461,200,2026-09-04T22:39:37Z,,5.765,true
476,mazowieckie,pułtuski,Pułtusk,gmina miejsko-wiejska,1424043,2021,ok_finalnie,pdf,tekst,https://bip-api.pultusk.pl/api/attachments/2,direct_without_tor,3cef95dfa528810811ad7fd2fadffac9b6f5dda207498624b2e6c9fcd153a328,200,2026-09-04T22:40:54Z,,7.096,true
477,mazowieckie,pułtuski,Pułtusk,gmina miejsko-wiejska,1424043,2022,ok_finalnie,pdf,tekst,https://bip-api.pultusk.pl/api/attachments/1074,direct_without_tor,620be89af54d295007314c95ed843e631d04c02ee3ccc7b779a3e5ebaed7d760,200,2026-09-04T22:41:06Z,,4.839,true
478,mazowieckie,pułtuski,Pułtusk,gmina miejsko-wiejska,1424043,2023,ok_finalnie,pdf,tekst,https://pultusk.pl/wp-content/uploads/2024/05/RAPORT-O-STANIE-GMINY-ZA-2023-ROK.pdf,direct_without_tor,78c8ddaac376950075126b107e45138fd70c3b59eb8690895310f4af109b2490,200,2026-09-04T22:39:00Z,,3.874,true
479,mazowieckie,pułtuski,Pułtusk,gmina miejsko-wiejska,1424043,2024,ok_finalnie,pdf,tekst,https://pultusk.pl/wp-content/uploads/2025/05/RAPORT-O-STANIE-GMINY-ZA-2024-ROK-.pdf,direct_without_tor,917d75f08224bdf18512a1b3f93524c3f521d5190ea6d31c38dddf4eb6be409d,200,2026-09-04T22:39:05Z,,41.473,true
480,mazowieckie,pułtuski,Pułtusk,gmina miejsko-wiejska,1424043,2025,ok_finalnie,pdf,tekst,https://pultusk.pl/wp-content/uploads/2026/05/RAPORT-O-STANIE-GMINY-ZA-2025-ROK.pdf,direct_without_tor,bd09262c74d2ecfc053c5c64d47fcc82b9c435c6d992225614e9b80b1c6d2c27,200,2026-09-04T22:39:12Z,,64.43,true
481,mazowieckie,pułtuski,Winnica,gmina wiejska,1424062,2018,ok_finalnie,pdf,tekst,http://tor.backup2.sam3.pl/httrack/bip.gminawinnica.pl.2025/bip.gminawinnica.pl/20190524-raport9d41.pdf,direct_without_tor,65cf499547771ccee7047404b4e41fc32f1d712ea819f1d2ad60aa30e7498d7c,200,2026-09-04T21:53:17Z,,1.461,true
482,mazowieckie,pułtuski,Winnica,gmina wiejska,1424062,2019,ok_finalnie,pdf,tekst,http://tor.backup2.sam3.pl/httrack/bip.gminawinnica.pl.2025/bip.gminawinnica.pl/20200527-raporte794.pdf,direct_without_tor,65e0ac0eafbe6abcad8d7dacc1b9e8b488bca49e06cd551feac248a1cfff5bfe,200,2026-09-04T21:53:20Z,,1.952,true
483,mazowieckie,pułtuski,Winnica,gmina wiejska,1424062,2020,ok_finalnie,pdf,tekst,http://tor.backup2.sam3.pl/httrack/bip.gminawinnica.pl.2025/bip.gminawinnica.pl/raport202097a3.pdf,direct_without_tor,eaf405594e155c0fd7197936108966d9f99bae3dfacc3ebdb56d6ff0dfcf1c96,200,2026-09-04T21:53:23Z,,1.191,true
484,mazowieckie,pułtuski,Winnica,gmina wiejska,1424062,2021,ok_finalnie,pdf,tekst,http://tor.backup2.sam3.pl/httrack/bip.gminawinnica.pl.2025/bip.gminawinnica.pl/202105-raport8744.pdf,direct_without_tor,3fde11ad4fca2565113a2d567a0135d95c3db68d07192af647b1710a913d2e0e,200,2026-09-04T21:53:25Z,,1.663,true
485,mazowieckie,pułtuski,Winnica,gmina wiejska,1424062,2022,ok_finalnie,pdf,tekst,http://tor.backup2.sam3.pl/httrack/bip.gminawinnica.pl.2025/bip.gminawinnica.pl/raport2022e8fb.pdf,direct_without_tor,87450e9ea0a85f44363aba7707a7c152d1c61ec66d07f72da02b105d83f67920,200,2026-09-04T21:53:28Z,,1.329,true
486,mazowieckie,pułtuski,Winnica,gmina wiejska,1424062,2023,ok_finalnie,pdf,tekst,http://tor.backup2.sam3.pl/httrack/bip.gminawinnica.pl.2025/bip.gminawinnica.pl/Raport%20o%20stanie%20gminy9ce3.pdf,direct_without_tor,78adeae8a9a416fcf5d633c879513e7e7f35d2510a2fe381eb04b261697e2436,200,2026-09-04T21:53:30Z,,1.385,true
487,mazowieckie,pułtuski,Winnica,gmina wiejska,1424062,2024,ok_finalnie,pdf,tekst,http://tor.backup2.sam3.pl/httrack/bip.gminawinnica.pl.2025/bip.gminawinnica.pl/Raport%20o%20stanie%20gminy%20Winnica%202024%20r.%20-%20Kopiadc02.pdf,direct_without_tor,6fdefc89eda961637b5b033e594b049033fba07ff3b81d9268a5359c4a078387,200,2026-09-04T21:53:33Z,,1.358,true
488,mazowieckie,pułtuski,Winnica,gmina wiejska,1424062,2025,ok_finalnie,pdf,tekst,https://bip.gminawinnica.pl/dokumenty/download/dok_id/3515/type/tresc/dir/pub.html,direct_without_tor,73f4aa1e83082ffcf2123d2f771b685093a7d87e09b63ba3756e507408e70234,200,2026-09-04T22:42:21Z,,1.485,true
489,mazowieckie,pułtuski,Zatory,gmina wiejska,1424072,2018,ok_finalnie,pdf,tekst,https://zatory.biuletyn.net/fls/bip_pliki/2020_04/BIPOLD004072/4072.pdf,direct_without_tor,61c1c88b98e94a1033aa133e754fa3bea2aadbbba8e39431e28f45ec2365c852,200,2026-09-04T22:14:21Z,,2.56,true
490,mazowieckie,pułtuski,Zatory,gmina wiejska,1424072,2019,ok_finalnie,pdf,tekst,https://zatory.biuletyn.net/fls/bip_pliki/2020_07/BIPF5AA8D57B9832AZ/20200716_raport_o_stanie_gminy_2019.pdf,direct_without_tor,bbc54c5e530632bd1b2f0ea9ea6e1bb5eb98cddf2d11e4e53a32c8fc6fb2abac,200,2026-09-04T22:14:26Z,,2.605,true
491,mazowieckie,pułtuski,Zatory,gmina wiejska,1424072,2020,ok_finalnie,pdf,tekst,https://zatory.biuletyn.net/fls/bip_pliki/2021_06/BIPF5C4B9985A1368Z/raport_o_stanie_gminy_20.pdf,direct_without_tor,297978f715ae9a18d4fc8bf4ea292c1ea1a5c1e944a4c655e3f282c2c92c0f9f,200,2026-09-04T22:14:30Z,,2.88,true
492,mazowieckie,pułtuski,Zatory,gmina wiejska,1424072,2021,ok_finalnie,pdf,tekst,https://zatory.biuletyn.net/fls/bip_pliki/2022_06/BIPF5E0738A7CB75DZ/20220602_raport_za_2021.pdf,direct_without_tor,260624f8af8763b70c4548c0f94594364b879bfab2fa9c4b08193f25dfb68307,200,2026-09-04T22:14:33Z,,2.267,true
493,mazowieckie,pułtuski,Zatory,gmina wiejska,1424072,2022,ok_finalnie,pdf,tekst,https://zatory.biuletyn.net/fls/bip_pliki/2023_05/BIPF5FBCBA1C0C0E4Z/20230516_raport_za_2022.pdf,direct_without_tor,f18e83b8c3b2304f681aa74d293cb76cd613e5310796306fab0a390cf721441c,200,2026-09-04T22:14:36Z,,1.805,true
494,mazowieckie,pułtuski,Zatory,gmina wiejska,1424072,2023,ok_finalnie,pdf,tekst,https://www.zatory.pl/asp/pliki/aktualnosci/20240531_raport_o_stanie_gminy_2023.pdf,direct_without_tor,43d4880e20ffcddb5cd16bc675f7e3da0e4164a613f99b6e141846086652bdac,200,2026-09-04T22:42:23Z,,2.815,true
495,mazowieckie,pułtuski,Zatory,gmina wiejska,1424072,2024,ok_finalnie,pdf,tekst,https://zatory.biuletyn.net/fls/bip_pliki/2025_06/BIPF6369350F432BCZ/20250602_RAPORT_O_STANIE_GMINY_ZA_2024_ROK.pdf,direct_without_tor,c86dfd2bb7e87f3cb46f7c55072f270b711ed28e927042c14a07601cf7320df3,200,2026-09-04T22:14:43Z,,12.989,true
496,mazowieckie,pułtuski,Zatory,gmina wiejska,1424072,2025,ok_finalnie,pdf,tekst,https://zatory.biuletyn.net/fls/bip_pliki/2026_04/BIPF650AC2B9E14AZ/RAPORT_O_STANIE_GMINY_ZA_2025_ROK._-_wersja_ostateczna.pdf,direct_without_tor,1ced67268cd3914dbfcf194d8cb4ef498a270253f9cf9540d8296587670db8e1,200,2026-09-04T22:14:49Z,,9.721,true
497,mazowieckie,pułtuski,Świercze,gmina wiejska,1424052,2018,ok_finalnie,pdf,tekst,https://swiercze.biuletyn.net/fls/bip_pliki/2019_06/BIPF58A7A4CCF1277Z/Raport_o_stanie_gminy_2018.pdf,direct_without_tor,2b91125495df264f09b695ad99bdc119cc0a779e3aab3d3829c43fbd27acec3e,200,2026-09-04T21:55:05Z,,1.407,true
498,mazowieckie,pułtuski,Świercze,gmina wiejska,1424052,2019,ok_finalnie,pdf,tekst,https://swiercze.biuletyn.net/fls/bip_pliki/2020_05/BIPF5A4F680EB8F19Z/Raport_2019.pdf,direct_without_tor,53cbf4a399bc3084a0887b74443e45f35c2cf92ee714b33875b387606e557098,200,2026-09-04T21:55:08Z,,3.256,true
499,mazowieckie,pułtuski,Świercze,gmina wiejska,1424052,2020,ok_finalnie,pdf,tekst,https://swiercze.biuletyn.net/fls/bip_pliki/2021_06/BIPF5C3AE71E10574Z/Raport_o_stanie_gminy_2020.pdf,direct_without_tor,aafbf0db147b031a434366e648b667b2866f92a189b0002c60742d0dc15ed6c0,200,2026-09-04T21:55:11Z,,3.027,true
500,mazowieckie,pułtuski,Świercze,gmina wiejska,1424052,2021,ok_finalnie,pdf,tekst,https://swiercze.biuletyn.net/fls/bip_pliki/2022_05/BIPF5DFE8EA61F6CBZ/Raport_o_stanie_Gminy_2021.pdf,direct_without_tor,d4055c07fe8a5656aec55a9afd3ead1b0eff9cb7d5be3a7d92cafa6ae3e02b6a,200,2026-09-04T21:55:14Z,,2.241,true
501,mazowieckie,pułtuski,Świercze,gmina wiejska,1424052,2022,ok_finalnie,pdf,tekst,https://swiercze.biuletyn.net/fls/bip_pliki/2023_05/BIPF5FBF3766E5643Z/RAPORT_2022_O_STANIE_GMINY_SWIERCZE.pdf,direct_without_tor,5f856cf71e952d7c66f3d41fa8917b8adc1babed2ea70279deb9b8098aafae56,200,2026-09-04T21:55:18Z,,3.727,true
502,mazowieckie,pułtuski,Świercze,gmina wiejska,1424052,2023,ok_finalnie,pdf,tekst,https://swiercze.biuletyn.net/fls/bip_pliki/2024_05/BIPF61919C87BADC8Z/RAPORT_O_STANIE_GMINY_SWIERCZE_2023_20.05.2024..pdf,direct_without_tor,f8368fb3cbc0512633a4a2055e4b2b025a5f433c4faa5fad9e525e67de8e9fd9,200,2026-09-04T21:55:21Z,,3.72,true
503,mazowieckie,pułtuski,Świercze,gmina wiejska,1424052,2024,ok_finalnie,pdf,tekst,https://swiercze.biuletyn.net/fls/bip_pliki/2025_06/BIPF63734E5352959Z/RAPORT_O_STANIE_GMINY_SWIERCZE_2024.pdf,direct_without_tor,0a610a20b9c87623f0dc93df807f7718c02a5d876f3b86730a1bac7623c08340,200,2026-09-04T21:55:25Z,,3.397,true
504,mazowieckie,pułtuski,Świercze,gmina wiejska,1424052,2025,ok_finalnie,pdf,tekst,https://swiercze.biuletyn.net/fls/bip_pliki/2026_05/BIPF651ACFBAC4A32Z/RAPORT_O_STANIE_GMINY_SWIERCZE_2025.pdf,direct_without_tor,3a113711c29daa5a7cb430aba0540d5891bd79d71ce24bd70a6fb95eba7c7968,200,2026-09-04T21:55:28Z,,5.069,true
505,mazowieckie,płoński,Joniec,gmina wiejska,1420062,2018,brak_finalnie,,,brak,"dogłębne sprawdzenie (web search wielosilnikowy + aktualny/historyczny BIP Alfa i Plocman + 263 historyczne /pobierz/ + System Rada + Wayback/Arquivo/Common Crawl) — dowód wytworzenia; kompletnego pliku raportu nie odzyskano RE-WERYFIKACJA 29.08.2026 (Joniec): zywy BIP bip.ugjoniec.pl (CMS jak Czerwin, POST /szukaj pole szukaj): wyszukiwarka ujawnia PELNA serie zarzadzen o raportach — Z38/2026 (za 2025, /dokumenty/3094), Z32/2025 (za 2024, 2523), Z32/2023 (za 2023, 2019), Z22/2023 (za 2022, 1504), Z28/2022 (za 2021, 1090), Z18/2021 (za 2020, 709), Z14/2020 (za 2019, 507 i 265) ORAZ Z16/2019 z 27.05.2019 ""w sprawie przyjecia Raportu o stanie Gminy Joniec za 2018 rok"" (/dokumenty/616); zalacznik Z16/2019 = zywy /pobierz/595 (PDF 142144 B, 4 str., skan — OCR: tresc zarzadzenia ""Przyjmuje sie Raport ... w brzmieniu zalacznika"" + formularz zgloszenia do DEBATY nad raportem + RODO) — samego raportu za 2018 NIE ma w zalaczniku ani jako osobnego dokumentu (sasiadujace /dokumenty/590-625 = wylacznie zarzadzenia; bez wezla raportowego w menu); CDX hosta = 0 plikow raport; archiwum starego BIP (link bip2.alfatv.pl/pliki/alfa/archiwum.bip.ugjoniec.pl) = 404 + 0 zapisow; raport przyjety/przedstawiony ale PLIK NIGDY NIEOPUBLIKOWANY → BRAK z dowodem istnienia.",,sprawdzono pogłębnie 2026-09-05,2026-09-01T10:23:57Z,[KONT.] || [TURA 19 05.09.2026] Wayback CDX bip.ugjoniec.pl: zero rekordów 'raport o stanie'. Status bez zmian.,,true
506,mazowieckie,płoński,Joniec,gmina wiejska,1420062,2019,ok_finalnie,pdf,skan,https://bip.ugjoniec.pl/pobierz/243,direct_without_tor,2f0deff975f25b67d5904f2b397beca01cb85c31188c05b5300b9bf3336427d3,200,2026-09-04T22:15:12Z,,2.527,true
507,mazowieckie,płoński,Joniec,gmina wiejska,1420062,2020,ok_finalnie,pdf,skan,https://bip.ugjoniec.pl/pobierz/695,direct_without_tor,23b5fb4f12cdcc6c334c3f3b855db8302b1458a1e91763f3e263cd587988ff71,200,2026-09-04T22:15:30Z,,2.676,true
508,mazowieckie,płoński,Joniec,gmina wiejska,1420062,2021,ok_finalnie,pdf,skan,https://bip.ugjoniec.pl/pobierz/1124,direct_without_tor,5fb3f4d608f697b4f771e8cbc423733365a9bcf958ec78c943105cd9fc3e8fb3,200,2026-09-04T22:15:37Z,,3.004,true
509,mazowieckie,płoński,Joniec,gmina wiejska,1420062,2022,ok_finalnie,pdf,tekst,https://bip.ugjoniec.pl/pobierz/1616,direct_without_tor,c622d4d281215c72bae77c83263916575f75732442f0fbc9ca552d8296abb1da,200,2026-09-04T22:15:40Z,,1.564,true
510,mazowieckie,płoński,Joniec,gmina wiejska,1420062,2023,ok_finalnie,pdf,tekst,https://bip.ugjoniec.pl/pobierz/2155,direct_without_tor,032320c6ee9eaf753a2bb73d90e4e0c1671f208958cd8c1570e0c1b0414d3317,200,2026-09-04T22:15:42Z,,1.612,true
511,mazowieckie,płoński,Joniec,gmina wiejska,1420062,2024,ok_finalnie,pdf,skan,https://bip.ugjoniec.pl/pobierz/2658,direct_without_tor,e3cd45ddf5ba357279dfaa1c6e183414efcd5b839c4e2de3f83c664e9532b6ab,200,2026-09-04T22:15:54Z,,5.954,true
512,mazowieckie,płoński,Joniec,gmina wiejska,1420062,2025,ok_finalnie,pdf,tekst,https://bip.ugjoniec.pl/pobierz/3510,direct_without_tor,600e6fe07cd6310cf874fbd6ff80e07345e0896b43823c1296622edee8a26ae6,200,2026-09-04T22:15:56Z,,1.216,true
513,mazowieckie,płoński,Nowe Miasto,gmina miejsko-wiejska,1420083,2018,ok_finalnie,pdf,tekst,https://www.ugnowemiasto.pl/file/download?id=10135,direct_without_tor_ssl_off,f2316673c270bc032747b31aad185b527fc6ba96cc065287115f33b7e1463bee,200,2026-09-04T23:34:50Z,,1.683,true
514,mazowieckie,płoński,Nowe Miasto,gmina miejsko-wiejska,1420083,2019,ok_finalnie,pdf,tekst,https://www.ugnowemiasto.pl/file/download?id=11467,direct_without_tor_ssl_off,40c1910fdcc26695ccaff2acd1b9bdd6029d914eed4bf3501c45ea6e4504ee06,200,2026-09-04T23:34:53Z,,2.379,true
515,mazowieckie,płoński,Nowe Miasto,gmina miejsko-wiejska,1420083,2020,ok_finalnie,pdf,tekst,https://www.ugnowemiasto.pl/file/download?id=13059,direct_without_tor_ssl_off,2c76a94880d5cab7d0cdf93d72af5ee236ae57519ac633b61f3b8dcf0af1ba7b,200,2026-09-04T23:34:56Z,,2.269,true
516,mazowieckie,płoński,Nowe Miasto,gmina miejsko-wiejska,1420083,2021,ok_finalnie,pdf,tekst,https://bip-v1-files.idcom-jst.pl/sites/47322/wiadomosci/632566/files/raport_o_stanie_gminy_nowe_miasto_w_roku_2021.pdf,direct_without_tor,cbd5c08f13886fa2b8e015cb0779f3dda5cd4d6ef84ebeb3dfd1aaba930ba452,200,2026-09-04T21:59:45Z,,3.042,true
517,mazowieckie,płoński,Nowe Miasto,gmina miejsko-wiejska,1420083,2022,ok_finalnie,pdf,tekst,https://bip-v1-files.idcom-jst.pl/sites/47322/wiadomosci/690052/files/raport_o_stanie_gminy_w_2022_r.pdf,direct_without_tor,84e1d4f446b5609e36b0dd9f80ba337e38d37e50eaf7de96d75978fbc8ba9053,200,2026-09-04T21:59:48Z,,3.147,true
518,mazowieckie,płoński,Nowe Miasto,gmina miejsko-wiejska,1420083,2023,ok_finalnie,pdf,tekst,https://bip-v1-files.idcom-jst.pl/sites/47322/wiadomosci/756456/files/raport_o_stanie_miasta_i_gminy_nowe_miasto_w_roku_2023.pdf,direct_without_tor,97a4735f8756d2720ac2105fcdf7884e311f04203a8a2307a1dbe954aca7fd78,200,2026-09-04T21:59:52Z,,4.557,true
519,mazowieckie,płoński,Nowe Miasto,gmina miejsko-wiejska,1420083,2024,ok_finalnie,pdf,tekst,https://bip-v1-files.idcom-jst.pl/sites/47322/wiadomosci/822928/files/raport_o_stanie_miasta_i_gminy_w_roku_2024.pdf,direct_without_tor,e1d91f4e297e98674d98752dd35e38a2db1063ad712ba25f136d0e23b52a7c08,200,2026-09-04T21:59:56Z,,1.511,true
520,mazowieckie,płoński,Nowe Miasto,gmina miejsko-wiejska,1420083,2025,ok_finalnie,pdf,tekst,https://bip-v1-files.idcom-jst.pl/sites/47322/wiadomosci/885539/files/raport_o_stanie_miasta_i_gminy_nowe_miasto_w_roku_2025.pdf,direct_without_tor_ssl_off,498539ce37b052bfc754099e9ecce31dc2b657f33e0ce8e2f99ae6baa3e82578,200,2026-09-04T23:38:49Z,,1.335,true
521,mazowieckie,płoński,Sochocin,gmina miejsko-wiejska,1420113,2018,ok_finalnie,pdf,tekst,https://bip.sochocin.pl/bvtb5x04ab8m1h64h4.file.pdf,direct_without_tor_ssl_off,23aaf15ac46d5a17ac803fa7f0ee8bc3f4c4a99eaaef0cd48587da17db7f54aa,200,2026-09-04T23:38:52Z,,0.94,true
522,mazowieckie,płoński,Sochocin,gmina miejsko-wiejska,1420113,2019,ok_finalnie,pdf,tekst,https://www.sochocin.pl/wp-content/uploads/2021/05/Raport-o-stanie-Gminy-Sochocin-za-rok-2019_ostateczna-wersja-pdf.pdf,direct_without_tor,02cff74a601483ca706b8bfbaa382bfb9da3b2d5f76ab8237be8b83a04d5021f,200,2026-09-04T22:26:05Z,,0.849,true
523,mazowieckie,płoński,Sochocin,gmina miejsko-wiejska,1420113,2020,ok_finalnie,pdf,tekst,http://bip.sochocin.pl/aaz01xn6bqqb0l80lj.file.pdf,direct_without_tor,8d005013bd6d312f1c4068e91d6f86df8150b8b91c34fd309d8bb15eb57cc905,200,2026-09-04T22:42:28Z,,3.701,true
524,mazowieckie,płoński,Sochocin,gmina miejsko-wiejska,1420113,2021,ok_finalnie,pdf,tekst,https://www.sochocin.pl/wp-content/uploads/2022/10/Raport-o-stanie-gminy-Sochocin-za-rok-2021.pdf,direct_without_tor,c89c5c1824764aa114d35e229dfb5960b44b4f6de3a4568375515da6aa7c8b84,200,2026-09-04T22:26:09Z,,6.475,true
525,mazowieckie,płoński,Sochocin,gmina miejsko-wiejska,1420113,2022,ok_finalnie,pdf,tekst,https://www.sochocin.pl/wp-content/uploads/2024/05/Raport-o-stanie-Miasta-i-Gminy-Sochocin-za-rok-2022.pdf,direct_without_tor,1daf0d22a9e340e9714605d5e1880b26db95ea4e300c1b874592a1e610d7a9a6,200,2026-09-04T22:26:13Z,,7.912,true
526,mazowieckie,płoński,Sochocin,gmina miejsko-wiejska,1420113,2023,ok_finalnie,pdf,skan,https://www.sochocin.pl/wp-content/uploads/2024/05/Raport-o-stanie-Miasta-i-Gminy-Sochocin-za-rok-2023.pdf,direct_without_tor,23c41bdfd1a81f46613ac1ce84cfe1e042fe1c1892425e11244d21abf4151b6a,200,2026-09-04T22:26:27Z,,7.346,true
527,mazowieckie,płoński,Sochocin,gmina miejsko-wiejska,1420113,2024,ok_finalnie,pdf,tekst,https://www.sochocin.pl/wp-content/uploads/2025/05/Raport-o-stanie-Miasta-i-Gminy-Sochocin-za-rok-2024.pdf,direct_without_tor,71d277792cb81ec0600e025b6df941896ad21ff4fd8d17ef80f08bffd556f29c,200,2026-09-04T22:26:32Z,,10.147,true
528,mazowieckie,płoński,Sochocin,gmina miejsko-wiejska,1420113,2025,ok_finalnie,pdf,tekst,https://www.sochocin.pl/wp-content/uploads/2026/05/Raport-o-stanie-Miasta-i-Gminy-Sochocin-za-rok-2025-ostateczny.pdf,direct_without_tor,f76c0c150ba79c52e9017548e7a557706e2c634f35884a12fc5bc31d9b550275,200,2026-09-04T22:26:36Z,,6.705,true
529,mazowieckie,siedlecki,Korczew,gmina wiejska,1426022,2018,ok_finalnie,doc,tekst,https://samorzad.gov.pl/attachment/d295a553-5165-41f7-9ff2-3d9987234384,direct_without_tor,d052ae2216a92f7ef4947cc7e5206f7699ef9326248d2da93dbbd1a1a1d974f7,200,2026-09-04T21:54:36Z,,1.159,true
530,mazowieckie,siedlecki,Korczew,gmina wiejska,1426022,2019,ok_finalnie,doc,tekst,https://korczew.bip.gov.pl/fobjects/download/1174548/raport-o-stanie-korczew-za-2019-1-doc.html,tor_pl_ip,cf861cdd21fe053d5ef2f4edfa95f2eca419e17817455327572714509b95f7ac,200,2026-09-05T00:24:15Z,,1.182,true
531,mazowieckie,siedlecki,Korczew,gmina wiejska,1426022,2020,ok_finalnie,pdf,tekst,https://samorzad.gov.pl/attachment/f3a76eb1-3e28-428d-8228-9d2d93804d5b,direct_without_tor,1fb8c70c755d6d6f458ccf9613f6388ea6343d540c513c3ffe653c42dd4a6165,200,2026-09-04T21:54:39Z,,0.642,true
532,mazowieckie,siedlecki,Korczew,gmina wiejska,1426022,2021,ok_finalnie,doc,tekst,https://korczew.bip.gov.pl/fobjects/download/1263988/raport-2021-rok-doc.html,tor_pl_ip,3b161405580494a70ec40b48966b545a923af42cfeb0c4a5f6a596cfc7af1f37,200,2026-09-05T00:24:20Z,,1.473,true
533,mazowieckie,siedlecki,Korczew,gmina wiejska,1426022,2022,ok_finalnie,pdf,tekst,https://korczew.bip.gov.pl/fobjects/download/1483282/raport-o-stanie-gminy-za-2022.html,tor_pl_ip,637be707d970a39672d9f34ed959fba08dd09d2c4c9a3e582bdfd95aa9e4d903,200,2026-09-05T00:24:25Z,,0.704,true
534,mazowieckie,siedlecki,Korczew,gmina wiejska,1426022,2023,ok_finalnie,pdf,tekst,https://korczew.bip.gov.pl/fobjects/download/1721023/raport-o-stanie-gminy-za-2023-pdf.html,tor_pl_ip,48f2ed4e1922c23a6367ac1ce88d81120ac91a822f2c5ab442059c24f98d4206,200,2026-09-05T00:24:29Z,,0.552,true
535,mazowieckie,siedlecki,Korczew,gmina wiejska,1426022,2024,ok_finalnie,pdf,tekst,https://korczew.bip.gov.pl/fobjects/download/1987860/raport-o-stanie-gminy-2024-pdf.html,tor_pl_ip,0d092f2184ab5cb3c51ef02c504d80178e69ffa8d72cee9a2df4a58fd230924d,200,2026-09-05T00:24:35Z,,0.856,true
536,mazowieckie,siedlecki,Korczew,gmina wiejska,1426022,2025,ok_finalnie,pdf,tekst,https://korczew.bip.gov.pl/fobjects/download/2274123/raport-o-stanie-gminy-2025-pdf.html,tor_pl_ip,8a3520a8aa265e91798edd3a0c3fe8db2fcb46f828db883b5dc2aabf3217b10b,200,2026-09-05T00:24:40Z,,0.843,true
537,mazowieckie,siedlecki,Kotuń,gmina wiejska,1426032,2018,ok_finalnie,pdf,raport o stanie gminy (warstwa tekstowa; 74 str.; Załącznik do Zarządzenia Nr 36.2019 Wójta Gminy Kotuń z 30.05.2019; okladka RAPORT O STANIE GMINY KOTUŃ),https://kotun.archiwum.bip.net.pl/pliki/6992/Raport_o_stanie_Gminy_Kotu%C5%84_za_2018_rok.pdf,"mirror starego BIP kotun.archiwum.bip.net.pl — kategoria c1527 'Ogłoszenia Wójta Gminy Kotuń' listuje komplet raportów (artykuły a3095/2018, a4643/2019, a4971/2020, a9432/2021, a9919/2022, a14443/2023) z załącznikami /pliki/<id>/; plik pobrany ŻYWY z mirroru, %%EOF ok; poprzedni wydruk Google '?p=document&id=17457&bar_id=9919' odpowiada artykulowi a9919 = pliki/17457 (2022) — spójne; tożsamość: załącznik do zarządzenia Wójta z datą potwierdzającą rocznik",4f1d93aa2f5e76d4f09a61696266b0c8e1022439fb34690ea35084debfb8e143,200,2026-09-05T01:47:35Z,,2.321,true
538,mazowieckie,siedlecki,Kotuń,gmina wiejska,1426032,2019,ok_finalnie,pdf,tekst,https://kotun.archiwum.bip.net.pl/pliki/9640/Raport_o_stanie_Gminy_2019.pdf,direct_without_tor,fe7c08c75a176fa40d0c8eed06047155f0685b77f0ed386b14dabc191badd3de,200,2026-09-04T22:42:27Z,,2.255,true
539,mazowieckie,siedlecki,Kotuń,gmina wiejska,1426032,2020,ok_finalnie,pdf,raport o stanie gminy (warstwa tekstowa; 79 str.; Załącznik do Zarządzenia Nr 42.2021 z 31.05.2021; okladka RAPORT O STANIE GMINY KOTUŃ),https://kotun.archiwum.bip.net.pl/pliki/10414/Raport_o_stanie_Gminy_2020_po_podpisaniu.pdf,"mirror starego BIP kotun.archiwum.bip.net.pl — kategoria c1527 'Ogłoszenia Wójta Gminy Kotuń' listuje komplet raportów (artykuły a3095/2018, a4643/2019, a4971/2020, a9432/2021, a9919/2022, a14443/2023) z załącznikami /pliki/<id>/; plik pobrany ŻYWY z mirroru, %%EOF ok; poprzedni wydruk Google '?p=document&id=17457&bar_id=9919' odpowiada artykulowi a9919 = pliki/17457 (2022) — spójne; tożsamość: załącznik do zarządzenia Wójta z datą potwierdzającą rocznik",a721cf13e40b7ee1087a432296ab1f8324457b4b0cf5111296559ea0d01aedf3,200,2026-09-05T01:47:43Z,,3.641,true
540,mazowieckie,siedlecki,Kotuń,gmina wiejska,1426032,2021,ok_finalnie,pdf,raport o stanie gminy (warstwa tekstowa; 92 str.; Załącznik do Zarządzenia Nr 31.2022 z 31.05.2022; okladka RAPORT O STANIE GMINY KOTUŃ),https://kotun.archiwum.bip.net.pl/pliki/16524/Raport_o_stanie_Gminy_2021.pdf,"mirror starego BIP kotun.archiwum.bip.net.pl — kategoria c1527 'Ogłoszenia Wójta Gminy Kotuń' listuje komplet raportów (artykuły a3095/2018, a4643/2019, a4971/2020, a9432/2021, a9919/2022, a14443/2023) z załącznikami /pliki/<id>/; plik pobrany ŻYWY z mirroru, %%EOF ok; poprzedni wydruk Google '?p=document&id=17457&bar_id=9919' odpowiada artykulowi a9919 = pliki/17457 (2022) — spójne; tożsamość: załącznik do zarządzenia Wójta z datą potwierdzającą rocznik",e43b8eabca1114dc88fc4d2627650e7e10fffc422f91e9a602f97e9e049fe7df,200,2026-09-05T01:47:56Z,,2.546,true
541,mazowieckie,siedlecki,Kotuń,gmina wiejska,1426032,2022,ok_finalnie,pdf,raport o stanie gminy (warstwa tekstowa; 83 str.; Załącznik do Zarządzenia Nr 39.2023 z 30.05.2023; okladka RAPORT O STANIE GMINY KOTUŃ),https://kotun.archiwum.bip.net.pl/pliki/17457/Raport_o_stanie_gminy_za_2022.pdf,"mirror starego BIP kotun.archiwum.bip.net.pl — kategoria c1527 'Ogłoszenia Wójta Gminy Kotuń' listuje komplet raportów (artykuły a3095/2018, a4643/2019, a4971/2020, a9432/2021, a9919/2022, a14443/2023) z załącznikami /pliki/<id>/; plik pobrany ŻYWY z mirroru, %%EOF ok; poprzedni wydruk Google '?p=document&id=17457&bar_id=9919' odpowiada artykulowi a9919 = pliki/17457 (2022) — spójne; tożsamość: załącznik do zarządzenia Wójta z datą potwierdzającą rocznik",0bda0358d15f589a6a21c97b38c23b3e5280e840d2e090d03792ad3cfcb9b37b,200,2026-09-05T01:48:07Z,,1.198,true
542,mazowieckie,siedlecki,Kotuń,gmina wiejska,1426032,2023,ok_finalnie,pdf,raport o stanie gminy (warstwa tekstowa; 95 str.; Załącznik do Zarządzenia Nr 35.2024 z 29.05.2024; okladka RAPORT O STANIE GMINY KOTUŃ),https://kotun.archiwum.bip.net.pl/pliki/21224/Raport_o_stanie_Gminy_Kotu%C5%84_2023.pdf,"mirror starego BIP kotun.archiwum.bip.net.pl — kategoria c1527 'Ogłoszenia Wójta Gminy Kotuń' listuje komplet raportów (artykuły a3095/2018, a4643/2019, a4971/2020, a9432/2021, a9919/2022, a14443/2023) z załącznikami /pliki/<id>/; plik pobrany ŻYWY z mirroru, %%EOF ok; poprzedni wydruk Google '?p=document&id=17457&bar_id=9919' odpowiada artykulowi a9919 = pliki/17457 (2022) — spójne; tożsamość: załącznik do zarządzenia Wójta z datą potwierdzającą rocznik",aabc464504a1216f54730f4b1cff93e96da4b9586de0dc9a7c9cb6031ed3eb80,200,2026-09-05T01:48:17Z,,2.283,true
543,mazowieckie,siedlecki,Kotuń,gmina wiejska,1426032,2024,ok_finalnie,pdf,tekst,https://kotun-api.bip.net.pl/api/attachments/641,direct_without_tor,bf662f69908d2cca5c95ec99abf6425e9cdec5e9de1a48cef91500b3553559b9,200,2026-09-04T22:40:55Z,,2.412,true
544,mazowieckie,siedlecki,Kotuń,gmina wiejska,1426032,2025,ok_finalnie,pdf,tekst,https://kotun-api.bip.net.pl/api/attachments/1915,direct_without_tor,35f0dec607c8cf09670f649eacb7a008d730f025b426369451f37b4f7777e246,200,2026-09-04T22:40:59Z,,2.043,true
545,mazowieckie,siedlecki,Mokobody,gmina wiejska,1426042,2018,brak_finalnie,,,brak,"dogłębne sprawdzenie (Wayback + Common Crawl + dawny portal mokobody.pl + samorzad.gov.pl + web search) - dowód istnienia raportu, dostępny tylko niepełny artefakt archiwalny",,sprawdzono w innych źródłach 2026-09-05,2026-09-02T23:50:27Z,"[KONT.] || [TURA 20 05.09.2026 - INNE ZRODLA] (a) stary BIP bip.mokobody.pl martwy (DNS/Connect), Wayback 0 rekordow raportowych; (b) aktualnosci na platformie samorzad.gov.pl/web/gmina-mokobody wymieniaja raporty za 2020,2021,2022,2024 (newsy) - za 2019 NIE MA zadnego newsa raportowego; (c) zywe sondowanie mokobody.pl/_portals_/mokobody/CKFiles/ = catch-all (HTML 20680 B dla dowolnej nazwy). Status bez zmian.",,true
546,mazowieckie,siedlecki,Mokobody,gmina wiejska,1426042,2019,brak_finalnie,,,https://ugmokobody.bip.gov.pl/fobjects/download/812034/protokol-z-xviii-zwyczajnej-sesji-rg-pdf.html,"web search bez Tora + oficjalny BIP SSDIP + pobranie przez Tor (polski BIP nieosiągalny z podstawowego IP) + kontrola PDF (magic bytes, 8 stron, %%EOF) + OCR całego protokołu",,BRAK_PLIKU_RAPORTU (dowód istnienia - dokument proceduralny),2026-09-03T16:44:41Z,"RAPORT POTWIERDZONY PROCEDURALNIE. Oficjalny protokół XVIII sesji Rady Gminy Mokobody z 24.06.2020, s. 2-3, stwierdza: Wójt przedstawiła raport o stanie Gminy Mokobody za 2019 r.; po debacie raport przyjęto jednogłośnie (13 głosów za), a następnie udzielono wotum zaufania. Strona sesji: https://ugmokobody.bip.gov.pl/sesja-rady/xviii-zwyczajna-sesja-rady-gminy-mokobody-w-dn-24-06-2020r.html . Pliku samego raportu nie odzyskano.",,true
547,mazowieckie,siedlecki,Mokobody,gmina wiejska,1426042,2020,ok_finalnie,pdf,tekst,https://samorzad.gov.pl/attachment/9aca5bd9-64b5-4ffb-bb30-b3002ded4272,direct_without_tor,5c2d1a1763a3a7cc3c6fb5f0dfa34b2efad39d8554ff9b223c31b264f19106eb,200,2026-09-04T21:54:43Z,,2.114,true
548,mazowieckie,siedlecki,Mokobody,gmina wiejska,1426042,2021,ok_finalnie,pdf,tekst,https://samorzad.gov.pl/attachment/f3cc8758-00e5-4eab-8f80-128ae6a76d8d,direct_without_tor,23695a23b55408cc34f5ea4a949e47665bfd4c19565a94de46e7e5d846a83d60,200,2026-09-04T21:54:51Z,,4.522,true
549,mazowieckie,siedlecki,Mokobody,gmina wiejska,1426042,2022,ok_finalnie,pdf,tekst,https://samorzad.gov.pl/attachment/39274367-f6a5-4c28-95a7-bd972067cb03,direct_without_tor,566293084e76a34ed79037ac7dd7a3778c3d91a309863ea7860e83cad64056e5,200,2026-09-04T21:55:00Z,,4.661,true
550,mazowieckie,siedlecki,Mokobody,gmina wiejska,1426042,2023,ok_finalnie,pdf,tekst,https://samorzad.gov.pl/attachment/d4dd5417-d77d-438d-b8ff-e690d5d06a29,direct_without_tor,ddc5c658ceecfeae7f1a47d7316a8f29bb9d346061c234062417bded52c71e44,200,2026-09-04T21:55:05Z,,2.674,true
551,mazowieckie,siedlecki,Mokobody,gmina wiejska,1426042,2024,ok_finalnie,pdf,tekst,https://samorzad.gov.pl/attachment/9ad62826-a8a7-4665-8554-12bfb49b04fb,direct_without_tor,d3573dbb28b26e2b7ada83567aa948fc56cf95cabef5a5a31f5c8a23f9fbc91c,200,2026-09-04T21:55:10Z,,2.324,true
552,mazowieckie,siedlecki,Mokobody,gmina wiejska,1426042,2025,ok_finalnie,pdf,tekst,https://samorzad.gov.pl/attachment/ee43307c-048f-4562-b3d2-fa266cd76edf,direct_without_tor,0171ca0aa68b8107d6146e50d5061a0b2901a7b1bac38ed071a4d2ba9aca745f,200,2026-09-04T21:55:19Z,,4.977,true
553,mazowieckie,siedlecki,Mordy,gmina miejsko-wiejska,1426053,2018,ok_finalnie,pdf,skan,https://umigmordy.bip.org.pl/pliki/umigmordy/raport_20190531152726.pdf,direct_without_tor,b28ae0a1d399963d1c434c5028f6702a545a85572e8886d64616241ac8f0cdf2,200,2026-09-04T21:55:37Z,,2.869,true
554,mazowieckie,siedlecki,Mordy,gmina miejsko-wiejska,1426053,2019,ok_finalnie,pdf,tekst,https://umigmordy.bip.org.pl/pliki/umigmordy/raport_o_stanie_miasta_i_gminy_mordy_za_2019_rok.pdf,direct_without_tor,45db6aef76c0ba4aa6bcb4ac9a003bef6afab9d6c85a85bf1119cca9455bf8c1,200,2026-09-04T21:55:40Z,,1.409,true
555,mazowieckie,siedlecki,Mordy,gmina miejsko-wiejska,1426053,2020,ok_finalnie,pdf,tekst,https://umigmordy.bip.org.pl/pliki/umigmordy/raport_o_stanie_miasta_i_gminy_mordy_za_2020_rok.pdf,direct_without_tor,f68ff9d6c52dc0cb460d269cf45dfc4d3ec1497bd7a246b15e2064a96c94ec1d,200,2026-09-04T21:55:43Z,,1.859,true
556,mazowieckie,siedlecki,Mordy,gmina miejsko-wiejska,1426053,2021,ok_finalnie,pdf,tekst,https://umigmordy.bip.org.pl/pliki/umigmordy/raport_o_stanie_miasta_i_gminy_mordy_za_2021_rok.pdf,direct_without_tor,1beb41fc80958908cac66253b18268025590ce9ed14c41ed60a941c3738e2594,200,2026-09-04T21:55:46Z,,1.949,true
557,mazowieckie,siedlecki,Mordy,gmina miejsko-wiejska,1426053,2022,ok_finalnie,pdf,tekst,https://umigmordy.bip.org.pl/pliki/umigmordy/raport_o_stanie_mig_mordy_za_2022.pdf?20230601150106,direct_without_tor,f254374b55f521abb14c9027dfe51f55f114d95a24db42560d632bea60452245,200,2026-09-04T21:55:49Z,,6.092,true
558,mazowieckie,siedlecki,Mordy,gmina miejsko-wiejska,1426053,2023,ok_finalnie,pdf,tekst,https://umigmordy.bip.org.pl/pliki/umigmordy/raport_o_stanie_miasta_i_gminy_mordy_za_2023r.pdf,direct_without_tor,992e713af7216dd2f970e7e6d47d9e3ae5484c0ed7b2d1aef14a4a68a520d0e5,200,2026-09-04T21:55:53Z,,5.012,true
559,mazowieckie,siedlecki,Mordy,gmina miejsko-wiejska,1426053,2024,ok_finalnie,pdf,tekst,https://umigmordy.bip.org.pl/pliki/umigmordy/raport_o_stanie_miasta_i_gminy_mordy_za_2024_r_.pdf,direct_without_tor,fc82d70b5f605bc9a82beb5b9e14a1f9d7bc2722c5bc2377462739307c344ff0,200,2026-09-04T21:55:56Z,,1.389,true
560,mazowieckie,siedlecki,Mordy,gmina miejsko-wiejska,1426053,2025,ok_finalnie,pdf,tekst,https://umigmordy.bip.org.pl/pliki/umigmordy/raport_o_stanie_miasta_i_gminy_mordy_za_2025_r.pdf,direct_without_tor,a207cbd45153527026a9cec8f307eb7ef9594d4f6187728bf54c9537a7f7cfb6,200,2026-09-04T21:55:59Z,,2.098,true
561,mazowieckie,siedlecki,Paprotnia,gmina wiejska,1426062,2018,ok_finalnie,pdf,tekst,http://web.archive.org/web/20240602052052/https://paprotnia.pl/wp-content/uploads/2019/07/raport-o-stanie-gminy-paprotnia-za-rok-2018.pdf,direct_without_tor,061023f0b2debb53289cb3da04513319a950c83d922daffeb2cd4e0bdbde04d2,200,2026-09-04T21:53:23Z,,0.548,true
562,mazowieckie,siedlecki,Paprotnia,gmina wiejska,1426062,2019,ok_finalnie,pdf,tekst,http://web.archive.org/web/20240513201935/https://paprotnia.pl/wp-content/uploads/2020/08/raport.pdf,direct_without_tor,e3b1bdd562ceca168da3845cf2b4f004eb159d1b4d1c4a0da7bf9ae70e388103,200,2026-09-04T21:53:27Z,,0.91,true
563,mazowieckie,siedlecki,Paprotnia,gmina wiejska,1426062,2020,ok_finalnie,pdf,tekst,https://gminapaprotnia.bip.gov.pl/fobjects/download/1111634/raport-o-stanie-gminy-paprotnia-za-rok-2020-pdf.html,tor_pl_ip,c62536369c014ddc513057ba24a8449fa6bc9c192ca49a390af0d90b0f3e11a2,200,2026-09-05T00:28:15Z,,0.917,true
564,mazowieckie,siedlecki,Paprotnia,gmina wiejska,1426062,2021,ok_finalnie,pdf,tekst,https://gminapaprotnia.bip.gov.pl/fobjects/download/1747514/raport-o-stanie-gminy-paprotnia-za-rok-2021-pdf.html,tor_pl_ip,52ea05f4318863657cd9c6132ab1de375af0c5a6dcd65bc38345833d44606aeb,200,2026-09-05T00:28:19Z,,0.934,true
565,mazowieckie,siedlecki,Paprotnia,gmina wiejska,1426062,2022,ok_finalnie,pdf,tekst,https://gminapaprotnia.bip.gov.pl/fobjects/download/1747516/raport-o-stanie-gminy-za-2022-pdf.html,tor_pl_ip,1c9a23eaebe6b8bf6a558ae2622d604f7b87c7ab36686f85eb4561e114721db2,200,2026-09-05T00:28:27Z,,1.143,true
566,mazowieckie,siedlecki,Paprotnia,gmina wiejska,1426062,2023,ok_finalnie,pdf,tekst,http://web.archive.org/web/20240613051905/https://paprotnia.pl/wp-content/uploads/2024/06/raport-o-stanie-gminy-paprotnia-za-2023-rok.pdf,direct_without_tor,292a53970f9b8e91b2b78806be451166d71b723a8df9d7367f45ab4cb260e532,200,2026-09-04T21:53:30Z,,0.949,true
567,mazowieckie,siedlecki,Paprotnia,gmina wiejska,1426062,2024,ok_finalnie,pdf,tekst,https://web.archive.org/web/20250611220611id_/https://paprotnia.pl/wp-content/uploads/2025/06/raport-za-2024.pdf,direct_without_tor,6ef4ed6d2bf05c1565118d9ecc8ef3108c4f29d9664b46153f027c6f20c64488,200,2026-09-04T21:53:34Z,,0.98,true
568,mazowieckie,siedlecki,Paprotnia,gmina wiejska,1426062,2025,ok_finalnie,pdf,tekst,https://samorzad.gov.pl/attachment/a1bd92be-d0f9-4ce7-a4eb-94ec19f39353,direct_without_tor,1bca27f8cef353acab8e417262498e97c061b8b13f6f3e1fd3d122538de2da0a,200,2026-09-04T21:55:22Z,,1.147,true
569,mazowieckie,siedlecki,Przesmyki,gmina wiejska,1426072,2018,ok_finalnie,pdf,tekst,https://www.przesmyki.pl/_portals_/przesmyki/CKFiles/Dokumenty/2019/akt0225.raport.pdf,direct_without_tor_ssl_off,4084de1bac0085236cd39deedcbd63c41fa437ab0294fa73da23ee13781c1260,200,2026-09-04T23:28:42Z,,1.591,true
570,mazowieckie,siedlecki,Przesmyki,gmina wiejska,1426072,2019,ok_finalnie,pdf,tekst,https://www.przesmyki.pl/_portals_/przesmyki/CKFiles/Dokumenty/2020/akt0274.raport.pdf,direct_without_tor_ssl_off,ee178e7771e4c68c757f8b18021f2b647e0b078941edae1c50f55d038d2156f3,200,2026-09-04T23:28:45Z,,1.328,true
571,mazowieckie,siedlecki,Przesmyki,gmina wiejska,1426072,2020,ok_finalnie,pdf,tekst,https://www.przesmyki.pl/_portals_/przesmyki/CKFiles/Dokumenty/2021/akt0350.raport.pdf,direct_without_tor_ssl_off,2f5e55a4f61f278f1e05e149d3bdfc773d5ef2de22298a83bfa96e6934e30758,200,2026-09-04T23:28:48Z,,1.131,true
572,mazowieckie,siedlecki,Przesmyki,gmina wiejska,1426072,2021,ok_finalnie,pdf,tekst,https://www.przesmyki.pl/_portals_/przesmyki/CKFiles/Dokumenty/2022/akt417.Raport_o_stanie_gminy_Przesmyki_2021.pdf,direct_without_tor_ssl_off,c8e30ba0c7ecf16f3a5816500cdb9833ae55421335563b796f5afc6fcf1c5822,200,2026-09-04T23:28:50Z,,0.974,true
573,mazowieckie,siedlecki,Przesmyki,gmina wiejska,1426072,2022,ok_finalnie,pdf,tekst,https://www.przesmyki.pl/_portals_/przesmyki/CKFiles/Dokumenty/2023/ad31.V_2023Raport_o_stanie_gminy_Przesmyki_2022.pdf,direct_without_tor,8cfdfdc561e7de73075be1d8eefcc36e43fd3956e949aa5f7a9338355b716bfb,200,2026-09-04T22:40:57Z,,1.436,true
574,mazowieckie,siedlecki,Przesmyki,gmina wiejska,1426072,2023,ok_finalnie,pdf,tekst,https://www.przesmyki.pl/_portals_/przesmyki/CKFiles/Dokumenty/2024/Raport_o_stanie_gminy_Przesmyki_2023.pdf,direct_without_tor,3b3f60831edcef369cd0025342886e400c8b4077bab7c5307964c0ba6190ff50,200,2026-09-04T22:41:00Z,,1.07,true
575,mazowieckie,siedlecki,Przesmyki,gmina wiejska,1426072,2024,ok_finalnie,pdf,tekst,https://www.przesmyki.pl/_portals_/przesmyki/CKFiles/Raport_o_stanie_Gminy_Przesmyki_za_2024_rok.pdf,direct_without_tor_ssl_off,b3f2f86bd7217f88a7916f9e43815ae025f194ea12f562bc83179aaae5e64f84,200,2026-09-04T23:28:53Z,,1.174,true
576,mazowieckie,siedlecki,Przesmyki,gmina wiejska,1426072,2025,ok_finalnie,pdf,tekst,https://www.przesmyki.pl/_portals_/przesmyki/CKFiles/Raport_o_stanie_gminy_Przesmyki_za_2025_rok.pdf,direct_without_tor_ssl_off,d1336286217b96c5ccd40788b635d7efea2e9dc90b016ca236a396b772b2a19e,200,2026-09-04T23:28:56Z,,1.183,true
577,mazowieckie,siedlecki,Siedlce,gmina wiejska,1426082,2018,ok_finalnie,pdf,tekst,https://samorzad.gov.pl/attachment/e0da600e-3d24-4008-9f2a-4fbf8230463b,direct_without_tor,4321dcc5207d623b5a4861e4ab1459eee84e33948eb244a6f634e264e648a1ab,200,2026-09-04T21:55:27Z,,2.411,true
578,mazowieckie,siedlecki,Siedlce,gmina wiejska,1426082,2019,ok_finalnie,pdf,tekst,https://samorzad.gov.pl/attachment/fb098aed-9e64-4acb-9229-97ad740311d6,direct_without_tor,6c46b52b20bd8d46831a6e1c0b07f7f4629bee543dc9a767a2d08e31ca7bc2e3,200,2026-09-04T21:55:33Z,,2.822,true
579,mazowieckie,siedlecki,Siedlce,gmina wiejska,1426082,2020,ok_finalnie,pdf,tekst,https://samorzad.gov.pl/attachment/79bab912-896f-4a79-ac72-7a1a90ba8e9a,direct_without_tor,422f3ab45b3b44061a1aa3f6006f815d4e423b8cf5578b43282880da0ae737e8,200,2026-09-04T21:55:38Z,,2.329,true
580,mazowieckie,siedlecki,Siedlce,gmina wiejska,1426082,2021,ok_finalnie,pdf,tekst,https://samorzad.gov.pl/attachment/29f1aa5e-8ceb-4e0c-b213-d2a6f5c73c95,direct_without_tor,675be645c647a79a4c888b7c159e0d4b9bf9ec8139e87f46096f307fc2c17dd1,200,2026-09-04T21:55:44Z,,3.06,true
581,mazowieckie,siedlecki,Siedlce,gmina wiejska,1426082,2022,ok_finalnie,pdf,tekst,https://samorzad.gov.pl/attachment/8e49a59e-2ab8-4460-ad6b-8fe79945dc31,direct_without_tor,88e5940ada0968406d1ff70a873b5061f65f9dc43d63d16410f94c2945f64dc9,200,2026-09-04T21:56:02Z,,12.063,true
582,mazowieckie,siedlecki,Siedlce,gmina wiejska,1426082,2023,ok_finalnie,pdf,tekst,https://samorzad.gov.pl/attachment/7d42861a-59d2-4a59-b915-b7bee3571161,direct_without_tor,fed7b529c0998ca842b378d4feb79c308cc95fb867554da58f879a3455a1566b,200,2026-09-04T21:56:12Z,,6.667,true
583,mazowieckie,siedlecki,Siedlce,gmina wiejska,1426082,2024,ok_finalnie,pdf,tekst,https://samorzad.gov.pl/attachment/9a370696-93f8-45eb-92c6-ecc8f56df5d2,direct_without_tor,55a01df0983e956faf8ebec3ce7867f59777db2d6fc484ea06bb309d0c785ed0,200,2026-09-04T21:56:23Z,,6.252,true
584,mazowieckie,siedlecki,Siedlce,gmina wiejska,1426082,2025,ok_finalnie,pdf,tekst,https://samorzad.gov.pl/attachment/51f586bb-ca30-4507-a484-b9f30280f98f,direct_without_tor,4c8b8b788cf6772da3c23a5d7922a48881a669bf845c21511e39ee38c990a74d,200,2026-09-04T21:56:34Z,,7.324,true
585,mazowieckie,siedlecki,Skórzec,gmina wiejska,1426092,2018,brak_finalnie,,,https://fedrowanie.siecobywatelska.pl/sprawy/mieszkancy-i-radni-wobec-raportu-o-stanie-gmin-980,web search bez Tora + publiczne archiwum korespondencji Sieci Obywatelskiej Watchdog Polska + OCR oficjalnej odpowiedzi Urzędu Gminy Skórzec (załącznik RO.1431.2.2020.pdf),,sprawdzono pogłębnie 2026-09-05,2026-09-03T16:44:41Z,[KONT.] || [TURA 19 05.09.2026] Wayback CDX gminaskorzec.pl: jedyna strona raportowa to /2021/06/29/raport-o-stanie-gminy-skorzec-za-2020-rok/ (załącznik: Zgloszenie_do_udzialu_w_debacie.pdf); brak śladów raportu 2018. Status bez zmian.,,true
586,mazowieckie,siedlecki,Skórzec,gmina wiejska,1426092,2019,ok_finalnie,pdf,"raport o stanie gminy (skan bez warstwy tekstowej; 57 str.; OCR wstepu Wójta: ""roczny raport o stanie Gminy Skórzec za rok 2019... art. 28aa""; kontekst przedłużenia terminu Covid)",https://gminaskorzec.pl/wp-content/uploads/2020/06/Raport-o-stanie-Gminy-Sk%C3%B3rzec-za-2019-rok.pdf,"zycze; serwis WordPress gminaskorzec.pl (dziala od 2020; wczesniejszy BIP gminy = www.e-bip.pl/start/10 — platforma martwa, strony nieskanowane przez IA/CC); plik odkryty w CDX (zapis Wayback 2020-09-29); %%EOF ok; UWAGA kolizja: Skórcz (pomorskie) to INNA gmina — odfiltrowana",262e56db58f25da148e05df656e0f30509fb00be558c83fb32b848546df16d26,200,2026-09-05T01:44:27Z,,13.405,true
587,mazowieckie,siedlecki,Skórzec,gmina wiejska,1426092,2020,ok_finalnie,pdf,tekst,https://samorzad.gov.pl/attachment/4d9f4eb1-f72a-4b70-b2b8-481407fd0a30,direct_without_tor,311762021600cdc537d3657ad5ce7156c9d7b9aafe3e36c5284e3bd7a2305341,200,2026-09-04T21:57:04Z,,20.463,true
588,mazowieckie,siedlecki,Skórzec,gmina wiejska,1426092,2021,ok_finalnie,pdf,tekst,https://samorzad.gov.pl/attachment/e3af22cc-251c-415d-a554-baa02e6e3e9e,direct_without_tor,3a14d2118a51db6ff51759cf31a0cb4a3c8d957435e8b1c64885046c585996dc,200,2026-09-04T21:57:39Z,,24.135,true
589,mazowieckie,siedlecki,Skórzec,gmina wiejska,1426092,2022,ok_finalnie,pdf,skan,https://samorzad.gov.pl/attachment/fe7649ce-b3d2-407f-92c3-84cab34c64cf,direct_without_tor,2b3f43ab971754cbeab5df3f83e5f388fe0e15f3514438a7e5654f1f34553d32,200,2026-09-04T21:58:07Z,,8.325,true
590,mazowieckie,siedlecki,Skórzec,gmina wiejska,1426092,2023,ok_finalnie,pdf,tekst,https://samorzad.gov.pl/attachment/d99a9384-cb4b-48d3-bc58-0fa5ad8b4106,direct_without_tor,abd03ab6242f440ced3a459cd283b0cd810bd51fe78923b4bf3d0bf742876c1a,200,2026-09-04T21:58:16Z,,2.295,true
591,mazowieckie,siedlecki,Skórzec,gmina wiejska,1426092,2024,ok_finalnie,pdf,tekst,https://samorzad.gov.pl/attachment/aeb6670c-99a4-443e-afad-684704e6909f,direct_without_tor,bd7bd6739f60d27e31d9f44d3e50d786cb62e8826fbaf50b8e5fed2cb1b4b508,200,2026-09-04T21:58:24Z,,4.271,true
592,mazowieckie,siedlecki,Skórzec,gmina wiejska,1426092,2025,ok_finalnie,pdf,tekst,https://samorzad.gov.pl/attachment/7c7c976f-cb68-4d3b-983c-f1ebf5ec34f8,direct_without_tor,f34ec3c5e374340eebaf4e8329a72d3dfaf0908acd28a7c659f3befbf8c594a0,200,2026-09-04T21:58:29Z,,2.59,true
593,mazowieckie,siedlecki,Suchożebry,gmina wiejska,1426102,2018,ok_finalnie,pdf,tekst,https://bip-v1-files.idcom-jst.pl/sites/3122/wiadomosci/473616/files/raport_o_stanie_gminy_suchozebry_2018.pdf,direct_without_tor,9040c86fccf378932e17139856a8939e463d442bd2a2b88259101de7095715da,200,2026-09-04T21:59:59Z,,1.248,true
594,mazowieckie,siedlecki,Suchożebry,gmina wiejska,1426102,2019,ok_finalnie,docx,tekst,https://bip-v1-files.idcom-jst.pl/sites/3122/wiadomosci/530436/files/raport_o_stanie_gminy_suchozebry_20192062020.docx,"Wayback sidebar snapshotu XX sesji → wiadomość 530436 (tytuł mylący „za 2020 rok”) → plik bip-v1-files live; treść: „RAPORT … ZA ROK 2019”, 13.07.2020, „w 2019”×24, „za 2020”×0",496ff8c02e62a63a1bad08f97231ee9803157a735146d7914a4b60ef70272b30,200,2026-09-05T01:44:14Z,,3.762,true
595,mazowieckie,siedlecki,Suchożebry,gmina wiejska,1426102,2020,ok_finalnie,pdf,tekst,https://suchozebry.pl/wp-content/uploads/2021/06/RAPORT-O-STANIE-GMINY-SUCHOZEBRY.pdf,direct_without_tor,1d6893b5303b5a39e173463a2766d3c766e9f9dc7b7a4bfd6015916b444087ae,200,2026-09-04T22:42:26Z,,3.787,true
596,mazowieckie,siedlecki,Suchożebry,gmina wiejska,1426102,2021,ok_finalnie,pdf,tekst,https://bip-v1-files.idcom-jst.pl/sites/3122/wiadomosci/635590/files/raport_o_stanie_gminy_za_rok_2021.pdf,direct_without_tor,9bccef02f743c2eb89677157e8d1f9115d19d4676414f677ffd5b5e784e6bd85,200,2026-09-04T22:00:03Z,,3.374,true
597,mazowieckie,siedlecki,Suchożebry,gmina wiejska,1426102,2022,ok_finalnie,pdf,tekst,https://bip-v1-files.idcom-jst.pl/sites/3122/wiadomosci/692083/files/raport__o_stanie_gminy_za_2022_r.pdf,direct_without_tor,fca3b31e43c6f11eb0ea66ea59ab227baf5f446795f59dde65093ad3d37c4431,200,2026-09-04T22:00:06Z,,2.779,true
598,mazowieckie,siedlecki,Suchożebry,gmina wiejska,1426102,2023,ok_finalnie,pdf,tekst,https://bip-v1-files.idcom-jst.pl/sites/3122/wiadomosci/759067/files/raport_o_stanie_gminy_suchozebry_za_2023_rok.pdf,direct_without_tor,028f38db1f921b96de502cd9e35d5cba66f8e4506be7969e1926964f06a88885,200,2026-09-04T22:00:10Z,,3.162,true
599,mazowieckie,siedlecki,Suchożebry,gmina wiejska,1426102,2024,ok_finalnie,pdf,tekst,https://bip-v1-files.idcom-jst.pl/sites/3122/wiadomosci/824877/files/raport_o_stanie_gminy_za_2024_r._1.pdf,direct_without_tor,714b79aa36215f33311a785afafb210ef0955a14e8cb96556103c9b668a73d3f,200,2026-09-04T22:00:14Z,,8.497,true
600,mazowieckie,siedlecki,Suchożebry,gmina wiejska,1426102,2025,ok_finalnie,pdf,tekst,https://bip-v1-files.idcom-jst.pl/sites/3122/wiadomosci/889748/files/raport_o_stanie_gminy_za_2025r._-_1_-_19.05.2026r_poprawiony.pdf,nowy BIP bip.suchozebry.pl (idcom v2) → komunikat „Debata nad raportem za 2025” → bip-v1-files.idcom-jst.pl,51d4970f73e519f616796dd84d5f6f5bff506240334c5d35a660f70807277639,200,2026-09-05T01:47:46Z,,8.788,true
601,mazowieckie,siedlecki,Wiśniew,gmina wiejska,1426112,2018,brak_finalnie,,,https://fedrowanie.siecobywatelska.pl/sprawy/mieszkancy-i-radni-wobec-raportu-o-stanie-gmi-1036,web search bez Tora + publiczne archiwum korespondencji Sieci Obywatelskiej Watchdog Polska + OCR oficjalnej odpowiedzi Urzędu Gminy Wiśniew (załącznik A.1431.5.2020),,sprawdzono pogłębnie 2026-09-05,2026-09-03T16:44:41Z,[KONT.] || [TURA 19 05.09.2026] Wayback CDX (wiśniew - domeny z ok-wierszy samorzad.gov.pl): zero rekordów raportowych. Status bez zmian.,,true
602,mazowieckie,siedlecki,Wiśniew,gmina wiejska,1426112,2019,ok_finalnie,pdf,skan,https://samorzad.gov.pl/attachment/c2aab080-b95b-4d0a-be9b-3b42cb3b2f77,direct_without_tor + ocr,10bb7633770afe05ac60455cecbf62441e361e4d93318f27397762347a40e375,200,2026-09-05T00:06:06Z,,38.7,true
603,mazowieckie,siedlecki,Wiśniew,gmina wiejska,1426112,2020,ok_finalnie,pdf,tekst,https://samorzad.gov.pl/attachment/ed83c853-2d2c-4542-b442-3261611faa87,direct_without_tor,155b425781a0b5a1a07c627e97056d20ccf44a2c20e23fbe61c6a3f3956d067f,200,2026-09-04T21:58:55Z,,17.758,true
604,mazowieckie,siedlecki,Wiśniew,gmina wiejska,1426112,2021,ok_finalnie,pdf,tekst,https://samorzad.gov.pl/attachment/04952a7a-a2a1-415d-94c7-f85e6e82c9e9,direct_without_tor,3126f4aab54f248abbdb1e0d2793dccec58ebb957f221c222be4b24d3d91ca3f,200,2026-09-04T21:59:20Z,,16.684,true
605,mazowieckie,siedlecki,Wiśniew,gmina wiejska,1426112,2022,ok_finalnie,pdf,tekst,https://samorzad.gov.pl/attachment/4e6815b3-494e-45d7-9fc3-263728f3a3c9,direct_without_tor,dbcbf81ceb4ba1963544e3352d61c9c7fd79ffcbc3007122cba31db1b90deae4,200,2026-09-04T21:59:30Z,,4.344,true
606,mazowieckie,siedlecki,Wiśniew,gmina wiejska,1426112,2023,ok_finalnie,pdf,tekst,https://samorzad.gov.pl/attachment/5198af45-3c54-4d9c-bf9a-1ee8aa5bd58c,direct_without_tor,6c718d40c99af5b2b90c0b9d42a1bb1d1951d56bf41828dd28fbead2ce01dd20,200,2026-09-04T21:59:44Z,,9.369,true
607,mazowieckie,siedlecki,Wiśniew,gmina wiejska,1426112,2024,ok_finalnie,pdf,tekst,https://samorzad.gov.pl/attachment/4ae5fbfd-d66f-4415-b374-87bf26b66f2a,direct_without_tor,f77f80a3781528aef2ef4cb5a9f782d8798f5959becfa00f7f84d3fd8c9c2797,200,2026-09-04T21:59:57Z,,7.613,true
608,mazowieckie,siedlecki,Wiśniew,gmina wiejska,1426112,2025,ok_finalnie,pdf,tekst,https://samorzad.gov.pl/attachment/1e9bd5a9-b2b3-4395-bb07-5e7169729adb,direct_without_tor,c5ad88673b20f4b28635145bde61b030ec56aef536a7a16766079b2143254da8,200,2026-09-04T22:00:08Z,,7.206,true
609,mazowieckie,siedlecki,Zbuczyn,gmina wiejska,1426132,2018,ok_finalnie,pdf,tekst,https://bip.zbuczyn.pl/attachments/16557/download/RAPORT%2520O%2520STANIE%2520GMINA%2520ZA%25202018%2520ROK%2520-%252022%2520maja%25202019,direct_without_tor,2bd1937db63c4fdb5b0a9ba790285ca7c8af4ae6ac1402c6fa2c0f6267936472,200,2026-09-04T22:39:03Z,,2.388,true
610,mazowieckie,siedlecki,Zbuczyn,gmina wiejska,1426132,2019,ok_finalnie,pdf,tekst,https://bip.zbuczyn.pl/attachments/16563/download/RAPORT_O_STANIE_2019,tor_pl_ip,0b4766905b7d553bf3eeff8fbb345b57380f77a57c0611386433c96c57d0f662,200,2026-09-05T00:28:31Z,,0.795,true
611,mazowieckie,siedlecki,Zbuczyn,gmina wiejska,1426132,2020,ok_finalnie,pdf,tekst,https://bip.zbuczyn.pl/attachments/196/download/Raport%2520o%2520stanie%2520gminy%2520za%25202020%2520rok,direct_no_tor_SECLEVEL_0,31df8431a7ae025938ad7c154761b1af2f77e1d61ff0dd74af5dfcf6a940a82a,200,2026-09-05T00:12:25Z,,2.397,true
612,mazowieckie,siedlecki,Zbuczyn,gmina wiejska,1426132,2021,ok_finalnie,pdf,tekst,https://bip.zbuczyn.pl/attachments/195/download/Raport%20o%20stanie%20gminy%20za%202021%20rok,direct_without_tor_ssl_off,10e2f6a707329c0c8772c7e09706d61033cdb7a47b71f1dbe1c9b7746ef8b246,200,2026-09-04T23:38:52Z,,2.566,true
613,mazowieckie,siedlecki,Zbuczyn,gmina wiejska,1426132,2022,ok_finalnie,pdf,tekst,https://bip.zbuczyn.pl/attachments/124/download,direct_without_tor,d18865f744e7f5b5a340895ff52acbb562485201e2d3c33335b193aef34c2de2,200,2026-09-04T22:39:06Z,,2.664,true
614,mazowieckie,siedlecki,Zbuczyn,gmina wiejska,1426132,2023,ok_finalnie,pdf,tekst,https://bip.zbuczyn.pl/attachments/15686/download,tor_pl_ip,b64643ca448861db7b07e5efdb26f94be65e2b6f5c48b3649359986cc39af24c,200,2026-09-05T00:28:40Z,,2.129,true
615,mazowieckie,siedlecki,Zbuczyn,gmina wiejska,1426132,2024,ok_finalnie,pdf,tekst,https://bip.zbuczyn.pl/attachments/17574/download/Raport%2520o%2520stanie%2520Gminy%2520Zbuczyn%2520za%25202024%2520rok,tor_pl_ip,a166a557507d433e330139570a7f2cc3a461c9e4ee103174cb7e1ad6df343cc9,200,2026-09-05T00:28:48Z,,2.097,true
616,mazowieckie,siedlecki,Zbuczyn,gmina wiejska,1426132,2025,ok_finalnie,pdf,tekst,https://bip.zbuczyn.pl/attachments/19164/download/Raport%2520o%2520stanie%2520Gminy%2520Zbuczyn%2520za%25202025%2520rok,direct_without_tor,fefa01d4a2e76b58d43d74d407cdf34a2292270ca9dd221a563dfe4607666fea,200,2026-09-04T22:39:09Z,,2.733,true
617,mazowieckie,sokołowski,Bielany,gmina wiejska,1429022,2018,brak_finalnie,,,https://fedrowanie.siecobywatelska.pl/sprawy/mieszkancy-i-radni-wobec-raportu-o-stanie-gmin-752,web search bez Tora + publiczne archiwum korespondencji Sieci Obywatelskiej Watchdog Polska + OCR oficjalnej odpowiedzi Gminy Bielany (załącznik odpiwiedz_na_wniosek.docx),,sprawdzono pogłębnie 2026-09-05,2026-09-03T16:44:41Z,[KONT.] || [TURA 19 05.09.2026] Wayback: kategoria bielany.bip.gov.pl/raport-o-stanie-gminy/ (captures VI 2022) linkuje /prawo/raport-o-stanie-gminy/ - tę stronę IA nie zarchiwizowała (404 w web.archive.org). Plików raportu 2018 brak w żadnym capture. Status bez zmian.,,true
618,mazowieckie,sokołowski,Bielany,gmina wiejska,1429022,2019,ok_finalnie,pdf,tekst,https://bielany.bip.gov.pl/fobjects/download/808464/raport-o-stanie-gminy-za-2019-rok-pdf.html,tor_pl_ip,67a515a452567a94498c6e8b2cf22df8002976f12bbd5bfa423e8d782b567667,200,2026-09-05T00:23:48Z,,3.527,true
619,mazowieckie,sokołowski,Bielany,gmina wiejska,1429022,2020,ok_finalnie,pdf,tekst,https://bielany.bip.gov.pl/fobjects/download/1029866/raport-o-stanie-gminy-za-2020-rok-2-pdf.html,tor_pl_ip,05a388cdc6a40146fde431b64b8a81773a4ba70fd793e5d0336cef654de7bb25,200,2026-09-05T00:23:56Z,,4.221,true
620,mazowieckie,sokołowski,Bielany,gmina wiejska,1429022,2021,ok_finalnie,pdf,tekst,https://bielany.bip.gov.pl/fobjects/download/1256240/raport-o-stanie-gminy-za-2021-rok-pdf.html,tor_pl_ip,30a7200b3d02230e735ebe89d108a1a98058ad7ea1f60d7faeda81e8ed356a0f,200,2026-09-05T00:24:11Z,,10.184,true
621,mazowieckie,sokołowski,Bielany,gmina wiejska,1429022,2022,ok_finalnie,pdf,tekst,https://bielany.bip.gov.pl/fobjects/download/1742650/raport-o-stanie-gminy-za-2022-rok-pdf.html,tor_pl_ip,cc0d6fd0031eb8d00d4532fac8a826f769939e8cbc6a0b0d8cc29b136da28337,200,2026-09-05T00:24:45Z,,13.27,true
622,mazowieckie,sokołowski,Bielany,gmina wiejska,1429022,2023,ok_finalnie,pdf,tekst,https://bielany.bip.gov.pl/fobjects/download/1742654/raport-o-stanie-gminy-za-2023-rok-pdf.html,tor_pl_ip,6d6febf04fb80d4de4e5051a825b9de7e6f21902bc587b014524507d5e920b00,200,2026-09-05T00:25:26Z,,9.55,true
623,mazowieckie,sokołowski,Bielany,gmina wiejska,1429022,2024,ok_finalnie,pdf,tekst,https://bielany.bip.gov.pl/fobjects/download/2002024/raport-o-stanie-gminy-za-2024-rok-tworzenie-pdf.html,tor_pl_ip,8eba0ffdcb7e30007340fe86034583931294b68a66cac58d5c4fa8a6431980d0,200,2026-09-05T00:28:07Z,,13.759,true
624,mazowieckie,sokołowski,Bielany,gmina wiejska,1429022,2025,ok_finalnie,pdf,tekst,https://bielany.bip.gov.pl/fobjects/download/2273032/raport-o-stanie-gminy-za-2025-rok-pdf.html,tor_pl_ip,52cee70f2f985874574a26d1ec2d93ae067e47c507f9e1b315b9eccbe2862921,200,2026-09-05T00:28:35Z,,11.587,true
625,mazowieckie,sokołowski,Ceranów,gmina wiejska,1429032,2018,ok_finalnie,pdf,tekst,https://ceranow.archiwum.bip.net.pl/pliki/2935/Raport%20o%20stanie%20gminy%20Ceran%C3%B3w%20za%202018%20rok.pdf,direct_without_tor,052f5edddde720e1842cd10d542fcc7d5e347ac1edc39916ac7ed2853dcdaa8d,200,2026-09-04T22:39:12Z,,1.42,true
626,mazowieckie,sokołowski,Ceranów,gmina wiejska,1429032,2019,ok_finalnie,pdf,tekst,https://ceranow.archiwum.bip.net.pl/pliki/3094/Raport%20o%20stanie%20gminy%20Ceran%C3%B3w%20za%202019%20rok.pdf,direct_without_tor,b00ad0c655424997b21989262570320e0e0467bf018375f06a9e170a55fa2581,200,2026-09-04T22:39:16Z,,1.606,true
627,mazowieckie,sokołowski,Ceranów,gmina wiejska,1429032,2020,ok_finalnie,docx,tekst,https://ceranow.archiwum.bip.net.pl/pliki/3300/Raport%20o%20stanie%20gminy%20Ceran%C3%B3w%20za%202020.docx,direct_without_tor,be700d79a0921c3d9a9aad248761dcd1ddb23d676ebfbbbe4a146eb75d60892a,200,2026-09-04T22:39:18Z,,0.254,true
628,mazowieckie,sokołowski,Ceranów,gmina wiejska,1429032,2021,ok_finalnie,docx,tekst,https://ceranow-api.bip.net.pl/api/attachments/3,direct_without_tor,959d69bc28505ca3a0c440831e4bb71299a7af456c8cd59b83d9d39576a3fd30,200,2026-09-04T22:31:35Z,,0.264,true
629,mazowieckie,sokołowski,Ceranów,gmina wiejska,1429032,2022,ok_finalnie,docx,tekst,https://ceranow-api.bip.net.pl/api/attachments/615,direct_without_tor,47e5ba033ca50777aa467f762e6057f50a830b3754e80ba5774436c4df2ce70b,200,2026-09-04T22:31:38Z,,0.302,true
630,mazowieckie,sokołowski,Ceranów,gmina wiejska,1429032,2023,ok_finalnie,docx,tekst,https://ceranow-api.bip.net.pl/api/attachments/616,direct_without_tor,bf08bdb70015a8cdc60f3e6b19ccdc55ae5b1acbec26e4ea886433c113b420ee,200,2026-09-04T22:31:41Z,,0.301,true
631,mazowieckie,sokołowski,Ceranów,gmina wiejska,1429032,2024,ok_finalnie,docx,tekst,https://ceranow-api.bip.net.pl/api/attachments/617,direct_without_tor,c4f60319f47d3a839940ca9bc4952d4278d4f6a4571a57549292cfffdda36b80,200,2026-09-04T22:31:48Z,,0.307,true
632,mazowieckie,sokołowski,Ceranów,gmina wiejska,1429032,2025,ok_finalnie,docx,tekst,https://ceranow-api.bip.net.pl/api/attachments/618,direct_without_tor,96217c7713b8003c8f4fe8fd67031cab2af6148860cb39ad1c00d52fdcf2e8db,200,2026-09-04T22:31:51Z,,0.418,true
633,mazowieckie,sokołowski,Jabłonna Lacka,gmina wiejska,1429042,2018,ok_finalnie,pdf,tekst,https://jablonnalacka.archiwum.bip.net.pl/pliki/4907/RAPORT_O_STANIE_GMINY_2018_ROK.pdf,direct_without_tor,6f50dc6f895675b9319b3ef999bdcda0ef314e9a9bcd680889b0d532d638d0e0,200,2026-09-04T22:39:20Z,,5.429,true
634,mazowieckie,sokołowski,Jabłonna Lacka,gmina wiejska,1429042,2019,ok_finalnie,pdf,tekst,https://jablonnalacka.archiwum.bip.net.pl/pliki/5576/RAPORT_O_STANIE_GMINY_2019_ROK_-_gotowy.pdf,direct_without_tor,8478d43ccb9897341db8c7b6ae577aa95a972293f7575e12610e631a13860c1d,200,2026-09-04T22:39:27Z,,7.131,true
635,mazowieckie,sokołowski,Jabłonna Lacka,gmina wiejska,1429042,2020,ok_finalnie,pdf,tekst,https://jablonnalacka.archiwum.bip.net.pl/pliki/6073/Raport_o_stanie_gminy_Jab%C5%82onna_Lacka_za_rok_2020-2.pdf,direct_without_tor,ed89a10ddfc5627d2a1b8cbd771e2cea553acbeeed9024024c9268e98cc9e8f0,200,2026-09-04T22:39:38Z,,10.136,true
636,mazowieckie,sokołowski,Jabłonna Lacka,gmina wiejska,1429042,2021,ok_finalnie,pdf,tekst,https://jablonnalacka-api.bip.net.pl/api/attachments/11,direct_without_tor,989427be91ed32aee0b594d6c5346c0d860c72a23a4e28c5ea958beb42377da4,200,2026-09-04T22:31:41Z,,9.385,true
637,mazowieckie,sokołowski,Jabłonna Lacka,gmina wiejska,1429042,2022,ok_finalnie,pdf,tekst,https://jablonnalacka-api.bip.net.pl/api/attachments/732,direct_without_tor,a3d5eed429c2021cdf8e75c2299fdb8aaf453f42017c82a33cc6a7e4eed8e00b,200,2026-09-04T22:31:48Z,,10.752,true
638,mazowieckie,sokołowski,Jabłonna Lacka,gmina wiejska,1429042,2023,ok_finalnie,pdf,tekst,https://jablonnalacka-api.bip.net.pl/api/attachments/746,direct_without_tor,a11fafb1f153b281115a1363ec877fcb2154614e980ae0eab52dee220da2a126,200,2026-09-04T22:31:57Z,,15.163,true
639,mazowieckie,sokołowski,Jabłonna Lacka,gmina wiejska,1429042,2024,ok_finalnie,pdf,tekst,https://jablonnalacka-api.bip.net.pl/api/attachments/1353,direct_without_tor,37479c769e22a896d1d179ba632bbd004c0a806f8492e2186e5f3f6ef620d304,200,2026-09-04T22:32:09Z,,19.226,true
640,mazowieckie,sokołowski,Jabłonna Lacka,gmina wiejska,1429042,2025,ok_finalnie,pdf,tekst,https://jablonnalacka-api.bip.net.pl/api/attachments/1854,direct_without_tor,8ee2f8aa6f40d84debacaa21f73ed2cb5c219664030afe3277c7303822643916,200,2026-09-04T22:32:23Z,,18.664,true
641,mazowieckie,sokołowski,Kosów Lacki,gmina miejsko-wiejska,1429053,2018,brak_finalnie,,,brak,"dogłębne sprawdzenie (Wayback starego kosowlacki.pl + live BIP Drupal + web search) - dowód istnienia raportu, plik nieodzyskany",,sprawdzono pogłębnie 2026-09-05,2026-09-02T23:50:27Z,[KONT.] || [TURA 19 05.09.2026] Wayback CDX: artykuł Joomla kosowlacki.pl id=995 'DEBATA NAD RAPORTEM O STANIE MIASTA I GMINY KOSÓW LACKI' (captures 20190623/20190819/20190923) - dowód istnienia raportu za 2018 (treść artykułu w capture bez załączników). Obecny BIP (sites/default/files): pliki raportowe tylko 2022-2024. Status bez zmian.,,true
642,mazowieckie,sokołowski,Kosów Lacki,gmina miejsko-wiejska,1429053,2019,brak_finalnie,,,brak,"dogłębne sprawdzenie (relacja sesyjna + live BIP Drupal + web search + ślad starego kosowlacki.pl) - dowód istnienia raportu, plik nieodzyskany",,sprawdzono pogłębnie 2026-09-05,2026-09-02T23:50:27Z,[KONT.] || [TURA 19 05.09.2026] Wayback CDX kosowlacki.pl + bip.kosowlacki.pl: brak jakiegokolwiek śladu publikacji raportu za 2019 (artykuł id=1244 z VII 2021 dotyczy debaty za 2020). Status bez zmian.,,true
643,mazowieckie,sokołowski,Kosów Lacki,gmina miejsko-wiejska,1429053,2020,brak_finalnie,,,brak,"dogłębne sprawdzenie (oficjalny news kosowlacki.pl + live BIP Drupal + web search + archiwa) - dowód istnienia raportu, plik nieodzyskany",,sprawdzono pogłębnie 2026-09-05,2026-09-03T03:07:39Z,"[KONT.] || [TURA 19 05.09.2026] Wayback CDX: debata nad raportem za 2020 (artykuł id=1244, VII 2021) - dowód istnienia; pliku raportu 2020 nigdy nie opublikowano (BIP ma pliki od 2022). Status bez zmian.",,true
644,mazowieckie,sokołowski,Kosów Lacki,gmina miejsko-wiejska,1429053,2021,ok_finalnie,docx,tekst,https://bip.kosowlacki.pl/sites/default/files/2022-06/raport%202022%20ko%C5%84cowy%20prawid%C5%82owy.docx,direct_without_tor,bc11d38b7fc21f8e04e6e6d114c21db64855b85f216bbcd0a9ff73775ce60959,200,2026-09-04T22:38:05Z,,9.184,true
645,mazowieckie,sokołowski,Kosów Lacki,gmina miejsko-wiejska,1429053,2022,ok_finalnie,docx,tekst,https://bip.kosowlacki.pl/sites/default/files/2023-06/raport%20za%202022%20docx.docx,direct_without_tor,7d67c35cfe02e3fc3d5d0aedb2d4d88ca9c881a88d2e70169d61d84fe215b159,200,2026-09-04T22:38:10Z,,24.904,true
646,mazowieckie,sokołowski,Kosów Lacki,gmina miejsko-wiejska,1429053,2023,ok_finalnie,pdf,tekst,https://bip.kosowlacki.pl/sites/default/files/2024-06/raport%202023%20r.%20stan%20gminy%20ostateczny.pdf,direct_without_tor,7232e17c3ccdb145fc4cb6f3c4cf9d4ce212cd11baf415be8f84a6d4c5a89bdb,200,2026-09-04T22:38:13Z,,7.546,true
647,mazowieckie,sokołowski,Kosów Lacki,gmina miejsko-wiejska,1429053,2024,ok_finalnie,pdf,tekst,https://kosowlacki.pl/sites/default/files/pliki/Raport_o_stanie_Miasta_i_Gminy_Kosow_Lacki_za_rok_2024.pdf,direct_without_tor_ssl_off,b0f8ae2e184a4568018dfe54a3c509169c8b260ef67b746d1dca3e75f03c9308,200,2026-09-04T23:38:55Z,,9.794,true
648,mazowieckie,sokołowski,Kosów Lacki,gmina miejsko-wiejska,1429053,2025,ok_finalnie,pdf,tekst,https://bip.kosowlacki.pl/sites/default/files/2026-05/Raport%20o%20stanie%20Miasta%20i%20Gminy%20Kos%C3%B3w%20Lacki%20za%20%202025r..pdf,direct_without_tor,5e21ed623aeca90c9a6333c1401170f76560715f46defa0e94fbd1830f9e8015,200,2026-09-04T22:38:17Z,,7.053,true
649,mazowieckie,sokołowski,Repki,gmina wiejska,1429062,2018,ok_finalnie,pdf,skan,https://repki.archiwum.bip.net.pl/pliki/4070/cz%C4%99%C5%9B%C4%87_1.pdf,direct_without_tor,26b1c17f2965c9c150d00bdfd1338a60a4e858f88f04b7b58d342fa15aa154ac,200,2026-09-04T22:38:26Z,,2.154,true
650,mazowieckie,sokołowski,Repki,gmina wiejska,1429062,2019,ok_finalnie,pdf,tekst,https://repki.archiwum.bip.net.pl/pliki/5990/Raport%20o%20stanie%20gminy%202019.pdf,direct_without_tor,6a3a094ba6bdb8d7edca9c74506fc323a8f42613d7d7ddca0e2c9bd2d44dbd3e,200,2026-09-04T22:38:29Z,,1.055,true
651,mazowieckie,sokołowski,Repki,gmina wiejska,1429062,2020,ok_finalnie,pdf,tekst,https://repki.archiwum.bip.net.pl/pliki/6795/Raport%20o%20stanie%20Gminy%20Repki%20za%202020%20rok.pdf,direct_without_tor,7c44429d862378208ad9bfd09d5c1095b355ee0962b22e011932d344cd09f9b6,200,2026-09-04T22:38:33Z,,1.381,true
652,mazowieckie,sokołowski,Repki,gmina wiejska,1429062,2021,ok_finalnie,pdf,tekst,https://repki.archiwum.bip.net.pl/pliki/7278/Raport%20o%20stanie%20gminy%20za%202021.pdf,direct_without_tor,754061fc1b73966bf98a39b5990b1e1596071b59e19a30c18cf83284df963cbf,200,2026-09-04T22:38:37Z,,2.018,true
653,mazowieckie,sokołowski,Repki,gmina wiejska,1429062,2022,ok_finalnie,pdf,tekst,https://repki-docrepo-api.bip.net.pl/api/files/191,direct_without_tor,3a4e455404b238e9fe2ff4f5bda05c5119a7a7e24f0412673029ac5c6bf3ccc9,200,2026-09-04T22:42:43Z,,24.077,true
654,mazowieckie,sokołowski,Repki,gmina wiejska,1429062,2023,ok_finalnie,pdf,tekst,https://repki-api.bip.net.pl/api/attachments/730,direct_without_tor,70d7fbef6c5b0f7fb5eb9412dd2cd44cda48310267ddc3d3ea58a45b36735938,200,2026-09-04T22:41:10Z,,4.155,true
655,mazowieckie,sokołowski,Repki,gmina wiejska,1429062,2024,ok_finalnie,pdf,tekst,https://repki-api.bip.net.pl/api/attachments/1477,direct_without_tor,38c63ad8c7b290ef9eacf3f428da41556de8bbfbce7cec20473be5692c2bc6a3,200,2026-09-04T22:41:16Z,,5.034,true
656,mazowieckie,sokołowski,Repki,gmina wiejska,1429062,2025,ok_finalnie,pdf,tekst,https://repki-docrepo-api.bip.net.pl/api/files/1854,direct_without_tor_ssl_off,75144e6168fb5a5f45a91de41b1a412dbc0ac6a8e5524ec5c5201f79300fc57c,200,2026-09-04T23:38:58Z,,4.651,true
657,mazowieckie,sokołowski,Sabnie,gmina wiejska,1429072,2018,ok_finalnie,pdf,"raport o stanie gminy (warstwa tekstowa; 41 str., 612 kB; okladka ""RAPORT O STANIE GMINY SABNIE ZA 2018 ROK, SABNIE, MAJ 2019""; artykul a1727 mial tez zalacznik pliki/2501/Informacja_o_debacie...pdf)",https://sabnie.archiwum.bip.net.pl/pliki/2500/Raport_o_stanie_gminy_Sabnie_za_2018_rok.pdf,"Zywy mirror starego BIP sabnie.archiwum.bip.net.pl (odkryty systematyczna sonda *.archiwum.bip.net.pl po sukcesie Kotunia); kategoria c236 'URZEDOWA TABLICA OGLOSZEN' (607 artykulow) listuje raporty: a1727/2018, a2823/2021, a3156/2022, a3508/2023; pliki pobrane ZYWE z mirroru, %%EOF ok; tozsamosc: okladki z rocznikiem i data",1a7463e0ebe1443746d89cb4464384c0fa1212be84ed2fa5b1153deeeeaafdce,200,2026-09-05T01:47:34Z,,0.584,true
658,mazowieckie,sokołowski,Sabnie,gmina wiejska,1429072,2019,brak_finalnie,,,https://sabnie.archiwum.bip.net.pl/pliki/3031/XVIII.84.2020.pdf,web search bez Tora + oficjalne archiwum BIP + pobranie PDF + kontrola magic bytes/kompletności + OCR pełnej uchwały,,sprawdzono pogłębnie 2026-09-05,2026-09-03T16:44:41Z,[KONT.] || [TURA 19 05.09.2026] Wayback CDX sabnie.archiwum.bip.net.pl / sabnie.bip.net.pl: 0 rekordów. Status bez zmian.,,true
659,mazowieckie,sokołowski,Sabnie,gmina wiejska,1429072,2020,brak_finalnie,,,brak,"dogłębne sprawdzenie (mirror archiwalnego BIP + API załączników BIP + web search + Wayback) - dowód istnienia raportu, plik nieopublikowany",,sprawdzono pogłębnie 2026-09-05,2026-09-02T23:50:27Z,[KONT.] || [TURA 19 05.09.2026] Jw. (wiersz 658). Status bez zmian.,,true
660,mazowieckie,sokołowski,Sabnie,gmina wiejska,1429072,2021,ok_finalnie,pdf,"raport o stanie gminy (warstwa tekstowa; 55 str., 2,2 MB; okladka ""RAPORT O STANIE GMINY SABNIE ZA 2021 ROK, maj 2022""; artykul a2823 + informacja o debacie (pliki/4021))",https://sabnie.archiwum.bip.net.pl/pliki/4020/Raport_za_2021r.pdf,"Zywy mirror starego BIP sabnie.archiwum.bip.net.pl (odkryty systematyczna sonda *.archiwum.bip.net.pl po sukcesie Kotunia); kategoria c236 'URZEDOWA TABLICA OGLOSZEN' (607 artykulow) listuje raporty: a1727/2018, a2823/2021, a3156/2022, a3508/2023; pliki pobrane ZYWE z mirroru, %%EOF ok; tozsamosc: okladki z rocznikiem i data",f706ad258c34468e3b9731a0b7b223ba6dc264f2cde875a5c53fa0494c916492,200,2026-09-05T01:47:41Z,,2.106,true
661,mazowieckie,sokołowski,Sabnie,gmina wiejska,1429072,2022,ok_finalnie,pdf,"raport o stanie gminy (warstwa tekstowa; 55 str., 2,0 MB; okladka ""RAPORT O STANIE GMINY SABNIE ZA 2022 ROK, maj 2023"")",https://sabnie.archiwum.bip.net.pl/pliki/4450/Raport_o_stanie_gminy_Sabnie_za_2022r.pdf,"Zywy mirror starego BIP sabnie.archiwum.bip.net.pl (odkryty systematyczna sonda *.archiwum.bip.net.pl po sukcesie Kotunia); kategoria c236 'URZEDOWA TABLICA OGLOSZEN' (607 artykulow) listuje raporty: a1727/2018, a2823/2021, a3156/2022, a3508/2023; pliki pobrane ZYWE z mirroru, %%EOF ok; tozsamosc: okladki z rocznikiem i data",261f775fe5b4b9e4811b9eab0c9680008801b174abb597ced1e0c55702a69097,200,2026-09-05T01:47:50Z,,1.911,true
662,mazowieckie,sokołowski,Sabnie,gmina wiejska,1429072,2023,ok_finalnie,pdf,"raport o stanie gminy (warstwa tekstowa; 72 str., 4,5 MB; okladka ""RAPORT O STANIE GMINY SABNIE ZA 2023 ROK, maj 2024"")",https://sabnie.archiwum.bip.net.pl/pliki/4934/Raport_o_stanie_gminy_Sabnie_za_2023r.pdf,"Zywy mirror starego BIP sabnie.archiwum.bip.net.pl (odkryty systematyczna sonda *.archiwum.bip.net.pl po sukcesie Kotunia); kategoria c236 'URZEDOWA TABLICA OGLOSZEN' (607 artykulow) listuje raporty: a1727/2018, a2823/2021, a3156/2022, a3508/2023; pliki pobrane ZYWE z mirroru, %%EOF ok; tozsamosc: okladki z rocznikiem i data",baf63a6de77380e671cb2dca73c70a691b260a40654f1bd2f3c7ddb78abebe1f,200,2026-09-05T01:48:17Z,,4.247,true
663,mazowieckie,sokołowski,Sabnie,gmina wiejska,1429072,2024,ok_finalnie,pdf,tekst,https://sabnie-api.bip.net.pl/api/attachments/403,direct_without_tor,c5ed78becaa88b487f69bc144dda0842e488ad324e6beb5efcecb8244ce999be,200,2026-09-04T22:41:09Z,,8.083,true
664,mazowieckie,sokołowski,Sabnie,gmina wiejska,1429072,2025,ok_finalnie,pdf,tekst,https://sabnie-api.bip.net.pl/api/attachments/1126,direct_without_tor,8647c5dd8cb8ab454f55c25f92268e017a67c78a7abd6a6201b2af1c371e2968,200,2026-09-04T22:41:24Z,,9.381,true
665,mazowieckie,sokołowski,Sokołów Podlaski,gmina miejska,1429011,2018,ok_finalnie,pdf,tekst,"https://bip.sokolowpodl.pl/e,pobierz,get.html?id=25842",direct_without_tor_ssl_off,64eec4d81308e5d432dad49b005e749ca7fc0eec51fde528387c2f32c627a531,200,2026-09-04T23:22:02Z,,1.602,true
666,mazowieckie,sokołowski,Sokołów Podlaski,gmina miejska,1429011,2019,ok_finalnie,pdf,tekst,https://www.bip.sokolowpodl.pl/api/files/24843,direct_without_tor_ssl_off,8e01480ebf8d5884d25c757a9af412145583d055e379bde7bea1ba14ef5d375c,200,2026-09-04T23:38:58Z,,0.812,true
667,mazowieckie,sokołowski,Sokołów Podlaski,gmina miejska,1429011,2020,ok_finalnie,pdf,tekst,"https://bip.sokolowpodl.pl/e,pobierz,get.html?id=25843",direct_without_tor_ssl_off,dbe0d08f255a9023fd944359fb7221ce320618beb681980cde1378f4575f388d,200,2026-09-04T23:22:05Z,,0.764,true
668,mazowieckie,sokołowski,Sokołów Podlaski,gmina miejska,1429011,2021,ok_finalnie,pdf,tekst,"https://bip.sokolowpodl.pl/e,pobierz,get.html?id=26197",direct_without_tor_ssl_off,7cd0974250f766bd0c13f973eb9cc51f2f3e18211700529aef289a693666971e,200,2026-09-04T23:22:08Z,,3.19,true
669,mazowieckie,sokołowski,Sokołów Podlaski,gmina miejska,1429011,2022,ok_finalnie,pdf,tekst,"https://bip.sokolowpodl.pl/e,pobierz,get.html?id=26493",direct_without_tor_ssl_off,5f8b0d353440d806dedfbf46426b0ff28e3e7954cf3190bc49cedcca7ef37968,200,2026-09-04T23:22:12Z,,6.85,true
670,mazowieckie,sokołowski,Sokołów Podlaski,gmina miejska,1429011,2023,ok_finalnie,pdf,tekst,"https://bip.sokolowpodl.pl/e,pobierz,get.html?id=27278",direct_without_tor_ssl_off,6852d92bfcb97179e997d2a476ca68ed245ec8ea25bb64ee0a2680d22b51f207,200,2026-09-04T23:22:16Z,,4.928,true
671,mazowieckie,sokołowski,Sokołów Podlaski,gmina miejska,1429011,2024,ok_finalnie,pdf,tekst,"https://bip.sokolowpodl.pl/e,pobierz,get.html?id=28285",direct_without_tor_ssl_off,eee46a46b751ef9542b7c7a8b58a64cbccc8875c322695629751a0c86cf47ea7,200,2026-09-04T23:22:21Z,,13.365,true
672,mazowieckie,sokołowski,Sokołów Podlaski,gmina miejska,1429011,2025,ok_finalnie,pdf,tekst,"https://bip.sokolowpodl.pl/e,pobierz,get.html?id=29250",direct_without_tor_ssl_off,9154e171de8ad93055b23a6be554187b1d4e117aec8ad52ceb102b45a357dee3,200,2026-09-04T23:22:26Z,,15.187,true
673,mazowieckie,sokołowski,Sokołów Podlaski,gmina wiejska,1429082,2018,ok_finalnie,pdf,tekst,https://sokolowpodlaski.biuletyn.net/fls/bip_pliki/2019_05/BIPF58A2EB7504465Z/RAPORT_O_STANIE_GMINY_2018.pdf,direct_without_tor,b59ba98bbfcf198543f88659d0841140ddf663817d1f46dd541142ee3d7e84b6,200,2026-09-04T21:55:25Z,,2.717,true
674,mazowieckie,sokołowski,Sokołów Podlaski,gmina wiejska,1429082,2019,ok_finalnie,pdf,tekst,https://sokolowpodlaski.biuletyn.net/fls/bip_pliki/2020_06/BIPF5A86EA7999012Z/Raport_o_stanie_gminy_2019_r.wer2.pdf,direct_without_tor,81635914941dc0577e15ece1e0182d7cd9c48820a5a2670572e81326a553cf72,200,2026-09-04T21:55:28Z,,2.282,true
675,mazowieckie,sokołowski,Sokołów Podlaski,gmina wiejska,1429082,2020,ok_finalnie,pdf,tekst,https://sokolowpodlaski.biuletyn.net/fls/bip_pliki/2021_06/BIPF5C3B0733D18C3Z/R_A_P_O_R_T_2020.pdf,direct_without_tor,249bbfd39966e653790b9600e6d714daf825e96a55e26a3cd817d0406d91d8ae,200,2026-09-04T21:55:32Z,,8.363,true
676,mazowieckie,sokołowski,Sokołów Podlaski,gmina wiejska,1429082,2021,ok_finalnie,pdf,tekst,https://sokolowpodlaski.biuletyn.net/fls/bip_pliki/2022_06/BIPF5E0E1538B7088Z/Raport_o_stanie_Gminy_Sokolow_Podlaski_za_2021_rok.pdf,direct_without_tor,114316b0baed7a5ec3544d695c191349309b3301a7fb5d67da7af504a83c01f7,200,2026-09-04T21:55:37Z,,25.348,true
677,mazowieckie,sokołowski,Sokołów Podlaski,gmina wiejska,1429082,2022,ok_finalnie,pdf,tekst,https://sokolowpodlaski.biuletyn.net/fls/bip_pliki/2023_05/BIPF5FCF9036D4B29Z/Raport_o_stanie_Gminy_Sokolow_Podlaski_za_2022_rok.pdf,direct_without_tor,a6970266f44654f70544b3b234c3b35cb6c2222e01338006e04c5141524ce5a8,200,2026-09-04T21:55:44Z,,44.758,true
678,mazowieckie,sokołowski,Sokołów Podlaski,gmina wiejska,1429082,2023,ok_finalnie,pdf,tekst,https://sokolowpodlaski.biuletyn.net/fls/bip_pliki/2024_05/BIPF619AFD67AC350Z/Raport_o_stanie_Gminy_Sokolow_Podlaski_za_2023_rok_smaller.pdf,direct_without_tor,3fc74c41997c824c45880e619cb78ca679649202e3edfd971a62869e7d394d15,200,2026-09-04T21:55:48Z,,16.532,true
679,mazowieckie,sokołowski,Sokołów Podlaski,gmina wiejska,1429082,2024,ok_finalnie,pdf,tekst,https://sokolowpodlaski.biuletyn.net/fls/bip_pliki/2025_06/BIPF63721E1556FCZ/Raport_o_stanie_Gminy_Sokolow_Podlaski_za_2024.pdf,direct_without_tor,f875680ae1eabb8ea8643a74bfaaf2ba4c22827c50281b4d353e60ce7c2b0d6a,200,2026-09-04T21:55:54Z,,31.594,true
680,mazowieckie,sokołowski,Sokołów Podlaski,gmina wiejska,1429082,2025,ok_finalnie,pdf,tekst,https://sokolowpodlaski.biuletyn.net/fls/bip_pliki/2026_06/BIPF65330B4A61499Z/Raport_o_stanie_Gminy_Sokolow_Podlaski_2025_FINAL_BIP.pdf,direct_without_tor,60f6a23d4336020844c2cfb03f2ba2c2051761694ce5856ecd01dcf5b976d3e3,200,2026-09-04T21:55:58Z,,16.74,true
681,mazowieckie,sokołowski,Sterdyń,gmina wiejska,1429092,2018,ok_finalnie,pdf,tekst,https://sterdyn.bip.net.pl/?p=document&action=show&id=2357&bar_id=1718,direct_without_tor,1de405877d0aec62c773ce3c5db4e85d9787f65d548186bdc4613bd8a531a7df,200,2026-09-04T21:55:32Z,,0.821,true
682,mazowieckie,sokołowski,Sterdyń,gmina wiejska,1429092,2019,ok_finalnie,pdf,tekst,https://sterdyn.bip.net.pl/?p=document&action=show&id=2911&bar_id=1998,direct_without_tor,1e55d41dc52307655ce051e817a1b39a13766c80280907315a2d9b8121cdbddc,200,2026-09-04T21:55:38Z,,3.005,true
683,mazowieckie,sokołowski,Sterdyń,gmina wiejska,1429092,2020,ok_finalnie,pdf,tekst,https://sterdyn.bip.net.pl/?p=document&action=show&id=3375&bar_id=2281,direct_without_tor,9152e3e3487cc10201a8308d50197a2903981162e4d55fce37d568cfc3877598,200,2026-09-04T21:55:44Z,,3.129,true
684,mazowieckie,sokołowski,Sterdyń,gmina wiejska,1429092,2021,ok_finalnie,pdf,tekst,https://sterdyn.bip.net.pl/?p=document&action=show&id=3652&bar_id=2465,direct_without_tor,63d8f63e7922f542a46f50ebbcbcfd59e5676abcd494e9cc085da0ff81d80eaa,200,2026-09-04T21:55:51Z,,3.76,true
685,mazowieckie,sokołowski,Sterdyń,gmina wiejska,1429092,2022,ok_finalnie,pdf,tekst,https://sterdyn.bip.net.pl/?p=document&action=show&id=4119&bar_id=2654,direct_without_tor,b4e216b56812548eaa289838244a4ceb5328a2ce0e25823574d455efd01b3ada,200,2026-09-04T21:55:55Z,,3.445,true
686,mazowieckie,sokołowski,Sterdyń,gmina wiejska,1429092,2023,ok_finalnie,docx,tekst,https://sterdyn.bip.net.pl/?p=document&action=show&id=4438&bar_id=2885,direct_without_tor,1faeab3b43cd6aa6ab5a28f820318616194f2e6d7070fab433ab0172ec951c01,200,2026-09-04T21:56:10Z,,6.563,true
687,mazowieckie,sokołowski,Sterdyń,gmina wiejska,1429092,2024,ok_finalnie,docx,tekst,https://sterdyn.bip.net.pl/?p=document&action=show&id=4841&bar_id=3157,direct_without_tor,b7338d51bf2675fd49b4f6f02460f5a39c7869ad4f77a372c0522efad05e13ee,200,2026-09-04T21:56:15Z,,4.374,true
688,mazowieckie,sokołowski,Sterdyń,gmina wiejska,1429092,2025,ok_finalnie,pdf,tekst,https://sterdyn.bip.net.pl/?p=document&action=show&id=5163&bar_id=3342,direct_without_tor,3fe2a95d683558ee087d286fe0e9e30299acd266286b0346b1d4adbf34abe4cf,200,2026-09-04T21:56:19Z,,1.405,true
689,mazowieckie,wyszkowski,Brańszczyk,gmina wiejska,1435012,2018,ok_finalnie,pdf,tekst,http://www.bip.branszczyk.pl/pliki/referendum/raport/raport_za_2018.pdf,direct_without_tor_ssl_off,9d93700fcc142720f7adaad10e38b11c69d95a38d2e2ff0d5c5dc6f4d38df866,200,2026-09-04T23:36:24Z,,1.573,true
690,mazowieckie,wyszkowski,Brańszczyk,gmina wiejska,1435012,2019,ok_finalnie,pdf,tekst,http://www.bip.branszczyk.pl/pliki/referendum/raport/raport_za_2019/Raport_o_stanie_Gminy_za_rok_2019.pdf,direct_without_tor_ssl_off,7a89967289ddf132dde4c6977bd76f16a9e69968eb53582e77e5b0c1703eda43,200,2026-09-04T23:36:26Z,,1.438,true
691,mazowieckie,wyszkowski,Brańszczyk,gmina wiejska,1435012,2020,ok_finalnie,pdf,tekst,https://bip.branszczyk.pl/pliki/referendum/raport/2020/Raport_o_stanie_gminy_2020r.pdf,direct_without_tor_ssl_off,bb1d01adf7b626ca23ddc196665e6a1a802cc88892b57afd266fd8f68e0dea5a,200,2026-09-04T23:39:00Z,,6.476,true
692,mazowieckie,wyszkowski,Brańszczyk,gmina wiejska,1435012,2021,ok_finalnie,pdf,tekst,https://samorzad.gov.pl/attachment/fd83d462-0aa9-4960-9602-56cea107b467,direct_without_tor,add8707be1321fcd71258a8b113b59195ee757a27ba42081c1e3f5b39ae62faa,200,2026-09-04T22:00:26Z,,11.491,true
693,mazowieckie,wyszkowski,Brańszczyk,gmina wiejska,1435012,2022,ok_finalnie,pdf,tekst,https://samorzad.gov.pl/attachment/b0af2d7c-f34e-4201-a5a4-63f601b3907c,direct_without_tor,4be3afcc9541dd4d3c1b51d566d636d3222cbab42c1cbf8f7e397ab1bb9ebf6a,200,2026-09-04T22:01:22Z,,39.409,true
694,mazowieckie,wyszkowski,Brańszczyk,gmina wiejska,1435012,2023,ok_finalnie,pdf,tekst,https://samorzad.gov.pl/attachment/95b13da5-e204-4a90-9375-6722cbed6b22,direct_without_tor,3782ec4f1473f0bd8bd3f6ab393b17ca78bc59101884885094a456e2dfe220ef,200,2026-09-04T22:02:08Z,,32.495,true
695,mazowieckie,wyszkowski,Brańszczyk,gmina wiejska,1435012,2024,ok_finalnie,pdf,tekst,https://samorzad.gov.pl/attachment/5788cdba-bea2-4e9f-8bea-32c1d58fd483,direct_without_tor,cd461dc82c9efabf51c1d5be7f0a9fb2c124dcebc4e05dbd8bb35925b4b7bcaa,200,2026-09-04T22:02:57Z,,34.781,true
696,mazowieckie,wyszkowski,Brańszczyk,gmina wiejska,1435012,2025,ok_finalnie,pdf,tekst,https://samorzad.gov.pl/attachment/e4f173b8-e1d8-4c66-8776-aefb8c9204cd,direct_without_tor,fb0cd96b420e165778adc56beb0447d2de83d92f193c8ca87797e189d8f14a73,200,2026-09-04T22:03:57Z,,42.444,true
697,mazowieckie,wyszkowski,Długosiodło,gmina wiejska,1435022,2018,ok_finalnie,pdf,tekst,https://bip.dlugosiodlo.pl/upload.php?id1=4429&id2=7727faa771af5338002e80affd9495b2,direct_without_tor,567baba97e921223ce91293265fc904a5cee0b2a6b76cc4304a5db3cc438fd46,200,2026-09-04T22:26:37Z,,1.31,true
698,mazowieckie,wyszkowski,Długosiodło,gmina wiejska,1435022,2019,ok_finalnie,pdf,skan,https://bip.dlugosiodlo.pl/upload.php?id1=5084&id2=d69a5668a43c3d696cdbe8080a8a870b,direct_without_tor,4874a16cd45fbf61cd4ad5e4d010a5630be6f45914189820c3157459706f05f6,200,2026-09-04T22:26:52Z,,27.101,true
699,mazowieckie,wyszkowski,Długosiodło,gmina wiejska,1435022,2020,ok_finalnie,pdf,tekst,https://www.bip.dlugosiodlo.pl/upload.php?id1=5825&id2=73e61fdc71f497174a606fccb79f2ce5,direct_without_tor_ssl_off,c20912d0b78cf3279bbbe0b752e559b97db030c89e7ac50bb95f42a3a04a5582,200,2026-09-04T23:36:25Z,,2.08,true
700,mazowieckie,wyszkowski,Długosiodło,gmina wiejska,1435022,2021,ok_finalnie,pdf,tekst,https://bip.dlugosiodlo.pl/upload.php?id1=6458&id2=387d94357ea34ba55864eb9e41170245,direct_without_tor,f563c5608e905892d42bb3068fe20072cd8b141c973d900f13c42a347701df8a,200,2026-09-04T22:26:56Z,,6.556,true
701,mazowieckie,wyszkowski,Długosiodło,gmina wiejska,1435022,2022,ok_finalnie,pdf,tekst,https://www.bip.dlugosiodlo.pl/upload.php?id1=7008&id2=c7d5d1ee8fb0c139ad736d68ec1a7028,direct_without_tor_ssl_off,3f9b6a79dd53847989f03bdbefd4c9cd4ff1aff2b5dbd4e1a4b8b17e52db412b,200,2026-09-04T23:36:29Z,,4.131,true
702,mazowieckie,wyszkowski,Długosiodło,gmina wiejska,1435022,2023,ok_finalnie,pdf,tekst,https://bip.dlugosiodlo.pl/upload.php?id1=8084&id2=a6a4e85086352f1449bb763c11e6da34,direct_without_tor,64b1fc54d976c230a66bfc0466e4b388b3c50ec8127b983fc0f7273b1224ceea,200,2026-09-04T22:27:00Z,,6.494,true
703,mazowieckie,wyszkowski,Długosiodło,gmina wiejska,1435022,2024,ok_finalnie,pdf,tekst,https://bip.dlugosiodlo.pl/upload.php?id1=8961&id2=86ec6b72517181b54f78f9167dfd24f6,direct_without_tor,17e05d5940e0621b91595626b66410c3beefdd2c752754d0a7559da4fa63aa81,200,2026-09-04T22:27:04Z,,7.244,true
704,mazowieckie,wyszkowski,Długosiodło,gmina wiejska,1435022,2025,ok_finalnie,pdf,tekst,https://bip.dlugosiodlo.pl/upload.php?id1=9693&id2=961116140db6dffb673d011f2058d02d,direct_without_tor,1e5e7f6bfaf7b5f7ca59baf56048d3d163fafc3168b93490d7bb2b23df7027d4,200,2026-09-04T22:27:07Z,,6.428,true
705,mazowieckie,wyszkowski,Rząśnik,gmina wiejska,1435032,2018,ok_finalnie,docx,tekst,https://bip-v1-files.idcom-jst.pl/sites/3116/cms/szablony/13761/pliki/raport_o_stanie_gminy_rzasnik.docx,direct_without_tor,b959f9b54dea1f40f9db5e9e453214da5d4d3639fbfa220a0496def59d9deb4d,200,2026-09-04T22:00:18Z,,1.365,true
706,mazowieckie,wyszkowski,Rząśnik,gmina wiejska,1435032,2019,ok_finalnie,pdf,skan+OCR,https://bip-v1-files.idcom-jst.pl/sites/3116/cms/szablony/13761/pliki/raport.pdf,direct_without_tor + ocr,904409edcc7be65144951524050bca4d4613f7bd770860f150a2f6c4bde30fab,200,2026-09-05T00:05:54Z,,9.59,true
707,mazowieckie,wyszkowski,Rząśnik,gmina wiejska,1435032,2020,ok_finalnie,pdf,skan+OCR,https://bip-v1-files.idcom-jst.pl/sites/3116/cms/szablony/13761/pliki/raport2020.pdf,direct_without_tor + ocr,d0cf934148d76dc69627298e6f559117ba7e3acc684ee965e1ede7efdbd168ee,200,2026-09-05T00:06:14Z,,4.276,true
708,mazowieckie,wyszkowski,Rząśnik,gmina wiejska,1435032,2021,ok_finalnie,docx,tekst,https://bip-v1-files.idcom-jst.pl/sites/3116/cms/szablony/13761/pliki/raport_202113062022.docx,direct_without_tor,f2b66571c0df69e3dbb26ab12fa7c6f888a385fd79dc31e60d5b2d2472248c69,200,2026-09-04T22:00:22Z,,1.402,true
709,mazowieckie,wyszkowski,Rząśnik,gmina wiejska,1435032,2022,ok_finalnie,docx,tekst,https://bip-v1-files.idcom-jst.pl/sites/3116/cms/szablony/13761/pliki/raport_2022.docx,direct_without_tor,adf1c3ae9283902a2867345db7e49384184af21cfc063060a615f26d72ffcb47,200,2026-09-04T22:00:26Z,,1.262,true
710,mazowieckie,wyszkowski,Rząśnik,gmina wiejska,1435032,2023,ok_finalnie,docx,tekst,https://bip-v1-files.idcom-jst.pl/sites/3116/cms/szablony/13761/pliki/raport_o_stanie_gminy_2023_poprawny_poprawny_12062024.docx,direct_without_tor,e1b365e1229ae7b0a59b5f2a1bbe8431755f3f1e19446f638e9490e85d7e4a1a,200,2026-09-04T22:00:30Z,,1.286,true
711,mazowieckie,wyszkowski,Rząśnik,gmina wiejska,1435032,2024,ok_finalnie,pdf,tekst,https://bip-v1-files.idcom-jst.pl/sites/3116/cms/szablony/13761/pliki/raport_2024.pdf,direct_without_tor,e888fe68cf68c735e91017699bc2df41e461a8e12b41e4ed17ddfd25e65ef3d0,200,2026-09-04T22:00:34Z,,6.121,true
712,mazowieckie,wyszkowski,Rząśnik,gmina wiejska,1435032,2025,ok_finalnie,pdf,tekst,https://bip-v1-files.idcom-jst.pl/sites/3116/cms/szablony/13761/pliki/raport_2025.pdf,direct_without_tor,0ea5c28beacbe2b2cc89a5ce4eae0902e8ce949dbd12aff2ddf6919bcb376511,200,2026-09-04T22:00:38Z,,3.393,true
713,mazowieckie,wyszkowski,Somianka,gmina wiejska,1435042,2018,ok_finalnie,pdf,tekst,https://ugsomianka.bip.org.pl/pliki/ugsomianka/raport_o_stanie_gminy_za_2018.pdf,direct_without_tor,d78527d345fd22126a8310d6c2477acb72f06331c1648d1263b5a862791e7fb8,200,2026-09-04T21:55:38Z,,1.276,true
714,mazowieckie,wyszkowski,Somianka,gmina wiejska,1435042,2019,ok_finalnie,docx,tekst,https://ugsomianka.bip.org.pl/pliki/ugsomianka/raport_o_stanie_gminy_za_2019.docx,direct_without_tor,b41ea1bd7f3c3780a7bdabcfa7f202acb9042ab182f5da1cf5b533c13dd62143,200,2026-09-04T21:55:42Z,,12.792,true
715,mazowieckie,wyszkowski,Somianka,gmina wiejska,1435042,2020,ok_finalnie,docx,tekst,http://ugsomianka.bip.org.pl/pliki/ugsomianka/raport_o_stanie_gminy_za_2020_r..docx,direct_without_tor,e739f1ecac383a037ce6f4adde06ef138943fd525a50f3e31a290c4f0b67783c,200,2026-09-04T21:55:47Z,,10.584,true
716,mazowieckie,wyszkowski,Somianka,gmina wiejska,1435042,2021,ok_finalnie,docx,tekst,http://ugsomianka.bip.org.pl/pliki/ugsomianka/raport_o_stanie_gmina_za_2021.docx,direct_without_tor,e3a8fba08e6b296424850a50f77de8045f2dfc5ec66e9e36d2733efe36e33025,200,2026-09-04T21:55:51Z,,14.258,true
717,mazowieckie,wyszkowski,Somianka,gmina wiejska,1435042,2022,ok_finalnie,pdf,tekst,http://ugsomianka.bip.org.pl/pliki/ugsomianka/raport_o_stanie_gminy_za_2022.pdf,direct_without_tor,fc3fc63d970a5ba236fa638535d0cf89d605c81401c1c30f22c7f6486cf415bd,200,2026-09-04T21:55:55Z,,4.235,true
718,mazowieckie,wyszkowski,Somianka,gmina wiejska,1435042,2023,ok_finalnie,pdf,tekst,http://ugsomianka.bip.org.pl/pliki/ugsomianka/raport_o_stanie_gminy_za_2023r__.pdf,direct_without_tor,3861e36088790e8c94350cd2ab4dad372f26fe559b1dceaa6dfb3dc9bddc0216,200,2026-09-04T21:55:58Z,,3.531,true
719,mazowieckie,wyszkowski,Somianka,gmina wiejska,1435042,2024,ok_finalnie,pdf,tekst,https://ugsomianka.bip.org.pl/pliki/ugsomianka/raport_o_stanie_gminy_somianka_za_2024.pdf,direct_without_tor,0efdfb30225732b82a95c0ce664b6a506fc37ef0ee637cd975d18d0fe913a9fe,200,2026-09-04T21:56:01Z,,5.426,true
720,mazowieckie,wyszkowski,Somianka,gmina wiejska,1435042,2025,ok_finalnie,pdf,tekst,https://ugsomianka.bip.org.pl/pliki/ugsomianka/raport_o_stanie_gminy_za_2025r.pdf,direct_without_tor,77785851aabb29a9025d5ca8e764b9d5b6a9706501ff5c9ec3391d490a061a00,200,2026-09-04T21:56:05Z,,12.56,true
721,mazowieckie,wyszkowski,Wyszków,gmina miejsko-wiejska,1435053,2018,ok_finalnie,pdf,skan,https://bip.wyszkow.pl/pliki/urzad_miejski_wyszkow/2019/stan_gminy_wyszkow_2018.pdf,direct_without_tor,23df6923d6339be6b1a58f68abb7389cd422b05060c772bd7ced56539802df62,200,2026-09-04T21:56:04Z,,4.695,true
722,mazowieckie,wyszkowski,Wyszków,gmina miejsko-wiejska,1435053,2019,ok_finalnie,pdf,tekst,https://bip.wyszkow.pl/pliki/inne_dokumenty/kierunki_polityki/2020/raport_stan_gminy_2019.pdf,direct_without_tor,b82e4858b01ee9d8a41fdc73f7954e40364fb05512d3ccf9205e748a144f3ca3,200,2026-09-04T21:56:08Z,,10.465,true
723,mazowieckie,wyszkowski,Wyszków,gmina miejsko-wiejska,1435053,2020,ok_finalnie,pdf,tekst,https://bip.wyszkow.pl/pliki/burmistrz_wyszkowa/raport/2020/23337_raport_gotowy.pdf,direct_without_tor,5b389a0741ee6b865b95441eeb53936ad38ee3e334f9e8b21fbf6e6d8109b23e,200,2026-09-04T21:56:12Z,,9.715,true
724,mazowieckie,wyszkowski,Wyszków,gmina miejsko-wiejska,1435053,2021,ok_finalnie,pdf,tekst,https://bip.wyszkow.pl/pliki/burmistrz_wyszkowa/raport/2021/25944_Raport_o_stanie_Gminy_Wyszkow_za_2021.pdf,direct_without_tor,3d27b62b0c7228491f73176e22d518df5775853b7c40cd8561478563eece6842,200,2026-09-04T21:56:15Z,,5.835,true
725,mazowieckie,wyszkowski,Wyszków,gmina miejsko-wiejska,1435053,2022,ok_finalnie,pdf,tekst,https://bip.wyszkow.pl/pliki/burmistrz_wyszkowa/raport/2022/RAPORT_O_STANIE_GMINY_WYSZKOW_ZA_2022_ROK.pdf,direct_without_tor,df98771359abab74a6dcb036c09a851c94e22a2e71e9afad972dead397598dc5,200,2026-09-04T21:56:19Z,,15.074,true
726,mazowieckie,wyszkowski,Wyszków,gmina miejsko-wiejska,1435053,2023,ok_finalnie,pdf,tekst,https://bip.wyszkow.pl/pliki/burmistrz_wyszkowa/raport/2023/30110_RAPORT_2023.pdf,direct_without_tor,c3583d7d12b46281221e7bf7667a05ff1541cc56a19ade742ed96f4c9ec061cd,200,2026-09-04T21:56:23Z,,12.797,true
727,mazowieckie,wyszkowski,Wyszków,gmina miejsko-wiejska,1435053,2024,ok_finalnie,pdf,tekst,https://bip.wyszkow.pl/pliki/burmistrz_wyszkowa/raport/2024/Raport_o_stanie_Gminy_Wyszkow_za_2024.pdf,direct_without_tor,796be74662559c8459c430b0cdbb9c02f0b96ba5abd190c73905da06cb5a878c,200,2026-09-04T21:56:27Z,,11.375,true
728,mazowieckie,wyszkowski,Wyszków,gmina miejsko-wiejska,1435053,2025,ok_finalnie,pdf,tekst,https://bip.wyszkow.pl/pliki/burmistrz_wyszkowa/raport/2025/34193_Raport_o_stanie_GW_za_2025.pdf,direct_without_tor,a2d0a030a129b27d8ca978334ab2c3c498eef6fa8f8f9332b9b298c8d8309d76,200,2026-09-04T21:56:31Z,,12.533,true
729,mazowieckie,wyszkowski,Zabrodzie,gmina wiejska,1435062,2018,brak_finalnie,,,https://fedrowanie.siecobywatelska.pl/sprawy/mieszkancy-i-radni-wobec-raportu-o-stanie-gmi-1044,web search bez Tora + publiczne archiwum korespondencji Sieci Obywatelskiej Watchdog Polska + odczyt oficjalnej odpowiedzi Urzędu Gminy Zabrodzie z 24.02.2020,,sprawdzono pogłębnie 2026-09-05,2026-09-03T16:44:41Z,[KONT.] || [TURA 19 05.09.2026] Wayback CDX (zabrodzie - domeny z ok-wierszy samorzad.gov.pl): zero rekordów raportowych. Status bez zmian.,,true
730,mazowieckie,wyszkowski,Zabrodzie,gmina wiejska,1435062,2019,ok_finalnie,pdf,tekst,https://samorzad.gov.pl/attachment/ecbe5c86-94ed-4f49-ac90-98b7404d6999,direct_without_tor,8e24b383c091c4a844a4ac679104b654a79eb20b26d264ec8ad65ad663faa17f,200,2026-09-04T22:04:04Z,,3.839,true
731,mazowieckie,wyszkowski,Zabrodzie,gmina wiejska,1435062,2020,ok_finalnie,pdf,tekst,https://samorzad.gov.pl/attachment/f9d89e83-2fa3-40cf-b9d5-e3b958f33510,direct_without_tor,ca52d5e09cdaaedeefbebe08028f08bb785d7af7e48e407f455ba5518555b5e7,200,2026-09-04T22:04:11Z,,3.554,true
732,mazowieckie,wyszkowski,Zabrodzie,gmina wiejska,1435062,2021,ok_finalnie,pdf,tekst,https://samorzad.gov.pl/attachment/5a1e2b1a-f62e-4f3d-b555-2a0d3bd3a02b,direct_without_tor,154a7e58ce4c987a4e76c5bd46eefa2c9a9da7cfed40bd723e11664c12be6d7c,200,2026-09-04T22:04:24Z,,8.508,true
733,mazowieckie,wyszkowski,Zabrodzie,gmina wiejska,1435062,2022,ok_finalnie,pdf,tekst,https://samorzad.gov.pl/attachment/ed6d6e11-64be-4cfb-9a90-7874dc1b609e,direct_without_tor,102c6b79d3620149bcd12fea597e461a23ad828e7e7da2b660ff8d15504ea245,200,2026-09-04T22:04:44Z,,12.953,true
734,mazowieckie,wyszkowski,Zabrodzie,gmina wiejska,1435062,2023,ok_finalnie,pdf,tekst,https://samorzad.gov.pl/attachment/c6f0d65f-c4e9-4119-a221-dce44a7baa2f,direct_without_tor,52323ac814f27f4a0572dbad241fc8323aae322a621fdb63e475a6642be58d74,200,2026-09-04T22:04:57Z,,7.837,true
735,mazowieckie,wyszkowski,Zabrodzie,gmina wiejska,1435062,2024,ok_finalnie,pdf,tekst,https://samorzad.gov.pl/attachment/6dd5f71c-6e13-430a-a67d-8a191aee2a2e,direct_without_tor,8bfb7d8ae6ae5c8c0f74536e4775ca33272e02f94619627bb0b61cd8c43d19c5,200,2026-09-04T22:05:04Z,,4.254,true
736,mazowieckie,wyszkowski,Zabrodzie,gmina wiejska,1435062,2025,ok_finalnie,pdf,tekst,https://samorzad.gov.pl/attachment/11e72504-4619-44d6-8c55-8ed93db2df38,direct_without_tor,8309827cbf55a85087d5ec0132874d8729d0c8ac69b5d2c67f2b102ec2c35623,200,2026-09-04T22:05:09Z,,1.931,true
737,mazowieckie,węgrowski,Grębków,gmina wiejska,1433022,2018,brak_finalnie,,,https://web.archive.org/web/20240520215343id_/https://bip.grebkow.pl/index.php?id=225,web search bez Tora + pełne kwerendy Wayback CDX + odtworzenie oficjalnego historycznego BIP bip.grebkow.pl i rocznikowego rejestru uchwał + weryfikacja sesji absolutoryjnej/wotum,,BRAK_PLIKU_RAPORTU (dowód istnienia - dokument proceduralny),2026-09-03T16:44:41Z,RAPORT POTWIERDZONY PROCEDURALNIE. Oficjalny rocznikowy rejestr uchwał Rady Gminy Grębków wymienia uchwałę VI/39/2019 z 28.06.2019 w sprawie udzielenia Wójtowi Gminy Grębków wotum zaufania; jest to uchwała po rozpatrzeniu raportu za 2018 r. w ustawowej procedurze art. 28aa u.s.g. Sąsiednie pozycje dotyczą sprawozdania finansowego i absolutorium za ten sam rocznik. Pliku samego raportu nie odzyskano.,,true
738,mazowieckie,węgrowski,Grębków,gmina wiejska,1433022,2019,brak_finalnie,,,https://web.archive.org/web/20240520225026id_/https://bip.grebkow.pl/index.php?id=230,web search bez Tora + pełne kwerendy Wayback CDX + odtworzenie oficjalnego historycznego BIP bip.grebkow.pl i rocznikowego rejestru uchwał + weryfikacja sesji absolutoryjnej/wotum,,BRAK_PLIKU_RAPORTU (dowód istnienia - dokument proceduralny),2026-09-03T16:44:41Z,RAPORT POTWIERDZONY PROCEDURALNIE. Oficjalny rocznikowy rejestr uchwał Rady Gminy Grębków wymienia uchwałę XIV/105/2020 z 26.06.2020 w sprawie udzielenia Wójtowi Gminy Grębków wotum zaufania; jest to uchwała po rozpatrzeniu raportu za 2019 r. w ustawowej procedurze art. 28aa u.s.g. Sąsiednie pozycje dotyczą sprawozdania finansowego i absolutorium za ten sam rocznik. Pliku samego raportu nie odzyskano.,,true
739,mazowieckie,węgrowski,Grębków,gmina wiejska,1433022,2020,brak_finalnie,,,https://web.archive.org/web/20240520215310id_/https://bip.grebkow.pl/index.php?id=251,web search bez Tora + pełne kwerendy Wayback CDX + odtworzenie oficjalnego historycznego BIP bip.grebkow.pl i rocznikowego rejestru uchwał + weryfikacja sesji absolutoryjnej/wotum,,BRAK_PLIKU_RAPORTU (dowód istnienia - dokument proceduralny),2026-09-03T16:44:41Z,RAPORT POTWIERDZONY PROCEDURALNIE. Oficjalny rocznikowy rejestr uchwał Rady Gminy Grębków wymienia uchwałę XIX/148/2021 z 27.05.2021 w sprawie udzielenia Wójtowi Gminy Grębków wotum zaufania; jest to uchwała po rozpatrzeniu raportu za 2020 r. w ustawowej procedurze art. 28aa u.s.g. Sąsiednie pozycje dotyczą sprawozdania finansowego i absolutorium za ten sam rocznik. Pliku samego raportu nie odzyskano.,,true
740,mazowieckie,węgrowski,Grębków,gmina wiejska,1433022,2021,brak_finalnie,,,https://web.archive.org/web/20240520224209id_/https://bip.grebkow.pl/index.php?id=254,web search bez Tora + pełne kwerendy Wayback CDX + odtworzenie oficjalnego historycznego BIP bip.grebkow.pl i rocznikowego rejestru uchwał + weryfikacja sesji absolutoryjnej/wotum,,BRAK_PLIKU_RAPORTU (dowód istnienia - dokument proceduralny),2026-09-03T16:44:41Z,RAPORT POTWIERDZONY PROCEDURALNIE. Oficjalny rocznikowy rejestr uchwał Rady Gminy Grębków wymienia uchwałę XXX/218/2022 z 30.06.2022 w sprawie udzielenia Wójtowi Gminy Grębków wotum zaufania; jest to uchwała po rozpatrzeniu raportu za 2021 r. w ustawowej procedurze art. 28aa u.s.g. Sąsiednie pozycje dotyczą sprawozdania finansowego i absolutorium za ten sam rocznik. Pliku samego raportu nie odzyskano.,,true
741,mazowieckie,węgrowski,Grębków,gmina wiejska,1433022,2022,brak_finalnie,,,https://web.archive.org/web/20240520205915id_/https://bip.grebkow.pl/index.php?id=260,web search bez Tora + pełne kwerendy Wayback CDX + odtworzenie oficjalnego historycznego BIP bip.grebkow.pl i rocznikowego rejestru uchwał + weryfikacja sesji absolutoryjnej/wotum,,BRAK_PLIKU_RAPORTU (dowód istnienia - dokument proceduralny),2026-09-03T16:44:41Z,RAPORT POTWIERDZONY PROCEDURALNIE. Oficjalny rocznikowy rejestr uchwał Rady Gminy Grębków wymienia uchwałę XXXVIII/276/2023 z 26.05.2023 w sprawie udzielenia Wójtowi Gminy Grębków wotum zaufania; jest to uchwała po rozpatrzeniu raportu za 2022 r. w ustawowej procedurze art. 28aa u.s.g. Sąsiednie pozycje dotyczą sprawozdania finansowego i absolutorium za ten sam rocznik. Pliku samego raportu nie odzyskano.,,true
742,mazowieckie,węgrowski,Grębków,gmina wiejska,1433022,2023,ok_finalnie,doc,tekst,https://uggrebkow.bip.gov.pl/fobjects/download/1812513/raport-o-stanie-gminy-2023-doc.html,tor_pl_ip,a266ca514e91acf7eb6a8bb6c18f96276354bdc50ed4482b64c6bce52fbcd867,200,2026-09-05T00:28:39Z,,0.329,true
743,mazowieckie,węgrowski,Grębków,gmina wiejska,1433022,2024,ok_finalnie,pdf,tekst,https://uggrebkow.bip.gov.pl/fobjects/download/1968368/raport-o-stanie-gminy-2024-pdf.html,tor_pl_ip,e12c9d3ec86e7f3907520ce5fb88cd9aa5ed9b856935c60c7108edc3fae3a94f,200,2026-09-05T00:28:43Z,,0.882,true
744,mazowieckie,węgrowski,Grębków,gmina wiejska,1433022,2025,ok_finalnie,pdf,tekst,https://uggrebkow.bip.gov.pl/fobjects/download/2237987/raport-o-stanie-gminy-2025-pdf.html,tor_pl_ip,ecaa2534adc0397b7ba5f02c865720ab61c8a3c78069b06c6fe3b1ed9ded8020,200,2026-09-05T00:28:49Z,,1.006,true
745,mazowieckie,węgrowski,Korytnica,gmina wiejska,1433032,2018,ok_finalnie,pdf,tekst,http://arch-korytnica.mserwer.pl/_portals_/korytnica/CKFiles/news_2019/RAPORT_o_stanie_gminy_Korytnica23_05_2019.pdf,direct_without_tor,fd781a86b47825aebdcef714946ed827bf3352b2c21fb292622c374bc5c1ff20,200,2026-09-04T22:42:30Z,,1.999,true
746,mazowieckie,węgrowski,Korytnica,gmina wiejska,1433032,2019,ok_finalnie,pdf,tekst,https://web.archive.org/web/20260514102933id_/http://korytnica.2clickfiles.pl/bip.korytnica.pl/upload/Raport.pdf,wayback_direct_without_tor,802a73e2bec8d92ad29aa0acfa75a49c0d66de049d5e378615116f0aaaf313a1,200,2026-09-05T01:44:38Z,,2.526,true
747,mazowieckie,węgrowski,Korytnica,gmina wiejska,1433032,2020,ok_finalnie,pdf,tekst,https://korytnica.2clickfiles.pl/bip.korytnica.pl/upload/RAPORT%20za%202020.pdf,direct_without_tor,ad8bc5c22f40f0f8037d470162fe7ce09393160f0bb67e208bfea690b3386d3c,200,2026-09-04T22:41:03Z,,3.596,true
748,mazowieckie,węgrowski,Korytnica,gmina wiejska,1433032,2021,ok_finalnie,pdf,tekst,https://korytnica.2clickfiles.pl/bip.korytnica.pl/upload/RAPORT%20za%202021.pdf,direct_without_tor,9cb857a8d13eda6ecbe56a85f9da2c89c23587f3a36c90ebdfbaa6c026ce3bd6,200,2026-09-04T22:41:06Z,,2.315,true
749,mazowieckie,węgrowski,Korytnica,gmina wiejska,1433032,2022,ok_finalnie,pdf,tekst,https://korytnica.pl/files/file_add/download/48_raport-za-2022.pdf,direct_without_tor,212870040f727b4be169d5aa85e2860fd0f17699f4a028aa6cdf61f0765d609c,200,2026-09-04T22:38:14Z,,1.868,true
750,mazowieckie,węgrowski,Korytnica,gmina wiejska,1433032,2023,ok_finalnie,pdf,tekst,https://korytnica.pl/files/file_add/download/137_raport-za-2023-rok.pdf,direct_without_tor,102da788f93d94c5caa96b1e4f6084ae11023ceb6dc88b4cc03f5a984ef518d8,200,2026-09-04T22:38:17Z,,2.102,true
751,mazowieckie,węgrowski,Korytnica,gmina wiejska,1433032,2024,ok_finalnie,pdf,tekst,https://korytnica.pl/files/file_add/download/232_raport-o-stanie-gminy-korytnica-za-2024-rok.pdf,direct_without_tor,0de3d8df21eb983e77e3972c908d613d3d7bb70951b3c787ac8619563bd973bb,200,2026-09-04T22:38:20Z,,1.323,true
752,mazowieckie,węgrowski,Korytnica,gmina wiejska,1433032,2025,ok_finalnie,pdf,tekst,https://korytnica.pl/files/file_add/download/317_raport-za-2025-rok.pdf,direct_without_tor,f030c6e2848f4e15f877b72cf35fae87e0e196d96ad813424076ca7436886d5c,200,2026-09-04T22:38:23Z,,2.718,true
753,mazowieckie,węgrowski,Liw,gmina wiejska,1433042,2018,ok_finalnie,pdf,tekst,https://s3.eu-central-1.amazonaws.com/res.posiedzenia.pl/WMRBPFIDKISNVMIFHKRR.pdf,playwright_chromium + direct_without_tor,3018ebbe3fd3da1f83aa5fad07ff763262ac8a8c80a7ff9b17ebc97dfb73c15f,200,2026-09-05T01:47:46Z,,1.525,true
754,mazowieckie,węgrowski,Liw,gmina wiejska,1433042,2019,brak_finalnie,,,brak,"dogłębne sprawdzenie (Wayback + BIP Liw + posiedzenia.pl + web search + archiwa) - dowód istnienia raportu, plik trwale usunięty i nieodzyskany",,sprawdzono w innych źródłach 2026-09-05,2026-09-02T23:50:27Z,"[KONT.] || [TURA 20 05.09.2026 - INNE ZRODLA] Kategoria liw.pl/p,179,raporty-o-stanie-gminy-liw zawiera wylacznie artykuly 'Zgłoszenie zamiaru zabrania głosu w debacie' za lata 2020-2025 (art 910/1101/1234/1426/1587/1743); artykulu/raportu za 2019 nie ma (przed 2020 gmina nie publikowala nic raportowego w tej sekcji). Status bez zmian.",,true
755,mazowieckie,węgrowski,Liw,gmina wiejska,1433042,2020,ok_finalnie,pdf,tekst,http://www.liw.pl/download/Raport%20Urzedu%20Gminy%202020.pdf,direct_without_tor,f3fba44505e6a507dcee25559e3e32132afe8e9bf0c0c90a47c38b90758d7b43,200,2026-09-04T22:39:21Z,,1.294,true
756,mazowieckie,węgrowski,Liw,gmina wiejska,1433042,2021,ok_finalnie,pdf,tekst,http://www.liw.pl/index.php?c=getfile&id=592,direct_without_tor + naprawa %%EOF (dopisanie 2 bajtów),fd3f8ca3628bc8444ebd8550dceaaccf4d027f1d93aa0f10378969a7cefcfa36,"200 (plik kompletny 48 str.; serwer obcinał ostatnie 2 bajty markera %%EOF — dopełniono lokalnie, qpdf bez błędów)",2026-09-05T09:20:00Z,"[revalid 2026-09-04] EOF marker not found hash_ok=True n=1330850 | [revalid ssl_off 2026-09-04] PDF otwiera się (raport gminy Liw, hash zgodny), brak %%EOF w ogonie | [revalid 2026-09-05] no %%EOF on only available copy | FLIP 2026-09-05: plik serwowany był obcięty o 2 bajty końcowe (koniec na '%%E'); po dopełnieniu 'OF' qpdf --check bez błędów; weryfikacja treści: okładka 'RAPORT O STANIE GMINY LIW ZA ROK 2021', s.4 'Gmina Liw jest gminą wiejską...powiatu węgrowskiego, w województwie mazowieckim'; 48/48 str. renderowane; hash oryginalnych bajtów z serwera: 5f943ec3fbb23f9cc3814c625632051536f6193967acdac00485a0af565d69d6",1.331,true
757,mazowieckie,węgrowski,Liw,gmina wiejska,1433042,2022,ok_finalnie,pdf,tekst,http://www.liw.pl/index.php?c=getfile&id=669,direct_without_tor + naprawa %%EOF (dopisanie 2 bajtów),e83d7e567bbfce68e98e789a28fbe86a4337035d72eebde584719cb722162851,"200 (plik kompletny 55 str.; serwer obcinał ostatnie 2 bajty markera %%EOF — dopełniono lokalnie, qpdf bez błędów)",2026-09-05T09:20:00Z,"[revalid 2026-09-04] EOF marker not found hash_ok=True n=1344532 | [revalid ssl_off 2026-09-04] PDF otwiera się (raport gminy Liw, hash zgodny), brak %%EOF w ogonie | [revalid 2026-09-05] no %%EOF on only available copy | FLIP 2026-09-05: plik serwowany był obcięty o 2 bajty końcowe (koniec na '%%E'); po dopełnieniu 'OF' qpdf --check bez błędów; weryfikacja treści: okładka 'RAPORT O STANIE GMINY LIW ZA ROK 2022', spis treści 'wyliczenie nadwyżki operacyjnej w latach 2018-2022'; 55/55 str. renderowane; hash oryginalnych bajtów z serwera: fd25cb490d3cf41eba9e0b9e35df2e76f69c7b7874a7261269954270ac563578",1.345,true
758,mazowieckie,węgrowski,Liw,gmina wiejska,1433042,2023,ok_finalnie,pdf,tekst,http://www.liw.pl/download/RAPORT%20O%20STANIE%20GMINY%20LIW%20ZA%202023%20ROK.pdf,direct_without_tor,83aa9e26ce9e9e6cac9e639a55242403db806ffabf870a668a28a5493a159c0b,200,2026-09-04T22:39:24Z,,1.401,true
759,mazowieckie,węgrowski,Liw,gmina wiejska,1433042,2024,ok_finalnie,pdf,tekst,http://www.liw.pl/index.php?c=getfile&id=873,direct_without_tor_ssl_off,ede39454e3843f43bdfce6e01013b913844a56d0eb80284f0f5c0c63d0cea672,200,2026-09-04T23:35:01Z,,0.726,true
760,mazowieckie,węgrowski,Liw,gmina wiejska,1433042,2025,ok_finalnie,pdf,tekst,http://www.liw.pl/index.php?c=getfile&id=978,direct_without_tor,0e4dd62949bf8d9d1e589e459f7b5f9f5de700b6c09ea34ddd3744342d571697,200,2026-09-04T22:39:26Z,,0.804,true
761,mazowieckie,węgrowski,Miedzna,gmina wiejska,1433062,2018,ok_finalnie,pdf,tekst,http://www.miedzna.pl/wp-content/uploads/2019/05/RAPORT-O-STANIE-GMINY-2018.pdf,direct_without_tor,1bd336fb081c83a0bd36bd87ceeae7ff6bbd86f6053f464324f2f967f35237ea,200,2026-09-04T22:42:31Z,,2.618,true
762,mazowieckie,węgrowski,Miedzna,gmina wiejska,1433062,2019,ok_finalnie,pdf,tekst,https://miedzna.archiwum.bip.net.pl/pliki/20513/RAPORT_O_STANIE_GMINY_2019.pdf,direct_without_tor,68b9e5b3df04e75fa9d076b27453b1b49a2965a6334b3aedabdf57f0893e3bf4,200,2026-09-04T22:26:45Z,,13.513,true
763,mazowieckie,węgrowski,Miedzna,gmina wiejska,1433062,2020,ok_finalnie,pdf,tekst,https://miedzna.archiwum.bip.net.pl/pliki/22294/RAPORT_O_STANIE_GMINY_2020.pdf,direct_without_tor,673d13fd9b93d2a6b069787e202b22fd80b40de57d35230fa88cf87430b6fe39,200,2026-09-04T22:26:52Z,,9.814,true
764,mazowieckie,węgrowski,Miedzna,gmina wiejska,1433062,2021,ok_finalnie,pdf,tekst,https://miedzna.archiwum.bip.net.pl/pliki/23633/RAPORT_O_STANIE_GMINY_2021.pdf,direct_without_tor,7f43319bce6615ebb10083dfbb9281b93998831bb8f6a21eeee7dbc9525573cf,200,2026-09-04T22:27:12Z,,15.738,true
765,mazowieckie,węgrowski,Miedzna,gmina wiejska,1433062,2022,ok_finalnie,pdf,tekst,https://miedzna.archiwum.bip.net.pl/pliki/24916/RAPORT_O_STANIE_GMINY_2022.pdf,direct_without_tor,fa3e4ae0ce09fb7b52b4bf6e9205e13c957e5f64aa7e68b5c0df346637fb81e0,200,2026-09-04T22:27:24Z,,18.793,true
766,mazowieckie,węgrowski,Miedzna,gmina wiejska,1433062,2023,ok_finalnie,pdf,tekst,https://miedzna.archiwum.bip.net.pl/pliki/26200/1A._RAPORT_O_STANIE_GMINY_2023.pdf,direct_without_tor,18168c59387f32dcbc5bf97632c6f92be0397ff9e340f60e966b13a6233d7731,200,2026-09-04T22:27:35Z,,14.622,true
767,mazowieckie,węgrowski,Miedzna,gmina wiejska,1433062,2024,ok_finalnie,pdf,tekst,https://miedzna.archiwum.bip.net.pl/pliki/27642/RAPORT_O_STANIE_GMINY_2024.pdf,direct_without_tor,53bdbc39fa4b9499af7c890234d3f75c30f99c678abcf3012a3e4c6221f63010,200,2026-09-04T22:27:47Z,,11.05,true
768,mazowieckie,węgrowski,Miedzna,gmina wiejska,1433062,2025,ok_finalnie,pdf,tekst,https://miedzna-api.bip.net.pl/api/attachments/963,direct_without_tor_ssl_off,ad4985147dd44e695e9cad33946507da908a0dc42c7041f1e53cc99702b5d33b,200,2026-09-04T23:39:19Z,,17.123,true
769,mazowieckie,węgrowski,Sadowne,gmina wiejska,1433072,2018,ok_finalnie,pdf,tekst,"https://www.bip.sadowne.pl/plik,3034,raport-o-stanie-gminy-sadowne-za-2018-rok.pdf",direct_without_tor,c10b3386ebdffb23ff80441d7e7c6940be4e4c15e916ad1d865950dd7db43bdd,200,2026-09-04T21:56:02Z,,2.36,true
770,mazowieckie,węgrowski,Sadowne,gmina wiejska,1433072,2019,ok_finalnie,pdf,tekst,"https://www.bip.sadowne.pl/plik,3575,raport-o-stanie-gminy-sadowne-za-2019-rok.pdf",direct_without_tor,84576bcbe11f3c4dca521bf0f663ee497ec1bde4b0dfd4511a0345e90678e6c2,200,2026-09-04T21:56:07Z,,2.788,true
771,mazowieckie,węgrowski,Sadowne,gmina wiejska,1433072,2020,ok_finalnie,pdf,tekst,"https://www.bip.sadowne.pl/plik,4146,raport-o-stanie-gminy-sadowne-za-2020-rok.pdf",direct_without_tor,e5cbf26091530c3ca9f04af4ac87c2750ec38934dcdc80910c3a0e433885965f,200,2026-09-04T21:56:18Z,,3.349,true
772,mazowieckie,węgrowski,Sadowne,gmina wiejska,1433072,2021,ok_finalnie,pdf,tekst,"https://www.bip.sadowne.pl/plik,4685,raport-o-stanie-gminy-sadowne-za-2021-rok.pdf",direct_without_tor,2112f5cbb7073553152ce64965f27e08095079f24c5b03f7a5ad18685c696246,200,2026-09-04T21:56:23Z,,2.627,true
773,mazowieckie,węgrowski,Sadowne,gmina wiejska,1433072,2022,ok_finalnie,pdf,tekst,"https://www.bip.sadowne.pl/plik,5272,raport-o-stanie-gminy-sadowne-za-2022-rok.pdf",direct_without_tor,478477958f520e0b4465f27f48a910e0ece9407b2267288e88cdc65bbed5aea1,200,2026-09-04T21:56:28Z,,1.995,true
774,mazowieckie,węgrowski,Sadowne,gmina wiejska,1433072,2023,ok_finalnie,pdf,tekst,"https://www.bip.sadowne.pl/plik,6000,raport-o-stanie-gminy-sadowne-za-2023-rok.pdf",direct_without_tor,035c16bc3724abe1471bf6531a3884386edfb8098a851a8e9caa95e237ad7679,200,2026-09-04T21:56:36Z,,2.606,true
775,mazowieckie,węgrowski,Sadowne,gmina wiejska,1433072,2024,ok_finalnie,pdf,tekst,"https://www.bip.sadowne.pl/plik,6765,raport-o-stanie-gminy-sadowne-za-2024-rok.pdf",direct_without_tor,f5546b64849011cc0a676682c312a3254aa0a1819a1437ab7df2ba5f4fd8743c,200,2026-09-04T21:56:40Z,,2.555,true
776,mazowieckie,węgrowski,Sadowne,gmina wiejska,1433072,2025,ok_finalnie,pdf,tekst,"https://www.bip.sadowne.pl/plik,7767,raport-o-stanie-gminy-sadowne-za-2025-rok.pdf",direct_without_tor,5f2896ed8d2b4e9ae4f47b5bf43e13ff95b2107055874754bedffde998e10c36,200,2026-09-04T21:56:44Z,,1.957,true
777,mazowieckie,węgrowski,Stoczek,gmina wiejska,1433082,2018,ok_finalnie,doc,tekst,https://bip.stoczek.net.pl/tmp/53932635-RAPORT_STOCZEK.doc,tor_pl_ip,c79c177b4f84768103f1f6f6dcc8252f530a2facbfc1c419b3d521c1ac6b33ae,200,2026-09-05T02:14:57Z,[revalid 2026-09-05] got_html_instead_of_doc http=0 n=196 | [revalid 2026-09-05] revalidated unit=gmina_ok year=2018 ocr=False,1.249,true
778,mazowieckie,węgrowski,Stoczek,gmina wiejska,1433082,2019,ok_finalnie,doc,tekst (antiword),https://bip.stoczek.net.pl/tmp/985085391-RAPORT_O_STANIE_GMINY_STOCZEK__za_rok_2019.doc,"Tor → wyszukiwarka BIP „raport” → pozycje zgłoszeń debat (pub 2020-06-24) z załącznikiem raportu (DOC, treść antiword) | recheck_ssl_off",a2a8f7962b88d2bdb90dae86ba435e258eb125155244eadd5e496cde1318fe22,200,2026-09-05T02:14:57Z,[revalid 2026-09-05] got_html_instead_of_doc http=0 n=196 | [revalid 2026-09-05] revalidated unit=gmina_ok year=2019 ocr=False,1.489,true
779,mazowieckie,węgrowski,Stoczek,gmina wiejska,1433082,2020,ok_finalnie,pdf,tekst,https://bip.stoczek.net.pl/tmp/1749063132-Raport_o_stanie__Gminy_Stoczek_za_rok_2020.pdf,Tor → wyszukiwarka BIP „raport” → pozycje zgłoszeń debat (pub 2021-06-17) z załącznikiem raportu | recheck_ssl_off,b9ecf568e1488ab21214436cf7bd56d29febd7d5c5b151a74790e2e8476bc848,200,2026-09-05T02:14:57Z,[revalid 2026-09-05] got_html_instead_of_pdf http=0 n=196 | [revalid 2026-09-05] revalidated unit=gmina_ok year=2020 ocr=False,1.859,true
780,mazowieckie,węgrowski,Stoczek,gmina wiejska,1433082,2021,ok_finalnie,pdf,tekst,https://bip.stoczek.net.pl/tmp/146441844-Raport_o_stanie__Gminy_Stoczek_za_rok_2021.pdf,Tor → wyszukiwarka BIP „raport” → pozycja „ZGŁOSZENIA DO UDZIAŁU W DEBACIE … ZA 2021” (pub 2022-05-31) z załącznikiem raportu | recheck_ssl_off,172dde0890d122816cdbdfbf80f2debd2492d06c4bb1aa295e77d2328de063f8,200,2026-09-05T02:14:57Z,[revalid 2026-09-05] got_html_instead_of_pdf http=0 n=196 | [revalid 2026-09-05] revalidated unit=gmina_ok year=2021 ocr=False,2.148,true
781,mazowieckie,węgrowski,Stoczek,gmina wiejska,1433082,2022,ok_finalnie,pdf,tekst,https://bip.stoczek.net.pl/tmp/321869748-2023_Raport_o_stanie__Gminy_Stoczek_za_rok_2022.pdf,direct_without_tor_ssl_off,788f2b26c8766f90379d26d50b8687fb470afcfc9d29392b3d683d1a41df2b68,200,2026-09-05T02:14:57Z,[revalid 2026-09-04] got_html_instead_of_pdf http=0 n=196 | [revalid 2026-09-05] revalidated unit=gmina_ok year=2022 ocr=False,2.379,true
782,mazowieckie,węgrowski,Stoczek,gmina wiejska,1433082,2023,ok_finalnie,pdf,tekst,https://bip.stoczek.net.pl/tmp/958226980-2024_-_Raport_o_stanie__Gminy_Stoczek_za_rok_2023.pdf,direct_without_tor_ssl_off,756a2cfaecfdfac3353178674a750072a950ae98bbc49d4d3398c8a07c982bf5,200,2026-09-05T02:14:57Z,[revalid 2026-09-04] got_html_instead_of_pdf http=0 n=196 | [revalid 2026-09-05] revalidated unit=gmina_ok year=2023 ocr=False,2.205,true
783,mazowieckie,węgrowski,Stoczek,gmina wiejska,1433082,2024,ok_finalnie,pdf,tekst,https://bip.stoczek.net.pl/tmp/2328682819-2024_-_Raport_o_stanie__Gminy_Stoczek_za_rok_2023_(Automatycznie_zapisany).pdf,"Tor (socks5) → BIP wyszukiwarka (POST _transfer_szukaj) „raport” → tablica ogłoszeń; nazwa pliku myląca („za rok 2023”) — treść: „za rok 2024”, 84 str. | recheck_ssl_off",b830ca1c5da438ab0be32aa2c8d0e8953eebbb688c89ebc10e048adaffa42fbb,200,2026-09-05T02:14:57Z,[revalid 2026-09-05] got_html_instead_of_pdf http=0 n=196 | [revalid 2026-09-05] revalidated unit=gmina_ok year=2024 ocr=False,1.276,true
784,mazowieckie,węgrowski,Stoczek,gmina wiejska,1433082,2025,ok_finalnie,docx,tekst,https://bip.stoczek.net.pl/tmp/857106541-2025_-_Raport_o_stanie__Gminy_Stoczek.docx,direct_without_tor_ssl_off,2691abb8279f42b9130fa6cda70aebb44532b74e70abd7312377ee4c2d3dccd9,200,2026-09-05T02:14:57Z,[revalid 2026-09-04] got_html_instead_of_docx http=0 n=196 | [revalid 2026-09-05] revalidated unit=gmina_ok year=2025 ocr=False,0.524,true
785,mazowieckie,węgrowski,Wierzbno,gmina wiejska,1433092,2018,brak_finalnie,,,brak," RE-WERYFIKACJA 29.08.2026 (Wierzbno 2018): (a) zywe archiwum starego BIP archiwum.gminawierzbno.pl — kat. 51 ""Raport o stanie Gminy"" = DOKLADNIE 2 pozycje (za 2020 pub. 05.11.2021, za 2021 pub. 10.06.2022), bez paginacji; (b) Wayback aktualnosci: pierwsza wzmianka raportowa w historii gminy = news 26.07.2021 o debacie na sesji 27.07.2021 nad raportem ZA 2020 (informacja z zalacznikow: formularz zgloszenia + informacja + sam raport); (c) nowy BIP WP (od 2023-01): kategoria raport od 2020 wzwyz; (d) web_search 2018/2019 = 0 trafien (kolizje: Gąrzno, Wierzbica, Wągrowiec); CDX domeny przed 07.2021 = 0 sladow raportowych. WNIOSEK: pierwszy raport w gminie sporzadzony za rok 2020; za 2018 i 2019 nieopublikowane i brak sladow przedstawienia → BRAK.",,sprawdzono pogłębnie 2026-09-05,2026-09-01T10:41:27Z,[KONT.] || [TURA 19 05.09.2026] Wayback CDX gminawierzbno.pl: kategoria BIP 'bip/gmina/raport-o-stanie-gminy' ma podstrony wyłącznie za 2020-2024 (5387/5390/8162/8610/9699); strona 'debata-nad-raportem-o-stanie-gminy' (VII 2021) dotyczy raportu za 2020. Raportów 2018/2019 nigdy nie opublikowano. Status bez zmian.,,true
786,mazowieckie,węgrowski,Wierzbno,gmina wiejska,1433092,2019,brak_finalnie,,,brak,"dogłębne sprawdzenie (rejestr uchwał o wotum + archiwum BIP + web search + Wayback) - dowód istnienia raportu, plik nieopublikowany",,sprawdzono pogłębnie 2026-09-05,2026-09-02T23:50:27Z,[KONT.] || [TURA 19 05.09.2026] Jw. (wiersz 785). Status bez zmian.,,true
787,mazowieckie,węgrowski,Wierzbno,gmina wiejska,1433092,2020,ok_finalnie,pdf,"raport o stanie gminy (skan 52 str. bez warstwy tekstowej; OCR okladki: ""RAPORT O STANIE GMINY WIERZBNO, WIERZBNO MAJ 2021""; wstep: podsumowanie dzialalnosci Wójta ZA 2020 ROK; metadane PDF: utworzony 31.05.2021)",https://archiwum.gminawierzbno.pl/uploads/8ash2365ac.pdf,"KOREKTA RE-WERYFIKACJI 29.08.2026 (Wierzbno 2020): poprzedni URL (archiwum.gminawierzbno.pl/uploads/8yb3l2boagda723f.pdf) wskazywal 1-stronicowa INFORMACJE o debacie, nie raport; wlasciwy raport = 8ash2365ac.pdf (52 str.), zidentyfikowany jako zalacznik newsu ""debata nad raportem o stanie gminy"" (sesja 27.07.2021, Wayback 20210726195804: 3 zalaczniki), pobrany z zywego archiwum.gminawierzbno.pl; tozsamosc potwierdzona OCR (okladka MAJ 2021 + wstep za 2020); skan bez warstwy tekstowej — czytelny przez OCR | poprzednia metoda: direct_without_tor",3fe9dcb1863da950f471ce1f317950c2f3cd7d2e0687e1904af5adee96abfd1c,200,2026-09-05T01:44:36Z,,4.123,true
788,mazowieckie,węgrowski,Wierzbno,gmina wiejska,1433092,2021,ok_finalnie,pdf,tekst,https://gminawierzbno.pl/bip/wp-content/uploads/sites/2/2023/01/Raport-o-stanie-Gminy-Wierzbno-za-2021-rok.pdf,direct_without_tor_ssl_off,aba6d69cb99836c4b83c89fd6da7bf8eee1352e3dfe5fa3a0177449a04351c40,200,2026-09-04T23:36:28Z,,1.707,true
789,mazowieckie,węgrowski,Wierzbno,gmina wiejska,1433092,2022,ok_finalnie,pdf,tekst,https://gminawierzbno.pl/bip/wp-content/uploads/sites/2/2024/03/Raport-o-stanie-Gminy-Wierzbno-za-2022-rok.pdf,direct_without_tor_ssl_off,e3db6a078a3f662ecfe60936c3dc5451b347daf297c94f99a3786dc008b65d57,200,2026-09-04T23:53:54Z,,2.072,true
790,mazowieckie,węgrowski,Wierzbno,gmina wiejska,1433092,2023,ok_finalnie,pdf,tekst,https://gminawierzbno.pl/bip/wp-content/uploads/sites/2/2024/05/Raport-o-stanie-Gminy-Wierzbno-za-2023-rok.pdf,direct_without_tor,78da8f6660c7f3f0b2f31c8bd14dba0ac1a9e7e5de732e3c70cd617481d00dd6,200,2026-09-04T22:39:29Z,,4.86,true
791,mazowieckie,węgrowski,Wierzbno,gmina wiejska,1433092,2024,ok_finalnie,pdf,tekst,https://gminawierzbno.pl/bip/gmina/raport-o-stanie-gminy/raport-o-stanie-gminy-wierzbno-za-2024-rok/9699/?download=9700,direct_without_tor,5494f65e4e15864b3d9f68fce4b2cb0e49c05a3a6be502d6d3ad4199267c9885,200,2026-09-04T22:39:32Z,,4.374,true
792,mazowieckie,węgrowski,Wierzbno,gmina wiejska,1433092,2025,ok_finalnie,pdf,tekst,https://gminawierzbno.pl/bip/urzad-gminy/obwieszczenia/raport-o-stanie-gminy-wierzbno-za-2025-rok/10774/?download=10775,direct_without_tor,72916625dbb714da0cde525f3fc72d8fe2d3ed4b13ff487dea5047f9acb4c273,200,2026-09-04T22:39:35Z,,4.611,true
793,mazowieckie,węgrowski,Węgrów,gmina miejska,1433011,2018,ok_finalnie,pdf,tekst,https://bip.wegrow.com.pl/attachments/download/473,direct_without_tor,94897f64daa3932fd4e2a8f6bfc5cfa334af778229db41345b32ea1e47c7a288,200,2026-09-04T21:56:08Z,,1.859,true
794,mazowieckie,węgrowski,Węgrów,gmina miejska,1433011,2019,ok_finalnie,pdf,tekst,https://bip.wegrow.com.pl/attachments/download/1244,direct_without_tor,53331a84f846d59a940050bf6c7dc80dbcd5590e90cb71f8b743281af440262b,200,2026-09-04T21:56:11Z,,1.872,true
795,mazowieckie,węgrowski,Węgrów,gmina miejska,1433011,2020,ok_finalnie,pdf,tekst,https://bip.wegrow.com.pl/attachments/download/1927,direct_without_tor,5e8c3b3fd1978d678485d790f79e5194a9bdaee348df2829c55dacf204de5820,200,2026-09-04T21:56:14Z,,3.705,true
796,mazowieckie,węgrowski,Węgrów,gmina miejska,1433011,2021,ok_finalnie,pdf,tekst,https://bip.wegrow.com.pl/attachments/download/2626,direct_without_tor,ff37bc14c55d915166a98f4c858e2d136200eeacf5bb7443be666c46fc326f6e,200,2026-09-04T21:56:18Z,,3.978,true
797,mazowieckie,węgrowski,Węgrów,gmina miejska,1433011,2022,ok_finalnie,pdf,tekst,https://bip.wegrow.com.pl/attachments/download/3355,direct_without_tor,4d74658ea6e236c80563f2ed125672a26a7ce584679e1e0087d8d937ab6e7dc8,200,2026-09-04T21:56:22Z,,3.923,true
798,mazowieckie,węgrowski,Węgrów,gmina miejska,1433011,2023,ok_finalnie,pdf,tekst,https://bip.wegrow.com.pl/attachments/download/4169,direct_without_tor,debca7b1cf6095984159a682ca1a07eba7b646ece03d6f11ee57892b6ed1b318,200,2026-09-04T21:56:26Z,,2.884,true
799,mazowieckie,węgrowski,Węgrów,gmina miejska,1433011,2024,ok_finalnie,pdf,tekst,https://bip.wegrow.com.pl/attachments/download/4990,direct_without_tor,e798c64e1f6a1a4d94c7e55f03071f0cf6ba947672fb37ede1121cc4a4837899,200,2026-09-04T21:56:29Z,,2.507,true
800,mazowieckie,węgrowski,Węgrów,gmina miejska,1433011,2025,ok_finalnie,pdf,tekst,https://bip.wegrow.com.pl/attachments/download/5714,direct_without_tor,54475176c30e137c273b042b55e90d0d128fe9e2b1e8b8457c5123892018d9a0,200,2026-09-04T21:56:33Z,,2.124,true
801,mazowieckie,węgrowski,Łochów,gmina miejsko-wiejska,1433053,2018,ok_finalnie,pdf,tekst,https://bip.gminalochow.pl/attachments/download/5770,direct_without_tor,01365dc5a8585c73acb251f734b96ab360b615e62945917c99b7710d1b0cde9d,200,2026-09-04T21:56:22Z,,1.462,true
802,mazowieckie,węgrowski,Łochów,gmina miejsko-wiejska,1433053,2019,ok_finalnie,pdf,tekst,https://bip.gminalochow.pl/attachments/download/7070,direct_without_tor,18b5db3db3d492ac2df8f5ea0757a1746f2131851015b4c471e4904d75fee54e,200,2026-09-04T21:56:25Z,,2.094,true
803,mazowieckie,węgrowski,Łochów,gmina miejsko-wiejska,1433053,2020,ok_finalnie,pdf,tekst,https://bip.gminalochow.pl/attachments/download/8483,direct_without_tor,e9b8d04febe0fdfc5555eac6a07fad3fabfa1a2895a4699556d68a41c22e317c,200,2026-09-04T22:59:15Z,,34.788,true
804,mazowieckie,węgrowski,Łochów,gmina miejsko-wiejska,1433053,2021,ok_finalnie,pdf,skan,https://bip.gminalochow.pl/attachments/download/9849,direct_without_tor,403f326d56e0265778da427d87127a51bff3156833e748823394ac18278f80b1,200,2026-09-04T21:56:46Z,,53.65,true
805,mazowieckie,węgrowski,Łochów,gmina miejsko-wiejska,1433053,2022,ok_finalnie,pdf,tekst,https://bip.gminalochow.pl/attachments/download/11151,direct_without_tor,48bb3825e896563bb87872cc6c7c4c7445e96219ec2fb57c63e6119cdce32bb4,200,2026-09-04T21:56:49Z,,4.406,true
806,mazowieckie,węgrowski,Łochów,gmina miejsko-wiejska,1433053,2023,ok_finalnie,pdf,tekst,https://bip.gminalochow.pl/attachments/download/12185,direct_without_tor,0331717a3b35d38508e533437c7c6fa7ffd598798f91b230437b63f70726a06b,200,2026-09-04T21:56:53Z,,5.528,true
807,mazowieckie,węgrowski,Łochów,gmina miejsko-wiejska,1433053,2024,ok_finalnie,pdf,tekst,https://bip.gminalochow.pl/attachments/download/13289,direct_without_tor,511e73317dc74572e7e50f5fa89d7ae3eb421bf748c59d28e85b81c864715d4b,200,2026-09-04T21:56:58Z,,4.802,true
808,mazowieckie,węgrowski,Łochów,gmina miejsko-wiejska,1433053,2025,ok_finalnie,pdf,tekst,https://bip.gminalochow.pl/attachments/download/14203,direct_without_tor,deb8ae9f63438ffcfe4cb37eaa0730b4610855cf100c588612fcad8bc4cbc2f1,200,2026-09-04T21:57:03Z,,6.012,true
809,mazowieckie,łosicki,Olszanka,gmina wiejska,1410032,2018,ok_finalnie,pdf,"raport o stanie gminy (warstwa tekstowa; 55 str., 2,06 MB; okladka ""RAPORT O STANIE GMINY OLSZANKA za 2018 rok, Olszanka, maj 2019 rok""; warstwa tekstowa)",https://archwium.bip.olszanka.pl/download/attachment/12666/raport-o-stanie-gminy-olszanka-za-2018r.pdf,"ZYWY ARCHIWALNY BIP archwium.bip.olszanka.pl (stary silnik z /download/attachment/<id>/, link podany w stopce zywego portalu gminy jako ""Archiwalny Biuletyn Informacji Publicznej""); kategoria /1545/965/raport-o-stanie-gminy.html = lista 2 raportow (za 2018 id=12666, za 2019 id=13661); pliki pobrane ZYWE i kompletne (Wayback snap 2021 uciety do 1 MiB — pominiety); tozsamosc: okladki z rocznikiem i data; poprzedni BIP e-bip.pl (instancja 38, ""Raporty o stanie Gminy jako uchwaly rady"") martwy — nie potrzebny",158e203d500c5d7cc1542cb33ea59c59eecb8073b431e67f2b61ea764f296802,200,2026-09-05T01:44:11Z,,1.964,true
810,mazowieckie,łosicki,Olszanka,gmina wiejska,1410032,2019,ok_finalnie,pdf,"raport o stanie gminy (warstwa tekstowa; 59 str., 2,07 MB; okladka ""RAPORT O STANIE GMINY OLSZANKA za 2019 rok, Olszanka, maj 2020 rok""; warstwa tekstowa)",https://archwium.bip.olszanka.pl/download/attachment/13661/raport-o-stanie-gminy-olszanka-za-2019-rok.pdf,"ZYWY ARCHIWALNY BIP archwium.bip.olszanka.pl (stary silnik z /download/attachment/<id>/, link podany w stopce zywego portalu gminy jako ""Archiwalny Biuletyn Informacji Publicznej""); kategoria /1545/965/raport-o-stanie-gminy.html = lista 2 raportow (za 2018 id=12666, za 2019 id=13661); pliki pobrane ZYWE i kompletne (Wayback snap 2021 uciety do 1 MiB — pominiety); tozsamosc: okladki z rocznikiem i data; poprzedni BIP e-bip.pl (instancja 38, ""Raporty o stanie Gminy jako uchwaly rady"") martwy — nie potrzebny",0a98c4bb7be4b870b2324a863c22ce0ec31264abfc0e89104d063bc408ee3f8a,200,2026-09-05T01:44:14Z,,1.975,true
811,mazowieckie,łosicki,Olszanka,gmina wiejska,1410032,2020,ok_finalnie,pdf,tekst,https://samorzad.gov.pl/attachment/03a59e38-a07e-42a8-a67e-ac794f4417df,direct_without_tor,2e057474486a588f68301f98196ddce58ce0531cfe18f6a6b7cc5f5daa8ff8f5,200,2026-09-04T22:05:13Z,,1.763,true
812,mazowieckie,łosicki,Olszanka,gmina wiejska,1410032,2021,ok_finalnie,docx,tekst,https://samorzad.gov.pl/attachment/cf7402c0-8a8f-4cb2-b723-f4a74632e479,direct_without_tor,d0295b78eb24aa0977c18fd63d8e94fbb95ecb948d56bb86ee180e76eec9ef9e,200,2026-09-04T22:05:17Z,,0.667,true
813,mazowieckie,łosicki,Olszanka,gmina wiejska,1410032,2022,ok_finalnie,pdf,tekst,https://samorzad.gov.pl/attachment/8e8575ab-ebda-40c5-8dbd-5c35b848731a,direct_without_tor,0e83dcbc6ee61e4dd0b2174d07fa1a9a9a81c81ba0ccf74b525e0a4deb2b61cc,200,2026-09-04T22:05:21Z,,1.121,true
814,mazowieckie,łosicki,Olszanka,gmina wiejska,1410032,2023,ok_finalnie,docx,tekst,https://samorzad.gov.pl/attachment/4e8790bb-0f60-4a5f-9226-0449252931fb,direct_without_tor,c29bab75538a1b653d55f6c41461951ed271a576efa63dfe66656463e668ff14,200,2026-09-04T22:05:24Z,,0.684,true
815,mazowieckie,łosicki,Olszanka,gmina wiejska,1410032,2024,ok_finalnie,pdf,tekst,https://samorzad.gov.pl/attachment/a00c78e2-a810-41b8-b34f-293baffdf3a7,direct_without_tor,6b27891957467abd11e99e06958d0adb0f7b9de98e7d8233d2ea53127b133720,200,2026-09-04T22:05:27Z,,1.271,true
816,mazowieckie,łosicki,Olszanka,gmina wiejska,1410032,2025,ok_finalnie,pdf,tekst,https://samorzad.gov.pl/attachment/f71d77ce-95b6-42dd-a8d3-24ef5ebda07a,direct_without_tor,259484252b5f48c29576bbb5783a2ebde30829efde04c76456924af0b5274f04,200,2026-09-04T22:05:31Z,,1.494,true
817,mazowieckie,łosicki,Platerów,gmina wiejska,1410042,2018,ok_finalnie,pdf,tekst,http://web.archive.org/web/20230510122404id_/http://platerow.com.pl/pliki/dokumenty/dokumenty_strategiczne/raport_o_stanie_gminy_2018.pdf,wayback,16c217eade6e2c61e555baa6c3d48bc679cf3c62836794dadec90dd0fb410c25,200,2026-09-05T01:44:42Z,,1.444,true
818,mazowieckie,łosicki,Platerów,gmina wiejska,1410042,2019,ok_finalnie,pdf,"raport o stanie gminy (warstwa tekstowa; 60 str., 4,41 MB; pobrany z mirroru hostingowego nazwa.pl)",http://www.platerow.nazwa.pl/pliki/aktualnosci_2020/05_maj/Raport_o_stanie_gminy_za_rok_2019.pdf,"CDX platerow.com.pl -> plik /pliki/aktualnosci_2020/05_maj/Raport_o_stanie_gminy_za_rok_2019.pdf (artykul tablica-ogloszen 1013, Wayback 2021-09-23 = dowod kontekstu); zywy serwer platerow.com.pl: plik i artykul 404 (reorganizacja), mirror hostingowy www.platerow.nazwa.pl ZYWY i KOMPLETNY (4,41 MB vs 1 MiB ucięty z Wayback); tozsamosc: okladka + 60 str. + zalacznik artykulu",90c574bc7f978e8ceb9a8c09d1bb15ca0b9c8d27f2bffe64ac6bb70c3b85b76e,200,2026-09-05T01:44:17Z,,4.206,true
819,mazowieckie,łosicki,Platerów,gmina wiejska,1410042,2020,ok_finalnie,pdf,tekst,http://web.archive.org/web/20251013205153id_/https://www.platerow.com.pl/pliki/dokumenty/dokumenty_strategiczne/raport_o_stanie_gminy_za_2021.pdf,wayback,dc77490ccb2d990983fe4c3af2835639237b14799cbe2e1e73d03c26c99ebd2d,200,2026-09-05T01:44:46Z,,4.091,true
820,mazowieckie,łosicki,Platerów,gmina wiejska,1410042,2021,ok_finalnie,pdf,tekst,https://platerow.biuletyn.net/fls/bip_pliki/2022_05/BIPF5DFE82A5BCF8BZ/Raport_o_stanie_gminy_za_rok_2021.pdf,direct_without_tor,a7f68016d9677e1a5a6a6f87926736c18efe1ad6133bc6f8704e030845560c86,200,2026-09-04T22:39:39Z,,6.484,true
821,mazowieckie,łosicki,Platerów,gmina wiejska,1410042,2022,ok_finalnie,pdf,tekst,https://platerow.biuletyn.net/fls/bip_pliki/2023_05/BIPF5FC072C57E70CZ/RAPORT_2023.pdf,direct_without_tor,cb5b94f4939f91e5df767c20f4bab66591f0744dc3a5fb9a3f7519de341be20f,200,2026-09-04T22:39:44Z,,7.203,true
822,mazowieckie,łosicki,Platerów,gmina wiejska,1410042,2023,ok_finalnie,pdf,tekst,http://www.platerow.nazwa.pl/pliki/dokumenty/dokumenty_strategiczne/RAPORT_za_rok_2023.pdf,direct_without_tor,1b42d7b4f303add9e1365ad903cee87db820a858ba3267a3f20924ebcae6d021,200,2026-09-04T22:41:09Z,,16.737,true
823,mazowieckie,łosicki,Platerów,gmina wiejska,1410042,2024,ok_finalnie,pdf,tekst,http://www.platerow.nazwa.pl/pliki/dokumenty/raport_o_stanie_gminy/RAPORT_za_rok_2024.pdf,direct_without_tor,8733166a083f121e4f73e20a7d6b40c4b7271f58cbfc89a85707c09118a98d41,200,2026-09-04T22:41:13Z,,10.511,true
824,mazowieckie,łosicki,Platerów,gmina wiejska,1410042,2025,ok_finalnie,pdf,tekst,https://platerow.biuletyn.net/fls/bip_pliki/2026_06/BIPF653BA9A6E5750Z/RAPORT_za_rok_2025.pdf,direct_without_tor,e004c162341007413001fa78c5461019e90e61d93ec3b2d3f99a2c21718284e8,200,2026-09-04T22:39:52Z,,19.929,true
825,mazowieckie,łosicki,Sarnaki,gmina wiejska,1410052,2018,brak_finalnie,,,brak,"dogłębne sprawdzenie (web search + stare archiwum Joomla + Wayback + live BIP/WWW) - dowód istnienia raportu, plik nieodzyskany",,sprawdzono pogłębnie 2026-09-05,2026-09-03T03:07:39Z,[KONT.] || [TURA 19 05.09.2026] Wayback CDX sarnaki.pl: kategoria WP 'rada-gminy/raport-o-stanie-gminy' (capture VIII 2022) zawiera pliki raportów za 2020 ('Raport za 2020.pdf') i 2021 ('wp-content/uploads/2022/06/Raport-o-stanie-gminy-za-2021-rok.pdf'); brak czegokolwiek za 2018. Status bez zmian.,,true
826,mazowieckie,łosicki,Sarnaki,gmina wiejska,1410052,2019,ok_finalnie,pdf,"raport o stanie gminy (warstwa tekstowa; 49 str., 0,72 MB)",https://web.archive.org/web/20210207210129id_/http://sarnaki1.home.pl/nowa/images/2020.06.05%20Raport%20o%20stanie%20Gminy%20Sarnaki%20za%202019%20rok/Raport%20za%202019.pdf,CDX sarnaki1.home.pl -> plik z katalogu /nowa/images/2020.06.05 Raport.../Raport za 2019.pdf pobrany z Wayback (2021-02-07) KOMPLETNY (<1 MiB); zywe archiwum sarnaki1.home.pl/archiwum aktualnie 500 (serwis umierajacy); tozsamosc: okladka/wstep potwierdzaja rocznik 2019,0174de8a2bd6292fdfcdf4d66f54603a0c3a18a40e0b362c21f006e5f76b4d23,200,2026-09-05T01:44:49Z,,0.715,true
827,mazowieckie,łosicki,Sarnaki,gmina wiejska,1410052,2020,ok_finalnie,pdf,tekst,https://sarnaki.pl/wp-content/uploads/Raport%20za%202020.pdf,direct_without_tor,b2c1c18b2d8777ee66f64ad62885771c1daacd8ab30efbaaa8420b614e7a930e,200,2026-09-04T22:31:43Z,,0.996,true
828,mazowieckie,łosicki,Sarnaki,gmina wiejska,1410052,2021,ok_finalnie,pdf,tekst,https://sarnaki.pl/wp-content/uploads/2022/06/Raport-o-stanie-gminy-za-2021-rok.pdf,direct_without_tor,8464c541e520bdbb33652feaaf94319a8e0efb620a86d960927314c4beb6f539,200,2026-09-04T22:31:46Z,,2.282,true
829,mazowieckie,łosicki,Sarnaki,gmina wiejska,1410052,2022,ok_finalnie,pdf,tekst,https://sarnaki.pl/wp-content/uploads/2023/06/Raport-o-stanie-Gminy-Sarnaki-za-2022-rok.pdf,direct_without_tor,540c8fcf9fddb34cf72b151894c24121d7cab21ad20d855522e9ad7a45d11382,200,2026-09-04T22:31:49Z,,4.091,true
830,mazowieckie,łosicki,Sarnaki,gmina wiejska,1410052,2023,ok_finalnie,pdf,tekst,https://sarnaki.pl/wp-content/uploads/2024/06/Raport-o-stanie-Gminy-Sarnaki-za-2023-r.pdf,direct_without_tor,c3bb2512079dcd19424be3afb1b3c16feddc7848db03a3606aaa682cecab4258,200,2026-09-04T22:31:52Z,,3.333,true
831,mazowieckie,łosicki,Sarnaki,gmina wiejska,1410052,2024,ok_finalnie,pdf,tekst,https://sarnaki.pl/wp-content/uploads/2025/06/Raport-o-stanie-Gminy-Sarnaki-za-2024-r.pdf,direct_without_tor,ac1734e8fa322efb3ef4449e3e75f5bb3b41b2427859be38932e28116a8d336f,200,2026-09-04T22:31:55Z,,3.739,true
832,mazowieckie,łosicki,Sarnaki,gmina wiejska,1410052,2025,ok_finalnie,pdf,tekst,https://sarnaki.pl/wp-content/uploads/2026/06/Raport-o-stanie-Gminy-Sarnaki-za-2025-r-1.pdf,direct_without_tor_ssl_off,205dd6dc4bb7265395d7f12671b03b14bc9104f67788d27e2db2f72e31e1c27e,200,2026-09-04T23:39:03Z,,3.967,true
833,mazowieckie,łosicki,Łosice,gmina miejsko-wiejska,1410023,2018,brak_finalnie,,,brak,"dogłębne sprawdzenie (stary BIP AkcessNet + portal gmina.losice.pl + mirror HTTrack + Wayback + live BIP) - dowód istnienia raportu, plik nieodzyskany",,sprawdzono pogłębnie 2026-09-05,2026-09-03T03:07:39Z,"[KONT.] || [TURA 19 05.09.2026] Wayback CDX bip.gminalosice.pl (filter raport, 79 rekordów): brak jakiegokolwiek URL dla rocznika 2018. Status bez zmian.",,true
834,mazowieckie,łosicki,Łosice,gmina miejsko-wiejska,1410023,2019,brak_finalnie,,,brak,"doglebne sprawdzenie tura 2 (web search wielosilnikowy + skan przestrzeni zasobow BIP przez /resource/file/download-file/id.N z odczytem Content-Disposition + Wayback CDX + indeksy zarzadzen/uchwal + OCR rapidocr) - DOWOD ISTNIENIA, brak opublikowanego pliku",,sprawdzono pogłębnie 2026-09-05,2026-09-01T10:23:57Z,[KONT.] || [TURA 19 05.09.2026] Wayback CDX bip.gminalosice.pl (filter raport): brak URL dla rocznika 2019; najstarsze strony raportowe dotyczą 2020. Status bez zmian.,,true
835,mazowieckie,łosicki,Łosice,gmina miejsko-wiejska,1410023,2020,ok_finalnie,pdf,tekst,https://bip.gminalosice.pl/resource/818/raport_o_stanie_miasta_i_gminy_Losice_za_2020.pdf,direct_without_tor_ssl_off,99e2964048fcb13530b98da39289923e9d302d0aae751f8f6aaec3c36de7f7d7,200,2026-09-04T23:31:19Z,,8.242,true
836,mazowieckie,łosicki,Łosice,gmina miejsko-wiejska,1410023,2021,ok_finalnie,pdf,tekst,https://bip.gminalosice.pl/resource/1199/748/Raport+o+stanie+Miasta+i+Gminy+%C5%81osice+za+2021+rok.pdf,direct_without_tor_ssl_off,f86beeeeb588a1a93cbcc94686bec485246f6966136a2e85e16da0ac5081bbc6,200,2026-09-04T23:31:36Z,,5.211,true
837,mazowieckie,łosicki,Łosice,gmina miejsko-wiejska,1410023,2022,brak_finalnie,,,brak,"doglebne sprawdzenie tura 2 (web search wielosilnikowy + skan przestrzeni zasobow BIP przez /resource/file/download-file/id.N z odczytem Content-Disposition + Wayback CDX + indeksy zarzadzen/uchwal + OCR rapidocr) - DOWOD ISTNIENIA, brak opublikowanego pliku",,sprawdzono pogłębnie 2026-09-05,2026-09-01T10:23:57Z,"[KONT.] || [TURA 19 05.09.2026] DOWÓD WZMOCNIONY: strona /raport-o-stanie-miasta-i-gminy-losice/raport-o-stanie-miasta-i-gminy-losice-za-2022-rok-1.html istnieje (tytuł 'Raport o Stanie Miasta i Gminy Łosice za 2022 rok', kategoria raportowa, captures od 20240625) - ZAWARTOŚĆ BEZ ZAŁĄCZNIKA we wszystkich 8 capture'ach i live (zgodnie ze skanem ID 1-3487: plik 2022 nigdy nieopublikowany). Strona = dodatkowy dowód istnienia raportu. Status bez zmian.",,true
838,mazowieckie,łosicki,Łosice,gmina miejsko-wiejska,1410023,2023,ok_finalnie,pdf,tekst,https://bip.gminalosice.pl/resource/1992/1932/Raport+o+stanie+gminy+za+2023+rok.pdf,direct_without_tor_ssl_off,3c02d7ad39dbcc87ae19f9f88ce7da2a8e0102509f3f7cf1042a41f12a68ee36,200,2026-09-04T23:32:02Z,,6.242,true
839,mazowieckie,łosicki,Łosice,gmina miejsko-wiejska,1410023,2024,ok_finalnie,pdf,tekst,https://bip.gminalosice.pl/resource/2311/2461/Raport_za_2024_rok.pdf,direct_without_tor_ssl_off,4695fa5992debc61ec09061eeefd40b7140a755442ab638bac4a0809ecee581b,200,2026-09-04T23:32:27Z,,5.458,true
840,mazowieckie,łosicki,Łosice,gmina miejsko-wiejska,1410023,2025,ok_finalnie,pdf,tekst,https://bip.gminalosice.pl/resource/2874/3282/Raport_Miasta_i_Gminy_Losice_za_2025_rok_publikacja.pdf,direct_without_tor_ssl_off,27c49c63c44944ed8e2e739429223758cdcf9fcf8b1bb52079e18a8db2113725,200,2026-09-04T23:33:08Z,,14.102,true
2113,mazowieckie,ciechanowski,-,-,1402,2018,ok_finalnie,pdf,skan,https://archiwumbip.powiat-ciechanow.pl/pliki/stciechanow/raport_o_stanie_powiatu_za_2018_rokdb0c.pdf,direct_without_tor,a40bdc57ed1df1535b3d622641fecfd10eeebc55a74dfedacd2e84e938b80560,200,2026-09-04T22:37:50Z,,15.818,true
2114,mazowieckie,ciechanowski,-,-,1402,2019,ok_finalnie,pdf,tekst,https://archiwumbip.powiat-ciechanow.pl/pliki/stciechanow/kwiecien_2020_uchwala_zarzadu_65_wraz_raportem_o_stanie_powiatu_ciechanowskiego_za_2019_rokdb0c.pdf,direct_without_tor,5a0b8261c764c6379118d0c794e1da6fe079910dc40d0fd76bbbb2f96ad5231c,200,2026-09-04T22:37:53Z,,2.257,true
2115,mazowieckie,ciechanowski,-,-,1402,2020,ok_finalnie,pdf,tekst,https://archiwumbip.powiat-ciechanow.pl/pliki/stciechanow/kwiecien_2021_uchwala_zarzadu_56db0c.pdf,direct_without_tor,7e03723a0577d532735e3d91da4458777714aa395c5f41cea066b7f7c8608d3a,200,2026-09-04T22:37:56Z,,3.093,true
2116,mazowieckie,ciechanowski,-,-,1402,2021,ok_finalnie,pdf,tekst,https://archiwumbip.powiat-ciechanow.pl/pliki/stciechanow/kwiecien_2022_uchwala_zarzadu_56_wraz_z_raportem_o_stanie_powiatu_ciechanowskiego_za_2021_rokdb0c.pdf,direct_without_tor,a672a7f146bc1587ce060aebbc4941038d1a2efb26d05ea67ab2d5be0ca18685,200,2026-09-04T22:37:59Z,,3.742,true
2117,mazowieckie,ciechanowski,-,-,1402,2022,ok_finalnie,pdf,tekst,https://archiwumbip.powiat-ciechanow.pl/pliki/stciechanow/kwiecien_2023_uchwala_zarzadu_57_wraz_z_raportem_o_stanie_powiatu_ciechanowskiego_za_2022_rokdb0c.pdf,direct_without_tor,edc1347528e199a0508ff71b5010c4767177cfaea12a312faf0edcf14add1f66,200,2026-09-04T22:38:01Z,,1.821,true
2118,mazowieckie,ciechanowski,-,-,1402,2023,ok_finalnie,pdf,tekst,https://bip.powiat-ciechanow.pl/sites/bip.powiat-ciechanow.pl/files/2024/04/1410/kwiecien_2024_raport_o_stanie_powiatu_ciechanowskiego_za_2023_rok_raport_0.pdf,direct_without_tor,c4a13c89007fcd767c99ba6ab7ed4ec4291dc8ffe37ff8a39cbb34fef3028a1c,200,2026-09-04T22:40:16Z,,0.987,true
2119,mazowieckie,ciechanowski,-,-,1402,2024,ok_finalnie,pdf,tekst,https://bip.powiat-ciechanow.pl/sites/bip.powiat-ciechanow.pl/files/2025/04/2927/kwiecien_2025_raport_o_stanie_powiatu_ciechanowskiego_za_2024_rok_raport.pdf,direct_without_tor,5e073271e50b7a4812c37031ba0abcb66e758778f796fe1da420052a500c49f0,200,2026-09-04T22:40:20Z,,4.958,true
2120,mazowieckie,ciechanowski,-,-,1402,2025,ok_finalnie,pdf,tekst,https://bip.powiat-ciechanow.pl/sites/bip.powiat-ciechanow.pl/files/2026/04/4443/kwiecien_2026_raport_o_stanie_powiatu_ciechanowskiego_za_2025_rok_raport.pdf,direct_without_tor,8170a7b7fee0897ea59b84d15813cf45919c8f7c0d0656b4413d36e109baa63b,200,2026-09-04T22:40:23Z,,2.43,true
2121,mazowieckie,m. Ostrołęka,-,-,1461,2018,ok_finalnie,pdf,tekst,https://bip.um.ostroleka.pl/attachments/download/9390,direct_without_tor [m.n.p.p.: w mieście na prawach powiatu 'raport o stanie miasta' Prezydenta przedstawiany Radzie Miasta ( pełniącej jednocześnie funkcję Rady Powiatu) realizuje wymóg art. 92bb u.s.p.; ten sam dokument co w wiersz gminny],e86a89489111c58d01ccf66883e48da6568d7a0707c7af1d85afb807f4d0b024,200,2026-09-05T00:23:24Z,Dokument 'raport o stanie Ostrołęka' za 2018 r. (wiersz gminny 1461011) pełni funkcję raportu o stanie powiatu (m.n.p.p.).,4.74,true
2122,mazowieckie,m. Ostrołęka,-,-,1461,2019,ok_finalnie,pdf,tekst,https://bip.um.ostroleka.pl/attachments/download/12753,direct_without_tor [m.n.p.p.: w mieście na prawach powiatu 'raport o stanie miasta' Prezydenta przedstawiany Radzie Miasta ( pełniącej jednocześnie funkcję Rady Powiatu) realizuje wymóg art. 92bb u.s.p.; ten sam dokument co w wiersz gminny],0906e59fcec0bef525db4f4c33025b218bb826572219838c7f347eb8982838ad,200,2026-09-05T00:05:09Z,Dokument 'raport o stanie Ostrołęka' za 2019 r. (wiersz gminny 1461011) pełni funkcję raportu o stanie powiatu (m.n.p.p.).,1.561,true
2123,mazowieckie,m. Ostrołęka,-,-,1461,2020,ok_finalnie,pdf,tekst,https://bip.um.ostroleka.pl/attachments/download/16099,direct_without_tor [m.n.p.p.: w mieście na prawach powiatu 'raport o stanie miasta' Prezydenta przedstawiany Radzie Miasta ( pełniącej jednocześnie funkcję Rady Powiatu) realizuje wymóg art. 92bb u.s.p.; ten sam dokument co w wiersz gminny],fdf4e6aece2250c12ac388e6ac7a12d2e289745c253d3d6d411450657153251e,200,2026-09-05T00:05:12Z,Dokument 'raport o stanie Ostrołęka' za 2020 r. (wiersz gminny 1461011) pełni funkcję raportu o stanie powiatu (m.n.p.p.).,1.424,true
2124,mazowieckie,m. Ostrołęka,-,-,1461,2021,ok_finalnie,pdf,tekst,https://bip.um.ostroleka.pl/attachments/download/18903,direct_without_tor [m.n.p.p.: w mieście na prawach powiatu 'raport o stanie miasta' Prezydenta przedstawiany Radzie Miasta ( pełniącej jednocześnie funkcję Rady Powiatu) realizuje wymóg art. 92bb u.s.p.; ten sam dokument co w wiersz gminny],b03385bce113a876480c1a63361092818dd05b712d6ffffaed440e822c477621,200,2026-09-05T00:05:15Z,Dokument 'raport o stanie Ostrołęka' za 2021 r. (wiersz gminny 1461011) pełni funkcję raportu o stanie powiatu (m.n.p.p.).,3.396,true
2125,mazowieckie,m. Ostrołęka,-,-,1461,2022,ok_finalnie,pdf,tekst,https://bip.um.ostroleka.pl/attachments/download/21411,direct_without_tor [m.n.p.p.: w mieście na prawach powiatu 'raport o stanie miasta' Prezydenta przedstawiany Radzie Miasta ( pełniącej jednocześnie funkcję Rady Powiatu) realizuje wymóg art. 92bb u.s.p.; ten sam dokument co w wiersz gminny],d4faa3dd8302621e9d18d3b072158b90d17f2a9c0a340e24800dea687c37965f,200,2026-09-05T00:05:18Z,Dokument 'raport o stanie Ostrołęka' za 2022 r. (wiersz gminny 1461011) pełni funkcję raportu o stanie powiatu (m.n.p.p.).,3.297,true
2126,mazowieckie,m. Ostrołęka,-,-,1461,2023,ok_finalnie,pdf,tekst,https://bip.um.ostroleka.pl/attachments/download/24271,direct_without_tor [m.n.p.p.: w mieście na prawach powiatu 'raport o stanie miasta' Prezydenta przedstawiany Radzie Miasta ( pełniącej jednocześnie funkcję Rady Powiatu) realizuje wymóg art. 92bb u.s.p.; ten sam dokument co w wiersz gminny],f3e33986c350839e2c5e7e389312c841b88fa493bdec5eb76fa31b4dfd8de7fb,200,2026-09-05T00:05:22Z,Dokument 'raport o stanie Ostrołęka' za 2023 r. (wiersz gminny 1461011) pełni funkcję raportu o stanie powiatu (m.n.p.p.).,3.355,true
2127,mazowieckie,m. Ostrołęka,-,-,1461,2024,ok_finalnie,pdf,tekst,https://bip.um.ostroleka.pl/attachments/download/26961,direct_without_tor [m.n.p.p.: w mieście na prawach powiatu 'raport o stanie miasta' Prezydenta przedstawiany Radzie Miasta ( pełniącej jednocześnie funkcję Rady Powiatu) realizuje wymóg art. 92bb u.s.p.; ten sam dokument co w wiersz gminny],aa2b9e48103e0129e9ef9fdd07369c356a23b9d83106fdc664c8e5ad978b227c,200,2026-09-05T00:05:26Z,Dokument 'raport o stanie Ostrołęka' za 2024 r. (wiersz gminny 1461011) pełni funkcję raportu o stanie powiatu (m.n.p.p.).,3.38,true
2128,mazowieckie,m. Ostrołęka,-,-,1461,2025,ok_finalnie,pdf,tekst,https://bip.um.ostroleka.pl/attachments/download/29431,direct_without_tor [m.n.p.p.: w mieście na prawach powiatu 'raport o stanie miasta' Prezydenta przedstawiany Radzie Miasta ( pełniącej jednocześnie funkcję Rady Powiatu) realizuje wymóg art. 92bb u.s.p.; ten sam dokument co w wiersz gminny],87e9863b63bb62924976627f17991b3533490f58147d52fe6719438e0d1abfb8,200,2026-09-05T00:05:29Z,Dokument 'raport o stanie Ostrołęka' za 2025 r. (wiersz gminny 1461011) pełni funkcję raportu o stanie powiatu (m.n.p.p.).,4.126,true
2129,mazowieckie,m. Siedlce,-,-,1464,2018,ok_finalnie,pdf,tekst,https://www.bip.siedlce.pl/bip/89_umsiedlce/fckeditor/file/Raport%20o%20stanie%20miasta%20Siedlcv/2018//raport-o-stanie-miasta-w-2018-r.pdf,direct_without_tor_ssl_off; m.n.p.p.: ten sam raport o stanie miasta Siedlce za 2018 co wiersz gminny 73 (art. 92bb u.s.p.); poprzedni URL był raportem głosowań sesji III 2018-12-28,28b71965dd43abae6290d5398ddf057b032869f08076748996fe538e96bc6c11,200,2026-09-05T08:47:59Z,,2.476,true
2130,mazowieckie,m. Siedlce,-,-,1464,2019,ok_finalnie,pdf,tekst,https://www.bip.siedlce.pl/bip/89_umsiedlce/fckeditor/file/Raport%20o%20stanie%20miasta%20Siedlcv/2019//RAPORT%20O%20STANIE%20MIASTA%20w%202019%20r.pdf,direct_without_tor_ssl_off [m.n.p.p.: w mieście na prawach powiatu 'raport o stanie miasta' Prezydenta przedstawiany Radzie Miasta (pełniącej jednocześnie funkcję Rady Powiatu) realizuje wymóg art. 92bb u.s.p.; ten sam dokument co w wierszu gminnym],97b6ef8af81face1c011262e130ac5403bdf137356a8c31bf925eeef06c86bc2,200,2026-09-09T12:27:39Z,[TURA 22 09.09.2026] | KOREKTA: wejściowy wiersz ok wskazywał raport głosowań z sesji (grudzień 2019) zamiast raportu o stanie miasta,1.914,true
2131,mazowieckie,m. Siedlce,-,-,1464,2020,ok_finalnie,pdf,tekst,https://www.bip.siedlce.pl/bip/89_umsiedlce/fckeditor/file/Raport%20o%20stanie%20miasta%20Siedlcv/2020//Raport-2020.pdf,direct_without_tor_ssl_off [m.n.p.p.: w mieście na prawach powiatu 'raport o stanie miasta' Prezydenta przedstawiany Radzie Miasta (pełniącej jednocześnie funkcję Rady Powiatu) realizuje wymóg art. 92bb u.s.p.; ten sam dokument co w wierszu gminnym],18988ffaf49f6fba2fa6a48e6ea7679d217e07cb35830c63192db3554a4a3123,200,2026-09-09T12:27:44Z,[TURA 22 09.09.2026] | KOREKTA: wejściowy wiersz ok wskazywał raport głosowań z sesji 22.12.2020 zamiast raportu o stanie miasta,2.217,true
2132,mazowieckie,m. Siedlce,-,-,1464,2021,ok_finalnie,pdf,tekst,https://www.bip.siedlce.pl/bip/89_umsiedlce/fckeditor/file/Raport%20o%20stanie%20miasta%20Siedlcv/2021/Raport2021.pdf,direct_without_tor_ssl_off [m.n.p.p.: w mieście na prawach powiatu 'raport o stanie miasta' Prezydenta przedstawiany Radzie Miasta ( pełniącej jednocześnie funkcję Rady Powiatu) realizuje wymóg art. 92bb u.s.p.; ten sam dokument co w wiersz gminny],6550d082274c35f30b828c8fdbf4a713523a2ef57a91c67b4618d1ddbdf607be,200,2026-09-04T23:21:51Z,Dokument 'raport o stanie Siedlce' za 2021 r. (wiersz gminny 1464011) pełni funkcję raportu o stanie powiatu (m.n.p.p.).,3.03,true
2133,mazowieckie,m. Siedlce,-,-,1464,2022,ok_finalnie,pdf,tekst,https://bip.siedlce.pl/bip/89_umsiedlce/fckeditor/file/Raport%20o%20stanie%20miasta%20Siedlcv/2022//Raport_o_stanie_miasta_Siedlce2022.pdf,direct_without_tor_ssl_off [m.n.p.p.: w mieście na prawach powiatu 'raport o stanie miasta' Prezydenta przedstawiany Radzie Miasta ( pełniącej jednocześnie funkcję Rady Powiatu) realizuje wymóg art. 92bb u.s.p.; ten sam dokument co w wiersz gminny],f5d7769f835158e5140e748ce60192261fe75a457e9a5d23bbb85d9392813fba,200,2026-09-04T23:34:35Z,Dokument 'raport o stanie Siedlce' za 2022 r. (wiersz gminny 1464011) pełni funkcję raportu o stanie powiatu (m.n.p.p.).,1.898,true
2134,mazowieckie,m. Siedlce,-,-,1464,2023,ok_finalnie,pdf,tekst,https://www.bip.siedlce.pl/bip/89_umsiedlce/fckeditor/file/Raport%20o%20stanie%20miasta%20Siedlcv/2023//Raport_o_stanie_miasta_za_2023.pdf,direct_without_tor_ssl_off [m.n.p.p.: w mieście na prawach powiatu 'raport o stanie miasta' Prezydenta przedstawiany Radzie Miasta ( pełniącej jednocześnie funkcję Rady Powiatu) realizuje wymóg art. 92bb u.s.p.; ten sam dokument co w wiersz gminny],f622d08df6a74b517f26f31925661f7a42d88556aaa7642c2e41446a7ff4df4f,200,2026-09-04T23:21:55Z,Dokument 'raport o stanie Siedlce' za 2023 r. (wiersz gminny 1464011) pełni funkcję raportu o stanie powiatu (m.n.p.p.).,4.065,true
2135,mazowieckie,m. Siedlce,-,-,1464,2024,ok_finalnie,pdf,tekst,https://www.bip.siedlce.pl/bip/89_umsiedlce/fckeditor/file/2025/raport%20o%20stanie%20miasta/RAPORT%20O%20STANIE%20MIASTA%20W%202024%20ROKU.pdf,direct_without_tor_ssl_off [m.n.p.p.: w mieście na prawach powiatu 'raport o stanie miasta' Prezydenta przedstawiany Radzie Miasta ( pełniącej jednocześnie funkcję Rady Powiatu) realizuje wymóg art. 92bb u.s.p.; ten sam dokument co w wiersz gminny],6bccacfe661ec2ea9547fdd9fdf7006435e6859fe300f12cada51b389baf41af,200,2026-09-04T23:21:59Z,Dokument 'raport o stanie Siedlce' za 2024 r. (wiersz gminny 1464011) pełni funkcję raportu o stanie powiatu (m.n.p.p.).,5.108,true
2136,mazowieckie,m. Siedlce,-,-,1464,2025,ok_finalnie,pdf,tekst,https://bip.siedlce.pl/bip/89_umsiedlce/fckeditor/file/2026/Raport%20o%20stanie%20miasta%202025/RAPORT_2025.pdf,direct_without_tor [m.n.p.p.: w mieście na prawach powiatu 'raport o stanie miasta' Prezydenta przedstawiany Radzie Miasta ( pełniącej jednocześnie funkcję Rady Powiatu) realizuje wymóg art. 92bb u.s.p.; ten sam dokument co w wiersz gminny],9c5940f468bcb2645c9538a62b3e0ca68f9f37f652705a6dfb1d79dbbfef85af,200,2026-09-05T00:09:05Z,Dokument 'raport o stanie Siedlce' za 2025 r. (wiersz gminny 1464011) pełni funkcję raportu o stanie powiatu (m.n.p.p.).,9.697,true
2137,mazowieckie,makowski,-,-,1411,2018,ok_finalnie,pdf,tekst,https://samorzad.gov.pl/attachment/1600e87c-73b4-4d0a-888d-4ec520b1be1f,direct_without_tor,27db7271985bc7c3c6a82ee845a78e864965a0fc0dbf88ea4b5ed828249ce3ba,200,2026-09-04T22:05:49Z,,4.613,true
2138,mazowieckie,makowski,-,-,1411,2019,ok_finalnie,pdf,tekst,https://samorzad.gov.pl/attachment/71371dbc-5a22-4e52-8216-418060b88d19,direct_without_tor,11fc6e612b6330d57fd2674743e9262631041b0b2812beea24d1635379eebf03,200,2026-09-04T22:06:07Z,,12.098,true
2139,mazowieckie,makowski,-,-,1411,2020,ok_finalnie,pdf,tekst,https://samorzad.gov.pl/attachment/566a1258-3002-4852-83dd-9de4fa0f7866,direct_without_tor,c8b65454dd750a84fcaaa704a3ad65592971c6ed5dcadb0f83458c7e70079d7f,200,2026-09-04T22:06:18Z,,6.942,true
2140,mazowieckie,makowski,-,-,1411,2021,ok_finalnie,pdf,tekst,https://samorzad.gov.pl/attachment/a727a7a6-7e3f-4ffa-9ecd-4457cbefb61b,direct_without_tor,247c6f202ac23051a85471702b2c5d2efada091137c915d7ef45d3c1a695b395,200,2026-09-04T22:06:34Z,,9.654,true
2141,mazowieckie,makowski,-,-,1411,2022,ok_finalnie,pdf,tekst,https://samorzad.gov.pl/attachment/f8b1b8cc-926a-444a-8f19-10fdd7d5dca4,direct_without_tor,491c931d8111f8b58702e1b216f8871b5d8073fdfa9d1f7dee7b834bf278cb2d,200,2026-09-04T22:06:48Z,,9.179,true
2142,mazowieckie,makowski,-,-,1411,2023,ok_finalnie,pdf,tekst,https://samorzad.gov.pl/attachment/491db246-e243-4ba9-a92e-b67ba29635a6,direct_without_tor,bb905274cc8ea30b98654b5f19d02c39e1815b061d8f112008218b7abdcca096,200,2026-09-04T22:07:06Z,,11.832,true
2143,mazowieckie,makowski,-,-,1411,2024,ok_finalnie,pdf,tekst,https://samorzad.gov.pl/attachment/c529abc9-6fcf-4c25-8f95-f26e16239ca5,direct_without_tor,3900bd54f4af7ce3b35bd60d817f0ce9e1e22fe613ed86e6ba1ea5316f34e1af,200,2026-09-04T22:07:26Z,,13.227,true
2144,mazowieckie,makowski,-,-,1411,2025,ok_finalnie,pdf,tekst,https://samorzad.gov.pl/attachment/5dd95a51-d7ce-4545-9f0b-3e9164b6206c,direct_without_tor,07c9272c4855657a20262ffe84c3321967ae104db9474c72d2f2d57104df06e7,200,2026-09-04T22:07:43Z,,11.218,true
2145,mazowieckie,mławski,-,-,1413,2018,ok_finalnie,pdf,tekst,"https://www.bip.powiatmlawski.pl/plik,22808,zalacznik-do-uchwaly-nr-142-2019-zarzadu-powiatu-mlawskiego.pdf",direct_without_tor,0c6788465cbd6d5f16360dba7b4f0b7909840ba4e266f7972f1192950f3134ad,200,2026-09-04T22:09:30Z,,1.248,true
2146,mazowieckie,mławski,-,-,1413,2019,ok_finalnie,docx,tekst,"https://www.bip.powiatmlawski.pl/plik,24261,zalacznik-do-uchwaly-412-2020-zarzadu-powiatu-mlawskiego.docx",direct_without_tor,98eca5473d72a4bac0669cf079c2c9443cd7caf2aac9b6837b4ceb8f43358efe,200,2026-09-04T22:09:33Z,,0.608,true
2147,mazowieckie,mławski,-,-,1413,2020,ok_finalnie,pdf,tekst,"https://www.bip.powiatmlawski.pl/plik,25872,zalacznik-do-uchwaly.pdf",direct_without_tor,7247b5dc94b5d316fd7e7114dfca74d617116e9e6196ecd330827ccc9877d15c,200,2026-09-04T22:09:37Z,,1.508,true
2148,mazowieckie,mławski,-,-,1413,2021,ok_finalnie,pdf,tekst,"https://www.bip.powiatmlawski.pl/plik,27489,zalacznik-do-uchwaly.pdf",direct_without_tor,c54359f9c5572dfe8203482c28fa20cd6efa0e89b0eb6a81d7f4f863bad0a847,200,2026-09-04T22:09:41Z,,1.707,true
2149,mazowieckie,mławski,-,-,1413,2022,ok_finalnie,pdf,tekst,"https://www.bip.powiatmlawski.pl/plik,29258,zalacznik-do-uchwaly.pdf",direct_without_tor,a0ac44a1e34827fa42cdcbd50fc5d64659d6a01f65531301770b10770a697699,200,2026-09-04T22:09:45Z,,2.251,true
2150,mazowieckie,mławski,-,-,1413,2023,ok_finalnie,pdf,tekst,"https://www.bip.powiatmlawski.pl/plik,30959,raport-o-stanie-powiatu-mlawskiego-za-2023-rok.pdf",direct_without_tor,717d233dc3acf193fbf001a795b6f4834d1dfd084cf43902c9e3ab12a9ad7638,200,2026-09-04T22:09:51Z,,2.248,true
2151,mazowieckie,mławski,-,-,1413,2024,ok_finalnie,pdf,tekst,"https://www.bip.powiatmlawski.pl/plik,33204,raport-o-stanie-powiatu-mlawskiego-za-2024-pdf.pdf",direct_without_tor,384335c5cf24070c1302fb10bc0d5b8ee455d8b13ad254af948fd36191ea2623,200,2026-09-04T22:09:58Z,,4.036,true
2152,mazowieckie,mławski,-,-,1413,2025,ok_finalnie,pdf,tekst,"https://www.bip.powiatmlawski.pl/plik,35153,raport-o-stanie-powiatu-mlawskiego-za-2025-rok.pdf",direct_without_tor,beab64e1ca01e0fdb54a0000eeddf784d5b60472043ed7f2f4d4726fde555076,200,2026-09-04T22:10:07Z,,5.336,true
2153,mazowieckie,ostrowski,-,-,1416,2018,ok_finalnie,pdf,tekst,https://cms-v2-files.idcom-jst.pl/sites/96/cms/szablony/4756/pliki/u_68_25_2019.pdf,direct_without_tor,8e26d70a6bb6cedcbf7cf37e39a5b8b771ac5fc5f7dfa1ac4d176eb44945ddbd,200,2026-09-04T21:53:46Z,,1.703,true
2154,mazowieckie,ostrowski,-,-,1416,2019,ok_finalnie,pdf,tekst,https://cms-v2-files.idcom-jst.pl/sites/96/cms/szablony/4756/pliki/u_233_90_2020.pdf,direct_without_tor,4eeb9da11b41aff0c066d8095ce44ebeab49374e2818231a54e0e8e3c8d6d80d,200,2026-09-04T21:53:49Z,,2.591,true
2155,mazowieckie,ostrowski,-,-,1416,2020,ok_finalnie,pdf,tekst,https://cms-v2-files.idcom-jst.pl/sites/96/cms/szablony/4756/pliki/u_zp_378_141_2021.pdf,direct_without_tor,f9bd951326deb12bf45d40973ff650e6913eae6d2199071ab3ec9d2476ed3823,200,2026-09-04T21:53:53Z,,8.763,true
2156,mazowieckie,ostrowski,-,-,1416,2021,ok_finalnie,pdf,tekst,https://cms-v2-files.idcom-jst.pl/sites/96/cms/szablony/4756/pliki/u_zp_518_187_2022_1.pdf,direct_without_tor,fcdb9908916086c7deef4bf1e42099239e20be460f11553c47f39b06e441efcd,200,2026-09-04T21:53:57Z,,4.487,true
2157,mazowieckie,ostrowski,-,-,1416,2022,ok_finalnie,pdf,tekst,https://cms-v2-files.idcom-jst.pl/sites/96/cms/szablony/4756/pliki/u_zp_647_236_2023.pdf,direct_without_tor,07a8cae51efa5feedcbf12ad646fedf2622091a5482fb40364c420862f46ba73,200,2026-09-04T21:54:01Z,,2.235,true
2158,mazowieckie,ostrowski,-,-,1416,2023,ok_finalnie,pdf,tekst,https://cms-v2-files.idcom-jst.pl/sites/96/cms/szablony/4756/pliki/u_zp_u_zp_u_zp_u_zp_7_2_2024.pdf,direct_without_tor,f69a4d108515edc05ee926450c092a5b03a32401d80aed69efdd6197b5282ce3,200,2026-09-04T21:54:05Z,,4.854,true
2159,mazowieckie,ostrowski,-,-,1416,2024,ok_finalnie,pdf,tekst,https://cms-v2-files.idcom-jst.pl/sites/96/wiadomosci/115166/files/4._raport_o_stanie_powiatu_ostrowskiego.pdf,direct_without_tor,d5e2227df663b5aae48a66f5c4a88f5e7023df3702efbebd0dd11fafe6e8390d,200,2026-09-04T21:54:09Z,,3.766,true
2160,mazowieckie,ostrowski,-,-,1416,2025,ok_finalnie,pdf,tekst,https://bip-v1-files.idcom-jst.pl/sites/47311/wiadomosci/885211/files/u_zp_251_98_2026.pdf,direct_without_tor,01452fef07811c5c3dcea86e1fca56a3507aa054cb35342fd563595ed9177953,200,2026-09-04T22:10:48Z,,3.952,true
2161,mazowieckie,ostrołęcki,-,-,1415,2018,ok_finalnie,pdf,tekst,https://bip.powiatostrolecki.pl/download/attachment/539/raport-o-stanie-powiatu-2018.pdf,direct_without_tor,ca2a683afff2128aa9b2e35c29ff23cf7dc74fbb61d040fb0cb3e6ac7daa43cf,200,2026-09-04T22:09:52Z,,2.791,true
2162,mazowieckie,ostrołęcki,-,-,1415,2019,ok_finalnie,pdf,tekst,https://bip.powiatostrolecki.pl/download/attachment/541/raport-o-stanie-powiatu-2019.pdf,direct_without_tor,5c354e57eacb959b7265b18fc6e2f3590576781884ce4b93d923359e66268950,200,2026-09-04T22:09:56Z,,4.523,true
2163,mazowieckie,ostrołęcki,-,-,1415,2020,ok_finalnie,pdf,tekst,https://bip.powiatostrolecki.pl/download/attachment/2294/raport-o-stanie-powiatu-2020.pdf,direct_without_tor,12e679d076a665cb5e972dd9256760d8cd6e604813ee0b1ac978a432b182f3f1,200,2026-09-04T22:09:58Z,,3.183,true
2164,mazowieckie,ostrołęcki,-,-,1415,2021,ok_finalnie,pdf,tekst,https://bip.powiatostrolecki.pl/download/attachment/8922/raport-o-stanie-powiatu-2021.pdf,direct_without_tor,260c78f8757068fe518403aa9224960a422eda641b608a91e8b5da30742d420d,200,2026-09-04T22:10:02Z,,5.291,true
2165,mazowieckie,ostrołęcki,-,-,1415,2022,ok_finalnie,pdf,tekst,https://bip.powiatostrolecki.pl/download/attachment/12011/raport-o-stanie-powiatu-2022.pdf,direct_without_tor,4a8c146bb07985944fddb2448490fd10f7cf3c77f3be7d08e0aec0ea5b7988d9,200,2026-09-04T22:10:05Z,,6.874,true
2166,mazowieckie,ostrołęcki,-,-,1415,2023,ok_finalnie,pdf,tekst,https://bip.powiatostrolecki.pl/download/attachment/16918/raport-o-stanie-powiatu-2023.pdf,direct_without_tor,3990d52ec843f83a90c649e377368437f6ea55e39da4b489dece8646e248779f,200,2026-09-04T22:10:09Z,,5.881,true
2167,mazowieckie,ostrołęcki,-,-,1415,2024,ok_finalnie,pdf,tekst,https://bip.powiatostrolecki.pl/download/attachment/20761/raport-o-stanie-powiatu-2024.pdf,direct_without_tor,20035a984cac51dd1bfabb2a2aabe5ed5bdd6489fea09182bf9793c5bb27c807,200,2026-09-04T22:10:12Z,,2.142,true
2168,mazowieckie,ostrołęcki,-,-,1415,2025,ok_finalnie,pdf,tekst,https://bip.powiatostrolecki.pl/download/attachment/23087/raport-o-stanie-powiatu-2025.pdf,direct_without_tor,0d93a88460f1c922433551f1086e91663981a1a840e3c6492d904e58af579a82,200,2026-09-04T22:10:15Z,,4.015,true
2169,mazowieckie,przasnyski,-,-,1422,2018,ok_finalnie,pdf,tekst,"https://bip.powiat-przasnysz.pl/e,pobierz,get.html?id=29766",direct_without_tor,695e7a65a4202e315017e75a747e6edf66c93db18a5fbe9157cac6fb3f48ca41,200,2026-09-04T22:09:54Z,,1.355,true
2170,mazowieckie,przasnyski,-,-,1422,2019,ok_finalnie,pdf,tekst,"https://bip.powiat-przasnysz.pl/e,pobierz,get.html?id=29764",direct_without_tor,89a9be292a35fbff2fc0527fb91b3afd07774a494ef2fc31149a24aa08b23685,200,2026-09-04T22:10:19Z,,31.063,true
2171,mazowieckie,przasnyski,-,-,1422,2020,ok_finalnie,pdf,tekst,"https://bip.powiat-przasnysz.pl/e,pobierz,get.html?id=29759",direct_without_tor,616a1b798f47f120091ccca2a72e83adbfe05a70cbf85569bb245a7f42fb56b1,200,2026-09-04T22:10:23Z,,3.92,true
2172,mazowieckie,przasnyski,-,-,1422,2021,ok_finalnie,doc,tekst,"https://bip.powiat-przasnysz.pl/e,pobierz,get.html?id=29751",direct_without_tor,650869e92712c53ce9fd5cb51453fc72699e0e75e93a3482311477c63d479571,200,2026-09-04T22:10:30Z,,22.843,true
2173,mazowieckie,przasnyski,-,-,1422,2022,ok_finalnie,pdf,tekst,"https://bip.powiat-przasnysz.pl/e,pobierz,get.html?id=36474",direct_without_tor,0fbb52e9a92f20aa927a735dbb48c4e6d254fcc0fad93679f4658c4fdf95ecf6,200,2026-09-04T22:10:35Z,,4.734,true
2174,mazowieckie,przasnyski,-,-,1422,2023,ok_finalnie,pdf,tekst,"https://bip.powiat-przasnysz.pl/e,pobierz,get.html?id=38772",direct_without_tor,0f5f3ffe3c4fce81d9a47db1fa702eb36da191681e8f945b29399b3aca30ffa8,200,2026-09-04T22:10:40Z,,4.143,true
2175,mazowieckie,przasnyski,-,-,1422,2024,ok_finalnie,pdf,tekst,"https://bip.powiat-przasnysz.pl/e,pobierz,get.html?id=40492",direct_without_tor,8b1dd5a4bd346582b61104cc690d092b0a77d4d62ca513aca5c3e13c5d096a4f,200,2026-09-04T22:10:58Z,,4.568,true
2176,mazowieckie,przasnyski,-,-,1422,2025,ok_finalnie,pdf,tekst,"https://bip.powiat-przasnysz.pl/e,pobierz,get.html?id=42253",direct_without_tor,7315f9317f6903ab2f20c3b937eee907a644d61d721371045c9b3aefde3632b0,200,2026-09-04T22:11:31Z,,70.549,true
2177,mazowieckie,pułtuski,-,-,1424,2018,ok_finalnie,pdf,skan,https://bip.powiatpultuski.pl/pliki/starostwopultusk/raport_o_stanie_powiatu_pultuskiego_za_rok_2018.pdf,direct_without_tor,1ef9f1ecca4ec1cf36e79c1a5b30e33d76e945b543a18cee300338fc71881ac5,200,2026-09-04T22:10:19Z,,20.401,true
2178,mazowieckie,pułtuski,-,-,1424,2019,ok_finalnie,pdf,tekst,https://bip.powiatpultuski.pl/pliki/starostwopultusk/uchwala_nr_295-2020_zarzadu_powiatu_w_pultusku_z_dnia_9_czerwca_2020r.-scalone.pdf,direct_without_tor,6646b72b80c0acbc8fa29be07992a9d356a192fd4a99342e93668f638d1cad16,200,2026-09-04T22:10:22Z,,2.182,true
2179,mazowieckie,pułtuski,-,-,1424,2020,ok_finalnie,pdf,skan,https://bip.powiatpultuski.pl/pliki/starostwopultusk/uchwala_nr_456-2021_zarzadu_powiatu_z_dnia_26_maja_2021r._-_raport_o_stanie_powiatu_pultuskiego_za__rok_2020.pdf,direct_without_tor,37a47315c8aa2b20e6814c900191b5e33f81942658b07c3e21ec74fef1918c0c,200,2026-09-04T22:10:37Z,,17.153,true
2180,mazowieckie,pułtuski,-,-,1424,2021,ok_finalnie,pdf,tekst,https://bip.powiatpultuski.pl/pliki/starostwopultusk/raport_o_stanie_powiatu_pultuskiego_za_rok_2021.pdf,direct_without_tor,440faddc11241879e713b9d81524e3bf73d4b17bd0208ef72361e47a479f3712,200,2026-09-04T22:10:40Z,,4.027,true
2181,mazowieckie,pułtuski,-,-,1424,2022,ok_finalnie,pdf,skan,https://bip.powiatpultuski.pl/pliki/starostwopultusk/raport_o_stanie_powiatu_pultuskiego_za_rok_2022.pdf,direct_without_tor,d04e24ef188efee006081c13a0678d0f709e6640c95ea956f44549c9623bee48,200,2026-09-04T22:10:43Z,,4.141,true
2182,mazowieckie,pułtuski,-,-,1424,2023,ok_finalnie,pdf,skan,https://bip.powiatpultuski.pl/pliki/starostwopultusk/raport_o_stanie_powiatu_pultuskiego_za_2023_rok.pdf,direct_without_tor,b1d07dfbfb77268f6e81598c81326327b1d276985f14aafc9eacc9233b816ad4,200,2026-09-04T22:10:56Z,,17.077,true
2183,mazowieckie,pułtuski,-,-,1424,2024,ok_finalnie,pdf,tekst,https://bip.powiatpultuski.pl/pliki/starostwopultusk/raport_o_stanie_powiatu_za_2024_rok.pdf,direct_without_tor,0f8450581b2b716c663c7068e58c634dd4859782cd44ba4a1c6225d4ede84d0e,200,2026-09-04T22:10:59Z,,3.304,true
2184,mazowieckie,pułtuski,-,-,1424,2025,ok_finalnie,pdf,skan,https://bip.powiatpultuski.pl/pliki/starostwopultusk/raport_o_stanie_powiatu_pultuskiego_za_rok_2025..pdf,direct_without_tor,f69d48a87bdce1a0bfb5c3853e95119dace6ae83141022f66efb10c696f50f90,200,2026-09-04T22:11:28Z,,54.143,true
2185,mazowieckie,płoński,-,-,1420,2018,ok_finalnie,pdf,tekst,https://www.powiat-plonski.pl/resource/2054/3.+Raport.pdf,direct_without_tor,41f056e83cb79d202503129ad9b66b6f8c38e4f53f7d0947993bf09267e05e0f,200,2026-09-04T22:10:21Z,,1.409,true
2186,mazowieckie,płoński,-,-,1420,2019,ok_finalnie,pdf,tekst,https://www.powiat-plonski.pl/resource/2813/3.+Raport.pdf,direct_without_tor,18ba8e3eded49e45064e02f202c86ccefb340efe962e39cfbbd486b293ab0e61,200,2026-09-04T22:10:30Z,,2.254,true
2187,mazowieckie,płoński,-,-,1420,2020,ok_finalnie,pdf,tekst,https://www.powiat-plonski.pl/resource/3454/Raport+o+stanie+Powiatu+P%C5%82o%C5%84skiego+za+2020+rok.pdf,direct_without_tor,f9b9d11cbeb53c1fbb271412c34df24a25b6840f67a572610b39d0a63d5365a6,200,2026-09-04T22:10:39Z,,2.379,true
2188,mazowieckie,płoński,-,-,1420,2021,ok_finalnie,pdf,tekst,https://www.powiat-plonski.pl/resource/3960/Raport+o+stanie+Powiatu+P%C5%82o%C5%84skiego+za+2021+rok.pdf,direct_without_tor,11799a9c5c908a0f4a83c66595f5178f7ff78bcece76829e2e50e884b9bc98ac,200,2026-09-04T22:10:48Z,,2.825,true
2189,mazowieckie,płoński,-,-,1420,2022,ok_finalnie,pdf,tekst,https://www.powiat-plonski.pl/resource/4905/Raport+o+stanie+Powiatu+P%C5%82o%C5%84skiego+za+2022+rok.pdf,direct_without_tor,b312e4b5633e3d5fceb3c18bf79977848cab5b3eccfa11f0e380b122ad4cd367,200,2026-09-04T22:10:59Z,,3.178,true
2190,mazowieckie,płoński,-,-,1420,2023,ok_finalnie,pdf,tekst,https://www.powiat-plonski.pl/resource/5033/Raport+o+stanie+Powiatu+P%C5%82o%C5%84skiego+za+2023+rok.pdf,direct_without_tor,a11a8770dc24b8a80aaf255d31acb15b634080fd3d78ec0d23b94981b7cb0374,200,2026-09-04T22:11:10Z,,2.592,true
2191,mazowieckie,płoński,-,-,1420,2024,ok_finalnie,pdf,tekst,https://www.powiat-plonski.pl/resource/5522/Raport+o+stanie+Powiatu+P%C5%82o%C5%84skiego+za+2024+rok.pdf,direct_without_tor,11eab3ffa5c4343ced4c35062be355911de475a710ab7cec21315e061e6f85fd,200,2026-09-04T22:11:17Z,,1.83,true
2192,mazowieckie,płoński,-,-,1420,2025,ok_finalnie,pdf,tekst,https://www.powiat-plonski.pl/resource/6162/Raport+o+stanie+Powiatu+P%C5%82o%C5%84skiego+za+2025+rok.pdf,direct_without_tor,ce1eaf08f20cf2620b2334fb4c958369583899c51b946d1810d4d1a6163db620,200,2026-09-04T22:11:34Z,,5.536,true
2193,mazowieckie,siedlecki,-,-,1426,2018,ok_finalnie,pdf,tekst,"https://www.bip.powiatsiedlecki.pl/plik,5617,uchwala-xxii-63-2019-zarzadu-powiatu-w-siedlcach-z-dnia-15-maja-2019-r-w-sprawie-przyjecia-raportu-o-stanie-powiatu-siedleckiego-za-2018-rok.pdf","direct_without_tor (BIP bip.powiatsiedlecki.pl /480,raport-o-stanie-powiatu - uchwała XXII/63/2019 z 15.05.2019, raport za 2018)",f6e703f8360e40f4429ab88d003883e5e04f22a50abc2552d02ab2d359293816,200,2026-09-05T00:06:21Z,,3.692,true
2194,mazowieckie,siedlecki,-,-,1426,2019,ok_finalnie,pdf,tekst,"https://www.bip.powiatsiedlecki.pl/plik,6910,uchwala-lxxi-174-2020-w-sprawie-przedstawienia-radzie-powiatu-w-siedlcach-raportu-o-stanie-powiatu.pdf","direct_without_tor (BIP bip.powiatsiedlecki.pl /480,raport-o-stanie-powiatu - uchwała LXXI/174/2020 z 13.05.2020, raport za 2019)",816046110374d5aa30ebd136c6c63349bb6ff5cee89c68b910cc576557f5975a,200,2026-09-05T00:06:33Z,,5.684,true
2195,mazowieckie,siedlecki,-,-,1426,2020,ok_finalnie,pdf,tekst,"https://www.bip.powiatsiedlecki.pl/plik,8313,uchwala-cx-308-2021-w-sprawie-przedstawienia-radzie-powiatu-w-siedlcach-raportu-o-stanie-powiatu-siedleckiego-za-2020-rok.pdf","direct_without_tor (BIP bip.powiatsiedlecki.pl /480,raport-o-stanie-powiatu - uchwała CX/308/2021 z 12.05.2021, raport za 2020)",6f4e8a2da4af6c628ee49b10061c5392c41d7773c8b1aa3b2a49b104a89d833d,200,2026-09-05T00:06:41Z,,4.987,true
2196,mazowieckie,siedlecki,-,-,1426,2021,ok_finalnie,pdf,tekst,"https://www.bip.powiatsiedlecki.pl/plik,10294,uchwala-zarzadu-powiatu-nr-cliv-443-2022-w-sprawie-przedstawienia-radzie-powiatu-w-siedlcach-raportu-o-stanie-powiatu-siedleckiego-za-2021-rok.pdf","direct_without_tor (BIP bip.powiatsiedlecki.pl /480,raport-o-stanie-powiatu - uchwała CLIV/443/2022 z 12.05.2022, raport za 2021)",e2df7b25ecdd38c0628fc41abf9461f0445cd203b4852716aea84b9e5836cbcc,200,2026-09-05T00:06:56Z,,6.465,true
2197,mazowieckie,siedlecki,-,-,1426,2022,ok_finalnie,pdf,tekst,"https://www.bip.powiatsiedlecki.pl/plik,12361,uchwala-zarzadu-powiatu-nr-cxcix-567-2023-z-dnia-10-maja-2023-r-w-sprawie-przedstawienia-radzie-powiatu-w-siedlcach-raportu-o-stanie-powiatu-siedleckiego-za-2022-rok.pdf","direct_without_tor (BIP bip.powiatsiedlecki.pl /480,raport-o-stanie-powiatu - uchwała CXCIX/567/2023 z 10.05.2023, raport za 2022)",4ad0df5a99d98b0b01c391ad828537a16985d2d441ed45f727df3c7f39bc1ec2,200,2026-09-05T00:07:19Z,,6.418,true
2198,mazowieckie,siedlecki,-,-,1426,2023,ok_finalnie,pdf,tekst,"https://www.bip.powiatsiedlecki.pl/plik,14786,uchwala-nr-i-3-2024-w-sprawie-przedstawienia-radzie-powiatu-w-siedlcach-raportu-o-stanie-powiatu-siedleckiego-za-2023-rok.pdf",direct_without_tor,6ed2a93b286d52bb6581f2e43bbea4b055bde15cbb099597d3d23a56792c87b6,200,2026-09-04T22:40:33Z,,7.624,true
2199,mazowieckie,siedlecki,-,-,1426,2024,ok_finalnie,pdf,tekst,"https://www.bip.powiatsiedlecki.pl/plik,17416,uchwala-zarzadu-powiatu-w-siedlcach-nr-xli-113-2025-z-dnia-23-maja-2025-r-w-sprawie-przedstawienia-radzie-powiatu-w-siedlcach-raportu-o-stanie-powiatu-siedleckiego-za-2024-rok.pdf",direct_without_tor,874a10d7f0d78d583dd94d8c44e8d21830d143ace057e13a1a1677acb446299a,200,2026-09-04T22:40:47Z,,7.646,true
2200,mazowieckie,siedlecki,-,-,1426,2025,ok_finalnie,pdf,tekst,"https://www.bip.powiatsiedlecki.pl/plik,19536,uchwala-zarzadu-powiatu-w-siedlcach-nr-lxxx-208-2026-z-dnia-14-maja-2026-r-w-sprawie-przedstawienia-radzie-powiatu-w-siedlcach-raportu-o-stanie-powiatu-siedleckiego-za-2025-rok.pdf",direct_without_tor,56e867f0dfb8d8b8953eb30e5df1f3c9cbfccf5e12d9fd7508efb05c5a2dec35,200,2026-09-04T22:40:55Z,,6.962,true
2201,mazowieckie,sokołowski,-,-,1429,2018,ok_finalnie,pdf,tekst,https://samorzad.gov.pl/attachment/1d157c12-c170-4da3-910a-3f4bac216740,direct_without_tor,6aa6fd684c1f1a93fb0bb9f0336d49bb19eb3fbe9ff0b0a447f4ca0b900749bb,200,2026-09-04T22:09:34Z,,60.324,true
2202,mazowieckie,sokołowski,-,-,1429,2019,ok_finalnie,pdf,tekst,https://samorzad.gov.pl/attachment/c981a531-f730-4d10-94c8-3bd8b7fdfd1d,direct_without_tor,6071bd032317c87e2bedde6357612cfe9956c71ad6c718f0d967e8c07d242436,200,2026-09-04T22:11:30Z,,68.589,true
2203,mazowieckie,sokołowski,-,-,1429,2020,ok_finalnie,pdf,tekst,https://samorzad.gov.pl/attachment/5ccfe837-da87-41bd-8d6d-4c0d7e1fb694,direct_without_tor,35698f756270761d95a93d7c22e69368b789fe8a4cdd6bdcbab7666f2fda7889,200,2026-09-04T22:14:03Z,,92.909,true
2204,mazowieckie,sokołowski,-,-,1429,2021,ok_finalnie,pdf,tekst,https://samorzad.gov.pl/attachment/67cb1ffa-b55c-4b1d-b96c-a2402473365d,direct_without_tor,106b437e26d0dae9505970ea3a910fbf1b460c2d5e4118487755c5a0fcb4b1a3,200,2026-09-04T22:14:06Z,,0.973,true
2205,mazowieckie,sokołowski,-,-,1429,2022,ok_finalnie,pdf,tekst,https://samorzad.gov.pl/attachment/2a66a73c-91d7-4223-b3eb-cb7b4c40e922,direct_without_tor,667dc11cac3b1fa24ed8220ec222633563cbc4bc388975bd60c47ffb58ebc90d,200,2026-09-04T22:14:10Z,,1.955,true
2206,mazowieckie,sokołowski,-,-,1429,2023,ok_finalnie,pdf,tekst,https://samorzad.gov.pl/attachment/980fbe26-0bb6-4152-ac88-8d56816b4d9e,direct_without_tor,c45558c4ed3e953738c66dc115c535f70182183118e65fab392a4d8b07d60b56,200,2026-09-04T22:14:14Z,,1.798,true
2207,mazowieckie,sokołowski,-,-,1429,2024,ok_finalnie,pdf,tekst,https://samorzad.gov.pl/attachment/42dd6d06-61a3-4718-8f66-5df3bcd5e182,direct_without_tor,ee9a5c54553443d02efd0ca7e4de1572d1bd9a01aff6ebeb80a9f0aa5b368df6,200,2026-09-04T22:14:19Z,,2.276,true
2208,mazowieckie,sokołowski,-,-,1429,2025,ok_finalnie,pdf,tekst,https://samorzad.gov.pl/attachment/8f69c3fb-6c8d-4bda-85a8-b7a5c99dc55d,direct_without_tor,7dfe9c7d2fe4d3112c1a886bac300c532b969d2f5337f0609fbf0fa83401e2f3,200,2026-09-04T22:14:24Z,,1.829,true
2209,mazowieckie,wyszkowski,-,-,1435,2018,ok_finalnie,pdf,tekst,http://bip.powiat-wyszkowski.pl/pliki/2019/zarzad/maj/25_89_2019.pdf,direct_without_tor,41bc6eb8939c39143918381f7fec190279965e4970c10a925d3ef93cb6c3d94a,200,2026-09-04T22:10:32Z,,24.162,true
2210,mazowieckie,wyszkowski,-,-,1435,2019,ok_finalnie,pdf,tekst,http://bip.powiat-wyszkowski.pl/pliki/2020/zarzad/maj/90_275_2020.pdf,direct_without_tor,e0e4eab30f79721c090bbd30158b64df8336585a297abb969694afba82a0f374,200,2026-09-04T22:10:49Z,,3.812,true
2211,mazowieckie,wyszkowski,-,-,1435,2020,ok_finalnie,pdf,tekst,http://bip.powiat-wyszkowski.pl/pliki/2021/zarzad/maj/25052021/153.447.2021.pdf,direct_without_tor,959772ef6942ca53702ee0b4255bed700ba388ffec4ca42d4034b807ebbedf0b,200,2026-09-04T22:11:09Z,,27.525,true
2212,mazowieckie,wyszkowski,-,-,1435,2021,ok_finalnie,pdf,tekst,http://bip.powiat-wyszkowski.pl/pliki/2022/zarzad/maj/Uchwa%C5%82a%20215.679.2022.pdf,direct_without_tor,9b5a6a9786700c6aa94094a3974984c7df06015bd4715b8beca5aa78ac381129,200,2026-09-04T22:11:26Z,,5.045,true
2213,mazowieckie,wyszkowski,-,-,1435,2022,ok_finalnie,pdf,tekst,http://bip.powiat-wyszkowski.pl/pliki/2023/zarzad/maj/30052023/269.877.2023.pdf,direct_without_tor,ad2b4ba0276e3edb8196453682301f49023ff1339b22dcec68e9316110e0eb60,200,2026-09-04T22:11:46Z,,43.957,true
2214,mazowieckie,wyszkowski,-,-,1435,2023,ok_finalnie,pdf,tekst,http://bip.powiat-wyszkowski.pl/pliki/2024/zarzad/maj/28/3.7.2024.pdf,direct_without_tor,471696b5282902d6a52252f1800e94343bdf1230e2bad51530170c6dc2042bf1,200,2026-09-04T22:12:05Z,,66.957,true
2215,mazowieckie,wyszkowski,-,-,1435,2024,ok_finalnie,pdf,tekst,http://bip.powiat-wyszkowski.pl/pliki/2025/zarzad/maj/13052025/51.180.2025.pdf,direct_without_tor,b2a4c63175883635a3c7cb50fd728de9fd701c5c919281020d3711236f08510a,200,2026-09-04T22:12:08Z,,7.245,true
2216,mazowieckie,wyszkowski,-,-,1435,2025,ok_finalnie,pdf,tekst,http://bip.powiat-wyszkowski.pl/pliki/2026/ogloszenia/maj/Uchwa%C5%82a%20106.344.2026-1.pdf,direct_without_tor,6a0f3432d96bf3692cf17dccc3225580461d6761dd389a5c6f215dee4b65c075,200,2026-09-04T22:12:12Z,,10.008,true
2217,mazowieckie,węgrowski,-,-,1433,2018,ok_finalnie,pdf,tekst,https://bip.powiatwegrowski.pl/.file/cc4gy52srh5anafog.pdf,direct_without_tor,68e81c990bafdf9deec9139440b3cef4c70cb4c423b356f346fdf7000e3fceec,200,2026-09-04T22:11:22Z,,1.787,true
2218,mazowieckie,węgrowski,-,-,1433,2019,ok_finalnie,pdf,tekst,https://bip.powiatwegrowski.pl/.file/cy1d2gs8ziquf74ao.pdf,direct_without_tor,064d5928993b517d4bdf29f9ac4a4d916dc868bbe31754e4256a68fe66533252,200,2026-09-04T22:11:32Z,,5.568,true
2219,mazowieckie,węgrowski,-,-,1433,2020,ok_finalnie,pdf,tekst,https://bip.powiatwegrowski.pl/.file/82je724ychxj3xfua.pdf,direct_without_tor,c0245eeae94eb65b02ab1ad25153df0076cb774adca7f9b6a7635271af7aee1b,200,2026-09-04T22:11:43Z,,6.017,true
2220,mazowieckie,węgrowski,-,-,1433,2021,ok_finalnie,pdf,tekst,https://bip.powiatwegrowski.pl/.file/mk6hgf1tsvageycz8.pdf,direct_without_tor,13fe7d3e2b658b940d4dfc487b59d51fa4052be39c51c06e526336cb4c85b7c6,200,2026-09-04T22:13:24Z,,42.463,true
2221,mazowieckie,węgrowski,-,-,1433,2022,ok_finalnie,pdf,tekst,https://bip.powiatwegrowski.pl/.file/5ucj5a6yi0injmss2.pdf,direct_without_tor,d922cb3f89f6a6bcf1ff063d89b0991eb2fc40a8b38f9f32728fb633d8805295,200,2026-09-04T22:13:38Z,,8.011,true
2222,mazowieckie,węgrowski,-,-,1433,2023,ok_finalnie,pdf,tekst,https://bip.powiatwegrowski.pl/.file/2wxrewhcp3xf7k2hg.pdf,direct_without_tor,79e5a987920f6566c18c39a512f13c44016bae5ad72a42f24178920e0bf10088,200,2026-09-04T22:15:09Z,,38.861,true
2223,mazowieckie,węgrowski,-,-,1433,2024,ok_finalnie,pdf,tekst,https://bip.powiatwegrowski.pl/.file/37ml4ulqwyjhwng6q.pdf,direct_without_tor,d8fc486dad71ffcef0cdc0eee1496d2771008342f5acb6ff064d04b63d0da666,200,2026-09-04T22:16:35Z,,41.546,true
2224,mazowieckie,węgrowski,-,-,1433,2025,ok_finalnie,pdf,tekst,https://bip.powiatwegrowski.pl/.file/ozs4kahialug2k8w.pdf,direct_without_tor,4f0aa01213e0309c29cf91f7e51d6c205feb4778ffeac65f574055cc778fd4f9,200,2026-09-04T22:16:59Z,,14.354,true
2225,mazowieckie,łosicki,-,-,1410,2018,ok_finalnie,pdf,skan,http://www.e-bip.pl/file.ashx?hash=00000001000000250035404B00000001005000002019062513440000000000DA,proxy_pl_direct,8c087e66d37884376a182259874a8204f885e7bac24815931cf3540a05a1a6f0,200,2026-09-05T02:15:08Z,[revalid 2026-09-05] download_fail http=0 n=0 req:ConnectionError | [revalid 2026-09-05] revalidated unit=powiat_ok year=2018 ocr=True,4.812,true
2226,mazowieckie,łosicki,-,-,1410,2019,ok_finalnie,pdf,skan,http://www.e-bip.pl/file.ashx?hash=00000001000000250035A28C00000001005000002020080708062100000000E6,proxy_pl_direct,78eec730779a02b16dbdd32302ab49bac3aca81d588e10a24be5b0693481b3c7,200,2026-09-05T02:10:57Z,[revalid 2026-09-05] download_fail http=0 n=0 req:ConnectionError | [revalid 2026-09-05] revalidated unit=powiat_ok year=2019 ocr=True,6.845,true
2227,mazowieckie,łosicki,-,-,1410,2020,ok_finalnie,pdf,skan,http://www.e-bip.pl/file.ashx?hash=00000001000000250035DC63000000010050000020210616081003000000008C,proxy_pl_direct,cc86d759d254a909c9ffabdb902df70a1625d7754498f07d2a7d6f896d26efff,200,2026-09-05T02:13:50Z,[revalid 2026-09-05] download_fail http=0 n=0 req:ConnectionError | [revalid 2026-09-05] revalidated unit=powiat_ok year=2020 ocr=True,21.944,true
2228,mazowieckie,łosicki,-,-,1410,2021,ok_finalnie,pdf,skan,http://www.e-bip.pl/file.ashx?hash=00000001000000250036073800000001005000002022060310174800000000BE,proxy_pl_direct_bypass_cache,59e67f8a67c0b414ed1fb6610cd5d1a598f0ca7b11eab2c67f87f8ae7c4e6cb0,200,2026-09-05T02:14:15Z,[revalid 2026-09-05] download_fail http=0 n=0 req:ConnectionError | [revalid 2026-09-05] revalidated unit=powiat_ok year=2021 ocr=True,38.21,true
2229,mazowieckie,łosicki,-,-,1410,2022,ok_finalnie,pdf,tekst,https://samorzad.gov.pl/attachment/517e69fb-c9e4-40af-b027-13423fe31113,direct_without_tor,55532f662eaeda7e70d389876e347854450042904d5f9ae2f0712759125270f0,200,2026-09-05T02:14:15Z,[revalid 2026-09-04] hash_mismatch got=55532f662eaeda7e70d389876e347854450042904d5f9ae2f0712759125270f0 want=1519cdfa591a2346ac72f4c720d0b5c08ec85e6f565fd0915d2b9694026ae8a5 n=71596276 unit=powiat_ok report=True year=2022 | [revalid 2026-09-05] revalidated_hash_updated unit_ok report year=2022 n=71596276 old_hash_mismatch,68.28,true
2230,mazowieckie,łosicki,-,-,1410,2023,ok_finalnie,pdf,tekst,https://samorzad.gov.pl/attachment/14cfbe9d-057c-44bf-b2e6-9a34ecfce879,direct_without_tor,3d5d1b0765316f9bc3b97686b4aa0ea93feedf76bf9c8f62deb0dfdafd1cd15b,200,2026-09-05T02:11:40Z,[revalid 2026-09-04] hash_mismatch got=3d5d1b0765316f9bc3b97686b4aa0ea93feedf76bf9c8f62deb0dfdafd1cd15b want=39476e179a1e8e1734ff4b40d227f9d0e96d90a4bb293ee6e67aa79f95ff2cc7 n=10304970 unit=powiat_ok report=True year=2023 | [revalid 2026-09-05] revalidated_hash_updated unit_ok report year=2023 n=10304970 old_hash_mismatch,9.828,true
2231,mazowieckie,łosicki,-,-,1410,2024,ok_finalnie,pdf,tekst,https://samorzad.gov.pl/attachment/62285c80-f3c5-4874-87e7-789a4fc1c6d1,direct_without_tor,74338cecbf279d99e88aebcfa22dd74fe9b64718cfcdafeadaad00cb3d11d15e,200,2026-09-04T22:16:37Z,,9.086,true
2232,mazowieckie,łosicki,-,-,1410,2025,ok_finalnie,pdf,skan,https://samorzad.gov.pl/attachment/f84a0097-33c2-4729-bb80-40eb10d21a84,"direct_without_tor + ocr (okładka, str. 1-3; tesseract pol): Uchwała Nr 157/2026 Zarządu Powiatu Łosickiego z 27.05.2026 w sprawie przedstawienia raportu o stanie powiatu za rok 2025 + RAPORT O STANIE POWIATU ZA 2025 ROK (załącznik nr 1); źródło: portal BIP samorzad.gov.pl/web/powiat-losicki/Uchwaly-Zarzadu-Powiatu-losickiego (pliku nie dodano na stronie kategorii raport-o-stanie-powiatu, stąd wcześniejszy BRAK)",fde2d1f8ff3126335b9ab9dfdec7777eea630dc1baf825d980c46c276e1f4d9f,200,2026-09-05T00:08:04Z,,86.106,true
2465,mazowieckie,-,-,-,14,2018,ok_finalnie,docx,tekst,https://mazovia.pl/resource/29424/zalacznik_-_raport_o_stanie_wojewodztwa_mazowieckiego.docx,direct_without_tor (załącznik do uchwały Zarządu WM nr 689/46/19 w BIP mazovia.pl; web search + rejestr uchwał + Wayback dla nr uchwały),7d947e7a8eaf244ffaed156cfc68bb4e727334ac4b8df313ff343597e5eb533d,200,2026-09-05T01:44:10Z,"Raport o stanie województwa mazowieckiego za rok 2018 — załącznik nr 1 do uchwały nr 689/46/19 Zarządu WM; treść: 'Raport o stanie województwa mazowieckiego za rok 2018', Zarząd Województwa Mazowieckiego.",2.169,true
2466,mazowieckie,-,-,-,14,2019,ok_finalnie,docx,tekst,https://mazovia.pl/resource/30206/zalacznik_-_raport_o_stanie_wojewodztwa_mazowieckiego.docx,direct_without_tor (załącznik do uchwały Zarządu WM nr 667/131/20 w BIP mazovia.pl; web search + rejestr uchwał + Wayback dla nr uchwały),ab9957963b67b555b44f9c8d210b4a0c5498b999cb9b96ae249b302184907f27,200,2026-09-05T01:44:14Z,"Raport o stanie województwa mazowieckiego za rok 2019 — załącznik nr 1 do uchwały nr 667/131/20 Zarządu WM; treść: 'Raport o stanie województwa mazowieckiego za rok 2019', Zarząd Województwa Mazowieckiego.",2.046,true
2467,mazowieckie,-,-,-,14,2020,ok_finalnie,docx,tekst,https://mazovia.pl/resource/43888/Za%25C5%2582%25C4%2585cznik+-+Raport,direct_without_tor (załącznik do uchwały Zarządu WM nr 703/227/21 w BIP mazovia.pl; web search + rejestr uchwał + Wayback dla nr uchwały),e8e1d2233fd797b9f8dec9e000829c11278c5c0720364a8b075ddf9c73cb1363,200,2026-09-05T01:44:19Z,"Raport o stanie województwa mazowieckiego za rok 2020 — załącznik nr 1 do uchwały nr 703/227/21 Zarządu WM; treść: 'Raport o stanie województwa mazowieckiego za rok 2020', Zarząd Województwa Mazowieckiego.",2.631,true
2468,mazowieckie,-,-,-,14,2021,ok_finalnie,docx,tekst,https://mazovia.pl/resource/51449/Za%25C5%2582%25C4%2585cznik+-+Raport.docx,direct_without_tor (załącznik do uchwały Zarządu WM nr 806/325/22 w BIP mazovia.pl; web search + rejestr uchwał + Wayback dla nr uchwały),e983550697bdeb2b4b01b24029582ce8f74dd5385aa07668e81c7d24c7cd22f5,200,2026-09-05T01:44:26Z,"Raport o stanie województwa mazowieckiego za rok 2021 — załącznik nr 1 do uchwały nr 806/325/22 Zarządu WM; treść: 'Raport o stanie województwa mazowieckiego za rok 2021', Zarząd Województwa Mazowieckiego.",2.432,true
2469,mazowieckie,-,-,-,14,2022,ok_finalnie,pdf,tekst,https://mazovia.pl/resource/58388/Za%25C5%2582%25C4%2585cznik+-+Raport+o+stanie+wojewodztwa+za+2022+rok.pdf,direct_without_tor (załącznik do uchwały Zarządu WM nr 809/407/23 w BIP mazovia.pl; web search + rejestr uchwał + Wayback dla nr uchwały),cdcc5a682fffd83f7833b3c37acc1bdfe1eb0f92af95882d24d23e630fb66bce,200,2026-09-05T01:44:31Z,"Raport o stanie województwa mazowieckiego za rok 2022 — załącznik nr 1 do uchwały nr 809/407/23 Zarządu WM; treść: 'Raport o stanie województwa mazowieckiego za rok 2022', Zarząd Województwa Mazowieckiego.",3.32,true
2470,mazowieckie,-,-,-,14,2023,ok_finalnie,docx,tekst,https://mazovia.pl/resource/65697/Za%25C5%2582%25C4%2585cznik+-+Raport+o+stanie+wojew%25C3%25B3dztwa+mazowieckiego+za+rok+2023.docx,direct_without_tor (załącznik do uchwały Zarządu WM nr 929/493/24 w BIP mazovia.pl; web search + rejestr uchwał + Wayback dla nr uchwały),b8374138fea79904d5611bdbda3d4f8d7bf642233dcf36fbd9749f4cb7f65328,200,2026-09-05T01:44:34Z,"Raport o stanie województwa mazowieckiego za rok 2023 — załącznik nr 1 do uchwały nr 929/493/24 Zarządu WM; treść: 'Raport o stanie województwa mazowieckiego za rok 2023', Zarząd Województwa Mazowieckiego.",2.586,true
2471,mazowieckie,-,-,-,14,2024,ok_finalnie,docx,tekst,https://mazovia.pl/resource/73518/Za%25C5%2582%25C4%2585cznik+-+Raport.docx,direct_without_tor (załącznik do uchwały Zarządu WM nr 861/80/25 w BIP mazovia.pl; web search + rejestr uchwał + Wayback dla nr uchwały),062332615a44e6a5579161a6f3aaadcdb94a3ad2f8b5784422fa9a241e8a16b0,200,2026-09-05T01:44:38Z,"Raport o stanie województwa mazowieckiego za rok 2024 — załącznik nr 1 do uchwały nr 861/80/25 Zarządu WM; treść: 'Raport o stanie województwa mazowieckiego za rok 2024', Zarząd Województwa Mazowieckiego.",2.997,true
2472,mazowieckie,-,-,-,14,2025,ok_finalnie,docx,tekst,https://mazovia.pl/resource/81777/Za%25C5%2582%25C4%2585cznik+-+Raport+o+stanie+wojew%25C3%25B3dztwa+mazowieckiego+za+rok+2025.docx,direct_without_tor (załącznik do uchwały Zarządu WM nr 794/173/26 w BIP mazovia.pl; web search + rejestr uchwał + Wayback dla nr uchwały),4cbf901d7d062204d977354b99275b6e3b300d893ce6bd40ee769c73a57d7f24,200,2026-09-05T01:44:41Z,"Raport o stanie województwa mazowieckiego za rok 2025 — załącznik nr 1 do uchwały nr 794/173/26 Zarządu WM; treść: 'Raport o stanie województwa mazowieckiego za rok 2025', Zarząd Województwa Mazowieckiego.",3.194,true
11370,mazowieckie,białobrzeski,-,-,1401,2018,ok_finalnie,pdf,tekst,https://powiatbialobrzeski.bip.gov.pl/fobjects/download/570406/raport-o-stanie-powiatu-2018-pdf.html,tor_pl_ip,f10837c24b40eff6d7c13c3208b98451b5fe80d5a7d2f2170aaeffc479c044ad,200,2026-09-08T19:38:42Z,,2.132,true
11371,mazowieckie,białobrzeski,-,-,1401,2019,ok_finalnie,pdf,skan+OCR,https://powiatbialobrzeski.bip.gov.pl/fobjects/download/967280/raport-o-stanie-powiatu-2019-pdf.html,tor_pl_ip,5e965e1141c4105cb8da40bfbf3a6fe59e6d2a48508c35d41dbb60b3285497e1,200,2026-09-08T19:38:42Z,,6.507,true
11372,mazowieckie,białobrzeski,-,-,1401,2020,ok_finalnie,pdf,tekst,https://powiatbialobrzeski.bip.gov.pl/fobjects/download/1005797/raport-o-stanie-powiatu-bialobrzeskiego-2020r-pdf.html,tor_pl_ip,695ace045c6748ac7dd63a607021fa98702acf76fddb8361c3cc177d181bd4f4,200,2026-09-08T19:38:42Z,,14.985,true
11373,mazowieckie,białobrzeski,-,-,1401,2021,ok_finalnie,pdf,skan+OCR,https://powiatbialobrzeski.bip.gov.pl/fobjects/download/1259283/raport-o-stanie-powiatu-za-2021-rok-pdf.html,tor_pl_ip,3f82451f30c8c4d84cc1fb49a5a4cbb7ba2f8b4019380523cf69af036e0cea91,200,2026-09-08T19:38:42Z,,8.202,true
11374,mazowieckie,białobrzeski,-,-,1401,2022,ok_finalnie,pdf,skan+OCR,https://powiatbialobrzeski.bip.gov.pl/fobjects/download/1485951/4355_001-pdf.html,tor_pl_ip,c9f4334ff71570144a2718c5cb067968c153d5316fbd7b3092ad878d23d06cc0,200,2026-09-08T21:11:40Z,,6.067,true
11375,mazowieckie,białobrzeski,-,-,1401,2023,ok_finalnie,pdf,skan+OCR,https://powiatbialobrzeski.bip.gov.pl/fobjects/download/1726977/2623_001-pdf.html,tor_pl_ip,0d687c672c6385f5bdfa67a1e799a5079a91534a2e34d64b1bba405d3491af99,200,2026-09-08T19:38:42Z,,6.327,true
11376,mazowieckie,białobrzeski,-,-,1401,2024,ok_finalnie,pdf,skan+OCR,https://powiatbialobrzeski.bip.gov.pl/fobjects/download/1979575/raport-o-stanie-powiatu-bialobrzeskiego-za-2024-rok-pdf.html,tor_pl_ip,a189871c1e4f8314b26f9649af17fc9ad50a88ba2323629dd7409268431a38fb,200,2026-09-08T19:38:42Z,,5.228,true
11377,mazowieckie,białobrzeski,-,-,1401,2025,ok_finalnie,pdf,skan+OCR,https://powiatbialobrzeski.bip.gov.pl/fobjects/download/2258710/20260514095911791-pdf.html,tor_pl_ip,7f847f590273dcecf707ca232545ca6fdf8336942af0f4744afdfca0702daae1,200,2026-09-08T19:38:42Z,,6.106,true
11378,mazowieckie,białobrzeski,Białobrzegi,gmina miejsko-wiejska,1401013,2018,ok_finalnie,pdf,tekst,https://bip.bialobrzegi.pl/download/171/32821/Raportostaniegminy2018.pdf,direct_without_tor,3278fa565f88be0f41597c3a3166504e35e5cc6243d43b735dcd3de0b0e056df,200,2026-09-08T17:41:11Z,,1.616,true
11379,mazowieckie,białobrzeski,Białobrzegi,gmina miejsko-wiejska,1401013,2019,ok_finalnie,pdf,tekst,https://bip.bialobrzegi.pl/download/171/37464/2020Raportostaniegminy.pdf,direct_without_tor,712b8a789773535cc3cef23d9734677b6e143e09cbf8ab124c97ec934d6756a1,200,2026-09-08T17:41:11Z,,1.243,true
11380,mazowieckie,białobrzeski,Białobrzegi,gmina miejsko-wiejska,1401013,2020,ok_finalnie,pdf,tekst,https://bip.bialobrzegi.pl/download/171/43951/2021Raportostaniegminy.pdf,direct_without_tor,6951a94892e9ef930d4027fc78202c5dceeff55c983b16a401af5b94c0b5f30e,200,2026-09-08T17:41:11Z,,1.138,true
11381,mazowieckie,białobrzeski,Białobrzegi,gmina miejsko-wiejska,1401013,2021,ok_finalnie,pdf,tekst,https://bip.bialobrzegi.pl/download/171/49664/RaportostanieMiastaiGminyBialobrzegizarok2021.pdf,direct_without_tor,f433d08d274661d493e31a1402a90c62e6c80ed8651baf51c4e723acadf88dee,200,2026-09-08T17:41:11Z,,1.399,true
11382,mazowieckie,białobrzeski,Białobrzegi,gmina miejsko-wiejska,1401013,2022,ok_finalnie,pdf,tekst,https://bip.bialobrzegi.pl/download/171/54805/2023Raportostaniegminyza2022.pdf,direct_without_tor,ba38a6ea93a0a15f34fb63e2a335687fc24139c0dc4ba2db4ccfb2ac277c2d1d,200,2026-09-08T17:41:11Z,,1.566,true
11383,mazowieckie,białobrzeski,Białobrzegi,gmina miejsko-wiejska,1401013,2023,ok_finalnie,pdf,tekst,https://bip.bialobrzegi.pl/download/171/60163/Zalaczniknr1doZarzadzenia802024BurmistrzaMiastaiGminyBialobrzegizdnia29maja2024.pdf,direct_without_tor,29c865f5cfd531c15cf5fad3f394197974550300c4dc0e9aba09dc6fe1052c27,200,2026-09-08T17:41:11Z,,1.577,true
11384,mazowieckie,białobrzeski,Białobrzegi,gmina miejsko-wiejska,1401013,2024,ok_finalnie,pdf,raport,https://bip.bialobrzegi.pl/download/171/65199/RAPORTOSTANIEGMINYZA2024.pdf,http_get,6ffe4e486f84a47775cc24f4e64907dceac0156410f3ca7de98a3c62987d51cd,200,2026-09-07 23:14:37,,1.56,
11385,mazowieckie,białobrzeski,Białobrzegi,gmina miejsko-wiejska,1401013,2025,ok_finalnie,pdf,raport,https://bip.bialobrzegi.pl/download/171/70172/RaportostanieMiGBialobrzegiza2025r.pdf,http_get,fca99c37e8041779e47176fa19b3297a66f2645c472b917acc5506e8846c6eea,200,2026-09-07 23:14:39,,1.776,
11386,mazowieckie,białobrzeski,Promna,gmina wiejska,1401022,2018,nowy,,,,,,,,,,
11387,mazowieckie,białobrzeski,Promna,gmina wiejska,1401022,2019,nowy,,,,,,,,,,
11388,mazowieckie,białobrzeski,Promna,gmina wiejska,1401022,2020,nowy,,,,,,,,,,
11389,mazowieckie,białobrzeski,Promna,gmina wiejska,1401022,2021,nowy,,,,,,,,,,
11390,mazowieckie,białobrzeski,Promna,gmina wiejska,1401022,2022,nowy,,,,,,,,,,
11391,mazowieckie,białobrzeski,Promna,gmina wiejska,1401022,2023,ok_finalnie,pdf,tekst,https://promna.biuletyn.net/fls/bip_pliki/2024_06/BIPF61A4A8FF42544Z/Raport_o_stanie_Gminy_Promna_2023.pdf,tor_pl_ip,2b7652b90e3a6ae692202658910fc5d8c32b68ca9ee370aaf0f79469c91bb6c8,200,2026-09-08T19:34:02Z,,1.806,true
11392,mazowieckie,białobrzeski,Promna,gmina wiejska,1401022,2024,ok_finalnie,pdf,tekst,https://promna.biuletyn.net/fls/bip_pliki/2025_05/BIPF636573B2E92D5Z/Raport_o_stanie_Gminy_Promna_za_2024_rok.pdf,tor_pl_ip,e9d5119b930e17b1bb998e65e83641cec7a0c38532b0458c1a7659ac88f40a72,200,2026-09-08T19:34:02Z,,1.364,true
11393,mazowieckie,białobrzeski,Promna,gmina wiejska,1401022,2025,ok_finalnie,pdf,tekst,https://promna.biuletyn.net/fls/bip_pliki/2026_06/BIPF653D0FCC17CE3Z/Raport_o_stanie_gminy_za_2025_rok.pdf,tor_pl_ip,ff763a89facdda217bf9458af219e1d1781f32a6d8e8b4376bb6ea9d63c3606f,200,2026-09-08T19:34:02Z,,1.494,true
11394,mazowieckie,białobrzeski,Radzanów,gmina wiejska,1401032,2018,ok_finalnie,pdf,tekst,https://ugradzanow.bip.org.pl/pliki/ugradzanow/raportu_o_stanie_gminy_radzanow.pdf?20260908185130,direct_without_tor,519e433e723ca92245a9463948c001baeed9ae02bb2b950635f86d47e04c1f40,200,2026-09-08T17:36:46Z,,0.489,true
11395,mazowieckie,białobrzeski,Radzanów,gmina wiejska,1401032,2019,ok_finalnie,docx,tekst,https://ugradzanow.bip.org.pl/pliki/ugradzanow/raport_o_stanie_gminy_radzanow_2019.docx,direct_without_tor,6928d009a1e2fd73bd8c4d89dae030861070f9604bfa19cab0e0e3b70415ed63,200,2026-09-08T17:36:46Z,,0.102,true
11396,mazowieckie,białobrzeski,Radzanów,gmina wiejska,1401032,2020,ok_finalnie,docx,tekst,https://ugradzanow.bip.org.pl/pliki/ugradzanow/raportu_o_stanie_gminy_radzanow_2021.docx,direct_without_tor,862f6bc0e09047623b5c54e0491c4d495853a6cb7c7807ed688a093f2a443405,200,2026-09-08T17:36:46Z,,0.135,true
11397,mazowieckie,białobrzeski,Radzanów,gmina wiejska,1401032,2021,ok_finalnie,pdf,tekst,https://ugradzanow.bip.org.pl/pliki/ugradzanow/raport_o_stanie_gminy_za_2021_rok.pdf?20260908185130,direct_without_tor,4df6afb88233b00700e93d3e43a0d3ce8724e1edd732c363f857bb5122086c95,200,2026-09-08T17:36:46Z,,1.735,true
11398,mazowieckie,białobrzeski,Radzanów,gmina wiejska,1401032,2022,ok_finalnie,pdf,tekst,https://ugradzanow.bip.org.pl/pliki/ugradzanow/raport_o_stanie_gminy_za_2022_rok.pdf?20260908185130,direct_without_tor,2f874fe9eebc61d91cc87d7044c1e064f9a22b6379fef7f8d8d23b34063247a6,200,2026-09-08T17:36:46Z,,0.708,true
11399,mazowieckie,białobrzeski,Radzanów,gmina wiejska,1401032,2023,ok_finalnie,docx,tekst,https://ugradzanow.bip.org.pl/pliki/ugradzanow/raport_o_stanie_gminy_za_2023.docx,direct_without_tor,3513430b3dd7897018a80f8962de43328522cd8a71d98140ce8cf1d60f1becfc,200,2026-09-08T17:36:46Z,,0.383,true
11400,mazowieckie,białobrzeski,Radzanów,gmina wiejska,1401032,2024,ok_finalnie,pdf,tekst,https://ugradzanow.bip.org.pl/pliki/ugradzanow/raport_o_stanie_gminy_za_2024_rok.pdf?20260908185130,direct_without_tor,aef2a981259571813d520ba1f589f52f3ff9bea58a141c68a012d707a6348c0f,200,2026-09-08T17:36:46Z,,1.441,true
11401,mazowieckie,białobrzeski,Radzanów,gmina wiejska,1401032,2025,ok_finalnie,pdf,tekst,https://ugradzanow.bip.org.pl/pliki/ugradzanow/raport_o_stanie_gminy_za_2025_rok.pdf?20260908185130,direct_without_tor,2a617db4fe2e5402bb485c29017fd908565d94469a47430105c47c307ee1c340,200,2026-09-08T17:36:46Z,,1.233,true
11402,mazowieckie,białobrzeski,Stara Błotnica,gmina wiejska,1401042,2018,ok_finalnie,pdf,tekst,https://starablotnica.bip.org.pl/pliki/starablotnica/raport_o_stanie_gminy_za_2018_r..pdf?20260908185216,direct_without_tor,577bdc3c7a0cfe872f0be4941ceb7527d1d8c3d1da62bd571953443bbb0b08fa,200,2026-09-08T17:45:20Z,,0.947,true
11403,mazowieckie,białobrzeski,Stara Błotnica,gmina wiejska,1401042,2019,ok_finalnie,pdf,tekst,https://starablotnica.bip.org.pl/pliki/starablotnica/araport_o_stanie_gminy_za_2019_wer.3.pdf?20260908185148,direct_without_tor,296433593eec2c2e77ae53b28046704b436fe045993de1cde4e5a04bfe80eace,200,2026-09-09T07:27:52Z,,1.345,true
11404,mazowieckie,białobrzeski,Stara Błotnica,gmina wiejska,1401042,2020,ok_finalnie,pdf,tekst,https://starablotnica.bip.org.pl/pliki/starablotnica/raport_o_stanie_gminy_za_2020_wer.rob._pdf,direct_without_tor,24424e52b1c8e16e1c4fdab310ed7b48285852e9a94c1ea097d2ad0b2ff64fa0,200,2026-09-08T17:45:20Z,,2.399,true
11405,mazowieckie,białobrzeski,Stara Błotnica,gmina wiejska,1401042,2021,ok_finalnie,pdf,tekst,https://starablotnica.bip.org.pl/pliki/starablotnica/araport_o_stanie_gminy_za_2021_wer._7_24.06.2022.pdf?20260908185143,direct_without_tor,63c17d9f208817f40a70f2baee84ff06de7f6aedb2fc0dcf44ac10fa75c981a5,200,2026-09-08T17:45:20Z,,3.683,true
11406,mazowieckie,białobrzeski,Stara Błotnica,gmina wiejska,1401042,2022,nowy,,,,,,,,,,
11407,mazowieckie,białobrzeski,Stara Błotnica,gmina wiejska,1401042,2023,ok_finalnie,pdf,tekst,https://starablotnica.bip.org.pl/pliki/starablotnica/raport_o_stanie_gminy_za_2023_r..pdf?20260908185138,direct_without_tor,cf901547eeb70395eb64c6fcad8d91f7944076a6d2e4ead4e41494001f3c8e96,200,2026-09-09T07:27:52Z,,4.998,true
11408,mazowieckie,białobrzeski,Stara Błotnica,gmina wiejska,1401042,2024,ok_finalnie,pdf,tekst,https://starablotnica.bip.org.pl/pliki/starablotnica/raport_o_stanie_gminy_za_2024_wer._opublikowana.pdf?20260908185136,direct_without_tor,98048ca2e89503a28fd61d9c531229d9c75d2689cb85da60da00d3a27688ed40,200,2026-09-08T17:45:20Z,,6.006,true
11409,mazowieckie,białobrzeski,Stara Błotnica,gmina wiejska,1401042,2025,ok_finalnie,pdf,tekst,https://starablotnica.bip.org.pl/pliki/starablotnica/raport_o_stanie_gminy_2025_wer._do_publikacji.pdf?20260908185133,direct_without_tor,106a09ec2f4cdb6771202c90d82e8d96cc4bd6ec5120f91b0ba4724dab8c72ce,200,2026-09-08T17:45:20Z,,6.314,true
11410,mazowieckie,białobrzeski,Stromiec,gmina wiejska,1401052,2018,brak_finalnie,,,brak,"dogłębne sprawdzenie (web search bez Tora, kilka silników + BIP/CMS: wyszukiwarka, kategorie raport/uchwały/zarządzenia/sesje + sitemap + Wayback CDX + alternatywne domeny; pobieranie także przez Tor z polskim IP) - dowód proceduralny istnienia raportu, brak opublikowanego pliku",,BRAK_URL (dowód istnienia - nieopublikowany),2026-09-09T16:48:41Z,"[TURA 22 09.09.2026] NEG-plik, DOWOD ISTNIENIA POTWIERDZONY: Aktualność na serwisie WWW gminy (archiwum.ugstromiec.pl, czerwiec 2019): „RAPORT O STANIE GMINY STROMIEC ZA 2018 ROK … Zachęcam … do lektury dokumentu – Wójt Gminy Stromiec Krzysztof Stykowski” (kopia Wayback 2019-07-23); plik raportu nie jest już podlinkowany (na stronie brak załącznika), w BIP naszbip brak pozycji za 2018 | dowód: http://archiwum.ugstromiec.pl/index.php/aktualnosci/articles/raport-o-stanie-gminy-za-2018-rok.html | strona: http://web.archive.org/web/20190723034507/http://ugstromiec.pl/index.php/aktualnosci/articles/raport-o-stanie-gminy-za-2018-rok.html",,true
11411,mazowieckie,białobrzeski,Stromiec,gmina wiejska,1401052,2019,ok_finalnie,docx,tekst,http://archiwum.ugstromiec.pl/tl_files/magazyn/OGLOSZENIA/Raport%20o%20stanie%20Gminy%20Stromiec%20za%20rok%202019.docx,direct_without_tor,4ccfb92ea5020d58eea3eb106693698443d48f3b1a2b5d3e7d4977f8a78de561,200,2026-09-09T12:20:24Z,[TURA 22 09.09.2026],0.511,true
11412,mazowieckie,białobrzeski,Stromiec,gmina wiejska,1401052,2020,ok_finalnie,pdf,tekst,https://ugstromiec.naszbip.pl/pliki/plik/raport-2020-1622462295.pdf,direct_without_tor,1a40ec3ec788c62eb1a57c21535732bc3d3cc266e835ee45f8ddcb3ba8253398,200,2026-09-09T12:20:21Z,[TURA 22 09.09.2026],1.91,true
11413,mazowieckie,białobrzeski,Stromiec,gmina wiejska,1401052,2021,ok_finalnie,pdf,tekst,https://ugstromiec.naszbip.pl/pliki/plik/raport-2021-1654157264.pdf,direct_without_tor,4cb6300431d35ffedcf9cfa0f763a6ffc3095dd136d36cc3e336e9499fab08b2,200,2026-09-09T12:18:59Z,[TURA 22 09.09.2026],1.681,true
11414,mazowieckie,białobrzeski,Stromiec,gmina wiejska,1401052,2022,ok_finalnie,docx,raport,https://ugstromiec.naszbip.pl/pliki/plik/raport-o-stanie-gminy-2022-1685527887.docx,http_get,b6cf49f3e4610af83c1e201cd73b1c904c9f0d6121332779cb417922dcc21b11,200,2026-09-08 03:14:33,,1.763,
11415,mazowieckie,białobrzeski,Stromiec,gmina wiejska,1401052,2023,ok_finalnie,docx,raport,https://ugstromiec.naszbip.pl/pliki/plik/raport-o-stanie-gminy-za-2023-1717679130.docx,http_get,7f1abe9cb4fbd2be0c3f1216f41577c7851b14a897afe5802452e842b95540b4,200,2026-09-08 03:14:31,,7.453,
11416,mazowieckie,białobrzeski,Stromiec,gmina wiejska,1401052,2024,ok_finalnie,docx,tekst,https://ugstromiec.naszbip.pl/pliki/plik/raport-o-stanie-gminy-za-2024-1748850926.docx,direct_without_tor,fc84ffece081b963655bef63b05dda2518dbe1f6c808fb4dac3103487e448ad6,200,2026-09-09T12:18:56Z,[TURA 22 09.09.2026] | KOREKTA: wejściowy wiersz ok wskazywał informację o debacie zamiast raportu,13.556,true
11417,mazowieckie,białobrzeski,Stromiec,gmina wiejska,1401052,2025,ok_finalnie,pdf,raport,https://ugstromiec.naszbip.pl/pliki/plik/raport-o-stanie-gminy-za-2025-1-1780320474.pdf,http_get,933de6dc67879c247913e0952085b740217009f2ee4c491a74c4c85be126e91f,200,2026-09-08 03:13:33,,2.161,
11418,mazowieckie,białobrzeski,Wyśmierzyce,gmina miejsko-wiejska,1401063,2018,ok_finalnie,pdf,tekst,https://bip.wysmierzyce.pl/uploaded_files/serwis_files/attachments/bip/1320/72ba3a1f21de7724.pdf,direct_without_tor,6b6dda735ae4b1ded90063ebe6c394da483ec5c51d18f9c7aeecd93208a4b8ff,200,2026-09-08T18:50:41Z,,1.802,true
11419,mazowieckie,białobrzeski,Wyśmierzyce,gmina miejsko-wiejska,1401063,2019,nowy,,,,,,,,,,
11420,mazowieckie,białobrzeski,Wyśmierzyce,gmina miejsko-wiejska,1401063,2020,nowy,,,,,,,,,,
11421,mazowieckie,białobrzeski,Wyśmierzyce,gmina miejsko-wiejska,1401063,2021,ok_finalnie,pdf,tekst,https://www.bip.wysmierzyce.pl/uploaded_files/serwis_files/attachments/bip/2160/83cf71c3645f42f1.pdf,direct_without_tor,54cf765226fc7e1b6aae47b96df6bf7401580fe7d0b7759cbcaf25a3a08215cc,200,2026-09-08T18:50:41Z,,2.396,true
11422,mazowieckie,białobrzeski,Wyśmierzyce,gmina miejsko-wiejska,1401063,2022,nowy,,,,,,,,,,
11423,mazowieckie,białobrzeski,Wyśmierzyce,gmina miejsko-wiejska,1401063,2023,nowy,,,,,,,,,,
11424,mazowieckie,białobrzeski,Wyśmierzyce,gmina miejsko-wiejska,1401063,2024,nowy,,,,,,,,,,
11425,mazowieckie,białobrzeski,Wyśmierzyce,gmina miejsko-wiejska,1401063,2025,nowy,,,,,,,,,,
11426,mazowieckie,ciechanowski,Glinojeck,gmina miejsko-wiejska,1402033,2018,ok_finalnie,pdf,tekst,https://bip-v1-files.idcom-jst.pl/sites/3081/wiadomosci/473159/files/raport_o_stanie_gminy.pdf,web search → idcom bip-v1-files (sites/3081),d4c4198a1d47ce81aabf76bcbdb6b377bfcfdba75b19a59806d48b07b1160a5b,200,2026-09-07T20:52:14Z,,5.332,true
11427,mazowieckie,ciechanowski,Glinojeck,gmina miejsko-wiejska,1402033,2019,nowy,,,,,,,,,,
11428,mazowieckie,ciechanowski,Glinojeck,gmina miejsko-wiejska,1402033,2020,nowy,,,,,,,,,,
11429,mazowieckie,ciechanowski,Glinojeck,gmina miejsko-wiejska,1402033,2021,nowy,,,,,,,,,,
11430,mazowieckie,ciechanowski,Glinojeck,gmina miejsko-wiejska,1402033,2022,nowy,,,,,,,,,,
11431,mazowieckie,ciechanowski,Glinojeck,gmina miejsko-wiejska,1402033,2023,nowy,,,,,,,,,,
11432,mazowieckie,ciechanowski,Glinojeck,gmina miejsko-wiejska,1402033,2024,nowy,,,,,,,,,,
11433,mazowieckie,ciechanowski,Glinojeck,gmina miejsko-wiejska,1402033,2025,nowy,,,,,,,,,,
11434,mazowieckie,garwoliński,-,-,1403,2018,ok_finalnie,pdf,tekst,https://bip.garwolin-starostwo.pl/raport-o-stanie-powiatu?task=article.downloadAttachment&id=34&version=6541,direct_without_tor_ssl_off,9781344d9b9e1e98f171c6ae772e4d4551640bcedcd4ca1f4ee3cdfacff550bf,200,2026-09-08T17:40:17Z,,2.706,true
11435,mazowieckie,garwoliński,-,-,1403,2019,ok_finalnie,pdf,tekst,https://bip.garwolin-starostwo.pl/raport-o-stanie-powiatu?task=article.downloadAttachment&id=259&version=6541,direct_without_tor_ssl_off,2c041e6763c87efa13717ef7de5cb99956a4679b7988787a5f4e961920815495,200,2026-09-08T17:40:17Z,,53.887,true
11436,mazowieckie,garwoliński,-,-,1403,2020,nowy,,,,,,,,,,
11437,mazowieckie,garwoliński,-,-,1403,2021,ok_finalnie,pdf,tekst,https://bip.garwolin-starostwo.pl/raport-o-stanie-powiatu?task=article.downloadAttachment&id=260&version=6541,direct_without_tor_ssl_off,767335833d30cd0238c1037e792891812e369976b886ac04a55649cdaee4fcea,200,2026-09-08T17:40:17Z,,85.951,true
11438,mazowieckie,garwoliński,-,-,1403,2022,ok_finalnie,pdf,tekst,https://bip.garwolin-starostwo.pl/raport-o-stanie-powiatu?task=article.downloadAttachment&id=4730&version=6541,direct_without_tor_ssl_off,b5a8e2145dae581c1c56aa78936d727060d39ecd9471bae4d7ad311715343bd0,200,2026-09-08T17:40:17Z,,86.047,true
11439,mazowieckie,garwoliński,-,-,1403,2023,ok_finalnie,pdf,tekst+skan,https://bip.garwolin-starostwo.pl/raport-o-stanie-powiatu?task=article.downloadAttachment&id=4732&version=6541,direct_without_tor_ssl_off,74146e7364565b9c742ef0ea9dcfaf077f9e5703a81ac959b2a8ff35cfec62c6,200,2026-09-08T17:40:17Z,,126.668,true
11440,mazowieckie,garwoliński,-,-,1403,2024,ok_finalnie,pdf,tekst,https://bip.garwolin-starostwo.pl/raport-o-stanie-powiatu?task=article.downloadAttachment&id=4734&version=6541,direct_without_tor_ssl_off,d2c3f8f6a29606f756b53fc109a779d719ba1e805241cd70c39c1937a6e70495,200,2026-09-08T17:40:17Z,,9.838,true
11441,mazowieckie,garwoliński,-,-,1403,2025,ok_finalnie,pdf,tekst,https://bip.garwolin-starostwo.pl/raport-o-stanie-powiatu?task=article.downloadAttachment&id=6915&version=6541,direct_without_tor_ssl_off,339bf55e87b234f98738f0d432f3302c46a893e38c42e111b498f1194b3ea8fa,200,2026-09-08T17:40:17Z,,181.062,true
11442,mazowieckie,garwoliński,Garwolin,gmina miejska,1403011,2018,nowy,,,,,,,,,,
11443,mazowieckie,garwoliński,Garwolin,gmina miejska,1403011,2019,nowy,,,,,,,,,,
11444,mazowieckie,garwoliński,Garwolin,gmina miejska,1403011,2020,nowy,,,,,,,,,,
11445,mazowieckie,garwoliński,Garwolin,gmina miejska,1403011,2021,ok_finalnie,pdf,tekst,https://garwolin.bip.gov.pl/fobjects/download/1255584/2021-raport-wersja-koncowa-pdf.html,tor_pl_ip,08df36b41cc1e94b7350e8c732b3e94db4cb0a61365a7c6ce39bfd7335075300,200,2026-09-08T19:34:54Z,,5.667,true
11446,mazowieckie,garwoliński,Garwolin,gmina miejska,1403011,2022,ok_finalnie,pdf,tekst,https://garwolin.bip.gov.pl/fobjects/download/1491097/2022-raport-pdf.html,tor_pl_ip,ffd6d964d2bfdbae9b8d17658ae45b5a4926c1c22b9deda2b45020f060168b59,200,2026-09-08T19:34:54Z,,5.621,true
11447,mazowieckie,garwoliński,Garwolin,gmina miejska,1403011,2023,ok_finalnie,pdf,tekst,https://garwolin.bip.gov.pl/fobjects/download/1726481/raport-o-stanie-miasta-garwolina-za-2023-r__-pdf.html,tor_pl_ip,f06734db6c1d6f546d31b041d5151c37f7b79c5ed23810950443e41f9f7f1cba,200,2026-09-08T19:34:54Z,,10.667,true
11448,mazowieckie,garwoliński,Garwolin,gmina miejska,1403011,2024,ok_finalnie,pdf,raport,https://garwolin.pl/wp-content/uploads/2025/06/2024-RAPORT.pdf,http_get,02abfa3776ca271a2380985f8aaf8052de2f865ef8b4ce1e463000be6a3152c2,200,2026-09-07 22:35:24,,4.916,
11449,mazowieckie,garwoliński,Garwolin,gmina miejska,1403011,2025,ok_finalnie,pdf,tekst,https://garwolin.bip.gov.pl/fobjects/download/2288132/raport-o-stanie-miasta-garwolina-za-2025-rok-po-korektach-pdf.html,tor_pl_ip,af433f2522b435a48407c066770e0d6420b22e79dec72e238a31c6b69caa90b6,200,2026-09-08T19:34:54Z,,4.104,true
11450,mazowieckie,garwoliński,Łaskarzew,gmina miejska,1403021,2018,ok_finalnie,pdf,tekst,https://bip.miastolaskarzew.pl/images/Raport_o_stanie_miasta_2018.pdf,direct_without_tor,86e5a5b2b663f3c44d5343ab25e177a9b16a3f412ecbbcf32c0b06b398e41cbc,200,2026-09-09T07:27:09Z,,1.17,true
11451,mazowieckie,garwoliński,Łaskarzew,gmina miejska,1403021,2019,ok_finalnie,pdf,tekst,https://bip.miastolaskarzew.pl/images/RAPORT.pdf,direct_without_tor,2c32543da427130e0075d5121f4252fe9a16224657582de0cd3a253e61b6ddd2,200,2026-09-09T07:27:09Z,,2.159,true
11452,mazowieckie,garwoliński,Łaskarzew,gmina miejska,1403021,2020,ok_finalnie,pdf,tekst,https://bip.miastolaskarzew.pl/images/BIP_RAPORT_O_STANIE_MIASTA_2020_R__2.pdf,direct_without_tor,93807621b6a9ccb59efdb164872b9944942c683d8453bf4bf63e21428d8d2cb8,200,2026-09-09T07:27:09Z,,1.707,true
11453,mazowieckie,garwoliński,Łaskarzew,gmina miejska,1403021,2021,ok_finalnie,pdf,tekst,https://bip.miastolaskarzew.pl/images/Raport_o_stanie_Miasta_za_2021.pdf,direct_without_tor,489e827d1a0bc3d91e2f1a86ba121098c9c087686a5dacf5dd5e966be423a89e,200,2026-09-08T17:41:18Z,,2.924,true
11454,mazowieckie,garwoliński,Łaskarzew,gmina miejska,1403021,2022,ok_finalnie,pdf,tekst,https://bip.miastolaskarzew.pl/images/RAPORT_O_STANIE_MIASTA_ZA_2022.pdf,direct_without_tor,b8cbfbf6c338b374087d0b8b54db43e33c83c4934151fd5adf5df5974800b48d,200,2026-09-09T07:27:09Z,,3.043,true
11455,mazowieckie,garwoliński,Łaskarzew,gmina miejska,1403021,2023,ok_finalnie,pdf,tekst,https://bip.miastolaskarzew.pl/images/Raport_o_stanie_miasta_2023.pdf,direct_without_tor,7acc46db15c5d32f7206b5739f7b13cc0ea0083282421445c3cf290c4f69a986,200,2026-09-08T17:41:18Z,,2.817,true
11456,mazowieckie,garwoliński,Łaskarzew,gmina miejska,1403021,2024,ok_finalnie,pdf,tekst,https://bip.miastolaskarzew.pl/images/Raport_o_stanie_miasta_2024.pdf,direct_without_tor,ee4d644b35f461c30e191d57c74e4acece7e9f36c56af9de41bce6a0e7323a78,200,2026-09-08T17:41:18Z,,2.44,true
11457,mazowieckie,garwoliński,Łaskarzew,gmina miejska,1403021,2025,ok_finalnie,pdf,tekst,https://bip.miastolaskarzew.pl/images/Raport_o_stanie_miasta_za_2025.pdf,direct_without_tor,476ca3d1e7d98ce96bbdc72336354b920788df149bc9554bfc15f89b886fb8b0,200,2026-09-08T17:41:18Z,,13.792,true
11458,mazowieckie,garwoliński,Borowie,gmina wiejska,1403032,2018,nowy,,,,,,,,,,
11459,mazowieckie,garwoliński,Borowie,gmina wiejska,1403032,2019,nowy,,,,,,,,,,
11460,mazowieckie,garwoliński,Borowie,gmina wiejska,1403032,2020,ok_finalnie,pdf,raport,"https://www.bip.borowie.pl/plik,411,zarzadzenie-nr-43-2021-wojta-gminy-borowie-z-dnia-28-maja-2021-roku-br-w-sprawie-przedstawienia-radzie-gminy-borowie-raportu-o-stanie-gminy-za-rok-2020.pdf",http_get,4acd97fb196939b6bb68e7930a8a2344992835f5140716cf9e784b93a16a4c5a,200,2026-09-08 00:10:16,,1.563,
11461,mazowieckie,garwoliński,Borowie,gmina wiejska,1403032,2021,ok_finalnie,pdf,raport,"https://www.bip.borowie.pl/plik,831,zarzadzenie-nr-62-2022-wojta-gminy-borowie-z-dnia-26-maja-2022-roku-br-w-sprawie-przedstawienia-radzie-gminy-borowie-raportu-o-stanie-gminy-za-2021-rok.pdf",http_get,6eb015281430f7e90123b8272738c9049596458f17bd50772ad7398ab6a01e3e,200,2026-09-08 00:10:18,,1.145,
11462,mazowieckie,garwoliński,Borowie,gmina wiejska,1403032,2022,ok_finalnie,pdf,raport,"https://www.bip.borowie.pl/plik,1897,zarzadzenie-nr-57-2023-wojta-gminy-borowie-z-dnia-31-maja-2023-roku-br-w-sprawie-przedstawienia-radzie-gminy-borowie-raportu-o-stanie-gminy-za-2022-rok.pdf",http_get,e1a4ceb3610af06f88072218431c63277bf12c3ce8d0a841e262b5ab5601ff40,200,2026-09-08 00:10:21,,1.28,
11463,mazowieckie,garwoliński,Borowie,gmina wiejska,1403032,2023,ok_finalnie,pdf,raport,"https://www.bip.borowie.pl/plik,1992,zarzadzenie-nr-77-2024-wojta-gminy-borowie-z-dnia-29-maja-2024-roku-br-w-sprawie-przedstawienia-radzie-gminy-borowie-raportu-o-stanie-gminy-za-2023-rok.pdf",http_get,33420da3f221093e6579eb2c62549e0e91f181c56564dba9520707e1755124bf,200,2026-09-08 00:10:23,,1.275,
11464,mazowieckie,garwoliński,Borowie,gmina wiejska,1403032,2024,ok_finalnie,pdf,raport,"https://www.bip.borowie.pl/plik,2780,zarzadzenie-nr-49-2025-wojta-gminy-borowie-z-dnia-29-maja-2025-roku-br-w-sprawie-przedstawienia-radzie-gminy-borowie-raportu-o-stanie-gminy-za-2024-rok.pdf",http_get,2a969c94aff61ae1e8d8d7cab3c610e125bfad2d6e5d7dcb8ca173f9c88c0662,200,2026-09-08 00:11:53,,50.047,
11465,mazowieckie,garwoliński,Borowie,gmina wiejska,1403032,2025,ok_finalnie,pdf,raport,"https://www.bip.borowie.pl/plik,3498,zarzadzenie-nr-41-2026-wojta-gminy-borowie-z-dnia-29-maja-2026-roku-w-sprawie-przedstawienia-radzie-gminy-borowie-raportu-o-stanie-gminy-za-2025-rok.pdf",http_get,b170ebb6ab4a4c756c49771f7f12b9f5623e31aed67d351ef5e4b904f95d723f,200,2026-09-08 00:12:09,,14.429,
11466,mazowieckie,garwoliński,Garwolin,gmina wiejska,1403042,2018,nowy,,,,,,,,,,
11467,mazowieckie,garwoliński,Garwolin,gmina wiejska,1403042,2019,nowy,,,,,,,,,,
11468,mazowieckie,garwoliński,Garwolin,gmina wiejska,1403042,2020,ok_finalnie,docx,tekst,https://www.garwolin-gmina.pl/wp-content/uploads/2021/05/raport-o-stanie-gminy-garwolin.docx,direct_without_tor,0b240df4ba29b0c556304ebac243a7ef28c8eedd83cba3126ccadcd6ba4e339a,200,2026-09-08T19:37:31Z,,0.284,true
11469,mazowieckie,garwoliński,Garwolin,gmina wiejska,1403042,2021,ok_finalnie,docx,tekst,https://www.garwolin-gmina.pl/wp-content/uploads/2022/05/raport-o-stanie-gminy-garwolin-za-2021-rok.docx,direct_without_tor,55762cca5574bdc969bb1687c9c7e55f69cf38c065b14e52a1066586501df910,200,2026-09-08T19:37:31Z,,1.472,true
11470,mazowieckie,garwoliński,Garwolin,gmina wiejska,1403042,2022,ok_finalnie,docx,tekst,https://uggarwolin.bip.gov.pl/fobjects/download/1485953/raport-o-stanie-gminy-garwolin-2022-docx.html,tor_pl_ip,aa5453ea9f52a990e4e49a390278e87ce7efdd89cb4a007b27432ce38ccaac92,200,2026-09-08T19:37:31Z,,8.418,true
11471,mazowieckie,garwoliński,Garwolin,gmina wiejska,1403042,2023,ok_finalnie,docx,tekst,https://uggarwolin.bip.gov.pl/fobjects/download/1715645/raport-o-stanie-gminy-garwolin-2023-docx.html,tor_pl_ip,12b04fe4868098765ca2ef918016d0bb33c48ef813c8347c5987a89adfdbb859,200,2026-09-08T19:37:31Z,,4.004,true
11472,mazowieckie,garwoliński,Garwolin,gmina wiejska,1403042,2024,ok_finalnie,docx,raport,https://www.garwolin-gmina.pl/wp-content/uploads/2025/06/raport-o-stanie-gminy-garwolin-2024-002.docx,http_get,8d386df9a34035ba2f8d423df74f4048da132cad4a26f758c2e154603470c052,200,2026-09-07 23:25:59,,4.48,
11473,mazowieckie,garwoliński,Garwolin,gmina wiejska,1403042,2025,ok_finalnie,docx,tekst,"https://www.garwolin-gmina.pl/wp-content/plugins/download-attachments-2024/includes/download.php?id=Cj5x9L0VTC-sZfwtPnuW7OYD61f6-fBANG2VsLIo2no,",direct_without_tor,1e375cde347a72f4b0479fbf2a11fc0c2df7be5f8223d8a16b7b63e811cabb2e,200,2026-09-08T19:37:31Z,,2.567,true
11474,mazowieckie,garwoliński,Górzno,gmina wiejska,1403052,2018,nowy,,,,,,,,,,
11475,mazowieckie,garwoliński,Górzno,gmina wiejska,1403052,2019,nowy,,,,,,,,,,
11476,mazowieckie,garwoliński,Górzno,gmina wiejska,1403052,2020,nowy,,,,,,,,,,
11477,mazowieckie,garwoliński,Górzno,gmina wiejska,1403052,2021,nowy,,,,,,,,,,
11478,mazowieckie,garwoliński,Górzno,gmina wiejska,1403052,2022,ok_finalnie,pdf,skan+OCR,https://samorzad.gov.pl/attachment/8266abc5-71a9-44f3-8565-35666227fdcf,direct_without_tor,33e7f20c265bb6de1d68312c66e02eea688d7c70291856e0f5304da94fef59e0,200,2026-09-09T07:27:50Z,,20.915,true
11479,mazowieckie,garwoliński,Górzno,gmina wiejska,1403052,2023,nowy,,,,,,,,,,
11480,mazowieckie,garwoliński,Górzno,gmina wiejska,1403052,2024,nowy,,,,,,,,,,
11481,mazowieckie,garwoliński,Górzno,gmina wiejska,1403052,2025,nowy,,,,,,,,,,
11482,mazowieckie,garwoliński,Łaskarzew,gmina wiejska,1403062,2018,nowy,,,,,,,,,,
11483,mazowieckie,garwoliński,Łaskarzew,gmina wiejska,1403062,2019,nowy,,,,,,,,,,
11484,mazowieckie,garwoliński,Łaskarzew,gmina wiejska,1403062,2020,nowy,,,,,,,,,,
11485,mazowieckie,garwoliński,Łaskarzew,gmina wiejska,1403062,2021,nowy,,,,,,,,,,
11486,mazowieckie,garwoliński,Łaskarzew,gmina wiejska,1403062,2022,nowy,,,,,,,,,,
11487,mazowieckie,garwoliński,Łaskarzew,gmina wiejska,1403062,2023,ok_finalnie,pdf,tekst,https://laskarzew.pl/files/image/Gmina/Raport_o_stanie_gminy_2023.pdf,direct_without_tor,b887e6adf3448d87d4d4e1e1037ccd6e9a7431b7e022708f81ae8d39f8310521,200,2026-09-08T17:41:29Z,,8.56,true
11488,mazowieckie,garwoliński,Łaskarzew,gmina wiejska,1403062,2024,ok_finalnie,pdf,tekst,https://laskarzew.pl/files/image/Gmina/Raport_o_stanie_gminy_2024.pdf,direct_without_tor,8157bafb982673b8eee3ded5324bbb69b10e6d516d2a38f4bb81e36f696f7680,200,2026-09-08T17:41:29Z,,10.29,true
11489,mazowieckie,garwoliński,Łaskarzew,gmina wiejska,1403062,2025,ok_finalnie,pdf,tekst,https://laskarzew.pl/files/image/Raport_o_stanie_gminy_2025.pdf,direct_without_tor,5efef1e8afff98ecaebee9dd5ff3bd4c1af98d85a1596e95d327776e9fcf0771,200,2026-09-08T17:41:29Z,,17.124,true
11490,mazowieckie,garwoliński,Maciejowice,gmina wiejska,1403072,2018,ok_finalnie,pdf,skan+OCR,https://bip.maciejowice.pl/zalacznik/9097,direct_without_tor,7bbefe7dd27f73ef689e2eba6a5e9c43c30858518d585f8950387971575da326,200,2026-09-09T07:28:02Z,,5.193,true
11491,mazowieckie,garwoliński,Maciejowice,gmina wiejska,1403072,2019,nowy,,,,,,,,,,
11492,mazowieckie,garwoliński,Maciejowice,gmina wiejska,1403072,2020,nowy,,,,,,,,,,
11493,mazowieckie,garwoliński,Maciejowice,gmina wiejska,1403072,2021,nowy,,,,,,,,,,
11494,mazowieckie,garwoliński,Maciejowice,gmina wiejska,1403072,2022,ok_finalnie,pdf,raport,https://bip.maciejowice.pl/zalacznik/12638,http_get,70f0bf266fac8af1d5b1224bf661e0d23c459f60fb62bde2cc8a74925adb1265,200,2026-09-07 23:25:19,,0.579,
11495,mazowieckie,garwoliński,Maciejowice,gmina wiejska,1403072,2023,ok_finalnie,pdf,skan+OCR,https://bip.maciejowice.pl/zalacznik/14559,direct_without_tor,6241f5f701a38996376b4f0af5e4dfde0317d338518d3a2da450fa71f9ecf455,200,2026-09-09T07:28:02Z,,2.081,true
11496,mazowieckie,garwoliński,Maciejowice,gmina miejsko-wiejska,1403073,2024,nowy,,,,,,,,,,
11497,mazowieckie,garwoliński,Maciejowice,gmina miejsko-wiejska,1403073,2025,nowy,,,,,,,,,,
11498,mazowieckie,garwoliński,Miastków Kościelny,gmina wiejska,1403082,2018,nowy,,,,,,,,,,
11499,mazowieckie,garwoliński,Miastków Kościelny,gmina wiejska,1403082,2019,nowy,,,,,,,,,,
11500,mazowieckie,garwoliński,Miastków Kościelny,gmina wiejska,1403082,2020,nowy,,,,,,,,,,
11501,mazowieckie,garwoliński,Miastków Kościelny,gmina wiejska,1403082,2021,ok_finalnie,pdf,tekst,https://miastkowkoscielny.pl/bipdo2023/bip.miastkowkoscielny.pl/upload/Raport%20o%20stanie%20Gminy%20Miastk%C3%B3w%20Ko%C5%9Bcielny%202021.pdf,direct_without_tor,f09a3f86dce352f0c32029f0bb9294466ef945300cad31c4ab134a3cc5d0a273,200,2026-09-08T20:26:04Z,,2.124,true
11502,mazowieckie,garwoliński,Miastków Kościelny,gmina wiejska,1403082,2022,nowy,,,,,,,,,,
11503,mazowieckie,garwoliński,Miastków Kościelny,gmina wiejska,1403082,2023,nowy,,,,,,,,,,
11504,mazowieckie,garwoliński,Miastków Kościelny,gmina wiejska,1403082,2024,nowy,,,,,,,,,,
11505,mazowieckie,garwoliński,Miastków Kościelny,gmina wiejska,1403082,2025,nowy,,,,,,,,,,
11506,mazowieckie,garwoliński,Parysów,gmina wiejska,1403092,2018,ok_finalnie,pdf,tekst,https://biuletyn.net/parysow/fls/bip_pliki/2019_06/BIPF58A90777666D1Z/Raport_o_stanie_Gminy_Parysow_w_roku_2018_edyt._wersja.pdf,tor_pl_ip,397e38032ea66efd6238e0534ef0f03de6a53c9fbd23ff436296702da6704e13,200,2026-09-08T19:35:57Z,,0.383,true
11507,mazowieckie,garwoliński,Parysów,gmina wiejska,1403092,2019,ok_finalnie,pdf,tekst,https://biuletyn.net/parysow/fls/bip_pliki/2020_06/BIPF5A727BF3E35C2Z/0050.46.2020_zalacznik_do_zarzadzenia_-_Raport_o_stanie_Gminy_Parysow_w_roku_2019.pdf,tor_pl_ip,801ea6e09e0fc17f5451ba2b96ec4ca7949bc5534b9f1cc28a5d26edefe028c9,200,2026-09-08T19:35:57Z,,0.946,true
11508,mazowieckie,garwoliński,Parysów,gmina wiejska,1403092,2020,ok_finalnie,pdf,tekst,https://biuletyn.net/parysow/fls/bip_pliki/2021_06/BIPF5C4785CAB5930Z/Raport_o_stanie_Gminy_Parysow_za_rok_2020.pdf,tor_pl_ip,7a39a8ba7b7e189ff06ca31a123ca54f81f811d361ff4d439248d659480b0925,200,2026-09-08T19:35:57Z,,1.468,true
11509,mazowieckie,garwoliński,Parysów,gmina wiejska,1403092,2021,ok_finalnie,pdf,tekst,https://parysow.biuletyn.net/fls/bip_pliki/2022_05/BIPF5DFE38A5D427EZ/Raport_o_stanie_Gminy_Parysow_za_rok_2021.pdf,tor_pl_ip,4422f49949dabd36a456226036e5fca0ffa56f7ead135637800f8ce943aeff66,200,2026-09-08T19:35:57Z,,1.16,true
11510,mazowieckie,garwoliński,Parysów,gmina wiejska,1403092,2022,ok_finalnie,doc,tekst,https://parysow.biuletyn.net/fls/bip_pliki/2023_05/BIPF5FCFB516FD061Z/RAPORT_O_STANIE_GMINY_PARYSOW_ZA_2022_ROK.doc,tor_pl_ip,696c1cbf5cce43594f1a6ea07c184e4a93b508bd42456ed19f32a03cffc46991,200,2026-09-08T19:35:57Z,,4.257,true
11511,mazowieckie,garwoliński,Parysów,gmina wiejska,1403092,2023,ok_finalnie,pdf,tekst,https://parysow.biuletyn.net/fls/bip_pliki/2024_05/BIPF619BC888E8B07Z/0050.46.2024_zalacznik_do_zarzadzenia_Raport_o_stanie_gminy_za_2023.pdf,tor_pl_ip,8e3ea3b16ffbd001277115d061ca9df1278ea00b30c323baea08292166335fb3,200,2026-09-08T19:35:57Z,,0.898,true
11512,mazowieckie,garwoliński,Parysów,gmina wiejska,1403092,2024,ok_finalnie,pdf,tekst+skan,https://parysow.biuletyn.net/fls/bip_pliki/2025_06/BIPF638C5E0E8B6E0Z/Raport_18_06_2025.pdf,tor_pl_ip,87cd55f4daf1c125cc8b5f9357e8e6b23e40098c5e9c6f24e1855179caaa71c7,200,2026-09-08T19:35:57Z,,22.44,true
11513,mazowieckie,garwoliński,Parysów,gmina wiejska,1403092,2025,ok_finalnie,pdf,tekst,https://parysow.biuletyn.net/fls/bip_pliki/2026_06/BIPF653F8FAAC7BBDZ/Raport_o_stanie_Gminy_Parysow_za_2025_rok.pdf,tor_pl_ip,4d1f780a2a2dcee351c9fab43e393ebf47a42c8f4437e19f0864c4471ef78da9,200,2026-09-08T19:35:57Z,,2.044,true
11514,mazowieckie,garwoliński,Pilawa,gmina miejsko-wiejska,1403103,2018,ok_finalnie,pdf,raport,https://www.pilawa.com.pl/assets/pilawa/media/files/4e06f0b8-3ba3-430b-a22e-e7d025587703/raport-o-stanie-gminy-2018r.pdf,http_get,ebe81cc3421c125c661f5e04f1c4b1dbf5668dd6113a1d134691c0a5f468c5e6,200,2026-09-08 00:32:23,,6.396,
11515,mazowieckie,garwoliński,Pilawa,gmina miejsko-wiejska,1403103,2019,ok_finalnie,pdf,raport,https://www.pilawa.com.pl/assets/pilawa/media/files/d4a190bc-1d95-4001-8f06-a2acc6a4d35f/raport-o-stanie-miasta-i-gminy-pilawa-za-2019-r.pdf,http_get,60fbe89385089303cceb583384abe0b974928e9de20f9d96d89ceff503212f66,200,2026-09-07 23:24:10,,2.516,
11516,mazowieckie,garwoliński,Pilawa,gmina miejsko-wiejska,1403103,2020,ok_finalnie,pdf,raport,https://www.pilawa.com.pl/assets/pilawa/media/files/685e519f-0146-4ad7-8c99-dabe199108cc/raport-o-stanie-gminy-za-2020r.pdf,http_get,f893e6d70f2891ac834f1996b4bd24c9696a51de5ade6a59d78646282bd8297e,200,2026-09-07 23:24:12,,2.849,
11517,mazowieckie,garwoliński,Pilawa,gmina miejsko-wiejska,1403103,2021,ok_finalnie,pdf,raport,https://www.pilawa.com.pl/assets/pilawa/media/files/1b7922eb-a921-4cfa-9c62-e25da05192f1/raport-o-stanie-gminy-za-2021-rok.pdf,http_get,97f7804e1479399f04b6e963f892dc991357256316e9ce354645ade0bacf425b,200,2026-09-07 23:24:14,,6.394,
11518,mazowieckie,garwoliński,Pilawa,gmina miejsko-wiejska,1403103,2022,ok_finalnie,pdf,raport,https://www.pilawa.com.pl/assets/pilawa/media/files/26f40bbc-0f94-4573-a08a-f739b09fab9f/raport-o-stanie-mig-pilawa-za-2022r-2.pdf,http_get,db75e865a0d6aa3a76376423ec76b3d4fbdc767d3403ba7bd4eb185cfc157626,200,2026-09-07 23:24:17,,10.963,
11519,mazowieckie,garwoliński,Pilawa,gmina miejsko-wiejska,1403103,2023,ok_finalnie,pdf,raport,https://www.pilawa.com.pl/assets/pilawa/media/files/23ee839a-39ff-4d7b-bacb-e407b3c51da4/raport-o-stanie-miasta-i-gminy-2023.pdf,http_get,11f4191d274939b6e07661d23e15b56219bf2048af4c5f9a87087139c3d5a374,200,2026-09-07 23:24:22,,51.0,
11520,mazowieckie,garwoliński,Pilawa,gmina miejsko-wiejska,1403103,2024,ok_finalnie,pdf,raport,https://www.pilawa.com.pl/assets/pilawa/media/files/6ec1a1e6-423f-421b-b569-037794bffd04/raport-o-stanie-mig-2024.pdf,http_get,b2b149da512c0342fe2d84361fdc4a484487bdcf4b976089f9c581cdb0cfe844,200,2026-09-07 23:24:28,,51.0,
11521,mazowieckie,garwoliński,Pilawa,gmina miejsko-wiejska,1403103,2025,ok_finalnie,pdf,raport,https://pilawa.com.pl/assets/pilawa/media/files/3395324d-53a1-4159-aa60-70367e7cc3eb/raport-o-stanie-mig-2025-mb-2.pdf,http_get,da4fe046169f3e99f48711c6619b925d2dbf55d4b57d49656753237f73ff2c87,200,2026-09-07 23:24:34,,51.0,
11522,mazowieckie,garwoliński,Sobolew,gmina wiejska,1403112,2018,nowy,,,,,,,,,,
11523,mazowieckie,garwoliński,Sobolew,gmina wiejska,1403112,2019,nowy,,,,,,,,,,
11524,mazowieckie,garwoliński,Sobolew,gmina wiejska,1403112,2020,nowy,,,,,,,,,,
11525,mazowieckie,garwoliński,Sobolew,gmina wiejska,1403112,2021,ok_finalnie,docx,tekst,https://www.sobolew.pl/wp-content/uploads/2021/11/Raport-o-stanie-Gminy-2020-gotowy.docx,direct_without_tor,4429c21019d75e65b346a28354e0428e99ce8405c43487082748472c6de21ae4,200,2026-09-08T19:36:30Z,,1.71,true
11526,mazowieckie,garwoliński,Sobolew,gmina wiejska,1403112,2022,ok_finalnie,docx,tekst,https://www.sobolew.pl/wp-content/uploads/2021/11/Raport-o-stanie-Gminy-2022-gotowy.docx,direct_without_tor,55f0c2b7bb785b44f2e1ee512229a569452ec5920eb7096f72968c73090ddf34,200,2026-09-08T19:36:30Z,,1.703,true
11527,mazowieckie,garwoliński,Sobolew,gmina wiejska,1403112,2023,ok_finalnie,docx,tekst,https://www.sobolew.pl/wp-content/uploads/2021/11/Raport-o-stanie-Gminy-za-2023.docx,direct_without_tor,e150d7952608801e2b7f32abb189321a15d2f996d294b91c00a2abe415867ead,200,2026-09-08T19:36:30Z,,1.805,true
11528,mazowieckie,garwoliński,Sobolew,gmina wiejska,1403112,2024,ok_finalnie,docx,tekst,https://www.sobolew.pl/wp-content/uploads/2021/11/Raport-o-stanie-Gminy-za-2024.docx,direct_without_tor,8f2fba120153dfa3e82dd25648ea82847e28f3cbdb6f21b5fc8bd75cbdd3687b,200,2026-09-08T19:36:30Z,,3.662,true
11529,mazowieckie,garwoliński,Sobolew,gmina wiejska,1403112,2025,ok_finalnie,pdf,skan+OCR,https://www.sobolew.pl/wp-content/uploads/2021/11/raport-o-stanie-Gminy-za-2025.pdf,direct_without_tor,afae6c695c5692259d43e12fcbccdc9381a808905f72a92be7f9788ab21ceb82,200,2026-09-08T19:36:30Z,,4.633,true
11530,mazowieckie,garwoliński,Trojanów,gmina wiejska,1403122,2018,ok_finalnie,pdf,skan+OCR,https://trojanow.biuletyn.net/fls/bip_pliki/2019_06/BIPF58A7DAE94A78Z/z_2019_20.pdf,tor_pl_ip,42fc4573eb032ebb8e19206b90d6cfd7b157582f3ef6f54f50216eef09669e10,200,2026-09-08T21:11:33Z,,2.91,true
11531,mazowieckie,garwoliński,Trojanów,gmina wiejska,1403122,2019,ok_finalnie,pdf,skan+OCR,https://trojanow.biuletyn.net/fls/bip_pliki/2020_09/BIPF5AE65AE39C7A4Z/zalacznik_do_16.pdf,tor_pl_ip,c036818838e4284fb71456a0feeee3bb11e81f30d80602f306cd8d3a95a5e5a9,200,2026-09-09T07:28:22Z,,3.178,true
11532,mazowieckie,garwoliński,Trojanów,gmina wiejska,1403122,2020,ok_finalnie,pdf,skan+OCR,https://trojanow.biuletyn.net/fls/bip_pliki/2021_12/BIPF5D443D08916ECZ/37.pdf,tor_pl_ip,6a201c3e5ca152fea1679e1ec8ecb46a342f0103885e9db52eea1e44815e4eaa,200,2026-09-08T20:24:33Z,,4.354,true
11533,mazowieckie,garwoliński,Trojanów,gmina wiejska,1403122,2021,nowy,,,,,,,,,,
11534,mazowieckie,garwoliński,Trojanów,gmina wiejska,1403122,2022,nowy,,,,,,,,,,
11535,mazowieckie,garwoliński,Trojanów,gmina wiejska,1403122,2023,ok_finalnie,pdf,skan+OCR,https://trojanow.biuletyn.net/fls/bip_pliki/2024_09/BIPF622DB328D7529Z/44.pdf,tor_pl_ip,e78422ba622513a90ba46c0d6a135a51bb967c19e1582ad3f306f56ef2fccc45,200,2026-09-08T20:24:33Z,,6.727,true
11536,mazowieckie,garwoliński,Trojanów,gmina wiejska,1403122,2024,nowy,,,,,,,,,,
11537,mazowieckie,garwoliński,Trojanów,gmina wiejska,1403122,2025,nowy,,,,,,,,,,
11538,mazowieckie,garwoliński,Wilga,gmina wiejska,1403132,2018,nowy,,,,,,,,,,
11539,mazowieckie,garwoliński,Wilga,gmina wiejska,1403132,2019,nowy,,,,,,,,,,
11540,mazowieckie,garwoliński,Wilga,gmina wiejska,1403132,2020,nowy,,,,,,,,,,
11541,mazowieckie,garwoliński,Wilga,gmina wiejska,1403132,2021,nowy,,,,,,,,,,
11542,mazowieckie,garwoliński,Wilga,gmina wiejska,1403132,2022,nowy,,,,,,,,,,
11543,mazowieckie,garwoliński,Wilga,gmina wiejska,1403132,2023,ok_finalnie,pdf,tekst,https://bip.gminawilga.pl/files/file_add/download/68_raport-o-stanie-gminy-za-2023-002.pdf,direct_without_tor,e7fb1e3f696f874eef1443f05ad65c651d573ea0cc59b6b487b5e16d67cb0227,200,2026-09-08T17:41:49Z,,4.383,true
11544,mazowieckie,garwoliński,Wilga,gmina wiejska,1403132,2024,ok_finalnie,pdf,tekst,https://bip.gminawilga.pl/files/file_add/download/371_raport-o-stanie-gminy-za-2025.pdf,direct_without_tor,0321b92c8e1dd84d820d1bce4560eefc581f982df8173b7dbc93f3719fb33042,200,2026-09-08T17:41:49Z,,3.976,true
11545,mazowieckie,garwoliński,Wilga,gmina wiejska,1403132,2025,ok_finalnie,pdf,tekst,https://bip.gminawilga.pl/files/file_add/download/623_raport-wilga2026-002.pdf,direct_without_tor,cf96d1a0e41716da91f399acd30fdac9da72a404c1185c733669038a9219c736,200,2026-09-08T17:41:49Z,,5.323,true
11546,mazowieckie,garwoliński,Żelechów,gmina miejsko-wiejska,1403143,2018,ok_finalnie,pdf,raport,https://zelechow.pl/wp-content/uploads/2019/06/Raport-o-stanie-gminy-24.05.2019.pdf,http_get,cbc98cea7d10fe72024f69f20c0415027bbfcd6384da4b5aaadbd321b54aded2,200,2026-09-08 13:58:01,,0.911,
11547,mazowieckie,garwoliński,Żelechów,gmina miejsko-wiejska,1403143,2019,ok_finalnie,pdf,raport,https://zelechow.pl/wp-content/uploads/2020/05/RAPORT-o-stanie-Gminy-Żelechów-za-2019-rok.pdf,http_get,b3e16c16195198269972609b69ac6b58c5a0fad4b61e81b23c5eba061afdec66,200,2026-09-08 13:56:58,,0.297,
11548,mazowieckie,garwoliński,Żelechów,gmina miejsko-wiejska,1403143,2020,ok_finalnie,pdf,raport,https://zelechow.pl/wp-content/uploads/2021/06/Raport-o-stanie-gminy-za-2020.pdf,http_get,90b3264785af065b1454dba5ab428cdc79a9450ddf50fe94edec9dea97d440eb,200,2026-09-08 13:56:58,,0.902,
11549,mazowieckie,garwoliński,Żelechów,gmina miejsko-wiejska,1403143,2021,ok_finalnie,pdf,raport,https://zelechow.pl/wp-content/uploads/2022/06/Raport-o-stanie-gminy-Żelechów-za-2021-rok.pdf,http_get,562a662a209c16b7c4a15f8cf64785144a18a74336c1652f7b3769d559660a96,200,2026-09-08 13:56:58,,4.914,
11550,mazowieckie,garwoliński,Żelechów,gmina miejsko-wiejska,1403143,2022,ok_finalnie,pdf,raport,https://zelechow.pl/wp-content/uploads/2023/06/Raport-o-stanie-gminy-za-2022-1.pdf,http_get,d2802cfc64c578ca9a9a5463daa5cf6ef02b42f3cad5e652002459d4e3e67e42,200,2026-09-08 13:56:58,,4.197,
11551,mazowieckie,garwoliński,Żelechów,gmina miejsko-wiejska,1403143,2023,ok_finalnie,pdf,raport,https://zelechow.pl/wp-content/uploads/2024/06/Raport-o-stanie-gminy-za-2023-prawidlowy.pdf,http_get,8332413b463d79580e7ce82efab6ea14ef6ea006976c8d5cb6e7246670c3d41d,200,2026-09-08 13:56:58,,3.131,
11552,mazowieckie,garwoliński,Żelechów,gmina miejsko-wiejska,1403143,2024,ok_finalnie,pdf,raport,https://zelechow.pl/wp-content/uploads/2025/06/Raport-o-stanie-gminy-za-2024-prawidlowy.pdf,http_get,bfbbef0b5227bf3b854f382a6bce60e70fc8034e2b6b7fad76e7ddd637846ae5,200,2026-09-08 13:56:58,,3.746,
11553,mazowieckie,garwoliński,Żelechów,gmina miejsko-wiejska,1403143,2025,ok_finalnie,pdf,raport,https://zelechow.pl/wp-content/uploads/2026/06/Raport-o-stanie-gminy-za-2025-rok.pdf,http_get,b0682e1e9012b001919113b210cdad3103fa4090f0f833736e534d2f0852843a,200,2026-09-08 13:56:58,,4.704,
11554,mazowieckie,gostyniński,-,-,1404,2018,nowy,,,,,,,,,,
11555,mazowieckie,gostyniński,-,-,1404,2019,nowy,,,,,,,,,,
11556,mazowieckie,gostyniński,-,-,1404,2020,nowy,,,,,,,,,,
11557,mazowieckie,gostyniński,-,-,1404,2021,ok_finalnie,pdf,skan+OCR,http://archiwum.bip.gostynin.powiat.pl/zalaczniki/4350/RAPORT_o_stanie_Powiatu_Gostyninskiego_za_2021_r_31-05-2022_13-59-10.pdf,direct_without_tor,fb9c14b9b6e2b243cce1dbb4104105bc666ed6a64f0c81715fd090c9c4a3251d,200,2026-09-08T19:36:49Z,,29.18,true
11558,mazowieckie,gostyniński,-,-,1404,2022,nowy,,,,,,,,,,
11559,mazowieckie,gostyniński,-,-,1404,2023,nowy,,,,,,,,,,
11560,mazowieckie,gostyniński,-,-,1404,2024,nowy,,,,,,,,,,
11561,mazowieckie,gostyniński,-,-,1404,2025,nowy,,,,,,,,,,
11562,mazowieckie,gostyniński,Gostynin,gmina miejska,1404011,2018,ok_finalnie,pdf,tekst,"https://www.gostynin.pl/plik,1975,raport.pdf",web search → direct PDF on gostynin.pl,a14b2e47c2451661cc50eb272396099897994b530c72f5906dff53e19af57e1a,200,2026-09-07T20:52:14Z,,0.994,true
11563,mazowieckie,gostyniński,Gostynin,gmina miejska,1404011,2019,ok_finalnie,pdf,tekst,https://umgostynin.bip.org.pl/pliki/umgostynin/raport_2020.pdf,direct_without_tor,b55267275aeeed5b8d5e4d0099f535d3eb7f50d306be4a1c21a19b110bcbdd6f,200,2026-09-09T12:25:38Z,[TURA 22 09.09.2026] | KOREKTA: wejściowy wiersz ok wskazywał plik niezwiązany z raportem (IMGW/PreZero),1.625,true
11564,mazowieckie,gostyniński,Gostynin,gmina miejska,1404011,2020,ok_finalnie,pdf,tekst,https://umgostynin.bip.org.pl/pliki/umgostynin/raport_za_2020.pdf,direct_without_tor,50310c2370c049d4f0c0a84cd0d19f2b2388d9933f52302cd97831b960bac73a,200,2026-09-09T12:25:42Z,[TURA 22 09.09.2026] | KOREKTA: wejściowy wiersz ok wskazywał plik niezwiązany z raportem (IMGW/PreZero),1.809,true
11565,mazowieckie,gostyniński,Gostynin,gmina miejska,1404011,2021,ok_finalnie,pdf,tekst,https://umgostynin.bip.org.pl/pliki/umgostynin/raport_za_2021.pdf?20260908213444,direct_without_tor,49168993527df3c0e6a17897f105c04cff4fe3a18d07e1692672d8dcc2a1fcee,200,2026-09-08T20:24:30Z,,1.772,true
11566,mazowieckie,gostyniński,Gostynin,gmina miejska,1404011,2022,ok_finalnie,pdf,tekst,https://umgostynin.bip.org.pl/pliki/umgostynin/raport_za_2022.pdf?20260908213439,direct_without_tor,21a60940895129c36d83d28cd3aab1fa6be1c09e602bdc1209c65df7cdb9d23f,200,2026-09-08T20:24:30Z,,1.162,true
11567,mazowieckie,gostyniński,Gostynin,gmina miejska,1404011,2023,ok_finalnie,pdf,tekst,https://umgostynin.bip.org.pl/pliki/umgostynin/raport_za_2023.pdf?20260908213431,direct_without_tor,5598e0dbf8c813f3e61d97477d11cb1e079ceb1e36025cb7e4df32b95f4d2826,200,2026-09-08T20:24:30Z,,1.234,true
11568,mazowieckie,gostyniński,Gostynin,gmina miejska,1404011,2024,ok_finalnie,pdf,tekst,https://umgostynin.bip.org.pl/pliki/umgostynin/raport_2025-ostateczny-1.pdf?20260908213427,direct_without_tor,5955af66b477f661345cdf47bf5a6a487aae8a1bdf5ed5009dd772d6a3446033,200,2026-09-08T20:24:30Z,,2.185,true
11569,mazowieckie,gostyniński,Gostynin,gmina miejska,1404011,2025,ok_finalnie,pdf,tekst,https://umgostynin.bip.org.pl/pliki/umgostynin/raport_za_2025.pdf?20260908213422,direct_without_tor,0aca708865fb8897a3535529c56449937a0ac2c6905b14eea8bad898a5b8b930,200,2026-09-08T20:24:30Z,,3.348,true
11570,mazowieckie,gostyniński,Gostynin,gmina wiejska,1404022,2018,ok_finalnie,pdf,tekst,https://bip.gminagostynin.pl/attachments/download/7568,direct_without_tor,e6c100bae358ef85c7ae043d93a0c9cbc16c86aaf9a9222f9c84413fd677a182,200,2026-09-08T21:12:26Z,,3.157,true
11571,mazowieckie,gostyniński,Gostynin,gmina wiejska,1404022,2019,ok_finalnie,pdf,tekst,https://bip.gminagostynin.pl/attachments/download/9654,direct_without_tor,1c3f60d8d656735b2163e74966b28aef9f2a540d5de70b1d77e17432b1a32c36,200,2026-09-08T21:12:26Z,,3.742,true
11572,mazowieckie,gostyniński,Gostynin,gmina wiejska,1404022,2020,ok_finalnie,pdf,tekst,https://bip.gminagostynin.pl/attachments/download/10792,direct_without_tor,05621bbb830a40c8fe6bb5ff1153fbd0d5bd04cd132096a130557421cd92720b,200,2026-09-08T21:12:26Z,,4.575,true
11573,mazowieckie,gostyniński,Gostynin,gmina wiejska,1404022,2021,ok_finalnie,pdf,tekst,https://bip.gminagostynin.pl/attachments/download/12597,direct_without_tor,3cbd212bdff7faf3749a1de32c4f918e2fe0ad3098dcb1d89fba8b840ca79070,200,2026-09-08T21:12:26Z,,4.78,true
11574,mazowieckie,gostyniński,Gostynin,gmina wiejska,1404022,2022,ok_finalnie,pdf,tekst,https://bip.gminagostynin.pl/attachments/download/14041,direct_without_tor,2f02640b556cb414acac166e0dc8e24e317fe4ef003a0b63b79feb7eca1d9285,200,2026-09-08T21:12:26Z,,4.356,true
11575,mazowieckie,gostyniński,Gostynin,gmina wiejska,1404022,2023,ok_finalnie,pdf,tekst,https://bip.gminagostynin.pl/attachments/download/15553,direct_without_tor,6e56a79013d5694cef643c8de504fa6d67c6f2a9333286d32c7c81e6984f0ec6,200,2026-09-08T21:12:26Z,,3.855,true
11576,mazowieckie,gostyniński,Gostynin,gmina wiejska,1404022,2024,ok_finalnie,pdf,tekst,https://bip.gminagostynin.pl/attachments/download/16954,direct_without_tor,25b8e661e29842ba5b4eaf54253d4a8419582acd1fc5c2fe9d0a62e4ab263369,200,2026-09-08T21:12:26Z,,3.724,true
11577,mazowieckie,gostyniński,Gostynin,gmina wiejska,1404022,2025,ok_finalnie,pdf,tekst,https://bip.gminagostynin.pl/attachments/download/18403,direct_without_tor,feeb8ca3f091f53afbdfc777c512782b9f8a71356e94a3c1d2977be868623657,200,2026-09-08T21:12:26Z,,3.863,true
11578,mazowieckie,gostyniński,Pacyna,gmina wiejska,1404032,2018,ok_finalnie,pdf,tekst,https://bip.pacyna.mazowsze.pl/pliki/ugpacyna/raport_o_stanie_gminy_2019_wersja_4_0.pdf?20260908185200,direct_without_tor,62dcf78938f8b6f4639cd40ed4b0813b1402313ba25222b90d9a1a1ea9272cde,200,2026-09-08T17:47:24Z,,8.335,true
11579,mazowieckie,gostyniński,Pacyna,gmina wiejska,1404032,2019,ok_finalnie,pdf,tekst,https://bip.pacyna.mazowsze.pl/pliki/ugpacyna/raport_o_stanie_gminy_za_2019_r..pdf?20260908185159,direct_without_tor,f9a87cab224fa37cc6802da94258e1e77987d3b52ee4d9c723d1fed2aa17789c,200,2026-09-08T17:47:24Z,,4.134,true
11580,mazowieckie,gostyniński,Pacyna,gmina wiejska,1404032,2020,ok_finalnie,pdf,tekst,https://bip.pacyna.mazowsze.pl/pliki/ugpacyna/gmina_pacyna_raport_o_stanie_gminy_za_2020_r._24_05_2021_5.pdf?20260908185158,direct_without_tor,35e71a049f88dc57a75e8af55150168f7857e32ec94c06abbbe8b19d023c8a92,200,2026-09-08T17:47:24Z,,4.77,true
11581,mazowieckie,gostyniński,Pacyna,gmina wiejska,1404032,2021,ok_finalnie,pdf,tekst,https://bip.pacyna.mazowsze.pl/pliki/ugpacyna/raport_o_stamie_gminy_za_2021_wersja_4_3.pdf?20260908185156,direct_without_tor,bd94f5c5b83def9ae0e5a09788f740e78a29468a74e5b178b841e9094ae9078c,200,2026-09-08T17:47:24Z,,3.777,true
11582,mazowieckie,gostyniński,Pacyna,gmina wiejska,1404032,2022,ok_finalnie,pdf,tekst,https://bip.pacyna.mazowsze.pl/pliki/ugpacyna/raport_o_stanie_gminy_za_2022_rok_18.pdf?20260908185155,direct_without_tor,65f55cf11c95279230d7c4e5c061ac512a98f9927188387e0122457e462babfd,200,2026-09-08T17:47:24Z,,4.725,true
11583,mazowieckie,gostyniński,Pacyna,gmina wiejska,1404032,2023,ok_finalnie,pdf,tekst,https://bip.pacyna.mazowsze.pl/pliki/ugpacyna/raport_o_stanie_gminy_za_2023_rok__16.pdf?20260908185154,direct_without_tor,4cbe582beea275019c26935696ecc68850ef6b65601db4a78c6c16025779a6f7,200,2026-09-08T17:47:24Z,,2.716,true
11584,mazowieckie,gostyniński,Pacyna,gmina wiejska,1404032,2024,ok_finalnie,pdf,tekst,https://bip.pacyna.mazowsze.pl/pliki/ugpacyna/raport_o_stanie_gminy_za_2024_rok__18.pdf?20260908185153,direct_without_tor,4c431531d02dfefb13715895831966959732f440ecf46afd0252608c034483f6,200,2026-09-08T17:47:24Z,,8.366,true
11585,mazowieckie,gostyniński,Pacyna,gmina wiejska,1404032,2025,ok_finalnie,pdf,tekst,https://bip.pacyna.mazowsze.pl/pliki/ugpacyna/raport_o_stanie_gminy_za_2025_8.pdf?20260908185152,direct_without_tor,1a9b2efd650ca28843811ddf49f1ca5c8db9de706c4cdf7430bde70c70f099df,200,2026-09-08T17:47:24Z,,9.969,true
11586,mazowieckie,gostyniński,Sanniki,gmina miejsko-wiejska,1404043,2018,nowy,,,,,,,,,,
11587,mazowieckie,gostyniński,Sanniki,gmina miejsko-wiejska,1404043,2019,nowy,,,,,,,,,,
11588,mazowieckie,gostyniński,Sanniki,gmina miejsko-wiejska,1404043,2020,nowy,,,,,,,,,,
11589,mazowieckie,gostyniński,Sanniki,gmina miejsko-wiejska,1404043,2021,nowy,,,,,,,,,,
11590,mazowieckie,gostyniński,Sanniki,gmina miejsko-wiejska,1404043,2022,nowy,,,,,,,,,,
11591,mazowieckie,gostyniński,Sanniki,gmina miejsko-wiejska,1404043,2023,nowy,,,,,,,,,,
11592,mazowieckie,gostyniński,Sanniki,gmina miejsko-wiejska,1404043,2024,nowy,,,,,,,,,,
11593,mazowieckie,gostyniński,Sanniki,gmina miejsko-wiejska,1404043,2025,ok_finalnie,pdf,skan+OCR,https://sanniki.bip.org.pl/pliki/sanniki/raport_o_stanie_miasta_i_gminy_sanniki.pdf?20260908185152,direct_without_tor,483d77a855ff4848cd151bb7d33973cc8d85ee15bc1c2be53eb474deecabd808,200,2026-09-08T17:41:59Z,,5.72,true
11594,mazowieckie,gostyniński,Szczawin Kościelny,gmina wiejska,1404052,2018,ok_finalnie,pdf,skan+OCR,https://www.bip.szczawin.pl/pobierz/?zalacznik=4158,direct_without_tor + ocr,2e837e01612628a3de4e621d03da48347429b3ae09cf543f27564b6d9a163de8,200,2026-09-09T13:52:08Z,[TURA 22 09.09.2026],30.686,true
11595,mazowieckie,gostyniński,Szczawin Kościelny,gmina wiejska,1404052,2019,ok_finalnie,pdf,skan+OCR,https://www.bip.szczawin.pl/pobierz/?zalacznik=4698,direct_without_tor + ocr,e7ce912db5631f6bf3762dee2a3117e43f4a17d3e80f3454845e0338737a741c,200,2026-09-09T13:54:17Z,[TURA 22 09.09.2026],34.923,true
11596,mazowieckie,gostyniński,Szczawin Kościelny,gmina wiejska,1404052,2020,ok_finalnie,pdf,skan+OCR,https://www.bip.szczawin.pl/pobierz/?zalacznik=5248,direct_without_tor + ocr,0477a45606719f83687e5693f29c5a5ffd0d90eabfd0770d7f1f7c68a92d982f,200,2026-09-09T13:56:05Z,[TURA 22 09.09.2026],26.817,true
11597,mazowieckie,gostyniński,Szczawin Kościelny,gmina wiejska,1404052,2021,ok_finalnie,pdf,skan+OCR,https://www.bip.szczawin.pl/pobierz/?zalacznik=5889,direct_without_tor + ocr,10d7c7d57a0c7e25420365f97f8cdf3dce1a900fb96d403bb0e0a56af2176359,200,2026-09-09T13:58:27Z,[TURA 22 09.09.2026],29.243,true
11598,mazowieckie,gostyniński,Szczawin Kościelny,gmina wiejska,1404052,2022,ok_finalnie,docx,tekst,https://www.bip.szczawin.pl/pobierz/?zalacznik=6924,direct_without_tor,cf8ce44baffab38726c69337b30fc2dfd632839cb06517bb4ac07defd6770aae,200,2026-09-09T13:58:30Z,[TURA 22 09.09.2026],0.828,true
11599,mazowieckie,gostyniński,Szczawin Kościelny,gmina wiejska,1404052,2023,ok_finalnie,pdf,skan+OCR,https://www.bip.szczawin.pl/pobierz/?zalacznik=7794,direct_without_tor + ocr,e70d9edf449f733da766cea9aa771f978143fdc492f86705b6376cd12350fe77,200,2026-09-09T14:01:02Z,[TURA 22 09.09.2026],42.088,true
11600,mazowieckie,gostyniński,Szczawin Kościelny,gmina wiejska,1404052,2024,ok_finalnie,pdf,skan+OCR,https://www.bip.szczawin.pl/pobierz/?zalacznik=8655,direct_without_tor + ocr,c330a3f24943b99d948cc2f9cb0a924d24989dda35525f72567d125f08603bd5,200,2026-09-09T14:04:13Z,[TURA 22 09.09.2026],33.03,true
11601,mazowieckie,gostyniński,Szczawin Kościelny,gmina wiejska,1404052,2025,ok_finalnie,pdf,skan+OCR,https://www.bip.szczawin.pl/pobierz/?zalacznik=9260,direct_without_tor + ocr,5f88df603014a1ac20d33be1a58a5373f30de6a0dd91c2c36305d7e3231d343a,200,2026-09-09T14:06:55Z,[TURA 22 09.09.2026],33.771,true
11602,mazowieckie,grodziski,-,-,1405,2018,ok_finalnie,pdf,tekst,https://bip.powiat-grodziski.pl/pliki/Raport_o_stanie_powiatu_2018/Raport_o_stanie_powiatu_za_2018.pdf,direct_without_tor,6d2720000dee95c977c3aeff237798a5cdee394e81d05ef809f5c46fbcf95d97,200,2026-09-08T17:42:18Z,,1.592,true
11603,mazowieckie,grodziski,-,-,1405,2019,ok_finalnie,pdf,tekst,https://bip.powiat-grodziski.pl/pliki/Raport_o_stanie_powiatu_2019/Raport_o_stanie_powiatu_za_2019.pdf,direct_without_tor,b90f4a7e2b031e132b93da922cb9c640ce819172c7bae783f5dce4a5981e2689,200,2026-09-08T17:42:18Z,,2.359,true
11604,mazowieckie,grodziski,-,-,1405,2020,ok_finalnie,pdf,tekst,https://bip.powiat-grodziski.pl/pliki/Raport_o_stanie_powiatu_2020/Raport_o_stanie_Powiatu_za_2020.pdf,direct_without_tor,43e6ac5fde41e6b4d91c86879d611571b485ca4b72bb5c7f04a3580bdbf6e3c7,200,2026-09-08T17:42:18Z,,2.187,true
11605,mazowieckie,grodziski,-,-,1405,2021,ok_finalnie,pdf,tekst,https://bip.powiat-grodziski.pl/pliki/Raport_o_stanie_powiatu_2021/Raport_o_stanie_Powiatu_za_2021.pdf,direct_without_tor,6ebc2745b4481850ae11402daaee95a86ca2e3b420941461ccbc05972f525286,200,2026-09-08T17:42:18Z,,2.041,true
11606,mazowieckie,grodziski,-,-,1405,2022,ok_finalnie,pdf,tekst,https://bip.powiat-grodziski.pl/pliki/Raport_o_stanie_powiatu_2022/Raport_o_stanie_Powiatu_za_2022.pdf,direct_without_tor,09ff25bdb9fb229df3ad7064e709b2d43ba7fac9355c8a06291569ae2c05331a,200,2026-09-08T17:42:18Z,,2.408,true
11607,mazowieckie,grodziski,-,-,1405,2023,ok_finalnie,pdf,tekst,https://bip.powiat-grodziski.pl/pliki/Raport_o_stanie_powiatu_2023/raport_o_stanie_Powiatu_za_2023.pdf,direct_without_tor,241d78c28fc88ca03934db617dc45a99e810de35d7dcd4cd4d0fb3343ceb2392,200,2026-09-08T17:42:18Z,,2.713,true
11608,mazowieckie,grodziski,-,-,1405,2024,ok_finalnie,pdf,tekst,https://bip.powiat-grodziski.pl/pliki/Raport_o_stanie_powiatu_2024/Raport_o_stanie_Powiatu_za_2024_25.06.2025.pdf,direct_without_tor,f71f5521c2ee28751ad7fe2a332a97aca235fe70c0aacde8078bd8635792cd23,200,2026-09-08T17:42:18Z,,3.25,true
11609,mazowieckie,grodziski,-,-,1405,2025,ok_finalnie,pdf,tekst,https://bip.powiat-grodziski.pl/pliki/Raport_o_stanie_powiatu_2025/raport_o_stanie_Powiatu_za_2025.pdf,direct_without_tor,2b5a08f329863d7b857d92580a2a49e91527d67fa6482fe1bb723fc0edf3d170,200,2026-09-08T17:42:18Z,,4.922,true
11610,mazowieckie,grodziski,Milanówek,gmina miejska,1405011,2018,ok_finalnie,pdf,raport,https://arch2025.milanowek.pl/images/aa_raporty/Raport_o_stanie_gminy_2018.pdf,http_get,d317eda7951818eec4b493f3d46e2e1c18251010f617712aa0b70b9a108537be,200,2026-09-08 10:30:18,,2.577,
11611,mazowieckie,grodziski,Milanówek,gmina miejska,1405011,2019,ok_finalnie,pdf,raport,https://bip.milanowek.pl/files/file_add/download/46_za-2019-raportstangminymilanowekza2019.pdf,http_get,3e0d1ac296c2d4808cbef9a76dc80247d08cd1ee6486c9febf35cb02e6c07597,200,2026-09-08 10:30:18,,9.129,
11612,mazowieckie,grodziski,Milanówek,gmina miejska,1405011,2020,ok_finalnie,pdf,raport,https://bip.milanowek.pl/files/file_add/download/47_za2020-raportstangminymilanowekza2020.pdf,http_get,7f7854f6b5557cd352712029045856b882d0b69f288ac35e785242ff45fadbeb,200,2026-09-08 10:30:18,,12.844,
11613,mazowieckie,grodziski,Milanówek,gmina miejska,1405011,2021,ok_finalnie,pdf,raport,https://bip.milanowek.pl/files/file_add/download/48_raportstangminymilanowekza2021.pdf,http_get,56807d994c8f4b0f926d23551faade4544ada1f8f1cf71d08df28527cb2d19ba,200,2026-09-08 10:30:18,,12.808,
11614,mazowieckie,grodziski,Milanówek,gmina miejska,1405011,2022,ok_finalnie,pdf,raport,https://bip.milanowek.pl/files/file_add/download/49_raportostaniegminy2022.pdf,http_get,c794290ab1b9f9e156fe8d27b5ce110767d9db9750aac0f18505c768c060497a,200,2026-09-08 10:30:18,,6.768,
11615,mazowieckie,grodziski,Milanówek,gmina miejska,1405011,2023,ok_finalnie,pdf,raport,https://bip.milanowek.pl/files/file_add/download/50_raportostaniegminy202320240531-1.pdf,http_get,3388abe4bdc55d323ce7615b45bce6192eda53d927897a052847ee394763af60,200,2026-09-08 10:30:18,,8.569,
11616,mazowieckie,grodziski,Milanówek,gmina miejska,1405011,2024,ok_finalnie,pdf,raport,https://bip.milanowek.pl/files/file_add/download/74_raporto-stanie-gminy-za-rok-2024.pdf,http_get,5924ff6c07bd92952233e67b780cb19a46d23af945bc1a4ddfaa03696e76259d,200,2026-09-08 10:30:18,,30.403,
11617,mazowieckie,grodziski,Milanówek,gmina miejska,1405011,2025,ok_finalnie,pdf,raport,https://bip.milanowek.pl/files/file_add/download/2100_raport-o-stanie-gminy-milanowek-w-2025-rokuv2rev.pdf,http_get,e3c496bae4f4385ec0ef6a1c859823bd87faf18f20e29eb14681b3b83ed04bfb,200,2026-09-08 10:30:18,,13.090,
11618,mazowieckie,grodziski,Podkowa Leśna,gmina miejska,1405021,2018,ok_finalnie,pdf,raport,https://archiwumbip.podkowalesna.pl/wp-content/uploads/2003/12/raport-o-stanie-miasta-podkowa-lesna-w-2018-r.-31.05.2019.pdf,http_get,7dd1af733e7c1b36443da52cf39c269d272e84ea19bd14e46497ad05e3ba4904,200,2026-09-07 23:14:16,,3.358,
11619,mazowieckie,grodziski,Podkowa Leśna,gmina miejska,1405021,2019,ok_finalnie,pdf,raport,https://archiwumbip.podkowalesna.pl/wp-content/uploads/2003/12/Raport-o-stanie-Miasta-Podkowa-Le%C5%9Bna-w-2019-r..pdf,http_get,95c5247a3b40c16c8a81a590fb127c0c517f69d78c7c15e5c24050c23392ca91,200,2026-09-07 23:14:20,,15.706,
11620,mazowieckie,grodziski,Podkowa Leśna,gmina miejska,1405021,2020,ok_finalnie,pdf,raport,https://archiwumbip.podkowalesna.pl/wp-content/uploads/2003/12/Raport-o-stanie-Miasta-Podkowa-Lesna-w-2020-r..pdf,http_get,34ec2f510ab9f7b2388fd1d0c9797cb360053ee2c0f1f79f5d6b77023109be18,200,2026-09-07 23:14:23,,19.003,
11621,mazowieckie,grodziski,Podkowa Leśna,gmina miejska,1405021,2021,ok_finalnie,pdf,raport,https://archiwumbip.podkowalesna.pl/wp-content/uploads/2003/12/Raport-o-stanie-Miasta-Podkowa-Lesna-w-2021-r..pdf,http_get,96213670624fc2a9db306e10887444aeda046f7fdfaff6b1240837286007bb3b,200,2026-09-07 23:14:27,,20.576,
11622,mazowieckie,grodziski,Podkowa Leśna,gmina miejska,1405021,2022,ok_finalnie,pdf,raport,https://archiwumbip.podkowalesna.pl/wp-content/uploads/2003/12/Raport-o-stanie-Miasta-za-2022.pdf,http_get,998120a4f95705169c115237166b3c83d8c7ab18a5d00291107413fc5addc11b,200,2026-09-07 23:14:32,,30.919,
11623,mazowieckie,grodziski,Podkowa Leśna,gmina miejska,1405021,2023,nowy,,,,,,,,,,
11624,mazowieckie,grodziski,Podkowa Leśna,gmina miejska,1405021,2024,nowy,,,,,,,,,,
11625,mazowieckie,grodziski,Podkowa Leśna,gmina miejska,1405021,2025,ok_finalnie,pdf,raport,https://podkowalesna.pl/files/file_add/download/975_raportpodkowalesna2025rev.pdf,http_get,3e4778587f6b9ff6b41ce0e50baaebfc8d3815a0419475ed1b408ad4026f9152,200,2026-09-08 03:09:38,,9.817,
11626,mazowieckie,grodziski,Baranów,gmina wiejska,1405032,2018,nowy,,,,,,,,,,
11627,mazowieckie,grodziski,Baranów,gmina wiejska,1405032,2019,nowy,,,,,,,,,,
11628,mazowieckie,grodziski,Baranów,gmina wiejska,1405032,2020,nowy,,,,,,,,,,
11629,mazowieckie,grodziski,Baranów,gmina wiejska,1405032,2021,nowy,,,,,,,,,,
11630,mazowieckie,grodziski,Baranów,gmina wiejska,1405032,2022,ok_finalnie,pdf,raport,https://www.gminabaranow.pl/images/2023/Zalaczniki/05/raport_o_stanie_Gminy_za_2022_r_.pdf,http_get,a7e457340da0308221f6fc8cbce362e399753b6352b430f8d8d2476516919264,200,2026-09-08 00:09:33,,7.087,
11631,mazowieckie,grodziski,Baranów,gmina wiejska,1405032,2023,nowy,,,,,,,,,,
11632,mazowieckie,grodziski,Baranów,gmina wiejska,1405032,2024,nowy,,,,,,,,,,
11633,mazowieckie,grodziski,Baranów,gmina wiejska,1405032,2025,nowy,,,,,,,,,,
11634,mazowieckie,grodziski,Grodzisk Mazowiecki,gmina miejsko-wiejska,1405043,2018,ok_finalnie,pdf,tekst,"https://bip.grodzisk.pl/e,pobierz,get.html?id=39288",direct_without_tor,222f7bb278ce0356c67bd19b22c5c5f07dbd632610137180c9b780c432a136b3,200,2026-09-08T20:25:23Z,,21.65,true
11635,mazowieckie,grodziski,Grodzisk Mazowiecki,gmina miejsko-wiejska,1405043,2019,ok_finalnie,pdf,skan+OCR,"https://bip.grodzisk.pl/e,pobierz,get.html?id=42550",direct_without_tor,447971c3079c80c82d7912ac68c0fdacf3cf2f0ae5a58b5e202e8f3950c54281,200,2026-09-09T07:29:57Z,,12.14,true
11636,mazowieckie,grodziski,Grodzisk Mazowiecki,gmina miejsko-wiejska,1405043,2020,ok_finalnie,docx,tekst,"https://bip.grodzisk.pl/e,pobierz,get.html?id=45717",direct_without_tor,b5eb1f99e2abc89b6f335b8a534fd7a177e1385f31f52ce13bf4c52b998b7df9,200,2026-09-08T20:25:23Z,,1.242,true
11637,mazowieckie,grodziski,Grodzisk Mazowiecki,gmina miejsko-wiejska,1405043,2021,ok_finalnie,pdf,tekst,"https://bip.grodzisk.pl/e,pobierz,get.html?id=48445",direct_without_tor,5a5594ec0cd72fae8366d5c58d1dd0274d6a0a3fb2b223204ca87be83903dd3e,200,2026-09-08T20:25:23Z,,26.919,true
11638,mazowieckie,grodziski,Grodzisk Mazowiecki,gmina miejsko-wiejska,1405043,2022,ok_finalnie,pdf,tekst,"https://bip.grodzisk.pl/e,pobierz,get.html?id=51224",direct_without_tor,729724fac8402f71a54c6c23f658dc31ebd831101adf1caa12128cc1f187e32e,200,2026-09-08T20:25:23Z,,34.607,true
11639,mazowieckie,grodziski,Grodzisk Mazowiecki,gmina miejsko-wiejska,1405043,2023,ok_finalnie,pdf,tekst,"https://bip.grodzisk.pl/e,pobierz,get.html?id=53762",direct_without_tor,fa9906adc0e220686a1b69b3f829a4384e6427e563055bce01b45de78c7fcf4d,200,2026-09-08T20:25:23Z,,38.074,true
11640,mazowieckie,grodziski,Grodzisk Mazowiecki,gmina miejsko-wiejska,1405043,2024,ok_finalnie,pdf,tekst,"https://bip.grodzisk.pl/e,pobierz,get.html?id=56695",direct_without_tor,8c3c2c0735fc15cb1c6edb5871cf5bcd5fffaa24ba2e15a686c2612c319d9ba4,200,2026-09-08T20:25:23Z,,49.1,true
11641,mazowieckie,grodziski,Grodzisk Mazowiecki,gmina miejsko-wiejska,1405043,2025,ok_finalnie,pdf,tekst,"https://bip.grodzisk.pl/e,pobierz,get.html?id=59359",direct_without_tor,b8d16a29300f246f271d7475476336602adff6fcdb24e4edff819ffb2b1a9f03,200,2026-09-08T20:25:23Z,,47.531,true
11642,mazowieckie,grodziski,Jaktorów,gmina wiejska,1405052,2018,ok_finalnie,pdf,tekst,https://bip.jaktorow.pl/pliki/archiwum/archiwalny.bip.jaktorow.pl/BIP_JAK/UPLOAD/RAPORT_O_STANIE_GMINY_JAKTORO_3.PDF,direct_without_tor,1e43297d5a7cae00d35a697a2001bb24fe88aa5761939fe52fab21627c1cfbb4,200,2026-09-08T19:38:23Z,,2.646,true
11643,mazowieckie,grodziski,Jaktorów,gmina wiejska,1405052,2019,ok_finalnie,pdf,tekst,https://bip.jaktorow.pl/pliki/archiwum/archiwalny.bip.jaktorow.pl/BIP_JAK/UPLOAD/RAPORT_2019_.PDF,direct_without_tor,8df845ec31ae3f578d84a41ba1ade7e5f163c7e26411e78f9cacaac39bbc3813,200,2026-09-08T19:38:23Z,,4.212,true
11644,mazowieckie,grodziski,Jaktorów,gmina wiejska,1405052,2020,ok_finalnie,pdf,tekst,https://bip.jaktorow.pl/pliki/archiwum/archiwalny.bip.jaktorow.pl/BIP_JAK/UPLOAD/RAPORT_2020.PDF,direct_without_tor,4a0b1efe52322bb2d4f884cbd40150862d29d429b5a55cc1081e7fd6a66a8eb2,200,2026-09-08T19:38:23Z,,54.324,true
11645,mazowieckie,grodziski,Jaktorów,gmina wiejska,1405052,2021,ok_finalnie,pdf,skan+OCR,https://bip.jaktorow.pl/pliki/archiwum/archiwalny.bip.jaktorow.pl/BIP_JAK/UPLOAD/RAPORT_2021_PODPISANY.PDF,direct_without_tor,818d299382aee8d12c4db53cbf3ccb35797131dceb9e6e99b70bf3664524d082,200,2026-09-08T19:38:23Z,,34.064,true
11646,mazowieckie,grodziski,Jaktorów,gmina wiejska,1405052,2022,ok_finalnie,pdf,tekst,https://jaktorow-bip3.alfatv.pl/pliki/jaktorow/pliki/RAPORT%20O%20STANIE%20GMINY%20JAKTOR%C3%93W%20ZA%202022%20ROK_mid_q.pdf,direct_without_tor,837b075c41d88ce0bf27f2820961308d061b2631e6bc11a0c1f1626b82f8b045,200,2026-09-08T17:43:15Z,,5.745,true
11647,mazowieckie,grodziski,Jaktorów,gmina wiejska,1405052,2023,ok_finalnie,pdf,raport,https://jaktorow-bip3.alfatv.pl/pliki/jaktorow/zalaczniki/602/raport-o-stanie-gminy-jaktorow-za-2023-rok.pdf,http_get,815adfe8ac0e34966891ae99e1d9116507b86bedb8431f8804601bcadb1a8525,200,2026-09-07 23:25:17,,6.859,
11648,mazowieckie,grodziski,Jaktorów,gmina wiejska,1405052,2024,nowy,,,,,,,,,,
11649,mazowieckie,grodziski,Jaktorów,gmina wiejska,1405052,2025,nowy,,,,,,,,,,
11650,mazowieckie,grodziski,Żabia Wola,gmina wiejska,1405062,2018,nowy,,,,,,,,,,
11651,mazowieckie,grodziski,Żabia Wola,gmina wiejska,1405062,2019,nowy,,,,,,,,,,
11652,mazowieckie,grodziski,Żabia Wola,gmina wiejska,1405062,2020,nowy,,,,,,,,,,
11653,mazowieckie,grodziski,Żabia Wola,gmina wiejska,1405062,2021,ok_finalnie,pdf,tekst,"https://www.bip.zabiawola.akcessnet.net/upload/plik,20220601092759,raport_2022_maj.pdf",direct_without_tor,b46663f6a11b006d7207d2f4655f7d004ade531f0ebb7552afea3419e425e954,200,2026-09-08T19:38:48Z,,4.646,true
11654,mazowieckie,grodziski,Żabia Wola,gmina wiejska,1405062,2022,ok_finalnie,pdf,tekst,"https://www.bip.zabiawola.akcessnet.net/upload/plik,20230531213802,r_a_p_o_r_t_2023_zabia_wola_a.pdf",direct_without_tor,c58dc529f0a487da8945b6f42ba03b1b6fd26cd382aec22b73d9e5d71e2cf636,200,2026-09-08T19:38:48Z,,3.198,true
11655,mazowieckie,grodziski,Żabia Wola,gmina wiejska,1405062,2023,ok_finalnie,pdf,raport,"https://www.bip.zabiawola.akcessnet.net/upload/plik,20240606191335,r_a_p_o_r_t_2023_zabia_wola.pdf",bip_http_get,c6fa861a0bbe6d4b3d310d558cbaf7647b33af1008df43ffdc3fd7a34362bce1,200,2026-09-07 23:23:02,,3.095,
11656,mazowieckie,grodziski,Żabia Wola,gmina wiejska,1405062,2024,ok_finalnie,pdf,tekst,"https://www.bip.zabiawola.akcessnet.net/upload/plik,20250616131229,raport_o_stanie_gminy2024_.pdf",direct_without_tor,a476f0c4ec9e0b367599d2810209553413547b95e15387cd4149d782bca55af4,200,2026-09-08T19:38:48Z,,3.404,true
11657,mazowieckie,grodziski,Żabia Wola,gmina wiejska,1405062,2025,ok_finalnie,pdf,raport,"https://www.bip.zabiawola.akcessnet.net/upload/plik,20260529152929,raport_o_stanie_gminy_zabia_wola_za_2025_rok.pdf",bip_http_get,097276a715deee800aa35af72420e2250862562fc2047189a0e1f04bc168b3fa,200,2026-09-07 23:23:04,,3.763,
11658,mazowieckie,grójecki,-,-,1406,2018,ok_finalnie,pdf,tekst,"https://bip.grojec.pl/pliki/Rok%202019/sprawozdania,%20raporty,%20kontrole/raport%20o%20stanie%20powiatu%202018/raport%202018.pdf",direct_without_tor,1e2b245cb8e3671929f584d86dbcb94ce64146cb40ae905b6c40070cbc5d6463,200,2026-09-08T22:10:16Z,,10.444,true
11659,mazowieckie,grójecki,-,-,1406,2019,ok_finalnie,pdf,tekst,"https://bip.grojec.pl/pliki/Rok%202020/sprawozdania,%20raporty,%20kontrole/raport%202019/raport_2019.pdf",direct_without_tor,4ab991d94f64f5902df1820a35e992886148a3e80966bfd6a055d319bad53c49,200,2026-09-08T22:10:16Z,,2.871,true
11660,mazowieckie,grójecki,-,-,1406,2020,ok_finalnie,pdf,tekst,https://bip.grojec.pl/pliki/Rok_2021/sprawozdania_raporty_kontrole/raport_o_stanie_powiatu_2020.pdf,direct_without_tor,fb4171a650e88cbeca4be4d888621776bf4d1e570d60d43076acacad84f8468d,200,2026-09-08T22:10:16Z,,0.983,true
11661,mazowieckie,grójecki,-,-,1406,2021,ok_finalnie,pdf,tekst,https://bip.grojec.pl/pliki/Rok_2022/sprawozdania_raporty_kontrole/raport_2021.pdf,direct_without_tor,f5668fa8fbdb9ca95b1d5c8e83e788ebfab6a17ca8f805cc344f3ed8ec460579,200,2026-09-08T22:10:16Z,,1.827,true
11662,mazowieckie,grójecki,-,-,1406,2022,ok_finalnie,pdf,tekst,https://bip.grojec.pl/pliki/Rok_2023/sprawozdania_raporty_kontrole/raport_o_stanie_powiatu/raport.pdf,direct_without_tor,8b8fa48f2570e25c67691830519deed55960d73ecb3d1a51f1be8f275ab9b8d9,200,2026-09-08T22:10:16Z,,1.234,true
11663,mazowieckie,grójecki,-,-,1406,2023,ok_finalnie,docx,tekst,"https://bip.grojec.pl/pliki/Rok_2024/sprawozdania,%20raporty,%20kontrole/raport_2023.docx",direct_without_tor,c1d171a40ec824bd1dd36b4a0930734a04a21d0090d24906d7261c0294632a5a,200,2026-09-08T22:10:16Z,,0.964,true
11664,mazowieckie,grójecki,-,-,1406,2024,ok_finalnie,pdf,tekst,"https://bip.grojec.pl/pliki/Rok_2025/sprawozdania,%20raporty,%20kontrole/raport_2024_pop.pdf",direct_without_tor,4ee9a6cd34944d992674ec2d95d1a778d441dbbcfb6403d2215c034b60d4c788,200,2026-09-08T22:10:16Z,,1.01,true
11665,mazowieckie,grójecki,-,-,1406,2025,ok_finalnie,docx,tekst,"https://bip.grojec.pl/pliki/Rok_2026/sprawozdania,%20raporty,%20kontrole/raport_2025/raport_stan_powiatu_2025.docx",direct_without_tor,429af90391437fc5d2c660442a0bfe24c4410c95d72c5b9e8af394a0404a4261,200,2026-09-08T22:10:16Z,,0.971,true
11666,mazowieckie,grójecki,Belsk Duży,gmina wiejska,1406012,2018,ok_finalnie,pdf,tekst,http://belskduzy.pl/pliki/aktualnosci/2019/raport_o_stanie_gminy_2.pdf,web search → direct PDF on belskduzy.pl,40fa270a13fb958095266d06803cec6a63457dd2a3aacbd543bdf3bcc8e97b30,200,2026-09-07T20:56:01Z,,0.604,true
11667,mazowieckie,grójecki,Belsk Duży,gmina wiejska,1406012,2019,ok_finalnie,pdf,tekst,https://belskduzy.pl/pliki/aktualnosci/2020/raport-za-2019%20.pdf,direct_without_tor,c43fd5d79d8a77682a2da3e525bbe7585eb9962eab1b04686ee0a132cdabc36e,200,2026-09-08T22:10:08Z,,0.829,true
11668,mazowieckie,grójecki,Belsk Duży,gmina wiejska,1406012,2020,ok_finalnie,pdf,tekst,https://belskduzy.pl/pliki/aktualnosci/2021/raport-2020-2.pdf,direct_without_tor,915d382c62765273818ba063a5a68f66f73ca9c7bdae41701b7c54993b4e0f0f,200,2026-09-08T22:10:08Z,,0.88,true
11669,mazowieckie,grójecki,Belsk Duży,gmina wiejska,1406012,2021,ok_finalnie,pdf,raport,https://bip.m.belskduzy.pl/pliki/aktualnosci/2022/Raport-o-stanie-Gminy-za-2021.pdf,http_get,746030501dd21cdde2b7692c4e0c35337c72a862818be960070ff430ae98e628,200,2026-09-08 02:58:22,,0.835,
11670,mazowieckie,grójecki,Belsk Duży,gmina wiejska,1406012,2022,ok_finalnie,pdf,tekst,https://belskduzy.pl/pliki/aktualnosci/2023/raport-o-stanie-gminy-2022.pdf,direct_without_tor,ea4ffab02e8926011bd89a304554e2c8cc2b696a276d1cf38e783ff1d3945967,200,2026-09-08T22:10:08Z,,0.955,true
11671,mazowieckie,grójecki,Belsk Duży,gmina wiejska,1406012,2023,ok_finalnie,pdf,tekst,https://belskduzy.pl/pliki/aktualnosci/2024/raport-o-stanie-gminy-2023.pdf,direct_without_tor,a282c9be25b9b24a7743eff863a1148616554e6eaddffdb3a42e6376310689bf,200,2026-09-08T22:10:08Z,,1.11,true
11672,mazowieckie,grójecki,Belsk Duży,gmina wiejska,1406012,2024,ok_finalnie,pdf,tekst,https://belskduzy.pl/pliki/aktualnosci/2025/raport-o-stanie-gminy-2024-2.pdf,direct_without_tor,d99cfcd56392e13e005cb0792b08f55efc28193ad50c4cdb6bf2117c531af0cf,200,2026-09-08T22:10:08Z,,1.192,true
11673,mazowieckie,grójecki,Belsk Duży,gmina wiejska,1406012,2025,nowy,,,,,,,,,,
11674,mazowieckie,grójecki,Błędów,gmina wiejska,1406022,2018,nowy,,,,,,,,,,
11675,mazowieckie,grójecki,Błędów,gmina wiejska,1406022,2019,nowy,,,,,,,,,,
11676,mazowieckie,grójecki,Błędów,gmina wiejska,1406022,2020,nowy,,,,,,,,,,
11677,mazowieckie,grójecki,Błędów,gmina wiejska,1406022,2021,nowy,,,,,,,,,,
11678,mazowieckie,grójecki,Błędów,gmina wiejska,1406022,2022,nowy,,,,,,,,,,
11679,mazowieckie,grójecki,Błędów,gmina wiejska,1406022,2023,nowy,,,,,,,,,,
11680,mazowieckie,grójecki,Błędów,gmina wiejska,1406022,2024,nowy,,,,,,,,,,
11681,mazowieckie,grójecki,Błędów,gmina wiejska,1406022,2025,ok_finalnie,pdf,raport,https://bip.bledow.pl/files/file_add/download/4632_raport-o-stanie-gminy-za-rok-2025.pdf,http_get,6b074caa255f1f82225553c5fc06da196b60568ef1561697b95de26206680c53,200,2026-09-08 10:33:04,,30.108,
11682,mazowieckie,grójecki,Chynów,gmina wiejska,1406032,2018,ok_finalnie,pdf,tekst,https://bip.chynow.pl/zalacznik/7763,web search → bip.chynow.pl załącznik,71dd1f86c5c0dbee8d3a2ba7aabaffe48c6307e8e6596b317002a9189c914c19,200,2026-09-07T20:56:01Z,,0.983,true
11683,mazowieckie,grójecki,Chynów,gmina wiejska,1406032,2019,nowy,,,,,,,,,,
11684,mazowieckie,grójecki,Chynów,gmina wiejska,1406032,2020,nowy,,,,,,,,,,
11685,mazowieckie,grójecki,Chynów,gmina wiejska,1406032,2021,nowy,,,,,,,,,,
11686,mazowieckie,grójecki,Chynów,gmina wiejska,1406032,2022,nowy,,,,,,,,,,
11687,mazowieckie,grójecki,Chynów,gmina wiejska,1406032,2023,nowy,,,,,,,,,,
11688,mazowieckie,grójecki,Chynów,gmina wiejska,1406032,2024,ok_finalnie,pdf,tekst,https://www.chynow.pl/assets/chynow/media/files/90d1f57f-a2b7-4f19-a403-31c277cd3d7c/raport-o-stanie-gminy-maj-25-poprawny.pdf,chynow.pl direct PDF,5e2bdb8b5f0acb4b51d4c2e36a33bd85d8cc36f837680322ff016764dece2d3b,200,2026-09-07T21:09:25Z,,5.199,true
11689,mazowieckie,grójecki,Chynów,gmina wiejska,1406032,2025,nowy,,,,,,,,,,
11690,mazowieckie,grójecki,Goszczyn,gmina wiejska,1406042,2018,nowy,,,,,,,,,,
11691,mazowieckie,grójecki,Goszczyn,gmina wiejska,1406042,2019,brak_finalnie,,,brak,"dogłębne sprawdzenie (web search bez Tora, kilka silników + BIP/CMS: wyszukiwarka, kategorie raport/uchwały/zarządzenia/sesje + sitemap + Wayback CDX + alternatywne domeny; pobieranie także przez Tor z polskim IP) - dowód proceduralny istnienia raportu, brak opublikowanego pliku",,BRAK_URL (dowód istnienia - nieopublikowany),2026-09-09T16:48:41Z,"[TURA 22 09.09.2026] NEG-plik, DOWOD ISTNIENIA POTWIERDZONY: Uchwała Nr XVI.84.2020 Rady Gminy Goszczyn z 28.08.2020 w sprawie wotum zaufania („po przeprowadzeniu debaty nad Raportem o stanie Gminy Goszczyn za rok 2019”) | dowód: https://bip.goszczyn.pl/pliki/Uchwaly/2020/UCHWALA_NR_XVI_84.2020.pdf | strona: https://bip.goszczyn.pl/index.php?cmd=zawartosc&opt=pokaz&id=451",,true
11692,mazowieckie,grójecki,Goszczyn,gmina wiejska,1406042,2020,ok_finalnie,pdf,raport,http://www.bip.goszczyn.pl/pliki/tablica_ogloszen/2021/raport_o_stanie_gminy_goszczyn_za_2020.pdf,http_get,60a9a424b2c40db4e55a71b60cae1620bfc631a84a461ca428a29dd50ccd9065,200,2026-09-08 10:34:21,,0.804,
11693,mazowieckie,grójecki,Goszczyn,gmina wiejska,1406042,2021,ok_finalnie,pdf,tekst,https://bip.goszczyn.pl/pliki/statut/Raport_o_stanie_gminy_Goszczyn_za_2021.pdf,direct_without_tor,ee2d1aba926d3b64dd58e7aa935ad1ef950034736babdb1d7f683d2f574694dd,200,2026-09-08T22:10:08Z,,0.487,true
11694,mazowieckie,grójecki,Goszczyn,gmina wiejska,1406042,2022,ok_finalnie,pdf,raport,http://www.bip.goszczyn.pl/pliki/tablica_ogloszen/2023/Raport_o_stanie_gminy_Goszczyn_za_2022.pdf,http_get,b4c2cd56e31a2a27fb22b004fffb0599ce457522f92ef511c81d6a6eee2ae935,200,2026-09-08 10:33:45,,1.155,
11695,mazowieckie,grójecki,Goszczyn,gmina wiejska,1406042,2023,ok_finalnie,pdf,raport,http://www.bip.goszczyn.pl/pliki/tablica_ogloszen/2024/Raport_o_stanie_gminy_Goszczyn_za_2023.pdf,http_get,d2b95d53391c88d7a83d65cd75d4fe222c2cf78dd49ae146eaff036abdccb81a,200,2026-09-08 10:33:45,,1.548,
11696,mazowieckie,grójecki,Goszczyn,gmina wiejska,1406042,2024,ok_finalnie,pdf,tekst,https://bip.goszczyn.pl/pliki/tablica_ogloszen/2025/raport_o_stanie_gminy/Raport_o_stanie_gminy_Goszczyn_za_2024.pdf,direct_without_tor,945721be38cfa58488ed301f3fc7579868193800336c1907d99521e134afc31a,200,2026-09-08T22:10:08Z,,1.642,true
11697,mazowieckie,grójecki,Goszczyn,gmina wiejska,1406042,2025,ok_finalnie,pdf,tekst,https://bip.goszczyn.pl/pliki/tablica_ogloszen/2026/raport_o_stanie_gminy/Raport_o_stanie_gminy_Goszczyn_za_2025.pdf,direct_without_tor,7797aae5a5a4446cd14c3977db437ce01cb40aa55bc303554ebf8f6c53e2f37c,200,2026-09-08T22:10:08Z,,0.908,true
11698,mazowieckie,grójecki,Grójec,gmina miejsko-wiejska,1406053,2018,ok_finalnie,pdf,tekst,https://bip-v1-files.idcom-jst.pl/sites/47399/wiadomosci/596274/files/raport_o_stanie_gminy_grojec.pdf,web search → idcom BIP article page → bip-v1-files.idcom-jst.pl,c5c29b3083f49a1fa1d56a27db41b2b0a115a9b010a5cee6dd890fe6db613dab,200,2026-09-07T20:54:44Z,,27.907,true
11699,mazowieckie,grójecki,Grójec,gmina miejsko-wiejska,1406053,2019,ok_finalnie,pdf,tekst,https://bip-v1-files.idcom-jst.pl/sites/47399/wiadomosci/596276/files/raport_o_stanie_gminy_grojec_za_2019_r.pdf,web search → idcom BIP article page → bip-v1-files.idcom-jst.pl,d0bc58044b1a286a4fff0e98315f596e540b99b88aecfb1c840a95d6af49c108,200,2026-09-07T20:54:44Z,,3.113,true
11700,mazowieckie,grójecki,Grójec,gmina miejsko-wiejska,1406053,2020,ok_finalnie,pdf,tekst,https://bip-v1-files.idcom-jst.pl/sites/47399/wiadomosci/596279/files/raport_o_stanie_gminy_grojec_2020.pdf,web search → idcom BIP article page → bip-v1-files.idcom-jst.pl,d3d7d5f2efcd78555cb61e32233f04271dd5edf716a6f946b1227890843c1aa5,200,2026-09-07T20:54:44Z,,6.702,true
11701,mazowieckie,grójecki,Grójec,gmina miejsko-wiejska,1406053,2021,ok_finalnie,pdf,tekst,https://bip-v1-files.idcom-jst.pl/sites/47399/wiadomosci/634134/files/raport_o_stanie_gminy_2021_wersja_ostateczna_31_maja_2022.pdf,web search → idcom BIP article page → bip-v1-files.idcom-jst.pl,05b74de760d1c6c65969e17a7d7c1ac4b37fcbddaa0a5a4f2b995a89a740f26f,200,2026-09-07T20:54:44Z,,52.671,true
11702,mazowieckie,grójecki,Grójec,gmina miejsko-wiejska,1406053,2022,ok_finalnie,pdf,tekst,https://bip-v1-files.idcom-jst.pl/sites/47399/wiadomosci/690258/files/raport_o_stanie_gminy_za_2022.pdf,web search → idcom BIP article page → bip-v1-files.idcom-jst.pl,d7108e32da3987dcf1c1e0ebe6cb316d1de672f4086e2a7dde8c39991dbe3237,200,2026-09-07T20:56:01Z,,49.422,true
11703,mazowieckie,grójecki,Grójec,gmina miejsko-wiejska,1406053,2023,ok_finalnie,pdf,tekst,https://bip-v1-files.idcom-jst.pl/sites/47399/wiadomosci/756563/files/raport_za_rok_2023_ostatecznysig.pdf,web search → idcom BIP article page → bip-v1-files.idcom-jst.pl,0df155295be0af194c05c90038784a5bd63b5de3d493ddd62622061cd1c45931,200,2026-09-07T20:54:44Z,,7.75,true
11704,mazowieckie,grójecki,Grójec,gmina miejsko-wiejska,1406053,2024,ok_finalnie,pdf,tekst,https://bip-v1-files.idcom-jst.pl/sites/47399/wiadomosci/822687/files/raportzarok2024sig.pdf,web search → idcom BIP article page → bip-v1-files.idcom-jst.pl,bb308fcf614e3ca6cdb920d8c069d9ae6e851dff4f24f4527c1c2fd09be97a27,200,2026-09-07T20:54:44Z,,19.519,true
11705,mazowieckie,grójecki,Grójec,gmina miejsko-wiejska,1406053,2025,ok_finalnie,pdf,tekst,https://bip-v1-files.idcom-jst.pl/sites/47399/wiadomosci/885509/files/raportzarok2025sig.pdf,web search → idcom BIP article page → bip-v1-files.idcom-jst.pl,9d55bf979712eee4eb359ac539e70a4fc7494be33db0b344530a66cc8d87b900,200,2026-09-07T20:54:44Z,,16.372,true
11706,mazowieckie,grójecki,Jasieniec,gmina wiejska,1406062,2018,nowy,,,,,,,,,,
11707,mazowieckie,grójecki,Jasieniec,gmina wiejska,1406062,2019,nowy,,,,,,,,,,
11708,mazowieckie,grójecki,Jasieniec,gmina wiejska,1406062,2020,nowy,,,,,,,,,,
11709,mazowieckie,grójecki,Jasieniec,gmina wiejska,1406062,2021,ok_finalnie,pdf,tekst,https://bip-v1-files.idcom-jst.pl/sites/47377/wiadomosci/632831/files/raport_bip.pdf,direct_without_tor,f2471a59e6d7bac73b64def8b6cac6fcb31050ebb31463777c16845240376b0e,200,2026-09-08T17:43:43Z,,4.369,true
11710,mazowieckie,grójecki,Jasieniec,gmina wiejska,1406062,2022,ok_finalnie,pdf,tekst,https://bip-v1-files.idcom-jst.pl/sites/47377/wiadomosci/690329/files/raport_o_stanie_gminy_za_2022.pdf,direct_without_tor,39da29b7421aefd5e4b2ad2d0f77e04aec8be130a5f19ca2dee868186e748072,200,2026-09-08T17:43:43Z,,7.581,true
11711,mazowieckie,grójecki,Jasieniec,gmina wiejska,1406062,2023,ok_finalnie,pdf,tekst,https://bip-v1-files.idcom-jst.pl/sites/47377/wiadomosci/756810/files/raport_o_stanie_gminy_jasieniec_za_2023.pdf,direct_without_tor,e3488729b985f33a96089a30b6d8ad177c3c3a38234d80706b23bb9accf483ef,200,2026-09-08T17:43:43Z,,6.518,true
11712,mazowieckie,grójecki,Jasieniec,gmina wiejska,1406062,2024,ok_finalnie,pdf,tekst,https://bip-v1-files.idcom-jst.pl/sites/47377/wiadomosci/823702/files/raport_o_stanie_gminy_jasieniec_za_2024_rok.pdf,direct_without_tor,ca60577d035f64d29abd196bf559350777a2700820bf447ec77929613856e8f0,200,2026-09-08T17:43:43Z,,54.683,true
11713,mazowieckie,grójecki,Jasieniec,gmina wiejska,1406062,2025,ok_finalnie,pdf,tekst,https://bip-v1-files.idcom-jst.pl/sites/47377/wiadomosci/885553/files/raport_o_stanie_gminy_jasieniec_za_2025_rok.pdf,direct_without_tor,5e664c410866f5ac45a868b44b2a94d7dcc8ecd13abbb47f75afeacee1b458c9,200,2026-09-08T17:43:43Z,,51.007,true
11714,mazowieckie,grójecki,Mogielnica,gmina miejsko-wiejska,1406073,2018,nowy,,,,,,,,,,
11715,mazowieckie,grójecki,Mogielnica,gmina miejsko-wiejska,1406073,2019,nowy,,,,,,,,,,
11716,mazowieckie,grójecki,Mogielnica,gmina miejsko-wiejska,1406073,2020,nowy,,,,,,,,,,
11717,mazowieckie,grójecki,Mogielnica,gmina miejsko-wiejska,1406073,2021,nowy,,,,,,,,,,
11718,mazowieckie,grójecki,Mogielnica,gmina miejsko-wiejska,1406073,2022,nowy,,,,,,,,,,
11719,mazowieckie,grójecki,Mogielnica,gmina miejsko-wiejska,1406073,2023,nowy,,,,,,,,,,
11720,mazowieckie,grójecki,Mogielnica,gmina miejsko-wiejska,1406073,2024,ok_finalnie,pdf,raport,https://bip-v1-files.idcom-jst.pl/sites/47501/wiadomosci/825873/files/raport_o_stanie_gminy_mogielnica_za_2024_rok.pdf,http_get,4ba00d502132c0a535b96ce1ab4979b6e78536b60546c973b235b5c6c7ae2506,200,2026-09-08 11:05:05,,5.307,
11721,mazowieckie,grójecki,Mogielnica,gmina miejsko-wiejska,1406073,2025,ok_finalnie,pdf,raport,https://bip-v1-files.idcom-jst.pl/sites/47501/wiadomosci/886241/files/raport_o_stanie_gminy_za_2025_rok..pdf,http_get,f8bcc3c1f8cc2f366e673bbe2bb64447a68cd24749d7bd259c3c9b1a227a88e3,200,2026-09-08 11:05:51,,13.310,
11722,mazowieckie,grójecki,Nowe Miasto nad Pilicą,gmina miejsko-wiejska,1406083,2018,nowy,,,,,,,,,,
11723,mazowieckie,grójecki,Nowe Miasto nad Pilicą,gmina miejsko-wiejska,1406083,2019,nowy,,,,,,,,,,
11724,mazowieckie,grójecki,Nowe Miasto nad Pilicą,gmina miejsko-wiejska,1406083,2020,nowy,,,,,,,,,,
11725,mazowieckie,grójecki,Nowe Miasto nad Pilicą,gmina miejsko-wiejska,1406083,2021,nowy,,,,,,,,,,
11726,mazowieckie,grójecki,Nowe Miasto nad Pilicą,gmina miejsko-wiejska,1406083,2022,nowy,,,,,,,,,,
11727,mazowieckie,grójecki,Nowe Miasto nad Pilicą,gmina miejsko-wiejska,1406083,2023,nowy,,,,,,,,,,
11728,mazowieckie,grójecki,Nowe Miasto nad Pilicą,gmina miejsko-wiejska,1406083,2024,nowy,,,,,,,,,,
11729,mazowieckie,grójecki,Nowe Miasto nad Pilicą,gmina miejsko-wiejska,1406083,2025,ok_finalnie,pdf,raport,https://nowemiasto.pl/nowe_miasto_2024/web/uploads/pub/strony/strona_3399/text/RAPORT%20O%20STANIE%20GMINY%202025.pdf,http_get,b5ca83863f66d92a73fbaf9fa702da2f72f524b38b211187c8cae88994d496e8,200,2026-09-07 23:14:35,,2.455,
11730,mazowieckie,grójecki,Pniewy,gmina wiejska,1406092,2018,ok_finalnie,pdf,raport,https://bip-v1-files.idcom-jst.pl/sites/3111/cms/szablony/15090/pliki/raport_o_stanie_gminy_2018.pdf,http_get,c9b2ce5295e28eddcf6899b406a2cf2095a8ec7d0e2b3315d548e0a855ce42df,200,2026-09-08 10:45:34,,0.646,
11731,mazowieckie,grójecki,Pniewy,gmina wiejska,1406092,2019,ok_finalnie,pdf,raport,https://bip-v1-files.idcom-jst.pl/sites/3111/cms/szablony/15089/pliki/raportostaniegminypniewy2019.pdf,http_get,ac493538bcade8eed6970178d97e28245ab17eee356c609290627b6a6b379f3c,200,2026-09-08 10:45:34,,0.530,
11732,mazowieckie,grójecki,Pniewy,gmina wiejska,1406092,2020,ok_finalnie,pdf,raport,https://bip-v1-files.idcom-jst.pl/sites/3111/cms/szablony/17666/pliki/raport_o_stanie_gminy_za_2020.pdf,http_get,e08f2fbe799bea0baf526c9b705a24de949dba5172745e47e84721973fcdad7d,200,2026-09-08 10:45:34,,0.757,
11733,mazowieckie,grójecki,Pniewy,gmina wiejska,1406092,2021,ok_finalnie,pdf,raport,https://bip-v1-files.idcom-jst.pl/sites/3111/cms/szablony/20407/pliki/raport_o_stanie_gminy_pniewy_za_2021_rok.pdf,http_get,2b8f761ec1d1a5f8e911d5d2d412a300f8f843cacf6f153e9e732c7a397eed5a,200,2026-09-08 10:45:34,,0.815,
11734,mazowieckie,grójecki,Pniewy,gmina wiejska,1406092,2022,ok_finalnie,pdf,raport,https://bip-v1-files.idcom-jst.pl/sites/3111/cms/szablony/21918/pliki/raport_o_stanie_gminy_pniewy_za_2022.pdf,http_get,93e56f01e31d730e9970c2214aee7e91448dd4e1ee84a3b71ab738089e8edc09,200,2026-09-08 10:45:34,,0.633,
11735,mazowieckie,grójecki,Pniewy,gmina wiejska,1406092,2023,ok_finalnie,pdf,raport,https://bip-v1-files.idcom-jst.pl/sites/3111/cms/szablony/27098/pliki/2023_raport_im_2.pdf,http_get,99bf77350cb5a981574b30149817a1a6e8c8afd873fb9be73bb971b15e3badca,200,2026-09-08 10:45:34,,0.940,
11736,mazowieckie,grójecki,Pniewy,gmina wiejska,1406092,2024,ok_finalnie,pdf,raport,https://bip-v1-files.idcom-jst.pl/sites/3111/cms/szablony/27204/pliki/raport_o_stanie_gminy_pniewy_2024.pdf,http_get,75156417de72421aab7036c44f86bdf1c3e9f56ba1d1d4627097313bd28ce3c1,200,2026-09-08 10:45:34,,17.445,
11737,mazowieckie,grójecki,Pniewy,gmina wiejska,1406092,2025,ok_finalnie,pdf,tekst,https://bip-v1-files.idcom-jst.pl/sites/3111/cms/szablony/30374/pliki/raport_o_stanie_gminy_pniewy_za_2025_rok.pdf,direct_without_tor,43532f633646495371e833863b7f222032a08b8922d2cdc59e57ed99b0c9da0d,200,2026-09-08T17:44:40Z,,1.897,true
11738,mazowieckie,grójecki,Warka,gmina miejsko-wiejska,1406113,2018,nowy,,,,,,,,,,
11739,mazowieckie,grójecki,Warka,gmina miejsko-wiejska,1406113,2019,ok_finalnie,pdf,raport,https://warka.bipgminy.pl/public/getFile?id=510259,http_get,e0de9d19a08dd78ba342f47ee98f9a72982e6a0dad87e68676bb16f5a8f9f7d9,200,2026-09-08 00:28:32,,2.935,
11740,mazowieckie,grójecki,Warka,gmina miejsko-wiejska,1406113,2020,ok_finalnie,pdf,raport,https://warka.bipgminy.pl/public/getFile?id=533877,http_get,bd6fddc40d97dcd46e99ed2f384522e933dc684da64068ab7045fec2a8c35346,200,2026-09-08 00:28:29,,4.732,
11741,mazowieckie,grójecki,Warka,gmina miejsko-wiejska,1406113,2021,ok_finalnie,pdf,raport,https://warka.bipgminy.pl/public/getFile?id=554307,http_get,31b54c6cd8c749cbc244809db0f107f7300ad7541b3bbf6ab454c17ae3042e29,200,2026-09-08 00:28:26,,5.115,
11742,mazowieckie,grójecki,Warka,gmina miejsko-wiejska,1406113,2022,ok_finalnie,pdf,raport,https://warka.bipgminy.pl/public/getFile?id=572437,http_get,695e789f746d7a527233a53b1f3546176b14cc1c4f994fb38ad40c1206c45732,200,2026-09-08 00:28:23,,3.751,
11743,mazowieckie,grójecki,Warka,gmina miejsko-wiejska,1406113,2023,ok_finalnie,pdf,raport,https://warka.bipgminy.pl/public/getFile?id=590318,http_get,6148180c16cf04c918fea6e2058cfe9e30aed4bbd2f010e705eb3bbff15967f9,200,2026-09-08 00:28:20,,2.758,
11744,mazowieckie,grójecki,Warka,gmina miejsko-wiejska,1406113,2024,ok_finalnie,pdf,raport,https://warka.bipgminy.pl/public/getFile?id=608719,http_get,1a58177a03e5e4518f6476afce84bb7b32d79df18679c3c41332574d180803ea,200,2026-09-08 00:28:17,,4.159,
11745,mazowieckie,grójecki,Warka,gmina miejsko-wiejska,1406113,2025,ok_finalnie,pdf,raport,https://warka.bipgminy.pl/public/getFile?id=622976,http_get,23f826e4cb532e640ddf5765639bfdac6daf2be219a33b6b2d72461d06eda66b,200,2026-09-08 00:28:15,,5.804,
11746,mazowieckie,kozienicki,-,-,1407,2018,nowy,,,,,,,,,,
11747,mazowieckie,kozienicki,-,-,1407,2019,nowy,,,,,,,,,,
11748,mazowieckie,kozienicki,-,-,1407,2020,nowy,,,,,,,,,,
11749,mazowieckie,kozienicki,-,-,1407,2021,nowy,,,,,,,,,,
11750,mazowieckie,kozienicki,-,-,1407,2022,nowy,,,,,,,,,,
11751,mazowieckie,kozienicki,-,-,1407,2023,nowy,,,,,,,,,,
11752,mazowieckie,kozienicki,-,-,1407,2024,nowy,,,,,,,,,,
11753,mazowieckie,kozienicki,-,-,1407,2025,nowy,,,,,,,,,,
11754,mazowieckie,kozienicki,Garbatka-Letnisko,gmina wiejska,1407012,2018,ok_finalnie,pdf,tekst,https://bip-v1-files.idcom-jst.pl/sites/46626/cms/szablony/13697/pliki/raport_o_stanie_gminy_2018_r_;.pdf,direct_without_tor,31b5d16748d68e25e228ff0ed4f37845e69f8967c75c6f31ed76f756ef95461c,200,2026-09-08T17:45:07Z,,1.963,true
11755,mazowieckie,kozienicki,Garbatka-Letnisko,gmina wiejska,1407012,2019,ok_finalnie,pdf,tekst,https://bip-v1-files.idcom-jst.pl/sites/46626/cms/szablony/13697/pliki/raport_za_rok_2019.pdf,direct_without_tor,d136ef34255cb96c70e568dfdded4ed4e8c8d6096920f8844578ff692b55802a,200,2026-09-08T17:45:07Z,,4.195,true
11756,mazowieckie,kozienicki,Garbatka-Letnisko,gmina wiejska,1407012,2020,ok_finalnie,pdf,tekst,https://bip-v1-files.idcom-jst.pl/sites/46626/cms/szablony/13697/pliki/raport_2020.pdf,direct_without_tor,cf3ddc89ccf1dee3ffebbd589263a36caaddbb07978d174b0ccf9d4f47852a7e,200,2026-09-08T17:45:07Z,,3.486,true
11757,mazowieckie,kozienicki,Garbatka-Letnisko,gmina wiejska,1407012,2021,ok_finalnie,pdf,tekst,https://bip-v1-files.idcom-jst.pl/sites/46626/cms/szablony/13697/pliki/raport_o_stanie_gminy_za_2021_r.pdf,direct_without_tor,b65f5ad459fa6e99698bd2908cc14c37c28b5c83c0243c59aa68d69a7b5196ce,200,2026-09-08T17:45:07Z,,2.864,true
11758,mazowieckie,kozienicki,Garbatka-Letnisko,gmina wiejska,1407012,2022,ok_finalnie,pdf,tekst,https://bip-v1-files.idcom-jst.pl/sites/46626/cms/szablony/13697/pliki/raport_o_stanie_gminy_za_2022_r_.pdf,direct_without_tor,781f34cc008b022bd2a7fd17f3f2ac7ce58e28f8ee0cc1ebe12ee73e603f6a75,200,2026-09-08T17:45:07Z,,3.456,true
11759,mazowieckie,kozienicki,Garbatka-Letnisko,gmina wiejska,1407012,2023,ok_finalnie,pdf,tekst,https://bip-v1-files.idcom-jst.pl/sites/46626/cms/szablony/13697/pliki/raport_o_stanie_gminy_za_2023_r_.pdf,direct_without_tor,5c25c2b985797b93e85b3388b54c27270f1d7a819c6c6e84547620381e9564cc,200,2026-09-08T17:45:07Z,,4.671,true
11760,mazowieckie,kozienicki,Garbatka-Letnisko,gmina wiejska,1407012,2024,ok_finalnie,pdf,tekst,https://bip-v1-files.idcom-jst.pl/sites/46626/cms/szablony/13697/pliki/raport_o_stanie_gminy_za_2024_r.pdf,direct_without_tor,68bd42923f145e43af0ce0026c351402c6a63501e23ac2af8ff90699f5d408f5,200,2026-09-08T17:45:07Z,,5.909,true
11761,mazowieckie,kozienicki,Garbatka-Letnisko,gmina wiejska,1407012,2025,ok_finalnie,pdf,tekst,https://bip-v1-files.idcom-jst.pl/sites/46626/cms/szablony/13697/pliki/raport_o_stanie_gminy_za_2025_r__002.pdf,direct_without_tor,97d057f39325590d543ee4de82121503e46b9b79576d8464926534b8d3cdf54e,200,2026-09-08T17:45:07Z,,4.883,true
11762,mazowieckie,kozienicki,Głowaczów,gmina wiejska,1407022,2018,ok_finalnie,pdf,tekst,https://glowaczow.biuletyn.net/fls/bip_pliki/2022_03/BIPF5DAAACEF53960Z/Raport_o_stanie_Gminy_za_2018_rok_.pdf,tor_pl_ip,4fb65a3d5d287205da34c4a552e9108382ce29d1b75363e87e44f2c809f542a2,200,2026-09-09T09:14:00Z,,2.19,true
11763,mazowieckie,kozienicki,Głowaczów,gmina wiejska,1407022,2019,ok_finalnie,pdf,skan+OCR,https://glowaczow.biuletyn.net/fls/bip_pliki/2022_03/BIPF5DAAAE28AD1CFZ/Raport_o_stanie_Gminy_Glowaczow_za_2019_rok.pdf,tor_pl_ip,24b980497e111b2a2121c067bffe8fac8f00387194f66a6ad9fe10621f64fdfc,200,2026-09-09T09:14:00Z,,38.056,true
11764,mazowieckie,kozienicki,Głowaczów,gmina wiejska,1407022,2020,ok_finalnie,pdf,skan+OCR,https://glowaczow.biuletyn.net/fls/bip_pliki/2022_03/BIPF5DAAAFB3B552DZ/Raport_o_stanie_Gminy_Glowaczow_za_2020_rok.pdf,tor_pl_ip,ff1e185236a739317676c1df54a382137af47bd787b07e72df72f2ed989e91ba,200,2026-09-09T09:14:00Z,,15.433,true
11765,mazowieckie,kozienicki,Głowaczów,gmina wiejska,1407022,2021,ok_finalnie,pdf,tekst,https://glowaczow.biuletyn.net/fls/bip_pliki/2022_05/BIPF5E05016A86C23Z/Raport_o_stanie_Gminy_Glowaczow_za_2021r...pdf,tor_pl_ip,276b4214a3a201d400b2b312da2b46e843775af80af6635594c0423b80b03ae5,200,2026-09-09T09:14:00Z,,2.418,true
11766,mazowieckie,kozienicki,Głowaczów,gmina wiejska,1407022,2022,ok_finalnie,pdf,tekst,https://glowaczow.biuletyn.net/fls/bip_pliki/2023_06/BIPF5FD2470ABA97DZ/RAPORT_5.pdf,tor_pl_ip,2108579c426abaf8fe6e24845e8d0b76b4cd03bba907148c4a5d5e2c77545a46,200,2026-09-09T09:14:00Z,,1.986,true
11767,mazowieckie,kozienicki,Głowaczów,gmina wiejska,1407022,2023,nowy,,,,,,,,,,
11768,mazowieckie,kozienicki,Głowaczów,gmina miejsko-wiejska,1407023,2024,ok_finalnie,pdf,skan+OCR,https://glowaczow.biuletyn.net/fls/bip_pliki/2025_05/BIPF6365662494258Z/Raport_o_stanie_gminy_za_2024_rok.pdf,tor_pl_ip,0ecd120265da57a4c14ed84b561d84d39cdc6fdf6c36a6ca01a2053b96d9a1cc,200,2026-09-09T09:14:15Z,,15.169,true
11769,mazowieckie,kozienicki,Głowaczów,gmina miejsko-wiejska,1407023,2025,ok_finalnie,pdf,tekst,https://glowaczow.biuletyn.net/fls/bip_pliki/2026_06/BIPF6535765F9EC29Z/Raport_o_stanie_gminy_za_2025_rok.pdf,tor_pl_ip,27b33726707afcbb7edf12471924f3e65dae721cc218c682c391d061ee11d394,200,2026-09-09T09:14:15Z,,1.918,true
11770,mazowieckie,kozienicki,Gniewoszów,gmina wiejska,1407032,2018,nowy,,,,,,,,,,
11771,mazowieckie,kozienicki,Gniewoszów,gmina wiejska,1407032,2019,nowy,,,,,,,,,,
11772,mazowieckie,kozienicki,Gniewoszów,gmina wiejska,1407032,2020,nowy,,,,,,,,,,
11773,mazowieckie,kozienicki,Gniewoszów,gmina wiejska,1407032,2021,nowy,,,,,,,,,,
11774,mazowieckie,kozienicki,Gniewoszów,gmina wiejska,1407032,2022,nowy,,,,,,,,,,
11775,mazowieckie,kozienicki,Gniewoszów,gmina wiejska,1407032,2023,ok_finalnie,pdf,raport,https://bip.gniewoszow.pl/pliki/gniewoszow/zalaczniki/355/raport-o-stanie-gminy-za-2023.pdf,http_get,5c6134f553511543533ae992a972d11d7d5a68b3eaaad3c3d062d52bb1aed6dc,200,2026-09-08 10:44:39,,5.160,
11776,mazowieckie,kozienicki,Gniewoszów,gmina wiejska,1407032,2024,ok_finalnie,pdf,raport,https://bip.gniewoszow.pl/pliki/gniewoszow/zalaczniki/742/raport-o-stanie-gminy-za-2024-rok.pdf,http_get,c357b6fac250e4f732db54a2f31ccd0ca74afdc7e3b4e091333c706415bc402b,200,2026-09-08 10:44:39,,3.300,
11777,mazowieckie,kozienicki,Gniewoszów,gmina wiejska,1407032,2025,ok_finalnie,pdf,raport,https://bip.gniewoszow.pl/pliki/gniewoszow/zalaczniki/1001/raport-o-stanie-gminy-za-2025.pdf,http_get,0c3805d58de315a793191f803ed158752081bef66d15b29ca6f8581118207be8,200,2026-09-08 10:44:39,,5.818,
11778,mazowieckie,kozienicki,Grabów nad Pilicą,gmina wiejska,1407042,2018,ok_finalnie,pdf,tekst,http://bip.grabow.pl/upload/Raport%20o%20stanie%20Gminy%20Grab%C3%B3w%20nad%20Pilic%C4%85%20za%202018rn.pdf,direct_without_tor,e6f8703b0429b1cdc67de561ce8ca381d0a1990e8886cc2c38918034e574dd1f,200,2026-09-08T19:40:02Z,,1.493,true
11779,mazowieckie,kozienicki,Grabów nad Pilicą,gmina wiejska,1407042,2019,ok_finalnie,pdf,tekst,http://bip.grabow.pl/upload/RAPORT_2019_Grab%C3%B3w_nad_Pilic%C4%85.pdf,direct_without_tor,bed8d8505fc9e5614e68702911fe5642169caaf80096a9e61ae55fbeda03a02a,200,2026-09-08T19:40:02Z,,3.127,true
11780,mazowieckie,kozienicki,Grabów nad Pilicą,gmina wiejska,1407042,2020,ok_finalnie,pdf,tekst,http://bip.grabow.pl/upload/Raport%20za%202020.pdf,direct_without_tor,7c41eddefd23cc68c13a6f7414aaa727a11bfb2936602293ec357a15787c9c6f,200,2026-09-08T19:40:02Z,,3.354,true
11781,mazowieckie,kozienicki,Grabów nad Pilicą,gmina wiejska,1407042,2021,ok_finalnie,pdf,tekst,http://bip.grabow.pl/upload/Raport%20za%202021%20rok.pdf,direct_without_tor,e9cfc7e49de0ff91d1400ff5ecbc0b667697bf33030ca9f3ffd0760a5208c5cd,200,2026-09-08T19:40:02Z,,3.153,true
11782,mazowieckie,kozienicki,Grabów nad Pilicą,gmina wiejska,1407042,2022,ok_finalnie,pdf,tekst,https://grabow.bip.gov.pl/fobjects/download/1494132/raport-za-2022-pdf.html,tor_pl_ip,6d3767a7e661cedae5ac0cda49063e9be7d1a269eec3ecaaa8290bf1afacefe9,200,2026-09-08T19:40:02Z,,3.375,true
11783,mazowieckie,kozienicki,Grabów nad Pilicą,gmina wiejska,1407042,2023,ok_finalnie,pdf,tekst,https://grabow.bip.gov.pl/fobjects/download/1734415/raport-o-stanie-gminy-za-2023-pdf.html,tor_pl_ip,070e542e07edcbd50b0da2b580d4d3774d9b495182c85ca3a8ac76c5702fadb6,200,2026-09-08T19:40:02Z,,2.174,true
11784,mazowieckie,kozienicki,Grabów nad Pilicą,gmina wiejska,1407042,2024,ok_finalnie,pdf,tekst,https://grabow.bip.gov.pl/fobjects/download/1995846/raport-o-stanie-gminy-grabow-nad-pilica-za-2024-rok-pdf.html,tor_pl_ip,83ddb8802134fb3f0e1fbfbcd228d725b99ae834fad3bdde86f8ae3939a17b8b,200,2026-09-08T19:40:02Z,,2.33,true
11785,mazowieckie,kozienicki,Grabów nad Pilicą,gmina wiejska,1407042,2025,ok_finalnie,pdf,tekst,https://grabow.bip.gov.pl/fobjects/download/2280220/raport-o-stanie-gminy-grabow-nad-pilica-_2025-pdf.html,tor_pl_ip,54f4fa509b0225f0901511ef00aeaba98256e0757eb17230963c97729dbd1340,200,2026-09-08T19:40:02Z,,11.079,true
11786,mazowieckie,kozienicki,Kozienice,gmina miejsko-wiejska,1407053,2018,ok_finalnie,pdf,raport,https://bip.kozienice.pl/attachments/download/6659,bip_http_get,b2d19b3637f917c3247168e5e77bcb3585edeb95b4ac2f6f9ac7c8c37de1253f,200,2026-09-07 22:17:21,,6.582,
11787,mazowieckie,kozienicki,Kozienice,gmina miejsko-wiejska,1407053,2019,ok_finalnie,pdf,raport,https://bip.kozienice.pl/attachments/download/9124,bip_http_get,08fb446767a89d31cafcfaaaa6cf5d4125b708a7234beecb151f6d3d19bf146c,200,2026-09-07 22:17:21,,9.029,
11788,mazowieckie,kozienicki,Kozienice,gmina miejsko-wiejska,1407053,2020,ok_finalnie,pdf,raport,https://bip.kozienice.pl/attachments/download/11471,bip_http_get,91ed27efb7b4059dda8f833d052894fe399122af5a743df23bdd920f65a4e400,200,2026-09-07 22:17:21,,11.245,
11789,mazowieckie,kozienicki,Kozienice,gmina miejsko-wiejska,1407053,2021,ok_finalnie,pdf,raport,https://bip.kozienice.pl/attachments/download/13245,bip_http_get,d35af4b648bc53afd6ad05dd443e2e6b293646f5646c416feec12e0d15eb9bdc,200,2026-09-07 22:17:21,,4.387,
11790,mazowieckie,kozienicki,Kozienice,gmina miejsko-wiejska,1407053,2022,ok_finalnie,pdf,raport,https://bip.kozienice.pl/attachments/download/14804,bip_http_get,be6dd6eea46c6ce823cf6823a05774fbda24a02b1eb6e476a6e7f42eedd09e9f,200,2026-09-07 22:17:21,,7.189,
11791,mazowieckie,kozienicki,Kozienice,gmina miejsko-wiejska,1407053,2023,ok_finalnie,pdf,raport,https://bip.kozienice.pl/attachments/download/16469,bip_http_get,0b0a9d2db6814e5dbb273d3217ef2a7928b89f97f2b6a4a6306ce40f38ad779c,200,2026-09-07 22:17:21,,10.155,
11792,mazowieckie,kozienicki,Kozienice,gmina miejsko-wiejska,1407053,2024,ok_finalnie,pdf,raport,https://bip.kozienice.pl/attachments/download/17965,bip_http_get,33a9ec8cab92e35682abc8ce04dacdfc3e8f80efc69c2efd8bf2384810820486,200,2026-09-07 22:17:21,,9.202,
11793,mazowieckie,kozienicki,Kozienice,gmina miejsko-wiejska,1407053,2025,ok_finalnie,pdf,raport,https://bip.kozienice.pl/attachments/download/19695,bip_http_get,20f050570e8994253b674ec21010481ddd9bede87404f113b6c6449c0d3356a8,200,2026-09-07 22:17:21,,12.399,
11794,mazowieckie,kozienicki,Magnuszew,gmina wiejska,1407062,2018,ok_finalnie,pdf,tekst,https://umigmagnuszew.bip.org.pl/pliki/ugmagnuszew/gm_magnuszew_raport_2018.pdf,direct_without_tor,d8731aea212c7b1d260f1919d130bddfaefa01b6df6f949f64dc1a80f9558458,200,2026-09-09T09:56:17Z,[TURA 22 09.09.2026],10.001,true
11795,mazowieckie,kozienicki,Magnuszew,gmina wiejska,1407062,2019,ok_finalnie,pdf,tekst,https://umigmagnuszew.bip.org.pl/pliki/ugmagnuszew/gm_magnuszew_raport_2019.pdf,direct_without_tor,10a51c8a4a4f3dcd46161cc3ac35aa282db72413662566115caf4d0a981c2b8f,200,2026-09-08T22:10:42Z,,6.194,true
11796,mazowieckie,kozienicki,Magnuszew,gmina wiejska,1407062,2020,ok_finalnie,pdf,tekst,https://umigmagnuszew.bip.org.pl/pliki/ugmagnuszew/gm_magnuszew_raport_2020.pdf,direct_without_tor,e2e59861ed93d507c376dfb0268c49fe518d9b784574bda0d4321fd3bb36acc7,200,2026-09-09T09:12:34Z,,9.256,true
11797,mazowieckie,kozienicki,Magnuszew,gmina wiejska,1407062,2021,ok_finalnie,pdf,tekst,https://umigmagnuszew.bip.org.pl/pliki/ugmagnuszew/gm_magnuszew_raport_2021.pdf,direct_without_tor,e4ea32118ea7732d1e1fee6e0ca897ae7aff0460666058137e9dbe4b48e0793c,200,2026-09-08T22:10:42Z,,5.696,true
11798,mazowieckie,kozienicki,Magnuszew,gmina wiejska,1407062,2022,ok_finalnie,pdf,tekst,https://umigmagnuszew.bip.org.pl/pliki/ugmagnuszew/gm_magnuszew_raport_2022.pdf,direct_without_tor,b7d351ac0b43fe5cb4016a5cdfdccbc12055d219e23f24aaca76506743fd83db,200,2026-09-09T07:30:20Z,,6.812,true
11799,mazowieckie,kozienicki,Magnuszew,gmina wiejska,1407062,2023,ok_finalnie,pdf,tekst,https://umigmagnuszew.bip.org.pl/pliki/ugmagnuszew/gm_magnuszew_raport_2023.pdf,direct_without_tor,9faf3146090c0048f8b56357cb0f4a55bda6a27b7c562f68c28f3b5df9f8bbf4,200,2026-09-08T22:10:42Z,,7.344,true
11800,mazowieckie,kozienicki,Magnuszew,gmina miejsko-wiejska,1407063,2024,ok_finalnie,pdf,tekst,https://web.archive.org/web/20260908214143id_/https://bip.magnuszew.pl/files/file_add/download/476_raport-o-stanie-gminy-2024.pdf,wayback_archive_copy,1b6899659c480a088a174cad32146b7db94fd79800f96024eacb00be1f25cfa9,200,2026-09-08T22:11:20Z,[TURA 22 09.09.2026] | KOREKTA: wejściowy wiersz ok wskazywał niewłaściwy plik,8.118,true
11801,mazowieckie,kozienicki,Magnuszew,gmina miejsko-wiejska,1407063,2025,ok_finalnie,pdf,tekst,https://web.archive.org/web/20260908214100id_/https://bip.magnuszew.pl/files/file_add/download/1286_raport-o-stanie-gminy-magnuszew-za-2025-rok.pdf,wayback_archive_copy,3f3eede5636f5a8d75a95d282ef9540f010d709294063c06edfee5c1e3835c0a,200,2026-09-09T07:51:47Z,[TURA 22 09.09.2026] | KOREKTA: wejściowy wiersz ok wskazywał niewłaściwy plik,16.288,true
11802,mazowieckie,kozienicki,Sieciechów,gmina wiejska,1407072,2018,ok_finalnie,pdf,tekst,https://bip.sieciechow.pl/pliki/raporty/raport.2018.pdf,direct_without_tor,178fb3cda0314e9367ea07b77641874a5c3dc92d5b3b7a7b084fa1f20d257304,200,2026-09-08T17:45:29Z,,4.306,true
11803,mazowieckie,kozienicki,Sieciechów,gmina wiejska,1407072,2019,ok_finalnie,pdf,tekst,https://bip.sieciechow.pl/pliki/raporty/rap.dot.2019.pdf,direct_without_tor,53ee367b9eeaebeb2695028e6c155840cc9ace0c77dcc1f07c1ec14f8eefa93d,200,2026-09-08T17:45:29Z,,4.597,true
11804,mazowieckie,kozienicki,Sieciechów,gmina wiejska,1407072,2020,ok_finalnie,pdf,tekst,https://bip.sieciechow.pl/pliki/raporty/raport.2020.pdf,direct_without_tor,c5c3e8925de23649eacf01adbc5b22dcaef9c8fd8f38e63a44c3d37640aeafbe,200,2026-09-08T17:45:29Z,,2.621,true
11805,mazowieckie,kozienicki,Sieciechów,gmina wiejska,1407072,2021,ok_finalnie,pdf,tekst,https://bip.sieciechow.pl/pliki/raporty/raport.2021.pdf,direct_without_tor,ca6fea2c89076a4f8510b298983f7b45b4f9d63308894a763f412042e141feaa,200,2026-09-08T17:45:29Z,,2.361,true
11806,mazowieckie,kozienicki,Sieciechów,gmina wiejska,1407072,2022,ok_finalnie,pdf,tekst,https://bip.sieciechow.pl/pliki/raporty/raport.2022.pdf,direct_without_tor,7aa5ae299ce796dc8fde0daab9d8363ea1dad476d3ded478b4574b0285f9669b,200,2026-09-08T17:45:29Z,,2.43,true
11807,mazowieckie,kozienicki,Sieciechów,gmina wiejska,1407072,2023,ok_finalnie,pdf,tekst,https://bip.sieciechow.pl/pliki/raporty/raport.2023.pdf,direct_without_tor,f98a42cf7800782aa34a34e5d8143dd4d028ee801b5c33f492cf7159139c3c71,200,2026-09-08T17:45:29Z,,1.571,true
11808,mazowieckie,kozienicki,Sieciechów,gmina wiejska,1407072,2024,ok_finalnie,pdf,tekst,https://bip.sieciechow.pl/pliki/raporty/raport.2024.pdf,direct_without_tor,d222e5e16cc9f8195634ff4e006e806222910293465f2e928c72e62c22934137,200,2026-09-08T17:45:29Z,,3.279,true
11809,mazowieckie,kozienicki,Sieciechów,gmina wiejska,1407072,2025,ok_finalnie,pdf,tekst,https://bip.sieciechow.pl/pliki/raporty/raport.2025.pdf,direct_without_tor,e427efcf382c780bb5de9742225de4a53333e188fd91fd8174547f769f1ed13f,200,2026-09-08T17:45:29Z,,2.787,true
11810,mazowieckie,legionowski,-,-,1408,2018,nowy,,,,,,,,,,
11811,mazowieckie,legionowski,-,-,1408,2019,nowy,,,,,,,,,,
11812,mazowieckie,legionowski,-,-,1408,2020,nowy,,,,,,,,,,
11813,mazowieckie,legionowski,-,-,1408,2021,nowy,,,,,,,,,,
11814,mazowieckie,legionowski,-,-,1408,2022,nowy,,,,,,,,,,
11815,mazowieckie,legionowski,-,-,1408,2023,nowy,,,,,,,,,,
11816,mazowieckie,legionowski,-,-,1408,2024,nowy,,,,,,,,,,
11817,mazowieckie,legionowski,-,-,1408,2025,nowy,,,,,,,,,,
11818,mazowieckie,legionowski,Legionowo,gmina miejska,1408011,2018,ok_finalnie,pdf,tekst,"https://bip.legionowo.pl/e,pobierz,get.html?id=59375",direct_without_tor,a7bcfd5ac9361a4837255d7c00f349e7e44753164be6325236fd09d756cfd166,200,2026-09-08T21:12:20Z,,1.231,true
11819,mazowieckie,legionowski,Legionowo,gmina miejska,1408011,2019,ok_finalnie,pdf,tekst,"https://bip.legionowo.pl/e,pobierz,get.html?id=61970",direct_without_tor,643cdca65a9e83a81badfa41fe32a8f13a2268bac87bf39673c63199ab729812,200,2026-09-08T21:12:20Z,,1.206,true
11820,mazowieckie,legionowski,Legionowo,gmina miejska,1408011,2020,ok_finalnie,pdf,tekst,"https://bip.legionowo.pl/e,pobierz,get.html?id=64090",direct_without_tor,349f0e63f0d25eb7996dbeeb538061fd558019022ada9ccac3caffe894183d1c,200,2026-09-08T21:12:20Z,,3.307,true
11821,mazowieckie,legionowski,Legionowo,gmina miejska,1408011,2021,ok_finalnie,pdf,tekst,"https://bip.legionowo.pl/e,pobierz,get.html?id=65964",direct_without_tor,b0c9b78322546fe146e21008ac56beeaaa6391f3cf7a34e4fd95b4aaaac5139e,200,2026-09-08T21:12:20Z,,1.96,true
11822,mazowieckie,legionowski,Legionowo,gmina miejska,1408011,2022,ok_finalnie,pdf,tekst,"https://bip.legionowo.pl/e,pobierz,get.html?id=67223",direct_without_tor,88f81d1b5442e5faaabc83fbf16e79c008a7a10f604006a98f5ffe7bcdf9d9ce,200,2026-09-08T21:12:20Z,,5.301,true
11823,mazowieckie,legionowski,Legionowo,gmina miejska,1408011,2023,ok_finalnie,pdf,tekst,"https://bip.legionowo.pl/e,pobierz,get.html?id=68752",direct_without_tor,92432b34d235ea20a94300b16af3617d3f204fbf3b31dca472443039283cfc26,200,2026-09-08T21:12:20Z,,0.82,true
11824,mazowieckie,legionowski,Legionowo,gmina miejska,1408011,2024,ok_finalnie,pdf,tekst,"https://bip.legionowo.pl/e,pobierz,get.html?id=70171",direct_without_tor,6d6e6f61de2bfde43e038645041faf6e7d8a2a3c7919392efb6f9606531cb942,200,2026-09-08T21:12:20Z,,1.406,true
11825,mazowieckie,legionowski,Legionowo,gmina miejska,1408011,2025,ok_finalnie,pdf,tekst,"https://bip.legionowo.pl/e,pobierz,get.html?id=71906",direct_without_tor,cc978e5a5bc793fdafd216743cfbf6bf3ebf31e350b18c0b24f4eedc4689b99b,200,2026-09-08T21:12:20Z,,0.817,true
11826,mazowieckie,legionowski,Jabłonna,gmina wiejska,1408022,2018,ok_finalnie,pdf,tekst,https://biparchiwum.jablonna.pl/public/RAPORT%20O%20STANIE%20GMINY%20-%20maj%202019d50d.pdf?id=346439,biparchiwum.jablonna.pl direct PDF,0a9f664b433555a4ceec5c986ce484fabd4474b4e916c39d46fe416075dc2380,200,2026-09-07T21:07:19Z,,6.952,true
11827,mazowieckie,legionowski,Jabłonna,gmina wiejska,1408022,2019,ok_finalnie,pdf,raport,https://bip.jablonna.pl/container/dokumnety/raport o stanie gminy/Raport o stanie gminy - 2019.pdf,http_get,48248a002009023b3fd7134dc7f5f8e34109914c7ed9f09bf85d65f782aa178e,200,2026-09-08 03:05:23,,3.644,
11828,mazowieckie,legionowski,Jabłonna,gmina wiejska,1408022,2020,ok_finalnie,pdf,raport,https://bip.jablonna.pl/container/dokumnety/raport o stanie gminy/Raport o stanie gminy - 2020.pdf,http_get,4104e76f74dcba0fe4b272ff14bef8d0800395202e01ddd14a68270d0698db6f,200,2026-09-08 03:05:20,,2.692,
11829,mazowieckie,legionowski,Jabłonna,gmina wiejska,1408022,2021,ok_finalnie,pdf,raport,https://bip.jablonna.pl/container/dokumnety/raport o stanie gminy/Raport o stanie gminy - 2021.pdf,http_get,bc531349b5d4817de2b2ae8d82c5db1bf328e671e719bf9f59cc403978b40683,200,2026-09-08 03:05:18,,2.703,
11830,mazowieckie,legionowski,Jabłonna,gmina wiejska,1408022,2022,ok_finalnie,pdf,tekst,https://jablonna.pl/pliki/rada%20gminy/RAPORT%20o%20STANIE%20-%202022.pdf,jablonna.pl direct PDF,d423014a2e6f51ff47593b34dfd7f48e0c3b5f06593c496748cac3cf3327212e,200,2026-09-07T21:07:19Z,,2.247,true
11831,mazowieckie,legionowski,Jabłonna,gmina wiejska,1408022,2023,ok_finalnie,pdf,tekst,https://jablonna.pl/pliki/aktualnosci/2024/RAPORT%20o%20STANIE%20-%202023.pdf,jablonna.pl direct PDF,96e72f054ea395495592e66b15825f1eaa368a13b3dc8c7297341e7772406044,200,2026-09-07T21:07:19Z,,2.623,true
11832,mazowieckie,legionowski,Jabłonna,gmina wiejska,1408022,2024,ok_finalnie,pdf,raport,https://bip.jablonna.pl/container/dokumnety/raport%20o%20stanie%20gminy/raport-o-stanie-gminy-2024.pdf/RAPORT%20O%20STANIE%20GMINY%20JABLONNA%20%20(stan%20na%2031.12.2024%20r.).pdf,http_get,67eb33606b71298f3b7b9466ce46d9e52da7ea88083fdcd6a6a15557b215dd16,200,2026-09-08 03:05:07,,8.066,
11833,mazowieckie,legionowski,Jabłonna,gmina wiejska,1408022,2025,ok_finalnie,pdf,raport,https://bip.jablonna.pl/container/dokumnety/raport%20o%20stanie%20gminy/informacja-przewodniczacego-o-sesji-w-dniu-22-czerwca-2026-r./RAPORT%202025%20A.pdf,http_get,ebd4f9332c3588e211fd7add32ed62dd14235927faea672cf993339718cf6b42,200,2026-09-08 03:05:11,,4.322,
11834,mazowieckie,legionowski,Nieporęt,gmina wiejska,1408032,2018,ok_finalnie,pdf,raport,https://www.nieporet.pl/sites/default/files/paragraph.attachments.field_attachments/2026-05/raport-maj-2019-1_0.pdf,http_get,dea8a712f9c92a76d2a4e0bb637d2178f281cabc922f8bb9ba1971aa2b7a7c2c,200,2026-09-08 09:17:07,,30.026,
11835,mazowieckie,legionowski,Nieporęt,gmina wiejska,1408032,2019,ok_finalnie,pdf,raport,https://www.nieporet.pl/sites/default/files/paragraph.attachments.field_attachments/2026-05/raport2019.pdf,http_get,4c1fcff2ee13713672c646617ade97ec518fcc57f5386a43c099b1d7f59a3e05,200,2026-09-08 09:16:17,,62.004,
11836,mazowieckie,legionowski,Nieporęt,gmina wiejska,1408032,2020,ok_finalnie,pdf,raport,https://www.nieporet.pl/sites/default/files/paragraph.attachments.field_attachments/2026-05/raport-o-stanie-gminy-nieporet_za-2020-rok.pdf,http_get,b92d6c9226f6522a819b3967d358f5704f8b87c73038abc0c5b2109c2acb38a5,200,2026-09-08 09:16:17,,7.376,
11837,mazowieckie,legionowski,Nieporęt,gmina wiejska,1408032,2021,ok_finalnie,pdf,raport,https://www.nieporet.pl/sites/default/files/paragraph.attachments.field_attachments/2026-05/raport-caly.pdf,http_get,388fdf12ef0c67f5b41f94a548b35ec53d66b61dece8da7464d0f6b817ae5093,200,2026-09-08 09:16:17,,8.734,
11838,mazowieckie,legionowski,Nieporęt,gmina wiejska,1408032,2022,ok_finalnie,pdf,raport,https://www.nieporet.pl/sites/default/files/paragraph.attachments.field_attachments/2026-05/raport-za-rok-2022.pdf,http_get,5009aba29574eaf45d00e9c7912a47171f65cc901acad6316cf84a8948153f79,200,2026-09-08 09:16:17,,4.553,
11839,mazowieckie,legionowski,Nieporęt,gmina wiejska,1408032,2023,ok_finalnie,pdf,raport,https://www.nieporet.pl/sites/default/files/paragraph.attachments.field_attachments/2026-05/raport-za-2023-r.pdf,http_get,5b50feafe877a647056420a20540783188d0fd8d700894a59dc6383529ef431a,200,2026-09-08 09:16:17,,6.801,
11840,mazowieckie,legionowski,Nieporęt,gmina wiejska,1408032,2024,ok_finalnie,pdf,raport,https://www.nieporet.pl/sites/default/files/paragraph.attachments.field_attachments/2026-05/raport-o-stanie-gminy-za-2024-r-dla-radnych.pdf,http_get,61ec984148403946734e6eec57f623a629c7a1a6c3c4837146b895b32ad5febd,200,2026-09-08 09:16:17,,4.377,
11841,mazowieckie,legionowski,Nieporęt,gmina wiejska,1408032,2025,ok_finalnie,pdf,raport,https://www.nieporet.pl/sites/default/files/paragraph.attachments.field_attachments/2026-07/raport_o_stanie_gminy_2025_rok.pdf,http_get,84a3f0094dd0527d60258da8789a75a32b72ec5f2b35cd5b3b3a97cacac38af1,200,2026-09-08 09:16:17,,5.844,
11842,mazowieckie,legionowski,Serock,gmina miejsko-wiejska,1408043,2018,ok_finalnie,pdf,tekst,https://serock.pl/media/pdf/6898.pdf,direct_without_tor,d40d70fb636e6c73a61954176bfc4129a679f6fcb7e8ed934d895ccc02aa5ccc,200,2026-09-09T12:04:50Z,[TURA 22 09.09.2026] | KOREKTA: wejściowy wiersz ok wskazywał niewłaściwy plik,3.378,true
11843,mazowieckie,legionowski,Serock,gmina miejsko-wiejska,1408043,2019,ok_finalnie,pdf,tekst,https://serock.pl/media/pdf/6895.pdf,serock.pl direct PDF,7ea90f119da52b7fa8ad77d2a008d50b1fde7bc0933db40f2a53e3f13bd84eb4,200,2026-09-07T21:07:19Z,,7.2,true
11844,mazowieckie,legionowski,Serock,gmina miejsko-wiejska,1408043,2020,ok_finalnie,pdf,raport,"https://www.bip.serock.pl/plik,19392,raport-o-stanie-miasta-i-gminy-serock-za-2020-rok.pdf",http_get,e62f143c24d8068e7758fbbd1dcaf9a40f5556ca422633f244f7e7e5c5b6129f,200,2026-09-07 23:42:35,,2.193,
11845,mazowieckie,legionowski,Serock,gmina miejsko-wiejska,1408043,2021,ok_finalnie,pdf,raport,"https://www.bip.serock.pl/plik,19391,raport-o-stanie-miasta-i-gminy-serock-za-2021-rok.pdf",http_get,6667487ebe85bd347a45f008eb4ae6ecc7270372d3d47df81d87ebd55338e062,200,2026-09-07 23:42:41,,4.951,
11846,mazowieckie,legionowski,Serock,gmina miejsko-wiejska,1408043,2022,ok_finalnie,pdf,raport,"https://www.bip.serock.pl/plik,19390,raport-o-stanie-miasta-i-gminy-serock-za-2022-rok.pdf",http_get,6d3ca180d399a44a0f468ab5c2fbe8c21d4ccede228548ad0836f3f0325ea790,200,2026-09-07 23:42:50,,5.98,
11847,mazowieckie,legionowski,Serock,gmina miejsko-wiejska,1408043,2023,ok_finalnie,pdf,raport,"https://www.bip.serock.pl/plik,19412,raport-o-stanie-gminy-za-2023-rok-pdf.pdf",http_get,cfb606a638782fff81503913b5c4c1dcc5fa388e0a6e76444466f3b980f4f23d,200,2026-09-07 23:42:53,,2.836,
11848,mazowieckie,legionowski,Serock,gmina miejsko-wiejska,1408043,2024,ok_finalnie,pdf,raport,"https://www.bip.serock.pl/plik,21278,raport-o-stanie-miasta-i-gminy-serock-za-2024-rok.pdf",http_get,81ec8d226b73fe43c4cd271c729a12e064e85c55a73f194afcb4d4f120a42bd3,200,2026-09-07 23:43:02,,11.481,
11849,mazowieckie,legionowski,Serock,gmina miejsko-wiejska,1408043,2025,ok_finalnie,pdf,raport,"https://www.bip.serock.pl/plik,22685,raport-o-stanie-miasta-i-gminy-serock-za-2025-rok.pdf",http_get,cd3050a736427ec721e74a91366217e9b63063f6b2c585e1c2ad85d490cf813c,200,2026-09-07 23:43:09,,6.126,
11850,mazowieckie,legionowski,Wieliszew,gmina wiejska,1408052,2018,ok_finalnie,pdf,tekst,"https://bip.wieliszew.pl/e,pobierz,get.html?id=22959",direct_without_tor,bfd9129993dd3de79d8058ed298c63f963458a1cba1506dd1e6197be485c20fb,200,2026-09-08T21:15:57Z,,6.97,true
11851,mazowieckie,legionowski,Wieliszew,gmina wiejska,1408052,2019,ok_finalnie,pdf,tekst,"https://bip.wieliszew.pl/e,pobierz,get.html?id=23863",direct_without_tor,1d95e21743f824b4fee0f74d3ace4cc0c26e7933562d5f67872daa5e707d1915,200,2026-09-08T21:15:57Z,,6.106,true
11852,mazowieckie,legionowski,Wieliszew,gmina wiejska,1408052,2020,ok_finalnie,pdf,tekst,"https://bip.wieliszew.pl/e,pobierz,get.html?id=27165",direct_without_tor,f86cda7de12a410fec80058252c7bfeb707cee42c5a04d74bdc295b2187f76d0,200,2026-09-08T21:15:57Z,,6.904,true
11853,mazowieckie,legionowski,Wieliszew,gmina wiejska,1408052,2021,ok_finalnie,pdf,tekst,"https://bip.wieliszew.pl/e,pobierz,get.html?id=28929",direct_without_tor,c3def0b8095117357ab8a7a8c2ccfd8d5453b9167bef5058599f8384717f17b9,200,2026-09-08T21:15:57Z,,6.016,true
11854,mazowieckie,legionowski,Wieliszew,gmina wiejska,1408052,2022,ok_finalnie,pdf,tekst,"https://bip.wieliszew.pl/e,pobierz,get.html?id=30385",direct_without_tor,0438c8b8fc79c1ded15b3244c1e3b0be0e6505bbbfad1a8675f6a1838814d6a3,200,2026-09-08T21:15:57Z,,6.778,true
11855,mazowieckie,legionowski,Wieliszew,gmina wiejska,1408052,2023,ok_finalnie,pdf,tekst,"https://bip.wieliszew.pl/e,pobierz,get.html?id=31836",direct_without_tor,93b732cd9ce4c7ed86bd334bf40535fb6786c44b230279a7a1f023c408a9c023,200,2026-09-08T21:15:57Z,,7.433,true
11856,mazowieckie,legionowski,Wieliszew,gmina wiejska,1408052,2024,ok_finalnie,pdf,tekst,"https://bip.wieliszew.pl/e,pobierz,get.html?id=33535",direct_without_tor,c7907c435dee8dbb1c59b2ab8538b64fa4262988183bd1f961ca58f9b0b1b6e7,200,2026-09-08T21:15:57Z,,4.541,true
11857,mazowieckie,legionowski,Wieliszew,gmina wiejska,1408052,2025,ok_finalnie,pdf,tekst,"https://bip.wieliszew.pl/e,pobierz,get.html?id=36489",direct_without_tor,bf35537b88984fd8b639c169134a6838489b6218ec85e80b7dfd93f1af09b799,200,2026-09-08T21:15:57Z,,5.39,true
11858,mazowieckie,lipski,-,-,1409,2018,nowy,,,,,,,,,,
11859,mazowieckie,lipski,-,-,1409,2019,nowy,,,,,,,,,,
11860,mazowieckie,lipski,-,-,1409,2020,nowy,,,,,,,,,,
11861,mazowieckie,lipski,-,-,1409,2021,nowy,,,,,,,,,,
11862,mazowieckie,lipski,-,-,1409,2022,nowy,,,,,,,,,,
11863,mazowieckie,lipski,-,-,1409,2023,ok_finalnie,pdf,tekst,https://samorzad.gov.pl/attachment/90ea6388-b164-41fb-be56-1f8c7e10e587,direct_without_tor,31a63ee4db6e8f79ee645a63ded0b24d5f9b40e52ed1436fc68e857f1d253f83,200,2026-09-08T17:45:36Z,,2.982,true
11864,mazowieckie,lipski,-,-,1409,2024,ok_finalnie,pdf,tekst,https://samorzad.gov.pl/attachment/2d591656-6a6a-4dc0-abc9-15341343cb90,direct_without_tor,84bd29be74bcbf9d036ce339e7d26160c58b86847b5873e1f5c8eeba45a84e8b,200,2026-09-08T17:45:36Z,,3.367,true
11865,mazowieckie,lipski,-,-,1409,2025,ok_finalnie,pdf,tekst,https://samorzad.gov.pl/attachment/824733ed-908e-4056-aaea-c8187fa33358,direct_without_tor,def72af48c3d39d6c16374402e1289dc8612cb9fef7538c71ea0c70b672c59a8,200,2026-09-08T17:45:36Z,,1.665,true
11866,mazowieckie,lipski,Chotcza,gmina wiejska,1409012,2018,nowy,,,,,,,,,,
11867,mazowieckie,lipski,Chotcza,gmina wiejska,1409012,2019,nowy,,,,,,,,,,
11868,mazowieckie,lipski,Chotcza,gmina wiejska,1409012,2020,nowy,,,,,,,,,,
11869,mazowieckie,lipski,Chotcza,gmina wiejska,1409012,2021,nowy,,,,,,,,,,
11870,mazowieckie,lipski,Chotcza,gmina wiejska,1409012,2022,nowy,,,,,,,,,,
11871,mazowieckie,lipski,Chotcza,gmina wiejska,1409012,2023,nowy,,,,,,,,,,
11872,mazowieckie,lipski,Chotcza,gmina wiejska,1409012,2024,ok_finalnie,pdf,tekst,https://samorzad.gov.pl/attachment/644e4c60-422a-41cf-84bd-11cb224eb9a8,direct_without_tor,c391f43ae763197538ad290383942048924da05e7f0755f5c35a7796e010b58e,200,2026-09-08T17:45:53Z,,12.015,true
11873,mazowieckie,lipski,Chotcza,gmina wiejska,1409012,2025,ok_finalnie,pdf,tekst,https://samorzad.gov.pl/attachment/6ed2c042-daf0-4d78-8eae-b241012e9a51,direct_without_tor,3e57e36f47cf9bd740c31bf330cdd401d4dfd7f832ae19f882d4b6ec1634bbd5,200,2026-09-08T17:45:53Z,,4.793,true
11874,mazowieckie,lipski,Ciepielów,gmina wiejska,1409022,2018,ok_finalnie,pdf,tekst,http://archiwumbip.ciepielow.pl/upload/Raport%20o%20stanie%20gminy%20Ciepiel%C3%B3w%202018.pdf,direct_without_tor,060edcf6e26ad20d395e20180c620c11352ecabb2b614702b6988d1c50f04f9d,200,2026-09-09T07:31:02Z,,0.899,true
11875,mazowieckie,lipski,Ciepielów,gmina wiejska,1409022,2019,ok_finalnie,pdf,tekst,http://archiwumbip.ciepielow.pl/upload/Raport%20o%20stanie%20gminy%20Ciepiel%C3%B3w%202019.pdf,direct_without_tor,54d716591cba9969648963a570eac4d7613425dd81dffa634ab1bc1fcab8e27f,200,2026-09-09T07:31:02Z,,2.213,true
11876,mazowieckie,lipski,Ciepielów,gmina wiejska,1409022,2020,ok_finalnie,pdf,tekst,http://archiwumbip.ciepielow.pl/upload/Raport%20o%20stanie%20gminy%20Ciepiel%C3%B3w%202020.pdf,direct_without_tor,e3b690866163a630e775c2099ce005926a77e1afc4410a396b6c0228c00aa762,200,2026-09-09T07:31:02Z,,1.209,true
11877,mazowieckie,lipski,Ciepielów,gmina wiejska,1409022,2021,ok_finalnie,pdf,tekst,http://archiwumbip.ciepielow.pl/upload/Raport%20o%20stanie%20gminy%20Ciepiel%C3%B3w%202021.pdf,direct_without_tor,352fb53fca3be737317d64b6ad917690094c74fdddc3a8e58a37a8c140b89291,200,2026-09-09T07:31:02Z,,2.633,true
11878,mazowieckie,lipski,Ciepielów,gmina wiejska,1409022,2022,ok_finalnie,pdf,tekst,http://archiwumbip.ciepielow.pl/upload/20230529Raport%20o%20stanie%20gminy%20Ciepiel%C3%B3w%202022.pdf,direct_without_tor,d208d350a051695e0b9a1e10974b144885c711f99f85cb956b1eeba984297e4d,200,2026-09-09T07:31:02Z,,1.556,true
11879,mazowieckie,lipski,Ciepielów,gmina wiejska,1409022,2023,ok_finalnie,pdf,tekst,https://samorzad.gov.pl/attachment/ddd1dfe3-6a79-47c9-a7c7-b674f39c3e08,direct_without_tor,1561ae04d3f6900bf49a816241ec435da6776f9771d086079c7d0458752069df,200,2026-09-09T07:31:02Z,,1.651,true
11880,mazowieckie,lipski,Ciepielów,gmina miejsko-wiejska,1409023,2024,ok_finalnie,pdf,tekst,https://samorzad.gov.pl/attachment/f17b870b-586f-4648-aeed-4415e1a1bca3,direct_without_tor,29e062b6d8d8e50e9cb260cc7235ac89b012fa2300d9647009d1e27bac0cdfbc,200,2026-09-09T07:31:02Z,,3.565,true
11881,mazowieckie,lipski,Ciepielów,gmina miejsko-wiejska,1409023,2025,ok_finalnie,pdf,tekst,https://samorzad.gov.pl/attachment/ba1d27b2-0f3f-427b-853b-aec92a144694,direct_without_tor,267d33d57e5d1f88000c33c2fe9c396497f48fd7b91b19b76041d2963d9d4a57,200,2026-09-09T07:31:02Z,,2.871,true
11882,mazowieckie,lipski,Lipsko,gmina miejsko-wiejska,1409033,2018,nowy,,,,,,,,,,
11883,mazowieckie,lipski,Lipsko,gmina miejsko-wiejska,1409033,2019,nowy,,,,,,,,,,
11884,mazowieckie,lipski,Lipsko,gmina miejsko-wiejska,1409033,2020,nowy,,,,,,,,,,
11885,mazowieckie,lipski,Lipsko,gmina miejsko-wiejska,1409033,2021,nowy,,,,,,,,,,
11886,mazowieckie,lipski,Lipsko,gmina miejsko-wiejska,1409033,2022,nowy,,,,,,,,,,
11887,mazowieckie,lipski,Lipsko,gmina miejsko-wiejska,1409033,2023,ok_finalnie,pdf,tekst,https://samorzad.gov.pl/attachment/5280e3a4-3eff-4860-9385-6654ff654b16,direct_without_tor,3a0b94d335ac383f53642dff9092a3e3bbf642f147dfbbb7c8e24c3f07a42e94,200,2026-09-08T17:46:06Z,,2.896,true
11888,mazowieckie,lipski,Lipsko,gmina miejsko-wiejska,1409033,2024,ok_finalnie,pdf,tekst,https://samorzad.gov.pl/attachment/ff03bc70-39d4-41b9-b3d3-b458ac83ad34,direct_without_tor,10f4d2f0c4983f1766b1cb6cff76cb0d699512baf5c8f69f8f87ef602b3ecabe,200,2026-09-08T17:46:06Z,,5.18,true
11889,mazowieckie,lipski,Lipsko,gmina miejsko-wiejska,1409033,2025,ok_finalnie,pdf,tekst,https://samorzad.gov.pl/attachment/cb939ab1-5de4-48bb-9eaa-4b56eef7168b,direct_without_tor,c005ea825ba523fd75248277272af898398f9822596d7823c4e0e6921dd615c5,200,2026-09-08T17:46:06Z,,1.002,true
11890,mazowieckie,lipski,Rzeczniów,gmina wiejska,1409042,2018,ok_finalnie,pdf,tekst,https://rzeczniow.biuletyn.net/fls/bip_pliki/2023_11/BIPF60AA585A29714Z/RZECZNIOW_-_RAPORT_O_STANIE_JEDNOSTKI_-_ostateczny.pdf,tor_pl_ip,f2807ec2909d769f3b401620d9de4db4dd7a96fe007fea99b8a8e2d01743c97a,200,2026-09-08T20:27:00Z,,2.464,true
11891,mazowieckie,lipski,Rzeczniów,gmina wiejska,1409042,2019,ok_finalnie,pdf,tekst,https://rzeczniow.biuletyn.net/fls/bip_pliki/2023_11/BIPF60AA5884CEBB1Z/RZECZNIOW_-_RAPORT_O_STANIE_JEDNOSTKI_1.pdf,tor_pl_ip,da35b8311dbf099893f9fb4314aba4e2031f26e30d7ba3a20699512c946e0a94,200,2026-09-08T20:27:00Z,,2.566,true
11892,mazowieckie,lipski,Rzeczniów,gmina wiejska,1409042,2020,ok_finalnie,pdf,tekst,https://rzeczniow.biuletyn.net/fls/bip_pliki/2023_11/BIPF60AA592DDBFD8Z/14.06_RZECZNIOW_-_RAPORT_O_STANIE_JEDNOSTKI.pdf,tor_pl_ip,1e1b3d25a106b34472ca7f89d6869bad8c7e724e910d6c90d9c7c7ee9c9e4c0d,200,2026-09-08T20:27:00Z,,2.652,true
11893,mazowieckie,lipski,Rzeczniów,gmina wiejska,1409042,2021,ok_finalnie,pdf,tekst,https://rzeczniow.biuletyn.net/fls/bip_pliki/2023_11/BIPF60AA59433D05Z/2021_RZECZNIOW_-_RAPORT_O_STANIE_JEDNOSTKI.pdf,tor_pl_ip,39f1326d75897f64a755644bb69c2218b2534961825ef3b4c70cbb25df693449,200,2026-09-08T20:27:00Z,,6.733,true
11894,mazowieckie,lipski,Rzeczniów,gmina wiejska,1409042,2022,ok_finalnie,pdf,tekst,https://rzeczniow.biuletyn.net/fls/bip_pliki/2023_11/BIPF60AA594E98D4DZ/2022_RZECZNIOW_-_RAPORT_O_STANIE_JEDNOSTKI.pdf,tor_pl_ip,1a908fffe39426697f32ac19254ef184e047a57d492162ac2c57ec77f9e45118,200,2026-09-08T20:27:00Z,,19.448,true
11895,mazowieckie,lipski,Rzeczniów,gmina wiejska,1409042,2023,ok_finalnie,pdf,tekst,https://rzeczniow.biuletyn.net/fls/bip_pliki/2024_06/BIPF61A6DC3D441D6Z/2023_RZECZNIOW_-_RAPORT_O_STANIE_JEDNOSTKI.pdf,tor_pl_ip,421a7c396ddd1e0634e296bdb37e298326ac7a6b4bc87ba1eef04cb3493fc7f9,200,2026-09-08T20:27:00Z,,10.62,true
11896,mazowieckie,lipski,Rzeczniów,gmina wiejska,1409042,2024,ok_finalnie,pdf,tekst,https://rzeczniow.biuletyn.net/fls/bip_pliki/2025_07/BIPF638D837A98AA8Z/raport_o_stanie_gminy_za_rok_2024_opublikowany_2025.pdf,tor_pl_ip,f7ad1cfed8771cb61cfe995d4554c39cd94f5cf97b3cf16312fd2ce8f8754793,200,2026-09-08T20:27:00Z,,5.93,true
11897,mazowieckie,lipski,Rzeczniów,gmina wiejska,1409042,2025,ok_finalnie,pdf,tekst,https://rzeczniow.biuletyn.net/fls/bip_pliki/2026_06/BIPF653D118CD7BB7Z/raport_o_stanie_gminy_2026.pdf,tor_pl_ip,9f3e162bb547aee88fe13b8401af7cc3c4f947280403cae23a3b66802126b29b,200,2026-09-08T20:27:00Z,,9.891,true
11898,mazowieckie,lipski,Sienno,gmina wiejska,1409052,2018,nowy,,,,,,,,,,
11899,mazowieckie,lipski,Sienno,gmina wiejska,1409052,2019,nowy,,,,,,,,,,
11900,mazowieckie,lipski,Sienno,gmina wiejska,1409052,2020,nowy,,,,,,,,,,
11901,mazowieckie,lipski,Sienno,gmina wiejska,1409052,2021,nowy,,,,,,,,,,
11902,mazowieckie,lipski,Sienno,gmina wiejska,1409052,2022,ok_finalnie,pdf,tekst,https://bip.sienno.pl/download/Zarzadzenie--nr-38--w-sprawie-RAPORTU-O-STANIE-GMINY-za-rok-2022-1690366648.pdf,direct_without_tor,91409a6c454cded7c87f272276c5141671005b918d724b323b8b2918cebec822,200,2026-09-08T20:28:19Z,,6.367,true
11903,mazowieckie,lipski,Sienno,gmina wiejska,1409052,2023,ok_finalnie,pdf,tekst,https://bip.sienno.pl/download/Zalacznik-Nr-2-raport-1719904288.pdf,direct_without_tor,30263dc7742f211c5445f46c59e8a86c47b551d28468d52bcbc4e562de90d4fa,200,2026-09-08T20:28:19Z,,7.513,true
11904,mazowieckie,lipski,Sienno,gmina miejsko-wiejska,1409053,2024,ok_finalnie,pdf,tekst,https://bip.sienno.pl/download/ZALACZNIK-NR-2-1752753209.pdf,direct_without_tor,76b3d531294998734a4fe6dd5c3aeccc6e0df35f45e209a5a6b23f25586fafc2,200,2026-09-08T20:28:23Z,,8.444,true
11905,mazowieckie,lipski,Sienno,gmina miejsko-wiejska,1409053,2025,nowy,,,,,,,,,,
11906,mazowieckie,lipski,Solec nad Wisłą,gmina wiejska,1409062,2018,nowy,,,,,,,,,,
11907,mazowieckie,lipski,Solec nad Wisłą,gmina wiejska,1409062,2019,nowy,,,,,,,,,,
11908,mazowieckie,lipski,Solec nad Wisłą,gmina wiejska,1409062,2020,nowy,,,,,,,,,,
11909,mazowieckie,lipski,Solec nad Wisłą,gmina miejsko-wiejska,1409063,2021,nowy,,,,,,,,,,
11910,mazowieckie,lipski,Solec nad Wisłą,gmina miejsko-wiejska,1409063,2022,ok_finalnie,pdf,tekst,https://solec.pl/wp-content/uploads/2023/05/raport-o-stanie-gminy-ZA-2022.pdf,direct_without_tor,e6b7224e3fbc230d7ede7caaaab9ea5c6741ac8c26f53d4b60563f51b2bd5ef1,200,2026-09-09T07:33:32Z,,2.109,true
11911,mazowieckie,lipski,Solec nad Wisłą,gmina miejsko-wiejska,1409063,2023,ok_finalnie,pdf,tekst,https://solec.pl/wp-content/uploads/2024/05/raport-o-stanie-gminy-za-2023.pdf,direct_without_tor,9d46ae9196845895b571fa21c171365d93c97210ef5ef48a9a23ce5dab9821df,200,2026-09-08T20:29:12Z,,3.028,true
11912,mazowieckie,lipski,Solec nad Wisłą,gmina miejsko-wiejska,1409063,2024,nowy,,,,,,,,,,
11913,mazowieckie,lipski,Solec nad Wisłą,gmina miejsko-wiejska,1409063,2025,ok_finalnie,pdf,tekst,https://samorzad.gov.pl/attachment/65446eb8-1420-4223-991b-0064410e00bf,direct_without_tor,ac6d2ee75a29c9fe81e370ea27bb09ba7ad79bb6585350e058d7b846d398c82c,200,2026-09-08T20:29:12Z,,6.1,true
11914,mazowieckie,łosicki,Huszlew,gmina wiejska,1410012,2018,nowy,,,,,,,,,,
11915,mazowieckie,łosicki,Huszlew,gmina wiejska,1410012,2019,brak_finalnie,,,brak,"dogłębne sprawdzenie (web search bez Tora, kilka silników + BIP/CMS: wyszukiwarka, kategorie raport/uchwały/zarządzenia/sesje + sitemap + Wayback CDX + alternatywne domeny; pobieranie także przez Tor z polskim IP) - dowód proceduralny istnienia raportu, brak opublikowanego pliku",,BRAK_URL (dowód istnienia - nieopublikowany),2026-09-09T12:38:53Z,"[TURA 22 09.09.2026] NEG-plik, DOWOD ISTNIENIA POTWIERDZONY: Zarządzenie Nr 15/2020 Wójta Gminy Huszlew w sprawie przedstawienia Radzie Gminy raportu o stanie gminy za 2019 r. (BIP: Raport o stanie gminy > rok 2019 – opublikowano wyłącznie zarządzenie .docx, bez treści raportu) | dowód: https://bip.huszlew.pl/raport-o-stanie-gminy.html | strona: https://bip.huszlew.pl/rok-2019.html",,true
11916,mazowieckie,łosicki,Huszlew,gmina wiejska,1410012,2020,ok_finalnie,docx,tekst,https://bip.huszlew.pl/files/file_add/download/743_raport-o-stanie-gminy-huszlew-za-2020-rok.docx,direct_without_tor,440ac0ca266a4f17e92144cc06fe2d4509adcd0c1b595775b50daacd1fda4cd1,200,2026-09-09T11:39:23Z,[TURA 22 09.09.2026],0.059,true
11917,mazowieckie,łosicki,Huszlew,gmina wiejska,1410012,2021,ok_finalnie,pdf,skan+OCR,https://bip.huszlew.pl/files/file_add/download/1465_raport-o-stanie-gminy-za-rok-2021.pdf,direct_without_tor + ocr,b2059ec7a35f8f49a06b6063a9e694504d176ba012673e61d0ba00a5caa4d4ee,200,2026-09-09T11:40:57Z,[TURA 22 09.09.2026] | KOREKTA: wejściowy wiersz ok wskazywał plik niebędący raportem (formularz/zgłoszenie do debaty),6.534,true
11918,mazowieckie,łosicki,Huszlew,gmina wiejska,1410012,2022,ok_finalnie,pdf,skan+OCR,https://bip.huszlew.pl/files/file_add/download/2109_raport-o-stanie-gminy-huszlew-w-roku-2022.pdf,direct_without_tor + ocr,9ad9d4d1272400c57e8e4cb01dce89d547156f58ccc28f41bc7ef4768fab1c9c,200,2026-09-09T11:42:33Z,[TURA 22 09.09.2026] | KOREKTA: wejściowy wiersz ok wskazywał plik niebędący raportem (formularz/zgłoszenie do debaty),6.849,true
11919,mazowieckie,łosicki,Huszlew,gmina wiejska,1410012,2023,ok_finalnie,pdf,skan+OCR,https://bip.huszlew.pl/files/file_add/download/2904_zalacznik-do-zarzadzenia-wojta-gminy-huszlew-nr-192024-z-dnia-23-maja-2024-r.pdf,direct_without_tor + ocr,43b80a540cb57827de5e4f05c8ebcc6d0b2fa4f5143d752d9529496d9b352df0,200,2026-09-09T11:44:06Z,[TURA 22 09.09.2026] | KOREKTA: wejściowy wiersz ok wskazywał plik niebędący raportem (formularz/zgłoszenie do debaty),9.859,true
11920,mazowieckie,łosicki,Huszlew,gmina wiejska,1410012,2024,ok_finalnie,pdf,skan+OCR,https://bip.huszlew.pl/files/file_add/download/3405_zalacznik-do-zarzadzenia-nr-82025-z-dnia-16042025-r.pdf,direct_without_tor + ocr,850bf0e4c53c4fe38ec1cec52b8d0150c36248c77e234c0c3a166e28fb8621e5,200,2026-09-09T11:45:29Z,[TURA 22 09.09.2026] | KOREKTA: wejściowy wiersz ok wskazywał plik niebędący raportem (formularz/zgłoszenie do debaty),10.547,true
11921,mazowieckie,łosicki,Huszlew,gmina wiejska,1410012,2025,ok_finalnie,pdf,raport,https://bip.huszlew.pl/files/file_add/download/3870_zalacznik-do-zarzadzenia-nr-182026-z-dnia-27042026.pdf,http_get,b7fe24df185faf558ac72e0455a6dbdfb27147008ee0e44ef04bad7fcd6dc883,200,2026-09-08 14:00:56,,1.149,
11922,mazowieckie,łosicki,Stara Kornica,gmina wiejska,1410062,2018,ok_finalnie,pdf,tekst,https://biparchiwum.kornica.org/www.biuletyn.net/nt-bin/_private/kornica/3990.pdf,direct_without_tor_ssl_off,a0b18c91d41b626bc5d63cca5ea3f1bad21639dd160f657f538c2beee4894778,200,2026-09-09T09:13:34Z,,4.081,true
11923,mazowieckie,łosicki,Stara Kornica,gmina wiejska,1410062,2019,ok_finalnie,pdf,tekst,https://archiwum.kornica.org/pliki/aktualnosci/raportgminy.pdf,direct_without_tor_ssl_off,8d8654aa30cee30b48b7536065f664bdbf90965e89037c063f5524e65102cb9d,200,2026-09-09T09:13:34Z,,3.294,true
11924,mazowieckie,łosicki,Stara Kornica,gmina wiejska,1410062,2020,ok_finalnie,pdf,tekst,https://bip.kornica.org/resource/655/Raport%20o%20stanie%20gminy%20za%202020%20rok/attachment.1,direct_without_tor_ssl_off,ef4547931376dd9529f34b3c0290432dac9682d964487afa51cd746db0ce561f,200,2026-09-09T09:13:34Z,,3.993,true
11925,mazowieckie,łosicki,Stara Kornica,gmina wiejska,1410062,2021,ok_finalnie,pdf,tekst,https://bip.kornica.org/resource/655/Raport%20o%20stanie%20gminy%20za%202021%20rok/attachment.1,direct_without_tor_ssl_off,2267ea7137b671513f2e423805e69bfd844c4866d5a3edfd4ea06afb5874bf72,200,2026-09-09T09:13:34Z,,2.653,true
11926,mazowieckie,łosicki,Stara Kornica,gmina wiejska,1410062,2022,ok_finalnie,pdf,tekst,https://bip.kornica.org/resource/655/Raport%20o%20stanie%20Gminy%20Stara%20Kornica%20za%202022%20rok%20..pdf/attachment.1,direct_without_tor_ssl_off,a7d29654a867d75273f9bfabfff261dc817db7509eac3b2add33026e4c1d49ba,200,2026-09-09T09:13:34Z,,3.283,true
11927,mazowieckie,łosicki,Stara Kornica,gmina wiejska,1410062,2023,ok_finalnie,pdf,tekst,https://bip.kornica.org/resource/655/2023%20raport.BES.pdf/attachment.1,direct_without_tor_ssl_off,a0c08c45e36c937f75564e87156205922994f15b406bf047dce1d4c00a396bb6,200,2026-09-09T09:13:34Z,,1.755,true
11928,mazowieckie,łosicki,Stara Kornica,gmina wiejska,1410062,2024,ok_finalnie,pdf,tekst,https://bip.kornica.org/resource/655/Raport%202024.BES.pdf/attachment.1,direct_without_tor_ssl_off,33e3c9111b80b22ce14a08a06d6065fe7b684c7207bf6c6d11a66550e61564c9,200,2026-09-09T09:13:34Z,,2.0,true
11929,mazowieckie,łosicki,Stara Kornica,gmina wiejska,1410062,2025,ok_finalnie,pdf,tekst,https://bip.kornica.org/resource/655/%21Raport%20o%20stanie%20Gminy%20Stara%20Kornica%20za%202025%21.BES.pdf/attachment.1,direct_without_tor_ssl_off,8987416799df46ddfd0372aa424afeb2809df0b1ada3cc8d901807d3b797329d,200,2026-09-09T09:13:34Z,,2.389,true
11930,mazowieckie,miński,-,-,1412,2018,nowy,,,,,,,,,,
11931,mazowieckie,miński,-,-,1412,2019,nowy,,,,,,,,,,
11932,mazowieckie,miński,-,-,1412,2020,nowy,,,,,,,,,,
11933,mazowieckie,miński,-,-,1412,2021,nowy,,,,,,,,,,
11934,mazowieckie,miński,-,-,1412,2022,nowy,,,,,,,,,,
11935,mazowieckie,miński,-,-,1412,2023,nowy,,,,,,,,,,
11936,mazowieckie,miński,-,-,1412,2024,nowy,,,,,,,,,,
11937,mazowieckie,miński,-,-,1412,2025,nowy,,,,,,,,,,
11938,mazowieckie,miński,Mińsk Mazowiecki,gmina miejska,1412011,2018,ok_finalnie,pdf,raport,"https://www.bip.minskmazowiecki.pl/plik,4507,raport-o-stanie-gminy-minsk-mazowiecki-za-2018-rok.pdf",http_get,60682d5bf63ddf86580b3fb9b998456198b3e98e9617124c2bfb3ad333addf9c,200,2026-09-07 23:36:00,,2.399,
11939,mazowieckie,miński,Mińsk Mazowiecki,gmina miejska,1412011,2019,ok_finalnie,pdf,raport,"https://www.bip.minskmazowiecki.pl/plik,8013,raport-o-stanie-gminy-minsk-mazowiecki-za-2019-rok.pdf",http_get,117332fc935f52fa0414189865cdda54cee142dd75d94408da9515a7242f19c9,200,2026-09-07 23:36:03,,1.971,
11940,mazowieckie,miński,Mińsk Mazowiecki,gmina miejska,1412011,2020,ok_finalnie,pdf,raport,"https://www.bip.minskmazowiecki.pl/plik,9445,raport-o-stanie-gminy-minsk-mazowiecki-za-2020-rok.pdf",http_get,344ebac86c95853f9902cb061862f03eea412b3e978eb09b6fdfc3ba4d9f4dae,200,2026-09-07 23:36:05,,1.527,
11941,mazowieckie,miński,Mińsk Mazowiecki,gmina miejska,1412011,2021,ok_finalnie,pdf,raport,"https://www.bip.minskmazowiecki.pl/plik,11383,raport-o-stanie-gminy-minsk-mazowiecki-za-2021-rok.pdf",http_get,b7b66a923d7285567c40893cb85067c16330b475e29af5ef66c591174a1a7a81,200,2026-09-07 23:36:08,,1.435,
11942,mazowieckie,miński,Mińsk Mazowiecki,gmina miejska,1412011,2022,ok_finalnie,pdf,raport,"https://www.bip.minskmazowiecki.pl/plik,13355,raport-o-stanie-gminy-minsk-mazowiecki-za-rok-2022.pdf",http_get,2b8e9fe6cbf4bd068866667a9442634713d3beb452b54fb89f45a45e1b090e16,200,2026-09-07 23:36:13,,2.855,
11943,mazowieckie,miński,Mińsk Mazowiecki,gmina miejska,1412011,2023,ok_finalnie,pdf,raport,"https://www.bip.minskmazowiecki.pl/plik,15301,raport-o-stanie-gminy-minsk-mazowiecki-za-rok-2023.pdf",http_get,a1d5cef275891efa121dfa006d7e1d7eb2d61e6d1eb0265cffaa48fc99643a99,200,2026-09-07 23:36:17,,3.833,
11944,mazowieckie,miński,Mińsk Mazowiecki,gmina miejska,1412011,2024,ok_finalnie,pdf,raport,"https://www.bip.minskmazowiecki.pl/plik,17689,raport-o-stanie-gminy-minsk-mazowiecki-za-rok-2024.pdf",http_get,11b12df49371743cd61d7762c1a21abf13da52ae907d16cf656672c2db148dea,200,2026-09-07 23:36:31,,13.498,
11945,mazowieckie,miński,Mińsk Mazowiecki,gmina miejska,1412011,2025,ok_finalnie,pdf,raport,https://www.bip.minsk-maz.pl/bip/205_umminskmazowiecki/fckeditor/file//Zarz%C4%85dzenie%202026/Zarz%C4%85dzenie%20Nr%20612_231_26%20z%20dnia%2018.05.2026r.%20Raport%20o%20stanie%20miasta%20za%202025%20rok.pdf,http_get,c83f292ff20e257da36ad7426e1a875b755c041688ba8065640defa092b82a00,200,2026-09-08 03:42:30,,14.245,
11946,mazowieckie,miński,Cegłów,gmina wiejska,1412042,2018,ok_finalnie,pdf,skan+OCR,http://archiwum.ceglow.bip-e.pl/archiwum2/pliki/7105/raport_za%20rok%202018.pdf,direct_without_tor,7ad907eac595da6473153c392cf899b23641afdc9ed58ae25258d0be52d96412,200,2026-09-09T07:34:29Z,,6.316,true
11947,mazowieckie,miński,Cegłów,gmina wiejska,1412042,2019,ok_finalnie,pdf,tekst,http://archiwum.ceglow.bip-e.pl/archiwum2/pliki/5807/raport.pdf,direct_without_tor,45de7bb8fb78f49774f64915b71514c3eb7dd52df8ed572efa2d2b78956492f7,200,2026-09-09T07:34:29Z,,2.041,true
11948,mazowieckie,miński,Cegłów,gmina wiejska,1412042,2020,ok_finalnie,pdf,tekst,http://archiwum.ceglow.bip-e.pl/archiwum2/pliki/7140/raport_za%20rok%202020.pdf,direct_without_tor,76047d4555318c7009f16275dc64a705594b70e0ba23427c6a651a028ec93506,200,2026-09-09T07:34:29Z,,1.885,true
11949,mazowieckie,miński,Cegłów,gmina wiejska,1412042,2021,ok_finalnie,pdf,tekst,https://web.archive.org/web/20251018164547id_/https://ceglow.pl/files/file_add/download/57_raport-za-rok-2021.pdf,wayback_archive_copy,215935c24ca39dbbd86cbdd53b4a77e809301808b6ff73cb6283d208adcf70cd,200,2026-09-09T07:34:29Z,,1.459,true
11950,mazowieckie,miński,Cegłów,gmina miejsko-wiejska,1412043,2022,nowy,,,,,,,,,,
11951,mazowieckie,miński,Cegłów,gmina miejsko-wiejska,1412043,2023,ok_finalnie,pdf,tekst,https://web.archive.org/web/20251018171516id_/https://ceglow.pl/files/file_add/download/113_raport-2023.pdf,wayback_archive_copy,3b6c303a9ef64c5b354c7059644ba2cf43c2be9f3ce507848ea4bc86dcc7e19e,200,2026-09-09T07:34:29Z,,1.207,true
11952,mazowieckie,miński,Cegłów,gmina miejsko-wiejska,1412043,2024,ok_finalnie,pdf,tekst,https://web.archive.org/web/20251018163241id_/https://ceglow.pl/files/file_add/download/129_raport-2024.pdf,wayback_archive_copy,7416ce99bf8f5a708cd6bf53c5acb721ca8f2f787063550123b1a5973a1a7741,200,2026-09-09T07:34:29Z,,1.614,true
11953,mazowieckie,miński,Cegłów,gmina miejsko-wiejska,1412043,2025,ok_finalnie,pdf,tekst,https://web.archive.org/web/20260908212712id_/https://ceglow.pl/files/file_add/download/226_raportza2025.pdf,wayback_archive_copy,80e3899e5e06836b32de61abbf7d74da36e91ff8ac10a2b0c6959485bf8de940,200,2026-09-09T07:34:29Z,,2.183,true
11954,mazowieckie,miński,Dębe Wielkie,gmina wiejska,1412052,2018,ok_finalnie,pdf,tekst,https://debewielkie.e-biuletyn.pl/upload/pliki/0Raport_o_stanie_gminy_za_2018_rok.pdf,direct_without_tor_ssl_off,2cf9698f473b1a8315c488065a21b8bea909ecfc671cea20add24f994394473a,200,2026-09-08T21:13:30Z,,1.375,true
11955,mazowieckie,miński,Dębe Wielkie,gmina wiejska,1412052,2019,ok_finalnie,pdf,tekst,https://debewielkie.e-biuletyn.pl/upload/pliki/Raport_o_stanie_gminy_Debe_Wielkie_31-12-2019.pdf,direct_without_tor_ssl_off,358f06e1ef500a87824f1be0c6fb0f3522b5110acad7eec29328d4d868aff2a6,200,2026-09-08T21:13:30Z,,2.656,true
11956,mazowieckie,miński,Dębe Wielkie,gmina wiejska,1412052,2020,ok_finalnie,pdf,tekst,https://debewielkie.e-biuletyn.pl/upload/pliki/Raport_o_stanie_gminy_31.12.2020.pdf,direct_without_tor_ssl_off,82ad566c115bdff5ec1a8b8786c09036d6cb67143e90e47ef91e79e49d90b1ac,200,2026-09-08T21:13:30Z,,6.181,true
11957,mazowieckie,miński,Dębe Wielkie,gmina wiejska,1412052,2021,ok_finalnie,pdf,tekst,https://debewielkie.e-biuletyn.pl/upload/pliki/Raport_o_stanie_gminy_31_grudnia_2021-rozszerzony.pdf,direct_without_tor_ssl_off,8f45a15b94d04e37cd2b71cc88cbf5054045d30ce1c83f9fabca2cc286daee66,200,2026-09-08T21:13:30Z,,4.275,true
11958,mazowieckie,miński,Dębe Wielkie,gmina wiejska,1412052,2022,ok_finalnie,pdf,tekst,https://debewielkie.e-biuletyn.pl/upload/pliki/Raport_o_stanie_gminy_Debe_Wielkie_31_gru_2023.pdf,direct_without_tor_ssl_off,6a1cf6831ef9870ac0b200a3f21041dd894aa9e1b72354571c6831d616936822,200,2026-09-08T21:13:30Z,,4.836,true
11959,mazowieckie,miński,Dębe Wielkie,gmina wiejska,1412052,2023,ok_finalnie,pdf,tekst,https://debewielkie.e-biuletyn.pl/upload/pliki/0Raport_o_stanie_gminy_31.12.2023.pdf,direct_without_tor_ssl_off,2a08eda02faa943753935e931736bbb7c7b985148bbef5d808ab933d6efb7569,200,2026-09-08T21:13:30Z,,3.376,true
11960,mazowieckie,miński,Dębe Wielkie,gmina wiejska,1412052,2024,ok_finalnie,pdf,tekst,https://debewielkie.e-biuletyn.pl/upload/pliki/0Raport_o_stanie_gminy_31_gru_2024.pdf,direct_without_tor_ssl_off,7ab66843778236c8749d29b9531447ea668fb35ca7b448948ee4efba8438063a,200,2026-09-08T21:13:30Z,,8.123,true
11961,mazowieckie,miński,Dębe Wielkie,gmina wiejska,1412052,2025,ok_finalnie,pdf,tekst,https://debewielkie.e-biuletyn.pl/upload/pliki/0Raport_o_stanie_gminy_31.12.2025_final.pdf,direct_without_tor_ssl_off,9e082d2cce6f31f453cb19b6b6e63a8614edc6a0724f04dc4f502b1ff877d454,200,2026-09-08T21:13:30Z,,3.969,true
11962,mazowieckie,miński,Dobre,gmina wiejska,1412062,2018,ok_finalnie,pdf,skan+OCR,https://gminadobre.pl/wp-content/uploads/2019/06/raport-o-stanie-Gminy-Dobre-za-2018-rok.pdf,direct_without_tor,c3e57d7bde2464b9920ed6e85a50574598a756b6e3de522fe1b405cb01155dff,200,2026-09-09T07:35:47Z,,1.621,true
11963,mazowieckie,miński,Dobre,gmina wiejska,1412062,2019,ok_finalnie,pdf,skan+OCR,https://bip.gminadobre.pl/bip/9088/Raport%20o%20stanie%20Gminy%20Dobre%20za%202019%20rok.pdf,direct_without_tor + ocr,ed3cd48f9070993c936000303097c66f43ee268236b7ee43f3141dee49af0aee,200,2026-09-09T09:23:50Z,"[TURA 22 09.09.2026] | ręcznie: OCR: ""RAPORT O STANIE GMINY DOBRE ZA 2019 ROK ... Sekretarz Marcin Sitnicki, Wójt Tadeusz Gałązka ... art. 28aa""; miejscowości gm. Dobre (pow. miński) potwierdzone; opublikowany jako materiał na sesję (Projekty uchwał 17.06.2020); brak wersji tekstowej",2.404,true
11964,mazowieckie,miński,Dobre,gmina wiejska,1412062,2020,ok_finalnie,pdf,tekst,https://gminadobre.pl/wp-content/uploads/2021/06/Nowy-raport-2020.pdf,direct_without_tor,fc43572dcd15ed946404dcd14ab83b370d35ff419503ed048737e0a23b562b74,200,2026-09-08T21:12:35Z,,3.813,true
11965,mazowieckie,miński,Dobre,gmina wiejska,1412062,2021,ok_finalnie,pdf,skan+OCR,https://gminadobre.pl/wp-content/uploads/2022/06/raport-o-stanie-gminy-za-2021-rok.pdf,direct_without_tor + ocr,7d7c328552119ea991400a9760dd8ff10ee55d5fff3d774c3d9f823bfce7e8a2,200,2026-09-09T09:21:02Z,"[TURA 22 09.09.2026] | ręcznie: OCR: ""RAPORT O STANIE GMINY DOBRE ZA 2021 ROK ... art. 28aa ... Wójt Tadeusz Gałązka""; miejscowości gminy Dobre (pow. miński): Rudzienko, Mlęcin, Makówiec, Rąbierz, Radoszyna, Kobylanka, Duchów; brak wersji tekstowej",4.128,true
11966,mazowieckie,miński,Dobre,gmina wiejska,1412062,2022,ok_finalnie,pdf,skan+OCR,https://bip.gminadobre.pl/wp-content/uploads/2023/06/raport-o-stanie-gminy-za-2022-rok.pdf,direct_without_tor + ocr,9a2a4ee9cd47055c5424c6492f9aadcfab2bc95c0a4f6d3c2742a2d8d418bd03,200,2026-09-09T09:21:02Z,"[TURA 22 09.09.2026] | ręcznie: OCR: ""RAPORT O STANIE GMINY DOBRE ZA 2022 ROK ... art. 28aa ... Wójt Gałązka""; miejscowości gminy Dobre (pow. miński) potwierdzone; wersja 76 s. (na BIP także skrócona 38 s. Raport-o-stanie-Gminy-Dobre-za-2022-r.pdf); brak wersji tekstowej",3.764,true
11967,mazowieckie,miński,Dobre,gmina wiejska,1412062,2023,ok_finalnie,pdf,skan+OCR,https://bip.gminadobre.pl/wp-content/uploads/2024/06/Raport-o-stanie-gminy.pdf,direct_without_tor,03cee9fdd16d1d4463f481231e5816c0c89f81ea4ee2dd4972e623bc781fc452,200,2026-09-09T07:35:47Z,,3.851,true
11968,mazowieckie,miński,Dobre,gmina miejsko-wiejska,1412063,2024,ok_finalnie,pdf,skan+OCR,https://bip.gminadobre.pl/wp-content/uploads/2025/05/raport-za-2024-rok.pdf,direct_without_tor + ocr,7143f667d0ce32782b95e725dba2311901a688d68c1eb594ed784b54610e1f8c,200,2026-09-09T09:22:32Z,"[TURA 22 09.09.2026] | ręcznie: OCR: ""Raport o stanie Gminy Dobre za 2024 rok – Szanowni Państwo Radni, Mieszkańcy Miasta i Gminy Dobre""; Rudzienko ×11, pow. miński; brak wersji tekstowej",8.379,true
11969,mazowieckie,miński,Dobre,gmina miejsko-wiejska,1412063,2025,ok_finalnie,pdf,tekst,https://gminadobre.pl/wp-content/uploads/2026/05/Raport-o-stanie-Gminy-2025.-.pdf,direct_without_tor,9b94ec2d0e7cb67c8a490094f82a79c002448a7cde074d1aff087e8ea39573d9,200,2026-09-08T19:40:55Z,,18.013,true
11970,mazowieckie,miński,Halinów,gmina miejsko-wiejska,1412073,2018,ok_finalnie,pdf,tekst,http://bip.halinow.pl/Common/pobierzPlik/id/76/module_short/port/obj_id/360/culture/pl/version/pub.html,direct_without_tor,f48e3111ff0227699022e1cb7b10ac49ffc6ded1a480f058cdfcf01ec9dfb404,200,2026-09-08T20:30:59Z,,9.474,true
11971,mazowieckie,miński,Halinów,gmina miejsko-wiejska,1412073,2019,ok_finalnie,pdf,tekst,http://bip.halinow.pl/Common/pobierzPlik/id/91/module_short/port/obj_id/471/culture/pl/version/pub.html,direct_without_tor,4394d45ec89b95ecb55a44e15f163a798ec45b5b6899ab9da0bd73e7c895186e,200,2026-09-08T20:30:59Z,,12.286,true
11972,mazowieckie,miński,Halinów,gmina miejsko-wiejska,1412073,2020,ok_finalnie,pdf,tekst,http://bip.halinow.pl/Common/pobierzPlik/id/141/module_short/port/obj_id/3425/culture/pl/version/pub.html,direct_without_tor,c2978ff12fea4b7487f29caa7b2914fdde7722d914e9be9d0ca015e3201bc293,200,2026-09-08T20:30:59Z,,10.232,true
11973,mazowieckie,miński,Halinów,gmina miejsko-wiejska,1412073,2021,ok_finalnie,pdf,tekst,http://bip.halinow.pl/Common/pobierzPlik/id/167/module_short/port/obj_id/3551/culture/pl/version/pub.html,direct_without_tor,8850084c7395555eb88b50275daca4335dc9ed7aee213ae229f3d8ed819ba6c6,200,2026-09-08T20:30:59Z,,24.598,true
11974,mazowieckie,miński,Halinów,gmina miejsko-wiejska,1412073,2022,ok_finalnie,pdf,tekst,http://bip.halinow.pl/Common/pobierzPlik/id/198/module_short/port/obj_id/3663/culture/pl/version/pub.html,direct_without_tor,15ba0e4f3988322f68c3a7febf9611a6ed576769d7c2df1c2f4acb6e022f8e83,200,2026-09-08T20:30:59Z,,32.505,true
11975,mazowieckie,miński,Halinów,gmina miejsko-wiejska,1412073,2023,ok_finalnie,pdf,raport,https://halinow.pl/uploads/temp/repozytorium/news_1989/0fcbaf1fdd9acd877d70a8fd7d4c737e5f961275.pdf,http_get,a171d7622490986d9f8fb856db4c8bbede35b5462a86dc6455fd3777caf7e86b,200,2026-09-08 09:37:23,,41.086,
11976,mazowieckie,miński,Halinów,gmina miejsko-wiejska,1412073,2024,ok_finalnie,pdf,tekst,http://bip.halinow.pl/Common/pobierzPlik/id/269/module_short/port/obj_id/3941/culture/pl/version/pub.html,direct_without_tor,33cf0a60546b649623c1888f249f1377ee7113410e2b119798463cefe6645a12,200,2026-09-08T20:30:59Z,,37.227,true
11977,mazowieckie,miński,Halinów,gmina miejsko-wiejska,1412073,2025,ok_finalnie,pdf,tekst,http://bip.halinow.pl/Common/pobierzPlik/id/343/module_short/port/obj_id/4066/culture/pl/version/pub.html,direct_without_tor,f082c12e8c77f5004f445b9cffc0b42571153268963b983b726ee6d90b0cfd79,200,2026-09-08T20:30:59Z,,33.005,true
11978,mazowieckie,miński,Jakubów,gmina wiejska,1412082,2018,nowy,,,,,,,,,,
11979,mazowieckie,miński,Jakubów,gmina wiejska,1412082,2019,nowy,,,,,,,,,,
11980,mazowieckie,miński,Jakubów,gmina wiejska,1412082,2020,ok_finalnie,docx,tekst,https://jakubow.pl/wp-content/uploads/2021/06/RAPORT-O-STANIE-GMINY-JAKUB%C3%93W-2020.docx,direct_without_tor,deeeb06038bb236ed3d6a671ea019c1462e37277b0a0b6bcd39ef54b57867ae3,200,2026-09-08T19:41:29Z,,6.445,true
11981,mazowieckie,miński,Jakubów,gmina wiejska,1412082,2021,ok_finalnie,docx,tekst,https://jakubow.pl/wp-content/uploads/2022/06/RAPORT-O-STANIE-GMINY-JAKUB%C3%93W-2021.docx,direct_without_tor,2298446155fac144b1c781238d91a453786d50177e50a366b754e9b70d4998d4,200,2026-09-08T19:41:29Z,,9.912,true
11982,mazowieckie,miński,Jakubów,gmina wiejska,1412082,2022,ok_finalnie,pdf,tekst,https://jakubow.pl/wp-content/plugins/download-attachments/includes/download.php?id=29113,direct_without_tor,648acef397ae5665030b99b1b9883355debc9a972995378eb0a99b60971c1fcb,200,2026-09-08T19:41:29Z,,6.765,true
11983,mazowieckie,miński,Jakubów,gmina wiejska,1412082,2023,ok_finalnie,pdf,tekst,https://jakubow.pl/wp-content/plugins/download-attachments/includes/download.php?id=34180,direct_without_tor,5faf9ec4a94e96f1325541a4e2635c0d6b493ce4c587fe606cfb063e091e7656,200,2026-09-08T19:41:29Z,,12.77,true
11984,mazowieckie,miński,Jakubów,gmina wiejska,1412082,2024,ok_finalnie,pdf,tekst,https://jakubow.pl/wp-content/plugins/download-attachments/includes/download.php?id=36199,direct_without_tor,4e9a7eff71d050d065308678c44135e095e40378ec29a3790f7f4580a44c774a,200,2026-09-08T19:41:29Z,,12.248,true
11985,mazowieckie,miński,Jakubów,gmina wiejska,1412082,2025,ok_finalnie,pdf,tekst,https://jakubow.pl/wp-content/plugins/download-attachments/includes/download.php?id=38604,direct_without_tor,2fb08f44b4c21da641cd008653c7c22459f2d83dca7edc39113ef5878fe87636,200,2026-09-08T19:41:29Z,,8.363,true
11986,mazowieckie,miński,Kałuszyn,gmina miejsko-wiejska,1412093,2018,ok_finalnie,pdf,tekst,https://umgkaluszyn.bip.org.pl/pliki/umgkaluszyn/raport_o_stanie_gminy_kaluszyn_2018_rok.pdf,direct_without_tor,010d1441f0ea8ff157441dbe7ea713663463964260aeb9ad0b0cf88157258b8a,200,2026-09-09T09:14:33Z,,1.599,true
11987,mazowieckie,miński,Kałuszyn,gmina miejsko-wiejska,1412093,2019,ok_finalnie,pdf,tekst,https://umgkaluszyn.bip.org.pl/pliki/umgkaluszyn/raport__o_stanie_gminy_kaluszyn__2019_rok.pdf,direct_without_tor,1485c1046bd1b46d53aab822674b59c300eb3f66c625e60f5a23441c85197eb1,200,2026-09-09T09:14:33Z,,1.675,true
11988,mazowieckie,miński,Kałuszyn,gmina miejsko-wiejska,1412093,2020,ok_finalnie,pdf,tekst,https://umgkaluszyn.bip.org.pl/pliki/umgkaluszyn/raport%20o%20stanie%20gminy%20kaluszyn%202020rok_20210719090140.pdf,direct_without_tor,1a1a705120161bb936c16d64616e0cd24adb99c7441e4da6ebfdbac3326a6ced,200,2026-09-09T09:14:33Z,,1.926,true
11989,mazowieckie,miński,Kałuszyn,gmina miejsko-wiejska,1412093,2021,ok_finalnie,pdf,tekst,https://www.kaluszyn.pl/urzad/images/pdf/sndta389.pdf,direct_without_tor,2a2784b4c0e1f0b51c107df1be1daf27c6a5c21487185a1a6c0c8ff27333ee00,200,2026-09-09T09:14:33Z,,5.86,true
11990,mazowieckie,miński,Kałuszyn,gmina miejsko-wiejska,1412093,2022,ok_finalnie,pdf,tekst,https://umgkaluszyn.bip.org.pl/pliki/umgkaluszyn/raport__o_stanie_gminy_kaluszyn__za_2022_rok-sig.pdf,direct_without_tor,fb9cb6646b573f7807b246e60d6c2e301f1f1c1dba317873fe84fbb0b460e713,200,2026-09-09T09:14:33Z,,11.365,true
11991,mazowieckie,miński,Kałuszyn,gmina miejsko-wiejska,1412093,2023,ok_finalnie,pdf,tekst,https://umgkaluszyn.bip.org.pl/pliki/umgkaluszyn/raport__o_stanie_gminy_kauszyn_za_2023_rok-sig.pdf,direct_without_tor,da11accfb3b1afdcc330a6150d80d5cac2b266ae4bba39defcb308c044493d76,200,2026-09-09T09:14:33Z,,15.18,true
11992,mazowieckie,miński,Kałuszyn,gmina miejsko-wiejska,1412093,2024,ok_finalnie,pdf,tekst,https://umgkaluszyn.bip.org.pl/pliki/umgkaluszyn/raport_o_stanie_gminy_kaluszyn_za_2024_rok.pdf,direct_without_tor,e0c35a02efeab91273908785d0407a38f76c76dd89e5777d5e8113e378b81276,200,2026-09-09T09:14:33Z,,19.383,true
11993,mazowieckie,miński,Kałuszyn,gmina miejsko-wiejska,1412093,2025,ok_finalnie,pdf,tekst,https://umgkaluszyn.bip.org.pl/pliki/umgkaluszyn/raport_o_stanie_gminy_za_2025_rok_.pdf,direct_without_tor,d96a3ce6076bb5b30cc79109aa767247e78ba0c07121334f2d721bfd819b1cf4,200,2026-09-09T09:14:33Z,,21.185,true
11994,mazowieckie,miński,Latowicz,gmina wiejska,1412102,2018,ok_finalnie,pdf,tekst,https://bip.gmina-latowicz.pl/uploaded_files/serwis_files/attachments/bip/133/d76b09abfe658100.pdf,direct_without_tor,b5c5a7f82e2bdbe2b3cc0cdc641404e0ba8a26253dfd2fba8215484af54939aa,200,2026-09-09T07:35:37Z,,2.833,true
11995,mazowieckie,miński,Latowicz,gmina wiejska,1412102,2019,ok_finalnie,pdf,tekst,https://bip.gmina-latowicz.pl/uploaded_files/serwis_files/attachments/bip/133/1b15b3bfad4e0068.pdf,direct_without_tor,6793406e91dfe5bd77ce3d6c7099acd57591eb7ec57618339db30a512b9d4013,200,2026-09-09T07:35:37Z,,1.589,true
11996,mazowieckie,miński,Latowicz,gmina wiejska,1412102,2020,ok_finalnie,pdf,tekst,https://bip.gmina-latowicz.pl/uploaded_files/serwis_files/attachments/bip/133/a77c7bbcf43c79dc.pdf,direct_without_tor,992e92f595111924cb015c23ff83c24d332475ae52390d03a2af2d87f7ce85cf,200,2026-09-09T07:35:37Z,,3.124,true
11997,mazowieckie,miński,Latowicz,gmina wiejska,1412102,2021,ok_finalnie,pdf,tekst,https://bip.gmina-latowicz.pl/uploaded_files/serwis_files/attachments/bip/133/d9abca9a42a5a64d.pdf,direct_without_tor,b1a628d5daf90010bb55e27abe48e10130548c6ac56e5c1032b7f6e1440818a1,200,2026-09-09T07:35:37Z,,0.993,true
11998,mazowieckie,miński,Latowicz,gmina wiejska,1412102,2022,ok_finalnie,pdf,tekst,https://bip.gmina-latowicz.pl/uploaded_files/serwis_files/attachments/bip/133/adf583abed74dea7.pdf,direct_without_tor,aa58fe218824a2969ca808541f5cfe6951128d7b9afdeccc2845fccc4c62cb76,200,2026-09-09T07:35:37Z,,0.998,true
11999,mazowieckie,miński,Latowicz,gmina miejsko-wiejska,1412103,2023,ok_finalnie,pdf,tekst,https://bip.gmina-latowicz.pl/uploaded_files/serwis_files/attachments/bip/133/5271a3e1cfaf3624.pdf,direct_without_tor,fd588f77884b488d056c7e64bbdbbbf6ee4a556fec70fd5a2564fd5e3ef37399,200,2026-09-09T07:35:37Z,,1.138,true
12000,mazowieckie,miński,Latowicz,gmina miejsko-wiejska,1412103,2024,ok_finalnie,pdf,tekst,https://bip.gmina-latowicz.pl/uploaded_files/serwis_files/attachments/bip/133/928ad324b0b66425.pdf,direct_without_tor,09b58b592e4ef172ac2a470c102f9da1da7268efc830c670ab519351410b5cd4,200,2026-09-09T07:35:37Z,,1.28,true
12001,mazowieckie,miński,Latowicz,gmina miejsko-wiejska,1412103,2025,ok_finalnie,pdf,tekst,https://bip.gmina-latowicz.pl/uploaded_files/serwis_files/attachments/bip/133/c61d44bd7777fe80.pdf,direct_without_tor,3512085b680f3ffb9bad305226c3b85d253950a33b6b3be5f65f02ff3ef71a62,200,2026-09-09T07:35:37Z,,2.876,true
12002,mazowieckie,miński,Mińsk Mazowiecki,gmina wiejska,1412112,2018,ok_finalnie,pdf,tekst,"https://www.bip.minskmazowiecki.pl/plik,4507,raport-o-stanie-gminy-minsk-mazowiecki-za-2018-rok.pdf",BIP Mińsk Maz. direct PDF,60682d5bf63ddf86580b3fb9b998456198b3e98e9617124c2bfb3ad333addf9c,200,2026-09-07T21:07:19Z,,2.399,true
12003,mazowieckie,miński,Mińsk Mazowiecki,gmina wiejska,1412112,2019,ok_finalnie,pdf,tekst,"https://www.bip.minskmazowiecki.pl/plik,8013,raport-o-stanie-gminy-minsk-mazowiecki-za-2019-rok.pdf",BIP Mińsk Maz. direct PDF,117332fc935f52fa0414189865cdda54cee142dd75d94408da9515a7242f19c9,200,2026-09-07T21:07:19Z,,1.971,true
12004,mazowieckie,miński,Mińsk Mazowiecki,gmina wiejska,1412112,2020,ok_finalnie,pdf,tekst,"https://www.bip.minskmazowiecki.pl/plik,9445,raport-o-stanie-gminy-minsk-mazowiecki-za-2020-rok.pdf",BIP Mińsk Maz. direct PDF,344ebac86c95853f9902cb061862f03eea412b3e978eb09b6fdfc3ba4d9f4dae,200,2026-09-07T21:07:19Z,,1.527,true
12005,mazowieckie,miński,Mińsk Mazowiecki,gmina wiejska,1412112,2021,ok_finalnie,pdf,tekst,"https://www.bip.minskmazowiecki.pl/plik,11383,raport-o-stanie-gminy-minsk-mazowiecki-za-2021-rok.pdf",BIP Mińsk Maz. direct PDF,b7b66a923d7285567c40893cb85067c16330b475e29af5ef66c591174a1a7a81,200,2026-09-07T21:07:19Z,,1.435,true
12006,mazowieckie,miński,Mińsk Mazowiecki,gmina wiejska,1412112,2022,ok_finalnie,pdf,tekst,"https://www.bip.minskmazowiecki.pl/plik,13355,raport-o-stanie-gminy-minsk-mazowiecki-za-rok-2022.pdf",BIP Mińsk Maz. direct PDF,2b8e9fe6cbf4bd068866667a9442634713d3beb452b54fb89f45a45e1b090e16,200,2026-09-07T21:07:19Z,,2.855,true
12007,mazowieckie,miński,Mińsk Mazowiecki,gmina wiejska,1412112,2023,ok_finalnie,pdf,tekst,"https://www.bip.minskmazowiecki.pl/plik,15301,raport-o-stanie-gminy-minsk-mazowiecki-za-rok-2023.pdf",BIP Mińsk Maz. direct PDF,a1d5cef275891efa121dfa006d7e1d7eb2d61e6d1eb0265cffaa48fc99643a99,200,2026-09-07T21:07:19Z,,3.833,true
12008,mazowieckie,miński,Mińsk Mazowiecki,gmina wiejska,1412112,2024,ok_finalnie,pdf,tekst,"https://www.bip.minskmazowiecki.pl/plik,17689,raport-o-stanie-gminy-minsk-mazowiecki-za-rok-2024.pdf",BIP Mińsk Maz. direct PDF,11b12df49371743cd61d7762c1a21abf13da52ae907d16cf656672c2db148dea,200,2026-09-07T21:07:19Z,,13.498,true
12009,mazowieckie,miński,Mińsk Mazowiecki,gmina wiejska,1412112,2025,nowy,,,,,,,,,,
12010,mazowieckie,miński,Mrozy,gmina miejsko-wiejska,1412123,2018,nowy,,,,,,,,,,
12011,mazowieckie,miński,Mrozy,gmina miejsko-wiejska,1412123,2019,nowy,,,,,,,,,,
12012,mazowieckie,miński,Mrozy,gmina miejsko-wiejska,1412123,2020,nowy,,,,,,,,,,
12013,mazowieckie,miński,Mrozy,gmina miejsko-wiejska,1412123,2021,nowy,,,,,,,,,,
12014,mazowieckie,miński,Mrozy,gmina miejsko-wiejska,1412123,2022,ok_finalnie,pdf,tekst,https://mrozy-docrepo-api.bip.net.pl/api/files/36,direct_without_tor,1a2ffeda1bf055519f3f312d509cae83d25cc03337feb2eaafd07b996ac5656d,200,2026-09-08T17:48:01Z,,38.714,true
12015,mazowieckie,miński,Mrozy,gmina miejsko-wiejska,1412123,2023,nowy,,,,,,,,,,
12016,mazowieckie,miński,Mrozy,gmina miejsko-wiejska,1412123,2024,nowy,,,,,,,,,,
12017,mazowieckie,miński,Mrozy,gmina miejsko-wiejska,1412123,2025,nowy,,,,,,,,,,
12018,mazowieckie,miński,Siennica,gmina wiejska,1412132,2018,ok_finalnie,pdf,tekst,https://ugsiennica.bip.org.pl/pliki/ugsiennica/raport_o_stanie_gminy_siennica_za_2018_rok.pdf,direct_without_tor,abb68674b200e301624394f1a8e7460580a3e143ed869d44c3a1807dd3aa8be0,200,2026-09-09T09:52:49Z,[TURA 22 09.09.2026],0.95,true
12019,mazowieckie,miński,Siennica,gmina wiejska,1412132,2019,ok_finalnie,pdf,tekst,https://ugsiennica.bip.org.pl/pliki/ugsiennica/raport_o_stanie_gminy_z_komentarzami_gotowe.pdf,direct_without_tor,ddbfc4718f96b83c689402d51d9865f315a4287a452dc767838c8bdd269c74ed,200,2026-09-09T09:52:49Z,[TURA 22 09.09.2026],4.142,true
12020,mazowieckie,miński,Siennica,gmina wiejska,1412132,2020,ok_finalnie,pdf,tekst,"https://www.bip.ugsiennica.pl/plik,5,raport-o-stanie-gminy-siennica-za-2020-rok.pdf",direct_without_tor,56431fbb9549fe6f2719a825971a304a503c9ab41c6d7c82c12369016f74dfde,200,2026-09-09T07:38:36Z,,5.307,true
12021,mazowieckie,miński,Siennica,gmina wiejska,1412132,2021,ok_finalnie,pdf,tekst,"https://www.bip.ugsiennica.pl/plik,36,raport-o-stanie-gminy-siennica-za-2021-rok-pdf.pdf",direct_without_tor,5e3ad7cf00a8e8f22020f9f2c6f6dea4ed28eb398920ed0ab14f1eb7a65957d1,200,2026-09-09T07:38:36Z,,5.264,true
12022,mazowieckie,miński,Siennica,gmina wiejska,1412132,2022,ok_finalnie,pdf,tekst,"https://www.bip.ugsiennica.pl/plik,805,raport-o-stanie-gminy-siennica-za-2022-rok.pdf",direct_without_tor,074252d03e11d8d4f3caebba29b083cfdf7964c2ebddde5d850ef8b1c8169a98,200,2026-09-09T07:38:36Z,,10.889,true
12023,mazowieckie,miński,Siennica,gmina wiejska,1412132,2023,ok_finalnie,pdf,tekst,"https://www.bip.ugsiennica.pl/plik,1579,raport-o-stanie-gminy-siennica-za-2023-rok.pdf",direct_without_tor,0fc3ebf07b576451201106c95db3f6e45120780f883f5ec5ea865038e21b540e,200,2026-09-09T07:38:36Z,,14.359,true
12024,mazowieckie,miński,Siennica,gmina miejsko-wiejska,1412133,2024,ok_finalnie,pdf,tekst,"https://www.bip.ugsiennica.pl/plik,2102,raport-o-stanie-gminy-siennica-za-2024-rok.pdf",direct_without_tor,8563537c1b9fa1bfb633ae554148fc1306af92a4af9d7a385697216bac28893c,200,2026-09-09T07:38:38Z,,7.406,true
12025,mazowieckie,miński,Siennica,gmina miejsko-wiejska,1412133,2025,ok_finalnie,pdf,tekst,"https://www.bip.ugsiennica.pl/plik,2544,raport-o-stanie-gminy-siennica-za-2025-rok.pdf",direct_without_tor,34a29262a87f97702413d2f15a7ca89fff24dc7a22d2666728f0bd77c6515a9f,200,2026-09-09T07:38:38Z,,5.49,true
12026,mazowieckie,miński,Stanisławów,gmina wiejska,1412142,2018,ok_finalnie,pdf,tekst,"https://bip.stanislawow.eu/plik,3109,raport-o-stanie-gminy-stanislawow-2018-pdf.pdf",direct_without_tor,5e86a334239553119b2403fc9de5ae010dbfcb703c3a269874e971d731dbc62a,200,2026-09-08T22:11:41Z,,2.071,true
12027,mazowieckie,miński,Stanisławów,gmina wiejska,1412142,2019,ok_finalnie,pdf,tekst,"https://bip.stanislawow.eu/plik,4618,raport-o-stanie-gminy-stanislawow-za-rok-2019-pdf.pdf",direct_without_tor,51c5b7cb42d441a9c1613ffd6eeb22711c88616a910cdc75a9cb6afc96df8d5b,200,2026-09-08T22:11:41Z,,6.661,true
12028,mazowieckie,miński,Stanisławów,gmina wiejska,1412142,2020,ok_finalnie,pdf,tekst,"https://bip.stanislawow.eu/plik,5926,raport-o-stanie-gminy-stanislawow-za-rok-2020.pdf",direct_without_tor,459f386cae0bc80e540eae68da0daa372d20875c73b9e6080a8d9bd295e52242,200,2026-09-08T22:11:41Z,,5.729,true
12029,mazowieckie,miński,Stanisławów,gmina wiejska,1412142,2021,ok_finalnie,pdf,tekst,"https://bip.stanislawow.eu/plik,7104,raport-o-stanie-gminy-za-rok-2021-v8-pdf.pdf",direct_without_tor,39476025062d467e70d246fecf7e83698d0e70ce8d802e1c042fca5807aecad7,200,2026-09-08T22:11:41Z,,4.549,true
12030,mazowieckie,miński,Stanisławów,gmina wiejska,1412142,2022,ok_finalnie,pdf,tekst,"https://bip.stanislawow.eu/plik,7956,raport-o-stanie-gminy-stanislawow-za-rok-2022.pdf",direct_without_tor,b2a45df5e919d6eafd19256265f83f1903baae46e8f6bd6bd169e18401e5ca44,200,2026-09-08T22:11:41Z,,3.941,true
12031,mazowieckie,miński,Stanisławów,gmina wiejska,1412142,2023,ok_finalnie,pdf,tekst,"https://bip.stanislawow.eu/plik,9197,raport-o-stanie-gminy-stanislawow-za-rok-2023.pdf",direct_without_tor,ef62405c49d3c51a90c97b161d698dc1a1aee9d639ca8f7826ea2901933061d3,200,2026-09-08T22:11:41Z,,6.534,true
12032,mazowieckie,miński,Stanisławów,gmina wiejska,1412142,2024,ok_finalnie,pdf,tekst,"https://bip.stanislawow.eu/plik,10073,raport-o-stanie-gminy-stanislawow-za-rok-2024.pdf",direct_without_tor,b72b0a43c75dadcbc0f05a9ac5b5af572139c1519b92d83ab7dba1165db6fac3,200,2026-09-08T22:11:41Z,,5.157,true
12033,mazowieckie,miński,Stanisławów,gmina wiejska,1412142,2025,ok_finalnie,pdf,tekst,"https://bip.stanislawow.eu/plik,11191,raport-o-stanie-gminy-stanislawow-za-rok-2025.pdf",direct_without_tor,7097d91014ff1b0fae1af448d923f0e63d9a10f7ec43e66c598dc85bf270ba31,200,2026-09-08T22:11:41Z,,6.143,true
12034,mazowieckie,miński,Sulejówek,gmina miejska,1412151,2018,ok_finalnie,pdf,raport,"https://www.sulejowek.pl/plik,8498,raport-o-stanie-miasta-sulejowek-za-rok-2018.pdf",http_get,e06e316453ba5d92bdfcaaadf4e29b70826a0bc007a16031ef7a66e7e197118a,200,2026-09-08 09:32:24,,7.194,
12035,mazowieckie,miński,Sulejówek,gmina miejska,1412151,2019,ok_finalnie,pdf,raport,"https://www.sulejowek.pl/plik,8499,raport-o-stanie-miasta-sulejowek-za-rok-2019.pdf",http_get,8705945d4f6d6401c53508446a3d61c07ceda1a9dac227bf4507e677dc9c675f,200,2026-09-08 09:32:24,,9.443,
12036,mazowieckie,miński,Sulejówek,gmina miejska,1412151,2020,ok_finalnie,pdf,raport,"https://www.sulejowek.pl/plik,10919,raport-o-stanie-miasta-sulejowek-za-rok-2020.pdf",http_get,2f7e363fc15edece8ecefae3ad0a96e38f8a14a7c19bb63584845de3139f9a9a,200,2026-09-08 09:32:24,,5.177,
12037,mazowieckie,miński,Sulejówek,gmina miejska,1412151,2021,ok_finalnie,pdf,raport,"https://www.sulejowek.pl/plik,10920,raport-o-stanie-miasta-sulejowek-za-rok-2021.pdf",http_get,1efa1a685c152efe73109abcb973eb755d84d801c5d673dbf1946f0a7a1705c0,200,2026-09-08 09:32:24,,7.796,
12038,mazowieckie,miński,Sulejówek,gmina miejska,1412151,2022,ok_finalnie,pdf,raport,"https://www.sulejowek.pl/plik,13095,raport-o-stanie-miasta-sulejowek-za-rok-2022.pdf",http_get,35b603209c9383fafeae5808dbbec703c0467a3582f39e1f4fe50c00f5a393cd,200,2026-09-08 09:32:24,,5.742,
12039,mazowieckie,miński,Sulejówek,gmina miejska,1412151,2023,ok_finalnie,pdf,raport,"https://www.sulejowek.pl/plik,13096,raport-o-stanie-miasta-sulejowek-za-rok-2023.pdf",http_get,aac520c74a39df07c67014eb1870338ed978610e9dc5e72958179c150f26a56a,200,2026-09-08 09:32:24,,7.114,
12040,mazowieckie,miński,Sulejówek,gmina miejska,1412151,2024,ok_finalnie,pdf,raport,"https://www.sulejowek.pl/plik,14692,raport-o-stanie-miasta-sulejowek-za-rok-2024.pdf",http_get,d2b727a5f91aa1bfd5cb5801dad4c9867f6b86829bb261f65f0918936a99d744,200,2026-09-08 02:52:19,,10.211,
12041,mazowieckie,miński,Sulejówek,gmina miejska,1412151,2025,ok_finalnie,pdf,raport,"https://www.sulejowek.pl/plik,15308,raport-o-stanie-miasta-sulejowek-za-rok-2025.pdf",http_get,81e6835c25d1f0d5b3753d7a595794ff635122599ce2ad2cb5c9102e1ae0486f,200,2026-09-08 09:29:54,,8.157,
12042,mazowieckie,mławski,Lipowiec Kościelny,gmina wiejska,1413032,2018,ok_finalnie,docx,tekst,https://bip-v1-files.idcom-jst.pl/sites/3099/wiadomosci/475571/files/1_1_1_raportost.docx,direct_without_tor,1ca10780c19abc3dedddb4a3b085270e6de90d8d2dedc34c1aac9c35ec4c0ec8,200,2026-09-08T21:14:20Z,,0.035,true
12043,mazowieckie,mławski,Lipowiec Kościelny,gmina wiejska,1413032,2019,ok_finalnie,docx,tekst,https://bip-v1-files.idcom-jst.pl/sites/3099/wiadomosci/526448/files/raport_2019.docx,direct_without_tor,ef80db24a6607d6a6086b57334fcb7c552231d04dca009db92fe37b023f9f7bf,200,2026-09-08T21:14:20Z,,0.039,true
12044,mazowieckie,mławski,Lipowiec Kościelny,gmina wiejska,1413032,2020,ok_finalnie,docx,tekst,https://bip-v1-files.idcom-jst.pl/sites/3099/wiadomosci/574863/files/raport_2020.docx,direct_without_tor,25f03c5e2535a996833dda3c6ccf838841c3f5245eed7b66ea5b844071d50ffd,200,2026-09-08T21:14:20Z,,0.162,true
12045,mazowieckie,mławski,Lipowiec Kościelny,gmina wiejska,1413032,2021,ok_finalnie,docx,tekst,https://bip-v1-files.idcom-jst.pl/sites/3099/wiadomosci/635487/files/raport_2021.docx,direct_without_tor,eec0f77a7613c81abc47bbf95465b688bbac804b07230f6aa936d9d8ac6075c2,200,2026-09-08T21:14:20Z,,0.167,true
12046,mazowieckie,mławski,Lipowiec Kościelny,gmina wiejska,1413032,2022,ok_finalnie,pdf,skan+OCR,https://bip-v1-files.idcom-jst.pl/sites/3099/wiadomosci/691925/files/raport_o_stanie_gminy.pdf,direct_without_tor,5ff11b7f4ac307a63d21dc5d6a4670a775251e7e58e7ffb5752e45120431f143,200,2026-09-08T21:14:20Z,,3.038,true
12047,mazowieckie,mławski,Lipowiec Kościelny,gmina wiejska,1413032,2023,ok_finalnie,docx,tekst,https://bip-v1-files.idcom-jst.pl/sites/3099/wiadomosci/755507/files/raport_o_stanie_gminy_lipowiec_koscielny_2023.docx,direct_without_tor,db02481d2989139d83eef91bac27da58e0702782419f65e7861d97162bbef652,200,2026-09-08T21:14:20Z,,0.156,true
12048,mazowieckie,mławski,Lipowiec Kościelny,gmina wiejska,1413032,2024,ok_finalnie,pdf,tekst,https://bip-v1-files.idcom-jst.pl/sites/3099/wiadomosci/820162/files/2024_raport_o_stanie_gminy.pdf,direct_without_tor,0e3fa98a3eb4fa20c7dab5aa717ad7690f54d5ef1b05692bb46c3c0c46acad10,200,2026-09-08T21:14:20Z,,0.605,true
12049,mazowieckie,mławski,Lipowiec Kościelny,gmina wiejska,1413032,2025,ok_finalnie,pdf,tekst,https://bip-v1-files.idcom-jst.pl/sites/3099/wiadomosci/884888/files/1._2025_raport_o_stanie_gminy_-_poprawiony.pdf,direct_without_tor,296187f85201cf735ee64e39c1b68f0d5ea1619d545ead7c6b5752970ae5c295,200,2026-09-08T21:14:20Z,,0.76,true
12050,mazowieckie,mławski,Radzanów,gmina wiejska,1413042,2018,ok_finalnie,pdf,tekst,http://radzanow.biuletyn.net/fls/bip_pliki/2019_05/BIPF58A2ECBB30293Z/Raport_o_stanie_Gminy_Radzanow_za_2018_rok.pdf,tor_pl_ip,45403f55b80cf0123ab59dd1ea005ca727d40ce634868c44bb0f148259c54a80,200,2026-09-09T14:16:34Z,[TURA 22 09.09.2026],1.572,true
12051,mazowieckie,mławski,Radzanów,gmina wiejska,1413042,2019,brak_finalnie,,,brak,"dogłębne sprawdzenie (web search bez Tora, kilka silników + BIP/CMS: wyszukiwarka, kategorie raport/uchwały/zarządzenia/sesje + sitemap + Wayback CDX + alternatywne domeny; pobieranie także przez Tor z polskim IP) - dowód proceduralny istnienia raportu, brak opublikowanego pliku",,BRAK_URL (dowód istnienia - nieopublikowany),2026-09-09T14:19:14Z,"[TURA 22 09.09.2026] NEG-plik, DOWOD ISTNIENIA POTWIERDZONY: Uchwała Nr XVIII/135/2020 Rady Gminy Radzanów z 24.06.2020 w sprawie udzielenia Wójtowi Gminy Radzanów wotum zaufania (art. 28aa ust. 9 u.s.g., ""po zakończeniu debaty nad raportem o stanie gminy"") – raport za 2019 r. istniał; w BIP (radzanow.biuletyn.net, aktualności id 1290–1400 z 2020 r., uchwały 2020) i na WWW radzanow.com nie opublikowano pliku raportu za 2019; Wayback bez kopii | dowód: http://radzanow.biuletyn.net/fls/bip_pliki/2020_07/BIPF5AB06765D76EBZ/XVIII.135.pdf | strona: http://radzanow.biuletyn.net/?bip=2&cid=1286&id=1382",,true
12052,mazowieckie,mławski,Radzanów,gmina wiejska,1413042,2020,ok_finalnie,pdf,tekst,http://radzanow.biuletyn.net/fls/bip_pliki/2021_05/BIPF5C39B95F13AB5Z/RAPORT_O_STANIE_GMINY_RADZANOW__ZA_2020_ROK_PDF_3.pdf,tor_pl_ip,ad59959c09e02e684e8183a63fbfdded31a76c27916359d3515da027be8722c7,200,2026-09-09T14:16:53Z,[TURA 22 09.09.2026],3.491,true
12053,mazowieckie,mławski,Radzanów,gmina wiejska,1413042,2021,ok_finalnie,pdf,tekst,http://radzanow.biuletyn.net/fls/bip_pliki/2022_05/BIPF5DFF942BC6B9EZ/Raport_o_stanie_Gminy_Radzanow_za_2021_rok.pdf,tor_pl_ip,de8c68198083c787ac8b1ff6f95781f17f51108d9c10f1ab85691fb0390e0ca5,200,2026-09-09T14:17:15Z,[TURA 22 09.09.2026],4.382,true
12054,mazowieckie,mławski,Radzanów,gmina wiejska,1413042,2022,ok_finalnie,pdf,tekst,http://radzanow.biuletyn.net/fls/bip_pliki/2023_05/BIPF5FCFAD3B3627FZ/Raport_o_stanie_Gminy_Radzanow_za_2022_rok.pdf,tor_pl_ip,932c1ed10a3d36ad80a5aa707d443569a5e602698511f1cac1834a67f3d1d335,200,2026-09-09T14:17:45Z,[TURA 22 09.09.2026],7.51,true
12055,mazowieckie,mławski,Radzanów,gmina wiejska,1413042,2023,ok_finalnie,pdf,tekst,http://radzanow.biuletyn.net/fls/bip_pliki/2024_05/BIPF6199C782CE3FBZ/RAPORT_O_STANIE_GMINY_RADZANOW_ZA_2023_ROK_1.pdf,tor_pl_ip,223de13d8b4d23a24509e4b21040143976a9bc670845e4384959546af238264f,200,2026-09-09T14:18:12Z,[TURA 22 09.09.2026],4.188,true
12056,mazowieckie,mławski,Radzanów,gmina wiejska,1413042,2024,ok_finalnie,pdf,tekst,http://radzanow.biuletyn.net/fls/bip_pliki/2025_05/BIPF63659A0F0F985Z/Raport_o_stanie_Gminy_Radzanow_za_2024_rok.pdf,tor_pl_ip,9355bbb1bc98418e55936f5ff9f7ff571d47b16673b41931c11d0e3da5a3f9b6,200,2026-09-09T14:18:42Z,[TURA 22 09.09.2026],6.37,true
12057,mazowieckie,mławski,Radzanów,gmina wiejska,1413042,2025,ok_finalnie,pdf,tekst,https://www.radzanow.com/asp/pliki/aktualnosci/raport_o_stanie_gminy_radzanow_za_2025_rok.pdf,direct_without_tor,63e26cf27f14415a13e0529dda656cf4ed4520f0821309749e78e085771bfe6b,200,2026-09-09T14:18:59Z,[TURA 22 09.09.2026],6.821,true
12058,mazowieckie,mławski,Szreńsk,gmina wiejska,1413072,2018,nowy,,,,,,,,,,
12059,mazowieckie,mławski,Szreńsk,gmina wiejska,1413072,2019,nowy,,,,,,,,,,
12060,mazowieckie,mławski,Szreńsk,gmina wiejska,1413072,2020,nowy,,,,,,,,,,
12061,mazowieckie,mławski,Szreńsk,gmina wiejska,1413072,2021,nowy,,,,,,,,,,
12062,mazowieckie,mławski,Szreńsk,gmina wiejska,1413072,2022,nowy,,,,,,,,,,
12063,mazowieckie,mławski,Szreńsk,gmina wiejska,1413072,2023,ok_finalnie,pdf,tekst,https://szrensk.biuletyn.net/fls/bip_pliki/2024_06/BIPF61AC277FE887AZ/Raport_o_stanie_gminy_2023.pdf,tor_pl_ip,b656ad5e7f98e9451414eb459060f72cbafbfe3f0210b4c1dc85e9a3f53b466c,200,2026-09-08T20:30:22Z,,5.737,true
12064,mazowieckie,mławski,Szreńsk,gmina wiejska,1413072,2024,ok_finalnie,pdf,tekst,https://szrensk.biuletyn.net/fls/bip_pliki/2025_05/BIPF6347C47B799E4Z/Raport_o_stanie_gminy_2024.pdf,tor_pl_ip,8c1a599719494c99de67ed8990e597a7e6152a77d87bfae3e9145af2407c43bf,200,2026-09-08T20:30:22Z,,6.618,true
12065,mazowieckie,mławski,Szreńsk,gmina wiejska,1413072,2025,ok_finalnie,pdf,skan+OCR,https://szrensk.biuletyn.net/fls/bip_pliki/2026_05/BIPF651AF9C46316DZ/Raport_o_stanie_gminy_Szrensk_za_rok_2025pdf.pdf,tor_pl_ip,41a85014fb111757cf5e7b8cbdaec90b7c3f066fa08a04650a80d9aa7bf7f65c,200,2026-09-08T20:30:22Z,,14.965,true
12066,mazowieckie,nowodworski,-,-,1414,2018,ok_finalnie,pdf,tekst,"https://www.nowodworski.pl/plik,19558,raport-o-stanie-powiatu-za-2018-rok.pdf",direct_without_tor,777901e004897c5753798d76168449d6297acc384925a707d838085ed67d8c1f,200,2026-09-09T09:52:49Z,[TURA 22 09.09.2026],1.169,true
12067,mazowieckie,nowodworski,-,-,1414,2019,ok_finalnie,pdf,tekst,"https://www.nowodworski.pl/plik,13236,tresc-raportu-do-pobrania.pdf",direct_without_tor,2b541ab493053fa2be07aeb0d2f89231c92b5bb19e575e5612c8c331515486ea,200,2026-09-09T09:52:49Z,[TURA 22 09.09.2026],2.026,true
12068,mazowieckie,nowodworski,-,-,1414,2020,ok_finalnie,pdf,tekst,"https://www.nowodworski.pl/plik,14600,raport-za-2020-rok.pdf",direct_without_tor,0b5e5499cf3a0a200efe1f68c69dcf9f40bcbb664727b47c949be44eb537716b,200,2026-09-09T09:52:49Z,[TURA 22 09.09.2026],1.707,true
12069,mazowieckie,nowodworski,-,-,1414,2021,ok_finalnie,pdf,tekst,"https://www.nowodworski.pl/plik,15827,raport-za-2021-rok.pdf",direct_without_tor,87102709cc8b14f040ed2aebb8baccb8e4dde6dd0bcee762f2e33625fb443e48,200,2026-09-09T09:52:49Z,[TURA 22 09.09.2026],1.617,true
12070,mazowieckie,nowodworski,-,-,1414,2022,ok_finalnie,pdf,tekst,"https://www.nowodworski.pl/plik,16932,raport-o-stanie-powiatu-nowodworskiego-za-rok-2022.pdf",direct_without_tor,bce8c6fde376099f4ca839e7f09134388772eb2eec729057f00138a59d94f589,200,2026-09-09T09:52:49Z,[TURA 22 09.09.2026],1.857,true
12071,mazowieckie,nowodworski,-,-,1414,2023,ok_finalnie,pdf,tekst,"https://www.nowodworski.pl/plik,18461,tresc-raportu-o-stanie-powiatu-nowodworskiego-za-2023-rok.pdf",direct_without_tor,f8e09144d789c0e41abe24ae1dbddfe7f9a522bf3f27bd49ff4746e0b4176939,200,2026-09-09T09:52:49Z,[TURA 22 09.09.2026],1.457,true
12072,mazowieckie,nowodworski,-,-,1414,2024,ok_finalnie,pdf,tekst,"https://www.nowodworski.pl/plik,19552,raport-o-stanie-powiatu-za-2024-rok.pdf",direct_without_tor,6fcf92a04cbc82ebb80443572169b1fed1a484b9e4aec483c27f95571a3aa9b9,200,2026-09-09T09:52:49Z,[TURA 22 09.09.2026],0.879,true
12073,mazowieckie,nowodworski,-,-,1414,2025,ok_finalnie,pdf,tekst,"https://www.bip.nowodworski.pl/plik,20828,uchwala-nr-367-2026-zarzadu-powiatu-nowodworskiego-z-dnia-13-maja-2026-roku-w-sprawie-przedstawieni.pdf",direct_without_tor,d42a8c5981b624edbfe5c87f34c80d0a2235ee046ebfd7a278d11db817019e44,200,2026-09-09T09:54:26Z,[TURA 22 09.09.2026],2.673,true
12074,mazowieckie,nowodworski,Nowy Dwór Mazowiecki,gmina miejska,1414011,2018,ok_finalnie,pdf,tekst,https://archiwum.bip.nowydwormaz.pl/public/Raport%2bo%2bstanie%2bMiasta%2bNowy%2bDw%25C3%25B3r%2bMazowiecki%2bw%2broku%2b2018b7f9.pdf?id=474260,direct_without_tor,ba31d92d4f37a2bc4d4a655bb88d82628572823f969c6cdd3db0b2a9d34d484d,200,2026-09-09T09:49:57Z,[TURA 22 09.09.2026],1.134,true
12075,mazowieckie,nowodworski,Nowy Dwór Mazowiecki,gmina miejska,1414011,2019,ok_finalnie,pdf,tekst,https://archiwum.bip.nowydwormaz.pl/public/RAPORT%2bO%2bSTANIE%2bMIASTA%2bNOWY%2bDW%25C3%2593R%2bMAZOWIECKI%2b2019%2bFINAL%2b2_2750c.pdf?id=506019,direct_without_tor,fcd1432521e1dccd7af9938aca32cafd5b5927fc8679ae46b05ef437296bf66d,200,2026-09-09T09:49:57Z,[TURA 22 09.09.2026],1.246,true
12076,mazowieckie,nowodworski,Nowy Dwór Mazowiecki,gmina miejska,1414011,2020,ok_finalnie,pdf,tekst,https://archiwum.bip.nowydwormaz.pl/public/RAPORT%2bO%2bSTANIE%2bMIASTA%2bNOWY%2bDW%25C3%2593R%2bMAZOWIECKI%2b2020_p8b0f.pdf?id=532653,direct_without_tor,26ec80eea7fa5de767128442fcdda634fca661b1c5d1e13b784b47f409dbd0b2,200,2026-09-09T09:49:57Z,[TURA 22 09.09.2026],1.63,true
12077,mazowieckie,nowodworski,Nowy Dwór Mazowiecki,gmina miejska,1414011,2021,ok_finalnie,pdf,tekst,https://archiwum.bip.nowydwormaz.pl/public/RAPORT%2bO%2bSTANIE%2bMIASTA%2bNOWY%2bDW%25C3%2593R%2bMAZOWIECKI%2b202138e5.pdf?id=554788,direct_without_tor,c175579272c2fe4a6a4340d579939cf7b784ca8f9a3ccb6822a7adb4ec751944,200,2026-09-09T09:49:57Z,[TURA 22 09.09.2026],1.657,true
12078,mazowieckie,nowodworski,Nowy Dwór Mazowiecki,gmina miejska,1414011,2022,ok_finalnie,pdf,tekst,https://archiwum.bip.nowydwormaz.pl/public/RAPORT%2bO%2bSTANIE%2bMIASTA%2bNOWY%2bDW%25C3%2593R%2bMAZOWIECKI%2b2022703b.pdf?id=572006,direct_without_tor,6246469936d5ab2ba5a59d93108f9f117506766a5f153488b5964c69aa8d4385,200,2026-09-09T09:49:57Z,[TURA 22 09.09.2026],0.776,true
12079,mazowieckie,nowodworski,Nowy Dwór Mazowiecki,gmina miejska,1414011,2023,ok_finalnie,pdf,tekst,https://archiwum.bip.nowydwormaz.pl/public/RAPORT%2bO%2bSTANIE%2bMIASTA%2bNOWY%2bDW%25C3%2593R%2bMAZOWIECKI%2b2023i02b8.pdf?id=590697,direct_without_tor,35d836a552579cdcb1e7b08aba97ccc31308fb7edb5b9240903fafdb7b2984cc,200,2026-09-09T09:49:57Z,[TURA 22 09.09.2026],0.91,true
12080,mazowieckie,nowodworski,Nowy Dwór Mazowiecki,gmina miejska,1414011,2024,ok_finalnie,pdf,tekst,"https://bip.nowydwormaz.pl/plik,4632,tresc-raportu-za-2024-rok-do-pobrania.pdf",direct_without_tor,26573f53efd38a6caf9ae4dc2ca3317a6ae0f79d36a58dc31939e5bab2a63296,200,2026-09-09T09:51:16Z,[TURA 22 09.09.2026],2.653,true
12081,mazowieckie,nowodworski,Nowy Dwór Mazowiecki,gmina miejska,1414011,2025,ok_finalnie,pdf,tekst,"https://bip.nowydwormaz.pl/plik,6407,tresc-raportu-za-2025-rok-do-pobrania.pdf",direct_without_tor,54e5c051fa249a400f7710ebf07ee878d3b9e97e4c481512260f1f01427a2cfd,200,2026-09-09T09:51:16Z,[TURA 22 09.09.2026],2.592,true
12082,mazowieckie,nowodworski,Czosnów,gmina wiejska,1414022,2018,nowy,,,,,,,,,,
12083,mazowieckie,nowodworski,Czosnów,gmina wiejska,1414022,2019,nowy,,,,,,,,,,
12084,mazowieckie,nowodworski,Czosnów,gmina wiejska,1414022,2020,nowy,,,,,,,,,,
12085,mazowieckie,nowodworski,Czosnów,gmina wiejska,1414022,2021,nowy,,,,,,,,,,
12086,mazowieckie,nowodworski,Czosnów,gmina wiejska,1414022,2022,ok_finalnie,pdf,tekst,https://czosnow.biuletyn.net/fls/bip_pliki/2023_08/BIPF602509C71766AZ/raport_o_stanie_gminy_za_2022_final.pdf,tor_pl_ip,0a010db6dede70c0cfe34e2ccd9513279c7da2e001e5967bbf9114ba3aa818b1,200,2026-09-08T19:42:01Z,,0.975,true
12087,mazowieckie,nowodworski,Czosnów,gmina wiejska,1414022,2023,ok_finalnie,pdf,raport,https://www.czosnow.pl/asp/pliki/2024_aktualnosci/raport_o_stanie_gminy_2023_x_ujednolicony_o_spis_tresci.pdf,http_get,1eba2008d614559feca9d3040333908c5e18fb326570dcdc60c2fbef147791db,200,2026-09-07 22:37:28,,0.761,
12088,mazowieckie,nowodworski,Czosnów,gmina wiejska,1414022,2024,ok_finalnie,pdf,raport,https://www.czosnow.pl/asp/pliki/2025_aktualnosci/raport_o_stanie_gminy_2025.pdf,http_get,77c6926b1986c4742fbee0c318cc377e8bf1f03e515efae57d6b1bb48785dc94,200,2026-09-07 22:37:26,,1.066,
12089,mazowieckie,nowodworski,Czosnów,gmina wiejska,1414022,2025,ok_finalnie,pdf,tekst,https://czosnow.biuletyn.net/fls/bip_pliki/2026_06/BIPF653B9C55D4DE5Z/raport_o_stanie_gminy_2026_.pdf,tor_pl_ip,102dae45e85ed9c5a4d101f5a9c650200fc211a2961390812a8e3176437f2f5b,200,2026-09-08T19:42:01Z,,1.575,true
12090,mazowieckie,nowodworski,Leoncin,gmina wiejska,1414032,2018,nowy,,,,,,,,,,
12091,mazowieckie,nowodworski,Leoncin,gmina wiejska,1414032,2019,nowy,,,,,,,,,,
12092,mazowieckie,nowodworski,Leoncin,gmina wiejska,1414032,2020,ok_finalnie,pdf,tekst,https://leoncin.pl/wp-content/uploads/2021/06/RAPORT-O-STANIE-GMINY-LEONCIN-ZA-2020-ROK.pdf,direct_without_tor,aa7fdd5ab3091b130a621cfc0638ca1bfc2b452d58b170f0e01f515b77148548,200,2026-09-08T19:43:14Z,,1.438,true
12093,mazowieckie,nowodworski,Leoncin,gmina wiejska,1414032,2021,ok_finalnie,pdf,skan+OCR,https://leoncin.pl/wp-content/uploads/2022/06/Raport-o-stanie-Gminy-Leoncin.pdf,direct_without_tor,8641dfc6e8a59ba8bd01e1f1c3835cf91b8e9534d0c1236e7f6f2172734ef754,200,2026-09-08T19:43:14Z,,14.278,true
12094,mazowieckie,nowodworski,Leoncin,gmina wiejska,1414032,2022,ok_finalnie,pdf,skan+OCR,https://www.leoncin.pl/wp-content/uploads/2023/06/Raport-o-stanie-gminy.pdf,direct_without_tor,ca4e80324b0b71fad601332c5fa4c9094a1e3d7afc1230b1ecc5780f102d044e,200,2026-09-08T19:43:14Z,,18.294,true
12095,mazowieckie,nowodworski,Leoncin,gmina wiejska,1414032,2023,nowy,,,,,,,,,,
12096,mazowieckie,nowodworski,Leoncin,gmina wiejska,1414032,2024,nowy,,,,,,,,,,
12097,mazowieckie,nowodworski,Leoncin,gmina wiejska,1414032,2025,nowy,,,,,,,,,,
12098,mazowieckie,nowodworski,Nasielsk,gmina miejsko-wiejska,1414043,2018,ok_finalnie,pdf,raport,https://bip.nasielsk.pl/files/file_add/download/29_raportostaniegminynasielskza2018rok31052019-1.pdf,http_get,d4255541dd1b51a43d38333ad6a999876d6930218fc2f43a78432b36e6d2a748,200,2026-09-08 12:30:51,,3.257,
12099,mazowieckie,nowodworski,Nasielsk,gmina miejsko-wiejska,1414043,2019,ok_finalnie,pdf,raport,https://bip.nasielsk.pl/files/file_add/download/27_raportostaniegminynasielskza2019rokmaj2020.pdf,http_get,b5707d6e600204c75ce333287ffd61ed162f5456731c61c24ced346ace847161,200,2026-09-08 12:30:51,,2.282,
12100,mazowieckie,nowodworski,Nasielsk,gmina miejsko-wiejska,1414043,2020,ok_finalnie,pdf,raport,https://bip.nasielsk.pl/files/file_add/download/25_raportostaniegminynasielsk26maja2021wersjaostateczna.pdf,http_get,fd4ee3869823a7ec19d38283f343b003eab7180919303a17542d39aad47b2f42,200,2026-09-08 12:30:51,,2.405,
12101,mazowieckie,nowodworski,Nasielsk,gmina miejsko-wiejska,1414043,2021,ok_finalnie,pdf,raport,https://bip.nasielsk.pl/files/file_add/download/24_raportostaniegminynasielskza2021rok23052022.pdf,http_get,0c5f213026eae8e51262baf94fb61c0fafa231c90fe7e989c38a40e2d878f4cd,200,2026-09-08 12:30:51,,3.274,
12102,mazowieckie,nowodworski,Nasielsk,gmina miejsko-wiejska,1414043,2022,ok_finalnie,pdf,raport,https://bip.nasielsk.pl/files/file_add/download/22_raportostaniegminynasielskza2022rokmaj2023wersjaostateczna.pdf,http_get,156a756426ceaf65ef50dd8b12d0436ce40b2476a0af168c18293075f531f796,200,2026-09-08 12:30:51,,3.335,
12103,mazowieckie,nowodworski,Nasielsk,gmina miejsko-wiejska,1414043,2023,ok_finalnie,pdf,tekst,https://web.archive.org/web/20240620174503id_/https://bip.nasielsk.pl/files/file_add/download/1205_raport-o-stanie-gminy_nasielsk-za-2023-rok_28-maja-2024_wersja-ostateczna.pdf,wayback_archive_copy,e55125054e0a94bc5047eaf75487f4a20e78b79fd983f9e83bf8bc911cdbb99c,200,2026-09-09T12:18:14Z,[TURA 22 09.09.2026] | KOREKTA: wejściowy wiersz ok wskazywał zgłoszenie do debaty (plik 1206) zamiast raportu; serwer BIP niedostępny – kopia Wayback,2.811,true
12104,mazowieckie,nowodworski,Nasielsk,gmina miejsko-wiejska,1414043,2024,ok_finalnie,pdf,raport,https://bip.nasielsk.pl/files/file_add/download/2920_raport-o-stanie-gminy-nasielsk-za-2024-rok.pdf,http_get,4b2e9193d8a40d2b02fd16d97b3dff764ab94a86cb81ba0e655f613eb42edfd6,200,2026-09-08 12:30:13,,2.308,
12105,mazowieckie,nowodworski,Nasielsk,gmina miejsko-wiejska,1414043,2025,ok_finalnie,pdf,raport,https://bip.nasielsk.pl/files/file_add/download/3745_raport-o-stanie-gminynasielsk-za-202527052026wersja-ostateczna.pdf,http_get,1f772ba5ac980faea8f95c4f8081fcc1a390d8bcb1fc5fac7ea2a466910a509f,200,2026-09-08 12:30:51,,2.707,
12106,mazowieckie,nowodworski,Pomiechówek,gmina wiejska,1414052,2018,nowy,,,,,,,,,,
12107,mazowieckie,nowodworski,Pomiechówek,gmina wiejska,1414052,2019,nowy,,,,,,,,,,
12108,mazowieckie,nowodworski,Pomiechówek,gmina wiejska,1414052,2020,nowy,,,,,,,,,,
12109,mazowieckie,nowodworski,Pomiechówek,gmina wiejska,1414052,2021,nowy,,,,,,,,,,
12110,mazowieckie,nowodworski,Pomiechówek,gmina wiejska,1414052,2022,ok_finalnie,pdf,tekst,https://pomiechowek.archiwum.bip.net.pl/pliki/2041/Raport_o_stanie_gminy_za_rok_2022.pdf,direct_without_tor,571f8f5e2b733b3f89fad763cd32615c3073157654fc447f45f5a664f7f043f3,200,2026-09-08T19:42:27Z,,15.15,true
12111,mazowieckie,nowodworski,Pomiechówek,gmina wiejska,1414052,2023,nowy,,,,,,,,,,
12112,mazowieckie,nowodworski,Pomiechówek,gmina wiejska,1414052,2024,nowy,,,,,,,,,,
12113,mazowieckie,nowodworski,Pomiechówek,gmina wiejska,1414052,2025,nowy,,,,,,,,,,
12114,mazowieckie,nowodworski,Zakroczym,gmina miejsko-wiejska,1414063,2018,ok_finalnie,pdf,tekst,https://zakroczym.archiwum.bip.net.pl/pliki/46/RAPORT_O_STANIE_GMINY_ZA_2018_ROK.pdf,direct_without_tor,2dc9eda9cb76136894ab2cd689f4c8cfe9a1e46757741b7b5bb1a70b929b1429,200,2026-09-08T17:48:48Z,,2.989,true
12115,mazowieckie,nowodworski,Zakroczym,gmina miejsko-wiejska,1414063,2019,ok_finalnie,docx,tekst,https://zakroczym.archiwum.bip.net.pl/pliki/920/Raport_o_stanie_gminy_Zakroczym_za_2019_r..docx,direct_without_tor,b46b1b519f137fd2cd66cb8fa62e9bf6439e3711cefda8a858acb0b786cf3e4a,200,2026-09-08T17:48:48Z,,7.612,true
12116,mazowieckie,nowodworski,Zakroczym,gmina miejsko-wiejska,1414063,2020,ok_finalnie,pdf,tekst,https://zakroczym.archiwum.bip.net.pl/pliki/2162/3_Raport_o_stanie_gminy_Zakroczym_za_2020_rok.pdf,direct_without_tor,4315f49d0b4453a4f8cd765e7fb32438e082086dc4cd301fc1d4b64bef9379bb,200,2026-09-08T17:48:48Z,,3.669,true
12117,mazowieckie,nowodworski,Zakroczym,gmina miejsko-wiejska,1414063,2021,ok_finalnie,pdf,tekst,https://zakroczym.archiwum.bip.net.pl/pliki/3618/Raport_o_stanie_gminy_za_2021_r.pdf,direct_without_tor,72fa32a9d34d6ebb025adeaab8493bb451c218532baca8fec6d513a928639fb8,200,2026-09-08T17:48:48Z,,6.463,true
12118,mazowieckie,nowodworski,Zakroczym,gmina miejsko-wiejska,1414063,2022,ok_finalnie,pdf,raport,https://zakroczym.archiwum.bip.net.pl/pliki/4999/8_-_Raport_o_stanie_gminy_Zakroczym_za_2022.pdf,bip_http_get,3a83df09c5b02df3b826e9acf9fdff93aec0e77fbe2b59e17b62d529fbab1642,200,2026-09-07 22:26:14,,7.492,
12119,mazowieckie,nowodworski,Zakroczym,gmina miejsko-wiejska,1414063,2023,ok_finalnie,pdf,raport,https://zakroczym.pl/wp-content/uploads/2024/06/Raport-o-stanie-gminy-Zakroczym-za-2023-28-marca.pdf,http_get,b9aeb080de9808bef63afca2b1e1f4674accc45fd7ad8d307e69026ac6f1eace,200,2026-09-07 22:26:14,,13.311,
12120,mazowieckie,nowodworski,Zakroczym,gmina miejsko-wiejska,1414063,2024,nowy,,,,,,,,,,
12121,mazowieckie,nowodworski,Zakroczym,gmina miejsko-wiejska,1414063,2025,nowy,,,,,,,,,,
12122,mazowieckie,otwocki,-,-,1417,2018,nowy,,,,,,,,,,
12123,mazowieckie,otwocki,-,-,1417,2019,nowy,,,,,,,,,,
12124,mazowieckie,otwocki,-,-,1417,2020,nowy,,,,,,,,,,
12125,mazowieckie,otwocki,-,-,1417,2021,nowy,,,,,,,,,,
12126,mazowieckie,otwocki,-,-,1417,2022,nowy,,,,,,,,,,
12127,mazowieckie,otwocki,-,-,1417,2023,nowy,,,,,,,,,,
12128,mazowieckie,otwocki,-,-,1417,2024,nowy,,,,,,,,,,
12129,mazowieckie,otwocki,-,-,1417,2025,nowy,,,,,,,,,,
12130,mazowieckie,otwocki,Józefów,gmina miejska,1417011,2018,ok_finalnie,pdf,raport,https://jozefow.bip.eur.pl/public/getFile?id=532298,http_get,958f19d932318cda7e02b735a5defb162c0e7ba5a448919e5ef036e61055fca1,200,2026-09-08 09:20:07,,4.887,
12131,mazowieckie,otwocki,Józefów,gmina miejska,1417011,2019,ok_finalnie,pdf,raport,https://jozefow.bip.eur.pl/public/getFile?id=532297,http_get,e19349fa7b995d0676ee6872bcd8d5dfa6785f7d9ab553fdd70941e21ec5b6a8,200,2026-09-08 09:20:07,,33.110,
12132,mazowieckie,otwocki,Józefów,gmina miejska,1417011,2020,ok_finalnie,pdf,raport,https://jozefow.bip.eur.pl/public/getFile?id=532296,http_get,b19ac850803c26f58e14509014aa9c062b1ff8dccab7fee2d6884c943415a1b8,200,2026-09-08 09:20:07,,52.501,
12133,mazowieckie,otwocki,Józefów,gmina miejska,1417011,2021,ok_finalnie,pdf,raport,https://jozefow.bip.eur.pl/public/getFile?id=557475,http_get,e9ee287c493fd0c137742cf6f139ecfdd4c9fbc958495c4764dd1ee0a6bb2465,200,2026-09-08 09:20:07,,70.447,
12134,mazowieckie,otwocki,Józefów,gmina miejska,1417011,2022,ok_finalnie,pdf,raport,https://jozefow.bip.eur.pl/public/getFile?id=572443,http_get,38d8b4447c75a73c209da8f7e84ac4ff91b23fe8693d30c9542a0517a2c8d09c,200,2026-09-08 09:20:07,,6.576,
12135,mazowieckie,otwocki,Józefów,gmina miejska,1417011,2023,ok_finalnie,pdf,raport,https://jozefow.bip.eur.pl/public/getFile?id=590142,http_get,a6fef39e7cc40f5e143b92d223570a3fc7b21d04e9d3609f93c579226d995875,200,2026-09-08 09:20:07,,6.247,
12136,mazowieckie,otwocki,Józefów,gmina miejska,1417011,2024,ok_finalnie,pdf,raport,https://jozefow.bip.eur.pl/public/getFile?id=610916,http_get,65acb464f921786c978b23ea58cd7d0ce55cc816dff4f6dac7e0636b8a9fc9ca,200,2026-09-08 09:20:07,,19.809,
12137,mazowieckie,otwocki,Józefów,gmina miejska,1417011,2025,ok_finalnie,pdf,raport,https://jozefow.bip.eur.pl/public/getFile?id=623522,http_get,83ed0cd19a66a99c185c358c42b01f7b1b48ef47e0fa7b50f8cffcca37a91ba6,200,2026-09-08 09:20:07,,9.773,
12138,mazowieckie,otwocki,Otwock,gmina miejska,1417021,2018,nowy,,,,,,,,,,
12139,mazowieckie,otwocki,Otwock,gmina miejska,1417021,2019,ok_finalnie,pdf,tekst,https://otwock.pl/pages/Otwock_raport_o_stanie_miasta_2019.pdf,direct_without_tor,2d33da6a7b13c783efc1e402615e00aa62af4b9ad1b71116c63e003ccfcc0647,200,2026-09-08T17:49:12Z,,7.031,true
12140,mazowieckie,otwocki,Otwock,gmina miejska,1417021,2020,ok_finalnie,pdf,tekst,https://otwock.pl/pages/Otwock_raport_o_stanie_miasta_2020.pdf,direct_without_tor,6c5dc4d1a7f1ef1260db359cf085a9932bf21a4ba3e5ed5102f5934774ed6472,200,2026-09-08T17:49:12Z,,10.371,true
12141,mazowieckie,otwocki,Otwock,gmina miejska,1417021,2021,ok_finalnie,pdf,tekst,https://otwock.pl/pages/Otwock_raport_o_stanie_miasta_2021.pdf,direct_without_tor,89c353a22e5078352e851cb96814ac969395b991951f93ff48f06e68dd1c3ebd,200,2026-09-08T17:49:12Z,,14.113,true
12142,mazowieckie,otwocki,Otwock,gmina miejska,1417021,2022,ok_finalnie,pdf,tekst,https://otwock.pl/pages/Otwock_raport_o_stanie_miasta_2022.pdf,direct_without_tor,0ddee85ac77fa6563c2379908a2b90bf0ff32c8b1c4e8753ebdb98933ce148ab,200,2026-09-08T17:49:12Z,,9.609,true
12143,mazowieckie,otwocki,Otwock,gmina miejska,1417021,2023,ok_finalnie,pdf,tekst,https://otwock.pl/pages/Otwock_raport_o_stanie_gminy_2023.pdf,otwock.pl direct PDF,fce50594d05c70d5989baa07e7dfb242cd355072b88b372f9da34d563cc258df,200,2026-09-07T21:11:58Z,,6.128,true
12144,mazowieckie,otwocki,Otwock,gmina miejska,1417021,2024,ok_finalnie,pdf,tekst,https://otwock.pl/pages/Otwock_raport_o_stanie_gminy_2024.pdf,otwock.pl direct PDF,26f755339f867453114cc87a69faa9bd2cc504a062a7c8261b27945aeb82985d,200,2026-09-07T21:11:58Z,,6.687,true
12145,mazowieckie,otwocki,Otwock,gmina miejska,1417021,2025,nowy,,,,,,,,,,
12146,mazowieckie,otwocki,Celestynów,gmina wiejska,1417032,2018,ok_finalnie,pdf,raport,https://bip.celestynow.pl/public/get_file.php?id=475547,bip_http_get,912905c5a64e292d34ca7f34c93551751bfb2951196a2e8dfcf88d935e7ce1a4,200,2026-09-07 23:18:55,,1.441,
12147,mazowieckie,otwocki,Celestynów,gmina wiejska,1417032,2019,ok_finalnie,pdf,raport,https://bip.celestynow.pl/public/get_file.php?id=505221,bip_http_get,fe120239506814fc0ac39883b15d2345a27293a794da8f8c32313a6ddcfc2784,200,2026-09-07 23:18:58,,10.595,
12148,mazowieckie,otwocki,Celestynów,gmina wiejska,1417032,2020,ok_finalnie,pdf,raport,https://bip.celestynow.pl/public/get_file.php?id=532688,bip_http_get,89b9be16bc12260a50f0be255d726e9edffd472f1f5ed638234de594f6ad4a83,200,2026-09-07 23:19:02,,16.751,
12149,mazowieckie,otwocki,Celestynów,gmina wiejska,1417032,2021,ok_finalnie,pdf,raport,https://bip.celestynow.pl/public/get_file.php?id=554328,bip_http_get,c67d1cc27be72bf0b9ea983214557cf9bff0d9a27f9a11d74a743584eff83735,200,2026-09-07 23:19:06,,22.364,
12150,mazowieckie,otwocki,Celestynów,gmina wiejska,1417032,2022,ok_finalnie,pdf,raport,https://bip.celestynow.pl/public/get_file.php?id=572399,bip_http_get,f7e43379591f0a7df02547736cfe1ce958dc4b572568d3672a2817ef6013dc0c,200,2026-09-07 23:19:12,,29.114,
12151,mazowieckie,otwocki,Celestynów,gmina wiejska,1417032,2023,ok_finalnie,pdf,raport,https://bip.celestynow.pl/public/get_file.php?id=589802,bip_http_get,801eb675503d6fda070b1c47fa0511a67565acd444295ccf235f013c357142e2,200,2026-09-07 23:19:17,,39.686,
12152,mazowieckie,otwocki,Celestynów,gmina wiejska,1417032,2024,ok_finalnie,pdf,raport,https://bip.celestynow.pl/public/get_file.php?id=608464,bip_http_get,223b94868c5d34d3719e702bef1cfe207cc704eb72e637dfa6247ec41a615e61,200,2026-09-07 23:19:21,,13.553,
12153,mazowieckie,otwocki,Celestynów,gmina wiejska,1417032,2025,ok_finalnie,pdf,raport,https://bip.celestynow.pl/public/get_file.php?id=623130,bip_http_get,382571933bac4e040b31f7154f5f3a34f2d64acc8abc1d98d29a6f737e220127,200,2026-09-07 23:19:24,,8.279,
12154,mazowieckie,otwocki,Karczew,gmina miejsko-wiejska,1417043,2018,nowy,,,,,,,,,,
12155,mazowieckie,otwocki,Karczew,gmina miejsko-wiejska,1417043,2019,nowy,,,,,,,,,,
12156,mazowieckie,otwocki,Karczew,gmina miejsko-wiejska,1417043,2020,nowy,,,,,,,,,,
12157,mazowieckie,otwocki,Karczew,gmina miejsko-wiejska,1417043,2021,nowy,,,,,,,,,,
12158,mazowieckie,otwocki,Karczew,gmina miejsko-wiejska,1417043,2022,nowy,,,,,,,,,,
12159,mazowieckie,otwocki,Karczew,gmina miejsko-wiejska,1417043,2023,nowy,,,,,,,,,,
12160,mazowieckie,otwocki,Karczew,gmina miejsko-wiejska,1417043,2024,nowy,,,,,,,,,,
12161,mazowieckie,otwocki,Karczew,gmina miejsko-wiejska,1417043,2025,ok_finalnie,pdf,tekst+skan,https://bip.karczew.pl/fls/bip_pliki/2026_06/BIPF654D84B605324Z/raport_o_stanie_gminy_za_2025.pdf,tor_pl_ip,cafbb4ddef159e39ae0deb4abf712b5fefc4bc1a37a9c21ae326709dff281512,200,2026-09-08T19:52:41Z,,200.356,true
12162,mazowieckie,otwocki,Kołbiel,gmina wiejska,1417052,2018,ok_finalnie,pdf,tekst,https://www.kolbiel.pl/asp/pliki/2019/raport_o_stanie_gminy_2018.pdf,direct_without_tor,37b8030923af5028f956b6062487969073b76c3dfb4a59aee44850e6c34bb248,200,2026-09-08T17:49:24Z,,4.349,true
12163,mazowieckie,otwocki,Kołbiel,gmina wiejska,1417052,2019,ok_finalnie,pdf,tekst,https://www.kolbiel.pl/asp/pliki/2020/raport_o_stanie_gminy_kolbiel_za_2019.pdf,direct_without_tor,c4b92195d44b4127a6766869061f54cc84eedd960218fd6f66f9809f0a7ed548,200,2026-09-08T17:49:24Z,,4.007,true
12164,mazowieckie,otwocki,Kołbiel,gmina wiejska,1417052,2020,ok_finalnie,pdf,tekst,https://www.kolbiel.pl/asp/pliki/2021/raport_za_2020_rok_-_2.pdf,direct_without_tor,2a69b13d0b35bf7700728f4cc238729f19ce6bceb688c0b42aa122e2693d9ff2,200,2026-09-08T17:49:24Z,,4.918,true
12165,mazowieckie,otwocki,Kołbiel,gmina wiejska,1417052,2021,ok_finalnie,pdf,tekst,https://www.kolbiel.pl/asp/pliki/2021/raport_o_stanie_gminy_kolbiel_za_2021_rok.pdf,direct_without_tor,5c54035c6589af886dc5222b228464969724e14533adaa22d9232034fa71c1db,200,2026-09-08T17:49:24Z,,7.609,true
12166,mazowieckie,otwocki,Kołbiel,gmina wiejska,1417052,2022,ok_finalnie,pdf,tekst,https://www.kolbiel.pl/asp/pliki/2021/raport_o_stanie_gminy_kolbiel_za_2022_rok2.pdf,direct_without_tor,312e70446ce32d381e403ab2ae66d340eedf7fa12cfae85efa5810361a0567e2,200,2026-09-08T17:49:24Z,,6.238,true
12167,mazowieckie,otwocki,Kołbiel,gmina wiejska,1417052,2023,ok_finalnie,pdf,tekst,https://www.kolbiel.pl/asp/pliki/2021/raport_o_stanie_gminy_kolbiel_za_2023_rok.pdf,direct_without_tor,617c6c9fa4f522a3c31dbac0e9eb15be8480a3a37fc0935fbd2140b12572985b,200,2026-09-08T17:49:24Z,,4.601,true
12168,mazowieckie,otwocki,Kołbiel,gmina wiejska,1417052,2024,ok_finalnie,pdf,tekst,https://www.kolbiel.pl/asp/pliki/2021/3-raport_o_stanie_gminy_za_2024_rok.pdf,direct_without_tor,172f1e9e4b9a6088e150b22ad0477ce9e7e94ca9bc8da21bbf0b6aa807f6b341,200,2026-09-08T17:49:24Z,,17.294,true
12169,mazowieckie,otwocki,Kołbiel,gmina wiejska,1417052,2025,nowy,,,,,,,,,,
12170,mazowieckie,otwocki,Osieck,gmina wiejska,1417062,2018,ok_finalnie,pdf,tekst,https://osieck.biuletyn.net/fls/bip_pliki/2021_12/BIPF5D229F4AC94F5Z/RAPORT_O_STANIE_GMINY_2018.pdf,tor_pl_ip,35e4b888846e91860a71a196d9b6847fa6c7c7da045908cc9f6b456c1c358799,200,2026-09-09T07:38:35Z,,3.77,true
12171,mazowieckie,otwocki,Osieck,gmina wiejska,1417062,2019,ok_finalnie,pdf,tekst,https://osieck.biuletyn.net/fls/bip_pliki/2021_12/BIPF5D229F49A6E97Z/Raport_o_stanie_gminy_2019.pdf,tor_pl_ip,5fb5b9e002df761ba0447711590a30ba6853a37b447b268c5c6ad2af5d5da551,200,2026-09-09T07:38:35Z,,3.834,true
12172,mazowieckie,otwocki,Osieck,gmina wiejska,1417062,2020,ok_finalnie,pdf,tekst,https://osieck.biuletyn.net/fls/bip_pliki/2021_12/BIPF5D229F4A34574Z/Raport_o_stanie_gminy_za_2020_r.pdf,tor_pl_ip,6e5256b5eff275855c599dfdc968a905fcc453dbf79912a2af292632349fa78a,200,2026-09-09T07:38:35Z,,3.247,true
12173,mazowieckie,otwocki,Osieck,gmina wiejska,1417062,2021,ok_finalnie,pdf,tekst,https://osieck.biuletyn.net/fls/bip_pliki/2022_05/BIPF5E04EC1999D70Z/Raport_o_stanie_gminy_za_2021_.pdf,tor_pl_ip,699c392e45233d7631bb9e86b1d68f6aec07411e8e38b416e2e2d8c2da1c6667,200,2026-09-09T07:38:35Z,,8.04,true
12174,mazowieckie,otwocki,Osieck,gmina wiejska,1417062,2022,ok_finalnie,pdf,tekst,https://osieck.biuletyn.net/fls/bip_pliki/2023_05/BIPF5FCF7DEC8A68DZ/RAPORT_O_STANIE_GMINY_OSIECK_2022.pdf,tor_pl_ip,f34be1f1354b51e5b09fccc5904d18758e4f00fb565d1222cee51c4b2e7de8f9,200,2026-09-09T07:38:35Z,,5.281,true
12175,mazowieckie,otwocki,Osieck,gmina wiejska,1417062,2023,ok_finalnie,pdf,tekst,https://osieck.biuletyn.net/fls/bip_pliki/2024_05/BIPF6199800B0D401Z/RAPORT_O_STANIE_GMINY_OSIECK_2023.pdf,tor_pl_ip,533df956e8d6a0c62bd77f59789f4eeb5fb0e62de6135ee666c2d8e54b7c7a71,200,2026-09-09T07:38:35Z,,6.52,true
12176,mazowieckie,otwocki,Osieck,gmina miejsko-wiejska,1417063,2024,ok_finalnie,pdf,tekst,https://osieck.biuletyn.net/fls/bip_pliki/2025_05/BIPF636314BE303C9Z/RAPORT_O_STANIE_GMINY_OSIECK_2024_Ost.pdf,tor_pl_ip,f040a210cd88b996c06a05722e458f98af6a511c69b0ad8d5e7f8927f9e54800,200,2026-09-08T19:45:51Z,,16.508,true
12177,mazowieckie,otwocki,Osieck,gmina miejsko-wiejska,1417063,2025,ok_finalnie,pdf,skan+OCR,https://osieck.biuletyn.net/fls/bip_pliki/2026_05/BIPF652F3DFD47505Z/Raport_o_stanie_Miasta_i_Gminy_Osieck_za_2025_rok.pdf,tor_pl_ip,20f32bc825e252b26939f77dae70c83f2d006535dd1ef92abd467a6af0b625ce,200,2026-09-09T07:38:35Z,,11.053,true
12178,mazowieckie,otwocki,Sobienie-Jeziory,gmina wiejska,1417072,2018,nowy,,,,,,,,,,
12179,mazowieckie,otwocki,Sobienie-Jeziory,gmina wiejska,1417072,2019,nowy,,,,,,,,,,
12180,mazowieckie,otwocki,Sobienie-Jeziory,gmina wiejska,1417072,2020,nowy,,,,,,,,,,
12181,mazowieckie,otwocki,Sobienie-Jeziory,gmina wiejska,1417072,2021,nowy,,,,,,,,,,
12182,mazowieckie,otwocki,Sobienie-Jeziory,gmina wiejska,1417072,2022,ok_finalnie,pdf,tekst,https://sobienie-jeziory.biuletyn.net/fls/bip_pliki/2023_05/BIPF5FCFA1DEB4775Z/2023.05.31_Raport_o_stanie_Gminy_Sobienie-Jeziory_2022.pdf,tor_pl_ip,e0c68c3beee0fa890798e82d37f5c19c25b8c1ca2b2e4a8f8e88a459e44fe790,200,2026-09-08T19:44:19Z,,6.876,true
12183,mazowieckie,otwocki,Sobienie-Jeziory,gmina wiejska,1417072,2023,ok_finalnie,pdf,tekst,https://sobienie-jeziory.biuletyn.net/fls/bip_pliki/2024_06/BIPF619FDAEAB848EZ/2024.06.03_Raport_2023_poprawiony.pdf,tor_pl_ip,70e26489f7b664549de49945bfef43d5b1708c54e757ba68c0bcd932feab3827,200,2026-09-08T19:44:19Z,,3.846,true
12184,mazowieckie,otwocki,Sobienie-Jeziory,gmina wiejska,1417072,2024,ok_finalnie,pdf,tekst,https://sobienie-jeziory.biuletyn.net/fls/bip_pliki/2025_06/BIPF6369308EECFE2Z/Raport_2024.pdf,tor_pl_ip,b1bb813820ba7059cc187ed907b9ed636a697244620324a06ec0416b3f11da69,200,2026-09-08T19:44:19Z,,3.921,true
12185,mazowieckie,otwocki,Sobienie-Jeziory,gmina wiejska,1417072,2025,ok_finalnie,pdf,tekst,https://sobienie-jeziory.biuletyn.net/fls/bip_pliki/2026_06/BIPF6532F39793DF1Z/Raport_2025.pdf,tor_pl_ip,f44e201fb52ae522194fcf44d87db960b87e24780c19440bad75e48a1ac400e7,200,2026-09-08T19:44:19Z,,3.163,true
12186,mazowieckie,otwocki,Wiązowna,gmina wiejska,1417082,2018,ok_finalnie,pdf,tekst,https://tuwiazowna.pl/wp-content/uploads/2019/05/RAPORT-O-STANIE-MIENIA-GMINY-ZA-2018-R..pdf,direct_without_tor,c001e7ab6fb79c6417b49068080dd9280783dcbe3a10e29f4e153a01a1912e79,200,2026-09-08T19:45:00Z,,6.788,true
12187,mazowieckie,otwocki,Wiązowna,gmina wiejska,1417082,2019,ok_finalnie,pdf,tekst,"https://bip.wiazowna.pl/Download/get/id,51976.json",direct_without_tor,9eadf6f7197e660fc7e09a52f03c543723371f26dca6bc64fdf3bf1b8a331cc3,200,2026-09-09T09:59:47Z,"[TURA 22 09.09.2026] | UWAGA forma: Gmina Wiązowna publikuje raport o stanie gminy w formie wydania biuletynu samorządowego 'Powiązania' (ok. 40 s.) + osobny wykaz załączników (realizacja uchwał, programy, strategie); plik jest oficjalnie oznaczony w BIP (menu 'Sprawozdawczość > Raport o stanie Gminy Wiązowna') jako 'Raport o stanie Gminy Wiązowna za 2019 rok' i był przedmiotem debaty/wotum zaufania; przyjęto jako raport (dokument główny)",11.403,true
12188,mazowieckie,otwocki,Wiązowna,gmina wiejska,1417082,2020,ok_finalnie,pdf,tekst,"https://bip.wiazowna.pl/e,pobierz,get.html?id=74782",direct_without_tor,0973eb61dc3cb371d1fc430c697c4c2099732dc4e796a248e87914dd7723a2bd,200,2026-09-09T09:59:47Z,"[TURA 22 09.09.2026] | UWAGA forma: Gmina Wiązowna publikuje raport o stanie gminy w formie wydania biuletynu samorządowego 'Powiązania' (ok. 40 s.) + osobny wykaz załączników (realizacja uchwał, programy, strategie); plik jest oficjalnie oznaczony w BIP (menu 'Sprawozdawczość > Raport o stanie Gminy Wiązowna') jako 'Raport o stanie Gminy Wiązowna za 2020 rok' i był przedmiotem debaty/wotum zaufania; przyjęto jako raport (dokument główny)",11.795,true
12189,mazowieckie,otwocki,Wiązowna,gmina wiejska,1417082,2021,ok_finalnie,pdf,tekst,"https://bip.wiazowna.pl/e,pobierz,get.html?id=77295",direct_without_tor,5c101997e432a4281a37ac26a5342b5700dc47682215a30b599e25dbce94b105,200,2026-09-09T07:38:57Z,"[TURA 22 09.09.2026] | UWAGA forma: Gmina Wiązowna publikuje raport o stanie gminy w formie wydania biuletynu samorządowego 'Powiązania' (ok. 40 s.) + osobny wykaz załączników (realizacja uchwał, programy, strategie); plik jest oficjalnie oznaczony w BIP (menu 'Sprawozdawczość > Raport o stanie Gminy Wiązowna') jako 'Raport o stanie Gminy Wiązowna za 2021 rok' i był przedmiotem debaty/wotum zaufania; przyjęto jako raport (dokument główny)",11.764,true
12190,mazowieckie,otwocki,Wiązowna,gmina wiejska,1417082,2022,ok_finalnie,pdf,tekst,"https://bip.wiazowna.pl/e,pobierz,get.html?id=79622",direct_without_tor,0b82293ee9cd7dd4ef5781b5f3ae7bfd181d045bf25e48685d19c84c17f24b4d,200,2026-09-09T09:59:47Z,"[TURA 22 09.09.2026] | UWAGA forma: Gmina Wiązowna publikuje raport o stanie gminy w formie wydania biuletynu samorządowego 'Powiązania' (ok. 40 s.) + osobny wykaz załączników (realizacja uchwał, programy, strategie); plik jest oficjalnie oznaczony w BIP (menu 'Sprawozdawczość > Raport o stanie Gminy Wiązowna') jako 'Raport o stanie Gminy Wiązowna za 2022 rok' i był przedmiotem debaty/wotum zaufania; przyjęto jako raport (dokument główny)",10.315,true
12191,mazowieckie,otwocki,Wiązowna,gmina wiejska,1417082,2023,ok_finalnie,pdf,tekst,"https://bip.wiazowna.pl/e,pobierz,get.html?id=82014",direct_without_tor,6ec6829b545db3c139400bc64fd728b78e02c5614ffdc64c203550df76c11789,200,2026-09-09T09:59:47Z,"[TURA 22 09.09.2026] | UWAGA forma: Gmina Wiązowna publikuje raport o stanie gminy w formie wydania biuletynu samorządowego 'Powiązania' (ok. 40 s.) + osobny wykaz załączników (realizacja uchwał, programy, strategie); plik jest oficjalnie oznaczony w BIP (menu 'Sprawozdawczość > Raport o stanie Gminy Wiązowna') jako 'Raport o stanie Gminy Wiązowna za 2023 rok' i był przedmiotem debaty/wotum zaufania; przyjęto jako raport (dokument główny)",15.862,true
12192,mazowieckie,otwocki,Wiązowna,gmina wiejska,1417082,2024,ok_finalnie,pdf,tekst,"https://bip.wiazowna.pl/e,pobierz,get.html?id=84470",direct_without_tor,f5046af4bcaade1579cd494fe302534ab2c7a3e96b789a7a70321d4b8f4cf260,200,2026-09-09T07:38:57Z,"[TURA 22 09.09.2026] | UWAGA forma: Gmina Wiązowna publikuje raport o stanie gminy w formie wydania biuletynu samorządowego 'Powiązania' (ok. 40 s.) + osobny wykaz załączników (realizacja uchwał, programy, strategie); plik jest oficjalnie oznaczony w BIP (menu 'Sprawozdawczość > Raport o stanie Gminy Wiązowna') jako 'Raport o stanie Gminy Wiązowna za 2024 rok' i był przedmiotem debaty/wotum zaufania; przyjęto jako raport (dokument główny)",9.005,true
12193,mazowieckie,otwocki,Wiązowna,gmina wiejska,1417082,2025,ok_finalnie,pdf,tekst,"https://bip.ugwiazowna.nv.pl/e,pobierz,get.html?id=86779",direct_without_tor,1d3466b5b43b7e1aa44945b2c394c8bc363c98f315307b368619e6790685c0da,200,2026-09-09T07:38:57Z,"[TURA 22 09.09.2026] | UWAGA forma: Gmina Wiązowna publikuje raport o stanie gminy w formie wydania biuletynu samorządowego 'Powiązania' (ok. 40 s.) + osobny wykaz załączników (realizacja uchwał, programy, strategie); plik jest oficjalnie oznaczony w BIP (menu 'Sprawozdawczość > Raport o stanie Gminy Wiązowna') jako 'Raport o stanie Gminy Wiązowna za 2025 rok' i był przedmiotem debaty/wotum zaufania; przyjęto jako raport (dokument główny)",17.637,true
12194,mazowieckie,piaseczyński,-,-,1418,2018,nowy,,,,,,,,,,
12195,mazowieckie,piaseczyński,-,-,1418,2019,nowy,,,,,,,,,,
12196,mazowieckie,piaseczyński,-,-,1418,2020,nowy,,,,,,,,,,
12197,mazowieckie,piaseczyński,-,-,1418,2021,nowy,,,,,,,,,,
12198,mazowieckie,piaseczyński,-,-,1418,2022,nowy,,,,,,,,,,
12199,mazowieckie,piaseczyński,-,-,1418,2023,nowy,,,,,,,,,,
12200,mazowieckie,piaseczyński,-,-,1418,2024,nowy,,,,,,,,,,
12201,mazowieckie,piaseczyński,-,-,1418,2025,nowy,,,,,,,,,,
12202,mazowieckie,piaseczyński,Góra Kalwaria,gmina miejsko-wiejska,1418013,2018,ok_finalnie,pdf,tekst,http://www.archiwumbip.gorakalwaria.pl/bip.gorakalwaria.pl/public/2019%20Raport%20o%20stanie%20gminy1350.pdf?id=470938,direct_without_tor,3d17d855eaab0f25e1f3ec6d2f09a91f325938beffbeec0e28e9e027638f810e,200,2026-09-08T19:48:02Z,,1.293,true
12203,mazowieckie,piaseczyński,Góra Kalwaria,gmina miejsko-wiejska,1418013,2019,ok_finalnie,pdf,tekst,http://www.archiwumbip.gorakalwaria.pl/bip.gorakalwaria.pl/public/1%20RAPORT%20o%20stanie%20Gminy%20za%202019%20r3a8f.pdf?id=504436,direct_without_tor,81015e2bd4dea1cf62c063db5c74d43270713017cd7c309d01b1970f0ed69ff7,200,2026-09-08T19:48:02Z,,2.646,true
12204,mazowieckie,piaseczyński,Góra Kalwaria,gmina miejsko-wiejska,1418013,2020,ok_finalnie,pdf,raport,https://bip-v1-files.idcom-jst.pl/sites/47313/wiadomosci/573897/files/raport_o_stanie_gminy_za_rok_2020.pdf,http_get,084a5229968e0562088504b92dc1f9ccb14a841744314650fd64496cd9a8b4a2,200,2026-09-08 12:20:35,,2.794,
12205,mazowieckie,piaseczyński,Góra Kalwaria,gmina miejsko-wiejska,1418013,2021,ok_finalnie,pdf,raport,https://bip-v1-files.idcom-jst.pl/sites/47313/wiadomosci/632938/files/raport_o_stanie_gminy_za_rok_2021.pdf,http_get,ee3a97bc53d8c86fc4456e9deb7a151972c71d135af0adb971e38b35712c21d0,200,2026-09-08 12:20:35,,2.941,
12206,mazowieckie,piaseczyński,Góra Kalwaria,gmina miejsko-wiejska,1418013,2022,ok_finalnie,pdf,raport,https://bip-v1-files.idcom-jst.pl/sites/47313/wiadomosci/691392/files/raport_o_stanie_gminy_za_rok_2022_v_ost.pdf,http_get,1c18d98c2930754c7ad4018a1900b433da92aadcbfafe98cca76530557ba3be1,200,2026-09-08 12:20:35,,3.760,
12207,mazowieckie,piaseczyński,Góra Kalwaria,gmina miejsko-wiejska,1418013,2023,ok_finalnie,pdf,raport,https://bip-v1-files.idcom-jst.pl/sites/47313/wiadomosci/758577/files/raport_o_stanie_gminy_za_rok_2023_v_ost.pdf,http_get,6e6c92cf9314065cf0c21b21fd31334670b345dcc4b9f068bf70ef7122531c17,200,2026-09-08 12:21:56,,3.505,
12208,mazowieckie,piaseczyński,Góra Kalwaria,gmina miejsko-wiejska,1418013,2024,ok_finalnie,pdf,raport,https://bip-v1-files.idcom-jst.pl/sites/47313/wiadomosci/825327/files/raport_o_stanie_gminy_za_rok_2024_v_ost.pdf,http_get,9166c42b21eeba4975f8670939993419e6a3976d873a1983fc381c092f56cc41,200,2026-09-08 12:20:35,,3.064,
12209,mazowieckie,piaseczyński,Góra Kalwaria,gmina miejsko-wiejska,1418013,2025,ok_finalnie,pdf,raport,https://bip-v1-files.idcom-jst.pl/sites/47313/wiadomosci/886767/files/raport_o_stanie_gminy_za_rok_2025_v_ost.pdf,http_get,2dc3dfa4547e5d2640a1ee894c26c84ec75de372eb20c59ffae2052d18ba8679,200,2026-09-08 12:20:35,,3.771,
12210,mazowieckie,piaseczyński,Konstancin-Jeziorna,gmina miejsko-wiejska,1418023,2018,ok_finalnie,pdf,raport,https://www.konstancinjeziorna.pl/sites/default/files/2021-05/Raport%20o%20stanie%20Gminy%20Konstancin-Jeziorna%20w%202018%20roku.pdf,http_get,c3c24f73ffffab03f7ab181c12ae79ba9de9f7e6fec1bf9080a357f21c1b5c91,200,2026-09-07 22:28:32,,4.567,
12211,mazowieckie,piaseczyński,Konstancin-Jeziorna,gmina miejsko-wiejska,1418023,2019,ok_finalnie,pdf,raport,https://www.konstancinjeziorna.pl/sites/default/files/2023-05/raport_gmina_2019.pdf,http_get,36cd9b441c2f9251d61443ecdb0efa1941be9d39634b6ce5afb9069385d13f7e,200,2026-09-07 22:28:32,,19.234,
12212,mazowieckie,piaseczyński,Konstancin-Jeziorna,gmina miejsko-wiejska,1418023,2020,ok_finalnie,pdf,raport,https://www.konstancinjeziorna.pl/sites/default/files/2021-06/Raport.pdf,http_get,4d7c7fc24dc608643e672f1deb85d03108a6c6262cd089863e61c669b0a989ea,200,2026-09-07 22:28:32,,7.141,
12213,mazowieckie,piaseczyński,Konstancin-Jeziorna,gmina miejsko-wiejska,1418023,2021,ok_finalnie,pdf,raport,https://www.konstancinjeziorna.pl/sites/default/files/2023-02/raport%20o%20stanie%20gminy%202021.pdf,http_get,344e62f2b03685ae75e8f7e8c5b49b522cb698811f6388d70bb57ca99dad7226,200,2026-09-07 22:28:32,,24.904,
12214,mazowieckie,piaseczyński,Konstancin-Jeziorna,gmina miejsko-wiejska,1418023,2022,ok_finalnie,pdf,raport,https://www.konstancinjeziorna.pl/sites/default/files/2023-05/raport_gmina_2022_0.pdf,http_get,f4b264c38512eb1d04c84e7be9ebe1c443e33e7c3427360f1d0def3414511ebb,200,2026-09-07 22:28:32,,12.018,
12215,mazowieckie,piaseczyński,Konstancin-Jeziorna,gmina miejsko-wiejska,1418023,2023,ok_finalnie,pdf,raport,https://www.konstancinjeziorna.pl/sites/default/files/2024-05/raport_o_stanie_gminy_2023.pdf,http_get,7f2c38bea3f3a9bf5f97325501c8b334697ba8975565f1187853e8e285eb7f82,200,2026-09-07 22:28:32,,22.163,
12216,mazowieckie,piaseczyński,Konstancin-Jeziorna,gmina miejsko-wiejska,1418023,2024,ok_finalnie,pdf,raport,https://www.konstancinjeziorna.pl/sites/default/files/2025-06/Rarport%20o%20stanie%20gminy%20Konstancin-Jeziorna%20w%202024%20roku.pdf,http_get,e32a534b313923df0efd7e05e32b07bdde7da3084a2ea62a904661a20cdc0e6d,200,2026-09-07 22:28:32,,30.216,
12217,mazowieckie,piaseczyński,Konstancin-Jeziorna,gmina miejsko-wiejska,1418023,2025,ok_finalnie,pdf,raport,https://bip.konstancinjeziorna.pl/attachments/download/17231,http_get,7615e93001c38b76ac98a5b0728b1457e7030388b167c61a768926239c6d1826,200,2026-09-07 23:38:37,,12.425,
12218,mazowieckie,piaseczyński,Lesznowola,gmina wiejska,1418032,2018,ok_finalnie,pdf,raport,https://bip.lesznowola.pl/wp-content/uploads/2022/01/Raport_o_stanie_Gminy_Lesznowola_2018.pdf,http_get,198ddce04fd07b546df4cc30ae5eb68fad7d57544b7d3b5eb844d23ec0576197,200,2026-09-07 22:39:53,,4.387,
12219,mazowieckie,piaseczyński,Lesznowola,gmina wiejska,1418032,2019,ok_finalnie,pdf,raport,https://bip.lesznowola.pl/wp-content/uploads/2022/01/Raport_Gminy_Lesznowola_za_2019_rok_.pdf,http_get,6449a39cab69a3eb76f8a5ad6e40355f638b8517682dbad124a90deb883916c2,200,2026-09-07 22:39:57,,9.681,
12220,mazowieckie,piaseczyński,Lesznowola,gmina wiejska,1418032,2020,ok_finalnie,pdf,raport,https://bip.lesznowola.pl/wp-content/uploads/2022/10/RAPORT_o_stanie_Gminy_Lesznowola_za_rok_2020-1.pdf,http_get,13e3a42aa994e00c0dcf9afe59429179c9c784d249a17d49779bcff453747faa,200,2026-09-08 03:39:24,,21.461,
12221,mazowieckie,piaseczyński,Lesznowola,gmina wiejska,1418032,2021,ok_finalnie,pdf,raport,https://lesznowola.pl/wp-content/uploads/2022/05/Raport-o-stanie-Gminy-Lesznowola-za-rok-2021-A4-%E2%80%94-kopia.pdf,http_get,0f61e923958400e9b179725639fda8e5769d6d72b9599b841cb086a29ace81f0,200,2026-09-07 22:37:38,,9.666,
12222,mazowieckie,piaseczyński,Lesznowola,gmina wiejska,1418032,2022,ok_finalnie,pdf,raport,https://lesznowola.pl/wp-content/uploads/2023/05/Raport-o-stanie-Gminy-Lesznowola-za-rok-2022.pdf,http_get,393e81bdf745643ad0f4902603f2037a26a7a9873516b85211df94279e3ef896,200,2026-09-07 22:37:35,,36.539,
12223,mazowieckie,piaseczyński,Lesznowola,gmina wiejska,1418032,2023,ok_finalnie,pdf,raport,https://lesznowola.pl/wp-content/uploads/2024/06/Raport-o-stanie-Gminy-Lesznowola-za-rok-2023.pdf,http_get,5beb1bbc4d30d38fb8b826def7422bb17a11970cd31b2a9003cb0539344a2adb,200,2026-09-07 22:40:04,,36.132,
12224,mazowieckie,piaseczyński,Lesznowola,gmina wiejska,1418032,2024,ok_finalnie,pdf,raport,https://bip.lesznowola.pl/wp-content/uploads/2025/06/Raport-o-stanie-Gminy-Lesznowola-za-rok-2024-rozkladowki_Optimized.pdf,http_get,7226c2d1cceed448f9fd859a69eb8595dd980eccf3dd46d2e8c17325d6e18753,200,2026-09-08 03:39:50,,56.092,
12225,mazowieckie,piaseczyński,Lesznowola,gmina wiejska,1418032,2025,ok_finalnie,pdf,raport,https://lesznowola.pl/wp-content/uploads/2026/06/Raport-o-stanie-Gminy-Lesznowola-za-rok-2025-na-trone-1.pdf,http_get,3de715857b2c927a26c82abd6f5e5d41c2c6807a36b276fc2202ce5177669a2a,200,2026-09-08 03:39:56,,18.884,
12226,mazowieckie,piaseczyński,Piaseczno,gmina miejsko-wiejska,1418043,2018,ok_finalnie,pdf,raport,https://bip.piaseczno.eu/attachments/download/24458,bip_http_get,467599f0666318acc8bada5494772d0e13dcd14c6406fe487dbbe754422d0590,200,2026-09-07 22:17:21,,15.842,
12227,mazowieckie,piaseczyński,Piaseczno,gmina miejsko-wiejska,1418043,2019,ok_finalnie,pdf,raport,https://bip.piaseczno.eu/attachments/download/28459,bip_http_get,b0338fdb0474e82feef89c474854e2fd2d776b550e076da2dd0aa8b11e5a5a1f,200,2026-09-07 22:17:21,,16.197,
12228,mazowieckie,piaseczyński,Piaseczno,gmina miejsko-wiejska,1418043,2020,ok_finalnie,pdf,raport,https://bip.piaseczno.eu/attachments/download/32948,bip_http_get,7afd37f0882fd83661fd964b8255b3a264e40c915eda6a347e9bb57489caaba9,200,2026-09-07 22:17:21,,15.832,
12229,mazowieckie,piaseczyński,Piaseczno,gmina miejsko-wiejska,1418043,2021,ok_finalnie,pdf,raport,https://bip.piaseczno.eu/attachments/download/36535,bip_http_get,7da7dc189cd79788e47da3097b776fbab1110f110160b64f999c1bb8fb9bbfca,200,2026-09-07 22:17:21,,17.788,
12230,mazowieckie,piaseczyński,Piaseczno,gmina miejsko-wiejska,1418043,2022,ok_finalnie,pdf,raport,https://bip.piaseczno.eu/attachments/download/39885,bip_http_get,a294b54c179da6f95a981ceaeee367833627c1d8be553f79977bc5d1735a2ae8,200,2026-09-07 22:17:21,,19.32,
12231,mazowieckie,piaseczyński,Piaseczno,gmina miejsko-wiejska,1418043,2023,ok_finalnie,pdf,raport,https://bip.piaseczno.eu/attachments/download/42867,bip_http_get,2d04ad6d905a87715948b57baadd93052ec56fd71e46cce012a0fe04483c0433,200,2026-09-07 22:17:21,,22.432,
12232,mazowieckie,piaseczyński,Piaseczno,gmina miejsko-wiejska,1418043,2024,ok_finalnie,pdf,raport,https://bip.piaseczno.eu/attachments/download/45930,bip_http_get,f9ef61b14761aaec8f19fb01150df9600f9c97d533561d6868b1aebae18fa06c,200,2026-09-07 22:17:21,,39.722,
12233,mazowieckie,piaseczyński,Piaseczno,gmina miejsko-wiejska,1418043,2025,ok_finalnie,pdf,raport,https://bip.piaseczno.eu/attachments/download/49853,bip_http_get,110457cf71df84fcface6c263dad712b1dbb0628e4efb6df3f0369c845389948,200,2026-09-07 22:17:21,,12.6,
12234,mazowieckie,piaseczyński,Prażmów,gmina wiejska,1418052,2018,ok_finalnie,pdf,skan+OCR,https://bip.prazmow.pl/files/1512251292/Raport,direct_without_tor + ocr,6eb2791ded985c2323883c0d1a0fd2aed61f123be0481ed1061aeb8e38bd084e,200,2026-09-09T10:11:31Z,"[TURA 22 09.09.2026] | ręcznie: plik bez rozszerzenia (PDF 1.4, skan bez warstwy tekstowej), OCR: 'RAPORT O STANIE GMINY PRAŻMÓW ZA 2018 ROK Prażmów, 09-05-2019r.', art. 28 aa; identyfikacja: Prażmów, powiat piaseczyński, ul. Czołchańskiego, Wola Prażmowska/Łoś/Gabryelin; BIP 'Raport o gminie' wpis z 10.05.2019 'za 2018 rok'; brak wersji tekstowej",1.239,true
12235,mazowieckie,piaseczyński,Prażmów,gmina wiejska,1418052,2019,ok_finalnie,pdf,skan+OCR,https://bip.prazmow.pl/files/1512251292/raport-o-stanie-gminy-prazmow-za-2019.pdf,direct_without_tor + ocr,ae654239cdcbf4d6e8d50653303a072b6b247891cb83143b9f2285a0bb3dee00,200,2026-09-09T10:09:48Z,"[TURA 22 09.09.2026] | ręcznie: skan bez warstwy tekstowej; OCR (tesseract pol) stron 1-4,6,9: 'RAPORT O STANIE GMINY PRAŻMÓW ZA 2019 ROK Prażmów, 26-05-2020r.', art. 28 aa; identyfikacja: Prażmów, powiat piaseczyński, ul. Czołchańskiego, miejscowości Ustanów/Wola Prażmowska/Łoś; brak wersji tekstowej w BIP (dział 'Raport o gminie')",4.437,true
12236,mazowieckie,piaseczyński,Prażmów,gmina wiejska,1418052,2020,ok_finalnie,pdf,skan+OCR,https://bip.prazmow.pl/files/1512251292/raport-o-stanie-gminy-prazmow-za-2020r..PDF,direct_without_tor + ocr,55926743429a74ed16cda54a07e7eef5d63d3e1327731aaae7a0a049db03d311,200,2026-09-09T10:09:48Z,"[TURA 22 09.09.2026] | ręcznie: skan bez warstwy tekstowej; OCR (tesseract pol) stron 1-4,6,9: 'RAPORT O STANIE GMINY PRAŻMÓW ZA 2020 ROK Prażmów, 28-05-2021r.', art. 28 aa; identyfikacja: Prażmów, powiat piaseczyński, ul. Czołchańskiego, miejscowości Ustanów/Wola Prażmowska/Łoś; brak wersji tekstowej w BIP (dział 'Raport o gminie')",1.823,true
12237,mazowieckie,piaseczyński,Prażmów,gmina wiejska,1418052,2021,ok_finalnie,pdf,skan+OCR,https://bip.prazmow.pl/files/1512251292/raport-o-stanie-gminy-prazmow-za-2021r..pdf,direct_without_tor + ocr,d8edd57f91cacc580a05c1a349b0163945598356cd90524d800c3e3c3940a085,200,2026-09-09T10:09:48Z,"[TURA 22 09.09.2026] | ręcznie: skan bez warstwy tekstowej; OCR (tesseract pol) stron 1-4,6,9: 'RAPORT O STANIE GMINY PRAŻMÓW ZA 2021 ROK Prażmów, 27-05-2022r.', art. 28 aa; identyfikacja: Prażmów, powiat piaseczyński, ul. Czołchańskiego, miejscowości Ustanów/Wola Prażmowska/Łoś; brak wersji tekstowej w BIP (dział 'Raport o gminie')",2.08,true
12238,mazowieckie,piaseczyński,Prażmów,gmina wiejska,1418052,2022,ok_finalnie,pdf,tekst,https://bip.prazmow.pl/files/1512251292/raport-za-2022-wersja-17-05-2023-podpisany.pdf,direct_without_tor,203037415dd8cfd0764df73d630b16af7ed78a1f16d02a6f9b6711db072558b5,200,2026-09-09T10:03:20Z,[TURA 22 09.09.2026],0.891,true
12239,mazowieckie,piaseczyński,Prażmów,gmina wiejska,1418052,2023,ok_finalnie,pdf,tekst,https://bip.prazmow.pl/files/1512251292/raport-o-stanie-gminy-prazmow-za-2023r..pdf,direct_without_tor,bf1dc29abb76385e7e5857150dd3dc367b0614be1076ee5fae3e84d90f4a94ff,200,2026-09-09T10:03:18Z,[TURA 22 09.09.2026],0.918,true
12240,mazowieckie,piaseczyński,Prażmów,gmina wiejska,1418052,2024,ok_finalnie,pdf,tekst,https://bip.prazmow.pl/files/1512251292/raport-o-stanie-gminy-prazmow-na-dzien-31.12.2024-rok.pdf,direct_without_tor,386e2f20983d604a117d366c997e4b397af5a54341464f3ae9b14e3c03c45f49,200,2026-09-09T10:03:02Z,[TURA 22 09.09.2026],7.24,true
12241,mazowieckie,piaseczyński,Prażmów,gmina wiejska,1418052,2025,ok_finalnie,pdf,tekst,https://bip.prazmow.pl/files/1512251292/raport-o-stanie-gminy-prazmow-na-dzien-31-grudnia-2025-r.-1.pdf,direct_without_tor,9528685ed7b6a0b0f807f9a6ead9c9de0cb5dc3fb589de35637789244ebda452,200,2026-09-09T10:02:58Z,[TURA 22 09.09.2026],28.34,true
12242,mazowieckie,piaseczyński,Tarczyn,gmina miejsko-wiejska,1418063,2018,ok_finalnie,pdf,raport,https://bip.tarczyn.pl/public/getFile?id=324937,bip_http_get,b1cf19932898bf0d21d4df55f555eeb696cda2a6d000128625ab251e5bc08b51,200,2026-09-07 23:21:02,,2.883,
12243,mazowieckie,piaseczyński,Tarczyn,gmina miejsko-wiejska,1418063,2019,ok_finalnie,pdf,raport,https://bip.tarczyn.pl/public/getFile?id=338802,bip_http_get,b14341a1695f1b1cbd759ab3f285e7e8e41fa64ec51434409cae40a20610cd41,200,2026-09-07 23:21:06,,3.309,
12244,mazowieckie,piaseczyński,Tarczyn,gmina miejsko-wiejska,1418063,2020,ok_finalnie,pdf,raport,https://bip.tarczyn.pl/public/getFile?id=350408,bip_http_get,eebd9888a50d62dc9eebc2a6dcb81d65bb3d850a143565d1ab38b977d9569b47,200,2026-09-07 23:21:10,,9.111,
12245,mazowieckie,piaseczyński,Tarczyn,gmina miejsko-wiejska,1418063,2021,ok_finalnie,pdf,raport,https://bip.tarczyn.pl/public/getFile?id=357266,bip_http_get,9d9b6b3b30143d56652b24c2163cd5cf4187d057113162984d0f98813ea44aeb,200,2026-09-07 23:21:13,,7.175,
12246,mazowieckie,piaseczyński,Tarczyn,gmina miejsko-wiejska,1418063,2022,ok_finalnie,pdf,raport,https://bip.tarczyn.pl/public/getFile?id=365020,bip_http_get,2e94ad9802c5a4233a5352740aadc9e2dd1afc34f3cbb8e64e38ca282d584185,200,2026-09-07 23:21:15,,2.37,
12247,mazowieckie,piaseczyński,Tarczyn,gmina miejsko-wiejska,1418063,2023,ok_finalnie,pdf,raport,https://bip.tarczyn.pl/public/getFile?id=372497,bip_http_get,5af19379bdac917b84a65ac0c6a9d7525b8c392d9d700ee89b74443479a5e61c,200,2026-09-07 23:21:18,,2.311,
12248,mazowieckie,piaseczyński,Tarczyn,gmina miejsko-wiejska,1418063,2024,ok_finalnie,pdf,raport,https://bip.tarczyn.pl/public/getFile?id=380564,bip_http_get,9a23a9a6bb6e363a866b8d188d8130c3f87af584ad0b899f91309ece49e3b12d,200,2026-09-07 23:21:21,,16.252,
12249,mazowieckie,piaseczyński,Tarczyn,gmina miejsko-wiejska,1418063,2025,ok_finalnie,pdf,raport,https://bip.tarczyn.pl/public/getFile?id=388588,bip_http_get,7d834be972291e2a0eeabeae1b37d0c78c3fcfcb99a165b22be8825387a649be,200,2026-09-07 23:21:32,,90.068,
12250,mazowieckie,płocki,-,-,1419,2018,ok_finalnie,pdf,skan+OCR,https://bip-v1-files.idcom-jst.pl/sites/46458/cms/szablony/14958/pliki/raport_o_stanie_powiatu_za_2018_rok.pdf,direct_without_tor,e79db1da046d50961a034fcd2db4f5bbdb3638c0d7fbaf9e4c3c4e80394db41f,200,2026-09-08T17:58:06Z,,7.466,true
12251,mazowieckie,płocki,-,-,1419,2019,ok_finalnie,pdf,tekst,https://bip-v1-files.idcom-jst.pl/sites/46458/cms/szablony/14959/pliki/raport_o_stanie_powiatu_plockiego_za_2019_rok.pdf,direct_without_tor,0c765ca4914757e691fd77c25ef35dcfabcf878bb4326ae80a0819303d990e91,200,2026-09-08T17:58:06Z,,2.05,true
12252,mazowieckie,płocki,-,-,1419,2020,ok_finalnie,pdf,tekst,https://bip-v1-files.idcom-jst.pl/sites/46458/cms/szablony/17455/pliki/raport_powiatu_plockiego_za_2020_rok.pdf,direct_without_tor,c9eeb7ccaee52891ac450961d13478b803db181f8fb926ad79076167fd36b8b8,200,2026-09-08T17:58:06Z,,2.129,true
12253,mazowieckie,płocki,-,-,1419,2021,ok_finalnie,pdf,tekst,https://bip-v1-files.idcom-jst.pl/sites/46458/cms/pliki/raport_o_stanie_powiatu_za_2021_rok_kwieciendocx.pdf,direct_without_tor,ce12c5f333fe337aec0e452d8a1ba1ecd02bb59feb53873dc4836bca8720555b,200,2026-09-08T17:58:06Z,,3.105,true
12254,mazowieckie,płocki,-,-,1419,2022,ok_finalnie,pdf,tekst,https://bip-v1-files.idcom-jst.pl/sites/46458/cms/szablony/21875/pliki/raport_o_stanie_powiatu_plockiego_za_2022_rok.pdf,direct_without_tor,9608099d99d601d961880f0baab44dbf024e3f939883708b9edeb272412b993e,200,2026-09-08T17:58:06Z,,10.704,true
12255,mazowieckie,płocki,-,-,1419,2023,ok_finalnie,pdf,tekst,https://bip-v1-files.idcom-jst.pl/sites/46458/cms/szablony/24463/pliki/raport_o_stanie_powiatu_plockiego_za_2023_rok__zarzad_powiatu.pdf,direct_without_tor,0d8ea0b268373c59ba6973e8fb244c8ca19db27e524d8108237d9eb7f3704686,200,2026-09-08T17:58:06Z,,7.443,true
12256,mazowieckie,płocki,-,-,1419,2024,ok_finalnie,pdf,tekst,https://bip-v1-files.idcom-jst.pl/sites/46458/cms/szablony/26912/pliki/raport_o_stanie_powiatu_plockiego_za_2024_rok.pdf,direct_without_tor,14cc1ca47ab3085883f4d4ede4c9aac81b703b9401534bb9fc33fd566b02fa3a,200,2026-09-08T17:58:06Z,,10.67,true
12257,mazowieckie,płocki,-,-,1419,2025,ok_finalnie,pdf,tekst,https://bip-v1-files.idcom-jst.pl/sites/46458/cms/szablony/29830/pliki/raport_o_stanie_powiatu_plockiego_za_2025_rok.pdf,direct_without_tor,289d2ed459d95f14a1bd9780f2ddb3038829128430fd1bb3a596834bd860cdd2,200,2026-09-08T17:58:06Z,,11.413,true
12258,mazowieckie,płocki,Bielsk,gmina wiejska,1419012,2018,ok_finalnie,pdf,tekst,https://bip.bielsk.pl/attachments/download/2618,direct_without_tor,5b4c3215449bc8723f126d9949e56cc0f3d6b935cdce4cd9ff68da1a90ea4fc2,200,2026-09-09T12:05:43Z,[TURA 22 09.09.2026] | KOREKTA: wejściowy wiersz ok wskazywał plik niebędący raportem,5.721,true
12259,mazowieckie,płocki,Bielsk,gmina wiejska,1419012,2019,ok_finalnie,pdf,raport,https://bip.bielsk.pl/attachments/download/3336,http_get,b5b20172d98eed783b9a071609e1b47cb11e30bf5daf7d801c6ea50f6096d24b,200,2026-09-08 12:42:28,,0.863,
12260,mazowieckie,płocki,Bielsk,gmina wiejska,1419012,2020,ok_finalnie,pdf,raport,https://bip.bielsk.pl/attachments/download/3712,http_get,6893a6bff3c91da2fe61e0fbc872fb1c3b433a72cc173a3ca9e36d643807afde,200,2026-09-08 12:42:28,,0.788,
12261,mazowieckie,płocki,Bielsk,gmina wiejska,1419012,2021,ok_finalnie,pdf,raport,https://bip.bielsk.pl/attachments/download/4822,http_get,b5d79fc140ec0c181c4d8e2dc532152e036b6adc690e899eb4febb2ac4d87f60,200,2026-09-08 12:42:28,,0.795,
12262,mazowieckie,płocki,Bielsk,gmina wiejska,1419012,2022,ok_finalnie,pdf,tekst,https://bip.bielsk.pl/attachments/download/5680,direct_without_tor,fd89469cfe540b14dbd77c5b7df8d161599f6a595e4eea28399accd5b3d90f95,200,2026-09-09T12:05:46Z,[TURA 22 09.09.2026] | KOREKTA: wejściowy wiersz ok wskazywał plik niebędący raportem,0.917,true
12263,mazowieckie,płocki,Bielsk,gmina wiejska,1419012,2023,ok_finalnie,pdf,raport,https://bip.bielsk.pl/attachments/download/6497,http_get,dca0d9795e1032ca60f28898617dadda19246e6ad52df883645616eafbde4d7b,200,2026-09-08 12:42:28,,0.864,
12264,mazowieckie,płocki,Bielsk,gmina wiejska,1419012,2024,ok_finalnie,docx,tekst,https://bip.bielsk.pl/attachments/download/7249,direct_without_tor,9c1e298343fd5a4545fd1fd9955377c10fabebbeced840f1bd7ac28353cf9128,200,2026-09-09T12:05:49Z,[TURA 22 09.09.2026],0.304,true
12265,mazowieckie,płocki,Bielsk,gmina wiejska,1419012,2025,ok_finalnie,docx,tekst,https://bip.bielsk.pl/attachments/download/7906,direct_without_tor,9d20fd582d5e1c2f68111142a335a19bb3fa915a9f7889befe29a0c646d2e7d1,200,2026-09-09T12:05:52Z,[TURA 22 09.09.2026],0.25,true
12266,mazowieckie,płocki,Bodzanów,gmina wiejska,1419022,2018,ok_finalnie,pdf,skan+OCR,http://bodzanowpl.nazwa.pl/2019/6/Raport/zarzadzenie_nr%2062.pdf,direct_without_tor + ocr,8487d741ca45c3ae6847b334e87935ea91330f7a0429c3551183baf38dc4e14b,200,2026-09-09T12:08:40Z,[TURA 22 09.09.2026],4.592,true
12267,mazowieckie,płocki,Bodzanów,gmina wiejska,1419022,2019,ok_finalnie,pdf,skan+OCR,https://bip-v1-files.idcom-jst.pl/sites/3064/cms/szablony/15039/pliki/raport_o_stanie_gminy_za_2019_rok.pdf,direct_without_tor + ocr,c9f42bb5905fc252c5967b6c403681ed1b5dea7f215af3ee711bb1f0f44d255d,200,2026-09-09T12:10:16Z,[TURA 22 09.09.2026],30.245,true
12268,mazowieckie,płocki,Bodzanów,gmina wiejska,1419022,2020,ok_finalnie,pdf,skan+OCR,https://bip-v1-files.idcom-jst.pl/sites/3064/cms/szablony/17749/pliki/raport_o_stanie_gminy_bodzanow_za_2020_rok.pdf,direct_without_tor + ocr,b62eb6e26441be896a8038ac5fc9cd8391b24535d2db6e42ed766d4af02ff17b,200,2026-09-09T12:11:56Z,[TURA 22 09.09.2026],35.855,true
12269,mazowieckie,płocki,Bodzanów,gmina wiejska,1419022,2021,ok_finalnie,pdf,tekst,https://bip-v1-files.idcom-jst.pl/sites/3064/cms/szablony/20408/pliki/zarzadzenie_nr_53.pdf,direct_without_tor,ad33e9fea66c3edee7c14a7b5bf42131a471b1770779773c6da7c24fbd4a8de3,200,2026-09-09T12:12:00Z,[TURA 22 09.09.2026],4.026,true
12270,mazowieckie,płocki,Bodzanów,gmina wiejska,1419022,2022,ok_finalnie,pdf,tekst,https://bip-v1-files.idcom-jst.pl/sites/3064/cms/szablony/21913/pliki/raport_o_stanie_gminy_bodzanow_za_2022_rok.pdf,direct_without_tor,6af0c3efdd0d6dbb7808acb838203b3683f815dffb4f52efc61bf229f3d174f1,200,2026-09-09T12:12:03Z,[TURA 22 09.09.2026],5.507,true
12271,mazowieckie,płocki,Bodzanów,gmina miejsko-wiejska,1419023,2023,ok_finalnie,pdf,skan+OCR,https://bip-v1-files.idcom-jst.pl/sites/3064/cms/szablony/23743/pliki/raport_o_stanie_miasta_i_gminy_bodzanow_za_2023_rok_podpisany.pdf,direct_without_tor + ocr,452058719c07291e115500c5e1b39af4f6c0e58bb8d7b42a05f4efef91f5e0e2,200,2026-09-09T12:13:45Z,[TURA 22 09.09.2026] | KOREKTA: wejściowy wiersz ok wskazywał plik niebędący raportem,24.324,true
12272,mazowieckie,płocki,Bodzanów,gmina miejsko-wiejska,1419023,2024,ok_finalnie,pdf,raport,https://bip-v1-files.idcom-jst.pl/sites/3064/cms/szablony/26965/pliki/raport_o_stanie_miasta_i_gminy_bodzanow_za_2024_rok.pdf,http_get,7486107a3444b73d53702ec2b292aa11bd3a363d989dc73b5de4c43d6d5f90ed,200,2026-09-08 12:40:28,,7.823,
12273,mazowieckie,płocki,Bodzanów,gmina miejsko-wiejska,1419023,2025,ok_finalnie,pdf,raport,https://bip-v1-files.idcom-jst.pl/sites/3064/cms/szablony/30002/pliki/raport_o_stanie_miasta_i_gminy_bodzanow_za_2025_rok.pdf,http_get,bbd4a12148b6356ed4a88d968421c8523e2b250aec27fcbe31eac7347e1bdd7c,200,2026-09-08 12:40:28,,9.705,
12274,mazowieckie,płocki,Brudzeń Duży,gmina wiejska,1419032,2018,nowy,,,,,,,,,,
12275,mazowieckie,płocki,Brudzeń Duży,gmina wiejska,1419032,2019,nowy,,,,,,,,,,
12276,mazowieckie,płocki,Brudzeń Duży,gmina wiejska,1419032,2020,nowy,,,,,,,,,,
12277,mazowieckie,płocki,Brudzeń Duży,gmina wiejska,1419032,2021,ok_finalnie,pdf,tekst,https://ugbrudzenduzy.bip.org.pl/pliki/ugbrudzenduzy/raport_o_stanie_gminy_za_2021r.pdf?20260908185417,direct_without_tor,866df35e0eb8fa938bf645a60c52ab5a00716209a9e0602734e00c89887d1b20,200,2026-09-08T17:49:51Z,,12.887,true
12278,mazowieckie,płocki,Brudzeń Duży,gmina wiejska,1419032,2022,ok_finalnie,pdf,tekst,https://ugbrudzenduzy.bip.org.pl/pliki/ugbrudzenduzy/raport_o_stanie_gminy_za_2022r.pdf?20260908185417,direct_without_tor,495bb231ec56b640ecd603d3543ff00ca7e681c5baf9e0f41589568546363e42,200,2026-09-08T17:49:51Z,,11.43,true
12279,mazowieckie,płocki,Brudzeń Duży,gmina wiejska,1419032,2023,ok_finalnie,pdf,tekst,https://ugbrudzenduzy.bip.org.pl/pliki/ugbrudzenduzy/raport_o_stanie_gminy_za_2023r.pdf?20260908185417,direct_without_tor,7510196bb9cd17bfbb67d35b435cbebb38501baaa37e50170dc902b5c6e5821a,200,2026-09-08T17:49:51Z,,5.493,true
12280,mazowieckie,płocki,Brudzeń Duży,gmina wiejska,1419032,2024,ok_finalnie,pdf,tekst,https://ugbrudzenduzy.bip.org.pl/pliki/ugbrudzenduzy/raport_o_stanie_gminy_za_2024_r._.pdf?20260908185417,direct_without_tor,3def94a6462ace80af7244eb54c13742e3ba5bba6ad16ca98f2cfc62d484ae76,200,2026-09-08T17:49:51Z,,8.647,true
12281,mazowieckie,płocki,Brudzeń Duży,gmina wiejska,1419032,2025,ok_finalnie,pdf,tekst,https://ugbrudzenduzy.bip.org.pl/pliki/ugbrudzenduzy/raport_o_stanie_gminy_za_2025_r._.pdf?20260908185417,direct_without_tor,99acbf06dc36a4066867efc86f323b6a32c858079b04b4a5d6a772765f164460,200,2026-09-08T17:49:51Z,,10.873,true
12282,mazowieckie,płocki,Bulkowo,gmina wiejska,1419042,2018,ok_finalnie,pdf,tekst,https://bip.bulkowo.pl/files/file_add/download/102_raport040619.pdf,direct_without_tor,4a36896776efae277c609ff8e76547dd7b8653b52e504693fb0c1918ebceb139,200,2026-09-08T17:50:08Z,,0.978,true
12283,mazowieckie,płocki,Bulkowo,gmina wiejska,1419042,2019,ok_finalnie,pdf,tekst,https://bip.bulkowo.pl/files/file_add/download/103_raport020620.pdf,direct_without_tor,f39f27a38ce523ff428792187b22ed302a6beb7cc3aa7834fcf7ece273ce73b2,200,2026-09-08T17:50:08Z,,1.395,true
12284,mazowieckie,płocki,Bulkowo,gmina wiejska,1419042,2020,ok_finalnie,pdf,tekst,https://bip.bulkowo.pl/files/file_add/download/113_20210519213440raportostaniegminyza2020.pdf,direct_without_tor,9781a55977e195f7e7544e3deebd232c40fe251fdcfae26979522ac6c7da361d,200,2026-09-08T17:50:08Z,,1.282,true
12285,mazowieckie,płocki,Bulkowo,gmina wiejska,1419042,2021,ok_finalnie,pdf,tekst,https://bip.bulkowo.pl/files/file_add/download/105_raport2022.pdf,direct_without_tor,053ff90d9b9ffc09dcfe8ab8589534b19064a81a636c23a7748803ebb6db2365,200,2026-09-08T17:50:08Z,,3.528,true
12286,mazowieckie,płocki,Bulkowo,gmina wiejska,1419042,2022,ok_finalnie,pdf,tekst,https://bip.bulkowo.pl/files/file_add/download/107_raport150523.pdf,direct_without_tor,5ea32612a1adf7bfb6b4cad9fc6bcd0eacf9b3e564db07d742eb42ea1dccadcb,200,2026-09-08T17:50:08Z,,4.695,true
12287,mazowieckie,płocki,Bulkowo,gmina wiejska,1419042,2023,ok_finalnie,pdf,tekst,https://bip.bulkowo.pl/files/file_add/download/110_raportza2023.pdf,direct_without_tor,12cf7bfad53c09179eade95f3a4838d89ef6ea24fccbd2c699bffa8b26caa3b0,200,2026-09-08T17:50:08Z,,5.479,true
12288,mazowieckie,płocki,Bulkowo,gmina wiejska,1419042,2024,ok_finalnie,pdf,tekst,https://bip.bulkowo.pl/files/file_add/download/753_raportostaniegminyza2024.pdf,direct_without_tor,00498883e80a1abc073f143d08f3c50a1e03c90ed249b6f15a632641d606a993,200,2026-09-08T17:50:08Z,,7.934,true
12289,mazowieckie,płocki,Bulkowo,gmina wiejska,1419042,2025,ok_finalnie,pdf,tekst,https://bip.bulkowo.pl/files/file_add/download/1186_raportostaniegminyza2025bip.pdf,direct_without_tor,22465710db9860b8c083d3f83a312d802b3b6e9e029e3d91625ff36c5eac91ad,200,2026-09-08T17:50:08Z,,9.297,true
12290,mazowieckie,płocki,Drobin,gmina miejsko-wiejska,1419053,2018,brak_finalnie,,,brak,"dogłębne sprawdzenie (web search bez Tora, kilka silników + BIP/CMS: wyszukiwarka, kategorie raport/uchwały/zarządzenia/sesje + sitemap + Wayback CDX + alternatywne domeny; pobieranie także przez Tor z polskim IP) - dowód proceduralny istnienia raportu, brak opublikowanego pliku",,BRAK_URL (dowód istnienia - nieopublikowany),2026-09-09T16:48:41Z,"[TURA 22 09.09.2026] NEG-plik, DOWOD ISTNIENIA POTWIERDZONY: Uchwała Nr VIII/75/2019 Rady Miejskiej w Drobinie z 27.06.2019 w sprawie udzielenia Burmistrzowi MiG Drobin wotum zaufania („po zakończeniu debaty nad raportem o stanie Miasta i Gminy Drobin”) – plik raportu za 2018 nie jest opublikowany na BIP (kategorie raportów zaczynają się od 2019; zarządzenia 2019 bez raportu) | dowód: https://umgdrobin.bip.org.pl/pliki/umgdrobin/viii_75.pdf | strona: https://umgdrobin.bip.org.pl/id/452",,true
12291,mazowieckie,płocki,Drobin,gmina miejsko-wiejska,1419053,2019,ok_finalnie,pdf,skan+OCR,https://umgdrobin.bip.org.pl/pliki/umgdrobin/raport-o-stanie-miasta-i-gminy-drobin-za-2019-r..pdf?20260908185435,direct_without_tor,090f0230710f61b4c55dc461b14b06e2f8ad7c08e53421fd1a017f054edef37d,200,2026-09-08T18:04:58Z,,48.029,true
12292,mazowieckie,płocki,Drobin,gmina miejsko-wiejska,1419053,2020,ok_finalnie,pdf,skan+OCR,https://umgdrobin.bip.org.pl/pliki/umgdrobin/raport_o_stanie_gminy_za_2020_r..pdf?20260908185432,direct_without_tor,c8dbfe4241f6dff62edd0475a6b3237abf0c835c8ff2a6abd201c8955d87962b,200,2026-09-08T18:04:58Z,,33.693,true
12293,mazowieckie,płocki,Drobin,gmina miejsko-wiejska,1419053,2021,ok_finalnie,pdf,skan+OCR,https://umgdrobin.bip.org.pl/pliki/umgdrobin/raport_o_stanie_miasta_i_gminy_drobin_za_2021_rok.pdf?20260908185428,direct_without_tor,8a4945aad3c31ec64bffd2f3595b3bc570bd313c7c7be5f4b27c09efd6426487,200,2026-09-08T18:04:58Z,,43.81,true
12294,mazowieckie,płocki,Drobin,gmina miejsko-wiejska,1419053,2022,ok_finalnie,pdf,skan+OCR,https://umgdrobin.bip.org.pl/pliki/umgdrobin/raport_o_stanie_miasta_i_gminy_drobin_za_2022_r._0001.pdf?20260908185431,direct_without_tor,f2ff68a49b9419791cb6d389830db5c9b85c1ad83b92058c8ab766dda3ce3acf,200,2026-09-08T18:04:58Z,,34.592,true
12295,mazowieckie,płocki,Drobin,gmina miejsko-wiejska,1419053,2023,ok_finalnie,pdf,skan+OCR,https://umgdrobin.bip.org.pl/pliki/umgdrobin/zarz._73_raport_o_stanie_gminy.pdf?20260908185427,direct_without_tor,cfb0e124e312dde5456bcbdeb83d31dad88bc9fd8b3a43cb50a964b28a671ebd,200,2026-09-09T09:14:01Z,,47.227,true
12296,mazowieckie,płocki,Drobin,gmina miejsko-wiejska,1419053,2024,ok_finalnie,doc,tekst,https://umgdrobin.bip.org.pl/pliki/umgdrobin/final_16.05_raport_drobin_2024.doc,direct_without_tor,3ce493e1c0a36b91d942b8650373c6490aea110dc27f35b7a86a4503242ca0e4,200,2026-09-09T09:54:55Z,[TURA 22 09.09.2026],49.062,true
12297,mazowieckie,płocki,Drobin,gmina miejsko-wiejska,1419053,2025,ok_finalnie,pdf,tekst,https://umgdrobin.bip.org.pl/pliki/umgdrobin/raport_o_stanie_gminy_za_2025.pdf?20260908185424,direct_without_tor,8bf2b9515d17d158e55305c67909ac6f83571696c8f9c65f9d6d00fcb5e4f21c,200,2026-09-08T18:04:58Z,,12.19,true
12298,mazowieckie,płocki,Gąbin,gmina miejsko-wiejska,1419063,2018,ok_finalnie,pdf,skan+OCR,https://bip.gabin.pl/zalacznik/26015,direct_without_tor + ocr,c40f1774c96f8f5af551f25257c9e5471f04c528347fdcd031e9f1a0cd8a36c0,200,2026-09-09T14:21:42Z,[TURA 22 09.09.2026],23.751,true
12299,mazowieckie,płocki,Gąbin,gmina miejsko-wiejska,1419063,2019,ok_finalnie,pdf,skan+OCR,https://bip.gabin.pl/zalacznik/28674,direct_without_tor + ocr,b5d61f04e0291cac365aa562442b945ea8c84dbf5c12c8f1cc6be043a113a33f,200,2026-09-09T14:23:03Z,[TURA 22 09.09.2026],24.174,true
12300,mazowieckie,płocki,Gąbin,gmina miejsko-wiejska,1419063,2020,ok_finalnie,pdf,tekst,https://bip.gabin.pl/zalacznik/32616,direct_without_tor,eb882cba545b3d942f0d81066fe99fc60a799e238d35ce0d7d545b1627880756,200,2026-09-09T14:23:07Z,[TURA 22 09.09.2026],5.742,true
12301,mazowieckie,płocki,Gąbin,gmina miejsko-wiejska,1419063,2021,ok_finalnie,pdf,tekst,https://bip.gabin.pl/zalacznik/40794,direct_without_tor,9547ffc4e39fddf9cc8e87ef81f6162a5014c4a9eb7cdac96ed98c8bd9a3451b,200,2026-09-09T14:23:12Z,[TURA 22 09.09.2026],8.693,true
12302,mazowieckie,płocki,Gąbin,gmina miejsko-wiejska,1419063,2022,ok_finalnie,pdf,tekst,https://bip.gabin.pl/zalacznik/42761,direct_without_tor,84c100d7e6866ee96dde74130a80e57e98c39f3a39f29e186317ebfb7e41a08c,200,2026-09-09T14:23:16Z,[TURA 22 09.09.2026],11.315,true
12303,mazowieckie,płocki,Gąbin,gmina miejsko-wiejska,1419063,2023,ok_finalnie,pdf,tekst,https://bip.gabin.pl/zalacznik/44903,direct_without_tor,385efc9ce24a1983e33efa5d68a1f361a737a4cf0969420f1f26da7f5a37ffe0,200,2026-09-09T14:23:19Z,[TURA 22 09.09.2026],8.095,true
12304,mazowieckie,płocki,Gąbin,gmina miejsko-wiejska,1419063,2024,ok_finalnie,pdf,tekst,https://bip.gabin.pl/zalacznik/46609,direct_without_tor,9ae1fd4cee07d9bda893c66160ade8357985b3192f4d9f02ac5e85c425dc8366,200,2026-09-09T14:23:23Z,[TURA 22 09.09.2026],5.939,true
12305,mazowieckie,płocki,Gąbin,gmina miejsko-wiejska,1419063,2025,ok_finalnie,pdf,tekst,https://bip.gabin.pl/zalacznik/48663,direct_without_tor,1c75d832a66fc665faa29623a649a19ae39faf0b63cc2eacf39fb9f0fa5001f1,200,2026-09-09T14:23:26Z,[TURA 22 09.09.2026],4.668,true
12306,mazowieckie,płocki,Łąck,gmina wiejska,1419072,2018,ok_finalnie,pdf,tekst,https://uglack.bip.org.pl/pliki/uglack/raport_o_stanie_gminy_lack_2018.pdf?20260908185435,direct_without_tor,9c55ab05fe55fdcddebbcec961261eed2673338d5d5823b9a77c869acacf8533,200,2026-09-08T17:53:12Z,,0.739,true
12307,mazowieckie,płocki,Łąck,gmina wiejska,1419072,2019,ok_finalnie,pdf,tekst,https://uglack.bip.org.pl/pliki/uglack/raport_gmina_lack-2020.pdf?20260908185435,direct_without_tor,4158e1ada2e0af75f3e77677a7ad6c4f42eef208fbed227f7d2f3f806e3c8add,200,2026-09-08T17:53:12Z,,0.841,true
12308,mazowieckie,płocki,Łąck,gmina wiejska,1419072,2020,ok_finalnie,pdf,skan+OCR,https://uglack.bip.org.pl/pliki/uglack/raport_o_stanie_gminy_za_2020_r._.pdf?20260908185435,direct_without_tor,6e60b884fe8c5149a5aec4246e3f600966b8a994175f63472ec06f458def8464,200,2026-09-09T07:39:32Z,,3.086,true
12309,mazowieckie,płocki,Łąck,gmina wiejska,1419072,2021,ok_finalnie,docx,tekst,https://uglack.bip.org.pl/pliki/uglack/raport_o_stanie_gminy_lack_za_rok_2021.docx,direct_without_tor,1755f90117bb911cf1a6e6e6fb5f53752fb1b9246be025824730012b980d5e14,200,2026-09-08T17:53:12Z,,11.631,true
12310,mazowieckie,płocki,Łąck,gmina wiejska,1419072,2022,ok_finalnie,pdf,tekst,https://uglack.bip.org.pl/pliki/uglack/raport_o_stanie_gminy_za_2022_rok.pdf?20260908185435,direct_without_tor,9c489022a7a5147ff4d9dabafd808e146acadeaae619519f27fec9d4ffd33846,200,2026-09-08T17:53:12Z,,6.959,true
12311,mazowieckie,płocki,Łąck,gmina wiejska,1419072,2023,ok_finalnie,pdf,tekst,https://uglack.bip.org.pl/pliki/uglack/raport_o_stanie_gminy_lack_2023_calosc.pdf_z_podpisem.pdf?20260908185435,direct_without_tor,dfe93d8a9a0b47e900bb4e6833c472575789d2b37dd347715a0401299afefe4f,200,2026-09-08T17:53:12Z,,3.23,true
12312,mazowieckie,płocki,Łąck,gmina wiejska,1419072,2024,ok_finalnie,pdf,tekst,https://uglack.bip.org.pl/pliki/uglack/raport_o_stanie_gminy_lack_za_2024_rok.pdf?20260908185435,direct_without_tor,b37dbbad6ca3c4528df228a00cd1d2cbc97c13753bf66b9306f1c266fdd332cf,200,2026-09-08T17:53:12Z,,5.635,true
12313,mazowieckie,płocki,Łąck,gmina wiejska,1419072,2025,ok_finalnie,pdf,tekst,https://uglack.bip.org.pl/pliki/uglack/raport_o_stanie_gminy_lack_2025_calosc-strony-3-1_smallpdf.pdf?20260908185435,direct_without_tor,b24d7e800af463a1fe5c769ce94a39f5c0b639a38999c3c169e5cf91e29d92b4,200,2026-09-08T17:53:12Z,,8.868,true
12314,mazowieckie,płocki,Mała Wieś,gmina wiejska,1419082,2018,brak_finalnie,,,brak,"dogłębne sprawdzenie (web search bez Tora, kilka silników + BIP/CMS: wyszukiwarka, kategorie raport/uchwały/zarządzenia/sesje + sitemap + Wayback CDX + alternatywne domeny; pobieranie także przez Tor z polskim IP) - dowód proceduralny istnienia raportu, brak opublikowanego pliku",,BRAK_URL (dowód istnienia - nieopublikowany),2026-09-09T16:48:41Z,"[TURA 22 09.09.2026] NEG-plik, DOWOD ISTNIENIA POTWIERDZONY: Uchwała Nr 47/VI/2019 Rady Gminy Mała Wieś w sprawie udzielenia Wójtowi wotum zaufania (po debacie nad raportem o stanie gminy za 2018) | dowód: https://malawies.bip.org.pl/id/152 | strona: https://malawies.bip.org.pl/id/152",,true
12315,mazowieckie,płocki,Mała Wieś,gmina wiejska,1419082,2019,brak_finalnie,,,brak,"dogłębne sprawdzenie (web search bez Tora, kilka silników + BIP/CMS: wyszukiwarka, kategorie raport/uchwały/zarządzenia/sesje + sitemap + Wayback CDX + alternatywne domeny; pobieranie także przez Tor z polskim IP) - dowód proceduralny istnienia raportu, brak opublikowanego pliku",,BRAK_URL (dowód istnienia - nieopublikowany),2026-09-09T16:48:41Z,"[TURA 22 09.09.2026] NEG-plik, DOWOD ISTNIENIA POTWIERDZONY: Uchwała Nr 127/XVII/2020 Rady Gminy Mała Wieś w sprawie udzielenia Wójtowi wotum zaufania (raport za 2019) | dowód: https://malawies.bip.org.pl/id/152 | strona: https://malawies.bip.org.pl/id/152",,true
12316,mazowieckie,płocki,Mała Wieś,gmina wiejska,1419082,2020,brak_finalnie,,,brak,"dogłębne sprawdzenie (web search bez Tora, kilka silników + BIP/CMS: wyszukiwarka, kategorie raport/uchwały/zarządzenia/sesje + sitemap + Wayback CDX + alternatywne domeny; pobieranie także przez Tor z polskim IP) - dowód proceduralny istnienia raportu, brak opublikowanego pliku",,BRAK_URL (dowód istnienia - nieopublikowany),2026-09-09T16:48:41Z,"[TURA 22 09.09.2026] NEG-plik, DOWOD ISTNIENIA POTWIERDZONY: Uchwała Nr 180/XXV/2021 Rady Gminy Mała Wieś w sprawie udzielenia Wójtowi wotum zaufania (raport za 2020) | dowód: https://malawies.bip.org.pl/id/152 | strona: https://malawies.bip.org.pl/id/152",,true
12317,mazowieckie,płocki,Mała Wieś,gmina wiejska,1419082,2021,ok_finalnie,pdf,skan+OCR,https://malawies.bip.org.pl/pliki/malawies/raport_o_stanie_gminy.pdf,direct_without_tor + ocr,fd9261e3a9d7872be1d265b1560c66fb1b4e17d46516b6df0dfa751ae3cb0d73,200,2026-09-09T10:26:27Z,[TURA 22 09.09.2026],15.085,true
12318,mazowieckie,płocki,Mała Wieś,gmina wiejska,1419082,2022,ok_finalnie,pdf,skan+OCR,https://malawies.bip.org.pl/pliki/malawies/raport_stan_gminy_2022.pdf,direct_without_tor + ocr,b1106d97f061852f338f4b49e791467f46a3e626e71cadd7b12f1e9ed450d387,200,2026-09-09T10:24:44Z,[TURA 22 09.09.2026],22.192,true
12319,mazowieckie,płocki,Mała Wieś,gmina wiejska,1419082,2023,ok_finalnie,pdf,skan+OCR,https://malawies.bip.org.pl/pliki/malawies/raport_o_stanie_gminy_za_2023.pdf,direct_without_tor + ocr,61d1d8cc15404d260aed4a3c65b18a7997f9d6462cde4ada16436436472bf024,200,2026-09-09T10:23:00Z,[TURA 22 09.09.2026],23.33,true
12320,mazowieckie,płocki,Mała Wieś,gmina wiejska,1419082,2024,ok_finalnie,pdf,skan+OCR,https://malawies.bip.org.pl/pliki/malawies/raport_o_stanie_gminy_mala_wies.pdf,direct_without_tor + ocr,1d538f3fc680c4d371d3ba0a8fc542a5476e6ad5433577e51add2c697d9dd5b5,200,2026-09-09T10:21:43Z,[TURA 22 09.09.2026],28.092,true
12321,mazowieckie,płocki,Mała Wieś,gmina wiejska,1419082,2025,ok_finalnie,pdf,skan+OCR,https://bip-v1-files.idcom-jst.pl/sites/47469/cms/szablony/30049/pliki/raport_o_stanie_gminy_za_2025_rok.pdf,direct_without_tor + ocr,fe93ed44573f2c570d6bba0bfa3d1b7db3ea3932d6a79ab295622e4b8e81c9a0,200,2026-09-09T10:34:11Z,[TURA 22 09.09.2026],24.851,true
12322,mazowieckie,płocki,Nowy Duninów,gmina wiejska,1419092,2018,ok_finalnie,pdf,tekst,https://ugnowyduninow.bip.org.pl/pliki/ugnowyduninow/20190530_-_nowy_duninow_-_raport_final.pdf?20260908185437,direct_without_tor,7ba2ea0f195ab3fb79226756e2d190390f137bbc903e3038816dd3b21fb283f2,200,2026-09-08T17:50:36Z,,0.892,true
12323,mazowieckie,płocki,Nowy Duninów,gmina wiejska,1419092,2019,ok_finalnie,pdf,tekst,https://ugnowyduninow.bip.org.pl/pliki/ugnowyduninow/raport_za_2019_r..pdf?20260908185437,direct_without_tor,ec5d17184b18625f8f3f7f19e4d0e353cdfe423cb74f6c4cfd8f7aac1e0ec939,200,2026-09-08T17:50:36Z,,1.422,true
12324,mazowieckie,płocki,Nowy Duninów,gmina wiejska,1419092,2020,ok_finalnie,pdf,tekst,https://ugnowyduninow.bip.org.pl/pliki/ugnowyduninow/raport_stan_gminy_za_2020_r.pdf?20260908185437,direct_without_tor,44f8fec5a6996318772c9c7ee61973c8e943cfc73612f4fb20c97be958070fcb,200,2026-09-08T17:50:36Z,,1.711,true
12325,mazowieckie,płocki,Nowy Duninów,gmina wiejska,1419092,2021,ok_finalnie,pdf,tekst,https://ugnowyduninow.bip.org.pl/pliki/ugnowyduninow/raport_za_2021r.pdf?20260908185437,direct_without_tor,bf5b66317902d7796ba847e3d7da692f69c5164b34930a5731c9ebad775f6908,200,2026-09-08T17:50:36Z,,7.777,true
12326,mazowieckie,płocki,Nowy Duninów,gmina wiejska,1419092,2022,ok_finalnie,pdf,tekst,https://ugnowyduninow.bip.org.pl/pliki/ugnowyduninow/raport_za_2022_r_.pdf?20260908185437,direct_without_tor,77af14448bbbef1a164d4edbec41c0ac2835ae23cc23906a8b99441bfd88e5a8,200,2026-09-08T17:50:36Z,,11.904,true
12327,mazowieckie,płocki,Nowy Duninów,gmina wiejska,1419092,2023,ok_finalnie,pdf,tekst,https://ugnowyduninow.bip.org.pl/pliki/ugnowyduninow/raport_za_2023_2024_r.pdf?20260908185437,direct_without_tor,e92862ca07e1e10a85dfa3a1770067e5df7b0176e4fe880b0c53e3daea4bd16f,200,2026-09-08T17:50:36Z,,3.433,true
12328,mazowieckie,płocki,Nowy Duninów,gmina wiejska,1419092,2024,ok_finalnie,pdf,tekst,https://ugnowyduninow.bip.org.pl/pliki/ugnowyduninow/raport_o_stanie_gminy_nowy_duninow_za_rok_2024.pdf?20260908185437,direct_without_tor,2fea6704489be95186ab2d81d776ef680ce878ceae3735ab27fa5d52a67abd00,200,2026-09-08T17:50:36Z,,2.384,true
12329,mazowieckie,płocki,Nowy Duninów,gmina wiejska,1419092,2025,ok_finalnie,pdf,tekst,https://ugnowyduninow.bip.org.pl/pliki/ugnowyduninow/2025_raport_o_stanie_gminy.pdf?20260908185437,direct_without_tor,fb18731235c2c78139664f6005db88e08d54c162bc7f70cc7f026abfbb42386c,200,2026-09-08T17:50:36Z,,4.387,true
12330,mazowieckie,płocki,Radzanowo,gmina wiejska,1419102,2018,brak_finalnie,,,brak,"dogłębne sprawdzenie (web search bez Tora, kilka silników + BIP/CMS: wyszukiwarka, kategorie raport/uchwały/zarządzenia/sesje + sitemap + Wayback CDX + alternatywne domeny; pobieranie także przez Tor z polskim IP) - dowód proceduralny istnienia raportu, brak opublikowanego pliku",,BRAK_URL (dowód istnienia - nieopublikowany),2026-09-09T14:26:23Z,"[TURA 22 09.09.2026] NEG-plik, DOWOD ISTNIENIA POTWIERDZONY: Aktualność WWW ""Absolutoryjna sesja Rady Gminy Radzanowo"" (28.06.2019): na sesji 27.06.2019 przewodnicząca otworzyła debatę nad raportem o stanie gminy Radzanowo za 2018 r.; 14 radnych udzieliło wójtowi wotum zaufania – raport za 2018 istniał; plik nie został opublikowany (stary BIP ugradzanowo.bip.org.pl bez działu raportu, nowy BIP idcom od 02.2020 zawiera raporty od 2019; WWW radzanowo.pl bez pliku 2018) | dowód: http://web.archive.org/web/20190722043556/http://radzanowo.pl/1340-absolutoryjna-sesja-rady-gminy-radzanowo | strona: https://www.radzanowo.pl/1340-absolutoryjna-sesja-rady-gminy-radzanowo",,true
12331,mazowieckie,płocki,Radzanowo,gmina wiejska,1419102,2019,ok_finalnie,pdf,tekst,https://bip-v1-files.idcom-jst.pl/sites/47258/cms/szablony/15646/pliki/raport_o_stanie__gminy__radzanowo_za_2019_r.pdf,direct_without_tor,f0ced24843d6074ae585eb661cda9a060da1062f2ac67504aa84de7d8f9a7f8d,200,2026-09-09T14:25:54Z,[TURA 22 09.09.2026],10.727,true
12332,mazowieckie,płocki,Radzanowo,gmina wiejska,1419102,2020,ok_finalnie,pdf,tekst,https://bip-v1-files.idcom-jst.pl/sites/47258/cms/szablony/17012/pliki/raport_o_stanie_gminy_radzanowo_za_2020_rok.pdf,direct_without_tor,7e8da7f665268a5c422abcdf202144c5ce97505ba708829537a441fa07b4b79b,200,2026-09-09T14:25:58Z,[TURA 22 09.09.2026],5.501,true
12333,mazowieckie,płocki,Radzanowo,gmina wiejska,1419102,2021,ok_finalnie,pdf,tekst,https://bip-v1-files.idcom-jst.pl/sites/47258/cms/szablony/20393/pliki/raport_o_stanie_gminy_radzanowo_za_2021_rok.pdf,direct_without_tor,b46e0636021dce73cb5f0fee150e9110dafad49d1e460f321e37bda2a9799c7e,200,2026-09-09T14:26:02Z,[TURA 22 09.09.2026],7.426,true
12334,mazowieckie,płocki,Radzanowo,gmina wiejska,1419102,2022,ok_finalnie,pdf,tekst,https://bip-v1-files.idcom-jst.pl/sites/47258/cms/szablony/21607/pliki/raport__o_stanie_gm_radzanowo_za_2022_rok.pdf,direct_without_tor,e24f4eb91780da79a29688350b7cf71f84e54331d0eb813a2a06fd7da1f62922,200,2026-09-09T14:26:06Z,[TURA 22 09.09.2026],10.684,true
12335,mazowieckie,płocki,Radzanowo,gmina wiejska,1419102,2023,ok_finalnie,pdf,tekst,https://bip-v1-files.idcom-jst.pl/sites/47258/cms/szablony/23705/pliki/raport_o_stanie_gminy_radzanowo_za_2023_rok.pdf,direct_without_tor,9d47010d40752f72e270c2dea34bfd5d3cf17b0e4e274ba827a9a66177ffb08e,200,2026-09-09T14:26:10Z,[TURA 22 09.09.2026],7.457,true
12336,mazowieckie,płocki,Radzanowo,gmina wiejska,1419102,2024,ok_finalnie,pdf,tekst,https://bip-v1-files.idcom-jst.pl/sites/47258/cms/szablony/26054/pliki/raport_o_stanie_gminy_radzanowo_za_2024_rok.pdf,direct_without_tor,2f3de912c9a5a7116230077b94968755082a39f241bb7aff5337e6b3cd6dabe8,200,2026-09-09T14:26:20Z,[TURA 22 09.09.2026],11.748,true
12337,mazowieckie,płocki,Radzanowo,gmina wiejska,1419102,2025,ok_finalnie,pdf,tekst,https://www.radzanowo.pl/images/aktualnosci/Raport%20o%20stanie%20gminy%20Radzanowo%20za%202025%20rok%20podpisany.pdf,direct_without_tor,91e3a2fc0059c2060fd3799316465701549e96a0e197f362cbbe9b8d7ab99dc4,200,2026-09-09T14:26:23Z,[TURA 22 09.09.2026],5.698,true
12338,mazowieckie,płocki,Słubice,gmina wiejska,1419112,2018,ok_finalnie,docx,tekst,https://ugslubice.bip.org.pl/pliki/ugslubice/raport_za_2018.docx,direct_without_tor,6a433f8f2da7f59c26a01969e221dceaf6fdfc08524a53fe8cd526f61df81002,200,2026-09-08T17:52:40Z,,0.48,true
12339,mazowieckie,płocki,Słubice,gmina wiejska,1419112,2019,ok_finalnie,docx,tekst,https://ugslubice.bip.org.pl/pliki/ugslubice/raport_o_stanie_gminy_slubice_za_2019_r..docx,direct_without_tor,4966af0ee614923c6ee91719ea67bddb66c35944a3e08b9c938b24d03dc0e3f3,200,2026-09-08T17:52:40Z,,0.612,true
12340,mazowieckie,płocki,Słubice,gmina wiejska,1419112,2020,ok_finalnie,docx,tekst,https://ugslubice.bip.org.pl/pliki/ugslubice/raport_o_stanie_gminy_slubice_za_2020_rok..docx,direct_without_tor,fb1398f12d899960e37f75204885d6531a1303c90fef3fd6ba09cf3f799d7168,200,2026-09-08T17:52:40Z,,0.603,true
12341,mazowieckie,płocki,Słubice,gmina wiejska,1419112,2021,ok_finalnie,docx,tekst,https://ugslubice.bip.org.pl/pliki/ugslubice/raport_o_stanie_gminy_slubice_za_2021_r..docx,direct_without_tor,028e375fad34dadbe83e4ebde993cdeca0980dbbbd0791dac9f77341c663de71,200,2026-09-08T17:52:40Z,,0.628,true
12342,mazowieckie,płocki,Słubice,gmina wiejska,1419112,2022,ok_finalnie,pdf,tekst,https://ugslubice.bip.org.pl/pliki/ugslubice/raport_o_stanie_gminy_za_2022_rok_.pdf?20230601151619,direct_without_tor,92a3790be672f9924b5290a65444f40038ffcd8cd970278a496fc7e0ff337c2b,200,2026-09-08T17:52:40Z,,3.185,true
12343,mazowieckie,płocki,Słubice,gmina wiejska,1419112,2023,ok_finalnie,pdf,tekst,https://www.ugslubice.bip.org.pl/pliki/ugslubice/raport_o_stanie_gminy_za_2023_rok.pdf?20250115104926,direct_without_tor,f4560bd9d7ce7fa583bf68b7f914ff680d7393ea0f69d1f03de38e6434e8fb0c,200,2026-09-08T17:52:40Z,,2.974,true
12344,mazowieckie,płocki,Słubice,gmina wiejska,1419112,2024,ok_finalnie,docx,tekst,https://ugslubice.bip.org.pl/pliki/ugslubice/raport_o_stanie_gminy_za_2024_rok.docx,direct_without_tor,c033db6df275a7c608d2ba0486b5692e800bb229e0e0fd0593d5f6cda545dbfd,200,2026-09-08T17:52:40Z,,1.297,true
12345,mazowieckie,płocki,Słubice,gmina wiejska,1419112,2025,ok_finalnie,docx,tekst,https://ugslubice.bip.org.pl/pliki/ugslubice/raport_o_stanie_gminy_za_2025_rok.docx,direct_without_tor,073bfe96d81f348069cb8f301676afefaa7ebde839865335f760395f118df0e7,200,2026-09-08T17:52:40Z,,2.586,true
12346,mazowieckie,płocki,Słupno,gmina wiejska,1419122,2018,ok_finalnie,pdf,tekst,https://ugslupno.bip.org.pl/pliki/ugslupno/raport_2018.pdf?20260908185442,direct_without_tor,6006d8f03091ef7983ad23ffbf21402a247541b52269cdfa885f89c0a123f695,200,2026-09-08T17:53:30Z,,2.936,true
12347,mazowieckie,płocki,Słupno,gmina wiejska,1419122,2019,ok_finalnie,pdf,tekst,https://ugslupno.bip.org.pl/pliki/ugslupno/raport_2019.pdf?20260908185442,direct_without_tor,2a9d3a762cc2ac8b7d3a4a17afa9ac422ff1c7e2f7320628687c86e7855f2b63,200,2026-09-08T17:53:30Z,,3.626,true
12348,mazowieckie,płocki,Słupno,gmina wiejska,1419122,2020,ok_finalnie,pdf,tekst,https://ugslupno.bip.org.pl/pliki/ugslupno/raport_o_stanie_gminy_za_2020_rok.pdf?20260908185442,direct_without_tor,29667a591438434ac987b59211bac62be2f033fac4911f0ec502f09f99d4f6e9,200,2026-09-08T17:53:30Z,,5.921,true
12349,mazowieckie,płocki,Słupno,gmina wiejska,1419122,2021,ok_finalnie,pdf,tekst,https://ugslupno.bip.org.pl/pliki/ugslupno/raport_o_stanie_gminy_za_2021_rok_-_po_zmianie.pdf?20260908185442,direct_without_tor,20f24bfbb34427f62112cb4033d510873a10b44373c8e6ab83c70fba09c89977,200,2026-09-08T17:53:30Z,,4.84,true
12350,mazowieckie,płocki,Słupno,gmina wiejska,1419122,2022,ok_finalnie,pdf,tekst,https://ugslupno.bip.org.pl/pliki/ugslupno/raport.o.stanie.gminy.za.2022.rokkk.pdf?20260908185442,direct_without_tor,9de760e744547a51bea043506f61080d6e1115013961f5f66b930c2837c1c210,200,2026-09-08T17:53:30Z,,8.085,true
12351,mazowieckie,płocki,Słupno,gmina wiejska,1419122,2023,ok_finalnie,pdf,tekst,https://ugslupno.bip.org.pl/pliki/ugslupno/raport_o_stanie_gminy_za_2023_rok_.pdf?20260908185442,direct_without_tor,f3fd8799c81cef16bb5ab08b665bf56af3020f1dd0039a07176131fb0601b6f1,200,2026-09-08T17:53:30Z,,7.541,true
12352,mazowieckie,płocki,Słupno,gmina wiejska,1419122,2024,ok_finalnie,pdf,tekst,https://ugslupno.bip.org.pl/pliki/ugslupno/raport_o_stanie_gminy_za_2024_rok.pdf?20260908185442,direct_without_tor,53689e948bc4140c2ad9ea1cedfe94902321f1c68ea522a0cc4e803337a6863f,200,2026-09-08T17:53:30Z,,8.887,true
12353,mazowieckie,płocki,Słupno,gmina wiejska,1419122,2025,ok_finalnie,pdf,tekst,https://ugslupno.bip.org.pl/pliki/ugslupno/raport_2025.pdf?20260908185442,direct_without_tor,ab6ddfb40aa35a11293f7ce2852230e76b496321daa4fc8c5441cbdfd9319d5b,200,2026-09-08T17:53:30Z,,8.248,true
12354,mazowieckie,płocki,Stara Biała,gmina wiejska,1419132,2018,ok_finalnie,pdf,tekst,https://bip.starabiala.pl/attachments/download/10511,direct_without_tor,1082501bbfb593813d357b6548e5b3492a44624ebae072589365f3d00ca22069,200,2026-09-08T19:55:59Z,,4.358,true
12355,mazowieckie,płocki,Stara Biała,gmina wiejska,1419132,2019,ok_finalnie,pdf,tekst,https://bip.starabiala.pl/attachments/download/10831,direct_without_tor,3d0cf7554dc17c274566d3a4215242de87c86ed5e2d2d247ef3f29d78130ee3f,200,2026-09-08T19:55:59Z,,6.087,true
12356,mazowieckie,płocki,Stara Biała,gmina wiejska,1419132,2020,ok_finalnie,pdf,tekst,https://bip.starabiala.pl/attachments/download/11740,direct_without_tor,0c69c18e4a9a2e75d137b964d762e46b1ec4dc92fd18a130e835cec35ea0c864,200,2026-09-08T19:55:59Z,,4.424,true
12357,mazowieckie,płocki,Stara Biała,gmina wiejska,1419132,2021,ok_finalnie,pdf,tekst,https://bip.starabiala.pl/attachments/download/13192,direct_without_tor,b6aff29ff4207c81b9cac5864bf9e50815ede20f8d08c0c6936611a584b9272d,200,2026-09-08T19:55:59Z,,4.508,true
12358,mazowieckie,płocki,Stara Biała,gmina wiejska,1419132,2022,ok_finalnie,pdf,tekst,https://bip.starabiala.pl/attachments/download/14814,direct_without_tor,8bb213c52d7294170117168a98029ccc1f5e8a2a2717964f336aef7c4bebbe8f,200,2026-09-08T19:55:59Z,,5.645,true
12359,mazowieckie,płocki,Stara Biała,gmina wiejska,1419132,2023,ok_finalnie,pdf,tekst,https://bip.starabiala.pl/attachments/download/16103,direct_without_tor,54f2dd6c501d4b1e3ec5d9d2f263421ab7ff51c0c5c62f13f3d2c3523ca3c62f,200,2026-09-08T19:55:59Z,,4.536,true
12360,mazowieckie,płocki,Stara Biała,gmina wiejska,1419132,2024,ok_finalnie,pdf,tekst,https://bip.starabiala.pl/attachments/download/17784,direct_without_tor,03bbf86c100b77cde2ba21249c50770fe681c1418bcd69dfe5e963efc8bdff9a,200,2026-09-08T19:55:59Z,,6.1,true
12361,mazowieckie,płocki,Stara Biała,gmina wiejska,1419132,2025,ok_finalnie,pdf,tekst,https://bip.starabiala.pl/attachments/download/19177,direct_without_tor,78e610070a263cbf9335675b4a71472c6d66c7cdbf5a4f5a03752f65d74ca35e,200,2026-09-08T19:55:59Z,,3.246,true
12362,mazowieckie,płocki,Staroźreby,gmina wiejska,1419142,2018,ok_finalnie,pdf,skan+OCR,https://bip-v1-files.idcom-jst.pl/sites/47235/wiadomosci/473738/files/r2018.pdf,direct_without_tor + ocr,2ee4abf50499c7f0847c132a92db59ea4f7865475d8f3d5f8fe296273d115515,200,2026-09-09T14:28:43Z,[TURA 22 09.09.2026],9.251,true
12363,mazowieckie,płocki,Staroźreby,gmina wiejska,1419142,2019,ok_finalnie,pdf,tekst,https://bip-v1-files.idcom-jst.pl/sites/47235/wiadomosci/521275/files/raport_o_stanie_gminy_starozreby_za_rok_2019.pdf,direct_without_tor,a66722c50c3dbdc67cf202fa706e400c83585d081762a36bee4e93031431515f,200,2026-09-09T14:28:47Z,[TURA 22 09.09.2026],7.066,true
12364,mazowieckie,płocki,Staroźreby,gmina wiejska,1419142,2020,ok_finalnie,pdf,skan+OCR,https://bip-v1-files.idcom-jst.pl/sites/47235/wiadomosci/574124/files/roport_o_stanie_gminy_za_2020_rok.pdf,direct_without_tor + ocr,b495d352e8e72d6cc65ec50f55d945366e2a65f8b2328d04d2b4ad6ad22aa4ae,200,2026-09-09T14:30:18Z,[TURA 22 09.09.2026],33.387,true
12365,mazowieckie,płocki,Staroźreby,gmina wiejska,1419142,2021,ok_finalnie,pdf,skan+OCR,https://bip-v1-files.idcom-jst.pl/sites/47235/wiadomosci/632430/files/skm_c36822053012560.pdf,direct_without_tor + ocr,4cb5c775f3b648540be9336e7873223041a22c32c3a44d15a0a3b7a745d7f9f9,200,2026-09-09T14:32:00Z,[TURA 22 09.09.2026],11.62,true
12366,mazowieckie,płocki,Staroźreby,gmina wiejska,1419142,2022,ok_finalnie,pdf,skan+OCR,https://bip-v1-files.idcom-jst.pl/sites/47235/wiadomosci/687581/files/raport_o_stanie_gminy_2022.pdf,direct_without_tor + ocr,f7c0de03948674c69e37d9359600b9ec1bf125e54613cfe6b607228e4fcd6d34,200,2026-09-09T14:33:17Z,[TURA 22 09.09.2026],11.334,true
12367,mazowieckie,płocki,Staroźreby,gmina wiejska,1419142,2023,ok_finalnie,pdf,tekst,https://bip-v1-files.idcom-jst.pl/sites/47235/wiadomosci/752863/files/raport_o_stanie_gminy_za_2023_.pdf,direct_without_tor,e6d3ac89e665ddf90a3e26bdb76845697045556b6aa07ebaa1faddebc41b2f07,200,2026-09-09T14:33:22Z,[TURA 22 09.09.2026],12.893,true
12368,mazowieckie,płocki,Staroźreby,gmina wiejska,1419142,2024,ok_finalnie,pdf,skan+OCR,https://bip-v1-files.idcom-jst.pl/sites/47235/wiadomosci/822524/files/raport_o_stanie_gminy_za_2024_rok.pdf,direct_without_tor + ocr,43afc9a6abecf12bf3482b36e9a938258259a38271ab323781bd5c017ea9249e,200,2026-09-09T14:34:46Z,[TURA 22 09.09.2026],16.243,true
12369,mazowieckie,płocki,Staroźreby,gmina wiejska,1419142,2025,ok_finalnie,pdf,tekst,https://bip-v1-files.idcom-jst.pl/sites/47235/wiadomosci/882516/files/raport_o_stanie_gminy_starozreby_za_2025_rok.pdf,direct_without_tor,11ffdb09bf8395e5694b929594fe4db7ae016b4ba1223cd54557ce0059b142fa,200,2026-09-09T14:34:51Z,[TURA 22 09.09.2026],14.216,true
12370,mazowieckie,płocki,Wyszogród,gmina miejsko-wiejska,1419153,2018,ok_finalnie,pdf,skan+OCR,https://ugimwyszogrod.bip.org.pl/pliki/ugimwyszogrod/raport_o_stanie_gim_rok_2018.pdf,direct_without_tor + ocr,e1488fc041c101fb4c0361a44f298b09c795bec2b2bc793338ba01adeba63317,200,2026-09-09T14:37:08Z,[TURA 22 09.09.2026],32.765,true
12371,mazowieckie,płocki,Wyszogród,gmina miejsko-wiejska,1419153,2019,ok_finalnie,pdf,skan+OCR,https://ugimwyszogrod.bip.org.pl/pliki/ugimwyszogrod/raport_za_rok_2019.pdf,direct_without_tor + ocr,5c72bbb97e19af33a86f513bf61dc9f4edeab86749ccbb7d8f9207cf8dd5a80e,200,2026-09-09T14:39:13Z,[TURA 22 09.09.2026],3.284,true
12372,mazowieckie,płocki,Wyszogród,gmina miejsko-wiejska,1419153,2020,ok_finalnie,pdf,skan+OCR,https://ugimwyszogrod.bip.org.pl/pliki/ugimwyszogrod/raport_o_stanie_gminy_za_rok_2020.pdf,direct_without_tor + ocr,33bd8371028977ecec5284bdadb230cc9743b7174be7aa043e2c5e205df251d5,200,2026-09-09T14:41:04Z,[TURA 22 09.09.2026],4.25,true
12373,mazowieckie,płocki,Wyszogród,gmina miejsko-wiejska,1419153,2021,ok_finalnie,pdf,tekst,https://ugimwyszogrod.bip.org.pl/pliki/ugimwyszogrod/raport_o_stanie_gminy_i_miasta_wyszogrod_za_rok_2021_v2-2.pdf,direct_without_tor,e54ed7d869b342640b0fa2b2b87d11e42f9354effa91a1e435e26ed23c4d1d7e,200,2026-09-09T14:41:08Z,[TURA 22 09.09.2026],5.498,true
12374,mazowieckie,płocki,Wyszogród,gmina miejsko-wiejska,1419153,2022,ok_finalnie,pdf,tekst,https://ugimwyszogrod.bip.org.pl/pliki/ugimwyszogrod/raport_o_stanie_gminy_za_2022_r.pdf,direct_without_tor,2240dd11fc5b0ce8f966cf8ad26af21b35ff178dce3d3f00167e16b629a6798f,200,2026-09-09T14:41:13Z,[TURA 22 09.09.2026],12.499,true
12375,mazowieckie,płocki,Wyszogród,gmina miejsko-wiejska,1419153,2023,ok_finalnie,pdf,tekst,https://ugimwyszogrod.bip.org.pl/pliki/ugimwyszogrod/raport_o_stanie_gminy_za_2023_rok.pdf,direct_without_tor,4029841e1f3881180cc68dd6d4c0bd64d69b2cac66f53430fbf3987b4fb3cb4b,200,2026-09-09T14:41:16Z,[TURA 22 09.09.2026],7.158,true
12376,mazowieckie,płocki,Wyszogród,gmina miejsko-wiejska,1419153,2024,ok_finalnie,pdf,tekst,https://ugimwyszogrod.bip.org.pl/pliki/ugimwyszogrod/raport_o_stanie_gminy_za_2024_rok..pdf,direct_without_tor,9311bc66201a05fcca3e90b82d2acf8b2ffcaee6d4c8aab6b7d55f6fb4cd8116,200,2026-09-09T14:41:20Z,[TURA 22 09.09.2026],5.497,true
12377,mazowieckie,płocki,Wyszogród,gmina miejsko-wiejska,1419153,2025,ok_finalnie,pdf,tekst,https://ugimwyszogrod.bip.org.pl/pliki/ugimwyszogrod/raport_o_stanie_gminy_i_miasta_wyszogrod_za_2025_rok_ii2.pdf,direct_without_tor,29995c9bdc8faeffd8b26f1e744dac1c4680dc70502706f192fd8914c43892fd,200,2026-09-09T14:41:23Z,[TURA 22 09.09.2026],4.911,true
12378,mazowieckie,płoński,Płońsk,gmina miejska,1420011,2018,ok_finalnie,pdf,raport,https://gminaplonsk.eu/files/file_add/download/80_raport-o-stanie-gminy-2018.pdf,http_get,8b6bcd3df41e1b6ee8cc00ce21ebe258ff1533560064019e211c87cf0b6550df,200,2026-09-08 00:34:35,,1.299,
12379,mazowieckie,płoński,Płońsk,gmina miejska,1420011,2019,ok_finalnie,pdf,raport,https://gminaplonsk.eu/files/file_add/download/79_raport-o-stanie-gminy-2019.pdf,http_get,0a1c7438a0740d2bf528041d70b4bd9f8274585617dbab170d406e801dd23ce4,200,2026-09-08 00:34:37,,1.472,
12380,mazowieckie,płoński,Płońsk,gmina miejska,1420011,2020,ok_finalnie,pdf,raport,https://gminaplonsk.eu/files/file_add/download/78_rapoert-o-stanie-gminy-2020.pdf,http_get,0dcf9641ac194f5bb0e3a61e379554122a78ef721c75b4c2f9d0ef190f869df9,200,2026-09-08 00:34:39,,2.126,
12381,mazowieckie,płoński,Płońsk,gmina miejska,1420011,2021,ok_finalnie,pdf,raport,https://gminaplonsk.eu/files/file_add/download/77_raport-o-stanie-gminy-plonsk-za-2021-rok.pdf,http_get,3ee17f327ab8424a4b47fc25d9959b6835890f9252c9400eaf86fb501bb4ee42,200,2026-09-08 00:34:41,,2.802,
12382,mazowieckie,płoński,Płońsk,gmina miejska,1420011,2022,ok_finalnie,pdf,raport,https://gminaplonsk.eu/files/file_add/download/254_raport-gminy-za-2022-rok-scan.pdf,http_get,5f5d6c66c5e9ec6f5fc36a123300b457bc8a3f8ed1b92c44dbb4f16556e7cca9,200,2026-09-08 00:34:44,,8.942,
12383,mazowieckie,płoński,Płońsk,gmina miejska,1420011,2023,ok_finalnie,pdf,raport,https://gminaplonsk.eu/files/file_add/download/262_raport-o-stanie-gminy-plonsk-za-2023-rok.pdf,http_get,58d14d5481855fb80792d815f2335c8441b9dde73e276dbcc59fc6d70e419b7f,200,2026-09-08 00:34:46,,3.106,
12384,mazowieckie,płoński,Płońsk,gmina miejska,1420011,2024,ok_finalnie,pdf,raport,https://gminaplonsk.eu/files/file_add/download/427_raport-o-stanie-gminy-plonsk-za-2024r.pdf,http_get,6a5b842ee61336da0f1a1376ee166746e3ab9ce72dd467703a955ecb83e61503,200,2026-09-08 00:34:49,,3.259,
12385,mazowieckie,płoński,Płońsk,gmina miejska,1420011,2025,ok_finalnie,pdf,raport,https://gminaplonsk.eu/files/file_add/download/463_raport-o-stanie-gminy-plonsk-za-2025r.pdf,http_get,4076c5696ec50ee0a4025203fd4d123511cf5196496aa39b8f11eaff1b0e78e2,200,2026-09-08 00:34:51,,1.876,
12386,mazowieckie,płoński,Raciąż,gmina miejska,1420021,2018,nowy,,,,,,,,,,
12387,mazowieckie,płoński,Raciąż,gmina miejska,1420021,2019,nowy,,,,,,,,,,
12388,mazowieckie,płoński,Raciąż,gmina miejska,1420021,2020,ok_finalnie,pdf,tekst,https://bip.miastoraciaz.pl/mfiles/281/3/398/z/Raport-o-stanie-gminy.pdf,direct_without_tor,8e2fbd33908524e746bfef5997de98316227d3c7dd62a13adcb447011c9e4f26,200,2026-09-08T17:56:15Z,,3.718,true
12389,mazowieckie,płoński,Raciąż,gmina miejska,1420021,2021,ok_finalnie,pdf,tekst,https://bip.miastoraciaz.pl/mfiles/281/3/842/z/RAPORT-O-STANIE-GMINY-ZA-ROK-2021.pdf,direct_without_tor,0c6c87dc8c96eeeaca9cd2213236e0ed1c036e4e34e49de6a4444b33056a5ec6,200,2026-09-08T17:56:15Z,,10.322,true
12390,mazowieckie,płoński,Raciąż,gmina miejska,1420021,2022,ok_finalnie,pdf,tekst,https://bip.miastoraciaz.pl/mfiles/281/3/1117/z/Raport-o-stanie-Gminy-Miasto-Raciaz-za-2022-r.-caly.pdf,direct_without_tor,f38781079a3be5238a79ccd9a9d70a972f9a8861f979ba58b4b025e8de4966b6,200,2026-09-08T17:56:15Z,,11.168,true
12391,mazowieckie,płoński,Raciąż,gmina miejska,1420021,2023,ok_finalnie,pdf,tekst,https://bip.miastoraciaz.pl/mfiles/281/3/1465/z/RAPORT-O-STANIE-GMINY-ZA-ROK-2023-mierniki.pdf,direct_without_tor,3f8809be028cb9e9f6f41ca60bbd4636f8a9afbb0060f3076289fcd872744c28,200,2026-09-08T17:56:15Z,,5.708,true
12392,mazowieckie,płoński,Raciąż,gmina miejska,1420021,2024,nowy,,,,,,,,,,
12393,mazowieckie,płoński,Raciąż,gmina miejska,1420021,2025,ok_finalnie,pdf,tekst,https://bip.miastoraciaz.pl/mfiles/281/3/2015/z/Raport_o_stanie_Gminy_Miasto_Raciaz_za_2025.pdf,direct_without_tor,381e270b1eec1c95139137fdf9cacf66511d8cb8da6abffa61030f522cd46a05,200,2026-09-09T07:39:11Z,,1.352,true
12394,mazowieckie,płoński,Baboszewo,gmina wiejska,1420032,2018,ok_finalnie,pdf,tekst,"https://www.bip.gminababoszewo.pl/plik,4356,raport-za-rok-2018.pdf",direct_without_tor,5770120c0dc3e98db71b7f7d2422143bf4a6b8191a1159fb592b5e4ec699f404,200,2026-09-08T17:56:00Z,,4.199,true
12395,mazowieckie,płoński,Baboszewo,gmina wiejska,1420032,2019,ok_finalnie,pdf,tekst,"https://www.bip.gminababoszewo.pl/plik,5196,raport-o-stanie-gminy-pdf.pdf",direct_without_tor,046a7c29942675670cae433a7472ba0f32ff49fa090681aec274d57b3706589f,200,2026-09-08T17:56:00Z,,37.833,true
12396,mazowieckie,płoński,Baboszewo,gmina wiejska,1420032,2020,ok_finalnie,pdf,tekst,"https://www.bip.gminababoszewo.pl/plik,6238,raport-o-stanie-gminy-za-rok-2020.pdf",direct_without_tor,bf43c352554b906dec31325c9cf041c52da52fdb8b23969186ce7c2a1baeb1c1,200,2026-09-08T17:56:00Z,,5.069,true
12397,mazowieckie,płoński,Baboszewo,gmina wiejska,1420032,2021,ok_finalnie,pdf,tekst,"https://www.bip.gminababoszewo.pl/plik,7446,raport-o-stanie-gminy-baboszewo-za-2021-rok.pdf",direct_without_tor,3b464dfcfdbef7a22ea9c619a97ab72fcf0ca72afdb31a73542b37facb984345,200,2026-09-08T17:56:00Z,,4.513,true
12398,mazowieckie,płoński,Baboszewo,gmina wiejska,1420032,2022,ok_finalnie,pdf,tekst,"https://www.bip.gminababoszewo.pl/plik,8716,raport-o-stanie-gminy-baboszewo-za-rok-2022.pdf",direct_without_tor,c771789c21ae1891ec6d4cf00619c761f84209b584a00400d04075054128e1d0,200,2026-09-08T17:56:00Z,,5.563,true
12399,mazowieckie,płoński,Baboszewo,gmina wiejska,1420032,2023,ok_finalnie,pdf,tekst,"https://www.bip.gminababoszewo.pl/plik,10438,raport-o-stanie-gminy-baboszewo-za-rok-2023.pdf",direct_without_tor,4f009c7805f1f3e882a3c2856a33594706b636dbbd97ed0f90521c1d01b96fd6,200,2026-09-08T17:56:00Z,,4.471,true
12400,mazowieckie,płoński,Baboszewo,gmina wiejska,1420032,2024,ok_finalnie,pdf,tekst,"https://www.bip.gminababoszewo.pl/plik,11749,raport-o-stanie-gminy-baboszewo-za-rok-2024.pdf",direct_without_tor,292d27e0f9fb31aa4f2dbdca29f1eb21821cced8c3a81001152b2fedd8d8b246,200,2026-09-08T17:56:00Z,,5.837,true
12401,mazowieckie,płoński,Baboszewo,gmina wiejska,1420032,2025,ok_finalnie,pdf,tekst,"https://www.bip.gminababoszewo.pl/plik,12674,raport-o-stanie-gminy-baboszewo-za-rok-2025.pdf",direct_without_tor,a71f132afcc407b289e0f14c00f3d0bad975363556fe7d98e62e7c982adf4ad5,200,2026-09-08T17:56:00Z,,3.94,true
12402,mazowieckie,płoński,Czerwińsk nad Wisłą,gmina wiejska,1420042,2018,ok_finalnie,pdf,tekst,https://bip-v1-files.idcom-jst.pl/sites/47097/wiadomosci/473349/files/2018_raport_o_stanie_gminy.pdf,direct_without_tor,bf63b5c046074269d756885c7549a14fbee647b2461b255153f90fdae465f2a3,200,2026-09-09T09:14:32Z,,3.095,true
12403,mazowieckie,płoński,Czerwińsk nad Wisłą,gmina wiejska,1420042,2019,ok_finalnie,pdf,tekst,https://bip-v1-files.idcom-jst.pl/sites/47097/wiadomosci/524714/files/raport_o_stanie_2019.pdf,direct_without_tor,4e5d7c38f97f21fc9db27b7ad2f18c691961aa5c467bfe2c0506f0c98e812945,200,2026-09-09T09:14:32Z,,3.958,true
12404,mazowieckie,płoński,Czerwińsk nad Wisłą,gmina miejsko-wiejska,1420043,2020,ok_finalnie,pdf,tekst,https://bip-v1-files.idcom-jst.pl/sites/47097/wiadomosci/578337/files/raport_o_stanie_gminy_za_2020.pdf,direct_without_tor,de541793b306cbb941c841c71c21a78def7366c20d47632ef72d5f9a06ed202d,200,2026-09-09T09:14:33Z,,2.519,true
12405,mazowieckie,płoński,Czerwińsk nad Wisłą,gmina miejsko-wiejska,1420043,2021,ok_finalnie,pdf,tekst,https://bip-v1-files.idcom-jst.pl/sites/47097/wiadomosci/637961/files/raport_o_stanie_gminy_za_2021.pdf,direct_without_tor,89859d991ab7af2b42a3c4eb240ea0056c2275148eecbce8f379f2e16c0c820c,200,2026-09-09T09:14:33Z,,3.305,true
12406,mazowieckie,płoński,Czerwińsk nad Wisłą,gmina miejsko-wiejska,1420043,2022,ok_finalnie,pdf,tekst,https://bip-v1-files.idcom-jst.pl/sites/47097/wiadomosci/690367/files/raport_2022.pdf,direct_without_tor,0977f6b4570ad8e443ccee6c6f0869dbd5c48be60c07f0b7239193ba6e23f574,200,2026-09-09T09:14:33Z,,3.118,true
12407,mazowieckie,płoński,Czerwińsk nad Wisłą,gmina miejsko-wiejska,1420043,2023,ok_finalnie,pdf,tekst,https://bip-v1-files.idcom-jst.pl/sites/47097/wiadomosci/756345/files/raport_o_stanie_gminy__za_2023sig.pdf,direct_without_tor,911c183a25fdf9a24234d62218706b661bad78bb6bcf95dd3c3081523dd8a0b5,200,2026-09-09T09:14:33Z,,5.309,true
12408,mazowieckie,płoński,Czerwińsk nad Wisłą,gmina miejsko-wiejska,1420043,2024,ok_finalnie,pdf,tekst,https://bip-v1-files.idcom-jst.pl/sites/47097/wiadomosci/823764/files/raport_o_stanie_gminy_za_2024_2-sig.pdf,direct_without_tor,eb24ca915442944fa9e173bde0e6e76d91d4fb412f1e2c0d6a81753696088750,200,2026-09-09T09:14:33Z,,5.184,true
12409,mazowieckie,płoński,Czerwińsk nad Wisłą,gmina miejsko-wiejska,1420043,2025,ok_finalnie,pdf,tekst,https://bip-v1-files.idcom-jst.pl/sites/47097/wiadomosci/885786/files/raport_o_stanie_gminy_za_2025_-sig.pdf,direct_without_tor,bbef1ce911abd80cc2a9ce2a6e6e4b85406a6a562e5c679866d20af3df2a588c,200,2026-09-09T09:14:33Z,,4.444,true
12410,mazowieckie,płoński,Dzierzążnia,gmina wiejska,1420052,2018,ok_finalnie,docx,tekst,https://ugdzierzaznia.bip.org.pl/pliki/ugdzierzaznia/raport_o_stanie_gminy_dzierzaznia__ost......docx,direct_without_tor,5505b3fa6a51098442db799d79bf6ba2168571879109ec9cac509e5a637949b5,200,2026-09-09T14:41:26Z,[TURA 22 09.09.2026],0.273,true
12411,mazowieckie,płoński,Dzierzążnia,gmina wiejska,1420052,2019,ok_finalnie,pdf,tekst,https://ugdzierzaznia.bip.org.pl/pliki/ugdzierzaznia/raport_gminy_za_2019_rok.pdf,direct_without_tor,7247024ce85c56688282786523465e7c4f042aa8c388132778bc6f4cc86f7cbe,200,2026-09-09T14:41:28Z,[TURA 22 09.09.2026],1.269,true
12412,mazowieckie,płoński,Dzierzążnia,gmina wiejska,1420052,2020,ok_finalnie,pdf,tekst,https://ugdzierzaznia.bip.org.pl/pliki/ugdzierzaznia/raport_o_stanie_gminy_dzierzaznia_2021.pdf,direct_without_tor,2968e173afbdb10a029ec7b355d4b40b3ec3b6f49412fc6a4932b5925d3a9e8f,200,2026-09-09T14:41:31Z,[TURA 22 09.09.2026],1.121,true
12413,mazowieckie,płoński,Dzierzążnia,gmina wiejska,1420052,2021,ok_finalnie,pdf,tekst,https://ugdzierzaznia.bip.org.pl/pliki/ugdzierzaznia/raport_za_2021_rok.pdf,direct_without_tor,764409e2660f4a4cce3a53c0d5faf58e5bc7676bc355594e3729a5246eabebcd,200,2026-09-09T14:41:33Z,[TURA 22 09.09.2026],1.265,true
12414,mazowieckie,płoński,Dzierzążnia,gmina wiejska,1420052,2022,ok_finalnie,pdf,tekst,https://ugdzierzaznia.bip.org.pl/pliki/ugdzierzaznia/raport_o_stanie_gminy_za_2022_rok.pdf,direct_without_tor,57df5b9f2b6aa5d44499f3847dd113fd5a2c37356ab9e73b4b727b172e1bfa91,200,2026-09-09T14:41:36Z,[TURA 22 09.09.2026],1.42,true
12415,mazowieckie,płoński,Dzierzążnia,gmina wiejska,1420052,2023,ok_finalnie,pdf,tekst,https://ugdzierzaznia.bip.org.pl/pliki/ugdzierzaznia/raport_2023.pdf,direct_without_tor,bdcaf37983a1ba764f1637eaccbb52a026b23298fd09e04d9a2a31db152d7c01,200,2026-09-09T14:41:40Z,[TURA 22 09.09.2026],1.798,true
12416,mazowieckie,płoński,Dzierzążnia,gmina wiejska,1420052,2024,ok_finalnie,pdf,tekst,https://ugdzierzaznia.bip.org.pl/pliki/ugdzierzaznia/raport_2024.pdf,direct_without_tor,46ca6191fad0a248c3533dc9b292515ce3a21339da6b51d938bd24e863152e27,200,2026-09-09T14:41:43Z,[TURA 22 09.09.2026],1.257,true
12417,mazowieckie,płoński,Dzierzążnia,gmina wiejska,1420052,2025,ok_finalnie,pdf,tekst,https://ugdzierzaznia.bip.org.pl/pliki/ugdzierzaznia/raport_2025.pdf,direct_without_tor,b8b22234339d6ca373635f2917fc8b15014d62dbe84295e8afff41c5fab9e214,200,2026-09-09T14:41:45Z,[TURA 22 09.09.2026],0.588,true
12418,mazowieckie,płoński,Naruszewo,gmina wiejska,1420072,2018,ok_finalnie,pdf,raport,https://bip-v1-files.idcom-jst.pl/sites/47301/cms/szablony/16203/pliki/raport_o_stanie_gminy_naruszewo_za_2018_rok.pdf,http_get,4e1444d093057c6ff52780a15244df1f4ec124a44a068c12b2eb40a17ddf08ed,200,2026-09-08 13:53:46,,1.740,
12419,mazowieckie,płoński,Naruszewo,gmina wiejska,1420072,2019,ok_finalnie,pdf,raport,https://bip-v1-files.idcom-jst.pl/sites/47301/cms/szablony/16203/pliki/raport_o_stanie_gminy_naruszewo_za_2019_rok.pdf,http_get,786a071928da638e16326149485936ebc497e708463ad1f92545c7e8b3b28c45,200,2026-09-08 13:53:46,,13.508,
12420,mazowieckie,płoński,Naruszewo,gmina wiejska,1420072,2020,ok_finalnie,pdf,raport,https://bip-v1-files.idcom-jst.pl/sites/47301/cms/szablony/16203/pliki/raport_o_stanie_gminy_naruszewo_za_2020_rok.pdf,http_get,79bfff12a8d1bcb5607f9732142632f457b51c038eb2284340eaf83f2e1ae27b,200,2026-09-08 13:53:46,,4.780,
12421,mazowieckie,płoński,Naruszewo,gmina wiejska,1420072,2021,ok_finalnie,pdf,raport,https://bip-v1-files.idcom-jst.pl/sites/47301/cms/szablony/16203/pliki/raport_o_stanie_gminy_naruszewo_za_2021_rok.pdf,http_get,c5d13f103c94fe412a377453eaa3dd8cfb1e4674ede6dd10df28367cd2cd97ba,200,2026-09-08 13:53:46,,5.427,
12422,mazowieckie,płoński,Naruszewo,gmina wiejska,1420072,2022,ok_finalnie,pdf,raport,https://bip-v1-files.idcom-jst.pl/sites/47301/cms/szablony/16203/pliki/raport_o_stanie_gminy_naruszewo_za_2022_rok.pdf,http_get,b4292d3b873a9a45652059ecbdf2dab7515bfecad70e372f590e69306c6323a0,200,2026-09-08 13:53:46,,10.335,
12423,mazowieckie,płoński,Naruszewo,gmina wiejska,1420072,2023,ok_finalnie,pdf,raport,https://bip-v1-files.idcom-jst.pl/sites/47301/cms/szablony/16203/pliki/raport_o_stanie_gminy_naruszewo_za_2023_rok.pdf,http_get,dd1d975924c620be9402c98841539382ac66c66aa8a97a85fb53fe674c135cbf,200,2026-09-08 13:53:46,,12.760,
12424,mazowieckie,płoński,Naruszewo,gmina wiejska,1420072,2024,ok_finalnie,pdf,raport,https://bip-v1-files.idcom-jst.pl/sites/47301/cms/szablony/16203/pliki/raport_o_stanie_gminy_naruszewo_za_2024_rok.pdf,http_get,321a4cdfd190064a84bbdd4329388518cfa3f2b2c871e3007849c95aaed23daf,200,2026-09-08 13:53:46,,9.059,
12425,mazowieckie,płoński,Naruszewo,gmina wiejska,1420072,2025,nowy,,,,,,,,,,
12426,mazowieckie,płoński,Płońsk,gmina wiejska,1420092,2018,nowy,,,,,,,,,,
12427,mazowieckie,płoński,Płońsk,gmina wiejska,1420092,2019,ok_finalnie,pdf,tekst,https://gminaplonsk.eu/files/file_add/download/79_raport-o-stanie-gminy-2019.pdf,direct_without_tor,0a1c7438a0740d2bf528041d70b4bd9f8274585617dbab170d406e801dd23ce4,200,2026-09-09T07:40:37Z,,1.472,true
12428,mazowieckie,płoński,Płońsk,gmina wiejska,1420092,2020,nowy,,,,,,,,,,
12429,mazowieckie,płoński,Płońsk,gmina wiejska,1420092,2021,ok_finalnie,pdf,raport,https://bip.gminaplonsk.eu/files/file_add/download/367_raport-o-stanie-gminy-plonsk-za-2021-rok.pdf,http_get,3ee17f327ab8424a4b47fc25d9959b6835890f9252c9400eaf86fb501bb4ee42,200,2026-09-08 14:00:56,,2.802,
12430,mazowieckie,płoński,Płońsk,gmina wiejska,1420092,2022,nowy,,,,,,,,,,
12431,mazowieckie,płoński,Płońsk,gmina wiejska,1420092,2023,ok_finalnie,pdf,raport,https://umplonsk.bip.org.pl/pliki/ugplonsk1/raport_o_stanie_gmp_za_2023_r..pdf,http_get,c7877ec6521c8e2ac9f771f058c59e17a4b9ae8c105edbdb2d3773f3a43fcecb,200,2026-09-08 00:40:31,,15.653,
12432,mazowieckie,płoński,Płońsk,gmina wiejska,1420092,2024,ok_finalnie,pdf,raport,https://umplonsk.bip.org.pl/pliki/ugplonsk1/raport_o_stanie_gminy_2024.pdf,http_get,5b1160d17b8c85fff0b645f5f4acf926115b21137679a80a18d655459bb97f2e,200,2026-09-08 00:40:34,,15.687,
12433,mazowieckie,płoński,Płońsk,gmina wiejska,1420092,2025,ok_finalnie,pdf,raport,https://umplonsk.bip.org.pl/pliki/ugplonsk1/raport_o_stanie_gminy_2025.pdf,http_get,a9795dec4b7dbd72b25809558e614dacf37a7a6db069ccf09d23e0915a00a725,200,2026-09-08 00:40:37,,5.373,
12434,mazowieckie,płoński,Raciąż,gmina wiejska,1420102,2018,ok_finalnie,pdf,tekst,https://bip.gminaraciaz.iap.pl/mfiles/929/28/0/z/Raport-o-stanie-Gminy-Raciaz-za-2018-rok.pdf,direct_without_tor,916cf78f73b2cf742aeda0650b00d51b593c5cfaee68726c961f54b53a143429,200,2026-09-08T17:58:44Z,,2.075,true
12435,mazowieckie,płoński,Raciąż,gmina wiejska,1420102,2019,ok_finalnie,pdf,tekst,https://bip.gminaraciaz.iap.pl/mfiles/953/28/0/z/RAPORT-wersja-ostateczna-23-06-2020.pdf,direct_without_tor,4e6c3f18e4ee1f4685081176d340e7319bd5799b11db7fa0aadde3212a4f1216,200,2026-09-08T17:58:44Z,,1.652,true
12436,mazowieckie,płoński,Raciąż,gmina wiejska,1420102,2020,ok_finalnie,pdf,tekst,https://bip.gminaraciaz.iap.pl/mfiles/1356/28/0/z/RAPORT-2020.pdf,direct_without_tor,8b98f53ec7f88521266518449ca06077647fb8f59cdcfb96c11cc5bcf24c8a6c,200,2026-09-08T17:58:44Z,,2.585,true
12437,mazowieckie,płoński,Raciąż,gmina wiejska,1420102,2021,ok_finalnie,pdf,tekst,https://bip.gminaraciaz.iap.pl/mfiles/1387/28/0/z/RAPORT-2021-ostateczny.pdf,direct_without_tor,39cb97cca1c542749769fe714d8ab59a414ad0a793e0fe915db5749be8c9253a,200,2026-09-08T17:58:44Z,,2.31,true
12438,mazowieckie,płoński,Raciąż,gmina wiejska,1420102,2022,ok_finalnie,pdf,tekst,https://bip.gminaraciaz.iap.pl/mfiles/1406/28/0/z/RAPORT-2022.pdf,direct_without_tor,0ae56eab1a7ff525175a1f32223d4e2f11f683e7f11da900355ab2270ec6b8bc,200,2026-09-08T17:58:44Z,,2.73,true
12439,mazowieckie,płoński,Raciąż,gmina wiejska,1420102,2023,ok_finalnie,pdf,tekst,https://bip.gminaraciaz.iap.pl/mfiles/1428/28/0/z/RAPORT-2023-ostateczny.pdf,direct_without_tor,41446e14a42ea7b1e2be49553665c8734a760c515039a62c3878ee13a9349b6e,200,2026-09-08T17:58:44Z,,3.072,true
12440,mazowieckie,płoński,Raciąż,gmina wiejska,1420102,2024,ok_finalnie,docx,tekst,https://bip.gminaraciaz.iap.pl/mfiles/1447/28/0/z/raport-2024-ostateczny.docx,direct_without_tor,feffdb6866aad95ab6b253e5592b0177c179a050c2b2b19b6ca56bb9b2564919,200,2026-09-08T17:58:44Z,,4.791,true
12441,mazowieckie,płoński,Raciąż,gmina wiejska,1420102,2025,ok_finalnie,pdf,tekst,https://bip.gminaraciaz.iap.pl/mfiles/1467/28/0/z/raport-2025.pdf,direct_without_tor,62121e8d7455ed5e55b60d69fb159d140a538520db4df77f0e9f715ef0da4556,200,2026-09-08T17:58:44Z,,1.936,true
12442,mazowieckie,płoński,Załuski,gmina wiejska,1420122,2018,ok_finalnie,pdf,tekst,https://ugzaluski.bip.org.pl/pliki/ugzaluski/raport_o_stanie_gminy_2018.pdf?20260908185525,direct_without_tor,3b687ac8b8c2ca9d4b865d6de39953ccfa2651e9f046f4d8a491eb49d55e23e2,200,2026-09-08T17:58:11Z,,0.934,true
12443,mazowieckie,płoński,Załuski,gmina wiejska,1420122,2019,nowy,,,,,,,,,,
12444,mazowieckie,płoński,Załuski,gmina wiejska,1420122,2020,nowy,,,,,,,,,,
12445,mazowieckie,płoński,Załuski,gmina wiejska,1420122,2021,nowy,,,,,,,,,,
12446,mazowieckie,płoński,Załuski,gmina wiejska,1420122,2022,nowy,,,,,,,,,,
12447,mazowieckie,płoński,Załuski,gmina wiejska,1420122,2023,nowy,,,,,,,,,,
12448,mazowieckie,płoński,Załuski,gmina wiejska,1420122,2024,nowy,,,,,,,,,,
12449,mazowieckie,płoński,Załuski,gmina wiejska,1420122,2025,nowy,,,,,,,,,,
12450,mazowieckie,pruszkowski,-,-,1421,2018,ok_finalnie,pdf,tekst,https://bip.powiat.pruszkow.pl/plik.php?id=15308&wer=1,tor_pl_ip,5dfd95c2a913d2f5674e0b15939df48e931e20c5acc24a45650b2c9c2d1835e7,200,2026-09-08T21:18:24Z,,6.473,true
12451,mazowieckie,pruszkowski,-,-,1421,2019,ok_finalnie,pdf,skan+OCR,https://bip.powiat.pruszkow.pl/plik.php?id=217660&wer=1,tor_pl_ip,37b42f305229df6bbd8a8e94426bbfd97498cf6b12928cb6fdc649f4d8f5baff,200,2026-09-08T21:18:24Z,,23.083,true
12452,mazowieckie,pruszkowski,-,-,1421,2020,ok_finalnie,pdf,tekst,https://bip.powiat.pruszkow.pl/plik.php?id=580010&wer=1,tor_pl_ip,7bd25064da3203b123a23fb6839c9d3c8bfcaac76e8bd458f748cef62bbf2202,200,2026-09-08T21:18:24Z,,4.824,true
12453,mazowieckie,pruszkowski,-,-,1421,2021,ok_finalnie,pdf,tekst,https://bip.powiat.pruszkow.pl/plik.php?id=632372&wer=1,tor_pl_ip,bc7efe3bddb676570d5ca385de6f62de1e6cd7fd3c39e2d309c6e5c885351472,200,2026-09-08T21:18:24Z,,5.541,true
12454,mazowieckie,pruszkowski,-,-,1421,2022,ok_finalnie,pdf,tekst,https://bip.powiat.pruszkow.pl/plik.php?id=1034277&wer=1,tor_pl_ip,aabf95b691b690686c6d1775101f88910e985c6046f7b7917af998a2cd4bc403,200,2026-09-08T21:18:24Z,,3.219,true
12455,mazowieckie,pruszkowski,-,-,1421,2023,ok_finalnie,pdf,tekst,https://bip.powiat.pruszkow.pl/plik.php?id=1437054&wer=1,tor_pl_ip,0962d52a537f859d37554c64e2953f5d0d94f7314b4c3220bdeed0b434c016ee,200,2026-09-08T21:18:24Z,,4.861,true
12456,mazowieckie,pruszkowski,-,-,1421,2024,ok_finalnie,pdf,tekst,https://bip.powiat.pruszkow.pl/plik.php?id=2122630&wer=1,tor_pl_ip,720001929537f8620e4b78f7d9c9bd9bfbbb9141ccd52705a8d127a670a56572,200,2026-09-08T21:18:24Z,,7.745,true
12457,mazowieckie,pruszkowski,-,-,1421,2025,ok_finalnie,pdf,tekst,https://bip.powiat.pruszkow.pl/plik.php?id=2447068&wer=1,tor_pl_ip,5bc38f26ffc96605256c5ea0c56d9145d4e62301c9979844945654fb4db4e7ee,200,2026-09-08T21:18:24Z,,5.969,true
12458,mazowieckie,pruszkowski,Piastów,gmina miejska,1421011,2018,ok_finalnie,pdf,raport,https://bip.piastow.pl/zalacznik/18638,http_get,ed65c37a499ba40547cf96d61ff3ee5eb2f288a99ea3af0a4f7db6ea3d660a32,200,2026-09-08 10:40:16,,4.356,
12459,mazowieckie,pruszkowski,Piastów,gmina miejska,1421011,2019,ok_finalnie,pdf,raport,https://bip.piastow.pl/zalacznik/23915,http_get,b126ce32693be181cbcd8d79659b8601a0b19c23e0a940fdc2a50cbe8f2ef2f6,200,2026-09-08 10:40:16,,6.016,
12460,mazowieckie,pruszkowski,Piastów,gmina miejska,1421011,2020,ok_finalnie,pdf,raport,https://bip.piastow.pl/zalacznik/28773,http_get,d5f9f06cea7653fe6b4108d0013412fd74d1128c792c89ab4bae3556c060ebc4,200,2026-09-08 10:40:16,,5.074,
12461,mazowieckie,pruszkowski,Piastów,gmina miejska,1421011,2021,ok_finalnie,pdf,raport,https://bip.piastow.pl/zalacznik/32725,http_get,841cd93ba930fe5773548d024c939a8b82140ec17afd3ca94a0bf5c6a912f457,200,2026-09-08 10:40:16,,2.670,
12462,mazowieckie,pruszkowski,Piastów,gmina miejska,1421011,2022,ok_finalnie,pdf,raport,https://bip.piastow.pl/zalacznik/36852,http_get,17ab8120558df381f1eeae940ff4f09787b8092588ffa5d068a2951fcd772d84,200,2026-09-08 10:40:47,,8.348,
12463,mazowieckie,pruszkowski,Piastów,gmina miejska,1421011,2023,ok_finalnie,pdf,raport,https://bip.piastow.pl/zalacznik/37915,http_get,8da6fa19c09a660afc327850e5e04f46738a68855f894e78020b07adf48f5ad4,200,2026-09-08 10:40:16,,2.214,
12464,mazowieckie,pruszkowski,Piastów,gmina miejska,1421011,2024,ok_finalnie,pdf,raport,https://bip.piastow.pl/zalacznik/39953,http_get,69a38f48fae047b3c1b1b83f97004b2d82729350dbef04407052e6662b7c5025,200,2026-09-08 10:39:23,,3.773,
12465,mazowieckie,pruszkowski,Piastów,gmina miejska,1421011,2025,ok_finalnie,pdf,raport,https://bip.piastow.pl/zalacznik/42253,http_get,72c5a53d1f7742e88b230805766e68313d58ea32dbcd8c9775aa02a126b716e9,200,2026-09-08 10:40:47,,4.086,
12466,mazowieckie,pruszkowski,Pruszków,gmina miejska,1421021,2018,ok_finalnie,pdf,tekst,https://bip.um.pruszkow.pl/attachments/download/18051,Pruszków BIP attachments,a11f0617e05d5425cc901f1750db835c382e57a1a44224d1a5423232ee01959b,200,2026-09-07T21:32:28Z,,5.445,true
12467,mazowieckie,pruszkowski,Pruszków,gmina miejska,1421021,2019,ok_finalnie,pdf,tekst,https://bip.um.pruszkow.pl/attachments/download/18052,Pruszków BIP attachments,ba051ac1cd1ada1bf16e0af28afd8d4c2c4348b13d80aae9f7967c949b8be17e,200,2026-09-07T21:32:28Z,,14.515,true
12468,mazowieckie,pruszkowski,Pruszków,gmina miejska,1421021,2020,ok_finalnie,pdf,tekst,https://bip.um.pruszkow.pl/attachments/download/18053,Pruszków BIP attachments,c927de4cebc9a0dfd9075b2d303917561b11b271de3254cbf8ae52da07b7564b,200,2026-09-07T21:32:28Z,,9.101,true
12469,mazowieckie,pruszkowski,Pruszków,gmina miejska,1421021,2021,ok_finalnie,html,tekst,https://pruszkow-2021.curulis.pl/raport-2021,direct_without_tor,874efda7e33ac00a90bebeae596de1b1e7bd9be2a2fb91e87f0a4be7ff50bb3e,200,2026-09-09T11:57:01Z,[TURA 22 09.09.2026] | KOREKTA: wejściowy wiersz ok wskazywał niewłaściwy plik; raport za 2021 opublikowany wyłącznie jako serwis WWW (curulis),0.231,true
12470,mazowieckie,pruszkowski,Pruszków,gmina miejska,1421021,2022,ok_finalnie,pdf,tekst,https://bip.um.pruszkow.pl/attachments/download/18054,Pruszków BIP attachments,b08c4c0ced055a101f53f0a786e3a27479bf8dbbb25c94a0bd4856e8f37bdcf6,200,2026-09-07T21:32:28Z,,2.18,true
12471,mazowieckie,pruszkowski,Pruszków,gmina miejska,1421021,2023,ok_finalnie,pdf,tekst,https://bip.um.pruszkow.pl/attachments/download/20739,Pruszków BIP attachments,e01023c128f607f6411bd8a2a558bd17eb29945adcc3c890a2eae0265d6fbe33,200,2026-09-07T21:32:28Z,,2.846,true
12472,mazowieckie,pruszkowski,Pruszków,gmina miejska,1421021,2024,ok_finalnie,pdf,tekst,https://bip.um.pruszkow.pl/attachments/download/23738,Pruszków BIP attachments,decf5960308673358b63b541535205a22539f57d499fe5760d159a100aa0b5f6,200,2026-09-07T21:32:28Z,,33.191,true
12473,mazowieckie,pruszkowski,Pruszków,gmina miejska,1421021,2025,ok_finalnie,pdf,tekst,https://bip.um.pruszkow.pl/attachments/download/26091,Pruszków BIP attachments,abef2009b13d25351d2d0b848fea0740b414221c323b0948b6d96d8d83bc0691,200,2026-09-07T21:32:28Z,,34.427,true
12474,mazowieckie,pruszkowski,Brwinów,gmina miejsko-wiejska,1421033,2018,ok_finalnie,pdf,skan+OCR,"https://bip.brwinow.pl/e,pobierz,get.html?id=68327",direct_without_tor,32d71626d45f65d883d4130d9ed21114c21a100e53c74ae667514017b411472f,200,2026-09-08T21:17:09Z,,6.252,true
12475,mazowieckie,pruszkowski,Brwinów,gmina miejsko-wiejska,1421033,2019,ok_finalnie,pdf,tekst,"https://bip.brwinow.pl/e,pobierz,get.html?id=69304",direct_without_tor,be224e2bdb20672486b67e86e8a660f3a2321f9d08e66512dbe0b9e86f33e527,200,2026-09-08T21:17:09Z,,1.712,true
12476,mazowieckie,pruszkowski,Brwinów,gmina miejsko-wiejska,1421033,2020,ok_finalnie,pdf,skan+OCR,"https://bip.brwinow.pl/e,pobierz,get.html?id=70254",direct_without_tor,711875d99fa84d50b83bd7f52a259ffe34c92e1e391df4c4e6ef3b490552dac8,200,2026-09-08T21:17:09Z,,8.443,true
12477,mazowieckie,pruszkowski,Brwinów,gmina miejsko-wiejska,1421033,2021,ok_finalnie,pdf,tekst,"https://bip.brwinow.pl/e,pobierz,get.html?id=71129",direct_without_tor,0ec4ca2a07c817cc298ed14dad5ab6de46967f9ea890289c9a4b7287424cc0bf,200,2026-09-08T21:17:09Z,,2.626,true
12478,mazowieckie,pruszkowski,Brwinów,gmina miejsko-wiejska,1421033,2022,ok_finalnie,pdf,tekst,"https://bip.brwinow.pl/e,pobierz,get.html?id=72051",direct_without_tor,f1d5e065196ff39540d23e677c756f44272c31c623d401c8a22f534c321c762e,200,2026-09-08T21:17:09Z,,3.207,true
12479,mazowieckie,pruszkowski,Brwinów,gmina miejsko-wiejska,1421033,2023,ok_finalnie,pdf,tekst,"https://bip.brwinow.pl/e,pobierz,get.html?id=72891",direct_without_tor,a34d4a94725223a4ee60ab06f0249901aa59b893574e5f5f5695be6ed4057c57,200,2026-09-08T21:17:09Z,,7.554,true
12480,mazowieckie,pruszkowski,Brwinów,gmina miejsko-wiejska,1421033,2024,ok_finalnie,pdf,tekst,"https://bip.brwinow.pl/e,pobierz,get.html?id=73909",direct_without_tor,47e967af93a879f0de67e1ed47534ee36259f6649ffc42904da45348de133270,200,2026-09-08T21:17:09Z,,5.679,true
12481,mazowieckie,pruszkowski,Brwinów,gmina miejsko-wiejska,1421033,2025,ok_finalnie,pdf,raport,https://brwinow.pl/files/273/Raport-o-stanie-gminy-2025/1507/RaportostanieGminyBrwinowza-rok-2025.pdf,http_get,95d632817e540eaf50794a3f884332da9930f66cfd671edf4ab71e0100afb271,200,2026-09-08 08:51:16,,8.444,
12482,mazowieckie,pruszkowski,Michałowice,gmina wiejska,1421042,2018,nowy,,,,,,,,,,
12483,mazowieckie,pruszkowski,Michałowice,gmina wiejska,1421042,2019,nowy,,,,,,,,,,
12484,mazowieckie,pruszkowski,Michałowice,gmina wiejska,1421042,2020,nowy,,,,,,,,,,
12485,mazowieckie,pruszkowski,Michałowice,gmina wiejska,1421042,2021,nowy,,,,,,,,,,
12486,mazowieckie,pruszkowski,Michałowice,gmina wiejska,1421042,2022,ok_finalnie,pdf,raport,https://www.michalowice.pl/files/redaktorzy/promocja/2023_katalog_inwestycje_2022_/1407032913/lib/20230523_micha%C5%82owice_prezentacja_do_raportu_v2.pdf,http_get,895973c80ca1d95667cdb4ab870c012255e776cd72be76175f1d65e836b92f0f,200,2026-09-08 08:59:39,,5.414,
12487,mazowieckie,pruszkowski,Michałowice,gmina wiejska,1421042,2023,ok_finalnie,pdf,raport,https://www.michalowice.pl/files/935674466/file/Raport_o_stanie_gminy_20231.pdf,http_get,d5eb6881a0e8fd4d1f98cb7633ba433c44b1330ba84b6719979f4f8d1e9e290a,200,2026-09-08 08:58:25,,36.002,
12488,mazowieckie,pruszkowski,Michałowice,gmina wiejska,1421042,2024,ok_finalnie,pdf,raport,https://www.michalowice.pl/files/1765064569/file/Kompresja_Michalowice-2.pdf,http_get,b140214b33e3a6a9c7a6cfa5bd58ee0be4633cfe1dc47377156f3cd404586412,200,2026-09-08 08:58:35,,25.461,
12489,mazowieckie,pruszkowski,Michałowice,gmina wiejska,1421042,2025,nowy,,,,,,,,,,
12490,mazowieckie,pruszkowski,Nadarzyn,gmina wiejska,1421052,2018,ok_finalnie,pdf,raport,"https://bip.nadarzyn.pl/plik,9257,zarzadzenie-nr-58-2019-zalacznik-pdf.pdf",http_get,ae49d8725a47120f62860ee59a9ebcc94dbbf48b9bd23d3c097572a9c78beb29,200,2026-09-08 00:05:34,,0.964,
12491,mazowieckie,pruszkowski,Nadarzyn,gmina wiejska,1421052,2019,ok_finalnie,pdf,raport,"https://bip.nadarzyn.pl/plik,11417,zarzadzenie-nr-77-2020-zalacznik-pdf.pdf",http_get,ecfb2c4a6579646670bb69b4c8f7cf39480b20a015c9281e8ea50906d4a37904,200,2026-09-08 00:06:25,,0.871,
12492,mazowieckie,pruszkowski,Nadarzyn,gmina wiejska,1421052,2020,ok_finalnie,pdf,raport,"https://bip.nadarzyn.pl/plik,13092,zarzadzenie-nr-36-2021-zalacznik-pdf.pdf",http_get,e5e8542b5da5f41a4f5cd8118c113634255d4233ee101e615fb8635130a5e3b9,200,2026-09-08 00:06:28,,0.976,
12493,mazowieckie,pruszkowski,Nadarzyn,gmina wiejska,1421052,2021,ok_finalnie,pdf,raport,"https://bip.nadarzyn.pl/plik,14690,zarzadzenie-nr-55-2022-zalacznik-pdf.pdf",http_get,a1a5575fda41e4fe80dca663c3c0ca5c429bdeddd01d19cd4239688091d57749,200,2026-09-08 00:05:36,,0.806,
12494,mazowieckie,pruszkowski,Nadarzyn,gmina wiejska,1421052,2022,ok_finalnie,pdf,raport,"https://bip.nadarzyn.pl/plik,16696,zarzadzenie-nr-63-2024-zalacznik-pdf.pdf",http_get,b95ebaa44f44e9846545325bd1881b696cfd12c91470f3c986e32839cd0446ca,200,2026-09-08 00:06:33,,0.731,
12495,mazowieckie,pruszkowski,Nadarzyn,gmina wiejska,1421052,2023,ok_finalnie,pdf,raport,"https://bip.nadarzyn.pl/plik,18641,zarzadzenie-nr-56-2023-zalacznik-pdf.pdf",http_get,0bbe9af34782597f203e72ac9da9e884f9c9f2d58747927a0ae9c2180accd9a4,200,2026-09-08 00:06:35,,0.563,
12496,mazowieckie,pruszkowski,Nadarzyn,gmina wiejska,1421052,2024,ok_finalnie,pdf,raport,"https://bip.nadarzyn.pl/plik,20869,zarzadzenie-nr-49-2025-zalacznik.pdf",http_get,54866ccf8c44c99839772a019e8e514a1106e4b71922ee9311e7501a3f84047d,200,2026-09-08 00:06:38,,0.614,
12497,mazowieckie,pruszkowski,Nadarzyn,gmina wiejska,1421052,2025,ok_finalnie,pdf,raport,"https://bip.nadarzyn.pl/plik,23167,zalacznik-do-zarzadzenia-nr-50-2026-wojta-gminy-nadarzyn-raport-o-stanie-gminy-nadarzyn-za-rok-2025.pdf",http_get,2cc28efe35bfc99b146a5feff2c69cfdf79935456ce5cec1099775a5241b967f,200,2026-09-08 00:06:58,,10.908,
12498,mazowieckie,pruszkowski,Raszyn,gmina wiejska,1421062,2018,ok_finalnie,pdf,tekst,https://raszyn.archiwum.bip.net.pl/pliki/20053/20190530_raszyn_raport_o_stanie_gminy___.pdf,direct_without_tor,a13f7cef2304c61fcd50db3defe66fae8676f8026fbe9cfcef17bf970352211f,200,2026-09-08T18:03:00Z,,3.448,true
12499,mazowieckie,pruszkowski,Raszyn,gmina wiejska,1421062,2019,ok_finalnie,pdf,tekst,http://pobierz.raszyn.pl/BIP/raport_o_stanie_gminy_raszyn_2019.pdf,direct_without_tor_ssl_off,eaddc0238b16b4f4c9d6c3e7445a2d524ac3e38720c9bf63fc6e444e472dccee,200,2026-09-08T18:03:00Z,,221.316,true
12500,mazowieckie,pruszkowski,Raszyn,gmina wiejska,1421062,2020,ok_finalnie,pdf,tekst,https://raszyn.archiwum.bip.net.pl/pliki/23419/Raport_o_stanie_Gminy_Raszyn_2020.pdf,direct_without_tor,bfc901cf786ce2b57538bfdd009fd7c15966798b8dd509312cb6dce44ee4a4cf,200,2026-09-08T18:03:00Z,,11.612,true
12501,mazowieckie,pruszkowski,Raszyn,gmina wiejska,1421062,2021,ok_finalnie,pdf,tekst,https://raszyn.archiwum.bip.net.pl/pliki/25086/Raport_o_stanie_GR_2021.pdf,direct_without_tor,a11175843fd6c4a1351e957df4bb8e0762a55b763417ae4be8a8edd7053662dd,200,2026-09-08T18:03:00Z,,34.134,true
12502,mazowieckie,pruszkowski,Raszyn,gmina wiejska,1421062,2022,ok_finalnie,pdf,tekst,https://bip-api.raszyn.pl/api/attachments/1158,direct_without_tor,6219088cd0303d91e418a43b6f8a4e9ba5b4e2a41b6a3730e0a515518ae1a81b,200,2026-09-09T10:59:15Z,[TURA 22 09.09.2026],124.988,true
12503,mazowieckie,pruszkowski,Raszyn,gmina wiejska,1421062,2023,ok_finalnie,pdf,tekst,https://bip-api.raszyn.pl/api/attachments/2277,direct_without_tor,b089a27ca281d7c0fb5f9e96b34bdf1b6a75cec5dac216926ce059b46b71aee9,200,2026-09-09T10:59:57Z,[TURA 22 09.09.2026] | KOREKTA: wejściowy CSV wskazywał instrukcję BIP (BIPv2_Instrukcja_Interesanta.pdf) zamiast raportu,20.347,true
12504,mazowieckie,pruszkowski,Raszyn,gmina wiejska,1421062,2024,ok_finalnie,pdf,tekst,https://bip-api.raszyn.pl/api/attachments/3840,direct_without_tor,ff29cf7065090f8b4c57d37ec83f95a67d63dc92d5b78641cd662e8d32c010ef,200,2026-09-09T11:00:16Z,[TURA 22 09.09.2026] | KOREKTA: wejściowy CSV wskazywał instrukcję BIP (BIPv2_Instrukcja_Interesanta.pdf) zamiast raportu,31.72,true
12505,mazowieckie,pruszkowski,Raszyn,gmina wiejska,1421062,2025,ok_finalnie,pdf,tekst,https://bip-api.raszyn.pl/api/attachments/5028,direct_without_tor,6cfc71c4c9aae5810ff7aaadf357855f53b6b55e782c36147c7b0ba275e77463,200,2026-09-09T11:00:24Z,[TURA 22 09.09.2026] | KOREKTA: wejściowy CSV wskazywał instrukcję BIP (BIPv2_Instrukcja_Interesanta.pdf) zamiast raportu,12.345,true
12506,mazowieckie,przysuski,-,-,1423,2018,ok_finalnie,pdf,tekst,"https://bip.przysucha.pl/e,pobierz,get.html?id=33104",direct_without_tor,57295d5f0aad8eab87d93d32fdbe0459c09f052e4edf48bffc35e0714a6b5167,200,2026-09-09T09:56:43Z,[TURA 22 09.09.2026],2.065,true
12507,mazowieckie,przysuski,-,-,1423,2019,ok_finalnie,pdf,tekst,"https://bip.przysucha.pl/e,pobierz,get.html?id=33105",direct_without_tor,9cfdf24deae277926db0fbd8695848a2489c65a3261f1201e8cdb43dd75974d2,200,2026-09-09T09:14:32Z,,2.059,true
12508,mazowieckie,przysuski,-,-,1423,2020,ok_finalnie,pdf,tekst,"https://bip.przysucha.pl/e,pobierz,get.html?id=33106",direct_without_tor,8854fffdfe2a55c3b24d1090687a0435816328173f3d80d8f72836a0efdf8f69,200,2026-09-08T21:18:53Z,,2.095,true
12509,mazowieckie,przysuski,-,-,1423,2021,ok_finalnie,pdf,tekst,"https://bip.przysucha.pl/e,pobierz,get.html?id=33056",direct_without_tor,401fd05b534fad69a1d25557448893796e1262d0b279012feedcf34fe5d40c8a,200,2026-09-08T21:18:53Z,,2.477,true
12510,mazowieckie,przysuski,-,-,1423,2022,ok_finalnie,pdf,tekst,"https://bip.przysucha.pl/e,pobierz,get.html?id=34247",direct_without_tor,cf2d6ddaa4c13ddcede1e9c6af26768e087cf834fd5d435927123f211ab7aa78,200,2026-09-08T21:18:53Z,,2.34,true
12511,mazowieckie,przysuski,-,-,1423,2023,ok_finalnie,pdf,tekst,"https://bip.przysucha.pl/e,pobierz,get.html?id=35585",direct_without_tor,0fb70bec396c0b367a09c2b7ee4f70a9ce7b25b6a004bb959ab44af64f541bed,200,2026-09-08T21:18:53Z,,2.507,true
12512,mazowieckie,przysuski,-,-,1423,2024,ok_finalnie,pdf,tekst,"https://bip.przysucha.pl/e,pobierz,get.html?id=36821",direct_without_tor,1f9666f191c26b3e3401688d45c7d38c25d77ef65267ca615765f542ace7f717,200,2026-09-08T21:18:53Z,,4.621,true
12513,mazowieckie,przysuski,-,-,1423,2025,ok_finalnie,pdf,tekst,"https://bip.przysucha.pl/e,pobierz,get.html?id=38273",direct_without_tor,e958079e1bea92110744dc966b856e48a288ec16bbbda6d96e28489db03eabf1,200,2026-09-08T21:18:53Z,,5.604,true
12514,mazowieckie,przysuski,Borkowice,gmina wiejska,1423012,2018,ok_finalnie,pdf,tekst,http://borkowice.bip.gmina.pl/upload/Raport%20o%20stanie%20Gminy%20za%202018r..pdf,direct_without_tor,cfa8fe6c22fc5518977cc6e5d460e4fffe699ae67789d8bfe5c81dfc7364bc1d,200,2026-09-09T14:43:28Z,[TURA 22 09.09.2026],1.109,true
12515,mazowieckie,przysuski,Borkowice,gmina wiejska,1423012,2019,ok_finalnie,pdf,skan+OCR,http://borkowice.bip.gmina.pl/upload/SKMBT_22320050712420.pdf,direct_without_tor + ocr,ca22bd104c51c8db1b9f46b5218452ed1019aa4b7b871fad9d5b531cc4ec29ea,200,2026-09-09T14:44:50Z,[TURA 22 09.09.2026],13.045,true
12516,mazowieckie,przysuski,Borkowice,gmina wiejska,1423012,2020,ok_finalnie,docx,tekst,http://borkowice.bip.gmina.pl/upload/Raport%20za%202020r.%20-26.04.2021r_.docx,direct_without_tor,10691694789f2b45d59fdc300d1ed9159f2cfccee166adae11968b71ed8eb46f,200,2026-09-09T14:44:52Z,[TURA 22 09.09.2026],0.233,true
12517,mazowieckie,przysuski,Borkowice,gmina wiejska,1423012,2021,ok_finalnie,docx,tekst,http://borkowice.bip.gmina.pl/upload/Raport%20za%202021r.%20-16.05.2022r_.docx,direct_without_tor,69082a1897573e5f0c77547e088b8307548b8e1d9d3da134115762428c3125f8,200,2026-09-09T14:44:54Z,[TURA 22 09.09.2026],0.199,true
12518,mazowieckie,przysuski,Borkowice,gmina wiejska,1423012,2022,ok_finalnie,pdf,tekst,http://borkowice.bip.gmina.pl/upload/raport%20o%20stanie%202022.pdf,direct_without_tor,9a2e43f972e2c7b1f489109f0616f15ec5a344491d758d952b1edeee44050b22,200,2026-09-09T14:44:58Z,[TURA 22 09.09.2026],2.137,true
12519,mazowieckie,przysuski,Borkowice,gmina wiejska,1423012,2023,ok_finalnie,pdf,tekst,http://borkowice.bip.gmina.pl/upload/RAPORT%202023.pdf,direct_without_tor,64c9772124b929430f195de7d8787c636bc014aa36abd944ef89a53f3c96dfe4,200,2026-09-09T14:45:03Z,[TURA 22 09.09.2026],2.311,true
12520,mazowieckie,przysuski,Borkowice,gmina wiejska,1423012,2024,brak_finalnie,,,brak,"dogłębne sprawdzenie (web search bez Tora, kilka silników + BIP/CMS: wyszukiwarka, kategorie raport/uchwały/zarządzenia/sesje + sitemap + Wayback CDX + alternatywne domeny; pobieranie także przez Tor z polskim IP) - dowód proceduralny istnienia raportu, brak opublikowanego pliku",,BRAK_URL (dowód istnienia - nieopublikowany),2026-09-09T14:45:03Z,"[TURA 22 09.09.2026] NEG-plik, DOWOD ISTNIENIA POTWIERDZONY: Uchwała Nr XII/67/2025 Rady Gminy Borkowice z 29.05.2025 w sprawie udzielenia Wójtowi Gminy Borkowice wotum zaufania (BIP: Uchwały kadencji 2024-2029) oraz aktualność WWW ""Absolutorium dla Wójta"" (30.05.2025): ""radni przyjęli przedstawiony przez Wójta Roberta Fidosa raport o stanie gminy za 2024 r."" – raport za 2024 istniał; plik raportu nie został opublikowany w BIP (dział ""Raport o Stanie Gminy"" zawiera lata 2018-2023 i 2025) | dowód: http://borkowice.bip.gmina.pl/upload/SKM_C250i25060413120.pdf | strona: http://borkowice.bip.gmina.pl/index.php?id=533",,true
12521,mazowieckie,przysuski,Borkowice,gmina wiejska,1423012,2025,brak_finalnie,,,brak,"dogłębne sprawdzenie (web search bez Tora, kilka silników + BIP/CMS: wyszukiwarka, kategorie raport/uchwały/zarządzenia/sesje + sitemap + Wayback CDX + alternatywne domeny; pobieranie także przez Tor z polskim IP) - dowód proceduralny istnienia raportu, brak opublikowanego pliku",,BRAK_URL (dowód istnienia - nieopublikowany),2026-09-09T14:45:03Z,"[TURA 22 09.09.2026] NEG-plik, DOWOD ISTNIENIA POTWIERDZONY: W BIP (dział ""Raport o Stanie Gminy"", wpis ""RAPORT O STANIE GMINY BORKOWICE ZA ROK 2025"" z 2026-05-07) opublikowano plik upload/RAPORT O STANIE GMINY BORKOWICE ZA ROK 20252525.pdf, ale plik ma 0 bajtów (na serwerze żywym i w kopii archiwalnej sam3.pl) – pobranie niemożliwe; istnienie raportu potwierdza także uchwała Nr XXIII/132/2026 z 28.05.2026 w sprawie udzielenia Wójtowi wotum zaufania oraz aktualność WWW ""Absolutorium dla Wójta"" (28.05.2026) | dowód: http://borkowice.bip.gmina.pl/upload/RAPORT%20O%20STANIE%20GMINY%20BORKOWICE%20ZA%20ROK%2020252525.pdf | strona: http://borkowice.bip.gmina.pl/index.php?id=420",,true
12522,mazowieckie,przysuski,Gielniów,gmina wiejska,1423022,2018,nowy,,,,,,,,,,
12523,mazowieckie,przysuski,Gielniów,gmina wiejska,1423022,2019,ok_finalnie,pdf,tekst,"https://bip.uggielniow.nv.pl/e,pobierz,get.html?id=14471",direct_without_tor,554aceb7c6360c88bfe3732f6d178e00940338154d3c6f789674a88636e33b39,200,2026-09-09T07:39:40Z,,1.048,true
12524,mazowieckie,przysuski,Gielniów,gmina wiejska,1423022,2020,nowy,,,,,,,,,,
12525,mazowieckie,przysuski,Gielniów,gmina wiejska,1423022,2021,ok_finalnie,pdf,tekst,https://samorzad.gov.pl/attachment/9e57f5e4-a06b-47cd-861a-7d0eb6efbd7c,direct_without_tor,8a0cd5c42d8f1afea660266fd41325afd813363b480a287da27bf6a531020118,200,2026-09-09T07:39:40Z,,0.929,true
12526,mazowieckie,przysuski,Gielniów,gmina wiejska,1423022,2022,nowy,,,,,,,,,,
12527,mazowieckie,przysuski,Gielniów,gmina wiejska,1423022,2023,nowy,,,,,,,,,,
12528,mazowieckie,przysuski,Gielniów,gmina miejsko-wiejska,1423023,2024,ok_finalnie,pdf,tekst,"https://bip.uggielniow.nv.pl/e,pobierz,get.html?id=16890",direct_without_tor,4d57a21f9406c54d9f4ce576f908d8ebb10eb2eb6d438e974840df625d63eed7,200,2026-09-08T21:17:28Z,,2.012,true
12529,mazowieckie,przysuski,Gielniów,gmina miejsko-wiejska,1423023,2025,ok_finalnie,pdf,tekst,"https://bip.uggielniow.nv.pl/e,pobierz,get.html?id=17955",direct_without_tor,c904c68fe78a40ff9138b877d06f12adf144b37d3c95361e47f127d49dcbd85d,200,2026-09-08T21:17:28Z,,1.347,true
12530,mazowieckie,przysuski,Klwów,gmina wiejska,1423032,2018,nowy,,,,,,,,,,
12531,mazowieckie,przysuski,Klwów,gmina wiejska,1423032,2019,nowy,,,,,,,,,,
12532,mazowieckie,przysuski,Klwów,gmina wiejska,1423032,2020,nowy,,,,,,,,,,
12533,mazowieckie,przysuski,Klwów,gmina wiejska,1423032,2021,nowy,,,,,,,,,,
12534,mazowieckie,przysuski,Klwów,gmina wiejska,1423032,2022,nowy,,,,,,,,,,
12535,mazowieckie,przysuski,Klwów,gmina wiejska,1423032,2023,ok_finalnie,pdf,skan+OCR,https://www.bip.klwow.akcessnet.net/UserFiles/File/2024/raport%20o%20stanie%20gminy.pdf,direct_without_tor,9c208bb57e1cf180d9de4f050c574161420e75d7d54c4bf81c38fe4d195d4300,200,2026-09-08T17:59:05Z,,6.971,true
12536,mazowieckie,przysuski,Klwów,gmina wiejska,1423032,2024,ok_finalnie,pdf,tekst,https://www.bip.klwow.akcessnet.net/UserFiles/File/2025/raport%20o%20stanie%20gminy%20Klwow%20za%202024.pdf,direct_without_tor,ca724a4cf514986b62caf4134d2318c75b3a3dbf85e28f7e95341b323d834ee9,200,2026-09-08T17:59:05Z,,1.362,true
12537,mazowieckie,przysuski,Klwów,gmina wiejska,1423032,2025,ok_finalnie,pdf,skan+OCR,https://www.bip.klwow.akcessnet.net/UserFiles/File/raport%20o%20stanie%20gminy(1).pdf,direct_without_tor,fca3b1fb9c4c39ba2bab92386afdd52a08fa0d4e033858cdaa65a27eaf8f36a2,200,2026-09-08T17:59:05Z,,1.426,true
12538,mazowieckie,przysuski,Odrzywół,gmina wiejska,1423042,2018,brak_finalnie,,,brak,"dogłębne sprawdzenie (web search bez Tora, kilka silników + BIP/CMS: wyszukiwarka, kategorie raport/uchwały/zarządzenia/sesje + sitemap + Wayback CDX + alternatywne domeny; pobieranie także przez Tor z polskim IP) - dowód proceduralny istnienia raportu, brak opublikowanego pliku",,BRAK_URL (dowód istnienia - nieopublikowany),2026-09-09T16:48:41Z,"[TURA 22 09.09.2026] NEG-plik, DOWOD ISTNIENIA POTWIERDZONY: Uchwała Nr VI.41.2019 Rady Gminy Odrzywół z 18.06.2019 w sprawie udzielenia Wójtowi wotum zaufania | dowód: https://www.bip.odrzywol.akcessnet.net/upload/plik,20190703090317,41_2019.pdf | strona: https://www.bip.odrzywol.akcessnet.net/index.php?idg=3&id=851&x=60&y=93",,true
12539,mazowieckie,przysuski,Odrzywół,gmina wiejska,1423042,2019,brak_finalnie,,,brak,"dogłębne sprawdzenie (web search bez Tora, kilka silników + BIP/CMS: wyszukiwarka, kategorie raport/uchwały/zarządzenia/sesje + sitemap + Wayback CDX + alternatywne domeny; pobieranie także przez Tor z polskim IP) - dowód proceduralny istnienia raportu, brak opublikowanego pliku",,BRAK_URL (dowód istnienia - nieopublikowany),2026-09-09T16:48:41Z,"[TURA 22 09.09.2026] NEG-plik, DOWOD ISTNIENIA POTWIERDZONY: Uchwała Nr XIV.91.2020 z 7.05.2020 w sprawie udzielenia Wójtowi wotum zaufania; artykuł mazopolska.pl 1.05.2020 „Poznaliśmy raport o stanie Gminy Odrzywół” (dane za 2019) | dowód: https://www.bip.odrzywol.akcessnet.net/upload/plik,20200520082954,xiv_91_2020.pdf | strona: https://www.bip.odrzywol.akcessnet.net/index.php?idg=3&id=883&x=60&y=93",,true
12540,mazowieckie,przysuski,Odrzywół,gmina wiejska,1423042,2020,brak_finalnie,,,brak,"dogłębne sprawdzenie (web search bez Tora, kilka silników + BIP/CMS: wyszukiwarka, kategorie raport/uchwały/zarządzenia/sesje + sitemap + Wayback CDX + alternatywne domeny; pobieranie także przez Tor z polskim IP) - dowód proceduralny istnienia raportu, brak opublikowanego pliku",,BRAK_URL (dowód istnienia - nieopublikowany),2026-09-09T16:48:41Z,"[TURA 22 09.09.2026] NEG-plik, DOWOD ISTNIENIA POTWIERDZONY: Uchwała Nr XX.145.2021 z 20.05.2021 w sprawie udzielenia Wójtowi wotum zaufania | dowód: https://www.bip.odrzywol.akcessnet.net/upload/plik,20210531101211,xx_145.pdf | strona: https://www.bip.odrzywol.akcessnet.net/index.php?idg=3&id=904&x=60&y=93",,true
12541,mazowieckie,przysuski,Odrzywół,gmina wiejska,1423042,2021,brak_finalnie,,,brak,"dogłębne sprawdzenie (web search bez Tora, kilka silników + BIP/CMS: wyszukiwarka, kategorie raport/uchwały/zarządzenia/sesje + sitemap + Wayback CDX + alternatywne domeny; pobieranie także przez Tor z polskim IP) - dowód proceduralny istnienia raportu, brak opublikowanego pliku",,BRAK_URL (dowód istnienia - nieopublikowany),2026-09-09T16:48:41Z,"[TURA 22 09.09.2026] NEG-plik, DOWOD ISTNIENIA POTWIERDZONY: Uchwała Nr XXVII.211.2022 w sprawie udzielenia Wójtowi wotum zaufania; Echo Dnia: wójt przedłożył raport o stanie Gminy Odrzywół za 2021 rok | dowód: https://www.bip.odrzywol.akcessnet.net/upload/plik,20220610131057,2022_xxvii_211.pdf | strona: https://www.bip.odrzywol.akcessnet.net/index.php?idg=3&id=933&x=60&y=93",,true
12542,mazowieckie,przysuski,Odrzywół,gmina wiejska,1423042,2022,nowy,,,,,,,,,,
12543,mazowieckie,przysuski,Odrzywół,gmina wiejska,1423042,2023,ok_finalnie,pdf,tekst,"https://www.bip.odrzywol.akcessnet.net/upload/plik,20240604073119,raport_o_stanie_gminy_za_2023_r.pdf",direct_without_tor,d6b9ea7385b23f72776ad321094247a0f670cb3ed4714da7d300ff764ae29012,200,2026-09-09T09:14:39Z,,1.669,true
12544,mazowieckie,przysuski,Odrzywół,gmina miejsko-wiejska,1423043,2024,ok_finalnie,pdf,tekst,"https://www.bip.odrzywol.akcessnet.net/upload/plik,20250829105535,raport_o_stanie_miasta_i_gminy_za_2024_rok.pdf",direct_without_tor,7c4b69de0a4b92273c308c54756478fceab99e570df69a1965df6bd0a75196cc,200,2026-09-09T09:14:38Z,,1.668,true
12545,mazowieckie,przysuski,Odrzywół,gmina miejsko-wiejska,1423043,2025,ok_finalnie,pdf,tekst,"https://www.bip.odrzywol.akcessnet.net/upload/plik,20260522122754,raport_o_stanie_miasta_i_gminy_za_2025_rok.pdf",direct_without_tor,62c59e3aff10832bda1b75bf2882e36fee752096415c8b47abe890e6e7d683db,200,2026-09-09T09:14:38Z,,1.605,true
12546,mazowieckie,przysuski,Potworów,gmina wiejska,1423052,2018,ok_finalnie,pdf,tekst,https://potworow.biuletyn.net/fls/bip_pliki/2024_05/BIPF6197263B91531Z/Raport_o_stanie_gminy_za_2018.pdf,tor_pl_ip,533691ef4b54171cb7956549c8c044de07b6ea3a0a4ff11341ee082091e3a1cd,200,2026-09-08T20:29:53Z,,0.377,true
12547,mazowieckie,przysuski,Potworów,gmina wiejska,1423052,2019,ok_finalnie,pdf,tekst,https://potworow.biuletyn.net/fls/bip_pliki/2024_05/BIPF6197263CD188BZ/raport_o_stanie_gminy_za_2019_.pdf,tor_pl_ip,fee7a0d88880e60bdbac287ec99699031da7b6e3202daa20f01addc2e7ddf4c1,200,2026-09-08T20:29:53Z,,0.383,true
12548,mazowieckie,przysuski,Potworów,gmina wiejska,1423052,2020,ok_finalnie,pdf,tekst,https://potworow.biuletyn.net/fls/bip_pliki/2024_05/BIPF6197263DF9370Z/raport_o_stanie_gminy_za_2020_.pdf,tor_pl_ip,ca6491726a4bb940336691c6dc8c1656268304a5eb5de7fc1371c27451ae19d5,200,2026-09-08T20:29:53Z,,0.379,true
12549,mazowieckie,przysuski,Potworów,gmina wiejska,1423052,2021,ok_finalnie,pdf,tekst,https://potworow.biuletyn.net/fls/bip_pliki/2024_05/BIPF6197264AE3EZ/raport_o_stanie_gminy_za_2021.pdf,tor_pl_ip,eeb69cd0f29f439f8f9a20f20cf7209a3e169fee081ed09526a7af7575a50eab,200,2026-09-08T20:29:53Z,,0.408,true
12550,mazowieckie,przysuski,Potworów,gmina wiejska,1423052,2022,nowy,,,,,,,,,,
12551,mazowieckie,przysuski,Potworów,gmina wiejska,1423052,2023,ok_finalnie,pdf,tekst,https://potworow.biuletyn.net/fls/bip_pliki/2024_09/BIPF6215C1DA47381Z/Z_15_2024.pdf,tor_pl_ip,5be6c4bdf8ddcf82e0d49db8fc8d4678d9c59b3e1894566d986bec4b2000f613,200,2026-09-08T20:29:53Z,,2.271,true
12552,mazowieckie,przysuski,Potworów,gmina wiejska,1423052,2024,ok_finalnie,pdf,tekst,https://potworow.biuletyn.net/fls/bip_pliki/2025_05/BIPF636487A1A25C6Z/RAPORT_-_CALOSC_merged-1.pdf,tor_pl_ip,a1622ba8de1c2cccd7407b914175ef769925f9679aab091f6610d5bce399ec70,200,2026-09-08T20:29:53Z,,1.826,true
12553,mazowieckie,przysuski,Potworów,gmina wiejska,1423052,2025,ok_finalnie,pdf,tekst,https://potworow.biuletyn.net/fls/bip_pliki/2026_05/BIPF652EED0362F3FZ/RAPORT_O_STANIE_GMINY_2025.pdf,tor_pl_ip,68a53f2a8992258a41169e958e5da9f8211229cf3008bf9a323fddee4ac2947d,200,2026-09-08T20:29:53Z,,2.288,true
12554,mazowieckie,przysuski,Przysucha,gmina miejsko-wiejska,1423063,2018,nowy,,,,,,,,,,
12555,mazowieckie,przysuski,Przysucha,gmina miejsko-wiejska,1423063,2019,ok_finalnie,pdf,tekst,https://www.gminaprzysucha.pl/Common/pobierzPlik/id/31/module_short/port/obj_id/3319/culture/pl/version/pub.html,direct_without_tor,ab1e5fd4dd299ae3a5dc0c15f36e6cd2225cf1b232f1eb0216f14dd1f3e56216,200,2026-09-08T18:02:42Z,,6.597,true
12556,mazowieckie,przysuski,Przysucha,gmina miejsko-wiejska,1423063,2020,ok_finalnie,pdf,tekst,https://www.gminaprzysucha.pl/Common/pobierzPlik/id/58/module_short/port/obj_id/3434/culture/pl/version/pub.html,direct_without_tor,97afd1a992e744a420e0286bfc40fd450d4b9bd0dc0b923c94e3bf688dc7be48,200,2026-09-08T18:02:42Z,,8.004,true
12557,mazowieckie,przysuski,Przysucha,gmina miejsko-wiejska,1423063,2021,ok_finalnie,pdf,tekst,https://www.gminaprzysucha.pl/Common/pobierzPlik/id/272/module_short/port/obj_id/3486/culture/pl/version/pub.html,direct_without_tor,879b71758fb4650267caf7719d7dd14cdfee8b8c5160cabb109b9a2899798c2b,200,2026-09-08T18:02:42Z,,6.077,true
12558,mazowieckie,przysuski,Przysucha,gmina miejsko-wiejska,1423063,2022,ok_finalnie,pdf,tekst,https://www.gminaprzysucha.pl/Common/pobierzPlik/id/432/module_short/port/obj_id/3526/culture/pl/version/pub.html,direct_without_tor,37b2f92947192240e0343ae110ea5d208cb0049211325e38b7eae79040b96ebe,200,2026-09-08T18:02:42Z,,3.887,true
12559,mazowieckie,przysuski,Przysucha,gmina miejsko-wiejska,1423063,2023,ok_finalnie,pdf,tekst,https://www.gminaprzysucha.pl/Common/pobierzPlik/id/591/module_short/port/obj_id/3537/culture/pl/version/pub.html,direct_without_tor,9c764faf9141563c3a02d829fd6aaedcb715fe4013cc0472a1c0704b1647b39b,200,2026-09-08T18:02:42Z,,2.179,true
12560,mazowieckie,przysuski,Przysucha,gmina miejsko-wiejska,1423063,2024,ok_finalnie,pdf,tekst,https://www.gminaprzysucha.pl/Common/pobierzPlik/id/737/module_short/port/obj_id/3574/culture/pl/version/pub.html,direct_without_tor,bc9f99148a538371c9cea7a03fd4d047dcee86425ac3a6d49fbe307411dd8366,200,2026-09-08T18:02:42Z,,3.88,true
12561,mazowieckie,przysuski,Przysucha,gmina miejsko-wiejska,1423063,2025,ok_finalnie,pdf,tekst,https://www.gminaprzysucha.pl/Common/pobierzPlik/id/899/module_short/port/obj_id/3649/culture/pl/version/pub.html,direct_without_tor,9c397662f5285a300aaa9063f60777359856762df637497bda683bb7d4978215,200,2026-09-08T18:02:42Z,,8.361,true
12562,mazowieckie,przysuski,Rusinów,gmina wiejska,1423072,2018,nowy,,,,,,,,,,
12563,mazowieckie,przysuski,Rusinów,gmina wiejska,1423072,2019,nowy,,,,,,,,,,
12564,mazowieckie,przysuski,Rusinów,gmina wiejska,1423072,2020,nowy,,,,,,,,,,
12565,mazowieckie,przysuski,Rusinów,gmina wiejska,1423072,2021,nowy,,,,,,,,,,
12566,mazowieckie,przysuski,Rusinów,gmina wiejska,1423072,2022,nowy,,,,,,,,,,
12567,mazowieckie,przysuski,Rusinów,gmina wiejska,1423072,2023,nowy,,,,,,,,,,
12568,mazowieckie,przysuski,Rusinów,gmina wiejska,1423072,2024,ok_finalnie,pdf,tekst,"https://bip.rusinow.pl/e,pobierz,get.html?id=16841",direct_without_tor,6f91d8230d846fe28978dea74c7ac6b7026fc9de83a3dbd3b3835aa6ff2b4240,200,2026-09-08T21:18:17Z,,1.746,true
12569,mazowieckie,przysuski,Rusinów,gmina wiejska,1423072,2025,ok_finalnie,pdf,tekst,"https://bip.rusinow.pl/e,pobierz,get.html?id=17279",direct_without_tor,595f00307ca9d17ee375a7464aeddc8f4260c8e0b8cf9a9c604b10e8eca607f3,200,2026-09-08T21:18:17Z,,1.825,true
12570,mazowieckie,przysuski,Wieniawa,gmina wiejska,1423082,2018,nowy,,,,,,,,,,
12571,mazowieckie,przysuski,Wieniawa,gmina wiejska,1423082,2019,nowy,,,,,,,,,,
12572,mazowieckie,przysuski,Wieniawa,gmina wiejska,1423082,2020,nowy,,,,,,,,,,
12573,mazowieckie,przysuski,Wieniawa,gmina wiejska,1423082,2021,nowy,,,,,,,,,,
12574,mazowieckie,przysuski,Wieniawa,gmina wiejska,1423082,2022,nowy,,,,,,,,,,
12575,mazowieckie,przysuski,Wieniawa,gmina wiejska,1423082,2023,nowy,,,,,,,,,,
12576,mazowieckie,przysuski,Wieniawa,gmina wiejska,1423082,2024,ok_finalnie,pdf,tekst,"https://bip.gminawieniawa.pl/plik,30,zarzadzenie-62-2025.pdf",direct_without_tor,b867a8d19a6f21befce1433310f33773c5b9479b7bd54d958175964305fa3a74,200,2026-09-08T18:02:51Z,,5.874,true
12577,mazowieckie,przysuski,Wieniawa,gmina wiejska,1423082,2025,nowy,,,,,,,,,,
12578,mazowieckie,radomski,-,-,1425,2018,nowy,,,,,,,,,,
12579,mazowieckie,radomski,-,-,1425,2019,nowy,,,,,,,,,,
12580,mazowieckie,radomski,-,-,1425,2020,nowy,,,,,,,,,,
12581,mazowieckie,radomski,-,-,1425,2021,nowy,,,,,,,,,,
12582,mazowieckie,radomski,-,-,1425,2022,nowy,,,,,,,,,,
12583,mazowieckie,radomski,-,-,1425,2023,nowy,,,,,,,,,,
12584,mazowieckie,radomski,-,-,1425,2024,nowy,,,,,,,,,,
12585,mazowieckie,radomski,-,-,1425,2025,nowy,,,,,,,,,,
12586,mazowieckie,radomski,Pionki,gmina miejska,1425011,2018,ok_finalnie,pdf,raport,https://bip.gmina-pionki.pl/Common/downloadZip/module_short/port/obj_id/155/preview/0.html,http_get,3f0e8fba38309537d48ec6fbd9fcea42fd1d339ecb215818beb9920d1ad0215a,200,2026-09-08 00:36:45,,2.297,
12587,mazowieckie,radomski,Pionki,gmina miejska,1425011,2019,ok_finalnie,pdf,raport,https://bip.gmina-pionki.pl/Common/downloadZip/module_short/port/obj_id/644/preview/0.html,http_get,36fd89ee74916bda0f392dca6500db605748b8aacc5c2c00ef114e8bae5fab02,200,2026-09-08 00:36:48,,1.295,
12588,mazowieckie,radomski,Pionki,gmina miejska,1425011,2020,ok_finalnie,pdf,raport,https://bip.gmina-pionki.pl/uploads/pub/strony/strona_3506/text/Raport%20o%20Stanie%20Gminy%20%20Pionki%202020.pdf,http_get,5220a35839111d3b518b95ec599bfed8390635155c3414493ac4d496a3af71cd,200,2026-09-08 00:36:25,,3.097,
12589,mazowieckie,radomski,Pionki,gmina miejska,1425011,2021,ok_finalnie,pdf,raport,https://bip.gmina-pionki.pl/uploads/pub/strony/strona_3800/text/RAPORT%20O%20STANIE%20GMINY%20Pionki%202021.pdf,http_get,91f71a83997506c877681acfe4cccbe9dbdc9c16a4864bf68b49a85715dcdb44,200,2026-09-08 00:36:28,,4.141,
12590,mazowieckie,radomski,Pionki,gmina miejska,1425011,2022,ok_finalnie,pdf,raport,https://bip.gmina-pionki.pl/uploads/pub/strony/strona_4103/text/RAPORT%20O%20STANIE%20GMINY%20PIONKI%20ZA%20ROK%202022_1.pdf,http_get,3eca5df71c1c8f12cd477f213aba9918c92bff745057b7f1ca81b8e6595118db,200,2026-09-08 00:36:30,,5.328,
12591,mazowieckie,radomski,Pionki,gmina miejska,1425011,2023,ok_finalnie,pdf,raport,https://bip.gmina-pionki.pl/pionki_ug_2024_bip/web/uploads/pub/strony/strona_4441/text/RAPORT%20O%20STANIE%20GMINY%20PIONKI%20ZA%20ROK%202023.pdf,http_get,cf9cc4726c305916ff0ac173dcae4f06cdb262f290661ee9a0d922a02ecf4ad1,200,2026-09-08 00:36:34,,11.47,
12592,mazowieckie,radomski,Pionki,gmina miejska,1425011,2024,ok_finalnie,pdf,raport,https://bip.gmina-pionki.pl/pionki_ug_2024_bip/web/uploads/pub/strony/strona_4859/text/RAPORT%20O%20STANIE%20GMINY%20PIONKI%20ZA%20ROK%202024.pdf,http_get,ab19ac1d1a0e3741da5ac5a1d9244aa8daf9a26a322409ae8bd03a80bf21ce5e,200,2026-09-08 00:36:37,,15.774,
12593,mazowieckie,radomski,Pionki,gmina miejska,1425011,2025,ok_finalnie,pdf,raport,https://bip.gmina-pionki.pl/pionki_ug_2024_bip/web/uploads/pub/strony/strona_5202/text/Raport%20o%20stanie%20Gminy%20Pionki%20za%202025%20rok.pdf,http_get,ed1d53e2e4d55b9ec18458066c963aab5bfdcbf25bcc54d74ede40c95cb0cb10,200,2026-09-08 00:36:43,,40.237,
12594,mazowieckie,radomski,Gózd,gmina wiejska,1425022,2018,ok_finalnie,pdf,tekst,http://www.bip.gozd.pl/upload/RAPORT_2018.pdf,direct_without_tor,3d4365176299f88b876a851b75ceec2c973bc9ae03bf50a9ee124b3343c5f9b7,200,2026-09-08T21:21:57Z,,0.818,true
12595,mazowieckie,radomski,Gózd,gmina wiejska,1425022,2019,ok_finalnie,pdf,skan+OCR,http://www.bip.gozd.pl/upload/Raport_2019.pdf,direct_without_tor,c565da111fc7fc54eb506b5b20516ef5cf34ddd7e9d3098922e279f9fae9cf91,200,2026-09-08T21:21:57Z,,15.265,true
12596,mazowieckie,radomski,Gózd,gmina wiejska,1425022,2020,ok_finalnie,pdf,tekst,http://www.bip.gozd.pl/upload/RAPORT_ZA_2020_ROK.pdf,direct_without_tor,5247308ffaead5d26a15e0965b2cd65fc720551341294c938f60202a90edc9d4,200,2026-09-08T21:21:57Z,,1.0,true
12597,mazowieckie,radomski,Gózd,gmina wiejska,1425022,2021,ok_finalnie,pdf,skan+OCR,http://www.bip.gozd.pl/upload/RAPORT_ZA_2021_ROK.pdf,direct_without_tor,bc2b110b2413d5a9bf2c6eef4e4aea5f310c56eb73f5b8d8ab10ce47dc2d24bc,200,2026-09-08T21:21:57Z,,16.179,true
12598,mazowieckie,radomski,Gózd,gmina wiejska,1425022,2022,ok_finalnie,pdf,skan+OCR,http://www.bip.gozd.pl/upload/RAPORT_ZA_2022_ROK.pdf,direct_without_tor,09cc32d60c4829f55e92a506b7997ee533b0b43ba19cacdc4896b6e20e9039e6,200,2026-09-08T21:21:57Z,,8.827,true
12599,mazowieckie,radomski,Gózd,gmina wiejska,1425022,2023,ok_finalnie,pdf,tekst,http://www.bip.gozd.pl/upload/RAPORT_ZA_2023_ROK.pdf,direct_without_tor,d5ce517bc22c56dbc6e46c95cc5b1b593ad94523a87903c1def99f781d6f3847,200,2026-09-08T21:21:57Z,,1.03,true
12600,mazowieckie,radomski,Gózd,gmina wiejska,1425022,2024,ok_finalnie,pdf,skan+OCR,http://www.bip.gozd.pl/upload/RAPORT_2024_ROK.pdf,direct_without_tor,3871905f742faa1a1e064b3f585cef5e462494dbb0e5a9ebb755ff52172cf21c,200,2026-09-08T21:21:57Z,,6.981,true
12601,mazowieckie,radomski,Gózd,gmina wiejska,1425022,2025,ok_finalnie,pdf,skan+OCR,http://www.bip.gozd.pl/upload/RAPORT_2025_ROK.pdf,direct_without_tor,f54658b4721ba87c9b239f17c1c3421da894420679174146bb6993d8b2b4297c,200,2026-09-08T21:21:57Z,,10.65,true
12602,mazowieckie,radomski,Iłża,gmina miejsko-wiejska,1425033,2018,ok_finalnie,pdf,tekst,http://bip.ilza.pl/dokumenty/download/dok_id/984/zal/1504/type/zal/dir/pub.html,direct_without_tor,2dd1e2a6f52c4c3f914a6c71af76e0afa72ef8470d055b4e9aed70d801201087,200,2026-09-08T21:30:19Z,,15.964,true
12603,mazowieckie,radomski,Iłża,gmina miejsko-wiejska,1425033,2019,ok_finalnie,pdf,tekst,http://bip.ilza.pl/dokumenty/download/dok_id/1595/zal/2584/type/zal/dir/pub.html,direct_without_tor,b5a9aad080b455cf56b901e61882075c56bf84e94ce6f2fb91bf663e5ee9c33c,200,2026-09-08T21:30:19Z,,5.098,true
12604,mazowieckie,radomski,Iłża,gmina miejsko-wiejska,1425033,2020,ok_finalnie,pdf,skan+OCR,http://bip.ilza.pl/dokumenty/download/dok_id/2359/zal/3731/type/zal/dir/pub.html,direct_without_tor,acd59523ae8a8fc0420ec0b8e881d4badaf6dd8315358459d49dc2953178c160,200,2026-09-08T21:30:19Z,,34.61,true
12605,mazowieckie,radomski,Iłża,gmina miejsko-wiejska,1425033,2021,nowy,,,,,,,,,,
12606,mazowieckie,radomski,Iłża,gmina miejsko-wiejska,1425033,2022,nowy,,,,,,,,,,
12607,mazowieckie,radomski,Iłża,gmina miejsko-wiejska,1425033,2023,ok_finalnie,pdf,skan+OCR,http://bip.ilza.pl/dokumenty/download/dok_id/4632/zal/6605/type/zal/dir/pub.html,direct_without_tor,359203d2ac1bdd6b40606b45b2195096aed7cb13c537309921511a596652e26f,200,2026-09-08T21:30:19Z,,57.915,true
12608,mazowieckie,radomski,Iłża,gmina miejsko-wiejska,1425033,2024,ok_finalnie,pdf,skan+OCR,http://bip.ilza.pl/dokumenty/download/dok_id/5352/zal/7775/type/zal/dir/pub.html,direct_without_tor,339d82813cae4079e16366466c23998b512be4783dfa81f0eea62274fc543770,200,2026-09-08T21:30:19Z,,45.974,true
12609,mazowieckie,radomski,Iłża,gmina miejsko-wiejska,1425033,2025,ok_finalnie,pdf,skan+OCR,http://bip.ilza.pl/dokumenty/download/dok_id/6067/zal/8765/type/zal/dir/pub.html,direct_without_tor,d7d077ba132df5574b7ea78fc98a21ba3a9ea28d67be608a2626d1120249a38a,200,2026-09-08T21:30:19Z,,38.005,true
12610,mazowieckie,radomski,Jastrzębia,gmina wiejska,1425042,2018,nowy,,,,,,,,,,
12611,mazowieckie,radomski,Jastrzębia,gmina wiejska,1425042,2019,nowy,,,,,,,,,,
12612,mazowieckie,radomski,Jastrzębia,gmina wiejska,1425042,2020,nowy,,,,,,,,,,
12613,mazowieckie,radomski,Jastrzębia,gmina wiejska,1425042,2021,nowy,,,,,,,,,,
12614,mazowieckie,radomski,Jastrzębia,gmina wiejska,1425042,2022,nowy,,,,,,,,,,
12615,mazowieckie,radomski,Jastrzębia,gmina wiejska,1425042,2023,nowy,,,,,,,,,,
12616,mazowieckie,radomski,Jastrzębia,gmina wiejska,1425042,2024,nowy,,,,,,,,,,
12617,mazowieckie,radomski,Jastrzębia,gmina wiejska,1425042,2025,ok_finalnie,pdf,tekst,https://jastrzebia.biuletyn.net/fls/bip_pliki/2026_05/BIPF6529727134684Z/2026_raport_za_2025_do_debaty_bez_zarz.pdf,tor_pl_ip,21ca8a65233e394bbb79ef0411c7cb391b198219e07dc40a75901aa76e495d02,200,2026-09-08T20:30:11Z,,5.088,true
12618,mazowieckie,radomski,Jedlińsk,gmina wiejska,1425052,2018,nowy,,,,,,,,,,
12619,mazowieckie,radomski,Jedlińsk,gmina wiejska,1425052,2019,nowy,,,,,,,,,,
12620,mazowieckie,radomski,Jedlińsk,gmina wiejska,1425052,2020,ok_finalnie,pdf,tekst,"https://bip.jedlinsk.pl/plik,4825,na-koniec-2020-roku.pdf",direct_without_tor,22f9c95a7519dbc7a9cc5702e06ed6c4d4bff6ec9e3fa76a900c7f5bbeff6a4b,200,2026-09-08T18:03:38Z,,2.01,true
12621,mazowieckie,radomski,Jedlińsk,gmina wiejska,1425052,2021,ok_finalnie,pdf,tekst,"https://bip.jedlinsk.pl/plik,4824,na-koniec-2021-roku.pdf",direct_without_tor,4f7774fb6bf818328069671548b20eda241900b86872a2230e88311aeab7eb32,200,2026-09-08T18:03:38Z,,4.343,true
12622,mazowieckie,radomski,Jedlińsk,gmina wiejska,1425052,2022,ok_finalnie,pdf,tekst,"https://bip.jedlinsk.pl/plik,4823,na-koniec-2022-roku.pdf",direct_without_tor,b1581cb3c88bd63623b074d860cb8098ef419723c038aacefac92296578d1d16,200,2026-09-08T18:03:38Z,,1.875,true
12623,mazowieckie,radomski,Jedlińsk,gmina wiejska,1425052,2023,ok_finalnie,pdf,tekst,"https://bip.jedlinsk.pl/plik,4822,na-koniec-2023-roku.pdf",direct_without_tor,e4d32627b3fab96a3571536abe987e72f11b31e21fa1528f523a489d9720402d,200,2026-09-08T18:03:38Z,,3.844,true
12624,mazowieckie,radomski,Jedlińsk,gmina wiejska,1425052,2024,ok_finalnie,pdf,tekst,"https://bip.jedlinsk.pl/plik,4821,na-koniec-2024-roku.pdf",direct_without_tor,a58858da788f9866502dfd9f1c6d31b015921827badd2b7d7b62c8830c6c83ba,200,2026-09-08T18:03:38Z,,5.832,true
12625,mazowieckie,radomski,Jedlińsk,gmina wiejska,1425052,2025,ok_finalnie,pdf,tekst,"https://bip.jedlinsk.pl/plik,5759,raport-o-stanie-gminy-jedlinsk-na-koniec-2025-r.pdf",direct_without_tor,aff919cf35454fb6514ca8e2d010b8018bb93f812646e22ebdf8c6ddece0802a,200,2026-09-08T18:03:38Z,,4.643,true
12626,mazowieckie,radomski,Jedlnia-Letnisko,gmina wiejska,1425062,2018,ok_finalnie,pdf,tekst,https://www.jedlnia.pl/asp/pliki/AAAA_wojt_Lesnowolski_2/raport_o_stanie_gminy_2018.pdf,direct_without_tor,e94fd67ef1d15ed4e135d38cebce964aa53b5b92c4903c057db3f053f18b89f0,200,2026-09-09T09:15:11Z,,3.604,true
12627,mazowieckie,radomski,Jedlnia-Letnisko,gmina wiejska,1425062,2019,ok_finalnie,pdf,tekst,https://www.jedlnia.pl/asp/pliki/AAAA_wojt_Lesnowolski_2/raport_o_stanie_gminy_2019_01-06-2020.pdf,direct_without_tor,60185fb1da97c51a14cb5f122df89bae6fe19683b378c096252900e7969dbe8c,200,2026-09-09T09:15:11Z,,21.749,true
12628,mazowieckie,radomski,Jedlnia-Letnisko,gmina wiejska,1425062,2020,ok_finalnie,pdf,tekst,https://www.jedlnia.pl/asp/pliki/AAAA_wojt_Lesnowolski_2/raport_o_stanie_gminy_jedlnia-letnisko_za_rok_2020_08-06-2021.pdf,direct_without_tor,8126ac40431980bd84fdb30da47e26f79b9d0630a26518518792e936e633947e,200,2026-09-09T09:15:11Z,,4.386,true
12629,mazowieckie,radomski,Jedlnia-Letnisko,gmina wiejska,1425062,2021,ok_finalnie,pdf,tekst,https://www.jedlnia.pl/asp/pliki/AAAA_wojt_Lesnowolski_2/radport_gminy_-_jedlnia-letnisko_2021_29-06-2022_.pdf,direct_without_tor,abf6bfeeea53a31e966115e86911126f6ce74cf657baee3b1cd5ab64708ad419,200,2026-09-09T09:15:11Z,,3.437,true
12630,mazowieckie,radomski,Jedlnia-Letnisko,gmina miejsko-wiejska,1425063,2022,ok_finalnie,pdf,skan+OCR,https://www.jedlnia.pl/asp/pliki/AAAA_wojt_Lesnowolski_2/raport_2022_02-06-2023.pdf,direct_without_tor,368c9d4e6f290cd430016b819fad9bf90342a43174a4d315a6221232ce2e206c,200,2026-09-09T09:15:08Z,,19.871,true
12631,mazowieckie,radomski,Jedlnia-Letnisko,gmina miejsko-wiejska,1425063,2023,ok_finalnie,pdf,tekst,https://www.jedlnia.pl/asp/pliki/AAAA_b_k/2023__raport.o.stanie.gm.jl.pdf,direct_without_tor,abb120b3265b5b9a8b7ee611ee7fe7102208332cabf6f580e7a971d8c3894f4d,200,2026-09-09T09:15:08Z,,3.094,true
12632,mazowieckie,radomski,Jedlnia-Letnisko,gmina miejsko-wiejska,1425063,2024,ok_finalnie,pdf,tekst,https://www.jedlnia.pl/asp/pliki/AAAA_b_k/raport_o_stanie_gminy_-2024r__04-06-2025.pdf,direct_without_tor,5ffae4b2f155af14da3f574e5ec52d0508d5496e36ee70fe9cc924fb8a553f17,200,2026-09-09T09:15:08Z,,1.549,true
12633,mazowieckie,radomski,Jedlnia-Letnisko,gmina miejsko-wiejska,1425063,2025,ok_finalnie,pdf,tekst,https://www.jedlnia.pl/asp/pliki/AAAA_b_k/raport_o_stanie_gminy_za_2025_rok.jl_v.02.06.2026.pdf,direct_without_tor,afa6b085668bae597287dd96b9d055eb5e4a045fab62aecc5167f4ba4b2ee0bc,200,2026-09-09T09:15:08Z,,2.443,true
12634,mazowieckie,radomski,Kowala,gmina wiejska,1425072,2018,nowy,,,,,,,,,,
12635,mazowieckie,radomski,Kowala,gmina wiejska,1425072,2019,nowy,,,,,,,,,,
12636,mazowieckie,radomski,Kowala,gmina wiejska,1425072,2020,ok_finalnie,pdf,tekst,https://kowala.biuletyn.net/fls/bip_pliki/2021_05/BIPF5C35EA9BF19F0Z/49.2021.pdf,tor_pl_ip,6579a0912427b6147c257b2322b60d7d0b12f076840a02b5335ea2e6a57bf104,200,2026-09-08T20:30:48Z,,1.504,true
12637,mazowieckie,radomski,Kowala,gmina wiejska,1425072,2021,ok_finalnie,pdf,tekst,https://kowala.biuletyn.net/fls/bip_pliki/2022_06/BIPF5E0FE1E4DADABZ/50.pdf,tor_pl_ip,a73aeea88386c10294923360a251c36b50b082b34ba1b54e607ed20f0fae7ba6,200,2026-09-08T20:30:48Z,,3.103,true
12638,mazowieckie,radomski,Kowala,gmina wiejska,1425072,2022,ok_finalnie,pdf,tekst,https://kowala.biuletyn.net/fls/bip_pliki/2023_05/BIPF5FCE5619395A8Z/56.2023.pdf,tor_pl_ip,8d701fe7d21cfb8ca10ad8ca5ca10d2206f2366dec2997beb29d89ab5b5f4379,200,2026-09-08T20:30:48Z,,3.044,true
12639,mazowieckie,radomski,Kowala,gmina wiejska,1425072,2023,ok_finalnie,pdf,tekst,https://kowala.biuletyn.net/fls/bip_pliki/2024_05/BIPF6188D6BE4FA45Z/72.pdf,tor_pl_ip,754b0ca9ccebaa423ee49ce97db3c230a909dd364513a3e70fc5dd237b5394a8,200,2026-09-08T20:30:48Z,,4.188,true
12640,mazowieckie,radomski,Kowala,gmina wiejska,1425072,2024,ok_finalnie,pdf,tekst,https://kowala.biuletyn.net/fls/bip_pliki/2025_05/BIPF6350352EFCA3DZ/70.pdf,tor_pl_ip,273d8e169e3d92c5153762310ce44ef1b9db4b2013a93d4d0bc3aacd505dc015,200,2026-09-08T20:30:48Z,,4.359,true
12641,mazowieckie,radomski,Kowala,gmina wiejska,1425072,2025,ok_finalnie,pdf,tekst,https://kowala.biuletyn.net/fls/bip_pliki/2026_05/BIPF652F277EDAA50Z/10_Raport_o_stanie_Gminy_za_2025_rok.pdf,tor_pl_ip,852a81d596ac07595fef0b9e677e4814774ff414166011764621697299324e5d,200,2026-09-08T20:30:48Z,,3.958,true
12642,mazowieckie,radomski,Pionki,gmina wiejska,1425082,2018,ok_finalnie,pdf,tekst,http://bip.gmina-pionki.pl/Common/pobierzPlik/id/20/module_short/port/obj_id/155/culture/pl/version/pub.html,direct_without_tor,3f0e8fba38309537d48ec6fbd9fcea42fd1d339ecb215818beb9920d1ad0215a,200,2026-09-09T07:41:46Z,,2.297,true
12643,mazowieckie,radomski,Pionki,gmina wiejska,1425082,2019,ok_finalnie,pdf,tekst,http://bip.gmina-pionki.pl/Common/pobierzPlik/id/653/module_short/port/obj_id/644/culture/pl/version/pub.html,direct_without_tor,36fd89ee74916bda0f392dca6500db605748b8aacc5c2c00ef114e8bae5fab02,200,2026-09-09T07:41:46Z,,1.295,true
12644,mazowieckie,radomski,Pionki,gmina wiejska,1425082,2020,ok_finalnie,pdf,tekst,http://bip.gmina-pionki.pl/uploads/pub/strony/strona_3506/text/Raport%20o%20Stanie%20Gminy%20%20Pionki%202020.pdf,direct_without_tor,5220a35839111d3b518b95ec599bfed8390635155c3414493ac4d496a3af71cd,200,2026-09-09T07:41:46Z,,3.097,true
12645,mazowieckie,radomski,Pionki,gmina wiejska,1425082,2021,ok_finalnie,pdf,tekst,https://bip.gmina-pionki.pl/pionki_ug_2020_bip/web/uploads/pub/strony/strona_3800/text/RAPORT%20O%20STANIE%20GMINY%20Pionki%202021.pdf,direct_without_tor,91f71a83997506c877681acfe4cccbe9dbdc9c16a4864bf68b49a85715dcdb44,200,2026-09-09T07:41:46Z,,4.141,true
12646,mazowieckie,radomski,Pionki,gmina wiejska,1425082,2022,ok_finalnie,pdf,tekst,http://bip.gmina-pionki.pl/uploads/pub/strony/strona_4103/text/RAPORT%20O%20STANIE%20GMINY%20PIONKI%20ZA%20ROK%202022_1.pdf,direct_without_tor,3eca5df71c1c8f12cd477f213aba9918c92bff745057b7f1ca81b8e6595118db,200,2026-09-09T07:41:46Z,,5.328,true
12647,mazowieckie,radomski,Pionki,gmina wiejska,1425082,2023,ok_finalnie,pdf,tekst,https://www.gmina-pionki.pl/pionki_gmina_2024/web/uploads/pub/strony/strona_5376/text/RAPORT%20O%20STANIE%20GMINY%20PIONKI%20ZA%20ROK%202023.pdf,direct_without_tor,cf9cc4726c305916ff0ac173dcae4f06cdb262f290661ee9a0d922a02ecf4ad1,200,2026-09-09T07:41:46Z,,11.47,true
12648,mazowieckie,radomski,Pionki,gmina wiejska,1425082,2024,ok_finalnie,pdf,tekst,https://www.gmina-pionki.pl/pionki_gmina_2024/web/uploads/pub/strony/strona_5588/text/RAPORT%20O%20STANIE%20GMINY%20PIONKI%20ZA%20ROK%202024.pdf,direct_without_tor,ab19ac1d1a0e3741da5ac5a1d9244aa8daf9a26a322409ae8bd03a80bf21ce5e,200,2026-09-09T07:41:46Z,,15.774,true
12649,mazowieckie,radomski,Pionki,gmina wiejska,1425082,2025,ok_finalnie,pdf,tekst,https://www.gmina-pionki.pl/pionki_gmina_2024/web/uploads/pub/strony/strona_5737/text/Raport%20o%20stanie%20Gminy%20Pionki%20za%202025%20rok.pdf,direct_without_tor,ed1d53e2e4d55b9ec18458066c963aab5bfdcbf25bcc54d74ede40c95cb0cb10,200,2026-09-09T07:41:46Z,,40.237,true
12650,mazowieckie,radomski,Przytyk,gmina wiejska,1425092,2018,nowy,,,,,,,,,,
12651,mazowieckie,radomski,Przytyk,gmina wiejska,1425092,2019,ok_finalnie,pdf,tekst,http://tor.backup2.sam3.pl/httrack/bip.przytyk.pl1/bip.przytyk.pl/upload/05317Raport%20o%20stanie%20Gminy%20Przytyk%20za%202019%20rok%20-pdf.pdf,direct_without_tor,fdfe02a8bc0cb652cb4eb4b68f1333012235aa8829187561149e236fbca63492,200,2026-09-09T09:14:58Z,,0.858,true
12652,mazowieckie,radomski,Przytyk,gmina wiejska,1425092,2020,ok_finalnie,pdf,tekst,http://tor.backup2.sam3.pl/httrack/bip.przytyk.pl1/bip.przytyk.pl/upload/559e9Raport%20o%20stanie%20gminy%20za%20rok%202020.pdf,direct_without_tor,475c8941a5a43dcc26fa1fd00061e8258c1bf879f2d7c5999ca372047b38e905,200,2026-09-09T09:14:58Z,,2.519,true
12653,mazowieckie,radomski,Przytyk,gmina wiejska,1425092,2021,ok_finalnie,docx,tekst,http://tor.backup2.sam3.pl/httrack/bip.przytyk.pl1/bip.przytyk.pl/upload/c0a70Raport_o_stanie_Gminy_za_2021r.docx,direct_without_tor,15e2c39490a1673c3150306362896d59c869d4869bf52480bf5f7cde989d1c30,200,2026-09-09T09:14:58Z,,1.946,true
12654,mazowieckie,radomski,Przytyk,gmina wiejska,1425092,2022,ok_finalnie,pdf,tekst,http://tor.backup2.sam3.pl/httrack/bip.przytyk.pl1/bip.przytyk.pl/upload/d97222022Raport_o_stanie_Gminy.pdf,direct_without_tor,ddf03c8dbb58c984cc66bb6303f074dd344d7378ec859c447aa22718621d4df4,200,2026-09-09T09:14:58Z,,1.745,true
12655,mazowieckie,radomski,Przytyk,gmina wiejska,1425092,2023,ok_finalnie,pdf,tekst,http://tor.backup2.sam3.pl/httrack/bip.przytyk.pl1/bip.przytyk.pl/upload/2da5bRaport_2023_gotowy.pdf,direct_without_tor,91f1f6ef63280b22e14f57ccee9de49a955de3c3661bbba96c0714e58a5b3d32,200,2026-09-09T09:14:58Z,,1.582,true
12656,mazowieckie,radomski,Przytyk,gmina miejsko-wiejska,1425093,2024,ok_finalnie,pdf,tekst,http://tor.backup2.sam3.pl/httrack/bip.przytyk.pl1/bip.przytyk.pl/upload/3a4d7Raport_2024_gotowy.pdf,direct_without_tor,cd2eec3c4d472545c9e7fedbc55a72c33f3f2d94453bc12db0238436917867d9,200,2026-09-09T09:14:58Z,,2.288,true
12657,mazowieckie,radomski,Przytyk,gmina miejsko-wiejska,1425093,2025,ok_finalnie,pdf,tekst,https://bip.przytyk.pl/dokumenty/download/dok_id/361/type/tresc/dir/pub.html,direct_without_tor,ded8c56009260dcfb48896bf5c871b156d491a722d58c070a6854ffeba908671,200,2026-09-09T09:14:58Z,,1.705,true
12658,mazowieckie,radomski,Skaryszew,gmina miejsko-wiejska,1425103,2018,ok_finalnie,pdf,tekst,https://bip-v1-files.idcom-jst.pl/sites/47179/wiadomosci/473804/files/raport_o_stanie_gminy_skaryszew_2018.pdf,direct_without_tor,c6622070fa092dbd6b557fc1deff16af8a941252fb2d82a2b2a747088f07f294,200,2026-09-08T20:31:01Z,,1.631,true
12659,mazowieckie,radomski,Skaryszew,gmina miejsko-wiejska,1425103,2019,ok_finalnie,pdf,tekst,https://bip-v1-files.idcom-jst.pl/sites/47179/wiadomosci/530920/files/raport_o_stanie_gminy_2019_.pdf,direct_without_tor,791fa9efa2b424d9de7757cfdd53d6fb48584f0475e7ab968b5e4b4aa031922b,200,2026-09-08T20:31:01Z,,3.777,true
12660,mazowieckie,radomski,Skaryszew,gmina miejsko-wiejska,1425103,2020,ok_finalnie,pdf,tekst,https://bip-v1-files.idcom-jst.pl/sites/47179/wiadomosci/578819/files/raport_ostanie_gminy_2020_.pdf,direct_without_tor,0d88039e1580490809bfdb3da6a6d6f0bb9b5adac615c22bc4d4b9a046743fd1,200,2026-09-08T20:31:01Z,,2.204,true
12661,mazowieckie,radomski,Skaryszew,gmina miejsko-wiejska,1425103,2021,ok_finalnie,pdf,tekst,https://bip-v1-files.idcom-jst.pl/sites/47179/wiadomosci/636866/files/raport_o_stanie_gminy_za_2021.pdf,direct_without_tor,bfc33990a18bf834115d37311780babc12762cbf9f7d2c67d0ddf9f90389a988,200,2026-09-08T20:31:01Z,,5.376,true
12662,mazowieckie,radomski,Skaryszew,gmina miejsko-wiejska,1425103,2022,ok_finalnie,pdf,tekst,https://bip-v1-files.idcom-jst.pl/sites/47179/wiadomosci/691358/files/raport_o_stanie_gminy_za_2022_sekretarz.pdf,direct_without_tor,2e97ef3612964f62dd757e810172199eff5185f69576828f9c2149ee83401a84,200,2026-09-08T20:31:01Z,,6.877,true
12663,mazowieckie,radomski,Skaryszew,gmina miejsko-wiejska,1425103,2023,ok_finalnie,pdf,tekst,https://bip-v1-files.idcom-jst.pl/sites/47179/wiadomosci/761161/files/raport_o_stanie_gminy_za_2023.pdf,direct_without_tor,d66e745eeb1d35c727f129abd72842d899c34d3177912ff2249cb20cf950d082,200,2026-09-08T20:31:01Z,,4.893,true
12664,mazowieckie,radomski,Skaryszew,gmina miejsko-wiejska,1425103,2024,ok_finalnie,pdf,tekst,https://bip-v1-files.idcom-jst.pl/sites/47179/wiadomosci/823320/files/raport_o_stanie_gminy_za_2024_rok_29.05.2025r_.pdf,direct_without_tor,3d3c006dcb2ec7b10854fbab98ce88d8c0b734d7b01f937b32ef7e3ef72a9781,200,2026-09-08T20:31:01Z,,5.842,true
12665,mazowieckie,radomski,Skaryszew,gmina miejsko-wiejska,1425103,2025,ok_finalnie,pdf,tekst,https://bip-v1-files.idcom-jst.pl/sites/47179/wiadomosci/885850/files/raport_o_stanie_gminy_skaryszew_za_2025_r.pdf,direct_without_tor,c847fd786fb1a4cb64261d0d07e7374ea8a9b3bdad58747c611ab72e3ff91388,200,2026-09-08T20:31:01Z,,5.412,true
12666,mazowieckie,radomski,Wierzbica,gmina wiejska,1425112,2018,nowy,,,,,,,,,,
12667,mazowieckie,radomski,Wierzbica,gmina wiejska,1425112,2019,nowy,,,,,,,,,,
12668,mazowieckie,radomski,Wierzbica,gmina wiejska,1425112,2020,nowy,,,,,,,,,,
12669,mazowieckie,radomski,Wierzbica,gmina wiejska,1425112,2021,ok_finalnie,pdf,tekst,https://samorzad.gov.pl/attachment/b4c0873a-44d3-4c22-a5fa-16c405dbaf23,direct_without_tor,b99ef4808f93eaa20afd03c7d119cc2b64e79d9cb874589d227e5055cb5a1af8,200,2026-09-09T07:42:26Z,,2.282,true
12670,mazowieckie,radomski,Wierzbica,gmina wiejska,1425112,2022,ok_finalnie,pdf,tekst,https://samorzad.gov.pl/attachment/7d61fb01-1026-4757-8bc1-bf9c3576d63e,direct_without_tor,168fd28519341f6506b7ac62a980def85c7051b98b1ba8e3fc6d4020dbd1ad1f,200,2026-09-09T07:42:26Z,,2.204,true
12671,mazowieckie,radomski,Wierzbica,gmina wiejska,1425112,2023,ok_finalnie,pdf,tekst,https://samorzad.gov.pl/attachment/4e179ef0-0970-4b88-9d76-85164d7a25dc,direct_without_tor,e4f6d79df731b164a5009f7280771ec56e167dee9378f7719ee5740c1895860e,200,2026-09-09T07:42:26Z,,4.782,true
12672,mazowieckie,radomski,Wierzbica,gmina wiejska,1425112,2024,ok_finalnie,pdf,tekst,https://samorzad.gov.pl/attachment/23e9d570-9f26-42f3-a7fe-5e83e97fcb77,direct_without_tor,168ec2880d588fc5914621068387bbc4f252a148969b4d5df47a9a8e80125ac7,200,2026-09-09T07:42:26Z,,1.994,true
12673,mazowieckie,radomski,Wierzbica,gmina wiejska,1425112,2025,ok_finalnie,pdf,tekst,https://samorzad.gov.pl/attachment/62cfc14a-6890-4337-ba69-897a5717c4af,direct_without_tor,5d1707033708f66dc53530a0f02c2675a89b7216e49531530105d1c5a7bce94e,200,2026-09-09T07:42:26Z,,1.629,true
12674,mazowieckie,radomski,Wolanów,gmina wiejska,1425122,2018,ok_finalnie,pdf,tekst,"https://www.bip.wolanow.pl/plik,3142,tresc-raportu.pdf",direct_without_tor,5e2612f012735857e614eccd7c2b284bd602316ced83f3ce0a7080d8dac8215b,200,2026-09-09T14:45:35Z,[TURA 22 09.09.2026],0.883,true
12675,mazowieckie,radomski,Wolanów,gmina wiejska,1425122,2019,ok_finalnie,pdf,tekst,"https://www.bip.wolanow.pl/plik,3865,tresc-raportu.pdf",direct_without_tor,4a8ac9e6402e14dfe309cf1527269c6dce94451ba54903c3d5c2e80b705b40f3,200,2026-09-09T14:45:38Z,[TURA 22 09.09.2026],1.301,true
12676,mazowieckie,radomski,Wolanów,gmina wiejska,1425122,2020,ok_finalnie,pdf,tekst,"https://www.bip.wolanow.pl/plik,4532,tresc-raportu.pdf",direct_without_tor,bc74e50ab1a4eb6b9710df8ca88aa9b2f42c386fc6bb8d0409fd61100dc45154,200,2026-09-09T14:45:41Z,[TURA 22 09.09.2026],1.024,true
12677,mazowieckie,radomski,Wolanów,gmina wiejska,1425122,2021,ok_finalnie,pdf,tekst,"https://www.bip.wolanow.pl/plik,5374,tresc-raportu.pdf",direct_without_tor,5e31b62b56a61fb816025a122c11e3890e837acc11f651ff22bee03f8e17730f,200,2026-09-09T14:45:47Z,[TURA 22 09.09.2026],1.984,true
12678,mazowieckie,radomski,Wolanów,gmina wiejska,1425122,2022,ok_finalnie,pdf,tekst,"https://www.bip.wolanow.pl/plik,6243,tresc-raportu.pdf",direct_without_tor,2c21a938d2c45f68cb25680daf2fdfad6debef4732b61aae435911b04949a356,200,2026-09-09T14:45:57Z,[TURA 22 09.09.2026],4.353,true
12679,mazowieckie,radomski,Wolanów,gmina wiejska,1425122,2023,ok_finalnie,pdf,tekst,"https://www.bip.wolanow.pl/plik,7116,tresc-raportu.pdf",direct_without_tor,c0a0b38a1463e9a1236721cd6fee7c93388ad36f5dc95559586efeec7475f582,200,2026-09-09T14:46:12Z,[TURA 22 09.09.2026],5.142,true
12680,mazowieckie,radomski,Wolanów,gmina wiejska,1425122,2024,ok_finalnie,pdf,tekst,"https://www.bip.wolanow.pl/plik,7927,tresc-raportu.pdf",direct_without_tor,75d7ee6f0d4586c44e94c8302dbb120ab69a1a20cf3f36383ecd43f7421deb21,200,2026-09-09T14:46:20Z,[TURA 22 09.09.2026],4.957,true
12681,mazowieckie,radomski,Wolanów,gmina wiejska,1425122,2025,ok_finalnie,pdf,tekst,"https://www.bip.wolanow.pl/plik,8856,tresc-raportu-o-stanie-gminy-za-2025-rok.pdf",direct_without_tor,c4621cb04d4593b81a424f3120a5f255024350a197a2e7025d065fd6f863d68c,200,2026-09-09T14:46:30Z,[TURA 22 09.09.2026],5.801,true
12682,mazowieckie,radomski,Zakrzew,gmina wiejska,1425132,2018,ok_finalnie,docx,tekst,https://zakrzew.pl/wp-content/uploads/2019/05/RAPORT-O-STANIE-GMINY.docx,direct_without_tor,eafaa4e251f9cb905fe9570286297f8bbf1fdfb166e2c7afd73139ec8dafa6f8,200,2026-09-08T20:32:07Z,,2.279,true
12683,mazowieckie,radomski,Zakrzew,gmina wiejska,1425132,2019,ok_finalnie,docx,tekst,https://zakrzew.pl/wp-content/uploads/2020/06/Raport-o-stanie-gminy-2019.docx,direct_without_tor,8661d8306da7b0bc20eece8ebc79aad8115e299436ffb02a5e1462290095693b,200,2026-09-08T20:32:07Z,,2.29,true
12684,mazowieckie,radomski,Zakrzew,gmina wiejska,1425132,2020,ok_finalnie,pdf,tekst,https://zakrzew.pl/wp-content/uploads/2021/06/raport-o-stanie-gminy-za-2020-rok.pdf,direct_without_tor,3dbe0e2639119cbbc33333b5c002055faacdfc41839ef5bcb3c0ecf0bac6bc78,200,2026-09-08T20:32:07Z,,0.729,true
12685,mazowieckie,radomski,Zakrzew,gmina wiejska,1425132,2021,nowy,,,,,,,,,,
12686,mazowieckie,radomski,Zakrzew,gmina wiejska,1425132,2022,ok_finalnie,pdf,tekst,https://zakrzew.biuletyn.net/fls/bip_pliki/2023_05/BIPF5FCF8DC9B32A7Z/Raport_o_stanie_gminy_Zakrzew_za_2022_rok.pdf,tor_pl_ip,44240f4e2a0e95a7b814432245c1b465e43d5b827a7719b3c3416ce8db623f19,200,2026-09-08T20:32:07Z,,0.855,true
12687,mazowieckie,radomski,Zakrzew,gmina wiejska,1425132,2023,ok_finalnie,pdf,tekst,https://zakrzew.biuletyn.net/fls/bip_pliki/2024_05/BIPF6196FA360E899Z/Raport_o_stanie_gminy_Zakrzew_za_2023.pdf,tor_pl_ip,16b72038d393faf82c1f51f0737b84f25c4c6ac5a9033d3e603044e7cb8d93d5,200,2026-09-08T20:32:07Z,,2.326,true
12688,mazowieckie,radomski,Zakrzew,gmina wiejska,1425132,2024,ok_finalnie,pdf,tekst,https://zakrzew.biuletyn.net/fls/bip_pliki/2025_05/BIPF6357C23A14781Z/Raport_o_stanie_gminy_Zakrzew_za_2024.pdf,tor_pl_ip,23d5fe9be975fee37e3cfc7a746f8bb7756044ba2fd1f8a36714300d8c757e60,200,2026-09-08T20:32:07Z,,2.574,true
12689,mazowieckie,radomski,Zakrzew,gmina wiejska,1425132,2025,ok_finalnie,pdf,tekst,https://zakrzew.biuletyn.net/fls/bip_pliki/2026_05/BIPF6519BB7CFA94DZ/Raport_o_stanie_gminy_Zakrzew_za_2025.pdf,tor_pl_ip,6058fba279dbe565d91185d9a44b639115e02661bec4fb588b74b29539f42b62,200,2026-09-08T20:32:07Z,,1.973,true
12690,mazowieckie,siedlecki,Domanice,gmina wiejska,1426012,2018,ok_finalnie,pdf,tekst,http://www.domanice.eu/gfx/file/2019/aktualnosci/raport_o_stanie_gminy_domanice_2019_05_27.pdf,direct_without_tor,92096320ff4a364cbd388f044fd630fca80c5f5b09f93074f6bfec47629f754f,200,2026-09-09T14:46:34Z,[TURA 22 09.09.2026],2.197,true
12691,mazowieckie,siedlecki,Domanice,gmina wiejska,1426012,2019,ok_finalnie,pdf,tekst,http://www.bip.domanice.eu/2020_dokumenty/raport_o_stanie_gminy_domanice_za_2019_rok.pdf,direct_without_tor_ssl_off,1efedd97132bc5ec4925c9897a2a13fa7241cacb589243697423b194c45d81db,200,2026-09-09T14:46:39Z,[TURA 22 09.09.2026],7.891,true
12692,mazowieckie,siedlecki,Domanice,gmina wiejska,1426012,2020,ok_finalnie,pdf,tekst,http://bip.domanice.eu/2021_dokumenty/RAPORT%20O%20STANIE%20GMINY%20ZA%202020%20ROK.pdf,direct_without_tor_ssl_off,3b2a7e5c259a4dd238e7621e2fe46f5f8279d7ebb2517cac90954ac87ded6859,200,2026-09-09T14:46:45Z,[TURA 22 09.09.2026],8.586,true
12693,mazowieckie,siedlecki,Domanice,gmina wiejska,1426012,2021,ok_finalnie,pdf,tekst,http://bip.domanice.eu/2022_dokumenty/raport_o_stanie_gminy_za_2021_rok.pdf,direct_without_tor_ssl_off,d215d70aee8279dfcbe64fba5ebc3f98ce8b5faac186a9e5e920e90083b4ad51,200,2026-09-09T14:46:49Z,[TURA 22 09.09.2026],5.145,true
12694,mazowieckie,siedlecki,Domanice,gmina wiejska,1426012,2022,ok_finalnie,pdf,tekst,http://bip.domanice.eu/2023_dokumenty/raport_o_stanie_gminy_za_2022_rok.pdf,direct_without_tor_ssl_off,233d7bf9dd5f39239b03e246495f12678131c008793df476171f63031e87624a,200,2026-09-09T14:46:53Z,[TURA 22 09.09.2026],7.259,true
12695,mazowieckie,siedlecki,Domanice,gmina wiejska,1426012,2023,ok_finalnie,pdf,tekst,http://www.bip.domanice.eu/2024_dokumenty/raport_o_stanie_gminy_za_2023_rok.pdf,direct_without_tor_ssl_off,ded58342206fb9154d2b5ef412974c057fbac6773ee873858ff9f739ee320335,200,2026-09-09T14:47:00Z,[TURA 22 09.09.2026],18.017,true
12696,mazowieckie,siedlecki,Domanice,gmina wiejska,1426012,2024,ok_finalnie,pdf,tekst,http://www.bip.domanice.eu/2025_dokumenty/raport_o_stanie_gminy_za_2024_rok.pdf,direct_without_tor_ssl_off,a8a73697dc60f16be88d9e9382039782d94817e08b015b7341121dfb55804cda,200,2026-09-09T14:47:05Z,[TURA 22 09.09.2026],5.753,true
12697,mazowieckie,siedlecki,Domanice,gmina wiejska,1426012,2025,ok_finalnie,pdf,tekst,http://www.bip.domanice.eu/2026_dokumenty/raport_o_stanie_gminy_za_2025_rok.pdf,direct_without_tor_ssl_off,5f478f09fb31ff26d080a04a4ecbf703857ecde37daea5aae87c125163a96371,200,2026-09-09T14:47:11Z,[TURA 22 09.09.2026],8.103,true
12698,mazowieckie,siedlecki,Wodynie,gmina wiejska,1426122,2018,brak_finalnie,,,brak,"dogłębne sprawdzenie (web search bez Tora, kilka silników + BIP/CMS: wyszukiwarka, kategorie raport/uchwały/zarządzenia/sesje + sitemap + Wayback CDX + alternatywne domeny; pobieranie także przez Tor z polskim IP) - dowód proceduralny istnienia raportu, brak opublikowanego pliku",,BRAK_URL (dowód istnienia - nieopublikowany),2026-09-09T14:59:32Z,"[TURA 22 09.09.2026] NEG-plik, DOWOD ISTNIENIA POTWIERDZONY: BIP Wodynie (wodynie.bipgmina.pl) > Sesje Rady Gminy > sesja VIII/2019 z 31.05.2019: porządek obrad zawiera ""Debata nad raportem o stanie Gminy Wodynie za 2018 rok"" i ""Podjęcie uchwały w sprawie udzielenia Wójtowi Gminy Wodynie wotum zaufania"" (także zawiadomienia o sesji na WWW wodynie.eu) – raport za 2018 istniał; plik raportu nie został opublikowany: brak w BIP (zarządzenia 2019-2026, tablica ogłoszeń, aktualności, wyszukiwarka), na WWW (WP API media/posts), w starym BIP e-bip.pl/Start/36 (dział ""Raporty o stanie"" pusty w kopii Wayback 11.2019) ani w Wayback | dowód: https://wodynie.bipgmina.pl/wiadomosci/9535/wiadomosc/472275/szczegoly_sesji_nr_viii2019_z_dnia_31_maja_2019_r | strona: https://wodynie.bipgmina.pl/wiadomosci/9535/lista/sesje_rady_gminy",,true
12699,mazowieckie,siedlecki,Wodynie,gmina wiejska,1426122,2019,brak_finalnie,,,brak,"dogłębne sprawdzenie (web search bez Tora, kilka silników + BIP/CMS: wyszukiwarka, kategorie raport/uchwały/zarządzenia/sesje + sitemap + Wayback CDX + alternatywne domeny; pobieranie także przez Tor z polskim IP) - dowód proceduralny istnienia raportu, brak opublikowanego pliku",,BRAK_URL (dowód istnienia - nieopublikowany),2026-09-09T14:59:32Z,"[TURA 22 09.09.2026] NEG-plik, DOWOD ISTNIENIA POTWIERDZONY: BIP Wodynie (wodynie.bipgmina.pl) > Sesje Rady Gminy > sesja XVII/2020 z 05.06.2020: porządek obrad zawiera ""Debata nad raportem o stanie Gminy Wodynie za 2019 rok"" i ""Podjęcie uchwały w sprawie udzielenia Wójtowi Gminy Wodynie wotum zaufania"" (także zawiadomienia o sesji na WWW wodynie.eu) – raport za 2019 istniał; plik raportu nie został opublikowany: brak w BIP (zarządzenia 2019-2026, tablica ogłoszeń, aktualności, wyszukiwarka), na WWW (WP API media/posts), w starym BIP e-bip.pl/Start/36 (dział ""Raporty o stanie"" pusty w kopii Wayback 11.2019) ani w Wayback | dowód: https://wodynie.bipgmina.pl/wiadomosci/9535/wiadomosc/520972/szczegoly_sesji_nr_xvii2020_z_dnia_5_czerwca_2020_r | strona: https://wodynie.bipgmina.pl/wiadomosci/9535/lista/sesje_rady_gminy",,true
12700,mazowieckie,siedlecki,Wodynie,gmina wiejska,1426122,2020,brak_finalnie,,,brak,"dogłębne sprawdzenie (web search bez Tora, kilka silników + BIP/CMS: wyszukiwarka, kategorie raport/uchwały/zarządzenia/sesje + sitemap + Wayback CDX + alternatywne domeny; pobieranie także przez Tor z polskim IP) - dowód proceduralny istnienia raportu, brak opublikowanego pliku",,BRAK_URL (dowód istnienia - nieopublikowany),2026-09-09T14:59:32Z,"[TURA 22 09.09.2026] NEG-plik, DOWOD ISTNIENIA POTWIERDZONY: BIP Wodynie (wodynie.bipgmina.pl) > Sesje Rady Gminy > sesja XXVIII/2021 z 02.06.2021 (protokół: pkt 5 debata nad raportem, pkt 6 wotum zaufania): porządek obrad zawiera ""Debata nad raportem o stanie Gminy Wodynie za 2020 rok"" i ""Podjęcie uchwały w sprawie udzielenia Wójtowi Gminy Wodynie wotum zaufania"" (także zawiadomienia o sesji na WWW wodynie.eu) – raport za 2020 istniał; plik raportu nie został opublikowany: brak w BIP (zarządzenia 2019-2026, tablica ogłoszeń, aktualności, wyszukiwarka), na WWW (WP API media/posts), w starym BIP e-bip.pl/Start/36 (dział ""Raporty o stanie"" pusty w kopii Wayback 11.2019) ani w Wayback | dowód: https://wodynie.bipgmina.pl/wiadomosci/9535/wiadomosc/572998/szczegoly_sesji_nr_xxviii2021_z_dnia_2_czerwca_2021_r | strona: https://wodynie.bipgmina.pl/wiadomosci/9535/lista/sesje_rady_gminy",,true
12701,mazowieckie,siedlecki,Wodynie,gmina wiejska,1426122,2021,brak_finalnie,,,brak,"dogłębne sprawdzenie (web search bez Tora, kilka silników + BIP/CMS: wyszukiwarka, kategorie raport/uchwały/zarządzenia/sesje + sitemap + Wayback CDX + alternatywne domeny; pobieranie także przez Tor z polskim IP) - dowód proceduralny istnienia raportu, brak opublikowanego pliku",,BRAK_URL (dowód istnienia - nieopublikowany),2026-09-09T14:59:32Z,"[TURA 22 09.09.2026] NEG-plik, DOWOD ISTNIENIA POTWIERDZONY: BIP Wodynie (wodynie.bipgmina.pl) > Sesje Rady Gminy > sesja XXXVII/2022 z 30.06.2022: porządek obrad zawiera ""Debata nad raportem o stanie Gminy Wodynie za 2021 rok"" i ""Podjęcie uchwały w sprawie udzielenia Wójtowi Gminy Wodynie wotum zaufania"" (także zawiadomienia o sesji na WWW wodynie.eu) – raport za 2021 istniał; plik raportu nie został opublikowany: brak w BIP (zarządzenia 2019-2026, tablica ogłoszeń, aktualności, wyszukiwarka), na WWW (WP API media/posts), w starym BIP e-bip.pl/Start/36 (dział ""Raporty o stanie"" pusty w kopii Wayback 11.2019) ani w Wayback | dowód: https://wodynie.bipgmina.pl/wiadomosci/9535/wiadomosc/636651/szczegoly_sesji_nr_xxxvii2022_z_dnia_30_czerwca_2022_r | strona: https://wodynie.bipgmina.pl/wiadomosci/9535/lista/sesje_rady_gminy",,true
12702,mazowieckie,siedlecki,Wodynie,gmina wiejska,1426122,2022,brak_finalnie,,,brak,"dogłębne sprawdzenie (web search bez Tora, kilka silników + BIP/CMS: wyszukiwarka, kategorie raport/uchwały/zarządzenia/sesje + sitemap + Wayback CDX + alternatywne domeny; pobieranie także przez Tor z polskim IP) - dowód proceduralny istnienia raportu, brak opublikowanego pliku",,BRAK_URL (dowód istnienia - nieopublikowany),2026-09-09T14:59:32Z,"[TURA 22 09.09.2026] NEG-plik, DOWOD ISTNIENIA POTWIERDZONY: BIP Wodynie (wodynie.bipgmina.pl) > Sesje Rady Gminy > sesja XLVI z 26.05.2023: porządek obrad zawiera ""Debata nad raportem o stanie Gminy Wodynie za 2022 rok"" i ""Podjęcie uchwały w sprawie udzielenia Wójtowi Gminy Wodynie wotum zaufania"" (także zawiadomienia o sesji na WWW wodynie.eu) – raport za 2022 istniał; plik raportu nie został opublikowany: brak w BIP (zarządzenia 2019-2026, tablica ogłoszeń, aktualności, wyszukiwarka), na WWW (WP API media/posts), w starym BIP e-bip.pl/Start/36 (dział ""Raporty o stanie"" pusty w kopii Wayback 11.2019) ani w Wayback | dowód: https://wodynie.bipgmina.pl/wiadomosci/9535/wiadomosc/687781/szczegoly_sesji_nr_xlvi_z_dnia_26_maja_2023_r | strona: https://wodynie.bipgmina.pl/wiadomosci/9535/lista/sesje_rady_gminy",,true
12703,mazowieckie,siedlecki,Wodynie,gmina wiejska,1426122,2023,brak_finalnie,,,brak,"dogłębne sprawdzenie (web search bez Tora, kilka silników + BIP/CMS: wyszukiwarka, kategorie raport/uchwały/zarządzenia/sesje + sitemap + Wayback CDX + alternatywne domeny; pobieranie także przez Tor z polskim IP) - dowód proceduralny istnienia raportu, brak opublikowanego pliku",,BRAK_URL (dowód istnienia - nieopublikowany),2026-09-09T14:59:32Z,"[TURA 22 09.09.2026] NEG-plik, DOWOD ISTNIENIA POTWIERDZONY: BIP Wodynie (wodynie.bipgmina.pl) > Sesje Rady Gminy > sesja II z 24.05.2024: porządek obrad zawiera ""Debata nad raportem o stanie Gminy Wodynie za 2023 rok"" i ""Podjęcie uchwały w sprawie udzielenia Wójtowi Gminy Wodynie wotum zaufania"" (także zawiadomienia o sesji na WWW wodynie.eu) – raport za 2023 istniał; plik raportu nie został opublikowany: brak w BIP (zarządzenia 2019-2026, tablica ogłoszeń, aktualności, wyszukiwarka), na WWW (WP API media/posts), w starym BIP e-bip.pl/Start/36 (dział ""Raporty o stanie"" pusty w kopii Wayback 11.2019) ani w Wayback | dowód: https://wodynie.bipgmina.pl/wiadomosci/9535/wiadomosc/752845/szczegoly_sesji_nr_ii_z_dnia_24_maja_2024_r | strona: https://wodynie.bipgmina.pl/wiadomosci/9535/lista/sesje_rady_gminy",,true
12704,mazowieckie,siedlecki,Wodynie,gmina wiejska,1426122,2024,brak_finalnie,,,brak,"dogłębne sprawdzenie (web search bez Tora, kilka silników + BIP/CMS: wyszukiwarka, kategorie raport/uchwały/zarządzenia/sesje + sitemap + Wayback CDX + alternatywne domeny; pobieranie także przez Tor z polskim IP) - dowód proceduralny istnienia raportu, brak opublikowanego pliku",,BRAK_URL (dowód istnienia - nieopublikowany),2026-09-09T14:59:32Z,"[TURA 22 09.09.2026] NEG-plik, DOWOD ISTNIENIA POTWIERDZONY: BIP Wodynie (wodynie.bipgmina.pl) > Sesje Rady Gminy > sesja X z 30.05.2025: porządek obrad zawiera ""Debata nad raportem o stanie Gminy Wodynie za 2024 rok"" i ""Podjęcie uchwały w sprawie udzielenia Wójtowi Gminy Wodynie wotum zaufania"" (także zawiadomienia o sesji na WWW wodynie.eu) – raport za 2024 istniał; plik raportu nie został opublikowany: brak w BIP (zarządzenia 2019-2026, tablica ogłoszeń, aktualności, wyszukiwarka), na WWW (WP API media/posts), w starym BIP e-bip.pl/Start/36 (dział ""Raporty o stanie"" pusty w kopii Wayback 11.2019) ani w Wayback | dowód: https://wodynie.bipgmina.pl/wiadomosci/9535/wiadomosc/821779/szczegoly_sesji_nr_x_z_dnia_30_maja_2025_r | strona: https://wodynie.bipgmina.pl/wiadomosci/9535/lista/sesje_rady_gminy",,true
12705,mazowieckie,siedlecki,Wodynie,gmina wiejska,1426122,2025,brak_finalnie,,,brak,"dogłębne sprawdzenie (web search bez Tora, kilka silników + BIP/CMS: wyszukiwarka, kategorie raport/uchwały/zarządzenia/sesje + sitemap + Wayback CDX + alternatywne domeny; pobieranie także przez Tor z polskim IP) - dowód proceduralny istnienia raportu, brak opublikowanego pliku",,BRAK_URL (dowód istnienia - nieopublikowany),2026-09-09T14:59:32Z,"[TURA 22 09.09.2026] NEG-plik, DOWOD ISTNIENIA POTWIERDZONY: BIP Wodynie (wodynie.bipgmina.pl) > Sesje Rady Gminy > sesja XVII z 29.05.2026: porządek obrad zawiera ""Debata nad raportem o stanie Gminy Wodynie za 2025 rok"" i ""Podjęcie uchwały w sprawie udzielenia Wójtowi Gminy Wodynie wotum zaufania"" (także zawiadomienia o sesji na WWW wodynie.eu) – raport za 2025 istniał; plik raportu nie został opublikowany: brak w BIP (zarządzenia 2019-2026, tablica ogłoszeń, aktualności, wyszukiwarka), na WWW (WP API media/posts), w starym BIP e-bip.pl/Start/36 (dział ""Raporty o stanie"" pusty w kopii Wayback 11.2019) ani w Wayback | dowód: https://wodynie.bipgmina.pl/wiadomosci/9535/wiadomosc/883866/szczegoly_sesji_nr_xvii_z_dnia_29_maja_2026_r | strona: https://wodynie.bipgmina.pl/wiadomosci/9535/lista/sesje_rady_gminy",,true
12706,mazowieckie,sierpecki,-,-,1427,2018,nowy,,,,,,,,,,
12707,mazowieckie,sierpecki,-,-,1427,2019,nowy,,,,,,,,,,
12708,mazowieckie,sierpecki,-,-,1427,2020,nowy,,,,,,,,,,
12709,mazowieckie,sierpecki,-,-,1427,2021,nowy,,,,,,,,,,
12710,mazowieckie,sierpecki,-,-,1427,2022,nowy,,,,,,,,,,
12711,mazowieckie,sierpecki,-,-,1427,2023,nowy,,,,,,,,,,
12712,mazowieckie,sierpecki,-,-,1427,2024,nowy,,,,,,,,,,
12713,mazowieckie,sierpecki,-,-,1427,2025,nowy,,,,,,,,,,
12714,mazowieckie,sierpecki,Sierpc,gmina miejska,1427011,2018,ok_finalnie,pdf,raport,https://bip.sierpc.pl/res/serwisy/pliki/21504551?version=1.0,http_get,d9999dc0bc2d4a36c90896a7dde7d9b72d1313568f0a42cabb6f14ed860b0fe2,200,2026-09-08 10:53:14,,7.863,
12715,mazowieckie,sierpecki,Sierpc,gmina miejska,1427011,2019,ok_finalnie,pdf,raport,https://bip.sierpc.pl/res/serwisy/pliki/24022325?version=1.0,http_get,65183e714a01ac291183b8ce7362f6725fb61f7a8afc1fea534210dd01f801f0,200,2026-09-08 10:53:14,,5.836,
12716,mazowieckie,sierpecki,Sierpc,gmina miejska,1427011,2020,ok_finalnie,pdf,raport,https://bip.sierpc.pl/res/serwisy/pliki/26936374?version=1.0,http_get,93121fdc7a1b5a2fe1fcaf7a5bb962fa514ba40e25223db0a7bafbfb916a881a,200,2026-09-08 10:53:14,,2.226,
12717,mazowieckie,sierpecki,Sierpc,gmina miejska,1427011,2021,ok_finalnie,pdf,raport,https://bip.sierpc.pl/res/serwisy/pliki/29738979?version=1.0,http_get,fc502fb52bf9a0837cca8b75be254d747eb2d5f066d112c03c4b4c526f0d196a,200,2026-09-08 10:53:14,,2.047,
12718,mazowieckie,sierpecki,Sierpc,gmina miejska,1427011,2022,ok_finalnie,pdf,raport,https://bip.sierpc.pl/res/serwisy/pliki/32485549?version=1.0,http_get,6fe66a83ed916b03d49bb1a47c2c1c736137a7b1aaecdf88f12aebc61b46f32f,200,2026-09-08 10:53:14,,1.730,
12719,mazowieckie,sierpecki,Sierpc,gmina miejska,1427011,2023,ok_finalnie,pdf,raport,https://bip.sierpc.pl/res/serwisy/pliki/35400570?version=1.0,http_get,dc4b7b0942872844c4507477dfc6eb56fc4abda4cead13d73856c705d45337cc,200,2026-09-08 10:53:14,,2.286,
12720,mazowieckie,sierpecki,Sierpc,gmina miejska,1427011,2024,ok_finalnie,pdf,raport,https://bip.sierpc.pl/res/serwisy/pliki/40733250?version=1.0,http_get,6ad8f1466abe06236553272d384cb7a6b7135e4cf86f44a77491d3d018779dca,200,2026-09-08 10:53:14,,1.479,
12721,mazowieckie,sierpecki,Sierpc,gmina miejska,1427011,2025,ok_finalnie,pdf,raport,https://bip.sierpc.pl/res/serwisy/pliki/43660629?version=1.0,http_get,0a738c01761a8b78c8c93c98d00d69236340ab528e8054b10038c04596b81a41,200,2026-09-08 10:53:14,,1.366,
12722,mazowieckie,sierpecki,Gozdowo,gmina wiejska,1427022,2018,nowy,,,,,,,,,,
12723,mazowieckie,sierpecki,Gozdowo,gmina wiejska,1427022,2019,nowy,,,,,,,,,,
12724,mazowieckie,sierpecki,Gozdowo,gmina wiejska,1427022,2020,ok_finalnie,pdf,tekst,http://gozdowo.eu/wp-content/uploads/2021/06/Raport-o-stanie-Gminy-Gozdowo-w-2020-roku.pdf,direct_without_tor,28fb5d31cceb6b50f66f8ded7e9e64a6c0861fc3a7a373efe5d143eb915ac45c,200,2026-09-08T20:32:40Z,,8.925,true
12725,mazowieckie,sierpecki,Gozdowo,gmina wiejska,1427022,2021,ok_finalnie,pdf,tekst,http://gozdowo.eu/wp-content/uploads/2022/05/Raport-o-stanie-Gminy-Gozdowo-w-2021-roku.pdf,direct_without_tor,c0849e5195f3b4e58701f8aba7737804faf22b4c988ab2770fd9f561ad6a63b1,200,2026-09-08T20:32:40Z,,8.033,true
12726,mazowieckie,sierpecki,Gozdowo,gmina wiejska,1427022,2022,ok_finalnie,pdf,tekst,https://gozdowo.eu/wp-content/uploads/2023/05/Raport-o-stanie-gminy-Gozdowo-w-2022-roku.pdf,direct_without_tor,b7bec5e78708090653d32f478b1c0426429493b06d9617febd57b7319c5eed50,200,2026-09-08T20:32:40Z,,18.553,true
12727,mazowieckie,sierpecki,Gozdowo,gmina wiejska,1427022,2023,ok_finalnie,pdf,tekst,http://gozdowo.eu/wp-content/uploads/2024/05/Raport-o-stanie-gminy-Gozdowo-za-2023-rok.pdf,direct_without_tor,85900d072e5e009f2cdb6e70f46b0bd8ea3845cdf09ace5eddeca075192daa60,200,2026-09-08T20:32:40Z,,30.693,true
12728,mazowieckie,sierpecki,Gozdowo,gmina wiejska,1427022,2024,ok_finalnie,pdf,tekst,https://gozdowo.eu/wp-content/uploads/2025/05/Raport-o-stanie-Gminy-Gozdowo-za-2024-rok.pdf,direct_without_tor,56df5ace046cf7457e168f63e045ef0d8bf1573f772dc68a080a923d97855efa,200,2026-09-09T07:42:53Z,,8.008,true
12729,mazowieckie,sierpecki,Gozdowo,gmina wiejska,1427022,2025,ok_finalnie,pdf,tekst,http://gozdowo.eu/wp-content/uploads/2026/05/Raport-o-stanie-Gminy-Gozdowo-za-2025-rok-skompresowany.pdf,direct_without_tor,dd0540775a181461ff11047888d7d1cb4d5681e24b4f0d8993afb98fda5e47d0,200,2026-09-08T20:32:40Z,,10.55,true
12730,mazowieckie,sierpecki,Mochowo,gmina wiejska,1427032,2018,ok_finalnie,pdf,raport,https://bip-v1-files.idcom-jst.pl/sites/46443/wiadomosci/526780/files/raport_o_stanie_gminy_mochowo_za_2018_rok__stan_na_31052019.pdf,http_get,d298a9dae3c01793d67808ddd1799ec5ee94cbe6633cbea8dca16b604fed969b,200,2026-09-08 11:11:21,,2.275,
12731,mazowieckie,sierpecki,Mochowo,gmina wiejska,1427032,2019,ok_finalnie,pdf,raport,https://bip-v1-files.idcom-jst.pl/sites/46443/wiadomosci/526791/files/20200522_raport_o_stanie_gminy_mochowo_za_2019_rok.pdf,http_get,f5b192f66d9fbdab7bb511e0e034d86e127e5797fa196c3e698f07f5049fafe1,200,2026-09-08 11:11:21,,2.029,
12732,mazowieckie,sierpecki,Mochowo,gmina wiejska,1427032,2020,ok_finalnie,pdf,raport,https://bip-v1-files.idcom-jst.pl/sites/46443/wiadomosci/572334/files/zarzadzenie_452021_w_spr_raportu_o_stanie_gminy_mochowo_za_2020_rok.pdf,http_get,654899fe5bfa81acdd0411ec86db73ed79826d3d80c00ab9a27718fa5233b870,200,2026-09-08 11:11:21,,1.156,
12733,mazowieckie,sierpecki,Mochowo,gmina wiejska,1427032,2021,ok_finalnie,pdf,raport,https://bip-v1-files.idcom-jst.pl/sites/46443/wiadomosci/631105/files/zarzadzenie_322022_z_23052022_w_spr_przedstawienia_raportu_o_stanie_gminy_mochowo_za_2021_rok.pdf,http_get,6342535984d084a3aa9ebd9f8d3bf94117f7a53b7891b81a9dd59dbf2869948c,200,2026-09-08 11:11:21,,2.045,
12734,mazowieckie,sierpecki,Mochowo,gmina wiejska,1427032,2022,ok_finalnie,pdf,raport,https://bip-v1-files.idcom-jst.pl/sites/46443/wiadomosci/688985/files/zarzadzenie_nr_222023_z_24052023_w_spr_przedstawienia_radzie_gminy_mochowo_raportu_o_stanie_gminy_mochowo_za_2022_rok.pdf,http_get,b703894132a3772ba1e47f5e72a5b0800b62ad67bbf48036af0eeca64356027e,200,2026-09-08 11:12:10,,0.848,
12735,mazowieckie,sierpecki,Mochowo,gmina wiejska,1427032,2023,ok_finalnie,pdf,raport,https://bip-v1-files.idcom-jst.pl/sites/46443/wiadomosci/760581/files/zarzadzenie_502024_z_31052024_w_spr_przedstawienia_radzie_gminy_mochowo_raportu_o_stanie_gminy_mochowo_za_2023_rok.pdf,http_get,fdb924d0c9ce7552d6edc4a40b55f3b27dd32d910afe693b990ec084a8cbdef6,200,2026-09-08 11:12:10,,2.265,
12736,mazowieckie,sierpecki,Mochowo,gmina wiejska,1427032,2024,ok_finalnie,pdf,raport,https://bip-v1-files.idcom-jst.pl/sites/46443/wiadomosci/823830/files/1._zarzadzenie_52.2025_wojta_gminy_mochowo_z_30-05-2025_r._w_spr._przedstawienia_radzie_gminy_mochowo_raportu_o_stanie_gminy_mochowo_za_2024_rok.pdf,http_get,d91c59b982f3ec2245a711e05a6ea881e03a91ff6f58d9d542ff76ab6f12ed44,200,2026-09-08 11:10:38,,6.957,
12737,mazowieckie,sierpecki,Mochowo,gmina wiejska,1427032,2025,ok_finalnie,pdf,raport,https://bip-v1-files.idcom-jst.pl/sites/46443/wiadomosci/885864/files/raport_o_stanie_gminy_mochowo_za_2025_rok_wersja_ostateczna.pdf,http_get,8bfcea8a4f8e6279f58931f90ed48a1b667ec36ec8a65a4e6fe4376310a6bc9b,200,2026-09-08 11:12:10,,13.119,
12738,mazowieckie,sierpecki,Rościszewo,gmina wiejska,1427042,2018,ok_finalnie,pdf,tekst,https://rosciszewo.bip.org.pl/pliki/rosciszewo/raport_o_stanie_gminy_rosciszewo_za_2018_rok.pdf?20260908223712,direct_without_tor,c4ef9dd5921c4bf627c0c3d4083a9a25234652f1690ba21cb50d7fa26fd8e3e2,200,2026-09-08T21:20:49Z,,1.362,true
12739,mazowieckie,sierpecki,Rościszewo,gmina wiejska,1427042,2019,ok_finalnie,pdf,tekst,https://rosciszewo.bip.org.pl/pliki/rosciszewo/raport_o_stanie_gminy_rosciszewo_za_2019_rok.pdf?20260908223709,direct_without_tor,3ea358490dce09890aaf3e04b972cce318c357f2160df291b3928b75460194a8,200,2026-09-08T21:20:49Z,,2.201,true
12740,mazowieckie,sierpecki,Rościszewo,gmina wiejska,1427042,2020,ok_finalnie,pdf,tekst,https://rosciszewo.bip.org.pl/pliki/rosciszewo/raport_o_stanie_gminy_rosciszewo_za_2020_rok.pdf?20260908223706,direct_without_tor,cc10f04ad59d36f9104aa9115922142914be37de894fcf5f863e3458f9a6b6d9,200,2026-09-08T21:20:49Z,,1.9,true
12741,mazowieckie,sierpecki,Rościszewo,gmina wiejska,1427042,2021,ok_finalnie,pdf,tekst,https://rosciszewo.bip.org.pl/pliki/rosciszewo/raport_o_stanie_gminy_rosciszewo_w_2021_roku.pdf?20260908223703,direct_without_tor,9d56ded02458fa59df887c5dbc8d97ca468638edbd6bcf89b13ff95992bf256e,200,2026-09-08T21:20:49Z,,3.605,true
12742,mazowieckie,sierpecki,Rościszewo,gmina wiejska,1427042,2022,ok_finalnie,pdf,tekst,https://rosciszewo.bip.org.pl/pliki/rosciszewo/raport_o_stanie_gminy_rosciszewo_w_2022_roku.pdf?20260908223700,direct_without_tor,faf00eac41e36410f54ed191254d3d76aaf7fd670963365c176b8e4d50f7a95a,200,2026-09-08T21:20:49Z,,2.725,true
12743,mazowieckie,sierpecki,Rościszewo,gmina wiejska,1427042,2023,ok_finalnie,pdf,tekst,https://rosciszewo.bip.org.pl/pliki/rosciszewo/raport_o_stanie_gminy_rosciszewo_w_2023_roku_-1.pdf?20260908223657,direct_without_tor,c8c0f97e788a3e24261e8e68c5e654e9444b8aa8941098fcc7cddda501ddef09,200,2026-09-08T21:20:49Z,,3.437,true
12744,mazowieckie,sierpecki,Rościszewo,gmina wiejska,1427042,2024,ok_finalnie,pdf,skan+OCR,https://rosciszewo.bip.org.pl/pliki/rosciszewo/raport_2024.pdf?20260908223654,direct_without_tor,fe5fd0df7abb18dfb1d2674dca6851e4d5639ba42994b6045bcf9bad091ee2ab,200,2026-09-08T21:20:49Z,,24.707,true
12745,mazowieckie,sierpecki,Rościszewo,gmina wiejska,1427042,2025,ok_finalnie,pdf,skan+OCR,https://rosciszewo.bip.org.pl/pliki/rosciszewo/20260515142754083.pdf?20260908223650,direct_without_tor,f801cd91e35edb3cb2c06f1884b9e64efc3620ae4285d7faac721277834a43a4,200,2026-09-08T21:20:49Z,,21.528,true
12746,mazowieckie,sierpecki,Sierpc,gmina wiejska,1427052,2018,ok_finalnie,pdf,raport,https://bip.sierpc.pl/res/serwisy/pliki/21504551?version=1.0,http_get,d9999dc0bc2d4a36c90896a7dde7d9b72d1313568f0a42cabb6f14ed860b0fe2,200,2026-09-08 14:04:09,,7.863,
12747,mazowieckie,sierpecki,Sierpc,gmina wiejska,1427052,2019,ok_finalnie,pdf,tekst,https://bip-v1-files.idcom-jst.pl/sites/46437/wiadomosci/521542/files/raport_o_stanie_gminy_sierpc_za_2019.pdf,web search → idcom bip-v1-files (sites/46437),3106fb38684bb39d8c3b6d9d6d7d4b9ae922464a6591523170b46d55fbf6fb30,200,2026-09-07T20:56:01Z,,2.295,true
12748,mazowieckie,sierpecki,Sierpc,gmina wiejska,1427052,2020,ok_finalnie,pdf,tekst,https://bip-v1-files.idcom-jst.pl/sites/46437/wiadomosci/575317/files/raport_o_stanie_gminy_sierpc_za_2020.pdf,web search → idcom bip-v1-files (sites/46437),99361b39f1b80488fe708a9a9ba40913fed92cc3b21752f9dd1f39ea17d3b227,200,2026-09-07T20:56:01Z,,1.553,true
12749,mazowieckie,sierpecki,Sierpc,gmina wiejska,1427052,2021,ok_finalnie,pdf,raport,https://bip.sierpc.pl/res/serwisy/pliki/29738979?version=1.0,http_get,fc502fb52bf9a0837cca8b75be254d747eb2d5f066d112c03c4b4c526f0d196a,200,2026-09-08 14:04:09,,2.047,
12750,mazowieckie,sierpecki,Sierpc,gmina wiejska,1427052,2022,ok_finalnie,pdf,raport,https://bip.sierpc.pl/res/serwisy/pliki/32485549?version=1.0,http_get,6fe66a83ed916b03d49bb1a47c2c1c736137a7b1aaecdf88f12aebc61b46f32f,200,2026-09-08 14:04:09,,1.730,
12751,mazowieckie,sierpecki,Sierpc,gmina wiejska,1427052,2023,ok_finalnie,pdf,tekst,https://bip-v1-files.idcom-jst.pl/sites/46437/wiadomosci/754247/files/raport_o_stanie_gminy_sierpc_2023.pdf,web search → idcom bip-v1-files (sites/46437),71ad93daa040e0fb6ff215692085a754455df627c3f14deb0cb33121e171ccf8,200,2026-09-07T20:56:01Z,,1.568,true
12752,mazowieckie,sierpecki,Sierpc,gmina wiejska,1427052,2024,ok_finalnie,pdf,tekst,https://bip-v1-files.idcom-jst.pl/sites/46437/wiadomosci/822225/files/raport_o_stanie_gminy_sierpc_2024.pdf,idcom bip-v1-files sites/46437,724e8b59ef7882cc76fa0800d7ae08f02a81ffa945b71177ffc08fd3e0197bcc,200,2026-09-07T21:09:25Z,,3.052,true
12753,mazowieckie,sierpecki,Sierpc,gmina wiejska,1427052,2025,ok_finalnie,pdf,raport,https://bip.sierpc.pl/res/serwisy/pliki/43660629?version=1.0,http_get,0a738c01761a8b78c8c93c98d00d69236340ab528e8054b10038c04596b81a41,200,2026-09-08 14:04:09,,1.366,
12754,mazowieckie,sierpecki,Szczutowo,gmina wiejska,1427062,2018,nowy,,,,,,,,,,
12755,mazowieckie,sierpecki,Szczutowo,gmina wiejska,1427062,2019,ok_finalnie,pdf,skan+OCR,https://fs.siteor.com/szczutowo/article_attachments/attachments/222999/original/Raport_o_stanie_gminy_Szczutowo.pdf?1591082562,direct_without_tor,67b94d5711d39d060f86f305ee7a99f54d98b6258c427810eedaea79185dd4f2,200,2026-09-08T21:21:29Z,,10.738,true
12756,mazowieckie,sierpecki,Szczutowo,gmina wiejska,1427062,2020,ok_finalnie,pdf,skan+OCR,https://fs.siteor.com/szczutowo/article_attachments/attachments/251916/original/Raport_o_stanie_Gminy_Szczutowo_za_2020_rok.pdf?1622617847,direct_without_tor,a9d287140ad19ecae50254543a2964a32bb79e9a291abcbc93d19ad29a746454,200,2026-09-08T21:21:29Z,,13.693,true
12757,mazowieckie,sierpecki,Szczutowo,gmina wiejska,1427062,2021,ok_finalnie,pdf,tekst,https://fs.siteor.com/szczutowo/article_attachments/attachments/268862/original/Raport_o_stanie_gminy_za_2021_rok.pdf?1653652768,direct_without_tor,3ae9daed5c4b4c333a949f2cf3fdec3a053ba4939ff624028588655949a51dab,200,2026-09-08T21:21:29Z,,0.93,true
12758,mazowieckie,sierpecki,Szczutowo,gmina wiejska,1427062,2022,ok_finalnie,pdf,tekst,https://fs.siteor.com/szczutowo/article_attachments/attachments/284000/original/Raport_o_stanie_gminy_za_2022_rok-1.pdf?1685526235,direct_without_tor,417607bac9095c5f7727de39909328e1839ac43986a7cf7703de1150e7ecda47,200,2026-09-08T21:21:29Z,,0.379,true
12759,mazowieckie,sierpecki,Szczutowo,gmina wiejska,1427062,2023,ok_finalnie,pdf,tekst,https://fs.siteor.com/szczutowo/article_attachments/attachments/295990/original/RAPORT_O_STANIE_GMINY_ZA_ROK_2023.pdf?1718628154,direct_without_tor,532224f864b36322cb7d5aaabc7fe0c9e8e17a30678c45e2e1db187f3e823163,200,2026-09-08T21:21:29Z,,0.329,true
12760,mazowieckie,sierpecki,Szczutowo,gmina wiejska,1427062,2024,ok_finalnie,pdf,tekst,https://fs.siteor.com/szczutowo/article_attachments/attachments/305967/original/Raport__o_stanie_gminy_za_2024_rok.pdf?1750060301,direct_without_tor,6970362bbd2a69d390042262023b97073902d2c54af696fe216ce44950e5c12a,200,2026-09-08T21:21:29Z,,0.785,true
12761,mazowieckie,sierpecki,Szczutowo,gmina wiejska,1427062,2025,ok_finalnie,pdf,tekst,https://fs.siteor.com/szczutowo/article_attachments/attachments/324411/original/Raport__o_stanie_gminy_za_2025_rok.pdf?1781677132,direct_without_tor,220867cc5ab60e2fdcb60fbe5cf07a9478cb869e133678ece21544279fa1c143,200,2026-09-08T21:21:29Z,,0.791,true
12762,mazowieckie,sierpecki,Zawidz,gmina wiejska,1427072,2018,brak_finalnie,,,brak,"dogłębne sprawdzenie (web search bez Tora, kilka silników + BIP/CMS: wyszukiwarka, kategorie raport/uchwały/zarządzenia/sesje + sitemap + Wayback CDX + alternatywne domeny; pobieranie także przez Tor z polskim IP) - dowód proceduralny istnienia raportu, brak opublikowanego pliku",,BRAK_URL (dowód istnienia - nieopublikowany),2026-09-09T10:47:54Z,"[TURA 22 09.09.2026] NEG-plik, DOWOD ISTNIENIA POTWIERDZONY: Uchwała Nr 31/VIII/2019 Rady Gminy Zawidz z 28.06.2019 „w sprawie wotum zaufania dla Wójta Gminy Zawidz za rok 2018” (art. 28aa ust. 9 u.s.g., „po rozpatrzeniu Raportu o stanie gminy Zawidz”) — skan, OCR; plik raportu za 2018 nieopublikowany: BIP zawidz.bip.org.pl kategoria „Raport o stanie Gminy” (id/538) zaczyna się od raportu za 2019, wyszukiwarka BIP (raport/wotum/2018) i strona ug.zawidz.pl (WP media search) bez raportu za 2018; Wayback CDX pliki/zawidz — brak | dowód: https://zawidz.bip.org.pl/pliki/zawidz/uchwala-31-viii-2019.pdf | strona: https://zawidz.bip.org.pl/id/436",,true
12763,mazowieckie,sierpecki,Zawidz,gmina wiejska,1427072,2019,ok_finalnie,pdf,tekst,https://zawidz.bip.org.pl/pliki/zawidz/rapotr_stan_gminy_2019.pdf?20260908185645,direct_without_tor,3aab06f2116430342c7545d382cb8cf02a6b0440037bd93028071284dd321378,200,2026-09-08T18:05:10Z,,0.769,true
12764,mazowieckie,sierpecki,Zawidz,gmina wiejska,1427072,2020,ok_finalnie,pdf,tekst,https://zawidz.bip.org.pl/pliki/zawidz/rapotr_o_stanie_gminy-_2021r.pdf,direct_without_tor,adf4253c0e25b94a0623597c46b184bef54def6418ff7fefa81710b8ec88f203,200,2026-09-09T10:46:18Z,"[TURA 22 09.09.2026] | okładka „za 2020 rok”, dane wg stanu 31.12.2020; plik z www ug.zawidz.pl „Raport-o-stanie-Gminy-2021.pdf” (okładka „za 2021 rok”) zawiera tę samą treść za 2020 r. — błędna okładka",0.551,true
12765,mazowieckie,sierpecki,Zawidz,gmina wiejska,1427072,2021,ok_finalnie,pdf,tekst,https://zawidz.bip.org.pl/pliki/zawidz/raport_o_stanie_gminy-_za_2021r.pdf,direct_without_tor,2e6b2b48c49d05effb1a6986c60e5a7f32495fa61de61d573bbf184c3c4e7d8f,200,2026-09-09T10:46:21Z,"[TURA 22 09.09.2026] | KOREKTA: w wejściowym CSV dla 2021 wskazano plik ug.zawidz.pl/…/Raport-o-stanie-Gminy-2021.pdf, którego treść dotyczy roku 2020 (wstęp: 1.01.2020–31.12.2020); właściwy raport za 2021 (65 s., dane 31.12.2021) jest w BIP",1.007,true
12766,mazowieckie,sierpecki,Zawidz,gmina wiejska,1427072,2022,ok_finalnie,pdf,tekst,https://zawidz.bip.org.pl/pliki/zawidz/raport_o_stanie_gminy-_za_2022_r.pdf?20260908185645,direct_without_tor,b45792863cb15d5fbca2fc18c6664dd9a36887991e7946c7992f19f62d73401e,200,2026-09-08T18:05:10Z,,1.839,true
12767,mazowieckie,sierpecki,Zawidz,gmina wiejska,1427072,2023,ok_finalnie,pdf,tekst,https://zawidz.bip.org.pl/pliki/zawidz/raport_o_stanie_gminy.pdf?20260908185645,direct_without_tor,e7734e8ed7b63199a670303db61e501bd5fe1fc0ef69593434029abb0d31ae8d,200,2026-09-08T18:05:10Z,,32.405,true
12768,mazowieckie,sierpecki,Zawidz,gmina wiejska,1427072,2024,ok_finalnie,pdf,tekst,https://zawidz.bip.org.pl/pliki/zawidz/raport_o_stanie_gminy_za_2024.pdf?20260908185645,direct_without_tor,8d4734a65a28bc74d2a53b9d7da733eb9847f28deddfc93f4db5ca0dcd4f6efd,200,2026-09-08T18:05:10Z,,1.278,true
12769,mazowieckie,sierpecki,Zawidz,gmina wiejska,1427072,2025,ok_finalnie,pdf,tekst,https://ug.zawidz.pl/wp-content/uploads/2026/06/RAPORT-2025.pdf,direct_without_tor,7ddd8e134e55394525fb6714792122069d45d73d8e683db7f67f374c7f1eb1f4,200,2026-09-09T10:46:23Z,[TURA 22 09.09.2026],1.38,true
12770,mazowieckie,sochaczewski,-,-,1428,2018,ok_finalnie,pdf,skan+OCR,https://bip-v1-files.idcom-jst.pl/sites/47362/wiadomosci/584681/files/raport_o_stanie_powiatu_sochaczewskiego_2018_rok.pdf,direct_without_tor,3f2150407e3e2128e4b3feafae167d9ac00061382c60f642e80ba6b291caa5ac,200,2026-09-08T18:05:34Z,,26.342,true
12771,mazowieckie,sochaczewski,-,-,1428,2019,ok_finalnie,pdf,tekst,https://bip-v1-files.idcom-jst.pl/sites/47362/wiadomosci/584680/files/raport_o_stanie_powiatu_sochaczewskiego_2019_rok_15052020.pdf,direct_without_tor,010ef7603d477ebe8bb1c898749be474f39f7fcdc3d753814ef267f050eff2bb,200,2026-09-08T18:05:34Z,,0.947,true
12772,mazowieckie,sochaczewski,-,-,1428,2020,ok_finalnie,pdf,tekst,https://bip-v1-files.idcom-jst.pl/sites/47362/wiadomosci/584679/files/raport_o_stanie_powiatu_sochaczewskiego_2020_rok_.pdf,direct_without_tor,08b514f4b741caeb1d6abded8b6916d83c86ff75b0a43eb98a139a829654aa7e,200,2026-09-08T18:05:34Z,,1.336,true
12773,mazowieckie,sochaczewski,-,-,1428,2021,ok_finalnie,pdf,tekst,https://bip-v1-files.idcom-jst.pl/sites/47362/wiadomosci/632866/files/raport_o_stanie_powiatu_sochaczewskiego_za_2021_rok_31052022.pdf,direct_without_tor,6c967b381b2651bf534cf7359a93668fee4a8bc996c70ea504e4af842ac0c052,200,2026-09-08T18:05:34Z,,2.346,true
12774,mazowieckie,sochaczewski,-,-,1428,2022,ok_finalnie,pdf,tekst,https://bip-v1-files.idcom-jst.pl/sites/47362/wiadomosci/690205/files/raport_o_stanie_za_2022_rok.pdf,direct_without_tor,406c493d79f9adb85d0fb41aaf611d2ba618309680b6f98fb77de963a5a0362d,200,2026-09-08T18:05:34Z,,4.325,true
12775,mazowieckie,sochaczewski,-,-,1428,2023,ok_finalnie,pdf,tekst,https://bip-v1-files.idcom-jst.pl/sites/47362/wiadomosci/750250/files/raport_o_stanie_powiatu_za_2023_rok.pdf,direct_without_tor,7d5c9800975e2f8184b088493052db7f18f0b50d6366944e1b112f4a159867d8,200,2026-09-08T18:05:34Z,,3.987,true
12776,mazowieckie,sochaczewski,-,-,1428,2024,ok_finalnie,pdf,tekst,https://bip-v1-files.idcom-jst.pl/sites/47362/wiadomosci/823598/files/raport_o_stanie_powiatu_za_2024_rok.pdf,direct_without_tor,c8d9f8f5d8bb84bf052837b65b14904c71a92d29d2ba97055cd06639a89e358d,200,2026-09-08T18:05:34Z,,2.565,true
12777,mazowieckie,sochaczewski,-,-,1428,2025,ok_finalnie,pdf,tekst,https://bip-v1-files.idcom-jst.pl/sites/47362/wiadomosci/885516/files/raport_o_stanie_powiatu_sochaczewskiego_za_2025.pdf,direct_without_tor,f208e3a38ba6ce504de8b9bd8b57cbf9fbeb6e3849789894f487e2668cfbdf1c,200,2026-09-08T18:05:34Z,,8.203,true
12778,mazowieckie,sochaczewski,Sochaczew,gmina miejska,1428011,2018,ok_finalnie,pdf,raport,https://bip.sochaczew.pl/files/file_add/download/463_raportostaniemiasta2018.pdf,bip_http_get,707fbf240037413cb588c695fbdddac2e61f3d099f9e2b1131a9ad6afa6cda09,200,2026-09-07 22:17:21,,2.52,
12779,mazowieckie,sochaczewski,Sochaczew,gmina miejska,1428011,2019,ok_finalnie,pdf,raport,https://bip.sochaczew.pl/files/file_add/download/464_raportostaniemiasta2019.pdf,bip_http_get,93ec04e2d00707d97f67af8756d525f488825e370b48a13276d962eda49301c5,200,2026-09-07 22:17:21,,2.04,
12780,mazowieckie,sochaczewski,Sochaczew,gmina miejska,1428011,2020,ok_finalnie,pdf,raport,https://bip.sochaczew.pl/files/file_add/download/465_raportostaniemiasta2020.pdf,bip_http_get,c050e5f8afb630e2c11a87f5d32c561ae6ceda754bf0c0b78e8197fa261a89eb,200,2026-09-07 22:17:21,,1.893,
12781,mazowieckie,sochaczewski,Sochaczew,gmina miejska,1428011,2021,ok_finalnie,pdf,raport,https://bip.sochaczew.pl/files/file_add/download/466_raportostaniemiasta2021.pdf,bip_http_get,71daa050a1e0c761bd86b0b2cadd6845035279f134938203171aaee504372bea,200,2026-09-07 22:17:21,,2.339,
12782,mazowieckie,sochaczewski,Sochaczew,gmina miejska,1428011,2022,ok_finalnie,pdf,raport,https://bip.sochaczew.pl/files/file_add/download/467_raportostaniemiasta2022.pdf,bip_http_get,485d5cf586a1f36ccbf474938a1f6e84ad3560806a577e510be8919cf9bad26d,200,2026-09-07 22:17:21,,2.616,
12783,mazowieckie,sochaczewski,Sochaczew,gmina miejska,1428011,2023,ok_finalnie,pdf,raport,https://bip.sochaczew.pl/files/image/RAPORT_O_STANIE_MIASTA_SOCHACZEW_ZA_2023.pdf,bip_http_get,117611d03e3e8883af2c37c91c3cb37458fa1233adc9537f7f2c1b58956cf223,200,2026-09-07 22:17:21,,3.204,
12784,mazowieckie,sochaczewski,Sochaczew,gmina miejska,1428011,2024,ok_finalnie,pdf,raport,https://sochaczew.pl/files/file_add/download/352_raport-o-stanie-miasta-za-rok-2024.pdf,bip_http_get,acecb89893d875aa981c45666c3d0b5cb435b105cb4ba9958a8aa7ad4c235f01,200,2026-09-07 22:17:21,,1.906,
12785,mazowieckie,sochaczewski,Sochaczew,gmina miejska,1428011,2025,ok_finalnie,pdf,tekst,https://bip.sochaczew.pl/files/image/Raport_o_stanie_miasta_za_2025.pdf,tor_pl_ip,f41ee49974a939f114b0936080a738f2486da9f081c545055ecd66b6a22d13ad,200,2026-09-09T12:37:56Z,[TURA 22 09.09.2026] | KOREKTA: wejściowy wiersz ok wskazywał plik raportu za 2018 r. (błędny rok),1.497,true
12786,mazowieckie,sochaczewski,Brochów,gmina wiejska,1428022,2018,ok_finalnie,pdf,raport,https://brochow.bip.org.pl/pliki/brochow/raport_o_stanie_gminy_brochow_za_rok_2018poprawiona.pdf,http_get,c4aad9e95aedea62c29999a79dc0cbc3ae6e353cb3e2ff96b3a17eb676200bff,200,2026-09-07 23:52:34,,1.106,
12787,mazowieckie,sochaczewski,Brochów,gmina wiejska,1428022,2019,ok_finalnie,pdf,raport,https://brochow.bip.org.pl/pliki/brochow/2020-05-29_raport_stan_gminy_2019.pdf,http_get,bd8de919e297d5a2d5fd076c8abb6bf7bfe610fe9a80a87f7c66505f86aeeece,200,2026-09-07 23:52:36,,2.209,
12788,mazowieckie,sochaczewski,Brochów,gmina wiejska,1428022,2020,ok_finalnie,pdf,raport,https://brochow.bip.org.pl/pliki/brochow/2021-05-31_raport_o_stanie_gminy_2020.pdf,http_get,92666d5bc56200727e93f11d46cbd87c4c12927f89fbfa7ad67992bf56891d34,200,2026-09-07 23:52:38,,2.937,
12789,mazowieckie,sochaczewski,Brochów,gmina wiejska,1428022,2021,ok_finalnie,doc,raport,http://www.brochow.bip.org.pl/pliki/brochow/2022-05-28_raport_o_stanie_gminy_brochow_2021.doc,http_get,e6223eccc02bce611f90ba40a7b59cd382fd7f3ecf4bf4bbf307fc9130b23e21,200,2026-09-08 03:32:14,,3.829,
12790,mazowieckie,sochaczewski,Brochów,gmina wiejska,1428022,2022,ok_finalnie,pdf,raport,https://brochow.bip.org.pl/pliki/brochow/2023-05-17_raport_o_stanie_gminy_brochow_2022.pdf,http_get,1af97d4eb9049736575a583c37bea209df25ecec3c339c541daf6732385b9092,200,2026-09-07 23:52:41,,4.003,
12791,mazowieckie,sochaczewski,Brochów,gmina wiejska,1428022,2023,ok_finalnie,pdf,raport,https://brochow.bip.org.pl/pliki/brochow/2024-05-25_raport_o_stanie_gminy_brochow_2023.pdf,http_get,5ee70d44f33d479f964c5448540ec7765de827fe8fe09c6345033fa0daaa972c,200,2026-09-07 23:52:43,,1.876,
12792,mazowieckie,sochaczewski,Brochów,gmina wiejska,1428022,2024,ok_finalnie,pdf,raport,https://brochow.bip.org.pl/pliki/brochow/raport_o_stanie_gminy_2024.pdf,http_get,007c6a9d524bbd5f9fd2648b8e384b6b609fa132100e28c81e900798ccf7ae94,200,2026-09-07 23:52:46,,0.829,
12793,mazowieckie,sochaczewski,Brochów,gmina wiejska,1428022,2025,ok_finalnie,pdf,raport,https://brochow.bip.org.pl/pliki/brochow/raport_o_stanie_gminy_brochow.pdf,http_get,5676b84d0ddb8c7793d3ea083412abf7f8b44733077ae1833ff567a96c17f3b4,200,2026-09-08 03:40:46,,1.125,
12794,mazowieckie,sochaczewski,Iłów,gmina wiejska,1428032,2018,ok_finalnie,pdf,tekst,https://ilow.bip.org.pl/pliki/bipilow/raport_o_stanie_gminy_ostat.pdf?20251024203603,direct_without_tor_ssl_off,631d24ae6aadf0188fee6a760ee3e366f4c89affedfdbbf2c84971ee68f14106,200,2026-09-08T20:33:16Z,,0.792,true
12795,mazowieckie,sochaczewski,Iłów,gmina wiejska,1428032,2019,ok_finalnie,pdf,tekst,https://ilow.bip.org.pl/pliki/bipilow/raport_o_stanie_gminy_ilow_za_2019_rok_1.pdf?20251024203351,direct_without_tor_ssl_off,ce35abc259c20dc18a11fab63a8e083fbe84834a19f70b8c3942413090201e5a,200,2026-09-08T20:33:16Z,,1.614,true
12796,mazowieckie,sochaczewski,Iłów,gmina wiejska,1428032,2020,ok_finalnie,pdf,tekst,https://archiwum.bip.ilow.pl/ilow.bip.org.pl/pliki/bipilow/raport_o_stanie_gminy_2020_wer2.1e0ca.pdf?20251024203606,direct_without_tor,4f4335613b3182d5bdb53a88efcdbf67b883ec15928675b23507e5fdce1ef412,200,2026-09-08T20:33:16Z,,3.897,true
12797,mazowieckie,sochaczewski,Iłów,gmina wiejska,1428032,2021,ok_finalnie,pdf,tekst,https://archiwum.bip.ilow.pl/ilow.bip.org.pl/pliki/bipilow/raportt_2021be46.pdf?20251024203607,direct_without_tor,fd0a3093f37178c9893a3d1fc7ef1594155f411b0ba7af7234b805d735bf05d8,200,2026-09-08T20:33:16Z,,4.13,true
12798,mazowieckie,sochaczewski,Iłów,gmina wiejska,1428032,2022,ok_finalnie,pdf,tekst,https://ilow.pl/uploads/files/A_RobertJ/Raport%20o%20stanie%20gminy%202022.pdf?20251024203608,direct_without_tor,d8af7eedaa46409ee9f4f732a96058066231d12cad2415cba10f1e1662ede544,200,2026-09-08T20:33:16Z,,4.34,true
12799,mazowieckie,sochaczewski,Iłów,gmina wiejska,1428032,2023,ok_finalnie,pdf,tekst,https://archiwum.bip.ilow.pl/ilow.bip.org.pl/pliki/bipilow/raport_2023_ver1-1bc27.pdf?20251024203609,direct_without_tor,98d45d0179d5942f345378b175b6af4ebdea4c8e98ced19cac8c48b7a2768dd5,200,2026-09-08T20:33:16Z,,3.785,true
12800,mazowieckie,sochaczewski,Iłów,gmina wiejska,1428032,2024,nowy,,,,,,,,,,
12801,mazowieckie,sochaczewski,Iłów,gmina wiejska,1428032,2025,nowy,,,,,,,,,,
12802,mazowieckie,sochaczewski,Młodzieszyn,gmina wiejska,1428042,2018,ok_finalnie,pdf,raport,https://mlodzieszyn.pl/wp-content/uploads/2019/05/RAPORT-o-stanie-gminy-16-maja-2019.pdf,http_get,376965aa4276de19a56a9a386a9eff372bf91892025ff5eeb6a7e6013081a6d2,200,2026-09-08 09:42:26,,3.293,
12803,mazowieckie,sochaczewski,Młodzieszyn,gmina wiejska,1428042,2019,ok_finalnie,pdf,raport,https://bip.mlodzieszyn.pl/Common/downloadZip/module_short/port/obj_id/551/preview/0.html,http_get,4da9a87fd5310b3ef700376e9eafe3cec96154bdcc5260783894b620bf6d549e,200,2026-09-08 00:25:53,,2.466,
12804,mazowieckie,sochaczewski,Młodzieszyn,gmina wiejska,1428042,2020,ok_finalnie,pdf,raport,https://bip.mlodzieszyn.pl/Common/downloadZip/module_short/port/obj_id/599/preview/0.html,http_get,c73a9b1f789ffd72f5bf25c34fb0d3aabb6e27ebc2c1aedba0dd3ac909da6b5c,200,2026-09-08 00:25:56,,4.545,
12805,mazowieckie,sochaczewski,Młodzieszyn,gmina wiejska,1428042,2021,ok_finalnie,pdf,raport,https://bip.mlodzieszyn.pl/Common/downloadZip/module_short/port/obj_id/618/preview/0.html,http_get,a23730f8bda198a988a5f4aa8b5e793924c882ba42c95abba9f2f690ce7d0920,200,2026-09-08 00:26:00,,4.909,
12806,mazowieckie,sochaczewski,Młodzieszyn,gmina wiejska,1428042,2022,ok_finalnie,pdf,raport,https://bip.mlodzieszyn.pl/Common/downloadZip/module_short/port/obj_id/641/preview/0.html,http_get,73bdd142aae8b6639efd9352873f6c4de7db8362a19dcdb8dff4a7a217d3ae3b,200,2026-09-08 00:26:04,,5.065,
12807,mazowieckie,sochaczewski,Młodzieszyn,gmina wiejska,1428042,2023,ok_finalnie,pdf,raport,https://bip.mlodzieszyn.pl/Common/downloadZip/module_short/port/obj_id/669/preview/0.html,http_get,b71694f8128a8d8f4c2939bae5b47af51e408a309e0afcc5230dc29e30a97c2e,200,2026-09-08 00:26:33,,7.267,
12808,mazowieckie,sochaczewski,Młodzieszyn,gmina wiejska,1428042,2024,ok_finalnie,pdf,raport,https://bip.mlodzieszyn.pl/Common/downloadZip/module_short/port/obj_id/1056/preview/0.html,http_get,b93eb4bcc41def192a974b8248d42eff449146148638c63e10017bf80269591b,200,2026-09-08 00:26:07,,4.282,
12809,mazowieckie,sochaczewski,Młodzieszyn,gmina wiejska,1428042,2025,ok_finalnie,pdf,raport,https://bip.mlodzieszyn.pl/Common/downloadZip/module_short/port/obj_id/1088/preview/0.html,http_get,e0cbdbbf0ab9a348d45182e3caee8a9fec1a831601a27b65c27faf0725f88766,200,2026-09-08 00:26:10,,6.121,
12810,mazowieckie,sochaczewski,Nowa Sucha,gmina wiejska,1428052,2018,ok_finalnie,pdf,tekst,https://www.bip.nowasucha.pl/Common/pobierzPlik/id/754/module_short/port/obj_id/214/culture/pl/version/pub.html,direct_without_tor,344dcde14bb9dd21e95b70e8e7ea01e6c9d7a2ae083a32452a1ed7e2d6f50668,200,2026-09-08T21:25:17Z,,1.798,true
12811,mazowieckie,sochaczewski,Nowa Sucha,gmina wiejska,1428052,2019,ok_finalnie,pdf,skan+OCR,https://www.bip.nowasucha.pl/Common/pobierzPlik/id/1255/module_short/port/obj_id/269/culture/pl/version/pub.html,direct_without_tor,d1bd92b08aa77b277eb469b16a5a819a775f873c110c501d455f5367a79750d5,200,2026-09-08T21:25:17Z,,4.072,true
12812,mazowieckie,sochaczewski,Nowa Sucha,gmina wiejska,1428052,2020,ok_finalnie,pdf,tekst,https://www.bip.nowasucha.pl/Common/pobierzPlik/id/1765/module_short/port/obj_id/354/culture/pl/version/pub.html,direct_without_tor,74783e88712449ffa287f6370e56830d92ca90fe4fa1f1dabbcbf5eec8d39a07,200,2026-09-08T21:25:17Z,,5.499,true
12813,mazowieckie,sochaczewski,Nowa Sucha,gmina wiejska,1428052,2021,ok_finalnie,pdf,skan+OCR,https://www.bip.nowasucha.pl/Common/pobierzPlik/id/2612/module_short/port/obj_id/1045/culture/pl/version/pub.html,direct_without_tor,eda4805e36e2cb4af26b4b454cc97e00bb5e00049f589a4d02f08982b8eb4db4,200,2026-09-08T21:25:17Z,,4.875,true
12814,mazowieckie,sochaczewski,Nowa Sucha,gmina wiejska,1428052,2022,ok_finalnie,pdf,tekst,https://www.bip.nowasucha.pl/Common/pobierzPlik/id/3482/module_short/port/obj_id/1145/culture/pl/version/pub.html,direct_without_tor,21437edd66f64f3a291dd1be982cf18634bf0d59918667f6722924b597584345,200,2026-09-08T21:25:17Z,,8.397,true
12815,mazowieckie,sochaczewski,Nowa Sucha,gmina wiejska,1428052,2023,ok_finalnie,pdf,tekst,https://www.bip.nowasucha.pl/Common/pobierzPlik/id/4382/module_short/port/obj_id/1258/culture/pl/version/pub.html,direct_without_tor,e55b7c96601daf09e600f95bc538369c39ced18b7c3844ec19969a8bf6f19743,200,2026-09-08T21:25:17Z,,10.102,true
12816,mazowieckie,sochaczewski,Nowa Sucha,gmina wiejska,1428052,2024,ok_finalnie,pdf,tekst,https://www.bip.nowasucha.pl/Common/pobierzPlik/id/5216/module_short/port/obj_id/1363/culture/pl/version/pub.html,direct_without_tor,436e40c60f4d947e9cb59dea65035b6f58cd03c888a0cf26d14d29c887ed0822,200,2026-09-08T21:25:17Z,,10.92,true
12817,mazowieckie,sochaczewski,Nowa Sucha,gmina wiejska,1428052,2025,ok_finalnie,pdf,tekst,https://www.bip.nowasucha.pl/Common/pobierzPlik/id/6044/module_short/port/obj_id/1515/culture/pl/version/pub.html,direct_without_tor,23cbce71dc4f13738a35596313c23ec831c61e35266e1d516a5d33ea635c8a49,200,2026-09-08T21:25:17Z,,10.651,true
12818,mazowieckie,sochaczewski,Rybno,gmina wiejska,1428062,2018,ok_finalnie,pdf,tekst,https://gminarybno.com/bip/pliki/plik/raport-o-stanie-gminy-rybno-za-rok-2018-1559640848-1685512461.pdf,direct_without_tor,264cac5cc637d003b0f6709be1c43867ac0bd01542177c89a5c254bdc7708714,200,2026-09-08T18:05:45Z,,1.663,true
12819,mazowieckie,sochaczewski,Rybno,gmina wiejska,1428062,2019,ok_finalnie,pdf,tekst,https://gminarybno.com/bip/pliki/plik/raport-o-stanie-gminy-za-rok-2019-1591095845-1685512478.pdf,direct_without_tor,421c6e31e8bd1f0860e568cccaf7612f7dac727b4c6946347a54cf66ab5cd40f,200,2026-09-08T18:05:45Z,,1.638,true
12820,mazowieckie,sochaczewski,Rybno,gmina wiejska,1428062,2020,ok_finalnie,pdf,tekst,https://gminarybno.com/bip/pliki/plik/raport-o-stanie-gminy-za-rok-2020-1622462251-1685512494.pdf,direct_without_tor,f119d1ee05b60787c0bf988cd3a4dcd9295df1f6577151c4eb40ec258c717196,200,2026-09-08T18:05:45Z,,1.503,true
12821,mazowieckie,sochaczewski,Rybno,gmina wiejska,1428062,2021,ok_finalnie,pdf,tekst,https://gminarybno.com/bip/pliki/plik/raport-za-rok-2021-1654002900-1685512510.pdf,direct_without_tor,6c048c0701e51d84750cdd8a40d7dc2ef232ddc4b398924a3b0e4a6114ee81ba,200,2026-09-08T18:05:45Z,,3.349,true
12822,mazowieckie,sochaczewski,Rybno,gmina wiejska,1428062,2022,ok_finalnie,pdf,tekst,https://gminarybno.com/bip/pliki/plik/raport-o-stanie-gminy-rybno-za-rok-2022-1685514395.pdf,direct_without_tor,d1f28ddb7d14aa730a52aeb84ae27e120821ecf51b3de4ad70f170f0f1f83a0f,200,2026-09-08T18:05:45Z,,3.812,true
12823,mazowieckie,sochaczewski,Rybno,gmina wiejska,1428062,2023,ok_finalnie,pdf,tekst,https://gminarybno.com/bip/pliki/plik/raport-o-stanie-gminy-rybno-za-rok-2023-1718268263.pdf,direct_without_tor,62824fa76194bebf5da83e042e8c8d71981c0ca786c77877095103bb6c3abd1a,200,2026-09-08T18:05:45Z,,1.667,true
12824,mazowieckie,sochaczewski,Rybno,gmina wiejska,1428062,2024,ok_finalnie,pdf,tekst,https://gminarybno.com/bip/pliki/plik/raport-za-2024-rok-1748355908.pdf,direct_without_tor,93b419f1a4348c590bab6d6c5f3f377ef0501d6a5a70cea45a70086e08f39f0c,200,2026-09-08T18:05:45Z,,1.577,true
12825,mazowieckie,sochaczewski,Rybno,gmina wiejska,1428062,2025,ok_finalnie,pdf,tekst,https://gminarybno.com/bip/pliki/plik/raport-za-2025-rok-1779085414.pdf,direct_without_tor,03146302856367dc301efd9a9e7ebe6c8eb0b59c0407e2a234c63a7422f7ff50,200,2026-09-08T18:05:45Z,,3.294,true
12826,mazowieckie,sochaczewski,Sochaczew,gmina wiejska,1428072,2018,nowy,,,,,,,,,,
12827,mazowieckie,sochaczewski,Sochaczew,gmina wiejska,1428072,2019,ok_finalnie,pdf,raport,https://bip.sochaczew.org.pl/attachments/download/4937,bip_http_get,3cf168964e3e1390c0b80eed634c0235eadb252841593825700cd33ba5fa0701,200,2026-09-07 22:17:21,,0.985,
12828,mazowieckie,sochaczewski,Sochaczew,gmina wiejska,1428072,2020,ok_finalnie,pdf,raport,https://bip.sochaczew.org.pl/attachments/download/5508,bip_http_get,abf0406fb2488f40121f80f6658e8fe5ac8c510954748a226ffdc842e6708252,200,2026-09-07 22:17:21,,3.243,
12829,mazowieckie,sochaczewski,Sochaczew,gmina wiejska,1428072,2021,ok_finalnie,pdf,raport,https://bip.sochaczew.org.pl/attachments/download/6027,bip_http_get,1116f675336ed0395ae2c52696b38af1a290730ad654323e8f230417ffe78101,200,2026-09-07 22:17:21,,6.72,
12830,mazowieckie,sochaczewski,Sochaczew,gmina wiejska,1428072,2022,ok_finalnie,pdf,raport,https://bip.sochaczew.org.pl/attachments/download/6682,bip_http_get,a10f0c5d336a9ac320aa6dfc8e2f64e7a3a46047a9c3e52a606709ec99a7d05a,200,2026-09-07 22:17:21,,5.644,
12831,mazowieckie,sochaczewski,Sochaczew,gmina wiejska,1428072,2023,ok_finalnie,pdf,raport,https://bip.sochaczew.org.pl/attachments/download/9066,bip_http_get,e95afae5bdb69119be1252215cb861041846172c2de3eb4537ffe7c9eba1fad1,200,2026-09-07 22:17:21,,7.899,
12832,mazowieckie,sochaczewski,Sochaczew,gmina wiejska,1428072,2024,ok_finalnie,pdf,raport,https://bip.sochaczew.org.pl/attachments/download/8428,bip_http_get,fb32f5c68ba028eb9806e1283dcb6d8529a68a0f3a9876ea3676e67084c78674,200,2026-09-07 22:17:21,,10.102,
12833,mazowieckie,sochaczewski,Sochaczew,gmina wiejska,1428072,2025,ok_finalnie,pdf,raport,https://bip.sochaczew.org.pl/attachments/download/9124,bip_http_get,307e1cb18a14437f0b6cf9be1705b8706962c101ba78b1de8337595ec1d67973,200,2026-09-07 22:17:21,,8.466,
12834,mazowieckie,sochaczewski,Teresin,gmina wiejska,1428082,2018,nowy,,,,,,,,,,
12835,mazowieckie,sochaczewski,Teresin,gmina wiejska,1428082,2019,nowy,,,,,,,,,,
12836,mazowieckie,sochaczewski,Teresin,gmina wiejska,1428082,2020,nowy,,,,,,,,,,
12837,mazowieckie,sochaczewski,Teresin,gmina wiejska,1428082,2021,ok_finalnie,pdf,raport,https://bip.teresin.pl/public/getFile?id=357783,http_get,4d7eb4266abd76d0640e008dd2b91a86e1396232d6ec54ca4cb045606359f03e,200,2026-09-08 00:13:33,,4.698,
12838,mazowieckie,sochaczewski,Teresin,gmina wiejska,1428082,2022,nowy,,,,,,,,,,
12839,mazowieckie,sochaczewski,Teresin,gmina wiejska,1428082,2023,nowy,,,,,,,,,,
12840,mazowieckie,sochaczewski,Teresin,gmina wiejska,1428082,2024,nowy,,,,,,,,,,
12841,mazowieckie,sochaczewski,Teresin,gmina wiejska,1428082,2025,ok_finalnie,pdf,tekst,https://bip.teresin.pl/public/getFile?id=388806,direct_without_tor_ssl_off,988e0bffa94a3db854835a5fdcf61abea930971b72ff957377739bb62e6ca39b,200,2026-09-08T18:12:02Z,,6.25,true
12842,mazowieckie,szydłowiecki,-,-,1430,2018,nowy,,,,,,,,,,
12843,mazowieckie,szydłowiecki,-,-,1430,2019,nowy,,,,,,,,,,
12844,mazowieckie,szydłowiecki,-,-,1430,2020,nowy,,,,,,,,,,
12845,mazowieckie,szydłowiecki,-,-,1430,2021,nowy,,,,,,,,,,
12846,mazowieckie,szydłowiecki,-,-,1430,2022,nowy,,,,,,,,,,
12847,mazowieckie,szydłowiecki,-,-,1430,2023,nowy,,,,,,,,,,
12848,mazowieckie,szydłowiecki,-,-,1430,2024,nowy,,,,,,,,,,
12849,mazowieckie,szydłowiecki,-,-,1430,2025,nowy,,,,,,,,,,
12850,mazowieckie,szydłowiecki,Chlewiska,gmina wiejska,1430012,2018,ok_finalnie,pdf,tekst,https://bip-archiwum.chlewiska.pl/upload/Raport%20za%202018r.pdf,direct_without_tor,7f3a101eae6b41ecaa0de5b9fe38e83ed9e248f1860ac9f3a187bc7a6b912621,200,2026-09-08T20:33:56Z,,2.872,true
12851,mazowieckie,szydłowiecki,Chlewiska,gmina wiejska,1430012,2019,nowy,,,,,,,,,,
12852,mazowieckie,szydłowiecki,Chlewiska,gmina wiejska,1430012,2020,ok_finalnie,pdf,tekst,https://bip-archiwum.chlewiska.pl/upload/Raport%20%20o%20stanie%20gminy%20Chlewiska%20za%202020.pdf,direct_without_tor,81f9be909342b0c6a62a015bd453bda6c10e6f194d86565881150b1f14be05eb,200,2026-09-08T20:33:56Z,,1.923,true
12853,mazowieckie,szydłowiecki,Chlewiska,gmina wiejska,1430012,2021,ok_finalnie,pdf,tekst,https://bip-archiwum.chlewiska.pl/upload/Raport%20o%20stanie%20gminy%20Chlewiska%202021.pdf,direct_without_tor,0b3357cc81eaffee83761cda15ce09f8927e350146185138b9b5121035d42392,200,2026-09-08T20:33:56Z,,2.165,true
12854,mazowieckie,szydłowiecki,Chlewiska,gmina wiejska,1430012,2022,ok_finalnie,pdf,tekst,https://bip-archiwum.chlewiska.pl/upload/Raport%20o%20stanie%20Gminy%20Chlewiska%202022%20R.pdf,direct_without_tor,065dc211c59785788d578f0dd8be5dd9ddab08e6213710eca9bb18acbfc79194,200,2026-09-08T20:33:56Z,,3.131,true
12855,mazowieckie,szydłowiecki,Chlewiska,gmina wiejska,1430012,2023,ok_finalnie,pdf,tekst,https://chlewiska.bip.gov.pl/fobjects/download/1725675/raport-2023-pdf.html,tor_pl_ip,611e4cec22f0d267d0b2c3bb76e341931b76b88f72566949bac7ba61584065bb,200,2026-09-08T20:33:56Z,,1.017,true
12856,mazowieckie,szydłowiecki,Chlewiska,gmina wiejska,1430012,2024,ok_finalnie,pdf,tekst,https://chlewiska.bip.gov.pl/fobjects/download/1998658/raport-za-2024-pdf.html,tor_pl_ip,aa397db93237ffef63ed937ca26ddbe26e32985c4d2517bef16e9325d0796933,200,2026-09-08T20:33:56Z,,1.666,true
12857,mazowieckie,szydłowiecki,Chlewiska,gmina wiejska,1430012,2025,ok_finalnie,pdf,tekst,https://chlewiska.bip.gov.pl/fobjects/download/2272754/raport-29-05-2026-pdf.html,tor_pl_ip,a79c81e20728845986fd563d121d9f19a7f5d67c890005d90388f7f6c9915e10,200,2026-09-08T20:33:56Z,,1.448,true
12858,mazowieckie,szydłowiecki,Jastrząb,gmina wiejska,1430022,2018,brak_finalnie,,,brak,"dogłębne sprawdzenie (web search bez Tora, kilka silników + BIP/CMS: wyszukiwarka, kategorie raport/uchwały/zarządzenia/sesje + sitemap + Wayback CDX + alternatywne domeny; pobieranie także przez Tor z polskim IP) - dowód proceduralny istnienia raportu, brak opublikowanego pliku",,BRAK_URL (dowód istnienia - nieopublikowany),2026-09-09T16:48:41Z,"[TURA 22 09.09.2026] NEG-plik, DOWOD ISTNIENIA POTWIERDZONY: Uchwała Nr VIII/56/2019 Rady Gminy w Jastrzębiu z 14.06.2019 w sprawie wotum zaufania dla Wójta Gminy Jastrząb za rok 2018 (BIP ugjastrzab.bip.org.pl, Uchwały 2019); plik raportu nieopublikowany na BIP (kategorie Uchwały/Zarządzenia/Sesje/Ogłoszenia 2019-2026 przejrzane) | dowód: https://ugjastrzab.bip.org.pl/pliki/ugjastrzab/uchwala_viii_56_2019.pdf | strona: https://ugjastrzab.bip.org.pl/id/3836",,true
12859,mazowieckie,szydłowiecki,Jastrząb,gmina wiejska,1430022,2019,brak_finalnie,,,brak,"dogłębne sprawdzenie (web search bez Tora, kilka silników + BIP/CMS: wyszukiwarka, kategorie raport/uchwały/zarządzenia/sesje + sitemap + Wayback CDX + alternatywne domeny; pobieranie także przez Tor z polskim IP) - dowód proceduralny istnienia raportu, brak opublikowanego pliku",,BRAK_URL (dowód istnienia - nieopublikowany),2026-09-09T16:48:41Z,"[TURA 22 09.09.2026] NEG-plik, DOWOD ISTNIENIA POTWIERDZONY: Porządek obrad Sesja XVIII 26.06.2020: „Rozpatrzenie raportu o stanie gminy za 2019 r. – debata nad raportem, głosowanie nad wotum zaufania” (BIP ugjastrzab.bip.org.pl); plik raportu nieopublikowany | dowód: https://ugjastrzab.bip.org.pl/pliki/ugjastrzab/rg.0002.5.2020_200618.pdf | strona: https://ugjastrzab.bip.org.pl/id/5032",,true
12860,mazowieckie,szydłowiecki,Jastrząb,gmina wiejska,1430022,2020,brak_finalnie,,,brak,"dogłębne sprawdzenie (web search bez Tora, kilka silników + BIP/CMS: wyszukiwarka, kategorie raport/uchwały/zarządzenia/sesje + sitemap + Wayback CDX + alternatywne domeny; pobieranie także przez Tor z polskim IP) - dowód proceduralny istnienia raportu, brak opublikowanego pliku",,BRAK_URL (dowód istnienia - nieopublikowany),2026-09-09T16:48:41Z,"[TURA 22 09.09.2026] NEG-plik, DOWOD ISTNIENIA POTWIERDZONY: Porządek obrad Sesja XXX 25.06.2021: „Rozpatrzenie raportu o stanie gminy za 2020 r. – debata nad raportem, głosowanie nad wotum zaufania” (BIP ugjastrzab.bip.org.pl); plik raportu nieopublikowany | dowód: https://ugjastrzab.bip.org.pl/pliki/ugjastrzab/rg_0002_6_2021_210617.pdf | strona: https://ugjastrzab.bip.org.pl/id/5032",,true
12861,mazowieckie,szydłowiecki,Jastrząb,gmina wiejska,1430022,2021,brak_finalnie,,,brak,"dogłębne sprawdzenie (web search bez Tora, kilka silników + BIP/CMS: wyszukiwarka, kategorie raport/uchwały/zarządzenia/sesje + sitemap + Wayback CDX + alternatywne domeny; pobieranie także przez Tor z polskim IP) - dowód proceduralny istnienia raportu, brak opublikowanego pliku",,BRAK_URL (dowód istnienia - nieopublikowany),2026-09-09T16:48:41Z,"[TURA 22 09.09.2026] NEG-plik, DOWOD ISTNIENIA POTWIERDZONY: Porządek obrad Sesja XLII 30.06.2022: „Rozpatrzenie raportu o stanie gminy za 2021 r. – debata nad raportem, głosowanie nad wotum zaufania” (BIP ugjastrzab.bip.org.pl); plik raportu nieopublikowany | dowód: https://ugjastrzab.bip.org.pl/pliki/ugjastrzab/rg_0002_6_2022_220622.pdf | strona: https://ugjastrzab.bip.org.pl/id/5032",,true
12862,mazowieckie,szydłowiecki,Jastrząb,gmina wiejska,1430022,2022,brak_finalnie,,,brak,"dogłębne sprawdzenie (web search bez Tora, kilka silników + BIP/CMS: wyszukiwarka, kategorie raport/uchwały/zarządzenia/sesje + sitemap + Wayback CDX + alternatywne domeny; pobieranie także przez Tor z polskim IP) - dowód proceduralny istnienia raportu, brak opublikowanego pliku",,BRAK_URL (dowód istnienia - nieopublikowany),2026-09-09T16:48:41Z,"[TURA 22 09.09.2026] NEG-plik, DOWOD ISTNIENIA POTWIERDZONY: Porządek obrad Sesja LVI 30.06.2023: „Rozpatrzenie raportu o stanie gminy za 2022 r. – debata nad raportem, głosowanie nad wotum zaufania” (BIP ugjastrzab.bip.org.pl); plik raportu nieopublikowany | dowód: https://ugjastrzab.bip.org.pl/pliki/ugjastrzab/rg_0002_7_2023_230622.pdf | strona: https://ugjastrzab.bip.org.pl/id/5032",,true
12863,mazowieckie,szydłowiecki,Jastrząb,gmina miejsko-wiejska,1430023,2023,brak_finalnie,,,brak,"dogłębne sprawdzenie (web search bez Tora, kilka silników + BIP/CMS: wyszukiwarka, kategorie raport/uchwały/zarządzenia/sesje + sitemap + Wayback CDX + alternatywne domeny; pobieranie także przez Tor z polskim IP) - dowód proceduralny istnienia raportu, brak opublikowanego pliku",,BRAK_URL (dowód istnienia - nieopublikowany),2026-09-09T16:48:41Z,"[TURA 22 09.09.2026] NEG-plik, DOWOD ISTNIENIA POTWIERDZONY: brak zawiadomienia o sesji absolutoryjnej 2024 w BIP (sesje III 27.06.2024 / IV 31.07.2024 – porządek nieprzejrzany); raport za 2023 nieopublikowany | strona: https://ugjastrzab.bip.org.pl/id/5032",,true
12864,mazowieckie,szydłowiecki,Jastrząb,gmina miejsko-wiejska,1430023,2024,brak_finalnie,,,brak,"dogłębne sprawdzenie (web search bez Tora, kilka silników + BIP/CMS: wyszukiwarka, kategorie raport/uchwały/zarządzenia/sesje + sitemap + Wayback CDX + alternatywne domeny; pobieranie także przez Tor z polskim IP) - dowód proceduralny istnienia raportu, brak opublikowanego pliku",,BRAK_URL (dowód istnienia - nieopublikowany),2026-09-09T16:48:41Z,"[TURA 22 09.09.2026] NEG-plik, DOWOD ISTNIENIA POTWIERDZONY: Porządek obrad Sesja XV 27.06.2025: „Rozpatrzenie raportu o stanie gminy za 2024 r. – debata nad raportem, głosowanie nad wotum zaufania” (BIP ugjastrzab.bip.org.pl); plik raportu nieopublikowany | dowód: https://ugjastrzab.bip.org.pl/pliki/ugjastrzab/rm_0002_7_2025_250618_1.pdf | strona: https://ugjastrzab.bip.org.pl/id/5032",,true
12865,mazowieckie,szydłowiecki,Jastrząb,gmina miejsko-wiejska,1430023,2025,brak_finalnie,,,brak,"dogłębne sprawdzenie (web search bez Tora, kilka silników + BIP/CMS: wyszukiwarka, kategorie raport/uchwały/zarządzenia/sesje + sitemap + Wayback CDX + alternatywne domeny; pobieranie także przez Tor z polskim IP) - dowód proceduralny istnienia raportu, brak opublikowanego pliku",,BRAK_URL (dowód istnienia - nieopublikowany),2026-09-09T16:48:41Z,"[TURA 22 09.09.2026] NEG-plik, DOWOD ISTNIENIA POTWIERDZONY: Porządek obrad Sesja XXVI 26.06.2026: „Rozpatrzenie raportu o stanie gminy za 2025 r. – debata nad raportem, głosowanie nad wotum zaufania” (BIP ugjastrzab.bip.org.pl); plik raportu nieopublikowany | dowód: https://ugjastrzab.bip.org.pl/pliki/ugjastrzab/rm_0002_7_2026_260619.pdf | strona: https://ugjastrzab.bip.org.pl/id/5032",,true
12866,mazowieckie,szydłowiecki,Mirów,gmina wiejska,1430032,2018,ok_finalnie,pdf,tekst,https://bip.mirow.pl/upload/Raport%20o%20stanie%20Gminy%20Mir%C3%B3w%20za%202018%20r.pdf,direct_without_tor_ssl_off,fbff3930a190dd96e9f62e6cebab807b16d642f5c915b97a4a19b417a8de9605,200,2026-09-09T16:15:42Z,[TURA 22 09.09.2026],2.254,true
12867,mazowieckie,szydłowiecki,Mirów,gmina wiejska,1430032,2019,brak_finalnie,,,brak,"dogłębne sprawdzenie (web search bez Tora, kilka silników + BIP/CMS: wyszukiwarka, kategorie raport/uchwały/zarządzenia/sesje + sitemap + Wayback CDX + alternatywne domeny; pobieranie także przez Tor z polskim IP) - dowód proceduralny istnienia raportu, brak opublikowanego pliku",,BRAK_URL (dowód istnienia - nieopublikowany),2026-09-09T16:15:12Z,"[TURA 22 09.09.2026] NEG-plik, DOWOD ISTNIENIA POTWIERDZONY: Uchwała Nr XIX.103.2020 Rady Gminy Mirów z 21.08.2020 w sprawie rozpatrzenia raportu o stanie gminy i udzielenia Wójtowi Gminy wotum zaufania (BIP mirow.pl/bip > Uchwały Rady) oraz aktualność WWW ""Sesja absolutoryjna za nami"" (sesja 21.08.2020: ""Radni ... po zapoznaniu się z treścią Raportu o Stanie Gminy Mirów za 2019 rok ... podjęli uchwały w sprawie udzielenia wotum zaufania"") – raport za 2019 istniał; plik nie został opublikowany (stary BIP bip.mirow.pl zawiera tylko raport za 2018; nowy BIP mirow.pl/bip od 2022; Wayback bez kopii) | dowód: https://www.mirow.pl/bip/25-prawo-lokalne/33-uchwaly-rady/95-uchwala-nr-xix-103-2020-rady-gminy-mirow-z-dnia-21-08-2020r-w-sprawie-rozpatrze | strona: https://www.mirow.pl/aktualnosci/sesja-absolutoryjna-za-nami",,true
12868,mazowieckie,szydłowiecki,Mirów,gmina wiejska,1430032,2020,brak_finalnie,,,brak,"dogłębne sprawdzenie (web search bez Tora, kilka silników + BIP/CMS: wyszukiwarka, kategorie raport/uchwały/zarządzenia/sesje + sitemap + Wayback CDX + alternatywne domeny; pobieranie także przez Tor z polskim IP) - dowód proceduralny istnienia raportu, brak opublikowanego pliku",,BRAK_URL (dowód istnienia - nieopublikowany),2026-09-09T16:15:12Z,"[TURA 22 09.09.2026] NEG-plik, DOWOD ISTNIENIA POTWIERDZONY: Uchwała Nr XXVI.136.2021 Rady Gminy Mirów z 29.06.2021 w sprawie udzielenia wotum zaufania dla Wójta Gminy Mirów (BIP mirow.pl/bip > Uchwały Rady) oraz aktualność WWW ""Sesja absolutoryjna za nami"" (29.06.2021: ""dyskusja nad Raportem o stanie Gminy Mirów za 2020 rok"") i artykuł Echa Dnia z 04.07.2021 – raport za 2020 istniał; plik nie został opublikowany w BIP/WWW; Wayback bez kopii | dowód: https://www.mirow.pl/bip/25-prawo-lokalne/33-uchwaly-rady/192-uchwala-nr-xxvi-136-2021-rady-gminy-mirow-z-dnia-29-06-2021r-w-sprawie-udziele | strona: https://www.mirow.pl/aktualnosci/sesja-absolutoryjna-za-nami-2",,true
12869,mazowieckie,szydłowiecki,Mirów,gmina wiejska,1430032,2021,brak_finalnie,,,brak,"dogłębne sprawdzenie (web search bez Tora, kilka silników + BIP/CMS: wyszukiwarka, kategorie raport/uchwały/zarządzenia/sesje + sitemap + Wayback CDX + alternatywne domeny; pobieranie także przez Tor z polskim IP) - dowód proceduralny istnienia raportu, brak opublikowanego pliku",,BRAK_URL (dowód istnienia - nieopublikowany),2026-09-09T16:15:12Z,"[TURA 22 09.09.2026] NEG-plik, DOWOD ISTNIENIA POTWIERDZONY: Artykuł Echo Dnia Radomskie z 29.06.2022 ""Wójt gminy Mirów Artur Siwiorek otrzymał absolutorium oraz wotum zaufania od radnych"" (sesja 20.06.2022: radni jednogłośnie udzielili wójtowi wotum zaufania oraz absolutorium za 2021 rok) – procedura z art. 28aa u.s.g. za 2021 przeprowadzona, raport istniał; plik raportu ani uchwała o wotum nie zostały opublikowane w BIP mirow.pl/bip (kategoria Uchwały Rady zawiera z VI 2022 tylko inne uchwały) ani na WWW; Wayback bez kopii | dowód: https://echodnia.eu/radomskie/wojt-gminy-mirow-artur-siwiorek-otrzymal-absolutorium-oraz-wotum-zaufania-od-radnych/ar/c1-16460271 | strona: https://www.mirow.pl/bip/25-prawo-lokalne/33-uchwaly-rady",,true
12870,mazowieckie,szydłowiecki,Mirów,gmina wiejska,1430032,2022,ok_finalnie,pdf,tekst,https://www.mirow.pl/bip?task=article.downloadAttachment&id=1385&version=2070,direct_without_tor,3da74bf48c20dbbca327b1c0eda6e8ba9185ea0cc020cb78062682fca9937f83,200,2026-09-09T16:15:04Z,[TURA 22 09.09.2026],2.453,true
12871,mazowieckie,szydłowiecki,Mirów,gmina wiejska,1430032,2023,ok_finalnie,docx,tekst,https://www.mirow.pl/bip?task=article.downloadAttachment&id=1671&version=2577,direct_without_tor,6cf7db8e880a6928c09d8ff345f18b502db8419bc4e6be2ec65970300526922a,200,2026-09-09T16:15:07Z,[TURA 22 09.09.2026],3.833,true
12872,mazowieckie,szydłowiecki,Mirów,gmina wiejska,1430032,2024,ok_finalnie,pdf,tekst,https://www.mirow.pl/bip?task=article.downloadAttachment&id=2029&version=3423,direct_without_tor,f671a4655d3a618309d4473ad662604667c21821b14cbf1fd998a4c33a5eca30,200,2026-09-09T16:15:10Z,[TURA 22 09.09.2026],3.127,true
12873,mazowieckie,szydłowiecki,Mirów,gmina wiejska,1430032,2025,ok_finalnie,pdf,tekst,https://www.mirow.pl/bip?task=article.downloadAttachment&id=2380&version=4201,direct_without_tor,f35fe701da537c207b14db8617eeae8f5d6d319b3a10f3098cd7b6a17ebe2f23,200,2026-09-09T16:15:12Z,[TURA 22 09.09.2026],3.482,true
12874,mazowieckie,szydłowiecki,Orońsko,gmina wiejska,1430042,2018,ok_finalnie,pdf,tekst,https://bip.oronsko.pl/fls/bip_pliki/2019_11/BIPF597392CA062A0Z/zarzadzenie_WG_nr_32-2019.pdf,tor_pl_ip,4fbfde26aa6acda01c586558c7d410b8665124ac4b4d253071d0664f906e29d9,200,2026-09-08T21:32:34Z,,0.633,true
12875,mazowieckie,szydłowiecki,Orońsko,gmina wiejska,1430042,2019,ok_finalnie,pdf,tekst,https://bip.oronsko.pl/fls/bip_pliki/2020_09/BIPF5AE3A3157C32DZ/Raport_o_stanie_gminy_Oronsko_2019.pdf,tor_pl_ip,2bd74b7e67a15191962bf2566efd902f7a7eaa41e7ca29ee3196710564081460,200,2026-09-08T21:32:34Z,,0.587,true
12876,mazowieckie,szydłowiecki,Orońsko,gmina wiejska,1430042,2020,ok_finalnie,pdf,tekst,https://bip.oronsko.pl/fls/bip_pliki/2021_06/BIPF5C429FDE038B7Z/zarzadzenie_49_2021.pdf,tor_pl_ip,bc730fbadb314577ae734452316ff1b59fd45c9a8b2f86fccd21efeac605778d,200,2026-09-08T21:32:34Z,,2.988,true
12877,mazowieckie,szydłowiecki,Orońsko,gmina wiejska,1430042,2021,ok_finalnie,pdf,tekst,https://bip.oronsko.pl/fls/bip_pliki/2022_06/BIPF5E293DA239EEFZ/Raport_o_stanie_Gminy_Oronsko_za_rok_2021.pdf,tor_pl_ip,2ec4b363377848aca4f7112296529a6e0bb5a6ad71cd39833aba11f1e3c26b72,200,2026-09-08T21:32:34Z,,5.755,true
12878,mazowieckie,szydłowiecki,Orońsko,gmina wiejska,1430042,2022,ok_finalnie,pdf,tekst,https://bip.oronsko.pl/fls/bip_pliki/2023_06/BIPF5FD2637BC4E15Z/Raport_o_stanie_Gminy_Oronsko_za__2022_rok.pdf,tor_pl_ip,1294734c8238d2a04281c58dd74f918742243edcbe3e751d1a01735859883872,200,2026-09-08T21:32:34Z,,4.011,true
12879,mazowieckie,szydłowiecki,Orońsko,gmina wiejska,1430042,2023,ok_finalnie,pdf,tekst,https://bip.oronsko.pl/fls/bip_pliki/2024_06/BIPF61A114FBABD24Z/raport_za_2023.pdf,tor_pl_ip,d5e8d93b26f3d81320245522600086c856dda82671d081de92477cafa1338a5b,200,2026-09-08T21:32:34Z,,3.138,true
12880,mazowieckie,szydłowiecki,Orońsko,gmina wiejska,1430042,2024,ok_finalnie,pdf,tekst,https://bip.oronsko.pl/fls/bip_pliki/2025_06/BIPF636C0ACACBF28Z/Raport_o_stanie_gminy_2024.pdf,tor_pl_ip,6194f3e0904b66f32ffb4d321a05bbdf3a15a46cf1834dfafb2705a0df5df207,200,2026-09-08T21:32:34Z,,3.256,true
12881,mazowieckie,szydłowiecki,Orońsko,gmina wiejska,1430042,2025,ok_finalnie,pdf,tekst,https://bip.oronsko.pl/fls/bip_pliki/2026_06/BIPF65330E4431A21Z/2026_06_01_raport_2025.pdf,tor_pl_ip,e0d3fb7f9e67f5981e7d251c65207d8077542a39ee8cc2ae4a3a44a41844ff6e,200,2026-09-08T21:32:34Z,,3.261,true
12882,mazowieckie,szydłowiecki,Szydłowiec,gmina miejsko-wiejska,1430053,2018,ok_finalnie,pdf,raport,https://bip.szydlowiec.pl/system/pobierz.php?plik=Z.2019.081.z.pdf&id=11625,http_get,970f977d3e3dbd9ad94bd9e91936db555193489de283ec591c090e96d42291b4,200,2026-09-08 00:14:27,,2.408,
12883,mazowieckie,szydłowiecki,Szydłowiec,gmina miejsko-wiejska,1430053,2019,ok_finalnie,pdf,tekst,https://bip.szydlowiec.pl/system/obj/13257_Raport_2019.pdf,tor_pl_ip,c6ba0139e4a92e2dfdee62120ea08813de3de9e612520022de6117fb6a3f87e0,200,2026-09-08T22:13:55Z,,3.001,true
12884,mazowieckie,szydłowiecki,Szydłowiec,gmina miejsko-wiejska,1430053,2020,ok_finalnie,pdf,tekst,https://bip.szydlowiec.pl/system/obj/14661_Z.2021.083.z.pdf,tor_pl_ip,621136d720ee574eee85b1293778917af5e1d7fa550f912678212472b8dc62e2,200,2026-09-08T22:13:55Z,,2.753,true
12885,mazowieckie,szydłowiecki,Szydłowiec,gmina miejsko-wiejska,1430053,2021,ok_finalnie,pdf,tekst,https://bip.szydlowiec.pl/system/obj/16420_raport_o_stanie_gminy_za_2021_rok.pdf,tor_pl_ip,a6848a79f9c077a3d060d5015584f7c8f7f90a13870be6c3f4dd4f1ee70feb26,200,2026-09-08T22:13:55Z,,3.117,true
12886,mazowieckie,szydłowiecki,Szydłowiec,gmina miejsko-wiejska,1430053,2022,nowy,,,,,,,,,,
12887,mazowieckie,szydłowiecki,Szydłowiec,gmina miejsko-wiejska,1430053,2023,ok_finalnie,pdf,tekst,https://bip.szydlowiec.pl/system/obj/20156_Raport_na_bip.pdf,tor_pl_ip,66e5709a2e9ea70df390a7b8ec6ec0af366949b1a8f4c0ccde6ca9fd2c63d0c0,200,2026-09-08T22:13:55Z,,2.508,true
12888,mazowieckie,szydłowiecki,Szydłowiec,gmina miejsko-wiejska,1430053,2024,ok_finalnie,pdf,tekst,https://bip.szydlowiec.pl/system/obj/21544_RAPORT_O_STANIE_GMINY_ZA_2024_ROK_na_BIP.pdf,tor_pl_ip,e037b8c463f2647a85a0ef59568a8c1761a6df17170c1d2fe8495dab71807ded,200,2026-09-08T22:13:55Z,,1.705,true
12889,mazowieckie,szydłowiecki,Szydłowiec,gmina miejsko-wiejska,1430053,2025,ok_finalnie,pdf,tekst,https://bip.szydlowiec.pl/system/obj/22736_Raport_o_stanie_gminy_2025.pdf,tor_pl_ip,3ead4a41d521987c8a6f61e2667628b63ea2c320c68a40635dc27dd2c6822beb,200,2026-09-08T22:13:55Z,,1.822,true
12890,mazowieckie,warszawski zachodni,-,-,1432,2018,nowy,,,,,,,,,,
12891,mazowieckie,warszawski zachodni,-,-,1432,2019,nowy,,,,,,,,,,
12892,mazowieckie,warszawski zachodni,-,-,1432,2020,nowy,,,,,,,,,,
12893,mazowieckie,warszawski zachodni,-,-,1432,2021,nowy,,,,,,,,,,
12894,mazowieckie,warszawski zachodni,-,-,1432,2022,nowy,,,,,,,,,,
12895,mazowieckie,warszawski zachodni,-,-,1432,2023,nowy,,,,,,,,,,
12896,mazowieckie,warszawski zachodni,-,-,1432,2024,nowy,,,,,,,,,,
12897,mazowieckie,warszawski zachodni,-,-,1432,2025,nowy,,,,,,,,,,
12898,mazowieckie,warszawski zachodni,Błonie,gmina miejsko-wiejska,1432013,2018,ok_finalnie,pdf,skan+OCR,https://archiwumbip.blonie.pl/?c=mdPliki-cmPobierz-15262-UmFwb3J0IG8gc3RhbmllIGdtaW55IELFgm9uaWUgemEgcm9rIDIwMTgucGRm,direct_without_tor,b9a5fc5c47b52ebf0576692d0998a811086237e1988b6c148984ca21d4a7af7d,200,2026-09-08T18:07:45Z,,8.291,true
12899,mazowieckie,warszawski zachodni,Błonie,gmina miejsko-wiejska,1432013,2019,ok_finalnie,pdf,tekst,https://archiwumbip.blonie.pl/?c=mdPliki-cmPobierz-15263-UmFwb3J0IG8gc3RhbmllIGdtaW55IDIwMTkgdmVyLjE1XzQwLnBkZg==,direct_without_tor,da5f33749816ab6f3b075d9b18c47432c3313b9af132f04f46f05783ee943214,200,2026-09-08T18:07:45Z,,1.394,true
12900,mazowieckie,warszawski zachodni,Błonie,gmina miejsko-wiejska,1432013,2020,ok_finalnie,pdf,tekst,https://archiwumbip.blonie.pl/?c=mdPliki-cmPobierz-16268-UmFwb3J0X2dtaW5hX0Jsb25pZV8yMDIwLnBkZg==,direct_without_tor,55c9c788050ff0abbdb794ad76d453f3654e021d4d3484d713d986b398c70b8d,200,2026-09-08T18:07:45Z,,33.336,true
12901,mazowieckie,warszawski zachodni,Błonie,gmina miejsko-wiejska,1432013,2021,ok_finalnie,pdf,tekst,https://archiwumbip.blonie.pl/?c=mdPliki-cmPobierz-17704-UmFwb3J0IG8gc3RhbmllIGdtaW55IELFgm9uaWUgemEgMjAyMS5wZGY=,direct_without_tor,9ed2f04ec0046c8351bf5f20786133553cb7e322b760348a40bfdc31bfe8b77d,200,2026-09-08T18:07:45Z,,32.794,true
12902,mazowieckie,warszawski zachodni,Błonie,gmina miejsko-wiejska,1432013,2022,ok_finalnie,pdf,tekst,https://bip.blonie.pl/downloadFile/2633,direct_without_tor,7205ae21dc628e40fd8a034d93eb9405e3e890a40b30aff0a8cd612fd7f2f7be,200,2026-09-08T18:07:45Z,,3.696,true
12903,mazowieckie,warszawski zachodni,Błonie,gmina miejsko-wiejska,1432013,2023,ok_finalnie,pdf,tekst,https://bip.blonie.pl/downloadFile/5643,direct_without_tor,ec737fc21c92c9c4ba755f75595f979089b0e59508e11d860a6973fee7c56739,200,2026-09-08T18:07:45Z,,8.472,true
12904,mazowieckie,warszawski zachodni,Błonie,gmina miejsko-wiejska,1432013,2024,ok_finalnie,pdf,raport,https://projektblonie.pl/wp-content/uploads/2025/05/Raport-o-stanie-gminy-Blonie-2024-podpisany.pdf,http_get,c956b3feca675792a5b1fbfa6110ef5b5346b9c7ef21a668345c3e2d71823806,200,2026-09-07 23:25:14,,6.387,
12905,mazowieckie,warszawski zachodni,Błonie,gmina miejsko-wiejska,1432013,2025,ok_finalnie,pdf,tekst,https://bip.blonie.pl/downloadFile/10090,direct_without_tor,5a75f1bba56f65b8de40f3d32e9301836939ec898dd25f06b6a2b77a27c81b4d,200,2026-09-08T18:07:45Z,,15.94,true
12906,mazowieckie,warszawski zachodni,Izabelin,gmina wiejska,1432022,2018,ok_finalnie,pdf,tekst,"https://bip.izabelin.pl/e,pobierz,get.html?id=108505",direct_without_tor,f204f854ed4c34211cba76afbaeb9b457e5a9c31c5ab2c539b0b408985b450cf,200,2026-09-09T10:13:06Z,[TURA 22 09.09.2026],2.215,true
12907,mazowieckie,warszawski zachodni,Izabelin,gmina wiejska,1432022,2019,ok_finalnie,pdf,tekst,"https://bip.izabelin.pl/e,pobierz,get.html?id=108601",direct_without_tor,fb02c7e3747b901ec0b4235f588701357c6ccfb801881887e1d120e4050a28fe,200,2026-09-09T10:13:03Z,"[TURA 22 09.09.2026] | forma: raport w układzie gazetowym (format ok. 30x42 cm, 7-12 stron, ok. 65-105 tys. znaków tekstu); tytuł ""RAPORT O STANIE GMINY IZABELIN 2019"", art. 28aa; BIP menu ""Raport o stanie Gminy Izabelin""",3.678,true
12908,mazowieckie,warszawski zachodni,Izabelin,gmina wiejska,1432022,2020,ok_finalnie,pdf,tekst,"https://bip.izabelin.pl/e,pobierz,get.html?id=108868",direct_without_tor,061f3bf59aaa97d714f63aa307664aef9380b236123d7a5a3a85e299c1f506f4,200,2026-09-09T10:14:00Z,"[TURA 22 09.09.2026] | forma: raport w układzie gazetowym (format ok. 30x42 cm, 7-12 stron, ok. 65-105 tys. znaków tekstu); tytuł ""RAPORT O STANIE GMINY IZABELIN 2020"", art. 28aa; BIP menu ""Raport o stanie Gminy Izabelin""; deepyear wskazał 2021 (histogram bliski) – tytuł ""RAPORT O STANIE GMINY IZABELIN 2020""",2.704,true
12909,mazowieckie,warszawski zachodni,Izabelin,gmina wiejska,1432022,2021,ok_finalnie,pdf,tekst,"https://bip.izabelin.pl/e,pobierz,get.html?id=109001",direct_without_tor,fce366a881dfea558a700b21167a1acd10541e05a0303cdbb53b790f23c8bd20,200,2026-09-09T10:13:57Z,"[TURA 22 09.09.2026] | forma: raport w układzie gazetowym (format ok. 30x42 cm, 7-12 stron, ok. 65-105 tys. znaków tekstu); tytuł ""RAPORT O STANIE GMINY IZABELIN 2021"", art. 28aa; BIP menu ""Raport o stanie Gminy Izabelin""",4.994,true
12910,mazowieckie,warszawski zachodni,Izabelin,gmina wiejska,1432022,2022,ok_finalnie,pdf,tekst,"https://bip.izabelin.pl/e,pobierz,get.html?id=117147",direct_without_tor,87b5ea2ea11170e3bbc65a79161e6191cc22d3dc9e74c894d8bac24508da8049,200,2026-09-09T10:12:46Z,"[TURA 22 09.09.2026] | forma: raport w układzie gazetowym (format ok. 30x42 cm, 7-12 stron, ok. 65-105 tys. znaków tekstu); tytuł ""RAPORT O STANIE GMINY IZABELIN 2022"", art. 28aa; BIP menu ""Raport o stanie Gminy Izabelin""",8.931,true
12911,mazowieckie,warszawski zachodni,Izabelin,gmina wiejska,1432022,2023,ok_finalnie,pdf,tekst,"https://bip.izabelin.pl/e,pobierz,get.html?id=124118",direct_without_tor,96d55bbd43a7f7eaef76665030472303c988c0d12766d2e41563e09ab606cc1c,200,2026-09-09T10:13:53Z,"[TURA 22 09.09.2026] | forma: raport w układzie gazetowym (format ok. 30x42 cm, 7-12 stron, ok. 65-105 tys. znaków tekstu); tytuł ""RAPORT O STANIE GMINY IZABELIN 2023"", art. 28aa; BIP menu ""Raport o stanie Gminy Izabelin""; deepyear wskazał 2024 (data wydania marzec 2024) – tytuł i treść dotyczą 2023",19.792,true
12912,mazowieckie,warszawski zachodni,Izabelin,gmina wiejska,1432022,2024,ok_finalnie,pdf,tekst,"https://bip.izabelin.pl/e,pobierz,get.html?id=126849",direct_without_tor,96d3c5d625767ad8e16e0bc8c0762492e57328cb37d638fd156b809f9b545d08,200,2026-09-09T10:12:37Z,[TURA 22 09.09.2026],29.86,true
12913,mazowieckie,warszawski zachodni,Izabelin,gmina wiejska,1432022,2025,ok_finalnie,pdf,tekst,"https://bip.izabelin.pl/e,pobierz,get.html?id=128879",direct_without_tor,7299e0df51161d5f090fc112eee610c2fc34dc9ae42eb8143c6f323971e8adb0,200,2026-09-09T10:12:31Z,[TURA 22 09.09.2026],4.967,true
12914,mazowieckie,warszawski zachodni,Kampinos,gmina wiejska,1432032,2018,nowy,,,,,,,,,,
12915,mazowieckie,warszawski zachodni,Kampinos,gmina wiejska,1432032,2019,nowy,,,,,,,,,,
12916,mazowieckie,warszawski zachodni,Kampinos,gmina wiejska,1432032,2020,nowy,,,,,,,,,,
12917,mazowieckie,warszawski zachodni,Kampinos,gmina wiejska,1432032,2021,nowy,,,,,,,,,,
12918,mazowieckie,warszawski zachodni,Kampinos,gmina wiejska,1432032,2022,nowy,,,,,,,,,,
12919,mazowieckie,warszawski zachodni,Kampinos,gmina wiejska,1432032,2023,nowy,,,,,,,,,,
12920,mazowieckie,warszawski zachodni,Kampinos,gmina wiejska,1432032,2024,ok_finalnie,pdf,tekst,https://www.bip.kampinos.pl/uploaded_files/serwis_files/attachments/bip/104/e960731320134835.pdf,direct_without_tor,a753f905efbdb96204506d7c819d48dafecae970b74c1ea5f843064f29737823,200,2026-09-08T21:25:26Z,,4.957,true
12921,mazowieckie,warszawski zachodni,Kampinos,gmina wiejska,1432032,2025,ok_finalnie,pdf,tekst,https://bip.kampinos.pl/uploaded_files/wysiwyg_editors/files/RAPORTY%20O%20STANIE%20GMINY/RAPORT%20O%20STANIE%20GMINY%20KAMPINOS%20ZA%20ROK%202025%20DO%20INTERNETU.pdf,direct_without_tor,e11bcdecde3f2835fd1df4a65efa3ff89e9723445a4ec1baae424139d87ba76d,200,2026-09-08T21:25:26Z,,4.571,true
12922,mazowieckie,warszawski zachodni,Leszno,gmina wiejska,1432042,2018,brak_finalnie,,,brak,"dogłębne sprawdzenie (web search bez Tora, kilka silników + BIP/CMS: wyszukiwarka, kategorie raport/uchwały/zarządzenia/sesje + sitemap + Wayback CDX + alternatywne domeny; pobieranie także przez Tor z polskim IP) - dowód proceduralny istnienia raportu, brak opublikowanego pliku",,BRAK_URL (dowód istnienia - nieopublikowany),2026-09-09T16:35:01Z,"[TURA 22 09.09.2026] NEG-plik, DOWOD ISTNIENIA POTWIERDZONY: Aktualność WWW gminaleszno.pl ""Zaproszenie na sesję Rady Gminy 19.06"" (13.06.2019, kopia Wayback 21.06.2019): sesja XII 19.06.2019 – uchwała o wotum zaufania, ""można zgłosić się do debaty nad Raportem o stanie Gminy w 2018 roku. Raport --> http://www.leszno.bipgminy.pl/public/get_file_contents.php?id=325168"" – raport za 2018 istniał i był opublikowany w starym BIP (leszno.bipgminy.pl); stary BIP wyłączony (domena nie rozwiązuje się), plik id=325168 nie ma kopii w Wayback; nowy BIP (bip.gminaleszno.pl, kategoria ""Kontrole zewnętrzne, Raporty, Analizy"") zawiera raporty od 2020 | dowód: http://web.archive.org/web/20190621171957/http://www.gminaleszno.pl/aktualnosci/zaproszenie-na-sesj%C4%99-rady-gminy-19.06 | strona: http://www.leszno.bipgminy.pl/public/get_file_contents.php?id=325168",,true
12923,mazowieckie,warszawski zachodni,Leszno,gmina wiejska,1432042,2019,brak_finalnie,,,brak,"dogłębne sprawdzenie (web search bez Tora, kilka silników + BIP/CMS: wyszukiwarka, kategorie raport/uchwały/zarządzenia/sesje + sitemap + Wayback CDX + alternatywne domeny; pobieranie także przez Tor z polskim IP) - dowód proceduralny istnienia raportu, brak opublikowanego pliku",,BRAK_URL (dowód istnienia - nieopublikowany),2026-09-09T16:35:01Z,"[TURA 22 09.09.2026] NEG-plik, DOWOD ISTNIENIA POTWIERDZONY: Stary BIP leszno.bipgminy.pl, dział ""Strategie/Raporty/Programy > Raport o stanie gminy"" (kopia Wayback 07.08.2020): pozycje ""Zarządzenie Nr 99/2020 Wójta Gminy Leszno z dnia 6 lipca 2020 r. w sprawie przedstawienia raportu o stanie gminy Leszno za 2019 r."" i ""Raport o stanie gminy Leszno za 2019 r."" (?id=190738; plik get_file_contents.php?id=339821 linkowany też z aktualności WWW ""Sesja absolutoryjna"" 14.07.2020: debata nad Raportem o stanie gminy Leszno za 2019 rok na sesji 15.07.2020, uchwała o wotum zaufania) – raport istniał i był opublikowany; stary BIP wyłączony, plik bez kopii w Wayback; nowy BIP zawiera raporty od 2020 | dowód: http://web.archive.org/web/20200807030434/http://www.leszno.bipgminy.pl/public/?id=190313 | strona: https://gminaleszno.pl/aktualnosci/sesja-absolutoryjna/",,true
12924,mazowieckie,warszawski zachodni,Leszno,gmina wiejska,1432042,2020,ok_finalnie,pdf,tekst,https://bip-api.gminaleszno.pl/api/attachments/984,direct_without_tor,6d579b53438f4693e1d24611dab43182c5aa114aaaab570d2acdee8eabea1a34,200,2026-09-09T16:27:03Z,[TURA 22 09.09.2026],2.888,true
12925,mazowieckie,warszawski zachodni,Leszno,gmina wiejska,1432042,2021,ok_finalnie,pdf,tekst,https://bip-api.gminaleszno.pl/api/attachments/1932,direct_without_tor,9ac9fff7912a255e883d409b7aa7e55a277a546b9b17a26f5f72219354a4869e,200,2026-09-09T16:27:08Z,[TURA 22 09.09.2026],2.221,true
12926,mazowieckie,warszawski zachodni,Leszno,gmina wiejska,1432042,2022,ok_finalnie,pdf,tekst,https://bip-api.gminaleszno.pl/api/attachments/3018,direct_without_tor,5fb5bb8f0fce7a095fa58784745c5f5d1383540527ea76434868ffe6a6c37f0d,200,2026-09-09T16:27:12Z,[TURA 22 09.09.2026],1.515,true
12927,mazowieckie,warszawski zachodni,Leszno,gmina wiejska,1432042,2023,ok_finalnie,pdf,tekst,https://bip-api.gminaleszno.pl/api/attachments/3837,direct_without_tor,e5bd67f74b82c33fcbf334343024ac7451c37b7e3c49d6b0b44ea87dcbad658d,200,2026-09-09T16:27:31Z,[TURA 22 09.09.2026],5.718,true
12928,mazowieckie,warszawski zachodni,Leszno,gmina wiejska,1432042,2024,ok_finalnie,pdf,tekst,https://bip-api.gminaleszno.pl/api/attachments/4752,direct_without_tor,985f499003c39c930a604ac3d960cec2e616f2859929bea6c071df8ff329797a,200,2026-09-09T16:27:43Z,[TURA 22 09.09.2026],11.474,true
12929,mazowieckie,warszawski zachodni,Leszno,gmina wiejska,1432042,2025,ok_finalnie,pdf,tekst,https://bip-api.gminaleszno.pl/api/attachments/5561,direct_without_tor,c3bd9daa4a338b4575ee63adbfd150c56c6ebeabd86adfa93f5472e807fff9b4,200,2026-09-09T16:27:47Z,[TURA 22 09.09.2026],1.136,true
12930,mazowieckie,warszawski zachodni,Łomianki,gmina miejsko-wiejska,1432053,2018,ok_finalnie,pdf,skan+OCR,https://bip.lomianki.pl/download.php?s=2&id=23568,direct_without_tor + ocr,3eaa3182ae85fd703a5175671402898cdf3cc24fbdd6d4b2be8b3bfbdbc62451,200,2026-09-09T12:01:00Z,[TURA 22 09.09.2026] | KOREKTA: wejściowy wiersz ok wskazywał nieistniejący/niewłaściwy adres pliku,30.712,true
12931,mazowieckie,warszawski zachodni,Łomianki,gmina miejsko-wiejska,1432053,2019,ok_finalnie,pdf,tekst,https://bip.lomianki.pl/download/2/26167/Raportostaniegminyzarok2019mzp.pdf,bip.lomianki.pl direct PDF,c4a6c7db5473ce5c007dcd85e848f18cd56aed5c005c21b5598199f38bd90bcd,200,2026-09-07T21:10:36Z,,2.727,true
12932,mazowieckie,warszawski zachodni,Łomianki,gmina miejsko-wiejska,1432053,2020,ok_finalnie,pdf,tekst,https://bip.lomianki.pl/download/2/31926/Raportostaniegminy2020.pdf,bip.lomianki.pl direct PDF,499d9d6aa265ff818bddb8248e4d5d26247015c30bb01d8bb6e11968fd229675,200,2026-09-07T21:10:36Z,,2.382,true
12933,mazowieckie,warszawski zachodni,Łomianki,gmina miejsko-wiejska,1432053,2021,ok_finalnie,pdf,tekst,https://bip.lomianki.pl/download/2/31925/raportostaniegminyza2021rok.pdf,direct_without_tor,dd45d252093c0a031f81b8c73e62800771057b753056f9ca99ff01945dcaa8e9,200,2026-09-09T12:01:04Z,[TURA 22 09.09.2026] | KOREKTA: wejściowy wiersz ok wskazywał nieistniejący/niewłaściwy adres pliku,6.787,true
12934,mazowieckie,warszawski zachodni,Łomianki,gmina miejsko-wiejska,1432053,2022,ok_finalnie,pdf,tekst,https://bip.lomianki.pl/download/2/34745/Raportostaniegminyzarok2022.pdf,direct_without_tor,1dfdbc5a065f62395b6319468d24016c5ba128b6f5f85a664c517eef76f76d16,200,2026-09-09T12:01:08Z,[TURA 22 09.09.2026] | KOREKTA: wejściowy wiersz ok wskazywał nieistniejący/niewłaściwy adres pliku,3.991,true
12935,mazowieckie,warszawski zachodni,Łomianki,gmina miejsko-wiejska,1432053,2023,ok_finalnie,pdf,raport,https://bip.lomianki.pl/download/2/37414/Raportostaniegminyzarok2023.pdf,http_get,e8ed792199a0e004d71815ee4b5effebd33f357d6496b302e37112ca625c45f1,200,2026-09-08 02:58:14,,4.554,
12936,mazowieckie,warszawski zachodni,Łomianki,gmina miejsko-wiejska,1432053,2024,ok_finalnie,pdf,tekst,https://bip.lomianki.pl/download/2/39961/RaportostanieGminyLomianki2024.pdf,direct_without_tor,2ff364cd34b803f5eebf6a76439dfadf26cfdbc7a9cb0a291099ace22bf5a969,200,2026-09-09T12:01:11Z,[TURA 22 09.09.2026] | KOREKTA: wejściowy wiersz ok wskazywał nieistniejący/niewłaściwy adres pliku,3.836,true
12937,mazowieckie,warszawski zachodni,Łomianki,gmina miejsko-wiejska,1432053,2025,ok_finalnie,pdf,tekst,https://bip.lomianki.pl/download/2/42063/RAPORTOSTANIEGMINYLOMIANKIza2025rok.pdf,direct_without_tor,8a6b77725406c15b318cbdc9b3a6397783f12f92c5913174f1c4766220780a6c,200,2026-09-09T12:01:16Z,[TURA 22 09.09.2026] | KOREKTA: wejściowy wiersz ok wskazywał nieistniejący/niewłaściwy adres pliku,11.598,true
12938,mazowieckie,warszawski zachodni,Ożarów Mazowiecki,gmina miejsko-wiejska,1432063,2018,ok_finalnie,pdf,raport,https://ozarow-mazowiecki.pl/wp-content/uploads/2019/06/Raport-o-stanie-Gminy-za-2018-rok.pdf,http_get,8cd81de7047a08da8a3a1e66a879838611d307c264936277c1fcaa81dbccf998,200,2026-09-08 12:17:46,,1.353,
12939,mazowieckie,warszawski zachodni,Ożarów Mazowiecki,gmina miejsko-wiejska,1432063,2019,ok_finalnie,pdf,tekst,https://ozarow-mazowiecki.pl/wp-content/uploads/2020/07/Raport-o-stanie-Gminy-O%C5%BCar%C3%B3w-Mazowiecki-za-2019-rok.pdf,ozarow-mazowiecki.pl WP direct PDF,a46138605844381be7c220b38cf83b9a35bd771189ecd6a3c6a81258e0b9a9bd,200,2026-09-07T21:32:28Z,,1.866,true
12940,mazowieckie,warszawski zachodni,Ożarów Mazowiecki,gmina miejsko-wiejska,1432063,2020,ok_finalnie,pdf,tekst,https://ozarow-mazowiecki.pl/wp-content/uploads/2021/06/RAPORT-O-STANIE-GMINY-OZAROW-MAZOWIECKI-ZA-2020-ROK.pdf,direct_without_tor,b705e1c0d39b8b8230e75266f36583f0bcd73acfb039c7b155819b6888b567c9,200,2026-09-08T18:06:07Z,,1.406,true
12941,mazowieckie,warszawski zachodni,Ożarów Mazowiecki,gmina miejsko-wiejska,1432063,2021,ok_finalnie,pdf,raport,https://ozarow-mazowiecki.pl/wp-content/uploads/2022/05/Raport-o-stanie-gminy-za-rok-2021.pdf,http_get,e9f9bef2e12a620711dbfd92d0626d08dcce32170d7c3436b90f647d92f7a041,200,2026-09-08 12:15:30,,2.020,
12942,mazowieckie,warszawski zachodni,Ożarów Mazowiecki,gmina miejsko-wiejska,1432063,2022,ok_finalnie,pdf,raport,https://ozarow-mazowiecki.pl/wp-content/uploads/2023/05/Raport-o-stanie-Gminy-za-2022-rok.pdf,http_get,b7ada19c95991f57878ef2ec1039d920cb924cb6c10f3c9a09abd151f6eeab09,200,2026-09-08 12:15:30,,1.751,
12943,mazowieckie,warszawski zachodni,Ożarów Mazowiecki,gmina miejsko-wiejska,1432063,2023,ok_finalnie,pdf,raport,https://ozarow-mazowiecki.pl/wp-content/uploads/2024/05/RAPORT-O-STANIE-GMINY-ZA-2023-ROK.pdf,http_get,c82d283cb113ce0a5350208bc30b466670883754e6034e40769a7010a62102cf,200,2026-09-07 22:34:41,,1.746,
12944,mazowieckie,warszawski zachodni,Ożarów Mazowiecki,gmina miejsko-wiejska,1432063,2024,ok_finalnie,pdf,raport,https://ozarow-mazowiecki.pl/wp-content/uploads/2026/01/Raport-o-stanie-Gminy-Ozarow-Mazowiecki-za-2024-rok.pdf,http_get,b516c081d33294975727494c331c22890505cb1137ecfad5a31fdd3de7c3b908,200,2026-09-08 12:15:30,,2.809,
12945,mazowieckie,warszawski zachodni,Ożarów Mazowiecki,gmina miejsko-wiejska,1432063,2025,ok_finalnie,pdf,raport,https://ozarow-mazowiecki.pl/wp-content/uploads/2026/05/Raport-o-stanie-gminy-Ozarow-Mazowiecki-za-rok-2025.pdf,http_get,f331448d127adf4402001e32a803fa13afe7474906f8aee4164b776232e23961,200,2026-09-07 22:34:44,,2.058,
12946,mazowieckie,warszawski zachodni,Stare Babice,gmina wiejska,1432072,2018,nowy,,,,,,,,,,
12947,mazowieckie,warszawski zachodni,Stare Babice,gmina wiejska,1432072,2019,ok_finalnie,pdf,tekst,https://starebabice.archiwum.bip.net.pl/pliki/1203/Raport_2019.pdf,direct_without_tor,072279c1407e4fa3ef1b061da1ec2c6c619364ef59e31882151b99c3250b800b,200,2026-09-08T18:10:02Z,,39.942,true
12948,mazowieckie,warszawski zachodni,Stare Babice,gmina wiejska,1432072,2020,ok_finalnie,pdf,tekst,https://starebabice.archiwum.bip.net.pl/pliki/3386/Raport_o_stanie_Gminy_Stare_Babice_za_2020_rok.pdf,direct_without_tor,819be49d7aca4ead83829da779b2e75220253ab56ba7aabbbdb4e7ba82ba85ff,200,2026-09-08T18:10:02Z,,52.442,true
12949,mazowieckie,warszawski zachodni,Stare Babice,gmina wiejska,1432072,2021,ok_finalnie,pdf,tekst,https://stare-babice.pl/wp-content/uploads/2022/05/Raport-o-stanie-gminy-2021-ost..pdf,direct_without_tor,5c8910d46df5e1b6ff4673dd58cdaba7327084aa93b34861c48c89eff3344eca,200,2026-09-08T18:10:02Z,,17.962,true
12950,mazowieckie,warszawski zachodni,Stare Babice,gmina wiejska,1432072,2022,ok_finalnie,pdf,tekst,https://starebabice.archiwum.bip.net.pl/pliki/6710/RAPORT_2022..pdf,direct_without_tor,f8f22e60a1dddc7b5358efda062e90c3e29777f1bd1ff0bb56922d0e22efd313,200,2026-09-08T18:10:02Z,,24.327,true
12951,mazowieckie,warszawski zachodni,Stare Babice,gmina wiejska,1432072,2023,ok_finalnie,pdf,tekst,https://stare-babice.pl/wp-content/uploads/2024/05/raport-gmina-2023-web.pdf,stare-babice.pl WP direct PDF,097d0d9e33210024d061116f51607671e27adcc3f7b6b6ce5ae95613dd482e46,200,2026-09-07T21:32:28Z,,14.222,true
12952,mazowieckie,warszawski zachodni,Stare Babice,gmina wiejska,1432072,2024,ok_finalnie,pdf,raport,https://starebabice.archiwum.bip.net.pl/pliki/10854/RAPORT_O_STANIE_GMINY_STARE_BABICE_ZA_2024.pdf,http_get,5e254c98ce38501a0539a1ec99a767291ddd4a0a6a9e6a8b4dfab067ea09672e,200,2026-09-08 00:08:10,,18.124,
12953,mazowieckie,warszawski zachodni,Stare Babice,gmina wiejska,1432072,2025,ok_finalnie,pdf,tekst,https://bip-docrepo-api.stare-babice.pl/api/files/974,direct_without_tor,71c88165eb818a5680b370772473fb3536d6dcd2e590702071daf45dd46e0dfd,200,2026-09-08T18:10:02Z,,17.703,true
12954,mazowieckie,wołomiński,-,-,1434,2018,ok_finalnie,pdf,tekst,https://samorzad.gov.pl/attachment/20525ff1-470f-4673-a6e6-4a3d087413c0,direct_without_tor,36152af1b9c5f7dabf1e20b06d55c2f6409bd3c73e640531b3ea1d88b62e3715,200,2026-09-08T18:09:45Z,,6.077,true
12955,mazowieckie,wołomiński,-,-,1434,2019,ok_finalnie,pdf,tekst,https://samorzad.gov.pl/attachment/4a1413c0-cdff-4440-b33e-b32e13d2c52c,direct_without_tor,98441e0d4790530d2e7396598a4849e9d564e807bf2149e7cc8adc1befb05b24,200,2026-09-08T18:09:45Z,,7.278,true
12956,mazowieckie,wołomiński,-,-,1434,2020,ok_finalnie,pdf,tekst,https://samorzad.gov.pl/attachment/029f174e-f7e6-4909-9a2b-0f9193640daf,direct_without_tor,1599bf4f065193fd9a1a0bbafe48f8638046cedd451027b34eea7769a998f916,200,2026-09-08T18:09:45Z,,32.833,true
12957,mazowieckie,wołomiński,-,-,1434,2021,ok_finalnie,pdf,tekst,https://samorzad.gov.pl/attachment/000e5053-4ba0-484f-8d27-cc5fcd9e49c7,direct_without_tor,485fe1f74fb176740044206e9fb082dcb69993b3634dedebdb64c2636e6cc68f,200,2026-09-08T18:09:45Z,,7.519,true
12958,mazowieckie,wołomiński,-,-,1434,2022,ok_finalnie,pdf,tekst,https://samorzad.gov.pl/attachment/378775b6-4882-443e-a143-ffe5070a8f1e,direct_without_tor,a0e2147842408ba3da64905cefdfe6993f68e7a765b45e51ecd757748677c57b,200,2026-09-08T18:09:45Z,,8.387,true
12959,mazowieckie,wołomiński,-,-,1434,2023,ok_finalnie,pdf,tekst,https://samorzad.gov.pl/attachment/7fa0e62d-2d35-41d1-9a81-9e90773f87e7,direct_without_tor,a42b3369cbad5b6427daa0f6c8620c031ff02771e5ea97b03ecae9d618d05f83,200,2026-09-08T18:09:45Z,,6.056,true
12960,mazowieckie,wołomiński,-,-,1434,2024,ok_finalnie,pdf,tekst,https://samorzad.gov.pl/attachment/11cc317b-ae09-47c5-b322-0a78fb711120,direct_without_tor,1ee659c6c28b21f58fd1021fee9e3974d291adb6afb7b4ddc8a735f0aad18632,200,2026-09-08T18:09:45Z,,6.563,true
12961,mazowieckie,wołomiński,-,-,1434,2025,ok_finalnie,pdf,tekst,https://samorzad.gov.pl/attachment/90dedea2-9476-4412-87da-9a150b1b345b,direct_without_tor,9a9de32f151971f27b9125c5d91ef6931e3aac663f60870816b148e96d7f104c,200,2026-09-08T18:09:45Z,,4.074,true
12962,mazowieckie,wołomiński,Kobyłka,gmina miejska,1434011,2018,ok_finalnie,pdf,tekst,https://web.archive.org/web/20190722070057id_/https://www.kobylka.pl/sites/default/files/raport_o_stanie_miasta_kobylka_za_2018_rok.pdf,wayback_archive_copy,133b861cc3273f58ba50e17329f22e91f3c9966547ae546eb06e4f76c55dde5a,200,2026-09-09T12:03:50Z,[TURA 22 09.09.2026] | KOREKTA: wejściowy wiersz ok wskazywał plik raportu za 2025 r. (błędny rok); raport za 2018 dostępny tylko w kopii Wayback,6.404,true
12963,mazowieckie,wołomiński,Kobyłka,gmina miejska,1434011,2019,ok_finalnie,pdf,raport,https://bip-v1-files.idcom-jst.pl/sites/46729/wiadomosci/522613/files/raport_2019.pdf,http_get,1057f679e567c8e22997d64e1845758879889505fb2f758b3da1575f60486ca5,200,2026-09-07 23:33:37,,14.341,
12964,mazowieckie,wołomiński,Kobyłka,gmina miejska,1434011,2020,ok_finalnie,pdf,raport,https://bip-v1-files.idcom-jst.pl/sites/46729/wiadomosci/574106/files/raport_o_stanie_miasta_za_2020_r.pdf,http_get,ad9f7c168e77d9a0d01518ef63428701edf9a42a5a4385d3b3f4f6b15c6e566a,200,2026-09-07 23:33:40,,1.373,
12965,mazowieckie,wołomiński,Kobyłka,gmina miejska,1434011,2021,ok_finalnie,pdf,raport,https://bip-v1-files.idcom-jst.pl/sites/46729/wiadomosci/632858/files/raport_o_stanie_miasta_kobylka_2021.pdf,http_get,14bad652ba1cdcd72a1a5c852b09f07f4ff2544cb6800158930d59f355668cf4,200,2026-09-07 23:33:44,,27.129,
12966,mazowieckie,wołomiński,Kobyłka,gmina miejska,1434011,2022,ok_finalnie,pdf,raport,https://bip-v1-files.idcom-jst.pl/sites/46729/wiadomosci/691335/files/raport_o_stanie_miasta_kobylka_2022.pdf,http_get,33c7fd2050f24293ca0e59f11cd0ccbf882a9168c17149990e1b75caaf6522f0,200,2026-09-07 23:33:48,,19.061,
12967,mazowieckie,wołomiński,Kobyłka,gmina miejska,1434011,2023,ok_finalnie,html,tekst,https://kobylka-2023.g.fundacjamiasto.pl/raport-2023,direct_without_tor,ca811ad31c589ebaa6e1c10b6acecdb7afd25bc5887657b23f9dc34cc22b3e49,200,2026-09-09T12:02:24Z,[TURA 22 09.09.2026] | KOREKTA: wejściowy wiersz ok wskazywał niewłaściwy plik; raport za 2023 opublikowany wyłącznie jako serwis WWW (g.fundacjamiasto.pl),0.224,true
12968,mazowieckie,wołomiński,Kobyłka,gmina miejska,1434011,2024,ok_finalnie,pdf,raport,https://bip-v1-files.idcom-jst.pl/sites/46729/wiadomosci/826394/files/raport_o_stanie_gminy_kobyka_za_2024.pdf,http_get,33959ffe987aa268018dfdcb5004c16e1b60f9221884077266d398b9f1b74f71,200,2026-09-07 23:33:51,,7.394,
12969,mazowieckie,wołomiński,Kobyłka,gmina miejska,1434011,2025,ok_finalnie,pdf,tekst,https://bip-v1-files.idcom-jst.pl/sites/46729/wiadomosci/886766/files/raport_o_stanie_miasta_kobylka_za_rok_2025_compressed.pdf,direct_without_tor,1aadd95c87118c9b82402edf59d676662d050ef2ade99facc5bb1fb94099e43b,200,2026-09-09T12:04:05Z,[TURA 22 09.09.2026] | KOREKTA: wejściowy wiersz ok wskazywał niewłaściwy plik,31.575,true
12970,mazowieckie,wołomiński,Marki,gmina miejska,1434021,2018,ok_finalnie,pdf,raport,https://bip.marki.pl/attachments/download/10871,bip_http_get,05cb6275f1bf3558303a7a38ca20766f010246730c5a85baab12997e3f917524,200,2026-09-07 22:28:32,,4.526,
12971,mazowieckie,wołomiński,Marki,gmina miejska,1434021,2019,ok_finalnie,pdf,raport,https://bip.marki.pl/attachments/download/16716,bip_http_get,119d683b1c6ecb35bff85435392a7aa93d669098e8eebf628f942782e03b49c9,200,2026-09-07 22:28:32,,7.932,
12972,mazowieckie,wołomiński,Marki,gmina miejska,1434021,2020,ok_finalnie,pdf,raport,https://bip.marki.pl/attachments/download/18939,bip_http_get,ca2d3f0577a4a615e0b8822afb927ec5f2870c45507697e6e9f84ef1cc5f3f68,200,2026-09-07 22:28:32,,4.981,
12973,mazowieckie,wołomiński,Marki,gmina miejska,1434021,2021,ok_finalnie,pdf,raport,https://bip.marki.pl/attachments/download/20742,bip_http_get,9cd2d81e8ea8684ec2d041cce257d0e0780c19ed779672d0efeeda53da693a5a,200,2026-09-07 22:28:32,,8.642,
12974,mazowieckie,wołomiński,Marki,gmina miejska,1434021,2022,ok_finalnie,pdf,raport,https://bip.marki.pl/attachments/download/22130,bip_http_get,b49107ca9b148c63a688b962179623b602a15b1d1e12e4b061137e20ed6b6540,200,2026-09-07 22:28:32,,12.7,
12975,mazowieckie,wołomiński,Marki,gmina miejska,1434021,2023,ok_finalnie,pdf,tekst,https://bip.marki.pl/attachments/download/23548,direct_without_tor_ssl_off,7df4a5c3ea98677c1a6082d660fd338c699df1e9c377eb0629915804bd952e61,200,2026-09-09T11:58:37Z,[TURA 22 09.09.2026] | KOREKTA: wejściowy wiersz ok wskazywał niewłaściwy plik,28.167,true
12976,mazowieckie,wołomiński,Marki,gmina miejska,1434021,2024,ok_finalnie,html,tekst,https://marki-2024.g.fundacjamiasto.pl/,direct_without_tor,c0444def032e39aadb0aa834f18e357c55a39005d0646e4af603bf3228841fdf,200,2026-09-09T11:58:44Z,[TURA 22 09.09.2026] | KOREKTA: wejściowy wiersz ok wskazywał niewłaściwy plik; raport za 2024 opublikowany wyłącznie jako serwis WWW (g.fundacjamiasto.pl),0.242,true
12977,mazowieckie,wołomiński,Marki,gmina miejska,1434021,2025,ok_finalnie,pdf,raport,https://bip.marki.pl/attachments/download/26891,bip_http_get,dbe190334f136d65a42d8ab1dd47da7c9f332d6f4cc297b7b3325ede6b6801bb,200,2026-09-07 22:28:32,,11.434,
12978,mazowieckie,wołomiński,Ząbki,gmina miejska,1434031,2018,ok_finalnie,pdf,skan+OCR,https://bip.zabki.pl/zalacznik/86838,direct_without_tor + ocr,9c8ec4b7a556f93a37821250709671591dcf164e5ef2d9495e9e252bd8d8c9e1,200,2026-09-09T16:44:10Z,[TURA 22 09.09.2026],53.058,true
12979,mazowieckie,wołomiński,Ząbki,gmina miejska,1434031,2019,ok_finalnie,pdf,skan+OCR,https://bip.zabki.pl/zalacznik/104654,direct_without_tor + ocr,40b1bf952bf03995cecb854f34674e8a784fa953d45a0e7c3848b6e92daf3a6e,200,2026-09-09T16:45:33Z,[TURA 22 09.09.2026],25.502,true
12980,mazowieckie,wołomiński,Ząbki,gmina miejska,1434031,2020,ok_finalnie,pdf,tekst,https://bip.zabki.pl/zalacznik/116765,direct_without_tor,0bba9e51d5f5e19d2b99a75dd3dd5c2bdde1b92ce3119da2becc68696121aa38,200,2026-09-09T16:45:35Z,[TURA 22 09.09.2026],2.15,true
12981,mazowieckie,wołomiński,Ząbki,gmina miejska,1434031,2021,ok_finalnie,pdf,tekst,https://bip.zabki.pl/zalacznik/130426,direct_without_tor,ffc2c0c25d52ffe44612f3fb47e646052d59bafc47aaa67d7c9eb7faacfbe9a4,200,2026-09-09T16:48:13Z,[TURA 22 09.09.2026],0.551,true
12982,mazowieckie,wołomiński,Ząbki,gmina miejska,1434031,2022,ok_finalnie,pdf,tekst,https://bip.zabki.pl/zalacznik/147730,direct_without_tor,8d0cacfb5bdd7ec22b4e497cdac480909c34cc707d3bfadc8411b4fdb83bd9b9,200,2026-09-09T16:48:14Z,[TURA 22 09.09.2026],0.579,true
12983,mazowieckie,wołomiński,Ząbki,gmina miejska,1434031,2023,ok_finalnie,pdf,skan+OCR,https://bip.zabki.pl/zalacznik/162214,direct_without_tor + ocr,64553a82177ac0a0aa0c706c8bc0377bf148d9bc2898375d026357e314b08464,200,2026-09-09T16:47:06Z,[TURA 22 09.09.2026],10.146,true
12984,mazowieckie,wołomiński,Ząbki,gmina miejska,1434031,2024,ok_finalnie,pdf,tekst,https://bip.zabki.pl/zalacznik/172836,direct_without_tor,8bb032e2b637ee06e4b3d84e08cba1dfd3739a30f8aeb6422f9bd7b3af15977a,200,2026-09-09T16:47:07Z,[TURA 22 09.09.2026],2.243,true
12985,mazowieckie,wołomiński,Ząbki,gmina miejska,1434031,2025,ok_finalnie,pdf,tekst,https://bip.zabki.pl/zalacznik/187752,direct_without_tor,7ce64db196b693e534e6c3eb2ece1c2e042f7e0dd94ae2fa7db81471e4492e8e,200,2026-09-09T16:47:09Z,[TURA 22 09.09.2026],2.03,true
12986,mazowieckie,wołomiński,Zielonka,gmina miejska,1434041,2018,ok_finalnie,pdf,skan+OCR,"https://bip.zielonka.pl/e,pobierz,get.html?id=30846",direct_without_tor,80b4c1f09cd912e500e1f7465ed98f47229991aee7614d0448be2fec66290c9b,200,2026-09-08T21:29:18Z,,9.398,true
12987,mazowieckie,wołomiński,Zielonka,gmina miejska,1434041,2019,ok_finalnie,pdf,tekst,"https://bip.zielonka.pl/e,pobierz,get.html?id=33134",direct_without_tor,996fb792e3fe2a3923b6e990df7889caaa842e78de34cd388489b06ff2f09069,200,2026-09-08T21:29:18Z,,24.843,true
12988,mazowieckie,wołomiński,Zielonka,gmina miejska,1434041,2020,ok_finalnie,pdf,tekst,"https://bip.zielonka.pl/e,pobierz,get.html?id=35170",direct_without_tor,e3142ba05f4b238b49cf2420dd37d3b1b51a8f842e21815dff48e8cc1866356f,200,2026-09-08T21:29:18Z,,19.082,true
12989,mazowieckie,wołomiński,Zielonka,gmina miejska,1434041,2021,ok_finalnie,pdf,tekst,"https://bip.zielonka.pl/e,pobierz,get.html?id=36694",direct_without_tor,d0b149efaa3911206993a545110558909ab8baca5a9d4cd1384719712bb9e516,200,2026-09-08T21:29:18Z,,35.143,true
12990,mazowieckie,wołomiński,Zielonka,gmina miejska,1434041,2022,ok_finalnie,pdf,tekst,"https://bip.zielonka.pl/e,pobierz,get.html?id=38231",direct_without_tor,138a2ab9c2b4b9b0d06522eeed1a3e274b7a37e1d3125ea06b0ad01b9a9aca43,200,2026-09-08T21:29:18Z,,31.302,true
12991,mazowieckie,wołomiński,Zielonka,gmina miejska,1434041,2023,ok_finalnie,pdf,raport,https://www.zielonka.pl/Common/downloadZip/module_short/news/obj_id/6910/preview/0.html,http_get,e86ad04c9fb281b8e1bbf1b216d9aaf6db0b99fb30742d6b702c199325cb9520,200,2026-09-08 02:53:21,,66.94,
12992,mazowieckie,wołomiński,Zielonka,gmina miejska,1434041,2024,ok_finalnie,pdf,raport,https://zielonka.pl/Common/downloadZip/module_short/news/obj_id/7644/preview/0.html,http_get,297229ec84baf9b410d8ed95c33bad0f0432fae6d45a65f099a00333236090f6,200,2026-09-08 02:53:05,,22.788,
12993,mazowieckie,wołomiński,Zielonka,gmina miejska,1434041,2025,ok_finalnie,pdf,tekst,"https://bip.zielonka.pl/e,pobierz,get.html?id=42763",direct_without_tor,dca5c80f2c13a44c53f0b2b1f667ae1b322048577f664d3e96069aa48be92d8c,200,2026-09-08T21:29:18Z,,84.998,true
12994,mazowieckie,wołomiński,Dąbrówka,gmina wiejska,1434052,2018,ok_finalnie,pdf,tekst,https://bip.dabrowka.net.pl/pliki/bilans_jednostek/raport_o_stanie_gminy/za_2018/raport_gminy_2018_podpis_zastepcy.pdf,direct_without_tor,05822b7194cc66a456f84b6100f80c973491aa10e5907523e1fc448879ce3fc0,200,2026-09-08T20:33:12Z,,7.213,true
12995,mazowieckie,wołomiński,Dąbrówka,gmina wiejska,1434052,2019,ok_finalnie,pdf,tekst,https://bip.dabrowka.net.pl/pliki/bilans_jednostek/raport_o_stanie_gminy/za_2019/raport_gminy_2019.pdf,direct_without_tor,799c80fd3812152999c25531b5242c1a93d664cdbb7715872db987e8097207f7,200,2026-09-08T20:33:12Z,,5.589,true
12996,mazowieckie,wołomiński,Dąbrówka,gmina wiejska,1434052,2020,ok_finalnie,pdf,tekst,https://bip.dabrowka.net.pl/pliki/bilans_jednostek/raport_o_stanie_gminy/za_2020/001_Raport_o_stanie_gminy_za_2020.pdf,direct_without_tor,7022689928187a5029f93fa0c58fdb1cea5e0cf9bc54f1052d5fb5de57f72848,200,2026-09-08T20:33:12Z,,8.161,true
12997,mazowieckie,wołomiński,Dąbrówka,gmina wiejska,1434052,2021,ok_finalnie,pdf,tekst,https://bip.dabrowka.net.pl/pliki/bilans_jednostek/raport_o_stanie_gminy/za_2021/001_Raport_o_stanie_gminy_2021.pdf,direct_without_tor,5e0f9153d46d7d4a97a2ae412aad2c1bf83cf703e5c55725465dc20a0c9a38a4,200,2026-09-08T20:33:12Z,,8.126,true
12998,mazowieckie,wołomiński,Dąbrówka,gmina wiejska,1434052,2022,ok_finalnie,pdf,tekst,https://bip.dabrowka.net.pl/pliki/bilans_jednostek/raport_o_stanie_gminy/za_2022/raport_gminy_strona.pdf,direct_without_tor,2a2440c0da8b84bb8025db56b840b32c33146506c48ee3dd4c58d64cda19f7dc,200,2026-09-08T20:33:12Z,,10.626,true
12999,mazowieckie,wołomiński,Dąbrówka,gmina wiejska,1434052,2023,ok_finalnie,pdf,raport,https://bip.dabrowka.net.pl/pliki/bilans_jednostek/raport_o_stanie_gminy/za_2023/Raport_o_stanie_2023.pdf,http_get,5314fd1bb16af2b73ae00944ff036526d1cbe7e108f485212eda9c1062120b75,200,2026-09-08 00:15:08,,10.774,
13000,mazowieckie,wołomiński,Dąbrówka,gmina wiejska,1434052,2024,ok_finalnie,pdf,tekst,https://bip.dabrowka.net.pl/pliki/bilans_jednostek/raport_o_stanie_gminy/za_2024/RAPORT_o_stanie_Gminy_za_2024.pdf,direct_without_tor,1fc867fc3e32cb2042abfa2c013f2adda9f38b8e16cdc9bdf542e450e62f03c7,200,2026-09-08T20:33:12Z,,9.936,true
13001,mazowieckie,wołomiński,Dąbrówka,gmina wiejska,1434052,2025,ok_finalnie,pdf,tekst,https://bip.dabrowka.net.pl/pliki/bilans_jednostek/raport_o_stanie_gminy/za_2025/Raport_o_stanie_Gminy_Dabrowka_za_2025.pdf,direct_without_tor,4fd64cd0d1e53272421eab05eb7b97c31b3fb169e5af3f67f705ac72e67b56d5,200,2026-09-08T20:33:12Z,,15.942,true
13002,mazowieckie,wołomiński,Jadów,gmina wiejska,1434062,2018,nowy,,,,,,,,,,
13003,mazowieckie,wołomiński,Jadów,gmina wiejska,1434062,2019,nowy,,,,,,,,,,
13004,mazowieckie,wołomiński,Jadów,gmina wiejska,1434062,2020,ok_finalnie,pdf,tekst,"https://bip.jadow.az.pl/plik,658,raport-o-stanie-gminy-za-2020-r.pdf",direct_without_tor,fbd73a589334604206343bfcc1ba49103442f07137be13518ec8dc086f65d82c,200,2026-09-09T07:44:22Z,,4.426,true
13005,mazowieckie,wołomiński,Jadów,gmina wiejska,1434062,2021,ok_finalnie,pdf,tekst,"https://bip.jadow.az.pl/plik,989,raport-o-stanie-gminy-za-2021-r.pdf",direct_without_tor,b658f6a4a056f915899fff346f2b8cb73b7858c4f2fa612f0a1634f523f6f859,200,2026-09-09T07:44:22Z,,6.841,true
13006,mazowieckie,wołomiński,Jadów,gmina wiejska,1434062,2022,ok_finalnie,pdf,tekst,"https://bip.jadow.az.pl/plik,1857,raport-o-stanie-gminy-za-2022-r.pdf",direct_without_tor,083f01b6766114b56dc93ebf1acb0173f2864926154900ee68731b609635da6a,200,2026-09-09T07:44:22Z,,4.275,true
13007,mazowieckie,wołomiński,Jadów,gmina miejsko-wiejska,1434063,2023,ok_finalnie,pdf,tekst,"https://bip.jadow.az.pl/plik,2587,raport-o-stanie-gminy-za-2023-r.pdf",direct_without_tor,00184bb1b23edf8f02318cef80c5e294d3b27e4ebce0ae4c871caa5ff6dda011,200,2026-09-08T18:11:30Z,,4.213,true
13008,mazowieckie,wołomiński,Jadów,gmina miejsko-wiejska,1434063,2024,ok_finalnie,pdf,tekst,"https://bip.jadow.az.pl/plik,3611,raport-o-stanie-gminy-za-2024-pdf.pdf",direct_without_tor,ac36a08b9b7c41b098207e3fd79521062da47cfc0cf56f249ffd97bdbc021eb1,200,2026-09-08T18:11:30Z,,3.115,true
13009,mazowieckie,wołomiński,Jadów,gmina miejsko-wiejska,1434063,2025,ok_finalnie,pdf,tekst,"https://bip.jadow.az.pl/plik,4206,raport-o-stanie-gminy-jadow-za-rok-2025.pdf",direct_without_tor,53b86092c8d36b8fcd39b5179a913b5526e3798cf21cf97e631f1c114df0ee60,200,2026-09-08T18:11:30Z,,13.797,true
13010,mazowieckie,wołomiński,Klembów,gmina wiejska,1434072,2018,nowy,,,,,,,,,,
13011,mazowieckie,wołomiński,Klembów,gmina wiejska,1434072,2019,nowy,,,,,,,,,,
13012,mazowieckie,wołomiński,Klembów,gmina wiejska,1434072,2020,nowy,,,,,,,,,,
13013,mazowieckie,wołomiński,Klembów,gmina wiejska,1434072,2021,nowy,,,,,,,,,,
13014,mazowieckie,wołomiński,Klembów,gmina wiejska,1434072,2022,nowy,,,,,,,,,,
13015,mazowieckie,wołomiński,Klembów,gmina wiejska,1434072,2023,ok_finalnie,pdf,tekst,https://bip.klembow.pl/Common/pobierzPlik/id/4735/module_short/port/obj_id/3983/culture/pl/version/pub.html,direct_without_tor,04675e184beb978425ec6e6adbfb63a6de768e89affcbad68d54e8b3c8d7a989,200,2026-09-08T18:09:56Z,,10.043,true
13016,mazowieckie,wołomiński,Klembów,gmina wiejska,1434072,2024,nowy,,,,,,,,,,
13017,mazowieckie,wołomiński,Klembów,gmina wiejska,1434072,2025,ok_finalnie,pdf,raport,https://klembow.pl/Common/downloadZip/module_short/news/obj_id/6233/preview/0.html,http_get,83f0bc74400be0d5a363aa15dfc611df979c2883374d485c9237ef43076fd723,200,2026-09-08 02:59:56,,9.463,
13018,mazowieckie,wołomiński,Poświętne,gmina wiejska,1434082,2018,nowy,,,,,,,,,,
13019,mazowieckie,wołomiński,Poświętne,gmina wiejska,1434082,2019,nowy,,,,,,,,,,
13020,mazowieckie,wołomiński,Poświętne,gmina wiejska,1434082,2020,nowy,,,,,,,,,,
13021,mazowieckie,wołomiński,Poświętne,gmina wiejska,1434082,2021,ok_finalnie,pdf,tekst,https://poswietne.bip-e.pl/download/24/49693/Raport2021wersjaOST.pdf,direct_without_tor,95761a6a111ba24d83f124fc7fd5bc440cc9413d82de3f0184854d0b54b69f15,200,2026-09-08T18:14:20Z,,2.224,true
13022,mazowieckie,wołomiński,Poświętne,gmina wiejska,1434082,2022,ok_finalnie,pdf,tekst,https://poswietne.bip-e.pl/download/24/54852/Raport2022.pdf,direct_without_tor,698a142076241166d436338a54f4b804e946a1565f31eb231bed1ba1fc35a503,200,2026-09-08T18:14:20Z,,2.812,true
13023,mazowieckie,wołomiński,Poświętne,gmina wiejska,1434082,2023,ok_finalnie,pdf,skan+OCR,https://poswietne.bip-e.pl/download/24/60306/raportostaniegminyza2023.pdf,direct_without_tor,bd37f0cab16dcd00d4d4a673d9263353bdaea2fec3cdd61e718a6a16b7bbb3e6,200,2026-09-09T07:47:30Z,,55.323,true
13024,mazowieckie,wołomiński,Poświętne,gmina wiejska,1434082,2024,ok_finalnie,pdf,tekst,https://poswietne.bip-e.pl/download/24/65179/Raportostaniegminy2024.pdf,direct_without_tor,2d825788badcc6d6c4430a931ea29464e66def901076629257ab37b77cba4240,200,2026-09-08T18:14:20Z,,10.343,true
13025,mazowieckie,wołomiński,Poświętne,gmina wiejska,1434082,2025,ok_finalnie,pdf,tekst,https://poswietne.bip-e.pl/download/24/69863/Raportostaniegminyza2025.pdf,direct_without_tor,920b4aff97173203d107e47e71cc7a2463e0a12a7c6c312b1756ab314bc9b960,200,2026-09-08T18:14:20Z,,9.205,true
13026,mazowieckie,wołomiński,Radzymin,gmina miejsko-wiejska,1434093,2018,ok_finalnie,pdf,raport,https://bip.radzymin.pl/attachments/download/1468,http_get,6eec3563ab911e6ffbc519a515e4add9459c20f1507c72ba284d877f02d83628,200,2026-09-08 09:27:07,,3.799,
13027,mazowieckie,wołomiński,Radzymin,gmina miejsko-wiejska,1434093,2019,ok_finalnie,pdf,raport,https://bip.radzymin.pl/attachments/download/4462,http_get,71f114e546d19473e5ffe411766165b17d723f6df5f5e5f54b30f7acca0ac06f,200,2026-09-07 23:46:30,,3.171,
13028,mazowieckie,wołomiński,Radzymin,gmina miejsko-wiejska,1434093,2020,ok_finalnie,pdf,tekst,https://bip.radzymin.pl/attachments/download/6681,direct_without_tor,ba47073b455ad128f5e19eeeb13d959706e70c08ba2d0c4a0aa532d6d596c5e6,200,2026-09-09T11:53:17Z,[TURA 22 09.09.2026] | KOREKTA: wejściowy wiersz ok wskazywał niewłaściwy plik,7.92,true
13029,mazowieckie,wołomiński,Radzymin,gmina miejsko-wiejska,1434093,2021,ok_finalnie,pdf,tekst,https://bip.radzymin.pl/attachments/download/9586,direct_without_tor,ad6f9488b73060b6b491580e951a37238d1a588b2ae0a792085e3c1bebfe363b,200,2026-09-09T11:53:22Z,[TURA 22 09.09.2026] | KOREKTA: wejściowy wiersz ok wskazywał niewłaściwy plik,8.81,true
13030,mazowieckie,wołomiński,Radzymin,gmina miejsko-wiejska,1434093,2022,ok_finalnie,pdf,tekst,https://bip.radzymin.pl/attachments/download/11524,direct_without_tor,106675c0f8d792d553e07b4b854b9b48d5110e94cafdf43a4e4691d7b68e8704,200,2026-09-09T11:53:27Z,[TURA 22 09.09.2026] | KOREKTA: wejściowy wiersz ok wskazywał niewłaściwy plik,9.057,true
13031,mazowieckie,wołomiński,Radzymin,gmina miejsko-wiejska,1434093,2023,ok_finalnie,pdf,tekst,https://bip.radzymin.pl/attachments/download/13238,direct_without_tor,2bcb7932ab06cf5a32009a2624c81863df4495177e68aa2df9c39c8b146f3ad8,200,2026-09-09T11:53:35Z,[TURA 22 09.09.2026] | KOREKTA: wejściowy wiersz ok wskazywał niewłaściwy plik,12.089,true
13032,mazowieckie,wołomiński,Radzymin,gmina miejsko-wiejska,1434093,2024,ok_finalnie,pdf,raport,https://bip.radzymin.pl/attachments/download/15218,http_get,508fcbc2bd47baf5659296e79ed53f6b2245413ef361294e5ead755788defddc,200,2026-09-07 23:36:34,,12.748,
13033,mazowieckie,wołomiński,Radzymin,gmina miejsko-wiejska,1434093,2025,nowy,,,,,,,,,,
13034,mazowieckie,wołomiński,Strachówka,gmina wiejska,1434102,2018,ok_finalnie,pdf,tekst,https://www.strachowka.4bip.pl/UserFiles/File/2019/05_2019/Zarzadzenia/Raport%20o%20stanie%20Gminy%20Strachowka%20za%202018.pdf,direct_without_tor,1fb0f59fac3229d8809d51d664fc454ae9a5b070995c4e9c2b80e73ea22f30af,200,2026-09-09T16:47:20Z,[TURA 22 09.09.2026],3.062,true
13035,mazowieckie,wołomiński,Strachówka,gmina wiejska,1434102,2019,ok_finalnie,pdf,tekst,https://www.strachowka.4bip.pl/UserFiles/File/2020/06_2020/zarz/raport_o_stanie_gminy.pdf,direct_without_tor,06791cfb610dc0130ec73cce2827482b403b2ecac5334128ede2cb0286bf4609,200,2026-09-09T16:47:20Z,[TURA 22 09.09.2026],1.085,true
13036,mazowieckie,wołomiński,Strachówka,gmina wiejska,1434102,2020,ok_finalnie,pdf,tekst,https://www.strachowka.4bip.pl/UserFiles/File/2021/5_2021/Zarzadzenia/Zarz__dzenie.15.2021.2021-05-31.pdf,direct_without_tor,2751c37e3a0a5a87b85e1a8f55cf4dd3a834f7fbb192d2fa0f5a93ebf0c83441,200,2026-09-09T16:47:21Z,[TURA 22 09.09.2026],7.984,true
13037,mazowieckie,wołomiński,Strachówka,gmina wiejska,1434102,2021,ok_finalnie,pdf,tekst,https://www.strachowka.4bip.pl/UserFiles/File/2022/05_2022/Zarz/Zarz__dzenie.0050.21.2022.2022-05-31.pdf,direct_without_tor,29c749bc90dc55a7bdf26a8b2a07ad61aa58a956ec8a2e070cfcffec162fbafd,200,2026-09-09T16:47:21Z,[TURA 22 09.09.2026],4.626,true
13038,mazowieckie,wołomiński,Strachówka,gmina wiejska,1434102,2022,ok_finalnie,pdf,tekst,https://www.strachowka.4bip.pl/UserFiles/File/2023/05_2023/Zarzadzenia/raport%20o%20stanie%20Gminy%20Strachowka2022.pdf,direct_without_tor,def6f2b28904853757d028cc2a0c4847fe10735daa326be8e3d62223f2a88f78,200,2026-09-09T16:47:22Z,[TURA 22 09.09.2026],4.46,true
13039,mazowieckie,wołomiński,Strachówka,gmina wiejska,1434102,2023,ok_finalnie,pdf,tekst,https://www.strachowka.4bip.pl/UserFiles/File/2024/05_2024/Raport%20o%20Stanie%20Gminy/raport%20o%20stanie%20Gminy%20Strachowka2023.pdf,direct_without_tor,4aae72ab9858ce20aa75a0d7cc366558ffc6064430fdbc6df8a30a78ae25a339,200,2026-09-09T16:47:22Z,[TURA 22 09.09.2026],6.608,true
13040,mazowieckie,wołomiński,Strachówka,gmina wiejska,1434102,2024,ok_finalnie,pdf,tekst,https://www.strachowka.4bip.pl/UserFiles/File/2025/05_2025/Rada%20Gminy/raport%202024aa.pdf,direct_without_tor,93d40c35fc4c28247977f1843cf9d015aaa31cc03fc7c88cabcce8b842494b05,200,2026-09-09T16:47:23Z,[TURA 22 09.09.2026],5.819,true
13041,mazowieckie,wołomiński,Strachówka,gmina wiejska,1434102,2025,ok_finalnie,pdf,tekst,"https://www.strachowka.4bip.pl/upload/plik,20260529111153,raport_2025.pdf",direct_without_tor,9e39e202d2c649a464c156efb4234a8e895290b17b35e682d3fcc8b14a07688c,200,2026-09-09T16:47:24Z,[TURA 22 09.09.2026],2.734,true
13042,mazowieckie,wołomiński,Tłuszcz,gmina miejsko-wiejska,1434113,2018,ok_finalnie,pdf,tekst,https://tluszcz.bip.net.pl/?p=document&action=save&id=20580&bar_id=9739,direct_without_tor,a92b01fcd30f62213af8d7344a29736f6e94f8192ef93e639fb7fd3b936908ba,200,2026-09-08T21:31:36Z,,6.655,true
13043,mazowieckie,wołomiński,Tłuszcz,gmina miejsko-wiejska,1434113,2019,ok_finalnie,pdf,tekst,https://tluszcz.bip.net.pl/?p=document&action=save&id=21917&bar_id=10619,direct_without_tor,14d1dcc4e22f8fde32e2d73575649aeb52cdf55f1672735c528a7bfd97612028,200,2026-09-08T21:31:36Z,,6.111,true
13044,mazowieckie,wołomiński,Tłuszcz,gmina miejsko-wiejska,1434113,2020,ok_finalnie,pdf,tekst,https://tluszcz.bip.net.pl/?p=document&action=save&id=23569&bar_id=11683,direct_without_tor,fefb7d004dad44df0bc0dbdf1b5ab85e4788b395d8b3cf856bc82bd40d38d299,200,2026-09-08T21:31:36Z,,9.879,true
13045,mazowieckie,wołomiński,Tłuszcz,gmina miejsko-wiejska,1434113,2021,ok_finalnie,pdf,tekst,https://tluszcz.bip.net.pl/?p=document&action=save&id=26186&bar_id=13740,direct_without_tor,daf85844809d8609e80535818ef0ebee2e009308643e0ff93d6b782fdbf7f034,200,2026-09-08T21:31:36Z,,11.114,true
13046,mazowieckie,wołomiński,Tłuszcz,gmina miejsko-wiejska,1434113,2022,ok_finalnie,pdf,tekst,https://tluszcz.bip.net.pl/?p=document&action=save&id=29654&bar_id=15755,direct_without_tor,3794e5e234992931f40fe7e1f861942395563fe15ada9dab5b6db4e9ce0fec64,200,2026-09-08T21:31:36Z,,13.952,true
13047,mazowieckie,wołomiński,Tłuszcz,gmina miejsko-wiejska,1434113,2023,nowy,,,,,,,,,,
13048,mazowieckie,wołomiński,Tłuszcz,gmina miejsko-wiejska,1434113,2024,ok_finalnie,pdf,tekst,https://tluszcz.bip.net.pl/?p=document&action=save&id=32580&bar_id=17738,direct_without_tor,5314f9b0250f76fe0484e9489ba8009bfa77423bf03d54ccf3519b5ac90fca7f,200,2026-09-08T21:31:36Z,,8.675,true
13049,mazowieckie,wołomiński,Tłuszcz,gmina miejsko-wiejska,1434113,2025,ok_finalnie,pdf,tekst,https://tluszcz.bip.net.pl/?p=document&action=save&id=33960&bar_id=18544,direct_without_tor,adca30d9c47c299fc38732e790e6dc2010053a85f14f68d52f41bb277adeb9f0,200,2026-09-08T21:31:36Z,,1.995,true
13050,mazowieckie,wołomiński,Wołomin,gmina miejsko-wiejska,1434123,2018,nowy,,,,,,,,,,
13051,mazowieckie,wołomiński,Wołomin,gmina miejsko-wiejska,1434123,2019,nowy,,,,,,,,,,
13052,mazowieckie,wołomiński,Wołomin,gmina miejsko-wiejska,1434123,2020,ok_finalnie,pdf,raport,https://wolomin.org/wp-content/uploads/2021/05/Raport-o-stanie-gminy-Wolomin-za-2020_28052021.pdf,http_get,ea28a2e2096c0f98b074d82cfebfa275d3e063f17bd6bda3158015da26ed49b2,200,2026-09-07 22:28:32,,2.04,
13053,mazowieckie,wołomiński,Wołomin,gmina miejsko-wiejska,1434123,2021,nowy,,,,,,,,,,
13054,mazowieckie,wołomiński,Wołomin,gmina miejsko-wiejska,1434123,2022,nowy,,,,,,,,,,
13055,mazowieckie,wołomiński,Wołomin,gmina miejsko-wiejska,1434123,2023,nowy,,,,,,,,,,
13056,mazowieckie,wołomiński,Wołomin,gmina miejsko-wiejska,1434123,2024,ok_finalnie,pdf,raport,https://wolomin.org/wp-content/uploads/2025/06/135-RAPORT-O-STANIE-GMINY-ZA-2024.pdf,http_get,c906fdc5657eedf9fb1c6443ceeb2fbe5ea74719ed555b0fd69a312a6bdf5e38,200,2026-09-07 22:28:32,,6.584,
13057,mazowieckie,wołomiński,Wołomin,gmina miejsko-wiejska,1434123,2025,ok_finalnie,pdf,raport,https://wolomin.org/wp-content/uploads/2026/05/RAPORT-O-STANIE-GMINY-ZA-2025-ROK.pdf,http_get,216f7414bae5a48f40c4706da128922ceacc8bd3c734870c81e3263450899f4f,200,2026-09-07 22:28:32,,4.538,
13058,mazowieckie,zwoleński,-,-,1436,2018,nowy,,,,,,,,,,
13059,mazowieckie,zwoleński,-,-,1436,2019,nowy,,,,,,,,,,
13060,mazowieckie,zwoleński,-,-,1436,2020,nowy,,,,,,,,,,
13061,mazowieckie,zwoleński,-,-,1436,2021,ok_finalnie,pdf,tekst,https://bip.zwolenpowiat.pl/res/serwisy/pliki/29676423?version=1.0,direct_without_tor_ssl_off,83b587e0525405d91afb841a29a9089de76babd200abbd62dc0629e8f735308e,200,2026-09-08T18:10:31Z,,2.159,true
13062,mazowieckie,zwoleński,-,-,1436,2022,ok_finalnie,pdf,tekst,https://bip.zwolenpowiat.pl/res/serwisy/pliki/32449697?version=1.0,direct_without_tor_ssl_off,10454fffdcb87f008de8f2fb84b6fc79d16721b9964893757248ed3905cc9b90,200,2026-09-08T18:10:31Z,,1.949,true
13063,mazowieckie,zwoleński,-,-,1436,2023,ok_finalnie,pdf,tekst,https://bip.zwolenpowiat.pl/res/serwisy/pliki/35420739?version=1.0,direct_without_tor_ssl_off,7a41a94d1fdcc61efd4e2e681691f7ff0e42e7d283b00b2fef5d38c4576a63b8,200,2026-09-08T18:10:31Z,,2.186,true
13064,mazowieckie,zwoleński,-,-,1436,2024,ok_finalnie,pdf,tekst,https://bip.zwolenpowiat.pl/res/serwisy/pliki/40754425?version=1.0,direct_without_tor_ssl_off,331bf0e92f3731bc1574227cb12cb20b77166e6acb867c5e2998e932b15d1274,200,2026-09-08T18:10:31Z,,2.322,true
13065,mazowieckie,zwoleński,-,-,1436,2025,ok_finalnie,pdf,tekst,https://bip.zwolenpowiat.pl/res/serwisy/pliki/43664835?version=1.0,direct_without_tor_ssl_off,bbed16a0f7238956aea3743767814add45e992ce305186b37c0d81cb9b39bc78,200,2026-09-08T18:10:31Z,,2.544,true
13066,mazowieckie,zwoleński,Kazanów,gmina wiejska,1436012,2018,ok_finalnie,pdf,tekst,https://ugkazanow.bip.org.pl/pliki/ugkazanow/raport_o_stanie_gminy_kazanow.pdf?20260908185849,direct_without_tor,178c90734435af60f5d36818d69a4439612102c08faee989a2b8f7dc45697f72,200,2026-09-08T19:51:29Z,,3.642,true
13067,mazowieckie,zwoleński,Kazanów,gmina wiejska,1436012,2019,ok_finalnie,pdf,tekst,https://ugkazanow.bip.org.pl/pliki/ugkazanow/raport_o_stanie_gminy_kazanow_-_za_2019_rok.pdf?20260908185848,direct_without_tor,1e352b51e8733c2e150f4e6cfcb00460e4629cda2190532f839f7a0f4c5d9830,200,2026-09-09T07:46:24Z,,2.913,true
13068,mazowieckie,zwoleński,Kazanów,gmina wiejska,1436012,2020,ok_finalnie,pdf,tekst,https://ugkazanow.bip.org.pl/pliki/ugkazanow/raport_o_stanie_gminy__-_za_2020_rok.pdf?20260908185848,direct_without_tor,af0e764900e2e7b8d070e03a851419a73e1749a63657a1b160ca73e94c4af639,200,2026-09-09T07:46:24Z,,3.919,true
13069,mazowieckie,zwoleński,Kazanów,gmina wiejska,1436012,2021,ok_finalnie,pdf,tekst,https://ugkazanow.bip.org.pl/pliki/ugkazanow/raport_o_stanie_gminy_za_2021_rok.pdf?20260908185848,direct_without_tor,f6d5ddb253c9808e92bcc07801e9a1c973ad97a16167daf3799123f3c687eb2c,200,2026-09-09T07:46:24Z,,4.98,true
13070,mazowieckie,zwoleński,Kazanów,gmina wiejska,1436012,2022,ok_finalnie,pdf,tekst,https://ugkazanow.bip.org.pl/pliki/ugkazanow/raport_o_stanie_gminy_za_2022.pdf?20260908185848,direct_without_tor,75c9951882f8705a7ea9f4772c7867f513bfbb07feaba1097e509dea35c059f5,200,2026-09-09T07:46:24Z,,4.045,true
13071,mazowieckie,zwoleński,Kazanów,gmina wiejska,1436012,2023,ok_finalnie,pdf,tekst,https://ugkazanow.bip.org.pl/pliki/ugkazanow/r_a_p_o_r_t_o_stanie_gminy_kazanow_za_2023_rok.pdf?20260908185848,direct_without_tor,3b81f43f2de7a618278eed13a6b5b925d4fc1907e57723d315e4b2ff6bcae256,200,2026-09-09T07:46:24Z,,2.86,true
13072,mazowieckie,zwoleński,Kazanów,gmina wiejska,1436012,2024,ok_finalnie,pdf,tekst,https://ugkazanow.bip.org.pl/pliki/ugkazanow/r_a_p_o_r_t_-_za_2024.pdf?20260908185848,direct_without_tor,24d753c856b0f725c84144d2f757c24f1ffdee1d4613d86f6690ca07193a2bda,200,2026-09-09T07:46:24Z,,5.023,true
13073,mazowieckie,zwoleński,Kazanów,gmina miejsko-wiejska,1436013,2025,ok_finalnie,pdf,tekst,https://ugkazanow.bip.org.pl/pliki/ugkazanow/r_a_p_o_r_t_-_za_2025-1.pdf?20260908185848,direct_without_tor,2d67b7ec9aec8de0b71519dbbe08ef73f650323e11e49a2c104b9c2931a3f7f2,200,2026-09-08T21:30:23Z,,3.999,true
13074,mazowieckie,zwoleński,Policzna,gmina wiejska,1436022,2018,nowy,,,,,,,,,,
13075,mazowieckie,zwoleński,Policzna,gmina wiejska,1436022,2019,ok_finalnie,pdf,tekst,https://policzna.ugm.pl/wp-content/uploads/2020/05/Raport-o-stanie-Gminy-Policzna-za-2019-rok-1.pdf,direct_without_tor,3a7d19a6c488108fc672453425a338c62dbfc3cc0fcac0095a74c6aa91ec488d,200,2026-09-08T20:33:38Z,,1.617,true
13076,mazowieckie,zwoleński,Policzna,gmina wiejska,1436022,2020,ok_finalnie,pdf,tekst,https://policzna.ugm.pl/wp-content/uploads/2021/05/RAPORT-O-STANIE-GMINY-POLICZNA-ZA-2020r-2.pdf,direct_without_tor,846a3b26a5c02298713c50d1eea33ce5c0f68dd236ffb0eb8ba89a767a50f6d0,200,2026-09-08T20:33:38Z,,2.441,true
13077,mazowieckie,zwoleński,Policzna,gmina wiejska,1436022,2021,ok_finalnie,pdf,tekst,https://policzna.ugm.pl/wp-content/uploads/2022/05/RAPORT-O-STANIE-GMINY-ZA-2021r-1.pdf,direct_without_tor,7d28cfdcdc83f624bee0fbf1db247f98b02e03da39831b90eed118afc80baf76,200,2026-09-08T20:33:38Z,,6.518,true
13078,mazowieckie,zwoleński,Policzna,gmina wiejska,1436022,2022,nowy,,,,,,,,,,
13079,mazowieckie,zwoleński,Policzna,gmina wiejska,1436022,2023,nowy,,,,,,,,,,
13080,mazowieckie,zwoleński,Policzna,gmina wiejska,1436022,2024,nowy,,,,,,,,,,
13081,mazowieckie,zwoleński,Policzna,gmina wiejska,1436022,2025,ok_finalnie,pdf,tekst,https://policzna.ugm.pl/wp-content/uploads/2026/05/RAPORT-O-STANIE-GMINY-za-2025-rok.pdf,direct_without_tor,17084302e6abff76d19df42e2967ce68d63557e9ec210a2cb00e1edededdc146,200,2026-09-08T20:33:38Z,,6.394,true
13082,mazowieckie,zwoleński,Przyłęk,gmina wiejska,1436032,2018,ok_finalnie,pdf,tekst,https://bip.gminaprzylek.pl/files/file_add/download/135_raport-o-stanie-gminy-przylek-za-rok-2018.pdf,tor_pl_ip,3e63d63878ca80a8bd1ec986c49df07d58b29d324179d94b3dff4435a380668e,200,2026-09-08T19:53:45Z,,4.069,true
13083,mazowieckie,zwoleński,Przyłęk,gmina wiejska,1436032,2019,ok_finalnie,pdf,tekst,https://bip.gminaprzylek.pl/files/file_add/download/136_raport-o-stanie-gminy-przylek-za-rok-2019.pdf,tor_pl_ip,fbaec1aa5612c53f499f57d7c9d59fbf2d55d4ca8d7a3945250b6c1108e46e78,200,2026-09-08T19:53:45Z,,4.574,true
13084,mazowieckie,zwoleński,Przyłęk,gmina wiejska,1436032,2020,ok_finalnie,pdf,tekst,https://bip.gminaprzylek.pl/files/file_add/download/137_raport-o-stanie-gminy-przylek-za-2020.pdf,tor_pl_ip,bd66ad6b7d6f4998a2663253e292f58ff2c777cda230ca23915033803b9bc2b0,200,2026-09-08T19:53:45Z,,7.051,true
13085,mazowieckie,zwoleński,Przyłęk,gmina wiejska,1436032,2021,ok_finalnie,pdf,tekst,https://bip.gminaprzylek.pl/files/file_add/download/138_raport-o-stanie-gminy-przylek-za-rok-2021.pdf,tor_pl_ip_ssl_off,ca90d558627ed5471449728f12576837ffa425f819e0abba92882149ee7c3570,200,2026-09-08T19:53:45Z,,10.193,true
13086,mazowieckie,zwoleński,Przyłęk,gmina wiejska,1436032,2022,ok_finalnie,pdf,tekst,https://bip.gminaprzylek.pl/files/file_add/download/139_raport-o-stanie-gminy-przylek-za-rok-2022.pdf,tor_pl_ip,4773e4ce0444d0b245394e5426cd85d0b88dfd58260d0f6d9847873c1157ef67,200,2026-09-08T19:53:45Z,,11.326,true
13087,mazowieckie,zwoleński,Przyłęk,gmina wiejska,1436032,2023,ok_finalnie,pdf,tekst,https://bip.gminaprzylek.pl/files/file_add/download/471_raport-o-stanie-gminy-2023.pdf,tor_pl_ip,24bdabf5d56a9bf260114e0b38c94de5c9529ef697f1380fd9fb401a00c50ccb,200,2026-09-08T19:53:45Z,,8.134,true
13088,mazowieckie,zwoleński,Przyłęk,gmina wiejska,1436032,2024,ok_finalnie,pdf,tekst,https://bip.gminaprzylek.pl/files/file_add/download/1386_raport-o-stanie-gminy-przylek-za-rok-2024.pdf,tor_pl_ip,ab5e01340ffe00b0e5efc1242ff6cecbb2beddc81be5d85eba27b2c397f0a60f,200,2026-09-08T19:53:45Z,,4.169,true
13089,mazowieckie,zwoleński,Przyłęk,gmina wiejska,1436032,2025,ok_finalnie,pdf,tekst,https://bip.gminaprzylek.pl/files/file_add/download/2690_raport-o-stanie-gminy-za-rok-2025.pdf,tor_pl_ip,c626784eef0cf6f06311155196ab4d521a3dde1f3f95305f8f614fa62eee1286,200,2026-09-08T19:53:45Z,,5.361,true
13090,mazowieckie,zwoleński,Tczów,gmina wiejska,1436042,2018,nowy,,,,,,,,,,
13091,mazowieckie,zwoleński,Tczów,gmina wiejska,1436042,2019,nowy,,,,,,,,,,
13092,mazowieckie,zwoleński,Tczów,gmina wiejska,1436042,2020,nowy,,,,,,,,,,
13093,mazowieckie,zwoleński,Tczów,gmina wiejska,1436042,2021,nowy,,,,,,,,,,
13094,mazowieckie,zwoleński,Tczów,gmina wiejska,1436042,2022,nowy,,,,,,,,,,
13095,mazowieckie,zwoleński,Tczów,gmina wiejska,1436042,2023,nowy,,,,,,,,,,
13096,mazowieckie,zwoleński,Tczów,gmina wiejska,1436042,2024,ok_finalnie,pdf,tekst,"https://www.bip.tczow.akcessnet.net/upload/plik,20250602104920,raport_o_stanie_gminy_2024.pdf",direct_without_tor,00c751091de7e66c9153d9374cbae7790cdc169c8d7235c8e934ebed586c3cbc,200,2026-09-08T18:12:12Z,,1.171,true
13097,mazowieckie,zwoleński,Tczów,gmina wiejska,1436042,2025,ok_finalnie,pdf,tekst,"https://www.bip.tczow.akcessnet.net/upload/plik,20260519140159,raport_o_stanie_gminy_2025.pdf",direct_without_tor,a343f3449011c3ef628246fba2d21edb4a3077cebcd7439df1d8d3561b5a2e8a,200,2026-09-08T18:12:12Z,,2.723,true
13098,mazowieckie,zwoleński,Zwoleń,gmina miejsko-wiejska,1436053,2018,ok_finalnie,pdf,tekst,https://bip.zwolen.pl/upload/Raport%202019.pdf,direct_without_tor,bb1b3f6a2a2fc8572c6860c80d2f12739aaa5f6b0ab3f0e18148fd77351b8510,200,2026-09-08T18:12:33Z,,12.269,true
13099,mazowieckie,zwoleński,Zwoleń,gmina miejsko-wiejska,1436053,2019,ok_finalnie,pdf,tekst,https://bip.zwolen.pl/upload/Raport%202019..pdf,bip.zwolen.pl direct PDF,6868d86268a3dab3325bcbadd8af49d0787807d33c6a99e22bdb31cadfb32995,200,2026-09-07T21:30:45Z,,1.49,true
13100,mazowieckie,zwoleński,Zwoleń,gmina miejsko-wiejska,1436053,2020,ok_finalnie,pdf,tekst,https://bip.zwolen.pl/upload/Raport%20o%20stanie%20gminy%202020.pdf,bip.zwolen.pl direct PDF,aae6cc72d475a0f2df984ca9c72bb770854f51c98041d4e777bbb132e01b0062,200,2026-09-07T21:30:45Z,,3.238,true
13101,mazowieckie,zwoleński,Zwoleń,gmina miejsko-wiejska,1436053,2021,ok_finalnie,pdf,tekst,https://bip.zwolen.pl/upload/Raport%20o%20stanie%20gminy%20za%20rok%202021.pdf,bip.zwolen.pl direct PDF,579dc2217b5cb333dc92ee62fcfc8af843bf8f010216abb33079dabbd30f5bd9,200,2026-09-07T21:30:45Z,,5.087,true
13102,mazowieckie,zwoleński,Zwoleń,gmina miejsko-wiejska,1436053,2022,ok_finalnie,pdf,raport,https://bip.zwolen.pl/upload/raport%202022.pdf,http_get,8169913f06711b5efe840dff780e625f6c66148cdd758b3ff16e9ffea32bd69c,200,2026-09-08 14:04:09,,7.217,
13103,mazowieckie,zwoleński,Zwoleń,gmina miejsko-wiejska,1436053,2023,nowy,,,,,,,,,,
13104,mazowieckie,zwoleński,Zwoleń,gmina miejsko-wiejska,1436053,2024,ok_finalnie,pdf,tekst,https://samorzad.gov.pl/attachment/aa6ea7d2-35c7-4a53-a7ef-c183dee45c42,direct_without_tor,c27bdce218726ee3db90639fe52c186a6ba1b23666ac8fb76ade8dfdc341e642,200,2026-09-08T20:33:43Z,,8.361,true
13105,mazowieckie,zwoleński,Zwoleń,gmina miejsko-wiejska,1436053,2025,ok_finalnie,pdf,tekst,https://samorzad.gov.pl/attachment/1b41bbdf-fd01-4e09-b385-1982e848b0d3,direct_without_tor,d8efede44af9efb488755d0bb9dc07bfda3d97e1bf26b0e1251c37c12b704e35,200,2026-09-08T20:33:43Z,,7.023,true
13106,mazowieckie,żuromiński,-,-,1437,2018,ok_finalnie,pdf,tekst,"https://bip.zuromin-powiat.pl/e,pobierz,get.html?id=22983",direct_without_tor,a655370f8a8f3f13a0616f538917c9b65b08469e347443508dea4c3911154ad7,200,2026-09-08T21:33:22Z,,2.122,true
13107,mazowieckie,żuromiński,-,-,1437,2019,ok_finalnie,pdf,tekst,"https://bip.zuromin-powiat.pl/e,pobierz,get.html?id=24571",direct_without_tor,02a9003f6f3b897635ea446a63712cbdcc3590c121fec419c70ed423fe775d33,200,2026-09-08T21:33:22Z,,1.525,true
13108,mazowieckie,żuromiński,-,-,1437,2020,ok_finalnie,pdf,skan+OCR,"https://bip.zuromin-powiat.pl/e,pobierz,get.html?id=25500",direct_without_tor,bf14254eea8056ba5c8c36b3c8a7f4eb04b08fe5877c412d8581364a6ed515b5,200,2026-09-08T21:33:22Z,,40.25,true
13109,mazowieckie,żuromiński,-,-,1437,2021,ok_finalnie,pdf,tekst,"https://bip.zuromin-powiat.pl/e,pobierz,get.html?id=26752",direct_without_tor,4f1c0954022e0aea70f7c3dd429fd7d0d7c10afe32db47fc343885718a9c66ed,200,2026-09-08T21:33:22Z,,5.524,true
13110,mazowieckie,żuromiński,-,-,1437,2022,ok_finalnie,pdf,skan+OCR,"https://bip.zuromin-powiat.pl/e,pobierz,get.html?id=27573",direct_without_tor,2565d824d65146551304ada1060ceaf50c226fb4c5614a3a3b1e9123944173cb,200,2026-09-08T21:33:22Z,,33.394,true
13111,mazowieckie,żuromiński,-,-,1437,2023,ok_finalnie,pdf,skan+OCR,"https://bip.zuromin-powiat.pl/e,pobierz,get.html?id=28606",direct_without_tor,9b5e9fdd01b9406fe8afd2141b1dc02966f1e151255440d0770131e1f7dd526e,200,2026-09-08T21:33:22Z,,34.363,true
13112,mazowieckie,żuromiński,-,-,1437,2024,ok_finalnie,pdf,skan+OCR,"https://bip.zuromin-powiat.pl/e,pobierz,get.html?id=29942",direct_without_tor,b9b2ae4469e349461b722c83ed275c8e35648c3d462123442635ecd77a805217,200,2026-09-08T21:33:22Z,,35.909,true
13113,mazowieckie,żuromiński,-,-,1437,2025,nowy,,,,,,,,,,
13114,mazowieckie,żuromiński,Bieżuń,gmina miejsko-wiejska,1437013,2018,ok_finalnie,pdf,tekst,"https://bip.biezun.nv.pl/e,pobierz,get.html?id=16443",direct_without_tor,f864cacb0e32612370601ecd6578fe4d9881103b71fc32b89d4fcc7bd72281c3,200,2026-09-08T21:32:00Z,,7.922,true
13115,mazowieckie,żuromiński,Bieżuń,gmina miejsko-wiejska,1437013,2019,ok_finalnie,pdf,tekst,"https://bip.biezun.nv.pl/e,pobierz,get.html?id=16981",direct_without_tor,dda52ec99d73b43e1e563367f6a6d4b75684350c0d473770941f514918eab724,200,2026-09-09T09:14:58Z,,3.361,true
13116,mazowieckie,żuromiński,Bieżuń,gmina miejsko-wiejska,1437013,2020,ok_finalnie,pdf,tekst,"https://bip.biezun.nv.pl/e,pobierz,get.html?id=17547",direct_without_tor,20a76606f6615744d3bec4581659ea56e13f340aea19303a45c5e900d58f0c9c,200,2026-09-08T21:32:00Z,,3.241,true
13117,mazowieckie,żuromiński,Bieżuń,gmina miejsko-wiejska,1437013,2021,ok_finalnie,pdf,tekst,"https://bip.biezun.nv.pl/e,pobierz,get.html?id=18260",direct_without_tor,56cc57924c644e78daa7c90dfaa0042ca68076974fcf8cf9ec4c3a19b1659252,200,2026-09-08T21:32:00Z,,2.598,true
13118,mazowieckie,żuromiński,Bieżuń,gmina miejsko-wiejska,1437013,2022,ok_finalnie,pdf,tekst,"https://bip.biezun.nv.pl/e,pobierz,get.html?id=18811",direct_without_tor,a24c78ca5d81f894d91a536e01e1b5a2e1e214b40d4481bf3ea4acc920f6637a,200,2026-09-08T21:32:00Z,,4.664,true
13119,mazowieckie,żuromiński,Bieżuń,gmina miejsko-wiejska,1437013,2023,ok_finalnie,pdf,tekst,"https://bip.biezun.nv.pl/e,pobierz,get.html?id=19528",direct_without_tor,bb72e2b5c816909f0279f7345666f8b118b9f12cc07c588878050f5ab40510c2,200,2026-09-08T21:32:00Z,,6.073,true
13120,mazowieckie,żuromiński,Bieżuń,gmina miejsko-wiejska,1437013,2024,ok_finalnie,pdf,tekst,"https://bip.biezun.nv.pl/e,pobierz,get.html?id=20474",direct_without_tor,a95f063abcf7c6be6f4d7b5671013801ce7e57ab3ed671dae9abe800d2cdc43a,200,2026-09-08T21:32:00Z,,8.319,true
13121,mazowieckie,żuromiński,Bieżuń,gmina miejsko-wiejska,1437013,2025,ok_finalnie,pdf,tekst,"https://bip.biezun.pl/plik,1944,zarzadzenie-43-2026-2026-05-27-pdf.pdf",direct_without_tor,6e3d4397e1f1e5ff951fa801463e7ab671087d8024ad5a25f0444572bd2e80cb,200,2026-09-08T20:33:52Z,,5.284,true
13122,mazowieckie,żuromiński,Kuczbork-Osada,gmina wiejska,1437022,2018,nowy,,,,,,,,,,
13123,mazowieckie,żuromiński,Kuczbork-Osada,gmina wiejska,1437022,2019,ok_finalnie,pdf,tekst,"https://bip.ugkuczborkosada.nv.pl/e,pobierz,get.html?id=25511",direct_without_tor,c72f4b46ed95f9c2099852a31096008d854650d3129c035a34306e8dad326fb6,200,2026-09-08T21:32:29Z,,2.733,true
13124,mazowieckie,żuromiński,Kuczbork-Osada,gmina wiejska,1437022,2020,ok_finalnie,pdf,tekst,"https://bip.ugkuczborkosada.nv.pl/e,pobierz,get.html?id=25778",direct_without_tor,f5935319f47d17c9779f4dc2df86b2c48152721c480dbb49e5cd9e04992d3be2,200,2026-09-08T21:32:29Z,,3.699,true
13125,mazowieckie,żuromiński,Kuczbork-Osada,gmina wiejska,1437022,2021,ok_finalnie,pdf,tekst,"https://bip.ugkuczborkosada.nv.pl/e,pobierz,get.html?id=26241",direct_without_tor,1a998127854f7a93c02e72d1bf84ccbaac61e04b04dcf52906bad4c7b6fcf3bd,200,2026-09-08T21:32:29Z,,5.883,true
13126,mazowieckie,żuromiński,Kuczbork-Osada,gmina wiejska,1437022,2022,ok_finalnie,pdf,tekst,"https://bip.ugkuczborkosada.nv.pl/e,pobierz,get.html?id=26747",direct_without_tor,92b712f698ac71dcab351441a5a66577c96016fd4f32328619f41223b70854ef,200,2026-09-08T21:32:29Z,,5.013,true
13127,mazowieckie,żuromiński,Kuczbork-Osada,gmina wiejska,1437022,2023,ok_finalnie,pdf,tekst,"https://bip.ugkuczborkosada.nv.pl/e,pobierz,get.html?id=27128",direct_without_tor,c335eaa2f96cea7f6b857f358f57ea0d8f83b71ff9a866de7d218d16b0e5b385,200,2026-09-08T21:32:29Z,,8.038,true
13128,mazowieckie,żuromiński,Kuczbork-Osada,gmina wiejska,1437022,2024,ok_finalnie,pdf,tekst,"https://bip.ugkuczborkosada.nv.pl/e,pobierz,get.html?id=27689",direct_without_tor,a548ca0d9816c9899ab05e3e5f0e7108a6cbbe1f1e5bbd3909fced2c75780de9,200,2026-09-08T21:32:29Z,,10.495,true
13129,mazowieckie,żuromiński,Kuczbork-Osada,gmina wiejska,1437022,2025,ok_finalnie,pdf,tekst,"https://bip.ugkuczborkosada.nv.pl/e,pobierz,get.html?id=28156",direct_without_tor,8de3cf27fefa5efd02fc1c32f25d85349e16390b0d6e47d76348c62960e6d3bd,200,2026-09-08T21:32:29Z,,8.632,true
13130,mazowieckie,żuromiński,Lubowidz,gmina wiejska,1437032,2018,ok_finalnie,pdf,tekst,"https://bip.uglubowidz.pl/e,pobierz,get.html?id=19832",direct_without_tor,a29712e10c61d09bef30b258796a58cb6a384d55022e5d7150a1e29ce46d2a4d,200,2026-09-09T07:50:06Z,,2.377,true
13131,mazowieckie,żuromiński,Lubowidz,gmina miejsko-wiejska,1437033,2019,ok_finalnie,pdf,tekst,"https://bip.uglubowidz.pl/e,pobierz,get.html?id=20563",direct_without_tor,5b27cd6274987300a81d9e9488b83d2276d5b9f587f4d21a17a8ae7a759f9083,200,2026-09-09T07:50:07Z,,1.772,true
13132,mazowieckie,żuromiński,Lubowidz,gmina miejsko-wiejska,1437033,2020,nowy,,,,,,,,,,
13133,mazowieckie,żuromiński,Lubowidz,gmina miejsko-wiejska,1437033,2021,ok_finalnie,pdf,tekst,"https://bip.uglubowidz.pl/e,pobierz,get.html?id=21891",direct_without_tor,c35914aadab4c3785a36ee995e5700d2a4f2077021da6a0665cd2159d60e5c06,200,2026-09-09T07:50:07Z,,2.411,true
13134,mazowieckie,żuromiński,Lubowidz,gmina miejsko-wiejska,1437033,2022,ok_finalnie,pdf,tekst,"https://bip.uglubowidz.pl/e,pobierz,get.html?id=22406",direct_without_tor,712c877298e7a75e578ae4ee4f6e07f856b6010188aa6dc2a9f2c738167c1d80,200,2026-09-09T07:50:07Z,,6.029,true
13135,mazowieckie,żuromiński,Lubowidz,gmina miejsko-wiejska,1437033,2023,ok_finalnie,pdf,tekst,"https://bip.uglubowidz.pl/e,pobierz,get.html?id=23122",direct_without_tor,e49a49f18d55e4b56a56f9aff5b017973a39d53d6dd4ca56b68480ada365f9f6,200,2026-09-09T07:50:07Z,,4.007,true
13136,mazowieckie,żuromiński,Lubowidz,gmina miejsko-wiejska,1437033,2024,ok_finalnie,pdf,tekst,https://uglubowidz.pl/files/image/Raport_o_stanie_Miasta_i_Gminy_Lubowidz/Raport_o_stanie_Miasta_i_Gminy_Lubowidz_za_2024_rok.pdf,direct_without_tor,c0e1766095d70b7c5e198a9138400c8e705a97749559c93491850c53995646ba,200,2026-09-09T07:50:07Z,,4.974,true
13137,mazowieckie,żuromiński,Lubowidz,gmina miejsko-wiejska,1437033,2025,ok_finalnie,pdf,tekst,"https://bip.uglubowidz.pl/e,pobierz,get.html?id=25556",direct_without_tor,b5c6617ff3e13ba45380dfac9df24e1f14389669479b40a365cc7c31bc89e739,200,2026-09-08T21:34:54Z,,7.1,true
13138,mazowieckie,żuromiński,Lutocin,gmina wiejska,1437042,2018,ok_finalnie,pdf,tekst,https://samorzad.gov.pl/attachment/7418d7b8-b744-40a2-b91b-3d699fd3faf3,direct_without_tor,3b7f84662c9e07df8b6cab376c96162edec0ae24198b7f9b6f2d9b93e24288da,200,2026-09-08T20:34:43Z,,2.844,true
13139,mazowieckie,żuromiński,Lutocin,gmina wiejska,1437042,2019,ok_finalnie,pdf,tekst,https://samorzad.gov.pl/attachment/396f3e42-3032-45f8-8b4d-b3b90d9020b9,direct_without_tor,0bf6f80dd2be809140bd3cb53c8d7d93382f779cd516c1704ed1d2a600ed7ec1,200,2026-09-08T20:34:43Z,,3.652,true
13140,mazowieckie,żuromiński,Lutocin,gmina wiejska,1437042,2020,ok_finalnie,pdf,tekst,https://samorzad.gov.pl/attachment/773d2d34-3054-4082-b71a-64096ee60ee5,direct_without_tor,1582c91e84ba58c9a5f4076ef93334c9c19a11ab3bdcb58bd52c5029e4ad5eb3,200,2026-09-08T20:34:43Z,,5.786,true
13141,mazowieckie,żuromiński,Lutocin,gmina wiejska,1437042,2021,ok_finalnie,pdf,tekst,https://samorzad.gov.pl/attachment/c111a070-53e1-44a5-b4e4-702dfb2b126d,direct_without_tor,de6c8be752159cf858f10b75f5a0eb1e24f2bd2e21df74bf4a4880d2341688fd,200,2026-09-08T20:34:43Z,,4.241,true
13142,mazowieckie,żuromiński,Lutocin,gmina wiejska,1437042,2022,ok_finalnie,pdf,tekst,https://samorzad.gov.pl/attachment/6c6205eb-87e9-4556-8e2d-909729d585ad,direct_without_tor,6577d282537564f5f51c599cea00781619084f9db5301cbcd374f0b3a1e497bd,200,2026-09-08T20:34:43Z,,4.498,true
13143,mazowieckie,żuromiński,Lutocin,gmina wiejska,1437042,2023,ok_finalnie,pdf,tekst,https://samorzad.gov.pl/attachment/f42ce622-2f5f-4292-8be2-eb85984dbb80,direct_without_tor,5170a4c48850b3b9f08bcd0bb60952e1bb1956563c28a841cd650c334a4b08c5,200,2026-09-08T20:34:43Z,,5.122,true
13144,mazowieckie,żuromiński,Lutocin,gmina wiejska,1437042,2024,ok_finalnie,pdf,tekst,https://samorzad.gov.pl/attachment/3663e87f-5c5f-4eb8-8bca-81b9531cecbc,direct_without_tor,01d73bd9ebb18a1fd348d2065ad6c66e551d8ca8c703b4d6a2193353061c3a3e,200,2026-09-08T20:34:43Z,,4.402,true
13145,mazowieckie,żuromiński,Lutocin,gmina wiejska,1437042,2025,ok_finalnie,pdf,tekst,https://samorzad.gov.pl/attachment/775bfe43-4f68-473e-8623-d0aed61c260c,direct_without_tor,2c817883abff54251cc5e00b9799e22535812eea4b5bdb883ca3522f7a77d8f1,200,2026-09-08T20:34:43Z,,5.063,true
13146,mazowieckie,żuromiński,Siemiątkowo,gmina wiejska,1437052,2018,nowy,,,,,,,,,,
13147,mazowieckie,żuromiński,Siemiątkowo,gmina wiejska,1437052,2019,nowy,,,,,,,,,,
13148,mazowieckie,żuromiński,Siemiątkowo,gmina wiejska,1437052,2020,ok_finalnie,pdf,tekst,"https://bip.ugsiemiatkowo.nv.pl/e,pobierz,get.html?id=13092",direct_without_tor,eecef7bcd33747457e259950416cc624436c077fe484d088ccac6126b178acb7,200,2026-09-08T21:32:58Z,,1.345,true
13149,mazowieckie,żuromiński,Siemiątkowo,gmina wiejska,1437052,2021,nowy,,,,,,,,,,
13150,mazowieckie,żuromiński,Siemiątkowo,gmina wiejska,1437052,2022,nowy,,,,,,,,,,
13151,mazowieckie,żuromiński,Siemiątkowo,gmina wiejska,1437052,2023,nowy,,,,,,,,,,
13152,mazowieckie,żuromiński,Siemiątkowo,gmina wiejska,1437052,2024,nowy,,,,,,,,,,
13153,mazowieckie,żuromiński,Siemiątkowo,gmina wiejska,1437052,2025,nowy,,,,,,,,,,
13154,mazowieckie,żuromiński,Żuromin,gmina miejsko-wiejska,1437063,2018,ok_finalnie,pdf,tekst,https://fs.siteor.com/zuromin/files/Downloads/20190606072822/RAPORT_2018.pdf?1559806103,direct_without_tor,84f4f96432e9149f2ff5a7cd65756a2f3b62b09479567fa8ae51813cadd28172,200,2026-09-08T19:53:26Z,,2.591,true
13155,mazowieckie,żuromiński,Żuromin,gmina miejsko-wiejska,1437063,2019,ok_finalnie,pdf,raport,https://fs.siteor.com/zuromin/files/Downloads/20200527131135/RAPORT_O_STANIE_GMINY_2019_2020-05-27.pdf,http_get,4445e906236f41beec1edc93a6e7ac5e86d1bd2d104d111b6021579cca4bd38f,200,2026-09-08 00:42:46,,5.543,
13156,mazowieckie,żuromiński,Żuromin,gmina miejsko-wiejska,1437063,2020,ok_finalnie,pdf,tekst,https://fs.siteor.com/zuromin/files/Downloads/20210531131548/RAPORT_O_STANIE_GMINY_za_2020_rok.pdf?1622466949,direct_without_tor,9ab4db27efec31279051867b5af105ea20fc4718cf6a52c01f59c735b4693355,200,2026-09-08T19:53:26Z,,5.651,true
13157,mazowieckie,żuromiński,Żuromin,gmina miejsko-wiejska,1437063,2021,ok_finalnie,pdf,tekst,https://fs.siteor.com/zuromin/files/Downloads/20220530111307/RAPORT_O_STANIE_GMINY_za_2021_rok.pdf?1653909191,direct_without_tor,beec5e7cefb79c4179d6ee7c85dc13b351c9f1b1e87429e215d2f083e4cf73c2,200,2026-09-08T19:53:26Z,,8.833,true
13158,mazowieckie,żuromiński,Żuromin,gmina miejsko-wiejska,1437063,2022,ok_finalnie,pdf,tekst,https://fs.siteor.com/zuromin/files/Downloads/20230524071806/RAPORT_za_2022_rok.pdf?1684912690,direct_without_tor,8d88453d7e953b7ea5c1dea0c325cb09dd8831b4d20444630d3c77393968343f,200,2026-09-08T19:53:26Z,,6.051,true
13159,mazowieckie,żuromiński,Żuromin,gmina miejsko-wiejska,1437063,2023,ok_finalnie,pdf,tekst,https://fs.siteor.com/zuromin/files/Downloads/20240531121052/Raport_2023.pdf?1717157453,direct_without_tor,06082ebb7576bf111ca9fd413e43dd6ad53202b874e3068dc9e734e861335188,200,2026-09-08T19:53:26Z,,0.474,true
13160,mazowieckie,żuromiński,Żuromin,gmina miejsko-wiejska,1437063,2024,ok_finalnie,pdf,tekst,https://fs.siteor.com/zuromin/files/Downloads/20250528110804/Raport_2024.pdf?1748430485,direct_without_tor,945b776e9ba22660af7ec918aaf0a62ef11763997765b56c6b438ce14a43d197,200,2026-09-08T19:53:26Z,,0.489,true
13161,mazowieckie,żuromiński,Żuromin,gmina miejsko-wiejska,1437063,2025,ok_finalnie,pdf,tekst,https://fs.siteor.com/zuromin/files/Downloads/20260526091554/RAPORT_O_STANIE_GMINY_I_MIASTA_%C5%BBUROMIN_2025.pdf?1779786956,direct_without_tor,ab1dbfa72a42ce79c542133b94f72491c0684fe208810ce8fd17bdb11bf95983,200,2026-09-08T19:53:26Z,,1.141,true
13162,mazowieckie,żyrardowski,-,-,1438,2018,nowy,,,,,,,,,,
13163,mazowieckie,żyrardowski,-,-,1438,2019,nowy,,,,,,,,,,
13164,mazowieckie,żyrardowski,-,-,1438,2020,nowy,,,,,,,,,,
13165,mazowieckie,żyrardowski,-,-,1438,2021,nowy,,,,,,,,,,
13166,mazowieckie,żyrardowski,-,-,1438,2022,nowy,,,,,,,,,,
13167,mazowieckie,żyrardowski,-,-,1438,2023,ok_finalnie,pdf,tekst,https://bip.powiat-zyrardowski.pl/attachments/43395/download/Raport%2520o%2520stanie%2520Powiatu%2520%25C5%25BByrardowskiego%2520za%2520rok%25202023,direct_without_tor,9a98502db8808e4af99d4446e74f450be2c07b5f8c4a712c3b18e4cafb20ee97,200,2026-09-08T20:33:55Z,,4.28,true
13168,mazowieckie,żyrardowski,-,-,1438,2024,nowy,,,,,,,,,,
13169,mazowieckie,żyrardowski,-,-,1438,2025,nowy,,,,,,,,,,
13170,mazowieckie,żyrardowski,Żyrardów,gmina miejska,1438011,2018,ok_finalnie,pdf,tekst,"https://bip.zyrardow.pl/e,pobierz,get.html?id=132000",direct_without_tor,30d067b540f185e7da3261eb86040d00faa2b7e03495a9b51b1a6717bfc1550b,200,2026-09-08T21:36:15Z,,12.227,true
13171,mazowieckie,żyrardowski,Żyrardów,gmina miejska,1438011,2019,ok_finalnie,pdf,tekst,"https://bip.zyrardow.pl/e,pobierz,get.html?id=131981",direct_without_tor,73fbd8ccdff4cf0bfc9cc209a7e95dfecce3d2a18829b2faaec048bb1945f37a,200,2026-09-08T21:36:15Z,,4.246,true
13172,mazowieckie,żyrardowski,Żyrardów,gmina miejska,1438011,2020,ok_finalnie,pdf,tekst,"https://bip.zyrardow.pl/e,pobierz,get.html?id=131980",direct_without_tor,dc601f7b658a9e55c99836612e44b37bd235cc0129ec52d6433c5aac22872f68,200,2026-09-08T21:36:15Z,,1.667,true
13173,mazowieckie,żyrardowski,Żyrardów,gmina miejska,1438011,2021,ok_finalnie,pdf,tekst,"https://bip.zyrardow.pl/e,pobierz,get.html?id=131979",direct_without_tor,0433b6d49833220205f00ff36304b3941639e83a9555280f57c9fdbd2f95b1ea,200,2026-09-08T21:36:15Z,,2.626,true
13174,mazowieckie,żyrardowski,Żyrardów,gmina miejska,1438011,2022,ok_finalnie,pdf,tekst,"https://bip.zyrardow.pl/e,pobierz,get.html?id=155070",direct_without_tor,1e44fc7a9d52b12e9e6448925f39fd88f5032a5ed0201cb40e801765a1d59409,200,2026-09-08T21:36:15Z,,6.214,true
13175,mazowieckie,żyrardowski,Żyrardów,gmina miejska,1438011,2023,ok_finalnie,pdf,tekst,"https://bip.zyrardow.pl/e,pobierz,get.html?id=157523",direct_without_tor,74e3d0e550973d6d6e424ffa3c25bc93b817660c2655be465d824371bb1e435d,200,2026-09-08T21:36:15Z,,1.818,true
13176,mazowieckie,żyrardowski,Żyrardów,gmina miejska,1438011,2024,ok_finalnie,pdf,tekst,"https://bip.zyrardow.pl/e,pobierz,get.html?id=160078",direct_without_tor,9d89cf0e6b481e0fa7672ac0e8cd7e2f1fabe89dfbd39ce57f478d2e403258de,200,2026-09-08T21:36:15Z,,1.16,true
13177,mazowieckie,żyrardowski,Żyrardów,gmina miejska,1438011,2025,ok_finalnie,pdf,tekst,"https://bip.zyrardow.pl/e,pobierz,get.html?id=162617",direct_without_tor,fed2c7c358b1d20d642736329352b09768ba32bdcbfd80d40c2a584c01b47f64,200,2026-09-08T21:36:15Z,,1.434,true
13178,mazowieckie,żyrardowski,Mszczonów,gmina miejsko-wiejska,1438023,2018,ok_finalnie,pdf,raport,"https://www.bip.mszczonow.pl/plik,7640,raport-o-stanie-gminy.pdf",bip_http_get,18234abd54bd69cb5e406fd368469d04d889935f17e460a1c95114bf8173f254,200,2026-09-07 22:31:14,,2.205,
13179,mazowieckie,żyrardowski,Mszczonów,gmina miejsko-wiejska,1438023,2019,ok_finalnie,pdf,raport,"https://www.bip.mszczonow.pl/plik,8515,raport-o-stanie-gminy.pdf",bip_http_get,6105abde97b3063c6c2bec4e5501d4838fb47bff8b543d4fac298c8d138be019,200,2026-09-07 22:31:19,,3.994,
13180,mazowieckie,żyrardowski,Mszczonów,gmina miejsko-wiejska,1438023,2020,ok_finalnie,pdf,raport,"https://www.bip.mszczonow.pl/plik,9580,raport-o-stanie-gminy.pdf",bip_http_get,50031c0621f94f4ef401ed60c029afdfd68317fb0d5222c0e47f27ab751af45f,200,2026-09-07 22:31:24,,6.855,
13181,mazowieckie,żyrardowski,Mszczonów,gmina miejsko-wiejska,1438023,2021,ok_finalnie,pdf,tekst,"https://www.bip.mszczonow.pl/plik,10527,raport-o-stanie-gminy.pdf",bip.mszczonow.pl direct PDF,ffc0f74210d1382de6759092f53db292387b5cca0bcd2e82de40f2422c9de8da,200,2026-09-07T21:10:36Z,,4.155,true
13182,mazowieckie,żyrardowski,Mszczonów,gmina miejsko-wiejska,1438023,2022,ok_finalnie,pdf,raport,"https://www.bip.mszczonow.pl/plik,11713,raport-o-stanie-gminy.pdf",bip_http_get,36e1ebe860b2c6be55bd53fdd0aa1ec266398200044ddef844c72250ebfd341c,200,2026-09-07 22:31:35,,5.192,
13183,mazowieckie,żyrardowski,Mszczonów,gmina miejsko-wiejska,1438023,2023,ok_finalnie,pdf,raport,"https://www.bip.mszczonow.pl/plik,12995,raport-o-stanie-gminy.pdf",bip_http_get,9075cf04a61cdad17207f3f44f13f11fd41e30885933050519f61f77e33c5ce6,200,2026-09-07 22:31:37,,1.11,
13184,mazowieckie,żyrardowski,Mszczonów,gmina miejsko-wiejska,1438023,2024,ok_finalnie,pdf,raport,"https://www.bip.mszczonow.pl/plik,15120,raport-o-stanie-gminy.pdf",bip_http_get,a4e6aa6f3e7857a489dabad6b4713ad58693fabccc00e3333057c368309af8e2,200,2026-09-07 22:32:08,,24.636,
13185,mazowieckie,żyrardowski,Mszczonów,gmina miejsko-wiejska,1438023,2025,ok_finalnie,pdf,raport,"https://www.bip.mszczonow.pl/plik,16632,raport-o-stanie-gminy.pdf",bip_http_get,dba4736eb27b8bf06a6defff8c3f5fc7aa54b41a2f5530a09d09b00cf32b07ca,200,2026-09-07 22:32:59,,29.264,
13186,mazowieckie,żyrardowski,Puszcza Mariańska,gmina wiejska,1438032,2018,nowy,,,,,,,,,,
13187,mazowieckie,żyrardowski,Puszcza Mariańska,gmina wiejska,1438032,2019,nowy,,,,,,,,,,
13188,mazowieckie,żyrardowski,Puszcza Mariańska,gmina wiejska,1438032,2020,nowy,,,,,,,,,,
13189,mazowieckie,żyrardowski,Puszcza Mariańska,gmina wiejska,1438032,2021,nowy,,,,,,,,,,
13190,mazowieckie,żyrardowski,Puszcza Mariańska,gmina wiejska,1438032,2022,ok_finalnie,pdf,tekst,"https://www.puszcza-marianska.pl/plik,450,raport-o-stanie-gminy-w-2022-r.pdf",direct_without_tor,0ca925babe5a15b85c9c0863681884e4791083e4cc168221aa64823ddf6c7029,200,2026-09-08T19:53:58Z,,1.769,true
13191,mazowieckie,żyrardowski,Puszcza Mariańska,gmina wiejska,1438032,2023,nowy,,,,,,,,,,
13192,mazowieckie,żyrardowski,Puszcza Mariańska,gmina wiejska,1438032,2024,ok_finalnie,docx,tekst,"https://www.puszcza-marianska.pl/plik,1415,raport-za-2024-r-docx.docx",direct_without_tor,8373890f0798888fcd31cdb7e4decae246db8a64ca238782f0e23c7c1b373048,200,2026-09-08T19:53:58Z,,2.315,true
13193,mazowieckie,żyrardowski,Puszcza Mariańska,gmina wiejska,1438032,2025,ok_finalnie,docx,tekst,"https://www.puszcza-marianska.pl/plik,2130,raport-za-2025-r-docx.docx",direct_without_tor,5d02848b727864be04315847d6dcbf15d00294748f493a64650e53d4ccf39dc1,200,2026-09-08T19:53:58Z,,5.34,true
13194,mazowieckie,żyrardowski,Radziejowice,gmina wiejska,1438042,2018,nowy,,,,,,,,,,
13195,mazowieckie,żyrardowski,Radziejowice,gmina wiejska,1438042,2019,nowy,,,,,,,,,,
13196,mazowieckie,żyrardowski,Radziejowice,gmina wiejska,1438042,2020,nowy,,,,,,,,,,
13197,mazowieckie,żyrardowski,Radziejowice,gmina wiejska,1438042,2021,nowy,,,,,,,,,,
13198,mazowieckie,żyrardowski,Radziejowice,gmina wiejska,1438042,2022,nowy,,,,,,,,,,
13199,mazowieckie,żyrardowski,Radziejowice,gmina wiejska,1438042,2023,nowy,,,,,,,,,,
13200,mazowieckie,żyrardowski,Radziejowice,gmina wiejska,1438042,2024,ok_finalnie,pdf,tekst,https://radziejowice.pl/wp-content/uploads/2025/05/raport-2024-v.pdf,direct_without_tor,a413ec11f1ef85bf9202af5ce1134879b11817f9b767aad4ee1664886161f2db,200,2026-09-08T20:34:01Z,,10.617,true
13201,mazowieckie,żyrardowski,Radziejowice,gmina wiejska,1438042,2025,ok_finalnie,pdf,tekst,https://radziejowice.pl/wp-content/uploads/2026/05/Raport-Radziejowice-2025.pdf,direct_without_tor,a1f2a0f52fb18e32cc3e5c14363500af4931c330d068faa928bd41515a0b3103,200,2026-09-08T20:34:01Z,,2.199,true
13202,mazowieckie,żyrardowski,Wiskitki,gmina wiejska,1438052,2018,nowy,,,,,,,,,,
13203,mazowieckie,żyrardowski,Wiskitki,gmina wiejska,1438052,2019,nowy,,,,,,,,,,
13204,mazowieckie,żyrardowski,Wiskitki,gmina wiejska,1438052,2020,nowy,,,,,,,,,,
13205,mazowieckie,żyrardowski,Wiskitki,gmina miejsko-wiejska,1438053,2021,nowy,,,,,,,,,,
13206,mazowieckie,żyrardowski,Wiskitki,gmina miejsko-wiejska,1438053,2022,nowy,,,,,,,,,,
13207,mazowieckie,żyrardowski,Wiskitki,gmina miejsko-wiejska,1438053,2023,nowy,,,,,,,,,,
13208,mazowieckie,żyrardowski,Wiskitki,gmina miejsko-wiejska,1438053,2024,nowy,,,,,,,,,,
13209,mazowieckie,żyrardowski,Wiskitki,gmina miejsko-wiejska,1438053,2025,nowy,,,,,,,,,,
13210,mazowieckie,m. Płock,-,-,1462,2018,nowy,,,,,,,,,,
13211,mazowieckie,m. Płock,-,-,1462,2019,nowy,,,,,,,,,,
13212,mazowieckie,m. Płock,-,-,1462,2020,nowy,,,,,,,,,,
13213,mazowieckie,m. Płock,-,-,1462,2021,nowy,,,,,,,,,,
13214,mazowieckie,m. Płock,-,-,1462,2022,nowy,,,,,,,,,,
13215,mazowieckie,m. Płock,-,-,1462,2023,nowy,,,,,,,,,,
13216,mazowieckie,m. Płock,-,-,1462,2024,nowy,,,,,,,,,,
13217,mazowieckie,m. Płock,-,-,1462,2025,nowy,,,,,,,,,,
13218,mazowieckie,m. Płock,Płock,gmina miejska (miasto na prawach powiatu),1462011,2018,nowy,,,,,,,,,,
13219,mazowieckie,m. Płock,Płock,gmina miejska (miasto na prawach powiatu),1462011,2019,nowy,,,,,,,,,,
13220,mazowieckie,m. Płock,Płock,gmina miejska (miasto na prawach powiatu),1462011,2020,nowy,,,,,,,,,,
13221,mazowieckie,m. Płock,Płock,gmina miejska (miasto na prawach powiatu),1462011,2021,nowy,,,,,,,,,,
13222,mazowieckie,m. Płock,Płock,gmina miejska (miasto na prawach powiatu),1462011,2022,nowy,,,,,,,,,,
13223,mazowieckie,m. Płock,Płock,gmina miejska (miasto na prawach powiatu),1462011,2023,nowy,,,,,,,,,,
13224,mazowieckie,m. Płock,Płock,gmina miejska (miasto na prawach powiatu),1462011,2024,nowy,,,,,,,,,,
13225,mazowieckie,m. Płock,Płock,gmina miejska (miasto na prawach powiatu),1462011,2025,nowy,,,,,,,,,,
13226,mazowieckie,m. Radom,-,-,1463,2018,ok_finalnie,pdf,tekst,https://bip.radom.pl/download/69/78366/RaportostanieMiastaRadomia.pdf,bip.radom.pl direct PDF [m.n.p.p.: w mieście na prawach powiatu 'raport o stanie miasta' Prezydenta przedstawiany Radzie Miasta (pełniącej jednocześnie funkcję Rady Powiatu) realizuje wymóg art. 92bb u.s.p.; ten sam dokument co w wierszu gminnym],43ac718db813c3cc20ce69ed025c6e03fea18a1a0dfce2c10cbadc9d1740d8bd,200,2026-09-07T21:10:36Z,Dokument 'raport o stanie Radom' za 2018 r. (wiersz gminny 1463011) pełni funkcję raportu o stanie powiatu (m.n.p.p.).,1.133,true
13227,mazowieckie,m. Radom,-,-,1463,2019,ok_finalnie,pdf,tekst,https://bip.radom.pl/download/69/87122/RAPORTostaniemiasta.pdf,bip.radom.pl direct PDF [m.n.p.p.: w mieście na prawach powiatu 'raport o stanie miasta' Prezydenta przedstawiany Radzie Miasta (pełniącej jednocześnie funkcję Rady Powiatu) realizuje wymóg art. 92bb u.s.p.; ten sam dokument co w wierszu gminnym],7f1be70200a426de6c1b665823b341c562abd2ba95e3f59830a7f4f69757be16,200,2026-09-07T21:10:36Z,Dokument 'raport o stanie Radom' za 2019 r. (wiersz gminny 1463011) pełni funkcję raportu o stanie powiatu (m.n.p.p.).,2.651,true
13228,mazowieckie,m. Radom,-,-,1463,2020,nowy,,,,,,,,,,
13229,mazowieckie,m. Radom,-,-,1463,2021,nowy,,,,,,,,,,
13230,mazowieckie,m. Radom,-,-,1463,2022,ok_finalnie,pdf,tekst,https://bip.radom.pl/download/69/108748/RaportostanieMiasta-Radom2022.pdf,bip.radom.pl direct PDF [m.n.p.p.: w mieście na prawach powiatu 'raport o stanie miasta' Prezydenta przedstawiany Radzie Miasta (pełniącej jednocześnie funkcję Rady Powiatu) realizuje wymóg art. 92bb u.s.p.; ten sam dokument co w wierszu gminnym],0e16b7e3c00ae67fdf1c22fc53b1cb7d330161e872eca5fb9bd6797ec77af338,200,2026-09-07T21:10:36Z,Dokument 'raport o stanie Radom' za 2022 r. (wiersz gminny 1463011) pełni funkcję raportu o stanie powiatu (m.n.p.p.).,7.702,true
13231,mazowieckie,m. Radom,-,-,1463,2023,ok_finalnie,pdf,tekst,https://bip.radom.pl/download/69/130152/RaportostanieMiastaRadomia2023.pdf,bip.radom.pl direct PDF guess [m.n.p.p.: w mieście na prawach powiatu 'raport o stanie miasta' Prezydenta przedstawiany Radzie Miasta (pełniącej jednocześnie funkcję Rady Powiatu) realizuje wymóg art. 92bb u.s.p.; ten sam dokument co w wierszu gminnym],bc5883a57508f7b9960920d44dcdea12f4a958b9d4c66c052144c65c9421d1ff,200,2026-09-07T21:11:58Z,Dokument 'raport o stanie Radom' za 2023 r. (wiersz gminny 1463011) pełni funkcję raportu o stanie powiatu (m.n.p.p.).,1.198,true
13232,mazowieckie,m. Radom,-,-,1463,2024,nowy,,,,,,,,,,
13233,mazowieckie,m. Radom,-,-,1463,2025,ok_finalnie,pdf,tekst,https://bip.radom.pl/download/69/133776/RAPORTOSTANIEMIASTARADOMIAZA2025ROK.pdf,direct_without_tor [m.n.p.p.: w mieście na prawach powiatu 'raport o stanie miasta' Prezydenta przedstawiany Radzie Miasta (pełniącej jednocześnie funkcję Rady Powiatu) realizuje wymóg art. 92bb u.s.p.; ten sam dokument co w wierszu gminnym],8d52a2eaf801fb0e1203d9a04f8363ba541d334e23d4b160fbed94aba3105846,200,2026-09-08T20:34:09Z,,63.67,true
13234,mazowieckie,m. Radom,Radom,gmina miejska (miasto na prawach powiatu),1463011,2018,ok_finalnie,pdf,tekst,https://bip.radom.pl/download/69/78366/RaportostanieMiastaRadomia.pdf,bip.radom.pl direct PDF,43ac718db813c3cc20ce69ed025c6e03fea18a1a0dfce2c10cbadc9d1740d8bd,200,2026-09-07T21:10:36Z,,1.133,true
13235,mazowieckie,m. Radom,Radom,gmina miejska (miasto na prawach powiatu),1463011,2019,ok_finalnie,pdf,tekst,https://bip.radom.pl/download/69/87122/RAPORTostaniemiasta.pdf,bip.radom.pl direct PDF,7f1be70200a426de6c1b665823b341c562abd2ba95e3f59830a7f4f69757be16,200,2026-09-07T21:10:36Z,,2.651,true
13236,mazowieckie,m. Radom,Radom,gmina miejska (miasto na prawach powiatu),1463011,2020,nowy,,,,,,,,,,
13237,mazowieckie,m. Radom,Radom,gmina miejska (miasto na prawach powiatu),1463011,2021,nowy,,,,,,,,,,
13238,mazowieckie,m. Radom,Radom,gmina miejska (miasto na prawach powiatu),1463011,2022,ok_finalnie,pdf,tekst,https://bip.radom.pl/download/69/108748/RaportostanieMiasta-Radom2022.pdf,bip.radom.pl direct PDF,0e16b7e3c00ae67fdf1c22fc53b1cb7d330161e872eca5fb9bd6797ec77af338,200,2026-09-07T21:10:36Z,,7.702,true
13239,mazowieckie,m. Radom,Radom,gmina miejska (miasto na prawach powiatu),1463011,2023,ok_finalnie,pdf,tekst,https://bip.radom.pl/download/69/130152/RaportostanieMiastaRadomia2023.pdf,bip.radom.pl direct PDF guess,bc5883a57508f7b9960920d44dcdea12f4a958b9d4c66c052144c65c9421d1ff,200,2026-09-07T21:11:58Z,,1.198,true
13240,mazowieckie,m. Radom,Radom,gmina miejska (miasto na prawach powiatu),1463011,2024,nowy,,,,,,,,,,
13241,mazowieckie,m. Radom,Radom,gmina miejska (miasto na prawach powiatu),1463011,2025,ok_finalnie,pdf,tekst,https://bip.radom.pl/download/69/133776/RAPORTOSTANIEMIASTARADOMIAZA2025ROK.pdf,direct_without_tor,8d52a2eaf801fb0e1203d9a04f8363ba541d334e23d4b160fbed94aba3105846,200,2026-09-08T20:34:15Z,,63.67,true
13242,mazowieckie,m. Warszawa,-,-,1465,2018,ok_finalnie,pdf,tekst,https://um.warszawa.pl/documents/56602/53230519/2018+Raport+o+stanie+miasta.pdf/354c5f48-33d3-e184-7c85-cde3d927f3ed?t=1654684205280,tor_pl_ip [m.n.p.p.: w mieście na prawach powiatu 'raport o stanie miasta' Prezydenta przedstawiany Radzie Miasta (pełniącej jednocześnie funkcję Rady Powiatu) realizuje wymóg art. 92bb u.s.p.; ten sam dokument co w wierszu gminnym],9c04d8c3be565c690a13780f8ecf33396645c61720bc594a93d31c2d96847527,200,2026-09-08T21:34:33Z,,6.351,true
13243,mazowieckie,m. Warszawa,-,-,1465,2019,ok_finalnie,pdf,tekst,https://um.warszawa.pl/documents/56602/53230519/2019+Raport+o+stanie+miasta.pdf/8bd0507c-36aa-74e4-fe35-e012837b851a?t=1654684205910,tor_pl_ip [m.n.p.p.: w mieście na prawach powiatu 'raport o stanie miasta' Prezydenta przedstawiany Radzie Miasta (pełniącej jednocześnie funkcję Rady Powiatu) realizuje wymóg art. 92bb u.s.p.; ten sam dokument co w wierszu gminnym],5d44aaf7dadac80aa9d44d0ece0d513e50f98dfaf2740fae0b1510c09a2f655e,200,2026-09-08T21:34:33Z,,16.827,true
13244,mazowieckie,m. Warszawa,-,-,1465,2020,ok_finalnie,pdf,tekst,https://um.warszawa.pl/documents/56602/53230519/2020+Raport+o+stanie+miasta.pdf/fdf8319f-90af-f451-ea96-20d8880dae58?t=1654684206347,tor_pl_ip [m.n.p.p.: w mieście na prawach powiatu 'raport o stanie miasta' Prezydenta przedstawiany Radzie Miasta (pełniącej jednocześnie funkcję Rady Powiatu) realizuje wymóg art. 92bb u.s.p.; ten sam dokument co w wierszu gminnym],e3ececdde0cd041895c5ff755376020ca3cfbb1fcfe328c5434f161081c7693d,200,2026-09-08T21:34:33Z,,7.825,true
13245,mazowieckie,m. Warszawa,-,-,1465,2021,ok_finalnie,pdf,tekst,https://um.warszawa.pl/documents/56602/53230519/Raport+o+stanie+miasta+2021_poprawka.pdf/d683f2be-ee23-ab8e-5202-06eabc0bc0aa?t=1655211657515,tor_pl_ip [m.n.p.p.: w mieście na prawach powiatu 'raport o stanie miasta' Prezydenta przedstawiany Radzie Miasta (pełniącej jednocześnie funkcję Rady Powiatu) realizuje wymóg art. 92bb u.s.p.; ten sam dokument co w wierszu gminnym],5a1727f947e0b837b171cf74d3714a19faf9ebd592fdb079c8cdd6afa60fa77e,200,2026-09-08T21:34:33Z,,7.655,true
13246,mazowieckie,m. Warszawa,-,-,1465,2022,ok_finalnie,pdf,tekst,https://um.warszawa.pl/documents/56602/0/Raport+o+stanie+miasta+22_10_lipca.pdf/d05cd24e-c9f1-40ea-f35c-7a19ecee75b1?t=1689054386540,tor_pl_ip [m.n.p.p.: w mieście na prawach powiatu 'raport o stanie miasta' Prezydenta przedstawiany Radzie Miasta (pełniącej jednocześnie funkcję Rady Powiatu) realizuje wymóg art. 92bb u.s.p.; ten sam dokument co w wierszu gminnym],3b61d3799f69dd947c430553af09b804e0ddeafdb91241a26e9cee69d2257f4a,200,2026-09-08T21:34:33Z,,3.749,true
13247,mazowieckie,m. Warszawa,-,-,1465,2023,ok_finalnie,pdf,tekst,https://um.warszawa.pl/documents/56602/53230519/ROSM_2023_dostepny_8lipca.pdf/038235a7-df1d-77d1-30e0-9cf8619e4552?t=1720507686120,tor_pl_ip [m.n.p.p.: w mieście na prawach powiatu 'raport o stanie miasta' Prezydenta przedstawiany Radzie Miasta (pełniącej jednocześnie funkcję Rady Powiatu) realizuje wymóg art. 92bb u.s.p.; ten sam dokument co w wierszu gminnym],c2ce5d60ca38541e294aa64466e69b438924898b2eba2d276770d99790ce5ec6,200,2026-09-08T21:34:33Z,,19.708,true
13248,mazowieckie,m. Warszawa,-,-,1465,2024,ok_finalnie,pdf,tekst,https://um.warszawa.pl/documents/56602/53230519/ROSM2024_v2czerwca_dostepny.pdf/e13f99b9-6e29-b9be-71bb-7eaf7cf42bd8?t=1748849894663,tor_pl_ip [m.n.p.p.: w mieście na prawach powiatu 'raport o stanie miasta' Prezydenta przedstawiany Radzie Miasta (pełniącej jednocześnie funkcję Rady Powiatu) realizuje wymóg art. 92bb u.s.p.; ten sam dokument co w wierszu gminnym],9f5ebf26dc29cb46f024da2c0392e512e078befe416cede58b8b75453cca6771,200,2026-09-08T21:34:33Z,,5.67,true
13249,mazowieckie,m. Warszawa,-,-,1465,2025,ok_finalnie,pdf,tekst,https://um.warszawa.pl/documents/56602/160954541/Raport+o+stanie+miasta+2025_dostepny_12+czerwca.pdf/7f20b082-2658-79bb-05ac-7d261a659939?t=1781269816065,tor_pl_ip [m.n.p.p.: w mieście na prawach powiatu 'raport o stanie miasta' Prezydenta przedstawiany Radzie Miasta (pełniącej jednocześnie funkcję Rady Powiatu) realizuje wymóg art. 92bb u.s.p.; ten sam dokument co w wierszu gminnym],28ff303ed6ace6bda40a8659161715b9a0027ac831e87f93a8d37326efafc2c9,200,2026-09-08T21:34:33Z,,8.094,true
13250,mazowieckie,m. Warszawa,Warszawa,gmina miejska (miasto na prawach powiatu),1465011,2018,ok_finalnie,pdf,tekst,https://um.warszawa.pl/documents/56602/53230519/2018+Raport+o+stanie+miasta.pdf/354c5f48-33d3-e184-7c85-cde3d927f3ed?t=1654684205280,tor_pl_ip,9c04d8c3be565c690a13780f8ecf33396645c61720bc594a93d31c2d96847527,200,2026-09-08T21:35:38Z,,6.351,true
13251,mazowieckie,m. Warszawa,Warszawa,gmina miejska (miasto na prawach powiatu),1465011,2019,ok_finalnie,pdf,tekst,https://um.warszawa.pl/documents/56602/53230519/2019+Raport+o+stanie+miasta.pdf/8bd0507c-36aa-74e4-fe35-e012837b851a?t=1654684205910,tor_pl_ip,5d44aaf7dadac80aa9d44d0ece0d513e50f98dfaf2740fae0b1510c09a2f655e,200,2026-09-08T21:35:38Z,,16.827,true
13252,mazowieckie,m. Warszawa,Warszawa,gmina miejska (miasto na prawach powiatu),1465011,2020,ok_finalnie,pdf,tekst,https://um.warszawa.pl/documents/56602/53230519/2020+Raport+o+stanie+miasta.pdf/fdf8319f-90af-f451-ea96-20d8880dae58?t=1654684206347,tor_pl_ip,e3ececdde0cd041895c5ff755376020ca3cfbb1fcfe328c5434f161081c7693d,200,2026-09-08T21:35:38Z,,7.825,true
13253,mazowieckie,m. Warszawa,Warszawa,gmina miejska (miasto na prawach powiatu),1465011,2021,ok_finalnie,pdf,tekst,https://um.warszawa.pl/documents/56602/53230519/Raport+o+stanie+miasta+2021_poprawka.pdf/d683f2be-ee23-ab8e-5202-06eabc0bc0aa?t=1655211657515,tor_pl_ip,5a1727f947e0b837b171cf74d3714a19faf9ebd592fdb079c8cdd6afa60fa77e,200,2026-09-08T21:35:38Z,,7.655,true
13254,mazowieckie,m. Warszawa,Warszawa,gmina miejska (miasto na prawach powiatu),1465011,2022,ok_finalnie,pdf,tekst,https://um.warszawa.pl/documents/56602/0/Raport+o+stanie+miasta+22_10_lipca.pdf/d05cd24e-c9f1-40ea-f35c-7a19ecee75b1?t=1689054386540,tor_pl_ip,3b61d3799f69dd947c430553af09b804e0ddeafdb91241a26e9cee69d2257f4a,200,2026-09-08T21:35:38Z,,3.749,true
13255,mazowieckie,m. Warszawa,Warszawa,gmina miejska (miasto na prawach powiatu),1465011,2023,ok_finalnie,pdf,tekst,https://um.warszawa.pl/documents/56602/53230519/ROSM_2023_dostepny_8lipca.pdf/038235a7-df1d-77d1-30e0-9cf8619e4552?t=1720507686120,tor_pl_ip,c2ce5d60ca38541e294aa64466e69b438924898b2eba2d276770d99790ce5ec6,200,2026-09-08T21:35:38Z,,19.708,true
13256,mazowieckie,m. Warszawa,Warszawa,gmina miejska (miasto na prawach powiatu),1465011,2024,ok_finalnie,pdf,tekst,https://um.warszawa.pl/documents/56602/53230519/ROSM2024_v2czerwca_dostepny.pdf/e13f99b9-6e29-b9be-71bb-7eaf7cf42bd8?t=1748849894663,tor_pl_ip,9f5ebf26dc29cb46f024da2c0392e512e078befe416cede58b8b75453cca6771,200,2026-09-08T21:35:38Z,,5.67,true
13257,mazowieckie,m. Warszawa,Warszawa,gmina miejska (miasto na prawach powiatu),1465011,2025,ok_finalnie,pdf,tekst,https://um.warszawa.pl/documents/56602/160954541/Raport+o+stanie+miasta+2025_dostepny_12+czerwca.pdf/7f20b082-2658-79bb-05ac-7d261a659939?t=1781269816065,tor_pl_ip,28ff303ed6ace6bda40a8659161715b9a0027ac831e87f93a8d37326efafc2c9,200,2026-09-08T21:35:38Z,,8.094,true
