row_idx,województwo,powiat,gmina,typ gminy,TERYT,rok_raportu,status,ext_dokumentu,zawartosc,url,metoda_pozyskania,hash dokumentu,status komunikatu,dt_utc_finalne,failure_reason,file_size_MB,existed
9729,małopolskie,-,-,-,12,2018,nowy,,,,,,,,,,
9730,małopolskie,-,-,-,12,2019,nowy,,,,,,,,,,
9731,małopolskie,-,-,-,12,2020,nowy,,,,,,,,,,
9732,małopolskie,-,-,-,12,2021,nowy,,,,,,,,,,
9733,małopolskie,-,-,-,12,2022,nowy,,,,,,,,,,
9734,małopolskie,-,-,-,12,2023,nowy,,,,,,,,,,
9735,małopolskie,-,-,-,12,2024,nowy,,,,,,,,,,
9736,małopolskie,-,-,-,12,2025,nowy,,,,,,,,,,
9737,małopolskie,bocheński,-,-,1201,2018,nowy,,,,,,,,,,
9738,małopolskie,bocheński,-,-,1201,2019,nowy,,,,,,,,,,
9739,małopolskie,bocheński,-,-,1201,2020,nowy,,,,,,,,,,
9740,małopolskie,bocheński,-,-,1201,2021,nowy,,,,,,,,,,
9741,małopolskie,bocheński,-,-,1201,2022,nowy,,,,,,,,,,
9742,małopolskie,bocheński,-,-,1201,2023,nowy,,,,,,,,,,
9743,małopolskie,bocheński,-,-,1201,2024,nowy,,,,,,,,,,
9744,małopolskie,bocheński,-,-,1201,2025,nowy,,,,,,,,,,
9745,małopolskie,bocheński,Bochnia,gmina miejska,1201011,2018,nowy,,,,,,,,,,
9746,małopolskie,bocheński,Bochnia,gmina miejska,1201011,2019,nowy,,,,,,,,,,
9747,małopolskie,bocheński,Bochnia,gmina miejska,1201011,2020,nowy,,,,,,,,,,
9748,małopolskie,bocheński,Bochnia,gmina miejska,1201011,2021,nowy,,,,,,,,,,
9749,małopolskie,bocheński,Bochnia,gmina miejska,1201011,2022,nowy,,,,,,,,,,
9750,małopolskie,bocheński,Bochnia,gmina miejska,1201011,2023,nowy,,,,,,,,,,
9751,małopolskie,bocheński,Bochnia,gmina miejska,1201011,2024,nowy,,,,,,,,,,
9752,małopolskie,bocheński,Bochnia,gmina miejska,1201011,2025,nowy,,,,,,,,,,
9753,małopolskie,bocheński,Bochnia,gmina wiejska,1201022,2018,nowy,,,,,,,,,,
9754,małopolskie,bocheński,Bochnia,gmina wiejska,1201022,2019,nowy,,,,,,,,,,
9755,małopolskie,bocheński,Bochnia,gmina wiejska,1201022,2020,nowy,,,,,,,,,,
9756,małopolskie,bocheński,Bochnia,gmina wiejska,1201022,2021,nowy,,,,,,,,,,
9757,małopolskie,bocheński,Bochnia,gmina wiejska,1201022,2022,nowy,,,,,,,,,,
9758,małopolskie,bocheński,Bochnia,gmina wiejska,1201022,2023,nowy,,,,,,,,,,
9759,małopolskie,bocheński,Bochnia,gmina wiejska,1201022,2024,nowy,,,,,,,,,,
9760,małopolskie,bocheński,Bochnia,gmina wiejska,1201022,2025,nowy,,,,,,,,,,
9761,małopolskie,bocheński,Drwinia,gmina wiejska,1201032,2018,nowy,,,,,,,,,,
9762,małopolskie,bocheński,Drwinia,gmina wiejska,1201032,2019,nowy,,,,,,,,,,
9763,małopolskie,bocheński,Drwinia,gmina wiejska,1201032,2020,nowy,,,,,,,,,,
9764,małopolskie,bocheński,Drwinia,gmina wiejska,1201032,2021,nowy,,,,,,,,,,
9765,małopolskie,bocheński,Drwinia,gmina wiejska,1201032,2022,nowy,,,,,,,,,,
9766,małopolskie,bocheński,Drwinia,gmina wiejska,1201032,2023,nowy,,,,,,,,,,
9767,małopolskie,bocheński,Drwinia,gmina wiejska,1201032,2024,nowy,,,,,,,,,,
9768,małopolskie,bocheński,Drwinia,gmina wiejska,1201032,2025,nowy,,,,,,,,,,
9769,małopolskie,bocheński,Lipnica Murowana,gmina wiejska,1201042,2018,nowy,,,,,,,,,,
9770,małopolskie,bocheński,Lipnica Murowana,gmina wiejska,1201042,2019,nowy,,,,,,,,,,
9771,małopolskie,bocheński,Lipnica Murowana,gmina wiejska,1201042,2020,nowy,,,,,,,,,,
9772,małopolskie,bocheński,Lipnica Murowana,gmina wiejska,1201042,2021,nowy,,,,,,,,,,
9773,małopolskie,bocheński,Lipnica Murowana,gmina wiejska,1201042,2022,nowy,,,,,,,,,,
9774,małopolskie,bocheński,Lipnica Murowana,gmina wiejska,1201042,2023,nowy,,,,,,,,,,
9775,małopolskie,bocheński,Lipnica Murowana,gmina wiejska,1201042,2024,nowy,,,,,,,,,,
9776,małopolskie,bocheński,Lipnica Murowana,gmina wiejska,1201042,2025,nowy,,,,,,,,,,
9777,małopolskie,bocheński,Łapanów,gmina wiejska,1201052,2018,nowy,,,,,,,,,,
9778,małopolskie,bocheński,Łapanów,gmina wiejska,1201052,2019,nowy,,,,,,,,,,
9779,małopolskie,bocheński,Łapanów,gmina wiejska,1201052,2020,nowy,,,,,,,,,,
9780,małopolskie,bocheński,Łapanów,gmina wiejska,1201052,2021,nowy,,,,,,,,,,
9781,małopolskie,bocheński,Łapanów,gmina wiejska,1201052,2022,nowy,,,,,,,,,,
9782,małopolskie,bocheński,Łapanów,gmina wiejska,1201052,2023,nowy,,,,,,,,,,
9783,małopolskie,bocheński,Łapanów,gmina wiejska,1201052,2024,nowy,,,,,,,,,,
9784,małopolskie,bocheński,Łapanów,gmina wiejska,1201052,2025,nowy,,,,,,,,,,
9785,małopolskie,bocheński,Nowy Wiśnicz,gmina miejsko-wiejska,1201063,2018,nowy,,,,,,,,,,
9786,małopolskie,bocheński,Nowy Wiśnicz,gmina miejsko-wiejska,1201063,2019,nowy,,,,,,,,,,
9787,małopolskie,bocheński,Nowy Wiśnicz,gmina miejsko-wiejska,1201063,2020,nowy,,,,,,,,,,
9788,małopolskie,bocheński,Nowy Wiśnicz,gmina miejsko-wiejska,1201063,2021,nowy,,,,,,,,,,
9789,małopolskie,bocheński,Nowy Wiśnicz,gmina miejsko-wiejska,1201063,2022,nowy,,,,,,,,,,
9790,małopolskie,bocheński,Nowy Wiśnicz,gmina miejsko-wiejska,1201063,2023,nowy,,,,,,,,,,
9791,małopolskie,bocheński,Nowy Wiśnicz,gmina miejsko-wiejska,1201063,2024,nowy,,,,,,,,,,
9792,małopolskie,bocheński,Nowy Wiśnicz,gmina miejsko-wiejska,1201063,2025,nowy,,,,,,,,,,
9793,małopolskie,bocheński,Rzezawa,gmina wiejska,1201072,2018,nowy,,,,,,,,,,
9794,małopolskie,bocheński,Rzezawa,gmina wiejska,1201072,2019,nowy,,,,,,,,,,
9795,małopolskie,bocheński,Rzezawa,gmina wiejska,1201072,2020,nowy,,,,,,,,,,
9796,małopolskie,bocheński,Rzezawa,gmina wiejska,1201072,2021,nowy,,,,,,,,,,
9797,małopolskie,bocheński,Rzezawa,gmina wiejska,1201072,2022,nowy,,,,,,,,,,
9798,małopolskie,bocheński,Rzezawa,gmina wiejska,1201072,2023,nowy,,,,,,,,,,
9799,małopolskie,bocheński,Rzezawa,gmina wiejska,1201072,2024,nowy,,,,,,,,,,
9800,małopolskie,bocheński,Rzezawa,gmina wiejska,1201072,2025,nowy,,,,,,,,,,
9801,małopolskie,bocheński,Trzciana,gmina wiejska,1201082,2018,nowy,,,,,,,,,,
9802,małopolskie,bocheński,Trzciana,gmina wiejska,1201082,2019,nowy,,,,,,,,,,
9803,małopolskie,bocheński,Trzciana,gmina wiejska,1201082,2020,nowy,,,,,,,,,,
9804,małopolskie,bocheński,Trzciana,gmina wiejska,1201082,2021,nowy,,,,,,,,,,
9805,małopolskie,bocheński,Trzciana,gmina wiejska,1201082,2022,nowy,,,,,,,,,,
9806,małopolskie,bocheński,Trzciana,gmina wiejska,1201082,2023,nowy,,,,,,,,,,
9807,małopolskie,bocheński,Trzciana,gmina wiejska,1201082,2024,nowy,,,,,,,,,,
9808,małopolskie,bocheński,Trzciana,gmina wiejska,1201082,2025,nowy,,,,,,,,,,
9809,małopolskie,bocheński,Żegocina,gmina wiejska,1201092,2018,nowy,,,,,,,,,,
9810,małopolskie,bocheński,Żegocina,gmina wiejska,1201092,2019,nowy,,,,,,,,,,
9811,małopolskie,bocheński,Żegocina,gmina wiejska,1201092,2020,nowy,,,,,,,,,,
9812,małopolskie,bocheński,Żegocina,gmina wiejska,1201092,2021,nowy,,,,,,,,,,
9813,małopolskie,bocheński,Żegocina,gmina wiejska,1201092,2022,nowy,,,,,,,,,,
9814,małopolskie,bocheński,Żegocina,gmina wiejska,1201092,2023,nowy,,,,,,,,,,
9815,małopolskie,bocheński,Żegocina,gmina wiejska,1201092,2024,nowy,,,,,,,,,,
9816,małopolskie,bocheński,Żegocina,gmina wiejska,1201092,2025,nowy,,,,,,,,,,
9817,małopolskie,brzeski,-,-,1202,2018,nowy,,,,,,,,,,
9818,małopolskie,brzeski,-,-,1202,2019,nowy,,,,,,,,,,
9819,małopolskie,brzeski,-,-,1202,2020,nowy,,,,,,,,,,
9820,małopolskie,brzeski,-,-,1202,2021,nowy,,,,,,,,,,
9821,małopolskie,brzeski,-,-,1202,2022,nowy,,,,,,,,,,
9822,małopolskie,brzeski,-,-,1202,2023,nowy,,,,,,,,,,
9823,małopolskie,brzeski,-,-,1202,2024,nowy,,,,,,,,,,
9824,małopolskie,brzeski,-,-,1202,2025,nowy,,,,,,,,,,
9825,małopolskie,brzeski,Borzęcin,gmina wiejska,1202012,2018,nowy,,,,,,,,,,
9826,małopolskie,brzeski,Borzęcin,gmina wiejska,1202012,2019,nowy,,,,,,,,,,
9827,małopolskie,brzeski,Borzęcin,gmina wiejska,1202012,2020,nowy,,,,,,,,,,
9828,małopolskie,brzeski,Borzęcin,gmina wiejska,1202012,2021,nowy,,,,,,,,,,
9829,małopolskie,brzeski,Borzęcin,gmina wiejska,1202012,2022,nowy,,,,,,,,,,
9830,małopolskie,brzeski,Borzęcin,gmina wiejska,1202012,2023,nowy,,,,,,,,,,
9831,małopolskie,brzeski,Borzęcin,gmina wiejska,1202012,2024,nowy,,,,,,,,,,
9832,małopolskie,brzeski,Borzęcin,gmina wiejska,1202012,2025,nowy,,,,,,,,,,
9833,małopolskie,brzeski,Brzesko,gmina miejsko-wiejska,1202023,2018,nowy,,,,,,,,,,
9834,małopolskie,brzeski,Brzesko,gmina miejsko-wiejska,1202023,2019,nowy,,,,,,,,,,
9835,małopolskie,brzeski,Brzesko,gmina miejsko-wiejska,1202023,2020,nowy,,,,,,,,,,
9836,małopolskie,brzeski,Brzesko,gmina miejsko-wiejska,1202023,2021,nowy,,,,,,,,,,
9837,małopolskie,brzeski,Brzesko,gmina miejsko-wiejska,1202023,2022,nowy,,,,,,,,,,
9838,małopolskie,brzeski,Brzesko,gmina miejsko-wiejska,1202023,2023,nowy,,,,,,,,,,
9839,małopolskie,brzeski,Brzesko,gmina miejsko-wiejska,1202023,2024,nowy,,,,,,,,,,
9840,małopolskie,brzeski,Brzesko,gmina miejsko-wiejska,1202023,2025,nowy,,,,,,,,,,
9841,małopolskie,brzeski,Czchów,gmina miejsko-wiejska,1202033,2018,nowy,,,,,,,,,,
9842,małopolskie,brzeski,Czchów,gmina miejsko-wiejska,1202033,2019,nowy,,,,,,,,,,
9843,małopolskie,brzeski,Czchów,gmina miejsko-wiejska,1202033,2020,nowy,,,,,,,,,,
9844,małopolskie,brzeski,Czchów,gmina miejsko-wiejska,1202033,2021,nowy,,,,,,,,,,
9845,małopolskie,brzeski,Czchów,gmina miejsko-wiejska,1202033,2022,nowy,,,,,,,,,,
9846,małopolskie,brzeski,Czchów,gmina miejsko-wiejska,1202033,2023,nowy,,,,,,,,,,
9847,małopolskie,brzeski,Czchów,gmina miejsko-wiejska,1202033,2024,nowy,,,,,,,,,,
9848,małopolskie,brzeski,Czchów,gmina miejsko-wiejska,1202033,2025,nowy,,,,,,,,,,
9849,małopolskie,brzeski,Dębno,gmina wiejska,1202042,2018,nowy,,,,,,,,,,
9850,małopolskie,brzeski,Dębno,gmina wiejska,1202042,2019,nowy,,,,,,,,,,
9851,małopolskie,brzeski,Dębno,gmina wiejska,1202042,2020,nowy,,,,,,,,,,
9852,małopolskie,brzeski,Dębno,gmina wiejska,1202042,2021,nowy,,,,,,,,,,
9853,małopolskie,brzeski,Dębno,gmina wiejska,1202042,2022,nowy,,,,,,,,,,
9854,małopolskie,brzeski,Dębno,gmina wiejska,1202042,2023,nowy,,,,,,,,,,
9855,małopolskie,brzeski,Dębno,gmina wiejska,1202042,2024,nowy,,,,,,,,,,
9856,małopolskie,brzeski,Dębno,gmina wiejska,1202042,2025,nowy,,,,,,,,,,
9857,małopolskie,brzeski,Gnojnik,gmina wiejska,1202052,2018,nowy,,,,,,,,,,
9858,małopolskie,brzeski,Gnojnik,gmina wiejska,1202052,2019,nowy,,,,,,,,,,
9859,małopolskie,brzeski,Gnojnik,gmina wiejska,1202052,2020,nowy,,,,,,,,,,
9860,małopolskie,brzeski,Gnojnik,gmina wiejska,1202052,2021,nowy,,,,,,,,,,
9861,małopolskie,brzeski,Gnojnik,gmina wiejska,1202052,2022,nowy,,,,,,,,,,
9862,małopolskie,brzeski,Gnojnik,gmina wiejska,1202052,2023,nowy,,,,,,,,,,
9863,małopolskie,brzeski,Gnojnik,gmina wiejska,1202052,2024,nowy,,,,,,,,,,
9864,małopolskie,brzeski,Gnojnik,gmina wiejska,1202052,2025,nowy,,,,,,,,,,
9865,małopolskie,brzeski,Iwkowa,gmina wiejska,1202062,2018,nowy,,,,,,,,,,
9866,małopolskie,brzeski,Iwkowa,gmina wiejska,1202062,2019,nowy,,,,,,,,,,
9867,małopolskie,brzeski,Iwkowa,gmina wiejska,1202062,2020,nowy,,,,,,,,,,
9868,małopolskie,brzeski,Iwkowa,gmina wiejska,1202062,2021,nowy,,,,,,,,,,
9869,małopolskie,brzeski,Iwkowa,gmina wiejska,1202062,2022,nowy,,,,,,,,,,
9870,małopolskie,brzeski,Iwkowa,gmina wiejska,1202062,2023,nowy,,,,,,,,,,
9871,małopolskie,brzeski,Iwkowa,gmina wiejska,1202062,2024,nowy,,,,,,,,,,
9872,małopolskie,brzeski,Iwkowa,gmina wiejska,1202062,2025,nowy,,,,,,,,,,
9873,małopolskie,brzeski,Szczurowa,gmina wiejska,1202072,2018,nowy,,,,,,,,,,
9874,małopolskie,brzeski,Szczurowa,gmina wiejska,1202072,2019,nowy,,,,,,,,,,
9875,małopolskie,brzeski,Szczurowa,gmina wiejska,1202072,2020,nowy,,,,,,,,,,
9876,małopolskie,brzeski,Szczurowa,gmina wiejska,1202072,2021,nowy,,,,,,,,,,
9877,małopolskie,brzeski,Szczurowa,gmina wiejska,1202072,2022,nowy,,,,,,,,,,
9878,małopolskie,brzeski,Szczurowa,gmina wiejska,1202072,2023,nowy,,,,,,,,,,
9879,małopolskie,brzeski,Szczurowa,gmina wiejska,1202072,2024,nowy,,,,,,,,,,
9880,małopolskie,brzeski,Szczurowa,gmina wiejska,1202072,2025,nowy,,,,,,,,,,
9881,małopolskie,chrzanowski,-,-,1203,2018,nowy,,,,,,,,,,
9882,małopolskie,chrzanowski,-,-,1203,2019,nowy,,,,,,,,,,
9883,małopolskie,chrzanowski,-,-,1203,2020,nowy,,,,,,,,,,
9884,małopolskie,chrzanowski,-,-,1203,2021,nowy,,,,,,,,,,
9885,małopolskie,chrzanowski,-,-,1203,2022,nowy,,,,,,,,,,
9886,małopolskie,chrzanowski,-,-,1203,2023,nowy,,,,,,,,,,
9887,małopolskie,chrzanowski,-,-,1203,2024,nowy,,,,,,,,,,
9888,małopolskie,chrzanowski,-,-,1203,2025,nowy,,,,,,,,,,
9889,małopolskie,chrzanowski,Alwernia,gmina miejsko-wiejska,1203013,2018,nowy,,,,,,,,,,
9890,małopolskie,chrzanowski,Alwernia,gmina miejsko-wiejska,1203013,2019,nowy,,,,,,,,,,
9891,małopolskie,chrzanowski,Alwernia,gmina miejsko-wiejska,1203013,2020,nowy,,,,,,,,,,
9892,małopolskie,chrzanowski,Alwernia,gmina miejsko-wiejska,1203013,2021,nowy,,,,,,,,,,
9893,małopolskie,chrzanowski,Alwernia,gmina miejsko-wiejska,1203013,2022,nowy,,,,,,,,,,
9894,małopolskie,chrzanowski,Alwernia,gmina miejsko-wiejska,1203013,2023,nowy,,,,,,,,,,
9895,małopolskie,chrzanowski,Alwernia,gmina miejsko-wiejska,1203013,2024,nowy,,,,,,,,,,
9896,małopolskie,chrzanowski,Alwernia,gmina miejsko-wiejska,1203013,2025,nowy,,,,,,,,,,
9897,małopolskie,chrzanowski,Babice,gmina wiejska,1203022,2018,nowy,,,,,,,,,,
9898,małopolskie,chrzanowski,Babice,gmina wiejska,1203022,2019,nowy,,,,,,,,,,
9899,małopolskie,chrzanowski,Babice,gmina wiejska,1203022,2020,nowy,,,,,,,,,,
9900,małopolskie,chrzanowski,Babice,gmina wiejska,1203022,2021,nowy,,,,,,,,,,
9901,małopolskie,chrzanowski,Babice,gmina wiejska,1203022,2022,nowy,,,,,,,,,,
9902,małopolskie,chrzanowski,Babice,gmina wiejska,1203022,2023,nowy,,,,,,,,,,
9903,małopolskie,chrzanowski,Babice,gmina wiejska,1203022,2024,nowy,,,,,,,,,,
9904,małopolskie,chrzanowski,Babice,gmina wiejska,1203022,2025,nowy,,,,,,,,,,
9905,małopolskie,chrzanowski,Chrzanów,gmina miejsko-wiejska,1203033,2018,nowy,,,,,,,,,,
9906,małopolskie,chrzanowski,Chrzanów,gmina miejsko-wiejska,1203033,2019,nowy,,,,,,,,,,
9907,małopolskie,chrzanowski,Chrzanów,gmina miejsko-wiejska,1203033,2020,nowy,,,,,,,,,,
9908,małopolskie,chrzanowski,Chrzanów,gmina miejsko-wiejska,1203033,2021,nowy,,,,,,,,,,
9909,małopolskie,chrzanowski,Chrzanów,gmina miejsko-wiejska,1203033,2022,nowy,,,,,,,,,,
9910,małopolskie,chrzanowski,Chrzanów,gmina miejsko-wiejska,1203033,2023,nowy,,,,,,,,,,
9911,małopolskie,chrzanowski,Chrzanów,gmina miejsko-wiejska,1203033,2024,nowy,,,,,,,,,,
9912,małopolskie,chrzanowski,Chrzanów,gmina miejsko-wiejska,1203033,2025,nowy,,,,,,,,,,
9913,małopolskie,chrzanowski,Libiąż,gmina miejsko-wiejska,1203043,2018,nowy,,,,,,,,,,
9914,małopolskie,chrzanowski,Libiąż,gmina miejsko-wiejska,1203043,2019,nowy,,,,,,,,,,
9915,małopolskie,chrzanowski,Libiąż,gmina miejsko-wiejska,1203043,2020,nowy,,,,,,,,,,
9916,małopolskie,chrzanowski,Libiąż,gmina miejsko-wiejska,1203043,2021,nowy,,,,,,,,,,
9917,małopolskie,chrzanowski,Libiąż,gmina miejsko-wiejska,1203043,2022,nowy,,,,,,,,,,
9918,małopolskie,chrzanowski,Libiąż,gmina miejsko-wiejska,1203043,2023,nowy,,,,,,,,,,
9919,małopolskie,chrzanowski,Libiąż,gmina miejsko-wiejska,1203043,2024,nowy,,,,,,,,,,
9920,małopolskie,chrzanowski,Libiąż,gmina miejsko-wiejska,1203043,2025,nowy,,,,,,,,,,
9921,małopolskie,chrzanowski,Trzebinia,gmina miejsko-wiejska,1203053,2018,nowy,,,,,,,,,,
9922,małopolskie,chrzanowski,Trzebinia,gmina miejsko-wiejska,1203053,2019,nowy,,,,,,,,,,
9923,małopolskie,chrzanowski,Trzebinia,gmina miejsko-wiejska,1203053,2020,nowy,,,,,,,,,,
9924,małopolskie,chrzanowski,Trzebinia,gmina miejsko-wiejska,1203053,2021,nowy,,,,,,,,,,
9925,małopolskie,chrzanowski,Trzebinia,gmina miejsko-wiejska,1203053,2022,nowy,,,,,,,,,,
9926,małopolskie,chrzanowski,Trzebinia,gmina miejsko-wiejska,1203053,2023,nowy,,,,,,,,,,
9927,małopolskie,chrzanowski,Trzebinia,gmina miejsko-wiejska,1203053,2024,nowy,,,,,,,,,,
9928,małopolskie,chrzanowski,Trzebinia,gmina miejsko-wiejska,1203053,2025,nowy,,,,,,,,,,
9929,małopolskie,dąbrowski,-,-,1204,2018,nowy,,,,,,,,,,
9930,małopolskie,dąbrowski,-,-,1204,2019,nowy,,,,,,,,,,
9931,małopolskie,dąbrowski,-,-,1204,2020,nowy,,,,,,,,,,
9932,małopolskie,dąbrowski,-,-,1204,2021,nowy,,,,,,,,,,
9933,małopolskie,dąbrowski,-,-,1204,2022,nowy,,,,,,,,,,
9934,małopolskie,dąbrowski,-,-,1204,2023,nowy,,,,,,,,,,
9935,małopolskie,dąbrowski,-,-,1204,2024,nowy,,,,,,,,,,
9936,małopolskie,dąbrowski,-,-,1204,2025,nowy,,,,,,,,,,
9937,małopolskie,dąbrowski,Bolesław,gmina wiejska,1204012,2018,nowy,,,,,,,,,,
9938,małopolskie,dąbrowski,Bolesław,gmina wiejska,1204012,2019,nowy,,,,,,,,,,
9939,małopolskie,dąbrowski,Bolesław,gmina wiejska,1204012,2020,nowy,,,,,,,,,,
9940,małopolskie,dąbrowski,Bolesław,gmina wiejska,1204012,2021,nowy,,,,,,,,,,
9941,małopolskie,dąbrowski,Bolesław,gmina wiejska,1204012,2022,nowy,,,,,,,,,,
9942,małopolskie,dąbrowski,Bolesław,gmina wiejska,1204012,2023,nowy,,,,,,,,,,
9943,małopolskie,dąbrowski,Bolesław,gmina wiejska,1204012,2024,nowy,,,,,,,,,,
9944,małopolskie,dąbrowski,Bolesław,gmina wiejska,1204012,2025,nowy,,,,,,,,,,
9945,małopolskie,dąbrowski,Dąbrowa Tarnowska,gmina miejsko-wiejska,1204023,2018,nowy,,,,,,,,,,
9946,małopolskie,dąbrowski,Dąbrowa Tarnowska,gmina miejsko-wiejska,1204023,2019,nowy,,,,,,,,,,
9947,małopolskie,dąbrowski,Dąbrowa Tarnowska,gmina miejsko-wiejska,1204023,2020,nowy,,,,,,,,,,
9948,małopolskie,dąbrowski,Dąbrowa Tarnowska,gmina miejsko-wiejska,1204023,2021,nowy,,,,,,,,,,
9949,małopolskie,dąbrowski,Dąbrowa Tarnowska,gmina miejsko-wiejska,1204023,2022,nowy,,,,,,,,,,
9950,małopolskie,dąbrowski,Dąbrowa Tarnowska,gmina miejsko-wiejska,1204023,2023,nowy,,,,,,,,,,
9951,małopolskie,dąbrowski,Dąbrowa Tarnowska,gmina miejsko-wiejska,1204023,2024,nowy,,,,,,,,,,
9952,małopolskie,dąbrowski,Dąbrowa Tarnowska,gmina miejsko-wiejska,1204023,2025,nowy,,,,,,,,,,
9953,małopolskie,dąbrowski,Gręboszów,gmina wiejska,1204032,2018,nowy,,,,,,,,,,
9954,małopolskie,dąbrowski,Gręboszów,gmina wiejska,1204032,2019,nowy,,,,,,,,,,
9955,małopolskie,dąbrowski,Gręboszów,gmina wiejska,1204032,2020,nowy,,,,,,,,,,
9956,małopolskie,dąbrowski,Gręboszów,gmina wiejska,1204032,2021,nowy,,,,,,,,,,
9957,małopolskie,dąbrowski,Gręboszów,gmina wiejska,1204032,2022,nowy,,,,,,,,,,
9958,małopolskie,dąbrowski,Gręboszów,gmina wiejska,1204032,2023,nowy,,,,,,,,,,
9959,małopolskie,dąbrowski,Gręboszów,gmina wiejska,1204032,2024,nowy,,,,,,,,,,
9960,małopolskie,dąbrowski,Gręboszów,gmina wiejska,1204032,2025,nowy,,,,,,,,,,
9961,małopolskie,dąbrowski,Mędrzechów,gmina wiejska,1204042,2018,nowy,,,,,,,,,,
9962,małopolskie,dąbrowski,Mędrzechów,gmina wiejska,1204042,2019,nowy,,,,,,,,,,
9963,małopolskie,dąbrowski,Mędrzechów,gmina wiejska,1204042,2020,nowy,,,,,,,,,,
9964,małopolskie,dąbrowski,Mędrzechów,gmina wiejska,1204042,2021,nowy,,,,,,,,,,
9965,małopolskie,dąbrowski,Mędrzechów,gmina wiejska,1204042,2022,nowy,,,,,,,,,,
9966,małopolskie,dąbrowski,Mędrzechów,gmina wiejska,1204042,2023,nowy,,,,,,,,,,
9967,małopolskie,dąbrowski,Mędrzechów,gmina wiejska,1204042,2024,nowy,,,,,,,,,,
9968,małopolskie,dąbrowski,Mędrzechów,gmina wiejska,1204042,2025,nowy,,,,,,,,,,
9969,małopolskie,dąbrowski,Olesno,gmina wiejska,1204052,2018,nowy,,,,,,,,,,
9970,małopolskie,dąbrowski,Olesno,gmina wiejska,1204052,2019,nowy,,,,,,,,,,
9971,małopolskie,dąbrowski,Olesno,gmina wiejska,1204052,2020,nowy,,,,,,,,,,
9972,małopolskie,dąbrowski,Olesno,gmina wiejska,1204052,2021,nowy,,,,,,,,,,
9973,małopolskie,dąbrowski,Olesno,gmina wiejska,1204052,2022,nowy,,,,,,,,,,
9974,małopolskie,dąbrowski,Olesno,gmina wiejska,1204052,2023,nowy,,,,,,,,,,
9975,małopolskie,dąbrowski,Olesno,gmina wiejska,1204052,2024,nowy,,,,,,,,,,
9976,małopolskie,dąbrowski,Olesno,gmina wiejska,1204052,2025,nowy,,,,,,,,,,
9977,małopolskie,dąbrowski,Radgoszcz,gmina wiejska,1204062,2018,nowy,,,,,,,,,,
9978,małopolskie,dąbrowski,Radgoszcz,gmina wiejska,1204062,2019,nowy,,,,,,,,,,
9979,małopolskie,dąbrowski,Radgoszcz,gmina wiejska,1204062,2020,nowy,,,,,,,,,,
9980,małopolskie,dąbrowski,Radgoszcz,gmina wiejska,1204062,2021,nowy,,,,,,,,,,
9981,małopolskie,dąbrowski,Radgoszcz,gmina wiejska,1204062,2022,nowy,,,,,,,,,,
9982,małopolskie,dąbrowski,Radgoszcz,gmina wiejska,1204062,2023,nowy,,,,,,,,,,
9983,małopolskie,dąbrowski,Radgoszcz,gmina wiejska,1204062,2024,nowy,,,,,,,,,,
9984,małopolskie,dąbrowski,Radgoszcz,gmina wiejska,1204062,2025,nowy,,,,,,,,,,
9985,małopolskie,dąbrowski,Szczucin,gmina miejsko-wiejska,1204073,2018,nowy,,,,,,,,,,
9986,małopolskie,dąbrowski,Szczucin,gmina miejsko-wiejska,1204073,2019,nowy,,,,,,,,,,
9987,małopolskie,dąbrowski,Szczucin,gmina miejsko-wiejska,1204073,2020,nowy,,,,,,,,,,
9988,małopolskie,dąbrowski,Szczucin,gmina miejsko-wiejska,1204073,2021,nowy,,,,,,,,,,
9989,małopolskie,dąbrowski,Szczucin,gmina miejsko-wiejska,1204073,2022,nowy,,,,,,,,,,
9990,małopolskie,dąbrowski,Szczucin,gmina miejsko-wiejska,1204073,2023,nowy,,,,,,,,,,
9991,małopolskie,dąbrowski,Szczucin,gmina miejsko-wiejska,1204073,2024,nowy,,,,,,,,,,
9992,małopolskie,dąbrowski,Szczucin,gmina miejsko-wiejska,1204073,2025,nowy,,,,,,,,,,
9993,małopolskie,gorlicki,-,-,1205,2018,nowy,,,,,,,,,,
9994,małopolskie,gorlicki,-,-,1205,2019,nowy,,,,,,,,,,
9995,małopolskie,gorlicki,-,-,1205,2020,nowy,,,,,,,,,,
9996,małopolskie,gorlicki,-,-,1205,2021,nowy,,,,,,,,,,
9997,małopolskie,gorlicki,-,-,1205,2022,nowy,,,,,,,,,,
9998,małopolskie,gorlicki,-,-,1205,2023,nowy,,,,,,,,,,
9999,małopolskie,gorlicki,-,-,1205,2024,nowy,,,,,,,,,,
10000,małopolskie,gorlicki,-,-,1205,2025,nowy,,,,,,,,,,
10001,małopolskie,gorlicki,Gorlice,gmina miejska,1205011,2018,nowy,,,,,,,,,,
10002,małopolskie,gorlicki,Gorlice,gmina miejska,1205011,2019,nowy,,,,,,,,,,
10003,małopolskie,gorlicki,Gorlice,gmina miejska,1205011,2020,nowy,,,,,,,,,,
10004,małopolskie,gorlicki,Gorlice,gmina miejska,1205011,2021,nowy,,,,,,,,,,
10005,małopolskie,gorlicki,Gorlice,gmina miejska,1205011,2022,nowy,,,,,,,,,,
10006,małopolskie,gorlicki,Gorlice,gmina miejska,1205011,2023,nowy,,,,,,,,,,
10007,małopolskie,gorlicki,Gorlice,gmina miejska,1205011,2024,nowy,,,,,,,,,,
10008,małopolskie,gorlicki,Gorlice,gmina miejska,1205011,2025,nowy,,,,,,,,,,
10009,małopolskie,gorlicki,Biecz,gmina miejsko-wiejska,1205023,2018,nowy,,,,,,,,,,
10010,małopolskie,gorlicki,Biecz,gmina miejsko-wiejska,1205023,2019,nowy,,,,,,,,,,
10011,małopolskie,gorlicki,Biecz,gmina miejsko-wiejska,1205023,2020,nowy,,,,,,,,,,
10012,małopolskie,gorlicki,Biecz,gmina miejsko-wiejska,1205023,2021,nowy,,,,,,,,,,
10013,małopolskie,gorlicki,Biecz,gmina miejsko-wiejska,1205023,2022,nowy,,,,,,,,,,
10014,małopolskie,gorlicki,Biecz,gmina miejsko-wiejska,1205023,2023,nowy,,,,,,,,,,
10015,małopolskie,gorlicki,Biecz,gmina miejsko-wiejska,1205023,2024,nowy,,,,,,,,,,
10016,małopolskie,gorlicki,Biecz,gmina miejsko-wiejska,1205023,2025,nowy,,,,,,,,,,
10017,małopolskie,gorlicki,Bobowa,gmina miejsko-wiejska,1205033,2018,nowy,,,,,,,,,,
10018,małopolskie,gorlicki,Bobowa,gmina miejsko-wiejska,1205033,2019,nowy,,,,,,,,,,
10019,małopolskie,gorlicki,Bobowa,gmina miejsko-wiejska,1205033,2020,nowy,,,,,,,,,,
10020,małopolskie,gorlicki,Bobowa,gmina miejsko-wiejska,1205033,2021,nowy,,,,,,,,,,
10021,małopolskie,gorlicki,Bobowa,gmina miejsko-wiejska,1205033,2022,nowy,,,,,,,,,,
10022,małopolskie,gorlicki,Bobowa,gmina miejsko-wiejska,1205033,2023,nowy,,,,,,,,,,
10023,małopolskie,gorlicki,Bobowa,gmina miejsko-wiejska,1205033,2024,nowy,,,,,,,,,,
10024,małopolskie,gorlicki,Bobowa,gmina miejsko-wiejska,1205033,2025,nowy,,,,,,,,,,
10025,małopolskie,gorlicki,Gorlice,gmina wiejska,1205042,2018,nowy,,,,,,,,,,
10026,małopolskie,gorlicki,Gorlice,gmina wiejska,1205042,2019,nowy,,,,,,,,,,
10027,małopolskie,gorlicki,Gorlice,gmina wiejska,1205042,2020,nowy,,,,,,,,,,
10028,małopolskie,gorlicki,Gorlice,gmina wiejska,1205042,2021,nowy,,,,,,,,,,
10029,małopolskie,gorlicki,Gorlice,gmina wiejska,1205042,2022,nowy,,,,,,,,,,
10030,małopolskie,gorlicki,Gorlice,gmina wiejska,1205042,2023,nowy,,,,,,,,,,
10031,małopolskie,gorlicki,Gorlice,gmina wiejska,1205042,2024,nowy,,,,,,,,,,
10032,małopolskie,gorlicki,Gorlice,gmina wiejska,1205042,2025,nowy,,,,,,,,,,
10033,małopolskie,gorlicki,Lipinki,gmina wiejska,1205052,2018,nowy,,,,,,,,,,
10034,małopolskie,gorlicki,Lipinki,gmina wiejska,1205052,2019,nowy,,,,,,,,,,
10035,małopolskie,gorlicki,Lipinki,gmina wiejska,1205052,2020,nowy,,,,,,,,,,
10036,małopolskie,gorlicki,Lipinki,gmina wiejska,1205052,2021,nowy,,,,,,,,,,
10037,małopolskie,gorlicki,Lipinki,gmina wiejska,1205052,2022,nowy,,,,,,,,,,
10038,małopolskie,gorlicki,Lipinki,gmina wiejska,1205052,2023,nowy,,,,,,,,,,
10039,małopolskie,gorlicki,Lipinki,gmina wiejska,1205052,2024,nowy,,,,,,,,,,
10040,małopolskie,gorlicki,Lipinki,gmina wiejska,1205052,2025,nowy,,,,,,,,,,
10041,małopolskie,gorlicki,Łużna,gmina wiejska,1205062,2018,nowy,,,,,,,,,,
10042,małopolskie,gorlicki,Łużna,gmina wiejska,1205062,2019,nowy,,,,,,,,,,
10043,małopolskie,gorlicki,Łużna,gmina wiejska,1205062,2020,nowy,,,,,,,,,,
10044,małopolskie,gorlicki,Łużna,gmina wiejska,1205062,2021,nowy,,,,,,,,,,
10045,małopolskie,gorlicki,Łużna,gmina wiejska,1205062,2022,nowy,,,,,,,,,,
10046,małopolskie,gorlicki,Łużna,gmina wiejska,1205062,2023,nowy,,,,,,,,,,
10047,małopolskie,gorlicki,Łużna,gmina wiejska,1205062,2024,nowy,,,,,,,,,,
10048,małopolskie,gorlicki,Łużna,gmina wiejska,1205062,2025,nowy,,,,,,,,,,
10049,małopolskie,gorlicki,Moszczenica,gmina wiejska,1205072,2018,nowy,,,,,,,,,,
10050,małopolskie,gorlicki,Moszczenica,gmina wiejska,1205072,2019,nowy,,,,,,,,,,
10051,małopolskie,gorlicki,Moszczenica,gmina wiejska,1205072,2020,nowy,,,,,,,,,,
10052,małopolskie,gorlicki,Moszczenica,gmina wiejska,1205072,2021,nowy,,,,,,,,,,
10053,małopolskie,gorlicki,Moszczenica,gmina wiejska,1205072,2022,nowy,,,,,,,,,,
10054,małopolskie,gorlicki,Moszczenica,gmina wiejska,1205072,2023,nowy,,,,,,,,,,
10055,małopolskie,gorlicki,Moszczenica,gmina wiejska,1205072,2024,nowy,,,,,,,,,,
10056,małopolskie,gorlicki,Moszczenica,gmina wiejska,1205072,2025,nowy,,,,,,,,,,
10057,małopolskie,gorlicki,Ropa,gmina wiejska,1205082,2018,nowy,,,,,,,,,,
10058,małopolskie,gorlicki,Ropa,gmina wiejska,1205082,2019,nowy,,,,,,,,,,
10059,małopolskie,gorlicki,Ropa,gmina wiejska,1205082,2020,nowy,,,,,,,,,,
10060,małopolskie,gorlicki,Ropa,gmina wiejska,1205082,2021,nowy,,,,,,,,,,
10061,małopolskie,gorlicki,Ropa,gmina wiejska,1205082,2022,nowy,,,,,,,,,,
10062,małopolskie,gorlicki,Ropa,gmina wiejska,1205082,2023,nowy,,,,,,,,,,
10063,małopolskie,gorlicki,Ropa,gmina wiejska,1205082,2024,nowy,,,,,,,,,,
10064,małopolskie,gorlicki,Ropa,gmina wiejska,1205082,2025,nowy,,,,,,,,,,
10065,małopolskie,gorlicki,Sękowa,gmina wiejska,1205092,2018,nowy,,,,,,,,,,
10066,małopolskie,gorlicki,Sękowa,gmina wiejska,1205092,2019,nowy,,,,,,,,,,
10067,małopolskie,gorlicki,Sękowa,gmina wiejska,1205092,2020,nowy,,,,,,,,,,
10068,małopolskie,gorlicki,Sękowa,gmina wiejska,1205092,2021,nowy,,,,,,,,,,
10069,małopolskie,gorlicki,Sękowa,gmina wiejska,1205092,2022,nowy,,,,,,,,,,
10070,małopolskie,gorlicki,Sękowa,gmina wiejska,1205092,2023,nowy,,,,,,,,,,
10071,małopolskie,gorlicki,Sękowa,gmina wiejska,1205092,2024,nowy,,,,,,,,,,
10072,małopolskie,gorlicki,Sękowa,gmina wiejska,1205092,2025,nowy,,,,,,,,,,
10073,małopolskie,gorlicki,Uście Gorlickie,gmina wiejska,1205102,2018,nowy,,,,,,,,,,
10074,małopolskie,gorlicki,Uście Gorlickie,gmina wiejska,1205102,2019,nowy,,,,,,,,,,
10075,małopolskie,gorlicki,Uście Gorlickie,gmina wiejska,1205102,2020,nowy,,,,,,,,,,
10076,małopolskie,gorlicki,Uście Gorlickie,gmina wiejska,1205102,2021,nowy,,,,,,,,,,
10077,małopolskie,gorlicki,Uście Gorlickie,gmina wiejska,1205102,2022,nowy,,,,,,,,,,
10078,małopolskie,gorlicki,Uście Gorlickie,gmina wiejska,1205102,2023,nowy,,,,,,,,,,
10079,małopolskie,gorlicki,Uście Gorlickie,gmina wiejska,1205102,2024,nowy,,,,,,,,,,
10080,małopolskie,gorlicki,Uście Gorlickie,gmina wiejska,1205102,2025,nowy,,,,,,,,,,
10081,małopolskie,krakowski,-,-,1206,2018,nowy,,,,,,,,,,
10082,małopolskie,krakowski,-,-,1206,2019,nowy,,,,,,,,,,
10083,małopolskie,krakowski,-,-,1206,2020,nowy,,,,,,,,,,
10084,małopolskie,krakowski,-,-,1206,2021,nowy,,,,,,,,,,
10085,małopolskie,krakowski,-,-,1206,2022,nowy,,,,,,,,,,
10086,małopolskie,krakowski,-,-,1206,2023,nowy,,,,,,,,,,
10087,małopolskie,krakowski,-,-,1206,2024,nowy,,,,,,,,,,
10088,małopolskie,krakowski,-,-,1206,2025,nowy,,,,,,,,,,
10089,małopolskie,krakowski,Czernichów,gmina wiejska,1206012,2018,nowy,,,,,,,,,,
10090,małopolskie,krakowski,Czernichów,gmina wiejska,1206012,2019,nowy,,,,,,,,,,
10091,małopolskie,krakowski,Czernichów,gmina wiejska,1206012,2020,nowy,,,,,,,,,,
10092,małopolskie,krakowski,Czernichów,gmina wiejska,1206012,2021,nowy,,,,,,,,,,
10093,małopolskie,krakowski,Czernichów,gmina wiejska,1206012,2022,nowy,,,,,,,,,,
10094,małopolskie,krakowski,Czernichów,gmina wiejska,1206012,2023,nowy,,,,,,,,,,
10095,małopolskie,krakowski,Czernichów,gmina wiejska,1206012,2024,nowy,,,,,,,,,,
10096,małopolskie,krakowski,Czernichów,gmina wiejska,1206012,2025,nowy,,,,,,,,,,
10097,małopolskie,krakowski,Igołomia-Wawrzeńczyce,gmina wiejska,1206022,2018,nowy,,,,,,,,,,
10098,małopolskie,krakowski,Igołomia-Wawrzeńczyce,gmina wiejska,1206022,2019,nowy,,,,,,,,,,
10099,małopolskie,krakowski,Igołomia-Wawrzeńczyce,gmina wiejska,1206022,2020,nowy,,,,,,,,,,
10100,małopolskie,krakowski,Igołomia-Wawrzeńczyce,gmina wiejska,1206022,2021,nowy,,,,,,,,,,
10101,małopolskie,krakowski,Igołomia-Wawrzeńczyce,gmina wiejska,1206022,2022,nowy,,,,,,,,,,
10102,małopolskie,krakowski,Igołomia-Wawrzeńczyce,gmina wiejska,1206022,2023,nowy,,,,,,,,,,
10103,małopolskie,krakowski,Igołomia-Wawrzeńczyce,gmina wiejska,1206022,2024,nowy,,,,,,,,,,
10104,małopolskie,krakowski,Igołomia-Wawrzeńczyce,gmina wiejska,1206022,2025,nowy,,,,,,,,,,
10105,małopolskie,krakowski,Iwanowice,gmina wiejska,1206032,2018,nowy,,,,,,,,,,
10106,małopolskie,krakowski,Iwanowice,gmina wiejska,1206032,2019,nowy,,,,,,,,,,
10107,małopolskie,krakowski,Iwanowice,gmina wiejska,1206032,2020,nowy,,,,,,,,,,
10108,małopolskie,krakowski,Iwanowice,gmina wiejska,1206032,2021,nowy,,,,,,,,,,
10109,małopolskie,krakowski,Iwanowice,gmina wiejska,1206032,2022,nowy,,,,,,,,,,
10110,małopolskie,krakowski,Iwanowice,gmina wiejska,1206032,2023,nowy,,,,,,,,,,
10111,małopolskie,krakowski,Iwanowice,gmina wiejska,1206032,2024,nowy,,,,,,,,,,
10112,małopolskie,krakowski,Iwanowice,gmina wiejska,1206032,2025,nowy,,,,,,,,,,
10113,małopolskie,krakowski,Jerzmanowice-Przeginia,gmina wiejska,1206042,2018,nowy,,,,,,,,,,
10114,małopolskie,krakowski,Jerzmanowice-Przeginia,gmina wiejska,1206042,2019,nowy,,,,,,,,,,
10115,małopolskie,krakowski,Jerzmanowice-Przeginia,gmina wiejska,1206042,2020,nowy,,,,,,,,,,
10116,małopolskie,krakowski,Jerzmanowice-Przeginia,gmina wiejska,1206042,2021,nowy,,,,,,,,,,
10117,małopolskie,krakowski,Jerzmanowice-Przeginia,gmina wiejska,1206042,2022,nowy,,,,,,,,,,
10118,małopolskie,krakowski,Jerzmanowice-Przeginia,gmina wiejska,1206042,2023,nowy,,,,,,,,,,
10119,małopolskie,krakowski,Jerzmanowice-Przeginia,gmina wiejska,1206042,2024,nowy,,,,,,,,,,
10120,małopolskie,krakowski,Jerzmanowice-Przeginia,gmina wiejska,1206042,2025,nowy,,,,,,,,,,
10121,małopolskie,krakowski,Kocmyrzów-Luborzyca,gmina wiejska,1206052,2018,nowy,,,,,,,,,,
10122,małopolskie,krakowski,Kocmyrzów-Luborzyca,gmina wiejska,1206052,2019,nowy,,,,,,,,,,
10123,małopolskie,krakowski,Kocmyrzów-Luborzyca,gmina wiejska,1206052,2020,nowy,,,,,,,,,,
10124,małopolskie,krakowski,Kocmyrzów-Luborzyca,gmina wiejska,1206052,2021,nowy,,,,,,,,,,
10125,małopolskie,krakowski,Kocmyrzów-Luborzyca,gmina wiejska,1206052,2022,nowy,,,,,,,,,,
10126,małopolskie,krakowski,Kocmyrzów-Luborzyca,gmina wiejska,1206052,2023,nowy,,,,,,,,,,
10127,małopolskie,krakowski,Kocmyrzów-Luborzyca,gmina wiejska,1206052,2024,nowy,,,,,,,,,,
10128,małopolskie,krakowski,Kocmyrzów-Luborzyca,gmina wiejska,1206052,2025,nowy,,,,,,,,,,
10129,małopolskie,krakowski,Krzeszowice,gmina miejsko-wiejska,1206063,2018,nowy,,,,,,,,,,
10130,małopolskie,krakowski,Krzeszowice,gmina miejsko-wiejska,1206063,2019,nowy,,,,,,,,,,
10131,małopolskie,krakowski,Krzeszowice,gmina miejsko-wiejska,1206063,2020,nowy,,,,,,,,,,
10132,małopolskie,krakowski,Krzeszowice,gmina miejsko-wiejska,1206063,2021,nowy,,,,,,,,,,
10133,małopolskie,krakowski,Krzeszowice,gmina miejsko-wiejska,1206063,2022,nowy,,,,,,,,,,
10134,małopolskie,krakowski,Krzeszowice,gmina miejsko-wiejska,1206063,2023,nowy,,,,,,,,,,
10135,małopolskie,krakowski,Krzeszowice,gmina miejsko-wiejska,1206063,2024,nowy,,,,,,,,,,
10136,małopolskie,krakowski,Krzeszowice,gmina miejsko-wiejska,1206063,2025,nowy,,,,,,,,,,
10137,małopolskie,krakowski,Liszki,gmina wiejska,1206072,2018,nowy,,,,,,,,,,
10138,małopolskie,krakowski,Liszki,gmina wiejska,1206072,2019,nowy,,,,,,,,,,
10139,małopolskie,krakowski,Liszki,gmina wiejska,1206072,2020,nowy,,,,,,,,,,
10140,małopolskie,krakowski,Liszki,gmina wiejska,1206072,2021,nowy,,,,,,,,,,
10141,małopolskie,krakowski,Liszki,gmina wiejska,1206072,2022,nowy,,,,,,,,,,
10142,małopolskie,krakowski,Liszki,gmina wiejska,1206072,2023,nowy,,,,,,,,,,
10143,małopolskie,krakowski,Liszki,gmina wiejska,1206072,2024,nowy,,,,,,,,,,
10144,małopolskie,krakowski,Liszki,gmina wiejska,1206072,2025,nowy,,,,,,,,,,
10145,małopolskie,krakowski,Michałowice,gmina wiejska,1206082,2018,nowy,,,,,,,,,,
10146,małopolskie,krakowski,Michałowice,gmina wiejska,1206082,2019,nowy,,,,,,,,,,
10147,małopolskie,krakowski,Michałowice,gmina wiejska,1206082,2020,nowy,,,,,,,,,,
10148,małopolskie,krakowski,Michałowice,gmina wiejska,1206082,2021,nowy,,,,,,,,,,
10149,małopolskie,krakowski,Michałowice,gmina wiejska,1206082,2022,nowy,,,,,,,,,,
10150,małopolskie,krakowski,Michałowice,gmina wiejska,1206082,2023,nowy,,,,,,,,,,
10151,małopolskie,krakowski,Michałowice,gmina wiejska,1206082,2024,nowy,,,,,,,,,,
10152,małopolskie,krakowski,Michałowice,gmina wiejska,1206082,2025,nowy,,,,,,,,,,
10153,małopolskie,krakowski,Mogilany,gmina wiejska,1206092,2018,nowy,,,,,,,,,,
10154,małopolskie,krakowski,Mogilany,gmina wiejska,1206092,2019,nowy,,,,,,,,,,
10155,małopolskie,krakowski,Mogilany,gmina wiejska,1206092,2020,nowy,,,,,,,,,,
10156,małopolskie,krakowski,Mogilany,gmina wiejska,1206092,2021,nowy,,,,,,,,,,
10157,małopolskie,krakowski,Mogilany,gmina wiejska,1206092,2022,nowy,,,,,,,,,,
10158,małopolskie,krakowski,Mogilany,gmina wiejska,1206092,2023,nowy,,,,,,,,,,
10159,małopolskie,krakowski,Mogilany,gmina wiejska,1206092,2024,nowy,,,,,,,,,,
10160,małopolskie,krakowski,Mogilany,gmina wiejska,1206092,2025,nowy,,,,,,,,,,
10161,małopolskie,krakowski,Skała,gmina miejsko-wiejska,1206103,2018,nowy,,,,,,,,,,
10162,małopolskie,krakowski,Skała,gmina miejsko-wiejska,1206103,2019,nowy,,,,,,,,,,
10163,małopolskie,krakowski,Skała,gmina miejsko-wiejska,1206103,2020,nowy,,,,,,,,,,
10164,małopolskie,krakowski,Skała,gmina miejsko-wiejska,1206103,2021,nowy,,,,,,,,,,
10165,małopolskie,krakowski,Skała,gmina miejsko-wiejska,1206103,2022,nowy,,,,,,,,,,
10166,małopolskie,krakowski,Skała,gmina miejsko-wiejska,1206103,2023,nowy,,,,,,,,,,
10167,małopolskie,krakowski,Skała,gmina miejsko-wiejska,1206103,2024,nowy,,,,,,,,,,
10168,małopolskie,krakowski,Skała,gmina miejsko-wiejska,1206103,2025,nowy,,,,,,,,,,
10169,małopolskie,krakowski,Skawina,gmina miejsko-wiejska,1206113,2018,nowy,,,,,,,,,,
10170,małopolskie,krakowski,Skawina,gmina miejsko-wiejska,1206113,2019,nowy,,,,,,,,,,
10171,małopolskie,krakowski,Skawina,gmina miejsko-wiejska,1206113,2020,nowy,,,,,,,,,,
10172,małopolskie,krakowski,Skawina,gmina miejsko-wiejska,1206113,2021,nowy,,,,,,,,,,
10173,małopolskie,krakowski,Skawina,gmina miejsko-wiejska,1206113,2022,nowy,,,,,,,,,,
10174,małopolskie,krakowski,Skawina,gmina miejsko-wiejska,1206113,2023,nowy,,,,,,,,,,
10175,małopolskie,krakowski,Skawina,gmina miejsko-wiejska,1206113,2024,nowy,,,,,,,,,,
10176,małopolskie,krakowski,Skawina,gmina miejsko-wiejska,1206113,2025,nowy,,,,,,,,,,
10177,małopolskie,krakowski,Słomniki,gmina miejsko-wiejska,1206123,2018,nowy,,,,,,,,,,
10178,małopolskie,krakowski,Słomniki,gmina miejsko-wiejska,1206123,2019,nowy,,,,,,,,,,
10179,małopolskie,krakowski,Słomniki,gmina miejsko-wiejska,1206123,2020,nowy,,,,,,,,,,
10180,małopolskie,krakowski,Słomniki,gmina miejsko-wiejska,1206123,2021,nowy,,,,,,,,,,
10181,małopolskie,krakowski,Słomniki,gmina miejsko-wiejska,1206123,2022,nowy,,,,,,,,,,
10182,małopolskie,krakowski,Słomniki,gmina miejsko-wiejska,1206123,2023,nowy,,,,,,,,,,
10183,małopolskie,krakowski,Słomniki,gmina miejsko-wiejska,1206123,2024,nowy,,,,,,,,,,
10184,małopolskie,krakowski,Słomniki,gmina miejsko-wiejska,1206123,2025,nowy,,,,,,,,,,
10185,małopolskie,krakowski,Sułoszowa,gmina wiejska,1206132,2018,nowy,,,,,,,,,,
10186,małopolskie,krakowski,Sułoszowa,gmina wiejska,1206132,2019,nowy,,,,,,,,,,
10187,małopolskie,krakowski,Sułoszowa,gmina wiejska,1206132,2020,nowy,,,,,,,,,,
10188,małopolskie,krakowski,Sułoszowa,gmina wiejska,1206132,2021,nowy,,,,,,,,,,
10189,małopolskie,krakowski,Sułoszowa,gmina wiejska,1206132,2022,nowy,,,,,,,,,,
10190,małopolskie,krakowski,Sułoszowa,gmina wiejska,1206132,2023,nowy,,,,,,,,,,
10191,małopolskie,krakowski,Sułoszowa,gmina wiejska,1206132,2024,nowy,,,,,,,,,,
10192,małopolskie,krakowski,Sułoszowa,gmina wiejska,1206132,2025,nowy,,,,,,,,,,
10193,małopolskie,krakowski,Świątniki Górne,gmina miejsko-wiejska,1206143,2018,nowy,,,,,,,,,,
10194,małopolskie,krakowski,Świątniki Górne,gmina miejsko-wiejska,1206143,2019,nowy,,,,,,,,,,
10195,małopolskie,krakowski,Świątniki Górne,gmina miejsko-wiejska,1206143,2020,nowy,,,,,,,,,,
10196,małopolskie,krakowski,Świątniki Górne,gmina miejsko-wiejska,1206143,2021,nowy,,,,,,,,,,
10197,małopolskie,krakowski,Świątniki Górne,gmina miejsko-wiejska,1206143,2022,nowy,,,,,,,,,,
10198,małopolskie,krakowski,Świątniki Górne,gmina miejsko-wiejska,1206143,2023,nowy,,,,,,,,,,
10199,małopolskie,krakowski,Świątniki Górne,gmina miejsko-wiejska,1206143,2024,nowy,,,,,,,,,,
10200,małopolskie,krakowski,Świątniki Górne,gmina miejsko-wiejska,1206143,2025,nowy,,,,,,,,,,
10201,małopolskie,krakowski,Wielka Wieś,gmina wiejska,1206152,2018,nowy,,,,,,,,,,
10202,małopolskie,krakowski,Wielka Wieś,gmina wiejska,1206152,2019,nowy,,,,,,,,,,
10203,małopolskie,krakowski,Wielka Wieś,gmina wiejska,1206152,2020,nowy,,,,,,,,,,
10204,małopolskie,krakowski,Wielka Wieś,gmina wiejska,1206152,2021,nowy,,,,,,,,,,
10205,małopolskie,krakowski,Wielka Wieś,gmina wiejska,1206152,2022,nowy,,,,,,,,,,
10206,małopolskie,krakowski,Wielka Wieś,gmina wiejska,1206152,2023,nowy,,,,,,,,,,
10207,małopolskie,krakowski,Wielka Wieś,gmina wiejska,1206152,2024,nowy,,,,,,,,,,
10208,małopolskie,krakowski,Wielka Wieś,gmina wiejska,1206152,2025,nowy,,,,,,,,,,
10209,małopolskie,krakowski,Zabierzów,gmina wiejska,1206162,2018,nowy,,,,,,,,,,
10210,małopolskie,krakowski,Zabierzów,gmina wiejska,1206162,2019,nowy,,,,,,,,,,
10211,małopolskie,krakowski,Zabierzów,gmina wiejska,1206162,2020,nowy,,,,,,,,,,
10212,małopolskie,krakowski,Zabierzów,gmina wiejska,1206162,2021,nowy,,,,,,,,,,
10213,małopolskie,krakowski,Zabierzów,gmina wiejska,1206162,2022,nowy,,,,,,,,,,
10214,małopolskie,krakowski,Zabierzów,gmina wiejska,1206162,2023,nowy,,,,,,,,,,
10215,małopolskie,krakowski,Zabierzów,gmina wiejska,1206162,2024,nowy,,,,,,,,,,
10216,małopolskie,krakowski,Zabierzów,gmina wiejska,1206162,2025,nowy,,,,,,,,,,
10217,małopolskie,krakowski,Zielonki,gmina wiejska,1206172,2018,nowy,,,,,,,,,,
10218,małopolskie,krakowski,Zielonki,gmina wiejska,1206172,2019,nowy,,,,,,,,,,
10219,małopolskie,krakowski,Zielonki,gmina wiejska,1206172,2020,nowy,,,,,,,,,,
10220,małopolskie,krakowski,Zielonki,gmina wiejska,1206172,2021,nowy,,,,,,,,,,
10221,małopolskie,krakowski,Zielonki,gmina wiejska,1206172,2022,nowy,,,,,,,,,,
10222,małopolskie,krakowski,Zielonki,gmina wiejska,1206172,2023,nowy,,,,,,,,,,
10223,małopolskie,krakowski,Zielonki,gmina wiejska,1206172,2024,nowy,,,,,,,,,,
10224,małopolskie,krakowski,Zielonki,gmina wiejska,1206172,2025,nowy,,,,,,,,,,
10225,małopolskie,limanowski,-,-,1207,2018,nowy,,,,,,,,,,
10226,małopolskie,limanowski,-,-,1207,2019,nowy,,,,,,,,,,
10227,małopolskie,limanowski,-,-,1207,2020,nowy,,,,,,,,,,
10228,małopolskie,limanowski,-,-,1207,2021,nowy,,,,,,,,,,
10229,małopolskie,limanowski,-,-,1207,2022,nowy,,,,,,,,,,
10230,małopolskie,limanowski,-,-,1207,2023,nowy,,,,,,,,,,
10231,małopolskie,limanowski,-,-,1207,2024,nowy,,,,,,,,,,
10232,małopolskie,limanowski,-,-,1207,2025,nowy,,,,,,,,,,
10233,małopolskie,limanowski,Limanowa,gmina miejska,1207011,2018,nowy,,,,,,,,,,
10234,małopolskie,limanowski,Limanowa,gmina miejska,1207011,2019,nowy,,,,,,,,,,
10235,małopolskie,limanowski,Limanowa,gmina miejska,1207011,2020,nowy,,,,,,,,,,
10236,małopolskie,limanowski,Limanowa,gmina miejska,1207011,2021,nowy,,,,,,,,,,
10237,małopolskie,limanowski,Limanowa,gmina miejska,1207011,2022,nowy,,,,,,,,,,
10238,małopolskie,limanowski,Limanowa,gmina miejska,1207011,2023,nowy,,,,,,,,,,
10239,małopolskie,limanowski,Limanowa,gmina miejska,1207011,2024,nowy,,,,,,,,,,
10240,małopolskie,limanowski,Limanowa,gmina miejska,1207011,2025,nowy,,,,,,,,,,
10241,małopolskie,limanowski,Mszana Dolna,gmina miejska,1207021,2018,nowy,,,,,,,,,,
10242,małopolskie,limanowski,Mszana Dolna,gmina miejska,1207021,2019,nowy,,,,,,,,,,
10243,małopolskie,limanowski,Mszana Dolna,gmina miejska,1207021,2020,nowy,,,,,,,,,,
10244,małopolskie,limanowski,Mszana Dolna,gmina miejska,1207021,2021,nowy,,,,,,,,,,
10245,małopolskie,limanowski,Mszana Dolna,gmina miejska,1207021,2022,nowy,,,,,,,,,,
10246,małopolskie,limanowski,Mszana Dolna,gmina miejska,1207021,2023,nowy,,,,,,,,,,
10247,małopolskie,limanowski,Mszana Dolna,gmina miejska,1207021,2024,nowy,,,,,,,,,,
10248,małopolskie,limanowski,Mszana Dolna,gmina miejska,1207021,2025,nowy,,,,,,,,,,
10249,małopolskie,limanowski,Dobra,gmina wiejska,1207032,2018,nowy,,,,,,,,,,
10250,małopolskie,limanowski,Dobra,gmina wiejska,1207032,2019,nowy,,,,,,,,,,
10251,małopolskie,limanowski,Dobra,gmina wiejska,1207032,2020,nowy,,,,,,,,,,
10252,małopolskie,limanowski,Dobra,gmina wiejska,1207032,2021,nowy,,,,,,,,,,
10253,małopolskie,limanowski,Dobra,gmina wiejska,1207032,2022,nowy,,,,,,,,,,
10254,małopolskie,limanowski,Dobra,gmina wiejska,1207032,2023,nowy,,,,,,,,,,
10255,małopolskie,limanowski,Dobra,gmina wiejska,1207032,2024,nowy,,,,,,,,,,
10256,małopolskie,limanowski,Dobra,gmina wiejska,1207032,2025,nowy,,,,,,,,,,
10257,małopolskie,limanowski,Jodłownik,gmina wiejska,1207042,2018,nowy,,,,,,,,,,
10258,małopolskie,limanowski,Jodłownik,gmina wiejska,1207042,2019,nowy,,,,,,,,,,
10259,małopolskie,limanowski,Jodłownik,gmina wiejska,1207042,2020,nowy,,,,,,,,,,
10260,małopolskie,limanowski,Jodłownik,gmina wiejska,1207042,2021,nowy,,,,,,,,,,
10261,małopolskie,limanowski,Jodłownik,gmina wiejska,1207042,2022,nowy,,,,,,,,,,
10262,małopolskie,limanowski,Jodłownik,gmina wiejska,1207042,2023,nowy,,,,,,,,,,
10263,małopolskie,limanowski,Jodłownik,gmina wiejska,1207042,2024,nowy,,,,,,,,,,
10264,małopolskie,limanowski,Jodłownik,gmina wiejska,1207042,2025,nowy,,,,,,,,,,
10265,małopolskie,limanowski,Kamienica,gmina wiejska,1207052,2018,nowy,,,,,,,,,,
10266,małopolskie,limanowski,Kamienica,gmina wiejska,1207052,2019,nowy,,,,,,,,,,
10267,małopolskie,limanowski,Kamienica,gmina wiejska,1207052,2020,nowy,,,,,,,,,,
10268,małopolskie,limanowski,Kamienica,gmina wiejska,1207052,2021,nowy,,,,,,,,,,
10269,małopolskie,limanowski,Kamienica,gmina wiejska,1207052,2022,nowy,,,,,,,,,,
10270,małopolskie,limanowski,Kamienica,gmina wiejska,1207052,2023,nowy,,,,,,,,,,
10271,małopolskie,limanowski,Kamienica,gmina wiejska,1207052,2024,nowy,,,,,,,,,,
10272,małopolskie,limanowski,Kamienica,gmina wiejska,1207052,2025,nowy,,,,,,,,,,
10273,małopolskie,limanowski,Laskowa,gmina wiejska,1207062,2018,nowy,,,,,,,,,,
10274,małopolskie,limanowski,Laskowa,gmina wiejska,1207062,2019,nowy,,,,,,,,,,
10275,małopolskie,limanowski,Laskowa,gmina wiejska,1207062,2020,nowy,,,,,,,,,,
10276,małopolskie,limanowski,Laskowa,gmina wiejska,1207062,2021,nowy,,,,,,,,,,
10277,małopolskie,limanowski,Laskowa,gmina wiejska,1207062,2022,nowy,,,,,,,,,,
10278,małopolskie,limanowski,Laskowa,gmina wiejska,1207062,2023,nowy,,,,,,,,,,
10279,małopolskie,limanowski,Laskowa,gmina wiejska,1207062,2024,nowy,,,,,,,,,,
10280,małopolskie,limanowski,Laskowa,gmina wiejska,1207062,2025,nowy,,,,,,,,,,
10281,małopolskie,limanowski,Limanowa,gmina wiejska,1207072,2018,nowy,,,,,,,,,,
10282,małopolskie,limanowski,Limanowa,gmina wiejska,1207072,2019,nowy,,,,,,,,,,
10283,małopolskie,limanowski,Limanowa,gmina wiejska,1207072,2020,nowy,,,,,,,,,,
10284,małopolskie,limanowski,Limanowa,gmina wiejska,1207072,2021,nowy,,,,,,,,,,
10285,małopolskie,limanowski,Limanowa,gmina wiejska,1207072,2022,nowy,,,,,,,,,,
10286,małopolskie,limanowski,Limanowa,gmina wiejska,1207072,2023,nowy,,,,,,,,,,
10287,małopolskie,limanowski,Limanowa,gmina wiejska,1207072,2024,nowy,,,,,,,,,,
10288,małopolskie,limanowski,Limanowa,gmina wiejska,1207072,2025,nowy,,,,,,,,,,
10289,małopolskie,limanowski,Łukowica,gmina wiejska,1207082,2018,nowy,,,,,,,,,,
10290,małopolskie,limanowski,Łukowica,gmina wiejska,1207082,2019,nowy,,,,,,,,,,
10291,małopolskie,limanowski,Łukowica,gmina wiejska,1207082,2020,nowy,,,,,,,,,,
10292,małopolskie,limanowski,Łukowica,gmina wiejska,1207082,2021,nowy,,,,,,,,,,
10293,małopolskie,limanowski,Łukowica,gmina wiejska,1207082,2022,nowy,,,,,,,,,,
10294,małopolskie,limanowski,Łukowica,gmina wiejska,1207082,2023,nowy,,,,,,,,,,
10295,małopolskie,limanowski,Łukowica,gmina wiejska,1207082,2024,nowy,,,,,,,,,,
10296,małopolskie,limanowski,Łukowica,gmina wiejska,1207082,2025,nowy,,,,,,,,,,
10297,małopolskie,limanowski,Mszana Dolna,gmina wiejska,1207092,2018,nowy,,,,,,,,,,
10298,małopolskie,limanowski,Mszana Dolna,gmina wiejska,1207092,2019,nowy,,,,,,,,,,
10299,małopolskie,limanowski,Mszana Dolna,gmina wiejska,1207092,2020,nowy,,,,,,,,,,
10300,małopolskie,limanowski,Mszana Dolna,gmina wiejska,1207092,2021,nowy,,,,,,,,,,
10301,małopolskie,limanowski,Mszana Dolna,gmina wiejska,1207092,2022,nowy,,,,,,,,,,
10302,małopolskie,limanowski,Mszana Dolna,gmina wiejska,1207092,2023,nowy,,,,,,,,,,
10303,małopolskie,limanowski,Mszana Dolna,gmina wiejska,1207092,2024,nowy,,,,,,,,,,
10304,małopolskie,limanowski,Mszana Dolna,gmina wiejska,1207092,2025,nowy,,,,,,,,,,
10305,małopolskie,limanowski,Niedźwiedź,gmina wiejska,1207102,2018,nowy,,,,,,,,,,
10306,małopolskie,limanowski,Niedźwiedź,gmina wiejska,1207102,2019,nowy,,,,,,,,,,
10307,małopolskie,limanowski,Niedźwiedź,gmina wiejska,1207102,2020,nowy,,,,,,,,,,
10308,małopolskie,limanowski,Niedźwiedź,gmina wiejska,1207102,2021,nowy,,,,,,,,,,
10309,małopolskie,limanowski,Niedźwiedź,gmina wiejska,1207102,2022,nowy,,,,,,,,,,
10310,małopolskie,limanowski,Niedźwiedź,gmina wiejska,1207102,2023,nowy,,,,,,,,,,
10311,małopolskie,limanowski,Niedźwiedź,gmina wiejska,1207102,2024,nowy,,,,,,,,,,
10312,małopolskie,limanowski,Niedźwiedź,gmina wiejska,1207102,2025,nowy,,,,,,,,,,
10313,małopolskie,limanowski,Słopnice,gmina wiejska,1207112,2018,nowy,,,,,,,,,,
10314,małopolskie,limanowski,Słopnice,gmina wiejska,1207112,2019,nowy,,,,,,,,,,
10315,małopolskie,limanowski,Słopnice,gmina wiejska,1207112,2020,nowy,,,,,,,,,,
10316,małopolskie,limanowski,Słopnice,gmina wiejska,1207112,2021,nowy,,,,,,,,,,
10317,małopolskie,limanowski,Słopnice,gmina wiejska,1207112,2022,nowy,,,,,,,,,,
10318,małopolskie,limanowski,Słopnice,gmina wiejska,1207112,2023,nowy,,,,,,,,,,
10319,małopolskie,limanowski,Słopnice,gmina wiejska,1207112,2024,nowy,,,,,,,,,,
10320,małopolskie,limanowski,Słopnice,gmina wiejska,1207112,2025,nowy,,,,,,,,,,
10321,małopolskie,limanowski,Tymbark,gmina wiejska,1207122,2018,nowy,,,,,,,,,,
10322,małopolskie,limanowski,Tymbark,gmina wiejska,1207122,2019,nowy,,,,,,,,,,
10323,małopolskie,limanowski,Tymbark,gmina wiejska,1207122,2020,nowy,,,,,,,,,,
10324,małopolskie,limanowski,Tymbark,gmina wiejska,1207122,2021,nowy,,,,,,,,,,
10325,małopolskie,limanowski,Tymbark,gmina wiejska,1207122,2022,nowy,,,,,,,,,,
10326,małopolskie,limanowski,Tymbark,gmina wiejska,1207122,2023,nowy,,,,,,,,,,
10327,małopolskie,limanowski,Tymbark,gmina wiejska,1207122,2024,nowy,,,,,,,,,,
10328,małopolskie,limanowski,Tymbark,gmina wiejska,1207122,2025,nowy,,,,,,,,,,
10329,małopolskie,limanowski,Szczawa,gmina wiejska,1207132,2025,nowy,,,,,,,,,,
10330,małopolskie,miechowski,-,-,1208,2018,nowy,,,,,,,,,,
10331,małopolskie,miechowski,-,-,1208,2019,nowy,,,,,,,,,,
10332,małopolskie,miechowski,-,-,1208,2020,nowy,,,,,,,,,,
10333,małopolskie,miechowski,-,-,1208,2021,nowy,,,,,,,,,,
10334,małopolskie,miechowski,-,-,1208,2022,nowy,,,,,,,,,,
10335,małopolskie,miechowski,-,-,1208,2023,nowy,,,,,,,,,,
10336,małopolskie,miechowski,-,-,1208,2024,nowy,,,,,,,,,,
10337,małopolskie,miechowski,-,-,1208,2025,nowy,,,,,,,,,,
10338,małopolskie,miechowski,Charsznica,gmina wiejska,1208012,2018,nowy,,,,,,,,,,
10339,małopolskie,miechowski,Charsznica,gmina wiejska,1208012,2019,nowy,,,,,,,,,,
10340,małopolskie,miechowski,Charsznica,gmina wiejska,1208012,2020,nowy,,,,,,,,,,
10341,małopolskie,miechowski,Charsznica,gmina wiejska,1208012,2021,nowy,,,,,,,,,,
10342,małopolskie,miechowski,Charsznica,gmina wiejska,1208012,2022,nowy,,,,,,,,,,
10343,małopolskie,miechowski,Charsznica,gmina wiejska,1208012,2023,nowy,,,,,,,,,,
10344,małopolskie,miechowski,Charsznica,gmina wiejska,1208012,2024,nowy,,,,,,,,,,
10345,małopolskie,miechowski,Charsznica,gmina wiejska,1208012,2025,nowy,,,,,,,,,,
10346,małopolskie,miechowski,Gołcza,gmina wiejska,1208022,2018,nowy,,,,,,,,,,
10347,małopolskie,miechowski,Gołcza,gmina wiejska,1208022,2019,nowy,,,,,,,,,,
10348,małopolskie,miechowski,Gołcza,gmina wiejska,1208022,2020,nowy,,,,,,,,,,
10349,małopolskie,miechowski,Gołcza,gmina wiejska,1208022,2021,nowy,,,,,,,,,,
10350,małopolskie,miechowski,Gołcza,gmina wiejska,1208022,2022,nowy,,,,,,,,,,
10351,małopolskie,miechowski,Gołcza,gmina wiejska,1208022,2023,nowy,,,,,,,,,,
10352,małopolskie,miechowski,Gołcza,gmina wiejska,1208022,2024,nowy,,,,,,,,,,
10353,małopolskie,miechowski,Gołcza,gmina wiejska,1208022,2025,nowy,,,,,,,,,,
10354,małopolskie,miechowski,Kozłów,gmina wiejska,1208032,2018,nowy,,,,,,,,,,
10355,małopolskie,miechowski,Kozłów,gmina wiejska,1208032,2019,nowy,,,,,,,,,,
10356,małopolskie,miechowski,Kozłów,gmina wiejska,1208032,2020,nowy,,,,,,,,,,
10357,małopolskie,miechowski,Kozłów,gmina wiejska,1208032,2021,nowy,,,,,,,,,,
10358,małopolskie,miechowski,Kozłów,gmina wiejska,1208032,2022,nowy,,,,,,,,,,
10359,małopolskie,miechowski,Kozłów,gmina wiejska,1208032,2023,nowy,,,,,,,,,,
10360,małopolskie,miechowski,Kozłów,gmina wiejska,1208032,2024,nowy,,,,,,,,,,
10361,małopolskie,miechowski,Kozłów,gmina wiejska,1208032,2025,nowy,,,,,,,,,,
10362,małopolskie,miechowski,Książ Wielki,gmina wiejska,1208042,2018,nowy,,,,,,,,,,
10363,małopolskie,miechowski,Książ Wielki,gmina wiejska,1208042,2019,nowy,,,,,,,,,,
10364,małopolskie,miechowski,Książ Wielki,gmina wiejska,1208042,2020,nowy,,,,,,,,,,
10365,małopolskie,miechowski,Książ Wielki,gmina wiejska,1208042,2021,nowy,,,,,,,,,,
10366,małopolskie,miechowski,Książ Wielki,gmina wiejska,1208042,2022,nowy,,,,,,,,,,
10367,małopolskie,miechowski,Książ Wielki,gmina miejsko-wiejska,1208043,2023,nowy,,,,,,,,,,
10368,małopolskie,miechowski,Książ Wielki,gmina miejsko-wiejska,1208043,2024,nowy,,,,,,,,,,
10369,małopolskie,miechowski,Książ Wielki,gmina miejsko-wiejska,1208043,2025,nowy,,,,,,,,,,
10370,małopolskie,miechowski,Miechów,gmina miejsko-wiejska,1208053,2018,nowy,,,,,,,,,,
10371,małopolskie,miechowski,Miechów,gmina miejsko-wiejska,1208053,2019,nowy,,,,,,,,,,
10372,małopolskie,miechowski,Miechów,gmina miejsko-wiejska,1208053,2020,nowy,,,,,,,,,,
10373,małopolskie,miechowski,Miechów,gmina miejsko-wiejska,1208053,2021,nowy,,,,,,,,,,
10374,małopolskie,miechowski,Miechów,gmina miejsko-wiejska,1208053,2022,nowy,,,,,,,,,,
10375,małopolskie,miechowski,Miechów,gmina miejsko-wiejska,1208053,2023,nowy,,,,,,,,,,
10376,małopolskie,miechowski,Miechów,gmina miejsko-wiejska,1208053,2024,nowy,,,,,,,,,,
10377,małopolskie,miechowski,Miechów,gmina miejsko-wiejska,1208053,2025,nowy,,,,,,,,,,
10378,małopolskie,miechowski,Racławice,gmina wiejska,1208062,2018,nowy,,,,,,,,,,
10379,małopolskie,miechowski,Racławice,gmina wiejska,1208062,2019,nowy,,,,,,,,,,
10380,małopolskie,miechowski,Racławice,gmina wiejska,1208062,2020,nowy,,,,,,,,,,
10381,małopolskie,miechowski,Racławice,gmina wiejska,1208062,2021,nowy,,,,,,,,,,
10382,małopolskie,miechowski,Racławice,gmina wiejska,1208062,2022,nowy,,,,,,,,,,
10383,małopolskie,miechowski,Racławice,gmina wiejska,1208062,2023,nowy,,,,,,,,,,
10384,małopolskie,miechowski,Racławice,gmina wiejska,1208062,2024,nowy,,,,,,,,,,
10385,małopolskie,miechowski,Racławice,gmina wiejska,1208062,2025,nowy,,,,,,,,,,
10386,małopolskie,miechowski,Słaboszów,gmina wiejska,1208072,2018,nowy,,,,,,,,,,
10387,małopolskie,miechowski,Słaboszów,gmina wiejska,1208072,2019,nowy,,,,,,,,,,
10388,małopolskie,miechowski,Słaboszów,gmina wiejska,1208072,2020,nowy,,,,,,,,,,
10389,małopolskie,miechowski,Słaboszów,gmina wiejska,1208072,2021,nowy,,,,,,,,,,
10390,małopolskie,miechowski,Słaboszów,gmina wiejska,1208072,2022,nowy,,,,,,,,,,
10391,małopolskie,miechowski,Słaboszów,gmina wiejska,1208072,2023,nowy,,,,,,,,,,
10392,małopolskie,miechowski,Słaboszów,gmina wiejska,1208072,2024,nowy,,,,,,,,,,
10393,małopolskie,miechowski,Słaboszów,gmina wiejska,1208072,2025,nowy,,,,,,,,,,
10394,małopolskie,myślenicki,-,-,1209,2018,nowy,,,,,,,,,,
10395,małopolskie,myślenicki,-,-,1209,2019,nowy,,,,,,,,,,
10396,małopolskie,myślenicki,-,-,1209,2020,nowy,,,,,,,,,,
10397,małopolskie,myślenicki,-,-,1209,2021,nowy,,,,,,,,,,
10398,małopolskie,myślenicki,-,-,1209,2022,nowy,,,,,,,,,,
10399,małopolskie,myślenicki,-,-,1209,2023,nowy,,,,,,,,,,
10400,małopolskie,myślenicki,-,-,1209,2024,nowy,,,,,,,,,,
10401,małopolskie,myślenicki,-,-,1209,2025,nowy,,,,,,,,,,
10402,małopolskie,myślenicki,Dobczyce,gmina miejsko-wiejska,1209013,2018,nowy,,,,,,,,,,
10403,małopolskie,myślenicki,Dobczyce,gmina miejsko-wiejska,1209013,2019,nowy,,,,,,,,,,
10404,małopolskie,myślenicki,Dobczyce,gmina miejsko-wiejska,1209013,2020,nowy,,,,,,,,,,
10405,małopolskie,myślenicki,Dobczyce,gmina miejsko-wiejska,1209013,2021,nowy,,,,,,,,,,
10406,małopolskie,myślenicki,Dobczyce,gmina miejsko-wiejska,1209013,2022,nowy,,,,,,,,,,
10407,małopolskie,myślenicki,Dobczyce,gmina miejsko-wiejska,1209013,2023,nowy,,,,,,,,,,
10408,małopolskie,myślenicki,Dobczyce,gmina miejsko-wiejska,1209013,2024,nowy,,,,,,,,,,
10409,małopolskie,myślenicki,Dobczyce,gmina miejsko-wiejska,1209013,2025,nowy,,,,,,,,,,
10410,małopolskie,myślenicki,Lubień,gmina wiejska,1209022,2018,nowy,,,,,,,,,,
10411,małopolskie,myślenicki,Lubień,gmina wiejska,1209022,2019,nowy,,,,,,,,,,
10412,małopolskie,myślenicki,Lubień,gmina wiejska,1209022,2020,nowy,,,,,,,,,,
10413,małopolskie,myślenicki,Lubień,gmina wiejska,1209022,2021,nowy,,,,,,,,,,
10414,małopolskie,myślenicki,Lubień,gmina wiejska,1209022,2022,nowy,,,,,,,,,,
10415,małopolskie,myślenicki,Lubień,gmina wiejska,1209022,2023,nowy,,,,,,,,,,
10416,małopolskie,myślenicki,Lubień,gmina wiejska,1209022,2024,nowy,,,,,,,,,,
10417,małopolskie,myślenicki,Lubień,gmina wiejska,1209022,2025,nowy,,,,,,,,,,
10418,małopolskie,myślenicki,Myślenice,gmina miejsko-wiejska,1209033,2018,nowy,,,,,,,,,,
10419,małopolskie,myślenicki,Myślenice,gmina miejsko-wiejska,1209033,2019,nowy,,,,,,,,,,
10420,małopolskie,myślenicki,Myślenice,gmina miejsko-wiejska,1209033,2020,nowy,,,,,,,,,,
10421,małopolskie,myślenicki,Myślenice,gmina miejsko-wiejska,1209033,2021,nowy,,,,,,,,,,
10422,małopolskie,myślenicki,Myślenice,gmina miejsko-wiejska,1209033,2022,nowy,,,,,,,,,,
10423,małopolskie,myślenicki,Myślenice,gmina miejsko-wiejska,1209033,2023,nowy,,,,,,,,,,
10424,małopolskie,myślenicki,Myślenice,gmina miejsko-wiejska,1209033,2024,nowy,,,,,,,,,,
10425,małopolskie,myślenicki,Myślenice,gmina miejsko-wiejska,1209033,2025,nowy,,,,,,,,,,
10426,małopolskie,myślenicki,Pcim,gmina wiejska,1209042,2018,nowy,,,,,,,,,,
10427,małopolskie,myślenicki,Pcim,gmina wiejska,1209042,2019,nowy,,,,,,,,,,
10428,małopolskie,myślenicki,Pcim,gmina wiejska,1209042,2020,nowy,,,,,,,,,,
10429,małopolskie,myślenicki,Pcim,gmina wiejska,1209042,2021,nowy,,,,,,,,,,
10430,małopolskie,myślenicki,Pcim,gmina wiejska,1209042,2022,nowy,,,,,,,,,,
10431,małopolskie,myślenicki,Pcim,gmina wiejska,1209042,2023,nowy,,,,,,,,,,
10432,małopolskie,myślenicki,Pcim,gmina wiejska,1209042,2024,nowy,,,,,,,,,,
10433,małopolskie,myślenicki,Pcim,gmina wiejska,1209042,2025,nowy,,,,,,,,,,
10434,małopolskie,myślenicki,Raciechowice,gmina wiejska,1209052,2018,nowy,,,,,,,,,,
10435,małopolskie,myślenicki,Raciechowice,gmina wiejska,1209052,2019,nowy,,,,,,,,,,
10436,małopolskie,myślenicki,Raciechowice,gmina wiejska,1209052,2020,nowy,,,,,,,,,,
10437,małopolskie,myślenicki,Raciechowice,gmina wiejska,1209052,2021,nowy,,,,,,,,,,
10438,małopolskie,myślenicki,Raciechowice,gmina wiejska,1209052,2022,nowy,,,,,,,,,,
10439,małopolskie,myślenicki,Raciechowice,gmina wiejska,1209052,2023,nowy,,,,,,,,,,
10440,małopolskie,myślenicki,Raciechowice,gmina wiejska,1209052,2024,nowy,,,,,,,,,,
10441,małopolskie,myślenicki,Raciechowice,gmina wiejska,1209052,2025,nowy,,,,,,,,,,
10442,małopolskie,myślenicki,Siepraw,gmina wiejska,1209062,2018,nowy,,,,,,,,,,
10443,małopolskie,myślenicki,Siepraw,gmina wiejska,1209062,2019,nowy,,,,,,,,,,
10444,małopolskie,myślenicki,Siepraw,gmina wiejska,1209062,2020,nowy,,,,,,,,,,
10445,małopolskie,myślenicki,Siepraw,gmina wiejska,1209062,2021,nowy,,,,,,,,,,
10446,małopolskie,myślenicki,Siepraw,gmina wiejska,1209062,2022,nowy,,,,,,,,,,
10447,małopolskie,myślenicki,Siepraw,gmina wiejska,1209062,2023,nowy,,,,,,,,,,
10448,małopolskie,myślenicki,Siepraw,gmina wiejska,1209062,2024,nowy,,,,,,,,,,
10449,małopolskie,myślenicki,Siepraw,gmina wiejska,1209062,2025,nowy,,,,,,,,,,
10450,małopolskie,myślenicki,Sułkowice,gmina miejsko-wiejska,1209073,2018,nowy,,,,,,,,,,
10451,małopolskie,myślenicki,Sułkowice,gmina miejsko-wiejska,1209073,2019,nowy,,,,,,,,,,
10452,małopolskie,myślenicki,Sułkowice,gmina miejsko-wiejska,1209073,2020,nowy,,,,,,,,,,
10453,małopolskie,myślenicki,Sułkowice,gmina miejsko-wiejska,1209073,2021,nowy,,,,,,,,,,
10454,małopolskie,myślenicki,Sułkowice,gmina miejsko-wiejska,1209073,2022,nowy,,,,,,,,,,
10455,małopolskie,myślenicki,Sułkowice,gmina miejsko-wiejska,1209073,2023,nowy,,,,,,,,,,
10456,małopolskie,myślenicki,Sułkowice,gmina miejsko-wiejska,1209073,2024,nowy,,,,,,,,,,
10457,małopolskie,myślenicki,Sułkowice,gmina miejsko-wiejska,1209073,2025,nowy,,,,,,,,,,
10458,małopolskie,myślenicki,Tokarnia,gmina wiejska,1209082,2018,nowy,,,,,,,,,,
10459,małopolskie,myślenicki,Tokarnia,gmina wiejska,1209082,2019,nowy,,,,,,,,,,
10460,małopolskie,myślenicki,Tokarnia,gmina wiejska,1209082,2020,nowy,,,,,,,,,,
10461,małopolskie,myślenicki,Tokarnia,gmina wiejska,1209082,2021,nowy,,,,,,,,,,
10462,małopolskie,myślenicki,Tokarnia,gmina wiejska,1209082,2022,nowy,,,,,,,,,,
10463,małopolskie,myślenicki,Tokarnia,gmina wiejska,1209082,2023,nowy,,,,,,,,,,
10464,małopolskie,myślenicki,Tokarnia,gmina wiejska,1209082,2024,nowy,,,,,,,,,,
10465,małopolskie,myślenicki,Tokarnia,gmina wiejska,1209082,2025,nowy,,,,,,,,,,
10466,małopolskie,myślenicki,Wiśniowa,gmina wiejska,1209092,2018,nowy,,,,,,,,,,
10467,małopolskie,myślenicki,Wiśniowa,gmina wiejska,1209092,2019,nowy,,,,,,,,,,
10468,małopolskie,myślenicki,Wiśniowa,gmina wiejska,1209092,2020,nowy,,,,,,,,,,
10469,małopolskie,myślenicki,Wiśniowa,gmina wiejska,1209092,2021,nowy,,,,,,,,,,
10470,małopolskie,myślenicki,Wiśniowa,gmina wiejska,1209092,2022,nowy,,,,,,,,,,
10471,małopolskie,myślenicki,Wiśniowa,gmina wiejska,1209092,2023,nowy,,,,,,,,,,
10472,małopolskie,myślenicki,Wiśniowa,gmina wiejska,1209092,2024,nowy,,,,,,,,,,
10473,małopolskie,myślenicki,Wiśniowa,gmina wiejska,1209092,2025,nowy,,,,,,,,,,
10474,małopolskie,nowosądecki,-,-,1210,2018,nowy,,,,,,,,,,
10475,małopolskie,nowosądecki,-,-,1210,2019,nowy,,,,,,,,,,
10476,małopolskie,nowosądecki,-,-,1210,2020,nowy,,,,,,,,,,
10477,małopolskie,nowosądecki,-,-,1210,2021,nowy,,,,,,,,,,
10478,małopolskie,nowosądecki,-,-,1210,2022,nowy,,,,,,,,,,
10479,małopolskie,nowosądecki,-,-,1210,2023,nowy,,,,,,,,,,
10480,małopolskie,nowosądecki,-,-,1210,2024,nowy,,,,,,,,,,
10481,małopolskie,nowosądecki,-,-,1210,2025,nowy,,,,,,,,,,
10482,małopolskie,nowosądecki,Grybów,gmina miejska,1210011,2018,nowy,,,,,,,,,,
10483,małopolskie,nowosądecki,Grybów,gmina miejska,1210011,2019,nowy,,,,,,,,,,
10484,małopolskie,nowosądecki,Grybów,gmina miejska,1210011,2020,nowy,,,,,,,,,,
10485,małopolskie,nowosądecki,Grybów,gmina miejska,1210011,2021,nowy,,,,,,,,,,
10486,małopolskie,nowosądecki,Grybów,gmina miejska,1210011,2022,nowy,,,,,,,,,,
10487,małopolskie,nowosądecki,Grybów,gmina miejska,1210011,2023,nowy,,,,,,,,,,
10488,małopolskie,nowosądecki,Grybów,gmina miejska,1210011,2024,nowy,,,,,,,,,,
10489,małopolskie,nowosądecki,Grybów,gmina miejska,1210011,2025,nowy,,,,,,,,,,
10490,małopolskie,nowosądecki,Chełmiec,gmina wiejska,1210022,2018,nowy,,,,,,,,,,
10491,małopolskie,nowosądecki,Chełmiec,gmina wiejska,1210022,2019,nowy,,,,,,,,,,
10492,małopolskie,nowosądecki,Chełmiec,gmina wiejska,1210022,2020,nowy,,,,,,,,,,
10493,małopolskie,nowosądecki,Chełmiec,gmina wiejska,1210022,2021,nowy,,,,,,,,,,
10494,małopolskie,nowosądecki,Chełmiec,gmina wiejska,1210022,2022,nowy,,,,,,,,,,
10495,małopolskie,nowosądecki,Chełmiec,gmina wiejska,1210022,2023,nowy,,,,,,,,,,
10496,małopolskie,nowosądecki,Chełmiec,gmina wiejska,1210022,2024,nowy,,,,,,,,,,
10497,małopolskie,nowosądecki,Chełmiec,gmina wiejska,1210022,2025,nowy,,,,,,,,,,
10498,małopolskie,nowosądecki,Gródek nad Dunajcem,gmina wiejska,1210032,2018,nowy,,,,,,,,,,
10499,małopolskie,nowosądecki,Gródek nad Dunajcem,gmina wiejska,1210032,2019,nowy,,,,,,,,,,
10500,małopolskie,nowosądecki,Gródek nad Dunajcem,gmina wiejska,1210032,2020,nowy,,,,,,,,,,
10501,małopolskie,nowosądecki,Gródek nad Dunajcem,gmina wiejska,1210032,2021,nowy,,,,,,,,,,
10502,małopolskie,nowosądecki,Gródek nad Dunajcem,gmina wiejska,1210032,2022,nowy,,,,,,,,,,
10503,małopolskie,nowosądecki,Gródek nad Dunajcem,gmina wiejska,1210032,2023,nowy,,,,,,,,,,
10504,małopolskie,nowosądecki,Gródek nad Dunajcem,gmina wiejska,1210032,2024,nowy,,,,,,,,,,
10505,małopolskie,nowosądecki,Gródek nad Dunajcem,gmina wiejska,1210032,2025,nowy,,,,,,,,,,
10506,małopolskie,nowosądecki,Grybów,gmina wiejska,1210042,2018,nowy,,,,,,,,,,
10507,małopolskie,nowosądecki,Grybów,gmina wiejska,1210042,2019,nowy,,,,,,,,,,
10508,małopolskie,nowosądecki,Grybów,gmina wiejska,1210042,2020,nowy,,,,,,,,,,
10509,małopolskie,nowosądecki,Grybów,gmina wiejska,1210042,2021,nowy,,,,,,,,,,
10510,małopolskie,nowosądecki,Grybów,gmina wiejska,1210042,2022,nowy,,,,,,,,,,
10511,małopolskie,nowosądecki,Grybów,gmina wiejska,1210042,2023,nowy,,,,,,,,,,
10512,małopolskie,nowosądecki,Grybów,gmina wiejska,1210042,2024,nowy,,,,,,,,,,
10513,małopolskie,nowosądecki,Grybów,gmina wiejska,1210042,2025,nowy,,,,,,,,,,
10514,małopolskie,nowosądecki,Kamionka Wielka,gmina wiejska,1210052,2018,nowy,,,,,,,,,,
10515,małopolskie,nowosądecki,Kamionka Wielka,gmina wiejska,1210052,2019,nowy,,,,,,,,,,
10516,małopolskie,nowosądecki,Kamionka Wielka,gmina wiejska,1210052,2020,nowy,,,,,,,,,,
10517,małopolskie,nowosądecki,Kamionka Wielka,gmina wiejska,1210052,2021,nowy,,,,,,,,,,
10518,małopolskie,nowosądecki,Kamionka Wielka,gmina wiejska,1210052,2022,nowy,,,,,,,,,,
10519,małopolskie,nowosądecki,Kamionka Wielka,gmina wiejska,1210052,2023,nowy,,,,,,,,,,
10520,małopolskie,nowosądecki,Kamionka Wielka,gmina wiejska,1210052,2024,nowy,,,,,,,,,,
10521,małopolskie,nowosądecki,Kamionka Wielka,gmina wiejska,1210052,2025,nowy,,,,,,,,,,
10522,małopolskie,nowosądecki,Korzenna,gmina wiejska,1210062,2018,nowy,,,,,,,,,,
10523,małopolskie,nowosądecki,Korzenna,gmina wiejska,1210062,2019,nowy,,,,,,,,,,
10524,małopolskie,nowosądecki,Korzenna,gmina wiejska,1210062,2020,nowy,,,,,,,,,,
10525,małopolskie,nowosądecki,Korzenna,gmina wiejska,1210062,2021,nowy,,,,,,,,,,
10526,małopolskie,nowosądecki,Korzenna,gmina wiejska,1210062,2022,nowy,,,,,,,,,,
10527,małopolskie,nowosądecki,Korzenna,gmina wiejska,1210062,2023,nowy,,,,,,,,,,
10528,małopolskie,nowosądecki,Korzenna,gmina wiejska,1210062,2024,nowy,,,,,,,,,,
10529,małopolskie,nowosądecki,Korzenna,gmina wiejska,1210062,2025,nowy,,,,,,,,,,
10530,małopolskie,nowosądecki,Krynica-Zdrój,gmina miejsko-wiejska,1210073,2018,nowy,,,,,,,,,,
10531,małopolskie,nowosądecki,Krynica-Zdrój,gmina miejsko-wiejska,1210073,2019,nowy,,,,,,,,,,
10532,małopolskie,nowosądecki,Krynica-Zdrój,gmina miejsko-wiejska,1210073,2020,nowy,,,,,,,,,,
10533,małopolskie,nowosądecki,Krynica-Zdrój,gmina miejsko-wiejska,1210073,2021,nowy,,,,,,,,,,
10534,małopolskie,nowosądecki,Krynica-Zdrój,gmina miejsko-wiejska,1210073,2022,nowy,,,,,,,,,,
10535,małopolskie,nowosądecki,Krynica-Zdrój,gmina miejsko-wiejska,1210073,2023,nowy,,,,,,,,,,
10536,małopolskie,nowosądecki,Krynica-Zdrój,gmina miejsko-wiejska,1210073,2024,nowy,,,,,,,,,,
10537,małopolskie,nowosądecki,Krynica-Zdrój,gmina miejsko-wiejska,1210073,2025,nowy,,,,,,,,,,
10538,małopolskie,nowosądecki,Łabowa,gmina wiejska,1210082,2018,nowy,,,,,,,,,,
10539,małopolskie,nowosądecki,Łabowa,gmina wiejska,1210082,2019,nowy,,,,,,,,,,
10540,małopolskie,nowosądecki,Łabowa,gmina wiejska,1210082,2020,nowy,,,,,,,,,,
10541,małopolskie,nowosądecki,Łabowa,gmina wiejska,1210082,2021,nowy,,,,,,,,,,
10542,małopolskie,nowosądecki,Łabowa,gmina wiejska,1210082,2022,nowy,,,,,,,,,,
10543,małopolskie,nowosądecki,Łabowa,gmina wiejska,1210082,2023,nowy,,,,,,,,,,
10544,małopolskie,nowosądecki,Łabowa,gmina wiejska,1210082,2024,nowy,,,,,,,,,,
10545,małopolskie,nowosądecki,Łabowa,gmina wiejska,1210082,2025,nowy,,,,,,,,,,
10546,małopolskie,nowosądecki,Łącko,gmina wiejska,1210092,2018,nowy,,,,,,,,,,
10547,małopolskie,nowosądecki,Łącko,gmina wiejska,1210092,2019,nowy,,,,,,,,,,
10548,małopolskie,nowosądecki,Łącko,gmina wiejska,1210092,2020,nowy,,,,,,,,,,
10549,małopolskie,nowosądecki,Łącko,gmina wiejska,1210092,2021,nowy,,,,,,,,,,
10550,małopolskie,nowosądecki,Łącko,gmina wiejska,1210092,2022,nowy,,,,,,,,,,
10551,małopolskie,nowosądecki,Łącko,gmina wiejska,1210092,2023,nowy,,,,,,,,,,
10552,małopolskie,nowosądecki,Łącko,gmina wiejska,1210092,2024,nowy,,,,,,,,,,
10553,małopolskie,nowosądecki,Łącko,gmina wiejska,1210092,2025,nowy,,,,,,,,,,
10554,małopolskie,nowosądecki,Łososina Dolna,gmina wiejska,1210102,2018,nowy,,,,,,,,,,
10555,małopolskie,nowosądecki,Łososina Dolna,gmina wiejska,1210102,2019,nowy,,,,,,,,,,
10556,małopolskie,nowosądecki,Łososina Dolna,gmina wiejska,1210102,2020,nowy,,,,,,,,,,
10557,małopolskie,nowosądecki,Łososina Dolna,gmina wiejska,1210102,2021,nowy,,,,,,,,,,
10558,małopolskie,nowosądecki,Łososina Dolna,gmina wiejska,1210102,2022,nowy,,,,,,,,,,
10559,małopolskie,nowosądecki,Łososina Dolna,gmina wiejska,1210102,2023,nowy,,,,,,,,,,
10560,małopolskie,nowosądecki,Łososina Dolna,gmina wiejska,1210102,2024,nowy,,,,,,,,,,
10561,małopolskie,nowosądecki,Łososina Dolna,gmina wiejska,1210102,2025,nowy,,,,,,,,,,
10562,małopolskie,nowosądecki,Muszyna,gmina miejsko-wiejska,1210113,2018,nowy,,,,,,,,,,
10563,małopolskie,nowosądecki,Muszyna,gmina miejsko-wiejska,1210113,2019,nowy,,,,,,,,,,
10564,małopolskie,nowosądecki,Muszyna,gmina miejsko-wiejska,1210113,2020,nowy,,,,,,,,,,
10565,małopolskie,nowosądecki,Muszyna,gmina miejsko-wiejska,1210113,2021,nowy,,,,,,,,,,
10566,małopolskie,nowosądecki,Muszyna,gmina miejsko-wiejska,1210113,2022,nowy,,,,,,,,,,
10567,małopolskie,nowosądecki,Muszyna,gmina miejsko-wiejska,1210113,2023,nowy,,,,,,,,,,
10568,małopolskie,nowosądecki,Muszyna,gmina miejsko-wiejska,1210113,2024,nowy,,,,,,,,,,
10569,małopolskie,nowosądecki,Muszyna,gmina miejsko-wiejska,1210113,2025,nowy,,,,,,,,,,
10570,małopolskie,nowosądecki,Nawojowa,gmina wiejska,1210122,2018,nowy,,,,,,,,,,
10571,małopolskie,nowosądecki,Nawojowa,gmina wiejska,1210122,2019,nowy,,,,,,,,,,
10572,małopolskie,nowosądecki,Nawojowa,gmina wiejska,1210122,2020,nowy,,,,,,,,,,
10573,małopolskie,nowosądecki,Nawojowa,gmina wiejska,1210122,2021,nowy,,,,,,,,,,
10574,małopolskie,nowosądecki,Nawojowa,gmina wiejska,1210122,2022,nowy,,,,,,,,,,
10575,małopolskie,nowosądecki,Nawojowa,gmina wiejska,1210122,2023,nowy,,,,,,,,,,
10576,małopolskie,nowosądecki,Nawojowa,gmina wiejska,1210122,2024,nowy,,,,,,,,,,
10577,małopolskie,nowosądecki,Nawojowa,gmina wiejska,1210122,2025,nowy,,,,,,,,,,
10578,małopolskie,nowosądecki,Piwniczna-Zdrój,gmina miejsko-wiejska,1210133,2018,nowy,,,,,,,,,,
10579,małopolskie,nowosądecki,Piwniczna-Zdrój,gmina miejsko-wiejska,1210133,2019,nowy,,,,,,,,,,
10580,małopolskie,nowosądecki,Piwniczna-Zdrój,gmina miejsko-wiejska,1210133,2020,nowy,,,,,,,,,,
10581,małopolskie,nowosądecki,Piwniczna-Zdrój,gmina miejsko-wiejska,1210133,2021,nowy,,,,,,,,,,
10582,małopolskie,nowosądecki,Piwniczna-Zdrój,gmina miejsko-wiejska,1210133,2022,nowy,,,,,,,,,,
10583,małopolskie,nowosądecki,Piwniczna-Zdrój,gmina miejsko-wiejska,1210133,2023,nowy,,,,,,,,,,
10584,małopolskie,nowosądecki,Piwniczna-Zdrój,gmina miejsko-wiejska,1210133,2024,nowy,,,,,,,,,,
10585,małopolskie,nowosądecki,Piwniczna-Zdrój,gmina miejsko-wiejska,1210133,2025,nowy,,,,,,,,,,
10586,małopolskie,nowosądecki,Podegrodzie,gmina wiejska,1210142,2018,nowy,,,,,,,,,,
10587,małopolskie,nowosądecki,Podegrodzie,gmina wiejska,1210142,2019,nowy,,,,,,,,,,
10588,małopolskie,nowosądecki,Podegrodzie,gmina wiejska,1210142,2020,nowy,,,,,,,,,,
10589,małopolskie,nowosądecki,Podegrodzie,gmina wiejska,1210142,2021,nowy,,,,,,,,,,
10590,małopolskie,nowosądecki,Podegrodzie,gmina wiejska,1210142,2022,nowy,,,,,,,,,,
10591,małopolskie,nowosądecki,Podegrodzie,gmina wiejska,1210142,2023,nowy,,,,,,,,,,
10592,małopolskie,nowosądecki,Podegrodzie,gmina wiejska,1210142,2024,nowy,,,,,,,,,,
10593,małopolskie,nowosądecki,Podegrodzie,gmina wiejska,1210142,2025,nowy,,,,,,,,,,
10594,małopolskie,nowosądecki,Rytro,gmina wiejska,1210152,2018,nowy,,,,,,,,,,
10595,małopolskie,nowosądecki,Rytro,gmina wiejska,1210152,2019,nowy,,,,,,,,,,
10596,małopolskie,nowosądecki,Rytro,gmina wiejska,1210152,2020,nowy,,,,,,,,,,
10597,małopolskie,nowosądecki,Rytro,gmina wiejska,1210152,2021,nowy,,,,,,,,,,
10598,małopolskie,nowosądecki,Rytro,gmina wiejska,1210152,2022,nowy,,,,,,,,,,
10599,małopolskie,nowosądecki,Rytro,gmina wiejska,1210152,2023,nowy,,,,,,,,,,
10600,małopolskie,nowosądecki,Rytro,gmina wiejska,1210152,2024,nowy,,,,,,,,,,
10601,małopolskie,nowosądecki,Rytro,gmina wiejska,1210152,2025,nowy,,,,,,,,,,
10602,małopolskie,nowosądecki,Stary Sącz,gmina miejsko-wiejska,1210163,2018,nowy,,,,,,,,,,
10603,małopolskie,nowosądecki,Stary Sącz,gmina miejsko-wiejska,1210163,2019,nowy,,,,,,,,,,
10604,małopolskie,nowosądecki,Stary Sącz,gmina miejsko-wiejska,1210163,2020,nowy,,,,,,,,,,
10605,małopolskie,nowosądecki,Stary Sącz,gmina miejsko-wiejska,1210163,2021,nowy,,,,,,,,,,
10606,małopolskie,nowosądecki,Stary Sącz,gmina miejsko-wiejska,1210163,2022,nowy,,,,,,,,,,
10607,małopolskie,nowosądecki,Stary Sącz,gmina miejsko-wiejska,1210163,2023,nowy,,,,,,,,,,
10608,małopolskie,nowosądecki,Stary Sącz,gmina miejsko-wiejska,1210163,2024,nowy,,,,,,,,,,
10609,małopolskie,nowosądecki,Stary Sącz,gmina miejsko-wiejska,1210163,2025,nowy,,,,,,,,,,
10610,małopolskie,nowotarski,-,-,1211,2018,nowy,,,,,,,,,,
10611,małopolskie,nowotarski,-,-,1211,2019,nowy,,,,,,,,,,
10612,małopolskie,nowotarski,-,-,1211,2020,nowy,,,,,,,,,,
10613,małopolskie,nowotarski,-,-,1211,2021,nowy,,,,,,,,,,
10614,małopolskie,nowotarski,-,-,1211,2022,nowy,,,,,,,,,,
10615,małopolskie,nowotarski,-,-,1211,2023,nowy,,,,,,,,,,
10616,małopolskie,nowotarski,-,-,1211,2024,nowy,,,,,,,,,,
10617,małopolskie,nowotarski,-,-,1211,2025,nowy,,,,,,,,,,
10618,małopolskie,nowotarski,Nowy Targ,gmina miejska,1211011,2018,nowy,,,,,,,,,,
10619,małopolskie,nowotarski,Nowy Targ,gmina miejska,1211011,2019,nowy,,,,,,,,,,
10620,małopolskie,nowotarski,Nowy Targ,gmina miejska,1211011,2020,nowy,,,,,,,,,,
10621,małopolskie,nowotarski,Nowy Targ,gmina miejska,1211011,2021,nowy,,,,,,,,,,
10622,małopolskie,nowotarski,Nowy Targ,gmina miejska,1211011,2022,nowy,,,,,,,,,,
10623,małopolskie,nowotarski,Nowy Targ,gmina miejska,1211011,2023,nowy,,,,,,,,,,
10624,małopolskie,nowotarski,Nowy Targ,gmina miejska,1211011,2024,nowy,,,,,,,,,,
10625,małopolskie,nowotarski,Nowy Targ,gmina miejska,1211011,2025,nowy,,,,,,,,,,
10626,małopolskie,nowotarski,Szczawnica,gmina miejsko-wiejska,1211023,2018,nowy,,,,,,,,,,
10627,małopolskie,nowotarski,Szczawnica,gmina miejsko-wiejska,1211023,2019,nowy,,,,,,,,,,
10628,małopolskie,nowotarski,Szczawnica,gmina miejsko-wiejska,1211023,2020,nowy,,,,,,,,,,
10629,małopolskie,nowotarski,Szczawnica,gmina miejsko-wiejska,1211023,2021,nowy,,,,,,,,,,
10630,małopolskie,nowotarski,Szczawnica,gmina miejsko-wiejska,1211023,2022,nowy,,,,,,,,,,
10631,małopolskie,nowotarski,Szczawnica,gmina miejsko-wiejska,1211023,2023,nowy,,,,,,,,,,
10632,małopolskie,nowotarski,Szczawnica,gmina miejsko-wiejska,1211023,2024,nowy,,,,,,,,,,
10633,małopolskie,nowotarski,Szczawnica,gmina miejsko-wiejska,1211023,2025,nowy,,,,,,,,,,
10634,małopolskie,nowotarski,Czarny Dunajec,gmina wiejska,1211032,2018,nowy,,,,,,,,,,
10635,małopolskie,nowotarski,Czarny Dunajec,gmina wiejska,1211032,2019,nowy,,,,,,,,,,
10636,małopolskie,nowotarski,Czarny Dunajec,gmina wiejska,1211032,2020,nowy,,,,,,,,,,
10637,małopolskie,nowotarski,Czarny Dunajec,gmina wiejska,1211032,2021,nowy,,,,,,,,,,
10638,małopolskie,nowotarski,Czarny Dunajec,gmina wiejska,1211032,2022,nowy,,,,,,,,,,
10639,małopolskie,nowotarski,Czarny Dunajec,gmina miejsko-wiejska,1211033,2023,nowy,,,,,,,,,,
10640,małopolskie,nowotarski,Czarny Dunajec,gmina miejsko-wiejska,1211033,2024,nowy,,,,,,,,,,
10641,małopolskie,nowotarski,Czarny Dunajec,gmina miejsko-wiejska,1211033,2025,nowy,,,,,,,,,,
10642,małopolskie,nowotarski,Czorsztyn,gmina wiejska,1211042,2018,nowy,,,,,,,,,,
10643,małopolskie,nowotarski,Czorsztyn,gmina wiejska,1211042,2019,nowy,,,,,,,,,,
10644,małopolskie,nowotarski,Czorsztyn,gmina wiejska,1211042,2020,nowy,,,,,,,,,,
10645,małopolskie,nowotarski,Czorsztyn,gmina wiejska,1211042,2021,nowy,,,,,,,,,,
10646,małopolskie,nowotarski,Czorsztyn,gmina wiejska,1211042,2022,nowy,,,,,,,,,,
10647,małopolskie,nowotarski,Czorsztyn,gmina wiejska,1211042,2023,nowy,,,,,,,,,,
10648,małopolskie,nowotarski,Czorsztyn,gmina wiejska,1211042,2024,nowy,,,,,,,,,,
10649,małopolskie,nowotarski,Czorsztyn,gmina wiejska,1211042,2025,nowy,,,,,,,,,,
10650,małopolskie,nowotarski,Jabłonka,gmina wiejska,1211052,2018,nowy,,,,,,,,,,
10651,małopolskie,nowotarski,Jabłonka,gmina wiejska,1211052,2019,nowy,,,,,,,,,,
10652,małopolskie,nowotarski,Jabłonka,gmina wiejska,1211052,2020,nowy,,,,,,,,,,
10653,małopolskie,nowotarski,Jabłonka,gmina wiejska,1211052,2021,nowy,,,,,,,,,,
10654,małopolskie,nowotarski,Jabłonka,gmina wiejska,1211052,2022,nowy,,,,,,,,,,
10655,małopolskie,nowotarski,Jabłonka,gmina wiejska,1211052,2023,nowy,,,,,,,,,,
10656,małopolskie,nowotarski,Jabłonka,gmina wiejska,1211052,2024,nowy,,,,,,,,,,
10657,małopolskie,nowotarski,Jabłonka,gmina wiejska,1211052,2025,nowy,,,,,,,,,,
10658,małopolskie,nowotarski,Krościenko nad Dunajcem,gmina wiejska,1211062,2018,nowy,,,,,,,,,,
10659,małopolskie,nowotarski,Krościenko nad Dunajcem,gmina wiejska,1211062,2019,nowy,,,,,,,,,,
10660,małopolskie,nowotarski,Krościenko nad Dunajcem,gmina wiejska,1211062,2020,nowy,,,,,,,,,,
10661,małopolskie,nowotarski,Krościenko nad Dunajcem,gmina wiejska,1211062,2021,nowy,,,,,,,,,,
10662,małopolskie,nowotarski,Krościenko nad Dunajcem,gmina wiejska,1211062,2022,nowy,,,,,,,,,,
10663,małopolskie,nowotarski,Krościenko nad Dunajcem,gmina wiejska,1211062,2023,nowy,,,,,,,,,,
10664,małopolskie,nowotarski,Krościenko nad Dunajcem,gmina wiejska,1211062,2024,nowy,,,,,,,,,,
10665,małopolskie,nowotarski,Krościenko nad Dunajcem,gmina wiejska,1211062,2025,nowy,,,,,,,,,,
10666,małopolskie,nowotarski,Lipnica Wielka,gmina wiejska,1211072,2018,nowy,,,,,,,,,,
10667,małopolskie,nowotarski,Lipnica Wielka,gmina wiejska,1211072,2019,nowy,,,,,,,,,,
10668,małopolskie,nowotarski,Lipnica Wielka,gmina wiejska,1211072,2020,nowy,,,,,,,,,,
10669,małopolskie,nowotarski,Lipnica Wielka,gmina wiejska,1211072,2021,nowy,,,,,,,,,,
10670,małopolskie,nowotarski,Lipnica Wielka,gmina wiejska,1211072,2022,nowy,,,,,,,,,,
10671,małopolskie,nowotarski,Lipnica Wielka,gmina wiejska,1211072,2023,nowy,,,,,,,,,,
10672,małopolskie,nowotarski,Lipnica Wielka,gmina wiejska,1211072,2024,nowy,,,,,,,,,,
10673,małopolskie,nowotarski,Lipnica Wielka,gmina wiejska,1211072,2025,nowy,,,,,,,,,,
10674,małopolskie,nowotarski,Łapsze Niżne,gmina wiejska,1211082,2018,nowy,,,,,,,,,,
10675,małopolskie,nowotarski,Łapsze Niżne,gmina wiejska,1211082,2019,nowy,,,,,,,,,,
10676,małopolskie,nowotarski,Łapsze Niżne,gmina wiejska,1211082,2020,nowy,,,,,,,,,,
10677,małopolskie,nowotarski,Łapsze Niżne,gmina wiejska,1211082,2021,nowy,,,,,,,,,,
10678,małopolskie,nowotarski,Łapsze Niżne,gmina wiejska,1211082,2022,nowy,,,,,,,,,,
10679,małopolskie,nowotarski,Łapsze Niżne,gmina wiejska,1211082,2023,nowy,,,,,,,,,,
10680,małopolskie,nowotarski,Łapsze Niżne,gmina wiejska,1211082,2024,nowy,,,,,,,,,,
10681,małopolskie,nowotarski,Łapsze Niżne,gmina wiejska,1211082,2025,nowy,,,,,,,,,,
10682,małopolskie,nowotarski,Nowy Targ,gmina wiejska,1211092,2018,nowy,,,,,,,,,,
10683,małopolskie,nowotarski,Nowy Targ,gmina wiejska,1211092,2019,nowy,,,,,,,,,,
10684,małopolskie,nowotarski,Nowy Targ,gmina wiejska,1211092,2020,nowy,,,,,,,,,,
10685,małopolskie,nowotarski,Nowy Targ,gmina wiejska,1211092,2021,nowy,,,,,,,,,,
10686,małopolskie,nowotarski,Nowy Targ,gmina wiejska,1211092,2022,nowy,,,,,,,,,,
10687,małopolskie,nowotarski,Nowy Targ,gmina wiejska,1211092,2023,nowy,,,,,,,,,,
10688,małopolskie,nowotarski,Nowy Targ,gmina wiejska,1211092,2024,nowy,,,,,,,,,,
10689,małopolskie,nowotarski,Nowy Targ,gmina wiejska,1211092,2025,nowy,,,,,,,,,,
10690,małopolskie,nowotarski,Ochotnica Dolna,gmina wiejska,1211102,2018,nowy,,,,,,,,,,
10691,małopolskie,nowotarski,Ochotnica Dolna,gmina wiejska,1211102,2019,nowy,,,,,,,,,,
10692,małopolskie,nowotarski,Ochotnica Dolna,gmina wiejska,1211102,2020,nowy,,,,,,,,,,
10693,małopolskie,nowotarski,Ochotnica Dolna,gmina wiejska,1211102,2021,nowy,,,,,,,,,,
10694,małopolskie,nowotarski,Ochotnica Dolna,gmina wiejska,1211102,2022,nowy,,,,,,,,,,
10695,małopolskie,nowotarski,Ochotnica Dolna,gmina wiejska,1211102,2023,nowy,,,,,,,,,,
10696,małopolskie,nowotarski,Ochotnica Dolna,gmina wiejska,1211102,2024,nowy,,,,,,,,,,
10697,małopolskie,nowotarski,Ochotnica Dolna,gmina wiejska,1211102,2025,nowy,,,,,,,,,,
10698,małopolskie,nowotarski,Raba Wyżna,gmina wiejska,1211112,2018,nowy,,,,,,,,,,
10699,małopolskie,nowotarski,Raba Wyżna,gmina wiejska,1211112,2019,nowy,,,,,,,,,,
10700,małopolskie,nowotarski,Raba Wyżna,gmina wiejska,1211112,2020,nowy,,,,,,,,,,
10701,małopolskie,nowotarski,Raba Wyżna,gmina wiejska,1211112,2021,nowy,,,,,,,,,,
10702,małopolskie,nowotarski,Raba Wyżna,gmina wiejska,1211112,2022,nowy,,,,,,,,,,
10703,małopolskie,nowotarski,Raba Wyżna,gmina wiejska,1211112,2023,nowy,,,,,,,,,,
10704,małopolskie,nowotarski,Raba Wyżna,gmina wiejska,1211112,2024,nowy,,,,,,,,,,
10705,małopolskie,nowotarski,Raba Wyżna,gmina wiejska,1211112,2025,nowy,,,,,,,,,,
10706,małopolskie,nowotarski,Rabka-Zdrój,gmina miejsko-wiejska,1211123,2018,nowy,,,,,,,,,,
10707,małopolskie,nowotarski,Rabka-Zdrój,gmina miejsko-wiejska,1211123,2019,nowy,,,,,,,,,,
10708,małopolskie,nowotarski,Rabka-Zdrój,gmina miejsko-wiejska,1211123,2020,nowy,,,,,,,,,,
10709,małopolskie,nowotarski,Rabka-Zdrój,gmina miejsko-wiejska,1211123,2021,nowy,,,,,,,,,,
10710,małopolskie,nowotarski,Rabka-Zdrój,gmina miejsko-wiejska,1211123,2022,nowy,,,,,,,,,,
10711,małopolskie,nowotarski,Rabka-Zdrój,gmina miejsko-wiejska,1211123,2023,nowy,,,,,,,,,,
10712,małopolskie,nowotarski,Rabka-Zdrój,gmina miejsko-wiejska,1211123,2024,nowy,,,,,,,,,,
10713,małopolskie,nowotarski,Rabka-Zdrój,gmina miejsko-wiejska,1211123,2025,nowy,,,,,,,,,,
10714,małopolskie,nowotarski,Spytkowice,gmina wiejska,1211132,2018,nowy,,,,,,,,,,
10715,małopolskie,nowotarski,Spytkowice,gmina wiejska,1211132,2019,nowy,,,,,,,,,,
10716,małopolskie,nowotarski,Spytkowice,gmina wiejska,1211132,2020,nowy,,,,,,,,,,
10717,małopolskie,nowotarski,Spytkowice,gmina wiejska,1211132,2021,nowy,,,,,,,,,,
10718,małopolskie,nowotarski,Spytkowice,gmina wiejska,1211132,2022,nowy,,,,,,,,,,
10719,małopolskie,nowotarski,Spytkowice,gmina wiejska,1211132,2023,nowy,,,,,,,,,,
10720,małopolskie,nowotarski,Spytkowice,gmina wiejska,1211132,2024,nowy,,,,,,,,,,
10721,małopolskie,nowotarski,Spytkowice,gmina wiejska,1211132,2025,nowy,,,,,,,,,,
10722,małopolskie,nowotarski,Szaflary,gmina wiejska,1211142,2018,nowy,,,,,,,,,,
10723,małopolskie,nowotarski,Szaflary,gmina wiejska,1211142,2019,nowy,,,,,,,,,,
10724,małopolskie,nowotarski,Szaflary,gmina wiejska,1211142,2020,nowy,,,,,,,,,,
10725,małopolskie,nowotarski,Szaflary,gmina wiejska,1211142,2021,nowy,,,,,,,,,,
10726,małopolskie,nowotarski,Szaflary,gmina wiejska,1211142,2022,nowy,,,,,,,,,,
10727,małopolskie,nowotarski,Szaflary,gmina wiejska,1211142,2023,nowy,,,,,,,,,,
10728,małopolskie,nowotarski,Szaflary,gmina wiejska,1211142,2024,nowy,,,,,,,,,,
10729,małopolskie,nowotarski,Szaflary,gmina wiejska,1211142,2025,nowy,,,,,,,,,,
10730,małopolskie,olkuski,-,-,1212,2018,nowy,,,,,,,,,,
10731,małopolskie,olkuski,-,-,1212,2019,nowy,,,,,,,,,,
10732,małopolskie,olkuski,-,-,1212,2020,nowy,,,,,,,,,,
10733,małopolskie,olkuski,-,-,1212,2021,nowy,,,,,,,,,,
10734,małopolskie,olkuski,-,-,1212,2022,nowy,,,,,,,,,,
10735,małopolskie,olkuski,-,-,1212,2023,nowy,,,,,,,,,,
10736,małopolskie,olkuski,-,-,1212,2024,nowy,,,,,,,,,,
10737,małopolskie,olkuski,-,-,1212,2025,nowy,,,,,,,,,,
10738,małopolskie,olkuski,Bukowno,gmina miejska,1212011,2018,nowy,,,,,,,,,,
10739,małopolskie,olkuski,Bukowno,gmina miejska,1212011,2019,nowy,,,,,,,,,,
10740,małopolskie,olkuski,Bukowno,gmina miejska,1212011,2020,nowy,,,,,,,,,,
10741,małopolskie,olkuski,Bukowno,gmina miejska,1212011,2021,nowy,,,,,,,,,,
10742,małopolskie,olkuski,Bukowno,gmina miejska,1212011,2022,nowy,,,,,,,,,,
10743,małopolskie,olkuski,Bukowno,gmina miejska,1212011,2023,nowy,,,,,,,,,,
10744,małopolskie,olkuski,Bukowno,gmina miejska,1212011,2024,nowy,,,,,,,,,,
10745,małopolskie,olkuski,Bukowno,gmina miejska,1212011,2025,nowy,,,,,,,,,,
10746,małopolskie,olkuski,Bolesław,gmina wiejska,1212032,2018,nowy,,,,,,,,,,
10747,małopolskie,olkuski,Bolesław,gmina wiejska,1212032,2019,nowy,,,,,,,,,,
10748,małopolskie,olkuski,Bolesław,gmina wiejska,1212032,2020,nowy,,,,,,,,,,
10749,małopolskie,olkuski,Bolesław,gmina wiejska,1212032,2021,nowy,,,,,,,,,,
10750,małopolskie,olkuski,Bolesław,gmina wiejska,1212032,2022,nowy,,,,,,,,,,
10751,małopolskie,olkuski,Bolesław,gmina wiejska,1212032,2023,nowy,,,,,,,,,,
10752,małopolskie,olkuski,Bolesław,gmina wiejska,1212032,2024,nowy,,,,,,,,,,
10753,małopolskie,olkuski,Bolesław,gmina wiejska,1212032,2025,nowy,,,,,,,,,,
10754,małopolskie,olkuski,Klucze,gmina wiejska,1212042,2018,nowy,,,,,,,,,,
10755,małopolskie,olkuski,Klucze,gmina wiejska,1212042,2019,nowy,,,,,,,,,,
10756,małopolskie,olkuski,Klucze,gmina wiejska,1212042,2020,nowy,,,,,,,,,,
10757,małopolskie,olkuski,Klucze,gmina wiejska,1212042,2021,nowy,,,,,,,,,,
10758,małopolskie,olkuski,Klucze,gmina wiejska,1212042,2022,nowy,,,,,,,,,,
10759,małopolskie,olkuski,Klucze,gmina wiejska,1212042,2023,nowy,,,,,,,,,,
10760,małopolskie,olkuski,Klucze,gmina wiejska,1212042,2024,nowy,,,,,,,,,,
10761,małopolskie,olkuski,Klucze,gmina wiejska,1212042,2025,nowy,,,,,,,,,,
10762,małopolskie,olkuski,Olkusz,gmina miejsko-wiejska,1212053,2018,nowy,,,,,,,,,,
10763,małopolskie,olkuski,Olkusz,gmina miejsko-wiejska,1212053,2019,nowy,,,,,,,,,,
10764,małopolskie,olkuski,Olkusz,gmina miejsko-wiejska,1212053,2020,nowy,,,,,,,,,,
10765,małopolskie,olkuski,Olkusz,gmina miejsko-wiejska,1212053,2021,nowy,,,,,,,,,,
10766,małopolskie,olkuski,Olkusz,gmina miejsko-wiejska,1212053,2022,nowy,,,,,,,,,,
10767,małopolskie,olkuski,Olkusz,gmina miejsko-wiejska,1212053,2023,nowy,,,,,,,,,,
10768,małopolskie,olkuski,Olkusz,gmina miejsko-wiejska,1212053,2024,nowy,,,,,,,,,,
10769,małopolskie,olkuski,Olkusz,gmina miejsko-wiejska,1212053,2025,nowy,,,,,,,,,,
10770,małopolskie,olkuski,Trzyciąż,gmina wiejska,1212062,2018,nowy,,,,,,,,,,
10771,małopolskie,olkuski,Trzyciąż,gmina wiejska,1212062,2019,nowy,,,,,,,,,,
10772,małopolskie,olkuski,Trzyciąż,gmina wiejska,1212062,2020,nowy,,,,,,,,,,
10773,małopolskie,olkuski,Trzyciąż,gmina wiejska,1212062,2021,nowy,,,,,,,,,,
10774,małopolskie,olkuski,Trzyciąż,gmina wiejska,1212062,2022,nowy,,,,,,,,,,
10775,małopolskie,olkuski,Trzyciąż,gmina wiejska,1212062,2023,nowy,,,,,,,,,,
10776,małopolskie,olkuski,Trzyciąż,gmina wiejska,1212062,2024,nowy,,,,,,,,,,
10777,małopolskie,olkuski,Trzyciąż,gmina wiejska,1212062,2025,nowy,,,,,,,,,,
10778,małopolskie,olkuski,Wolbrom,gmina miejsko-wiejska,1212073,2018,nowy,,,,,,,,,,
10779,małopolskie,olkuski,Wolbrom,gmina miejsko-wiejska,1212073,2019,nowy,,,,,,,,,,
10780,małopolskie,olkuski,Wolbrom,gmina miejsko-wiejska,1212073,2020,nowy,,,,,,,,,,
10781,małopolskie,olkuski,Wolbrom,gmina miejsko-wiejska,1212073,2021,nowy,,,,,,,,,,
10782,małopolskie,olkuski,Wolbrom,gmina miejsko-wiejska,1212073,2022,nowy,,,,,,,,,,
10783,małopolskie,olkuski,Wolbrom,gmina miejsko-wiejska,1212073,2023,nowy,,,,,,,,,,
10784,małopolskie,olkuski,Wolbrom,gmina miejsko-wiejska,1212073,2024,nowy,,,,,,,,,,
10785,małopolskie,olkuski,Wolbrom,gmina miejsko-wiejska,1212073,2025,nowy,,,,,,,,,,
10786,małopolskie,oświęcimski,-,-,1213,2018,nowy,,,,,,,,,,
10787,małopolskie,oświęcimski,-,-,1213,2019,nowy,,,,,,,,,,
10788,małopolskie,oświęcimski,-,-,1213,2020,nowy,,,,,,,,,,
10789,małopolskie,oświęcimski,-,-,1213,2021,nowy,,,,,,,,,,
10790,małopolskie,oświęcimski,-,-,1213,2022,nowy,,,,,,,,,,
10791,małopolskie,oświęcimski,-,-,1213,2023,nowy,,,,,,,,,,
10792,małopolskie,oświęcimski,-,-,1213,2024,nowy,,,,,,,,,,
10793,małopolskie,oświęcimski,-,-,1213,2025,nowy,,,,,,,,,,
10794,małopolskie,oświęcimski,Oświęcim,gmina miejska,1213011,2018,nowy,,,,,,,,,,
10795,małopolskie,oświęcimski,Oświęcim,gmina miejska,1213011,2019,nowy,,,,,,,,,,
10796,małopolskie,oświęcimski,Oświęcim,gmina miejska,1213011,2020,nowy,,,,,,,,,,
10797,małopolskie,oświęcimski,Oświęcim,gmina miejska,1213011,2021,nowy,,,,,,,,,,
10798,małopolskie,oświęcimski,Oświęcim,gmina miejska,1213011,2022,nowy,,,,,,,,,,
10799,małopolskie,oświęcimski,Oświęcim,gmina miejska,1213011,2023,nowy,,,,,,,,,,
10800,małopolskie,oświęcimski,Oświęcim,gmina miejska,1213011,2024,nowy,,,,,,,,,,
10801,małopolskie,oświęcimski,Oświęcim,gmina miejska,1213011,2025,nowy,,,,,,,,,,
10802,małopolskie,oświęcimski,Brzeszcze,gmina miejsko-wiejska,1213023,2018,nowy,,,,,,,,,,
10803,małopolskie,oświęcimski,Brzeszcze,gmina miejsko-wiejska,1213023,2019,nowy,,,,,,,,,,
10804,małopolskie,oświęcimski,Brzeszcze,gmina miejsko-wiejska,1213023,2020,nowy,,,,,,,,,,
10805,małopolskie,oświęcimski,Brzeszcze,gmina miejsko-wiejska,1213023,2021,nowy,,,,,,,,,,
10806,małopolskie,oświęcimski,Brzeszcze,gmina miejsko-wiejska,1213023,2022,nowy,,,,,,,,,,
10807,małopolskie,oświęcimski,Brzeszcze,gmina miejsko-wiejska,1213023,2023,nowy,,,,,,,,,,
10808,małopolskie,oświęcimski,Brzeszcze,gmina miejsko-wiejska,1213023,2024,nowy,,,,,,,,,,
10809,małopolskie,oświęcimski,Brzeszcze,gmina miejsko-wiejska,1213023,2025,nowy,,,,,,,,,,
10810,małopolskie,oświęcimski,Chełmek,gmina miejsko-wiejska,1213033,2018,nowy,,,,,,,,,,
10811,małopolskie,oświęcimski,Chełmek,gmina miejsko-wiejska,1213033,2019,nowy,,,,,,,,,,
10812,małopolskie,oświęcimski,Chełmek,gmina miejsko-wiejska,1213033,2020,nowy,,,,,,,,,,
10813,małopolskie,oświęcimski,Chełmek,gmina miejsko-wiejska,1213033,2021,nowy,,,,,,,,,,
10814,małopolskie,oświęcimski,Chełmek,gmina miejsko-wiejska,1213033,2022,nowy,,,,,,,,,,
10815,małopolskie,oświęcimski,Chełmek,gmina miejsko-wiejska,1213033,2023,nowy,,,,,,,,,,
10816,małopolskie,oświęcimski,Chełmek,gmina miejsko-wiejska,1213033,2024,nowy,,,,,,,,,,
10817,małopolskie,oświęcimski,Chełmek,gmina miejsko-wiejska,1213033,2025,nowy,,,,,,,,,,
10818,małopolskie,oświęcimski,Kęty,gmina miejsko-wiejska,1213043,2018,nowy,,,,,,,,,,
10819,małopolskie,oświęcimski,Kęty,gmina miejsko-wiejska,1213043,2019,nowy,,,,,,,,,,
10820,małopolskie,oświęcimski,Kęty,gmina miejsko-wiejska,1213043,2020,nowy,,,,,,,,,,
10821,małopolskie,oświęcimski,Kęty,gmina miejsko-wiejska,1213043,2021,nowy,,,,,,,,,,
10822,małopolskie,oświęcimski,Kęty,gmina miejsko-wiejska,1213043,2022,nowy,,,,,,,,,,
10823,małopolskie,oświęcimski,Kęty,gmina miejsko-wiejska,1213043,2023,nowy,,,,,,,,,,
10824,małopolskie,oświęcimski,Kęty,gmina miejsko-wiejska,1213043,2024,nowy,,,,,,,,,,
10825,małopolskie,oświęcimski,Kęty,gmina miejsko-wiejska,1213043,2025,nowy,,,,,,,,,,
10826,małopolskie,oświęcimski,Osiek,gmina wiejska,1213052,2018,nowy,,,,,,,,,,
10827,małopolskie,oświęcimski,Osiek,gmina wiejska,1213052,2019,nowy,,,,,,,,,,
10828,małopolskie,oświęcimski,Osiek,gmina wiejska,1213052,2020,nowy,,,,,,,,,,
10829,małopolskie,oświęcimski,Osiek,gmina wiejska,1213052,2021,nowy,,,,,,,,,,
10830,małopolskie,oświęcimski,Osiek,gmina wiejska,1213052,2022,nowy,,,,,,,,,,
10831,małopolskie,oświęcimski,Osiek,gmina wiejska,1213052,2023,nowy,,,,,,,,,,
10832,małopolskie,oświęcimski,Osiek,gmina wiejska,1213052,2024,nowy,,,,,,,,,,
10833,małopolskie,oświęcimski,Osiek,gmina wiejska,1213052,2025,nowy,,,,,,,,,,
10834,małopolskie,oświęcimski,Oświęcim,gmina wiejska,1213062,2018,nowy,,,,,,,,,,
10835,małopolskie,oświęcimski,Oświęcim,gmina wiejska,1213062,2019,nowy,,,,,,,,,,
10836,małopolskie,oświęcimski,Oświęcim,gmina wiejska,1213062,2020,nowy,,,,,,,,,,
10837,małopolskie,oświęcimski,Oświęcim,gmina wiejska,1213062,2021,nowy,,,,,,,,,,
10838,małopolskie,oświęcimski,Oświęcim,gmina wiejska,1213062,2022,nowy,,,,,,,,,,
10839,małopolskie,oświęcimski,Oświęcim,gmina wiejska,1213062,2023,nowy,,,,,,,,,,
10840,małopolskie,oświęcimski,Oświęcim,gmina wiejska,1213062,2024,nowy,,,,,,,,,,
10841,małopolskie,oświęcimski,Oświęcim,gmina wiejska,1213062,2025,nowy,,,,,,,,,,
10842,małopolskie,oświęcimski,Polanka Wielka,gmina wiejska,1213072,2018,nowy,,,,,,,,,,
10843,małopolskie,oświęcimski,Polanka Wielka,gmina wiejska,1213072,2019,nowy,,,,,,,,,,
10844,małopolskie,oświęcimski,Polanka Wielka,gmina wiejska,1213072,2020,nowy,,,,,,,,,,
10845,małopolskie,oświęcimski,Polanka Wielka,gmina wiejska,1213072,2021,nowy,,,,,,,,,,
10846,małopolskie,oświęcimski,Polanka Wielka,gmina wiejska,1213072,2022,nowy,,,,,,,,,,
10847,małopolskie,oświęcimski,Polanka Wielka,gmina wiejska,1213072,2023,nowy,,,,,,,,,,
10848,małopolskie,oświęcimski,Polanka Wielka,gmina wiejska,1213072,2024,nowy,,,,,,,,,,
10849,małopolskie,oświęcimski,Polanka Wielka,gmina wiejska,1213072,2025,nowy,,,,,,,,,,
10850,małopolskie,oświęcimski,Przeciszów,gmina wiejska,1213082,2018,nowy,,,,,,,,,,
10851,małopolskie,oświęcimski,Przeciszów,gmina wiejska,1213082,2019,nowy,,,,,,,,,,
10852,małopolskie,oświęcimski,Przeciszów,gmina wiejska,1213082,2020,nowy,,,,,,,,,,
10853,małopolskie,oświęcimski,Przeciszów,gmina wiejska,1213082,2021,nowy,,,,,,,,,,
10854,małopolskie,oświęcimski,Przeciszów,gmina wiejska,1213082,2022,nowy,,,,,,,,,,
10855,małopolskie,oświęcimski,Przeciszów,gmina wiejska,1213082,2023,nowy,,,,,,,,,,
10856,małopolskie,oświęcimski,Przeciszów,gmina wiejska,1213082,2024,nowy,,,,,,,,,,
10857,małopolskie,oświęcimski,Przeciszów,gmina wiejska,1213082,2025,nowy,,,,,,,,,,
10858,małopolskie,oświęcimski,Zator,gmina miejsko-wiejska,1213093,2018,nowy,,,,,,,,,,
10859,małopolskie,oświęcimski,Zator,gmina miejsko-wiejska,1213093,2019,nowy,,,,,,,,,,
10860,małopolskie,oświęcimski,Zator,gmina miejsko-wiejska,1213093,2020,nowy,,,,,,,,,,
10861,małopolskie,oświęcimski,Zator,gmina miejsko-wiejska,1213093,2021,nowy,,,,,,,,,,
10862,małopolskie,oświęcimski,Zator,gmina miejsko-wiejska,1213093,2022,nowy,,,,,,,,,,
10863,małopolskie,oświęcimski,Zator,gmina miejsko-wiejska,1213093,2023,nowy,,,,,,,,,,
10864,małopolskie,oświęcimski,Zator,gmina miejsko-wiejska,1213093,2024,nowy,,,,,,,,,,
10865,małopolskie,oświęcimski,Zator,gmina miejsko-wiejska,1213093,2025,nowy,,,,,,,,,,
10866,małopolskie,proszowicki,-,-,1214,2018,nowy,,,,,,,,,,
10867,małopolskie,proszowicki,-,-,1214,2019,nowy,,,,,,,,,,
10868,małopolskie,proszowicki,-,-,1214,2020,nowy,,,,,,,,,,
10869,małopolskie,proszowicki,-,-,1214,2021,nowy,,,,,,,,,,
10870,małopolskie,proszowicki,-,-,1214,2022,nowy,,,,,,,,,,
10871,małopolskie,proszowicki,-,-,1214,2023,nowy,,,,,,,,,,
10872,małopolskie,proszowicki,-,-,1214,2024,nowy,,,,,,,,,,
10873,małopolskie,proszowicki,-,-,1214,2025,nowy,,,,,,,,,,
10874,małopolskie,proszowicki,Koniusza,gmina wiejska,1214012,2018,nowy,,,,,,,,,,
10875,małopolskie,proszowicki,Koniusza,gmina wiejska,1214012,2019,nowy,,,,,,,,,,
10876,małopolskie,proszowicki,Koniusza,gmina wiejska,1214012,2020,nowy,,,,,,,,,,
10877,małopolskie,proszowicki,Koniusza,gmina wiejska,1214012,2021,nowy,,,,,,,,,,
10878,małopolskie,proszowicki,Koniusza,gmina wiejska,1214012,2022,nowy,,,,,,,,,,
10879,małopolskie,proszowicki,Koniusza,gmina wiejska,1214012,2023,nowy,,,,,,,,,,
10880,małopolskie,proszowicki,Koniusza,gmina wiejska,1214012,2024,nowy,,,,,,,,,,
10881,małopolskie,proszowicki,Koniusza,gmina wiejska,1214012,2025,nowy,,,,,,,,,,
10882,małopolskie,proszowicki,Koszyce,gmina wiejska,1214022,2018,nowy,,,,,,,,,,
10883,małopolskie,proszowicki,Koszyce,gmina miejsko-wiejska,1214023,2019,nowy,,,,,,,,,,
10884,małopolskie,proszowicki,Koszyce,gmina miejsko-wiejska,1214023,2020,nowy,,,,,,,,,,
10885,małopolskie,proszowicki,Koszyce,gmina miejsko-wiejska,1214023,2021,nowy,,,,,,,,,,
10886,małopolskie,proszowicki,Koszyce,gmina miejsko-wiejska,1214023,2022,nowy,,,,,,,,,,
10887,małopolskie,proszowicki,Koszyce,gmina miejsko-wiejska,1214023,2023,nowy,,,,,,,,,,
10888,małopolskie,proszowicki,Koszyce,gmina miejsko-wiejska,1214023,2024,nowy,,,,,,,,,,
10889,małopolskie,proszowicki,Koszyce,gmina miejsko-wiejska,1214023,2025,nowy,,,,,,,,,,
10890,małopolskie,proszowicki,Nowe Brzesko,gmina miejsko-wiejska,1214033,2018,nowy,,,,,,,,,,
10891,małopolskie,proszowicki,Nowe Brzesko,gmina miejsko-wiejska,1214033,2019,nowy,,,,,,,,,,
10892,małopolskie,proszowicki,Nowe Brzesko,gmina miejsko-wiejska,1214033,2020,nowy,,,,,,,,,,
10893,małopolskie,proszowicki,Nowe Brzesko,gmina miejsko-wiejska,1214033,2021,nowy,,,,,,,,,,
10894,małopolskie,proszowicki,Nowe Brzesko,gmina miejsko-wiejska,1214033,2022,nowy,,,,,,,,,,
10895,małopolskie,proszowicki,Nowe Brzesko,gmina miejsko-wiejska,1214033,2023,nowy,,,,,,,,,,
10896,małopolskie,proszowicki,Nowe Brzesko,gmina miejsko-wiejska,1214033,2024,nowy,,,,,,,,,,
10897,małopolskie,proszowicki,Nowe Brzesko,gmina miejsko-wiejska,1214033,2025,nowy,,,,,,,,,,
10898,małopolskie,proszowicki,Pałecznica,gmina wiejska,1214042,2018,nowy,,,,,,,,,,
10899,małopolskie,proszowicki,Pałecznica,gmina wiejska,1214042,2019,nowy,,,,,,,,,,
10900,małopolskie,proszowicki,Pałecznica,gmina wiejska,1214042,2020,nowy,,,,,,,,,,
10901,małopolskie,proszowicki,Pałecznica,gmina wiejska,1214042,2021,nowy,,,,,,,,,,
10902,małopolskie,proszowicki,Pałecznica,gmina wiejska,1214042,2022,nowy,,,,,,,,,,
10903,małopolskie,proszowicki,Pałecznica,gmina wiejska,1214042,2023,nowy,,,,,,,,,,
10904,małopolskie,proszowicki,Pałecznica,gmina wiejska,1214042,2024,nowy,,,,,,,,,,
10905,małopolskie,proszowicki,Pałecznica,gmina wiejska,1214042,2025,nowy,,,,,,,,,,
10906,małopolskie,proszowicki,Proszowice,gmina miejsko-wiejska,1214053,2018,nowy,,,,,,,,,,
10907,małopolskie,proszowicki,Proszowice,gmina miejsko-wiejska,1214053,2019,nowy,,,,,,,,,,
10908,małopolskie,proszowicki,Proszowice,gmina miejsko-wiejska,1214053,2020,nowy,,,,,,,,,,
10909,małopolskie,proszowicki,Proszowice,gmina miejsko-wiejska,1214053,2021,nowy,,,,,,,,,,
10910,małopolskie,proszowicki,Proszowice,gmina miejsko-wiejska,1214053,2022,nowy,,,,,,,,,,
10911,małopolskie,proszowicki,Proszowice,gmina miejsko-wiejska,1214053,2023,nowy,,,,,,,,,,
10912,małopolskie,proszowicki,Proszowice,gmina miejsko-wiejska,1214053,2024,nowy,,,,,,,,,,
10913,małopolskie,proszowicki,Proszowice,gmina miejsko-wiejska,1214053,2025,nowy,,,,,,,,,,
10914,małopolskie,proszowicki,Radziemice,gmina wiejska,1214062,2018,nowy,,,,,,,,,,
10915,małopolskie,proszowicki,Radziemice,gmina wiejska,1214062,2019,nowy,,,,,,,,,,
10916,małopolskie,proszowicki,Radziemice,gmina wiejska,1214062,2020,nowy,,,,,,,,,,
10917,małopolskie,proszowicki,Radziemice,gmina wiejska,1214062,2021,nowy,,,,,,,,,,
10918,małopolskie,proszowicki,Radziemice,gmina wiejska,1214062,2022,nowy,,,,,,,,,,
10919,małopolskie,proszowicki,Radziemice,gmina wiejska,1214062,2023,nowy,,,,,,,,,,
10920,małopolskie,proszowicki,Radziemice,gmina wiejska,1214062,2024,nowy,,,,,,,,,,
10921,małopolskie,proszowicki,Radziemice,gmina wiejska,1214062,2025,nowy,,,,,,,,,,
10922,małopolskie,suski,-,-,1215,2018,nowy,,,,,,,,,,
10923,małopolskie,suski,-,-,1215,2019,nowy,,,,,,,,,,
10924,małopolskie,suski,-,-,1215,2020,nowy,,,,,,,,,,
10925,małopolskie,suski,-,-,1215,2021,nowy,,,,,,,,,,
10926,małopolskie,suski,-,-,1215,2022,nowy,,,,,,,,,,
10927,małopolskie,suski,-,-,1215,2023,nowy,,,,,,,,,,
10928,małopolskie,suski,-,-,1215,2024,nowy,,,,,,,,,,
10929,małopolskie,suski,-,-,1215,2025,nowy,,,,,,,,,,
10930,małopolskie,suski,Jordanów,gmina miejska,1215011,2018,nowy,,,,,,,,,,
10931,małopolskie,suski,Jordanów,gmina miejska,1215011,2019,nowy,,,,,,,,,,
10932,małopolskie,suski,Jordanów,gmina miejska,1215011,2020,nowy,,,,,,,,,,
10933,małopolskie,suski,Jordanów,gmina miejska,1215011,2021,nowy,,,,,,,,,,
10934,małopolskie,suski,Jordanów,gmina miejska,1215011,2022,nowy,,,,,,,,,,
10935,małopolskie,suski,Jordanów,gmina miejska,1215011,2023,nowy,,,,,,,,,,
10936,małopolskie,suski,Jordanów,gmina miejska,1215011,2024,nowy,,,,,,,,,,
10937,małopolskie,suski,Jordanów,gmina miejska,1215011,2025,nowy,,,,,,,,,,
10938,małopolskie,suski,Sucha Beskidzka,gmina miejska,1215021,2018,nowy,,,,,,,,,,
10939,małopolskie,suski,Sucha Beskidzka,gmina miejska,1215021,2019,nowy,,,,,,,,,,
10940,małopolskie,suski,Sucha Beskidzka,gmina miejska,1215021,2020,nowy,,,,,,,,,,
10941,małopolskie,suski,Sucha Beskidzka,gmina miejska,1215021,2021,nowy,,,,,,,,,,
10942,małopolskie,suski,Sucha Beskidzka,gmina miejska,1215021,2022,nowy,,,,,,,,,,
10943,małopolskie,suski,Sucha Beskidzka,gmina miejska,1215021,2023,nowy,,,,,,,,,,
10944,małopolskie,suski,Sucha Beskidzka,gmina miejska,1215021,2024,nowy,,,,,,,,,,
10945,małopolskie,suski,Sucha Beskidzka,gmina miejska,1215021,2025,nowy,,,,,,,,,,
10946,małopolskie,suski,Budzów,gmina wiejska,1215032,2018,nowy,,,,,,,,,,
10947,małopolskie,suski,Budzów,gmina wiejska,1215032,2019,nowy,,,,,,,,,,
10948,małopolskie,suski,Budzów,gmina wiejska,1215032,2020,nowy,,,,,,,,,,
10949,małopolskie,suski,Budzów,gmina wiejska,1215032,2021,nowy,,,,,,,,,,
10950,małopolskie,suski,Budzów,gmina wiejska,1215032,2022,nowy,,,,,,,,,,
10951,małopolskie,suski,Budzów,gmina wiejska,1215032,2023,nowy,,,,,,,,,,
10952,małopolskie,suski,Budzów,gmina wiejska,1215032,2024,nowy,,,,,,,,,,
10953,małopolskie,suski,Budzów,gmina wiejska,1215032,2025,nowy,,,,,,,,,,
10954,małopolskie,suski,Bystra-Sidzina,gmina wiejska,1215042,2018,nowy,,,,,,,,,,
10955,małopolskie,suski,Bystra-Sidzina,gmina wiejska,1215042,2019,nowy,,,,,,,,,,
10956,małopolskie,suski,Bystra-Sidzina,gmina wiejska,1215042,2020,nowy,,,,,,,,,,
10957,małopolskie,suski,Bystra-Sidzina,gmina wiejska,1215042,2021,nowy,,,,,,,,,,
10958,małopolskie,suski,Bystra-Sidzina,gmina wiejska,1215042,2022,nowy,,,,,,,,,,
10959,małopolskie,suski,Bystra-Sidzina,gmina wiejska,1215042,2023,nowy,,,,,,,,,,
10960,małopolskie,suski,Bystra-Sidzina,gmina wiejska,1215042,2024,nowy,,,,,,,,,,
10961,małopolskie,suski,Bystra-Sidzina,gmina wiejska,1215042,2025,nowy,,,,,,,,,,
10962,małopolskie,suski,Jordanów,gmina wiejska,1215052,2018,nowy,,,,,,,,,,
10963,małopolskie,suski,Jordanów,gmina wiejska,1215052,2019,nowy,,,,,,,,,,
10964,małopolskie,suski,Jordanów,gmina wiejska,1215052,2020,nowy,,,,,,,,,,
10965,małopolskie,suski,Jordanów,gmina wiejska,1215052,2021,nowy,,,,,,,,,,
10966,małopolskie,suski,Jordanów,gmina wiejska,1215052,2022,nowy,,,,,,,,,,
10967,małopolskie,suski,Jordanów,gmina wiejska,1215052,2023,nowy,,,,,,,,,,
10968,małopolskie,suski,Jordanów,gmina wiejska,1215052,2024,nowy,,,,,,,,,,
10969,małopolskie,suski,Jordanów,gmina wiejska,1215052,2025,nowy,,,,,,,,,,
10970,małopolskie,suski,Maków Podhalański,gmina miejsko-wiejska,1215063,2018,nowy,,,,,,,,,,
10971,małopolskie,suski,Maków Podhalański,gmina miejsko-wiejska,1215063,2019,nowy,,,,,,,,,,
10972,małopolskie,suski,Maków Podhalański,gmina miejsko-wiejska,1215063,2020,nowy,,,,,,,,,,
10973,małopolskie,suski,Maków Podhalański,gmina miejsko-wiejska,1215063,2021,nowy,,,,,,,,,,
10974,małopolskie,suski,Maków Podhalański,gmina miejsko-wiejska,1215063,2022,nowy,,,,,,,,,,
10975,małopolskie,suski,Maków Podhalański,gmina miejsko-wiejska,1215063,2023,nowy,,,,,,,,,,
10976,małopolskie,suski,Maków Podhalański,gmina miejsko-wiejska,1215063,2024,nowy,,,,,,,,,,
10977,małopolskie,suski,Maków Podhalański,gmina miejsko-wiejska,1215063,2025,nowy,,,,,,,,,,
10978,małopolskie,suski,Stryszawa,gmina wiejska,1215072,2018,nowy,,,,,,,,,,
10979,małopolskie,suski,Stryszawa,gmina wiejska,1215072,2019,nowy,,,,,,,,,,
10980,małopolskie,suski,Stryszawa,gmina wiejska,1215072,2020,nowy,,,,,,,,,,
10981,małopolskie,suski,Stryszawa,gmina wiejska,1215072,2021,nowy,,,,,,,,,,
10982,małopolskie,suski,Stryszawa,gmina wiejska,1215072,2022,nowy,,,,,,,,,,
10983,małopolskie,suski,Stryszawa,gmina wiejska,1215072,2023,nowy,,,,,,,,,,
10984,małopolskie,suski,Stryszawa,gmina wiejska,1215072,2024,nowy,,,,,,,,,,
10985,małopolskie,suski,Stryszawa,gmina wiejska,1215072,2025,nowy,,,,,,,,,,
10986,małopolskie,suski,Zawoja,gmina wiejska,1215082,2018,nowy,,,,,,,,,,
10987,małopolskie,suski,Zawoja,gmina wiejska,1215082,2019,nowy,,,,,,,,,,
10988,małopolskie,suski,Zawoja,gmina wiejska,1215082,2020,nowy,,,,,,,,,,
10989,małopolskie,suski,Zawoja,gmina wiejska,1215082,2021,nowy,,,,,,,,,,
10990,małopolskie,suski,Zawoja,gmina wiejska,1215082,2022,nowy,,,,,,,,,,
10991,małopolskie,suski,Zawoja,gmina wiejska,1215082,2023,nowy,,,,,,,,,,
10992,małopolskie,suski,Zawoja,gmina wiejska,1215082,2024,nowy,,,,,,,,,,
10993,małopolskie,suski,Zawoja,gmina wiejska,1215082,2025,nowy,,,,,,,,,,
10994,małopolskie,suski,Zembrzyce,gmina wiejska,1215092,2018,nowy,,,,,,,,,,
10995,małopolskie,suski,Zembrzyce,gmina wiejska,1215092,2019,nowy,,,,,,,,,,
10996,małopolskie,suski,Zembrzyce,gmina wiejska,1215092,2020,nowy,,,,,,,,,,
10997,małopolskie,suski,Zembrzyce,gmina wiejska,1215092,2021,nowy,,,,,,,,,,
10998,małopolskie,suski,Zembrzyce,gmina wiejska,1215092,2022,nowy,,,,,,,,,,
10999,małopolskie,suski,Zembrzyce,gmina wiejska,1215092,2023,nowy,,,,,,,,,,
11000,małopolskie,suski,Zembrzyce,gmina wiejska,1215092,2024,nowy,,,,,,,,,,
11001,małopolskie,suski,Zembrzyce,gmina wiejska,1215092,2025,nowy,,,,,,,,,,
11002,małopolskie,tarnowski,-,-,1216,2018,nowy,,,,,,,,,,
11003,małopolskie,tarnowski,-,-,1216,2019,nowy,,,,,,,,,,
11004,małopolskie,tarnowski,-,-,1216,2020,nowy,,,,,,,,,,
11005,małopolskie,tarnowski,-,-,1216,2021,nowy,,,,,,,,,,
11006,małopolskie,tarnowski,-,-,1216,2022,nowy,,,,,,,,,,
11007,małopolskie,tarnowski,-,-,1216,2023,nowy,,,,,,,,,,
11008,małopolskie,tarnowski,-,-,1216,2024,nowy,,,,,,,,,,
11009,małopolskie,tarnowski,-,-,1216,2025,nowy,,,,,,,,,,
11010,małopolskie,tarnowski,Ciężkowice,gmina miejsko-wiejska,1216013,2018,nowy,,,,,,,,,,
11011,małopolskie,tarnowski,Ciężkowice,gmina miejsko-wiejska,1216013,2019,nowy,,,,,,,,,,
11012,małopolskie,tarnowski,Ciężkowice,gmina miejsko-wiejska,1216013,2020,nowy,,,,,,,,,,
11013,małopolskie,tarnowski,Ciężkowice,gmina miejsko-wiejska,1216013,2021,nowy,,,,,,,,,,
11014,małopolskie,tarnowski,Ciężkowice,gmina miejsko-wiejska,1216013,2022,nowy,,,,,,,,,,
11015,małopolskie,tarnowski,Ciężkowice,gmina miejsko-wiejska,1216013,2023,nowy,,,,,,,,,,
11016,małopolskie,tarnowski,Ciężkowice,gmina miejsko-wiejska,1216013,2024,nowy,,,,,,,,,,
11017,małopolskie,tarnowski,Ciężkowice,gmina miejsko-wiejska,1216013,2025,nowy,,,,,,,,,,
11018,małopolskie,tarnowski,Gromnik,gmina wiejska,1216022,2018,nowy,,,,,,,,,,
11019,małopolskie,tarnowski,Gromnik,gmina wiejska,1216022,2019,nowy,,,,,,,,,,
11020,małopolskie,tarnowski,Gromnik,gmina wiejska,1216022,2020,nowy,,,,,,,,,,
11021,małopolskie,tarnowski,Gromnik,gmina wiejska,1216022,2021,nowy,,,,,,,,,,
11022,małopolskie,tarnowski,Gromnik,gmina wiejska,1216022,2022,nowy,,,,,,,,,,
11023,małopolskie,tarnowski,Gromnik,gmina wiejska,1216022,2023,nowy,,,,,,,,,,
11024,małopolskie,tarnowski,Gromnik,gmina wiejska,1216022,2024,nowy,,,,,,,,,,
11025,małopolskie,tarnowski,Gromnik,gmina wiejska,1216022,2025,nowy,,,,,,,,,,
11026,małopolskie,tarnowski,Lisia Góra,gmina wiejska,1216032,2018,nowy,,,,,,,,,,
11027,małopolskie,tarnowski,Lisia Góra,gmina wiejska,1216032,2019,nowy,,,,,,,,,,
11028,małopolskie,tarnowski,Lisia Góra,gmina wiejska,1216032,2020,nowy,,,,,,,,,,
11029,małopolskie,tarnowski,Lisia Góra,gmina wiejska,1216032,2021,nowy,,,,,,,,,,
11030,małopolskie,tarnowski,Lisia Góra,gmina wiejska,1216032,2022,nowy,,,,,,,,,,
11031,małopolskie,tarnowski,Lisia Góra,gmina wiejska,1216032,2023,nowy,,,,,,,,,,
11032,małopolskie,tarnowski,Lisia Góra,gmina wiejska,1216032,2024,nowy,,,,,,,,,,
11033,małopolskie,tarnowski,Lisia Góra,gmina wiejska,1216032,2025,nowy,,,,,,,,,,
11034,małopolskie,tarnowski,Pleśna,gmina wiejska,1216042,2018,nowy,,,,,,,,,,
11035,małopolskie,tarnowski,Pleśna,gmina wiejska,1216042,2019,nowy,,,,,,,,,,
11036,małopolskie,tarnowski,Pleśna,gmina wiejska,1216042,2020,nowy,,,,,,,,,,
11037,małopolskie,tarnowski,Pleśna,gmina wiejska,1216042,2021,nowy,,,,,,,,,,
11038,małopolskie,tarnowski,Pleśna,gmina wiejska,1216042,2022,nowy,,,,,,,,,,
11039,małopolskie,tarnowski,Pleśna,gmina wiejska,1216042,2023,nowy,,,,,,,,,,
11040,małopolskie,tarnowski,Pleśna,gmina wiejska,1216042,2024,nowy,,,,,,,,,,
11041,małopolskie,tarnowski,Pleśna,gmina wiejska,1216042,2025,nowy,,,,,,,,,,
11042,małopolskie,tarnowski,Radłów,gmina miejsko-wiejska,1216053,2018,nowy,,,,,,,,,,
11043,małopolskie,tarnowski,Radłów,gmina miejsko-wiejska,1216053,2019,nowy,,,,,,,,,,
11044,małopolskie,tarnowski,Radłów,gmina miejsko-wiejska,1216053,2020,nowy,,,,,,,,,,
11045,małopolskie,tarnowski,Radłów,gmina miejsko-wiejska,1216053,2021,nowy,,,,,,,,,,
11046,małopolskie,tarnowski,Radłów,gmina miejsko-wiejska,1216053,2022,nowy,,,,,,,,,,
11047,małopolskie,tarnowski,Radłów,gmina miejsko-wiejska,1216053,2023,nowy,,,,,,,,,,
11048,małopolskie,tarnowski,Radłów,gmina miejsko-wiejska,1216053,2024,nowy,,,,,,,,,,
11049,małopolskie,tarnowski,Radłów,gmina miejsko-wiejska,1216053,2025,nowy,,,,,,,,,,
11050,małopolskie,tarnowski,Ryglice,gmina miejsko-wiejska,1216063,2018,nowy,,,,,,,,,,
11051,małopolskie,tarnowski,Ryglice,gmina miejsko-wiejska,1216063,2019,nowy,,,,,,,,,,
11052,małopolskie,tarnowski,Ryglice,gmina miejsko-wiejska,1216063,2020,nowy,,,,,,,,,,
11053,małopolskie,tarnowski,Ryglice,gmina miejsko-wiejska,1216063,2021,nowy,,,,,,,,,,
11054,małopolskie,tarnowski,Ryglice,gmina miejsko-wiejska,1216063,2022,nowy,,,,,,,,,,
11055,małopolskie,tarnowski,Ryglice,gmina miejsko-wiejska,1216063,2023,nowy,,,,,,,,,,
11056,małopolskie,tarnowski,Ryglice,gmina miejsko-wiejska,1216063,2024,nowy,,,,,,,,,,
11057,małopolskie,tarnowski,Ryglice,gmina miejsko-wiejska,1216063,2025,nowy,,,,,,,,,,
11058,małopolskie,tarnowski,Rzepiennik Strzyżewski,gmina wiejska,1216072,2018,nowy,,,,,,,,,,
11059,małopolskie,tarnowski,Rzepiennik Strzyżewski,gmina wiejska,1216072,2019,nowy,,,,,,,,,,
11060,małopolskie,tarnowski,Rzepiennik Strzyżewski,gmina wiejska,1216072,2020,nowy,,,,,,,,,,
11061,małopolskie,tarnowski,Rzepiennik Strzyżewski,gmina wiejska,1216072,2021,nowy,,,,,,,,,,
11062,małopolskie,tarnowski,Rzepiennik Strzyżewski,gmina wiejska,1216072,2022,nowy,,,,,,,,,,
11063,małopolskie,tarnowski,Rzepiennik Strzyżewski,gmina wiejska,1216072,2023,nowy,,,,,,,,,,
11064,małopolskie,tarnowski,Rzepiennik Strzyżewski,gmina wiejska,1216072,2024,nowy,,,,,,,,,,
11065,małopolskie,tarnowski,Rzepiennik Strzyżewski,gmina wiejska,1216072,2025,nowy,,,,,,,,,,
11066,małopolskie,tarnowski,Skrzyszów,gmina wiejska,1216082,2018,nowy,,,,,,,,,,
11067,małopolskie,tarnowski,Skrzyszów,gmina wiejska,1216082,2019,nowy,,,,,,,,,,
11068,małopolskie,tarnowski,Skrzyszów,gmina wiejska,1216082,2020,nowy,,,,,,,,,,
11069,małopolskie,tarnowski,Skrzyszów,gmina wiejska,1216082,2021,nowy,,,,,,,,,,
11070,małopolskie,tarnowski,Skrzyszów,gmina wiejska,1216082,2022,nowy,,,,,,,,,,
11071,małopolskie,tarnowski,Skrzyszów,gmina wiejska,1216082,2023,nowy,,,,,,,,,,
11072,małopolskie,tarnowski,Skrzyszów,gmina wiejska,1216082,2024,nowy,,,,,,,,,,
11073,małopolskie,tarnowski,Skrzyszów,gmina wiejska,1216082,2025,nowy,,,,,,,,,,
11074,małopolskie,tarnowski,Tarnów,gmina wiejska,1216092,2018,nowy,,,,,,,,,,
11075,małopolskie,tarnowski,Tarnów,gmina wiejska,1216092,2019,nowy,,,,,,,,,,
11076,małopolskie,tarnowski,Tarnów,gmina wiejska,1216092,2020,nowy,,,,,,,,,,
11077,małopolskie,tarnowski,Tarnów,gmina wiejska,1216092,2021,nowy,,,,,,,,,,
11078,małopolskie,tarnowski,Tarnów,gmina wiejska,1216092,2022,nowy,,,,,,,,,,
11079,małopolskie,tarnowski,Tarnów,gmina wiejska,1216092,2023,nowy,,,,,,,,,,
11080,małopolskie,tarnowski,Tarnów,gmina wiejska,1216092,2024,nowy,,,,,,,,,,
11081,małopolskie,tarnowski,Tarnów,gmina wiejska,1216092,2025,nowy,,,,,,,,,,
11082,małopolskie,tarnowski,Tuchów,gmina miejsko-wiejska,1216103,2018,nowy,,,,,,,,,,
11083,małopolskie,tarnowski,Tuchów,gmina miejsko-wiejska,1216103,2019,nowy,,,,,,,,,,
11084,małopolskie,tarnowski,Tuchów,gmina miejsko-wiejska,1216103,2020,nowy,,,,,,,,,,
11085,małopolskie,tarnowski,Tuchów,gmina miejsko-wiejska,1216103,2021,nowy,,,,,,,,,,
11086,małopolskie,tarnowski,Tuchów,gmina miejsko-wiejska,1216103,2022,nowy,,,,,,,,,,
11087,małopolskie,tarnowski,Tuchów,gmina miejsko-wiejska,1216103,2023,nowy,,,,,,,,,,
11088,małopolskie,tarnowski,Tuchów,gmina miejsko-wiejska,1216103,2024,nowy,,,,,,,,,,
11089,małopolskie,tarnowski,Tuchów,gmina miejsko-wiejska,1216103,2025,nowy,,,,,,,,,,
11090,małopolskie,tarnowski,Wierzchosławice,gmina wiejska,1216112,2018,nowy,,,,,,,,,,
11091,małopolskie,tarnowski,Wierzchosławice,gmina wiejska,1216112,2019,nowy,,,,,,,,,,
11092,małopolskie,tarnowski,Wierzchosławice,gmina wiejska,1216112,2020,nowy,,,,,,,,,,
11093,małopolskie,tarnowski,Wierzchosławice,gmina wiejska,1216112,2021,nowy,,,,,,,,,,
11094,małopolskie,tarnowski,Wierzchosławice,gmina wiejska,1216112,2022,nowy,,,,,,,,,,
11095,małopolskie,tarnowski,Wierzchosławice,gmina wiejska,1216112,2023,nowy,,,,,,,,,,
11096,małopolskie,tarnowski,Wierzchosławice,gmina wiejska,1216112,2024,nowy,,,,,,,,,,
11097,małopolskie,tarnowski,Wierzchosławice,gmina wiejska,1216112,2025,nowy,,,,,,,,,,
11098,małopolskie,tarnowski,Wietrzychowice,gmina wiejska,1216122,2018,nowy,,,,,,,,,,
11099,małopolskie,tarnowski,Wietrzychowice,gmina wiejska,1216122,2019,nowy,,,,,,,,,,
11100,małopolskie,tarnowski,Wietrzychowice,gmina wiejska,1216122,2020,nowy,,,,,,,,,,
11101,małopolskie,tarnowski,Wietrzychowice,gmina wiejska,1216122,2021,nowy,,,,,,,,,,
11102,małopolskie,tarnowski,Wietrzychowice,gmina wiejska,1216122,2022,nowy,,,,,,,,,,
11103,małopolskie,tarnowski,Wietrzychowice,gmina wiejska,1216122,2023,nowy,,,,,,,,,,
11104,małopolskie,tarnowski,Wietrzychowice,gmina wiejska,1216122,2024,nowy,,,,,,,,,,
11105,małopolskie,tarnowski,Wietrzychowice,gmina wiejska,1216122,2025,nowy,,,,,,,,,,
11106,małopolskie,tarnowski,Wojnicz,gmina miejsko-wiejska,1216133,2018,nowy,,,,,,,,,,
11107,małopolskie,tarnowski,Wojnicz,gmina miejsko-wiejska,1216133,2019,nowy,,,,,,,,,,
11108,małopolskie,tarnowski,Wojnicz,gmina miejsko-wiejska,1216133,2020,nowy,,,,,,,,,,
11109,małopolskie,tarnowski,Wojnicz,gmina miejsko-wiejska,1216133,2021,nowy,,,,,,,,,,
11110,małopolskie,tarnowski,Wojnicz,gmina miejsko-wiejska,1216133,2022,nowy,,,,,,,,,,
11111,małopolskie,tarnowski,Wojnicz,gmina miejsko-wiejska,1216133,2023,nowy,,,,,,,,,,
11112,małopolskie,tarnowski,Wojnicz,gmina miejsko-wiejska,1216133,2024,nowy,,,,,,,,,,
11113,małopolskie,tarnowski,Wojnicz,gmina miejsko-wiejska,1216133,2025,nowy,,,,,,,,,,
11114,małopolskie,tarnowski,Zakliczyn,gmina miejsko-wiejska,1216143,2018,nowy,,,,,,,,,,
11115,małopolskie,tarnowski,Zakliczyn,gmina miejsko-wiejska,1216143,2019,nowy,,,,,,,,,,
11116,małopolskie,tarnowski,Zakliczyn,gmina miejsko-wiejska,1216143,2020,nowy,,,,,,,,,,
11117,małopolskie,tarnowski,Zakliczyn,gmina miejsko-wiejska,1216143,2021,nowy,,,,,,,,,,
11118,małopolskie,tarnowski,Zakliczyn,gmina miejsko-wiejska,1216143,2022,nowy,,,,,,,,,,
11119,małopolskie,tarnowski,Zakliczyn,gmina miejsko-wiejska,1216143,2023,nowy,,,,,,,,,,
11120,małopolskie,tarnowski,Zakliczyn,gmina miejsko-wiejska,1216143,2024,nowy,,,,,,,,,,
11121,małopolskie,tarnowski,Zakliczyn,gmina miejsko-wiejska,1216143,2025,nowy,,,,,,,,,,
11122,małopolskie,tarnowski,Żabno,gmina miejsko-wiejska,1216153,2018,nowy,,,,,,,,,,
11123,małopolskie,tarnowski,Żabno,gmina miejsko-wiejska,1216153,2019,nowy,,,,,,,,,,
11124,małopolskie,tarnowski,Żabno,gmina miejsko-wiejska,1216153,2020,nowy,,,,,,,,,,
11125,małopolskie,tarnowski,Żabno,gmina miejsko-wiejska,1216153,2021,nowy,,,,,,,,,,
11126,małopolskie,tarnowski,Żabno,gmina miejsko-wiejska,1216153,2022,nowy,,,,,,,,,,
11127,małopolskie,tarnowski,Żabno,gmina miejsko-wiejska,1216153,2023,nowy,,,,,,,,,,
11128,małopolskie,tarnowski,Żabno,gmina miejsko-wiejska,1216153,2024,nowy,,,,,,,,,,
11129,małopolskie,tarnowski,Żabno,gmina miejsko-wiejska,1216153,2025,nowy,,,,,,,,,,
11130,małopolskie,tarnowski,Szerzyny,gmina wiejska,1216162,2018,nowy,,,,,,,,,,
11131,małopolskie,tarnowski,Szerzyny,gmina wiejska,1216162,2019,nowy,,,,,,,,,,
11132,małopolskie,tarnowski,Szerzyny,gmina wiejska,1216162,2020,nowy,,,,,,,,,,
11133,małopolskie,tarnowski,Szerzyny,gmina wiejska,1216162,2021,nowy,,,,,,,,,,
11134,małopolskie,tarnowski,Szerzyny,gmina wiejska,1216162,2022,nowy,,,,,,,,,,
11135,małopolskie,tarnowski,Szerzyny,gmina wiejska,1216162,2023,nowy,,,,,,,,,,
11136,małopolskie,tarnowski,Szerzyny,gmina wiejska,1216162,2024,nowy,,,,,,,,,,
11137,małopolskie,tarnowski,Szerzyny,gmina wiejska,1216162,2025,nowy,,,,,,,,,,
11138,małopolskie,tatrzański,-,-,1217,2018,nowy,,,,,,,,,,
11139,małopolskie,tatrzański,-,-,1217,2019,nowy,,,,,,,,,,
11140,małopolskie,tatrzański,-,-,1217,2020,nowy,,,,,,,,,,
11141,małopolskie,tatrzański,-,-,1217,2021,nowy,,,,,,,,,,
11142,małopolskie,tatrzański,-,-,1217,2022,nowy,,,,,,,,,,
11143,małopolskie,tatrzański,-,-,1217,2023,nowy,,,,,,,,,,
11144,małopolskie,tatrzański,-,-,1217,2024,nowy,,,,,,,,,,
11145,małopolskie,tatrzański,-,-,1217,2025,nowy,,,,,,,,,,
11146,małopolskie,tatrzański,Zakopane,gmina miejska,1217011,2018,nowy,,,,,,,,,,
11147,małopolskie,tatrzański,Zakopane,gmina miejska,1217011,2019,nowy,,,,,,,,,,
11148,małopolskie,tatrzański,Zakopane,gmina miejska,1217011,2020,nowy,,,,,,,,,,
11149,małopolskie,tatrzański,Zakopane,gmina miejska,1217011,2021,nowy,,,,,,,,,,
11150,małopolskie,tatrzański,Zakopane,gmina miejska,1217011,2022,nowy,,,,,,,,,,
11151,małopolskie,tatrzański,Zakopane,gmina miejska,1217011,2023,nowy,,,,,,,,,,
11152,małopolskie,tatrzański,Zakopane,gmina miejska,1217011,2024,nowy,,,,,,,,,,
11153,małopolskie,tatrzański,Zakopane,gmina miejska,1217011,2025,nowy,,,,,,,,,,
11154,małopolskie,tatrzański,Biały Dunajec,gmina wiejska,1217022,2018,nowy,,,,,,,,,,
11155,małopolskie,tatrzański,Biały Dunajec,gmina wiejska,1217022,2019,nowy,,,,,,,,,,
11156,małopolskie,tatrzański,Biały Dunajec,gmina wiejska,1217022,2020,nowy,,,,,,,,,,
11157,małopolskie,tatrzański,Biały Dunajec,gmina wiejska,1217022,2021,nowy,,,,,,,,,,
11158,małopolskie,tatrzański,Biały Dunajec,gmina wiejska,1217022,2022,nowy,,,,,,,,,,
11159,małopolskie,tatrzański,Biały Dunajec,gmina wiejska,1217022,2023,nowy,,,,,,,,,,
11160,małopolskie,tatrzański,Biały Dunajec,gmina wiejska,1217022,2024,nowy,,,,,,,,,,
11161,małopolskie,tatrzański,Biały Dunajec,gmina wiejska,1217022,2025,nowy,,,,,,,,,,
11162,małopolskie,tatrzański,Bukowina Tatrzańska,gmina wiejska,1217032,2018,nowy,,,,,,,,,,
11163,małopolskie,tatrzański,Bukowina Tatrzańska,gmina wiejska,1217032,2019,nowy,,,,,,,,,,
11164,małopolskie,tatrzański,Bukowina Tatrzańska,gmina wiejska,1217032,2020,nowy,,,,,,,,,,
11165,małopolskie,tatrzański,Bukowina Tatrzańska,gmina wiejska,1217032,2021,nowy,,,,,,,,,,
11166,małopolskie,tatrzański,Bukowina Tatrzańska,gmina wiejska,1217032,2022,nowy,,,,,,,,,,
11167,małopolskie,tatrzański,Bukowina Tatrzańska,gmina wiejska,1217032,2023,nowy,,,,,,,,,,
11168,małopolskie,tatrzański,Bukowina Tatrzańska,gmina wiejska,1217032,2024,nowy,,,,,,,,,,
11169,małopolskie,tatrzański,Bukowina Tatrzańska,gmina wiejska,1217032,2025,nowy,,,,,,,,,,
11170,małopolskie,tatrzański,Kościelisko,gmina wiejska,1217042,2018,nowy,,,,,,,,,,
11171,małopolskie,tatrzański,Kościelisko,gmina wiejska,1217042,2019,nowy,,,,,,,,,,
11172,małopolskie,tatrzański,Kościelisko,gmina wiejska,1217042,2020,nowy,,,,,,,,,,
11173,małopolskie,tatrzański,Kościelisko,gmina wiejska,1217042,2021,nowy,,,,,,,,,,
11174,małopolskie,tatrzański,Kościelisko,gmina wiejska,1217042,2022,nowy,,,,,,,,,,
11175,małopolskie,tatrzański,Kościelisko,gmina wiejska,1217042,2023,nowy,,,,,,,,,,
11176,małopolskie,tatrzański,Kościelisko,gmina wiejska,1217042,2024,nowy,,,,,,,,,,
11177,małopolskie,tatrzański,Kościelisko,gmina wiejska,1217042,2025,nowy,,,,,,,,,,
11178,małopolskie,tatrzański,Poronin,gmina wiejska,1217052,2018,nowy,,,,,,,,,,
11179,małopolskie,tatrzański,Poronin,gmina wiejska,1217052,2019,nowy,,,,,,,,,,
11180,małopolskie,tatrzański,Poronin,gmina wiejska,1217052,2020,nowy,,,,,,,,,,
11181,małopolskie,tatrzański,Poronin,gmina wiejska,1217052,2021,nowy,,,,,,,,,,
11182,małopolskie,tatrzański,Poronin,gmina wiejska,1217052,2022,nowy,,,,,,,,,,
11183,małopolskie,tatrzański,Poronin,gmina wiejska,1217052,2023,nowy,,,,,,,,,,
11184,małopolskie,tatrzański,Poronin,gmina wiejska,1217052,2024,nowy,,,,,,,,,,
11185,małopolskie,tatrzański,Poronin,gmina wiejska,1217052,2025,nowy,,,,,,,,,,
11186,małopolskie,wadowicki,-,-,1218,2018,nowy,,,,,,,,,,
11187,małopolskie,wadowicki,-,-,1218,2019,nowy,,,,,,,,,,
11188,małopolskie,wadowicki,-,-,1218,2020,nowy,,,,,,,,,,
11189,małopolskie,wadowicki,-,-,1218,2021,nowy,,,,,,,,,,
11190,małopolskie,wadowicki,-,-,1218,2022,nowy,,,,,,,,,,
11191,małopolskie,wadowicki,-,-,1218,2023,nowy,,,,,,,,,,
11192,małopolskie,wadowicki,-,-,1218,2024,nowy,,,,,,,,,,
11193,małopolskie,wadowicki,-,-,1218,2025,nowy,,,,,,,,,,
11194,małopolskie,wadowicki,Andrychów,gmina miejsko-wiejska,1218013,2018,nowy,,,,,,,,,,
11195,małopolskie,wadowicki,Andrychów,gmina miejsko-wiejska,1218013,2019,nowy,,,,,,,,,,
11196,małopolskie,wadowicki,Andrychów,gmina miejsko-wiejska,1218013,2020,nowy,,,,,,,,,,
11197,małopolskie,wadowicki,Andrychów,gmina miejsko-wiejska,1218013,2021,nowy,,,,,,,,,,
11198,małopolskie,wadowicki,Andrychów,gmina miejsko-wiejska,1218013,2022,nowy,,,,,,,,,,
11199,małopolskie,wadowicki,Andrychów,gmina miejsko-wiejska,1218013,2023,nowy,,,,,,,,,,
11200,małopolskie,wadowicki,Andrychów,gmina miejsko-wiejska,1218013,2024,nowy,,,,,,,,,,
11201,małopolskie,wadowicki,Andrychów,gmina miejsko-wiejska,1218013,2025,nowy,,,,,,,,,,
11202,małopolskie,wadowicki,Brzeźnica,gmina wiejska,1218022,2018,nowy,,,,,,,,,,
11203,małopolskie,wadowicki,Brzeźnica,gmina wiejska,1218022,2019,nowy,,,,,,,,,,
11204,małopolskie,wadowicki,Brzeźnica,gmina wiejska,1218022,2020,nowy,,,,,,,,,,
11205,małopolskie,wadowicki,Brzeźnica,gmina wiejska,1218022,2021,nowy,,,,,,,,,,
11206,małopolskie,wadowicki,Brzeźnica,gmina wiejska,1218022,2022,nowy,,,,,,,,,,
11207,małopolskie,wadowicki,Brzeźnica,gmina wiejska,1218022,2023,nowy,,,,,,,,,,
11208,małopolskie,wadowicki,Brzeźnica,gmina wiejska,1218022,2024,nowy,,,,,,,,,,
11209,małopolskie,wadowicki,Brzeźnica,gmina wiejska,1218022,2025,nowy,,,,,,,,,,
11210,małopolskie,wadowicki,Kalwaria Zebrzydowska,gmina miejsko-wiejska,1218033,2018,nowy,,,,,,,,,,
11211,małopolskie,wadowicki,Kalwaria Zebrzydowska,gmina miejsko-wiejska,1218033,2019,nowy,,,,,,,,,,
11212,małopolskie,wadowicki,Kalwaria Zebrzydowska,gmina miejsko-wiejska,1218033,2020,nowy,,,,,,,,,,
11213,małopolskie,wadowicki,Kalwaria Zebrzydowska,gmina miejsko-wiejska,1218033,2021,nowy,,,,,,,,,,
11214,małopolskie,wadowicki,Kalwaria Zebrzydowska,gmina miejsko-wiejska,1218033,2022,nowy,,,,,,,,,,
11215,małopolskie,wadowicki,Kalwaria Zebrzydowska,gmina miejsko-wiejska,1218033,2023,nowy,,,,,,,,,,
11216,małopolskie,wadowicki,Kalwaria Zebrzydowska,gmina miejsko-wiejska,1218033,2024,nowy,,,,,,,,,,
11217,małopolskie,wadowicki,Kalwaria Zebrzydowska,gmina miejsko-wiejska,1218033,2025,nowy,,,,,,,,,,
11218,małopolskie,wadowicki,Lanckorona,gmina wiejska,1218042,2018,nowy,,,,,,,,,,
11219,małopolskie,wadowicki,Lanckorona,gmina wiejska,1218042,2019,nowy,,,,,,,,,,
11220,małopolskie,wadowicki,Lanckorona,gmina wiejska,1218042,2020,nowy,,,,,,,,,,
11221,małopolskie,wadowicki,Lanckorona,gmina wiejska,1218042,2021,nowy,,,,,,,,,,
11222,małopolskie,wadowicki,Lanckorona,gmina wiejska,1218042,2022,nowy,,,,,,,,,,
11223,małopolskie,wadowicki,Lanckorona,gmina wiejska,1218042,2023,nowy,,,,,,,,,,
11224,małopolskie,wadowicki,Lanckorona,gmina wiejska,1218042,2024,nowy,,,,,,,,,,
11225,małopolskie,wadowicki,Lanckorona,gmina wiejska,1218042,2025,nowy,,,,,,,,,,
11226,małopolskie,wadowicki,Mucharz,gmina wiejska,1218052,2018,nowy,,,,,,,,,,
11227,małopolskie,wadowicki,Mucharz,gmina wiejska,1218052,2019,nowy,,,,,,,,,,
11228,małopolskie,wadowicki,Mucharz,gmina wiejska,1218052,2020,nowy,,,,,,,,,,
11229,małopolskie,wadowicki,Mucharz,gmina wiejska,1218052,2021,nowy,,,,,,,,,,
11230,małopolskie,wadowicki,Mucharz,gmina wiejska,1218052,2022,nowy,,,,,,,,,,
11231,małopolskie,wadowicki,Mucharz,gmina wiejska,1218052,2023,nowy,,,,,,,,,,
11232,małopolskie,wadowicki,Mucharz,gmina wiejska,1218052,2024,nowy,,,,,,,,,,
11233,małopolskie,wadowicki,Mucharz,gmina wiejska,1218052,2025,nowy,,,,,,,,,,
11234,małopolskie,wadowicki,Spytkowice,gmina wiejska,1218062,2018,nowy,,,,,,,,,,
11235,małopolskie,wadowicki,Spytkowice,gmina wiejska,1218062,2019,nowy,,,,,,,,,,
11236,małopolskie,wadowicki,Spytkowice,gmina wiejska,1218062,2020,nowy,,,,,,,,,,
11237,małopolskie,wadowicki,Spytkowice,gmina wiejska,1218062,2021,nowy,,,,,,,,,,
11238,małopolskie,wadowicki,Spytkowice,gmina wiejska,1218062,2022,nowy,,,,,,,,,,
11239,małopolskie,wadowicki,Spytkowice,gmina wiejska,1218062,2023,nowy,,,,,,,,,,
11240,małopolskie,wadowicki,Spytkowice,gmina wiejska,1218062,2024,nowy,,,,,,,,,,
11241,małopolskie,wadowicki,Spytkowice,gmina wiejska,1218062,2025,nowy,,,,,,,,,,
11242,małopolskie,wadowicki,Stryszów,gmina wiejska,1218072,2018,nowy,,,,,,,,,,
11243,małopolskie,wadowicki,Stryszów,gmina wiejska,1218072,2019,nowy,,,,,,,,,,
11244,małopolskie,wadowicki,Stryszów,gmina wiejska,1218072,2020,nowy,,,,,,,,,,
11245,małopolskie,wadowicki,Stryszów,gmina wiejska,1218072,2021,nowy,,,,,,,,,,
11246,małopolskie,wadowicki,Stryszów,gmina wiejska,1218072,2022,nowy,,,,,,,,,,
11247,małopolskie,wadowicki,Stryszów,gmina wiejska,1218072,2023,nowy,,,,,,,,,,
11248,małopolskie,wadowicki,Stryszów,gmina wiejska,1218072,2024,nowy,,,,,,,,,,
11249,małopolskie,wadowicki,Stryszów,gmina wiejska,1218072,2025,nowy,,,,,,,,,,
11250,małopolskie,wadowicki,Tomice,gmina wiejska,1218082,2018,nowy,,,,,,,,,,
11251,małopolskie,wadowicki,Tomice,gmina wiejska,1218082,2019,nowy,,,,,,,,,,
11252,małopolskie,wadowicki,Tomice,gmina wiejska,1218082,2020,nowy,,,,,,,,,,
11253,małopolskie,wadowicki,Tomice,gmina wiejska,1218082,2021,nowy,,,,,,,,,,
11254,małopolskie,wadowicki,Tomice,gmina wiejska,1218082,2022,nowy,,,,,,,,,,
11255,małopolskie,wadowicki,Tomice,gmina wiejska,1218082,2023,nowy,,,,,,,,,,
11256,małopolskie,wadowicki,Tomice,gmina wiejska,1218082,2024,nowy,,,,,,,,,,
11257,małopolskie,wadowicki,Tomice,gmina wiejska,1218082,2025,nowy,,,,,,,,,,
11258,małopolskie,wadowicki,Wadowice,gmina miejsko-wiejska,1218093,2018,nowy,,,,,,,,,,
11259,małopolskie,wadowicki,Wadowice,gmina miejsko-wiejska,1218093,2019,nowy,,,,,,,,,,
11260,małopolskie,wadowicki,Wadowice,gmina miejsko-wiejska,1218093,2020,nowy,,,,,,,,,,
11261,małopolskie,wadowicki,Wadowice,gmina miejsko-wiejska,1218093,2021,nowy,,,,,,,,,,
11262,małopolskie,wadowicki,Wadowice,gmina miejsko-wiejska,1218093,2022,nowy,,,,,,,,,,
11263,małopolskie,wadowicki,Wadowice,gmina miejsko-wiejska,1218093,2023,nowy,,,,,,,,,,
11264,małopolskie,wadowicki,Wadowice,gmina miejsko-wiejska,1218093,2024,nowy,,,,,,,,,,
11265,małopolskie,wadowicki,Wadowice,gmina miejsko-wiejska,1218093,2025,nowy,,,,,,,,,,
11266,małopolskie,wadowicki,Wieprz,gmina wiejska,1218102,2018,nowy,,,,,,,,,,
11267,małopolskie,wadowicki,Wieprz,gmina wiejska,1218102,2019,nowy,,,,,,,,,,
11268,małopolskie,wadowicki,Wieprz,gmina wiejska,1218102,2020,nowy,,,,,,,,,,
11269,małopolskie,wadowicki,Wieprz,gmina wiejska,1218102,2021,nowy,,,,,,,,,,
11270,małopolskie,wadowicki,Wieprz,gmina wiejska,1218102,2022,nowy,,,,,,,,,,
11271,małopolskie,wadowicki,Wieprz,gmina wiejska,1218102,2023,nowy,,,,,,,,,,
11272,małopolskie,wadowicki,Wieprz,gmina wiejska,1218102,2024,nowy,,,,,,,,,,
11273,małopolskie,wadowicki,Wieprz,gmina wiejska,1218102,2025,nowy,,,,,,,,,,
11274,małopolskie,wielicki,-,-,1219,2018,nowy,,,,,,,,,,
11275,małopolskie,wielicki,-,-,1219,2019,nowy,,,,,,,,,,
11276,małopolskie,wielicki,-,-,1219,2020,nowy,,,,,,,,,,
11277,małopolskie,wielicki,-,-,1219,2021,nowy,,,,,,,,,,
11278,małopolskie,wielicki,-,-,1219,2022,nowy,,,,,,,,,,
11279,małopolskie,wielicki,-,-,1219,2023,nowy,,,,,,,,,,
11280,małopolskie,wielicki,-,-,1219,2024,nowy,,,,,,,,,,
11281,małopolskie,wielicki,-,-,1219,2025,nowy,,,,,,,,,,
11282,małopolskie,wielicki,Biskupice,gmina wiejska,1219012,2018,nowy,,,,,,,,,,
11283,małopolskie,wielicki,Biskupice,gmina wiejska,1219012,2019,nowy,,,,,,,,,,
11284,małopolskie,wielicki,Biskupice,gmina wiejska,1219012,2020,nowy,,,,,,,,,,
11285,małopolskie,wielicki,Biskupice,gmina wiejska,1219012,2021,nowy,,,,,,,,,,
11286,małopolskie,wielicki,Biskupice,gmina wiejska,1219012,2022,nowy,,,,,,,,,,
11287,małopolskie,wielicki,Biskupice,gmina wiejska,1219012,2023,nowy,,,,,,,,,,
11288,małopolskie,wielicki,Biskupice,gmina wiejska,1219012,2024,nowy,,,,,,,,,,
11289,małopolskie,wielicki,Biskupice,gmina wiejska,1219012,2025,nowy,,,,,,,,,,
11290,małopolskie,wielicki,Gdów,gmina wiejska,1219022,2018,nowy,,,,,,,,,,
11291,małopolskie,wielicki,Gdów,gmina wiejska,1219022,2019,nowy,,,,,,,,,,
11292,małopolskie,wielicki,Gdów,gmina wiejska,1219022,2020,nowy,,,,,,,,,,
11293,małopolskie,wielicki,Gdów,gmina wiejska,1219022,2021,nowy,,,,,,,,,,
11294,małopolskie,wielicki,Gdów,gmina wiejska,1219022,2022,nowy,,,,,,,,,,
11295,małopolskie,wielicki,Gdów,gmina wiejska,1219022,2023,nowy,,,,,,,,,,
11296,małopolskie,wielicki,Gdów,gmina wiejska,1219022,2024,nowy,,,,,,,,,,
11297,małopolskie,wielicki,Gdów,gmina wiejska,1219022,2025,nowy,,,,,,,,,,
11298,małopolskie,wielicki,Kłaj,gmina wiejska,1219032,2018,nowy,,,,,,,,,,
11299,małopolskie,wielicki,Kłaj,gmina wiejska,1219032,2019,nowy,,,,,,,,,,
11300,małopolskie,wielicki,Kłaj,gmina wiejska,1219032,2020,nowy,,,,,,,,,,
11301,małopolskie,wielicki,Kłaj,gmina wiejska,1219032,2021,nowy,,,,,,,,,,
11302,małopolskie,wielicki,Kłaj,gmina wiejska,1219032,2022,nowy,,,,,,,,,,
11303,małopolskie,wielicki,Kłaj,gmina wiejska,1219032,2023,nowy,,,,,,,,,,
11304,małopolskie,wielicki,Kłaj,gmina wiejska,1219032,2024,nowy,,,,,,,,,,
11305,małopolskie,wielicki,Kłaj,gmina wiejska,1219032,2025,nowy,,,,,,,,,,
11306,małopolskie,wielicki,Niepołomice,gmina miejsko-wiejska,1219043,2018,nowy,,,,,,,,,,
11307,małopolskie,wielicki,Niepołomice,gmina miejsko-wiejska,1219043,2019,nowy,,,,,,,,,,
11308,małopolskie,wielicki,Niepołomice,gmina miejsko-wiejska,1219043,2020,nowy,,,,,,,,,,
11309,małopolskie,wielicki,Niepołomice,gmina miejsko-wiejska,1219043,2021,nowy,,,,,,,,,,
11310,małopolskie,wielicki,Niepołomice,gmina miejsko-wiejska,1219043,2022,nowy,,,,,,,,,,
11311,małopolskie,wielicki,Niepołomice,gmina miejsko-wiejska,1219043,2023,nowy,,,,,,,,,,
11312,małopolskie,wielicki,Niepołomice,gmina miejsko-wiejska,1219043,2024,nowy,,,,,,,,,,
11313,małopolskie,wielicki,Niepołomice,gmina miejsko-wiejska,1219043,2025,nowy,,,,,,,,,,
11314,małopolskie,wielicki,Wieliczka,gmina miejsko-wiejska,1219053,2018,nowy,,,,,,,,,,
11315,małopolskie,wielicki,Wieliczka,gmina miejsko-wiejska,1219053,2019,nowy,,,,,,,,,,
11316,małopolskie,wielicki,Wieliczka,gmina miejsko-wiejska,1219053,2020,nowy,,,,,,,,,,
11317,małopolskie,wielicki,Wieliczka,gmina miejsko-wiejska,1219053,2021,nowy,,,,,,,,,,
11318,małopolskie,wielicki,Wieliczka,gmina miejsko-wiejska,1219053,2022,nowy,,,,,,,,,,
11319,małopolskie,wielicki,Wieliczka,gmina miejsko-wiejska,1219053,2023,nowy,,,,,,,,,,
11320,małopolskie,wielicki,Wieliczka,gmina miejsko-wiejska,1219053,2024,nowy,,,,,,,,,,
11321,małopolskie,wielicki,Wieliczka,gmina miejsko-wiejska,1219053,2025,nowy,,,,,,,,,,
11322,małopolskie,m. Kraków,-,-,1261,2018,nowy,,,,,,,,,,
11323,małopolskie,m. Kraków,-,-,1261,2019,nowy,,,,,,,,,,
11324,małopolskie,m. Kraków,-,-,1261,2020,nowy,,,,,,,,,,
11325,małopolskie,m. Kraków,-,-,1261,2021,nowy,,,,,,,,,,
11326,małopolskie,m. Kraków,-,-,1261,2022,nowy,,,,,,,,,,
11327,małopolskie,m. Kraków,-,-,1261,2023,nowy,,,,,,,,,,
11328,małopolskie,m. Kraków,-,-,1261,2024,nowy,,,,,,,,,,
11329,małopolskie,m. Kraków,-,-,1261,2025,nowy,,,,,,,,,,
11330,małopolskie,m. Kraków,Kraków,gmina miejska (miasto na prawach powiatu),1261011,2018,nowy,,,,,,,,,,
11331,małopolskie,m. Kraków,Kraków,gmina miejska (miasto na prawach powiatu),1261011,2019,nowy,,,,,,,,,,
11332,małopolskie,m. Kraków,Kraków,gmina miejska (miasto na prawach powiatu),1261011,2020,nowy,,,,,,,,,,
11333,małopolskie,m. Kraków,Kraków,gmina miejska (miasto na prawach powiatu),1261011,2021,nowy,,,,,,,,,,
11334,małopolskie,m. Kraków,Kraków,gmina miejska (miasto na prawach powiatu),1261011,2022,nowy,,,,,,,,,,
11335,małopolskie,m. Kraków,Kraków,gmina miejska (miasto na prawach powiatu),1261011,2023,nowy,,,,,,,,,,
11336,małopolskie,m. Kraków,Kraków,gmina miejska (miasto na prawach powiatu),1261011,2024,nowy,,,,,,,,,,
11337,małopolskie,m. Kraków,Kraków,gmina miejska (miasto na prawach powiatu),1261011,2025,nowy,,,,,,,,,,
11338,małopolskie,m. Nowy Sącz,-,-,1262,2018,nowy,,,,,,,,,,
11339,małopolskie,m. Nowy Sącz,-,-,1262,2019,nowy,,,,,,,,,,
11340,małopolskie,m. Nowy Sącz,-,-,1262,2020,nowy,,,,,,,,,,
11341,małopolskie,m. Nowy Sącz,-,-,1262,2021,nowy,,,,,,,,,,
11342,małopolskie,m. Nowy Sącz,-,-,1262,2022,nowy,,,,,,,,,,
11343,małopolskie,m. Nowy Sącz,-,-,1262,2023,nowy,,,,,,,,,,
11344,małopolskie,m. Nowy Sącz,-,-,1262,2024,nowy,,,,,,,,,,
11345,małopolskie,m. Nowy Sącz,-,-,1262,2025,nowy,,,,,,,,,,
11346,małopolskie,m. Nowy Sącz,Nowy Sącz,gmina miejska (miasto na prawach powiatu),1262011,2018,nowy,,,,,,,,,,
11347,małopolskie,m. Nowy Sącz,Nowy Sącz,gmina miejska (miasto na prawach powiatu),1262011,2019,nowy,,,,,,,,,,
11348,małopolskie,m. Nowy Sącz,Nowy Sącz,gmina miejska (miasto na prawach powiatu),1262011,2020,nowy,,,,,,,,,,
11349,małopolskie,m. Nowy Sącz,Nowy Sącz,gmina miejska (miasto na prawach powiatu),1262011,2021,nowy,,,,,,,,,,
11350,małopolskie,m. Nowy Sącz,Nowy Sącz,gmina miejska (miasto na prawach powiatu),1262011,2022,nowy,,,,,,,,,,
11351,małopolskie,m. Nowy Sącz,Nowy Sącz,gmina miejska (miasto na prawach powiatu),1262011,2023,nowy,,,,,,,,,,
11352,małopolskie,m. Nowy Sącz,Nowy Sącz,gmina miejska (miasto na prawach powiatu),1262011,2024,nowy,,,,,,,,,,
11353,małopolskie,m. Nowy Sącz,Nowy Sącz,gmina miejska (miasto na prawach powiatu),1262011,2025,nowy,,,,,,,,,,
11354,małopolskie,m. Tarnów,-,-,1263,2018,nowy,,,,,,,,,,
11355,małopolskie,m. Tarnów,-,-,1263,2019,nowy,,,,,,,,,,
11356,małopolskie,m. Tarnów,-,-,1263,2020,nowy,,,,,,,,,,
11357,małopolskie,m. Tarnów,-,-,1263,2021,nowy,,,,,,,,,,
11358,małopolskie,m. Tarnów,-,-,1263,2022,nowy,,,,,,,,,,
11359,małopolskie,m. Tarnów,-,-,1263,2023,nowy,,,,,,,,,,
11360,małopolskie,m. Tarnów,-,-,1263,2024,nowy,,,,,,,,,,
11361,małopolskie,m. Tarnów,-,-,1263,2025,nowy,,,,,,,,,,
11362,małopolskie,m. Tarnów,Tarnów,gmina miejska (miasto na prawach powiatu),1263011,2018,nowy,,,,,,,,,,
11363,małopolskie,m. Tarnów,Tarnów,gmina miejska (miasto na prawach powiatu),1263011,2019,nowy,,,,,,,,,,
11364,małopolskie,m. Tarnów,Tarnów,gmina miejska (miasto na prawach powiatu),1263011,2020,nowy,,,,,,,,,,
11365,małopolskie,m. Tarnów,Tarnów,gmina miejska (miasto na prawach powiatu),1263011,2021,nowy,,,,,,,,,,
11366,małopolskie,m. Tarnów,Tarnów,gmina miejska (miasto na prawach powiatu),1263011,2022,nowy,,,,,,,,,,
11367,małopolskie,m. Tarnów,Tarnów,gmina miejska (miasto na prawach powiatu),1263011,2023,nowy,,,,,,,,,,
11368,małopolskie,m. Tarnów,Tarnów,gmina miejska (miasto na prawach powiatu),1263011,2024,nowy,,,,,,,,,,
11369,małopolskie,m. Tarnów,Tarnów,gmina miejska (miasto na prawach powiatu),1263011,2025,nowy,,,,,,,,,,
