row_idx,województwo,powiat,gmina,typ gminy,TERYT,rok_raportu,status,ext_dokumentu,zawartosc,url,metoda_pozyskania,hash dokumentu,status komunikatu,dt_utc_finalne,failure_reason,file_size_MB,existed
13930,podkarpackie,-,-,-,18,2018,nowy,,,,,,,,,,
13931,podkarpackie,-,-,-,18,2019,nowy,,,,,,,,,,
13932,podkarpackie,-,-,-,18,2020,nowy,,,,,,,,,,
13933,podkarpackie,-,-,-,18,2021,nowy,,,,,,,,,,
13934,podkarpackie,-,-,-,18,2022,nowy,,,,,,,,,,
13935,podkarpackie,-,-,-,18,2023,nowy,,,,,,,,,,
13936,podkarpackie,-,-,-,18,2024,nowy,,,,,,,,,,
13937,podkarpackie,-,-,-,18,2025,nowy,,,,,,,,,,
13938,podkarpackie,bieszczadzki,-,-,1801,2018,nowy,,,,,,,,,,
13939,podkarpackie,bieszczadzki,-,-,1801,2019,nowy,,,,,,,,,,
13940,podkarpackie,bieszczadzki,-,-,1801,2020,nowy,,,,,,,,,,
13941,podkarpackie,bieszczadzki,-,-,1801,2021,nowy,,,,,,,,,,
13942,podkarpackie,bieszczadzki,-,-,1801,2022,nowy,,,,,,,,,,
13943,podkarpackie,bieszczadzki,-,-,1801,2023,nowy,,,,,,,,,,
13944,podkarpackie,bieszczadzki,-,-,1801,2024,nowy,,,,,,,,,,
13945,podkarpackie,bieszczadzki,-,-,1801,2025,nowy,,,,,,,,,,
13946,podkarpackie,bieszczadzki,Czarna,gmina wiejska,1801032,2018,nowy,,,,,,,,,,
13947,podkarpackie,bieszczadzki,Czarna,gmina wiejska,1801032,2019,nowy,,,,,,,,,,
13948,podkarpackie,bieszczadzki,Czarna,gmina wiejska,1801032,2020,nowy,,,,,,,,,,
13949,podkarpackie,bieszczadzki,Czarna,gmina wiejska,1801032,2021,nowy,,,,,,,,,,
13950,podkarpackie,bieszczadzki,Czarna,gmina wiejska,1801032,2022,nowy,,,,,,,,,,
13951,podkarpackie,bieszczadzki,Czarna,gmina wiejska,1801032,2023,nowy,,,,,,,,,,
13952,podkarpackie,bieszczadzki,Czarna,gmina wiejska,1801032,2024,nowy,,,,,,,,,,
13953,podkarpackie,bieszczadzki,Czarna,gmina wiejska,1801032,2025,nowy,,,,,,,,,,
13954,podkarpackie,bieszczadzki,Lutowiska,gmina wiejska,1801052,2018,nowy,,,,,,,,,,
13955,podkarpackie,bieszczadzki,Lutowiska,gmina wiejska,1801052,2019,nowy,,,,,,,,,,
13956,podkarpackie,bieszczadzki,Lutowiska,gmina wiejska,1801052,2020,nowy,,,,,,,,,,
13957,podkarpackie,bieszczadzki,Lutowiska,gmina wiejska,1801052,2021,nowy,,,,,,,,,,
13958,podkarpackie,bieszczadzki,Lutowiska,gmina wiejska,1801052,2022,nowy,,,,,,,,,,
13959,podkarpackie,bieszczadzki,Lutowiska,gmina wiejska,1801052,2023,nowy,,,,,,,,,,
13960,podkarpackie,bieszczadzki,Lutowiska,gmina wiejska,1801052,2024,nowy,,,,,,,,,,
13961,podkarpackie,bieszczadzki,Lutowiska,gmina wiejska,1801052,2025,nowy,,,,,,,,,,
13962,podkarpackie,bieszczadzki,Ustrzyki Dolne,gmina miejsko-wiejska,1801083,2018,nowy,,,,,,,,,,
13963,podkarpackie,bieszczadzki,Ustrzyki Dolne,gmina miejsko-wiejska,1801083,2019,nowy,,,,,,,,,,
13964,podkarpackie,bieszczadzki,Ustrzyki Dolne,gmina miejsko-wiejska,1801083,2020,nowy,,,,,,,,,,
13965,podkarpackie,bieszczadzki,Ustrzyki Dolne,gmina miejsko-wiejska,1801083,2021,nowy,,,,,,,,,,
13966,podkarpackie,bieszczadzki,Ustrzyki Dolne,gmina miejsko-wiejska,1801083,2022,nowy,,,,,,,,,,
13967,podkarpackie,bieszczadzki,Ustrzyki Dolne,gmina miejsko-wiejska,1801083,2023,nowy,,,,,,,,,,
13968,podkarpackie,bieszczadzki,Ustrzyki Dolne,gmina miejsko-wiejska,1801083,2024,nowy,,,,,,,,,,
13969,podkarpackie,bieszczadzki,Ustrzyki Dolne,gmina miejsko-wiejska,1801083,2025,nowy,,,,,,,,,,
13970,podkarpackie,brzozowski,-,-,1802,2018,nowy,,,,,,,,,,
13971,podkarpackie,brzozowski,-,-,1802,2019,nowy,,,,,,,,,,
13972,podkarpackie,brzozowski,-,-,1802,2020,nowy,,,,,,,,,,
13973,podkarpackie,brzozowski,-,-,1802,2021,nowy,,,,,,,,,,
13974,podkarpackie,brzozowski,-,-,1802,2022,nowy,,,,,,,,,,
13975,podkarpackie,brzozowski,-,-,1802,2023,nowy,,,,,,,,,,
13976,podkarpackie,brzozowski,-,-,1802,2024,nowy,,,,,,,,,,
13977,podkarpackie,brzozowski,-,-,1802,2025,nowy,,,,,,,,,,
13978,podkarpackie,brzozowski,Brzozów,gmina miejsko-wiejska,1802013,2018,nowy,,,,,,,,,,
13979,podkarpackie,brzozowski,Brzozów,gmina miejsko-wiejska,1802013,2019,nowy,,,,,,,,,,
13980,podkarpackie,brzozowski,Brzozów,gmina miejsko-wiejska,1802013,2020,nowy,,,,,,,,,,
13981,podkarpackie,brzozowski,Brzozów,gmina miejsko-wiejska,1802013,2021,nowy,,,,,,,,,,
13982,podkarpackie,brzozowski,Brzozów,gmina miejsko-wiejska,1802013,2022,nowy,,,,,,,,,,
13983,podkarpackie,brzozowski,Brzozów,gmina miejsko-wiejska,1802013,2023,nowy,,,,,,,,,,
13984,podkarpackie,brzozowski,Brzozów,gmina miejsko-wiejska,1802013,2024,nowy,,,,,,,,,,
13985,podkarpackie,brzozowski,Brzozów,gmina miejsko-wiejska,1802013,2025,nowy,,,,,,,,,,
13986,podkarpackie,brzozowski,Domaradz,gmina wiejska,1802022,2018,nowy,,,,,,,,,,
13987,podkarpackie,brzozowski,Domaradz,gmina wiejska,1802022,2019,nowy,,,,,,,,,,
13988,podkarpackie,brzozowski,Domaradz,gmina wiejska,1802022,2020,nowy,,,,,,,,,,
13989,podkarpackie,brzozowski,Domaradz,gmina wiejska,1802022,2021,nowy,,,,,,,,,,
13990,podkarpackie,brzozowski,Domaradz,gmina wiejska,1802022,2022,nowy,,,,,,,,,,
13991,podkarpackie,brzozowski,Domaradz,gmina wiejska,1802022,2023,nowy,,,,,,,,,,
13992,podkarpackie,brzozowski,Domaradz,gmina wiejska,1802022,2024,nowy,,,,,,,,,,
13993,podkarpackie,brzozowski,Domaradz,gmina wiejska,1802022,2025,nowy,,,,,,,,,,
13994,podkarpackie,brzozowski,Dydnia,gmina wiejska,1802032,2018,nowy,,,,,,,,,,
13995,podkarpackie,brzozowski,Dydnia,gmina wiejska,1802032,2019,nowy,,,,,,,,,,
13996,podkarpackie,brzozowski,Dydnia,gmina wiejska,1802032,2020,nowy,,,,,,,,,,
13997,podkarpackie,brzozowski,Dydnia,gmina wiejska,1802032,2021,nowy,,,,,,,,,,
13998,podkarpackie,brzozowski,Dydnia,gmina wiejska,1802032,2022,nowy,,,,,,,,,,
13999,podkarpackie,brzozowski,Dydnia,gmina wiejska,1802032,2023,nowy,,,,,,,,,,
14000,podkarpackie,brzozowski,Dydnia,gmina wiejska,1802032,2024,nowy,,,,,,,,,,
14001,podkarpackie,brzozowski,Dydnia,gmina wiejska,1802032,2025,nowy,,,,,,,,,,
14002,podkarpackie,brzozowski,Haczów,gmina wiejska,1802042,2018,nowy,,,,,,,,,,
14003,podkarpackie,brzozowski,Haczów,gmina wiejska,1802042,2019,nowy,,,,,,,,,,
14004,podkarpackie,brzozowski,Haczów,gmina wiejska,1802042,2020,nowy,,,,,,,,,,
14005,podkarpackie,brzozowski,Haczów,gmina wiejska,1802042,2021,nowy,,,,,,,,,,
14006,podkarpackie,brzozowski,Haczów,gmina wiejska,1802042,2022,nowy,,,,,,,,,,
14007,podkarpackie,brzozowski,Haczów,gmina wiejska,1802042,2023,nowy,,,,,,,,,,
14008,podkarpackie,brzozowski,Haczów,gmina wiejska,1802042,2024,nowy,,,,,,,,,,
14009,podkarpackie,brzozowski,Haczów,gmina wiejska,1802042,2025,nowy,,,,,,,,,,
14010,podkarpackie,brzozowski,Jasienica Rosielna,gmina wiejska,1802052,2018,nowy,,,,,,,,,,
14011,podkarpackie,brzozowski,Jasienica Rosielna,gmina wiejska,1802052,2019,nowy,,,,,,,,,,
14012,podkarpackie,brzozowski,Jasienica Rosielna,gmina wiejska,1802052,2020,nowy,,,,,,,,,,
14013,podkarpackie,brzozowski,Jasienica Rosielna,gmina wiejska,1802052,2021,nowy,,,,,,,,,,
14014,podkarpackie,brzozowski,Jasienica Rosielna,gmina wiejska,1802052,2022,nowy,,,,,,,,,,
14015,podkarpackie,brzozowski,Jasienica Rosielna,gmina wiejska,1802052,2023,nowy,,,,,,,,,,
14016,podkarpackie,brzozowski,Jasienica Rosielna,gmina wiejska,1802052,2024,nowy,,,,,,,,,,
14017,podkarpackie,brzozowski,Jasienica Rosielna,gmina wiejska,1802052,2025,nowy,,,,,,,,,,
14018,podkarpackie,brzozowski,Nozdrzec,gmina wiejska,1802062,2018,nowy,,,,,,,,,,
14019,podkarpackie,brzozowski,Nozdrzec,gmina wiejska,1802062,2019,nowy,,,,,,,,,,
14020,podkarpackie,brzozowski,Nozdrzec,gmina wiejska,1802062,2020,nowy,,,,,,,,,,
14021,podkarpackie,brzozowski,Nozdrzec,gmina wiejska,1802062,2021,nowy,,,,,,,,,,
14022,podkarpackie,brzozowski,Nozdrzec,gmina wiejska,1802062,2022,nowy,,,,,,,,,,
14023,podkarpackie,brzozowski,Nozdrzec,gmina wiejska,1802062,2023,nowy,,,,,,,,,,
14024,podkarpackie,brzozowski,Nozdrzec,gmina wiejska,1802062,2024,nowy,,,,,,,,,,
14025,podkarpackie,brzozowski,Nozdrzec,gmina wiejska,1802062,2025,nowy,,,,,,,,,,
14026,podkarpackie,dębicki,-,-,1803,2018,nowy,,,,,,,,,,
14027,podkarpackie,dębicki,-,-,1803,2019,nowy,,,,,,,,,,
14028,podkarpackie,dębicki,-,-,1803,2020,nowy,,,,,,,,,,
14029,podkarpackie,dębicki,-,-,1803,2021,nowy,,,,,,,,,,
14030,podkarpackie,dębicki,-,-,1803,2022,nowy,,,,,,,,,,
14031,podkarpackie,dębicki,-,-,1803,2023,nowy,,,,,,,,,,
14032,podkarpackie,dębicki,-,-,1803,2024,nowy,,,,,,,,,,
14033,podkarpackie,dębicki,-,-,1803,2025,nowy,,,,,,,,,,
14034,podkarpackie,dębicki,Dębica,gmina miejska,1803011,2018,nowy,,,,,,,,,,
14035,podkarpackie,dębicki,Dębica,gmina miejska,1803011,2019,nowy,,,,,,,,,,
14036,podkarpackie,dębicki,Dębica,gmina miejska,1803011,2020,nowy,,,,,,,,,,
14037,podkarpackie,dębicki,Dębica,gmina miejska,1803011,2021,nowy,,,,,,,,,,
14038,podkarpackie,dębicki,Dębica,gmina miejska,1803011,2022,nowy,,,,,,,,,,
14039,podkarpackie,dębicki,Dębica,gmina miejska,1803011,2023,nowy,,,,,,,,,,
14040,podkarpackie,dębicki,Dębica,gmina miejska,1803011,2024,nowy,,,,,,,,,,
14041,podkarpackie,dębicki,Dębica,gmina miejska,1803011,2025,nowy,,,,,,,,,,
14042,podkarpackie,dębicki,Brzostek,gmina miejsko-wiejska,1803023,2018,nowy,,,,,,,,,,
14043,podkarpackie,dębicki,Brzostek,gmina miejsko-wiejska,1803023,2019,nowy,,,,,,,,,,
14044,podkarpackie,dębicki,Brzostek,gmina miejsko-wiejska,1803023,2020,nowy,,,,,,,,,,
14045,podkarpackie,dębicki,Brzostek,gmina miejsko-wiejska,1803023,2021,nowy,,,,,,,,,,
14046,podkarpackie,dębicki,Brzostek,gmina miejsko-wiejska,1803023,2022,nowy,,,,,,,,,,
14047,podkarpackie,dębicki,Brzostek,gmina miejsko-wiejska,1803023,2023,nowy,,,,,,,,,,
14048,podkarpackie,dębicki,Brzostek,gmina miejsko-wiejska,1803023,2024,nowy,,,,,,,,,,
14049,podkarpackie,dębicki,Brzostek,gmina miejsko-wiejska,1803023,2025,nowy,,,,,,,,,,
14050,podkarpackie,dębicki,Czarna,gmina wiejska,1803032,2018,nowy,,,,,,,,,,
14051,podkarpackie,dębicki,Czarna,gmina wiejska,1803032,2019,nowy,,,,,,,,,,
14052,podkarpackie,dębicki,Czarna,gmina wiejska,1803032,2020,nowy,,,,,,,,,,
14053,podkarpackie,dębicki,Czarna,gmina wiejska,1803032,2021,nowy,,,,,,,,,,
14054,podkarpackie,dębicki,Czarna,gmina wiejska,1803032,2022,nowy,,,,,,,,,,
14055,podkarpackie,dębicki,Czarna,gmina wiejska,1803032,2023,nowy,,,,,,,,,,
14056,podkarpackie,dębicki,Czarna,gmina wiejska,1803032,2024,nowy,,,,,,,,,,
14057,podkarpackie,dębicki,Czarna,gmina wiejska,1803032,2025,nowy,,,,,,,,,,
14058,podkarpackie,dębicki,Dębica,gmina wiejska,1803042,2018,nowy,,,,,,,,,,
14059,podkarpackie,dębicki,Dębica,gmina wiejska,1803042,2019,nowy,,,,,,,,,,
14060,podkarpackie,dębicki,Dębica,gmina wiejska,1803042,2020,nowy,,,,,,,,,,
14061,podkarpackie,dębicki,Dębica,gmina wiejska,1803042,2021,nowy,,,,,,,,,,
14062,podkarpackie,dębicki,Dębica,gmina wiejska,1803042,2022,nowy,,,,,,,,,,
14063,podkarpackie,dębicki,Dębica,gmina wiejska,1803042,2023,nowy,,,,,,,,,,
14064,podkarpackie,dębicki,Dębica,gmina wiejska,1803042,2024,nowy,,,,,,,,,,
14065,podkarpackie,dębicki,Dębica,gmina wiejska,1803042,2025,nowy,,,,,,,,,,
14066,podkarpackie,dębicki,Jodłowa,gmina wiejska,1803052,2018,nowy,,,,,,,,,,
14067,podkarpackie,dębicki,Jodłowa,gmina wiejska,1803052,2019,nowy,,,,,,,,,,
14068,podkarpackie,dębicki,Jodłowa,gmina wiejska,1803052,2020,nowy,,,,,,,,,,
14069,podkarpackie,dębicki,Jodłowa,gmina wiejska,1803052,2021,nowy,,,,,,,,,,
14070,podkarpackie,dębicki,Jodłowa,gmina wiejska,1803052,2022,nowy,,,,,,,,,,
14071,podkarpackie,dębicki,Jodłowa,gmina wiejska,1803052,2023,nowy,,,,,,,,,,
14072,podkarpackie,dębicki,Jodłowa,gmina wiejska,1803052,2024,nowy,,,,,,,,,,
14073,podkarpackie,dębicki,Jodłowa,gmina wiejska,1803052,2025,nowy,,,,,,,,,,
14074,podkarpackie,dębicki,Pilzno,gmina miejsko-wiejska,1803063,2018,nowy,,,,,,,,,,
14075,podkarpackie,dębicki,Pilzno,gmina miejsko-wiejska,1803063,2019,nowy,,,,,,,,,,
14076,podkarpackie,dębicki,Pilzno,gmina miejsko-wiejska,1803063,2020,nowy,,,,,,,,,,
14077,podkarpackie,dębicki,Pilzno,gmina miejsko-wiejska,1803063,2021,nowy,,,,,,,,,,
14078,podkarpackie,dębicki,Pilzno,gmina miejsko-wiejska,1803063,2022,nowy,,,,,,,,,,
14079,podkarpackie,dębicki,Pilzno,gmina miejsko-wiejska,1803063,2023,nowy,,,,,,,,,,
14080,podkarpackie,dębicki,Pilzno,gmina miejsko-wiejska,1803063,2024,nowy,,,,,,,,,,
14081,podkarpackie,dębicki,Pilzno,gmina miejsko-wiejska,1803063,2025,nowy,,,,,,,,,,
14082,podkarpackie,dębicki,Żyraków,gmina wiejska,1803072,2018,nowy,,,,,,,,,,
14083,podkarpackie,dębicki,Żyraków,gmina wiejska,1803072,2019,nowy,,,,,,,,,,
14084,podkarpackie,dębicki,Żyraków,gmina wiejska,1803072,2020,nowy,,,,,,,,,,
14085,podkarpackie,dębicki,Żyraków,gmina wiejska,1803072,2021,nowy,,,,,,,,,,
14086,podkarpackie,dębicki,Żyraków,gmina wiejska,1803072,2022,nowy,,,,,,,,,,
14087,podkarpackie,dębicki,Żyraków,gmina wiejska,1803072,2023,nowy,,,,,,,,,,
14088,podkarpackie,dębicki,Żyraków,gmina wiejska,1803072,2024,nowy,,,,,,,,,,
14089,podkarpackie,dębicki,Żyraków,gmina wiejska,1803072,2025,nowy,,,,,,,,,,
14090,podkarpackie,jarosławski,-,-,1804,2018,nowy,,,,,,,,,,
14091,podkarpackie,jarosławski,-,-,1804,2019,nowy,,,,,,,,,,
14092,podkarpackie,jarosławski,-,-,1804,2020,nowy,,,,,,,,,,
14093,podkarpackie,jarosławski,-,-,1804,2021,nowy,,,,,,,,,,
14094,podkarpackie,jarosławski,-,-,1804,2022,nowy,,,,,,,,,,
14095,podkarpackie,jarosławski,-,-,1804,2023,nowy,,,,,,,,,,
14096,podkarpackie,jarosławski,-,-,1804,2024,nowy,,,,,,,,,,
14097,podkarpackie,jarosławski,-,-,1804,2025,nowy,,,,,,,,,,
14098,podkarpackie,jarosławski,Jarosław,gmina miejska,1804011,2018,nowy,,,,,,,,,,
14099,podkarpackie,jarosławski,Jarosław,gmina miejska,1804011,2019,nowy,,,,,,,,,,
14100,podkarpackie,jarosławski,Jarosław,gmina miejska,1804011,2020,nowy,,,,,,,,,,
14101,podkarpackie,jarosławski,Jarosław,gmina miejska,1804011,2021,nowy,,,,,,,,,,
14102,podkarpackie,jarosławski,Jarosław,gmina miejska,1804011,2022,nowy,,,,,,,,,,
14103,podkarpackie,jarosławski,Jarosław,gmina miejska,1804011,2023,nowy,,,,,,,,,,
14104,podkarpackie,jarosławski,Jarosław,gmina miejska,1804011,2024,nowy,,,,,,,,,,
14105,podkarpackie,jarosławski,Jarosław,gmina miejska,1804011,2025,nowy,,,,,,,,,,
14106,podkarpackie,jarosławski,Radymno,gmina miejska,1804021,2018,nowy,,,,,,,,,,
14107,podkarpackie,jarosławski,Radymno,gmina miejska,1804021,2019,nowy,,,,,,,,,,
14108,podkarpackie,jarosławski,Radymno,gmina miejska,1804021,2020,nowy,,,,,,,,,,
14109,podkarpackie,jarosławski,Radymno,gmina miejska,1804021,2021,nowy,,,,,,,,,,
14110,podkarpackie,jarosławski,Radymno,gmina miejska,1804021,2022,nowy,,,,,,,,,,
14111,podkarpackie,jarosławski,Radymno,gmina miejska,1804021,2023,nowy,,,,,,,,,,
14112,podkarpackie,jarosławski,Radymno,gmina miejska,1804021,2024,nowy,,,,,,,,,,
14113,podkarpackie,jarosławski,Radymno,gmina miejska,1804021,2025,nowy,,,,,,,,,,
14114,podkarpackie,jarosławski,Chłopice,gmina wiejska,1804032,2018,nowy,,,,,,,,,,
14115,podkarpackie,jarosławski,Chłopice,gmina wiejska,1804032,2019,nowy,,,,,,,,,,
14116,podkarpackie,jarosławski,Chłopice,gmina wiejska,1804032,2020,nowy,,,,,,,,,,
14117,podkarpackie,jarosławski,Chłopice,gmina wiejska,1804032,2021,nowy,,,,,,,,,,
14118,podkarpackie,jarosławski,Chłopice,gmina wiejska,1804032,2022,nowy,,,,,,,,,,
14119,podkarpackie,jarosławski,Chłopice,gmina wiejska,1804032,2023,nowy,,,,,,,,,,
14120,podkarpackie,jarosławski,Chłopice,gmina wiejska,1804032,2024,nowy,,,,,,,,,,
14121,podkarpackie,jarosławski,Chłopice,gmina wiejska,1804032,2025,nowy,,,,,,,,,,
14122,podkarpackie,jarosławski,Jarosław,gmina wiejska,1804042,2018,nowy,,,,,,,,,,
14123,podkarpackie,jarosławski,Jarosław,gmina wiejska,1804042,2019,nowy,,,,,,,,,,
14124,podkarpackie,jarosławski,Jarosław,gmina wiejska,1804042,2020,nowy,,,,,,,,,,
14125,podkarpackie,jarosławski,Jarosław,gmina wiejska,1804042,2021,nowy,,,,,,,,,,
14126,podkarpackie,jarosławski,Jarosław,gmina wiejska,1804042,2022,nowy,,,,,,,,,,
14127,podkarpackie,jarosławski,Jarosław,gmina wiejska,1804042,2023,nowy,,,,,,,,,,
14128,podkarpackie,jarosławski,Jarosław,gmina wiejska,1804042,2024,nowy,,,,,,,,,,
14129,podkarpackie,jarosławski,Jarosław,gmina wiejska,1804042,2025,nowy,,,,,,,,,,
14130,podkarpackie,jarosławski,Laszki,gmina wiejska,1804052,2018,nowy,,,,,,,,,,
14131,podkarpackie,jarosławski,Laszki,gmina wiejska,1804052,2019,nowy,,,,,,,,,,
14132,podkarpackie,jarosławski,Laszki,gmina wiejska,1804052,2020,nowy,,,,,,,,,,
14133,podkarpackie,jarosławski,Laszki,gmina wiejska,1804052,2021,nowy,,,,,,,,,,
14134,podkarpackie,jarosławski,Laszki,gmina wiejska,1804052,2022,nowy,,,,,,,,,,
14135,podkarpackie,jarosławski,Laszki,gmina wiejska,1804052,2023,nowy,,,,,,,,,,
14136,podkarpackie,jarosławski,Laszki,gmina wiejska,1804052,2024,nowy,,,,,,,,,,
14137,podkarpackie,jarosławski,Laszki,gmina wiejska,1804052,2025,nowy,,,,,,,,,,
14138,podkarpackie,jarosławski,Pawłosiów,gmina wiejska,1804062,2018,nowy,,,,,,,,,,
14139,podkarpackie,jarosławski,Pawłosiów,gmina wiejska,1804062,2019,nowy,,,,,,,,,,
14140,podkarpackie,jarosławski,Pawłosiów,gmina wiejska,1804062,2020,nowy,,,,,,,,,,
14141,podkarpackie,jarosławski,Pawłosiów,gmina wiejska,1804062,2021,nowy,,,,,,,,,,
14142,podkarpackie,jarosławski,Pawłosiów,gmina wiejska,1804062,2022,nowy,,,,,,,,,,
14143,podkarpackie,jarosławski,Pawłosiów,gmina wiejska,1804062,2023,nowy,,,,,,,,,,
14144,podkarpackie,jarosławski,Pawłosiów,gmina wiejska,1804062,2024,nowy,,,,,,,,,,
14145,podkarpackie,jarosławski,Pawłosiów,gmina wiejska,1804062,2025,nowy,,,,,,,,,,
14146,podkarpackie,jarosławski,Pruchnik,gmina miejsko-wiejska,1804073,2018,nowy,,,,,,,,,,
14147,podkarpackie,jarosławski,Pruchnik,gmina miejsko-wiejska,1804073,2019,nowy,,,,,,,,,,
14148,podkarpackie,jarosławski,Pruchnik,gmina miejsko-wiejska,1804073,2020,nowy,,,,,,,,,,
14149,podkarpackie,jarosławski,Pruchnik,gmina miejsko-wiejska,1804073,2021,nowy,,,,,,,,,,
14150,podkarpackie,jarosławski,Pruchnik,gmina miejsko-wiejska,1804073,2022,nowy,,,,,,,,,,
14151,podkarpackie,jarosławski,Pruchnik,gmina miejsko-wiejska,1804073,2023,nowy,,,,,,,,,,
14152,podkarpackie,jarosławski,Pruchnik,gmina miejsko-wiejska,1804073,2024,nowy,,,,,,,,,,
14153,podkarpackie,jarosławski,Pruchnik,gmina miejsko-wiejska,1804073,2025,nowy,,,,,,,,,,
14154,podkarpackie,jarosławski,Radymno,gmina wiejska,1804082,2018,nowy,,,,,,,,,,
14155,podkarpackie,jarosławski,Radymno,gmina wiejska,1804082,2019,nowy,,,,,,,,,,
14156,podkarpackie,jarosławski,Radymno,gmina wiejska,1804082,2020,nowy,,,,,,,,,,
14157,podkarpackie,jarosławski,Radymno,gmina wiejska,1804082,2021,nowy,,,,,,,,,,
14158,podkarpackie,jarosławski,Radymno,gmina wiejska,1804082,2022,nowy,,,,,,,,,,
14159,podkarpackie,jarosławski,Radymno,gmina wiejska,1804082,2023,nowy,,,,,,,,,,
14160,podkarpackie,jarosławski,Radymno,gmina wiejska,1804082,2024,nowy,,,,,,,,,,
14161,podkarpackie,jarosławski,Radymno,gmina wiejska,1804082,2025,nowy,,,,,,,,,,
14162,podkarpackie,jarosławski,Rokietnica,gmina wiejska,1804092,2018,nowy,,,,,,,,,,
14163,podkarpackie,jarosławski,Rokietnica,gmina wiejska,1804092,2019,nowy,,,,,,,,,,
14164,podkarpackie,jarosławski,Rokietnica,gmina wiejska,1804092,2020,nowy,,,,,,,,,,
14165,podkarpackie,jarosławski,Rokietnica,gmina wiejska,1804092,2021,nowy,,,,,,,,,,
14166,podkarpackie,jarosławski,Rokietnica,gmina wiejska,1804092,2022,nowy,,,,,,,,,,
14167,podkarpackie,jarosławski,Rokietnica,gmina wiejska,1804092,2023,nowy,,,,,,,,,,
14168,podkarpackie,jarosławski,Rokietnica,gmina wiejska,1804092,2024,nowy,,,,,,,,,,
14169,podkarpackie,jarosławski,Rokietnica,gmina wiejska,1804092,2025,nowy,,,,,,,,,,
14170,podkarpackie,jarosławski,Roźwienica,gmina wiejska,1804102,2018,nowy,,,,,,,,,,
14171,podkarpackie,jarosławski,Roźwienica,gmina wiejska,1804102,2019,nowy,,,,,,,,,,
14172,podkarpackie,jarosławski,Roźwienica,gmina wiejska,1804102,2020,nowy,,,,,,,,,,
14173,podkarpackie,jarosławski,Roźwienica,gmina wiejska,1804102,2021,nowy,,,,,,,,,,
14174,podkarpackie,jarosławski,Roźwienica,gmina wiejska,1804102,2022,nowy,,,,,,,,,,
14175,podkarpackie,jarosławski,Roźwienica,gmina wiejska,1804102,2023,nowy,,,,,,,,,,
14176,podkarpackie,jarosławski,Roźwienica,gmina wiejska,1804102,2024,nowy,,,,,,,,,,
14177,podkarpackie,jarosławski,Roźwienica,gmina wiejska,1804102,2025,nowy,,,,,,,,,,
14178,podkarpackie,jarosławski,Wiązownica,gmina wiejska,1804112,2018,nowy,,,,,,,,,,
14179,podkarpackie,jarosławski,Wiązownica,gmina wiejska,1804112,2019,nowy,,,,,,,,,,
14180,podkarpackie,jarosławski,Wiązownica,gmina wiejska,1804112,2020,nowy,,,,,,,,,,
14181,podkarpackie,jarosławski,Wiązownica,gmina wiejska,1804112,2021,nowy,,,,,,,,,,
14182,podkarpackie,jarosławski,Wiązownica,gmina wiejska,1804112,2022,nowy,,,,,,,,,,
14183,podkarpackie,jarosławski,Wiązownica,gmina wiejska,1804112,2023,nowy,,,,,,,,,,
14184,podkarpackie,jarosławski,Wiązownica,gmina wiejska,1804112,2024,nowy,,,,,,,,,,
14185,podkarpackie,jarosławski,Wiązownica,gmina wiejska,1804112,2025,nowy,,,,,,,,,,
14186,podkarpackie,jasielski,-,-,1805,2018,nowy,,,,,,,,,,
14187,podkarpackie,jasielski,-,-,1805,2019,nowy,,,,,,,,,,
14188,podkarpackie,jasielski,-,-,1805,2020,nowy,,,,,,,,,,
14189,podkarpackie,jasielski,-,-,1805,2021,nowy,,,,,,,,,,
14190,podkarpackie,jasielski,-,-,1805,2022,nowy,,,,,,,,,,
14191,podkarpackie,jasielski,-,-,1805,2023,nowy,,,,,,,,,,
14192,podkarpackie,jasielski,-,-,1805,2024,nowy,,,,,,,,,,
14193,podkarpackie,jasielski,-,-,1805,2025,nowy,,,,,,,,,,
14194,podkarpackie,jasielski,Jasło,gmina miejska,1805011,2018,nowy,,,,,,,,,,
14195,podkarpackie,jasielski,Jasło,gmina miejska,1805011,2019,nowy,,,,,,,,,,
14196,podkarpackie,jasielski,Jasło,gmina miejska,1805011,2020,nowy,,,,,,,,,,
14197,podkarpackie,jasielski,Jasło,gmina miejska,1805011,2021,nowy,,,,,,,,,,
14198,podkarpackie,jasielski,Jasło,gmina miejska,1805011,2022,nowy,,,,,,,,,,
14199,podkarpackie,jasielski,Jasło,gmina miejska,1805011,2023,nowy,,,,,,,,,,
14200,podkarpackie,jasielski,Jasło,gmina miejska,1805011,2024,nowy,,,,,,,,,,
14201,podkarpackie,jasielski,Jasło,gmina miejska,1805011,2025,nowy,,,,,,,,,,
14202,podkarpackie,jasielski,Brzyska,gmina wiejska,1805022,2018,nowy,,,,,,,,,,
14203,podkarpackie,jasielski,Brzyska,gmina wiejska,1805022,2019,nowy,,,,,,,,,,
14204,podkarpackie,jasielski,Brzyska,gmina wiejska,1805022,2020,nowy,,,,,,,,,,
14205,podkarpackie,jasielski,Brzyska,gmina wiejska,1805022,2021,nowy,,,,,,,,,,
14206,podkarpackie,jasielski,Brzyska,gmina wiejska,1805022,2022,nowy,,,,,,,,,,
14207,podkarpackie,jasielski,Brzyska,gmina wiejska,1805022,2023,nowy,,,,,,,,,,
14208,podkarpackie,jasielski,Brzyska,gmina wiejska,1805022,2024,nowy,,,,,,,,,,
14209,podkarpackie,jasielski,Brzyska,gmina wiejska,1805022,2025,nowy,,,,,,,,,,
14210,podkarpackie,jasielski,Dębowiec,gmina wiejska,1805032,2018,nowy,,,,,,,,,,
14211,podkarpackie,jasielski,Dębowiec,gmina wiejska,1805032,2019,nowy,,,,,,,,,,
14212,podkarpackie,jasielski,Dębowiec,gmina wiejska,1805032,2020,nowy,,,,,,,,,,
14213,podkarpackie,jasielski,Dębowiec,gmina wiejska,1805032,2021,nowy,,,,,,,,,,
14214,podkarpackie,jasielski,Dębowiec,gmina wiejska,1805032,2022,nowy,,,,,,,,,,
14215,podkarpackie,jasielski,Dębowiec,gmina wiejska,1805032,2023,nowy,,,,,,,,,,
14216,podkarpackie,jasielski,Dębowiec,gmina wiejska,1805032,2024,nowy,,,,,,,,,,
14217,podkarpackie,jasielski,Dębowiec,gmina wiejska,1805032,2025,nowy,,,,,,,,,,
14218,podkarpackie,jasielski,Jasło,gmina wiejska,1805042,2018,nowy,,,,,,,,,,
14219,podkarpackie,jasielski,Jasło,gmina wiejska,1805042,2019,nowy,,,,,,,,,,
14220,podkarpackie,jasielski,Jasło,gmina wiejska,1805042,2020,nowy,,,,,,,,,,
14221,podkarpackie,jasielski,Jasło,gmina wiejska,1805042,2021,nowy,,,,,,,,,,
14222,podkarpackie,jasielski,Jasło,gmina wiejska,1805042,2022,nowy,,,,,,,,,,
14223,podkarpackie,jasielski,Jasło,gmina wiejska,1805042,2023,nowy,,,,,,,,,,
14224,podkarpackie,jasielski,Jasło,gmina wiejska,1805042,2024,nowy,,,,,,,,,,
14225,podkarpackie,jasielski,Jasło,gmina wiejska,1805042,2025,nowy,,,,,,,,,,
14226,podkarpackie,jasielski,Kołaczyce,gmina miejsko-wiejska,1805053,2018,nowy,,,,,,,,,,
14227,podkarpackie,jasielski,Kołaczyce,gmina miejsko-wiejska,1805053,2019,nowy,,,,,,,,,,
14228,podkarpackie,jasielski,Kołaczyce,gmina miejsko-wiejska,1805053,2020,nowy,,,,,,,,,,
14229,podkarpackie,jasielski,Kołaczyce,gmina miejsko-wiejska,1805053,2021,nowy,,,,,,,,,,
14230,podkarpackie,jasielski,Kołaczyce,gmina miejsko-wiejska,1805053,2022,nowy,,,,,,,,,,
14231,podkarpackie,jasielski,Kołaczyce,gmina miejsko-wiejska,1805053,2023,nowy,,,,,,,,,,
14232,podkarpackie,jasielski,Kołaczyce,gmina miejsko-wiejska,1805053,2024,nowy,,,,,,,,,,
14233,podkarpackie,jasielski,Kołaczyce,gmina miejsko-wiejska,1805053,2025,nowy,,,,,,,,,,
14234,podkarpackie,jasielski,Krempna,gmina wiejska,1805062,2018,nowy,,,,,,,,,,
14235,podkarpackie,jasielski,Krempna,gmina wiejska,1805062,2019,nowy,,,,,,,,,,
14236,podkarpackie,jasielski,Krempna,gmina wiejska,1805062,2020,nowy,,,,,,,,,,
14237,podkarpackie,jasielski,Krempna,gmina wiejska,1805062,2021,nowy,,,,,,,,,,
14238,podkarpackie,jasielski,Krempna,gmina wiejska,1805062,2022,nowy,,,,,,,,,,
14239,podkarpackie,jasielski,Krempna,gmina wiejska,1805062,2023,nowy,,,,,,,,,,
14240,podkarpackie,jasielski,Krempna,gmina wiejska,1805062,2024,nowy,,,,,,,,,,
14241,podkarpackie,jasielski,Krempna,gmina wiejska,1805062,2025,nowy,,,,,,,,,,
14242,podkarpackie,jasielski,Nowy Żmigród,gmina wiejska,1805072,2018,nowy,,,,,,,,,,
14243,podkarpackie,jasielski,Nowy Żmigród,gmina wiejska,1805072,2019,nowy,,,,,,,,,,
14244,podkarpackie,jasielski,Nowy Żmigród,gmina wiejska,1805072,2020,nowy,,,,,,,,,,
14245,podkarpackie,jasielski,Nowy Żmigród,gmina wiejska,1805072,2021,nowy,,,,,,,,,,
14246,podkarpackie,jasielski,Nowy Żmigród,gmina wiejska,1805072,2022,nowy,,,,,,,,,,
14247,podkarpackie,jasielski,Nowy Żmigród,gmina wiejska,1805072,2023,nowy,,,,,,,,,,
14248,podkarpackie,jasielski,Nowy Żmigród,gmina wiejska,1805072,2024,nowy,,,,,,,,,,
14249,podkarpackie,jasielski,Nowy Żmigród,gmina wiejska,1805072,2025,nowy,,,,,,,,,,
14250,podkarpackie,jasielski,Osiek Jasielski,gmina wiejska,1805082,2018,nowy,,,,,,,,,,
14251,podkarpackie,jasielski,Osiek Jasielski,gmina wiejska,1805082,2019,nowy,,,,,,,,,,
14252,podkarpackie,jasielski,Osiek Jasielski,gmina wiejska,1805082,2020,nowy,,,,,,,,,,
14253,podkarpackie,jasielski,Osiek Jasielski,gmina wiejska,1805082,2021,nowy,,,,,,,,,,
14254,podkarpackie,jasielski,Osiek Jasielski,gmina wiejska,1805082,2022,nowy,,,,,,,,,,
14255,podkarpackie,jasielski,Osiek Jasielski,gmina wiejska,1805082,2023,nowy,,,,,,,,,,
14256,podkarpackie,jasielski,Osiek Jasielski,gmina wiejska,1805082,2024,nowy,,,,,,,,,,
14257,podkarpackie,jasielski,Osiek Jasielski,gmina wiejska,1805082,2025,nowy,,,,,,,,,,
14258,podkarpackie,jasielski,Skołyszyn,gmina wiejska,1805092,2018,nowy,,,,,,,,,,
14259,podkarpackie,jasielski,Skołyszyn,gmina wiejska,1805092,2019,nowy,,,,,,,,,,
14260,podkarpackie,jasielski,Skołyszyn,gmina wiejska,1805092,2020,nowy,,,,,,,,,,
14261,podkarpackie,jasielski,Skołyszyn,gmina wiejska,1805092,2021,nowy,,,,,,,,,,
14262,podkarpackie,jasielski,Skołyszyn,gmina wiejska,1805092,2022,nowy,,,,,,,,,,
14263,podkarpackie,jasielski,Skołyszyn,gmina wiejska,1805092,2023,nowy,,,,,,,,,,
14264,podkarpackie,jasielski,Skołyszyn,gmina wiejska,1805092,2024,nowy,,,,,,,,,,
14265,podkarpackie,jasielski,Skołyszyn,gmina wiejska,1805092,2025,nowy,,,,,,,,,,
14266,podkarpackie,jasielski,Tarnowiec,gmina wiejska,1805112,2018,nowy,,,,,,,,,,
14267,podkarpackie,jasielski,Tarnowiec,gmina wiejska,1805112,2019,nowy,,,,,,,,,,
14268,podkarpackie,jasielski,Tarnowiec,gmina wiejska,1805112,2020,nowy,,,,,,,,,,
14269,podkarpackie,jasielski,Tarnowiec,gmina wiejska,1805112,2021,nowy,,,,,,,,,,
14270,podkarpackie,jasielski,Tarnowiec,gmina wiejska,1805112,2022,nowy,,,,,,,,,,
14271,podkarpackie,jasielski,Tarnowiec,gmina wiejska,1805112,2023,nowy,,,,,,,,,,
14272,podkarpackie,jasielski,Tarnowiec,gmina wiejska,1805112,2024,nowy,,,,,,,,,,
14273,podkarpackie,jasielski,Tarnowiec,gmina wiejska,1805112,2025,nowy,,,,,,,,,,
14274,podkarpackie,kolbuszowski,-,-,1806,2018,nowy,,,,,,,,,,
14275,podkarpackie,kolbuszowski,-,-,1806,2019,nowy,,,,,,,,,,
14276,podkarpackie,kolbuszowski,-,-,1806,2020,nowy,,,,,,,,,,
14277,podkarpackie,kolbuszowski,-,-,1806,2021,nowy,,,,,,,,,,
14278,podkarpackie,kolbuszowski,-,-,1806,2022,nowy,,,,,,,,,,
14279,podkarpackie,kolbuszowski,-,-,1806,2023,nowy,,,,,,,,,,
14280,podkarpackie,kolbuszowski,-,-,1806,2024,nowy,,,,,,,,,,
14281,podkarpackie,kolbuszowski,-,-,1806,2025,nowy,,,,,,,,,,
14282,podkarpackie,kolbuszowski,Cmolas,gmina wiejska,1806012,2018,nowy,,,,,,,,,,
14283,podkarpackie,kolbuszowski,Cmolas,gmina wiejska,1806012,2019,nowy,,,,,,,,,,
14284,podkarpackie,kolbuszowski,Cmolas,gmina wiejska,1806012,2020,nowy,,,,,,,,,,
14285,podkarpackie,kolbuszowski,Cmolas,gmina wiejska,1806012,2021,nowy,,,,,,,,,,
14286,podkarpackie,kolbuszowski,Cmolas,gmina wiejska,1806012,2022,nowy,,,,,,,,,,
14287,podkarpackie,kolbuszowski,Cmolas,gmina wiejska,1806012,2023,nowy,,,,,,,,,,
14288,podkarpackie,kolbuszowski,Cmolas,gmina wiejska,1806012,2024,nowy,,,,,,,,,,
14289,podkarpackie,kolbuszowski,Cmolas,gmina wiejska,1806012,2025,nowy,,,,,,,,,,
14290,podkarpackie,kolbuszowski,Kolbuszowa,gmina miejsko-wiejska,1806023,2018,nowy,,,,,,,,,,
14291,podkarpackie,kolbuszowski,Kolbuszowa,gmina miejsko-wiejska,1806023,2019,nowy,,,,,,,,,,
14292,podkarpackie,kolbuszowski,Kolbuszowa,gmina miejsko-wiejska,1806023,2020,nowy,,,,,,,,,,
14293,podkarpackie,kolbuszowski,Kolbuszowa,gmina miejsko-wiejska,1806023,2021,nowy,,,,,,,,,,
14294,podkarpackie,kolbuszowski,Kolbuszowa,gmina miejsko-wiejska,1806023,2022,nowy,,,,,,,,,,
14295,podkarpackie,kolbuszowski,Kolbuszowa,gmina miejsko-wiejska,1806023,2023,nowy,,,,,,,,,,
14296,podkarpackie,kolbuszowski,Kolbuszowa,gmina miejsko-wiejska,1806023,2024,nowy,,,,,,,,,,
14297,podkarpackie,kolbuszowski,Kolbuszowa,gmina miejsko-wiejska,1806023,2025,nowy,,,,,,,,,,
14298,podkarpackie,kolbuszowski,Majdan Królewski,gmina wiejska,1806032,2018,nowy,,,,,,,,,,
14299,podkarpackie,kolbuszowski,Majdan Królewski,gmina wiejska,1806032,2019,nowy,,,,,,,,,,
14300,podkarpackie,kolbuszowski,Majdan Królewski,gmina wiejska,1806032,2020,nowy,,,,,,,,,,
14301,podkarpackie,kolbuszowski,Majdan Królewski,gmina wiejska,1806032,2021,nowy,,,,,,,,,,
14302,podkarpackie,kolbuszowski,Majdan Królewski,gmina wiejska,1806032,2022,nowy,,,,,,,,,,
14303,podkarpackie,kolbuszowski,Majdan Królewski,gmina wiejska,1806032,2023,nowy,,,,,,,,,,
14304,podkarpackie,kolbuszowski,Majdan Królewski,gmina wiejska,1806032,2024,nowy,,,,,,,,,,
14305,podkarpackie,kolbuszowski,Majdan Królewski,gmina wiejska,1806032,2025,nowy,,,,,,,,,,
14306,podkarpackie,kolbuszowski,Niwiska,gmina wiejska,1806042,2018,nowy,,,,,,,,,,
14307,podkarpackie,kolbuszowski,Niwiska,gmina wiejska,1806042,2019,nowy,,,,,,,,,,
14308,podkarpackie,kolbuszowski,Niwiska,gmina wiejska,1806042,2020,nowy,,,,,,,,,,
14309,podkarpackie,kolbuszowski,Niwiska,gmina wiejska,1806042,2021,nowy,,,,,,,,,,
14310,podkarpackie,kolbuszowski,Niwiska,gmina wiejska,1806042,2022,nowy,,,,,,,,,,
14311,podkarpackie,kolbuszowski,Niwiska,gmina wiejska,1806042,2023,nowy,,,,,,,,,,
14312,podkarpackie,kolbuszowski,Niwiska,gmina wiejska,1806042,2024,nowy,,,,,,,,,,
14313,podkarpackie,kolbuszowski,Niwiska,gmina wiejska,1806042,2025,nowy,,,,,,,,,,
14314,podkarpackie,kolbuszowski,Raniżów,gmina wiejska,1806052,2018,nowy,,,,,,,,,,
14315,podkarpackie,kolbuszowski,Raniżów,gmina wiejska,1806052,2019,nowy,,,,,,,,,,
14316,podkarpackie,kolbuszowski,Raniżów,gmina wiejska,1806052,2020,nowy,,,,,,,,,,
14317,podkarpackie,kolbuszowski,Raniżów,gmina wiejska,1806052,2021,nowy,,,,,,,,,,
14318,podkarpackie,kolbuszowski,Raniżów,gmina wiejska,1806052,2022,nowy,,,,,,,,,,
14319,podkarpackie,kolbuszowski,Raniżów,gmina wiejska,1806052,2023,nowy,,,,,,,,,,
14320,podkarpackie,kolbuszowski,Raniżów,gmina wiejska,1806052,2024,nowy,,,,,,,,,,
14321,podkarpackie,kolbuszowski,Raniżów,gmina wiejska,1806052,2025,nowy,,,,,,,,,,
14322,podkarpackie,kolbuszowski,Dzikowiec,gmina wiejska,1806062,2018,nowy,,,,,,,,,,
14323,podkarpackie,kolbuszowski,Dzikowiec,gmina wiejska,1806062,2019,nowy,,,,,,,,,,
14324,podkarpackie,kolbuszowski,Dzikowiec,gmina wiejska,1806062,2020,nowy,,,,,,,,,,
14325,podkarpackie,kolbuszowski,Dzikowiec,gmina wiejska,1806062,2021,nowy,,,,,,,,,,
14326,podkarpackie,kolbuszowski,Dzikowiec,gmina wiejska,1806062,2022,nowy,,,,,,,,,,
14327,podkarpackie,kolbuszowski,Dzikowiec,gmina wiejska,1806062,2023,nowy,,,,,,,,,,
14328,podkarpackie,kolbuszowski,Dzikowiec,gmina wiejska,1806062,2024,nowy,,,,,,,,,,
14329,podkarpackie,kolbuszowski,Dzikowiec,gmina wiejska,1806062,2025,nowy,,,,,,,,,,
14330,podkarpackie,krośnieński,-,-,1807,2018,nowy,,,,,,,,,,
14331,podkarpackie,krośnieński,-,-,1807,2019,nowy,,,,,,,,,,
14332,podkarpackie,krośnieński,-,-,1807,2020,nowy,,,,,,,,,,
14333,podkarpackie,krośnieński,-,-,1807,2021,nowy,,,,,,,,,,
14334,podkarpackie,krośnieński,-,-,1807,2022,nowy,,,,,,,,,,
14335,podkarpackie,krośnieński,-,-,1807,2023,nowy,,,,,,,,,,
14336,podkarpackie,krośnieński,-,-,1807,2024,nowy,,,,,,,,,,
14337,podkarpackie,krośnieński,-,-,1807,2025,nowy,,,,,,,,,,
14338,podkarpackie,krośnieński,Chorkówka,gmina wiejska,1807012,2018,nowy,,,,,,,,,,
14339,podkarpackie,krośnieński,Chorkówka,gmina wiejska,1807012,2019,nowy,,,,,,,,,,
14340,podkarpackie,krośnieński,Chorkówka,gmina wiejska,1807012,2020,nowy,,,,,,,,,,
14341,podkarpackie,krośnieński,Chorkówka,gmina wiejska,1807012,2021,nowy,,,,,,,,,,
14342,podkarpackie,krośnieński,Chorkówka,gmina wiejska,1807012,2022,nowy,,,,,,,,,,
14343,podkarpackie,krośnieński,Chorkówka,gmina wiejska,1807012,2023,nowy,,,,,,,,,,
14344,podkarpackie,krośnieński,Chorkówka,gmina wiejska,1807012,2024,nowy,,,,,,,,,,
14345,podkarpackie,krośnieński,Chorkówka,gmina wiejska,1807012,2025,nowy,,,,,,,,,,
14346,podkarpackie,krośnieński,Dukla,gmina miejsko-wiejska,1807023,2018,nowy,,,,,,,,,,
14347,podkarpackie,krośnieński,Dukla,gmina miejsko-wiejska,1807023,2019,nowy,,,,,,,,,,
14348,podkarpackie,krośnieński,Dukla,gmina miejsko-wiejska,1807023,2020,nowy,,,,,,,,,,
14349,podkarpackie,krośnieński,Dukla,gmina miejsko-wiejska,1807023,2021,nowy,,,,,,,,,,
14350,podkarpackie,krośnieński,Dukla,gmina miejsko-wiejska,1807023,2022,nowy,,,,,,,,,,
14351,podkarpackie,krośnieński,Dukla,gmina miejsko-wiejska,1807023,2023,nowy,,,,,,,,,,
14352,podkarpackie,krośnieński,Dukla,gmina miejsko-wiejska,1807023,2024,nowy,,,,,,,,,,
14353,podkarpackie,krośnieński,Dukla,gmina miejsko-wiejska,1807023,2025,nowy,,,,,,,,,,
14354,podkarpackie,krośnieński,Iwonicz-Zdrój,gmina miejsko-wiejska,1807033,2018,nowy,,,,,,,,,,
14355,podkarpackie,krośnieński,Iwonicz-Zdrój,gmina miejsko-wiejska,1807033,2019,nowy,,,,,,,,,,
14356,podkarpackie,krośnieński,Iwonicz-Zdrój,gmina miejsko-wiejska,1807033,2020,nowy,,,,,,,,,,
14357,podkarpackie,krośnieński,Iwonicz-Zdrój,gmina miejsko-wiejska,1807033,2021,nowy,,,,,,,,,,
14358,podkarpackie,krośnieński,Iwonicz-Zdrój,gmina miejsko-wiejska,1807033,2022,nowy,,,,,,,,,,
14359,podkarpackie,krośnieński,Iwonicz-Zdrój,gmina miejsko-wiejska,1807033,2023,nowy,,,,,,,,,,
14360,podkarpackie,krośnieński,Iwonicz-Zdrój,gmina miejsko-wiejska,1807033,2024,nowy,,,,,,,,,,
14361,podkarpackie,krośnieński,Iwonicz-Zdrój,gmina miejsko-wiejska,1807033,2025,nowy,,,,,,,,,,
14362,podkarpackie,krośnieński,Jedlicze,gmina miejsko-wiejska,1807043,2018,nowy,,,,,,,,,,
14363,podkarpackie,krośnieński,Jedlicze,gmina miejsko-wiejska,1807043,2019,nowy,,,,,,,,,,
14364,podkarpackie,krośnieński,Jedlicze,gmina miejsko-wiejska,1807043,2020,nowy,,,,,,,,,,
14365,podkarpackie,krośnieński,Jedlicze,gmina miejsko-wiejska,1807043,2021,nowy,,,,,,,,,,
14366,podkarpackie,krośnieński,Jedlicze,gmina miejsko-wiejska,1807043,2022,nowy,,,,,,,,,,
14367,podkarpackie,krośnieński,Jedlicze,gmina miejsko-wiejska,1807043,2023,nowy,,,,,,,,,,
14368,podkarpackie,krośnieński,Jedlicze,gmina miejsko-wiejska,1807043,2024,nowy,,,,,,,,,,
14369,podkarpackie,krośnieński,Jedlicze,gmina miejsko-wiejska,1807043,2025,nowy,,,,,,,,,,
14370,podkarpackie,krośnieński,Korczyna,gmina wiejska,1807052,2018,nowy,,,,,,,,,,
14371,podkarpackie,krośnieński,Korczyna,gmina wiejska,1807052,2019,nowy,,,,,,,,,,
14372,podkarpackie,krośnieński,Korczyna,gmina wiejska,1807052,2020,nowy,,,,,,,,,,
14373,podkarpackie,krośnieński,Korczyna,gmina wiejska,1807052,2021,nowy,,,,,,,,,,
14374,podkarpackie,krośnieński,Korczyna,gmina wiejska,1807052,2022,nowy,,,,,,,,,,
14375,podkarpackie,krośnieński,Korczyna,gmina wiejska,1807052,2023,nowy,,,,,,,,,,
14376,podkarpackie,krośnieński,Korczyna,gmina wiejska,1807052,2024,nowy,,,,,,,,,,
14377,podkarpackie,krośnieński,Korczyna,gmina wiejska,1807052,2025,nowy,,,,,,,,,,
14378,podkarpackie,krośnieński,Krościenko Wyżne,gmina wiejska,1807062,2018,nowy,,,,,,,,,,
14379,podkarpackie,krośnieński,Krościenko Wyżne,gmina wiejska,1807062,2019,nowy,,,,,,,,,,
14380,podkarpackie,krośnieński,Krościenko Wyżne,gmina wiejska,1807062,2020,nowy,,,,,,,,,,
14381,podkarpackie,krośnieński,Krościenko Wyżne,gmina wiejska,1807062,2021,nowy,,,,,,,,,,
14382,podkarpackie,krośnieński,Krościenko Wyżne,gmina wiejska,1807062,2022,nowy,,,,,,,,,,
14383,podkarpackie,krośnieński,Krościenko Wyżne,gmina wiejska,1807062,2023,nowy,,,,,,,,,,
14384,podkarpackie,krośnieński,Krościenko Wyżne,gmina wiejska,1807062,2024,nowy,,,,,,,,,,
14385,podkarpackie,krośnieński,Krościenko Wyżne,gmina wiejska,1807062,2025,nowy,,,,,,,,,,
14386,podkarpackie,krośnieński,Miejsce Piastowe,gmina wiejska,1807072,2018,nowy,,,,,,,,,,
14387,podkarpackie,krośnieński,Miejsce Piastowe,gmina wiejska,1807072,2019,nowy,,,,,,,,,,
14388,podkarpackie,krośnieński,Miejsce Piastowe,gmina wiejska,1807072,2020,nowy,,,,,,,,,,
14389,podkarpackie,krośnieński,Miejsce Piastowe,gmina wiejska,1807072,2021,nowy,,,,,,,,,,
14390,podkarpackie,krośnieński,Miejsce Piastowe,gmina wiejska,1807072,2022,nowy,,,,,,,,,,
14391,podkarpackie,krośnieński,Miejsce Piastowe,gmina wiejska,1807072,2023,nowy,,,,,,,,,,
14392,podkarpackie,krośnieński,Miejsce Piastowe,gmina wiejska,1807072,2024,nowy,,,,,,,,,,
14393,podkarpackie,krośnieński,Miejsce Piastowe,gmina wiejska,1807072,2025,nowy,,,,,,,,,,
14394,podkarpackie,krośnieński,Rymanów,gmina miejsko-wiejska,1807083,2018,nowy,,,,,,,,,,
14395,podkarpackie,krośnieński,Rymanów,gmina miejsko-wiejska,1807083,2019,nowy,,,,,,,,,,
14396,podkarpackie,krośnieński,Rymanów,gmina miejsko-wiejska,1807083,2020,nowy,,,,,,,,,,
14397,podkarpackie,krośnieński,Rymanów,gmina miejsko-wiejska,1807083,2021,nowy,,,,,,,,,,
14398,podkarpackie,krośnieński,Rymanów,gmina miejsko-wiejska,1807083,2022,nowy,,,,,,,,,,
14399,podkarpackie,krośnieński,Rymanów,gmina miejsko-wiejska,1807083,2023,nowy,,,,,,,,,,
14400,podkarpackie,krośnieński,Rymanów,gmina miejsko-wiejska,1807083,2024,nowy,,,,,,,,,,
14401,podkarpackie,krośnieński,Rymanów,gmina miejsko-wiejska,1807083,2025,nowy,,,,,,,,,,
14402,podkarpackie,krośnieński,Wojaszówka,gmina wiejska,1807092,2018,nowy,,,,,,,,,,
14403,podkarpackie,krośnieński,Wojaszówka,gmina wiejska,1807092,2019,nowy,,,,,,,,,,
14404,podkarpackie,krośnieński,Wojaszówka,gmina wiejska,1807092,2020,nowy,,,,,,,,,,
14405,podkarpackie,krośnieński,Wojaszówka,gmina wiejska,1807092,2021,nowy,,,,,,,,,,
14406,podkarpackie,krośnieński,Wojaszówka,gmina wiejska,1807092,2022,nowy,,,,,,,,,,
14407,podkarpackie,krośnieński,Wojaszówka,gmina wiejska,1807092,2023,nowy,,,,,,,,,,
14408,podkarpackie,krośnieński,Wojaszówka,gmina wiejska,1807092,2024,nowy,,,,,,,,,,
14409,podkarpackie,krośnieński,Wojaszówka,gmina wiejska,1807092,2025,nowy,,,,,,,,,,
14410,podkarpackie,krośnieński,Jaśliska,gmina wiejska,1807102,2018,nowy,,,,,,,,,,
14411,podkarpackie,krośnieński,Jaśliska,gmina wiejska,1807102,2019,nowy,,,,,,,,,,
14412,podkarpackie,krośnieński,Jaśliska,gmina wiejska,1807102,2020,nowy,,,,,,,,,,
14413,podkarpackie,krośnieński,Jaśliska,gmina wiejska,1807102,2021,nowy,,,,,,,,,,
14414,podkarpackie,krośnieński,Jaśliska,gmina wiejska,1807102,2022,nowy,,,,,,,,,,
14415,podkarpackie,krośnieński,Jaśliska,gmina wiejska,1807102,2023,nowy,,,,,,,,,,
14416,podkarpackie,krośnieński,Jaśliska,gmina wiejska,1807102,2024,nowy,,,,,,,,,,
14417,podkarpackie,krośnieński,Jaśliska,gmina wiejska,1807102,2025,nowy,,,,,,,,,,
14418,podkarpackie,leżajski,-,-,1808,2018,nowy,,,,,,,,,,
14419,podkarpackie,leżajski,-,-,1808,2019,nowy,,,,,,,,,,
14420,podkarpackie,leżajski,-,-,1808,2020,nowy,,,,,,,,,,
14421,podkarpackie,leżajski,-,-,1808,2021,nowy,,,,,,,,,,
14422,podkarpackie,leżajski,-,-,1808,2022,nowy,,,,,,,,,,
14423,podkarpackie,leżajski,-,-,1808,2023,nowy,,,,,,,,,,
14424,podkarpackie,leżajski,-,-,1808,2024,nowy,,,,,,,,,,
14425,podkarpackie,leżajski,-,-,1808,2025,nowy,,,,,,,,,,
14426,podkarpackie,leżajski,Leżajsk,gmina miejska,1808011,2018,nowy,,,,,,,,,,
14427,podkarpackie,leżajski,Leżajsk,gmina miejska,1808011,2019,nowy,,,,,,,,,,
14428,podkarpackie,leżajski,Leżajsk,gmina miejska,1808011,2020,nowy,,,,,,,,,,
14429,podkarpackie,leżajski,Leżajsk,gmina miejska,1808011,2021,nowy,,,,,,,,,,
14430,podkarpackie,leżajski,Leżajsk,gmina miejska,1808011,2022,nowy,,,,,,,,,,
14431,podkarpackie,leżajski,Leżajsk,gmina miejska,1808011,2023,nowy,,,,,,,,,,
14432,podkarpackie,leżajski,Leżajsk,gmina miejska,1808011,2024,nowy,,,,,,,,,,
14433,podkarpackie,leżajski,Leżajsk,gmina miejska,1808011,2025,nowy,,,,,,,,,,
14434,podkarpackie,leżajski,Grodzisko Dolne,gmina wiejska,1808022,2018,nowy,,,,,,,,,,
14435,podkarpackie,leżajski,Grodzisko Dolne,gmina wiejska,1808022,2019,nowy,,,,,,,,,,
14436,podkarpackie,leżajski,Grodzisko Dolne,gmina wiejska,1808022,2020,nowy,,,,,,,,,,
14437,podkarpackie,leżajski,Grodzisko Dolne,gmina wiejska,1808022,2021,nowy,,,,,,,,,,
14438,podkarpackie,leżajski,Grodzisko Dolne,gmina wiejska,1808022,2022,nowy,,,,,,,,,,
14439,podkarpackie,leżajski,Grodzisko Dolne,gmina wiejska,1808022,2023,nowy,,,,,,,,,,
14440,podkarpackie,leżajski,Grodzisko Dolne,gmina wiejska,1808022,2024,nowy,,,,,,,,,,
14441,podkarpackie,leżajski,Grodzisko Dolne,gmina wiejska,1808022,2025,nowy,,,,,,,,,,
14442,podkarpackie,leżajski,Kuryłówka,gmina wiejska,1808032,2018,nowy,,,,,,,,,,
14443,podkarpackie,leżajski,Kuryłówka,gmina wiejska,1808032,2019,nowy,,,,,,,,,,
14444,podkarpackie,leżajski,Kuryłówka,gmina wiejska,1808032,2020,nowy,,,,,,,,,,
14445,podkarpackie,leżajski,Kuryłówka,gmina wiejska,1808032,2021,nowy,,,,,,,,,,
14446,podkarpackie,leżajski,Kuryłówka,gmina wiejska,1808032,2022,nowy,,,,,,,,,,
14447,podkarpackie,leżajski,Kuryłówka,gmina wiejska,1808032,2023,nowy,,,,,,,,,,
14448,podkarpackie,leżajski,Kuryłówka,gmina wiejska,1808032,2024,nowy,,,,,,,,,,
14449,podkarpackie,leżajski,Kuryłówka,gmina wiejska,1808032,2025,nowy,,,,,,,,,,
14450,podkarpackie,leżajski,Leżajsk,gmina wiejska,1808042,2018,nowy,,,,,,,,,,
14451,podkarpackie,leżajski,Leżajsk,gmina wiejska,1808042,2019,nowy,,,,,,,,,,
14452,podkarpackie,leżajski,Leżajsk,gmina wiejska,1808042,2020,nowy,,,,,,,,,,
14453,podkarpackie,leżajski,Leżajsk,gmina wiejska,1808042,2021,nowy,,,,,,,,,,
14454,podkarpackie,leżajski,Leżajsk,gmina wiejska,1808042,2022,nowy,,,,,,,,,,
14455,podkarpackie,leżajski,Leżajsk,gmina wiejska,1808042,2023,nowy,,,,,,,,,,
14456,podkarpackie,leżajski,Leżajsk,gmina wiejska,1808042,2024,nowy,,,,,,,,,,
14457,podkarpackie,leżajski,Leżajsk,gmina wiejska,1808042,2025,nowy,,,,,,,,,,
14458,podkarpackie,leżajski,Nowa Sarzyna,gmina miejsko-wiejska,1808053,2018,nowy,,,,,,,,,,
14459,podkarpackie,leżajski,Nowa Sarzyna,gmina miejsko-wiejska,1808053,2019,nowy,,,,,,,,,,
14460,podkarpackie,leżajski,Nowa Sarzyna,gmina miejsko-wiejska,1808053,2020,nowy,,,,,,,,,,
14461,podkarpackie,leżajski,Nowa Sarzyna,gmina miejsko-wiejska,1808053,2021,nowy,,,,,,,,,,
14462,podkarpackie,leżajski,Nowa Sarzyna,gmina miejsko-wiejska,1808053,2022,nowy,,,,,,,,,,
14463,podkarpackie,leżajski,Nowa Sarzyna,gmina miejsko-wiejska,1808053,2023,nowy,,,,,,,,,,
14464,podkarpackie,leżajski,Nowa Sarzyna,gmina miejsko-wiejska,1808053,2024,nowy,,,,,,,,,,
14465,podkarpackie,leżajski,Nowa Sarzyna,gmina miejsko-wiejska,1808053,2025,nowy,,,,,,,,,,
14466,podkarpackie,lubaczowski,-,-,1809,2018,nowy,,,,,,,,,,
14467,podkarpackie,lubaczowski,-,-,1809,2019,nowy,,,,,,,,,,
14468,podkarpackie,lubaczowski,-,-,1809,2020,nowy,,,,,,,,,,
14469,podkarpackie,lubaczowski,-,-,1809,2021,nowy,,,,,,,,,,
14470,podkarpackie,lubaczowski,-,-,1809,2022,nowy,,,,,,,,,,
14471,podkarpackie,lubaczowski,-,-,1809,2023,nowy,,,,,,,,,,
14472,podkarpackie,lubaczowski,-,-,1809,2024,nowy,,,,,,,,,,
14473,podkarpackie,lubaczowski,-,-,1809,2025,nowy,,,,,,,,,,
14474,podkarpackie,lubaczowski,Lubaczów,gmina miejska,1809011,2018,nowy,,,,,,,,,,
14475,podkarpackie,lubaczowski,Lubaczów,gmina miejska,1809011,2019,nowy,,,,,,,,,,
14476,podkarpackie,lubaczowski,Lubaczów,gmina miejska,1809011,2020,nowy,,,,,,,,,,
14477,podkarpackie,lubaczowski,Lubaczów,gmina miejska,1809011,2021,nowy,,,,,,,,,,
14478,podkarpackie,lubaczowski,Lubaczów,gmina miejska,1809011,2022,nowy,,,,,,,,,,
14479,podkarpackie,lubaczowski,Lubaczów,gmina miejska,1809011,2023,nowy,,,,,,,,,,
14480,podkarpackie,lubaczowski,Lubaczów,gmina miejska,1809011,2024,nowy,,,,,,,,,,
14481,podkarpackie,lubaczowski,Lubaczów,gmina miejska,1809011,2025,nowy,,,,,,,,,,
14482,podkarpackie,lubaczowski,Cieszanów,gmina miejsko-wiejska,1809023,2018,nowy,,,,,,,,,,
14483,podkarpackie,lubaczowski,Cieszanów,gmina miejsko-wiejska,1809023,2019,nowy,,,,,,,,,,
14484,podkarpackie,lubaczowski,Cieszanów,gmina miejsko-wiejska,1809023,2020,nowy,,,,,,,,,,
14485,podkarpackie,lubaczowski,Cieszanów,gmina miejsko-wiejska,1809023,2021,nowy,,,,,,,,,,
14486,podkarpackie,lubaczowski,Cieszanów,gmina miejsko-wiejska,1809023,2022,nowy,,,,,,,,,,
14487,podkarpackie,lubaczowski,Cieszanów,gmina miejsko-wiejska,1809023,2023,nowy,,,,,,,,,,
14488,podkarpackie,lubaczowski,Cieszanów,gmina miejsko-wiejska,1809023,2024,nowy,,,,,,,,,,
14489,podkarpackie,lubaczowski,Cieszanów,gmina miejsko-wiejska,1809023,2025,nowy,,,,,,,,,,
14490,podkarpackie,lubaczowski,Horyniec-Zdrój,gmina wiejska,1809032,2018,nowy,,,,,,,,,,
14491,podkarpackie,lubaczowski,Horyniec-Zdrój,gmina wiejska,1809032,2019,nowy,,,,,,,,,,
14492,podkarpackie,lubaczowski,Horyniec-Zdrój,gmina wiejska,1809032,2020,nowy,,,,,,,,,,
14493,podkarpackie,lubaczowski,Horyniec-Zdrój,gmina wiejska,1809032,2021,nowy,,,,,,,,,,
14494,podkarpackie,lubaczowski,Horyniec-Zdrój,gmina wiejska,1809032,2022,nowy,,,,,,,,,,
14495,podkarpackie,lubaczowski,Horyniec-Zdrój,gmina wiejska,1809032,2023,nowy,,,,,,,,,,
14496,podkarpackie,lubaczowski,Horyniec-Zdrój,gmina wiejska,1809032,2024,nowy,,,,,,,,,,
14497,podkarpackie,lubaczowski,Horyniec-Zdrój,gmina wiejska,1809032,2025,nowy,,,,,,,,,,
14498,podkarpackie,lubaczowski,Lubaczów,gmina wiejska,1809042,2018,nowy,,,,,,,,,,
14499,podkarpackie,lubaczowski,Lubaczów,gmina wiejska,1809042,2019,nowy,,,,,,,,,,
14500,podkarpackie,lubaczowski,Lubaczów,gmina wiejska,1809042,2020,nowy,,,,,,,,,,
14501,podkarpackie,lubaczowski,Lubaczów,gmina wiejska,1809042,2021,nowy,,,,,,,,,,
14502,podkarpackie,lubaczowski,Lubaczów,gmina wiejska,1809042,2022,nowy,,,,,,,,,,
14503,podkarpackie,lubaczowski,Lubaczów,gmina wiejska,1809042,2023,nowy,,,,,,,,,,
14504,podkarpackie,lubaczowski,Lubaczów,gmina wiejska,1809042,2024,nowy,,,,,,,,,,
14505,podkarpackie,lubaczowski,Lubaczów,gmina wiejska,1809042,2025,nowy,,,,,,,,,,
14506,podkarpackie,lubaczowski,Narol,gmina miejsko-wiejska,1809053,2018,nowy,,,,,,,,,,
14507,podkarpackie,lubaczowski,Narol,gmina miejsko-wiejska,1809053,2019,nowy,,,,,,,,,,
14508,podkarpackie,lubaczowski,Narol,gmina miejsko-wiejska,1809053,2020,nowy,,,,,,,,,,
14509,podkarpackie,lubaczowski,Narol,gmina miejsko-wiejska,1809053,2021,nowy,,,,,,,,,,
14510,podkarpackie,lubaczowski,Narol,gmina miejsko-wiejska,1809053,2022,nowy,,,,,,,,,,
14511,podkarpackie,lubaczowski,Narol,gmina miejsko-wiejska,1809053,2023,nowy,,,,,,,,,,
14512,podkarpackie,lubaczowski,Narol,gmina miejsko-wiejska,1809053,2024,nowy,,,,,,,,,,
14513,podkarpackie,lubaczowski,Narol,gmina miejsko-wiejska,1809053,2025,nowy,,,,,,,,,,
14514,podkarpackie,lubaczowski,Oleszyce,gmina miejsko-wiejska,1809063,2018,nowy,,,,,,,,,,
14515,podkarpackie,lubaczowski,Oleszyce,gmina miejsko-wiejska,1809063,2019,nowy,,,,,,,,,,
14516,podkarpackie,lubaczowski,Oleszyce,gmina miejsko-wiejska,1809063,2020,nowy,,,,,,,,,,
14517,podkarpackie,lubaczowski,Oleszyce,gmina miejsko-wiejska,1809063,2021,nowy,,,,,,,,,,
14518,podkarpackie,lubaczowski,Oleszyce,gmina miejsko-wiejska,1809063,2022,nowy,,,,,,,,,,
14519,podkarpackie,lubaczowski,Oleszyce,gmina miejsko-wiejska,1809063,2023,nowy,,,,,,,,,,
14520,podkarpackie,lubaczowski,Oleszyce,gmina miejsko-wiejska,1809063,2024,nowy,,,,,,,,,,
14521,podkarpackie,lubaczowski,Oleszyce,gmina miejsko-wiejska,1809063,2025,nowy,,,,,,,,,,
14522,podkarpackie,lubaczowski,Stary Dzików,gmina wiejska,1809072,2018,nowy,,,,,,,,,,
14523,podkarpackie,lubaczowski,Stary Dzików,gmina wiejska,1809072,2019,nowy,,,,,,,,,,
14524,podkarpackie,lubaczowski,Stary Dzików,gmina wiejska,1809072,2020,nowy,,,,,,,,,,
14525,podkarpackie,lubaczowski,Stary Dzików,gmina wiejska,1809072,2021,nowy,,,,,,,,,,
14526,podkarpackie,lubaczowski,Stary Dzików,gmina wiejska,1809072,2022,nowy,,,,,,,,,,
14527,podkarpackie,lubaczowski,Stary Dzików,gmina wiejska,1809072,2023,nowy,,,,,,,,,,
14528,podkarpackie,lubaczowski,Stary Dzików,gmina wiejska,1809072,2024,nowy,,,,,,,,,,
14529,podkarpackie,lubaczowski,Stary Dzików,gmina wiejska,1809072,2025,nowy,,,,,,,,,,
14530,podkarpackie,lubaczowski,Wielkie Oczy,gmina wiejska,1809082,2018,nowy,,,,,,,,,,
14531,podkarpackie,lubaczowski,Wielkie Oczy,gmina wiejska,1809082,2019,nowy,,,,,,,,,,
14532,podkarpackie,lubaczowski,Wielkie Oczy,gmina wiejska,1809082,2020,nowy,,,,,,,,,,
14533,podkarpackie,lubaczowski,Wielkie Oczy,gmina wiejska,1809082,2021,nowy,,,,,,,,,,
14534,podkarpackie,lubaczowski,Wielkie Oczy,gmina wiejska,1809082,2022,nowy,,,,,,,,,,
14535,podkarpackie,lubaczowski,Wielkie Oczy,gmina wiejska,1809082,2023,nowy,,,,,,,,,,
14536,podkarpackie,lubaczowski,Wielkie Oczy,gmina wiejska,1809082,2024,nowy,,,,,,,,,,
14537,podkarpackie,lubaczowski,Wielkie Oczy,gmina wiejska,1809082,2025,nowy,,,,,,,,,,
14538,podkarpackie,łańcucki,-,-,1810,2018,nowy,,,,,,,,,,
14539,podkarpackie,łańcucki,-,-,1810,2019,nowy,,,,,,,,,,
14540,podkarpackie,łańcucki,-,-,1810,2020,nowy,,,,,,,,,,
14541,podkarpackie,łańcucki,-,-,1810,2021,nowy,,,,,,,,,,
14542,podkarpackie,łańcucki,-,-,1810,2022,nowy,,,,,,,,,,
14543,podkarpackie,łańcucki,-,-,1810,2023,nowy,,,,,,,,,,
14544,podkarpackie,łańcucki,-,-,1810,2024,nowy,,,,,,,,,,
14545,podkarpackie,łańcucki,-,-,1810,2025,nowy,,,,,,,,,,
14546,podkarpackie,łańcucki,Łańcut,gmina miejska,1810011,2018,nowy,,,,,,,,,,
14547,podkarpackie,łańcucki,Łańcut,gmina miejska,1810011,2019,nowy,,,,,,,,,,
14548,podkarpackie,łańcucki,Łańcut,gmina miejska,1810011,2020,nowy,,,,,,,,,,
14549,podkarpackie,łańcucki,Łańcut,gmina miejska,1810011,2021,nowy,,,,,,,,,,
14550,podkarpackie,łańcucki,Łańcut,gmina miejska,1810011,2022,nowy,,,,,,,,,,
14551,podkarpackie,łańcucki,Łańcut,gmina miejska,1810011,2023,nowy,,,,,,,,,,
14552,podkarpackie,łańcucki,Łańcut,gmina miejska,1810011,2024,nowy,,,,,,,,,,
14553,podkarpackie,łańcucki,Łańcut,gmina miejska,1810011,2025,nowy,,,,,,,,,,
14554,podkarpackie,łańcucki,Białobrzegi,gmina wiejska,1810022,2018,nowy,,,,,,,,,,
14555,podkarpackie,łańcucki,Białobrzegi,gmina wiejska,1810022,2019,nowy,,,,,,,,,,
14556,podkarpackie,łańcucki,Białobrzegi,gmina wiejska,1810022,2020,nowy,,,,,,,,,,
14557,podkarpackie,łańcucki,Białobrzegi,gmina wiejska,1810022,2021,nowy,,,,,,,,,,
14558,podkarpackie,łańcucki,Białobrzegi,gmina wiejska,1810022,2022,nowy,,,,,,,,,,
14559,podkarpackie,łańcucki,Białobrzegi,gmina wiejska,1810022,2023,nowy,,,,,,,,,,
14560,podkarpackie,łańcucki,Białobrzegi,gmina wiejska,1810022,2024,nowy,,,,,,,,,,
14561,podkarpackie,łańcucki,Białobrzegi,gmina wiejska,1810022,2025,nowy,,,,,,,,,,
14562,podkarpackie,łańcucki,Czarna,gmina wiejska,1810032,2018,nowy,,,,,,,,,,
14563,podkarpackie,łańcucki,Czarna,gmina wiejska,1810032,2019,nowy,,,,,,,,,,
14564,podkarpackie,łańcucki,Czarna,gmina wiejska,1810032,2020,nowy,,,,,,,,,,
14565,podkarpackie,łańcucki,Czarna,gmina wiejska,1810032,2021,nowy,,,,,,,,,,
14566,podkarpackie,łańcucki,Czarna,gmina wiejska,1810032,2022,nowy,,,,,,,,,,
14567,podkarpackie,łańcucki,Czarna,gmina wiejska,1810032,2023,nowy,,,,,,,,,,
14568,podkarpackie,łańcucki,Czarna,gmina wiejska,1810032,2024,nowy,,,,,,,,,,
14569,podkarpackie,łańcucki,Czarna,gmina wiejska,1810032,2025,nowy,,,,,,,,,,
14570,podkarpackie,łańcucki,Łańcut,gmina wiejska,1810042,2018,nowy,,,,,,,,,,
14571,podkarpackie,łańcucki,Łańcut,gmina wiejska,1810042,2019,nowy,,,,,,,,,,
14572,podkarpackie,łańcucki,Łańcut,gmina wiejska,1810042,2020,nowy,,,,,,,,,,
14573,podkarpackie,łańcucki,Łańcut,gmina wiejska,1810042,2021,nowy,,,,,,,,,,
14574,podkarpackie,łańcucki,Łańcut,gmina wiejska,1810042,2022,nowy,,,,,,,,,,
14575,podkarpackie,łańcucki,Łańcut,gmina wiejska,1810042,2023,nowy,,,,,,,,,,
14576,podkarpackie,łańcucki,Łańcut,gmina wiejska,1810042,2024,nowy,,,,,,,,,,
14577,podkarpackie,łańcucki,Łańcut,gmina wiejska,1810042,2025,nowy,,,,,,,,,,
14578,podkarpackie,łańcucki,Markowa,gmina wiejska,1810052,2018,nowy,,,,,,,,,,
14579,podkarpackie,łańcucki,Markowa,gmina wiejska,1810052,2019,nowy,,,,,,,,,,
14580,podkarpackie,łańcucki,Markowa,gmina wiejska,1810052,2020,nowy,,,,,,,,,,
14581,podkarpackie,łańcucki,Markowa,gmina wiejska,1810052,2021,nowy,,,,,,,,,,
14582,podkarpackie,łańcucki,Markowa,gmina wiejska,1810052,2022,nowy,,,,,,,,,,
14583,podkarpackie,łańcucki,Markowa,gmina wiejska,1810052,2023,nowy,,,,,,,,,,
14584,podkarpackie,łańcucki,Markowa,gmina wiejska,1810052,2024,nowy,,,,,,,,,,
14585,podkarpackie,łańcucki,Markowa,gmina wiejska,1810052,2025,nowy,,,,,,,,,,
14586,podkarpackie,łańcucki,Rakszawa,gmina wiejska,1810062,2018,nowy,,,,,,,,,,
14587,podkarpackie,łańcucki,Rakszawa,gmina wiejska,1810062,2019,nowy,,,,,,,,,,
14588,podkarpackie,łańcucki,Rakszawa,gmina wiejska,1810062,2020,nowy,,,,,,,,,,
14589,podkarpackie,łańcucki,Rakszawa,gmina wiejska,1810062,2021,nowy,,,,,,,,,,
14590,podkarpackie,łańcucki,Rakszawa,gmina wiejska,1810062,2022,nowy,,,,,,,,,,
14591,podkarpackie,łańcucki,Rakszawa,gmina wiejska,1810062,2023,nowy,,,,,,,,,,
14592,podkarpackie,łańcucki,Rakszawa,gmina wiejska,1810062,2024,nowy,,,,,,,,,,
14593,podkarpackie,łańcucki,Rakszawa,gmina wiejska,1810062,2025,nowy,,,,,,,,,,
14594,podkarpackie,łańcucki,Żołynia,gmina wiejska,1810072,2018,nowy,,,,,,,,,,
14595,podkarpackie,łańcucki,Żołynia,gmina wiejska,1810072,2019,nowy,,,,,,,,,,
14596,podkarpackie,łańcucki,Żołynia,gmina wiejska,1810072,2020,nowy,,,,,,,,,,
14597,podkarpackie,łańcucki,Żołynia,gmina wiejska,1810072,2021,nowy,,,,,,,,,,
14598,podkarpackie,łańcucki,Żołynia,gmina wiejska,1810072,2022,nowy,,,,,,,,,,
14599,podkarpackie,łańcucki,Żołynia,gmina wiejska,1810072,2023,nowy,,,,,,,,,,
14600,podkarpackie,łańcucki,Żołynia,gmina wiejska,1810072,2024,nowy,,,,,,,,,,
14601,podkarpackie,łańcucki,Żołynia,gmina wiejska,1810072,2025,nowy,,,,,,,,,,
14602,podkarpackie,mielecki,-,-,1811,2018,nowy,,,,,,,,,,
14603,podkarpackie,mielecki,-,-,1811,2019,nowy,,,,,,,,,,
14604,podkarpackie,mielecki,-,-,1811,2020,nowy,,,,,,,,,,
14605,podkarpackie,mielecki,-,-,1811,2021,nowy,,,,,,,,,,
14606,podkarpackie,mielecki,-,-,1811,2022,nowy,,,,,,,,,,
14607,podkarpackie,mielecki,-,-,1811,2023,nowy,,,,,,,,,,
14608,podkarpackie,mielecki,-,-,1811,2024,nowy,,,,,,,,,,
14609,podkarpackie,mielecki,-,-,1811,2025,nowy,,,,,,,,,,
14610,podkarpackie,mielecki,Mielec,gmina miejska,1811011,2018,nowy,,,,,,,,,,
14611,podkarpackie,mielecki,Mielec,gmina miejska,1811011,2019,nowy,,,,,,,,,,
14612,podkarpackie,mielecki,Mielec,gmina miejska,1811011,2020,nowy,,,,,,,,,,
14613,podkarpackie,mielecki,Mielec,gmina miejska,1811011,2021,nowy,,,,,,,,,,
14614,podkarpackie,mielecki,Mielec,gmina miejska,1811011,2022,nowy,,,,,,,,,,
14615,podkarpackie,mielecki,Mielec,gmina miejska,1811011,2023,nowy,,,,,,,,,,
14616,podkarpackie,mielecki,Mielec,gmina miejska,1811011,2024,nowy,,,,,,,,,,
14617,podkarpackie,mielecki,Mielec,gmina miejska,1811011,2025,nowy,,,,,,,,,,
14618,podkarpackie,mielecki,Borowa,gmina wiejska,1811022,2018,nowy,,,,,,,,,,
14619,podkarpackie,mielecki,Borowa,gmina wiejska,1811022,2019,nowy,,,,,,,,,,
14620,podkarpackie,mielecki,Borowa,gmina wiejska,1811022,2020,nowy,,,,,,,,,,
14621,podkarpackie,mielecki,Borowa,gmina wiejska,1811022,2021,nowy,,,,,,,,,,
14622,podkarpackie,mielecki,Borowa,gmina wiejska,1811022,2022,nowy,,,,,,,,,,
14623,podkarpackie,mielecki,Borowa,gmina wiejska,1811022,2023,nowy,,,,,,,,,,
14624,podkarpackie,mielecki,Borowa,gmina wiejska,1811022,2024,nowy,,,,,,,,,,
14625,podkarpackie,mielecki,Borowa,gmina wiejska,1811022,2025,nowy,,,,,,,,,,
14626,podkarpackie,mielecki,Czermin,gmina wiejska,1811032,2018,nowy,,,,,,,,,,
14627,podkarpackie,mielecki,Czermin,gmina wiejska,1811032,2019,nowy,,,,,,,,,,
14628,podkarpackie,mielecki,Czermin,gmina wiejska,1811032,2020,nowy,,,,,,,,,,
14629,podkarpackie,mielecki,Czermin,gmina wiejska,1811032,2021,nowy,,,,,,,,,,
14630,podkarpackie,mielecki,Czermin,gmina wiejska,1811032,2022,nowy,,,,,,,,,,
14631,podkarpackie,mielecki,Czermin,gmina wiejska,1811032,2023,nowy,,,,,,,,,,
14632,podkarpackie,mielecki,Czermin,gmina wiejska,1811032,2024,nowy,,,,,,,,,,
14633,podkarpackie,mielecki,Czermin,gmina wiejska,1811032,2025,nowy,,,,,,,,,,
14634,podkarpackie,mielecki,Gawłuszowice,gmina wiejska,1811042,2018,nowy,,,,,,,,,,
14635,podkarpackie,mielecki,Gawłuszowice,gmina wiejska,1811042,2019,nowy,,,,,,,,,,
14636,podkarpackie,mielecki,Gawłuszowice,gmina wiejska,1811042,2020,nowy,,,,,,,,,,
14637,podkarpackie,mielecki,Gawłuszowice,gmina wiejska,1811042,2021,nowy,,,,,,,,,,
14638,podkarpackie,mielecki,Gawłuszowice,gmina wiejska,1811042,2022,nowy,,,,,,,,,,
14639,podkarpackie,mielecki,Gawłuszowice,gmina wiejska,1811042,2023,nowy,,,,,,,,,,
14640,podkarpackie,mielecki,Gawłuszowice,gmina wiejska,1811042,2024,nowy,,,,,,,,,,
14641,podkarpackie,mielecki,Gawłuszowice,gmina wiejska,1811042,2025,nowy,,,,,,,,,,
14642,podkarpackie,mielecki,Mielec,gmina wiejska,1811052,2018,nowy,,,,,,,,,,
14643,podkarpackie,mielecki,Mielec,gmina wiejska,1811052,2019,nowy,,,,,,,,,,
14644,podkarpackie,mielecki,Mielec,gmina wiejska,1811052,2020,nowy,,,,,,,,,,
14645,podkarpackie,mielecki,Mielec,gmina wiejska,1811052,2021,nowy,,,,,,,,,,
14646,podkarpackie,mielecki,Mielec,gmina wiejska,1811052,2022,nowy,,,,,,,,,,
14647,podkarpackie,mielecki,Mielec,gmina wiejska,1811052,2023,nowy,,,,,,,,,,
14648,podkarpackie,mielecki,Mielec,gmina wiejska,1811052,2024,nowy,,,,,,,,,,
14649,podkarpackie,mielecki,Mielec,gmina wiejska,1811052,2025,nowy,,,,,,,,,,
14650,podkarpackie,mielecki,Padew Narodowa,gmina wiejska,1811062,2018,nowy,,,,,,,,,,
14651,podkarpackie,mielecki,Padew Narodowa,gmina wiejska,1811062,2019,nowy,,,,,,,,,,
14652,podkarpackie,mielecki,Padew Narodowa,gmina wiejska,1811062,2020,nowy,,,,,,,,,,
14653,podkarpackie,mielecki,Padew Narodowa,gmina wiejska,1811062,2021,nowy,,,,,,,,,,
14654,podkarpackie,mielecki,Padew Narodowa,gmina wiejska,1811062,2022,nowy,,,,,,,,,,
14655,podkarpackie,mielecki,Padew Narodowa,gmina wiejska,1811062,2023,nowy,,,,,,,,,,
14656,podkarpackie,mielecki,Padew Narodowa,gmina wiejska,1811062,2024,nowy,,,,,,,,,,
14657,podkarpackie,mielecki,Padew Narodowa,gmina wiejska,1811062,2025,nowy,,,,,,,,,,
14658,podkarpackie,mielecki,Przecław,gmina miejsko-wiejska,1811073,2018,nowy,,,,,,,,,,
14659,podkarpackie,mielecki,Przecław,gmina miejsko-wiejska,1811073,2019,nowy,,,,,,,,,,
14660,podkarpackie,mielecki,Przecław,gmina miejsko-wiejska,1811073,2020,nowy,,,,,,,,,,
14661,podkarpackie,mielecki,Przecław,gmina miejsko-wiejska,1811073,2021,nowy,,,,,,,,,,
14662,podkarpackie,mielecki,Przecław,gmina miejsko-wiejska,1811073,2022,nowy,,,,,,,,,,
14663,podkarpackie,mielecki,Przecław,gmina miejsko-wiejska,1811073,2023,nowy,,,,,,,,,,
14664,podkarpackie,mielecki,Przecław,gmina miejsko-wiejska,1811073,2024,nowy,,,,,,,,,,
14665,podkarpackie,mielecki,Przecław,gmina miejsko-wiejska,1811073,2025,nowy,,,,,,,,,,
14666,podkarpackie,mielecki,Radomyśl Wielki,gmina miejsko-wiejska,1811083,2018,nowy,,,,,,,,,,
14667,podkarpackie,mielecki,Radomyśl Wielki,gmina miejsko-wiejska,1811083,2019,nowy,,,,,,,,,,
14668,podkarpackie,mielecki,Radomyśl Wielki,gmina miejsko-wiejska,1811083,2020,nowy,,,,,,,,,,
14669,podkarpackie,mielecki,Radomyśl Wielki,gmina miejsko-wiejska,1811083,2021,nowy,,,,,,,,,,
14670,podkarpackie,mielecki,Radomyśl Wielki,gmina miejsko-wiejska,1811083,2022,nowy,,,,,,,,,,
14671,podkarpackie,mielecki,Radomyśl Wielki,gmina miejsko-wiejska,1811083,2023,nowy,,,,,,,,,,
14672,podkarpackie,mielecki,Radomyśl Wielki,gmina miejsko-wiejska,1811083,2024,nowy,,,,,,,,,,
14673,podkarpackie,mielecki,Radomyśl Wielki,gmina miejsko-wiejska,1811083,2025,nowy,,,,,,,,,,
14674,podkarpackie,mielecki,Tuszów Narodowy,gmina wiejska,1811092,2018,nowy,,,,,,,,,,
14675,podkarpackie,mielecki,Tuszów Narodowy,gmina wiejska,1811092,2019,nowy,,,,,,,,,,
14676,podkarpackie,mielecki,Tuszów Narodowy,gmina wiejska,1811092,2020,nowy,,,,,,,,,,
14677,podkarpackie,mielecki,Tuszów Narodowy,gmina wiejska,1811092,2021,nowy,,,,,,,,,,
14678,podkarpackie,mielecki,Tuszów Narodowy,gmina wiejska,1811092,2022,nowy,,,,,,,,,,
14679,podkarpackie,mielecki,Tuszów Narodowy,gmina wiejska,1811092,2023,nowy,,,,,,,,,,
14680,podkarpackie,mielecki,Tuszów Narodowy,gmina wiejska,1811092,2024,nowy,,,,,,,,,,
14681,podkarpackie,mielecki,Tuszów Narodowy,gmina wiejska,1811092,2025,nowy,,,,,,,,,,
14682,podkarpackie,mielecki,Wadowice Górne,gmina wiejska,1811102,2018,nowy,,,,,,,,,,
14683,podkarpackie,mielecki,Wadowice Górne,gmina wiejska,1811102,2019,nowy,,,,,,,,,,
14684,podkarpackie,mielecki,Wadowice Górne,gmina wiejska,1811102,2020,nowy,,,,,,,,,,
14685,podkarpackie,mielecki,Wadowice Górne,gmina wiejska,1811102,2021,nowy,,,,,,,,,,
14686,podkarpackie,mielecki,Wadowice Górne,gmina wiejska,1811102,2022,nowy,,,,,,,,,,
14687,podkarpackie,mielecki,Wadowice Górne,gmina wiejska,1811102,2023,nowy,,,,,,,,,,
14688,podkarpackie,mielecki,Wadowice Górne,gmina wiejska,1811102,2024,nowy,,,,,,,,,,
14689,podkarpackie,mielecki,Wadowice Górne,gmina wiejska,1811102,2025,nowy,,,,,,,,,,
14690,podkarpackie,niżański,-,-,1812,2018,nowy,,,,,,,,,,
14691,podkarpackie,niżański,-,-,1812,2019,nowy,,,,,,,,,,
14692,podkarpackie,niżański,-,-,1812,2020,nowy,,,,,,,,,,
14693,podkarpackie,niżański,-,-,1812,2021,nowy,,,,,,,,,,
14694,podkarpackie,niżański,-,-,1812,2022,nowy,,,,,,,,,,
14695,podkarpackie,niżański,-,-,1812,2023,nowy,,,,,,,,,,
14696,podkarpackie,niżański,-,-,1812,2024,nowy,,,,,,,,,,
14697,podkarpackie,niżański,-,-,1812,2025,nowy,,,,,,,,,,
14698,podkarpackie,niżański,Harasiuki,gmina wiejska,1812012,2018,nowy,,,,,,,,,,
14699,podkarpackie,niżański,Harasiuki,gmina wiejska,1812012,2019,nowy,,,,,,,,,,
14700,podkarpackie,niżański,Harasiuki,gmina wiejska,1812012,2020,nowy,,,,,,,,,,
14701,podkarpackie,niżański,Harasiuki,gmina wiejska,1812012,2021,nowy,,,,,,,,,,
14702,podkarpackie,niżański,Harasiuki,gmina wiejska,1812012,2022,nowy,,,,,,,,,,
14703,podkarpackie,niżański,Harasiuki,gmina wiejska,1812012,2023,nowy,,,,,,,,,,
14704,podkarpackie,niżański,Harasiuki,gmina wiejska,1812012,2024,nowy,,,,,,,,,,
14705,podkarpackie,niżański,Harasiuki,gmina wiejska,1812012,2025,nowy,,,,,,,,,,
14706,podkarpackie,niżański,Jarocin,gmina wiejska,1812022,2018,nowy,,,,,,,,,,
14707,podkarpackie,niżański,Jarocin,gmina wiejska,1812022,2019,nowy,,,,,,,,,,
14708,podkarpackie,niżański,Jarocin,gmina wiejska,1812022,2020,nowy,,,,,,,,,,
14709,podkarpackie,niżański,Jarocin,gmina wiejska,1812022,2021,nowy,,,,,,,,,,
14710,podkarpackie,niżański,Jarocin,gmina wiejska,1812022,2022,nowy,,,,,,,,,,
14711,podkarpackie,niżański,Jarocin,gmina wiejska,1812022,2023,nowy,,,,,,,,,,
14712,podkarpackie,niżański,Jarocin,gmina wiejska,1812022,2024,nowy,,,,,,,,,,
14713,podkarpackie,niżański,Jarocin,gmina wiejska,1812022,2025,nowy,,,,,,,,,,
14714,podkarpackie,niżański,Jeżowe,gmina wiejska,1812032,2018,nowy,,,,,,,,,,
14715,podkarpackie,niżański,Jeżowe,gmina wiejska,1812032,2019,nowy,,,,,,,,,,
14716,podkarpackie,niżański,Jeżowe,gmina wiejska,1812032,2020,nowy,,,,,,,,,,
14717,podkarpackie,niżański,Jeżowe,gmina wiejska,1812032,2021,nowy,,,,,,,,,,
14718,podkarpackie,niżański,Jeżowe,gmina wiejska,1812032,2022,nowy,,,,,,,,,,
14719,podkarpackie,niżański,Jeżowe,gmina wiejska,1812032,2023,nowy,,,,,,,,,,
14720,podkarpackie,niżański,Jeżowe,gmina wiejska,1812032,2024,nowy,,,,,,,,,,
14721,podkarpackie,niżański,Jeżowe,gmina wiejska,1812032,2025,nowy,,,,,,,,,,
14722,podkarpackie,niżański,Krzeszów,gmina wiejska,1812042,2018,nowy,,,,,,,,,,
14723,podkarpackie,niżański,Krzeszów,gmina wiejska,1812042,2019,nowy,,,,,,,,,,
14724,podkarpackie,niżański,Krzeszów,gmina wiejska,1812042,2020,nowy,,,,,,,,,,
14725,podkarpackie,niżański,Krzeszów,gmina wiejska,1812042,2021,nowy,,,,,,,,,,
14726,podkarpackie,niżański,Krzeszów,gmina wiejska,1812042,2022,nowy,,,,,,,,,,
14727,podkarpackie,niżański,Krzeszów,gmina wiejska,1812042,2023,nowy,,,,,,,,,,
14728,podkarpackie,niżański,Krzeszów,gmina wiejska,1812042,2024,nowy,,,,,,,,,,
14729,podkarpackie,niżański,Krzeszów,gmina wiejska,1812042,2025,nowy,,,,,,,,,,
14730,podkarpackie,niżański,Nisko,gmina miejsko-wiejska,1812053,2018,nowy,,,,,,,,,,
14731,podkarpackie,niżański,Nisko,gmina miejsko-wiejska,1812053,2019,nowy,,,,,,,,,,
14732,podkarpackie,niżański,Nisko,gmina miejsko-wiejska,1812053,2020,nowy,,,,,,,,,,
14733,podkarpackie,niżański,Nisko,gmina miejsko-wiejska,1812053,2021,nowy,,,,,,,,,,
14734,podkarpackie,niżański,Nisko,gmina miejsko-wiejska,1812053,2022,nowy,,,,,,,,,,
14735,podkarpackie,niżański,Nisko,gmina miejsko-wiejska,1812053,2023,nowy,,,,,,,,,,
14736,podkarpackie,niżański,Nisko,gmina miejsko-wiejska,1812053,2024,nowy,,,,,,,,,,
14737,podkarpackie,niżański,Nisko,gmina miejsko-wiejska,1812053,2025,nowy,,,,,,,,,,
14738,podkarpackie,niżański,Rudnik nad Sanem,gmina miejsko-wiejska,1812063,2018,nowy,,,,,,,,,,
14739,podkarpackie,niżański,Rudnik nad Sanem,gmina miejsko-wiejska,1812063,2019,nowy,,,,,,,,,,
14740,podkarpackie,niżański,Rudnik nad Sanem,gmina miejsko-wiejska,1812063,2020,nowy,,,,,,,,,,
14741,podkarpackie,niżański,Rudnik nad Sanem,gmina miejsko-wiejska,1812063,2021,nowy,,,,,,,,,,
14742,podkarpackie,niżański,Rudnik nad Sanem,gmina miejsko-wiejska,1812063,2022,nowy,,,,,,,,,,
14743,podkarpackie,niżański,Rudnik nad Sanem,gmina miejsko-wiejska,1812063,2023,nowy,,,,,,,,,,
14744,podkarpackie,niżański,Rudnik nad Sanem,gmina miejsko-wiejska,1812063,2024,nowy,,,,,,,,,,
14745,podkarpackie,niżański,Rudnik nad Sanem,gmina miejsko-wiejska,1812063,2025,nowy,,,,,,,,,,
14746,podkarpackie,niżański,Ulanów,gmina miejsko-wiejska,1812073,2018,nowy,,,,,,,,,,
14747,podkarpackie,niżański,Ulanów,gmina miejsko-wiejska,1812073,2019,nowy,,,,,,,,,,
14748,podkarpackie,niżański,Ulanów,gmina miejsko-wiejska,1812073,2020,nowy,,,,,,,,,,
14749,podkarpackie,niżański,Ulanów,gmina miejsko-wiejska,1812073,2021,nowy,,,,,,,,,,
14750,podkarpackie,niżański,Ulanów,gmina miejsko-wiejska,1812073,2022,nowy,,,,,,,,,,
14751,podkarpackie,niżański,Ulanów,gmina miejsko-wiejska,1812073,2023,nowy,,,,,,,,,,
14752,podkarpackie,niżański,Ulanów,gmina miejsko-wiejska,1812073,2024,nowy,,,,,,,,,,
14753,podkarpackie,niżański,Ulanów,gmina miejsko-wiejska,1812073,2025,nowy,,,,,,,,,,
14754,podkarpackie,przemyski,-,-,1813,2018,nowy,,,,,,,,,,
14755,podkarpackie,przemyski,-,-,1813,2019,nowy,,,,,,,,,,
14756,podkarpackie,przemyski,-,-,1813,2020,nowy,,,,,,,,,,
14757,podkarpackie,przemyski,-,-,1813,2021,nowy,,,,,,,,,,
14758,podkarpackie,przemyski,-,-,1813,2022,nowy,,,,,,,,,,
14759,podkarpackie,przemyski,-,-,1813,2023,nowy,,,,,,,,,,
14760,podkarpackie,przemyski,-,-,1813,2024,nowy,,,,,,,,,,
14761,podkarpackie,przemyski,-,-,1813,2025,nowy,,,,,,,,,,
14762,podkarpackie,przemyski,Bircza,gmina wiejska,1813012,2018,nowy,,,,,,,,,,
14763,podkarpackie,przemyski,Bircza,gmina wiejska,1813012,2019,nowy,,,,,,,,,,
14764,podkarpackie,przemyski,Bircza,gmina wiejska,1813012,2020,nowy,,,,,,,,,,
14765,podkarpackie,przemyski,Bircza,gmina wiejska,1813012,2021,nowy,,,,,,,,,,
14766,podkarpackie,przemyski,Bircza,gmina wiejska,1813012,2022,nowy,,,,,,,,,,
14767,podkarpackie,przemyski,Bircza,gmina wiejska,1813012,2023,nowy,,,,,,,,,,
14768,podkarpackie,przemyski,Bircza,gmina miejsko-wiejska,1813013,2024,nowy,,,,,,,,,,
14769,podkarpackie,przemyski,Bircza,gmina miejsko-wiejska,1813013,2025,nowy,,,,,,,,,,
14770,podkarpackie,przemyski,Dubiecko,gmina wiejska,1813022,2018,nowy,,,,,,,,,,
14771,podkarpackie,przemyski,Dubiecko,gmina wiejska,1813022,2019,nowy,,,,,,,,,,
14772,podkarpackie,przemyski,Dubiecko,gmina wiejska,1813022,2020,nowy,,,,,,,,,,
14773,podkarpackie,przemyski,Dubiecko,gmina miejsko-wiejska,1813023,2021,nowy,,,,,,,,,,
14774,podkarpackie,przemyski,Dubiecko,gmina miejsko-wiejska,1813023,2022,nowy,,,,,,,,,,
14775,podkarpackie,przemyski,Dubiecko,gmina miejsko-wiejska,1813023,2023,nowy,,,,,,,,,,
14776,podkarpackie,przemyski,Dubiecko,gmina miejsko-wiejska,1813023,2024,nowy,,,,,,,,,,
14777,podkarpackie,przemyski,Dubiecko,gmina miejsko-wiejska,1813023,2025,nowy,,,,,,,,,,
14778,podkarpackie,przemyski,Fredropol,gmina wiejska,1813032,2018,nowy,,,,,,,,,,
14779,podkarpackie,przemyski,Fredropol,gmina wiejska,1813032,2019,nowy,,,,,,,,,,
14780,podkarpackie,przemyski,Fredropol,gmina wiejska,1813032,2020,nowy,,,,,,,,,,
14781,podkarpackie,przemyski,Fredropol,gmina wiejska,1813032,2021,nowy,,,,,,,,,,
14782,podkarpackie,przemyski,Fredropol,gmina wiejska,1813032,2022,nowy,,,,,,,,,,
14783,podkarpackie,przemyski,Fredropol,gmina wiejska,1813032,2023,nowy,,,,,,,,,,
14784,podkarpackie,przemyski,Fredropol,gmina wiejska,1813032,2024,nowy,,,,,,,,,,
14785,podkarpackie,przemyski,Fredropol,gmina wiejska,1813032,2025,nowy,,,,,,,,,,
14786,podkarpackie,przemyski,Krasiczyn,gmina wiejska,1813042,2018,nowy,,,,,,,,,,
14787,podkarpackie,przemyski,Krasiczyn,gmina wiejska,1813042,2019,nowy,,,,,,,,,,
14788,podkarpackie,przemyski,Krasiczyn,gmina wiejska,1813042,2020,nowy,,,,,,,,,,
14789,podkarpackie,przemyski,Krasiczyn,gmina wiejska,1813042,2021,nowy,,,,,,,,,,
14790,podkarpackie,przemyski,Krasiczyn,gmina wiejska,1813042,2022,nowy,,,,,,,,,,
14791,podkarpackie,przemyski,Krasiczyn,gmina wiejska,1813042,2023,nowy,,,,,,,,,,
14792,podkarpackie,przemyski,Krasiczyn,gmina wiejska,1813042,2024,nowy,,,,,,,,,,
14793,podkarpackie,przemyski,Krasiczyn,gmina wiejska,1813042,2025,nowy,,,,,,,,,,
14794,podkarpackie,przemyski,Krzywcza,gmina wiejska,1813052,2018,nowy,,,,,,,,,,
14795,podkarpackie,przemyski,Krzywcza,gmina wiejska,1813052,2019,nowy,,,,,,,,,,
14796,podkarpackie,przemyski,Krzywcza,gmina wiejska,1813052,2020,nowy,,,,,,,,,,
14797,podkarpackie,przemyski,Krzywcza,gmina wiejska,1813052,2021,nowy,,,,,,,,,,
14798,podkarpackie,przemyski,Krzywcza,gmina wiejska,1813052,2022,nowy,,,,,,,,,,
14799,podkarpackie,przemyski,Krzywcza,gmina wiejska,1813052,2023,nowy,,,,,,,,,,
14800,podkarpackie,przemyski,Krzywcza,gmina wiejska,1813052,2024,nowy,,,,,,,,,,
14801,podkarpackie,przemyski,Krzywcza,gmina wiejska,1813052,2025,nowy,,,,,,,,,,
14802,podkarpackie,przemyski,Medyka,gmina wiejska,1813062,2018,nowy,,,,,,,,,,
14803,podkarpackie,przemyski,Medyka,gmina wiejska,1813062,2019,nowy,,,,,,,,,,
14804,podkarpackie,przemyski,Medyka,gmina wiejska,1813062,2020,nowy,,,,,,,,,,
14805,podkarpackie,przemyski,Medyka,gmina wiejska,1813062,2021,nowy,,,,,,,,,,
14806,podkarpackie,przemyski,Medyka,gmina wiejska,1813062,2022,nowy,,,,,,,,,,
14807,podkarpackie,przemyski,Medyka,gmina wiejska,1813062,2023,nowy,,,,,,,,,,
14808,podkarpackie,przemyski,Medyka,gmina wiejska,1813062,2024,nowy,,,,,,,,,,
14809,podkarpackie,przemyski,Medyka,gmina wiejska,1813062,2025,nowy,,,,,,,,,,
14810,podkarpackie,przemyski,Orły,gmina wiejska,1813072,2018,nowy,,,,,,,,,,
14811,podkarpackie,przemyski,Orły,gmina wiejska,1813072,2019,nowy,,,,,,,,,,
14812,podkarpackie,przemyski,Orły,gmina wiejska,1813072,2020,nowy,,,,,,,,,,
14813,podkarpackie,przemyski,Orły,gmina wiejska,1813072,2021,nowy,,,,,,,,,,
14814,podkarpackie,przemyski,Orły,gmina wiejska,1813072,2022,nowy,,,,,,,,,,
14815,podkarpackie,przemyski,Orły,gmina wiejska,1813072,2023,nowy,,,,,,,,,,
14816,podkarpackie,przemyski,Orły,gmina wiejska,1813072,2024,nowy,,,,,,,,,,
14817,podkarpackie,przemyski,Orły,gmina wiejska,1813072,2025,nowy,,,,,,,,,,
14818,podkarpackie,przemyski,Przemyśl,gmina wiejska,1813082,2018,nowy,,,,,,,,,,
14819,podkarpackie,przemyski,Przemyśl,gmina wiejska,1813082,2019,nowy,,,,,,,,,,
14820,podkarpackie,przemyski,Przemyśl,gmina wiejska,1813082,2020,nowy,,,,,,,,,,
14821,podkarpackie,przemyski,Przemyśl,gmina wiejska,1813082,2021,nowy,,,,,,,,,,
14822,podkarpackie,przemyski,Przemyśl,gmina wiejska,1813082,2022,nowy,,,,,,,,,,
14823,podkarpackie,przemyski,Przemyśl,gmina wiejska,1813082,2023,nowy,,,,,,,,,,
14824,podkarpackie,przemyski,Przemyśl,gmina wiejska,1813082,2024,nowy,,,,,,,,,,
14825,podkarpackie,przemyski,Przemyśl,gmina wiejska,1813082,2025,nowy,,,,,,,,,,
14826,podkarpackie,przemyski,Stubno,gmina wiejska,1813092,2018,nowy,,,,,,,,,,
14827,podkarpackie,przemyski,Stubno,gmina wiejska,1813092,2019,nowy,,,,,,,,,,
14828,podkarpackie,przemyski,Stubno,gmina wiejska,1813092,2020,nowy,,,,,,,,,,
14829,podkarpackie,przemyski,Stubno,gmina wiejska,1813092,2021,nowy,,,,,,,,,,
14830,podkarpackie,przemyski,Stubno,gmina wiejska,1813092,2022,nowy,,,,,,,,,,
14831,podkarpackie,przemyski,Stubno,gmina wiejska,1813092,2023,nowy,,,,,,,,,,
14832,podkarpackie,przemyski,Stubno,gmina wiejska,1813092,2024,nowy,,,,,,,,,,
14833,podkarpackie,przemyski,Stubno,gmina wiejska,1813092,2025,nowy,,,,,,,,,,
14834,podkarpackie,przemyski,Żurawica,gmina wiejska,1813102,2018,nowy,,,,,,,,,,
14835,podkarpackie,przemyski,Żurawica,gmina wiejska,1813102,2019,nowy,,,,,,,,,,
14836,podkarpackie,przemyski,Żurawica,gmina wiejska,1813102,2020,nowy,,,,,,,,,,
14837,podkarpackie,przemyski,Żurawica,gmina wiejska,1813102,2021,nowy,,,,,,,,,,
14838,podkarpackie,przemyski,Żurawica,gmina wiejska,1813102,2022,nowy,,,,,,,,,,
14839,podkarpackie,przemyski,Żurawica,gmina wiejska,1813102,2023,nowy,,,,,,,,,,
14840,podkarpackie,przemyski,Żurawica,gmina wiejska,1813102,2024,nowy,,,,,,,,,,
14841,podkarpackie,przemyski,Żurawica,gmina wiejska,1813102,2025,nowy,,,,,,,,,,
14842,podkarpackie,przeworski,-,-,1814,2018,nowy,,,,,,,,,,
14843,podkarpackie,przeworski,-,-,1814,2019,nowy,,,,,,,,,,
14844,podkarpackie,przeworski,-,-,1814,2020,nowy,,,,,,,,,,
14845,podkarpackie,przeworski,-,-,1814,2021,nowy,,,,,,,,,,
14846,podkarpackie,przeworski,-,-,1814,2022,nowy,,,,,,,,,,
14847,podkarpackie,przeworski,-,-,1814,2023,nowy,,,,,,,,,,
14848,podkarpackie,przeworski,-,-,1814,2024,nowy,,,,,,,,,,
14849,podkarpackie,przeworski,-,-,1814,2025,nowy,,,,,,,,,,
14850,podkarpackie,przeworski,Przeworsk,gmina miejska,1814011,2018,nowy,,,,,,,,,,
14851,podkarpackie,przeworski,Przeworsk,gmina miejska,1814011,2019,nowy,,,,,,,,,,
14852,podkarpackie,przeworski,Przeworsk,gmina miejska,1814011,2020,nowy,,,,,,,,,,
14853,podkarpackie,przeworski,Przeworsk,gmina miejska,1814011,2021,nowy,,,,,,,,,,
14854,podkarpackie,przeworski,Przeworsk,gmina miejska,1814011,2022,nowy,,,,,,,,,,
14855,podkarpackie,przeworski,Przeworsk,gmina miejska,1814011,2023,nowy,,,,,,,,,,
14856,podkarpackie,przeworski,Przeworsk,gmina miejska,1814011,2024,nowy,,,,,,,,,,
14857,podkarpackie,przeworski,Przeworsk,gmina miejska,1814011,2025,nowy,,,,,,,,,,
14858,podkarpackie,przeworski,Adamówka,gmina wiejska,1814022,2018,nowy,,,,,,,,,,
14859,podkarpackie,przeworski,Adamówka,gmina wiejska,1814022,2019,nowy,,,,,,,,,,
14860,podkarpackie,przeworski,Adamówka,gmina wiejska,1814022,2020,nowy,,,,,,,,,,
14861,podkarpackie,przeworski,Adamówka,gmina wiejska,1814022,2021,nowy,,,,,,,,,,
14862,podkarpackie,przeworski,Adamówka,gmina wiejska,1814022,2022,nowy,,,,,,,,,,
14863,podkarpackie,przeworski,Adamówka,gmina wiejska,1814022,2023,nowy,,,,,,,,,,
14864,podkarpackie,przeworski,Adamówka,gmina wiejska,1814022,2024,nowy,,,,,,,,,,
14865,podkarpackie,przeworski,Adamówka,gmina wiejska,1814022,2025,nowy,,,,,,,,,,
14866,podkarpackie,przeworski,Gać,gmina wiejska,1814032,2018,nowy,,,,,,,,,,
14867,podkarpackie,przeworski,Gać,gmina wiejska,1814032,2019,nowy,,,,,,,,,,
14868,podkarpackie,przeworski,Gać,gmina wiejska,1814032,2020,nowy,,,,,,,,,,
14869,podkarpackie,przeworski,Gać,gmina wiejska,1814032,2021,nowy,,,,,,,,,,
14870,podkarpackie,przeworski,Gać,gmina wiejska,1814032,2022,nowy,,,,,,,,,,
14871,podkarpackie,przeworski,Gać,gmina wiejska,1814032,2023,nowy,,,,,,,,,,
14872,podkarpackie,przeworski,Gać,gmina wiejska,1814032,2024,nowy,,,,,,,,,,
14873,podkarpackie,przeworski,Gać,gmina wiejska,1814032,2025,nowy,,,,,,,,,,
14874,podkarpackie,przeworski,Jawornik Polski,gmina wiejska,1814042,2018,nowy,,,,,,,,,,
14875,podkarpackie,przeworski,Jawornik Polski,gmina wiejska,1814042,2019,nowy,,,,,,,,,,
14876,podkarpackie,przeworski,Jawornik Polski,gmina wiejska,1814042,2020,nowy,,,,,,,,,,
14877,podkarpackie,przeworski,Jawornik Polski,gmina wiejska,1814042,2021,nowy,,,,,,,,,,
14878,podkarpackie,przeworski,Jawornik Polski,gmina wiejska,1814042,2022,nowy,,,,,,,,,,
14879,podkarpackie,przeworski,Jawornik Polski,gmina wiejska,1814042,2023,nowy,,,,,,,,,,
14880,podkarpackie,przeworski,Jawornik Polski,gmina miejsko-wiejska,1814043,2024,nowy,,,,,,,,,,
14881,podkarpackie,przeworski,Jawornik Polski,gmina miejsko-wiejska,1814043,2025,nowy,,,,,,,,,,
14882,podkarpackie,przeworski,Kańczuga,gmina miejsko-wiejska,1814053,2018,nowy,,,,,,,,,,
14883,podkarpackie,przeworski,Kańczuga,gmina miejsko-wiejska,1814053,2019,nowy,,,,,,,,,,
14884,podkarpackie,przeworski,Kańczuga,gmina miejsko-wiejska,1814053,2020,nowy,,,,,,,,,,
14885,podkarpackie,przeworski,Kańczuga,gmina miejsko-wiejska,1814053,2021,nowy,,,,,,,,,,
14886,podkarpackie,przeworski,Kańczuga,gmina miejsko-wiejska,1814053,2022,nowy,,,,,,,,,,
14887,podkarpackie,przeworski,Kańczuga,gmina miejsko-wiejska,1814053,2023,nowy,,,,,,,,,,
14888,podkarpackie,przeworski,Kańczuga,gmina miejsko-wiejska,1814053,2024,nowy,,,,,,,,,,
14889,podkarpackie,przeworski,Kańczuga,gmina miejsko-wiejska,1814053,2025,nowy,,,,,,,,,,
14890,podkarpackie,przeworski,Przeworsk,gmina wiejska,1814062,2018,nowy,,,,,,,,,,
14891,podkarpackie,przeworski,Przeworsk,gmina wiejska,1814062,2019,nowy,,,,,,,,,,
14892,podkarpackie,przeworski,Przeworsk,gmina wiejska,1814062,2020,nowy,,,,,,,,,,
14893,podkarpackie,przeworski,Przeworsk,gmina wiejska,1814062,2021,nowy,,,,,,,,,,
14894,podkarpackie,przeworski,Przeworsk,gmina wiejska,1814062,2022,nowy,,,,,,,,,,
14895,podkarpackie,przeworski,Przeworsk,gmina wiejska,1814062,2023,nowy,,,,,,,,,,
14896,podkarpackie,przeworski,Przeworsk,gmina wiejska,1814062,2024,nowy,,,,,,,,,,
14897,podkarpackie,przeworski,Przeworsk,gmina wiejska,1814062,2025,nowy,,,,,,,,,,
14898,podkarpackie,przeworski,Sieniawa,gmina miejsko-wiejska,1814073,2018,nowy,,,,,,,,,,
14899,podkarpackie,przeworski,Sieniawa,gmina miejsko-wiejska,1814073,2019,nowy,,,,,,,,,,
14900,podkarpackie,przeworski,Sieniawa,gmina miejsko-wiejska,1814073,2020,nowy,,,,,,,,,,
14901,podkarpackie,przeworski,Sieniawa,gmina miejsko-wiejska,1814073,2021,nowy,,,,,,,,,,
14902,podkarpackie,przeworski,Sieniawa,gmina miejsko-wiejska,1814073,2022,nowy,,,,,,,,,,
14903,podkarpackie,przeworski,Sieniawa,gmina miejsko-wiejska,1814073,2023,nowy,,,,,,,,,,
14904,podkarpackie,przeworski,Sieniawa,gmina miejsko-wiejska,1814073,2024,nowy,,,,,,,,,,
14905,podkarpackie,przeworski,Sieniawa,gmina miejsko-wiejska,1814073,2025,nowy,,,,,,,,,,
14906,podkarpackie,przeworski,Tryńcza,gmina wiejska,1814082,2018,nowy,,,,,,,,,,
14907,podkarpackie,przeworski,Tryńcza,gmina wiejska,1814082,2019,nowy,,,,,,,,,,
14908,podkarpackie,przeworski,Tryńcza,gmina wiejska,1814082,2020,nowy,,,,,,,,,,
14909,podkarpackie,przeworski,Tryńcza,gmina wiejska,1814082,2021,nowy,,,,,,,,,,
14910,podkarpackie,przeworski,Tryńcza,gmina wiejska,1814082,2022,nowy,,,,,,,,,,
14911,podkarpackie,przeworski,Tryńcza,gmina wiejska,1814082,2023,nowy,,,,,,,,,,
14912,podkarpackie,przeworski,Tryńcza,gmina wiejska,1814082,2024,nowy,,,,,,,,,,
14913,podkarpackie,przeworski,Tryńcza,gmina wiejska,1814082,2025,nowy,,,,,,,,,,
14914,podkarpackie,przeworski,Zarzecze,gmina wiejska,1814092,2018,nowy,,,,,,,,,,
14915,podkarpackie,przeworski,Zarzecze,gmina wiejska,1814092,2019,nowy,,,,,,,,,,
14916,podkarpackie,przeworski,Zarzecze,gmina wiejska,1814092,2020,nowy,,,,,,,,,,
14917,podkarpackie,przeworski,Zarzecze,gmina wiejska,1814092,2021,nowy,,,,,,,,,,
14918,podkarpackie,przeworski,Zarzecze,gmina wiejska,1814092,2022,nowy,,,,,,,,,,
14919,podkarpackie,przeworski,Zarzecze,gmina wiejska,1814092,2023,nowy,,,,,,,,,,
14920,podkarpackie,przeworski,Zarzecze,gmina wiejska,1814092,2024,nowy,,,,,,,,,,
14921,podkarpackie,przeworski,Zarzecze,gmina wiejska,1814092,2025,nowy,,,,,,,,,,
14922,podkarpackie,ropczycko-sędziszowski,-,-,1815,2018,nowy,,,,,,,,,,
14923,podkarpackie,ropczycko-sędziszowski,-,-,1815,2019,nowy,,,,,,,,,,
14924,podkarpackie,ropczycko-sędziszowski,-,-,1815,2020,nowy,,,,,,,,,,
14925,podkarpackie,ropczycko-sędziszowski,-,-,1815,2021,nowy,,,,,,,,,,
14926,podkarpackie,ropczycko-sędziszowski,-,-,1815,2022,nowy,,,,,,,,,,
14927,podkarpackie,ropczycko-sędziszowski,-,-,1815,2023,nowy,,,,,,,,,,
14928,podkarpackie,ropczycko-sędziszowski,-,-,1815,2024,nowy,,,,,,,,,,
14929,podkarpackie,ropczycko-sędziszowski,-,-,1815,2025,nowy,,,,,,,,,,
14930,podkarpackie,ropczycko-sędziszowski,Iwierzyce,gmina wiejska,1815012,2018,nowy,,,,,,,,,,
14931,podkarpackie,ropczycko-sędziszowski,Iwierzyce,gmina wiejska,1815012,2019,nowy,,,,,,,,,,
14932,podkarpackie,ropczycko-sędziszowski,Iwierzyce,gmina wiejska,1815012,2020,nowy,,,,,,,,,,
14933,podkarpackie,ropczycko-sędziszowski,Iwierzyce,gmina wiejska,1815012,2021,nowy,,,,,,,,,,
14934,podkarpackie,ropczycko-sędziszowski,Iwierzyce,gmina wiejska,1815012,2022,nowy,,,,,,,,,,
14935,podkarpackie,ropczycko-sędziszowski,Iwierzyce,gmina wiejska,1815012,2023,nowy,,,,,,,,,,
14936,podkarpackie,ropczycko-sędziszowski,Iwierzyce,gmina wiejska,1815012,2024,nowy,,,,,,,,,,
14937,podkarpackie,ropczycko-sędziszowski,Iwierzyce,gmina wiejska,1815012,2025,nowy,,,,,,,,,,
14938,podkarpackie,ropczycko-sędziszowski,Ostrów,gmina wiejska,1815022,2018,nowy,,,,,,,,,,
14939,podkarpackie,ropczycko-sędziszowski,Ostrów,gmina wiejska,1815022,2019,nowy,,,,,,,,,,
14940,podkarpackie,ropczycko-sędziszowski,Ostrów,gmina wiejska,1815022,2020,nowy,,,,,,,,,,
14941,podkarpackie,ropczycko-sędziszowski,Ostrów,gmina wiejska,1815022,2021,nowy,,,,,,,,,,
14942,podkarpackie,ropczycko-sędziszowski,Ostrów,gmina wiejska,1815022,2022,nowy,,,,,,,,,,
14943,podkarpackie,ropczycko-sędziszowski,Ostrów,gmina wiejska,1815022,2023,nowy,,,,,,,,,,
14944,podkarpackie,ropczycko-sędziszowski,Ostrów,gmina wiejska,1815022,2024,nowy,,,,,,,,,,
14945,podkarpackie,ropczycko-sędziszowski,Ostrów,gmina wiejska,1815022,2025,nowy,,,,,,,,,,
14946,podkarpackie,ropczycko-sędziszowski,Ropczyce,gmina miejsko-wiejska,1815033,2018,nowy,,,,,,,,,,
14947,podkarpackie,ropczycko-sędziszowski,Ropczyce,gmina miejsko-wiejska,1815033,2019,nowy,,,,,,,,,,
14948,podkarpackie,ropczycko-sędziszowski,Ropczyce,gmina miejsko-wiejska,1815033,2020,nowy,,,,,,,,,,
14949,podkarpackie,ropczycko-sędziszowski,Ropczyce,gmina miejsko-wiejska,1815033,2021,nowy,,,,,,,,,,
14950,podkarpackie,ropczycko-sędziszowski,Ropczyce,gmina miejsko-wiejska,1815033,2022,nowy,,,,,,,,,,
14951,podkarpackie,ropczycko-sędziszowski,Ropczyce,gmina miejsko-wiejska,1815033,2023,nowy,,,,,,,,,,
14952,podkarpackie,ropczycko-sędziszowski,Ropczyce,gmina miejsko-wiejska,1815033,2024,nowy,,,,,,,,,,
14953,podkarpackie,ropczycko-sędziszowski,Ropczyce,gmina miejsko-wiejska,1815033,2025,nowy,,,,,,,,,,
14954,podkarpackie,ropczycko-sędziszowski,Sędziszów Małopolski,gmina miejsko-wiejska,1815043,2018,nowy,,,,,,,,,,
14955,podkarpackie,ropczycko-sędziszowski,Sędziszów Małopolski,gmina miejsko-wiejska,1815043,2019,nowy,,,,,,,,,,
14956,podkarpackie,ropczycko-sędziszowski,Sędziszów Małopolski,gmina miejsko-wiejska,1815043,2020,nowy,,,,,,,,,,
14957,podkarpackie,ropczycko-sędziszowski,Sędziszów Małopolski,gmina miejsko-wiejska,1815043,2021,nowy,,,,,,,,,,
14958,podkarpackie,ropczycko-sędziszowski,Sędziszów Małopolski,gmina miejsko-wiejska,1815043,2022,nowy,,,,,,,,,,
14959,podkarpackie,ropczycko-sędziszowski,Sędziszów Małopolski,gmina miejsko-wiejska,1815043,2023,nowy,,,,,,,,,,
14960,podkarpackie,ropczycko-sędziszowski,Sędziszów Małopolski,gmina miejsko-wiejska,1815043,2024,nowy,,,,,,,,,,
14961,podkarpackie,ropczycko-sędziszowski,Sędziszów Małopolski,gmina miejsko-wiejska,1815043,2025,nowy,,,,,,,,,,
14962,podkarpackie,ropczycko-sędziszowski,Wielopole Skrzyńskie,gmina wiejska,1815052,2018,nowy,,,,,,,,,,
14963,podkarpackie,ropczycko-sędziszowski,Wielopole Skrzyńskie,gmina wiejska,1815052,2019,nowy,,,,,,,,,,
14964,podkarpackie,ropczycko-sędziszowski,Wielopole Skrzyńskie,gmina wiejska,1815052,2020,nowy,,,,,,,,,,
14965,podkarpackie,ropczycko-sędziszowski,Wielopole Skrzyńskie,gmina wiejska,1815052,2021,nowy,,,,,,,,,,
14966,podkarpackie,ropczycko-sędziszowski,Wielopole Skrzyńskie,gmina wiejska,1815052,2022,nowy,,,,,,,,,,
14967,podkarpackie,ropczycko-sędziszowski,Wielopole Skrzyńskie,gmina wiejska,1815052,2023,nowy,,,,,,,,,,
14968,podkarpackie,ropczycko-sędziszowski,Wielopole Skrzyńskie,gmina wiejska,1815052,2024,nowy,,,,,,,,,,
14969,podkarpackie,ropczycko-sędziszowski,Wielopole Skrzyńskie,gmina wiejska,1815052,2025,nowy,,,,,,,,,,
14970,podkarpackie,rzeszowski,-,-,1816,2018,nowy,,,,,,,,,,
14971,podkarpackie,rzeszowski,-,-,1816,2019,nowy,,,,,,,,,,
14972,podkarpackie,rzeszowski,-,-,1816,2020,nowy,,,,,,,,,,
14973,podkarpackie,rzeszowski,-,-,1816,2021,nowy,,,,,,,,,,
14974,podkarpackie,rzeszowski,-,-,1816,2022,nowy,,,,,,,,,,
14975,podkarpackie,rzeszowski,-,-,1816,2023,nowy,,,,,,,,,,
14976,podkarpackie,rzeszowski,-,-,1816,2024,nowy,,,,,,,,,,
14977,podkarpackie,rzeszowski,-,-,1816,2025,nowy,,,,,,,,,,
14978,podkarpackie,rzeszowski,Dynów,gmina miejska,1816011,2018,nowy,,,,,,,,,,
14979,podkarpackie,rzeszowski,Dynów,gmina miejska,1816011,2019,nowy,,,,,,,,,,
14980,podkarpackie,rzeszowski,Dynów,gmina miejska,1816011,2020,nowy,,,,,,,,,,
14981,podkarpackie,rzeszowski,Dynów,gmina miejska,1816011,2021,nowy,,,,,,,,,,
14982,podkarpackie,rzeszowski,Dynów,gmina miejska,1816011,2022,nowy,,,,,,,,,,
14983,podkarpackie,rzeszowski,Dynów,gmina miejska,1816011,2023,nowy,,,,,,,,,,
14984,podkarpackie,rzeszowski,Dynów,gmina miejska,1816011,2024,nowy,,,,,,,,,,
14985,podkarpackie,rzeszowski,Dynów,gmina miejska,1816011,2025,nowy,,,,,,,,,,
14986,podkarpackie,rzeszowski,Błażowa,gmina miejsko-wiejska,1816023,2018,nowy,,,,,,,,,,
14987,podkarpackie,rzeszowski,Błażowa,gmina miejsko-wiejska,1816023,2019,nowy,,,,,,,,,,
14988,podkarpackie,rzeszowski,Błażowa,gmina miejsko-wiejska,1816023,2020,nowy,,,,,,,,,,
14989,podkarpackie,rzeszowski,Błażowa,gmina miejsko-wiejska,1816023,2021,nowy,,,,,,,,,,
14990,podkarpackie,rzeszowski,Błażowa,gmina miejsko-wiejska,1816023,2022,nowy,,,,,,,,,,
14991,podkarpackie,rzeszowski,Błażowa,gmina miejsko-wiejska,1816023,2023,nowy,,,,,,,,,,
14992,podkarpackie,rzeszowski,Błażowa,gmina miejsko-wiejska,1816023,2024,nowy,,,,,,,,,,
14993,podkarpackie,rzeszowski,Błażowa,gmina miejsko-wiejska,1816023,2025,nowy,,,,,,,,,,
14994,podkarpackie,rzeszowski,Boguchwała,gmina miejsko-wiejska,1816033,2018,nowy,,,,,,,,,,
14995,podkarpackie,rzeszowski,Boguchwała,gmina miejsko-wiejska,1816033,2019,nowy,,,,,,,,,,
14996,podkarpackie,rzeszowski,Boguchwała,gmina miejsko-wiejska,1816033,2020,nowy,,,,,,,,,,
14997,podkarpackie,rzeszowski,Boguchwała,gmina miejsko-wiejska,1816033,2021,nowy,,,,,,,,,,
14998,podkarpackie,rzeszowski,Boguchwała,gmina miejsko-wiejska,1816033,2022,nowy,,,,,,,,,,
14999,podkarpackie,rzeszowski,Boguchwała,gmina miejsko-wiejska,1816033,2023,nowy,,,,,,,,,,
15000,podkarpackie,rzeszowski,Boguchwała,gmina miejsko-wiejska,1816033,2024,nowy,,,,,,,,,,
15001,podkarpackie,rzeszowski,Boguchwała,gmina miejsko-wiejska,1816033,2025,nowy,,,,,,,,,,
15002,podkarpackie,rzeszowski,Chmielnik,gmina wiejska,1816042,2018,nowy,,,,,,,,,,
15003,podkarpackie,rzeszowski,Chmielnik,gmina wiejska,1816042,2019,nowy,,,,,,,,,,
15004,podkarpackie,rzeszowski,Chmielnik,gmina wiejska,1816042,2020,nowy,,,,,,,,,,
15005,podkarpackie,rzeszowski,Chmielnik,gmina wiejska,1816042,2021,nowy,,,,,,,,,,
15006,podkarpackie,rzeszowski,Chmielnik,gmina wiejska,1816042,2022,nowy,,,,,,,,,,
15007,podkarpackie,rzeszowski,Chmielnik,gmina wiejska,1816042,2023,nowy,,,,,,,,,,
15008,podkarpackie,rzeszowski,Chmielnik,gmina wiejska,1816042,2024,nowy,,,,,,,,,,
15009,podkarpackie,rzeszowski,Chmielnik,gmina wiejska,1816042,2025,nowy,,,,,,,,,,
15010,podkarpackie,rzeszowski,Dynów,gmina wiejska,1816052,2018,nowy,,,,,,,,,,
15011,podkarpackie,rzeszowski,Dynów,gmina wiejska,1816052,2019,nowy,,,,,,,,,,
15012,podkarpackie,rzeszowski,Dynów,gmina wiejska,1816052,2020,nowy,,,,,,,,,,
15013,podkarpackie,rzeszowski,Dynów,gmina wiejska,1816052,2021,nowy,,,,,,,,,,
15014,podkarpackie,rzeszowski,Dynów,gmina wiejska,1816052,2022,nowy,,,,,,,,,,
15015,podkarpackie,rzeszowski,Dynów,gmina wiejska,1816052,2023,nowy,,,,,,,,,,
15016,podkarpackie,rzeszowski,Dynów,gmina wiejska,1816052,2024,nowy,,,,,,,,,,
15017,podkarpackie,rzeszowski,Dynów,gmina wiejska,1816052,2025,nowy,,,,,,,,,,
15018,podkarpackie,rzeszowski,Głogów Małopolski,gmina miejsko-wiejska,1816063,2018,nowy,,,,,,,,,,
15019,podkarpackie,rzeszowski,Głogów Małopolski,gmina miejsko-wiejska,1816063,2019,nowy,,,,,,,,,,
15020,podkarpackie,rzeszowski,Głogów Małopolski,gmina miejsko-wiejska,1816063,2020,nowy,,,,,,,,,,
15021,podkarpackie,rzeszowski,Głogów Małopolski,gmina miejsko-wiejska,1816063,2021,nowy,,,,,,,,,,
15022,podkarpackie,rzeszowski,Głogów Małopolski,gmina miejsko-wiejska,1816063,2022,nowy,,,,,,,,,,
15023,podkarpackie,rzeszowski,Głogów Małopolski,gmina miejsko-wiejska,1816063,2023,nowy,,,,,,,,,,
15024,podkarpackie,rzeszowski,Głogów Małopolski,gmina miejsko-wiejska,1816063,2024,nowy,,,,,,,,,,
15025,podkarpackie,rzeszowski,Głogów Małopolski,gmina miejsko-wiejska,1816063,2025,nowy,,,,,,,,,,
15026,podkarpackie,rzeszowski,Hyżne,gmina wiejska,1816072,2018,nowy,,,,,,,,,,
15027,podkarpackie,rzeszowski,Hyżne,gmina wiejska,1816072,2019,nowy,,,,,,,,,,
15028,podkarpackie,rzeszowski,Hyżne,gmina wiejska,1816072,2020,nowy,,,,,,,,,,
15029,podkarpackie,rzeszowski,Hyżne,gmina wiejska,1816072,2021,nowy,,,,,,,,,,
15030,podkarpackie,rzeszowski,Hyżne,gmina wiejska,1816072,2022,nowy,,,,,,,,,,
15031,podkarpackie,rzeszowski,Hyżne,gmina wiejska,1816072,2023,nowy,,,,,,,,,,
15032,podkarpackie,rzeszowski,Hyżne,gmina wiejska,1816072,2024,nowy,,,,,,,,,,
15033,podkarpackie,rzeszowski,Hyżne,gmina wiejska,1816072,2025,nowy,,,,,,,,,,
15034,podkarpackie,rzeszowski,Kamień,gmina wiejska,1816082,2018,nowy,,,,,,,,,,
15035,podkarpackie,rzeszowski,Kamień,gmina wiejska,1816082,2019,nowy,,,,,,,,,,
15036,podkarpackie,rzeszowski,Kamień,gmina wiejska,1816082,2020,nowy,,,,,,,,,,
15037,podkarpackie,rzeszowski,Kamień,gmina wiejska,1816082,2021,nowy,,,,,,,,,,
15038,podkarpackie,rzeszowski,Kamień,gmina wiejska,1816082,2022,nowy,,,,,,,,,,
15039,podkarpackie,rzeszowski,Kamień,gmina wiejska,1816082,2023,nowy,,,,,,,,,,
15040,podkarpackie,rzeszowski,Kamień,gmina wiejska,1816082,2024,nowy,,,,,,,,,,
15041,podkarpackie,rzeszowski,Kamień,gmina wiejska,1816082,2025,nowy,,,,,,,,,,
15042,podkarpackie,rzeszowski,Krasne,gmina wiejska,1816092,2018,nowy,,,,,,,,,,
15043,podkarpackie,rzeszowski,Krasne,gmina wiejska,1816092,2019,nowy,,,,,,,,,,
15044,podkarpackie,rzeszowski,Krasne,gmina wiejska,1816092,2020,nowy,,,,,,,,,,
15045,podkarpackie,rzeszowski,Krasne,gmina wiejska,1816092,2021,nowy,,,,,,,,,,
15046,podkarpackie,rzeszowski,Krasne,gmina wiejska,1816092,2022,nowy,,,,,,,,,,
15047,podkarpackie,rzeszowski,Krasne,gmina wiejska,1816092,2023,nowy,,,,,,,,,,
15048,podkarpackie,rzeszowski,Krasne,gmina wiejska,1816092,2024,nowy,,,,,,,,,,
15049,podkarpackie,rzeszowski,Krasne,gmina wiejska,1816092,2025,nowy,,,,,,,,,,
15050,podkarpackie,rzeszowski,Lubenia,gmina wiejska,1816102,2018,nowy,,,,,,,,,,
15051,podkarpackie,rzeszowski,Lubenia,gmina wiejska,1816102,2019,nowy,,,,,,,,,,
15052,podkarpackie,rzeszowski,Lubenia,gmina wiejska,1816102,2020,nowy,,,,,,,,,,
15053,podkarpackie,rzeszowski,Lubenia,gmina wiejska,1816102,2021,nowy,,,,,,,,,,
15054,podkarpackie,rzeszowski,Lubenia,gmina wiejska,1816102,2022,nowy,,,,,,,,,,
15055,podkarpackie,rzeszowski,Lubenia,gmina wiejska,1816102,2023,nowy,,,,,,,,,,
15056,podkarpackie,rzeszowski,Lubenia,gmina wiejska,1816102,2024,nowy,,,,,,,,,,
15057,podkarpackie,rzeszowski,Lubenia,gmina wiejska,1816102,2025,nowy,,,,,,,,,,
15058,podkarpackie,rzeszowski,Sokołów Małopolski,gmina miejsko-wiejska,1816113,2018,nowy,,,,,,,,,,
15059,podkarpackie,rzeszowski,Sokołów Małopolski,gmina miejsko-wiejska,1816113,2019,nowy,,,,,,,,,,
15060,podkarpackie,rzeszowski,Sokołów Małopolski,gmina miejsko-wiejska,1816113,2020,nowy,,,,,,,,,,
15061,podkarpackie,rzeszowski,Sokołów Małopolski,gmina miejsko-wiejska,1816113,2021,nowy,,,,,,,,,,
15062,podkarpackie,rzeszowski,Sokołów Małopolski,gmina miejsko-wiejska,1816113,2022,nowy,,,,,,,,,,
15063,podkarpackie,rzeszowski,Sokołów Małopolski,gmina miejsko-wiejska,1816113,2023,nowy,,,,,,,,,,
15064,podkarpackie,rzeszowski,Sokołów Małopolski,gmina miejsko-wiejska,1816113,2024,nowy,,,,,,,,,,
15065,podkarpackie,rzeszowski,Sokołów Małopolski,gmina miejsko-wiejska,1816113,2025,nowy,,,,,,,,,,
15066,podkarpackie,rzeszowski,Świlcza,gmina wiejska,1816122,2018,nowy,,,,,,,,,,
15067,podkarpackie,rzeszowski,Świlcza,gmina wiejska,1816122,2019,nowy,,,,,,,,,,
15068,podkarpackie,rzeszowski,Świlcza,gmina wiejska,1816122,2020,nowy,,,,,,,,,,
15069,podkarpackie,rzeszowski,Świlcza,gmina wiejska,1816122,2021,nowy,,,,,,,,,,
15070,podkarpackie,rzeszowski,Świlcza,gmina wiejska,1816122,2022,nowy,,,,,,,,,,
15071,podkarpackie,rzeszowski,Świlcza,gmina wiejska,1816122,2023,nowy,,,,,,,,,,
15072,podkarpackie,rzeszowski,Świlcza,gmina wiejska,1816122,2024,nowy,,,,,,,,,,
15073,podkarpackie,rzeszowski,Świlcza,gmina wiejska,1816122,2025,nowy,,,,,,,,,,
15074,podkarpackie,rzeszowski,Trzebownisko,gmina wiejska,1816132,2018,nowy,,,,,,,,,,
15075,podkarpackie,rzeszowski,Trzebownisko,gmina wiejska,1816132,2019,nowy,,,,,,,,,,
15076,podkarpackie,rzeszowski,Trzebownisko,gmina wiejska,1816132,2020,nowy,,,,,,,,,,
15077,podkarpackie,rzeszowski,Trzebownisko,gmina wiejska,1816132,2021,nowy,,,,,,,,,,
15078,podkarpackie,rzeszowski,Trzebownisko,gmina wiejska,1816132,2022,nowy,,,,,,,,,,
15079,podkarpackie,rzeszowski,Trzebownisko,gmina wiejska,1816132,2023,nowy,,,,,,,,,,
15080,podkarpackie,rzeszowski,Trzebownisko,gmina wiejska,1816132,2024,nowy,,,,,,,,,,
15081,podkarpackie,rzeszowski,Trzebownisko,gmina wiejska,1816132,2025,nowy,,,,,,,,,,
15082,podkarpackie,rzeszowski,Tyczyn,gmina miejsko-wiejska,1816143,2018,nowy,,,,,,,,,,
15083,podkarpackie,rzeszowski,Tyczyn,gmina miejsko-wiejska,1816143,2019,nowy,,,,,,,,,,
15084,podkarpackie,rzeszowski,Tyczyn,gmina miejsko-wiejska,1816143,2020,nowy,,,,,,,,,,
15085,podkarpackie,rzeszowski,Tyczyn,gmina miejsko-wiejska,1816143,2021,nowy,,,,,,,,,,
15086,podkarpackie,rzeszowski,Tyczyn,gmina miejsko-wiejska,1816143,2022,nowy,,,,,,,,,,
15087,podkarpackie,rzeszowski,Tyczyn,gmina miejsko-wiejska,1816143,2023,nowy,,,,,,,,,,
15088,podkarpackie,rzeszowski,Tyczyn,gmina miejsko-wiejska,1816143,2024,nowy,,,,,,,,,,
15089,podkarpackie,rzeszowski,Tyczyn,gmina miejsko-wiejska,1816143,2025,nowy,,,,,,,,,,
15090,podkarpackie,sanocki,-,-,1817,2018,nowy,,,,,,,,,,
15091,podkarpackie,sanocki,-,-,1817,2019,nowy,,,,,,,,,,
15092,podkarpackie,sanocki,-,-,1817,2020,nowy,,,,,,,,,,
15093,podkarpackie,sanocki,-,-,1817,2021,nowy,,,,,,,,,,
15094,podkarpackie,sanocki,-,-,1817,2022,nowy,,,,,,,,,,
15095,podkarpackie,sanocki,-,-,1817,2023,nowy,,,,,,,,,,
15096,podkarpackie,sanocki,-,-,1817,2024,nowy,,,,,,,,,,
15097,podkarpackie,sanocki,-,-,1817,2025,nowy,,,,,,,,,,
15098,podkarpackie,sanocki,Sanok,gmina miejska,1817011,2018,nowy,,,,,,,,,,
15099,podkarpackie,sanocki,Sanok,gmina miejska,1817011,2019,nowy,,,,,,,,,,
15100,podkarpackie,sanocki,Sanok,gmina miejska,1817011,2020,nowy,,,,,,,,,,
15101,podkarpackie,sanocki,Sanok,gmina miejska,1817011,2021,nowy,,,,,,,,,,
15102,podkarpackie,sanocki,Sanok,gmina miejska,1817011,2022,nowy,,,,,,,,,,
15103,podkarpackie,sanocki,Sanok,gmina miejska,1817011,2023,nowy,,,,,,,,,,
15104,podkarpackie,sanocki,Sanok,gmina miejska,1817011,2024,nowy,,,,,,,,,,
15105,podkarpackie,sanocki,Sanok,gmina miejska,1817011,2025,nowy,,,,,,,,,,
15106,podkarpackie,sanocki,Besko,gmina wiejska,1817022,2018,nowy,,,,,,,,,,
15107,podkarpackie,sanocki,Besko,gmina wiejska,1817022,2019,nowy,,,,,,,,,,
15108,podkarpackie,sanocki,Besko,gmina wiejska,1817022,2020,nowy,,,,,,,,,,
15109,podkarpackie,sanocki,Besko,gmina wiejska,1817022,2021,nowy,,,,,,,,,,
15110,podkarpackie,sanocki,Besko,gmina wiejska,1817022,2022,nowy,,,,,,,,,,
15111,podkarpackie,sanocki,Besko,gmina wiejska,1817022,2023,nowy,,,,,,,,,,
15112,podkarpackie,sanocki,Besko,gmina wiejska,1817022,2024,nowy,,,,,,,,,,
15113,podkarpackie,sanocki,Besko,gmina wiejska,1817022,2025,nowy,,,,,,,,,,
15114,podkarpackie,sanocki,Bukowsko,gmina wiejska,1817032,2018,nowy,,,,,,,,,,
15115,podkarpackie,sanocki,Bukowsko,gmina wiejska,1817032,2019,nowy,,,,,,,,,,
15116,podkarpackie,sanocki,Bukowsko,gmina wiejska,1817032,2020,nowy,,,,,,,,,,
15117,podkarpackie,sanocki,Bukowsko,gmina wiejska,1817032,2021,nowy,,,,,,,,,,
15118,podkarpackie,sanocki,Bukowsko,gmina wiejska,1817032,2022,nowy,,,,,,,,,,
15119,podkarpackie,sanocki,Bukowsko,gmina wiejska,1817032,2023,nowy,,,,,,,,,,
15120,podkarpackie,sanocki,Bukowsko,gmina wiejska,1817032,2024,nowy,,,,,,,,,,
15121,podkarpackie,sanocki,Bukowsko,gmina wiejska,1817032,2025,nowy,,,,,,,,,,
15122,podkarpackie,sanocki,Komańcza,gmina wiejska,1817042,2018,nowy,,,,,,,,,,
15123,podkarpackie,sanocki,Komańcza,gmina wiejska,1817042,2019,nowy,,,,,,,,,,
15124,podkarpackie,sanocki,Komańcza,gmina wiejska,1817042,2020,nowy,,,,,,,,,,
15125,podkarpackie,sanocki,Komańcza,gmina wiejska,1817042,2021,nowy,,,,,,,,,,
15126,podkarpackie,sanocki,Komańcza,gmina wiejska,1817042,2022,nowy,,,,,,,,,,
15127,podkarpackie,sanocki,Komańcza,gmina wiejska,1817042,2023,nowy,,,,,,,,,,
15128,podkarpackie,sanocki,Komańcza,gmina wiejska,1817042,2024,nowy,,,,,,,,,,
15129,podkarpackie,sanocki,Komańcza,gmina wiejska,1817042,2025,nowy,,,,,,,,,,
15130,podkarpackie,sanocki,Sanok,gmina wiejska,1817052,2018,nowy,,,,,,,,,,
15131,podkarpackie,sanocki,Sanok,gmina wiejska,1817052,2019,nowy,,,,,,,,,,
15132,podkarpackie,sanocki,Sanok,gmina wiejska,1817052,2020,nowy,,,,,,,,,,
15133,podkarpackie,sanocki,Sanok,gmina wiejska,1817052,2021,nowy,,,,,,,,,,
15134,podkarpackie,sanocki,Sanok,gmina wiejska,1817052,2022,nowy,,,,,,,,,,
15135,podkarpackie,sanocki,Sanok,gmina wiejska,1817052,2023,nowy,,,,,,,,,,
15136,podkarpackie,sanocki,Sanok,gmina wiejska,1817052,2024,nowy,,,,,,,,,,
15137,podkarpackie,sanocki,Sanok,gmina wiejska,1817052,2025,nowy,,,,,,,,,,
15138,podkarpackie,sanocki,Tyrawa Wołoska,gmina wiejska,1817062,2018,nowy,,,,,,,,,,
15139,podkarpackie,sanocki,Tyrawa Wołoska,gmina wiejska,1817062,2019,nowy,,,,,,,,,,
15140,podkarpackie,sanocki,Tyrawa Wołoska,gmina wiejska,1817062,2020,nowy,,,,,,,,,,
15141,podkarpackie,sanocki,Tyrawa Wołoska,gmina wiejska,1817062,2021,nowy,,,,,,,,,,
15142,podkarpackie,sanocki,Tyrawa Wołoska,gmina wiejska,1817062,2022,nowy,,,,,,,,,,
15143,podkarpackie,sanocki,Tyrawa Wołoska,gmina wiejska,1817062,2023,nowy,,,,,,,,,,
15144,podkarpackie,sanocki,Tyrawa Wołoska,gmina wiejska,1817062,2024,nowy,,,,,,,,,,
15145,podkarpackie,sanocki,Tyrawa Wołoska,gmina wiejska,1817062,2025,nowy,,,,,,,,,,
15146,podkarpackie,sanocki,Zagórz,gmina miejsko-wiejska,1817073,2018,nowy,,,,,,,,,,
15147,podkarpackie,sanocki,Zagórz,gmina miejsko-wiejska,1817073,2019,nowy,,,,,,,,,,
15148,podkarpackie,sanocki,Zagórz,gmina miejsko-wiejska,1817073,2020,nowy,,,,,,,,,,
15149,podkarpackie,sanocki,Zagórz,gmina miejsko-wiejska,1817073,2021,nowy,,,,,,,,,,
15150,podkarpackie,sanocki,Zagórz,gmina miejsko-wiejska,1817073,2022,nowy,,,,,,,,,,
15151,podkarpackie,sanocki,Zagórz,gmina miejsko-wiejska,1817073,2023,nowy,,,,,,,,,,
15152,podkarpackie,sanocki,Zagórz,gmina miejsko-wiejska,1817073,2024,nowy,,,,,,,,,,
15153,podkarpackie,sanocki,Zagórz,gmina miejsko-wiejska,1817073,2025,nowy,,,,,,,,,,
15154,podkarpackie,sanocki,Zarszyn,gmina wiejska,1817082,2018,nowy,,,,,,,,,,
15155,podkarpackie,sanocki,Zarszyn,gmina wiejska,1817082,2019,nowy,,,,,,,,,,
15156,podkarpackie,sanocki,Zarszyn,gmina wiejska,1817082,2020,nowy,,,,,,,,,,
15157,podkarpackie,sanocki,Zarszyn,gmina wiejska,1817082,2021,nowy,,,,,,,,,,
15158,podkarpackie,sanocki,Zarszyn,gmina wiejska,1817082,2022,nowy,,,,,,,,,,
15159,podkarpackie,sanocki,Zarszyn,gmina wiejska,1817082,2023,nowy,,,,,,,,,,
15160,podkarpackie,sanocki,Zarszyn,gmina wiejska,1817082,2024,nowy,,,,,,,,,,
15161,podkarpackie,sanocki,Zarszyn,gmina wiejska,1817082,2025,nowy,,,,,,,,,,
15162,podkarpackie,stalowowolski,-,-,1818,2018,nowy,,,,,,,,,,
15163,podkarpackie,stalowowolski,-,-,1818,2019,nowy,,,,,,,,,,
15164,podkarpackie,stalowowolski,-,-,1818,2020,nowy,,,,,,,,,,
15165,podkarpackie,stalowowolski,-,-,1818,2021,nowy,,,,,,,,,,
15166,podkarpackie,stalowowolski,-,-,1818,2022,nowy,,,,,,,,,,
15167,podkarpackie,stalowowolski,-,-,1818,2023,nowy,,,,,,,,,,
15168,podkarpackie,stalowowolski,-,-,1818,2024,nowy,,,,,,,,,,
15169,podkarpackie,stalowowolski,-,-,1818,2025,nowy,,,,,,,,,,
15170,podkarpackie,stalowowolski,Stalowa Wola,gmina miejska,1818011,2018,nowy,,,,,,,,,,
15171,podkarpackie,stalowowolski,Stalowa Wola,gmina miejska,1818011,2019,nowy,,,,,,,,,,
15172,podkarpackie,stalowowolski,Stalowa Wola,gmina miejska,1818011,2020,nowy,,,,,,,,,,
15173,podkarpackie,stalowowolski,Stalowa Wola,gmina miejska,1818011,2021,nowy,,,,,,,,,,
15174,podkarpackie,stalowowolski,Stalowa Wola,gmina miejska,1818011,2022,nowy,,,,,,,,,,
15175,podkarpackie,stalowowolski,Stalowa Wola,gmina miejska,1818011,2023,nowy,,,,,,,,,,
15176,podkarpackie,stalowowolski,Stalowa Wola,gmina miejska,1818011,2024,nowy,,,,,,,,,,
15177,podkarpackie,stalowowolski,Stalowa Wola,gmina miejska,1818011,2025,nowy,,,,,,,,,,
15178,podkarpackie,stalowowolski,Bojanów,gmina wiejska,1818022,2018,nowy,,,,,,,,,,
15179,podkarpackie,stalowowolski,Bojanów,gmina wiejska,1818022,2019,nowy,,,,,,,,,,
15180,podkarpackie,stalowowolski,Bojanów,gmina wiejska,1818022,2020,nowy,,,,,,,,,,
15181,podkarpackie,stalowowolski,Bojanów,gmina wiejska,1818022,2021,nowy,,,,,,,,,,
15182,podkarpackie,stalowowolski,Bojanów,gmina wiejska,1818022,2022,nowy,,,,,,,,,,
15183,podkarpackie,stalowowolski,Bojanów,gmina wiejska,1818022,2023,nowy,,,,,,,,,,
15184,podkarpackie,stalowowolski,Bojanów,gmina wiejska,1818022,2024,nowy,,,,,,,,,,
15185,podkarpackie,stalowowolski,Bojanów,gmina wiejska,1818022,2025,nowy,,,,,,,,,,
15186,podkarpackie,stalowowolski,Pysznica,gmina wiejska,1818032,2018,nowy,,,,,,,,,,
15187,podkarpackie,stalowowolski,Pysznica,gmina wiejska,1818032,2019,nowy,,,,,,,,,,
15188,podkarpackie,stalowowolski,Pysznica,gmina wiejska,1818032,2020,nowy,,,,,,,,,,
15189,podkarpackie,stalowowolski,Pysznica,gmina wiejska,1818032,2021,nowy,,,,,,,,,,
15190,podkarpackie,stalowowolski,Pysznica,gmina wiejska,1818032,2022,nowy,,,,,,,,,,
15191,podkarpackie,stalowowolski,Pysznica,gmina wiejska,1818032,2023,nowy,,,,,,,,,,
15192,podkarpackie,stalowowolski,Pysznica,gmina wiejska,1818032,2024,nowy,,,,,,,,,,
15193,podkarpackie,stalowowolski,Pysznica,gmina wiejska,1818032,2025,nowy,,,,,,,,,,
15194,podkarpackie,stalowowolski,Radomyśl nad Sanem,gmina wiejska,1818042,2018,nowy,,,,,,,,,,
15195,podkarpackie,stalowowolski,Radomyśl nad Sanem,gmina wiejska,1818042,2019,nowy,,,,,,,,,,
15196,podkarpackie,stalowowolski,Radomyśl nad Sanem,gmina wiejska,1818042,2020,nowy,,,,,,,,,,
15197,podkarpackie,stalowowolski,Radomyśl nad Sanem,gmina wiejska,1818042,2021,nowy,,,,,,,,,,
15198,podkarpackie,stalowowolski,Radomyśl nad Sanem,gmina wiejska,1818042,2022,nowy,,,,,,,,,,
15199,podkarpackie,stalowowolski,Radomyśl nad Sanem,gmina wiejska,1818042,2023,nowy,,,,,,,,,,
15200,podkarpackie,stalowowolski,Radomyśl nad Sanem,gmina wiejska,1818042,2024,nowy,,,,,,,,,,
15201,podkarpackie,stalowowolski,Radomyśl nad Sanem,gmina wiejska,1818042,2025,nowy,,,,,,,,,,
15202,podkarpackie,stalowowolski,Zaklików,gmina miejsko-wiejska,1818053,2018,nowy,,,,,,,,,,
15203,podkarpackie,stalowowolski,Zaklików,gmina miejsko-wiejska,1818053,2019,nowy,,,,,,,,,,
15204,podkarpackie,stalowowolski,Zaklików,gmina miejsko-wiejska,1818053,2020,nowy,,,,,,,,,,
15205,podkarpackie,stalowowolski,Zaklików,gmina miejsko-wiejska,1818053,2021,nowy,,,,,,,,,,
15206,podkarpackie,stalowowolski,Zaklików,gmina miejsko-wiejska,1818053,2022,nowy,,,,,,,,,,
15207,podkarpackie,stalowowolski,Zaklików,gmina miejsko-wiejska,1818053,2023,nowy,,,,,,,,,,
15208,podkarpackie,stalowowolski,Zaklików,gmina miejsko-wiejska,1818053,2024,nowy,,,,,,,,,,
15209,podkarpackie,stalowowolski,Zaklików,gmina miejsko-wiejska,1818053,2025,nowy,,,,,,,,,,
15210,podkarpackie,stalowowolski,Zaleszany,gmina wiejska,1818062,2018,nowy,,,,,,,,,,
15211,podkarpackie,stalowowolski,Zaleszany,gmina wiejska,1818062,2019,nowy,,,,,,,,,,
15212,podkarpackie,stalowowolski,Zaleszany,gmina wiejska,1818062,2020,nowy,,,,,,,,,,
15213,podkarpackie,stalowowolski,Zaleszany,gmina wiejska,1818062,2021,nowy,,,,,,,,,,
15214,podkarpackie,stalowowolski,Zaleszany,gmina wiejska,1818062,2022,nowy,,,,,,,,,,
15215,podkarpackie,stalowowolski,Zaleszany,gmina wiejska,1818062,2023,nowy,,,,,,,,,,
15216,podkarpackie,stalowowolski,Zaleszany,gmina wiejska,1818062,2024,nowy,,,,,,,,,,
15217,podkarpackie,stalowowolski,Zaleszany,gmina wiejska,1818062,2025,nowy,,,,,,,,,,
15218,podkarpackie,strzyżowski,-,-,1819,2018,nowy,,,,,,,,,,
15219,podkarpackie,strzyżowski,-,-,1819,2019,nowy,,,,,,,,,,
15220,podkarpackie,strzyżowski,-,-,1819,2020,nowy,,,,,,,,,,
15221,podkarpackie,strzyżowski,-,-,1819,2021,nowy,,,,,,,,,,
15222,podkarpackie,strzyżowski,-,-,1819,2022,nowy,,,,,,,,,,
15223,podkarpackie,strzyżowski,-,-,1819,2023,nowy,,,,,,,,,,
15224,podkarpackie,strzyżowski,-,-,1819,2024,nowy,,,,,,,,,,
15225,podkarpackie,strzyżowski,-,-,1819,2025,nowy,,,,,,,,,,
15226,podkarpackie,strzyżowski,Czudec,gmina wiejska,1819012,2018,nowy,,,,,,,,,,
15227,podkarpackie,strzyżowski,Czudec,gmina wiejska,1819012,2019,nowy,,,,,,,,,,
15228,podkarpackie,strzyżowski,Czudec,gmina wiejska,1819012,2020,nowy,,,,,,,,,,
15229,podkarpackie,strzyżowski,Czudec,gmina wiejska,1819012,2021,nowy,,,,,,,,,,
15230,podkarpackie,strzyżowski,Czudec,gmina wiejska,1819012,2022,nowy,,,,,,,,,,
15231,podkarpackie,strzyżowski,Czudec,gmina wiejska,1819012,2023,nowy,,,,,,,,,,
15232,podkarpackie,strzyżowski,Czudec,gmina wiejska,1819012,2024,nowy,,,,,,,,,,
15233,podkarpackie,strzyżowski,Czudec,gmina wiejska,1819012,2025,nowy,,,,,,,,,,
15234,podkarpackie,strzyżowski,Frysztak,gmina wiejska,1819022,2018,nowy,,,,,,,,,,
15235,podkarpackie,strzyżowski,Frysztak,gmina wiejska,1819022,2019,nowy,,,,,,,,,,
15236,podkarpackie,strzyżowski,Frysztak,gmina wiejska,1819022,2020,nowy,,,,,,,,,,
15237,podkarpackie,strzyżowski,Frysztak,gmina wiejska,1819022,2021,nowy,,,,,,,,,,
15238,podkarpackie,strzyżowski,Frysztak,gmina wiejska,1819022,2022,nowy,,,,,,,,,,
15239,podkarpackie,strzyżowski,Frysztak,gmina wiejska,1819022,2023,nowy,,,,,,,,,,
15240,podkarpackie,strzyżowski,Frysztak,gmina wiejska,1819022,2024,nowy,,,,,,,,,,
15241,podkarpackie,strzyżowski,Frysztak,gmina wiejska,1819022,2025,nowy,,,,,,,,,,
15242,podkarpackie,strzyżowski,Niebylec,gmina wiejska,1819032,2018,nowy,,,,,,,,,,
15243,podkarpackie,strzyżowski,Niebylec,gmina wiejska,1819032,2019,nowy,,,,,,,,,,
15244,podkarpackie,strzyżowski,Niebylec,gmina wiejska,1819032,2020,nowy,,,,,,,,,,
15245,podkarpackie,strzyżowski,Niebylec,gmina wiejska,1819032,2021,nowy,,,,,,,,,,
15246,podkarpackie,strzyżowski,Niebylec,gmina wiejska,1819032,2022,nowy,,,,,,,,,,
15247,podkarpackie,strzyżowski,Niebylec,gmina wiejska,1819032,2023,nowy,,,,,,,,,,
15248,podkarpackie,strzyżowski,Niebylec,gmina wiejska,1819032,2024,nowy,,,,,,,,,,
15249,podkarpackie,strzyżowski,Niebylec,gmina wiejska,1819032,2025,nowy,,,,,,,,,,
15250,podkarpackie,strzyżowski,Strzyżów,gmina miejsko-wiejska,1819043,2018,nowy,,,,,,,,,,
15251,podkarpackie,strzyżowski,Strzyżów,gmina miejsko-wiejska,1819043,2019,nowy,,,,,,,,,,
15252,podkarpackie,strzyżowski,Strzyżów,gmina miejsko-wiejska,1819043,2020,nowy,,,,,,,,,,
15253,podkarpackie,strzyżowski,Strzyżów,gmina miejsko-wiejska,1819043,2021,nowy,,,,,,,,,,
15254,podkarpackie,strzyżowski,Strzyżów,gmina miejsko-wiejska,1819043,2022,nowy,,,,,,,,,,
15255,podkarpackie,strzyżowski,Strzyżów,gmina miejsko-wiejska,1819043,2023,nowy,,,,,,,,,,
15256,podkarpackie,strzyżowski,Strzyżów,gmina miejsko-wiejska,1819043,2024,nowy,,,,,,,,,,
15257,podkarpackie,strzyżowski,Strzyżów,gmina miejsko-wiejska,1819043,2025,nowy,,,,,,,,,,
15258,podkarpackie,strzyżowski,Wiśniowa,gmina wiejska,1819052,2018,nowy,,,,,,,,,,
15259,podkarpackie,strzyżowski,Wiśniowa,gmina wiejska,1819052,2019,nowy,,,,,,,,,,
15260,podkarpackie,strzyżowski,Wiśniowa,gmina wiejska,1819052,2020,nowy,,,,,,,,,,
15261,podkarpackie,strzyżowski,Wiśniowa,gmina wiejska,1819052,2021,nowy,,,,,,,,,,
15262,podkarpackie,strzyżowski,Wiśniowa,gmina wiejska,1819052,2022,nowy,,,,,,,,,,
15263,podkarpackie,strzyżowski,Wiśniowa,gmina wiejska,1819052,2023,nowy,,,,,,,,,,
15264,podkarpackie,strzyżowski,Wiśniowa,gmina wiejska,1819052,2024,nowy,,,,,,,,,,
15265,podkarpackie,strzyżowski,Wiśniowa,gmina wiejska,1819052,2025,nowy,,,,,,,,,,
15266,podkarpackie,tarnobrzeski,-,-,1820,2018,nowy,,,,,,,,,,
15267,podkarpackie,tarnobrzeski,-,-,1820,2019,nowy,,,,,,,,,,
15268,podkarpackie,tarnobrzeski,-,-,1820,2020,nowy,,,,,,,,,,
15269,podkarpackie,tarnobrzeski,-,-,1820,2021,nowy,,,,,,,,,,
15270,podkarpackie,tarnobrzeski,-,-,1820,2022,nowy,,,,,,,,,,
15271,podkarpackie,tarnobrzeski,-,-,1820,2023,nowy,,,,,,,,,,
15272,podkarpackie,tarnobrzeski,-,-,1820,2024,nowy,,,,,,,,,,
15273,podkarpackie,tarnobrzeski,-,-,1820,2025,nowy,,,,,,,,,,
15274,podkarpackie,tarnobrzeski,Baranów Sandomierski,gmina miejsko-wiejska,1820013,2018,nowy,,,,,,,,,,
15275,podkarpackie,tarnobrzeski,Baranów Sandomierski,gmina miejsko-wiejska,1820013,2019,nowy,,,,,,,,,,
15276,podkarpackie,tarnobrzeski,Baranów Sandomierski,gmina miejsko-wiejska,1820013,2020,nowy,,,,,,,,,,
15277,podkarpackie,tarnobrzeski,Baranów Sandomierski,gmina miejsko-wiejska,1820013,2021,nowy,,,,,,,,,,
15278,podkarpackie,tarnobrzeski,Baranów Sandomierski,gmina miejsko-wiejska,1820013,2022,nowy,,,,,,,,,,
15279,podkarpackie,tarnobrzeski,Baranów Sandomierski,gmina miejsko-wiejska,1820013,2023,nowy,,,,,,,,,,
15280,podkarpackie,tarnobrzeski,Baranów Sandomierski,gmina miejsko-wiejska,1820013,2024,nowy,,,,,,,,,,
15281,podkarpackie,tarnobrzeski,Baranów Sandomierski,gmina miejsko-wiejska,1820013,2025,nowy,,,,,,,,,,
15282,podkarpackie,tarnobrzeski,Gorzyce,gmina wiejska,1820022,2018,nowy,,,,,,,,,,
15283,podkarpackie,tarnobrzeski,Gorzyce,gmina wiejska,1820022,2019,nowy,,,,,,,,,,
15284,podkarpackie,tarnobrzeski,Gorzyce,gmina wiejska,1820022,2020,nowy,,,,,,,,,,
15285,podkarpackie,tarnobrzeski,Gorzyce,gmina wiejska,1820022,2021,nowy,,,,,,,,,,
15286,podkarpackie,tarnobrzeski,Gorzyce,gmina wiejska,1820022,2022,nowy,,,,,,,,,,
15287,podkarpackie,tarnobrzeski,Gorzyce,gmina wiejska,1820022,2023,nowy,,,,,,,,,,
15288,podkarpackie,tarnobrzeski,Gorzyce,gmina wiejska,1820022,2024,nowy,,,,,,,,,,
15289,podkarpackie,tarnobrzeski,Gorzyce,gmina wiejska,1820022,2025,nowy,,,,,,,,,,
15290,podkarpackie,tarnobrzeski,Grębów,gmina wiejska,1820032,2018,nowy,,,,,,,,,,
15291,podkarpackie,tarnobrzeski,Grębów,gmina wiejska,1820032,2019,nowy,,,,,,,,,,
15292,podkarpackie,tarnobrzeski,Grębów,gmina wiejska,1820032,2020,nowy,,,,,,,,,,
15293,podkarpackie,tarnobrzeski,Grębów,gmina wiejska,1820032,2021,nowy,,,,,,,,,,
15294,podkarpackie,tarnobrzeski,Grębów,gmina wiejska,1820032,2022,nowy,,,,,,,,,,
15295,podkarpackie,tarnobrzeski,Grębów,gmina wiejska,1820032,2023,nowy,,,,,,,,,,
15296,podkarpackie,tarnobrzeski,Grębów,gmina wiejska,1820032,2024,nowy,,,,,,,,,,
15297,podkarpackie,tarnobrzeski,Grębów,gmina wiejska,1820032,2025,nowy,,,,,,,,,,
15298,podkarpackie,tarnobrzeski,Nowa Dęba,gmina miejsko-wiejska,1820043,2018,nowy,,,,,,,,,,
15299,podkarpackie,tarnobrzeski,Nowa Dęba,gmina miejsko-wiejska,1820043,2019,nowy,,,,,,,,,,
15300,podkarpackie,tarnobrzeski,Nowa Dęba,gmina miejsko-wiejska,1820043,2020,nowy,,,,,,,,,,
15301,podkarpackie,tarnobrzeski,Nowa Dęba,gmina miejsko-wiejska,1820043,2021,nowy,,,,,,,,,,
15302,podkarpackie,tarnobrzeski,Nowa Dęba,gmina miejsko-wiejska,1820043,2022,nowy,,,,,,,,,,
15303,podkarpackie,tarnobrzeski,Nowa Dęba,gmina miejsko-wiejska,1820043,2023,nowy,,,,,,,,,,
15304,podkarpackie,tarnobrzeski,Nowa Dęba,gmina miejsko-wiejska,1820043,2024,nowy,,,,,,,,,,
15305,podkarpackie,tarnobrzeski,Nowa Dęba,gmina miejsko-wiejska,1820043,2025,nowy,,,,,,,,,,
15306,podkarpackie,leski,-,-,1821,2018,nowy,,,,,,,,,,
15307,podkarpackie,leski,-,-,1821,2019,nowy,,,,,,,,,,
15308,podkarpackie,leski,-,-,1821,2020,nowy,,,,,,,,,,
15309,podkarpackie,leski,-,-,1821,2021,nowy,,,,,,,,,,
15310,podkarpackie,leski,-,-,1821,2022,nowy,,,,,,,,,,
15311,podkarpackie,leski,-,-,1821,2023,nowy,,,,,,,,,,
15312,podkarpackie,leski,-,-,1821,2024,nowy,,,,,,,,,,
15313,podkarpackie,leski,-,-,1821,2025,nowy,,,,,,,,,,
15314,podkarpackie,leski,Baligród,gmina wiejska,1821012,2018,nowy,,,,,,,,,,
15315,podkarpackie,leski,Baligród,gmina wiejska,1821012,2019,nowy,,,,,,,,,,
15316,podkarpackie,leski,Baligród,gmina wiejska,1821012,2020,nowy,,,,,,,,,,
15317,podkarpackie,leski,Baligród,gmina wiejska,1821012,2021,nowy,,,,,,,,,,
15318,podkarpackie,leski,Baligród,gmina wiejska,1821012,2022,nowy,,,,,,,,,,
15319,podkarpackie,leski,Baligród,gmina wiejska,1821012,2023,nowy,,,,,,,,,,
15320,podkarpackie,leski,Baligród,gmina wiejska,1821012,2024,nowy,,,,,,,,,,
15321,podkarpackie,leski,Baligród,gmina wiejska,1821012,2025,nowy,,,,,,,,,,
15322,podkarpackie,leski,Cisna,gmina wiejska,1821022,2018,nowy,,,,,,,,,,
15323,podkarpackie,leski,Cisna,gmina wiejska,1821022,2019,nowy,,,,,,,,,,
15324,podkarpackie,leski,Cisna,gmina wiejska,1821022,2020,nowy,,,,,,,,,,
15325,podkarpackie,leski,Cisna,gmina wiejska,1821022,2021,nowy,,,,,,,,,,
15326,podkarpackie,leski,Cisna,gmina wiejska,1821022,2022,nowy,,,,,,,,,,
15327,podkarpackie,leski,Cisna,gmina wiejska,1821022,2023,nowy,,,,,,,,,,
15328,podkarpackie,leski,Cisna,gmina wiejska,1821022,2024,nowy,,,,,,,,,,
15329,podkarpackie,leski,Cisna,gmina wiejska,1821022,2025,nowy,,,,,,,,,,
15330,podkarpackie,leski,Lesko,gmina miejsko-wiejska,1821033,2018,nowy,,,,,,,,,,
15331,podkarpackie,leski,Lesko,gmina miejsko-wiejska,1821033,2019,nowy,,,,,,,,,,
15332,podkarpackie,leski,Lesko,gmina miejsko-wiejska,1821033,2020,nowy,,,,,,,,,,
15333,podkarpackie,leski,Lesko,gmina miejsko-wiejska,1821033,2021,nowy,,,,,,,,,,
15334,podkarpackie,leski,Lesko,gmina miejsko-wiejska,1821033,2022,nowy,,,,,,,,,,
15335,podkarpackie,leski,Lesko,gmina miejsko-wiejska,1821033,2023,nowy,,,,,,,,,,
15336,podkarpackie,leski,Lesko,gmina miejsko-wiejska,1821033,2024,nowy,,,,,,,,,,
15337,podkarpackie,leski,Lesko,gmina miejsko-wiejska,1821033,2025,nowy,,,,,,,,,,
15338,podkarpackie,leski,Olszanica,gmina wiejska,1821042,2018,nowy,,,,,,,,,,
15339,podkarpackie,leski,Olszanica,gmina wiejska,1821042,2019,nowy,,,,,,,,,,
15340,podkarpackie,leski,Olszanica,gmina wiejska,1821042,2020,nowy,,,,,,,,,,
15341,podkarpackie,leski,Olszanica,gmina wiejska,1821042,2021,nowy,,,,,,,,,,
15342,podkarpackie,leski,Olszanica,gmina wiejska,1821042,2022,nowy,,,,,,,,,,
15343,podkarpackie,leski,Olszanica,gmina wiejska,1821042,2023,nowy,,,,,,,,,,
15344,podkarpackie,leski,Olszanica,gmina wiejska,1821042,2024,nowy,,,,,,,,,,
15345,podkarpackie,leski,Olszanica,gmina wiejska,1821042,2025,nowy,,,,,,,,,,
15346,podkarpackie,leski,Solina,gmina wiejska,1821052,2018,nowy,,,,,,,,,,
15347,podkarpackie,leski,Solina,gmina wiejska,1821052,2019,nowy,,,,,,,,,,
15348,podkarpackie,leski,Solina,gmina wiejska,1821052,2020,nowy,,,,,,,,,,
15349,podkarpackie,leski,Solina,gmina wiejska,1821052,2021,nowy,,,,,,,,,,
15350,podkarpackie,leski,Solina,gmina wiejska,1821052,2022,nowy,,,,,,,,,,
15351,podkarpackie,leski,Solina,gmina wiejska,1821052,2023,nowy,,,,,,,,,,
15352,podkarpackie,leski,Solina,gmina wiejska,1821052,2024,nowy,,,,,,,,,,
15353,podkarpackie,leski,Solina,gmina wiejska,1821052,2025,nowy,,,,,,,,,,
15354,podkarpackie,m. Krosno,-,-,1861,2018,nowy,,,,,,,,,,
15355,podkarpackie,m. Krosno,-,-,1861,2019,nowy,,,,,,,,,,
15356,podkarpackie,m. Krosno,-,-,1861,2020,nowy,,,,,,,,,,
15357,podkarpackie,m. Krosno,-,-,1861,2021,nowy,,,,,,,,,,
15358,podkarpackie,m. Krosno,-,-,1861,2022,nowy,,,,,,,,,,
15359,podkarpackie,m. Krosno,-,-,1861,2023,nowy,,,,,,,,,,
15360,podkarpackie,m. Krosno,-,-,1861,2024,nowy,,,,,,,,,,
15361,podkarpackie,m. Krosno,-,-,1861,2025,nowy,,,,,,,,,,
15362,podkarpackie,m. Krosno,Krosno,gmina miejska (miasto na prawach powiatu),1861011,2018,nowy,,,,,,,,,,
15363,podkarpackie,m. Krosno,Krosno,gmina miejska (miasto na prawach powiatu),1861011,2019,nowy,,,,,,,,,,
15364,podkarpackie,m. Krosno,Krosno,gmina miejska (miasto na prawach powiatu),1861011,2020,nowy,,,,,,,,,,
15365,podkarpackie,m. Krosno,Krosno,gmina miejska (miasto na prawach powiatu),1861011,2021,nowy,,,,,,,,,,
15366,podkarpackie,m. Krosno,Krosno,gmina miejska (miasto na prawach powiatu),1861011,2022,nowy,,,,,,,,,,
15367,podkarpackie,m. Krosno,Krosno,gmina miejska (miasto na prawach powiatu),1861011,2023,nowy,,,,,,,,,,
15368,podkarpackie,m. Krosno,Krosno,gmina miejska (miasto na prawach powiatu),1861011,2024,nowy,,,,,,,,,,
15369,podkarpackie,m. Krosno,Krosno,gmina miejska (miasto na prawach powiatu),1861011,2025,nowy,,,,,,,,,,
15370,podkarpackie,m. Przemyśl,-,-,1862,2018,nowy,,,,,,,,,,
15371,podkarpackie,m. Przemyśl,-,-,1862,2019,nowy,,,,,,,,,,
15372,podkarpackie,m. Przemyśl,-,-,1862,2020,nowy,,,,,,,,,,
15373,podkarpackie,m. Przemyśl,-,-,1862,2021,nowy,,,,,,,,,,
15374,podkarpackie,m. Przemyśl,-,-,1862,2022,nowy,,,,,,,,,,
15375,podkarpackie,m. Przemyśl,-,-,1862,2023,nowy,,,,,,,,,,
15376,podkarpackie,m. Przemyśl,-,-,1862,2024,nowy,,,,,,,,,,
15377,podkarpackie,m. Przemyśl,-,-,1862,2025,nowy,,,,,,,,,,
15378,podkarpackie,m. Przemyśl,Przemyśl,gmina miejska (miasto na prawach powiatu),1862011,2018,nowy,,,,,,,,,,
15379,podkarpackie,m. Przemyśl,Przemyśl,gmina miejska (miasto na prawach powiatu),1862011,2019,nowy,,,,,,,,,,
15380,podkarpackie,m. Przemyśl,Przemyśl,gmina miejska (miasto na prawach powiatu),1862011,2020,nowy,,,,,,,,,,
15381,podkarpackie,m. Przemyśl,Przemyśl,gmina miejska (miasto na prawach powiatu),1862011,2021,nowy,,,,,,,,,,
15382,podkarpackie,m. Przemyśl,Przemyśl,gmina miejska (miasto na prawach powiatu),1862011,2022,nowy,,,,,,,,,,
15383,podkarpackie,m. Przemyśl,Przemyśl,gmina miejska (miasto na prawach powiatu),1862011,2023,nowy,,,,,,,,,,
15384,podkarpackie,m. Przemyśl,Przemyśl,gmina miejska (miasto na prawach powiatu),1862011,2024,nowy,,,,,,,,,,
15385,podkarpackie,m. Przemyśl,Przemyśl,gmina miejska (miasto na prawach powiatu),1862011,2025,nowy,,,,,,,,,,
15386,podkarpackie,m. Rzeszów,-,-,1863,2018,nowy,,,,,,,,,,
15387,podkarpackie,m. Rzeszów,-,-,1863,2019,nowy,,,,,,,,,,
15388,podkarpackie,m. Rzeszów,-,-,1863,2020,nowy,,,,,,,,,,
15389,podkarpackie,m. Rzeszów,-,-,1863,2021,nowy,,,,,,,,,,
15390,podkarpackie,m. Rzeszów,-,-,1863,2022,nowy,,,,,,,,,,
15391,podkarpackie,m. Rzeszów,-,-,1863,2023,nowy,,,,,,,,,,
15392,podkarpackie,m. Rzeszów,-,-,1863,2024,nowy,,,,,,,,,,
15393,podkarpackie,m. Rzeszów,-,-,1863,2025,nowy,,,,,,,,,,
15394,podkarpackie,m. Rzeszów,Rzeszów,gmina miejska (miasto na prawach powiatu),1863011,2018,nowy,,,,,,,,,,
15395,podkarpackie,m. Rzeszów,Rzeszów,gmina miejska (miasto na prawach powiatu),1863011,2019,nowy,,,,,,,,,,
15396,podkarpackie,m. Rzeszów,Rzeszów,gmina miejska (miasto na prawach powiatu),1863011,2020,nowy,,,,,,,,,,
15397,podkarpackie,m. Rzeszów,Rzeszów,gmina miejska (miasto na prawach powiatu),1863011,2021,nowy,,,,,,,,,,
15398,podkarpackie,m. Rzeszów,Rzeszów,gmina miejska (miasto na prawach powiatu),1863011,2022,nowy,,,,,,,,,,
15399,podkarpackie,m. Rzeszów,Rzeszów,gmina miejska (miasto na prawach powiatu),1863011,2023,nowy,,,,,,,,,,
15400,podkarpackie,m. Rzeszów,Rzeszów,gmina miejska (miasto na prawach powiatu),1863011,2024,nowy,,,,,,,,,,
15401,podkarpackie,m. Rzeszów,Rzeszów,gmina miejska (miasto na prawach powiatu),1863011,2025,nowy,,,,,,,,,,
15402,podkarpackie,m. Tarnobrzeg,-,-,1864,2018,nowy,,,,,,,,,,
15403,podkarpackie,m. Tarnobrzeg,-,-,1864,2019,nowy,,,,,,,,,,
15404,podkarpackie,m. Tarnobrzeg,-,-,1864,2020,nowy,,,,,,,,,,
15405,podkarpackie,m. Tarnobrzeg,-,-,1864,2021,nowy,,,,,,,,,,
15406,podkarpackie,m. Tarnobrzeg,-,-,1864,2022,nowy,,,,,,,,,,
15407,podkarpackie,m. Tarnobrzeg,-,-,1864,2023,nowy,,,,,,,,,,
15408,podkarpackie,m. Tarnobrzeg,-,-,1864,2024,nowy,,,,,,,,,,
15409,podkarpackie,m. Tarnobrzeg,-,-,1864,2025,nowy,,,,,,,,,,
15410,podkarpackie,m. Tarnobrzeg,Tarnobrzeg,gmina miejska (miasto na prawach powiatu),1864011,2018,nowy,,,,,,,,,,
15411,podkarpackie,m. Tarnobrzeg,Tarnobrzeg,gmina miejska (miasto na prawach powiatu),1864011,2019,nowy,,,,,,,,,,
15412,podkarpackie,m. Tarnobrzeg,Tarnobrzeg,gmina miejska (miasto na prawach powiatu),1864011,2020,nowy,,,,,,,,,,
15413,podkarpackie,m. Tarnobrzeg,Tarnobrzeg,gmina miejska (miasto na prawach powiatu),1864011,2021,nowy,,,,,,,,,,
15414,podkarpackie,m. Tarnobrzeg,Tarnobrzeg,gmina miejska (miasto na prawach powiatu),1864011,2022,nowy,,,,,,,,,,
15415,podkarpackie,m. Tarnobrzeg,Tarnobrzeg,gmina miejska (miasto na prawach powiatu),1864011,2023,nowy,,,,,,,,,,
15416,podkarpackie,m. Tarnobrzeg,Tarnobrzeg,gmina miejska (miasto na prawach powiatu),1864011,2024,nowy,,,,,,,,,,
15417,podkarpackie,m. Tarnobrzeg,Tarnobrzeg,gmina miejska (miasto na prawach powiatu),1864011,2025,nowy,,,,,,,,,,
