row_idx,województwo,powiat,gmina,typ gminy,TERYT,rok_raportu,status,ext_dokumentu,zawartosc,url,metoda_pozyskania,hash dokumentu,status komunikatu,dt_utc_finalne,failure_reason,file_size_MB,existed
4089,kujawsko-pomorskie,-,-,-,04,2018,nowy,,,,,,,,,,
4090,kujawsko-pomorskie,-,-,-,04,2019,nowy,,,,,,,,,,
4091,kujawsko-pomorskie,-,-,-,04,2020,nowy,,,,,,,,,,
4092,kujawsko-pomorskie,-,-,-,04,2021,nowy,,,,,,,,,,
4093,kujawsko-pomorskie,-,-,-,04,2022,nowy,,,,,,,,,,
4094,kujawsko-pomorskie,-,-,-,04,2023,nowy,,,,,,,,,,
4095,kujawsko-pomorskie,-,-,-,04,2024,nowy,,,,,,,,,,
4096,kujawsko-pomorskie,-,-,-,04,2025,nowy,,,,,,,,,,
4097,kujawsko-pomorskie,aleksandrowski,-,-,0401,2018,nowy,,,,,,,,,,
4098,kujawsko-pomorskie,aleksandrowski,-,-,0401,2019,nowy,,,,,,,,,,
4099,kujawsko-pomorskie,aleksandrowski,-,-,0401,2020,nowy,,,,,,,,,,
4100,kujawsko-pomorskie,aleksandrowski,-,-,0401,2021,nowy,,,,,,,,,,
4101,kujawsko-pomorskie,aleksandrowski,-,-,0401,2022,nowy,,,,,,,,,,
4102,kujawsko-pomorskie,aleksandrowski,-,-,0401,2023,nowy,,,,,,,,,,
4103,kujawsko-pomorskie,aleksandrowski,-,-,0401,2024,nowy,,,,,,,,,,
4104,kujawsko-pomorskie,aleksandrowski,-,-,0401,2025,nowy,,,,,,,,,,
4105,kujawsko-pomorskie,aleksandrowski,Aleksandrów Kujawski,gmina miejska,0401011,2018,nowy,,,,,,,,,,
4106,kujawsko-pomorskie,aleksandrowski,Aleksandrów Kujawski,gmina miejska,0401011,2019,nowy,,,,,,,,,,
4107,kujawsko-pomorskie,aleksandrowski,Aleksandrów Kujawski,gmina miejska,0401011,2020,nowy,,,,,,,,,,
4108,kujawsko-pomorskie,aleksandrowski,Aleksandrów Kujawski,gmina miejska,0401011,2021,nowy,,,,,,,,,,
4109,kujawsko-pomorskie,aleksandrowski,Aleksandrów Kujawski,gmina miejska,0401011,2022,nowy,,,,,,,,,,
4110,kujawsko-pomorskie,aleksandrowski,Aleksandrów Kujawski,gmina miejska,0401011,2023,nowy,,,,,,,,,,
4111,kujawsko-pomorskie,aleksandrowski,Aleksandrów Kujawski,gmina miejska,0401011,2024,nowy,,,,,,,,,,
4112,kujawsko-pomorskie,aleksandrowski,Aleksandrów Kujawski,gmina miejska,0401011,2025,nowy,,,,,,,,,,
4113,kujawsko-pomorskie,aleksandrowski,Ciechocinek,gmina miejska,0401021,2018,nowy,,,,,,,,,,
4114,kujawsko-pomorskie,aleksandrowski,Ciechocinek,gmina miejska,0401021,2019,nowy,,,,,,,,,,
4115,kujawsko-pomorskie,aleksandrowski,Ciechocinek,gmina miejska,0401021,2020,nowy,,,,,,,,,,
4116,kujawsko-pomorskie,aleksandrowski,Ciechocinek,gmina miejska,0401021,2021,nowy,,,,,,,,,,
4117,kujawsko-pomorskie,aleksandrowski,Ciechocinek,gmina miejska,0401021,2022,nowy,,,,,,,,,,
4118,kujawsko-pomorskie,aleksandrowski,Ciechocinek,gmina miejska,0401021,2023,nowy,,,,,,,,,,
4119,kujawsko-pomorskie,aleksandrowski,Ciechocinek,gmina miejska,0401021,2024,nowy,,,,,,,,,,
4120,kujawsko-pomorskie,aleksandrowski,Ciechocinek,gmina miejska,0401021,2025,nowy,,,,,,,,,,
4121,kujawsko-pomorskie,aleksandrowski,Nieszawa,gmina miejska,0401031,2018,nowy,,,,,,,,,,
4122,kujawsko-pomorskie,aleksandrowski,Nieszawa,gmina miejska,0401031,2019,nowy,,,,,,,,,,
4123,kujawsko-pomorskie,aleksandrowski,Nieszawa,gmina miejska,0401031,2020,nowy,,,,,,,,,,
4124,kujawsko-pomorskie,aleksandrowski,Nieszawa,gmina miejska,0401031,2021,nowy,,,,,,,,,,
4125,kujawsko-pomorskie,aleksandrowski,Nieszawa,gmina miejska,0401031,2022,nowy,,,,,,,,,,
4126,kujawsko-pomorskie,aleksandrowski,Nieszawa,gmina miejska,0401031,2023,nowy,,,,,,,,,,
4127,kujawsko-pomorskie,aleksandrowski,Nieszawa,gmina miejska,0401031,2024,nowy,,,,,,,,,,
4128,kujawsko-pomorskie,aleksandrowski,Nieszawa,gmina miejska,0401031,2025,nowy,,,,,,,,,,
4129,kujawsko-pomorskie,aleksandrowski,Aleksandrów Kujawski,gmina wiejska,0401042,2018,nowy,,,,,,,,,,
4130,kujawsko-pomorskie,aleksandrowski,Aleksandrów Kujawski,gmina wiejska,0401042,2019,nowy,,,,,,,,,,
4131,kujawsko-pomorskie,aleksandrowski,Aleksandrów Kujawski,gmina wiejska,0401042,2020,nowy,,,,,,,,,,
4132,kujawsko-pomorskie,aleksandrowski,Aleksandrów Kujawski,gmina wiejska,0401042,2021,nowy,,,,,,,,,,
4133,kujawsko-pomorskie,aleksandrowski,Aleksandrów Kujawski,gmina wiejska,0401042,2022,nowy,,,,,,,,,,
4134,kujawsko-pomorskie,aleksandrowski,Aleksandrów Kujawski,gmina wiejska,0401042,2023,nowy,,,,,,,,,,
4135,kujawsko-pomorskie,aleksandrowski,Aleksandrów Kujawski,gmina wiejska,0401042,2024,nowy,,,,,,,,,,
4136,kujawsko-pomorskie,aleksandrowski,Aleksandrów Kujawski,gmina wiejska,0401042,2025,nowy,,,,,,,,,,
4137,kujawsko-pomorskie,aleksandrowski,Bądkowo,gmina wiejska,0401052,2018,nowy,,,,,,,,,,
4138,kujawsko-pomorskie,aleksandrowski,Bądkowo,gmina wiejska,0401052,2019,nowy,,,,,,,,,,
4139,kujawsko-pomorskie,aleksandrowski,Bądkowo,gmina wiejska,0401052,2020,nowy,,,,,,,,,,
4140,kujawsko-pomorskie,aleksandrowski,Bądkowo,gmina wiejska,0401052,2021,nowy,,,,,,,,,,
4141,kujawsko-pomorskie,aleksandrowski,Bądkowo,gmina wiejska,0401052,2022,nowy,,,,,,,,,,
4142,kujawsko-pomorskie,aleksandrowski,Bądkowo,gmina wiejska,0401052,2023,nowy,,,,,,,,,,
4143,kujawsko-pomorskie,aleksandrowski,Bądkowo,gmina wiejska,0401052,2024,nowy,,,,,,,,,,
4144,kujawsko-pomorskie,aleksandrowski,Bądkowo,gmina wiejska,0401052,2025,nowy,,,,,,,,,,
4145,kujawsko-pomorskie,aleksandrowski,Koneck,gmina wiejska,0401062,2018,nowy,,,,,,,,,,
4146,kujawsko-pomorskie,aleksandrowski,Koneck,gmina wiejska,0401062,2019,nowy,,,,,,,,,,
4147,kujawsko-pomorskie,aleksandrowski,Koneck,gmina wiejska,0401062,2020,nowy,,,,,,,,,,
4148,kujawsko-pomorskie,aleksandrowski,Koneck,gmina wiejska,0401062,2021,nowy,,,,,,,,,,
4149,kujawsko-pomorskie,aleksandrowski,Koneck,gmina wiejska,0401062,2022,nowy,,,,,,,,,,
4150,kujawsko-pomorskie,aleksandrowski,Koneck,gmina wiejska,0401062,2023,nowy,,,,,,,,,,
4151,kujawsko-pomorskie,aleksandrowski,Koneck,gmina wiejska,0401062,2024,nowy,,,,,,,,,,
4152,kujawsko-pomorskie,aleksandrowski,Koneck,gmina wiejska,0401062,2025,nowy,,,,,,,,,,
4153,kujawsko-pomorskie,aleksandrowski,Raciążek,gmina wiejska,0401072,2018,nowy,,,,,,,,,,
4154,kujawsko-pomorskie,aleksandrowski,Raciążek,gmina wiejska,0401072,2019,nowy,,,,,,,,,,
4155,kujawsko-pomorskie,aleksandrowski,Raciążek,gmina wiejska,0401072,2020,nowy,,,,,,,,,,
4156,kujawsko-pomorskie,aleksandrowski,Raciążek,gmina wiejska,0401072,2021,nowy,,,,,,,,,,
4157,kujawsko-pomorskie,aleksandrowski,Raciążek,gmina wiejska,0401072,2022,nowy,,,,,,,,,,
4158,kujawsko-pomorskie,aleksandrowski,Raciążek,gmina wiejska,0401072,2023,nowy,,,,,,,,,,
4159,kujawsko-pomorskie,aleksandrowski,Raciążek,gmina wiejska,0401072,2024,nowy,,,,,,,,,,
4160,kujawsko-pomorskie,aleksandrowski,Raciążek,gmina wiejska,0401072,2025,nowy,,,,,,,,,,
4161,kujawsko-pomorskie,aleksandrowski,Waganiec,gmina wiejska,0401082,2018,nowy,,,,,,,,,,
4162,kujawsko-pomorskie,aleksandrowski,Waganiec,gmina wiejska,0401082,2019,nowy,,,,,,,,,,
4163,kujawsko-pomorskie,aleksandrowski,Waganiec,gmina wiejska,0401082,2020,nowy,,,,,,,,,,
4164,kujawsko-pomorskie,aleksandrowski,Waganiec,gmina wiejska,0401082,2021,nowy,,,,,,,,,,
4165,kujawsko-pomorskie,aleksandrowski,Waganiec,gmina wiejska,0401082,2022,nowy,,,,,,,,,,
4166,kujawsko-pomorskie,aleksandrowski,Waganiec,gmina wiejska,0401082,2023,nowy,,,,,,,,,,
4167,kujawsko-pomorskie,aleksandrowski,Waganiec,gmina wiejska,0401082,2024,nowy,,,,,,,,,,
4168,kujawsko-pomorskie,aleksandrowski,Waganiec,gmina wiejska,0401082,2025,nowy,,,,,,,,,,
4169,kujawsko-pomorskie,aleksandrowski,Zakrzewo,gmina wiejska,0401092,2018,nowy,,,,,,,,,,
4170,kujawsko-pomorskie,aleksandrowski,Zakrzewo,gmina wiejska,0401092,2019,nowy,,,,,,,,,,
4171,kujawsko-pomorskie,aleksandrowski,Zakrzewo,gmina wiejska,0401092,2020,nowy,,,,,,,,,,
4172,kujawsko-pomorskie,aleksandrowski,Zakrzewo,gmina wiejska,0401092,2021,nowy,,,,,,,,,,
4173,kujawsko-pomorskie,aleksandrowski,Zakrzewo,gmina wiejska,0401092,2022,nowy,,,,,,,,,,
4174,kujawsko-pomorskie,aleksandrowski,Zakrzewo,gmina wiejska,0401092,2023,nowy,,,,,,,,,,
4175,kujawsko-pomorskie,aleksandrowski,Zakrzewo,gmina wiejska,0401092,2024,nowy,,,,,,,,,,
4176,kujawsko-pomorskie,aleksandrowski,Zakrzewo,gmina wiejska,0401092,2025,nowy,,,,,,,,,,
4177,kujawsko-pomorskie,brodnicki,-,-,0402,2018,nowy,,,,,,,,,,
4178,kujawsko-pomorskie,brodnicki,-,-,0402,2019,nowy,,,,,,,,,,
4179,kujawsko-pomorskie,brodnicki,-,-,0402,2020,nowy,,,,,,,,,,
4180,kujawsko-pomorskie,brodnicki,-,-,0402,2021,nowy,,,,,,,,,,
4181,kujawsko-pomorskie,brodnicki,-,-,0402,2022,nowy,,,,,,,,,,
4182,kujawsko-pomorskie,brodnicki,-,-,0402,2023,nowy,,,,,,,,,,
4183,kujawsko-pomorskie,brodnicki,-,-,0402,2024,nowy,,,,,,,,,,
4184,kujawsko-pomorskie,brodnicki,-,-,0402,2025,nowy,,,,,,,,,,
4185,kujawsko-pomorskie,brodnicki,Brodnica,gmina miejska,0402011,2018,nowy,,,,,,,,,,
4186,kujawsko-pomorskie,brodnicki,Brodnica,gmina miejska,0402011,2019,nowy,,,,,,,,,,
4187,kujawsko-pomorskie,brodnicki,Brodnica,gmina miejska,0402011,2020,nowy,,,,,,,,,,
4188,kujawsko-pomorskie,brodnicki,Brodnica,gmina miejska,0402011,2021,nowy,,,,,,,,,,
4189,kujawsko-pomorskie,brodnicki,Brodnica,gmina miejska,0402011,2022,nowy,,,,,,,,,,
4190,kujawsko-pomorskie,brodnicki,Brodnica,gmina miejska,0402011,2023,nowy,,,,,,,,,,
4191,kujawsko-pomorskie,brodnicki,Brodnica,gmina miejska,0402011,2024,nowy,,,,,,,,,,
4192,kujawsko-pomorskie,brodnicki,Brodnica,gmina miejska,0402011,2025,nowy,,,,,,,,,,
4193,kujawsko-pomorskie,brodnicki,Bobrowo,gmina wiejska,0402022,2018,nowy,,,,,,,,,,
4194,kujawsko-pomorskie,brodnicki,Bobrowo,gmina wiejska,0402022,2019,nowy,,,,,,,,,,
4195,kujawsko-pomorskie,brodnicki,Bobrowo,gmina wiejska,0402022,2020,nowy,,,,,,,,,,
4196,kujawsko-pomorskie,brodnicki,Bobrowo,gmina wiejska,0402022,2021,nowy,,,,,,,,,,
4197,kujawsko-pomorskie,brodnicki,Bobrowo,gmina wiejska,0402022,2022,nowy,,,,,,,,,,
4198,kujawsko-pomorskie,brodnicki,Bobrowo,gmina wiejska,0402022,2023,nowy,,,,,,,,,,
4199,kujawsko-pomorskie,brodnicki,Bobrowo,gmina wiejska,0402022,2024,nowy,,,,,,,,,,
4200,kujawsko-pomorskie,brodnicki,Bobrowo,gmina wiejska,0402022,2025,nowy,,,,,,,,,,
4201,kujawsko-pomorskie,brodnicki,Brodnica,gmina wiejska,0402032,2018,nowy,,,,,,,,,,
4202,kujawsko-pomorskie,brodnicki,Brodnica,gmina wiejska,0402032,2019,nowy,,,,,,,,,,
4203,kujawsko-pomorskie,brodnicki,Brodnica,gmina wiejska,0402032,2020,nowy,,,,,,,,,,
4204,kujawsko-pomorskie,brodnicki,Brodnica,gmina wiejska,0402032,2021,nowy,,,,,,,,,,
4205,kujawsko-pomorskie,brodnicki,Brodnica,gmina wiejska,0402032,2022,nowy,,,,,,,,,,
4206,kujawsko-pomorskie,brodnicki,Brodnica,gmina wiejska,0402032,2023,nowy,,,,,,,,,,
4207,kujawsko-pomorskie,brodnicki,Brodnica,gmina wiejska,0402032,2024,nowy,,,,,,,,,,
4208,kujawsko-pomorskie,brodnicki,Brodnica,gmina wiejska,0402032,2025,nowy,,,,,,,,,,
4209,kujawsko-pomorskie,brodnicki,Brzozie,gmina wiejska,0402042,2018,nowy,,,,,,,,,,
4210,kujawsko-pomorskie,brodnicki,Brzozie,gmina wiejska,0402042,2019,nowy,,,,,,,,,,
4211,kujawsko-pomorskie,brodnicki,Brzozie,gmina wiejska,0402042,2020,nowy,,,,,,,,,,
4212,kujawsko-pomorskie,brodnicki,Brzozie,gmina wiejska,0402042,2021,nowy,,,,,,,,,,
4213,kujawsko-pomorskie,brodnicki,Brzozie,gmina wiejska,0402042,2022,nowy,,,,,,,,,,
4214,kujawsko-pomorskie,brodnicki,Brzozie,gmina wiejska,0402042,2023,nowy,,,,,,,,,,
4215,kujawsko-pomorskie,brodnicki,Brzozie,gmina wiejska,0402042,2024,nowy,,,,,,,,,,
4216,kujawsko-pomorskie,brodnicki,Brzozie,gmina wiejska,0402042,2025,nowy,,,,,,,,,,
4217,kujawsko-pomorskie,brodnicki,Górzno,gmina miejsko-wiejska,0402053,2018,nowy,,,,,,,,,,
4218,kujawsko-pomorskie,brodnicki,Górzno,gmina miejsko-wiejska,0402053,2019,nowy,,,,,,,,,,
4219,kujawsko-pomorskie,brodnicki,Górzno,gmina miejsko-wiejska,0402053,2020,nowy,,,,,,,,,,
4220,kujawsko-pomorskie,brodnicki,Górzno,gmina miejsko-wiejska,0402053,2021,nowy,,,,,,,,,,
4221,kujawsko-pomorskie,brodnicki,Górzno,gmina miejsko-wiejska,0402053,2022,nowy,,,,,,,,,,
4222,kujawsko-pomorskie,brodnicki,Górzno,gmina miejsko-wiejska,0402053,2023,nowy,,,,,,,,,,
4223,kujawsko-pomorskie,brodnicki,Górzno,gmina miejsko-wiejska,0402053,2024,nowy,,,,,,,,,,
4224,kujawsko-pomorskie,brodnicki,Górzno,gmina miejsko-wiejska,0402053,2025,nowy,,,,,,,,,,
4225,kujawsko-pomorskie,brodnicki,Bartniczka,gmina wiejska,0402062,2018,nowy,,,,,,,,,,
4226,kujawsko-pomorskie,brodnicki,Bartniczka,gmina wiejska,0402062,2019,nowy,,,,,,,,,,
4227,kujawsko-pomorskie,brodnicki,Bartniczka,gmina wiejska,0402062,2020,nowy,,,,,,,,,,
4228,kujawsko-pomorskie,brodnicki,Bartniczka,gmina wiejska,0402062,2021,nowy,,,,,,,,,,
4229,kujawsko-pomorskie,brodnicki,Bartniczka,gmina wiejska,0402062,2022,nowy,,,,,,,,,,
4230,kujawsko-pomorskie,brodnicki,Bartniczka,gmina wiejska,0402062,2023,nowy,,,,,,,,,,
4231,kujawsko-pomorskie,brodnicki,Bartniczka,gmina wiejska,0402062,2024,nowy,,,,,,,,,,
4232,kujawsko-pomorskie,brodnicki,Bartniczka,gmina wiejska,0402062,2025,nowy,,,,,,,,,,
4233,kujawsko-pomorskie,brodnicki,Jabłonowo Pomorskie,gmina miejsko-wiejska,0402073,2018,nowy,,,,,,,,,,
4234,kujawsko-pomorskie,brodnicki,Jabłonowo Pomorskie,gmina miejsko-wiejska,0402073,2019,nowy,,,,,,,,,,
4235,kujawsko-pomorskie,brodnicki,Jabłonowo Pomorskie,gmina miejsko-wiejska,0402073,2020,nowy,,,,,,,,,,
4236,kujawsko-pomorskie,brodnicki,Jabłonowo Pomorskie,gmina miejsko-wiejska,0402073,2021,nowy,,,,,,,,,,
4237,kujawsko-pomorskie,brodnicki,Jabłonowo Pomorskie,gmina miejsko-wiejska,0402073,2022,nowy,,,,,,,,,,
4238,kujawsko-pomorskie,brodnicki,Jabłonowo Pomorskie,gmina miejsko-wiejska,0402073,2023,nowy,,,,,,,,,,
4239,kujawsko-pomorskie,brodnicki,Jabłonowo Pomorskie,gmina miejsko-wiejska,0402073,2024,nowy,,,,,,,,,,
4240,kujawsko-pomorskie,brodnicki,Jabłonowo Pomorskie,gmina miejsko-wiejska,0402073,2025,nowy,,,,,,,,,,
4241,kujawsko-pomorskie,brodnicki,Osiek,gmina wiejska,0402082,2018,nowy,,,,,,,,,,
4242,kujawsko-pomorskie,brodnicki,Osiek,gmina wiejska,0402082,2019,nowy,,,,,,,,,,
4243,kujawsko-pomorskie,brodnicki,Osiek,gmina wiejska,0402082,2020,nowy,,,,,,,,,,
4244,kujawsko-pomorskie,brodnicki,Osiek,gmina wiejska,0402082,2021,nowy,,,,,,,,,,
4245,kujawsko-pomorskie,brodnicki,Osiek,gmina wiejska,0402082,2022,nowy,,,,,,,,,,
4246,kujawsko-pomorskie,brodnicki,Osiek,gmina wiejska,0402082,2023,nowy,,,,,,,,,,
4247,kujawsko-pomorskie,brodnicki,Osiek,gmina wiejska,0402082,2024,nowy,,,,,,,,,,
4248,kujawsko-pomorskie,brodnicki,Osiek,gmina wiejska,0402082,2025,nowy,,,,,,,,,,
4249,kujawsko-pomorskie,brodnicki,Świedziebnia,gmina wiejska,0402092,2018,nowy,,,,,,,,,,
4250,kujawsko-pomorskie,brodnicki,Świedziebnia,gmina wiejska,0402092,2019,nowy,,,,,,,,,,
4251,kujawsko-pomorskie,brodnicki,Świedziebnia,gmina wiejska,0402092,2020,nowy,,,,,,,,,,
4252,kujawsko-pomorskie,brodnicki,Świedziebnia,gmina wiejska,0402092,2021,nowy,,,,,,,,,,
4253,kujawsko-pomorskie,brodnicki,Świedziebnia,gmina wiejska,0402092,2022,nowy,,,,,,,,,,
4254,kujawsko-pomorskie,brodnicki,Świedziebnia,gmina wiejska,0402092,2023,nowy,,,,,,,,,,
4255,kujawsko-pomorskie,brodnicki,Świedziebnia,gmina wiejska,0402092,2024,nowy,,,,,,,,,,
4256,kujawsko-pomorskie,brodnicki,Świedziebnia,gmina wiejska,0402092,2025,nowy,,,,,,,,,,
4257,kujawsko-pomorskie,brodnicki,Zbiczno,gmina wiejska,0402102,2018,nowy,,,,,,,,,,
4258,kujawsko-pomorskie,brodnicki,Zbiczno,gmina wiejska,0402102,2019,nowy,,,,,,,,,,
4259,kujawsko-pomorskie,brodnicki,Zbiczno,gmina wiejska,0402102,2020,nowy,,,,,,,,,,
4260,kujawsko-pomorskie,brodnicki,Zbiczno,gmina wiejska,0402102,2021,nowy,,,,,,,,,,
4261,kujawsko-pomorskie,brodnicki,Zbiczno,gmina wiejska,0402102,2022,nowy,,,,,,,,,,
4262,kujawsko-pomorskie,brodnicki,Zbiczno,gmina wiejska,0402102,2023,nowy,,,,,,,,,,
4263,kujawsko-pomorskie,brodnicki,Zbiczno,gmina wiejska,0402102,2024,nowy,,,,,,,,,,
4264,kujawsko-pomorskie,brodnicki,Zbiczno,gmina wiejska,0402102,2025,nowy,,,,,,,,,,
4265,kujawsko-pomorskie,bydgoski,-,-,0403,2018,nowy,,,,,,,,,,
4266,kujawsko-pomorskie,bydgoski,-,-,0403,2019,nowy,,,,,,,,,,
4267,kujawsko-pomorskie,bydgoski,-,-,0403,2020,nowy,,,,,,,,,,
4268,kujawsko-pomorskie,bydgoski,-,-,0403,2021,nowy,,,,,,,,,,
4269,kujawsko-pomorskie,bydgoski,-,-,0403,2022,nowy,,,,,,,,,,
4270,kujawsko-pomorskie,bydgoski,-,-,0403,2023,nowy,,,,,,,,,,
4271,kujawsko-pomorskie,bydgoski,-,-,0403,2024,nowy,,,,,,,,,,
4272,kujawsko-pomorskie,bydgoski,-,-,0403,2025,nowy,,,,,,,,,,
4273,kujawsko-pomorskie,bydgoski,Białe Błota,gmina wiejska,0403012,2018,nowy,,,,,,,,,,
4274,kujawsko-pomorskie,bydgoski,Białe Błota,gmina wiejska,0403012,2019,nowy,,,,,,,,,,
4275,kujawsko-pomorskie,bydgoski,Białe Błota,gmina wiejska,0403012,2020,nowy,,,,,,,,,,
4276,kujawsko-pomorskie,bydgoski,Białe Błota,gmina wiejska,0403012,2021,nowy,,,,,,,,,,
4277,kujawsko-pomorskie,bydgoski,Białe Błota,gmina wiejska,0403012,2022,nowy,,,,,,,,,,
4278,kujawsko-pomorskie,bydgoski,Białe Błota,gmina wiejska,0403012,2023,nowy,,,,,,,,,,
4279,kujawsko-pomorskie,bydgoski,Białe Błota,gmina wiejska,0403012,2024,nowy,,,,,,,,,,
4280,kujawsko-pomorskie,bydgoski,Białe Błota,gmina wiejska,0403012,2025,nowy,,,,,,,,,,
4281,kujawsko-pomorskie,bydgoski,Dąbrowa Chełmińska,gmina wiejska,0403022,2018,nowy,,,,,,,,,,
4282,kujawsko-pomorskie,bydgoski,Dąbrowa Chełmińska,gmina wiejska,0403022,2019,nowy,,,,,,,,,,
4283,kujawsko-pomorskie,bydgoski,Dąbrowa Chełmińska,gmina wiejska,0403022,2020,nowy,,,,,,,,,,
4284,kujawsko-pomorskie,bydgoski,Dąbrowa Chełmińska,gmina wiejska,0403022,2021,nowy,,,,,,,,,,
4285,kujawsko-pomorskie,bydgoski,Dąbrowa Chełmińska,gmina wiejska,0403022,2022,nowy,,,,,,,,,,
4286,kujawsko-pomorskie,bydgoski,Dąbrowa Chełmińska,gmina wiejska,0403022,2023,nowy,,,,,,,,,,
4287,kujawsko-pomorskie,bydgoski,Dąbrowa Chełmińska,gmina wiejska,0403022,2024,nowy,,,,,,,,,,
4288,kujawsko-pomorskie,bydgoski,Dąbrowa Chełmińska,gmina wiejska,0403022,2025,nowy,,,,,,,,,,
4289,kujawsko-pomorskie,bydgoski,Dobrcz,gmina wiejska,0403032,2018,nowy,,,,,,,,,,
4290,kujawsko-pomorskie,bydgoski,Dobrcz,gmina wiejska,0403032,2019,nowy,,,,,,,,,,
4291,kujawsko-pomorskie,bydgoski,Dobrcz,gmina wiejska,0403032,2020,nowy,,,,,,,,,,
4292,kujawsko-pomorskie,bydgoski,Dobrcz,gmina wiejska,0403032,2021,nowy,,,,,,,,,,
4293,kujawsko-pomorskie,bydgoski,Dobrcz,gmina wiejska,0403032,2022,nowy,,,,,,,,,,
4294,kujawsko-pomorskie,bydgoski,Dobrcz,gmina wiejska,0403032,2023,nowy,,,,,,,,,,
4295,kujawsko-pomorskie,bydgoski,Dobrcz,gmina wiejska,0403032,2024,nowy,,,,,,,,,,
4296,kujawsko-pomorskie,bydgoski,Dobrcz,gmina wiejska,0403032,2025,nowy,,,,,,,,,,
4297,kujawsko-pomorskie,bydgoski,Koronowo,gmina miejsko-wiejska,0403043,2018,nowy,,,,,,,,,,
4298,kujawsko-pomorskie,bydgoski,Koronowo,gmina miejsko-wiejska,0403043,2019,nowy,,,,,,,,,,
4299,kujawsko-pomorskie,bydgoski,Koronowo,gmina miejsko-wiejska,0403043,2020,nowy,,,,,,,,,,
4300,kujawsko-pomorskie,bydgoski,Koronowo,gmina miejsko-wiejska,0403043,2021,nowy,,,,,,,,,,
4301,kujawsko-pomorskie,bydgoski,Koronowo,gmina miejsko-wiejska,0403043,2022,nowy,,,,,,,,,,
4302,kujawsko-pomorskie,bydgoski,Koronowo,gmina miejsko-wiejska,0403043,2023,nowy,,,,,,,,,,
4303,kujawsko-pomorskie,bydgoski,Koronowo,gmina miejsko-wiejska,0403043,2024,nowy,,,,,,,,,,
4304,kujawsko-pomorskie,bydgoski,Koronowo,gmina miejsko-wiejska,0403043,2025,nowy,,,,,,,,,,
4305,kujawsko-pomorskie,bydgoski,Nowa Wieś Wielka,gmina wiejska,0403052,2018,nowy,,,,,,,,,,
4306,kujawsko-pomorskie,bydgoski,Nowa Wieś Wielka,gmina wiejska,0403052,2019,nowy,,,,,,,,,,
4307,kujawsko-pomorskie,bydgoski,Nowa Wieś Wielka,gmina wiejska,0403052,2020,nowy,,,,,,,,,,
4308,kujawsko-pomorskie,bydgoski,Nowa Wieś Wielka,gmina wiejska,0403052,2021,nowy,,,,,,,,,,
4309,kujawsko-pomorskie,bydgoski,Nowa Wieś Wielka,gmina wiejska,0403052,2022,nowy,,,,,,,,,,
4310,kujawsko-pomorskie,bydgoski,Nowa Wieś Wielka,gmina wiejska,0403052,2023,nowy,,,,,,,,,,
4311,kujawsko-pomorskie,bydgoski,Nowa Wieś Wielka,gmina wiejska,0403052,2024,nowy,,,,,,,,,,
4312,kujawsko-pomorskie,bydgoski,Nowa Wieś Wielka,gmina wiejska,0403052,2025,nowy,,,,,,,,,,
4313,kujawsko-pomorskie,bydgoski,Osielsko,gmina wiejska,0403062,2018,nowy,,,,,,,,,,
4314,kujawsko-pomorskie,bydgoski,Osielsko,gmina wiejska,0403062,2019,nowy,,,,,,,,,,
4315,kujawsko-pomorskie,bydgoski,Osielsko,gmina wiejska,0403062,2020,nowy,,,,,,,,,,
4316,kujawsko-pomorskie,bydgoski,Osielsko,gmina wiejska,0403062,2021,nowy,,,,,,,,,,
4317,kujawsko-pomorskie,bydgoski,Osielsko,gmina wiejska,0403062,2022,nowy,,,,,,,,,,
4318,kujawsko-pomorskie,bydgoski,Osielsko,gmina wiejska,0403062,2023,nowy,,,,,,,,,,
4319,kujawsko-pomorskie,bydgoski,Osielsko,gmina wiejska,0403062,2024,nowy,,,,,,,,,,
4320,kujawsko-pomorskie,bydgoski,Osielsko,gmina wiejska,0403062,2025,nowy,,,,,,,,,,
4321,kujawsko-pomorskie,bydgoski,Sicienko,gmina wiejska,0403072,2018,nowy,,,,,,,,,,
4322,kujawsko-pomorskie,bydgoski,Sicienko,gmina wiejska,0403072,2019,nowy,,,,,,,,,,
4323,kujawsko-pomorskie,bydgoski,Sicienko,gmina wiejska,0403072,2020,nowy,,,,,,,,,,
4324,kujawsko-pomorskie,bydgoski,Sicienko,gmina wiejska,0403072,2021,nowy,,,,,,,,,,
4325,kujawsko-pomorskie,bydgoski,Sicienko,gmina wiejska,0403072,2022,nowy,,,,,,,,,,
4326,kujawsko-pomorskie,bydgoski,Sicienko,gmina wiejska,0403072,2023,nowy,,,,,,,,,,
4327,kujawsko-pomorskie,bydgoski,Sicienko,gmina wiejska,0403072,2024,nowy,,,,,,,,,,
4328,kujawsko-pomorskie,bydgoski,Sicienko,gmina wiejska,0403072,2025,nowy,,,,,,,,,,
4329,kujawsko-pomorskie,bydgoski,Solec Kujawski,gmina miejsko-wiejska,0403083,2018,nowy,,,,,,,,,,
4330,kujawsko-pomorskie,bydgoski,Solec Kujawski,gmina miejsko-wiejska,0403083,2019,nowy,,,,,,,,,,
4331,kujawsko-pomorskie,bydgoski,Solec Kujawski,gmina miejsko-wiejska,0403083,2020,nowy,,,,,,,,,,
4332,kujawsko-pomorskie,bydgoski,Solec Kujawski,gmina miejsko-wiejska,0403083,2021,nowy,,,,,,,,,,
4333,kujawsko-pomorskie,bydgoski,Solec Kujawski,gmina miejsko-wiejska,0403083,2022,nowy,,,,,,,,,,
4334,kujawsko-pomorskie,bydgoski,Solec Kujawski,gmina miejsko-wiejska,0403083,2023,nowy,,,,,,,,,,
4335,kujawsko-pomorskie,bydgoski,Solec Kujawski,gmina miejsko-wiejska,0403083,2024,nowy,,,,,,,,,,
4336,kujawsko-pomorskie,bydgoski,Solec Kujawski,gmina miejsko-wiejska,0403083,2025,nowy,,,,,,,,,,
4337,kujawsko-pomorskie,chełmiński,-,-,0404,2018,nowy,,,,,,,,,,
4338,kujawsko-pomorskie,chełmiński,-,-,0404,2019,nowy,,,,,,,,,,
4339,kujawsko-pomorskie,chełmiński,-,-,0404,2020,nowy,,,,,,,,,,
4340,kujawsko-pomorskie,chełmiński,-,-,0404,2021,nowy,,,,,,,,,,
4341,kujawsko-pomorskie,chełmiński,-,-,0404,2022,nowy,,,,,,,,,,
4342,kujawsko-pomorskie,chełmiński,-,-,0404,2023,nowy,,,,,,,,,,
4343,kujawsko-pomorskie,chełmiński,-,-,0404,2024,nowy,,,,,,,,,,
4344,kujawsko-pomorskie,chełmiński,-,-,0404,2025,nowy,,,,,,,,,,
4345,kujawsko-pomorskie,chełmiński,Chełmno,gmina miejska,0404011,2018,nowy,,,,,,,,,,
4346,kujawsko-pomorskie,chełmiński,Chełmno,gmina miejska,0404011,2019,nowy,,,,,,,,,,
4347,kujawsko-pomorskie,chełmiński,Chełmno,gmina miejska,0404011,2020,nowy,,,,,,,,,,
4348,kujawsko-pomorskie,chełmiński,Chełmno,gmina miejska,0404011,2021,nowy,,,,,,,,,,
4349,kujawsko-pomorskie,chełmiński,Chełmno,gmina miejska,0404011,2022,nowy,,,,,,,,,,
4350,kujawsko-pomorskie,chełmiński,Chełmno,gmina miejska,0404011,2023,nowy,,,,,,,,,,
4351,kujawsko-pomorskie,chełmiński,Chełmno,gmina miejska,0404011,2024,nowy,,,,,,,,,,
4352,kujawsko-pomorskie,chełmiński,Chełmno,gmina miejska,0404011,2025,nowy,,,,,,,,,,
4353,kujawsko-pomorskie,chełmiński,Chełmno,gmina wiejska,0404022,2018,nowy,,,,,,,,,,
4354,kujawsko-pomorskie,chełmiński,Chełmno,gmina wiejska,0404022,2019,nowy,,,,,,,,,,
4355,kujawsko-pomorskie,chełmiński,Chełmno,gmina wiejska,0404022,2020,nowy,,,,,,,,,,
4356,kujawsko-pomorskie,chełmiński,Chełmno,gmina wiejska,0404022,2021,nowy,,,,,,,,,,
4357,kujawsko-pomorskie,chełmiński,Chełmno,gmina wiejska,0404022,2022,nowy,,,,,,,,,,
4358,kujawsko-pomorskie,chełmiński,Chełmno,gmina wiejska,0404022,2023,nowy,,,,,,,,,,
4359,kujawsko-pomorskie,chełmiński,Chełmno,gmina wiejska,0404022,2024,nowy,,,,,,,,,,
4360,kujawsko-pomorskie,chełmiński,Chełmno,gmina wiejska,0404022,2025,nowy,,,,,,,,,,
4361,kujawsko-pomorskie,chełmiński,Kijewo Królewskie,gmina wiejska,0404032,2018,nowy,,,,,,,,,,
4362,kujawsko-pomorskie,chełmiński,Kijewo Królewskie,gmina wiejska,0404032,2019,nowy,,,,,,,,,,
4363,kujawsko-pomorskie,chełmiński,Kijewo Królewskie,gmina wiejska,0404032,2020,nowy,,,,,,,,,,
4364,kujawsko-pomorskie,chełmiński,Kijewo Królewskie,gmina wiejska,0404032,2021,nowy,,,,,,,,,,
4365,kujawsko-pomorskie,chełmiński,Kijewo Królewskie,gmina wiejska,0404032,2022,nowy,,,,,,,,,,
4366,kujawsko-pomorskie,chełmiński,Kijewo Królewskie,gmina wiejska,0404032,2023,nowy,,,,,,,,,,
4367,kujawsko-pomorskie,chełmiński,Kijewo Królewskie,gmina wiejska,0404032,2024,nowy,,,,,,,,,,
4368,kujawsko-pomorskie,chełmiński,Kijewo Królewskie,gmina wiejska,0404032,2025,nowy,,,,,,,,,,
4369,kujawsko-pomorskie,chełmiński,Lisewo,gmina wiejska,0404042,2018,nowy,,,,,,,,,,
4370,kujawsko-pomorskie,chełmiński,Lisewo,gmina wiejska,0404042,2019,nowy,,,,,,,,,,
4371,kujawsko-pomorskie,chełmiński,Lisewo,gmina wiejska,0404042,2020,nowy,,,,,,,,,,
4372,kujawsko-pomorskie,chełmiński,Lisewo,gmina wiejska,0404042,2021,nowy,,,,,,,,,,
4373,kujawsko-pomorskie,chełmiński,Lisewo,gmina wiejska,0404042,2022,nowy,,,,,,,,,,
4374,kujawsko-pomorskie,chełmiński,Lisewo,gmina wiejska,0404042,2023,nowy,,,,,,,,,,
4375,kujawsko-pomorskie,chełmiński,Lisewo,gmina wiejska,0404042,2024,nowy,,,,,,,,,,
4376,kujawsko-pomorskie,chełmiński,Lisewo,gmina wiejska,0404042,2025,nowy,,,,,,,,,,
4377,kujawsko-pomorskie,chełmiński,Papowo Biskupie,gmina wiejska,0404052,2018,nowy,,,,,,,,,,
4378,kujawsko-pomorskie,chełmiński,Papowo Biskupie,gmina wiejska,0404052,2019,nowy,,,,,,,,,,
4379,kujawsko-pomorskie,chełmiński,Papowo Biskupie,gmina wiejska,0404052,2020,nowy,,,,,,,,,,
4380,kujawsko-pomorskie,chełmiński,Papowo Biskupie,gmina wiejska,0404052,2021,nowy,,,,,,,,,,
4381,kujawsko-pomorskie,chełmiński,Papowo Biskupie,gmina wiejska,0404052,2022,nowy,,,,,,,,,,
4382,kujawsko-pomorskie,chełmiński,Papowo Biskupie,gmina wiejska,0404052,2023,nowy,,,,,,,,,,
4383,kujawsko-pomorskie,chełmiński,Papowo Biskupie,gmina wiejska,0404052,2024,nowy,,,,,,,,,,
4384,kujawsko-pomorskie,chełmiński,Papowo Biskupie,gmina wiejska,0404052,2025,nowy,,,,,,,,,,
4385,kujawsko-pomorskie,chełmiński,Stolno,gmina wiejska,0404062,2018,nowy,,,,,,,,,,
4386,kujawsko-pomorskie,chełmiński,Stolno,gmina wiejska,0404062,2019,nowy,,,,,,,,,,
4387,kujawsko-pomorskie,chełmiński,Stolno,gmina wiejska,0404062,2020,nowy,,,,,,,,,,
4388,kujawsko-pomorskie,chełmiński,Stolno,gmina wiejska,0404062,2021,nowy,,,,,,,,,,
4389,kujawsko-pomorskie,chełmiński,Stolno,gmina wiejska,0404062,2022,nowy,,,,,,,,,,
4390,kujawsko-pomorskie,chełmiński,Stolno,gmina wiejska,0404062,2023,nowy,,,,,,,,,,
4391,kujawsko-pomorskie,chełmiński,Stolno,gmina wiejska,0404062,2024,nowy,,,,,,,,,,
4392,kujawsko-pomorskie,chełmiński,Stolno,gmina wiejska,0404062,2025,nowy,,,,,,,,,,
4393,kujawsko-pomorskie,chełmiński,Unisław,gmina wiejska,0404072,2018,nowy,,,,,,,,,,
4394,kujawsko-pomorskie,chełmiński,Unisław,gmina wiejska,0404072,2019,nowy,,,,,,,,,,
4395,kujawsko-pomorskie,chełmiński,Unisław,gmina wiejska,0404072,2020,nowy,,,,,,,,,,
4396,kujawsko-pomorskie,chełmiński,Unisław,gmina wiejska,0404072,2021,nowy,,,,,,,,,,
4397,kujawsko-pomorskie,chełmiński,Unisław,gmina wiejska,0404072,2022,nowy,,,,,,,,,,
4398,kujawsko-pomorskie,chełmiński,Unisław,gmina wiejska,0404072,2023,nowy,,,,,,,,,,
4399,kujawsko-pomorskie,chełmiński,Unisław,gmina wiejska,0404072,2024,nowy,,,,,,,,,,
4400,kujawsko-pomorskie,chełmiński,Unisław,gmina wiejska,0404072,2025,nowy,,,,,,,,,,
4401,kujawsko-pomorskie,golubsko-dobrzyński,-,-,0405,2018,nowy,,,,,,,,,,
4402,kujawsko-pomorskie,golubsko-dobrzyński,-,-,0405,2019,nowy,,,,,,,,,,
4403,kujawsko-pomorskie,golubsko-dobrzyński,-,-,0405,2020,nowy,,,,,,,,,,
4404,kujawsko-pomorskie,golubsko-dobrzyński,-,-,0405,2021,nowy,,,,,,,,,,
4405,kujawsko-pomorskie,golubsko-dobrzyński,-,-,0405,2022,nowy,,,,,,,,,,
4406,kujawsko-pomorskie,golubsko-dobrzyński,-,-,0405,2023,nowy,,,,,,,,,,
4407,kujawsko-pomorskie,golubsko-dobrzyński,-,-,0405,2024,nowy,,,,,,,,,,
4408,kujawsko-pomorskie,golubsko-dobrzyński,-,-,0405,2025,nowy,,,,,,,,,,
4409,kujawsko-pomorskie,golubsko-dobrzyński,Golub-Dobrzyń,gmina miejska,0405011,2018,nowy,,,,,,,,,,
4410,kujawsko-pomorskie,golubsko-dobrzyński,Golub-Dobrzyń,gmina miejska,0405011,2019,nowy,,,,,,,,,,
4411,kujawsko-pomorskie,golubsko-dobrzyński,Golub-Dobrzyń,gmina miejska,0405011,2020,nowy,,,,,,,,,,
4412,kujawsko-pomorskie,golubsko-dobrzyński,Golub-Dobrzyń,gmina miejska,0405011,2021,nowy,,,,,,,,,,
4413,kujawsko-pomorskie,golubsko-dobrzyński,Golub-Dobrzyń,gmina miejska,0405011,2022,nowy,,,,,,,,,,
4414,kujawsko-pomorskie,golubsko-dobrzyński,Golub-Dobrzyń,gmina miejska,0405011,2023,nowy,,,,,,,,,,
4415,kujawsko-pomorskie,golubsko-dobrzyński,Golub-Dobrzyń,gmina miejska,0405011,2024,nowy,,,,,,,,,,
4416,kujawsko-pomorskie,golubsko-dobrzyński,Golub-Dobrzyń,gmina miejska,0405011,2025,nowy,,,,,,,,,,
4417,kujawsko-pomorskie,golubsko-dobrzyński,Ciechocin,gmina wiejska,0405022,2018,nowy,,,,,,,,,,
4418,kujawsko-pomorskie,golubsko-dobrzyński,Ciechocin,gmina wiejska,0405022,2019,nowy,,,,,,,,,,
4419,kujawsko-pomorskie,golubsko-dobrzyński,Ciechocin,gmina wiejska,0405022,2020,nowy,,,,,,,,,,
4420,kujawsko-pomorskie,golubsko-dobrzyński,Ciechocin,gmina wiejska,0405022,2021,nowy,,,,,,,,,,
4421,kujawsko-pomorskie,golubsko-dobrzyński,Ciechocin,gmina wiejska,0405022,2022,nowy,,,,,,,,,,
4422,kujawsko-pomorskie,golubsko-dobrzyński,Ciechocin,gmina wiejska,0405022,2023,nowy,,,,,,,,,,
4423,kujawsko-pomorskie,golubsko-dobrzyński,Ciechocin,gmina wiejska,0405022,2024,nowy,,,,,,,,,,
4424,kujawsko-pomorskie,golubsko-dobrzyński,Ciechocin,gmina wiejska,0405022,2025,nowy,,,,,,,,,,
4425,kujawsko-pomorskie,golubsko-dobrzyński,Golub-Dobrzyń,gmina wiejska,0405032,2018,nowy,,,,,,,,,,
4426,kujawsko-pomorskie,golubsko-dobrzyński,Golub-Dobrzyń,gmina wiejska,0405032,2019,nowy,,,,,,,,,,
4427,kujawsko-pomorskie,golubsko-dobrzyński,Golub-Dobrzyń,gmina wiejska,0405032,2020,nowy,,,,,,,,,,
4428,kujawsko-pomorskie,golubsko-dobrzyński,Golub-Dobrzyń,gmina wiejska,0405032,2021,nowy,,,,,,,,,,
4429,kujawsko-pomorskie,golubsko-dobrzyński,Golub-Dobrzyń,gmina wiejska,0405032,2022,nowy,,,,,,,,,,
4430,kujawsko-pomorskie,golubsko-dobrzyński,Golub-Dobrzyń,gmina wiejska,0405032,2023,nowy,,,,,,,,,,
4431,kujawsko-pomorskie,golubsko-dobrzyński,Golub-Dobrzyń,gmina wiejska,0405032,2024,nowy,,,,,,,,,,
4432,kujawsko-pomorskie,golubsko-dobrzyński,Golub-Dobrzyń,gmina wiejska,0405032,2025,nowy,,,,,,,,,,
4433,kujawsko-pomorskie,golubsko-dobrzyński,Kowalewo Pomorskie,gmina miejsko-wiejska,0405043,2018,nowy,,,,,,,,,,
4434,kujawsko-pomorskie,golubsko-dobrzyński,Kowalewo Pomorskie,gmina miejsko-wiejska,0405043,2019,nowy,,,,,,,,,,
4435,kujawsko-pomorskie,golubsko-dobrzyński,Kowalewo Pomorskie,gmina miejsko-wiejska,0405043,2020,nowy,,,,,,,,,,
4436,kujawsko-pomorskie,golubsko-dobrzyński,Kowalewo Pomorskie,gmina miejsko-wiejska,0405043,2021,nowy,,,,,,,,,,
4437,kujawsko-pomorskie,golubsko-dobrzyński,Kowalewo Pomorskie,gmina miejsko-wiejska,0405043,2022,nowy,,,,,,,,,,
4438,kujawsko-pomorskie,golubsko-dobrzyński,Kowalewo Pomorskie,gmina miejsko-wiejska,0405043,2023,nowy,,,,,,,,,,
4439,kujawsko-pomorskie,golubsko-dobrzyński,Kowalewo Pomorskie,gmina miejsko-wiejska,0405043,2024,nowy,,,,,,,,,,
4440,kujawsko-pomorskie,golubsko-dobrzyński,Kowalewo Pomorskie,gmina miejsko-wiejska,0405043,2025,nowy,,,,,,,,,,
4441,kujawsko-pomorskie,golubsko-dobrzyński,Radomin,gmina wiejska,0405052,2018,nowy,,,,,,,,,,
4442,kujawsko-pomorskie,golubsko-dobrzyński,Radomin,gmina wiejska,0405052,2019,nowy,,,,,,,,,,
4443,kujawsko-pomorskie,golubsko-dobrzyński,Radomin,gmina wiejska,0405052,2020,nowy,,,,,,,,,,
4444,kujawsko-pomorskie,golubsko-dobrzyński,Radomin,gmina wiejska,0405052,2021,nowy,,,,,,,,,,
4445,kujawsko-pomorskie,golubsko-dobrzyński,Radomin,gmina wiejska,0405052,2022,nowy,,,,,,,,,,
4446,kujawsko-pomorskie,golubsko-dobrzyński,Radomin,gmina wiejska,0405052,2023,nowy,,,,,,,,,,
4447,kujawsko-pomorskie,golubsko-dobrzyński,Radomin,gmina wiejska,0405052,2024,nowy,,,,,,,,,,
4448,kujawsko-pomorskie,golubsko-dobrzyński,Radomin,gmina wiejska,0405052,2025,nowy,,,,,,,,,,
4449,kujawsko-pomorskie,golubsko-dobrzyński,Zbójno,gmina wiejska,0405062,2018,nowy,,,,,,,,,,
4450,kujawsko-pomorskie,golubsko-dobrzyński,Zbójno,gmina wiejska,0405062,2019,nowy,,,,,,,,,,
4451,kujawsko-pomorskie,golubsko-dobrzyński,Zbójno,gmina wiejska,0405062,2020,nowy,,,,,,,,,,
4452,kujawsko-pomorskie,golubsko-dobrzyński,Zbójno,gmina wiejska,0405062,2021,nowy,,,,,,,,,,
4453,kujawsko-pomorskie,golubsko-dobrzyński,Zbójno,gmina wiejska,0405062,2022,nowy,,,,,,,,,,
4454,kujawsko-pomorskie,golubsko-dobrzyński,Zbójno,gmina wiejska,0405062,2023,nowy,,,,,,,,,,
4455,kujawsko-pomorskie,golubsko-dobrzyński,Zbójno,gmina wiejska,0405062,2024,nowy,,,,,,,,,,
4456,kujawsko-pomorskie,golubsko-dobrzyński,Zbójno,gmina wiejska,0405062,2025,nowy,,,,,,,,,,
4457,kujawsko-pomorskie,grudziądzki,-,-,0406,2018,nowy,,,,,,,,,,
4458,kujawsko-pomorskie,grudziądzki,-,-,0406,2019,nowy,,,,,,,,,,
4459,kujawsko-pomorskie,grudziądzki,-,-,0406,2020,nowy,,,,,,,,,,
4460,kujawsko-pomorskie,grudziądzki,-,-,0406,2021,nowy,,,,,,,,,,
4461,kujawsko-pomorskie,grudziądzki,-,-,0406,2022,nowy,,,,,,,,,,
4462,kujawsko-pomorskie,grudziądzki,-,-,0406,2023,nowy,,,,,,,,,,
4463,kujawsko-pomorskie,grudziądzki,-,-,0406,2024,nowy,,,,,,,,,,
4464,kujawsko-pomorskie,grudziądzki,-,-,0406,2025,nowy,,,,,,,,,,
4465,kujawsko-pomorskie,grudziądzki,Grudziądz,gmina wiejska,0406012,2018,nowy,,,,,,,,,,
4466,kujawsko-pomorskie,grudziądzki,Grudziądz,gmina wiejska,0406012,2019,nowy,,,,,,,,,,
4467,kujawsko-pomorskie,grudziądzki,Grudziądz,gmina wiejska,0406012,2020,nowy,,,,,,,,,,
4468,kujawsko-pomorskie,grudziądzki,Grudziądz,gmina wiejska,0406012,2021,nowy,,,,,,,,,,
4469,kujawsko-pomorskie,grudziądzki,Grudziądz,gmina wiejska,0406012,2022,nowy,,,,,,,,,,
4470,kujawsko-pomorskie,grudziądzki,Grudziądz,gmina wiejska,0406012,2023,nowy,,,,,,,,,,
4471,kujawsko-pomorskie,grudziądzki,Grudziądz,gmina wiejska,0406012,2024,nowy,,,,,,,,,,
4472,kujawsko-pomorskie,grudziądzki,Grudziądz,gmina wiejska,0406012,2025,nowy,,,,,,,,,,
4473,kujawsko-pomorskie,grudziądzki,Gruta,gmina wiejska,0406022,2018,nowy,,,,,,,,,,
4474,kujawsko-pomorskie,grudziądzki,Gruta,gmina wiejska,0406022,2019,nowy,,,,,,,,,,
4475,kujawsko-pomorskie,grudziądzki,Gruta,gmina wiejska,0406022,2020,nowy,,,,,,,,,,
4476,kujawsko-pomorskie,grudziądzki,Gruta,gmina wiejska,0406022,2021,nowy,,,,,,,,,,
4477,kujawsko-pomorskie,grudziądzki,Gruta,gmina wiejska,0406022,2022,nowy,,,,,,,,,,
4478,kujawsko-pomorskie,grudziądzki,Gruta,gmina wiejska,0406022,2023,nowy,,,,,,,,,,
4479,kujawsko-pomorskie,grudziądzki,Gruta,gmina wiejska,0406022,2024,nowy,,,,,,,,,,
4480,kujawsko-pomorskie,grudziądzki,Gruta,gmina wiejska,0406022,2025,nowy,,,,,,,,,,
4481,kujawsko-pomorskie,grudziądzki,Łasin,gmina miejsko-wiejska,0406033,2018,nowy,,,,,,,,,,
4482,kujawsko-pomorskie,grudziądzki,Łasin,gmina miejsko-wiejska,0406033,2019,nowy,,,,,,,,,,
4483,kujawsko-pomorskie,grudziądzki,Łasin,gmina miejsko-wiejska,0406033,2020,nowy,,,,,,,,,,
4484,kujawsko-pomorskie,grudziądzki,Łasin,gmina miejsko-wiejska,0406033,2021,nowy,,,,,,,,,,
4485,kujawsko-pomorskie,grudziądzki,Łasin,gmina miejsko-wiejska,0406033,2022,nowy,,,,,,,,,,
4486,kujawsko-pomorskie,grudziądzki,Łasin,gmina miejsko-wiejska,0406033,2023,nowy,,,,,,,,,,
4487,kujawsko-pomorskie,grudziądzki,Łasin,gmina miejsko-wiejska,0406033,2024,nowy,,,,,,,,,,
4488,kujawsko-pomorskie,grudziądzki,Łasin,gmina miejsko-wiejska,0406033,2025,nowy,,,,,,,,,,
4489,kujawsko-pomorskie,grudziądzki,Radzyń Chełmiński,gmina miejsko-wiejska,0406043,2018,nowy,,,,,,,,,,
4490,kujawsko-pomorskie,grudziądzki,Radzyń Chełmiński,gmina miejsko-wiejska,0406043,2019,nowy,,,,,,,,,,
4491,kujawsko-pomorskie,grudziądzki,Radzyń Chełmiński,gmina miejsko-wiejska,0406043,2020,nowy,,,,,,,,,,
4492,kujawsko-pomorskie,grudziądzki,Radzyń Chełmiński,gmina miejsko-wiejska,0406043,2021,nowy,,,,,,,,,,
4493,kujawsko-pomorskie,grudziądzki,Radzyń Chełmiński,gmina miejsko-wiejska,0406043,2022,nowy,,,,,,,,,,
4494,kujawsko-pomorskie,grudziądzki,Radzyń Chełmiński,gmina miejsko-wiejska,0406043,2023,nowy,,,,,,,,,,
4495,kujawsko-pomorskie,grudziądzki,Radzyń Chełmiński,gmina miejsko-wiejska,0406043,2024,nowy,,,,,,,,,,
4496,kujawsko-pomorskie,grudziądzki,Radzyń Chełmiński,gmina miejsko-wiejska,0406043,2025,nowy,,,,,,,,,,
4497,kujawsko-pomorskie,grudziądzki,Rogóźno,gmina wiejska,0406052,2018,nowy,,,,,,,,,,
4498,kujawsko-pomorskie,grudziądzki,Rogóźno,gmina wiejska,0406052,2019,nowy,,,,,,,,,,
4499,kujawsko-pomorskie,grudziądzki,Rogóźno,gmina wiejska,0406052,2020,nowy,,,,,,,,,,
4500,kujawsko-pomorskie,grudziądzki,Rogóźno,gmina wiejska,0406052,2021,nowy,,,,,,,,,,
4501,kujawsko-pomorskie,grudziądzki,Rogóźno,gmina wiejska,0406052,2022,nowy,,,,,,,,,,
4502,kujawsko-pomorskie,grudziądzki,Rogóźno,gmina wiejska,0406052,2023,nowy,,,,,,,,,,
4503,kujawsko-pomorskie,grudziądzki,Rogóźno,gmina wiejska,0406052,2024,nowy,,,,,,,,,,
4504,kujawsko-pomorskie,grudziądzki,Rogóźno,gmina wiejska,0406052,2025,nowy,,,,,,,,,,
4505,kujawsko-pomorskie,grudziądzki,Świecie nad Osą,gmina wiejska,0406062,2018,nowy,,,,,,,,,,
4506,kujawsko-pomorskie,grudziądzki,Świecie nad Osą,gmina wiejska,0406062,2019,nowy,,,,,,,,,,
4507,kujawsko-pomorskie,grudziądzki,Świecie nad Osą,gmina wiejska,0406062,2020,nowy,,,,,,,,,,
4508,kujawsko-pomorskie,grudziądzki,Świecie nad Osą,gmina wiejska,0406062,2021,nowy,,,,,,,,,,
4509,kujawsko-pomorskie,grudziądzki,Świecie nad Osą,gmina wiejska,0406062,2022,nowy,,,,,,,,,,
4510,kujawsko-pomorskie,grudziądzki,Świecie nad Osą,gmina wiejska,0406062,2023,nowy,,,,,,,,,,
4511,kujawsko-pomorskie,grudziądzki,Świecie nad Osą,gmina wiejska,0406062,2024,nowy,,,,,,,,,,
4512,kujawsko-pomorskie,grudziądzki,Świecie nad Osą,gmina wiejska,0406062,2025,nowy,,,,,,,,,,
4513,kujawsko-pomorskie,inowrocławski,-,-,0407,2018,nowy,,,,,,,,,,
4514,kujawsko-pomorskie,inowrocławski,-,-,0407,2019,nowy,,,,,,,,,,
4515,kujawsko-pomorskie,inowrocławski,-,-,0407,2020,nowy,,,,,,,,,,
4516,kujawsko-pomorskie,inowrocławski,-,-,0407,2021,nowy,,,,,,,,,,
4517,kujawsko-pomorskie,inowrocławski,-,-,0407,2022,nowy,,,,,,,,,,
4518,kujawsko-pomorskie,inowrocławski,-,-,0407,2023,nowy,,,,,,,,,,
4519,kujawsko-pomorskie,inowrocławski,-,-,0407,2024,nowy,,,,,,,,,,
4520,kujawsko-pomorskie,inowrocławski,-,-,0407,2025,nowy,,,,,,,,,,
4521,kujawsko-pomorskie,inowrocławski,Inowrocław,gmina miejska,0407011,2018,nowy,,,,,,,,,,
4522,kujawsko-pomorskie,inowrocławski,Inowrocław,gmina miejska,0407011,2019,nowy,,,,,,,,,,
4523,kujawsko-pomorskie,inowrocławski,Inowrocław,gmina miejska,0407011,2020,nowy,,,,,,,,,,
4524,kujawsko-pomorskie,inowrocławski,Inowrocław,gmina miejska,0407011,2021,nowy,,,,,,,,,,
4525,kujawsko-pomorskie,inowrocławski,Inowrocław,gmina miejska,0407011,2022,nowy,,,,,,,,,,
4526,kujawsko-pomorskie,inowrocławski,Inowrocław,gmina miejska,0407011,2023,nowy,,,,,,,,,,
4527,kujawsko-pomorskie,inowrocławski,Inowrocław,gmina miejska,0407011,2024,nowy,,,,,,,,,,
4528,kujawsko-pomorskie,inowrocławski,Inowrocław,gmina miejska,0407011,2025,nowy,,,,,,,,,,
4529,kujawsko-pomorskie,inowrocławski,Dąbrowa Biskupia,gmina wiejska,0407022,2018,nowy,,,,,,,,,,
4530,kujawsko-pomorskie,inowrocławski,Dąbrowa Biskupia,gmina wiejska,0407022,2019,nowy,,,,,,,,,,
4531,kujawsko-pomorskie,inowrocławski,Dąbrowa Biskupia,gmina wiejska,0407022,2020,nowy,,,,,,,,,,
4532,kujawsko-pomorskie,inowrocławski,Dąbrowa Biskupia,gmina wiejska,0407022,2021,nowy,,,,,,,,,,
4533,kujawsko-pomorskie,inowrocławski,Dąbrowa Biskupia,gmina wiejska,0407022,2022,nowy,,,,,,,,,,
4534,kujawsko-pomorskie,inowrocławski,Dąbrowa Biskupia,gmina wiejska,0407022,2023,nowy,,,,,,,,,,
4535,kujawsko-pomorskie,inowrocławski,Dąbrowa Biskupia,gmina wiejska,0407022,2024,nowy,,,,,,,,,,
4536,kujawsko-pomorskie,inowrocławski,Dąbrowa Biskupia,gmina wiejska,0407022,2025,nowy,,,,,,,,,,
4537,kujawsko-pomorskie,inowrocławski,Gniewkowo,gmina miejsko-wiejska,0407033,2018,nowy,,,,,,,,,,
4538,kujawsko-pomorskie,inowrocławski,Gniewkowo,gmina miejsko-wiejska,0407033,2019,nowy,,,,,,,,,,
4539,kujawsko-pomorskie,inowrocławski,Gniewkowo,gmina miejsko-wiejska,0407033,2020,nowy,,,,,,,,,,
4540,kujawsko-pomorskie,inowrocławski,Gniewkowo,gmina miejsko-wiejska,0407033,2021,nowy,,,,,,,,,,
4541,kujawsko-pomorskie,inowrocławski,Gniewkowo,gmina miejsko-wiejska,0407033,2022,nowy,,,,,,,,,,
4542,kujawsko-pomorskie,inowrocławski,Gniewkowo,gmina miejsko-wiejska,0407033,2023,nowy,,,,,,,,,,
4543,kujawsko-pomorskie,inowrocławski,Gniewkowo,gmina miejsko-wiejska,0407033,2024,nowy,,,,,,,,,,
4544,kujawsko-pomorskie,inowrocławski,Gniewkowo,gmina miejsko-wiejska,0407033,2025,nowy,,,,,,,,,,
4545,kujawsko-pomorskie,inowrocławski,Inowrocław,gmina wiejska,0407042,2018,nowy,,,,,,,,,,
4546,kujawsko-pomorskie,inowrocławski,Inowrocław,gmina wiejska,0407042,2019,nowy,,,,,,,,,,
4547,kujawsko-pomorskie,inowrocławski,Inowrocław,gmina wiejska,0407042,2020,nowy,,,,,,,,,,
4548,kujawsko-pomorskie,inowrocławski,Inowrocław,gmina wiejska,0407042,2021,nowy,,,,,,,,,,
4549,kujawsko-pomorskie,inowrocławski,Inowrocław,gmina wiejska,0407042,2022,nowy,,,,,,,,,,
4550,kujawsko-pomorskie,inowrocławski,Inowrocław,gmina wiejska,0407042,2023,nowy,,,,,,,,,,
4551,kujawsko-pomorskie,inowrocławski,Inowrocław,gmina wiejska,0407042,2024,nowy,,,,,,,,,,
4552,kujawsko-pomorskie,inowrocławski,Inowrocław,gmina wiejska,0407042,2025,nowy,,,,,,,,,,
4553,kujawsko-pomorskie,inowrocławski,Janikowo,gmina miejsko-wiejska,0407053,2018,nowy,,,,,,,,,,
4554,kujawsko-pomorskie,inowrocławski,Janikowo,gmina miejsko-wiejska,0407053,2019,nowy,,,,,,,,,,
4555,kujawsko-pomorskie,inowrocławski,Janikowo,gmina miejsko-wiejska,0407053,2020,nowy,,,,,,,,,,
4556,kujawsko-pomorskie,inowrocławski,Janikowo,gmina miejsko-wiejska,0407053,2021,nowy,,,,,,,,,,
4557,kujawsko-pomorskie,inowrocławski,Janikowo,gmina miejsko-wiejska,0407053,2022,nowy,,,,,,,,,,
4558,kujawsko-pomorskie,inowrocławski,Janikowo,gmina miejsko-wiejska,0407053,2023,nowy,,,,,,,,,,
4559,kujawsko-pomorskie,inowrocławski,Janikowo,gmina miejsko-wiejska,0407053,2024,nowy,,,,,,,,,,
4560,kujawsko-pomorskie,inowrocławski,Janikowo,gmina miejsko-wiejska,0407053,2025,nowy,,,,,,,,,,
4561,kujawsko-pomorskie,inowrocławski,Kruszwica,gmina miejsko-wiejska,0407063,2018,nowy,,,,,,,,,,
4562,kujawsko-pomorskie,inowrocławski,Kruszwica,gmina miejsko-wiejska,0407063,2019,nowy,,,,,,,,,,
4563,kujawsko-pomorskie,inowrocławski,Kruszwica,gmina miejsko-wiejska,0407063,2020,nowy,,,,,,,,,,
4564,kujawsko-pomorskie,inowrocławski,Kruszwica,gmina miejsko-wiejska,0407063,2021,nowy,,,,,,,,,,
4565,kujawsko-pomorskie,inowrocławski,Kruszwica,gmina miejsko-wiejska,0407063,2022,nowy,,,,,,,,,,
4566,kujawsko-pomorskie,inowrocławski,Kruszwica,gmina miejsko-wiejska,0407063,2023,nowy,,,,,,,,,,
4567,kujawsko-pomorskie,inowrocławski,Kruszwica,gmina miejsko-wiejska,0407063,2024,nowy,,,,,,,,,,
4568,kujawsko-pomorskie,inowrocławski,Kruszwica,gmina miejsko-wiejska,0407063,2025,nowy,,,,,,,,,,
4569,kujawsko-pomorskie,inowrocławski,Pakość,gmina miejsko-wiejska,0407073,2018,nowy,,,,,,,,,,
4570,kujawsko-pomorskie,inowrocławski,Pakość,gmina miejsko-wiejska,0407073,2019,nowy,,,,,,,,,,
4571,kujawsko-pomorskie,inowrocławski,Pakość,gmina miejsko-wiejska,0407073,2020,nowy,,,,,,,,,,
4572,kujawsko-pomorskie,inowrocławski,Pakość,gmina miejsko-wiejska,0407073,2021,nowy,,,,,,,,,,
4573,kujawsko-pomorskie,inowrocławski,Pakość,gmina miejsko-wiejska,0407073,2022,nowy,,,,,,,,,,
4574,kujawsko-pomorskie,inowrocławski,Pakość,gmina miejsko-wiejska,0407073,2023,nowy,,,,,,,,,,
4575,kujawsko-pomorskie,inowrocławski,Pakość,gmina miejsko-wiejska,0407073,2024,nowy,,,,,,,,,,
4576,kujawsko-pomorskie,inowrocławski,Pakość,gmina miejsko-wiejska,0407073,2025,nowy,,,,,,,,,,
4577,kujawsko-pomorskie,inowrocławski,Rojewo,gmina wiejska,0407082,2018,nowy,,,,,,,,,,
4578,kujawsko-pomorskie,inowrocławski,Rojewo,gmina wiejska,0407082,2019,nowy,,,,,,,,,,
4579,kujawsko-pomorskie,inowrocławski,Rojewo,gmina wiejska,0407082,2020,nowy,,,,,,,,,,
4580,kujawsko-pomorskie,inowrocławski,Rojewo,gmina wiejska,0407082,2021,nowy,,,,,,,,,,
4581,kujawsko-pomorskie,inowrocławski,Rojewo,gmina wiejska,0407082,2022,nowy,,,,,,,,,,
4582,kujawsko-pomorskie,inowrocławski,Rojewo,gmina wiejska,0407082,2023,nowy,,,,,,,,,,
4583,kujawsko-pomorskie,inowrocławski,Rojewo,gmina wiejska,0407082,2024,nowy,,,,,,,,,,
4584,kujawsko-pomorskie,inowrocławski,Rojewo,gmina wiejska,0407082,2025,nowy,,,,,,,,,,
4585,kujawsko-pomorskie,inowrocławski,Złotniki Kujawskie,gmina wiejska,0407092,2018,nowy,,,,,,,,,,
4586,kujawsko-pomorskie,inowrocławski,Złotniki Kujawskie,gmina wiejska,0407092,2019,nowy,,,,,,,,,,
4587,kujawsko-pomorskie,inowrocławski,Złotniki Kujawskie,gmina wiejska,0407092,2020,nowy,,,,,,,,,,
4588,kujawsko-pomorskie,inowrocławski,Złotniki Kujawskie,gmina wiejska,0407092,2021,nowy,,,,,,,,,,
4589,kujawsko-pomorskie,inowrocławski,Złotniki Kujawskie,gmina wiejska,0407092,2022,nowy,,,,,,,,,,
4590,kujawsko-pomorskie,inowrocławski,Złotniki Kujawskie,gmina wiejska,0407092,2023,nowy,,,,,,,,,,
4591,kujawsko-pomorskie,inowrocławski,Złotniki Kujawskie,gmina wiejska,0407092,2024,nowy,,,,,,,,,,
4592,kujawsko-pomorskie,inowrocławski,Złotniki Kujawskie,gmina wiejska,0407092,2025,nowy,,,,,,,,,,
4593,kujawsko-pomorskie,lipnowski,-,-,0408,2018,nowy,,,,,,,,,,
4594,kujawsko-pomorskie,lipnowski,-,-,0408,2019,nowy,,,,,,,,,,
4595,kujawsko-pomorskie,lipnowski,-,-,0408,2020,nowy,,,,,,,,,,
4596,kujawsko-pomorskie,lipnowski,-,-,0408,2021,nowy,,,,,,,,,,
4597,kujawsko-pomorskie,lipnowski,-,-,0408,2022,nowy,,,,,,,,,,
4598,kujawsko-pomorskie,lipnowski,-,-,0408,2023,nowy,,,,,,,,,,
4599,kujawsko-pomorskie,lipnowski,-,-,0408,2024,nowy,,,,,,,,,,
4600,kujawsko-pomorskie,lipnowski,-,-,0408,2025,nowy,,,,,,,,,,
4601,kujawsko-pomorskie,lipnowski,Lipno,gmina miejska,0408011,2018,nowy,,,,,,,,,,
4602,kujawsko-pomorskie,lipnowski,Lipno,gmina miejska,0408011,2019,nowy,,,,,,,,,,
4603,kujawsko-pomorskie,lipnowski,Lipno,gmina miejska,0408011,2020,nowy,,,,,,,,,,
4604,kujawsko-pomorskie,lipnowski,Lipno,gmina miejska,0408011,2021,nowy,,,,,,,,,,
4605,kujawsko-pomorskie,lipnowski,Lipno,gmina miejska,0408011,2022,nowy,,,,,,,,,,
4606,kujawsko-pomorskie,lipnowski,Lipno,gmina miejska,0408011,2023,nowy,,,,,,,,,,
4607,kujawsko-pomorskie,lipnowski,Lipno,gmina miejska,0408011,2024,nowy,,,,,,,,,,
4608,kujawsko-pomorskie,lipnowski,Lipno,gmina miejska,0408011,2025,nowy,,,,,,,,,,
4609,kujawsko-pomorskie,lipnowski,Bobrowniki,gmina wiejska,0408022,2018,nowy,,,,,,,,,,
4610,kujawsko-pomorskie,lipnowski,Bobrowniki,gmina wiejska,0408022,2019,nowy,,,,,,,,,,
4611,kujawsko-pomorskie,lipnowski,Bobrowniki,gmina wiejska,0408022,2020,nowy,,,,,,,,,,
4612,kujawsko-pomorskie,lipnowski,Bobrowniki,gmina wiejska,0408022,2021,nowy,,,,,,,,,,
4613,kujawsko-pomorskie,lipnowski,Bobrowniki,gmina wiejska,0408022,2022,nowy,,,,,,,,,,
4614,kujawsko-pomorskie,lipnowski,Bobrowniki,gmina wiejska,0408022,2023,nowy,,,,,,,,,,
4615,kujawsko-pomorskie,lipnowski,Bobrowniki,gmina miejsko-wiejska,0408023,2024,nowy,,,,,,,,,,
4616,kujawsko-pomorskie,lipnowski,Bobrowniki,gmina miejsko-wiejska,0408023,2025,nowy,,,,,,,,,,
4617,kujawsko-pomorskie,lipnowski,Chrostkowo,gmina wiejska,0408032,2018,nowy,,,,,,,,,,
4618,kujawsko-pomorskie,lipnowski,Chrostkowo,gmina wiejska,0408032,2019,nowy,,,,,,,,,,
4619,kujawsko-pomorskie,lipnowski,Chrostkowo,gmina wiejska,0408032,2020,nowy,,,,,,,,,,
4620,kujawsko-pomorskie,lipnowski,Chrostkowo,gmina wiejska,0408032,2021,nowy,,,,,,,,,,
4621,kujawsko-pomorskie,lipnowski,Chrostkowo,gmina wiejska,0408032,2022,nowy,,,,,,,,,,
4622,kujawsko-pomorskie,lipnowski,Chrostkowo,gmina wiejska,0408032,2023,nowy,,,,,,,,,,
4623,kujawsko-pomorskie,lipnowski,Chrostkowo,gmina wiejska,0408032,2024,nowy,,,,,,,,,,
4624,kujawsko-pomorskie,lipnowski,Chrostkowo,gmina wiejska,0408032,2025,nowy,,,,,,,,,,
4625,kujawsko-pomorskie,lipnowski,Dobrzyń nad Wisłą,gmina miejsko-wiejska,0408043,2018,nowy,,,,,,,,,,
4626,kujawsko-pomorskie,lipnowski,Dobrzyń nad Wisłą,gmina miejsko-wiejska,0408043,2019,nowy,,,,,,,,,,
4627,kujawsko-pomorskie,lipnowski,Dobrzyń nad Wisłą,gmina miejsko-wiejska,0408043,2020,nowy,,,,,,,,,,
4628,kujawsko-pomorskie,lipnowski,Dobrzyń nad Wisłą,gmina miejsko-wiejska,0408043,2021,nowy,,,,,,,,,,
4629,kujawsko-pomorskie,lipnowski,Dobrzyń nad Wisłą,gmina miejsko-wiejska,0408043,2022,nowy,,,,,,,,,,
4630,kujawsko-pomorskie,lipnowski,Dobrzyń nad Wisłą,gmina miejsko-wiejska,0408043,2023,nowy,,,,,,,,,,
4631,kujawsko-pomorskie,lipnowski,Dobrzyń nad Wisłą,gmina miejsko-wiejska,0408043,2024,nowy,,,,,,,,,,
4632,kujawsko-pomorskie,lipnowski,Dobrzyń nad Wisłą,gmina miejsko-wiejska,0408043,2025,nowy,,,,,,,,,,
4633,kujawsko-pomorskie,lipnowski,Kikół,gmina wiejska,0408052,2018,nowy,,,,,,,,,,
4634,kujawsko-pomorskie,lipnowski,Kikół,gmina wiejska,0408052,2019,nowy,,,,,,,,,,
4635,kujawsko-pomorskie,lipnowski,Kikół,gmina wiejska,0408052,2020,nowy,,,,,,,,,,
4636,kujawsko-pomorskie,lipnowski,Kikół,gmina wiejska,0408052,2021,nowy,,,,,,,,,,
4637,kujawsko-pomorskie,lipnowski,Kikół,gmina wiejska,0408052,2022,nowy,,,,,,,,,,
4638,kujawsko-pomorskie,lipnowski,Kikół,gmina wiejska,0408052,2023,nowy,,,,,,,,,,
4639,kujawsko-pomorskie,lipnowski,Kikół,gmina miejsko-wiejska,0408053,2024,nowy,,,,,,,,,,
4640,kujawsko-pomorskie,lipnowski,Kikół,gmina miejsko-wiejska,0408053,2025,nowy,,,,,,,,,,
4641,kujawsko-pomorskie,lipnowski,Lipno,gmina wiejska,0408062,2018,nowy,,,,,,,,,,
4642,kujawsko-pomorskie,lipnowski,Lipno,gmina wiejska,0408062,2019,nowy,,,,,,,,,,
4643,kujawsko-pomorskie,lipnowski,Lipno,gmina wiejska,0408062,2020,nowy,,,,,,,,,,
4644,kujawsko-pomorskie,lipnowski,Lipno,gmina wiejska,0408062,2021,nowy,,,,,,,,,,
4645,kujawsko-pomorskie,lipnowski,Lipno,gmina wiejska,0408062,2022,nowy,,,,,,,,,,
4646,kujawsko-pomorskie,lipnowski,Lipno,gmina wiejska,0408062,2023,nowy,,,,,,,,,,
4647,kujawsko-pomorskie,lipnowski,Lipno,gmina wiejska,0408062,2024,nowy,,,,,,,,,,
4648,kujawsko-pomorskie,lipnowski,Lipno,gmina wiejska,0408062,2025,nowy,,,,,,,,,,
4649,kujawsko-pomorskie,lipnowski,Skępe,gmina miejsko-wiejska,0408073,2018,nowy,,,,,,,,,,
4650,kujawsko-pomorskie,lipnowski,Skępe,gmina miejsko-wiejska,0408073,2019,nowy,,,,,,,,,,
4651,kujawsko-pomorskie,lipnowski,Skępe,gmina miejsko-wiejska,0408073,2020,nowy,,,,,,,,,,
4652,kujawsko-pomorskie,lipnowski,Skępe,gmina miejsko-wiejska,0408073,2021,nowy,,,,,,,,,,
4653,kujawsko-pomorskie,lipnowski,Skępe,gmina miejsko-wiejska,0408073,2022,nowy,,,,,,,,,,
4654,kujawsko-pomorskie,lipnowski,Skępe,gmina miejsko-wiejska,0408073,2023,nowy,,,,,,,,,,
4655,kujawsko-pomorskie,lipnowski,Skępe,gmina miejsko-wiejska,0408073,2024,nowy,,,,,,,,,,
4656,kujawsko-pomorskie,lipnowski,Skępe,gmina miejsko-wiejska,0408073,2025,nowy,,,,,,,,,,
4657,kujawsko-pomorskie,lipnowski,Tłuchowo,gmina wiejska,0408082,2018,nowy,,,,,,,,,,
4658,kujawsko-pomorskie,lipnowski,Tłuchowo,gmina wiejska,0408082,2019,nowy,,,,,,,,,,
4659,kujawsko-pomorskie,lipnowski,Tłuchowo,gmina wiejska,0408082,2020,nowy,,,,,,,,,,
4660,kujawsko-pomorskie,lipnowski,Tłuchowo,gmina wiejska,0408082,2021,nowy,,,,,,,,,,
4661,kujawsko-pomorskie,lipnowski,Tłuchowo,gmina wiejska,0408082,2022,nowy,,,,,,,,,,
4662,kujawsko-pomorskie,lipnowski,Tłuchowo,gmina wiejska,0408082,2023,nowy,,,,,,,,,,
4663,kujawsko-pomorskie,lipnowski,Tłuchowo,gmina wiejska,0408082,2024,nowy,,,,,,,,,,
4664,kujawsko-pomorskie,lipnowski,Tłuchowo,gmina wiejska,0408082,2025,nowy,,,,,,,,,,
4665,kujawsko-pomorskie,lipnowski,Wielgie,gmina wiejska,0408092,2018,nowy,,,,,,,,,,
4666,kujawsko-pomorskie,lipnowski,Wielgie,gmina wiejska,0408092,2019,nowy,,,,,,,,,,
4667,kujawsko-pomorskie,lipnowski,Wielgie,gmina wiejska,0408092,2020,nowy,,,,,,,,,,
4668,kujawsko-pomorskie,lipnowski,Wielgie,gmina wiejska,0408092,2021,nowy,,,,,,,,,,
4669,kujawsko-pomorskie,lipnowski,Wielgie,gmina wiejska,0408092,2022,nowy,,,,,,,,,,
4670,kujawsko-pomorskie,lipnowski,Wielgie,gmina wiejska,0408092,2023,nowy,,,,,,,,,,
4671,kujawsko-pomorskie,lipnowski,Wielgie,gmina wiejska,0408092,2024,nowy,,,,,,,,,,
4672,kujawsko-pomorskie,lipnowski,Wielgie,gmina wiejska,0408092,2025,nowy,,,,,,,,,,
4673,kujawsko-pomorskie,mogileński,-,-,0409,2018,nowy,,,,,,,,,,
4674,kujawsko-pomorskie,mogileński,-,-,0409,2019,nowy,,,,,,,,,,
4675,kujawsko-pomorskie,mogileński,-,-,0409,2020,nowy,,,,,,,,,,
4676,kujawsko-pomorskie,mogileński,-,-,0409,2021,nowy,,,,,,,,,,
4677,kujawsko-pomorskie,mogileński,-,-,0409,2022,nowy,,,,,,,,,,
4678,kujawsko-pomorskie,mogileński,-,-,0409,2023,nowy,,,,,,,,,,
4679,kujawsko-pomorskie,mogileński,-,-,0409,2024,nowy,,,,,,,,,,
4680,kujawsko-pomorskie,mogileński,-,-,0409,2025,nowy,,,,,,,,,,
4681,kujawsko-pomorskie,mogileński,Dąbrowa,gmina wiejska,0409012,2018,nowy,,,,,,,,,,
4682,kujawsko-pomorskie,mogileński,Dąbrowa,gmina wiejska,0409012,2019,nowy,,,,,,,,,,
4683,kujawsko-pomorskie,mogileński,Dąbrowa,gmina wiejska,0409012,2020,nowy,,,,,,,,,,
4684,kujawsko-pomorskie,mogileński,Dąbrowa,gmina wiejska,0409012,2021,nowy,,,,,,,,,,
4685,kujawsko-pomorskie,mogileński,Dąbrowa,gmina wiejska,0409012,2022,nowy,,,,,,,,,,
4686,kujawsko-pomorskie,mogileński,Dąbrowa,gmina wiejska,0409012,2023,nowy,,,,,,,,,,
4687,kujawsko-pomorskie,mogileński,Dąbrowa,gmina wiejska,0409012,2024,nowy,,,,,,,,,,
4688,kujawsko-pomorskie,mogileński,Dąbrowa,gmina wiejska,0409012,2025,nowy,,,,,,,,,,
4689,kujawsko-pomorskie,mogileński,Jeziora Wielkie,gmina wiejska,0409022,2018,nowy,,,,,,,,,,
4690,kujawsko-pomorskie,mogileński,Jeziora Wielkie,gmina wiejska,0409022,2019,nowy,,,,,,,,,,
4691,kujawsko-pomorskie,mogileński,Jeziora Wielkie,gmina wiejska,0409022,2020,nowy,,,,,,,,,,
4692,kujawsko-pomorskie,mogileński,Jeziora Wielkie,gmina wiejska,0409022,2021,nowy,,,,,,,,,,
4693,kujawsko-pomorskie,mogileński,Jeziora Wielkie,gmina wiejska,0409022,2022,nowy,,,,,,,,,,
4694,kujawsko-pomorskie,mogileński,Jeziora Wielkie,gmina wiejska,0409022,2023,nowy,,,,,,,,,,
4695,kujawsko-pomorskie,mogileński,Jeziora Wielkie,gmina wiejska,0409022,2024,nowy,,,,,,,,,,
4696,kujawsko-pomorskie,mogileński,Jeziora Wielkie,gmina wiejska,0409022,2025,nowy,,,,,,,,,,
4697,kujawsko-pomorskie,mogileński,Mogilno,gmina miejsko-wiejska,0409033,2018,nowy,,,,,,,,,,
4698,kujawsko-pomorskie,mogileński,Mogilno,gmina miejsko-wiejska,0409033,2019,nowy,,,,,,,,,,
4699,kujawsko-pomorskie,mogileński,Mogilno,gmina miejsko-wiejska,0409033,2020,nowy,,,,,,,,,,
4700,kujawsko-pomorskie,mogileński,Mogilno,gmina miejsko-wiejska,0409033,2021,nowy,,,,,,,,,,
4701,kujawsko-pomorskie,mogileński,Mogilno,gmina miejsko-wiejska,0409033,2022,nowy,,,,,,,,,,
4702,kujawsko-pomorskie,mogileński,Mogilno,gmina miejsko-wiejska,0409033,2023,nowy,,,,,,,,,,
4703,kujawsko-pomorskie,mogileński,Mogilno,gmina miejsko-wiejska,0409033,2024,nowy,,,,,,,,,,
4704,kujawsko-pomorskie,mogileński,Mogilno,gmina miejsko-wiejska,0409033,2025,nowy,,,,,,,,,,
4705,kujawsko-pomorskie,mogileński,Strzelno,gmina miejsko-wiejska,0409043,2018,nowy,,,,,,,,,,
4706,kujawsko-pomorskie,mogileński,Strzelno,gmina miejsko-wiejska,0409043,2019,nowy,,,,,,,,,,
4707,kujawsko-pomorskie,mogileński,Strzelno,gmina miejsko-wiejska,0409043,2020,nowy,,,,,,,,,,
4708,kujawsko-pomorskie,mogileński,Strzelno,gmina miejsko-wiejska,0409043,2021,nowy,,,,,,,,,,
4709,kujawsko-pomorskie,mogileński,Strzelno,gmina miejsko-wiejska,0409043,2022,nowy,,,,,,,,,,
4710,kujawsko-pomorskie,mogileński,Strzelno,gmina miejsko-wiejska,0409043,2023,nowy,,,,,,,,,,
4711,kujawsko-pomorskie,mogileński,Strzelno,gmina miejsko-wiejska,0409043,2024,nowy,,,,,,,,,,
4712,kujawsko-pomorskie,mogileński,Strzelno,gmina miejsko-wiejska,0409043,2025,nowy,,,,,,,,,,
4713,kujawsko-pomorskie,nakielski,-,-,0410,2018,nowy,,,,,,,,,,
4714,kujawsko-pomorskie,nakielski,-,-,0410,2019,nowy,,,,,,,,,,
4715,kujawsko-pomorskie,nakielski,-,-,0410,2020,nowy,,,,,,,,,,
4716,kujawsko-pomorskie,nakielski,-,-,0410,2021,nowy,,,,,,,,,,
4717,kujawsko-pomorskie,nakielski,-,-,0410,2022,nowy,,,,,,,,,,
4718,kujawsko-pomorskie,nakielski,-,-,0410,2023,nowy,,,,,,,,,,
4719,kujawsko-pomorskie,nakielski,-,-,0410,2024,nowy,,,,,,,,,,
4720,kujawsko-pomorskie,nakielski,-,-,0410,2025,nowy,,,,,,,,,,
4721,kujawsko-pomorskie,nakielski,Kcynia,gmina miejsko-wiejska,0410013,2018,nowy,,,,,,,,,,
4722,kujawsko-pomorskie,nakielski,Kcynia,gmina miejsko-wiejska,0410013,2019,nowy,,,,,,,,,,
4723,kujawsko-pomorskie,nakielski,Kcynia,gmina miejsko-wiejska,0410013,2020,nowy,,,,,,,,,,
4724,kujawsko-pomorskie,nakielski,Kcynia,gmina miejsko-wiejska,0410013,2021,nowy,,,,,,,,,,
4725,kujawsko-pomorskie,nakielski,Kcynia,gmina miejsko-wiejska,0410013,2022,nowy,,,,,,,,,,
4726,kujawsko-pomorskie,nakielski,Kcynia,gmina miejsko-wiejska,0410013,2023,nowy,,,,,,,,,,
4727,kujawsko-pomorskie,nakielski,Kcynia,gmina miejsko-wiejska,0410013,2024,nowy,,,,,,,,,,
4728,kujawsko-pomorskie,nakielski,Kcynia,gmina miejsko-wiejska,0410013,2025,nowy,,,,,,,,,,
4729,kujawsko-pomorskie,nakielski,Mrocza,gmina miejsko-wiejska,0410023,2018,nowy,,,,,,,,,,
4730,kujawsko-pomorskie,nakielski,Mrocza,gmina miejsko-wiejska,0410023,2019,nowy,,,,,,,,,,
4731,kujawsko-pomorskie,nakielski,Mrocza,gmina miejsko-wiejska,0410023,2020,nowy,,,,,,,,,,
4732,kujawsko-pomorskie,nakielski,Mrocza,gmina miejsko-wiejska,0410023,2021,nowy,,,,,,,,,,
4733,kujawsko-pomorskie,nakielski,Mrocza,gmina miejsko-wiejska,0410023,2022,nowy,,,,,,,,,,
4734,kujawsko-pomorskie,nakielski,Mrocza,gmina miejsko-wiejska,0410023,2023,nowy,,,,,,,,,,
4735,kujawsko-pomorskie,nakielski,Mrocza,gmina miejsko-wiejska,0410023,2024,nowy,,,,,,,,,,
4736,kujawsko-pomorskie,nakielski,Mrocza,gmina miejsko-wiejska,0410023,2025,nowy,,,,,,,,,,
4737,kujawsko-pomorskie,nakielski,Nakło nad Notecią,gmina miejsko-wiejska,0410033,2018,nowy,,,,,,,,,,
4738,kujawsko-pomorskie,nakielski,Nakło nad Notecią,gmina miejsko-wiejska,0410033,2019,nowy,,,,,,,,,,
4739,kujawsko-pomorskie,nakielski,Nakło nad Notecią,gmina miejsko-wiejska,0410033,2020,nowy,,,,,,,,,,
4740,kujawsko-pomorskie,nakielski,Nakło nad Notecią,gmina miejsko-wiejska,0410033,2021,nowy,,,,,,,,,,
4741,kujawsko-pomorskie,nakielski,Nakło nad Notecią,gmina miejsko-wiejska,0410033,2022,nowy,,,,,,,,,,
4742,kujawsko-pomorskie,nakielski,Nakło nad Notecią,gmina miejsko-wiejska,0410033,2023,nowy,,,,,,,,,,
4743,kujawsko-pomorskie,nakielski,Nakło nad Notecią,gmina miejsko-wiejska,0410033,2024,nowy,,,,,,,,,,
4744,kujawsko-pomorskie,nakielski,Nakło nad Notecią,gmina miejsko-wiejska,0410033,2025,nowy,,,,,,,,,,
4745,kujawsko-pomorskie,nakielski,Sadki,gmina wiejska,0410042,2018,nowy,,,,,,,,,,
4746,kujawsko-pomorskie,nakielski,Sadki,gmina wiejska,0410042,2019,nowy,,,,,,,,,,
4747,kujawsko-pomorskie,nakielski,Sadki,gmina wiejska,0410042,2020,nowy,,,,,,,,,,
4748,kujawsko-pomorskie,nakielski,Sadki,gmina wiejska,0410042,2021,nowy,,,,,,,,,,
4749,kujawsko-pomorskie,nakielski,Sadki,gmina wiejska,0410042,2022,nowy,,,,,,,,,,
4750,kujawsko-pomorskie,nakielski,Sadki,gmina wiejska,0410042,2023,nowy,,,,,,,,,,
4751,kujawsko-pomorskie,nakielski,Sadki,gmina wiejska,0410042,2024,nowy,,,,,,,,,,
4752,kujawsko-pomorskie,nakielski,Sadki,gmina wiejska,0410042,2025,nowy,,,,,,,,,,
4753,kujawsko-pomorskie,nakielski,Szubin,gmina miejsko-wiejska,0410053,2018,nowy,,,,,,,,,,
4754,kujawsko-pomorskie,nakielski,Szubin,gmina miejsko-wiejska,0410053,2019,nowy,,,,,,,,,,
4755,kujawsko-pomorskie,nakielski,Szubin,gmina miejsko-wiejska,0410053,2020,nowy,,,,,,,,,,
4756,kujawsko-pomorskie,nakielski,Szubin,gmina miejsko-wiejska,0410053,2021,nowy,,,,,,,,,,
4757,kujawsko-pomorskie,nakielski,Szubin,gmina miejsko-wiejska,0410053,2022,nowy,,,,,,,,,,
4758,kujawsko-pomorskie,nakielski,Szubin,gmina miejsko-wiejska,0410053,2023,nowy,,,,,,,,,,
4759,kujawsko-pomorskie,nakielski,Szubin,gmina miejsko-wiejska,0410053,2024,nowy,,,,,,,,,,
4760,kujawsko-pomorskie,nakielski,Szubin,gmina miejsko-wiejska,0410053,2025,nowy,,,,,,,,,,
4761,kujawsko-pomorskie,radziejowski,-,-,0411,2018,nowy,,,,,,,,,,
4762,kujawsko-pomorskie,radziejowski,-,-,0411,2019,nowy,,,,,,,,,,
4763,kujawsko-pomorskie,radziejowski,-,-,0411,2020,nowy,,,,,,,,,,
4764,kujawsko-pomorskie,radziejowski,-,-,0411,2021,nowy,,,,,,,,,,
4765,kujawsko-pomorskie,radziejowski,-,-,0411,2022,nowy,,,,,,,,,,
4766,kujawsko-pomorskie,radziejowski,-,-,0411,2023,nowy,,,,,,,,,,
4767,kujawsko-pomorskie,radziejowski,-,-,0411,2024,nowy,,,,,,,,,,
4768,kujawsko-pomorskie,radziejowski,-,-,0411,2025,nowy,,,,,,,,,,
4769,kujawsko-pomorskie,radziejowski,Radziejów,gmina miejska,0411011,2018,nowy,,,,,,,,,,
4770,kujawsko-pomorskie,radziejowski,Radziejów,gmina miejska,0411011,2019,nowy,,,,,,,,,,
4771,kujawsko-pomorskie,radziejowski,Radziejów,gmina miejska,0411011,2020,nowy,,,,,,,,,,
4772,kujawsko-pomorskie,radziejowski,Radziejów,gmina miejska,0411011,2021,nowy,,,,,,,,,,
4773,kujawsko-pomorskie,radziejowski,Radziejów,gmina miejska,0411011,2022,nowy,,,,,,,,,,
4774,kujawsko-pomorskie,radziejowski,Radziejów,gmina miejska,0411011,2023,nowy,,,,,,,,,,
4775,kujawsko-pomorskie,radziejowski,Radziejów,gmina miejska,0411011,2024,nowy,,,,,,,,,,
4776,kujawsko-pomorskie,radziejowski,Radziejów,gmina miejska,0411011,2025,nowy,,,,,,,,,,
4777,kujawsko-pomorskie,radziejowski,Bytoń,gmina wiejska,0411022,2018,nowy,,,,,,,,,,
4778,kujawsko-pomorskie,radziejowski,Bytoń,gmina wiejska,0411022,2019,nowy,,,,,,,,,,
4779,kujawsko-pomorskie,radziejowski,Bytoń,gmina wiejska,0411022,2020,nowy,,,,,,,,,,
4780,kujawsko-pomorskie,radziejowski,Bytoń,gmina wiejska,0411022,2021,nowy,,,,,,,,,,
4781,kujawsko-pomorskie,radziejowski,Bytoń,gmina wiejska,0411022,2022,nowy,,,,,,,,,,
4782,kujawsko-pomorskie,radziejowski,Bytoń,gmina wiejska,0411022,2023,nowy,,,,,,,,,,
4783,kujawsko-pomorskie,radziejowski,Bytoń,gmina wiejska,0411022,2024,nowy,,,,,,,,,,
4784,kujawsko-pomorskie,radziejowski,Bytoń,gmina wiejska,0411022,2025,nowy,,,,,,,,,,
4785,kujawsko-pomorskie,radziejowski,Dobre,gmina wiejska,0411032,2018,nowy,,,,,,,,,,
4786,kujawsko-pomorskie,radziejowski,Dobre,gmina wiejska,0411032,2019,nowy,,,,,,,,,,
4787,kujawsko-pomorskie,radziejowski,Dobre,gmina wiejska,0411032,2020,nowy,,,,,,,,,,
4788,kujawsko-pomorskie,radziejowski,Dobre,gmina wiejska,0411032,2021,nowy,,,,,,,,,,
4789,kujawsko-pomorskie,radziejowski,Dobre,gmina wiejska,0411032,2022,nowy,,,,,,,,,,
4790,kujawsko-pomorskie,radziejowski,Dobre,gmina wiejska,0411032,2023,nowy,,,,,,,,,,
4791,kujawsko-pomorskie,radziejowski,Dobre,gmina wiejska,0411032,2024,nowy,,,,,,,,,,
4792,kujawsko-pomorskie,radziejowski,Dobre,gmina wiejska,0411032,2025,nowy,,,,,,,,,,
4793,kujawsko-pomorskie,radziejowski,Osięciny,gmina wiejska,0411042,2018,nowy,,,,,,,,,,
4794,kujawsko-pomorskie,radziejowski,Osięciny,gmina wiejska,0411042,2019,nowy,,,,,,,,,,
4795,kujawsko-pomorskie,radziejowski,Osięciny,gmina wiejska,0411042,2020,nowy,,,,,,,,,,
4796,kujawsko-pomorskie,radziejowski,Osięciny,gmina wiejska,0411042,2021,nowy,,,,,,,,,,
4797,kujawsko-pomorskie,radziejowski,Osięciny,gmina wiejska,0411042,2022,nowy,,,,,,,,,,
4798,kujawsko-pomorskie,radziejowski,Osięciny,gmina wiejska,0411042,2023,nowy,,,,,,,,,,
4799,kujawsko-pomorskie,radziejowski,Osięciny,gmina wiejska,0411042,2024,nowy,,,,,,,,,,
4800,kujawsko-pomorskie,radziejowski,Osięciny,gmina wiejska,0411042,2025,nowy,,,,,,,,,,
4801,kujawsko-pomorskie,radziejowski,Piotrków Kujawski,gmina miejsko-wiejska,0411053,2018,nowy,,,,,,,,,,
4802,kujawsko-pomorskie,radziejowski,Piotrków Kujawski,gmina miejsko-wiejska,0411053,2019,nowy,,,,,,,,,,
4803,kujawsko-pomorskie,radziejowski,Piotrków Kujawski,gmina miejsko-wiejska,0411053,2020,nowy,,,,,,,,,,
4804,kujawsko-pomorskie,radziejowski,Piotrków Kujawski,gmina miejsko-wiejska,0411053,2021,nowy,,,,,,,,,,
4805,kujawsko-pomorskie,radziejowski,Piotrków Kujawski,gmina miejsko-wiejska,0411053,2022,nowy,,,,,,,,,,
4806,kujawsko-pomorskie,radziejowski,Piotrków Kujawski,gmina miejsko-wiejska,0411053,2023,nowy,,,,,,,,,,
4807,kujawsko-pomorskie,radziejowski,Piotrków Kujawski,gmina miejsko-wiejska,0411053,2024,nowy,,,,,,,,,,
4808,kujawsko-pomorskie,radziejowski,Piotrków Kujawski,gmina miejsko-wiejska,0411053,2025,nowy,,,,,,,,,,
4809,kujawsko-pomorskie,radziejowski,Radziejów,gmina wiejska,0411062,2018,nowy,,,,,,,,,,
4810,kujawsko-pomorskie,radziejowski,Radziejów,gmina wiejska,0411062,2019,nowy,,,,,,,,,,
4811,kujawsko-pomorskie,radziejowski,Radziejów,gmina wiejska,0411062,2020,nowy,,,,,,,,,,
4812,kujawsko-pomorskie,radziejowski,Radziejów,gmina wiejska,0411062,2021,nowy,,,,,,,,,,
4813,kujawsko-pomorskie,radziejowski,Radziejów,gmina wiejska,0411062,2022,nowy,,,,,,,,,,
4814,kujawsko-pomorskie,radziejowski,Radziejów,gmina wiejska,0411062,2023,nowy,,,,,,,,,,
4815,kujawsko-pomorskie,radziejowski,Radziejów,gmina wiejska,0411062,2024,nowy,,,,,,,,,,
4816,kujawsko-pomorskie,radziejowski,Radziejów,gmina wiejska,0411062,2025,nowy,,,,,,,,,,
4817,kujawsko-pomorskie,radziejowski,Topólka,gmina wiejska,0411072,2018,nowy,,,,,,,,,,
4818,kujawsko-pomorskie,radziejowski,Topólka,gmina wiejska,0411072,2019,nowy,,,,,,,,,,
4819,kujawsko-pomorskie,radziejowski,Topólka,gmina wiejska,0411072,2020,nowy,,,,,,,,,,
4820,kujawsko-pomorskie,radziejowski,Topólka,gmina wiejska,0411072,2021,nowy,,,,,,,,,,
4821,kujawsko-pomorskie,radziejowski,Topólka,gmina wiejska,0411072,2022,nowy,,,,,,,,,,
4822,kujawsko-pomorskie,radziejowski,Topólka,gmina wiejska,0411072,2023,nowy,,,,,,,,,,
4823,kujawsko-pomorskie,radziejowski,Topólka,gmina wiejska,0411072,2024,nowy,,,,,,,,,,
4824,kujawsko-pomorskie,radziejowski,Topólka,gmina wiejska,0411072,2025,nowy,,,,,,,,,,
4825,kujawsko-pomorskie,rypiński,-,-,0412,2018,nowy,,,,,,,,,,
4826,kujawsko-pomorskie,rypiński,-,-,0412,2019,nowy,,,,,,,,,,
4827,kujawsko-pomorskie,rypiński,-,-,0412,2020,nowy,,,,,,,,,,
4828,kujawsko-pomorskie,rypiński,-,-,0412,2021,nowy,,,,,,,,,,
4829,kujawsko-pomorskie,rypiński,-,-,0412,2022,nowy,,,,,,,,,,
4830,kujawsko-pomorskie,rypiński,-,-,0412,2023,nowy,,,,,,,,,,
4831,kujawsko-pomorskie,rypiński,-,-,0412,2024,nowy,,,,,,,,,,
4832,kujawsko-pomorskie,rypiński,-,-,0412,2025,nowy,,,,,,,,,,
4833,kujawsko-pomorskie,rypiński,Rypin,gmina miejska,0412011,2018,nowy,,,,,,,,,,
4834,kujawsko-pomorskie,rypiński,Rypin,gmina miejska,0412011,2019,nowy,,,,,,,,,,
4835,kujawsko-pomorskie,rypiński,Rypin,gmina miejska,0412011,2020,nowy,,,,,,,,,,
4836,kujawsko-pomorskie,rypiński,Rypin,gmina miejska,0412011,2021,nowy,,,,,,,,,,
4837,kujawsko-pomorskie,rypiński,Rypin,gmina miejska,0412011,2022,nowy,,,,,,,,,,
4838,kujawsko-pomorskie,rypiński,Rypin,gmina miejska,0412011,2023,nowy,,,,,,,,,,
4839,kujawsko-pomorskie,rypiński,Rypin,gmina miejska,0412011,2024,nowy,,,,,,,,,,
4840,kujawsko-pomorskie,rypiński,Rypin,gmina miejska,0412011,2025,nowy,,,,,,,,,,
4841,kujawsko-pomorskie,rypiński,Brzuze,gmina wiejska,0412022,2018,nowy,,,,,,,,,,
4842,kujawsko-pomorskie,rypiński,Brzuze,gmina wiejska,0412022,2019,nowy,,,,,,,,,,
4843,kujawsko-pomorskie,rypiński,Brzuze,gmina wiejska,0412022,2020,nowy,,,,,,,,,,
4844,kujawsko-pomorskie,rypiński,Brzuze,gmina wiejska,0412022,2021,nowy,,,,,,,,,,
4845,kujawsko-pomorskie,rypiński,Brzuze,gmina wiejska,0412022,2022,nowy,,,,,,,,,,
4846,kujawsko-pomorskie,rypiński,Brzuze,gmina wiejska,0412022,2023,nowy,,,,,,,,,,
4847,kujawsko-pomorskie,rypiński,Brzuze,gmina wiejska,0412022,2024,nowy,,,,,,,,,,
4848,kujawsko-pomorskie,rypiński,Brzuze,gmina wiejska,0412022,2025,nowy,,,,,,,,,,
4849,kujawsko-pomorskie,rypiński,Rogowo,gmina wiejska,0412032,2018,nowy,,,,,,,,,,
4850,kujawsko-pomorskie,rypiński,Rogowo,gmina wiejska,0412032,2019,nowy,,,,,,,,,,
4851,kujawsko-pomorskie,rypiński,Rogowo,gmina wiejska,0412032,2020,nowy,,,,,,,,,,
4852,kujawsko-pomorskie,rypiński,Rogowo,gmina wiejska,0412032,2021,nowy,,,,,,,,,,
4853,kujawsko-pomorskie,rypiński,Rogowo,gmina wiejska,0412032,2022,nowy,,,,,,,,,,
4854,kujawsko-pomorskie,rypiński,Rogowo,gmina wiejska,0412032,2023,nowy,,,,,,,,,,
4855,kujawsko-pomorskie,rypiński,Rogowo,gmina wiejska,0412032,2024,nowy,,,,,,,,,,
4856,kujawsko-pomorskie,rypiński,Rogowo,gmina wiejska,0412032,2025,nowy,,,,,,,,,,
4857,kujawsko-pomorskie,rypiński,Rypin,gmina wiejska,0412042,2018,nowy,,,,,,,,,,
4858,kujawsko-pomorskie,rypiński,Rypin,gmina wiejska,0412042,2019,nowy,,,,,,,,,,
4859,kujawsko-pomorskie,rypiński,Rypin,gmina wiejska,0412042,2020,nowy,,,,,,,,,,
4860,kujawsko-pomorskie,rypiński,Rypin,gmina wiejska,0412042,2021,nowy,,,,,,,,,,
4861,kujawsko-pomorskie,rypiński,Rypin,gmina wiejska,0412042,2022,nowy,,,,,,,,,,
4862,kujawsko-pomorskie,rypiński,Rypin,gmina wiejska,0412042,2023,nowy,,,,,,,,,,
4863,kujawsko-pomorskie,rypiński,Rypin,gmina wiejska,0412042,2024,nowy,,,,,,,,,,
4864,kujawsko-pomorskie,rypiński,Rypin,gmina wiejska,0412042,2025,nowy,,,,,,,,,,
4865,kujawsko-pomorskie,rypiński,Skrwilno,gmina wiejska,0412052,2018,nowy,,,,,,,,,,
4866,kujawsko-pomorskie,rypiński,Skrwilno,gmina wiejska,0412052,2019,nowy,,,,,,,,,,
4867,kujawsko-pomorskie,rypiński,Skrwilno,gmina wiejska,0412052,2020,nowy,,,,,,,,,,
4868,kujawsko-pomorskie,rypiński,Skrwilno,gmina wiejska,0412052,2021,nowy,,,,,,,,,,
4869,kujawsko-pomorskie,rypiński,Skrwilno,gmina wiejska,0412052,2022,nowy,,,,,,,,,,
4870,kujawsko-pomorskie,rypiński,Skrwilno,gmina wiejska,0412052,2023,nowy,,,,,,,,,,
4871,kujawsko-pomorskie,rypiński,Skrwilno,gmina wiejska,0412052,2024,nowy,,,,,,,,,,
4872,kujawsko-pomorskie,rypiński,Skrwilno,gmina wiejska,0412052,2025,nowy,,,,,,,,,,
4873,kujawsko-pomorskie,rypiński,Wąpielsk,gmina wiejska,0412062,2018,nowy,,,,,,,,,,
4874,kujawsko-pomorskie,rypiński,Wąpielsk,gmina wiejska,0412062,2019,nowy,,,,,,,,,,
4875,kujawsko-pomorskie,rypiński,Wąpielsk,gmina wiejska,0412062,2020,nowy,,,,,,,,,,
4876,kujawsko-pomorskie,rypiński,Wąpielsk,gmina wiejska,0412062,2021,nowy,,,,,,,,,,
4877,kujawsko-pomorskie,rypiński,Wąpielsk,gmina wiejska,0412062,2022,nowy,,,,,,,,,,
4878,kujawsko-pomorskie,rypiński,Wąpielsk,gmina wiejska,0412062,2023,nowy,,,,,,,,,,
4879,kujawsko-pomorskie,rypiński,Wąpielsk,gmina wiejska,0412062,2024,nowy,,,,,,,,,,
4880,kujawsko-pomorskie,rypiński,Wąpielsk,gmina wiejska,0412062,2025,nowy,,,,,,,,,,
4881,kujawsko-pomorskie,sępoleński,-,-,0413,2018,nowy,,,,,,,,,,
4882,kujawsko-pomorskie,sępoleński,-,-,0413,2019,nowy,,,,,,,,,,
4883,kujawsko-pomorskie,sępoleński,-,-,0413,2020,nowy,,,,,,,,,,
4884,kujawsko-pomorskie,sępoleński,-,-,0413,2021,nowy,,,,,,,,,,
4885,kujawsko-pomorskie,sępoleński,-,-,0413,2022,nowy,,,,,,,,,,
4886,kujawsko-pomorskie,sępoleński,-,-,0413,2023,nowy,,,,,,,,,,
4887,kujawsko-pomorskie,sępoleński,-,-,0413,2024,nowy,,,,,,,,,,
4888,kujawsko-pomorskie,sępoleński,-,-,0413,2025,nowy,,,,,,,,,,
4889,kujawsko-pomorskie,sępoleński,Kamień Krajeński,gmina miejsko-wiejska,0413013,2018,nowy,,,,,,,,,,
4890,kujawsko-pomorskie,sępoleński,Kamień Krajeński,gmina miejsko-wiejska,0413013,2019,nowy,,,,,,,,,,
4891,kujawsko-pomorskie,sępoleński,Kamień Krajeński,gmina miejsko-wiejska,0413013,2020,nowy,,,,,,,,,,
4892,kujawsko-pomorskie,sępoleński,Kamień Krajeński,gmina miejsko-wiejska,0413013,2021,nowy,,,,,,,,,,
4893,kujawsko-pomorskie,sępoleński,Kamień Krajeński,gmina miejsko-wiejska,0413013,2022,nowy,,,,,,,,,,
4894,kujawsko-pomorskie,sępoleński,Kamień Krajeński,gmina miejsko-wiejska,0413013,2023,nowy,,,,,,,,,,
4895,kujawsko-pomorskie,sępoleński,Kamień Krajeński,gmina miejsko-wiejska,0413013,2024,nowy,,,,,,,,,,
4896,kujawsko-pomorskie,sępoleński,Kamień Krajeński,gmina miejsko-wiejska,0413013,2025,nowy,,,,,,,,,,
4897,kujawsko-pomorskie,sępoleński,Sępólno Krajeńskie,gmina miejsko-wiejska,0413023,2018,nowy,,,,,,,,,,
4898,kujawsko-pomorskie,sępoleński,Sępólno Krajeńskie,gmina miejsko-wiejska,0413023,2019,nowy,,,,,,,,,,
4899,kujawsko-pomorskie,sępoleński,Sępólno Krajeńskie,gmina miejsko-wiejska,0413023,2020,nowy,,,,,,,,,,
4900,kujawsko-pomorskie,sępoleński,Sępólno Krajeńskie,gmina miejsko-wiejska,0413023,2021,nowy,,,,,,,,,,
4901,kujawsko-pomorskie,sępoleński,Sępólno Krajeńskie,gmina miejsko-wiejska,0413023,2022,nowy,,,,,,,,,,
4902,kujawsko-pomorskie,sępoleński,Sępólno Krajeńskie,gmina miejsko-wiejska,0413023,2023,nowy,,,,,,,,,,
4903,kujawsko-pomorskie,sępoleński,Sępólno Krajeńskie,gmina miejsko-wiejska,0413023,2024,nowy,,,,,,,,,,
4904,kujawsko-pomorskie,sępoleński,Sępólno Krajeńskie,gmina miejsko-wiejska,0413023,2025,nowy,,,,,,,,,,
4905,kujawsko-pomorskie,sępoleński,Sośno,gmina wiejska,0413032,2018,nowy,,,,,,,,,,
4906,kujawsko-pomorskie,sępoleński,Sośno,gmina wiejska,0413032,2019,nowy,,,,,,,,,,
4907,kujawsko-pomorskie,sępoleński,Sośno,gmina wiejska,0413032,2020,nowy,,,,,,,,,,
4908,kujawsko-pomorskie,sępoleński,Sośno,gmina wiejska,0413032,2021,nowy,,,,,,,,,,
4909,kujawsko-pomorskie,sępoleński,Sośno,gmina wiejska,0413032,2022,nowy,,,,,,,,,,
4910,kujawsko-pomorskie,sępoleński,Sośno,gmina wiejska,0413032,2023,nowy,,,,,,,,,,
4911,kujawsko-pomorskie,sępoleński,Sośno,gmina wiejska,0413032,2024,nowy,,,,,,,,,,
4912,kujawsko-pomorskie,sępoleński,Sośno,gmina wiejska,0413032,2025,nowy,,,,,,,,,,
4913,kujawsko-pomorskie,sępoleński,Więcbork,gmina miejsko-wiejska,0413043,2018,nowy,,,,,,,,,,
4914,kujawsko-pomorskie,sępoleński,Więcbork,gmina miejsko-wiejska,0413043,2019,nowy,,,,,,,,,,
4915,kujawsko-pomorskie,sępoleński,Więcbork,gmina miejsko-wiejska,0413043,2020,nowy,,,,,,,,,,
4916,kujawsko-pomorskie,sępoleński,Więcbork,gmina miejsko-wiejska,0413043,2021,nowy,,,,,,,,,,
4917,kujawsko-pomorskie,sępoleński,Więcbork,gmina miejsko-wiejska,0413043,2022,nowy,,,,,,,,,,
4918,kujawsko-pomorskie,sępoleński,Więcbork,gmina miejsko-wiejska,0413043,2023,nowy,,,,,,,,,,
4919,kujawsko-pomorskie,sępoleński,Więcbork,gmina miejsko-wiejska,0413043,2024,nowy,,,,,,,,,,
4920,kujawsko-pomorskie,sępoleński,Więcbork,gmina miejsko-wiejska,0413043,2025,nowy,,,,,,,,,,
4921,kujawsko-pomorskie,świecki,-,-,0414,2018,nowy,,,,,,,,,,
4922,kujawsko-pomorskie,świecki,-,-,0414,2019,nowy,,,,,,,,,,
4923,kujawsko-pomorskie,świecki,-,-,0414,2020,nowy,,,,,,,,,,
4924,kujawsko-pomorskie,świecki,-,-,0414,2021,nowy,,,,,,,,,,
4925,kujawsko-pomorskie,świecki,-,-,0414,2022,nowy,,,,,,,,,,
4926,kujawsko-pomorskie,świecki,-,-,0414,2023,nowy,,,,,,,,,,
4927,kujawsko-pomorskie,świecki,-,-,0414,2024,nowy,,,,,,,,,,
4928,kujawsko-pomorskie,świecki,-,-,0414,2025,nowy,,,,,,,,,,
4929,kujawsko-pomorskie,świecki,Bukowiec,gmina wiejska,0414012,2018,nowy,,,,,,,,,,
4930,kujawsko-pomorskie,świecki,Bukowiec,gmina wiejska,0414012,2019,nowy,,,,,,,,,,
4931,kujawsko-pomorskie,świecki,Bukowiec,gmina wiejska,0414012,2020,nowy,,,,,,,,,,
4932,kujawsko-pomorskie,świecki,Bukowiec,gmina wiejska,0414012,2021,nowy,,,,,,,,,,
4933,kujawsko-pomorskie,świecki,Bukowiec,gmina wiejska,0414012,2022,nowy,,,,,,,,,,
4934,kujawsko-pomorskie,świecki,Bukowiec,gmina wiejska,0414012,2023,nowy,,,,,,,,,,
4935,kujawsko-pomorskie,świecki,Bukowiec,gmina wiejska,0414012,2024,nowy,,,,,,,,,,
4936,kujawsko-pomorskie,świecki,Bukowiec,gmina wiejska,0414012,2025,nowy,,,,,,,,,,
4937,kujawsko-pomorskie,świecki,Dragacz,gmina wiejska,0414022,2018,nowy,,,,,,,,,,
4938,kujawsko-pomorskie,świecki,Dragacz,gmina wiejska,0414022,2019,nowy,,,,,,,,,,
4939,kujawsko-pomorskie,świecki,Dragacz,gmina wiejska,0414022,2020,nowy,,,,,,,,,,
4940,kujawsko-pomorskie,świecki,Dragacz,gmina wiejska,0414022,2021,nowy,,,,,,,,,,
4941,kujawsko-pomorskie,świecki,Dragacz,gmina wiejska,0414022,2022,nowy,,,,,,,,,,
4942,kujawsko-pomorskie,świecki,Dragacz,gmina wiejska,0414022,2023,nowy,,,,,,,,,,
4943,kujawsko-pomorskie,świecki,Dragacz,gmina wiejska,0414022,2024,nowy,,,,,,,,,,
4944,kujawsko-pomorskie,świecki,Dragacz,gmina wiejska,0414022,2025,nowy,,,,,,,,,,
4945,kujawsko-pomorskie,świecki,Drzycim,gmina wiejska,0414032,2018,nowy,,,,,,,,,,
4946,kujawsko-pomorskie,świecki,Drzycim,gmina wiejska,0414032,2019,nowy,,,,,,,,,,
4947,kujawsko-pomorskie,świecki,Drzycim,gmina wiejska,0414032,2020,nowy,,,,,,,,,,
4948,kujawsko-pomorskie,świecki,Drzycim,gmina wiejska,0414032,2021,nowy,,,,,,,,,,
4949,kujawsko-pomorskie,świecki,Drzycim,gmina wiejska,0414032,2022,nowy,,,,,,,,,,
4950,kujawsko-pomorskie,świecki,Drzycim,gmina wiejska,0414032,2023,nowy,,,,,,,,,,
4951,kujawsko-pomorskie,świecki,Drzycim,gmina wiejska,0414032,2024,nowy,,,,,,,,,,
4952,kujawsko-pomorskie,świecki,Drzycim,gmina wiejska,0414032,2025,nowy,,,,,,,,,,
4953,kujawsko-pomorskie,świecki,Jeżewo,gmina wiejska,0414042,2018,nowy,,,,,,,,,,
4954,kujawsko-pomorskie,świecki,Jeżewo,gmina wiejska,0414042,2019,nowy,,,,,,,,,,
4955,kujawsko-pomorskie,świecki,Jeżewo,gmina wiejska,0414042,2020,nowy,,,,,,,,,,
4956,kujawsko-pomorskie,świecki,Jeżewo,gmina wiejska,0414042,2021,nowy,,,,,,,,,,
4957,kujawsko-pomorskie,świecki,Jeżewo,gmina wiejska,0414042,2022,nowy,,,,,,,,,,
4958,kujawsko-pomorskie,świecki,Jeżewo,gmina wiejska,0414042,2023,nowy,,,,,,,,,,
4959,kujawsko-pomorskie,świecki,Jeżewo,gmina wiejska,0414042,2024,nowy,,,,,,,,,,
4960,kujawsko-pomorskie,świecki,Jeżewo,gmina wiejska,0414042,2025,nowy,,,,,,,,,,
4961,kujawsko-pomorskie,świecki,Lniano,gmina wiejska,0414052,2018,nowy,,,,,,,,,,
4962,kujawsko-pomorskie,świecki,Lniano,gmina wiejska,0414052,2019,nowy,,,,,,,,,,
4963,kujawsko-pomorskie,świecki,Lniano,gmina wiejska,0414052,2020,nowy,,,,,,,,,,
4964,kujawsko-pomorskie,świecki,Lniano,gmina wiejska,0414052,2021,nowy,,,,,,,,,,
4965,kujawsko-pomorskie,świecki,Lniano,gmina wiejska,0414052,2022,nowy,,,,,,,,,,
4966,kujawsko-pomorskie,świecki,Lniano,gmina wiejska,0414052,2023,nowy,,,,,,,,,,
4967,kujawsko-pomorskie,świecki,Lniano,gmina wiejska,0414052,2024,nowy,,,,,,,,,,
4968,kujawsko-pomorskie,świecki,Lniano,gmina wiejska,0414052,2025,nowy,,,,,,,,,,
4969,kujawsko-pomorskie,świecki,Nowe,gmina miejsko-wiejska,0414063,2018,nowy,,,,,,,,,,
4970,kujawsko-pomorskie,świecki,Nowe,gmina miejsko-wiejska,0414063,2019,nowy,,,,,,,,,,
4971,kujawsko-pomorskie,świecki,Nowe,gmina miejsko-wiejska,0414063,2020,nowy,,,,,,,,,,
4972,kujawsko-pomorskie,świecki,Nowe,gmina miejsko-wiejska,0414063,2021,nowy,,,,,,,,,,
4973,kujawsko-pomorskie,świecki,Nowe,gmina miejsko-wiejska,0414063,2022,nowy,,,,,,,,,,
4974,kujawsko-pomorskie,świecki,Nowe,gmina miejsko-wiejska,0414063,2023,nowy,,,,,,,,,,
4975,kujawsko-pomorskie,świecki,Nowe,gmina miejsko-wiejska,0414063,2024,nowy,,,,,,,,,,
4976,kujawsko-pomorskie,świecki,Nowe,gmina miejsko-wiejska,0414063,2025,nowy,,,,,,,,,,
4977,kujawsko-pomorskie,świecki,Osie,gmina wiejska,0414072,2018,nowy,,,,,,,,,,
4978,kujawsko-pomorskie,świecki,Osie,gmina wiejska,0414072,2019,nowy,,,,,,,,,,
4979,kujawsko-pomorskie,świecki,Osie,gmina wiejska,0414072,2020,nowy,,,,,,,,,,
4980,kujawsko-pomorskie,świecki,Osie,gmina wiejska,0414072,2021,nowy,,,,,,,,,,
4981,kujawsko-pomorskie,świecki,Osie,gmina wiejska,0414072,2022,nowy,,,,,,,,,,
4982,kujawsko-pomorskie,świecki,Osie,gmina wiejska,0414072,2023,nowy,,,,,,,,,,
4983,kujawsko-pomorskie,świecki,Osie,gmina wiejska,0414072,2024,nowy,,,,,,,,,,
4984,kujawsko-pomorskie,świecki,Osie,gmina wiejska,0414072,2025,nowy,,,,,,,,,,
4985,kujawsko-pomorskie,świecki,Pruszcz,gmina wiejska,0414082,2018,nowy,,,,,,,,,,
4986,kujawsko-pomorskie,świecki,Pruszcz,gmina wiejska,0414082,2019,nowy,,,,,,,,,,
4987,kujawsko-pomorskie,świecki,Pruszcz,gmina wiejska,0414082,2020,nowy,,,,,,,,,,
4988,kujawsko-pomorskie,świecki,Pruszcz,gmina wiejska,0414082,2021,nowy,,,,,,,,,,
4989,kujawsko-pomorskie,świecki,Pruszcz,gmina miejsko-wiejska,0414083,2022,nowy,,,,,,,,,,
4990,kujawsko-pomorskie,świecki,Pruszcz,gmina miejsko-wiejska,0414083,2023,nowy,,,,,,,,,,
4991,kujawsko-pomorskie,świecki,Pruszcz,gmina miejsko-wiejska,0414083,2024,nowy,,,,,,,,,,
4992,kujawsko-pomorskie,świecki,Pruszcz,gmina miejsko-wiejska,0414083,2025,nowy,,,,,,,,,,
4993,kujawsko-pomorskie,świecki,Świecie,gmina miejsko-wiejska,0414093,2018,nowy,,,,,,,,,,
4994,kujawsko-pomorskie,świecki,Świecie,gmina miejsko-wiejska,0414093,2019,nowy,,,,,,,,,,
4995,kujawsko-pomorskie,świecki,Świecie,gmina miejsko-wiejska,0414093,2020,nowy,,,,,,,,,,
4996,kujawsko-pomorskie,świecki,Świecie,gmina miejsko-wiejska,0414093,2021,nowy,,,,,,,,,,
4997,kujawsko-pomorskie,świecki,Świecie,gmina miejsko-wiejska,0414093,2022,nowy,,,,,,,,,,
4998,kujawsko-pomorskie,świecki,Świecie,gmina miejsko-wiejska,0414093,2023,nowy,,,,,,,,,,
4999,kujawsko-pomorskie,świecki,Świecie,gmina miejsko-wiejska,0414093,2024,nowy,,,,,,,,,,
5000,kujawsko-pomorskie,świecki,Świecie,gmina miejsko-wiejska,0414093,2025,nowy,,,,,,,,,,
5001,kujawsko-pomorskie,świecki,Świekatowo,gmina wiejska,0414102,2018,nowy,,,,,,,,,,
5002,kujawsko-pomorskie,świecki,Świekatowo,gmina wiejska,0414102,2019,nowy,,,,,,,,,,
5003,kujawsko-pomorskie,świecki,Świekatowo,gmina wiejska,0414102,2020,nowy,,,,,,,,,,
5004,kujawsko-pomorskie,świecki,Świekatowo,gmina wiejska,0414102,2021,nowy,,,,,,,,,,
5005,kujawsko-pomorskie,świecki,Świekatowo,gmina wiejska,0414102,2022,nowy,,,,,,,,,,
5006,kujawsko-pomorskie,świecki,Świekatowo,gmina wiejska,0414102,2023,nowy,,,,,,,,,,
5007,kujawsko-pomorskie,świecki,Świekatowo,gmina wiejska,0414102,2024,nowy,,,,,,,,,,
5008,kujawsko-pomorskie,świecki,Świekatowo,gmina wiejska,0414102,2025,nowy,,,,,,,,,,
5009,kujawsko-pomorskie,świecki,Warlubie,gmina wiejska,0414112,2018,nowy,,,,,,,,,,
5010,kujawsko-pomorskie,świecki,Warlubie,gmina wiejska,0414112,2019,nowy,,,,,,,,,,
5011,kujawsko-pomorskie,świecki,Warlubie,gmina wiejska,0414112,2020,nowy,,,,,,,,,,
5012,kujawsko-pomorskie,świecki,Warlubie,gmina wiejska,0414112,2021,nowy,,,,,,,,,,
5013,kujawsko-pomorskie,świecki,Warlubie,gmina wiejska,0414112,2022,nowy,,,,,,,,,,
5014,kujawsko-pomorskie,świecki,Warlubie,gmina wiejska,0414112,2023,nowy,,,,,,,,,,
5015,kujawsko-pomorskie,świecki,Warlubie,gmina wiejska,0414112,2024,nowy,,,,,,,,,,
5016,kujawsko-pomorskie,świecki,Warlubie,gmina wiejska,0414112,2025,nowy,,,,,,,,,,
5017,kujawsko-pomorskie,toruński,-,-,0415,2018,nowy,,,,,,,,,,
5018,kujawsko-pomorskie,toruński,-,-,0415,2019,nowy,,,,,,,,,,
5019,kujawsko-pomorskie,toruński,-,-,0415,2020,nowy,,,,,,,,,,
5020,kujawsko-pomorskie,toruński,-,-,0415,2021,nowy,,,,,,,,,,
5021,kujawsko-pomorskie,toruński,-,-,0415,2022,nowy,,,,,,,,,,
5022,kujawsko-pomorskie,toruński,-,-,0415,2023,nowy,,,,,,,,,,
5023,kujawsko-pomorskie,toruński,-,-,0415,2024,nowy,,,,,,,,,,
5024,kujawsko-pomorskie,toruński,-,-,0415,2025,nowy,,,,,,,,,,
5025,kujawsko-pomorskie,toruński,Chełmża,gmina miejska,0415011,2018,nowy,,,,,,,,,,
5026,kujawsko-pomorskie,toruński,Chełmża,gmina miejska,0415011,2019,nowy,,,,,,,,,,
5027,kujawsko-pomorskie,toruński,Chełmża,gmina miejska,0415011,2020,nowy,,,,,,,,,,
5028,kujawsko-pomorskie,toruński,Chełmża,gmina miejska,0415011,2021,nowy,,,,,,,,,,
5029,kujawsko-pomorskie,toruński,Chełmża,gmina miejska,0415011,2022,nowy,,,,,,,,,,
5030,kujawsko-pomorskie,toruński,Chełmża,gmina miejska,0415011,2023,nowy,,,,,,,,,,
5031,kujawsko-pomorskie,toruński,Chełmża,gmina miejska,0415011,2024,nowy,,,,,,,,,,
5032,kujawsko-pomorskie,toruński,Chełmża,gmina miejska,0415011,2025,nowy,,,,,,,,,,
5033,kujawsko-pomorskie,toruński,Chełmża,gmina wiejska,0415022,2018,nowy,,,,,,,,,,
5034,kujawsko-pomorskie,toruński,Chełmża,gmina wiejska,0415022,2019,nowy,,,,,,,,,,
5035,kujawsko-pomorskie,toruński,Chełmża,gmina wiejska,0415022,2020,nowy,,,,,,,,,,
5036,kujawsko-pomorskie,toruński,Chełmża,gmina wiejska,0415022,2021,nowy,,,,,,,,,,
5037,kujawsko-pomorskie,toruński,Chełmża,gmina wiejska,0415022,2022,nowy,,,,,,,,,,
5038,kujawsko-pomorskie,toruński,Chełmża,gmina wiejska,0415022,2023,nowy,,,,,,,,,,
5039,kujawsko-pomorskie,toruński,Chełmża,gmina wiejska,0415022,2024,nowy,,,,,,,,,,
5040,kujawsko-pomorskie,toruński,Chełmża,gmina wiejska,0415022,2025,nowy,,,,,,,,,,
5041,kujawsko-pomorskie,toruński,Czernikowo,gmina wiejska,0415032,2018,nowy,,,,,,,,,,
5042,kujawsko-pomorskie,toruński,Czernikowo,gmina wiejska,0415032,2019,nowy,,,,,,,,,,
5043,kujawsko-pomorskie,toruński,Czernikowo,gmina wiejska,0415032,2020,nowy,,,,,,,,,,
5044,kujawsko-pomorskie,toruński,Czernikowo,gmina wiejska,0415032,2021,nowy,,,,,,,,,,
5045,kujawsko-pomorskie,toruński,Czernikowo,gmina wiejska,0415032,2022,nowy,,,,,,,,,,
5046,kujawsko-pomorskie,toruński,Czernikowo,gmina wiejska,0415032,2023,nowy,,,,,,,,,,
5047,kujawsko-pomorskie,toruński,Czernikowo,gmina wiejska,0415032,2024,nowy,,,,,,,,,,
5048,kujawsko-pomorskie,toruński,Czernikowo,gmina wiejska,0415032,2025,nowy,,,,,,,,,,
5049,kujawsko-pomorskie,toruński,Lubicz,gmina wiejska,0415042,2018,nowy,,,,,,,,,,
5050,kujawsko-pomorskie,toruński,Lubicz,gmina wiejska,0415042,2019,nowy,,,,,,,,,,
5051,kujawsko-pomorskie,toruński,Lubicz,gmina wiejska,0415042,2020,nowy,,,,,,,,,,
5052,kujawsko-pomorskie,toruński,Lubicz,gmina wiejska,0415042,2021,nowy,,,,,,,,,,
5053,kujawsko-pomorskie,toruński,Lubicz,gmina wiejska,0415042,2022,nowy,,,,,,,,,,
5054,kujawsko-pomorskie,toruński,Lubicz,gmina wiejska,0415042,2023,nowy,,,,,,,,,,
5055,kujawsko-pomorskie,toruński,Lubicz,gmina wiejska,0415042,2024,nowy,,,,,,,,,,
5056,kujawsko-pomorskie,toruński,Lubicz,gmina wiejska,0415042,2025,nowy,,,,,,,,,,
5057,kujawsko-pomorskie,toruński,Łubianka,gmina wiejska,0415052,2018,nowy,,,,,,,,,,
5058,kujawsko-pomorskie,toruński,Łubianka,gmina wiejska,0415052,2019,nowy,,,,,,,,,,
5059,kujawsko-pomorskie,toruński,Łubianka,gmina wiejska,0415052,2020,nowy,,,,,,,,,,
5060,kujawsko-pomorskie,toruński,Łubianka,gmina wiejska,0415052,2021,nowy,,,,,,,,,,
5061,kujawsko-pomorskie,toruński,Łubianka,gmina wiejska,0415052,2022,nowy,,,,,,,,,,
5062,kujawsko-pomorskie,toruński,Łubianka,gmina wiejska,0415052,2023,nowy,,,,,,,,,,
5063,kujawsko-pomorskie,toruński,Łubianka,gmina wiejska,0415052,2024,nowy,,,,,,,,,,
5064,kujawsko-pomorskie,toruński,Łubianka,gmina wiejska,0415052,2025,nowy,,,,,,,,,,
5065,kujawsko-pomorskie,toruński,Łysomice,gmina wiejska,0415062,2018,nowy,,,,,,,,,,
5066,kujawsko-pomorskie,toruński,Łysomice,gmina wiejska,0415062,2019,nowy,,,,,,,,,,
5067,kujawsko-pomorskie,toruński,Łysomice,gmina wiejska,0415062,2020,nowy,,,,,,,,,,
5068,kujawsko-pomorskie,toruński,Łysomice,gmina wiejska,0415062,2021,nowy,,,,,,,,,,
5069,kujawsko-pomorskie,toruński,Łysomice,gmina wiejska,0415062,2022,nowy,,,,,,,,,,
5070,kujawsko-pomorskie,toruński,Łysomice,gmina wiejska,0415062,2023,nowy,,,,,,,,,,
5071,kujawsko-pomorskie,toruński,Łysomice,gmina wiejska,0415062,2024,nowy,,,,,,,,,,
5072,kujawsko-pomorskie,toruński,Łysomice,gmina wiejska,0415062,2025,nowy,,,,,,,,,,
5073,kujawsko-pomorskie,toruński,Obrowo,gmina wiejska,0415072,2018,nowy,,,,,,,,,,
5074,kujawsko-pomorskie,toruński,Obrowo,gmina wiejska,0415072,2019,nowy,,,,,,,,,,
5075,kujawsko-pomorskie,toruński,Obrowo,gmina wiejska,0415072,2020,nowy,,,,,,,,,,
5076,kujawsko-pomorskie,toruński,Obrowo,gmina wiejska,0415072,2021,nowy,,,,,,,,,,
5077,kujawsko-pomorskie,toruński,Obrowo,gmina wiejska,0415072,2022,nowy,,,,,,,,,,
5078,kujawsko-pomorskie,toruński,Obrowo,gmina wiejska,0415072,2023,nowy,,,,,,,,,,
5079,kujawsko-pomorskie,toruński,Obrowo,gmina wiejska,0415072,2024,nowy,,,,,,,,,,
5080,kujawsko-pomorskie,toruński,Obrowo,gmina wiejska,0415072,2025,nowy,,,,,,,,,,
5081,kujawsko-pomorskie,toruński,Wielka Nieszawka,gmina wiejska,0415082,2018,nowy,,,,,,,,,,
5082,kujawsko-pomorskie,toruński,Wielka Nieszawka,gmina wiejska,0415082,2019,nowy,,,,,,,,,,
5083,kujawsko-pomorskie,toruński,Wielka Nieszawka,gmina wiejska,0415082,2020,nowy,,,,,,,,,,
5084,kujawsko-pomorskie,toruński,Wielka Nieszawka,gmina wiejska,0415082,2021,nowy,,,,,,,,,,
5085,kujawsko-pomorskie,toruński,Wielka Nieszawka,gmina wiejska,0415082,2022,nowy,,,,,,,,,,
5086,kujawsko-pomorskie,toruński,Wielka Nieszawka,gmina wiejska,0415082,2023,nowy,,,,,,,,,,
5087,kujawsko-pomorskie,toruński,Wielka Nieszawka,gmina wiejska,0415082,2024,nowy,,,,,,,,,,
5088,kujawsko-pomorskie,toruński,Wielka Nieszawka,gmina wiejska,0415082,2025,nowy,,,,,,,,,,
5089,kujawsko-pomorskie,toruński,Zławieś Wielka,gmina wiejska,0415092,2018,nowy,,,,,,,,,,
5090,kujawsko-pomorskie,toruński,Zławieś Wielka,gmina wiejska,0415092,2019,nowy,,,,,,,,,,
5091,kujawsko-pomorskie,toruński,Zławieś Wielka,gmina wiejska,0415092,2020,nowy,,,,,,,,,,
5092,kujawsko-pomorskie,toruński,Zławieś Wielka,gmina wiejska,0415092,2021,nowy,,,,,,,,,,
5093,kujawsko-pomorskie,toruński,Zławieś Wielka,gmina wiejska,0415092,2022,nowy,,,,,,,,,,
5094,kujawsko-pomorskie,toruński,Zławieś Wielka,gmina wiejska,0415092,2023,nowy,,,,,,,,,,
5095,kujawsko-pomorskie,toruński,Zławieś Wielka,gmina wiejska,0415092,2024,nowy,,,,,,,,,,
5096,kujawsko-pomorskie,toruński,Zławieś Wielka,gmina wiejska,0415092,2025,nowy,,,,,,,,,,
5097,kujawsko-pomorskie,tucholski,-,-,0416,2018,nowy,,,,,,,,,,
5098,kujawsko-pomorskie,tucholski,-,-,0416,2019,nowy,,,,,,,,,,
5099,kujawsko-pomorskie,tucholski,-,-,0416,2020,nowy,,,,,,,,,,
5100,kujawsko-pomorskie,tucholski,-,-,0416,2021,nowy,,,,,,,,,,
5101,kujawsko-pomorskie,tucholski,-,-,0416,2022,nowy,,,,,,,,,,
5102,kujawsko-pomorskie,tucholski,-,-,0416,2023,nowy,,,,,,,,,,
5103,kujawsko-pomorskie,tucholski,-,-,0416,2024,nowy,,,,,,,,,,
5104,kujawsko-pomorskie,tucholski,-,-,0416,2025,nowy,,,,,,,,,,
5105,kujawsko-pomorskie,tucholski,Cekcyn,gmina wiejska,0416012,2018,nowy,,,,,,,,,,
5106,kujawsko-pomorskie,tucholski,Cekcyn,gmina wiejska,0416012,2019,nowy,,,,,,,,,,
5107,kujawsko-pomorskie,tucholski,Cekcyn,gmina wiejska,0416012,2020,nowy,,,,,,,,,,
5108,kujawsko-pomorskie,tucholski,Cekcyn,gmina wiejska,0416012,2021,nowy,,,,,,,,,,
5109,kujawsko-pomorskie,tucholski,Cekcyn,gmina wiejska,0416012,2022,nowy,,,,,,,,,,
5110,kujawsko-pomorskie,tucholski,Cekcyn,gmina wiejska,0416012,2023,nowy,,,,,,,,,,
5111,kujawsko-pomorskie,tucholski,Cekcyn,gmina wiejska,0416012,2024,nowy,,,,,,,,,,
5112,kujawsko-pomorskie,tucholski,Cekcyn,gmina wiejska,0416012,2025,nowy,,,,,,,,,,
5113,kujawsko-pomorskie,tucholski,Gostycyn,gmina wiejska,0416022,2018,nowy,,,,,,,,,,
5114,kujawsko-pomorskie,tucholski,Gostycyn,gmina wiejska,0416022,2019,nowy,,,,,,,,,,
5115,kujawsko-pomorskie,tucholski,Gostycyn,gmina wiejska,0416022,2020,nowy,,,,,,,,,,
5116,kujawsko-pomorskie,tucholski,Gostycyn,gmina wiejska,0416022,2021,nowy,,,,,,,,,,
5117,kujawsko-pomorskie,tucholski,Gostycyn,gmina wiejska,0416022,2022,nowy,,,,,,,,,,
5118,kujawsko-pomorskie,tucholski,Gostycyn,gmina wiejska,0416022,2023,nowy,,,,,,,,,,
5119,kujawsko-pomorskie,tucholski,Gostycyn,gmina wiejska,0416022,2024,nowy,,,,,,,,,,
5120,kujawsko-pomorskie,tucholski,Gostycyn,gmina wiejska,0416022,2025,nowy,,,,,,,,,,
5121,kujawsko-pomorskie,tucholski,Kęsowo,gmina wiejska,0416032,2018,nowy,,,,,,,,,,
5122,kujawsko-pomorskie,tucholski,Kęsowo,gmina wiejska,0416032,2019,nowy,,,,,,,,,,
5123,kujawsko-pomorskie,tucholski,Kęsowo,gmina wiejska,0416032,2020,nowy,,,,,,,,,,
5124,kujawsko-pomorskie,tucholski,Kęsowo,gmina wiejska,0416032,2021,nowy,,,,,,,,,,
5125,kujawsko-pomorskie,tucholski,Kęsowo,gmina wiejska,0416032,2022,nowy,,,,,,,,,,
5126,kujawsko-pomorskie,tucholski,Kęsowo,gmina wiejska,0416032,2023,nowy,,,,,,,,,,
5127,kujawsko-pomorskie,tucholski,Kęsowo,gmina wiejska,0416032,2024,nowy,,,,,,,,,,
5128,kujawsko-pomorskie,tucholski,Kęsowo,gmina wiejska,0416032,2025,nowy,,,,,,,,,,
5129,kujawsko-pomorskie,tucholski,Lubiewo,gmina wiejska,0416042,2018,nowy,,,,,,,,,,
5130,kujawsko-pomorskie,tucholski,Lubiewo,gmina wiejska,0416042,2019,nowy,,,,,,,,,,
5131,kujawsko-pomorskie,tucholski,Lubiewo,gmina wiejska,0416042,2020,nowy,,,,,,,,,,
5132,kujawsko-pomorskie,tucholski,Lubiewo,gmina wiejska,0416042,2021,nowy,,,,,,,,,,
5133,kujawsko-pomorskie,tucholski,Lubiewo,gmina wiejska,0416042,2022,nowy,,,,,,,,,,
5134,kujawsko-pomorskie,tucholski,Lubiewo,gmina wiejska,0416042,2023,nowy,,,,,,,,,,
5135,kujawsko-pomorskie,tucholski,Lubiewo,gmina wiejska,0416042,2024,nowy,,,,,,,,,,
5136,kujawsko-pomorskie,tucholski,Lubiewo,gmina wiejska,0416042,2025,nowy,,,,,,,,,,
5137,kujawsko-pomorskie,tucholski,Śliwice,gmina wiejska,0416052,2018,nowy,,,,,,,,,,
5138,kujawsko-pomorskie,tucholski,Śliwice,gmina wiejska,0416052,2019,nowy,,,,,,,,,,
5139,kujawsko-pomorskie,tucholski,Śliwice,gmina wiejska,0416052,2020,nowy,,,,,,,,,,
5140,kujawsko-pomorskie,tucholski,Śliwice,gmina wiejska,0416052,2021,nowy,,,,,,,,,,
5141,kujawsko-pomorskie,tucholski,Śliwice,gmina wiejska,0416052,2022,nowy,,,,,,,,,,
5142,kujawsko-pomorskie,tucholski,Śliwice,gmina wiejska,0416052,2023,nowy,,,,,,,,,,
5143,kujawsko-pomorskie,tucholski,Śliwice,gmina wiejska,0416052,2024,nowy,,,,,,,,,,
5144,kujawsko-pomorskie,tucholski,Śliwice,gmina wiejska,0416052,2025,nowy,,,,,,,,,,
5145,kujawsko-pomorskie,tucholski,Tuchola,gmina miejsko-wiejska,0416063,2018,nowy,,,,,,,,,,
5146,kujawsko-pomorskie,tucholski,Tuchola,gmina miejsko-wiejska,0416063,2019,nowy,,,,,,,,,,
5147,kujawsko-pomorskie,tucholski,Tuchola,gmina miejsko-wiejska,0416063,2020,nowy,,,,,,,,,,
5148,kujawsko-pomorskie,tucholski,Tuchola,gmina miejsko-wiejska,0416063,2021,nowy,,,,,,,,,,
5149,kujawsko-pomorskie,tucholski,Tuchola,gmina miejsko-wiejska,0416063,2022,nowy,,,,,,,,,,
5150,kujawsko-pomorskie,tucholski,Tuchola,gmina miejsko-wiejska,0416063,2023,nowy,,,,,,,,,,
5151,kujawsko-pomorskie,tucholski,Tuchola,gmina miejsko-wiejska,0416063,2024,nowy,,,,,,,,,,
5152,kujawsko-pomorskie,tucholski,Tuchola,gmina miejsko-wiejska,0416063,2025,nowy,,,,,,,,,,
5153,kujawsko-pomorskie,wąbrzeski,-,-,0417,2018,nowy,,,,,,,,,,
5154,kujawsko-pomorskie,wąbrzeski,-,-,0417,2019,nowy,,,,,,,,,,
5155,kujawsko-pomorskie,wąbrzeski,-,-,0417,2020,nowy,,,,,,,,,,
5156,kujawsko-pomorskie,wąbrzeski,-,-,0417,2021,nowy,,,,,,,,,,
5157,kujawsko-pomorskie,wąbrzeski,-,-,0417,2022,nowy,,,,,,,,,,
5158,kujawsko-pomorskie,wąbrzeski,-,-,0417,2023,nowy,,,,,,,,,,
5159,kujawsko-pomorskie,wąbrzeski,-,-,0417,2024,nowy,,,,,,,,,,
5160,kujawsko-pomorskie,wąbrzeski,-,-,0417,2025,nowy,,,,,,,,,,
5161,kujawsko-pomorskie,wąbrzeski,Wąbrzeźno,gmina miejska,0417011,2018,nowy,,,,,,,,,,
5162,kujawsko-pomorskie,wąbrzeski,Wąbrzeźno,gmina miejska,0417011,2019,nowy,,,,,,,,,,
5163,kujawsko-pomorskie,wąbrzeski,Wąbrzeźno,gmina miejska,0417011,2020,nowy,,,,,,,,,,
5164,kujawsko-pomorskie,wąbrzeski,Wąbrzeźno,gmina miejska,0417011,2021,nowy,,,,,,,,,,
5165,kujawsko-pomorskie,wąbrzeski,Wąbrzeźno,gmina miejska,0417011,2022,nowy,,,,,,,,,,
5166,kujawsko-pomorskie,wąbrzeski,Wąbrzeźno,gmina miejska,0417011,2023,nowy,,,,,,,,,,
5167,kujawsko-pomorskie,wąbrzeski,Wąbrzeźno,gmina miejska,0417011,2024,nowy,,,,,,,,,,
5168,kujawsko-pomorskie,wąbrzeski,Wąbrzeźno,gmina miejska,0417011,2025,nowy,,,,,,,,,,
5169,kujawsko-pomorskie,wąbrzeski,Dębowa Łąka,gmina wiejska,0417022,2018,nowy,,,,,,,,,,
5170,kujawsko-pomorskie,wąbrzeski,Dębowa Łąka,gmina wiejska,0417022,2019,nowy,,,,,,,,,,
5171,kujawsko-pomorskie,wąbrzeski,Dębowa Łąka,gmina wiejska,0417022,2020,nowy,,,,,,,,,,
5172,kujawsko-pomorskie,wąbrzeski,Dębowa Łąka,gmina wiejska,0417022,2021,nowy,,,,,,,,,,
5173,kujawsko-pomorskie,wąbrzeski,Dębowa Łąka,gmina wiejska,0417022,2022,nowy,,,,,,,,,,
5174,kujawsko-pomorskie,wąbrzeski,Dębowa Łąka,gmina wiejska,0417022,2023,nowy,,,,,,,,,,
5175,kujawsko-pomorskie,wąbrzeski,Dębowa Łąka,gmina wiejska,0417022,2024,nowy,,,,,,,,,,
5176,kujawsko-pomorskie,wąbrzeski,Dębowa Łąka,gmina wiejska,0417022,2025,nowy,,,,,,,,,,
5177,kujawsko-pomorskie,wąbrzeski,Książki,gmina wiejska,0417032,2018,nowy,,,,,,,,,,
5178,kujawsko-pomorskie,wąbrzeski,Książki,gmina wiejska,0417032,2019,nowy,,,,,,,,,,
5179,kujawsko-pomorskie,wąbrzeski,Książki,gmina wiejska,0417032,2020,nowy,,,,,,,,,,
5180,kujawsko-pomorskie,wąbrzeski,Książki,gmina wiejska,0417032,2021,nowy,,,,,,,,,,
5181,kujawsko-pomorskie,wąbrzeski,Książki,gmina wiejska,0417032,2022,nowy,,,,,,,,,,
5182,kujawsko-pomorskie,wąbrzeski,Książki,gmina wiejska,0417032,2023,nowy,,,,,,,,,,
5183,kujawsko-pomorskie,wąbrzeski,Książki,gmina wiejska,0417032,2024,nowy,,,,,,,,,,
5184,kujawsko-pomorskie,wąbrzeski,Książki,gmina wiejska,0417032,2025,nowy,,,,,,,,,,
5185,kujawsko-pomorskie,wąbrzeski,Płużnica,gmina wiejska,0417042,2018,nowy,,,,,,,,,,
5186,kujawsko-pomorskie,wąbrzeski,Płużnica,gmina wiejska,0417042,2019,nowy,,,,,,,,,,
5187,kujawsko-pomorskie,wąbrzeski,Płużnica,gmina wiejska,0417042,2020,nowy,,,,,,,,,,
5188,kujawsko-pomorskie,wąbrzeski,Płużnica,gmina wiejska,0417042,2021,nowy,,,,,,,,,,
5189,kujawsko-pomorskie,wąbrzeski,Płużnica,gmina wiejska,0417042,2022,nowy,,,,,,,,,,
5190,kujawsko-pomorskie,wąbrzeski,Płużnica,gmina wiejska,0417042,2023,nowy,,,,,,,,,,
5191,kujawsko-pomorskie,wąbrzeski,Płużnica,gmina wiejska,0417042,2024,nowy,,,,,,,,,,
5192,kujawsko-pomorskie,wąbrzeski,Płużnica,gmina wiejska,0417042,2025,nowy,,,,,,,,,,
5193,kujawsko-pomorskie,wąbrzeski,Ryńsk,gmina wiejska,0417052,2018,nowy,,,,,,,,,,
5194,kujawsko-pomorskie,wąbrzeski,Ryńsk,gmina wiejska,0417052,2019,nowy,,,,,,,,,,
5195,kujawsko-pomorskie,wąbrzeski,Ryńsk,gmina wiejska,0417052,2020,nowy,,,,,,,,,,
5196,kujawsko-pomorskie,wąbrzeski,Ryńsk,gmina wiejska,0417052,2021,nowy,,,,,,,,,,
5197,kujawsko-pomorskie,wąbrzeski,Ryńsk,gmina wiejska,0417052,2022,nowy,,,,,,,,,,
5198,kujawsko-pomorskie,wąbrzeski,Ryńsk,gmina wiejska,0417052,2023,nowy,,,,,,,,,,
5199,kujawsko-pomorskie,wąbrzeski,Ryńsk,gmina wiejska,0417052,2024,nowy,,,,,,,,,,
5200,kujawsko-pomorskie,wąbrzeski,Ryńsk,gmina wiejska,0417052,2025,nowy,,,,,,,,,,
5201,kujawsko-pomorskie,włocławski,-,-,0418,2018,nowy,,,,,,,,,,
5202,kujawsko-pomorskie,włocławski,-,-,0418,2019,nowy,,,,,,,,,,
5203,kujawsko-pomorskie,włocławski,-,-,0418,2020,nowy,,,,,,,,,,
5204,kujawsko-pomorskie,włocławski,-,-,0418,2021,nowy,,,,,,,,,,
5205,kujawsko-pomorskie,włocławski,-,-,0418,2022,nowy,,,,,,,,,,
5206,kujawsko-pomorskie,włocławski,-,-,0418,2023,nowy,,,,,,,,,,
5207,kujawsko-pomorskie,włocławski,-,-,0418,2024,nowy,,,,,,,,,,
5208,kujawsko-pomorskie,włocławski,-,-,0418,2025,nowy,,,,,,,,,,
5209,kujawsko-pomorskie,włocławski,Kowal,gmina miejska,0418011,2018,nowy,,,,,,,,,,
5210,kujawsko-pomorskie,włocławski,Kowal,gmina miejska,0418011,2019,nowy,,,,,,,,,,
5211,kujawsko-pomorskie,włocławski,Kowal,gmina miejska,0418011,2020,nowy,,,,,,,,,,
5212,kujawsko-pomorskie,włocławski,Kowal,gmina miejska,0418011,2021,nowy,,,,,,,,,,
5213,kujawsko-pomorskie,włocławski,Kowal,gmina miejska,0418011,2022,nowy,,,,,,,,,,
5214,kujawsko-pomorskie,włocławski,Kowal,gmina miejska,0418011,2023,nowy,,,,,,,,,,
5215,kujawsko-pomorskie,włocławski,Kowal,gmina miejska,0418011,2024,nowy,,,,,,,,,,
5216,kujawsko-pomorskie,włocławski,Kowal,gmina miejska,0418011,2025,nowy,,,,,,,,,,
5217,kujawsko-pomorskie,włocławski,Baruchowo,gmina wiejska,0418022,2018,nowy,,,,,,,,,,
5218,kujawsko-pomorskie,włocławski,Baruchowo,gmina wiejska,0418022,2019,nowy,,,,,,,,,,
5219,kujawsko-pomorskie,włocławski,Baruchowo,gmina wiejska,0418022,2020,nowy,,,,,,,,,,
5220,kujawsko-pomorskie,włocławski,Baruchowo,gmina wiejska,0418022,2021,nowy,,,,,,,,,,
5221,kujawsko-pomorskie,włocławski,Baruchowo,gmina wiejska,0418022,2022,nowy,,,,,,,,,,
5222,kujawsko-pomorskie,włocławski,Baruchowo,gmina wiejska,0418022,2023,nowy,,,,,,,,,,
5223,kujawsko-pomorskie,włocławski,Baruchowo,gmina wiejska,0418022,2024,nowy,,,,,,,,,,
5224,kujawsko-pomorskie,włocławski,Baruchowo,gmina wiejska,0418022,2025,nowy,,,,,,,,,,
5225,kujawsko-pomorskie,włocławski,Boniewo,gmina wiejska,0418032,2018,nowy,,,,,,,,,,
5226,kujawsko-pomorskie,włocławski,Boniewo,gmina wiejska,0418032,2019,nowy,,,,,,,,,,
5227,kujawsko-pomorskie,włocławski,Boniewo,gmina wiejska,0418032,2020,nowy,,,,,,,,,,
5228,kujawsko-pomorskie,włocławski,Boniewo,gmina wiejska,0418032,2021,nowy,,,,,,,,,,
5229,kujawsko-pomorskie,włocławski,Boniewo,gmina wiejska,0418032,2022,nowy,,,,,,,,,,
5230,kujawsko-pomorskie,włocławski,Boniewo,gmina wiejska,0418032,2023,nowy,,,,,,,,,,
5231,kujawsko-pomorskie,włocławski,Boniewo,gmina wiejska,0418032,2024,nowy,,,,,,,,,,
5232,kujawsko-pomorskie,włocławski,Boniewo,gmina wiejska,0418032,2025,nowy,,,,,,,,,,
5233,kujawsko-pomorskie,włocławski,Brześć Kujawski,gmina miejsko-wiejska,0418043,2018,nowy,,,,,,,,,,
5234,kujawsko-pomorskie,włocławski,Brześć Kujawski,gmina miejsko-wiejska,0418043,2019,nowy,,,,,,,,,,
5235,kujawsko-pomorskie,włocławski,Brześć Kujawski,gmina miejsko-wiejska,0418043,2020,nowy,,,,,,,,,,
5236,kujawsko-pomorskie,włocławski,Brześć Kujawski,gmina miejsko-wiejska,0418043,2021,nowy,,,,,,,,,,
5237,kujawsko-pomorskie,włocławski,Brześć Kujawski,gmina miejsko-wiejska,0418043,2022,nowy,,,,,,,,,,
5238,kujawsko-pomorskie,włocławski,Brześć Kujawski,gmina miejsko-wiejska,0418043,2023,nowy,,,,,,,,,,
5239,kujawsko-pomorskie,włocławski,Brześć Kujawski,gmina miejsko-wiejska,0418043,2024,nowy,,,,,,,,,,
5240,kujawsko-pomorskie,włocławski,Brześć Kujawski,gmina miejsko-wiejska,0418043,2025,nowy,,,,,,,,,,
5241,kujawsko-pomorskie,włocławski,Choceń,gmina wiejska,0418052,2018,nowy,,,,,,,,,,
5242,kujawsko-pomorskie,włocławski,Choceń,gmina wiejska,0418052,2019,nowy,,,,,,,,,,
5243,kujawsko-pomorskie,włocławski,Choceń,gmina wiejska,0418052,2020,nowy,,,,,,,,,,
5244,kujawsko-pomorskie,włocławski,Choceń,gmina wiejska,0418052,2021,nowy,,,,,,,,,,
5245,kujawsko-pomorskie,włocławski,Choceń,gmina wiejska,0418052,2022,nowy,,,,,,,,,,
5246,kujawsko-pomorskie,włocławski,Choceń,gmina wiejska,0418052,2023,nowy,,,,,,,,,,
5247,kujawsko-pomorskie,włocławski,Choceń,gmina wiejska,0418052,2024,nowy,,,,,,,,,,
5248,kujawsko-pomorskie,włocławski,Choceń,gmina wiejska,0418052,2025,nowy,,,,,,,,,,
5249,kujawsko-pomorskie,włocławski,Chodecz,gmina miejsko-wiejska,0418063,2018,nowy,,,,,,,,,,
5250,kujawsko-pomorskie,włocławski,Chodecz,gmina miejsko-wiejska,0418063,2019,nowy,,,,,,,,,,
5251,kujawsko-pomorskie,włocławski,Chodecz,gmina miejsko-wiejska,0418063,2020,nowy,,,,,,,,,,
5252,kujawsko-pomorskie,włocławski,Chodecz,gmina miejsko-wiejska,0418063,2021,nowy,,,,,,,,,,
5253,kujawsko-pomorskie,włocławski,Chodecz,gmina miejsko-wiejska,0418063,2022,nowy,,,,,,,,,,
5254,kujawsko-pomorskie,włocławski,Chodecz,gmina miejsko-wiejska,0418063,2023,nowy,,,,,,,,,,
5255,kujawsko-pomorskie,włocławski,Chodecz,gmina miejsko-wiejska,0418063,2024,nowy,,,,,,,,,,
5256,kujawsko-pomorskie,włocławski,Chodecz,gmina miejsko-wiejska,0418063,2025,nowy,,,,,,,,,,
5257,kujawsko-pomorskie,włocławski,Fabianki,gmina wiejska,0418072,2018,nowy,,,,,,,,,,
5258,kujawsko-pomorskie,włocławski,Fabianki,gmina wiejska,0418072,2019,nowy,,,,,,,,,,
5259,kujawsko-pomorskie,włocławski,Fabianki,gmina wiejska,0418072,2020,nowy,,,,,,,,,,
5260,kujawsko-pomorskie,włocławski,Fabianki,gmina wiejska,0418072,2021,nowy,,,,,,,,,,
5261,kujawsko-pomorskie,włocławski,Fabianki,gmina wiejska,0418072,2022,nowy,,,,,,,,,,
5262,kujawsko-pomorskie,włocławski,Fabianki,gmina wiejska,0418072,2023,nowy,,,,,,,,,,
5263,kujawsko-pomorskie,włocławski,Fabianki,gmina wiejska,0418072,2024,nowy,,,,,,,,,,
5264,kujawsko-pomorskie,włocławski,Fabianki,gmina wiejska,0418072,2025,nowy,,,,,,,,,,
5265,kujawsko-pomorskie,włocławski,Izbica Kujawska,gmina miejsko-wiejska,0418083,2018,nowy,,,,,,,,,,
5266,kujawsko-pomorskie,włocławski,Izbica Kujawska,gmina miejsko-wiejska,0418083,2019,nowy,,,,,,,,,,
5267,kujawsko-pomorskie,włocławski,Izbica Kujawska,gmina miejsko-wiejska,0418083,2020,nowy,,,,,,,,,,
5268,kujawsko-pomorskie,włocławski,Izbica Kujawska,gmina miejsko-wiejska,0418083,2021,nowy,,,,,,,,,,
5269,kujawsko-pomorskie,włocławski,Izbica Kujawska,gmina miejsko-wiejska,0418083,2022,nowy,,,,,,,,,,
5270,kujawsko-pomorskie,włocławski,Izbica Kujawska,gmina miejsko-wiejska,0418083,2023,nowy,,,,,,,,,,
5271,kujawsko-pomorskie,włocławski,Izbica Kujawska,gmina miejsko-wiejska,0418083,2024,nowy,,,,,,,,,,
5272,kujawsko-pomorskie,włocławski,Izbica Kujawska,gmina miejsko-wiejska,0418083,2025,nowy,,,,,,,,,,
5273,kujawsko-pomorskie,włocławski,Kowal,gmina wiejska,0418092,2018,nowy,,,,,,,,,,
5274,kujawsko-pomorskie,włocławski,Kowal,gmina wiejska,0418092,2019,nowy,,,,,,,,,,
5275,kujawsko-pomorskie,włocławski,Kowal,gmina wiejska,0418092,2020,nowy,,,,,,,,,,
5276,kujawsko-pomorskie,włocławski,Kowal,gmina wiejska,0418092,2021,nowy,,,,,,,,,,
5277,kujawsko-pomorskie,włocławski,Kowal,gmina wiejska,0418092,2022,nowy,,,,,,,,,,
5278,kujawsko-pomorskie,włocławski,Kowal,gmina wiejska,0418092,2023,nowy,,,,,,,,,,
5279,kujawsko-pomorskie,włocławski,Kowal,gmina wiejska,0418092,2024,nowy,,,,,,,,,,
5280,kujawsko-pomorskie,włocławski,Kowal,gmina wiejska,0418092,2025,nowy,,,,,,,,,,
5281,kujawsko-pomorskie,włocławski,Lubanie,gmina wiejska,0418102,2018,nowy,,,,,,,,,,
5282,kujawsko-pomorskie,włocławski,Lubanie,gmina wiejska,0418102,2019,nowy,,,,,,,,,,
5283,kujawsko-pomorskie,włocławski,Lubanie,gmina wiejska,0418102,2020,nowy,,,,,,,,,,
5284,kujawsko-pomorskie,włocławski,Lubanie,gmina wiejska,0418102,2021,nowy,,,,,,,,,,
5285,kujawsko-pomorskie,włocławski,Lubanie,gmina wiejska,0418102,2022,nowy,,,,,,,,,,
5286,kujawsko-pomorskie,włocławski,Lubanie,gmina wiejska,0418102,2023,nowy,,,,,,,,,,
5287,kujawsko-pomorskie,włocławski,Lubanie,gmina wiejska,0418102,2024,nowy,,,,,,,,,,
5288,kujawsko-pomorskie,włocławski,Lubanie,gmina wiejska,0418102,2025,nowy,,,,,,,,,,
5289,kujawsko-pomorskie,włocławski,Lubień Kujawski,gmina miejsko-wiejska,0418113,2018,nowy,,,,,,,,,,
5290,kujawsko-pomorskie,włocławski,Lubień Kujawski,gmina miejsko-wiejska,0418113,2019,nowy,,,,,,,,,,
5291,kujawsko-pomorskie,włocławski,Lubień Kujawski,gmina miejsko-wiejska,0418113,2020,nowy,,,,,,,,,,
5292,kujawsko-pomorskie,włocławski,Lubień Kujawski,gmina miejsko-wiejska,0418113,2021,nowy,,,,,,,,,,
5293,kujawsko-pomorskie,włocławski,Lubień Kujawski,gmina miejsko-wiejska,0418113,2022,nowy,,,,,,,,,,
5294,kujawsko-pomorskie,włocławski,Lubień Kujawski,gmina miejsko-wiejska,0418113,2023,nowy,,,,,,,,,,
5295,kujawsko-pomorskie,włocławski,Lubień Kujawski,gmina miejsko-wiejska,0418113,2024,nowy,,,,,,,,,,
5296,kujawsko-pomorskie,włocławski,Lubień Kujawski,gmina miejsko-wiejska,0418113,2025,nowy,,,,,,,,,,
5297,kujawsko-pomorskie,włocławski,Lubraniec,gmina miejsko-wiejska,0418123,2018,nowy,,,,,,,,,,
5298,kujawsko-pomorskie,włocławski,Lubraniec,gmina miejsko-wiejska,0418123,2019,nowy,,,,,,,,,,
5299,kujawsko-pomorskie,włocławski,Lubraniec,gmina miejsko-wiejska,0418123,2020,nowy,,,,,,,,,,
5300,kujawsko-pomorskie,włocławski,Lubraniec,gmina miejsko-wiejska,0418123,2021,nowy,,,,,,,,,,
5301,kujawsko-pomorskie,włocławski,Lubraniec,gmina miejsko-wiejska,0418123,2022,nowy,,,,,,,,,,
5302,kujawsko-pomorskie,włocławski,Lubraniec,gmina miejsko-wiejska,0418123,2023,nowy,,,,,,,,,,
5303,kujawsko-pomorskie,włocławski,Lubraniec,gmina miejsko-wiejska,0418123,2024,nowy,,,,,,,,,,
5304,kujawsko-pomorskie,włocławski,Lubraniec,gmina miejsko-wiejska,0418123,2025,nowy,,,,,,,,,,
5305,kujawsko-pomorskie,włocławski,Włocławek,gmina wiejska,0418132,2018,nowy,,,,,,,,,,
5306,kujawsko-pomorskie,włocławski,Włocławek,gmina wiejska,0418132,2019,nowy,,,,,,,,,,
5307,kujawsko-pomorskie,włocławski,Włocławek,gmina wiejska,0418132,2020,nowy,,,,,,,,,,
5308,kujawsko-pomorskie,włocławski,Włocławek,gmina wiejska,0418132,2021,nowy,,,,,,,,,,
5309,kujawsko-pomorskie,włocławski,Włocławek,gmina wiejska,0418132,2022,nowy,,,,,,,,,,
5310,kujawsko-pomorskie,włocławski,Włocławek,gmina wiejska,0418132,2023,nowy,,,,,,,,,,
5311,kujawsko-pomorskie,włocławski,Włocławek,gmina wiejska,0418132,2024,nowy,,,,,,,,,,
5312,kujawsko-pomorskie,włocławski,Włocławek,gmina wiejska,0418132,2025,nowy,,,,,,,,,,
5313,kujawsko-pomorskie,żniński,-,-,0419,2018,nowy,,,,,,,,,,
5314,kujawsko-pomorskie,żniński,-,-,0419,2019,nowy,,,,,,,,,,
5315,kujawsko-pomorskie,żniński,-,-,0419,2020,nowy,,,,,,,,,,
5316,kujawsko-pomorskie,żniński,-,-,0419,2021,nowy,,,,,,,,,,
5317,kujawsko-pomorskie,żniński,-,-,0419,2022,nowy,,,,,,,,,,
5318,kujawsko-pomorskie,żniński,-,-,0419,2023,nowy,,,,,,,,,,
5319,kujawsko-pomorskie,żniński,-,-,0419,2024,nowy,,,,,,,,,,
5320,kujawsko-pomorskie,żniński,-,-,0419,2025,nowy,,,,,,,,,,
5321,kujawsko-pomorskie,żniński,Barcin,gmina miejsko-wiejska,0419013,2018,nowy,,,,,,,,,,
5322,kujawsko-pomorskie,żniński,Barcin,gmina miejsko-wiejska,0419013,2019,nowy,,,,,,,,,,
5323,kujawsko-pomorskie,żniński,Barcin,gmina miejsko-wiejska,0419013,2020,nowy,,,,,,,,,,
5324,kujawsko-pomorskie,żniński,Barcin,gmina miejsko-wiejska,0419013,2021,nowy,,,,,,,,,,
5325,kujawsko-pomorskie,żniński,Barcin,gmina miejsko-wiejska,0419013,2022,nowy,,,,,,,,,,
5326,kujawsko-pomorskie,żniński,Barcin,gmina miejsko-wiejska,0419013,2023,nowy,,,,,,,,,,
5327,kujawsko-pomorskie,żniński,Barcin,gmina miejsko-wiejska,0419013,2024,nowy,,,,,,,,,,
5328,kujawsko-pomorskie,żniński,Barcin,gmina miejsko-wiejska,0419013,2025,nowy,,,,,,,,,,
5329,kujawsko-pomorskie,żniński,Gąsawa,gmina wiejska,0419022,2018,nowy,,,,,,,,,,
5330,kujawsko-pomorskie,żniński,Gąsawa,gmina wiejska,0419022,2019,nowy,,,,,,,,,,
5331,kujawsko-pomorskie,żniński,Gąsawa,gmina wiejska,0419022,2020,nowy,,,,,,,,,,
5332,kujawsko-pomorskie,żniński,Gąsawa,gmina wiejska,0419022,2021,nowy,,,,,,,,,,
5333,kujawsko-pomorskie,żniński,Gąsawa,gmina wiejska,0419022,2022,nowy,,,,,,,,,,
5334,kujawsko-pomorskie,żniński,Gąsawa,gmina wiejska,0419022,2023,nowy,,,,,,,,,,
5335,kujawsko-pomorskie,żniński,Gąsawa,gmina miejsko-wiejska,0419023,2024,nowy,,,,,,,,,,
5336,kujawsko-pomorskie,żniński,Gąsawa,gmina miejsko-wiejska,0419023,2025,nowy,,,,,,,,,,
5337,kujawsko-pomorskie,żniński,Janowiec Wielkopolski,gmina miejsko-wiejska,0419033,2018,nowy,,,,,,,,,,
5338,kujawsko-pomorskie,żniński,Janowiec Wielkopolski,gmina miejsko-wiejska,0419033,2019,nowy,,,,,,,,,,
5339,kujawsko-pomorskie,żniński,Janowiec Wielkopolski,gmina miejsko-wiejska,0419033,2020,nowy,,,,,,,,,,
5340,kujawsko-pomorskie,żniński,Janowiec Wielkopolski,gmina miejsko-wiejska,0419033,2021,nowy,,,,,,,,,,
5341,kujawsko-pomorskie,żniński,Janowiec Wielkopolski,gmina miejsko-wiejska,0419033,2022,nowy,,,,,,,,,,
5342,kujawsko-pomorskie,żniński,Janowiec Wielkopolski,gmina miejsko-wiejska,0419033,2023,nowy,,,,,,,,,,
5343,kujawsko-pomorskie,żniński,Janowiec Wielkopolski,gmina miejsko-wiejska,0419033,2024,nowy,,,,,,,,,,
5344,kujawsko-pomorskie,żniński,Janowiec Wielkopolski,gmina miejsko-wiejska,0419033,2025,nowy,,,,,,,,,,
5345,kujawsko-pomorskie,żniński,Łabiszyn,gmina miejsko-wiejska,0419043,2018,nowy,,,,,,,,,,
5346,kujawsko-pomorskie,żniński,Łabiszyn,gmina miejsko-wiejska,0419043,2019,nowy,,,,,,,,,,
5347,kujawsko-pomorskie,żniński,Łabiszyn,gmina miejsko-wiejska,0419043,2020,nowy,,,,,,,,,,
5348,kujawsko-pomorskie,żniński,Łabiszyn,gmina miejsko-wiejska,0419043,2021,nowy,,,,,,,,,,
5349,kujawsko-pomorskie,żniński,Łabiszyn,gmina miejsko-wiejska,0419043,2022,nowy,,,,,,,,,,
5350,kujawsko-pomorskie,żniński,Łabiszyn,gmina miejsko-wiejska,0419043,2023,nowy,,,,,,,,,,
5351,kujawsko-pomorskie,żniński,Łabiszyn,gmina miejsko-wiejska,0419043,2024,nowy,,,,,,,,,,
5352,kujawsko-pomorskie,żniński,Łabiszyn,gmina miejsko-wiejska,0419043,2025,nowy,,,,,,,,,,
5353,kujawsko-pomorskie,żniński,Rogowo,gmina wiejska,0419052,2018,nowy,,,,,,,,,,
5354,kujawsko-pomorskie,żniński,Rogowo,gmina wiejska,0419052,2019,nowy,,,,,,,,,,
5355,kujawsko-pomorskie,żniński,Rogowo,gmina wiejska,0419052,2020,nowy,,,,,,,,,,
5356,kujawsko-pomorskie,żniński,Rogowo,gmina wiejska,0419052,2021,nowy,,,,,,,,,,
5357,kujawsko-pomorskie,żniński,Rogowo,gmina wiejska,0419052,2022,nowy,,,,,,,,,,
5358,kujawsko-pomorskie,żniński,Rogowo,gmina wiejska,0419052,2023,nowy,,,,,,,,,,
5359,kujawsko-pomorskie,żniński,Rogowo,gmina wiejska,0419052,2024,nowy,,,,,,,,,,
5360,kujawsko-pomorskie,żniński,Rogowo,gmina wiejska,0419052,2025,nowy,,,,,,,,,,
5361,kujawsko-pomorskie,żniński,Żnin,gmina miejsko-wiejska,0419063,2018,nowy,,,,,,,,,,
5362,kujawsko-pomorskie,żniński,Żnin,gmina miejsko-wiejska,0419063,2019,nowy,,,,,,,,,,
5363,kujawsko-pomorskie,żniński,Żnin,gmina miejsko-wiejska,0419063,2020,nowy,,,,,,,,,,
5364,kujawsko-pomorskie,żniński,Żnin,gmina miejsko-wiejska,0419063,2021,nowy,,,,,,,,,,
5365,kujawsko-pomorskie,żniński,Żnin,gmina miejsko-wiejska,0419063,2022,nowy,,,,,,,,,,
5366,kujawsko-pomorskie,żniński,Żnin,gmina miejsko-wiejska,0419063,2023,nowy,,,,,,,,,,
5367,kujawsko-pomorskie,żniński,Żnin,gmina miejsko-wiejska,0419063,2024,nowy,,,,,,,,,,
5368,kujawsko-pomorskie,żniński,Żnin,gmina miejsko-wiejska,0419063,2025,nowy,,,,,,,,,,
5369,kujawsko-pomorskie,m. Bydgoszcz,-,-,0461,2018,nowy,,,,,,,,,,
5370,kujawsko-pomorskie,m. Bydgoszcz,-,-,0461,2019,nowy,,,,,,,,,,
5371,kujawsko-pomorskie,m. Bydgoszcz,-,-,0461,2020,nowy,,,,,,,,,,
5372,kujawsko-pomorskie,m. Bydgoszcz,-,-,0461,2021,nowy,,,,,,,,,,
5373,kujawsko-pomorskie,m. Bydgoszcz,-,-,0461,2022,nowy,,,,,,,,,,
5374,kujawsko-pomorskie,m. Bydgoszcz,-,-,0461,2023,nowy,,,,,,,,,,
5375,kujawsko-pomorskie,m. Bydgoszcz,-,-,0461,2024,nowy,,,,,,,,,,
5376,kujawsko-pomorskie,m. Bydgoszcz,-,-,0461,2025,nowy,,,,,,,,,,
5377,kujawsko-pomorskie,m. Bydgoszcz,Bydgoszcz,gmina miejska (miasto na prawach powiatu),0461011,2018,nowy,,,,,,,,,,
5378,kujawsko-pomorskie,m. Bydgoszcz,Bydgoszcz,gmina miejska (miasto na prawach powiatu),0461011,2019,nowy,,,,,,,,,,
5379,kujawsko-pomorskie,m. Bydgoszcz,Bydgoszcz,gmina miejska (miasto na prawach powiatu),0461011,2020,nowy,,,,,,,,,,
5380,kujawsko-pomorskie,m. Bydgoszcz,Bydgoszcz,gmina miejska (miasto na prawach powiatu),0461011,2021,nowy,,,,,,,,,,
5381,kujawsko-pomorskie,m. Bydgoszcz,Bydgoszcz,gmina miejska (miasto na prawach powiatu),0461011,2022,nowy,,,,,,,,,,
5382,kujawsko-pomorskie,m. Bydgoszcz,Bydgoszcz,gmina miejska (miasto na prawach powiatu),0461011,2023,nowy,,,,,,,,,,
5383,kujawsko-pomorskie,m. Bydgoszcz,Bydgoszcz,gmina miejska (miasto na prawach powiatu),0461011,2024,nowy,,,,,,,,,,
5384,kujawsko-pomorskie,m. Bydgoszcz,Bydgoszcz,gmina miejska (miasto na prawach powiatu),0461011,2025,nowy,,,,,,,,,,
5385,kujawsko-pomorskie,m. Grudziądz,-,-,0462,2018,nowy,,,,,,,,,,
5386,kujawsko-pomorskie,m. Grudziądz,-,-,0462,2019,nowy,,,,,,,,,,
5387,kujawsko-pomorskie,m. Grudziądz,-,-,0462,2020,nowy,,,,,,,,,,
5388,kujawsko-pomorskie,m. Grudziądz,-,-,0462,2021,nowy,,,,,,,,,,
5389,kujawsko-pomorskie,m. Grudziądz,-,-,0462,2022,nowy,,,,,,,,,,
5390,kujawsko-pomorskie,m. Grudziądz,-,-,0462,2023,nowy,,,,,,,,,,
5391,kujawsko-pomorskie,m. Grudziądz,-,-,0462,2024,nowy,,,,,,,,,,
5392,kujawsko-pomorskie,m. Grudziądz,-,-,0462,2025,nowy,,,,,,,,,,
5393,kujawsko-pomorskie,m. Grudziądz,Grudziądz,gmina miejska (miasto na prawach powiatu),0462011,2018,nowy,,,,,,,,,,
5394,kujawsko-pomorskie,m. Grudziądz,Grudziądz,gmina miejska (miasto na prawach powiatu),0462011,2019,nowy,,,,,,,,,,
5395,kujawsko-pomorskie,m. Grudziądz,Grudziądz,gmina miejska (miasto na prawach powiatu),0462011,2020,nowy,,,,,,,,,,
5396,kujawsko-pomorskie,m. Grudziądz,Grudziądz,gmina miejska (miasto na prawach powiatu),0462011,2021,nowy,,,,,,,,,,
5397,kujawsko-pomorskie,m. Grudziądz,Grudziądz,gmina miejska (miasto na prawach powiatu),0462011,2022,nowy,,,,,,,,,,
5398,kujawsko-pomorskie,m. Grudziądz,Grudziądz,gmina miejska (miasto na prawach powiatu),0462011,2023,nowy,,,,,,,,,,
5399,kujawsko-pomorskie,m. Grudziądz,Grudziądz,gmina miejska (miasto na prawach powiatu),0462011,2024,nowy,,,,,,,,,,
5400,kujawsko-pomorskie,m. Grudziądz,Grudziądz,gmina miejska (miasto na prawach powiatu),0462011,2025,nowy,,,,,,,,,,
5401,kujawsko-pomorskie,m. Toruń,-,-,0463,2018,nowy,,,,,,,,,,
5402,kujawsko-pomorskie,m. Toruń,-,-,0463,2019,nowy,,,,,,,,,,
5403,kujawsko-pomorskie,m. Toruń,-,-,0463,2020,nowy,,,,,,,,,,
5404,kujawsko-pomorskie,m. Toruń,-,-,0463,2021,nowy,,,,,,,,,,
5405,kujawsko-pomorskie,m. Toruń,-,-,0463,2022,nowy,,,,,,,,,,
5406,kujawsko-pomorskie,m. Toruń,-,-,0463,2023,nowy,,,,,,,,,,
5407,kujawsko-pomorskie,m. Toruń,-,-,0463,2024,nowy,,,,,,,,,,
5408,kujawsko-pomorskie,m. Toruń,-,-,0463,2025,nowy,,,,,,,,,,
5409,kujawsko-pomorskie,m. Toruń,Toruń,gmina miejska (miasto na prawach powiatu),0463011,2018,nowy,,,,,,,,,,
5410,kujawsko-pomorskie,m. Toruń,Toruń,gmina miejska (miasto na prawach powiatu),0463011,2019,nowy,,,,,,,,,,
5411,kujawsko-pomorskie,m. Toruń,Toruń,gmina miejska (miasto na prawach powiatu),0463011,2020,nowy,,,,,,,,,,
5412,kujawsko-pomorskie,m. Toruń,Toruń,gmina miejska (miasto na prawach powiatu),0463011,2021,nowy,,,,,,,,,,
5413,kujawsko-pomorskie,m. Toruń,Toruń,gmina miejska (miasto na prawach powiatu),0463011,2022,nowy,,,,,,,,,,
5414,kujawsko-pomorskie,m. Toruń,Toruń,gmina miejska (miasto na prawach powiatu),0463011,2023,nowy,,,,,,,,,,
5415,kujawsko-pomorskie,m. Toruń,Toruń,gmina miejska (miasto na prawach powiatu),0463011,2024,nowy,,,,,,,,,,
5416,kujawsko-pomorskie,m. Toruń,Toruń,gmina miejska (miasto na prawach powiatu),0463011,2025,nowy,,,,,,,,,,
5417,kujawsko-pomorskie,m. Włocławek,-,-,0464,2018,nowy,,,,,,,,,,
5418,kujawsko-pomorskie,m. Włocławek,-,-,0464,2019,nowy,,,,,,,,,,
5419,kujawsko-pomorskie,m. Włocławek,-,-,0464,2020,nowy,,,,,,,,,,
5420,kujawsko-pomorskie,m. Włocławek,-,-,0464,2021,nowy,,,,,,,,,,
5421,kujawsko-pomorskie,m. Włocławek,-,-,0464,2022,nowy,,,,,,,,,,
5422,kujawsko-pomorskie,m. Włocławek,-,-,0464,2023,nowy,,,,,,,,,,
5423,kujawsko-pomorskie,m. Włocławek,-,-,0464,2024,nowy,,,,,,,,,,
5424,kujawsko-pomorskie,m. Włocławek,-,-,0464,2025,nowy,,,,,,,,,,
5425,kujawsko-pomorskie,m. Włocławek,Włocławek,gmina miejska (miasto na prawach powiatu),0464011,2018,nowy,,,,,,,,,,
5426,kujawsko-pomorskie,m. Włocławek,Włocławek,gmina miejska (miasto na prawach powiatu),0464011,2019,nowy,,,,,,,,,,
5427,kujawsko-pomorskie,m. Włocławek,Włocławek,gmina miejska (miasto na prawach powiatu),0464011,2020,nowy,,,,,,,,,,
5428,kujawsko-pomorskie,m. Włocławek,Włocławek,gmina miejska (miasto na prawach powiatu),0464011,2021,nowy,,,,,,,,,,
5429,kujawsko-pomorskie,m. Włocławek,Włocławek,gmina miejska (miasto na prawach powiatu),0464011,2022,nowy,,,,,,,,,,
5430,kujawsko-pomorskie,m. Włocławek,Włocławek,gmina miejska (miasto na prawach powiatu),0464011,2023,nowy,,,,,,,,,,
5431,kujawsko-pomorskie,m. Włocławek,Włocławek,gmina miejska (miasto na prawach powiatu),0464011,2024,nowy,,,,,,,,,,
5432,kujawsko-pomorskie,m. Włocławek,Włocławek,gmina miejska (miasto na prawach powiatu),0464011,2025,nowy,,,,,,,,,,
