row_idx,województwo,powiat,gmina,typ gminy,TERYT,rok_raportu,status,ext_dokumentu,zawartosc,url,metoda_pozyskania,hash dokumentu,status komunikatu,dt_utc_finalne,failure_reason,file_size_MB,existed
16666,śląskie,-,-,-,24,2018,nowy,,,,,,,,,,
16667,śląskie,-,-,-,24,2019,nowy,,,,,,,,,,
16668,śląskie,-,-,-,24,2020,nowy,,,,,,,,,,
16669,śląskie,-,-,-,24,2021,nowy,,,,,,,,,,
16670,śląskie,-,-,-,24,2022,nowy,,,,,,,,,,
16671,śląskie,-,-,-,24,2023,nowy,,,,,,,,,,
16672,śląskie,-,-,-,24,2024,nowy,,,,,,,,,,
16673,śląskie,-,-,-,24,2025,nowy,,,,,,,,,,
16674,śląskie,będziński,-,-,2401,2018,nowy,,,,,,,,,,
16675,śląskie,będziński,-,-,2401,2019,nowy,,,,,,,,,,
16676,śląskie,będziński,-,-,2401,2020,nowy,,,,,,,,,,
16677,śląskie,będziński,-,-,2401,2021,nowy,,,,,,,,,,
16678,śląskie,będziński,-,-,2401,2022,nowy,,,,,,,,,,
16679,śląskie,będziński,-,-,2401,2023,nowy,,,,,,,,,,
16680,śląskie,będziński,-,-,2401,2024,nowy,,,,,,,,,,
16681,śląskie,będziński,-,-,2401,2025,nowy,,,,,,,,,,
16682,śląskie,będziński,Będzin,gmina miejska,2401011,2018,nowy,,,,,,,,,,
16683,śląskie,będziński,Będzin,gmina miejska,2401011,2019,nowy,,,,,,,,,,
16684,śląskie,będziński,Będzin,gmina miejska,2401011,2020,nowy,,,,,,,,,,
16685,śląskie,będziński,Będzin,gmina miejska,2401011,2021,nowy,,,,,,,,,,
16686,śląskie,będziński,Będzin,gmina miejska,2401011,2022,nowy,,,,,,,,,,
16687,śląskie,będziński,Będzin,gmina miejska,2401011,2023,nowy,,,,,,,,,,
16688,śląskie,będziński,Będzin,gmina miejska,2401011,2024,nowy,,,,,,,,,,
16689,śląskie,będziński,Będzin,gmina miejska,2401011,2025,nowy,,,,,,,,,,
16690,śląskie,będziński,Czeladź,gmina miejska,2401021,2018,nowy,,,,,,,,,,
16691,śląskie,będziński,Czeladź,gmina miejska,2401021,2019,nowy,,,,,,,,,,
16692,śląskie,będziński,Czeladź,gmina miejska,2401021,2020,nowy,,,,,,,,,,
16693,śląskie,będziński,Czeladź,gmina miejska,2401021,2021,nowy,,,,,,,,,,
16694,śląskie,będziński,Czeladź,gmina miejska,2401021,2022,nowy,,,,,,,,,,
16695,śląskie,będziński,Czeladź,gmina miejska,2401021,2023,nowy,,,,,,,,,,
16696,śląskie,będziński,Czeladź,gmina miejska,2401021,2024,nowy,,,,,,,,,,
16697,śląskie,będziński,Czeladź,gmina miejska,2401021,2025,nowy,,,,,,,,,,
16698,śląskie,będziński,Wojkowice,gmina miejska,2401031,2018,nowy,,,,,,,,,,
16699,śląskie,będziński,Wojkowice,gmina miejska,2401031,2019,nowy,,,,,,,,,,
16700,śląskie,będziński,Wojkowice,gmina miejska,2401031,2020,nowy,,,,,,,,,,
16701,śląskie,będziński,Wojkowice,gmina miejska,2401031,2021,nowy,,,,,,,,,,
16702,śląskie,będziński,Wojkowice,gmina miejska,2401031,2022,nowy,,,,,,,,,,
16703,śląskie,będziński,Wojkowice,gmina miejska,2401031,2023,nowy,,,,,,,,,,
16704,śląskie,będziński,Wojkowice,gmina miejska,2401031,2024,nowy,,,,,,,,,,
16705,śląskie,będziński,Wojkowice,gmina miejska,2401031,2025,nowy,,,,,,,,,,
16706,śląskie,będziński,Bobrowniki,gmina wiejska,2401042,2018,nowy,,,,,,,,,,
16707,śląskie,będziński,Bobrowniki,gmina wiejska,2401042,2019,nowy,,,,,,,,,,
16708,śląskie,będziński,Bobrowniki,gmina wiejska,2401042,2020,nowy,,,,,,,,,,
16709,śląskie,będziński,Bobrowniki,gmina wiejska,2401042,2021,nowy,,,,,,,,,,
16710,śląskie,będziński,Bobrowniki,gmina wiejska,2401042,2022,nowy,,,,,,,,,,
16711,śląskie,będziński,Bobrowniki,gmina wiejska,2401042,2023,nowy,,,,,,,,,,
16712,śląskie,będziński,Bobrowniki,gmina wiejska,2401042,2024,nowy,,,,,,,,,,
16713,śląskie,będziński,Bobrowniki,gmina wiejska,2401042,2025,nowy,,,,,,,,,,
16714,śląskie,będziński,Mierzęcice,gmina wiejska,2401052,2018,nowy,,,,,,,,,,
16715,śląskie,będziński,Mierzęcice,gmina wiejska,2401052,2019,nowy,,,,,,,,,,
16716,śląskie,będziński,Mierzęcice,gmina wiejska,2401052,2020,nowy,,,,,,,,,,
16717,śląskie,będziński,Mierzęcice,gmina wiejska,2401052,2021,nowy,,,,,,,,,,
16718,śląskie,będziński,Mierzęcice,gmina wiejska,2401052,2022,nowy,,,,,,,,,,
16719,śląskie,będziński,Mierzęcice,gmina wiejska,2401052,2023,nowy,,,,,,,,,,
16720,śląskie,będziński,Mierzęcice,gmina wiejska,2401052,2024,nowy,,,,,,,,,,
16721,śląskie,będziński,Mierzęcice,gmina wiejska,2401052,2025,nowy,,,,,,,,,,
16722,śląskie,będziński,Psary,gmina wiejska,2401062,2018,nowy,,,,,,,,,,
16723,śląskie,będziński,Psary,gmina wiejska,2401062,2019,nowy,,,,,,,,,,
16724,śląskie,będziński,Psary,gmina wiejska,2401062,2020,nowy,,,,,,,,,,
16725,śląskie,będziński,Psary,gmina wiejska,2401062,2021,nowy,,,,,,,,,,
16726,śląskie,będziński,Psary,gmina wiejska,2401062,2022,nowy,,,,,,,,,,
16727,śląskie,będziński,Psary,gmina wiejska,2401062,2023,nowy,,,,,,,,,,
16728,śląskie,będziński,Psary,gmina wiejska,2401062,2024,nowy,,,,,,,,,,
16729,śląskie,będziński,Psary,gmina wiejska,2401062,2025,nowy,,,,,,,,,,
16730,śląskie,będziński,Siewierz,gmina miejsko-wiejska,2401073,2018,nowy,,,,,,,,,,
16731,śląskie,będziński,Siewierz,gmina miejsko-wiejska,2401073,2019,nowy,,,,,,,,,,
16732,śląskie,będziński,Siewierz,gmina miejsko-wiejska,2401073,2020,nowy,,,,,,,,,,
16733,śląskie,będziński,Siewierz,gmina miejsko-wiejska,2401073,2021,nowy,,,,,,,,,,
16734,śląskie,będziński,Siewierz,gmina miejsko-wiejska,2401073,2022,nowy,,,,,,,,,,
16735,śląskie,będziński,Siewierz,gmina miejsko-wiejska,2401073,2023,nowy,,,,,,,,,,
16736,śląskie,będziński,Siewierz,gmina miejsko-wiejska,2401073,2024,nowy,,,,,,,,,,
16737,śląskie,będziński,Siewierz,gmina miejsko-wiejska,2401073,2025,nowy,,,,,,,,,,
16738,śląskie,będziński,Sławków,gmina miejska,2401081,2018,nowy,,,,,,,,,,
16739,śląskie,będziński,Sławków,gmina miejska,2401081,2019,nowy,,,,,,,,,,
16740,śląskie,będziński,Sławków,gmina miejska,2401081,2020,nowy,,,,,,,,,,
16741,śląskie,będziński,Sławków,gmina miejska,2401081,2021,nowy,,,,,,,,,,
16742,śląskie,będziński,Sławków,gmina miejska,2401081,2022,nowy,,,,,,,,,,
16743,śląskie,będziński,Sławków,gmina miejska,2401081,2023,nowy,,,,,,,,,,
16744,śląskie,będziński,Sławków,gmina miejska,2401081,2024,nowy,,,,,,,,,,
16745,śląskie,będziński,Sławków,gmina miejska,2401081,2025,nowy,,,,,,,,,,
16746,śląskie,bielski,-,-,2402,2018,nowy,,,,,,,,,,
16747,śląskie,bielski,-,-,2402,2019,nowy,,,,,,,,,,
16748,śląskie,bielski,-,-,2402,2020,nowy,,,,,,,,,,
16749,śląskie,bielski,-,-,2402,2021,nowy,,,,,,,,,,
16750,śląskie,bielski,-,-,2402,2022,nowy,,,,,,,,,,
16751,śląskie,bielski,-,-,2402,2023,nowy,,,,,,,,,,
16752,śląskie,bielski,-,-,2402,2024,nowy,,,,,,,,,,
16753,śląskie,bielski,-,-,2402,2025,nowy,,,,,,,,,,
16754,śląskie,bielski,Szczyrk,gmina miejska,2402011,2018,nowy,,,,,,,,,,
16755,śląskie,bielski,Szczyrk,gmina miejska,2402011,2019,nowy,,,,,,,,,,
16756,śląskie,bielski,Szczyrk,gmina miejska,2402011,2020,nowy,,,,,,,,,,
16757,śląskie,bielski,Szczyrk,gmina miejska,2402011,2021,nowy,,,,,,,,,,
16758,śląskie,bielski,Szczyrk,gmina miejska,2402011,2022,nowy,,,,,,,,,,
16759,śląskie,bielski,Szczyrk,gmina miejska,2402011,2023,nowy,,,,,,,,,,
16760,śląskie,bielski,Szczyrk,gmina miejska,2402011,2024,nowy,,,,,,,,,,
16761,śląskie,bielski,Szczyrk,gmina miejska,2402011,2025,nowy,,,,,,,,,,
16762,śląskie,bielski,Bestwina,gmina wiejska,2402022,2018,nowy,,,,,,,,,,
16763,śląskie,bielski,Bestwina,gmina wiejska,2402022,2019,nowy,,,,,,,,,,
16764,śląskie,bielski,Bestwina,gmina wiejska,2402022,2020,nowy,,,,,,,,,,
16765,śląskie,bielski,Bestwina,gmina wiejska,2402022,2021,nowy,,,,,,,,,,
16766,śląskie,bielski,Bestwina,gmina wiejska,2402022,2022,nowy,,,,,,,,,,
16767,śląskie,bielski,Bestwina,gmina wiejska,2402022,2023,nowy,,,,,,,,,,
16768,śląskie,bielski,Bestwina,gmina wiejska,2402022,2024,nowy,,,,,,,,,,
16769,śląskie,bielski,Bestwina,gmina wiejska,2402022,2025,nowy,,,,,,,,,,
16770,śląskie,bielski,Buczkowice,gmina wiejska,2402032,2018,nowy,,,,,,,,,,
16771,śląskie,bielski,Buczkowice,gmina wiejska,2402032,2019,nowy,,,,,,,,,,
16772,śląskie,bielski,Buczkowice,gmina wiejska,2402032,2020,nowy,,,,,,,,,,
16773,śląskie,bielski,Buczkowice,gmina wiejska,2402032,2021,nowy,,,,,,,,,,
16774,śląskie,bielski,Buczkowice,gmina wiejska,2402032,2022,nowy,,,,,,,,,,
16775,śląskie,bielski,Buczkowice,gmina wiejska,2402032,2023,nowy,,,,,,,,,,
16776,śląskie,bielski,Buczkowice,gmina wiejska,2402032,2024,nowy,,,,,,,,,,
16777,śląskie,bielski,Buczkowice,gmina wiejska,2402032,2025,nowy,,,,,,,,,,
16778,śląskie,bielski,Czechowice-Dziedzice,gmina miejsko-wiejska,2402043,2018,nowy,,,,,,,,,,
16779,śląskie,bielski,Czechowice-Dziedzice,gmina miejsko-wiejska,2402043,2019,nowy,,,,,,,,,,
16780,śląskie,bielski,Czechowice-Dziedzice,gmina miejsko-wiejska,2402043,2020,nowy,,,,,,,,,,
16781,śląskie,bielski,Czechowice-Dziedzice,gmina miejsko-wiejska,2402043,2021,nowy,,,,,,,,,,
16782,śląskie,bielski,Czechowice-Dziedzice,gmina miejsko-wiejska,2402043,2022,nowy,,,,,,,,,,
16783,śląskie,bielski,Czechowice-Dziedzice,gmina miejsko-wiejska,2402043,2023,nowy,,,,,,,,,,
16784,śląskie,bielski,Czechowice-Dziedzice,gmina miejsko-wiejska,2402043,2024,nowy,,,,,,,,,,
16785,śląskie,bielski,Czechowice-Dziedzice,gmina miejsko-wiejska,2402043,2025,nowy,,,,,,,,,,
16786,śląskie,bielski,Jasienica,gmina wiejska,2402052,2018,nowy,,,,,,,,,,
16787,śląskie,bielski,Jasienica,gmina wiejska,2402052,2019,nowy,,,,,,,,,,
16788,śląskie,bielski,Jasienica,gmina wiejska,2402052,2020,nowy,,,,,,,,,,
16789,śląskie,bielski,Jasienica,gmina wiejska,2402052,2021,nowy,,,,,,,,,,
16790,śląskie,bielski,Jasienica,gmina wiejska,2402052,2022,nowy,,,,,,,,,,
16791,śląskie,bielski,Jasienica,gmina wiejska,2402052,2023,nowy,,,,,,,,,,
16792,śląskie,bielski,Jasienica,gmina wiejska,2402052,2024,nowy,,,,,,,,,,
16793,śląskie,bielski,Jasienica,gmina wiejska,2402052,2025,nowy,,,,,,,,,,
16794,śląskie,bielski,Jaworze,gmina wiejska,2402062,2018,nowy,,,,,,,,,,
16795,śląskie,bielski,Jaworze,gmina wiejska,2402062,2019,nowy,,,,,,,,,,
16796,śląskie,bielski,Jaworze,gmina wiejska,2402062,2020,nowy,,,,,,,,,,
16797,śląskie,bielski,Jaworze,gmina wiejska,2402062,2021,nowy,,,,,,,,,,
16798,śląskie,bielski,Jaworze,gmina wiejska,2402062,2022,nowy,,,,,,,,,,
16799,śląskie,bielski,Jaworze,gmina wiejska,2402062,2023,nowy,,,,,,,,,,
16800,śląskie,bielski,Jaworze,gmina wiejska,2402062,2024,nowy,,,,,,,,,,
16801,śląskie,bielski,Jaworze,gmina wiejska,2402062,2025,nowy,,,,,,,,,,
16802,śląskie,bielski,Kozy,gmina wiejska,2402072,2018,nowy,,,,,,,,,,
16803,śląskie,bielski,Kozy,gmina wiejska,2402072,2019,nowy,,,,,,,,,,
16804,śląskie,bielski,Kozy,gmina wiejska,2402072,2020,nowy,,,,,,,,,,
16805,śląskie,bielski,Kozy,gmina wiejska,2402072,2021,nowy,,,,,,,,,,
16806,śląskie,bielski,Kozy,gmina wiejska,2402072,2022,nowy,,,,,,,,,,
16807,śląskie,bielski,Kozy,gmina wiejska,2402072,2023,nowy,,,,,,,,,,
16808,śląskie,bielski,Kozy,gmina wiejska,2402072,2024,nowy,,,,,,,,,,
16809,śląskie,bielski,Kozy,gmina wiejska,2402072,2025,nowy,,,,,,,,,,
16810,śląskie,bielski,Porąbka,gmina wiejska,2402082,2018,nowy,,,,,,,,,,
16811,śląskie,bielski,Porąbka,gmina wiejska,2402082,2019,nowy,,,,,,,,,,
16812,śląskie,bielski,Porąbka,gmina wiejska,2402082,2020,nowy,,,,,,,,,,
16813,śląskie,bielski,Porąbka,gmina wiejska,2402082,2021,nowy,,,,,,,,,,
16814,śląskie,bielski,Porąbka,gmina wiejska,2402082,2022,nowy,,,,,,,,,,
16815,śląskie,bielski,Porąbka,gmina wiejska,2402082,2023,nowy,,,,,,,,,,
16816,śląskie,bielski,Porąbka,gmina wiejska,2402082,2024,nowy,,,,,,,,,,
16817,śląskie,bielski,Porąbka,gmina wiejska,2402082,2025,nowy,,,,,,,,,,
16818,śląskie,bielski,Wilamowice,gmina miejsko-wiejska,2402093,2018,nowy,,,,,,,,,,
16819,śląskie,bielski,Wilamowice,gmina miejsko-wiejska,2402093,2019,nowy,,,,,,,,,,
16820,śląskie,bielski,Wilamowice,gmina miejsko-wiejska,2402093,2020,nowy,,,,,,,,,,
16821,śląskie,bielski,Wilamowice,gmina miejsko-wiejska,2402093,2021,nowy,,,,,,,,,,
16822,śląskie,bielski,Wilamowice,gmina miejsko-wiejska,2402093,2022,nowy,,,,,,,,,,
16823,śląskie,bielski,Wilamowice,gmina miejsko-wiejska,2402093,2023,nowy,,,,,,,,,,
16824,śląskie,bielski,Wilamowice,gmina miejsko-wiejska,2402093,2024,nowy,,,,,,,,,,
16825,śląskie,bielski,Wilamowice,gmina miejsko-wiejska,2402093,2025,nowy,,,,,,,,,,
16826,śląskie,bielski,Wilkowice,gmina wiejska,2402102,2018,nowy,,,,,,,,,,
16827,śląskie,bielski,Wilkowice,gmina wiejska,2402102,2019,nowy,,,,,,,,,,
16828,śląskie,bielski,Wilkowice,gmina wiejska,2402102,2020,nowy,,,,,,,,,,
16829,śląskie,bielski,Wilkowice,gmina wiejska,2402102,2021,nowy,,,,,,,,,,
16830,śląskie,bielski,Wilkowice,gmina wiejska,2402102,2022,nowy,,,,,,,,,,
16831,śląskie,bielski,Wilkowice,gmina wiejska,2402102,2023,nowy,,,,,,,,,,
16832,śląskie,bielski,Wilkowice,gmina wiejska,2402102,2024,nowy,,,,,,,,,,
16833,śląskie,bielski,Wilkowice,gmina wiejska,2402102,2025,nowy,,,,,,,,,,
16834,śląskie,cieszyński,-,-,2403,2018,nowy,,,,,,,,,,
16835,śląskie,cieszyński,-,-,2403,2019,nowy,,,,,,,,,,
16836,śląskie,cieszyński,-,-,2403,2020,nowy,,,,,,,,,,
16837,śląskie,cieszyński,-,-,2403,2021,nowy,,,,,,,,,,
16838,śląskie,cieszyński,-,-,2403,2022,nowy,,,,,,,,,,
16839,śląskie,cieszyński,-,-,2403,2023,nowy,,,,,,,,,,
16840,śląskie,cieszyński,-,-,2403,2024,nowy,,,,,,,,,,
16841,śląskie,cieszyński,-,-,2403,2025,nowy,,,,,,,,,,
16842,śląskie,cieszyński,Cieszyn,gmina miejska,2403011,2018,nowy,,,,,,,,,,
16843,śląskie,cieszyński,Cieszyn,gmina miejska,2403011,2019,nowy,,,,,,,,,,
16844,śląskie,cieszyński,Cieszyn,gmina miejska,2403011,2020,nowy,,,,,,,,,,
16845,śląskie,cieszyński,Cieszyn,gmina miejska,2403011,2021,nowy,,,,,,,,,,
16846,śląskie,cieszyński,Cieszyn,gmina miejska,2403011,2022,nowy,,,,,,,,,,
16847,śląskie,cieszyński,Cieszyn,gmina miejska,2403011,2023,nowy,,,,,,,,,,
16848,śląskie,cieszyński,Cieszyn,gmina miejska,2403011,2024,nowy,,,,,,,,,,
16849,śląskie,cieszyński,Cieszyn,gmina miejska,2403011,2025,nowy,,,,,,,,,,
16850,śląskie,cieszyński,Ustroń,gmina miejska,2403021,2018,nowy,,,,,,,,,,
16851,śląskie,cieszyński,Ustroń,gmina miejska,2403021,2019,nowy,,,,,,,,,,
16852,śląskie,cieszyński,Ustroń,gmina miejska,2403021,2020,nowy,,,,,,,,,,
16853,śląskie,cieszyński,Ustroń,gmina miejska,2403021,2021,nowy,,,,,,,,,,
16854,śląskie,cieszyński,Ustroń,gmina miejska,2403021,2022,nowy,,,,,,,,,,
16855,śląskie,cieszyński,Ustroń,gmina miejska,2403021,2023,nowy,,,,,,,,,,
16856,śląskie,cieszyński,Ustroń,gmina miejska,2403021,2024,nowy,,,,,,,,,,
16857,śląskie,cieszyński,Ustroń,gmina miejska,2403021,2025,nowy,,,,,,,,,,
16858,śląskie,cieszyński,Wisła,gmina miejska,2403031,2018,nowy,,,,,,,,,,
16859,śląskie,cieszyński,Wisła,gmina miejska,2403031,2019,nowy,,,,,,,,,,
16860,śląskie,cieszyński,Wisła,gmina miejska,2403031,2020,nowy,,,,,,,,,,
16861,śląskie,cieszyński,Wisła,gmina miejska,2403031,2021,nowy,,,,,,,,,,
16862,śląskie,cieszyński,Wisła,gmina miejska,2403031,2022,nowy,,,,,,,,,,
16863,śląskie,cieszyński,Wisła,gmina miejska,2403031,2023,nowy,,,,,,,,,,
16864,śląskie,cieszyński,Wisła,gmina miejska,2403031,2024,nowy,,,,,,,,,,
16865,śląskie,cieszyński,Wisła,gmina miejska,2403031,2025,nowy,,,,,,,,,,
16866,śląskie,cieszyński,Brenna,gmina wiejska,2403042,2018,nowy,,,,,,,,,,
16867,śląskie,cieszyński,Brenna,gmina wiejska,2403042,2019,nowy,,,,,,,,,,
16868,śląskie,cieszyński,Brenna,gmina wiejska,2403042,2020,nowy,,,,,,,,,,
16869,śląskie,cieszyński,Brenna,gmina wiejska,2403042,2021,nowy,,,,,,,,,,
16870,śląskie,cieszyński,Brenna,gmina wiejska,2403042,2022,nowy,,,,,,,,,,
16871,śląskie,cieszyński,Brenna,gmina wiejska,2403042,2023,nowy,,,,,,,,,,
16872,śląskie,cieszyński,Brenna,gmina wiejska,2403042,2024,nowy,,,,,,,,,,
16873,śląskie,cieszyński,Brenna,gmina wiejska,2403042,2025,nowy,,,,,,,,,,
16874,śląskie,cieszyński,Chybie,gmina wiejska,2403052,2018,nowy,,,,,,,,,,
16875,śląskie,cieszyński,Chybie,gmina wiejska,2403052,2019,nowy,,,,,,,,,,
16876,śląskie,cieszyński,Chybie,gmina wiejska,2403052,2020,nowy,,,,,,,,,,
16877,śląskie,cieszyński,Chybie,gmina wiejska,2403052,2021,nowy,,,,,,,,,,
16878,śląskie,cieszyński,Chybie,gmina wiejska,2403052,2022,nowy,,,,,,,,,,
16879,śląskie,cieszyński,Chybie,gmina wiejska,2403052,2023,nowy,,,,,,,,,,
16880,śląskie,cieszyński,Chybie,gmina wiejska,2403052,2024,nowy,,,,,,,,,,
16881,śląskie,cieszyński,Chybie,gmina wiejska,2403052,2025,nowy,,,,,,,,,,
16882,śląskie,cieszyński,Dębowiec,gmina wiejska,2403062,2018,nowy,,,,,,,,,,
16883,śląskie,cieszyński,Dębowiec,gmina wiejska,2403062,2019,nowy,,,,,,,,,,
16884,śląskie,cieszyński,Dębowiec,gmina wiejska,2403062,2020,nowy,,,,,,,,,,
16885,śląskie,cieszyński,Dębowiec,gmina wiejska,2403062,2021,nowy,,,,,,,,,,
16886,śląskie,cieszyński,Dębowiec,gmina wiejska,2403062,2022,nowy,,,,,,,,,,
16887,śląskie,cieszyński,Dębowiec,gmina wiejska,2403062,2023,nowy,,,,,,,,,,
16888,śląskie,cieszyński,Dębowiec,gmina wiejska,2403062,2024,nowy,,,,,,,,,,
16889,śląskie,cieszyński,Dębowiec,gmina wiejska,2403062,2025,nowy,,,,,,,,,,
16890,śląskie,cieszyński,Goleszów,gmina wiejska,2403072,2018,nowy,,,,,,,,,,
16891,śląskie,cieszyński,Goleszów,gmina wiejska,2403072,2019,nowy,,,,,,,,,,
16892,śląskie,cieszyński,Goleszów,gmina wiejska,2403072,2020,nowy,,,,,,,,,,
16893,śląskie,cieszyński,Goleszów,gmina wiejska,2403072,2021,nowy,,,,,,,,,,
16894,śląskie,cieszyński,Goleszów,gmina wiejska,2403072,2022,nowy,,,,,,,,,,
16895,śląskie,cieszyński,Goleszów,gmina wiejska,2403072,2023,nowy,,,,,,,,,,
16896,śląskie,cieszyński,Goleszów,gmina wiejska,2403072,2024,nowy,,,,,,,,,,
16897,śląskie,cieszyński,Goleszów,gmina wiejska,2403072,2025,nowy,,,,,,,,,,
16898,śląskie,cieszyński,Hażlach,gmina wiejska,2403082,2018,nowy,,,,,,,,,,
16899,śląskie,cieszyński,Hażlach,gmina wiejska,2403082,2019,nowy,,,,,,,,,,
16900,śląskie,cieszyński,Hażlach,gmina wiejska,2403082,2020,nowy,,,,,,,,,,
16901,śląskie,cieszyński,Hażlach,gmina wiejska,2403082,2021,nowy,,,,,,,,,,
16902,śląskie,cieszyński,Hażlach,gmina wiejska,2403082,2022,nowy,,,,,,,,,,
16903,śląskie,cieszyński,Hażlach,gmina wiejska,2403082,2023,nowy,,,,,,,,,,
16904,śląskie,cieszyński,Hażlach,gmina wiejska,2403082,2024,nowy,,,,,,,,,,
16905,śląskie,cieszyński,Hażlach,gmina wiejska,2403082,2025,nowy,,,,,,,,,,
16906,śląskie,cieszyński,Istebna,gmina wiejska,2403092,2018,nowy,,,,,,,,,,
16907,śląskie,cieszyński,Istebna,gmina wiejska,2403092,2019,nowy,,,,,,,,,,
16908,śląskie,cieszyński,Istebna,gmina wiejska,2403092,2020,nowy,,,,,,,,,,
16909,śląskie,cieszyński,Istebna,gmina wiejska,2403092,2021,nowy,,,,,,,,,,
16910,śląskie,cieszyński,Istebna,gmina wiejska,2403092,2022,nowy,,,,,,,,,,
16911,śląskie,cieszyński,Istebna,gmina wiejska,2403092,2023,nowy,,,,,,,,,,
16912,śląskie,cieszyński,Istebna,gmina wiejska,2403092,2024,nowy,,,,,,,,,,
16913,śląskie,cieszyński,Istebna,gmina wiejska,2403092,2025,nowy,,,,,,,,,,
16914,śląskie,cieszyński,Skoczów,gmina miejsko-wiejska,2403103,2018,nowy,,,,,,,,,,
16915,śląskie,cieszyński,Skoczów,gmina miejsko-wiejska,2403103,2019,nowy,,,,,,,,,,
16916,śląskie,cieszyński,Skoczów,gmina miejsko-wiejska,2403103,2020,nowy,,,,,,,,,,
16917,śląskie,cieszyński,Skoczów,gmina miejsko-wiejska,2403103,2021,nowy,,,,,,,,,,
16918,śląskie,cieszyński,Skoczów,gmina miejsko-wiejska,2403103,2022,nowy,,,,,,,,,,
16919,śląskie,cieszyński,Skoczów,gmina miejsko-wiejska,2403103,2023,nowy,,,,,,,,,,
16920,śląskie,cieszyński,Skoczów,gmina miejsko-wiejska,2403103,2024,nowy,,,,,,,,,,
16921,śląskie,cieszyński,Skoczów,gmina miejsko-wiejska,2403103,2025,nowy,,,,,,,,,,
16922,śląskie,cieszyński,Strumień,gmina miejsko-wiejska,2403113,2018,nowy,,,,,,,,,,
16923,śląskie,cieszyński,Strumień,gmina miejsko-wiejska,2403113,2019,nowy,,,,,,,,,,
16924,śląskie,cieszyński,Strumień,gmina miejsko-wiejska,2403113,2020,nowy,,,,,,,,,,
16925,śląskie,cieszyński,Strumień,gmina miejsko-wiejska,2403113,2021,nowy,,,,,,,,,,
16926,śląskie,cieszyński,Strumień,gmina miejsko-wiejska,2403113,2022,nowy,,,,,,,,,,
16927,śląskie,cieszyński,Strumień,gmina miejsko-wiejska,2403113,2023,nowy,,,,,,,,,,
16928,śląskie,cieszyński,Strumień,gmina miejsko-wiejska,2403113,2024,nowy,,,,,,,,,,
16929,śląskie,cieszyński,Strumień,gmina miejsko-wiejska,2403113,2025,nowy,,,,,,,,,,
16930,śląskie,cieszyński,Zebrzydowice,gmina wiejska,2403122,2018,nowy,,,,,,,,,,
16931,śląskie,cieszyński,Zebrzydowice,gmina wiejska,2403122,2019,nowy,,,,,,,,,,
16932,śląskie,cieszyński,Zebrzydowice,gmina wiejska,2403122,2020,nowy,,,,,,,,,,
16933,śląskie,cieszyński,Zebrzydowice,gmina wiejska,2403122,2021,nowy,,,,,,,,,,
16934,śląskie,cieszyński,Zebrzydowice,gmina wiejska,2403122,2022,nowy,,,,,,,,,,
16935,śląskie,cieszyński,Zebrzydowice,gmina wiejska,2403122,2023,nowy,,,,,,,,,,
16936,śląskie,cieszyński,Zebrzydowice,gmina wiejska,2403122,2024,nowy,,,,,,,,,,
16937,śląskie,cieszyński,Zebrzydowice,gmina wiejska,2403122,2025,nowy,,,,,,,,,,
16938,śląskie,częstochowski,-,-,2404,2018,nowy,,,,,,,,,,
16939,śląskie,częstochowski,-,-,2404,2019,nowy,,,,,,,,,,
16940,śląskie,częstochowski,-,-,2404,2020,nowy,,,,,,,,,,
16941,śląskie,częstochowski,-,-,2404,2021,nowy,,,,,,,,,,
16942,śląskie,częstochowski,-,-,2404,2022,nowy,,,,,,,,,,
16943,śląskie,częstochowski,-,-,2404,2023,nowy,,,,,,,,,,
16944,śląskie,częstochowski,-,-,2404,2024,nowy,,,,,,,,,,
16945,śląskie,częstochowski,-,-,2404,2025,nowy,,,,,,,,,,
16946,śląskie,częstochowski,Blachownia,gmina miejsko-wiejska,2404013,2018,nowy,,,,,,,,,,
16947,śląskie,częstochowski,Blachownia,gmina miejsko-wiejska,2404013,2019,nowy,,,,,,,,,,
16948,śląskie,częstochowski,Blachownia,gmina miejsko-wiejska,2404013,2020,nowy,,,,,,,,,,
16949,śląskie,częstochowski,Blachownia,gmina miejsko-wiejska,2404013,2021,nowy,,,,,,,,,,
16950,śląskie,częstochowski,Blachownia,gmina miejsko-wiejska,2404013,2022,nowy,,,,,,,,,,
16951,śląskie,częstochowski,Blachownia,gmina miejsko-wiejska,2404013,2023,nowy,,,,,,,,,,
16952,śląskie,częstochowski,Blachownia,gmina miejsko-wiejska,2404013,2024,nowy,,,,,,,,,,
16953,śląskie,częstochowski,Blachownia,gmina miejsko-wiejska,2404013,2025,nowy,,,,,,,,,,
16954,śląskie,częstochowski,Dąbrowa Zielona,gmina wiejska,2404022,2018,nowy,,,,,,,,,,
16955,śląskie,częstochowski,Dąbrowa Zielona,gmina wiejska,2404022,2019,nowy,,,,,,,,,,
16956,śląskie,częstochowski,Dąbrowa Zielona,gmina wiejska,2404022,2020,nowy,,,,,,,,,,
16957,śląskie,częstochowski,Dąbrowa Zielona,gmina wiejska,2404022,2021,nowy,,,,,,,,,,
16958,śląskie,częstochowski,Dąbrowa Zielona,gmina wiejska,2404022,2022,nowy,,,,,,,,,,
16959,śląskie,częstochowski,Dąbrowa Zielona,gmina wiejska,2404022,2023,nowy,,,,,,,,,,
16960,śląskie,częstochowski,Dąbrowa Zielona,gmina wiejska,2404022,2024,nowy,,,,,,,,,,
16961,śląskie,częstochowski,Dąbrowa Zielona,gmina wiejska,2404022,2025,nowy,,,,,,,,,,
16962,śląskie,częstochowski,Janów,gmina wiejska,2404032,2018,nowy,,,,,,,,,,
16963,śląskie,częstochowski,Janów,gmina wiejska,2404032,2019,nowy,,,,,,,,,,
16964,śląskie,częstochowski,Janów,gmina wiejska,2404032,2020,nowy,,,,,,,,,,
16965,śląskie,częstochowski,Janów,gmina wiejska,2404032,2021,nowy,,,,,,,,,,
16966,śląskie,częstochowski,Janów,gmina wiejska,2404032,2022,nowy,,,,,,,,,,
16967,śląskie,częstochowski,Janów,gmina wiejska,2404032,2023,nowy,,,,,,,,,,
16968,śląskie,częstochowski,Janów,gmina wiejska,2404032,2024,nowy,,,,,,,,,,
16969,śląskie,częstochowski,Janów,gmina wiejska,2404032,2025,nowy,,,,,,,,,,
16970,śląskie,częstochowski,Kamienica Polska,gmina wiejska,2404042,2018,nowy,,,,,,,,,,
16971,śląskie,częstochowski,Kamienica Polska,gmina wiejska,2404042,2019,nowy,,,,,,,,,,
16972,śląskie,częstochowski,Kamienica Polska,gmina wiejska,2404042,2020,nowy,,,,,,,,,,
16973,śląskie,częstochowski,Kamienica Polska,gmina wiejska,2404042,2021,nowy,,,,,,,,,,
16974,śląskie,częstochowski,Kamienica Polska,gmina wiejska,2404042,2022,nowy,,,,,,,,,,
16975,śląskie,częstochowski,Kamienica Polska,gmina wiejska,2404042,2023,nowy,,,,,,,,,,
16976,śląskie,częstochowski,Kamienica Polska,gmina wiejska,2404042,2024,nowy,,,,,,,,,,
16977,śląskie,częstochowski,Kamienica Polska,gmina wiejska,2404042,2025,nowy,,,,,,,,,,
16978,śląskie,częstochowski,Kłomnice,gmina wiejska,2404052,2018,nowy,,,,,,,,,,
16979,śląskie,częstochowski,Kłomnice,gmina wiejska,2404052,2019,nowy,,,,,,,,,,
16980,śląskie,częstochowski,Kłomnice,gmina wiejska,2404052,2020,nowy,,,,,,,,,,
16981,śląskie,częstochowski,Kłomnice,gmina wiejska,2404052,2021,nowy,,,,,,,,,,
16982,śląskie,częstochowski,Kłomnice,gmina wiejska,2404052,2022,nowy,,,,,,,,,,
16983,śląskie,częstochowski,Kłomnice,gmina wiejska,2404052,2023,nowy,,,,,,,,,,
16984,śląskie,częstochowski,Kłomnice,gmina wiejska,2404052,2024,nowy,,,,,,,,,,
16985,śląskie,częstochowski,Kłomnice,gmina wiejska,2404052,2025,nowy,,,,,,,,,,
16986,śląskie,częstochowski,Koniecpol,gmina miejsko-wiejska,2404063,2018,nowy,,,,,,,,,,
16987,śląskie,częstochowski,Koniecpol,gmina miejsko-wiejska,2404063,2019,nowy,,,,,,,,,,
16988,śląskie,częstochowski,Koniecpol,gmina miejsko-wiejska,2404063,2020,nowy,,,,,,,,,,
16989,śląskie,częstochowski,Koniecpol,gmina miejsko-wiejska,2404063,2021,nowy,,,,,,,,,,
16990,śląskie,częstochowski,Koniecpol,gmina miejsko-wiejska,2404063,2022,nowy,,,,,,,,,,
16991,śląskie,częstochowski,Koniecpol,gmina miejsko-wiejska,2404063,2023,nowy,,,,,,,,,,
16992,śląskie,częstochowski,Koniecpol,gmina miejsko-wiejska,2404063,2024,nowy,,,,,,,,,,
16993,śląskie,częstochowski,Koniecpol,gmina miejsko-wiejska,2404063,2025,nowy,,,,,,,,,,
16994,śląskie,częstochowski,Konopiska,gmina wiejska,2404072,2018,nowy,,,,,,,,,,
16995,śląskie,częstochowski,Konopiska,gmina wiejska,2404072,2019,nowy,,,,,,,,,,
16996,śląskie,częstochowski,Konopiska,gmina wiejska,2404072,2020,nowy,,,,,,,,,,
16997,śląskie,częstochowski,Konopiska,gmina wiejska,2404072,2021,nowy,,,,,,,,,,
16998,śląskie,częstochowski,Konopiska,gmina wiejska,2404072,2022,nowy,,,,,,,,,,
16999,śląskie,częstochowski,Konopiska,gmina wiejska,2404072,2023,nowy,,,,,,,,,,
17000,śląskie,częstochowski,Konopiska,gmina wiejska,2404072,2024,nowy,,,,,,,,,,
17001,śląskie,częstochowski,Konopiska,gmina wiejska,2404072,2025,nowy,,,,,,,,,,
17002,śląskie,częstochowski,Kruszyna,gmina wiejska,2404082,2018,nowy,,,,,,,,,,
17003,śląskie,częstochowski,Kruszyna,gmina wiejska,2404082,2019,nowy,,,,,,,,,,
17004,śląskie,częstochowski,Kruszyna,gmina wiejska,2404082,2020,nowy,,,,,,,,,,
17005,śląskie,częstochowski,Kruszyna,gmina wiejska,2404082,2021,nowy,,,,,,,,,,
17006,śląskie,częstochowski,Kruszyna,gmina wiejska,2404082,2022,nowy,,,,,,,,,,
17007,śląskie,częstochowski,Kruszyna,gmina wiejska,2404082,2023,nowy,,,,,,,,,,
17008,śląskie,częstochowski,Kruszyna,gmina wiejska,2404082,2024,nowy,,,,,,,,,,
17009,śląskie,częstochowski,Kruszyna,gmina wiejska,2404082,2025,nowy,,,,,,,,,,
17010,śląskie,częstochowski,Lelów,gmina wiejska,2404092,2018,nowy,,,,,,,,,,
17011,śląskie,częstochowski,Lelów,gmina wiejska,2404092,2019,nowy,,,,,,,,,,
17012,śląskie,częstochowski,Lelów,gmina wiejska,2404092,2020,nowy,,,,,,,,,,
17013,śląskie,częstochowski,Lelów,gmina wiejska,2404092,2021,nowy,,,,,,,,,,
17014,śląskie,częstochowski,Lelów,gmina wiejska,2404092,2022,nowy,,,,,,,,,,
17015,śląskie,częstochowski,Lelów,gmina wiejska,2404092,2023,nowy,,,,,,,,,,
17016,śląskie,częstochowski,Lelów,gmina wiejska,2404092,2024,nowy,,,,,,,,,,
17017,śląskie,częstochowski,Lelów,gmina wiejska,2404092,2025,nowy,,,,,,,,,,
17018,śląskie,częstochowski,Mstów,gmina wiejska,2404102,2018,nowy,,,,,,,,,,
17019,śląskie,częstochowski,Mstów,gmina wiejska,2404102,2019,nowy,,,,,,,,,,
17020,śląskie,częstochowski,Mstów,gmina wiejska,2404102,2020,nowy,,,,,,,,,,
17021,śląskie,częstochowski,Mstów,gmina wiejska,2404102,2021,nowy,,,,,,,,,,
17022,śląskie,częstochowski,Mstów,gmina wiejska,2404102,2022,nowy,,,,,,,,,,
17023,śląskie,częstochowski,Mstów,gmina wiejska,2404102,2023,nowy,,,,,,,,,,
17024,śląskie,częstochowski,Mstów,gmina wiejska,2404102,2024,nowy,,,,,,,,,,
17025,śląskie,częstochowski,Mstów,gmina wiejska,2404102,2025,nowy,,,,,,,,,,
17026,śląskie,częstochowski,Mykanów,gmina wiejska,2404112,2018,nowy,,,,,,,,,,
17027,śląskie,częstochowski,Mykanów,gmina wiejska,2404112,2019,nowy,,,,,,,,,,
17028,śląskie,częstochowski,Mykanów,gmina wiejska,2404112,2020,nowy,,,,,,,,,,
17029,śląskie,częstochowski,Mykanów,gmina wiejska,2404112,2021,nowy,,,,,,,,,,
17030,śląskie,częstochowski,Mykanów,gmina wiejska,2404112,2022,nowy,,,,,,,,,,
17031,śląskie,częstochowski,Mykanów,gmina wiejska,2404112,2023,nowy,,,,,,,,,,
17032,śląskie,częstochowski,Mykanów,gmina wiejska,2404112,2024,nowy,,,,,,,,,,
17033,śląskie,częstochowski,Mykanów,gmina wiejska,2404112,2025,nowy,,,,,,,,,,
17034,śląskie,częstochowski,Olsztyn,gmina wiejska,2404122,2018,nowy,,,,,,,,,,
17035,śląskie,częstochowski,Olsztyn,gmina wiejska,2404122,2019,nowy,,,,,,,,,,
17036,śląskie,częstochowski,Olsztyn,gmina wiejska,2404122,2020,nowy,,,,,,,,,,
17037,śląskie,częstochowski,Olsztyn,gmina wiejska,2404122,2021,nowy,,,,,,,,,,
17038,śląskie,częstochowski,Olsztyn,gmina miejsko-wiejska,2404123,2022,nowy,,,,,,,,,,
17039,śląskie,częstochowski,Olsztyn,gmina miejsko-wiejska,2404123,2023,nowy,,,,,,,,,,
17040,śląskie,częstochowski,Olsztyn,gmina miejsko-wiejska,2404123,2024,nowy,,,,,,,,,,
17041,śląskie,częstochowski,Olsztyn,gmina miejsko-wiejska,2404123,2025,nowy,,,,,,,,,,
17042,śląskie,częstochowski,Poczesna,gmina wiejska,2404132,2018,nowy,,,,,,,,,,
17043,śląskie,częstochowski,Poczesna,gmina wiejska,2404132,2019,nowy,,,,,,,,,,
17044,śląskie,częstochowski,Poczesna,gmina wiejska,2404132,2020,nowy,,,,,,,,,,
17045,śląskie,częstochowski,Poczesna,gmina wiejska,2404132,2021,nowy,,,,,,,,,,
17046,śląskie,częstochowski,Poczesna,gmina wiejska,2404132,2022,nowy,,,,,,,,,,
17047,śląskie,częstochowski,Poczesna,gmina wiejska,2404132,2023,nowy,,,,,,,,,,
17048,śląskie,częstochowski,Poczesna,gmina wiejska,2404132,2024,nowy,,,,,,,,,,
17049,śląskie,częstochowski,Poczesna,gmina wiejska,2404132,2025,nowy,,,,,,,,,,
17050,śląskie,częstochowski,Przyrów,gmina wiejska,2404142,2018,nowy,,,,,,,,,,
17051,śląskie,częstochowski,Przyrów,gmina wiejska,2404142,2019,nowy,,,,,,,,,,
17052,śląskie,częstochowski,Przyrów,gmina wiejska,2404142,2020,nowy,,,,,,,,,,
17053,śląskie,częstochowski,Przyrów,gmina wiejska,2404142,2021,nowy,,,,,,,,,,
17054,śląskie,częstochowski,Przyrów,gmina wiejska,2404142,2022,nowy,,,,,,,,,,
17055,śląskie,częstochowski,Przyrów,gmina wiejska,2404142,2023,nowy,,,,,,,,,,
17056,śląskie,częstochowski,Przyrów,gmina miejsko-wiejska,2404143,2024,nowy,,,,,,,,,,
17057,śląskie,częstochowski,Przyrów,gmina miejsko-wiejska,2404143,2025,nowy,,,,,,,,,,
17058,śląskie,częstochowski,Rędziny,gmina wiejska,2404152,2018,nowy,,,,,,,,,,
17059,śląskie,częstochowski,Rędziny,gmina wiejska,2404152,2019,nowy,,,,,,,,,,
17060,śląskie,częstochowski,Rędziny,gmina wiejska,2404152,2020,nowy,,,,,,,,,,
17061,śląskie,częstochowski,Rędziny,gmina wiejska,2404152,2021,nowy,,,,,,,,,,
17062,śląskie,częstochowski,Rędziny,gmina wiejska,2404152,2022,nowy,,,,,,,,,,
17063,śląskie,częstochowski,Rędziny,gmina wiejska,2404152,2023,nowy,,,,,,,,,,
17064,śląskie,częstochowski,Rędziny,gmina wiejska,2404152,2024,nowy,,,,,,,,,,
17065,śląskie,częstochowski,Rędziny,gmina wiejska,2404152,2025,nowy,,,,,,,,,,
17066,śląskie,częstochowski,Starcza,gmina wiejska,2404162,2018,nowy,,,,,,,,,,
17067,śląskie,częstochowski,Starcza,gmina wiejska,2404162,2019,nowy,,,,,,,,,,
17068,śląskie,częstochowski,Starcza,gmina wiejska,2404162,2020,nowy,,,,,,,,,,
17069,śląskie,częstochowski,Starcza,gmina wiejska,2404162,2021,nowy,,,,,,,,,,
17070,śląskie,częstochowski,Starcza,gmina wiejska,2404162,2022,nowy,,,,,,,,,,
17071,śląskie,częstochowski,Starcza,gmina wiejska,2404162,2023,nowy,,,,,,,,,,
17072,śląskie,częstochowski,Starcza,gmina wiejska,2404162,2024,nowy,,,,,,,,,,
17073,śląskie,częstochowski,Starcza,gmina wiejska,2404162,2025,nowy,,,,,,,,,,
17074,śląskie,gliwicki,-,-,2405,2018,nowy,,,,,,,,,,
17075,śląskie,gliwicki,-,-,2405,2019,nowy,,,,,,,,,,
17076,śląskie,gliwicki,-,-,2405,2020,nowy,,,,,,,,,,
17077,śląskie,gliwicki,-,-,2405,2021,nowy,,,,,,,,,,
17078,śląskie,gliwicki,-,-,2405,2022,nowy,,,,,,,,,,
17079,śląskie,gliwicki,-,-,2405,2023,nowy,,,,,,,,,,
17080,śląskie,gliwicki,-,-,2405,2024,nowy,,,,,,,,,,
17081,śląskie,gliwicki,-,-,2405,2025,nowy,,,,,,,,,,
17082,śląskie,gliwicki,Knurów,gmina miejska,2405011,2018,nowy,,,,,,,,,,
17083,śląskie,gliwicki,Knurów,gmina miejska,2405011,2019,nowy,,,,,,,,,,
17084,śląskie,gliwicki,Knurów,gmina miejska,2405011,2020,nowy,,,,,,,,,,
17085,śląskie,gliwicki,Knurów,gmina miejska,2405011,2021,nowy,,,,,,,,,,
17086,śląskie,gliwicki,Knurów,gmina miejska,2405011,2022,nowy,,,,,,,,,,
17087,śląskie,gliwicki,Knurów,gmina miejska,2405011,2023,nowy,,,,,,,,,,
17088,śląskie,gliwicki,Knurów,gmina miejska,2405011,2024,nowy,,,,,,,,,,
17089,śląskie,gliwicki,Knurów,gmina miejska,2405011,2025,nowy,,,,,,,,,,
17090,śląskie,gliwicki,Pyskowice,gmina miejska,2405021,2018,nowy,,,,,,,,,,
17091,śląskie,gliwicki,Pyskowice,gmina miejska,2405021,2019,nowy,,,,,,,,,,
17092,śląskie,gliwicki,Pyskowice,gmina miejska,2405021,2020,nowy,,,,,,,,,,
17093,śląskie,gliwicki,Pyskowice,gmina miejska,2405021,2021,nowy,,,,,,,,,,
17094,śląskie,gliwicki,Pyskowice,gmina miejska,2405021,2022,nowy,,,,,,,,,,
17095,śląskie,gliwicki,Pyskowice,gmina miejska,2405021,2023,nowy,,,,,,,,,,
17096,śląskie,gliwicki,Pyskowice,gmina miejska,2405021,2024,nowy,,,,,,,,,,
17097,śląskie,gliwicki,Pyskowice,gmina miejska,2405021,2025,nowy,,,,,,,,,,
17098,śląskie,gliwicki,Gierałtowice,gmina wiejska,2405032,2018,nowy,,,,,,,,,,
17099,śląskie,gliwicki,Gierałtowice,gmina wiejska,2405032,2019,nowy,,,,,,,,,,
17100,śląskie,gliwicki,Gierałtowice,gmina wiejska,2405032,2020,nowy,,,,,,,,,,
17101,śląskie,gliwicki,Gierałtowice,gmina wiejska,2405032,2021,nowy,,,,,,,,,,
17102,śląskie,gliwicki,Gierałtowice,gmina wiejska,2405032,2022,nowy,,,,,,,,,,
17103,śląskie,gliwicki,Gierałtowice,gmina wiejska,2405032,2023,nowy,,,,,,,,,,
17104,śląskie,gliwicki,Gierałtowice,gmina wiejska,2405032,2024,nowy,,,,,,,,,,
17105,śląskie,gliwicki,Gierałtowice,gmina wiejska,2405032,2025,nowy,,,,,,,,,,
17106,śląskie,gliwicki,Pilchowice,gmina wiejska,2405042,2018,nowy,,,,,,,,,,
17107,śląskie,gliwicki,Pilchowice,gmina wiejska,2405042,2019,nowy,,,,,,,,,,
17108,śląskie,gliwicki,Pilchowice,gmina wiejska,2405042,2020,nowy,,,,,,,,,,
17109,śląskie,gliwicki,Pilchowice,gmina wiejska,2405042,2021,nowy,,,,,,,,,,
17110,śląskie,gliwicki,Pilchowice,gmina wiejska,2405042,2022,nowy,,,,,,,,,,
17111,śląskie,gliwicki,Pilchowice,gmina wiejska,2405042,2023,nowy,,,,,,,,,,
17112,śląskie,gliwicki,Pilchowice,gmina wiejska,2405042,2024,nowy,,,,,,,,,,
17113,śląskie,gliwicki,Pilchowice,gmina wiejska,2405042,2025,nowy,,,,,,,,,,
17114,śląskie,gliwicki,Rudziniec,gmina wiejska,2405052,2018,nowy,,,,,,,,,,
17115,śląskie,gliwicki,Rudziniec,gmina wiejska,2405052,2019,nowy,,,,,,,,,,
17116,śląskie,gliwicki,Rudziniec,gmina wiejska,2405052,2020,nowy,,,,,,,,,,
17117,śląskie,gliwicki,Rudziniec,gmina wiejska,2405052,2021,nowy,,,,,,,,,,
17118,śląskie,gliwicki,Rudziniec,gmina wiejska,2405052,2022,nowy,,,,,,,,,,
17119,śląskie,gliwicki,Rudziniec,gmina wiejska,2405052,2023,nowy,,,,,,,,,,
17120,śląskie,gliwicki,Rudziniec,gmina wiejska,2405052,2024,nowy,,,,,,,,,,
17121,śląskie,gliwicki,Rudziniec,gmina wiejska,2405052,2025,nowy,,,,,,,,,,
17122,śląskie,gliwicki,Sośnicowice,gmina miejsko-wiejska,2405063,2018,nowy,,,,,,,,,,
17123,śląskie,gliwicki,Sośnicowice,gmina miejsko-wiejska,2405063,2019,nowy,,,,,,,,,,
17124,śląskie,gliwicki,Sośnicowice,gmina miejsko-wiejska,2405063,2020,nowy,,,,,,,,,,
17125,śląskie,gliwicki,Sośnicowice,gmina miejsko-wiejska,2405063,2021,nowy,,,,,,,,,,
17126,śląskie,gliwicki,Sośnicowice,gmina miejsko-wiejska,2405063,2022,nowy,,,,,,,,,,
17127,śląskie,gliwicki,Sośnicowice,gmina miejsko-wiejska,2405063,2023,nowy,,,,,,,,,,
17128,śląskie,gliwicki,Sośnicowice,gmina miejsko-wiejska,2405063,2024,nowy,,,,,,,,,,
17129,śląskie,gliwicki,Sośnicowice,gmina miejsko-wiejska,2405063,2025,nowy,,,,,,,,,,
17130,śląskie,gliwicki,Toszek,gmina miejsko-wiejska,2405073,2018,nowy,,,,,,,,,,
17131,śląskie,gliwicki,Toszek,gmina miejsko-wiejska,2405073,2019,nowy,,,,,,,,,,
17132,śląskie,gliwicki,Toszek,gmina miejsko-wiejska,2405073,2020,nowy,,,,,,,,,,
17133,śląskie,gliwicki,Toszek,gmina miejsko-wiejska,2405073,2021,nowy,,,,,,,,,,
17134,śląskie,gliwicki,Toszek,gmina miejsko-wiejska,2405073,2022,nowy,,,,,,,,,,
17135,śląskie,gliwicki,Toszek,gmina miejsko-wiejska,2405073,2023,nowy,,,,,,,,,,
17136,śląskie,gliwicki,Toszek,gmina miejsko-wiejska,2405073,2024,nowy,,,,,,,,,,
17137,śląskie,gliwicki,Toszek,gmina miejsko-wiejska,2405073,2025,nowy,,,,,,,,,,
17138,śląskie,gliwicki,Wielowieś,gmina wiejska,2405082,2018,nowy,,,,,,,,,,
17139,śląskie,gliwicki,Wielowieś,gmina wiejska,2405082,2019,nowy,,,,,,,,,,
17140,śląskie,gliwicki,Wielowieś,gmina wiejska,2405082,2020,nowy,,,,,,,,,,
17141,śląskie,gliwicki,Wielowieś,gmina wiejska,2405082,2021,nowy,,,,,,,,,,
17142,śląskie,gliwicki,Wielowieś,gmina wiejska,2405082,2022,nowy,,,,,,,,,,
17143,śląskie,gliwicki,Wielowieś,gmina wiejska,2405082,2023,nowy,,,,,,,,,,
17144,śląskie,gliwicki,Wielowieś,gmina wiejska,2405082,2024,nowy,,,,,,,,,,
17145,śląskie,gliwicki,Wielowieś,gmina wiejska,2405082,2025,nowy,,,,,,,,,,
17146,śląskie,kłobucki,-,-,2406,2018,nowy,,,,,,,,,,
17147,śląskie,kłobucki,-,-,2406,2019,nowy,,,,,,,,,,
17148,śląskie,kłobucki,-,-,2406,2020,nowy,,,,,,,,,,
17149,śląskie,kłobucki,-,-,2406,2021,nowy,,,,,,,,,,
17150,śląskie,kłobucki,-,-,2406,2022,nowy,,,,,,,,,,
17151,śląskie,kłobucki,-,-,2406,2023,nowy,,,,,,,,,,
17152,śląskie,kłobucki,-,-,2406,2024,nowy,,,,,,,,,,
17153,śląskie,kłobucki,-,-,2406,2025,nowy,,,,,,,,,,
17154,śląskie,kłobucki,Kłobuck,gmina miejsko-wiejska,2406013,2018,nowy,,,,,,,,,,
17155,śląskie,kłobucki,Kłobuck,gmina miejsko-wiejska,2406013,2019,nowy,,,,,,,,,,
17156,śląskie,kłobucki,Kłobuck,gmina miejsko-wiejska,2406013,2020,nowy,,,,,,,,,,
17157,śląskie,kłobucki,Kłobuck,gmina miejsko-wiejska,2406013,2021,nowy,,,,,,,,,,
17158,śląskie,kłobucki,Kłobuck,gmina miejsko-wiejska,2406013,2022,nowy,,,,,,,,,,
17159,śląskie,kłobucki,Kłobuck,gmina miejsko-wiejska,2406013,2023,nowy,,,,,,,,,,
17160,śląskie,kłobucki,Kłobuck,gmina miejsko-wiejska,2406013,2024,nowy,,,,,,,,,,
17161,śląskie,kłobucki,Kłobuck,gmina miejsko-wiejska,2406013,2025,nowy,,,,,,,,,,
17162,śląskie,kłobucki,Krzepice,gmina miejsko-wiejska,2406023,2018,nowy,,,,,,,,,,
17163,śląskie,kłobucki,Krzepice,gmina miejsko-wiejska,2406023,2019,nowy,,,,,,,,,,
17164,śląskie,kłobucki,Krzepice,gmina miejsko-wiejska,2406023,2020,nowy,,,,,,,,,,
17165,śląskie,kłobucki,Krzepice,gmina miejsko-wiejska,2406023,2021,nowy,,,,,,,,,,
17166,śląskie,kłobucki,Krzepice,gmina miejsko-wiejska,2406023,2022,nowy,,,,,,,,,,
17167,śląskie,kłobucki,Krzepice,gmina miejsko-wiejska,2406023,2023,nowy,,,,,,,,,,
17168,śląskie,kłobucki,Krzepice,gmina miejsko-wiejska,2406023,2024,nowy,,,,,,,,,,
17169,śląskie,kłobucki,Krzepice,gmina miejsko-wiejska,2406023,2025,nowy,,,,,,,,,,
17170,śląskie,kłobucki,Lipie,gmina wiejska,2406032,2018,nowy,,,,,,,,,,
17171,śląskie,kłobucki,Lipie,gmina wiejska,2406032,2019,nowy,,,,,,,,,,
17172,śląskie,kłobucki,Lipie,gmina wiejska,2406032,2020,nowy,,,,,,,,,,
17173,śląskie,kłobucki,Lipie,gmina wiejska,2406032,2021,nowy,,,,,,,,,,
17174,śląskie,kłobucki,Lipie,gmina wiejska,2406032,2022,nowy,,,,,,,,,,
17175,śląskie,kłobucki,Lipie,gmina wiejska,2406032,2023,nowy,,,,,,,,,,
17176,śląskie,kłobucki,Lipie,gmina wiejska,2406032,2024,nowy,,,,,,,,,,
17177,śląskie,kłobucki,Lipie,gmina wiejska,2406032,2025,nowy,,,,,,,,,,
17178,śląskie,kłobucki,Miedźno,gmina wiejska,2406042,2018,nowy,,,,,,,,,,
17179,śląskie,kłobucki,Miedźno,gmina wiejska,2406042,2019,nowy,,,,,,,,,,
17180,śląskie,kłobucki,Miedźno,gmina wiejska,2406042,2020,nowy,,,,,,,,,,
17181,śląskie,kłobucki,Miedźno,gmina wiejska,2406042,2021,nowy,,,,,,,,,,
17182,śląskie,kłobucki,Miedźno,gmina wiejska,2406042,2022,nowy,,,,,,,,,,
17183,śląskie,kłobucki,Miedźno,gmina wiejska,2406042,2023,nowy,,,,,,,,,,
17184,śląskie,kłobucki,Miedźno,gmina wiejska,2406042,2024,nowy,,,,,,,,,,
17185,śląskie,kłobucki,Miedźno,gmina wiejska,2406042,2025,nowy,,,,,,,,,,
17186,śląskie,kłobucki,Opatów,gmina wiejska,2406052,2018,nowy,,,,,,,,,,
17187,śląskie,kłobucki,Opatów,gmina wiejska,2406052,2019,nowy,,,,,,,,,,
17188,śląskie,kłobucki,Opatów,gmina wiejska,2406052,2020,nowy,,,,,,,,,,
17189,śląskie,kłobucki,Opatów,gmina wiejska,2406052,2021,nowy,,,,,,,,,,
17190,śląskie,kłobucki,Opatów,gmina wiejska,2406052,2022,nowy,,,,,,,,,,
17191,śląskie,kłobucki,Opatów,gmina wiejska,2406052,2023,nowy,,,,,,,,,,
17192,śląskie,kłobucki,Opatów,gmina wiejska,2406052,2024,nowy,,,,,,,,,,
17193,śląskie,kłobucki,Opatów,gmina wiejska,2406052,2025,nowy,,,,,,,,,,
17194,śląskie,kłobucki,Panki,gmina wiejska,2406062,2018,nowy,,,,,,,,,,
17195,śląskie,kłobucki,Panki,gmina wiejska,2406062,2019,nowy,,,,,,,,,,
17196,śląskie,kłobucki,Panki,gmina wiejska,2406062,2020,nowy,,,,,,,,,,
17197,śląskie,kłobucki,Panki,gmina wiejska,2406062,2021,nowy,,,,,,,,,,
17198,śląskie,kłobucki,Panki,gmina wiejska,2406062,2022,nowy,,,,,,,,,,
17199,śląskie,kłobucki,Panki,gmina wiejska,2406062,2023,nowy,,,,,,,,,,
17200,śląskie,kłobucki,Panki,gmina wiejska,2406062,2024,nowy,,,,,,,,,,
17201,śląskie,kłobucki,Panki,gmina wiejska,2406062,2025,nowy,,,,,,,,,,
17202,śląskie,kłobucki,Popów,gmina wiejska,2406072,2018,nowy,,,,,,,,,,
17203,śląskie,kłobucki,Popów,gmina wiejska,2406072,2019,nowy,,,,,,,,,,
17204,śląskie,kłobucki,Popów,gmina wiejska,2406072,2020,nowy,,,,,,,,,,
17205,śląskie,kłobucki,Popów,gmina wiejska,2406072,2021,nowy,,,,,,,,,,
17206,śląskie,kłobucki,Popów,gmina wiejska,2406072,2022,nowy,,,,,,,,,,
17207,śląskie,kłobucki,Popów,gmina wiejska,2406072,2023,nowy,,,,,,,,,,
17208,śląskie,kłobucki,Popów,gmina wiejska,2406072,2024,nowy,,,,,,,,,,
17209,śląskie,kłobucki,Popów,gmina wiejska,2406072,2025,nowy,,,,,,,,,,
17210,śląskie,kłobucki,Przystajń,gmina wiejska,2406082,2018,nowy,,,,,,,,,,
17211,śląskie,kłobucki,Przystajń,gmina wiejska,2406082,2019,nowy,,,,,,,,,,
17212,śląskie,kłobucki,Przystajń,gmina wiejska,2406082,2020,nowy,,,,,,,,,,
17213,śląskie,kłobucki,Przystajń,gmina wiejska,2406082,2021,nowy,,,,,,,,,,
17214,śląskie,kłobucki,Przystajń,gmina wiejska,2406082,2022,nowy,,,,,,,,,,
17215,śląskie,kłobucki,Przystajń,gmina wiejska,2406082,2023,nowy,,,,,,,,,,
17216,śląskie,kłobucki,Przystajń,gmina wiejska,2406082,2024,nowy,,,,,,,,,,
17217,śląskie,kłobucki,Przystajń,gmina wiejska,2406082,2025,nowy,,,,,,,,,,
17218,śląskie,kłobucki,Wręczyca Wielka,gmina wiejska,2406092,2018,nowy,,,,,,,,,,
17219,śląskie,kłobucki,Wręczyca Wielka,gmina wiejska,2406092,2019,nowy,,,,,,,,,,
17220,śląskie,kłobucki,Wręczyca Wielka,gmina wiejska,2406092,2020,nowy,,,,,,,,,,
17221,śląskie,kłobucki,Wręczyca Wielka,gmina wiejska,2406092,2021,nowy,,,,,,,,,,
17222,śląskie,kłobucki,Wręczyca Wielka,gmina wiejska,2406092,2022,nowy,,,,,,,,,,
17223,śląskie,kłobucki,Wręczyca Wielka,gmina wiejska,2406092,2023,nowy,,,,,,,,,,
17224,śląskie,kłobucki,Wręczyca Wielka,gmina wiejska,2406092,2024,nowy,,,,,,,,,,
17225,śląskie,kłobucki,Wręczyca Wielka,gmina wiejska,2406092,2025,nowy,,,,,,,,,,
17226,śląskie,lubliniecki,-,-,2407,2018,nowy,,,,,,,,,,
17227,śląskie,lubliniecki,-,-,2407,2019,nowy,,,,,,,,,,
17228,śląskie,lubliniecki,-,-,2407,2020,nowy,,,,,,,,,,
17229,śląskie,lubliniecki,-,-,2407,2021,nowy,,,,,,,,,,
17230,śląskie,lubliniecki,-,-,2407,2022,nowy,,,,,,,,,,
17231,śląskie,lubliniecki,-,-,2407,2023,nowy,,,,,,,,,,
17232,śląskie,lubliniecki,-,-,2407,2024,nowy,,,,,,,,,,
17233,śląskie,lubliniecki,-,-,2407,2025,nowy,,,,,,,,,,
17234,śląskie,lubliniecki,Lubliniec,gmina miejska,2407011,2018,nowy,,,,,,,,,,
17235,śląskie,lubliniecki,Lubliniec,gmina miejska,2407011,2019,nowy,,,,,,,,,,
17236,śląskie,lubliniecki,Lubliniec,gmina miejska,2407011,2020,nowy,,,,,,,,,,
17237,śląskie,lubliniecki,Lubliniec,gmina miejska,2407011,2021,nowy,,,,,,,,,,
17238,śląskie,lubliniecki,Lubliniec,gmina miejska,2407011,2022,nowy,,,,,,,,,,
17239,śląskie,lubliniecki,Lubliniec,gmina miejska,2407011,2023,nowy,,,,,,,,,,
17240,śląskie,lubliniecki,Lubliniec,gmina miejska,2407011,2024,nowy,,,,,,,,,,
17241,śląskie,lubliniecki,Lubliniec,gmina miejska,2407011,2025,nowy,,,,,,,,,,
17242,śląskie,lubliniecki,Boronów,gmina wiejska,2407022,2018,nowy,,,,,,,,,,
17243,śląskie,lubliniecki,Boronów,gmina wiejska,2407022,2019,nowy,,,,,,,,,,
17244,śląskie,lubliniecki,Boronów,gmina wiejska,2407022,2020,nowy,,,,,,,,,,
17245,śląskie,lubliniecki,Boronów,gmina wiejska,2407022,2021,nowy,,,,,,,,,,
17246,śląskie,lubliniecki,Boronów,gmina wiejska,2407022,2022,nowy,,,,,,,,,,
17247,śląskie,lubliniecki,Boronów,gmina wiejska,2407022,2023,nowy,,,,,,,,,,
17248,śląskie,lubliniecki,Boronów,gmina wiejska,2407022,2024,nowy,,,,,,,,,,
17249,śląskie,lubliniecki,Boronów,gmina wiejska,2407022,2025,nowy,,,,,,,,,,
17250,śląskie,lubliniecki,Ciasna,gmina wiejska,2407032,2018,nowy,,,,,,,,,,
17251,śląskie,lubliniecki,Ciasna,gmina wiejska,2407032,2019,nowy,,,,,,,,,,
17252,śląskie,lubliniecki,Ciasna,gmina wiejska,2407032,2020,nowy,,,,,,,,,,
17253,śląskie,lubliniecki,Ciasna,gmina wiejska,2407032,2021,nowy,,,,,,,,,,
17254,śląskie,lubliniecki,Ciasna,gmina wiejska,2407032,2022,nowy,,,,,,,,,,
17255,śląskie,lubliniecki,Ciasna,gmina wiejska,2407032,2023,nowy,,,,,,,,,,
17256,śląskie,lubliniecki,Ciasna,gmina wiejska,2407032,2024,nowy,,,,,,,,,,
17257,śląskie,lubliniecki,Ciasna,gmina wiejska,2407032,2025,nowy,,,,,,,,,,
17258,śląskie,lubliniecki,Herby,gmina wiejska,2407042,2018,nowy,,,,,,,,,,
17259,śląskie,lubliniecki,Herby,gmina wiejska,2407042,2019,nowy,,,,,,,,,,
17260,śląskie,lubliniecki,Herby,gmina wiejska,2407042,2020,nowy,,,,,,,,,,
17261,śląskie,lubliniecki,Herby,gmina wiejska,2407042,2021,nowy,,,,,,,,,,
17262,śląskie,lubliniecki,Herby,gmina wiejska,2407042,2022,nowy,,,,,,,,,,
17263,śląskie,lubliniecki,Herby,gmina wiejska,2407042,2023,nowy,,,,,,,,,,
17264,śląskie,lubliniecki,Herby,gmina wiejska,2407042,2024,nowy,,,,,,,,,,
17265,śląskie,lubliniecki,Herby,gmina wiejska,2407042,2025,nowy,,,,,,,,,,
17266,śląskie,lubliniecki,Kochanowice,gmina wiejska,2407052,2018,nowy,,,,,,,,,,
17267,śląskie,lubliniecki,Kochanowice,gmina wiejska,2407052,2019,nowy,,,,,,,,,,
17268,śląskie,lubliniecki,Kochanowice,gmina wiejska,2407052,2020,nowy,,,,,,,,,,
17269,śląskie,lubliniecki,Kochanowice,gmina wiejska,2407052,2021,nowy,,,,,,,,,,
17270,śląskie,lubliniecki,Kochanowice,gmina wiejska,2407052,2022,nowy,,,,,,,,,,
17271,śląskie,lubliniecki,Kochanowice,gmina wiejska,2407052,2023,nowy,,,,,,,,,,
17272,śląskie,lubliniecki,Kochanowice,gmina wiejska,2407052,2024,nowy,,,,,,,,,,
17273,śląskie,lubliniecki,Kochanowice,gmina wiejska,2407052,2025,nowy,,,,,,,,,,
17274,śląskie,lubliniecki,Koszęcin,gmina wiejska,2407062,2018,nowy,,,,,,,,,,
17275,śląskie,lubliniecki,Koszęcin,gmina wiejska,2407062,2019,nowy,,,,,,,,,,
17276,śląskie,lubliniecki,Koszęcin,gmina wiejska,2407062,2020,nowy,,,,,,,,,,
17277,śląskie,lubliniecki,Koszęcin,gmina wiejska,2407062,2021,nowy,,,,,,,,,,
17278,śląskie,lubliniecki,Koszęcin,gmina wiejska,2407062,2022,nowy,,,,,,,,,,
17279,śląskie,lubliniecki,Koszęcin,gmina wiejska,2407062,2023,nowy,,,,,,,,,,
17280,śląskie,lubliniecki,Koszęcin,gmina wiejska,2407062,2024,nowy,,,,,,,,,,
17281,śląskie,lubliniecki,Koszęcin,gmina wiejska,2407062,2025,nowy,,,,,,,,,,
17282,śląskie,lubliniecki,Pawonków,gmina wiejska,2407072,2018,nowy,,,,,,,,,,
17283,śląskie,lubliniecki,Pawonków,gmina wiejska,2407072,2019,nowy,,,,,,,,,,
17284,śląskie,lubliniecki,Pawonków,gmina wiejska,2407072,2020,nowy,,,,,,,,,,
17285,śląskie,lubliniecki,Pawonków,gmina wiejska,2407072,2021,nowy,,,,,,,,,,
17286,śląskie,lubliniecki,Pawonków,gmina wiejska,2407072,2022,nowy,,,,,,,,,,
17287,śląskie,lubliniecki,Pawonków,gmina wiejska,2407072,2023,nowy,,,,,,,,,,
17288,śląskie,lubliniecki,Pawonków,gmina wiejska,2407072,2024,nowy,,,,,,,,,,
17289,śląskie,lubliniecki,Pawonków,gmina wiejska,2407072,2025,nowy,,,,,,,,,,
17290,śląskie,lubliniecki,Woźniki,gmina miejsko-wiejska,2407083,2018,nowy,,,,,,,,,,
17291,śląskie,lubliniecki,Woźniki,gmina miejsko-wiejska,2407083,2019,nowy,,,,,,,,,,
17292,śląskie,lubliniecki,Woźniki,gmina miejsko-wiejska,2407083,2020,nowy,,,,,,,,,,
17293,śląskie,lubliniecki,Woźniki,gmina miejsko-wiejska,2407083,2021,nowy,,,,,,,,,,
17294,śląskie,lubliniecki,Woźniki,gmina miejsko-wiejska,2407083,2022,nowy,,,,,,,,,,
17295,śląskie,lubliniecki,Woźniki,gmina miejsko-wiejska,2407083,2023,nowy,,,,,,,,,,
17296,śląskie,lubliniecki,Woźniki,gmina miejsko-wiejska,2407083,2024,nowy,,,,,,,,,,
17297,śląskie,lubliniecki,Woźniki,gmina miejsko-wiejska,2407083,2025,nowy,,,,,,,,,,
17298,śląskie,mikołowski,-,-,2408,2018,nowy,,,,,,,,,,
17299,śląskie,mikołowski,-,-,2408,2019,nowy,,,,,,,,,,
17300,śląskie,mikołowski,-,-,2408,2020,nowy,,,,,,,,,,
17301,śląskie,mikołowski,-,-,2408,2021,nowy,,,,,,,,,,
17302,śląskie,mikołowski,-,-,2408,2022,nowy,,,,,,,,,,
17303,śląskie,mikołowski,-,-,2408,2023,nowy,,,,,,,,,,
17304,śląskie,mikołowski,-,-,2408,2024,nowy,,,,,,,,,,
17305,śląskie,mikołowski,-,-,2408,2025,nowy,,,,,,,,,,
17306,śląskie,mikołowski,Łaziska Górne,gmina miejska,2408011,2018,nowy,,,,,,,,,,
17307,śląskie,mikołowski,Łaziska Górne,gmina miejska,2408011,2019,nowy,,,,,,,,,,
17308,śląskie,mikołowski,Łaziska Górne,gmina miejska,2408011,2020,nowy,,,,,,,,,,
17309,śląskie,mikołowski,Łaziska Górne,gmina miejska,2408011,2021,nowy,,,,,,,,,,
17310,śląskie,mikołowski,Łaziska Górne,gmina miejska,2408011,2022,nowy,,,,,,,,,,
17311,śląskie,mikołowski,Łaziska Górne,gmina miejska,2408011,2023,nowy,,,,,,,,,,
17312,śląskie,mikołowski,Łaziska Górne,gmina miejska,2408011,2024,nowy,,,,,,,,,,
17313,śląskie,mikołowski,Łaziska Górne,gmina miejska,2408011,2025,nowy,,,,,,,,,,
17314,śląskie,mikołowski,Mikołów,gmina miejska,2408021,2018,nowy,,,,,,,,,,
17315,śląskie,mikołowski,Mikołów,gmina miejska,2408021,2019,nowy,,,,,,,,,,
17316,śląskie,mikołowski,Mikołów,gmina miejska,2408021,2020,nowy,,,,,,,,,,
17317,śląskie,mikołowski,Mikołów,gmina miejska,2408021,2021,nowy,,,,,,,,,,
17318,śląskie,mikołowski,Mikołów,gmina miejska,2408021,2022,nowy,,,,,,,,,,
17319,śląskie,mikołowski,Mikołów,gmina miejska,2408021,2023,nowy,,,,,,,,,,
17320,śląskie,mikołowski,Mikołów,gmina miejska,2408021,2024,nowy,,,,,,,,,,
17321,śląskie,mikołowski,Mikołów,gmina miejska,2408021,2025,nowy,,,,,,,,,,
17322,śląskie,mikołowski,Orzesze,gmina miejska,2408031,2018,nowy,,,,,,,,,,
17323,śląskie,mikołowski,Orzesze,gmina miejska,2408031,2019,nowy,,,,,,,,,,
17324,śląskie,mikołowski,Orzesze,gmina miejska,2408031,2020,nowy,,,,,,,,,,
17325,śląskie,mikołowski,Orzesze,gmina miejska,2408031,2021,nowy,,,,,,,,,,
17326,śląskie,mikołowski,Orzesze,gmina miejska,2408031,2022,nowy,,,,,,,,,,
17327,śląskie,mikołowski,Orzesze,gmina miejska,2408031,2023,nowy,,,,,,,,,,
17328,śląskie,mikołowski,Orzesze,gmina miejska,2408031,2024,nowy,,,,,,,,,,
17329,śląskie,mikołowski,Orzesze,gmina miejska,2408031,2025,nowy,,,,,,,,,,
17330,śląskie,mikołowski,Ornontowice,gmina wiejska,2408042,2018,nowy,,,,,,,,,,
17331,śląskie,mikołowski,Ornontowice,gmina wiejska,2408042,2019,nowy,,,,,,,,,,
17332,śląskie,mikołowski,Ornontowice,gmina wiejska,2408042,2020,nowy,,,,,,,,,,
17333,śląskie,mikołowski,Ornontowice,gmina wiejska,2408042,2021,nowy,,,,,,,,,,
17334,śląskie,mikołowski,Ornontowice,gmina wiejska,2408042,2022,nowy,,,,,,,,,,
17335,śląskie,mikołowski,Ornontowice,gmina wiejska,2408042,2023,nowy,,,,,,,,,,
17336,śląskie,mikołowski,Ornontowice,gmina wiejska,2408042,2024,nowy,,,,,,,,,,
17337,śląskie,mikołowski,Ornontowice,gmina wiejska,2408042,2025,nowy,,,,,,,,,,
17338,śląskie,mikołowski,Wyry,gmina wiejska,2408052,2018,nowy,,,,,,,,,,
17339,śląskie,mikołowski,Wyry,gmina wiejska,2408052,2019,nowy,,,,,,,,,,
17340,śląskie,mikołowski,Wyry,gmina wiejska,2408052,2020,nowy,,,,,,,,,,
17341,śląskie,mikołowski,Wyry,gmina wiejska,2408052,2021,nowy,,,,,,,,,,
17342,śląskie,mikołowski,Wyry,gmina wiejska,2408052,2022,nowy,,,,,,,,,,
17343,śląskie,mikołowski,Wyry,gmina wiejska,2408052,2023,nowy,,,,,,,,,,
17344,śląskie,mikołowski,Wyry,gmina wiejska,2408052,2024,nowy,,,,,,,,,,
17345,śląskie,mikołowski,Wyry,gmina wiejska,2408052,2025,nowy,,,,,,,,,,
17346,śląskie,myszkowski,-,-,2409,2018,nowy,,,,,,,,,,
17347,śląskie,myszkowski,-,-,2409,2019,nowy,,,,,,,,,,
17348,śląskie,myszkowski,-,-,2409,2020,nowy,,,,,,,,,,
17349,śląskie,myszkowski,-,-,2409,2021,nowy,,,,,,,,,,
17350,śląskie,myszkowski,-,-,2409,2022,nowy,,,,,,,,,,
17351,śląskie,myszkowski,-,-,2409,2023,nowy,,,,,,,,,,
17352,śląskie,myszkowski,-,-,2409,2024,nowy,,,,,,,,,,
17353,śląskie,myszkowski,-,-,2409,2025,nowy,,,,,,,,,,
17354,śląskie,myszkowski,Myszków,gmina miejska,2409011,2018,nowy,,,,,,,,,,
17355,śląskie,myszkowski,Myszków,gmina miejska,2409011,2019,nowy,,,,,,,,,,
17356,śląskie,myszkowski,Myszków,gmina miejska,2409011,2020,nowy,,,,,,,,,,
17357,śląskie,myszkowski,Myszków,gmina miejska,2409011,2021,nowy,,,,,,,,,,
17358,śląskie,myszkowski,Myszków,gmina miejska,2409011,2022,nowy,,,,,,,,,,
17359,śląskie,myszkowski,Myszków,gmina miejska,2409011,2023,nowy,,,,,,,,,,
17360,śląskie,myszkowski,Myszków,gmina miejska,2409011,2024,nowy,,,,,,,,,,
17361,śląskie,myszkowski,Myszków,gmina miejska,2409011,2025,nowy,,,,,,,,,,
17362,śląskie,myszkowski,Koziegłowy,gmina miejsko-wiejska,2409023,2018,nowy,,,,,,,,,,
17363,śląskie,myszkowski,Koziegłowy,gmina miejsko-wiejska,2409023,2019,nowy,,,,,,,,,,
17364,śląskie,myszkowski,Koziegłowy,gmina miejsko-wiejska,2409023,2020,nowy,,,,,,,,,,
17365,śląskie,myszkowski,Koziegłowy,gmina miejsko-wiejska,2409023,2021,nowy,,,,,,,,,,
17366,śląskie,myszkowski,Koziegłowy,gmina miejsko-wiejska,2409023,2022,nowy,,,,,,,,,,
17367,śląskie,myszkowski,Koziegłowy,gmina miejsko-wiejska,2409023,2023,nowy,,,,,,,,,,
17368,śląskie,myszkowski,Koziegłowy,gmina miejsko-wiejska,2409023,2024,nowy,,,,,,,,,,
17369,śląskie,myszkowski,Koziegłowy,gmina miejsko-wiejska,2409023,2025,nowy,,,,,,,,,,
17370,śląskie,myszkowski,Niegowa,gmina wiejska,2409032,2018,nowy,,,,,,,,,,
17371,śląskie,myszkowski,Niegowa,gmina wiejska,2409032,2019,nowy,,,,,,,,,,
17372,śląskie,myszkowski,Niegowa,gmina wiejska,2409032,2020,nowy,,,,,,,,,,
17373,śląskie,myszkowski,Niegowa,gmina wiejska,2409032,2021,nowy,,,,,,,,,,
17374,śląskie,myszkowski,Niegowa,gmina wiejska,2409032,2022,nowy,,,,,,,,,,
17375,śląskie,myszkowski,Niegowa,gmina wiejska,2409032,2023,nowy,,,,,,,,,,
17376,śląskie,myszkowski,Niegowa,gmina wiejska,2409032,2024,nowy,,,,,,,,,,
17377,śląskie,myszkowski,Niegowa,gmina wiejska,2409032,2025,nowy,,,,,,,,,,
17378,śląskie,myszkowski,Poraj,gmina wiejska,2409042,2018,nowy,,,,,,,,,,
17379,śląskie,myszkowski,Poraj,gmina wiejska,2409042,2019,nowy,,,,,,,,,,
17380,śląskie,myszkowski,Poraj,gmina wiejska,2409042,2020,nowy,,,,,,,,,,
17381,śląskie,myszkowski,Poraj,gmina wiejska,2409042,2021,nowy,,,,,,,,,,
17382,śląskie,myszkowski,Poraj,gmina wiejska,2409042,2022,nowy,,,,,,,,,,
17383,śląskie,myszkowski,Poraj,gmina wiejska,2409042,2023,nowy,,,,,,,,,,
17384,śląskie,myszkowski,Poraj,gmina wiejska,2409042,2024,nowy,,,,,,,,,,
17385,śląskie,myszkowski,Poraj,gmina wiejska,2409042,2025,nowy,,,,,,,,,,
17386,śląskie,myszkowski,Żarki,gmina miejsko-wiejska,2409053,2018,nowy,,,,,,,,,,
17387,śląskie,myszkowski,Żarki,gmina miejsko-wiejska,2409053,2019,nowy,,,,,,,,,,
17388,śląskie,myszkowski,Żarki,gmina miejsko-wiejska,2409053,2020,nowy,,,,,,,,,,
17389,śląskie,myszkowski,Żarki,gmina miejsko-wiejska,2409053,2021,nowy,,,,,,,,,,
17390,śląskie,myszkowski,Żarki,gmina miejsko-wiejska,2409053,2022,nowy,,,,,,,,,,
17391,śląskie,myszkowski,Żarki,gmina miejsko-wiejska,2409053,2023,nowy,,,,,,,,,,
17392,śląskie,myszkowski,Żarki,gmina miejsko-wiejska,2409053,2024,nowy,,,,,,,,,,
17393,śląskie,myszkowski,Żarki,gmina miejsko-wiejska,2409053,2025,nowy,,,,,,,,,,
17394,śląskie,pszczyński,-,-,2410,2018,nowy,,,,,,,,,,
17395,śląskie,pszczyński,-,-,2410,2019,nowy,,,,,,,,,,
17396,śląskie,pszczyński,-,-,2410,2020,nowy,,,,,,,,,,
17397,śląskie,pszczyński,-,-,2410,2021,nowy,,,,,,,,,,
17398,śląskie,pszczyński,-,-,2410,2022,nowy,,,,,,,,,,
17399,śląskie,pszczyński,-,-,2410,2023,nowy,,,,,,,,,,
17400,śląskie,pszczyński,-,-,2410,2024,nowy,,,,,,,,,,
17401,śląskie,pszczyński,-,-,2410,2025,nowy,,,,,,,,,,
17402,śląskie,pszczyński,Goczałkowice-Zdrój,gmina wiejska,2410012,2018,nowy,,,,,,,,,,
17403,śląskie,pszczyński,Goczałkowice-Zdrój,gmina wiejska,2410012,2019,nowy,,,,,,,,,,
17404,śląskie,pszczyński,Goczałkowice-Zdrój,gmina wiejska,2410012,2020,nowy,,,,,,,,,,
17405,śląskie,pszczyński,Goczałkowice-Zdrój,gmina wiejska,2410012,2021,nowy,,,,,,,,,,
17406,śląskie,pszczyński,Goczałkowice-Zdrój,gmina wiejska,2410012,2022,nowy,,,,,,,,,,
17407,śląskie,pszczyński,Goczałkowice-Zdrój,gmina wiejska,2410012,2023,nowy,,,,,,,,,,
17408,śląskie,pszczyński,Goczałkowice-Zdrój,gmina wiejska,2410012,2024,nowy,,,,,,,,,,
17409,śląskie,pszczyński,Goczałkowice-Zdrój,gmina wiejska,2410012,2025,nowy,,,,,,,,,,
17410,śląskie,pszczyński,Kobiór,gmina wiejska,2410022,2018,nowy,,,,,,,,,,
17411,śląskie,pszczyński,Kobiór,gmina wiejska,2410022,2019,nowy,,,,,,,,,,
17412,śląskie,pszczyński,Kobiór,gmina wiejska,2410022,2020,nowy,,,,,,,,,,
17413,śląskie,pszczyński,Kobiór,gmina wiejska,2410022,2021,nowy,,,,,,,,,,
17414,śląskie,pszczyński,Kobiór,gmina wiejska,2410022,2022,nowy,,,,,,,,,,
17415,śląskie,pszczyński,Kobiór,gmina wiejska,2410022,2023,nowy,,,,,,,,,,
17416,śląskie,pszczyński,Kobiór,gmina wiejska,2410022,2024,nowy,,,,,,,,,,
17417,śląskie,pszczyński,Kobiór,gmina wiejska,2410022,2025,nowy,,,,,,,,,,
17418,śląskie,pszczyński,Miedźna,gmina wiejska,2410032,2018,nowy,,,,,,,,,,
17419,śląskie,pszczyński,Miedźna,gmina wiejska,2410032,2019,nowy,,,,,,,,,,
17420,śląskie,pszczyński,Miedźna,gmina wiejska,2410032,2020,nowy,,,,,,,,,,
17421,śląskie,pszczyński,Miedźna,gmina wiejska,2410032,2021,nowy,,,,,,,,,,
17422,śląskie,pszczyński,Miedźna,gmina wiejska,2410032,2022,nowy,,,,,,,,,,
17423,śląskie,pszczyński,Miedźna,gmina wiejska,2410032,2023,nowy,,,,,,,,,,
17424,śląskie,pszczyński,Miedźna,gmina wiejska,2410032,2024,nowy,,,,,,,,,,
17425,śląskie,pszczyński,Miedźna,gmina wiejska,2410032,2025,nowy,,,,,,,,,,
17426,śląskie,pszczyński,Pawłowice,gmina wiejska,2410042,2018,nowy,,,,,,,,,,
17427,śląskie,pszczyński,Pawłowice,gmina wiejska,2410042,2019,nowy,,,,,,,,,,
17428,śląskie,pszczyński,Pawłowice,gmina wiejska,2410042,2020,nowy,,,,,,,,,,
17429,śląskie,pszczyński,Pawłowice,gmina wiejska,2410042,2021,nowy,,,,,,,,,,
17430,śląskie,pszczyński,Pawłowice,gmina wiejska,2410042,2022,nowy,,,,,,,,,,
17431,śląskie,pszczyński,Pawłowice,gmina wiejska,2410042,2023,nowy,,,,,,,,,,
17432,śląskie,pszczyński,Pawłowice,gmina wiejska,2410042,2024,nowy,,,,,,,,,,
17433,śląskie,pszczyński,Pawłowice,gmina wiejska,2410042,2025,nowy,,,,,,,,,,
17434,śląskie,pszczyński,Pszczyna,gmina miejsko-wiejska,2410053,2018,nowy,,,,,,,,,,
17435,śląskie,pszczyński,Pszczyna,gmina miejsko-wiejska,2410053,2019,nowy,,,,,,,,,,
17436,śląskie,pszczyński,Pszczyna,gmina miejsko-wiejska,2410053,2020,nowy,,,,,,,,,,
17437,śląskie,pszczyński,Pszczyna,gmina miejsko-wiejska,2410053,2021,nowy,,,,,,,,,,
17438,śląskie,pszczyński,Pszczyna,gmina miejsko-wiejska,2410053,2022,nowy,,,,,,,,,,
17439,śląskie,pszczyński,Pszczyna,gmina miejsko-wiejska,2410053,2023,nowy,,,,,,,,,,
17440,śląskie,pszczyński,Pszczyna,gmina miejsko-wiejska,2410053,2024,nowy,,,,,,,,,,
17441,śląskie,pszczyński,Pszczyna,gmina miejsko-wiejska,2410053,2025,nowy,,,,,,,,,,
17442,śląskie,pszczyński,Suszec,gmina wiejska,2410062,2018,nowy,,,,,,,,,,
17443,śląskie,pszczyński,Suszec,gmina wiejska,2410062,2019,nowy,,,,,,,,,,
17444,śląskie,pszczyński,Suszec,gmina wiejska,2410062,2020,nowy,,,,,,,,,,
17445,śląskie,pszczyński,Suszec,gmina wiejska,2410062,2021,nowy,,,,,,,,,,
17446,śląskie,pszczyński,Suszec,gmina wiejska,2410062,2022,nowy,,,,,,,,,,
17447,śląskie,pszczyński,Suszec,gmina wiejska,2410062,2023,nowy,,,,,,,,,,
17448,śląskie,pszczyński,Suszec,gmina wiejska,2410062,2024,nowy,,,,,,,,,,
17449,śląskie,pszczyński,Suszec,gmina wiejska,2410062,2025,nowy,,,,,,,,,,
17450,śląskie,raciborski,-,-,2411,2018,nowy,,,,,,,,,,
17451,śląskie,raciborski,-,-,2411,2019,nowy,,,,,,,,,,
17452,śląskie,raciborski,-,-,2411,2020,nowy,,,,,,,,,,
17453,śląskie,raciborski,-,-,2411,2021,nowy,,,,,,,,,,
17454,śląskie,raciborski,-,-,2411,2022,nowy,,,,,,,,,,
17455,śląskie,raciborski,-,-,2411,2023,nowy,,,,,,,,,,
17456,śląskie,raciborski,-,-,2411,2024,nowy,,,,,,,,,,
17457,śląskie,raciborski,-,-,2411,2025,nowy,,,,,,,,,,
17458,śląskie,raciborski,Racibórz,gmina miejska,2411011,2018,nowy,,,,,,,,,,
17459,śląskie,raciborski,Racibórz,gmina miejska,2411011,2019,nowy,,,,,,,,,,
17460,śląskie,raciborski,Racibórz,gmina miejska,2411011,2020,nowy,,,,,,,,,,
17461,śląskie,raciborski,Racibórz,gmina miejska,2411011,2021,nowy,,,,,,,,,,
17462,śląskie,raciborski,Racibórz,gmina miejska,2411011,2022,nowy,,,,,,,,,,
17463,śląskie,raciborski,Racibórz,gmina miejska,2411011,2023,nowy,,,,,,,,,,
17464,śląskie,raciborski,Racibórz,gmina miejska,2411011,2024,nowy,,,,,,,,,,
17465,śląskie,raciborski,Racibórz,gmina miejska,2411011,2025,nowy,,,,,,,,,,
17466,śląskie,raciborski,Kornowac,gmina wiejska,2411022,2018,nowy,,,,,,,,,,
17467,śląskie,raciborski,Kornowac,gmina wiejska,2411022,2019,nowy,,,,,,,,,,
17468,śląskie,raciborski,Kornowac,gmina wiejska,2411022,2020,nowy,,,,,,,,,,
17469,śląskie,raciborski,Kornowac,gmina wiejska,2411022,2021,nowy,,,,,,,,,,
17470,śląskie,raciborski,Kornowac,gmina wiejska,2411022,2022,nowy,,,,,,,,,,
17471,śląskie,raciborski,Kornowac,gmina wiejska,2411022,2023,nowy,,,,,,,,,,
17472,śląskie,raciborski,Kornowac,gmina wiejska,2411022,2024,nowy,,,,,,,,,,
17473,śląskie,raciborski,Kornowac,gmina wiejska,2411022,2025,nowy,,,,,,,,,,
17474,śląskie,raciborski,Krzanowice,gmina miejsko-wiejska,2411033,2018,nowy,,,,,,,,,,
17475,śląskie,raciborski,Krzanowice,gmina miejsko-wiejska,2411033,2019,nowy,,,,,,,,,,
17476,śląskie,raciborski,Krzanowice,gmina miejsko-wiejska,2411033,2020,nowy,,,,,,,,,,
17477,śląskie,raciborski,Krzanowice,gmina miejsko-wiejska,2411033,2021,nowy,,,,,,,,,,
17478,śląskie,raciborski,Krzanowice,gmina miejsko-wiejska,2411033,2022,nowy,,,,,,,,,,
17479,śląskie,raciborski,Krzanowice,gmina miejsko-wiejska,2411033,2023,nowy,,,,,,,,,,
17480,śląskie,raciborski,Krzanowice,gmina miejsko-wiejska,2411033,2024,nowy,,,,,,,,,,
17481,śląskie,raciborski,Krzanowice,gmina miejsko-wiejska,2411033,2025,nowy,,,,,,,,,,
17482,śląskie,raciborski,Krzyżanowice,gmina wiejska,2411042,2018,nowy,,,,,,,,,,
17483,śląskie,raciborski,Krzyżanowice,gmina wiejska,2411042,2019,nowy,,,,,,,,,,
17484,śląskie,raciborski,Krzyżanowice,gmina wiejska,2411042,2020,nowy,,,,,,,,,,
17485,śląskie,raciborski,Krzyżanowice,gmina wiejska,2411042,2021,nowy,,,,,,,,,,
17486,śląskie,raciborski,Krzyżanowice,gmina wiejska,2411042,2022,nowy,,,,,,,,,,
17487,śląskie,raciborski,Krzyżanowice,gmina wiejska,2411042,2023,nowy,,,,,,,,,,
17488,śląskie,raciborski,Krzyżanowice,gmina wiejska,2411042,2024,nowy,,,,,,,,,,
17489,śląskie,raciborski,Krzyżanowice,gmina wiejska,2411042,2025,nowy,,,,,,,,,,
17490,śląskie,raciborski,Kuźnia Raciborska,gmina miejsko-wiejska,2411053,2018,nowy,,,,,,,,,,
17491,śląskie,raciborski,Kuźnia Raciborska,gmina miejsko-wiejska,2411053,2019,nowy,,,,,,,,,,
17492,śląskie,raciborski,Kuźnia Raciborska,gmina miejsko-wiejska,2411053,2020,nowy,,,,,,,,,,
17493,śląskie,raciborski,Kuźnia Raciborska,gmina miejsko-wiejska,2411053,2021,nowy,,,,,,,,,,
17494,śląskie,raciborski,Kuźnia Raciborska,gmina miejsko-wiejska,2411053,2022,nowy,,,,,,,,,,
17495,śląskie,raciborski,Kuźnia Raciborska,gmina miejsko-wiejska,2411053,2023,nowy,,,,,,,,,,
17496,śląskie,raciborski,Kuźnia Raciborska,gmina miejsko-wiejska,2411053,2024,nowy,,,,,,,,,,
17497,śląskie,raciborski,Kuźnia Raciborska,gmina miejsko-wiejska,2411053,2025,nowy,,,,,,,,,,
17498,śląskie,raciborski,Nędza,gmina wiejska,2411062,2018,nowy,,,,,,,,,,
17499,śląskie,raciborski,Nędza,gmina wiejska,2411062,2019,nowy,,,,,,,,,,
17500,śląskie,raciborski,Nędza,gmina wiejska,2411062,2020,nowy,,,,,,,,,,
17501,śląskie,raciborski,Nędza,gmina wiejska,2411062,2021,nowy,,,,,,,,,,
17502,śląskie,raciborski,Nędza,gmina wiejska,2411062,2022,nowy,,,,,,,,,,
17503,śląskie,raciborski,Nędza,gmina wiejska,2411062,2023,nowy,,,,,,,,,,
17504,śląskie,raciborski,Nędza,gmina wiejska,2411062,2024,nowy,,,,,,,,,,
17505,śląskie,raciborski,Nędza,gmina wiejska,2411062,2025,nowy,,,,,,,,,,
17506,śląskie,raciborski,Pietrowice Wielkie,gmina wiejska,2411072,2018,nowy,,,,,,,,,,
17507,śląskie,raciborski,Pietrowice Wielkie,gmina wiejska,2411072,2019,nowy,,,,,,,,,,
17508,śląskie,raciborski,Pietrowice Wielkie,gmina wiejska,2411072,2020,nowy,,,,,,,,,,
17509,śląskie,raciborski,Pietrowice Wielkie,gmina wiejska,2411072,2021,nowy,,,,,,,,,,
17510,śląskie,raciborski,Pietrowice Wielkie,gmina wiejska,2411072,2022,nowy,,,,,,,,,,
17511,śląskie,raciborski,Pietrowice Wielkie,gmina wiejska,2411072,2023,nowy,,,,,,,,,,
17512,śląskie,raciborski,Pietrowice Wielkie,gmina wiejska,2411072,2024,nowy,,,,,,,,,,
17513,śląskie,raciborski,Pietrowice Wielkie,gmina wiejska,2411072,2025,nowy,,,,,,,,,,
17514,śląskie,raciborski,Rudnik,gmina wiejska,2411082,2018,nowy,,,,,,,,,,
17515,śląskie,raciborski,Rudnik,gmina wiejska,2411082,2019,nowy,,,,,,,,,,
17516,śląskie,raciborski,Rudnik,gmina wiejska,2411082,2020,nowy,,,,,,,,,,
17517,śląskie,raciborski,Rudnik,gmina wiejska,2411082,2021,nowy,,,,,,,,,,
17518,śląskie,raciborski,Rudnik,gmina wiejska,2411082,2022,nowy,,,,,,,,,,
17519,śląskie,raciborski,Rudnik,gmina wiejska,2411082,2023,nowy,,,,,,,,,,
17520,śląskie,raciborski,Rudnik,gmina wiejska,2411082,2024,nowy,,,,,,,,,,
17521,śląskie,raciborski,Rudnik,gmina wiejska,2411082,2025,nowy,,,,,,,,,,
17522,śląskie,rybnicki,-,-,2412,2018,nowy,,,,,,,,,,
17523,śląskie,rybnicki,-,-,2412,2019,nowy,,,,,,,,,,
17524,śląskie,rybnicki,-,-,2412,2020,nowy,,,,,,,,,,
17525,śląskie,rybnicki,-,-,2412,2021,nowy,,,,,,,,,,
17526,śląskie,rybnicki,-,-,2412,2022,nowy,,,,,,,,,,
17527,śląskie,rybnicki,-,-,2412,2023,nowy,,,,,,,,,,
17528,śląskie,rybnicki,-,-,2412,2024,nowy,,,,,,,,,,
17529,śląskie,rybnicki,-,-,2412,2025,nowy,,,,,,,,,,
17530,śląskie,rybnicki,Czerwionka-Leszczyny,gmina miejsko-wiejska,2412013,2018,nowy,,,,,,,,,,
17531,śląskie,rybnicki,Czerwionka-Leszczyny,gmina miejsko-wiejska,2412013,2019,nowy,,,,,,,,,,
17532,śląskie,rybnicki,Czerwionka-Leszczyny,gmina miejsko-wiejska,2412013,2020,nowy,,,,,,,,,,
17533,śląskie,rybnicki,Czerwionka-Leszczyny,gmina miejsko-wiejska,2412013,2021,nowy,,,,,,,,,,
17534,śląskie,rybnicki,Czerwionka-Leszczyny,gmina miejsko-wiejska,2412013,2022,nowy,,,,,,,,,,
17535,śląskie,rybnicki,Czerwionka-Leszczyny,gmina miejsko-wiejska,2412013,2023,nowy,,,,,,,,,,
17536,śląskie,rybnicki,Czerwionka-Leszczyny,gmina miejsko-wiejska,2412013,2024,nowy,,,,,,,,,,
17537,śląskie,rybnicki,Czerwionka-Leszczyny,gmina miejsko-wiejska,2412013,2025,nowy,,,,,,,,,,
17538,śląskie,rybnicki,Gaszowice,gmina wiejska,2412022,2018,nowy,,,,,,,,,,
17539,śląskie,rybnicki,Gaszowice,gmina wiejska,2412022,2019,nowy,,,,,,,,,,
17540,śląskie,rybnicki,Gaszowice,gmina wiejska,2412022,2020,nowy,,,,,,,,,,
17541,śląskie,rybnicki,Gaszowice,gmina wiejska,2412022,2021,nowy,,,,,,,,,,
17542,śląskie,rybnicki,Gaszowice,gmina wiejska,2412022,2022,nowy,,,,,,,,,,
17543,śląskie,rybnicki,Gaszowice,gmina wiejska,2412022,2023,nowy,,,,,,,,,,
17544,śląskie,rybnicki,Gaszowice,gmina wiejska,2412022,2024,nowy,,,,,,,,,,
17545,śląskie,rybnicki,Gaszowice,gmina wiejska,2412022,2025,nowy,,,,,,,,,,
17546,śląskie,rybnicki,Jejkowice,gmina wiejska,2412032,2018,nowy,,,,,,,,,,
17547,śląskie,rybnicki,Jejkowice,gmina wiejska,2412032,2019,nowy,,,,,,,,,,
17548,śląskie,rybnicki,Jejkowice,gmina wiejska,2412032,2020,nowy,,,,,,,,,,
17549,śląskie,rybnicki,Jejkowice,gmina wiejska,2412032,2021,nowy,,,,,,,,,,
17550,śląskie,rybnicki,Jejkowice,gmina wiejska,2412032,2022,nowy,,,,,,,,,,
17551,śląskie,rybnicki,Jejkowice,gmina wiejska,2412032,2023,nowy,,,,,,,,,,
17552,śląskie,rybnicki,Jejkowice,gmina wiejska,2412032,2024,nowy,,,,,,,,,,
17553,śląskie,rybnicki,Jejkowice,gmina wiejska,2412032,2025,nowy,,,,,,,,,,
17554,śląskie,rybnicki,Lyski,gmina wiejska,2412042,2018,nowy,,,,,,,,,,
17555,śląskie,rybnicki,Lyski,gmina wiejska,2412042,2019,nowy,,,,,,,,,,
17556,śląskie,rybnicki,Lyski,gmina wiejska,2412042,2020,nowy,,,,,,,,,,
17557,śląskie,rybnicki,Lyski,gmina wiejska,2412042,2021,nowy,,,,,,,,,,
17558,śląskie,rybnicki,Lyski,gmina wiejska,2412042,2022,nowy,,,,,,,,,,
17559,śląskie,rybnicki,Lyski,gmina wiejska,2412042,2023,nowy,,,,,,,,,,
17560,śląskie,rybnicki,Lyski,gmina wiejska,2412042,2024,nowy,,,,,,,,,,
17561,śląskie,rybnicki,Lyski,gmina wiejska,2412042,2025,nowy,,,,,,,,,,
17562,śląskie,rybnicki,Świerklany,gmina wiejska,2412052,2018,nowy,,,,,,,,,,
17563,śląskie,rybnicki,Świerklany,gmina wiejska,2412052,2019,nowy,,,,,,,,,,
17564,śląskie,rybnicki,Świerklany,gmina wiejska,2412052,2020,nowy,,,,,,,,,,
17565,śląskie,rybnicki,Świerklany,gmina wiejska,2412052,2021,nowy,,,,,,,,,,
17566,śląskie,rybnicki,Świerklany,gmina wiejska,2412052,2022,nowy,,,,,,,,,,
17567,śląskie,rybnicki,Świerklany,gmina wiejska,2412052,2023,nowy,,,,,,,,,,
17568,śląskie,rybnicki,Świerklany,gmina wiejska,2412052,2024,nowy,,,,,,,,,,
17569,śląskie,rybnicki,Świerklany,gmina wiejska,2412052,2025,nowy,,,,,,,,,,
17570,śląskie,tarnogórski,-,-,2413,2018,nowy,,,,,,,,,,
17571,śląskie,tarnogórski,-,-,2413,2019,nowy,,,,,,,,,,
17572,śląskie,tarnogórski,-,-,2413,2020,nowy,,,,,,,,,,
17573,śląskie,tarnogórski,-,-,2413,2021,nowy,,,,,,,,,,
17574,śląskie,tarnogórski,-,-,2413,2022,nowy,,,,,,,,,,
17575,śląskie,tarnogórski,-,-,2413,2023,nowy,,,,,,,,,,
17576,śląskie,tarnogórski,-,-,2413,2024,nowy,,,,,,,,,,
17577,śląskie,tarnogórski,-,-,2413,2025,nowy,,,,,,,,,,
17578,śląskie,tarnogórski,Kalety,gmina miejska,2413011,2018,nowy,,,,,,,,,,
17579,śląskie,tarnogórski,Kalety,gmina miejska,2413011,2019,nowy,,,,,,,,,,
17580,śląskie,tarnogórski,Kalety,gmina miejska,2413011,2020,nowy,,,,,,,,,,
17581,śląskie,tarnogórski,Kalety,gmina miejska,2413011,2021,nowy,,,,,,,,,,
17582,śląskie,tarnogórski,Kalety,gmina miejska,2413011,2022,nowy,,,,,,,,,,
17583,śląskie,tarnogórski,Kalety,gmina miejska,2413011,2023,nowy,,,,,,,,,,
17584,śląskie,tarnogórski,Kalety,gmina miejska,2413011,2024,nowy,,,,,,,,,,
17585,śląskie,tarnogórski,Kalety,gmina miejska,2413011,2025,nowy,,,,,,,,,,
17586,śląskie,tarnogórski,Miasteczko Śląskie,gmina miejska,2413021,2018,nowy,,,,,,,,,,
17587,śląskie,tarnogórski,Miasteczko Śląskie,gmina miejska,2413021,2019,nowy,,,,,,,,,,
17588,śląskie,tarnogórski,Miasteczko Śląskie,gmina miejska,2413021,2020,nowy,,,,,,,,,,
17589,śląskie,tarnogórski,Miasteczko Śląskie,gmina miejska,2413021,2021,nowy,,,,,,,,,,
17590,śląskie,tarnogórski,Miasteczko Śląskie,gmina miejska,2413021,2022,nowy,,,,,,,,,,
17591,śląskie,tarnogórski,Miasteczko Śląskie,gmina miejska,2413021,2023,nowy,,,,,,,,,,
17592,śląskie,tarnogórski,Miasteczko Śląskie,gmina miejska,2413021,2024,nowy,,,,,,,,,,
17593,śląskie,tarnogórski,Miasteczko Śląskie,gmina miejska,2413021,2025,nowy,,,,,,,,,,
17594,śląskie,tarnogórski,Radzionków,gmina miejska,2413031,2018,nowy,,,,,,,,,,
17595,śląskie,tarnogórski,Radzionków,gmina miejska,2413031,2019,nowy,,,,,,,,,,
17596,śląskie,tarnogórski,Radzionków,gmina miejska,2413031,2020,nowy,,,,,,,,,,
17597,śląskie,tarnogórski,Radzionków,gmina miejska,2413031,2021,nowy,,,,,,,,,,
17598,śląskie,tarnogórski,Radzionków,gmina miejska,2413031,2022,nowy,,,,,,,,,,
17599,śląskie,tarnogórski,Radzionków,gmina miejska,2413031,2023,nowy,,,,,,,,,,
17600,śląskie,tarnogórski,Radzionków,gmina miejska,2413031,2024,nowy,,,,,,,,,,
17601,śląskie,tarnogórski,Radzionków,gmina miejska,2413031,2025,nowy,,,,,,,,,,
17602,śląskie,tarnogórski,Tarnowskie Góry,gmina miejska,2413041,2018,nowy,,,,,,,,,,
17603,śląskie,tarnogórski,Tarnowskie Góry,gmina miejska,2413041,2019,nowy,,,,,,,,,,
17604,śląskie,tarnogórski,Tarnowskie Góry,gmina miejska,2413041,2020,nowy,,,,,,,,,,
17605,śląskie,tarnogórski,Tarnowskie Góry,gmina miejska,2413041,2021,nowy,,,,,,,,,,
17606,śląskie,tarnogórski,Tarnowskie Góry,gmina miejska,2413041,2022,nowy,,,,,,,,,,
17607,śląskie,tarnogórski,Tarnowskie Góry,gmina miejska,2413041,2023,nowy,,,,,,,,,,
17608,śląskie,tarnogórski,Tarnowskie Góry,gmina miejska,2413041,2024,nowy,,,,,,,,,,
17609,śląskie,tarnogórski,Tarnowskie Góry,gmina miejska,2413041,2025,nowy,,,,,,,,,,
17610,śląskie,tarnogórski,Krupski Młyn,gmina wiejska,2413052,2018,nowy,,,,,,,,,,
17611,śląskie,tarnogórski,Krupski Młyn,gmina wiejska,2413052,2019,nowy,,,,,,,,,,
17612,śląskie,tarnogórski,Krupski Młyn,gmina wiejska,2413052,2020,nowy,,,,,,,,,,
17613,śląskie,tarnogórski,Krupski Młyn,gmina wiejska,2413052,2021,nowy,,,,,,,,,,
17614,śląskie,tarnogórski,Krupski Młyn,gmina wiejska,2413052,2022,nowy,,,,,,,,,,
17615,śląskie,tarnogórski,Krupski Młyn,gmina wiejska,2413052,2023,nowy,,,,,,,,,,
17616,śląskie,tarnogórski,Krupski Młyn,gmina wiejska,2413052,2024,nowy,,,,,,,,,,
17617,śląskie,tarnogórski,Krupski Młyn,gmina wiejska,2413052,2025,nowy,,,,,,,,,,
17618,śląskie,tarnogórski,Ożarowice,gmina wiejska,2413062,2018,nowy,,,,,,,,,,
17619,śląskie,tarnogórski,Ożarowice,gmina wiejska,2413062,2019,nowy,,,,,,,,,,
17620,śląskie,tarnogórski,Ożarowice,gmina wiejska,2413062,2020,nowy,,,,,,,,,,
17621,śląskie,tarnogórski,Ożarowice,gmina wiejska,2413062,2021,nowy,,,,,,,,,,
17622,śląskie,tarnogórski,Ożarowice,gmina wiejska,2413062,2022,nowy,,,,,,,,,,
17623,śląskie,tarnogórski,Ożarowice,gmina wiejska,2413062,2023,nowy,,,,,,,,,,
17624,śląskie,tarnogórski,Ożarowice,gmina wiejska,2413062,2024,nowy,,,,,,,,,,
17625,śląskie,tarnogórski,Ożarowice,gmina wiejska,2413062,2025,nowy,,,,,,,,,,
17626,śląskie,tarnogórski,Świerklaniec,gmina wiejska,2413072,2018,nowy,,,,,,,,,,
17627,śląskie,tarnogórski,Świerklaniec,gmina wiejska,2413072,2019,nowy,,,,,,,,,,
17628,śląskie,tarnogórski,Świerklaniec,gmina wiejska,2413072,2020,nowy,,,,,,,,,,
17629,śląskie,tarnogórski,Świerklaniec,gmina wiejska,2413072,2021,nowy,,,,,,,,,,
17630,śląskie,tarnogórski,Świerklaniec,gmina wiejska,2413072,2022,nowy,,,,,,,,,,
17631,śląskie,tarnogórski,Świerklaniec,gmina wiejska,2413072,2023,nowy,,,,,,,,,,
17632,śląskie,tarnogórski,Świerklaniec,gmina wiejska,2413072,2024,nowy,,,,,,,,,,
17633,śląskie,tarnogórski,Świerklaniec,gmina wiejska,2413072,2025,nowy,,,,,,,,,,
17634,śląskie,tarnogórski,Tworóg,gmina wiejska,2413082,2018,nowy,,,,,,,,,,
17635,śląskie,tarnogórski,Tworóg,gmina wiejska,2413082,2019,nowy,,,,,,,,,,
17636,śląskie,tarnogórski,Tworóg,gmina wiejska,2413082,2020,nowy,,,,,,,,,,
17637,śląskie,tarnogórski,Tworóg,gmina wiejska,2413082,2021,nowy,,,,,,,,,,
17638,śląskie,tarnogórski,Tworóg,gmina wiejska,2413082,2022,nowy,,,,,,,,,,
17639,śląskie,tarnogórski,Tworóg,gmina wiejska,2413082,2023,nowy,,,,,,,,,,
17640,śląskie,tarnogórski,Tworóg,gmina wiejska,2413082,2024,nowy,,,,,,,,,,
17641,śląskie,tarnogórski,Tworóg,gmina wiejska,2413082,2025,nowy,,,,,,,,,,
17642,śląskie,tarnogórski,Zbrosławice,gmina wiejska,2413092,2018,nowy,,,,,,,,,,
17643,śląskie,tarnogórski,Zbrosławice,gmina wiejska,2413092,2019,nowy,,,,,,,,,,
17644,śląskie,tarnogórski,Zbrosławice,gmina wiejska,2413092,2020,nowy,,,,,,,,,,
17645,śląskie,tarnogórski,Zbrosławice,gmina wiejska,2413092,2021,nowy,,,,,,,,,,
17646,śląskie,tarnogórski,Zbrosławice,gmina wiejska,2413092,2022,nowy,,,,,,,,,,
17647,śląskie,tarnogórski,Zbrosławice,gmina wiejska,2413092,2023,nowy,,,,,,,,,,
17648,śląskie,tarnogórski,Zbrosławice,gmina wiejska,2413092,2024,nowy,,,,,,,,,,
17649,śląskie,tarnogórski,Zbrosławice,gmina wiejska,2413092,2025,nowy,,,,,,,,,,
17650,śląskie,bieruńsko-lędziński,-,-,2414,2018,nowy,,,,,,,,,,
17651,śląskie,bieruńsko-lędziński,-,-,2414,2019,nowy,,,,,,,,,,
17652,śląskie,bieruńsko-lędziński,-,-,2414,2020,nowy,,,,,,,,,,
17653,śląskie,bieruńsko-lędziński,-,-,2414,2021,nowy,,,,,,,,,,
17654,śląskie,bieruńsko-lędziński,-,-,2414,2022,nowy,,,,,,,,,,
17655,śląskie,bieruńsko-lędziński,-,-,2414,2023,nowy,,,,,,,,,,
17656,śląskie,bieruńsko-lędziński,-,-,2414,2024,nowy,,,,,,,,,,
17657,śląskie,bieruńsko-lędziński,-,-,2414,2025,nowy,,,,,,,,,,
17658,śląskie,bieruńsko-lędziński,Bieruń,gmina miejska,2414011,2018,nowy,,,,,,,,,,
17659,śląskie,bieruńsko-lędziński,Bieruń,gmina miejska,2414011,2019,nowy,,,,,,,,,,
17660,śląskie,bieruńsko-lędziński,Bieruń,gmina miejska,2414011,2020,nowy,,,,,,,,,,
17661,śląskie,bieruńsko-lędziński,Bieruń,gmina miejska,2414011,2021,nowy,,,,,,,,,,
17662,śląskie,bieruńsko-lędziński,Bieruń,gmina miejska,2414011,2022,nowy,,,,,,,,,,
17663,śląskie,bieruńsko-lędziński,Bieruń,gmina miejska,2414011,2023,nowy,,,,,,,,,,
17664,śląskie,bieruńsko-lędziński,Bieruń,gmina miejska,2414011,2024,nowy,,,,,,,,,,
17665,śląskie,bieruńsko-lędziński,Bieruń,gmina miejska,2414011,2025,nowy,,,,,,,,,,
17666,śląskie,bieruńsko-lędziński,Imielin,gmina miejska,2414021,2018,nowy,,,,,,,,,,
17667,śląskie,bieruńsko-lędziński,Imielin,gmina miejska,2414021,2019,nowy,,,,,,,,,,
17668,śląskie,bieruńsko-lędziński,Imielin,gmina miejska,2414021,2020,nowy,,,,,,,,,,
17669,śląskie,bieruńsko-lędziński,Imielin,gmina miejska,2414021,2021,nowy,,,,,,,,,,
17670,śląskie,bieruńsko-lędziński,Imielin,gmina miejska,2414021,2022,nowy,,,,,,,,,,
17671,śląskie,bieruńsko-lędziński,Imielin,gmina miejska,2414021,2023,nowy,,,,,,,,,,
17672,śląskie,bieruńsko-lędziński,Imielin,gmina miejska,2414021,2024,nowy,,,,,,,,,,
17673,śląskie,bieruńsko-lędziński,Imielin,gmina miejska,2414021,2025,nowy,,,,,,,,,,
17674,śląskie,bieruńsko-lędziński,Lędziny,gmina miejska,2414031,2018,nowy,,,,,,,,,,
17675,śląskie,bieruńsko-lędziński,Lędziny,gmina miejska,2414031,2019,nowy,,,,,,,,,,
17676,śląskie,bieruńsko-lędziński,Lędziny,gmina miejska,2414031,2020,nowy,,,,,,,,,,
17677,śląskie,bieruńsko-lędziński,Lędziny,gmina miejska,2414031,2021,nowy,,,,,,,,,,
17678,śląskie,bieruńsko-lędziński,Lędziny,gmina miejska,2414031,2022,nowy,,,,,,,,,,
17679,śląskie,bieruńsko-lędziński,Lędziny,gmina miejska,2414031,2023,nowy,,,,,,,,,,
17680,śląskie,bieruńsko-lędziński,Lędziny,gmina miejska,2414031,2024,nowy,,,,,,,,,,
17681,śląskie,bieruńsko-lędziński,Lędziny,gmina miejska,2414031,2025,nowy,,,,,,,,,,
17682,śląskie,bieruńsko-lędziński,Bojszowy,gmina wiejska,2414042,2018,nowy,,,,,,,,,,
17683,śląskie,bieruńsko-lędziński,Bojszowy,gmina wiejska,2414042,2019,nowy,,,,,,,,,,
17684,śląskie,bieruńsko-lędziński,Bojszowy,gmina wiejska,2414042,2020,nowy,,,,,,,,,,
17685,śląskie,bieruńsko-lędziński,Bojszowy,gmina wiejska,2414042,2021,nowy,,,,,,,,,,
17686,śląskie,bieruńsko-lędziński,Bojszowy,gmina wiejska,2414042,2022,nowy,,,,,,,,,,
17687,śląskie,bieruńsko-lędziński,Bojszowy,gmina wiejska,2414042,2023,nowy,,,,,,,,,,
17688,śląskie,bieruńsko-lędziński,Bojszowy,gmina wiejska,2414042,2024,nowy,,,,,,,,,,
17689,śląskie,bieruńsko-lędziński,Bojszowy,gmina wiejska,2414042,2025,nowy,,,,,,,,,,
17690,śląskie,bieruńsko-lędziński,Chełm Śląski,gmina wiejska,2414052,2018,nowy,,,,,,,,,,
17691,śląskie,bieruńsko-lędziński,Chełm Śląski,gmina wiejska,2414052,2019,nowy,,,,,,,,,,
17692,śląskie,bieruńsko-lędziński,Chełm Śląski,gmina wiejska,2414052,2020,nowy,,,,,,,,,,
17693,śląskie,bieruńsko-lędziński,Chełm Śląski,gmina wiejska,2414052,2021,nowy,,,,,,,,,,
17694,śląskie,bieruńsko-lędziński,Chełm Śląski,gmina wiejska,2414052,2022,nowy,,,,,,,,,,
17695,śląskie,bieruńsko-lędziński,Chełm Śląski,gmina wiejska,2414052,2023,nowy,,,,,,,,,,
17696,śląskie,bieruńsko-lędziński,Chełm Śląski,gmina wiejska,2414052,2024,nowy,,,,,,,,,,
17697,śląskie,bieruńsko-lędziński,Chełm Śląski,gmina wiejska,2414052,2025,nowy,,,,,,,,,,
17698,śląskie,wodzisławski,-,-,2415,2018,nowy,,,,,,,,,,
17699,śląskie,wodzisławski,-,-,2415,2019,nowy,,,,,,,,,,
17700,śląskie,wodzisławski,-,-,2415,2020,nowy,,,,,,,,,,
17701,śląskie,wodzisławski,-,-,2415,2021,nowy,,,,,,,,,,
17702,śląskie,wodzisławski,-,-,2415,2022,nowy,,,,,,,,,,
17703,śląskie,wodzisławski,-,-,2415,2023,nowy,,,,,,,,,,
17704,śląskie,wodzisławski,-,-,2415,2024,nowy,,,,,,,,,,
17705,śląskie,wodzisławski,-,-,2415,2025,nowy,,,,,,,,,,
17706,śląskie,wodzisławski,Pszów,gmina miejska,2415011,2018,nowy,,,,,,,,,,
17707,śląskie,wodzisławski,Pszów,gmina miejska,2415011,2019,nowy,,,,,,,,,,
17708,śląskie,wodzisławski,Pszów,gmina miejska,2415011,2020,nowy,,,,,,,,,,
17709,śląskie,wodzisławski,Pszów,gmina miejska,2415011,2021,nowy,,,,,,,,,,
17710,śląskie,wodzisławski,Pszów,gmina miejska,2415011,2022,nowy,,,,,,,,,,
17711,śląskie,wodzisławski,Pszów,gmina miejska,2415011,2023,nowy,,,,,,,,,,
17712,śląskie,wodzisławski,Pszów,gmina miejska,2415011,2024,nowy,,,,,,,,,,
17713,śląskie,wodzisławski,Pszów,gmina miejska,2415011,2025,nowy,,,,,,,,,,
17714,śląskie,wodzisławski,Radlin,gmina miejska,2415021,2018,nowy,,,,,,,,,,
17715,śląskie,wodzisławski,Radlin,gmina miejska,2415021,2019,nowy,,,,,,,,,,
17716,śląskie,wodzisławski,Radlin,gmina miejska,2415021,2020,nowy,,,,,,,,,,
17717,śląskie,wodzisławski,Radlin,gmina miejska,2415021,2021,nowy,,,,,,,,,,
17718,śląskie,wodzisławski,Radlin,gmina miejska,2415021,2022,nowy,,,,,,,,,,
17719,śląskie,wodzisławski,Radlin,gmina miejska,2415021,2023,nowy,,,,,,,,,,
17720,śląskie,wodzisławski,Radlin,gmina miejska,2415021,2024,nowy,,,,,,,,,,
17721,śląskie,wodzisławski,Radlin,gmina miejska,2415021,2025,nowy,,,,,,,,,,
17722,śląskie,wodzisławski,Rydułtowy,gmina miejska,2415031,2018,nowy,,,,,,,,,,
17723,śląskie,wodzisławski,Rydułtowy,gmina miejska,2415031,2019,nowy,,,,,,,,,,
17724,śląskie,wodzisławski,Rydułtowy,gmina miejska,2415031,2020,nowy,,,,,,,,,,
17725,śląskie,wodzisławski,Rydułtowy,gmina miejska,2415031,2021,nowy,,,,,,,,,,
17726,śląskie,wodzisławski,Rydułtowy,gmina miejska,2415031,2022,nowy,,,,,,,,,,
17727,śląskie,wodzisławski,Rydułtowy,gmina miejska,2415031,2023,nowy,,,,,,,,,,
17728,śląskie,wodzisławski,Rydułtowy,gmina miejska,2415031,2024,nowy,,,,,,,,,,
17729,śląskie,wodzisławski,Rydułtowy,gmina miejska,2415031,2025,nowy,,,,,,,,,,
17730,śląskie,wodzisławski,Wodzisław Śląski,gmina miejska,2415041,2018,nowy,,,,,,,,,,
17731,śląskie,wodzisławski,Wodzisław Śląski,gmina miejska,2415041,2019,nowy,,,,,,,,,,
17732,śląskie,wodzisławski,Wodzisław Śląski,gmina miejska,2415041,2020,nowy,,,,,,,,,,
17733,śląskie,wodzisławski,Wodzisław Śląski,gmina miejska,2415041,2021,nowy,,,,,,,,,,
17734,śląskie,wodzisławski,Wodzisław Śląski,gmina miejska,2415041,2022,nowy,,,,,,,,,,
17735,śląskie,wodzisławski,Wodzisław Śląski,gmina miejska,2415041,2023,nowy,,,,,,,,,,
17736,śląskie,wodzisławski,Wodzisław Śląski,gmina miejska,2415041,2024,nowy,,,,,,,,,,
17737,śląskie,wodzisławski,Wodzisław Śląski,gmina miejska,2415041,2025,nowy,,,,,,,,,,
17738,śląskie,wodzisławski,Godów,gmina wiejska,2415052,2018,nowy,,,,,,,,,,
17739,śląskie,wodzisławski,Godów,gmina wiejska,2415052,2019,nowy,,,,,,,,,,
17740,śląskie,wodzisławski,Godów,gmina wiejska,2415052,2020,nowy,,,,,,,,,,
17741,śląskie,wodzisławski,Godów,gmina wiejska,2415052,2021,nowy,,,,,,,,,,
17742,śląskie,wodzisławski,Godów,gmina wiejska,2415052,2022,nowy,,,,,,,,,,
17743,śląskie,wodzisławski,Godów,gmina wiejska,2415052,2023,nowy,,,,,,,,,,
17744,śląskie,wodzisławski,Godów,gmina wiejska,2415052,2024,nowy,,,,,,,,,,
17745,śląskie,wodzisławski,Godów,gmina wiejska,2415052,2025,nowy,,,,,,,,,,
17746,śląskie,wodzisławski,Gorzyce,gmina wiejska,2415062,2018,nowy,,,,,,,,,,
17747,śląskie,wodzisławski,Gorzyce,gmina wiejska,2415062,2019,nowy,,,,,,,,,,
17748,śląskie,wodzisławski,Gorzyce,gmina wiejska,2415062,2020,nowy,,,,,,,,,,
17749,śląskie,wodzisławski,Gorzyce,gmina wiejska,2415062,2021,nowy,,,,,,,,,,
17750,śląskie,wodzisławski,Gorzyce,gmina wiejska,2415062,2022,nowy,,,,,,,,,,
17751,śląskie,wodzisławski,Gorzyce,gmina wiejska,2415062,2023,nowy,,,,,,,,,,
17752,śląskie,wodzisławski,Gorzyce,gmina wiejska,2415062,2024,nowy,,,,,,,,,,
17753,śląskie,wodzisławski,Gorzyce,gmina wiejska,2415062,2025,nowy,,,,,,,,,,
17754,śląskie,wodzisławski,Lubomia,gmina wiejska,2415072,2018,nowy,,,,,,,,,,
17755,śląskie,wodzisławski,Lubomia,gmina wiejska,2415072,2019,nowy,,,,,,,,,,
17756,śląskie,wodzisławski,Lubomia,gmina wiejska,2415072,2020,nowy,,,,,,,,,,
17757,śląskie,wodzisławski,Lubomia,gmina wiejska,2415072,2021,nowy,,,,,,,,,,
17758,śląskie,wodzisławski,Lubomia,gmina wiejska,2415072,2022,nowy,,,,,,,,,,
17759,śląskie,wodzisławski,Lubomia,gmina wiejska,2415072,2023,nowy,,,,,,,,,,
17760,śląskie,wodzisławski,Lubomia,gmina wiejska,2415072,2024,nowy,,,,,,,,,,
17761,śląskie,wodzisławski,Lubomia,gmina wiejska,2415072,2025,nowy,,,,,,,,,,
17762,śląskie,wodzisławski,Marklowice,gmina wiejska,2415082,2018,nowy,,,,,,,,,,
17763,śląskie,wodzisławski,Marklowice,gmina wiejska,2415082,2019,nowy,,,,,,,,,,
17764,śląskie,wodzisławski,Marklowice,gmina wiejska,2415082,2020,nowy,,,,,,,,,,
17765,śląskie,wodzisławski,Marklowice,gmina wiejska,2415082,2021,nowy,,,,,,,,,,
17766,śląskie,wodzisławski,Marklowice,gmina wiejska,2415082,2022,nowy,,,,,,,,,,
17767,śląskie,wodzisławski,Marklowice,gmina wiejska,2415082,2023,nowy,,,,,,,,,,
17768,śląskie,wodzisławski,Marklowice,gmina wiejska,2415082,2024,nowy,,,,,,,,,,
17769,śląskie,wodzisławski,Marklowice,gmina wiejska,2415082,2025,nowy,,,,,,,,,,
17770,śląskie,wodzisławski,Mszana,gmina wiejska,2415092,2018,nowy,,,,,,,,,,
17771,śląskie,wodzisławski,Mszana,gmina wiejska,2415092,2019,nowy,,,,,,,,,,
17772,śląskie,wodzisławski,Mszana,gmina wiejska,2415092,2020,nowy,,,,,,,,,,
17773,śląskie,wodzisławski,Mszana,gmina wiejska,2415092,2021,nowy,,,,,,,,,,
17774,śląskie,wodzisławski,Mszana,gmina wiejska,2415092,2022,nowy,,,,,,,,,,
17775,śląskie,wodzisławski,Mszana,gmina wiejska,2415092,2023,nowy,,,,,,,,,,
17776,śląskie,wodzisławski,Mszana,gmina wiejska,2415092,2024,nowy,,,,,,,,,,
17777,śląskie,wodzisławski,Mszana,gmina wiejska,2415092,2025,nowy,,,,,,,,,,
17778,śląskie,zawierciański,-,-,2416,2018,nowy,,,,,,,,,,
17779,śląskie,zawierciański,-,-,2416,2019,nowy,,,,,,,,,,
17780,śląskie,zawierciański,-,-,2416,2020,nowy,,,,,,,,,,
17781,śląskie,zawierciański,-,-,2416,2021,nowy,,,,,,,,,,
17782,śląskie,zawierciański,-,-,2416,2022,nowy,,,,,,,,,,
17783,śląskie,zawierciański,-,-,2416,2023,nowy,,,,,,,,,,
17784,śląskie,zawierciański,-,-,2416,2024,nowy,,,,,,,,,,
17785,śląskie,zawierciański,-,-,2416,2025,nowy,,,,,,,,,,
17786,śląskie,zawierciański,Poręba,gmina miejska,2416011,2018,nowy,,,,,,,,,,
17787,śląskie,zawierciański,Poręba,gmina miejska,2416011,2019,nowy,,,,,,,,,,
17788,śląskie,zawierciański,Poręba,gmina miejska,2416011,2020,nowy,,,,,,,,,,
17789,śląskie,zawierciański,Poręba,gmina miejska,2416011,2021,nowy,,,,,,,,,,
17790,śląskie,zawierciański,Poręba,gmina miejska,2416011,2022,nowy,,,,,,,,,,
17791,śląskie,zawierciański,Poręba,gmina miejska,2416011,2023,nowy,,,,,,,,,,
17792,śląskie,zawierciański,Poręba,gmina miejska,2416011,2024,nowy,,,,,,,,,,
17793,śląskie,zawierciański,Poręba,gmina miejska,2416011,2025,nowy,,,,,,,,,,
17794,śląskie,zawierciański,Zawiercie,gmina miejska,2416021,2018,nowy,,,,,,,,,,
17795,śląskie,zawierciański,Zawiercie,gmina miejska,2416021,2019,nowy,,,,,,,,,,
17796,śląskie,zawierciański,Zawiercie,gmina miejska,2416021,2020,nowy,,,,,,,,,,
17797,śląskie,zawierciański,Zawiercie,gmina miejska,2416021,2021,nowy,,,,,,,,,,
17798,śląskie,zawierciański,Zawiercie,gmina miejska,2416021,2022,nowy,,,,,,,,,,
17799,śląskie,zawierciański,Zawiercie,gmina miejska,2416021,2023,nowy,,,,,,,,,,
17800,śląskie,zawierciański,Zawiercie,gmina miejska,2416021,2024,nowy,,,,,,,,,,
17801,śląskie,zawierciański,Zawiercie,gmina miejska,2416021,2025,nowy,,,,,,,,,,
17802,śląskie,zawierciański,Irządze,gmina wiejska,2416032,2018,nowy,,,,,,,,,,
17803,śląskie,zawierciański,Irządze,gmina wiejska,2416032,2019,nowy,,,,,,,,,,
17804,śląskie,zawierciański,Irządze,gmina wiejska,2416032,2020,nowy,,,,,,,,,,
17805,śląskie,zawierciański,Irządze,gmina wiejska,2416032,2021,nowy,,,,,,,,,,
17806,śląskie,zawierciański,Irządze,gmina wiejska,2416032,2022,nowy,,,,,,,,,,
17807,śląskie,zawierciański,Irządze,gmina wiejska,2416032,2023,nowy,,,,,,,,,,
17808,śląskie,zawierciański,Irządze,gmina wiejska,2416032,2024,nowy,,,,,,,,,,
17809,śląskie,zawierciański,Irządze,gmina wiejska,2416032,2025,nowy,,,,,,,,,,
17810,śląskie,zawierciański,Kroczyce,gmina wiejska,2416042,2018,nowy,,,,,,,,,,
17811,śląskie,zawierciański,Kroczyce,gmina wiejska,2416042,2019,nowy,,,,,,,,,,
17812,śląskie,zawierciański,Kroczyce,gmina wiejska,2416042,2020,nowy,,,,,,,,,,
17813,śląskie,zawierciański,Kroczyce,gmina wiejska,2416042,2021,nowy,,,,,,,,,,
17814,śląskie,zawierciański,Kroczyce,gmina wiejska,2416042,2022,nowy,,,,,,,,,,
17815,śląskie,zawierciański,Kroczyce,gmina wiejska,2416042,2023,nowy,,,,,,,,,,
17816,śląskie,zawierciański,Kroczyce,gmina wiejska,2416042,2024,nowy,,,,,,,,,,
17817,śląskie,zawierciański,Kroczyce,gmina wiejska,2416042,2025,nowy,,,,,,,,,,
17818,śląskie,zawierciański,Łazy,gmina miejsko-wiejska,2416053,2018,nowy,,,,,,,,,,
17819,śląskie,zawierciański,Łazy,gmina miejsko-wiejska,2416053,2019,nowy,,,,,,,,,,
17820,śląskie,zawierciański,Łazy,gmina miejsko-wiejska,2416053,2020,nowy,,,,,,,,,,
17821,śląskie,zawierciański,Łazy,gmina miejsko-wiejska,2416053,2021,nowy,,,,,,,,,,
17822,śląskie,zawierciański,Łazy,gmina miejsko-wiejska,2416053,2022,nowy,,,,,,,,,,
17823,śląskie,zawierciański,Łazy,gmina miejsko-wiejska,2416053,2023,nowy,,,,,,,,,,
17824,śląskie,zawierciański,Łazy,gmina miejsko-wiejska,2416053,2024,nowy,,,,,,,,,,
17825,śląskie,zawierciański,Łazy,gmina miejsko-wiejska,2416053,2025,nowy,,,,,,,,,,
17826,śląskie,zawierciański,Ogrodzieniec,gmina miejsko-wiejska,2416063,2018,nowy,,,,,,,,,,
17827,śląskie,zawierciański,Ogrodzieniec,gmina miejsko-wiejska,2416063,2019,nowy,,,,,,,,,,
17828,śląskie,zawierciański,Ogrodzieniec,gmina miejsko-wiejska,2416063,2020,nowy,,,,,,,,,,
17829,śląskie,zawierciański,Ogrodzieniec,gmina miejsko-wiejska,2416063,2021,nowy,,,,,,,,,,
17830,śląskie,zawierciański,Ogrodzieniec,gmina miejsko-wiejska,2416063,2022,nowy,,,,,,,,,,
17831,śląskie,zawierciański,Ogrodzieniec,gmina miejsko-wiejska,2416063,2023,nowy,,,,,,,,,,
17832,śląskie,zawierciański,Ogrodzieniec,gmina miejsko-wiejska,2416063,2024,nowy,,,,,,,,,,
17833,śląskie,zawierciański,Ogrodzieniec,gmina miejsko-wiejska,2416063,2025,nowy,,,,,,,,,,
17834,śląskie,zawierciański,Pilica,gmina miejsko-wiejska,2416073,2018,nowy,,,,,,,,,,
17835,śląskie,zawierciański,Pilica,gmina miejsko-wiejska,2416073,2019,nowy,,,,,,,,,,
17836,śląskie,zawierciański,Pilica,gmina miejsko-wiejska,2416073,2020,nowy,,,,,,,,,,
17837,śląskie,zawierciański,Pilica,gmina miejsko-wiejska,2416073,2021,nowy,,,,,,,,,,
17838,śląskie,zawierciański,Pilica,gmina miejsko-wiejska,2416073,2022,nowy,,,,,,,,,,
17839,śląskie,zawierciański,Pilica,gmina miejsko-wiejska,2416073,2023,nowy,,,,,,,,,,
17840,śląskie,zawierciański,Pilica,gmina miejsko-wiejska,2416073,2024,nowy,,,,,,,,,,
17841,śląskie,zawierciański,Pilica,gmina miejsko-wiejska,2416073,2025,nowy,,,,,,,,,,
17842,śląskie,zawierciański,Szczekociny,gmina miejsko-wiejska,2416083,2018,nowy,,,,,,,,,,
17843,śląskie,zawierciański,Szczekociny,gmina miejsko-wiejska,2416083,2019,nowy,,,,,,,,,,
17844,śląskie,zawierciański,Szczekociny,gmina miejsko-wiejska,2416083,2020,nowy,,,,,,,,,,
17845,śląskie,zawierciański,Szczekociny,gmina miejsko-wiejska,2416083,2021,nowy,,,,,,,,,,
17846,śląskie,zawierciański,Szczekociny,gmina miejsko-wiejska,2416083,2022,nowy,,,,,,,,,,
17847,śląskie,zawierciański,Szczekociny,gmina miejsko-wiejska,2416083,2023,nowy,,,,,,,,,,
17848,śląskie,zawierciański,Szczekociny,gmina miejsko-wiejska,2416083,2024,nowy,,,,,,,,,,
17849,śląskie,zawierciański,Szczekociny,gmina miejsko-wiejska,2416083,2025,nowy,,,,,,,,,,
17850,śląskie,zawierciański,Włodowice,gmina wiejska,2416092,2018,nowy,,,,,,,,,,
17851,śląskie,zawierciański,Włodowice,gmina wiejska,2416092,2019,nowy,,,,,,,,,,
17852,śląskie,zawierciański,Włodowice,gmina wiejska,2416092,2020,nowy,,,,,,,,,,
17853,śląskie,zawierciański,Włodowice,gmina wiejska,2416092,2021,nowy,,,,,,,,,,
17854,śląskie,zawierciański,Włodowice,gmina wiejska,2416092,2022,nowy,,,,,,,,,,
17855,śląskie,zawierciański,Włodowice,gmina miejsko-wiejska,2416093,2023,nowy,,,,,,,,,,
17856,śląskie,zawierciański,Włodowice,gmina miejsko-wiejska,2416093,2024,nowy,,,,,,,,,,
17857,śląskie,zawierciański,Włodowice,gmina miejsko-wiejska,2416093,2025,nowy,,,,,,,,,,
17858,śląskie,zawierciański,Żarnowiec,gmina wiejska,2416102,2018,nowy,,,,,,,,,,
17859,śląskie,zawierciański,Żarnowiec,gmina wiejska,2416102,2019,nowy,,,,,,,,,,
17860,śląskie,zawierciański,Żarnowiec,gmina wiejska,2416102,2020,nowy,,,,,,,,,,
17861,śląskie,zawierciański,Żarnowiec,gmina wiejska,2416102,2021,nowy,,,,,,,,,,
17862,śląskie,zawierciański,Żarnowiec,gmina wiejska,2416102,2022,nowy,,,,,,,,,,
17863,śląskie,zawierciański,Żarnowiec,gmina wiejska,2416102,2023,nowy,,,,,,,,,,
17864,śląskie,zawierciański,Żarnowiec,gmina wiejska,2416102,2024,nowy,,,,,,,,,,
17865,śląskie,zawierciański,Żarnowiec,gmina wiejska,2416102,2025,nowy,,,,,,,,,,
17866,śląskie,żywiecki,-,-,2417,2018,nowy,,,,,,,,,,
17867,śląskie,żywiecki,-,-,2417,2019,nowy,,,,,,,,,,
17868,śląskie,żywiecki,-,-,2417,2020,nowy,,,,,,,,,,
17869,śląskie,żywiecki,-,-,2417,2021,nowy,,,,,,,,,,
17870,śląskie,żywiecki,-,-,2417,2022,nowy,,,,,,,,,,
17871,śląskie,żywiecki,-,-,2417,2023,nowy,,,,,,,,,,
17872,śląskie,żywiecki,-,-,2417,2024,nowy,,,,,,,,,,
17873,śląskie,żywiecki,-,-,2417,2025,nowy,,,,,,,,,,
17874,śląskie,żywiecki,Żywiec,gmina miejska,2417011,2018,nowy,,,,,,,,,,
17875,śląskie,żywiecki,Żywiec,gmina miejska,2417011,2019,nowy,,,,,,,,,,
17876,śląskie,żywiecki,Żywiec,gmina miejska,2417011,2020,nowy,,,,,,,,,,
17877,śląskie,żywiecki,Żywiec,gmina miejska,2417011,2021,nowy,,,,,,,,,,
17878,śląskie,żywiecki,Żywiec,gmina miejska,2417011,2022,nowy,,,,,,,,,,
17879,śląskie,żywiecki,Żywiec,gmina miejska,2417011,2023,nowy,,,,,,,,,,
17880,śląskie,żywiecki,Żywiec,gmina miejska,2417011,2024,nowy,,,,,,,,,,
17881,śląskie,żywiecki,Żywiec,gmina miejska,2417011,2025,nowy,,,,,,,,,,
17882,śląskie,żywiecki,Czernichów,gmina wiejska,2417022,2018,nowy,,,,,,,,,,
17883,śląskie,żywiecki,Czernichów,gmina wiejska,2417022,2019,nowy,,,,,,,,,,
17884,śląskie,żywiecki,Czernichów,gmina wiejska,2417022,2020,nowy,,,,,,,,,,
17885,śląskie,żywiecki,Czernichów,gmina wiejska,2417022,2021,nowy,,,,,,,,,,
17886,śląskie,żywiecki,Czernichów,gmina wiejska,2417022,2022,nowy,,,,,,,,,,
17887,śląskie,żywiecki,Czernichów,gmina wiejska,2417022,2023,nowy,,,,,,,,,,
17888,śląskie,żywiecki,Czernichów,gmina wiejska,2417022,2024,nowy,,,,,,,,,,
17889,śląskie,żywiecki,Czernichów,gmina wiejska,2417022,2025,nowy,,,,,,,,,,
17890,śląskie,żywiecki,Gilowice,gmina wiejska,2417032,2018,nowy,,,,,,,,,,
17891,śląskie,żywiecki,Gilowice,gmina wiejska,2417032,2019,nowy,,,,,,,,,,
17892,śląskie,żywiecki,Gilowice,gmina wiejska,2417032,2020,nowy,,,,,,,,,,
17893,śląskie,żywiecki,Gilowice,gmina wiejska,2417032,2021,nowy,,,,,,,,,,
17894,śląskie,żywiecki,Gilowice,gmina wiejska,2417032,2022,nowy,,,,,,,,,,
17895,śląskie,żywiecki,Gilowice,gmina wiejska,2417032,2023,nowy,,,,,,,,,,
17896,śląskie,żywiecki,Gilowice,gmina wiejska,2417032,2024,nowy,,,,,,,,,,
17897,śląskie,żywiecki,Gilowice,gmina wiejska,2417032,2025,nowy,,,,,,,,,,
17898,śląskie,żywiecki,Jeleśnia,gmina wiejska,2417042,2018,nowy,,,,,,,,,,
17899,śląskie,żywiecki,Jeleśnia,gmina wiejska,2417042,2019,nowy,,,,,,,,,,
17900,śląskie,żywiecki,Jeleśnia,gmina wiejska,2417042,2020,nowy,,,,,,,,,,
17901,śląskie,żywiecki,Jeleśnia,gmina wiejska,2417042,2021,nowy,,,,,,,,,,
17902,śląskie,żywiecki,Jeleśnia,gmina wiejska,2417042,2022,nowy,,,,,,,,,,
17903,śląskie,żywiecki,Jeleśnia,gmina wiejska,2417042,2023,nowy,,,,,,,,,,
17904,śląskie,żywiecki,Jeleśnia,gmina wiejska,2417042,2024,nowy,,,,,,,,,,
17905,śląskie,żywiecki,Jeleśnia,gmina wiejska,2417042,2025,nowy,,,,,,,,,,
17906,śląskie,żywiecki,Koszarawa,gmina wiejska,2417052,2018,nowy,,,,,,,,,,
17907,śląskie,żywiecki,Koszarawa,gmina wiejska,2417052,2019,nowy,,,,,,,,,,
17908,śląskie,żywiecki,Koszarawa,gmina wiejska,2417052,2020,nowy,,,,,,,,,,
17909,śląskie,żywiecki,Koszarawa,gmina wiejska,2417052,2021,nowy,,,,,,,,,,
17910,śląskie,żywiecki,Koszarawa,gmina wiejska,2417052,2022,nowy,,,,,,,,,,
17911,śląskie,żywiecki,Koszarawa,gmina wiejska,2417052,2023,nowy,,,,,,,,,,
17912,śląskie,żywiecki,Koszarawa,gmina wiejska,2417052,2024,nowy,,,,,,,,,,
17913,śląskie,żywiecki,Koszarawa,gmina wiejska,2417052,2025,nowy,,,,,,,,,,
17914,śląskie,żywiecki,Lipowa,gmina wiejska,2417062,2018,nowy,,,,,,,,,,
17915,śląskie,żywiecki,Lipowa,gmina wiejska,2417062,2019,nowy,,,,,,,,,,
17916,śląskie,żywiecki,Lipowa,gmina wiejska,2417062,2020,nowy,,,,,,,,,,
17917,śląskie,żywiecki,Lipowa,gmina wiejska,2417062,2021,nowy,,,,,,,,,,
17918,śląskie,żywiecki,Lipowa,gmina wiejska,2417062,2022,nowy,,,,,,,,,,
17919,śląskie,żywiecki,Lipowa,gmina wiejska,2417062,2023,nowy,,,,,,,,,,
17920,śląskie,żywiecki,Lipowa,gmina wiejska,2417062,2024,nowy,,,,,,,,,,
17921,śląskie,żywiecki,Lipowa,gmina wiejska,2417062,2025,nowy,,,,,,,,,,
17922,śląskie,żywiecki,Łękawica,gmina wiejska,2417072,2018,nowy,,,,,,,,,,
17923,śląskie,żywiecki,Łękawica,gmina wiejska,2417072,2019,nowy,,,,,,,,,,
17924,śląskie,żywiecki,Łękawica,gmina wiejska,2417072,2020,nowy,,,,,,,,,,
17925,śląskie,żywiecki,Łękawica,gmina wiejska,2417072,2021,nowy,,,,,,,,,,
17926,śląskie,żywiecki,Łękawica,gmina wiejska,2417072,2022,nowy,,,,,,,,,,
17927,śląskie,żywiecki,Łękawica,gmina wiejska,2417072,2023,nowy,,,,,,,,,,
17928,śląskie,żywiecki,Łękawica,gmina wiejska,2417072,2024,nowy,,,,,,,,,,
17929,śląskie,żywiecki,Łękawica,gmina wiejska,2417072,2025,nowy,,,,,,,,,,
17930,śląskie,żywiecki,Łodygowice,gmina wiejska,2417082,2018,nowy,,,,,,,,,,
17931,śląskie,żywiecki,Łodygowice,gmina wiejska,2417082,2019,nowy,,,,,,,,,,
17932,śląskie,żywiecki,Łodygowice,gmina wiejska,2417082,2020,nowy,,,,,,,,,,
17933,śląskie,żywiecki,Łodygowice,gmina wiejska,2417082,2021,nowy,,,,,,,,,,
17934,śląskie,żywiecki,Łodygowice,gmina wiejska,2417082,2022,nowy,,,,,,,,,,
17935,śląskie,żywiecki,Łodygowice,gmina wiejska,2417082,2023,nowy,,,,,,,,,,
17936,śląskie,żywiecki,Łodygowice,gmina wiejska,2417082,2024,nowy,,,,,,,,,,
17937,śląskie,żywiecki,Łodygowice,gmina wiejska,2417082,2025,nowy,,,,,,,,,,
17938,śląskie,żywiecki,Milówka,gmina wiejska,2417092,2018,nowy,,,,,,,,,,
17939,śląskie,żywiecki,Milówka,gmina wiejska,2417092,2019,nowy,,,,,,,,,,
17940,śląskie,żywiecki,Milówka,gmina wiejska,2417092,2020,nowy,,,,,,,,,,
17941,śląskie,żywiecki,Milówka,gmina wiejska,2417092,2021,nowy,,,,,,,,,,
17942,śląskie,żywiecki,Milówka,gmina wiejska,2417092,2022,nowy,,,,,,,,,,
17943,śląskie,żywiecki,Milówka,gmina wiejska,2417092,2023,nowy,,,,,,,,,,
17944,śląskie,żywiecki,Milówka,gmina wiejska,2417092,2024,nowy,,,,,,,,,,
17945,śląskie,żywiecki,Milówka,gmina wiejska,2417092,2025,nowy,,,,,,,,,,
17946,śląskie,żywiecki,Radziechowy-Wieprz,gmina wiejska,2417102,2018,nowy,,,,,,,,,,
17947,śląskie,żywiecki,Radziechowy-Wieprz,gmina wiejska,2417102,2019,nowy,,,,,,,,,,
17948,śląskie,żywiecki,Radziechowy-Wieprz,gmina wiejska,2417102,2020,nowy,,,,,,,,,,
17949,śląskie,żywiecki,Radziechowy-Wieprz,gmina wiejska,2417102,2021,nowy,,,,,,,,,,
17950,śląskie,żywiecki,Radziechowy-Wieprz,gmina wiejska,2417102,2022,nowy,,,,,,,,,,
17951,śląskie,żywiecki,Radziechowy-Wieprz,gmina wiejska,2417102,2023,nowy,,,,,,,,,,
17952,śląskie,żywiecki,Radziechowy-Wieprz,gmina wiejska,2417102,2024,nowy,,,,,,,,,,
17953,śląskie,żywiecki,Radziechowy-Wieprz,gmina wiejska,2417102,2025,nowy,,,,,,,,,,
17954,śląskie,żywiecki,Rajcza,gmina wiejska,2417112,2018,nowy,,,,,,,,,,
17955,śląskie,żywiecki,Rajcza,gmina wiejska,2417112,2019,nowy,,,,,,,,,,
17956,śląskie,żywiecki,Rajcza,gmina wiejska,2417112,2020,nowy,,,,,,,,,,
17957,śląskie,żywiecki,Rajcza,gmina wiejska,2417112,2021,nowy,,,,,,,,,,
17958,śląskie,żywiecki,Rajcza,gmina wiejska,2417112,2022,nowy,,,,,,,,,,
17959,śląskie,żywiecki,Rajcza,gmina wiejska,2417112,2023,nowy,,,,,,,,,,
17960,śląskie,żywiecki,Rajcza,gmina wiejska,2417112,2024,nowy,,,,,,,,,,
17961,śląskie,żywiecki,Rajcza,gmina wiejska,2417112,2025,nowy,,,,,,,,,,
17962,śląskie,żywiecki,Ślemień,gmina wiejska,2417122,2018,nowy,,,,,,,,,,
17963,śląskie,żywiecki,Ślemień,gmina wiejska,2417122,2019,nowy,,,,,,,,,,
17964,śląskie,żywiecki,Ślemień,gmina wiejska,2417122,2020,nowy,,,,,,,,,,
17965,śląskie,żywiecki,Ślemień,gmina wiejska,2417122,2021,nowy,,,,,,,,,,
17966,śląskie,żywiecki,Ślemień,gmina wiejska,2417122,2022,nowy,,,,,,,,,,
17967,śląskie,żywiecki,Ślemień,gmina wiejska,2417122,2023,nowy,,,,,,,,,,
17968,śląskie,żywiecki,Ślemień,gmina wiejska,2417122,2024,nowy,,,,,,,,,,
17969,śląskie,żywiecki,Ślemień,gmina wiejska,2417122,2025,nowy,,,,,,,,,,
17970,śląskie,żywiecki,Świnna,gmina wiejska,2417132,2018,nowy,,,,,,,,,,
17971,śląskie,żywiecki,Świnna,gmina wiejska,2417132,2019,nowy,,,,,,,,,,
17972,śląskie,żywiecki,Świnna,gmina wiejska,2417132,2020,nowy,,,,,,,,,,
17973,śląskie,żywiecki,Świnna,gmina wiejska,2417132,2021,nowy,,,,,,,,,,
17974,śląskie,żywiecki,Świnna,gmina wiejska,2417132,2022,nowy,,,,,,,,,,
17975,śląskie,żywiecki,Świnna,gmina wiejska,2417132,2023,nowy,,,,,,,,,,
17976,śląskie,żywiecki,Świnna,gmina wiejska,2417132,2024,nowy,,,,,,,,,,
17977,śląskie,żywiecki,Świnna,gmina wiejska,2417132,2025,nowy,,,,,,,,,,
17978,śląskie,żywiecki,Ujsoły,gmina wiejska,2417142,2018,nowy,,,,,,,,,,
17979,śląskie,żywiecki,Ujsoły,gmina wiejska,2417142,2019,nowy,,,,,,,,,,
17980,śląskie,żywiecki,Ujsoły,gmina wiejska,2417142,2020,nowy,,,,,,,,,,
17981,śląskie,żywiecki,Ujsoły,gmina wiejska,2417142,2021,nowy,,,,,,,,,,
17982,śląskie,żywiecki,Ujsoły,gmina wiejska,2417142,2022,nowy,,,,,,,,,,
17983,śląskie,żywiecki,Ujsoły,gmina wiejska,2417142,2023,nowy,,,,,,,,,,
17984,śląskie,żywiecki,Ujsoły,gmina wiejska,2417142,2024,nowy,,,,,,,,,,
17985,śląskie,żywiecki,Ujsoły,gmina wiejska,2417142,2025,nowy,,,,,,,,,,
17986,śląskie,żywiecki,Węgierska Górka,gmina wiejska,2417152,2018,nowy,,,,,,,,,,
17987,śląskie,żywiecki,Węgierska Górka,gmina wiejska,2417152,2019,nowy,,,,,,,,,,
17988,śląskie,żywiecki,Węgierska Górka,gmina wiejska,2417152,2020,nowy,,,,,,,,,,
17989,śląskie,żywiecki,Węgierska Górka,gmina wiejska,2417152,2021,nowy,,,,,,,,,,
17990,śląskie,żywiecki,Węgierska Górka,gmina wiejska,2417152,2022,nowy,,,,,,,,,,
17991,śląskie,żywiecki,Węgierska Górka,gmina wiejska,2417152,2023,nowy,,,,,,,,,,
17992,śląskie,żywiecki,Węgierska Górka,gmina wiejska,2417152,2024,nowy,,,,,,,,,,
17993,śląskie,żywiecki,Węgierska Górka,gmina wiejska,2417152,2025,nowy,,,,,,,,,,
17994,śląskie,m. Bielsko-Biała,-,-,2461,2018,nowy,,,,,,,,,,
17995,śląskie,m. Bielsko-Biała,-,-,2461,2019,nowy,,,,,,,,,,
17996,śląskie,m. Bielsko-Biała,-,-,2461,2020,nowy,,,,,,,,,,
17997,śląskie,m. Bielsko-Biała,-,-,2461,2021,nowy,,,,,,,,,,
17998,śląskie,m. Bielsko-Biała,-,-,2461,2022,nowy,,,,,,,,,,
17999,śląskie,m. Bielsko-Biała,-,-,2461,2023,nowy,,,,,,,,,,
18000,śląskie,m. Bielsko-Biała,-,-,2461,2024,nowy,,,,,,,,,,
18001,śląskie,m. Bielsko-Biała,-,-,2461,2025,nowy,,,,,,,,,,
18002,śląskie,m. Bielsko-Biała,Bielsko-Biała,gmina miejska (miasto na prawach powiatu),2461011,2018,nowy,,,,,,,,,,
18003,śląskie,m. Bielsko-Biała,Bielsko-Biała,gmina miejska (miasto na prawach powiatu),2461011,2019,nowy,,,,,,,,,,
18004,śląskie,m. Bielsko-Biała,Bielsko-Biała,gmina miejska (miasto na prawach powiatu),2461011,2020,nowy,,,,,,,,,,
18005,śląskie,m. Bielsko-Biała,Bielsko-Biała,gmina miejska (miasto na prawach powiatu),2461011,2021,nowy,,,,,,,,,,
18006,śląskie,m. Bielsko-Biała,Bielsko-Biała,gmina miejska (miasto na prawach powiatu),2461011,2022,nowy,,,,,,,,,,
18007,śląskie,m. Bielsko-Biała,Bielsko-Biała,gmina miejska (miasto na prawach powiatu),2461011,2023,nowy,,,,,,,,,,
18008,śląskie,m. Bielsko-Biała,Bielsko-Biała,gmina miejska (miasto na prawach powiatu),2461011,2024,nowy,,,,,,,,,,
18009,śląskie,m. Bielsko-Biała,Bielsko-Biała,gmina miejska (miasto na prawach powiatu),2461011,2025,nowy,,,,,,,,,,
18010,śląskie,m. Bytom,-,-,2462,2018,nowy,,,,,,,,,,
18011,śląskie,m. Bytom,-,-,2462,2019,nowy,,,,,,,,,,
18012,śląskie,m. Bytom,-,-,2462,2020,nowy,,,,,,,,,,
18013,śląskie,m. Bytom,-,-,2462,2021,nowy,,,,,,,,,,
18014,śląskie,m. Bytom,-,-,2462,2022,nowy,,,,,,,,,,
18015,śląskie,m. Bytom,-,-,2462,2023,nowy,,,,,,,,,,
18016,śląskie,m. Bytom,-,-,2462,2024,nowy,,,,,,,,,,
18017,śląskie,m. Bytom,-,-,2462,2025,nowy,,,,,,,,,,
18018,śląskie,m. Bytom,Bytom,gmina miejska (miasto na prawach powiatu),2462011,2018,nowy,,,,,,,,,,
18019,śląskie,m. Bytom,Bytom,gmina miejska (miasto na prawach powiatu),2462011,2019,nowy,,,,,,,,,,
18020,śląskie,m. Bytom,Bytom,gmina miejska (miasto na prawach powiatu),2462011,2020,nowy,,,,,,,,,,
18021,śląskie,m. Bytom,Bytom,gmina miejska (miasto na prawach powiatu),2462011,2021,nowy,,,,,,,,,,
18022,śląskie,m. Bytom,Bytom,gmina miejska (miasto na prawach powiatu),2462011,2022,nowy,,,,,,,,,,
18023,śląskie,m. Bytom,Bytom,gmina miejska (miasto na prawach powiatu),2462011,2023,nowy,,,,,,,,,,
18024,śląskie,m. Bytom,Bytom,gmina miejska (miasto na prawach powiatu),2462011,2024,nowy,,,,,,,,,,
18025,śląskie,m. Bytom,Bytom,gmina miejska (miasto na prawach powiatu),2462011,2025,nowy,,,,,,,,,,
18026,śląskie,m. Chorzów,-,-,2463,2018,nowy,,,,,,,,,,
18027,śląskie,m. Chorzów,-,-,2463,2019,nowy,,,,,,,,,,
18028,śląskie,m. Chorzów,-,-,2463,2020,nowy,,,,,,,,,,
18029,śląskie,m. Chorzów,-,-,2463,2021,nowy,,,,,,,,,,
18030,śląskie,m. Chorzów,-,-,2463,2022,nowy,,,,,,,,,,
18031,śląskie,m. Chorzów,-,-,2463,2023,nowy,,,,,,,,,,
18032,śląskie,m. Chorzów,-,-,2463,2024,nowy,,,,,,,,,,
18033,śląskie,m. Chorzów,-,-,2463,2025,nowy,,,,,,,,,,
18034,śląskie,m. Chorzów,Chorzów,gmina miejska (miasto na prawach powiatu),2463011,2018,nowy,,,,,,,,,,
18035,śląskie,m. Chorzów,Chorzów,gmina miejska (miasto na prawach powiatu),2463011,2019,nowy,,,,,,,,,,
18036,śląskie,m. Chorzów,Chorzów,gmina miejska (miasto na prawach powiatu),2463011,2020,nowy,,,,,,,,,,
18037,śląskie,m. Chorzów,Chorzów,gmina miejska (miasto na prawach powiatu),2463011,2021,nowy,,,,,,,,,,
18038,śląskie,m. Chorzów,Chorzów,gmina miejska (miasto na prawach powiatu),2463011,2022,nowy,,,,,,,,,,
18039,śląskie,m. Chorzów,Chorzów,gmina miejska (miasto na prawach powiatu),2463011,2023,nowy,,,,,,,,,,
18040,śląskie,m. Chorzów,Chorzów,gmina miejska (miasto na prawach powiatu),2463011,2024,nowy,,,,,,,,,,
18041,śląskie,m. Chorzów,Chorzów,gmina miejska (miasto na prawach powiatu),2463011,2025,nowy,,,,,,,,,,
18042,śląskie,m. Częstochowa,-,-,2464,2018,nowy,,,,,,,,,,
18043,śląskie,m. Częstochowa,-,-,2464,2019,nowy,,,,,,,,,,
18044,śląskie,m. Częstochowa,-,-,2464,2020,nowy,,,,,,,,,,
18045,śląskie,m. Częstochowa,-,-,2464,2021,nowy,,,,,,,,,,
18046,śląskie,m. Częstochowa,-,-,2464,2022,nowy,,,,,,,,,,
18047,śląskie,m. Częstochowa,-,-,2464,2023,nowy,,,,,,,,,,
18048,śląskie,m. Częstochowa,-,-,2464,2024,nowy,,,,,,,,,,
18049,śląskie,m. Częstochowa,-,-,2464,2025,nowy,,,,,,,,,,
18050,śląskie,m. Częstochowa,Częstochowa,gmina miejska (miasto na prawach powiatu),2464011,2018,nowy,,,,,,,,,,
18051,śląskie,m. Częstochowa,Częstochowa,gmina miejska (miasto na prawach powiatu),2464011,2019,nowy,,,,,,,,,,
18052,śląskie,m. Częstochowa,Częstochowa,gmina miejska (miasto na prawach powiatu),2464011,2020,nowy,,,,,,,,,,
18053,śląskie,m. Częstochowa,Częstochowa,gmina miejska (miasto na prawach powiatu),2464011,2021,nowy,,,,,,,,,,
18054,śląskie,m. Częstochowa,Częstochowa,gmina miejska (miasto na prawach powiatu),2464011,2022,nowy,,,,,,,,,,
18055,śląskie,m. Częstochowa,Częstochowa,gmina miejska (miasto na prawach powiatu),2464011,2023,nowy,,,,,,,,,,
18056,śląskie,m. Częstochowa,Częstochowa,gmina miejska (miasto na prawach powiatu),2464011,2024,nowy,,,,,,,,,,
18057,śląskie,m. Częstochowa,Częstochowa,gmina miejska (miasto na prawach powiatu),2464011,2025,nowy,,,,,,,,,,
18058,śląskie,m. Dąbrowa Górnicza,-,-,2465,2018,nowy,,,,,,,,,,
18059,śląskie,m. Dąbrowa Górnicza,-,-,2465,2019,nowy,,,,,,,,,,
18060,śląskie,m. Dąbrowa Górnicza,-,-,2465,2020,nowy,,,,,,,,,,
18061,śląskie,m. Dąbrowa Górnicza,-,-,2465,2021,nowy,,,,,,,,,,
18062,śląskie,m. Dąbrowa Górnicza,-,-,2465,2022,nowy,,,,,,,,,,
18063,śląskie,m. Dąbrowa Górnicza,-,-,2465,2023,nowy,,,,,,,,,,
18064,śląskie,m. Dąbrowa Górnicza,-,-,2465,2024,nowy,,,,,,,,,,
18065,śląskie,m. Dąbrowa Górnicza,-,-,2465,2025,nowy,,,,,,,,,,
18066,śląskie,m. Dąbrowa Górnicza,Dąbrowa Górnicza,gmina miejska (miasto na prawach powiatu),2465011,2018,nowy,,,,,,,,,,
18067,śląskie,m. Dąbrowa Górnicza,Dąbrowa Górnicza,gmina miejska (miasto na prawach powiatu),2465011,2019,nowy,,,,,,,,,,
18068,śląskie,m. Dąbrowa Górnicza,Dąbrowa Górnicza,gmina miejska (miasto na prawach powiatu),2465011,2020,nowy,,,,,,,,,,
18069,śląskie,m. Dąbrowa Górnicza,Dąbrowa Górnicza,gmina miejska (miasto na prawach powiatu),2465011,2021,nowy,,,,,,,,,,
18070,śląskie,m. Dąbrowa Górnicza,Dąbrowa Górnicza,gmina miejska (miasto na prawach powiatu),2465011,2022,nowy,,,,,,,,,,
18071,śląskie,m. Dąbrowa Górnicza,Dąbrowa Górnicza,gmina miejska (miasto na prawach powiatu),2465011,2023,nowy,,,,,,,,,,
18072,śląskie,m. Dąbrowa Górnicza,Dąbrowa Górnicza,gmina miejska (miasto na prawach powiatu),2465011,2024,nowy,,,,,,,,,,
18073,śląskie,m. Dąbrowa Górnicza,Dąbrowa Górnicza,gmina miejska (miasto na prawach powiatu),2465011,2025,nowy,,,,,,,,,,
18074,śląskie,m. Gliwice,-,-,2466,2018,nowy,,,,,,,,,,
18075,śląskie,m. Gliwice,-,-,2466,2019,nowy,,,,,,,,,,
18076,śląskie,m. Gliwice,-,-,2466,2020,nowy,,,,,,,,,,
18077,śląskie,m. Gliwice,-,-,2466,2021,nowy,,,,,,,,,,
18078,śląskie,m. Gliwice,-,-,2466,2022,nowy,,,,,,,,,,
18079,śląskie,m. Gliwice,-,-,2466,2023,nowy,,,,,,,,,,
18080,śląskie,m. Gliwice,-,-,2466,2024,nowy,,,,,,,,,,
18081,śląskie,m. Gliwice,-,-,2466,2025,nowy,,,,,,,,,,
18082,śląskie,m. Gliwice,Gliwice,gmina miejska (miasto na prawach powiatu),2466011,2018,nowy,,,,,,,,,,
18083,śląskie,m. Gliwice,Gliwice,gmina miejska (miasto na prawach powiatu),2466011,2019,nowy,,,,,,,,,,
18084,śląskie,m. Gliwice,Gliwice,gmina miejska (miasto na prawach powiatu),2466011,2020,nowy,,,,,,,,,,
18085,śląskie,m. Gliwice,Gliwice,gmina miejska (miasto na prawach powiatu),2466011,2021,nowy,,,,,,,,,,
18086,śląskie,m. Gliwice,Gliwice,gmina miejska (miasto na prawach powiatu),2466011,2022,nowy,,,,,,,,,,
18087,śląskie,m. Gliwice,Gliwice,gmina miejska (miasto na prawach powiatu),2466011,2023,nowy,,,,,,,,,,
18088,śląskie,m. Gliwice,Gliwice,gmina miejska (miasto na prawach powiatu),2466011,2024,nowy,,,,,,,,,,
18089,śląskie,m. Gliwice,Gliwice,gmina miejska (miasto na prawach powiatu),2466011,2025,nowy,,,,,,,,,,
18090,śląskie,m. Jastrzębie-Zdrój,-,-,2467,2018,nowy,,,,,,,,,,
18091,śląskie,m. Jastrzębie-Zdrój,-,-,2467,2019,nowy,,,,,,,,,,
18092,śląskie,m. Jastrzębie-Zdrój,-,-,2467,2020,nowy,,,,,,,,,,
18093,śląskie,m. Jastrzębie-Zdrój,-,-,2467,2021,nowy,,,,,,,,,,
18094,śląskie,m. Jastrzębie-Zdrój,-,-,2467,2022,nowy,,,,,,,,,,
18095,śląskie,m. Jastrzębie-Zdrój,-,-,2467,2023,nowy,,,,,,,,,,
18096,śląskie,m. Jastrzębie-Zdrój,-,-,2467,2024,nowy,,,,,,,,,,
18097,śląskie,m. Jastrzębie-Zdrój,-,-,2467,2025,nowy,,,,,,,,,,
18098,śląskie,m. Jastrzębie-Zdrój,Jastrzębie-Zdrój,gmina miejska (miasto na prawach powiatu),2467011,2018,nowy,,,,,,,,,,
18099,śląskie,m. Jastrzębie-Zdrój,Jastrzębie-Zdrój,gmina miejska (miasto na prawach powiatu),2467011,2019,nowy,,,,,,,,,,
18100,śląskie,m. Jastrzębie-Zdrój,Jastrzębie-Zdrój,gmina miejska (miasto na prawach powiatu),2467011,2020,nowy,,,,,,,,,,
18101,śląskie,m. Jastrzębie-Zdrój,Jastrzębie-Zdrój,gmina miejska (miasto na prawach powiatu),2467011,2021,nowy,,,,,,,,,,
18102,śląskie,m. Jastrzębie-Zdrój,Jastrzębie-Zdrój,gmina miejska (miasto na prawach powiatu),2467011,2022,nowy,,,,,,,,,,
18103,śląskie,m. Jastrzębie-Zdrój,Jastrzębie-Zdrój,gmina miejska (miasto na prawach powiatu),2467011,2023,nowy,,,,,,,,,,
18104,śląskie,m. Jastrzębie-Zdrój,Jastrzębie-Zdrój,gmina miejska (miasto na prawach powiatu),2467011,2024,nowy,,,,,,,,,,
18105,śląskie,m. Jastrzębie-Zdrój,Jastrzębie-Zdrój,gmina miejska (miasto na prawach powiatu),2467011,2025,nowy,,,,,,,,,,
18106,śląskie,m. Jaworzno,-,-,2468,2018,nowy,,,,,,,,,,
18107,śląskie,m. Jaworzno,-,-,2468,2019,nowy,,,,,,,,,,
18108,śląskie,m. Jaworzno,-,-,2468,2020,nowy,,,,,,,,,,
18109,śląskie,m. Jaworzno,-,-,2468,2021,nowy,,,,,,,,,,
18110,śląskie,m. Jaworzno,-,-,2468,2022,nowy,,,,,,,,,,
18111,śląskie,m. Jaworzno,-,-,2468,2023,nowy,,,,,,,,,,
18112,śląskie,m. Jaworzno,-,-,2468,2024,nowy,,,,,,,,,,
18113,śląskie,m. Jaworzno,-,-,2468,2025,nowy,,,,,,,,,,
18114,śląskie,m. Jaworzno,Jaworzno,gmina miejska (miasto na prawach powiatu),2468011,2018,nowy,,,,,,,,,,
18115,śląskie,m. Jaworzno,Jaworzno,gmina miejska (miasto na prawach powiatu),2468011,2019,nowy,,,,,,,,,,
18116,śląskie,m. Jaworzno,Jaworzno,gmina miejska (miasto na prawach powiatu),2468011,2020,nowy,,,,,,,,,,
18117,śląskie,m. Jaworzno,Jaworzno,gmina miejska (miasto na prawach powiatu),2468011,2021,nowy,,,,,,,,,,
18118,śląskie,m. Jaworzno,Jaworzno,gmina miejska (miasto na prawach powiatu),2468011,2022,nowy,,,,,,,,,,
18119,śląskie,m. Jaworzno,Jaworzno,gmina miejska (miasto na prawach powiatu),2468011,2023,nowy,,,,,,,,,,
18120,śląskie,m. Jaworzno,Jaworzno,gmina miejska (miasto na prawach powiatu),2468011,2024,nowy,,,,,,,,,,
18121,śląskie,m. Jaworzno,Jaworzno,gmina miejska (miasto na prawach powiatu),2468011,2025,nowy,,,,,,,,,,
18122,śląskie,m. Katowice,-,-,2469,2018,nowy,,,,,,,,,,
18123,śląskie,m. Katowice,-,-,2469,2019,nowy,,,,,,,,,,
18124,śląskie,m. Katowice,-,-,2469,2020,nowy,,,,,,,,,,
18125,śląskie,m. Katowice,-,-,2469,2021,nowy,,,,,,,,,,
18126,śląskie,m. Katowice,-,-,2469,2022,nowy,,,,,,,,,,
18127,śląskie,m. Katowice,-,-,2469,2023,nowy,,,,,,,,,,
18128,śląskie,m. Katowice,-,-,2469,2024,nowy,,,,,,,,,,
18129,śląskie,m. Katowice,-,-,2469,2025,nowy,,,,,,,,,,
18130,śląskie,m. Katowice,Katowice,gmina miejska (miasto na prawach powiatu),2469011,2018,nowy,,,,,,,,,,
18131,śląskie,m. Katowice,Katowice,gmina miejska (miasto na prawach powiatu),2469011,2019,nowy,,,,,,,,,,
18132,śląskie,m. Katowice,Katowice,gmina miejska (miasto na prawach powiatu),2469011,2020,nowy,,,,,,,,,,
18133,śląskie,m. Katowice,Katowice,gmina miejska (miasto na prawach powiatu),2469011,2021,nowy,,,,,,,,,,
18134,śląskie,m. Katowice,Katowice,gmina miejska (miasto na prawach powiatu),2469011,2022,nowy,,,,,,,,,,
18135,śląskie,m. Katowice,Katowice,gmina miejska (miasto na prawach powiatu),2469011,2023,nowy,,,,,,,,,,
18136,śląskie,m. Katowice,Katowice,gmina miejska (miasto na prawach powiatu),2469011,2024,nowy,,,,,,,,,,
18137,śląskie,m. Katowice,Katowice,gmina miejska (miasto na prawach powiatu),2469011,2025,nowy,,,,,,,,,,
18138,śląskie,m. Mysłowice,-,-,2470,2018,nowy,,,,,,,,,,
18139,śląskie,m. Mysłowice,-,-,2470,2019,nowy,,,,,,,,,,
18140,śląskie,m. Mysłowice,-,-,2470,2020,nowy,,,,,,,,,,
18141,śląskie,m. Mysłowice,-,-,2470,2021,nowy,,,,,,,,,,
18142,śląskie,m. Mysłowice,-,-,2470,2022,nowy,,,,,,,,,,
18143,śląskie,m. Mysłowice,-,-,2470,2023,nowy,,,,,,,,,,
18144,śląskie,m. Mysłowice,-,-,2470,2024,nowy,,,,,,,,,,
18145,śląskie,m. Mysłowice,-,-,2470,2025,nowy,,,,,,,,,,
18146,śląskie,m. Mysłowice,Mysłowice,gmina miejska (miasto na prawach powiatu),2470011,2018,nowy,,,,,,,,,,
18147,śląskie,m. Mysłowice,Mysłowice,gmina miejska (miasto na prawach powiatu),2470011,2019,nowy,,,,,,,,,,
18148,śląskie,m. Mysłowice,Mysłowice,gmina miejska (miasto na prawach powiatu),2470011,2020,nowy,,,,,,,,,,
18149,śląskie,m. Mysłowice,Mysłowice,gmina miejska (miasto na prawach powiatu),2470011,2021,nowy,,,,,,,,,,
18150,śląskie,m. Mysłowice,Mysłowice,gmina miejska (miasto na prawach powiatu),2470011,2022,nowy,,,,,,,,,,
18151,śląskie,m. Mysłowice,Mysłowice,gmina miejska (miasto na prawach powiatu),2470011,2023,nowy,,,,,,,,,,
18152,śląskie,m. Mysłowice,Mysłowice,gmina miejska (miasto na prawach powiatu),2470011,2024,nowy,,,,,,,,,,
18153,śląskie,m. Mysłowice,Mysłowice,gmina miejska (miasto na prawach powiatu),2470011,2025,nowy,,,,,,,,,,
18154,śląskie,m. Piekary Śląskie,-,-,2471,2018,nowy,,,,,,,,,,
18155,śląskie,m. Piekary Śląskie,-,-,2471,2019,nowy,,,,,,,,,,
18156,śląskie,m. Piekary Śląskie,-,-,2471,2020,nowy,,,,,,,,,,
18157,śląskie,m. Piekary Śląskie,-,-,2471,2021,nowy,,,,,,,,,,
18158,śląskie,m. Piekary Śląskie,-,-,2471,2022,nowy,,,,,,,,,,
18159,śląskie,m. Piekary Śląskie,-,-,2471,2023,nowy,,,,,,,,,,
18160,śląskie,m. Piekary Śląskie,-,-,2471,2024,nowy,,,,,,,,,,
18161,śląskie,m. Piekary Śląskie,-,-,2471,2025,nowy,,,,,,,,,,
18162,śląskie,m. Piekary Śląskie,Piekary Śląskie,gmina miejska (miasto na prawach powiatu),2471011,2018,nowy,,,,,,,,,,
18163,śląskie,m. Piekary Śląskie,Piekary Śląskie,gmina miejska (miasto na prawach powiatu),2471011,2019,nowy,,,,,,,,,,
18164,śląskie,m. Piekary Śląskie,Piekary Śląskie,gmina miejska (miasto na prawach powiatu),2471011,2020,nowy,,,,,,,,,,
18165,śląskie,m. Piekary Śląskie,Piekary Śląskie,gmina miejska (miasto na prawach powiatu),2471011,2021,nowy,,,,,,,,,,
18166,śląskie,m. Piekary Śląskie,Piekary Śląskie,gmina miejska (miasto na prawach powiatu),2471011,2022,nowy,,,,,,,,,,
18167,śląskie,m. Piekary Śląskie,Piekary Śląskie,gmina miejska (miasto na prawach powiatu),2471011,2023,nowy,,,,,,,,,,
18168,śląskie,m. Piekary Śląskie,Piekary Śląskie,gmina miejska (miasto na prawach powiatu),2471011,2024,nowy,,,,,,,,,,
18169,śląskie,m. Piekary Śląskie,Piekary Śląskie,gmina miejska (miasto na prawach powiatu),2471011,2025,nowy,,,,,,,,,,
18170,śląskie,m. Ruda Śląska,-,-,2472,2018,nowy,,,,,,,,,,
18171,śląskie,m. Ruda Śląska,-,-,2472,2019,nowy,,,,,,,,,,
18172,śląskie,m. Ruda Śląska,-,-,2472,2020,nowy,,,,,,,,,,
18173,śląskie,m. Ruda Śląska,-,-,2472,2021,nowy,,,,,,,,,,
18174,śląskie,m. Ruda Śląska,-,-,2472,2022,nowy,,,,,,,,,,
18175,śląskie,m. Ruda Śląska,-,-,2472,2023,nowy,,,,,,,,,,
18176,śląskie,m. Ruda Śląska,-,-,2472,2024,nowy,,,,,,,,,,
18177,śląskie,m. Ruda Śląska,-,-,2472,2025,nowy,,,,,,,,,,
18178,śląskie,m. Ruda Śląska,Ruda Śląska,gmina miejska (miasto na prawach powiatu),2472011,2018,nowy,,,,,,,,,,
18179,śląskie,m. Ruda Śląska,Ruda Śląska,gmina miejska (miasto na prawach powiatu),2472011,2019,nowy,,,,,,,,,,
18180,śląskie,m. Ruda Śląska,Ruda Śląska,gmina miejska (miasto na prawach powiatu),2472011,2020,nowy,,,,,,,,,,
18181,śląskie,m. Ruda Śląska,Ruda Śląska,gmina miejska (miasto na prawach powiatu),2472011,2021,nowy,,,,,,,,,,
18182,śląskie,m. Ruda Śląska,Ruda Śląska,gmina miejska (miasto na prawach powiatu),2472011,2022,nowy,,,,,,,,,,
18183,śląskie,m. Ruda Śląska,Ruda Śląska,gmina miejska (miasto na prawach powiatu),2472011,2023,nowy,,,,,,,,,,
18184,śląskie,m. Ruda Śląska,Ruda Śląska,gmina miejska (miasto na prawach powiatu),2472011,2024,nowy,,,,,,,,,,
18185,śląskie,m. Ruda Śląska,Ruda Śląska,gmina miejska (miasto na prawach powiatu),2472011,2025,nowy,,,,,,,,,,
18186,śląskie,m. Rybnik,-,-,2473,2018,nowy,,,,,,,,,,
18187,śląskie,m. Rybnik,-,-,2473,2019,nowy,,,,,,,,,,
18188,śląskie,m. Rybnik,-,-,2473,2020,nowy,,,,,,,,,,
18189,śląskie,m. Rybnik,-,-,2473,2021,nowy,,,,,,,,,,
18190,śląskie,m. Rybnik,-,-,2473,2022,nowy,,,,,,,,,,
18191,śląskie,m. Rybnik,-,-,2473,2023,nowy,,,,,,,,,,
18192,śląskie,m. Rybnik,-,-,2473,2024,nowy,,,,,,,,,,
18193,śląskie,m. Rybnik,-,-,2473,2025,nowy,,,,,,,,,,
18194,śląskie,m. Rybnik,Rybnik,gmina miejska (miasto na prawach powiatu),2473011,2018,nowy,,,,,,,,,,
18195,śląskie,m. Rybnik,Rybnik,gmina miejska (miasto na prawach powiatu),2473011,2019,nowy,,,,,,,,,,
18196,śląskie,m. Rybnik,Rybnik,gmina miejska (miasto na prawach powiatu),2473011,2020,nowy,,,,,,,,,,
18197,śląskie,m. Rybnik,Rybnik,gmina miejska (miasto na prawach powiatu),2473011,2021,nowy,,,,,,,,,,
18198,śląskie,m. Rybnik,Rybnik,gmina miejska (miasto na prawach powiatu),2473011,2022,nowy,,,,,,,,,,
18199,śląskie,m. Rybnik,Rybnik,gmina miejska (miasto na prawach powiatu),2473011,2023,nowy,,,,,,,,,,
18200,śląskie,m. Rybnik,Rybnik,gmina miejska (miasto na prawach powiatu),2473011,2024,nowy,,,,,,,,,,
18201,śląskie,m. Rybnik,Rybnik,gmina miejska (miasto na prawach powiatu),2473011,2025,nowy,,,,,,,,,,
18202,śląskie,m. Siemianowice Śląskie,-,-,2474,2018,nowy,,,,,,,,,,
18203,śląskie,m. Siemianowice Śląskie,-,-,2474,2019,nowy,,,,,,,,,,
18204,śląskie,m. Siemianowice Śląskie,-,-,2474,2020,nowy,,,,,,,,,,
18205,śląskie,m. Siemianowice Śląskie,-,-,2474,2021,nowy,,,,,,,,,,
18206,śląskie,m. Siemianowice Śląskie,-,-,2474,2022,nowy,,,,,,,,,,
18207,śląskie,m. Siemianowice Śląskie,-,-,2474,2023,nowy,,,,,,,,,,
18208,śląskie,m. Siemianowice Śląskie,-,-,2474,2024,nowy,,,,,,,,,,
18209,śląskie,m. Siemianowice Śląskie,-,-,2474,2025,nowy,,,,,,,,,,
18210,śląskie,m. Siemianowice Śląskie,Siemianowice Śląskie,gmina miejska (miasto na prawach powiatu),2474011,2018,nowy,,,,,,,,,,
18211,śląskie,m. Siemianowice Śląskie,Siemianowice Śląskie,gmina miejska (miasto na prawach powiatu),2474011,2019,nowy,,,,,,,,,,
18212,śląskie,m. Siemianowice Śląskie,Siemianowice Śląskie,gmina miejska (miasto na prawach powiatu),2474011,2020,nowy,,,,,,,,,,
18213,śląskie,m. Siemianowice Śląskie,Siemianowice Śląskie,gmina miejska (miasto na prawach powiatu),2474011,2021,nowy,,,,,,,,,,
18214,śląskie,m. Siemianowice Śląskie,Siemianowice Śląskie,gmina miejska (miasto na prawach powiatu),2474011,2022,nowy,,,,,,,,,,
18215,śląskie,m. Siemianowice Śląskie,Siemianowice Śląskie,gmina miejska (miasto na prawach powiatu),2474011,2023,nowy,,,,,,,,,,
18216,śląskie,m. Siemianowice Śląskie,Siemianowice Śląskie,gmina miejska (miasto na prawach powiatu),2474011,2024,nowy,,,,,,,,,,
18217,śląskie,m. Siemianowice Śląskie,Siemianowice Śląskie,gmina miejska (miasto na prawach powiatu),2474011,2025,nowy,,,,,,,,,,
18218,śląskie,m. Sosnowiec,-,-,2475,2018,nowy,,,,,,,,,,
18219,śląskie,m. Sosnowiec,-,-,2475,2019,nowy,,,,,,,,,,
18220,śląskie,m. Sosnowiec,-,-,2475,2020,nowy,,,,,,,,,,
18221,śląskie,m. Sosnowiec,-,-,2475,2021,nowy,,,,,,,,,,
18222,śląskie,m. Sosnowiec,-,-,2475,2022,nowy,,,,,,,,,,
18223,śląskie,m. Sosnowiec,-,-,2475,2023,nowy,,,,,,,,,,
18224,śląskie,m. Sosnowiec,-,-,2475,2024,nowy,,,,,,,,,,
18225,śląskie,m. Sosnowiec,-,-,2475,2025,nowy,,,,,,,,,,
18226,śląskie,m. Sosnowiec,Sosnowiec,gmina miejska (miasto na prawach powiatu),2475011,2018,nowy,,,,,,,,,,
18227,śląskie,m. Sosnowiec,Sosnowiec,gmina miejska (miasto na prawach powiatu),2475011,2019,nowy,,,,,,,,,,
18228,śląskie,m. Sosnowiec,Sosnowiec,gmina miejska (miasto na prawach powiatu),2475011,2020,nowy,,,,,,,,,,
18229,śląskie,m. Sosnowiec,Sosnowiec,gmina miejska (miasto na prawach powiatu),2475011,2021,nowy,,,,,,,,,,
18230,śląskie,m. Sosnowiec,Sosnowiec,gmina miejska (miasto na prawach powiatu),2475011,2022,nowy,,,,,,,,,,
18231,śląskie,m. Sosnowiec,Sosnowiec,gmina miejska (miasto na prawach powiatu),2475011,2023,nowy,,,,,,,,,,
18232,śląskie,m. Sosnowiec,Sosnowiec,gmina miejska (miasto na prawach powiatu),2475011,2024,nowy,,,,,,,,,,
18233,śląskie,m. Sosnowiec,Sosnowiec,gmina miejska (miasto na prawach powiatu),2475011,2025,nowy,,,,,,,,,,
18234,śląskie,m. Świętochłowice,-,-,2476,2018,nowy,,,,,,,,,,
18235,śląskie,m. Świętochłowice,-,-,2476,2019,nowy,,,,,,,,,,
18236,śląskie,m. Świętochłowice,-,-,2476,2020,nowy,,,,,,,,,,
18237,śląskie,m. Świętochłowice,-,-,2476,2021,nowy,,,,,,,,,,
18238,śląskie,m. Świętochłowice,-,-,2476,2022,nowy,,,,,,,,,,
18239,śląskie,m. Świętochłowice,-,-,2476,2023,nowy,,,,,,,,,,
18240,śląskie,m. Świętochłowice,-,-,2476,2024,nowy,,,,,,,,,,
18241,śląskie,m. Świętochłowice,-,-,2476,2025,nowy,,,,,,,,,,
18242,śląskie,m. Świętochłowice,Świętochłowice,gmina miejska (miasto na prawach powiatu),2476011,2018,nowy,,,,,,,,,,
18243,śląskie,m. Świętochłowice,Świętochłowice,gmina miejska (miasto na prawach powiatu),2476011,2019,nowy,,,,,,,,,,
18244,śląskie,m. Świętochłowice,Świętochłowice,gmina miejska (miasto na prawach powiatu),2476011,2020,nowy,,,,,,,,,,
18245,śląskie,m. Świętochłowice,Świętochłowice,gmina miejska (miasto na prawach powiatu),2476011,2021,nowy,,,,,,,,,,
18246,śląskie,m. Świętochłowice,Świętochłowice,gmina miejska (miasto na prawach powiatu),2476011,2022,nowy,,,,,,,,,,
18247,śląskie,m. Świętochłowice,Świętochłowice,gmina miejska (miasto na prawach powiatu),2476011,2023,nowy,,,,,,,,,,
18248,śląskie,m. Świętochłowice,Świętochłowice,gmina miejska (miasto na prawach powiatu),2476011,2024,nowy,,,,,,,,,,
18249,śląskie,m. Świętochłowice,Świętochłowice,gmina miejska (miasto na prawach powiatu),2476011,2025,nowy,,,,,,,,,,
18250,śląskie,m. Tychy,-,-,2477,2018,nowy,,,,,,,,,,
18251,śląskie,m. Tychy,-,-,2477,2019,nowy,,,,,,,,,,
18252,śląskie,m. Tychy,-,-,2477,2020,nowy,,,,,,,,,,
18253,śląskie,m. Tychy,-,-,2477,2021,nowy,,,,,,,,,,
18254,śląskie,m. Tychy,-,-,2477,2022,nowy,,,,,,,,,,
18255,śląskie,m. Tychy,-,-,2477,2023,nowy,,,,,,,,,,
18256,śląskie,m. Tychy,-,-,2477,2024,nowy,,,,,,,,,,
18257,śląskie,m. Tychy,-,-,2477,2025,nowy,,,,,,,,,,
18258,śląskie,m. Tychy,Tychy,gmina miejska (miasto na prawach powiatu),2477011,2018,nowy,,,,,,,,,,
18259,śląskie,m. Tychy,Tychy,gmina miejska (miasto na prawach powiatu),2477011,2019,nowy,,,,,,,,,,
18260,śląskie,m. Tychy,Tychy,gmina miejska (miasto na prawach powiatu),2477011,2020,nowy,,,,,,,,,,
18261,śląskie,m. Tychy,Tychy,gmina miejska (miasto na prawach powiatu),2477011,2021,nowy,,,,,,,,,,
18262,śląskie,m. Tychy,Tychy,gmina miejska (miasto na prawach powiatu),2477011,2022,nowy,,,,,,,,,,
18263,śląskie,m. Tychy,Tychy,gmina miejska (miasto na prawach powiatu),2477011,2023,nowy,,,,,,,,,,
18264,śląskie,m. Tychy,Tychy,gmina miejska (miasto na prawach powiatu),2477011,2024,nowy,,,,,,,,,,
18265,śląskie,m. Tychy,Tychy,gmina miejska (miasto na prawach powiatu),2477011,2025,nowy,,,,,,,,,,
18266,śląskie,m. Zabrze,-,-,2478,2018,nowy,,,,,,,,,,
18267,śląskie,m. Zabrze,-,-,2478,2019,nowy,,,,,,,,,,
18268,śląskie,m. Zabrze,-,-,2478,2020,nowy,,,,,,,,,,
18269,śląskie,m. Zabrze,-,-,2478,2021,nowy,,,,,,,,,,
18270,śląskie,m. Zabrze,-,-,2478,2022,nowy,,,,,,,,,,
18271,śląskie,m. Zabrze,-,-,2478,2023,nowy,,,,,,,,,,
18272,śląskie,m. Zabrze,-,-,2478,2024,nowy,,,,,,,,,,
18273,śląskie,m. Zabrze,-,-,2478,2025,nowy,,,,,,,,,,
18274,śląskie,m. Zabrze,Zabrze,gmina miejska (miasto na prawach powiatu),2478011,2018,nowy,,,,,,,,,,
18275,śląskie,m. Zabrze,Zabrze,gmina miejska (miasto na prawach powiatu),2478011,2019,nowy,,,,,,,,,,
18276,śląskie,m. Zabrze,Zabrze,gmina miejska (miasto na prawach powiatu),2478011,2020,nowy,,,,,,,,,,
18277,śląskie,m. Zabrze,Zabrze,gmina miejska (miasto na prawach powiatu),2478011,2021,nowy,,,,,,,,,,
18278,śląskie,m. Zabrze,Zabrze,gmina miejska (miasto na prawach powiatu),2478011,2022,nowy,,,,,,,,,,
18279,śląskie,m. Zabrze,Zabrze,gmina miejska (miasto na prawach powiatu),2478011,2023,nowy,,,,,,,,,,
18280,śląskie,m. Zabrze,Zabrze,gmina miejska (miasto na prawach powiatu),2478011,2024,nowy,,,,,,,,,,
18281,śląskie,m. Zabrze,Zabrze,gmina miejska (miasto na prawach powiatu),2478011,2025,nowy,,,,,,,,,,
18282,śląskie,m. Żory,-,-,2479,2018,nowy,,,,,,,,,,
18283,śląskie,m. Żory,-,-,2479,2019,nowy,,,,,,,,,,
18284,śląskie,m. Żory,-,-,2479,2020,nowy,,,,,,,,,,
18285,śląskie,m. Żory,-,-,2479,2021,nowy,,,,,,,,,,
18286,śląskie,m. Żory,-,-,2479,2022,nowy,,,,,,,,,,
18287,śląskie,m. Żory,-,-,2479,2023,nowy,,,,,,,,,,
18288,śląskie,m. Żory,-,-,2479,2024,nowy,,,,,,,,,,
18289,śląskie,m. Żory,-,-,2479,2025,nowy,,,,,,,,,,
18290,śląskie,m. Żory,Żory,gmina miejska (miasto na prawach powiatu),2479011,2018,nowy,,,,,,,,,,
18291,śląskie,m. Żory,Żory,gmina miejska (miasto na prawach powiatu),2479011,2019,nowy,,,,,,,,,,
18292,śląskie,m. Żory,Żory,gmina miejska (miasto na prawach powiatu),2479011,2020,nowy,,,,,,,,,,
18293,śląskie,m. Żory,Żory,gmina miejska (miasto na prawach powiatu),2479011,2021,nowy,,,,,,,,,,
18294,śląskie,m. Żory,Żory,gmina miejska (miasto na prawach powiatu),2479011,2022,nowy,,,,,,,,,,
18295,śląskie,m. Żory,Żory,gmina miejska (miasto na prawach powiatu),2479011,2023,nowy,,,,,,,,,,
18296,śląskie,m. Żory,Żory,gmina miejska (miasto na prawach powiatu),2479011,2024,nowy,,,,,,,,,,
18297,śląskie,m. Żory,Żory,gmina miejska (miasto na prawach powiatu),2479011,2025,nowy,,,,,,,,,,
