row_idx,województwo,powiat,gmina,typ gminy,TERYT,rok_raportu,status,ext_dokumentu,zawartosc,url,metoda_pozyskania,hash dokumentu,status komunikatu,dt_utc_finalne,failure_reason,file_size_MB,existed
8113,łódzkie,-,-,-,10,2018,nowy,,,,,,,,,,
8114,łódzkie,-,-,-,10,2019,nowy,,,,,,,,,,
8115,łódzkie,-,-,-,10,2020,nowy,,,,,,,,,,
8116,łódzkie,-,-,-,10,2021,nowy,,,,,,,,,,
8117,łódzkie,-,-,-,10,2022,nowy,,,,,,,,,,
8118,łódzkie,-,-,-,10,2023,nowy,,,,,,,,,,
8119,łódzkie,-,-,-,10,2024,nowy,,,,,,,,,,
8120,łódzkie,-,-,-,10,2025,nowy,,,,,,,,,,
8121,łódzkie,bełchatowski,-,-,1001,2018,nowy,,,,,,,,,,
8122,łódzkie,bełchatowski,-,-,1001,2019,nowy,,,,,,,,,,
8123,łódzkie,bełchatowski,-,-,1001,2020,nowy,,,,,,,,,,
8124,łódzkie,bełchatowski,-,-,1001,2021,nowy,,,,,,,,,,
8125,łódzkie,bełchatowski,-,-,1001,2022,nowy,,,,,,,,,,
8126,łódzkie,bełchatowski,-,-,1001,2023,nowy,,,,,,,,,,
8127,łódzkie,bełchatowski,-,-,1001,2024,nowy,,,,,,,,,,
8128,łódzkie,bełchatowski,-,-,1001,2025,nowy,,,,,,,,,,
8129,łódzkie,bełchatowski,Bełchatów,gmina miejska,1001011,2018,nowy,,,,,,,,,,
8130,łódzkie,bełchatowski,Bełchatów,gmina miejska,1001011,2019,nowy,,,,,,,,,,
8131,łódzkie,bełchatowski,Bełchatów,gmina miejska,1001011,2020,nowy,,,,,,,,,,
8132,łódzkie,bełchatowski,Bełchatów,gmina miejska,1001011,2021,nowy,,,,,,,,,,
8133,łódzkie,bełchatowski,Bełchatów,gmina miejska,1001011,2022,nowy,,,,,,,,,,
8134,łódzkie,bełchatowski,Bełchatów,gmina miejska,1001011,2023,nowy,,,,,,,,,,
8135,łódzkie,bełchatowski,Bełchatów,gmina miejska,1001011,2024,nowy,,,,,,,,,,
8136,łódzkie,bełchatowski,Bełchatów,gmina miejska,1001011,2025,nowy,,,,,,,,,,
8137,łódzkie,bełchatowski,Bełchatów,gmina wiejska,1001022,2018,nowy,,,,,,,,,,
8138,łódzkie,bełchatowski,Bełchatów,gmina wiejska,1001022,2019,nowy,,,,,,,,,,
8139,łódzkie,bełchatowski,Bełchatów,gmina wiejska,1001022,2020,nowy,,,,,,,,,,
8140,łódzkie,bełchatowski,Bełchatów,gmina wiejska,1001022,2021,nowy,,,,,,,,,,
8141,łódzkie,bełchatowski,Bełchatów,gmina wiejska,1001022,2022,nowy,,,,,,,,,,
8142,łódzkie,bełchatowski,Bełchatów,gmina wiejska,1001022,2023,nowy,,,,,,,,,,
8143,łódzkie,bełchatowski,Bełchatów,gmina wiejska,1001022,2024,nowy,,,,,,,,,,
8144,łódzkie,bełchatowski,Bełchatów,gmina wiejska,1001022,2025,nowy,,,,,,,,,,
8145,łódzkie,bełchatowski,Drużbice,gmina wiejska,1001032,2018,nowy,,,,,,,,,,
8146,łódzkie,bełchatowski,Drużbice,gmina wiejska,1001032,2019,nowy,,,,,,,,,,
8147,łódzkie,bełchatowski,Drużbice,gmina wiejska,1001032,2020,nowy,,,,,,,,,,
8148,łódzkie,bełchatowski,Drużbice,gmina wiejska,1001032,2021,nowy,,,,,,,,,,
8149,łódzkie,bełchatowski,Drużbice,gmina wiejska,1001032,2022,nowy,,,,,,,,,,
8150,łódzkie,bełchatowski,Drużbice,gmina wiejska,1001032,2023,nowy,,,,,,,,,,
8151,łódzkie,bełchatowski,Drużbice,gmina wiejska,1001032,2024,nowy,,,,,,,,,,
8152,łódzkie,bełchatowski,Drużbice,gmina wiejska,1001032,2025,nowy,,,,,,,,,,
8153,łódzkie,bełchatowski,Kleszczów,gmina wiejska,1001042,2018,nowy,,,,,,,,,,
8154,łódzkie,bełchatowski,Kleszczów,gmina wiejska,1001042,2019,nowy,,,,,,,,,,
8155,łódzkie,bełchatowski,Kleszczów,gmina wiejska,1001042,2020,nowy,,,,,,,,,,
8156,łódzkie,bełchatowski,Kleszczów,gmina wiejska,1001042,2021,nowy,,,,,,,,,,
8157,łódzkie,bełchatowski,Kleszczów,gmina wiejska,1001042,2022,nowy,,,,,,,,,,
8158,łódzkie,bełchatowski,Kleszczów,gmina wiejska,1001042,2023,nowy,,,,,,,,,,
8159,łódzkie,bełchatowski,Kleszczów,gmina wiejska,1001042,2024,nowy,,,,,,,,,,
8160,łódzkie,bełchatowski,Kleszczów,gmina wiejska,1001042,2025,nowy,,,,,,,,,,
8161,łódzkie,bełchatowski,Kluki,gmina wiejska,1001052,2018,nowy,,,,,,,,,,
8162,łódzkie,bełchatowski,Kluki,gmina wiejska,1001052,2019,nowy,,,,,,,,,,
8163,łódzkie,bełchatowski,Kluki,gmina wiejska,1001052,2020,nowy,,,,,,,,,,
8164,łódzkie,bełchatowski,Kluki,gmina wiejska,1001052,2021,nowy,,,,,,,,,,
8165,łódzkie,bełchatowski,Kluki,gmina wiejska,1001052,2022,nowy,,,,,,,,,,
8166,łódzkie,bełchatowski,Kluki,gmina wiejska,1001052,2023,nowy,,,,,,,,,,
8167,łódzkie,bełchatowski,Kluki,gmina wiejska,1001052,2024,nowy,,,,,,,,,,
8168,łódzkie,bełchatowski,Kluki,gmina wiejska,1001052,2025,nowy,,,,,,,,,,
8169,łódzkie,bełchatowski,Rusiec,gmina wiejska,1001062,2018,nowy,,,,,,,,,,
8170,łódzkie,bełchatowski,Rusiec,gmina wiejska,1001062,2019,nowy,,,,,,,,,,
8171,łódzkie,bełchatowski,Rusiec,gmina wiejska,1001062,2020,nowy,,,,,,,,,,
8172,łódzkie,bełchatowski,Rusiec,gmina wiejska,1001062,2021,nowy,,,,,,,,,,
8173,łódzkie,bełchatowski,Rusiec,gmina wiejska,1001062,2022,nowy,,,,,,,,,,
8174,łódzkie,bełchatowski,Rusiec,gmina wiejska,1001062,2023,nowy,,,,,,,,,,
8175,łódzkie,bełchatowski,Rusiec,gmina wiejska,1001062,2024,nowy,,,,,,,,,,
8176,łódzkie,bełchatowski,Rusiec,gmina wiejska,1001062,2025,nowy,,,,,,,,,,
8177,łódzkie,bełchatowski,Szczerców,gmina wiejska,1001072,2018,nowy,,,,,,,,,,
8178,łódzkie,bełchatowski,Szczerców,gmina wiejska,1001072,2019,nowy,,,,,,,,,,
8179,łódzkie,bełchatowski,Szczerców,gmina wiejska,1001072,2020,nowy,,,,,,,,,,
8180,łódzkie,bełchatowski,Szczerców,gmina wiejska,1001072,2021,nowy,,,,,,,,,,
8181,łódzkie,bełchatowski,Szczerców,gmina wiejska,1001072,2022,nowy,,,,,,,,,,
8182,łódzkie,bełchatowski,Szczerców,gmina wiejska,1001072,2023,nowy,,,,,,,,,,
8183,łódzkie,bełchatowski,Szczerców,gmina wiejska,1001072,2024,nowy,,,,,,,,,,
8184,łódzkie,bełchatowski,Szczerców,gmina wiejska,1001072,2025,nowy,,,,,,,,,,
8185,łódzkie,bełchatowski,Zelów,gmina miejsko-wiejska,1001083,2018,nowy,,,,,,,,,,
8186,łódzkie,bełchatowski,Zelów,gmina miejsko-wiejska,1001083,2019,nowy,,,,,,,,,,
8187,łódzkie,bełchatowski,Zelów,gmina miejsko-wiejska,1001083,2020,nowy,,,,,,,,,,
8188,łódzkie,bełchatowski,Zelów,gmina miejsko-wiejska,1001083,2021,nowy,,,,,,,,,,
8189,łódzkie,bełchatowski,Zelów,gmina miejsko-wiejska,1001083,2022,nowy,,,,,,,,,,
8190,łódzkie,bełchatowski,Zelów,gmina miejsko-wiejska,1001083,2023,nowy,,,,,,,,,,
8191,łódzkie,bełchatowski,Zelów,gmina miejsko-wiejska,1001083,2024,nowy,,,,,,,,,,
8192,łódzkie,bełchatowski,Zelów,gmina miejsko-wiejska,1001083,2025,nowy,,,,,,,,,,
8193,łódzkie,kutnowski,-,-,1002,2018,nowy,,,,,,,,,,
8194,łódzkie,kutnowski,-,-,1002,2019,nowy,,,,,,,,,,
8195,łódzkie,kutnowski,-,-,1002,2020,nowy,,,,,,,,,,
8196,łódzkie,kutnowski,-,-,1002,2021,nowy,,,,,,,,,,
8197,łódzkie,kutnowski,-,-,1002,2022,nowy,,,,,,,,,,
8198,łódzkie,kutnowski,-,-,1002,2023,nowy,,,,,,,,,,
8199,łódzkie,kutnowski,-,-,1002,2024,nowy,,,,,,,,,,
8200,łódzkie,kutnowski,-,-,1002,2025,nowy,,,,,,,,,,
8201,łódzkie,kutnowski,Kutno,gmina miejska,1002011,2018,nowy,,,,,,,,,,
8202,łódzkie,kutnowski,Kutno,gmina miejska,1002011,2019,nowy,,,,,,,,,,
8203,łódzkie,kutnowski,Kutno,gmina miejska,1002011,2020,nowy,,,,,,,,,,
8204,łódzkie,kutnowski,Kutno,gmina miejska,1002011,2021,nowy,,,,,,,,,,
8205,łódzkie,kutnowski,Kutno,gmina miejska,1002011,2022,nowy,,,,,,,,,,
8206,łódzkie,kutnowski,Kutno,gmina miejska,1002011,2023,nowy,,,,,,,,,,
8207,łódzkie,kutnowski,Kutno,gmina miejska,1002011,2024,nowy,,,,,,,,,,
8208,łódzkie,kutnowski,Kutno,gmina miejska,1002011,2025,nowy,,,,,,,,,,
8209,łódzkie,kutnowski,Bedlno,gmina wiejska,1002022,2018,nowy,,,,,,,,,,
8210,łódzkie,kutnowski,Bedlno,gmina wiejska,1002022,2019,nowy,,,,,,,,,,
8211,łódzkie,kutnowski,Bedlno,gmina wiejska,1002022,2020,nowy,,,,,,,,,,
8212,łódzkie,kutnowski,Bedlno,gmina wiejska,1002022,2021,nowy,,,,,,,,,,
8213,łódzkie,kutnowski,Bedlno,gmina wiejska,1002022,2022,nowy,,,,,,,,,,
8214,łódzkie,kutnowski,Bedlno,gmina wiejska,1002022,2023,nowy,,,,,,,,,,
8215,łódzkie,kutnowski,Bedlno,gmina wiejska,1002022,2024,nowy,,,,,,,,,,
8216,łódzkie,kutnowski,Bedlno,gmina wiejska,1002022,2025,nowy,,,,,,,,,,
8217,łódzkie,kutnowski,Dąbrowice,gmina wiejska,1002032,2018,nowy,,,,,,,,,,
8218,łódzkie,kutnowski,Dąbrowice,gmina wiejska,1002032,2019,nowy,,,,,,,,,,
8219,łódzkie,kutnowski,Dąbrowice,gmina wiejska,1002032,2020,nowy,,,,,,,,,,
8220,łódzkie,kutnowski,Dąbrowice,gmina wiejska,1002032,2021,nowy,,,,,,,,,,
8221,łódzkie,kutnowski,Dąbrowice,gmina wiejska,1002032,2022,nowy,,,,,,,,,,
8222,łódzkie,kutnowski,Dąbrowice,gmina miejsko-wiejska,1002033,2023,nowy,,,,,,,,,,
8223,łódzkie,kutnowski,Dąbrowice,gmina miejsko-wiejska,1002033,2024,nowy,,,,,,,,,,
8224,łódzkie,kutnowski,Dąbrowice,gmina miejsko-wiejska,1002033,2025,nowy,,,,,,,,,,
8225,łódzkie,kutnowski,Krośniewice,gmina miejsko-wiejska,1002043,2018,nowy,,,,,,,,,,
8226,łódzkie,kutnowski,Krośniewice,gmina miejsko-wiejska,1002043,2019,nowy,,,,,,,,,,
8227,łódzkie,kutnowski,Krośniewice,gmina miejsko-wiejska,1002043,2020,nowy,,,,,,,,,,
8228,łódzkie,kutnowski,Krośniewice,gmina miejsko-wiejska,1002043,2021,nowy,,,,,,,,,,
8229,łódzkie,kutnowski,Krośniewice,gmina miejsko-wiejska,1002043,2022,nowy,,,,,,,,,,
8230,łódzkie,kutnowski,Krośniewice,gmina miejsko-wiejska,1002043,2023,nowy,,,,,,,,,,
8231,łódzkie,kutnowski,Krośniewice,gmina miejsko-wiejska,1002043,2024,nowy,,,,,,,,,,
8232,łódzkie,kutnowski,Krośniewice,gmina miejsko-wiejska,1002043,2025,nowy,,,,,,,,,,
8233,łódzkie,kutnowski,Krzyżanów,gmina wiejska,1002052,2018,nowy,,,,,,,,,,
8234,łódzkie,kutnowski,Krzyżanów,gmina wiejska,1002052,2019,nowy,,,,,,,,,,
8235,łódzkie,kutnowski,Krzyżanów,gmina wiejska,1002052,2020,nowy,,,,,,,,,,
8236,łódzkie,kutnowski,Krzyżanów,gmina wiejska,1002052,2021,nowy,,,,,,,,,,
8237,łódzkie,kutnowski,Krzyżanów,gmina wiejska,1002052,2022,nowy,,,,,,,,,,
8238,łódzkie,kutnowski,Krzyżanów,gmina wiejska,1002052,2023,nowy,,,,,,,,,,
8239,łódzkie,kutnowski,Krzyżanów,gmina wiejska,1002052,2024,nowy,,,,,,,,,,
8240,łódzkie,kutnowski,Krzyżanów,gmina wiejska,1002052,2025,nowy,,,,,,,,,,
8241,łódzkie,kutnowski,Kutno,gmina wiejska,1002062,2018,nowy,,,,,,,,,,
8242,łódzkie,kutnowski,Kutno,gmina wiejska,1002062,2019,nowy,,,,,,,,,,
8243,łódzkie,kutnowski,Kutno,gmina wiejska,1002062,2020,nowy,,,,,,,,,,
8244,łódzkie,kutnowski,Kutno,gmina wiejska,1002062,2021,nowy,,,,,,,,,,
8245,łódzkie,kutnowski,Kutno,gmina wiejska,1002062,2022,nowy,,,,,,,,,,
8246,łódzkie,kutnowski,Kutno,gmina wiejska,1002062,2023,nowy,,,,,,,,,,
8247,łódzkie,kutnowski,Kutno,gmina wiejska,1002062,2024,nowy,,,,,,,,,,
8248,łódzkie,kutnowski,Kutno,gmina wiejska,1002062,2025,nowy,,,,,,,,,,
8249,łódzkie,kutnowski,Łanięta,gmina wiejska,1002072,2018,nowy,,,,,,,,,,
8250,łódzkie,kutnowski,Łanięta,gmina wiejska,1002072,2019,nowy,,,,,,,,,,
8251,łódzkie,kutnowski,Łanięta,gmina wiejska,1002072,2020,nowy,,,,,,,,,,
8252,łódzkie,kutnowski,Łanięta,gmina wiejska,1002072,2021,nowy,,,,,,,,,,
8253,łódzkie,kutnowski,Łanięta,gmina wiejska,1002072,2022,nowy,,,,,,,,,,
8254,łódzkie,kutnowski,Łanięta,gmina wiejska,1002072,2023,nowy,,,,,,,,,,
8255,łódzkie,kutnowski,Łanięta,gmina wiejska,1002072,2024,nowy,,,,,,,,,,
8256,łódzkie,kutnowski,Łanięta,gmina wiejska,1002072,2025,nowy,,,,,,,,,,
8257,łódzkie,kutnowski,Nowe Ostrowy,gmina wiejska,1002082,2018,nowy,,,,,,,,,,
8258,łódzkie,kutnowski,Nowe Ostrowy,gmina wiejska,1002082,2019,nowy,,,,,,,,,,
8259,łódzkie,kutnowski,Nowe Ostrowy,gmina wiejska,1002082,2020,nowy,,,,,,,,,,
8260,łódzkie,kutnowski,Nowe Ostrowy,gmina wiejska,1002082,2021,nowy,,,,,,,,,,
8261,łódzkie,kutnowski,Nowe Ostrowy,gmina wiejska,1002082,2022,nowy,,,,,,,,,,
8262,łódzkie,kutnowski,Nowe Ostrowy,gmina wiejska,1002082,2023,nowy,,,,,,,,,,
8263,łódzkie,kutnowski,Nowe Ostrowy,gmina wiejska,1002082,2024,nowy,,,,,,,,,,
8264,łódzkie,kutnowski,Nowe Ostrowy,gmina wiejska,1002082,2025,nowy,,,,,,,,,,
8265,łódzkie,kutnowski,Oporów,gmina wiejska,1002092,2018,nowy,,,,,,,,,,
8266,łódzkie,kutnowski,Oporów,gmina wiejska,1002092,2019,nowy,,,,,,,,,,
8267,łódzkie,kutnowski,Oporów,gmina wiejska,1002092,2020,nowy,,,,,,,,,,
8268,łódzkie,kutnowski,Oporów,gmina wiejska,1002092,2021,nowy,,,,,,,,,,
8269,łódzkie,kutnowski,Oporów,gmina wiejska,1002092,2022,nowy,,,,,,,,,,
8270,łódzkie,kutnowski,Oporów,gmina wiejska,1002092,2023,nowy,,,,,,,,,,
8271,łódzkie,kutnowski,Oporów,gmina wiejska,1002092,2024,nowy,,,,,,,,,,
8272,łódzkie,kutnowski,Oporów,gmina wiejska,1002092,2025,nowy,,,,,,,,,,
8273,łódzkie,kutnowski,Strzelce,gmina wiejska,1002102,2018,nowy,,,,,,,,,,
8274,łódzkie,kutnowski,Strzelce,gmina wiejska,1002102,2019,nowy,,,,,,,,,,
8275,łódzkie,kutnowski,Strzelce,gmina wiejska,1002102,2020,nowy,,,,,,,,,,
8276,łódzkie,kutnowski,Strzelce,gmina wiejska,1002102,2021,nowy,,,,,,,,,,
8277,łódzkie,kutnowski,Strzelce,gmina wiejska,1002102,2022,nowy,,,,,,,,,,
8278,łódzkie,kutnowski,Strzelce,gmina wiejska,1002102,2023,nowy,,,,,,,,,,
8279,łódzkie,kutnowski,Strzelce,gmina wiejska,1002102,2024,nowy,,,,,,,,,,
8280,łódzkie,kutnowski,Strzelce,gmina wiejska,1002102,2025,nowy,,,,,,,,,,
8281,łódzkie,kutnowski,Żychlin,gmina miejsko-wiejska,1002113,2018,nowy,,,,,,,,,,
8282,łódzkie,kutnowski,Żychlin,gmina miejsko-wiejska,1002113,2019,nowy,,,,,,,,,,
8283,łódzkie,kutnowski,Żychlin,gmina miejsko-wiejska,1002113,2020,nowy,,,,,,,,,,
8284,łódzkie,kutnowski,Żychlin,gmina miejsko-wiejska,1002113,2021,nowy,,,,,,,,,,
8285,łódzkie,kutnowski,Żychlin,gmina miejsko-wiejska,1002113,2022,nowy,,,,,,,,,,
8286,łódzkie,kutnowski,Żychlin,gmina miejsko-wiejska,1002113,2023,nowy,,,,,,,,,,
8287,łódzkie,kutnowski,Żychlin,gmina miejsko-wiejska,1002113,2024,nowy,,,,,,,,,,
8288,łódzkie,kutnowski,Żychlin,gmina miejsko-wiejska,1002113,2025,nowy,,,,,,,,,,
8289,łódzkie,łaski,-,-,1003,2018,nowy,,,,,,,,,,
8290,łódzkie,łaski,-,-,1003,2019,nowy,,,,,,,,,,
8291,łódzkie,łaski,-,-,1003,2020,nowy,,,,,,,,,,
8292,łódzkie,łaski,-,-,1003,2021,nowy,,,,,,,,,,
8293,łódzkie,łaski,-,-,1003,2022,nowy,,,,,,,,,,
8294,łódzkie,łaski,-,-,1003,2023,nowy,,,,,,,,,,
8295,łódzkie,łaski,-,-,1003,2024,nowy,,,,,,,,,,
8296,łódzkie,łaski,-,-,1003,2025,nowy,,,,,,,,,,
8297,łódzkie,łaski,Buczek,gmina wiejska,1003012,2018,nowy,,,,,,,,,,
8298,łódzkie,łaski,Buczek,gmina wiejska,1003012,2019,nowy,,,,,,,,,,
8299,łódzkie,łaski,Buczek,gmina wiejska,1003012,2020,nowy,,,,,,,,,,
8300,łódzkie,łaski,Buczek,gmina wiejska,1003012,2021,nowy,,,,,,,,,,
8301,łódzkie,łaski,Buczek,gmina wiejska,1003012,2022,nowy,,,,,,,,,,
8302,łódzkie,łaski,Buczek,gmina wiejska,1003012,2023,nowy,,,,,,,,,,
8303,łódzkie,łaski,Buczek,gmina wiejska,1003012,2024,nowy,,,,,,,,,,
8304,łódzkie,łaski,Buczek,gmina wiejska,1003012,2025,nowy,,,,,,,,,,
8305,łódzkie,łaski,Łask,gmina miejsko-wiejska,1003023,2018,nowy,,,,,,,,,,
8306,łódzkie,łaski,Łask,gmina miejsko-wiejska,1003023,2019,nowy,,,,,,,,,,
8307,łódzkie,łaski,Łask,gmina miejsko-wiejska,1003023,2020,nowy,,,,,,,,,,
8308,łódzkie,łaski,Łask,gmina miejsko-wiejska,1003023,2021,nowy,,,,,,,,,,
8309,łódzkie,łaski,Łask,gmina miejsko-wiejska,1003023,2022,nowy,,,,,,,,,,
8310,łódzkie,łaski,Łask,gmina miejsko-wiejska,1003023,2023,nowy,,,,,,,,,,
8311,łódzkie,łaski,Łask,gmina miejsko-wiejska,1003023,2024,nowy,,,,,,,,,,
8312,łódzkie,łaski,Łask,gmina miejsko-wiejska,1003023,2025,nowy,,,,,,,,,,
8313,łódzkie,łaski,Sędziejowice,gmina wiejska,1003032,2018,nowy,,,,,,,,,,
8314,łódzkie,łaski,Sędziejowice,gmina wiejska,1003032,2019,nowy,,,,,,,,,,
8315,łódzkie,łaski,Sędziejowice,gmina wiejska,1003032,2020,nowy,,,,,,,,,,
8316,łódzkie,łaski,Sędziejowice,gmina wiejska,1003032,2021,nowy,,,,,,,,,,
8317,łódzkie,łaski,Sędziejowice,gmina wiejska,1003032,2022,nowy,,,,,,,,,,
8318,łódzkie,łaski,Sędziejowice,gmina wiejska,1003032,2023,nowy,,,,,,,,,,
8319,łódzkie,łaski,Sędziejowice,gmina wiejska,1003032,2024,nowy,,,,,,,,,,
8320,łódzkie,łaski,Sędziejowice,gmina wiejska,1003032,2025,nowy,,,,,,,,,,
8321,łódzkie,łaski,Widawa,gmina wiejska,1003042,2018,nowy,,,,,,,,,,
8322,łódzkie,łaski,Widawa,gmina wiejska,1003042,2019,nowy,,,,,,,,,,
8323,łódzkie,łaski,Widawa,gmina wiejska,1003042,2020,nowy,,,,,,,,,,
8324,łódzkie,łaski,Widawa,gmina wiejska,1003042,2021,nowy,,,,,,,,,,
8325,łódzkie,łaski,Widawa,gmina wiejska,1003042,2022,nowy,,,,,,,,,,
8326,łódzkie,łaski,Widawa,gmina wiejska,1003042,2023,nowy,,,,,,,,,,
8327,łódzkie,łaski,Widawa,gmina wiejska,1003042,2024,nowy,,,,,,,,,,
8328,łódzkie,łaski,Widawa,gmina wiejska,1003042,2025,nowy,,,,,,,,,,
8329,łódzkie,łaski,Wodzierady,gmina wiejska,1003052,2018,nowy,,,,,,,,,,
8330,łódzkie,łaski,Wodzierady,gmina wiejska,1003052,2019,nowy,,,,,,,,,,
8331,łódzkie,łaski,Wodzierady,gmina wiejska,1003052,2020,nowy,,,,,,,,,,
8332,łódzkie,łaski,Wodzierady,gmina wiejska,1003052,2021,nowy,,,,,,,,,,
8333,łódzkie,łaski,Wodzierady,gmina wiejska,1003052,2022,nowy,,,,,,,,,,
8334,łódzkie,łaski,Wodzierady,gmina wiejska,1003052,2023,nowy,,,,,,,,,,
8335,łódzkie,łaski,Wodzierady,gmina wiejska,1003052,2024,nowy,,,,,,,,,,
8336,łódzkie,łaski,Wodzierady,gmina wiejska,1003052,2025,nowy,,,,,,,,,,
8337,łódzkie,łęczycki,-,-,1004,2018,nowy,,,,,,,,,,
8338,łódzkie,łęczycki,-,-,1004,2019,nowy,,,,,,,,,,
8339,łódzkie,łęczycki,-,-,1004,2020,nowy,,,,,,,,,,
8340,łódzkie,łęczycki,-,-,1004,2021,nowy,,,,,,,,,,
8341,łódzkie,łęczycki,-,-,1004,2022,nowy,,,,,,,,,,
8342,łódzkie,łęczycki,-,-,1004,2023,nowy,,,,,,,,,,
8343,łódzkie,łęczycki,-,-,1004,2024,nowy,,,,,,,,,,
8344,łódzkie,łęczycki,-,-,1004,2025,nowy,,,,,,,,,,
8345,łódzkie,łęczycki,Łęczyca,gmina miejska,1004011,2018,nowy,,,,,,,,,,
8346,łódzkie,łęczycki,Łęczyca,gmina miejska,1004011,2019,nowy,,,,,,,,,,
8347,łódzkie,łęczycki,Łęczyca,gmina miejska,1004011,2020,nowy,,,,,,,,,,
8348,łódzkie,łęczycki,Łęczyca,gmina miejska,1004011,2021,nowy,,,,,,,,,,
8349,łódzkie,łęczycki,Łęczyca,gmina miejska,1004011,2022,nowy,,,,,,,,,,
8350,łódzkie,łęczycki,Łęczyca,gmina miejska,1004011,2023,nowy,,,,,,,,,,
8351,łódzkie,łęczycki,Łęczyca,gmina miejska,1004011,2024,nowy,,,,,,,,,,
8352,łódzkie,łęczycki,Łęczyca,gmina miejska,1004011,2025,nowy,,,,,,,,,,
8353,łódzkie,łęczycki,Daszyna,gmina wiejska,1004022,2018,nowy,,,,,,,,,,
8354,łódzkie,łęczycki,Daszyna,gmina wiejska,1004022,2019,nowy,,,,,,,,,,
8355,łódzkie,łęczycki,Daszyna,gmina wiejska,1004022,2020,nowy,,,,,,,,,,
8356,łódzkie,łęczycki,Daszyna,gmina wiejska,1004022,2021,nowy,,,,,,,,,,
8357,łódzkie,łęczycki,Daszyna,gmina wiejska,1004022,2022,nowy,,,,,,,,,,
8358,łódzkie,łęczycki,Daszyna,gmina wiejska,1004022,2023,nowy,,,,,,,,,,
8359,łódzkie,łęczycki,Daszyna,gmina wiejska,1004022,2024,nowy,,,,,,,,,,
8360,łódzkie,łęczycki,Daszyna,gmina wiejska,1004022,2025,nowy,,,,,,,,,,
8361,łódzkie,łęczycki,Góra Świętej Małgorzaty,gmina wiejska,1004032,2018,nowy,,,,,,,,,,
8362,łódzkie,łęczycki,Góra Świętej Małgorzaty,gmina wiejska,1004032,2019,nowy,,,,,,,,,,
8363,łódzkie,łęczycki,Góra Świętej Małgorzaty,gmina wiejska,1004032,2020,nowy,,,,,,,,,,
8364,łódzkie,łęczycki,Góra Świętej Małgorzaty,gmina wiejska,1004032,2021,nowy,,,,,,,,,,
8365,łódzkie,łęczycki,Góra Świętej Małgorzaty,gmina wiejska,1004032,2022,nowy,,,,,,,,,,
8366,łódzkie,łęczycki,Góra Świętej Małgorzaty,gmina wiejska,1004032,2023,nowy,,,,,,,,,,
8367,łódzkie,łęczycki,Góra Świętej Małgorzaty,gmina wiejska,1004032,2024,nowy,,,,,,,,,,
8368,łódzkie,łęczycki,Góra Świętej Małgorzaty,gmina wiejska,1004032,2025,nowy,,,,,,,,,,
8369,łódzkie,łęczycki,Grabów,gmina wiejska,1004042,2018,nowy,,,,,,,,,,
8370,łódzkie,łęczycki,Grabów,gmina wiejska,1004042,2019,nowy,,,,,,,,,,
8371,łódzkie,łęczycki,Grabów,gmina wiejska,1004042,2020,nowy,,,,,,,,,,
8372,łódzkie,łęczycki,Grabów,gmina wiejska,1004042,2021,nowy,,,,,,,,,,
8373,łódzkie,łęczycki,Grabów,gmina wiejska,1004042,2022,nowy,,,,,,,,,,
8374,łódzkie,łęczycki,Grabów,gmina wiejska,1004042,2023,nowy,,,,,,,,,,
8375,łódzkie,łęczycki,Grabów,gmina miejsko-wiejska,1004043,2024,nowy,,,,,,,,,,
8376,łódzkie,łęczycki,Grabów,gmina miejsko-wiejska,1004043,2025,nowy,,,,,,,,,,
8377,łódzkie,łęczycki,Łęczyca,gmina wiejska,1004052,2018,nowy,,,,,,,,,,
8378,łódzkie,łęczycki,Łęczyca,gmina wiejska,1004052,2019,nowy,,,,,,,,,,
8379,łódzkie,łęczycki,Łęczyca,gmina wiejska,1004052,2020,nowy,,,,,,,,,,
8380,łódzkie,łęczycki,Łęczyca,gmina wiejska,1004052,2021,nowy,,,,,,,,,,
8381,łódzkie,łęczycki,Łęczyca,gmina wiejska,1004052,2022,nowy,,,,,,,,,,
8382,łódzkie,łęczycki,Łęczyca,gmina wiejska,1004052,2023,nowy,,,,,,,,,,
8383,łódzkie,łęczycki,Łęczyca,gmina wiejska,1004052,2024,nowy,,,,,,,,,,
8384,łódzkie,łęczycki,Łęczyca,gmina wiejska,1004052,2025,nowy,,,,,,,,,,
8385,łódzkie,łęczycki,Piątek,gmina wiejska,1004062,2018,nowy,,,,,,,,,,
8386,łódzkie,łęczycki,Piątek,gmina wiejska,1004062,2019,nowy,,,,,,,,,,
8387,łódzkie,łęczycki,Piątek,gmina miejsko-wiejska,1004063,2020,nowy,,,,,,,,,,
8388,łódzkie,łęczycki,Piątek,gmina miejsko-wiejska,1004063,2021,nowy,,,,,,,,,,
8389,łódzkie,łęczycki,Piątek,gmina miejsko-wiejska,1004063,2022,nowy,,,,,,,,,,
8390,łódzkie,łęczycki,Piątek,gmina miejsko-wiejska,1004063,2023,nowy,,,,,,,,,,
8391,łódzkie,łęczycki,Piątek,gmina miejsko-wiejska,1004063,2024,nowy,,,,,,,,,,
8392,łódzkie,łęczycki,Piątek,gmina miejsko-wiejska,1004063,2025,nowy,,,,,,,,,,
8393,łódzkie,łęczycki,Świnice Warckie,gmina wiejska,1004072,2018,nowy,,,,,,,,,,
8394,łódzkie,łęczycki,Świnice Warckie,gmina wiejska,1004072,2019,nowy,,,,,,,,,,
8395,łódzkie,łęczycki,Świnice Warckie,gmina wiejska,1004072,2020,nowy,,,,,,,,,,
8396,łódzkie,łęczycki,Świnice Warckie,gmina wiejska,1004072,2021,nowy,,,,,,,,,,
8397,łódzkie,łęczycki,Świnice Warckie,gmina wiejska,1004072,2022,nowy,,,,,,,,,,
8398,łódzkie,łęczycki,Świnice Warckie,gmina wiejska,1004072,2023,nowy,,,,,,,,,,
8399,łódzkie,łęczycki,Świnice Warckie,gmina wiejska,1004072,2024,nowy,,,,,,,,,,
8400,łódzkie,łęczycki,Świnice Warckie,gmina wiejska,1004072,2025,nowy,,,,,,,,,,
8401,łódzkie,łęczycki,Witonia,gmina wiejska,1004082,2018,nowy,,,,,,,,,,
8402,łódzkie,łęczycki,Witonia,gmina wiejska,1004082,2019,nowy,,,,,,,,,,
8403,łódzkie,łęczycki,Witonia,gmina wiejska,1004082,2020,nowy,,,,,,,,,,
8404,łódzkie,łęczycki,Witonia,gmina wiejska,1004082,2021,nowy,,,,,,,,,,
8405,łódzkie,łęczycki,Witonia,gmina wiejska,1004082,2022,nowy,,,,,,,,,,
8406,łódzkie,łęczycki,Witonia,gmina wiejska,1004082,2023,nowy,,,,,,,,,,
8407,łódzkie,łęczycki,Witonia,gmina wiejska,1004082,2024,nowy,,,,,,,,,,
8408,łódzkie,łęczycki,Witonia,gmina wiejska,1004082,2025,nowy,,,,,,,,,,
8409,łódzkie,łowicki,-,-,1005,2018,nowy,,,,,,,,,,
8410,łódzkie,łowicki,-,-,1005,2019,nowy,,,,,,,,,,
8411,łódzkie,łowicki,-,-,1005,2020,nowy,,,,,,,,,,
8412,łódzkie,łowicki,-,-,1005,2021,nowy,,,,,,,,,,
8413,łódzkie,łowicki,-,-,1005,2022,nowy,,,,,,,,,,
8414,łódzkie,łowicki,-,-,1005,2023,nowy,,,,,,,,,,
8415,łódzkie,łowicki,-,-,1005,2024,nowy,,,,,,,,,,
8416,łódzkie,łowicki,-,-,1005,2025,nowy,,,,,,,,,,
8417,łódzkie,łowicki,Łowicz,gmina miejska,1005011,2018,nowy,,,,,,,,,,
8418,łódzkie,łowicki,Łowicz,gmina miejska,1005011,2019,nowy,,,,,,,,,,
8419,łódzkie,łowicki,Łowicz,gmina miejska,1005011,2020,nowy,,,,,,,,,,
8420,łódzkie,łowicki,Łowicz,gmina miejska,1005011,2021,nowy,,,,,,,,,,
8421,łódzkie,łowicki,Łowicz,gmina miejska,1005011,2022,nowy,,,,,,,,,,
8422,łódzkie,łowicki,Łowicz,gmina miejska,1005011,2023,nowy,,,,,,,,,,
8423,łódzkie,łowicki,Łowicz,gmina miejska,1005011,2024,nowy,,,,,,,,,,
8424,łódzkie,łowicki,Łowicz,gmina miejska,1005011,2025,nowy,,,,,,,,,,
8425,łódzkie,łowicki,Bielawy,gmina wiejska,1005022,2018,nowy,,,,,,,,,,
8426,łódzkie,łowicki,Bielawy,gmina wiejska,1005022,2019,nowy,,,,,,,,,,
8427,łódzkie,łowicki,Bielawy,gmina wiejska,1005022,2020,nowy,,,,,,,,,,
8428,łódzkie,łowicki,Bielawy,gmina wiejska,1005022,2021,nowy,,,,,,,,,,
8429,łódzkie,łowicki,Bielawy,gmina wiejska,1005022,2022,nowy,,,,,,,,,,
8430,łódzkie,łowicki,Bielawy,gmina wiejska,1005022,2023,nowy,,,,,,,,,,
8431,łódzkie,łowicki,Bielawy,gmina wiejska,1005022,2024,nowy,,,,,,,,,,
8432,łódzkie,łowicki,Bielawy,gmina wiejska,1005022,2025,nowy,,,,,,,,,,
8433,łódzkie,łowicki,Chąśno,gmina wiejska,1005032,2018,nowy,,,,,,,,,,
8434,łódzkie,łowicki,Chąśno,gmina wiejska,1005032,2019,nowy,,,,,,,,,,
8435,łódzkie,łowicki,Chąśno,gmina wiejska,1005032,2020,nowy,,,,,,,,,,
8436,łódzkie,łowicki,Chąśno,gmina wiejska,1005032,2021,nowy,,,,,,,,,,
8437,łódzkie,łowicki,Chąśno,gmina wiejska,1005032,2022,nowy,,,,,,,,,,
8438,łódzkie,łowicki,Chąśno,gmina wiejska,1005032,2023,nowy,,,,,,,,,,
8439,łódzkie,łowicki,Chąśno,gmina wiejska,1005032,2024,nowy,,,,,,,,,,
8440,łódzkie,łowicki,Chąśno,gmina wiejska,1005032,2025,nowy,,,,,,,,,,
8441,łódzkie,łowicki,Domaniewice,gmina wiejska,1005042,2018,nowy,,,,,,,,,,
8442,łódzkie,łowicki,Domaniewice,gmina wiejska,1005042,2019,nowy,,,,,,,,,,
8443,łódzkie,łowicki,Domaniewice,gmina wiejska,1005042,2020,nowy,,,,,,,,,,
8444,łódzkie,łowicki,Domaniewice,gmina wiejska,1005042,2021,nowy,,,,,,,,,,
8445,łódzkie,łowicki,Domaniewice,gmina wiejska,1005042,2022,nowy,,,,,,,,,,
8446,łódzkie,łowicki,Domaniewice,gmina wiejska,1005042,2023,nowy,,,,,,,,,,
8447,łódzkie,łowicki,Domaniewice,gmina wiejska,1005042,2024,nowy,,,,,,,,,,
8448,łódzkie,łowicki,Domaniewice,gmina wiejska,1005042,2025,nowy,,,,,,,,,,
8449,łódzkie,łowicki,Kiernozia,gmina wiejska,1005052,2018,nowy,,,,,,,,,,
8450,łódzkie,łowicki,Kiernozia,gmina wiejska,1005052,2019,nowy,,,,,,,,,,
8451,łódzkie,łowicki,Kiernozia,gmina wiejska,1005052,2020,nowy,,,,,,,,,,
8452,łódzkie,łowicki,Kiernozia,gmina wiejska,1005052,2021,nowy,,,,,,,,,,
8453,łódzkie,łowicki,Kiernozia,gmina wiejska,1005052,2022,nowy,,,,,,,,,,
8454,łódzkie,łowicki,Kiernozia,gmina wiejska,1005052,2023,nowy,,,,,,,,,,
8455,łódzkie,łowicki,Kiernozia,gmina miejsko-wiejska,1005053,2024,nowy,,,,,,,,,,
8456,łódzkie,łowicki,Kiernozia,gmina miejsko-wiejska,1005053,2025,nowy,,,,,,,,,,
8457,łódzkie,łowicki,Kocierzew Południowy,gmina wiejska,1005062,2018,nowy,,,,,,,,,,
8458,łódzkie,łowicki,Kocierzew Południowy,gmina wiejska,1005062,2019,nowy,,,,,,,,,,
8459,łódzkie,łowicki,Kocierzew Południowy,gmina wiejska,1005062,2020,nowy,,,,,,,,,,
8460,łódzkie,łowicki,Kocierzew Południowy,gmina wiejska,1005062,2021,nowy,,,,,,,,,,
8461,łódzkie,łowicki,Kocierzew Południowy,gmina wiejska,1005062,2022,nowy,,,,,,,,,,
8462,łódzkie,łowicki,Kocierzew Południowy,gmina wiejska,1005062,2023,nowy,,,,,,,,,,
8463,łódzkie,łowicki,Kocierzew Południowy,gmina wiejska,1005062,2024,nowy,,,,,,,,,,
8464,łódzkie,łowicki,Kocierzew Południowy,gmina wiejska,1005062,2025,nowy,,,,,,,,,,
8465,łódzkie,łowicki,Łowicz,gmina wiejska,1005072,2018,nowy,,,,,,,,,,
8466,łódzkie,łowicki,Łowicz,gmina wiejska,1005072,2019,nowy,,,,,,,,,,
8467,łódzkie,łowicki,Łowicz,gmina wiejska,1005072,2020,nowy,,,,,,,,,,
8468,łódzkie,łowicki,Łowicz,gmina wiejska,1005072,2021,nowy,,,,,,,,,,
8469,łódzkie,łowicki,Łowicz,gmina wiejska,1005072,2022,nowy,,,,,,,,,,
8470,łódzkie,łowicki,Łowicz,gmina wiejska,1005072,2023,nowy,,,,,,,,,,
8471,łódzkie,łowicki,Łowicz,gmina wiejska,1005072,2024,nowy,,,,,,,,,,
8472,łódzkie,łowicki,Łowicz,gmina wiejska,1005072,2025,nowy,,,,,,,,,,
8473,łódzkie,łowicki,Łyszkowice,gmina wiejska,1005082,2018,nowy,,,,,,,,,,
8474,łódzkie,łowicki,Łyszkowice,gmina wiejska,1005082,2019,nowy,,,,,,,,,,
8475,łódzkie,łowicki,Łyszkowice,gmina wiejska,1005082,2020,nowy,,,,,,,,,,
8476,łódzkie,łowicki,Łyszkowice,gmina wiejska,1005082,2021,nowy,,,,,,,,,,
8477,łódzkie,łowicki,Łyszkowice,gmina wiejska,1005082,2022,nowy,,,,,,,,,,
8478,łódzkie,łowicki,Łyszkowice,gmina wiejska,1005082,2023,nowy,,,,,,,,,,
8479,łódzkie,łowicki,Łyszkowice,gmina wiejska,1005082,2024,nowy,,,,,,,,,,
8480,łódzkie,łowicki,Łyszkowice,gmina wiejska,1005082,2025,nowy,,,,,,,,,,
8481,łódzkie,łowicki,Nieborów,gmina wiejska,1005092,2018,nowy,,,,,,,,,,
8482,łódzkie,łowicki,Nieborów,gmina wiejska,1005092,2019,nowy,,,,,,,,,,
8483,łódzkie,łowicki,Nieborów,gmina wiejska,1005092,2020,nowy,,,,,,,,,,
8484,łódzkie,łowicki,Nieborów,gmina wiejska,1005092,2021,nowy,,,,,,,,,,
8485,łódzkie,łowicki,Nieborów,gmina wiejska,1005092,2022,nowy,,,,,,,,,,
8486,łódzkie,łowicki,Nieborów,gmina wiejska,1005092,2023,nowy,,,,,,,,,,
8487,łódzkie,łowicki,Nieborów,gmina wiejska,1005092,2024,nowy,,,,,,,,,,
8488,łódzkie,łowicki,Nieborów,gmina wiejska,1005092,2025,nowy,,,,,,,,,,
8489,łódzkie,łowicki,Zduny,gmina wiejska,1005102,2018,nowy,,,,,,,,,,
8490,łódzkie,łowicki,Zduny,gmina wiejska,1005102,2019,nowy,,,,,,,,,,
8491,łódzkie,łowicki,Zduny,gmina wiejska,1005102,2020,nowy,,,,,,,,,,
8492,łódzkie,łowicki,Zduny,gmina wiejska,1005102,2021,nowy,,,,,,,,,,
8493,łódzkie,łowicki,Zduny,gmina wiejska,1005102,2022,nowy,,,,,,,,,,
8494,łódzkie,łowicki,Zduny,gmina wiejska,1005102,2023,nowy,,,,,,,,,,
8495,łódzkie,łowicki,Zduny,gmina wiejska,1005102,2024,nowy,,,,,,,,,,
8496,łódzkie,łowicki,Zduny,gmina wiejska,1005102,2025,nowy,,,,,,,,,,
8497,łódzkie,łódzki wschodni,-,-,1006,2018,nowy,,,,,,,,,,
8498,łódzkie,łódzki wschodni,-,-,1006,2019,nowy,,,,,,,,,,
8499,łódzkie,łódzki wschodni,-,-,1006,2020,nowy,,,,,,,,,,
8500,łódzkie,łódzki wschodni,-,-,1006,2021,nowy,,,,,,,,,,
8501,łódzkie,łódzki wschodni,-,-,1006,2022,nowy,,,,,,,,,,
8502,łódzkie,łódzki wschodni,-,-,1006,2023,nowy,,,,,,,,,,
8503,łódzkie,łódzki wschodni,-,-,1006,2024,nowy,,,,,,,,,,
8504,łódzkie,łódzki wschodni,-,-,1006,2025,nowy,,,,,,,,,,
8505,łódzkie,łódzki wschodni,Andrespol,gmina wiejska,1006022,2018,nowy,,,,,,,,,,
8506,łódzkie,łódzki wschodni,Andrespol,gmina wiejska,1006022,2019,nowy,,,,,,,,,,
8507,łódzkie,łódzki wschodni,Andrespol,gmina wiejska,1006022,2020,nowy,,,,,,,,,,
8508,łódzkie,łódzki wschodni,Andrespol,gmina wiejska,1006022,2021,nowy,,,,,,,,,,
8509,łódzkie,łódzki wschodni,Andrespol,gmina wiejska,1006022,2022,nowy,,,,,,,,,,
8510,łódzkie,łódzki wschodni,Andrespol,gmina wiejska,1006022,2023,nowy,,,,,,,,,,
8511,łódzkie,łódzki wschodni,Andrespol,gmina wiejska,1006022,2024,nowy,,,,,,,,,,
8512,łódzkie,łódzki wschodni,Andrespol,gmina wiejska,1006022,2025,nowy,,,,,,,,,,
8513,łódzkie,łódzki wschodni,Brójce,gmina wiejska,1006032,2018,nowy,,,,,,,,,,
8514,łódzkie,łódzki wschodni,Brójce,gmina wiejska,1006032,2019,nowy,,,,,,,,,,
8515,łódzkie,łódzki wschodni,Brójce,gmina wiejska,1006032,2020,nowy,,,,,,,,,,
8516,łódzkie,łódzki wschodni,Brójce,gmina wiejska,1006032,2021,nowy,,,,,,,,,,
8517,łódzkie,łódzki wschodni,Brójce,gmina wiejska,1006032,2022,nowy,,,,,,,,,,
8518,łódzkie,łódzki wschodni,Brójce,gmina wiejska,1006032,2023,nowy,,,,,,,,,,
8519,łódzkie,łódzki wschodni,Brójce,gmina wiejska,1006032,2024,nowy,,,,,,,,,,
8520,łódzkie,łódzki wschodni,Brójce,gmina wiejska,1006032,2025,nowy,,,,,,,,,,
8521,łódzkie,łódzki wschodni,Koluszki,gmina miejsko-wiejska,1006073,2018,nowy,,,,,,,,,,
8522,łódzkie,łódzki wschodni,Koluszki,gmina miejsko-wiejska,1006073,2019,nowy,,,,,,,,,,
8523,łódzkie,łódzki wschodni,Koluszki,gmina miejsko-wiejska,1006073,2020,nowy,,,,,,,,,,
8524,łódzkie,łódzki wschodni,Koluszki,gmina miejsko-wiejska,1006073,2021,nowy,,,,,,,,,,
8525,łódzkie,łódzki wschodni,Koluszki,gmina miejsko-wiejska,1006073,2022,nowy,,,,,,,,,,
8526,łódzkie,łódzki wschodni,Koluszki,gmina miejsko-wiejska,1006073,2023,nowy,,,,,,,,,,
8527,łódzkie,łódzki wschodni,Koluszki,gmina miejsko-wiejska,1006073,2024,nowy,,,,,,,,,,
8528,łódzkie,łódzki wschodni,Koluszki,gmina miejsko-wiejska,1006073,2025,nowy,,,,,,,,,,
8529,łódzkie,łódzki wschodni,Nowosolna,gmina wiejska,1006082,2018,nowy,,,,,,,,,,
8530,łódzkie,łódzki wschodni,Nowosolna,gmina wiejska,1006082,2019,nowy,,,,,,,,,,
8531,łódzkie,łódzki wschodni,Nowosolna,gmina wiejska,1006082,2020,nowy,,,,,,,,,,
8532,łódzkie,łódzki wschodni,Nowosolna,gmina wiejska,1006082,2021,nowy,,,,,,,,,,
8533,łódzkie,łódzki wschodni,Nowosolna,gmina wiejska,1006082,2022,nowy,,,,,,,,,,
8534,łódzkie,łódzki wschodni,Nowosolna,gmina wiejska,1006082,2023,nowy,,,,,,,,,,
8535,łódzkie,łódzki wschodni,Nowosolna,gmina wiejska,1006082,2024,nowy,,,,,,,,,,
8536,łódzkie,łódzki wschodni,Nowosolna,gmina wiejska,1006082,2025,nowy,,,,,,,,,,
8537,łódzkie,łódzki wschodni,Rzgów,gmina miejsko-wiejska,1006103,2018,nowy,,,,,,,,,,
8538,łódzkie,łódzki wschodni,Rzgów,gmina miejsko-wiejska,1006103,2019,nowy,,,,,,,,,,
8539,łódzkie,łódzki wschodni,Rzgów,gmina miejsko-wiejska,1006103,2020,nowy,,,,,,,,,,
8540,łódzkie,łódzki wschodni,Rzgów,gmina miejsko-wiejska,1006103,2021,nowy,,,,,,,,,,
8541,łódzkie,łódzki wschodni,Rzgów,gmina miejsko-wiejska,1006103,2022,nowy,,,,,,,,,,
8542,łódzkie,łódzki wschodni,Rzgów,gmina miejsko-wiejska,1006103,2023,nowy,,,,,,,,,,
8543,łódzkie,łódzki wschodni,Rzgów,gmina miejsko-wiejska,1006103,2024,nowy,,,,,,,,,,
8544,łódzkie,łódzki wschodni,Rzgów,gmina miejsko-wiejska,1006103,2025,nowy,,,,,,,,,,
8545,łódzkie,łódzki wschodni,Tuszyn,gmina miejsko-wiejska,1006113,2018,nowy,,,,,,,,,,
8546,łódzkie,łódzki wschodni,Tuszyn,gmina miejsko-wiejska,1006113,2019,nowy,,,,,,,,,,
8547,łódzkie,łódzki wschodni,Tuszyn,gmina miejsko-wiejska,1006113,2020,nowy,,,,,,,,,,
8548,łódzkie,łódzki wschodni,Tuszyn,gmina miejsko-wiejska,1006113,2021,nowy,,,,,,,,,,
8549,łódzkie,łódzki wschodni,Tuszyn,gmina miejsko-wiejska,1006113,2022,nowy,,,,,,,,,,
8550,łódzkie,łódzki wschodni,Tuszyn,gmina miejsko-wiejska,1006113,2023,nowy,,,,,,,,,,
8551,łódzkie,łódzki wschodni,Tuszyn,gmina miejsko-wiejska,1006113,2024,nowy,,,,,,,,,,
8552,łódzkie,łódzki wschodni,Tuszyn,gmina miejsko-wiejska,1006113,2025,nowy,,,,,,,,,,
8553,łódzkie,opoczyński,-,-,1007,2018,nowy,,,,,,,,,,
8554,łódzkie,opoczyński,-,-,1007,2019,nowy,,,,,,,,,,
8555,łódzkie,opoczyński,-,-,1007,2020,nowy,,,,,,,,,,
8556,łódzkie,opoczyński,-,-,1007,2021,nowy,,,,,,,,,,
8557,łódzkie,opoczyński,-,-,1007,2022,nowy,,,,,,,,,,
8558,łódzkie,opoczyński,-,-,1007,2023,nowy,,,,,,,,,,
8559,łódzkie,opoczyński,-,-,1007,2024,nowy,,,,,,,,,,
8560,łódzkie,opoczyński,-,-,1007,2025,nowy,,,,,,,,,,
8561,łódzkie,opoczyński,Białaczów,gmina wiejska,1007012,2018,nowy,,,,,,,,,,
8562,łódzkie,opoczyński,Białaczów,gmina wiejska,1007012,2019,nowy,,,,,,,,,,
8563,łódzkie,opoczyński,Białaczów,gmina wiejska,1007012,2020,nowy,,,,,,,,,,
8564,łódzkie,opoczyński,Białaczów,gmina wiejska,1007012,2021,nowy,,,,,,,,,,
8565,łódzkie,opoczyński,Białaczów,gmina wiejska,1007012,2022,nowy,,,,,,,,,,
8566,łódzkie,opoczyński,Białaczów,gmina wiejska,1007012,2023,nowy,,,,,,,,,,
8567,łódzkie,opoczyński,Białaczów,gmina miejsko-wiejska,1007013,2024,nowy,,,,,,,,,,
8568,łódzkie,opoczyński,Białaczów,gmina miejsko-wiejska,1007013,2025,nowy,,,,,,,,,,
8569,łódzkie,opoczyński,Drzewica,gmina miejsko-wiejska,1007023,2018,nowy,,,,,,,,,,
8570,łódzkie,opoczyński,Drzewica,gmina miejsko-wiejska,1007023,2019,nowy,,,,,,,,,,
8571,łódzkie,opoczyński,Drzewica,gmina miejsko-wiejska,1007023,2020,nowy,,,,,,,,,,
8572,łódzkie,opoczyński,Drzewica,gmina miejsko-wiejska,1007023,2021,nowy,,,,,,,,,,
8573,łódzkie,opoczyński,Drzewica,gmina miejsko-wiejska,1007023,2022,nowy,,,,,,,,,,
8574,łódzkie,opoczyński,Drzewica,gmina miejsko-wiejska,1007023,2023,nowy,,,,,,,,,,
8575,łódzkie,opoczyński,Drzewica,gmina miejsko-wiejska,1007023,2024,nowy,,,,,,,,,,
8576,łódzkie,opoczyński,Drzewica,gmina miejsko-wiejska,1007023,2025,nowy,,,,,,,,,,
8577,łódzkie,opoczyński,Mniszków,gmina wiejska,1007032,2018,nowy,,,,,,,,,,
8578,łódzkie,opoczyński,Mniszków,gmina wiejska,1007032,2019,nowy,,,,,,,,,,
8579,łódzkie,opoczyński,Mniszków,gmina wiejska,1007032,2020,nowy,,,,,,,,,,
8580,łódzkie,opoczyński,Mniszków,gmina wiejska,1007032,2021,nowy,,,,,,,,,,
8581,łódzkie,opoczyński,Mniszków,gmina wiejska,1007032,2022,nowy,,,,,,,,,,
8582,łódzkie,opoczyński,Mniszków,gmina wiejska,1007032,2023,nowy,,,,,,,,,,
8583,łódzkie,opoczyński,Mniszków,gmina wiejska,1007032,2024,nowy,,,,,,,,,,
8584,łódzkie,opoczyński,Mniszków,gmina wiejska,1007032,2025,nowy,,,,,,,,,,
8585,łódzkie,opoczyński,Opoczno,gmina miejsko-wiejska,1007043,2018,nowy,,,,,,,,,,
8586,łódzkie,opoczyński,Opoczno,gmina miejsko-wiejska,1007043,2019,nowy,,,,,,,,,,
8587,łódzkie,opoczyński,Opoczno,gmina miejsko-wiejska,1007043,2020,nowy,,,,,,,,,,
8588,łódzkie,opoczyński,Opoczno,gmina miejsko-wiejska,1007043,2021,nowy,,,,,,,,,,
8589,łódzkie,opoczyński,Opoczno,gmina miejsko-wiejska,1007043,2022,nowy,,,,,,,,,,
8590,łódzkie,opoczyński,Opoczno,gmina miejsko-wiejska,1007043,2023,nowy,,,,,,,,,,
8591,łódzkie,opoczyński,Opoczno,gmina miejsko-wiejska,1007043,2024,nowy,,,,,,,,,,
8592,łódzkie,opoczyński,Opoczno,gmina miejsko-wiejska,1007043,2025,nowy,,,,,,,,,,
8593,łódzkie,opoczyński,Paradyż,gmina wiejska,1007052,2018,nowy,,,,,,,,,,
8594,łódzkie,opoczyński,Paradyż,gmina wiejska,1007052,2019,nowy,,,,,,,,,,
8595,łódzkie,opoczyński,Paradyż,gmina wiejska,1007052,2020,nowy,,,,,,,,,,
8596,łódzkie,opoczyński,Paradyż,gmina wiejska,1007052,2021,nowy,,,,,,,,,,
8597,łódzkie,opoczyński,Paradyż,gmina wiejska,1007052,2022,nowy,,,,,,,,,,
8598,łódzkie,opoczyński,Paradyż,gmina wiejska,1007052,2023,nowy,,,,,,,,,,
8599,łódzkie,opoczyński,Paradyż,gmina wiejska,1007052,2024,nowy,,,,,,,,,,
8600,łódzkie,opoczyński,Paradyż,gmina wiejska,1007052,2025,nowy,,,,,,,,,,
8601,łódzkie,opoczyński,Poświętne,gmina wiejska,1007062,2018,nowy,,,,,,,,,,
8602,łódzkie,opoczyński,Poświętne,gmina wiejska,1007062,2019,nowy,,,,,,,,,,
8603,łódzkie,opoczyński,Poświętne,gmina wiejska,1007062,2020,nowy,,,,,,,,,,
8604,łódzkie,opoczyński,Poświętne,gmina wiejska,1007062,2021,nowy,,,,,,,,,,
8605,łódzkie,opoczyński,Poświętne,gmina wiejska,1007062,2022,nowy,,,,,,,,,,
8606,łódzkie,opoczyński,Poświętne,gmina wiejska,1007062,2023,nowy,,,,,,,,,,
8607,łódzkie,opoczyński,Poświętne,gmina wiejska,1007062,2024,nowy,,,,,,,,,,
8608,łódzkie,opoczyński,Poświętne,gmina wiejska,1007062,2025,nowy,,,,,,,,,,
8609,łódzkie,opoczyński,Sławno,gmina wiejska,1007072,2018,nowy,,,,,,,,,,
8610,łódzkie,opoczyński,Sławno,gmina wiejska,1007072,2019,nowy,,,,,,,,,,
8611,łódzkie,opoczyński,Sławno,gmina wiejska,1007072,2020,nowy,,,,,,,,,,
8612,łódzkie,opoczyński,Sławno,gmina wiejska,1007072,2021,nowy,,,,,,,,,,
8613,łódzkie,opoczyński,Sławno,gmina wiejska,1007072,2022,nowy,,,,,,,,,,
8614,łódzkie,opoczyński,Sławno,gmina wiejska,1007072,2023,nowy,,,,,,,,,,
8615,łódzkie,opoczyński,Sławno,gmina wiejska,1007072,2024,nowy,,,,,,,,,,
8616,łódzkie,opoczyński,Sławno,gmina wiejska,1007072,2025,nowy,,,,,,,,,,
8617,łódzkie,opoczyński,Żarnów,gmina wiejska,1007082,2018,nowy,,,,,,,,,,
8618,łódzkie,opoczyński,Żarnów,gmina wiejska,1007082,2019,nowy,,,,,,,,,,
8619,łódzkie,opoczyński,Żarnów,gmina wiejska,1007082,2020,nowy,,,,,,,,,,
8620,łódzkie,opoczyński,Żarnów,gmina wiejska,1007082,2021,nowy,,,,,,,,,,
8621,łódzkie,opoczyński,Żarnów,gmina wiejska,1007082,2022,nowy,,,,,,,,,,
8622,łódzkie,opoczyński,Żarnów,gmina wiejska,1007082,2023,nowy,,,,,,,,,,
8623,łódzkie,opoczyński,Żarnów,gmina miejsko-wiejska,1007083,2024,nowy,,,,,,,,,,
8624,łódzkie,opoczyński,Żarnów,gmina miejsko-wiejska,1007083,2025,nowy,,,,,,,,,,
8625,łódzkie,pabianicki,-,-,1008,2018,nowy,,,,,,,,,,
8626,łódzkie,pabianicki,-,-,1008,2019,nowy,,,,,,,,,,
8627,łódzkie,pabianicki,-,-,1008,2020,nowy,,,,,,,,,,
8628,łódzkie,pabianicki,-,-,1008,2021,nowy,,,,,,,,,,
8629,łódzkie,pabianicki,-,-,1008,2022,nowy,,,,,,,,,,
8630,łódzkie,pabianicki,-,-,1008,2023,nowy,,,,,,,,,,
8631,łódzkie,pabianicki,-,-,1008,2024,nowy,,,,,,,,,,
8632,łódzkie,pabianicki,-,-,1008,2025,nowy,,,,,,,,,,
8633,łódzkie,pabianicki,Konstantynów Łódzki,gmina miejska,1008011,2018,nowy,,,,,,,,,,
8634,łódzkie,pabianicki,Konstantynów Łódzki,gmina miejska,1008011,2019,nowy,,,,,,,,,,
8635,łódzkie,pabianicki,Konstantynów Łódzki,gmina miejska,1008011,2020,nowy,,,,,,,,,,
8636,łódzkie,pabianicki,Konstantynów Łódzki,gmina miejska,1008011,2021,nowy,,,,,,,,,,
8637,łódzkie,pabianicki,Konstantynów Łódzki,gmina miejska,1008011,2022,nowy,,,,,,,,,,
8638,łódzkie,pabianicki,Konstantynów Łódzki,gmina miejska,1008011,2023,nowy,,,,,,,,,,
8639,łódzkie,pabianicki,Konstantynów Łódzki,gmina miejska,1008011,2024,nowy,,,,,,,,,,
8640,łódzkie,pabianicki,Konstantynów Łódzki,gmina miejska,1008011,2025,nowy,,,,,,,,,,
8641,łódzkie,pabianicki,Pabianice,gmina miejska,1008021,2018,nowy,,,,,,,,,,
8642,łódzkie,pabianicki,Pabianice,gmina miejska,1008021,2019,nowy,,,,,,,,,,
8643,łódzkie,pabianicki,Pabianice,gmina miejska,1008021,2020,nowy,,,,,,,,,,
8644,łódzkie,pabianicki,Pabianice,gmina miejska,1008021,2021,nowy,,,,,,,,,,
8645,łódzkie,pabianicki,Pabianice,gmina miejska,1008021,2022,nowy,,,,,,,,,,
8646,łódzkie,pabianicki,Pabianice,gmina miejska,1008021,2023,nowy,,,,,,,,,,
8647,łódzkie,pabianicki,Pabianice,gmina miejska,1008021,2024,nowy,,,,,,,,,,
8648,łódzkie,pabianicki,Pabianice,gmina miejska,1008021,2025,nowy,,,,,,,,,,
8649,łódzkie,pabianicki,Dłutów,gmina wiejska,1008032,2018,nowy,,,,,,,,,,
8650,łódzkie,pabianicki,Dłutów,gmina wiejska,1008032,2019,nowy,,,,,,,,,,
8651,łódzkie,pabianicki,Dłutów,gmina wiejska,1008032,2020,nowy,,,,,,,,,,
8652,łódzkie,pabianicki,Dłutów,gmina wiejska,1008032,2021,nowy,,,,,,,,,,
8653,łódzkie,pabianicki,Dłutów,gmina wiejska,1008032,2022,nowy,,,,,,,,,,
8654,łódzkie,pabianicki,Dłutów,gmina wiejska,1008032,2023,nowy,,,,,,,,,,
8655,łódzkie,pabianicki,Dłutów,gmina wiejska,1008032,2024,nowy,,,,,,,,,,
8656,łódzkie,pabianicki,Dłutów,gmina wiejska,1008032,2025,nowy,,,,,,,,,,
8657,łódzkie,pabianicki,Dobroń,gmina wiejska,1008042,2018,nowy,,,,,,,,,,
8658,łódzkie,pabianicki,Dobroń,gmina wiejska,1008042,2019,nowy,,,,,,,,,,
8659,łódzkie,pabianicki,Dobroń,gmina wiejska,1008042,2020,nowy,,,,,,,,,,
8660,łódzkie,pabianicki,Dobroń,gmina wiejska,1008042,2021,nowy,,,,,,,,,,
8661,łódzkie,pabianicki,Dobroń,gmina wiejska,1008042,2022,nowy,,,,,,,,,,
8662,łódzkie,pabianicki,Dobroń,gmina wiejska,1008042,2023,nowy,,,,,,,,,,
8663,łódzkie,pabianicki,Dobroń,gmina wiejska,1008042,2024,nowy,,,,,,,,,,
8664,łódzkie,pabianicki,Dobroń,gmina wiejska,1008042,2025,nowy,,,,,,,,,,
8665,łódzkie,pabianicki,Ksawerów,gmina wiejska,1008052,2018,nowy,,,,,,,,,,
8666,łódzkie,pabianicki,Ksawerów,gmina wiejska,1008052,2019,nowy,,,,,,,,,,
8667,łódzkie,pabianicki,Ksawerów,gmina wiejska,1008052,2020,nowy,,,,,,,,,,
8668,łódzkie,pabianicki,Ksawerów,gmina wiejska,1008052,2021,nowy,,,,,,,,,,
8669,łódzkie,pabianicki,Ksawerów,gmina wiejska,1008052,2022,nowy,,,,,,,,,,
8670,łódzkie,pabianicki,Ksawerów,gmina wiejska,1008052,2023,nowy,,,,,,,,,,
8671,łódzkie,pabianicki,Ksawerów,gmina wiejska,1008052,2024,nowy,,,,,,,,,,
8672,łódzkie,pabianicki,Ksawerów,gmina wiejska,1008052,2025,nowy,,,,,,,,,,
8673,łódzkie,pabianicki,Lutomiersk,gmina wiejska,1008062,2018,nowy,,,,,,,,,,
8674,łódzkie,pabianicki,Lutomiersk,gmina wiejska,1008062,2019,nowy,,,,,,,,,,
8675,łódzkie,pabianicki,Lutomiersk,gmina wiejska,1008062,2020,nowy,,,,,,,,,,
8676,łódzkie,pabianicki,Lutomiersk,gmina wiejska,1008062,2021,nowy,,,,,,,,,,
8677,łódzkie,pabianicki,Lutomiersk,gmina miejsko-wiejska,1008063,2022,nowy,,,,,,,,,,
8678,łódzkie,pabianicki,Lutomiersk,gmina miejsko-wiejska,1008063,2023,nowy,,,,,,,,,,
8679,łódzkie,pabianicki,Lutomiersk,gmina miejsko-wiejska,1008063,2024,nowy,,,,,,,,,,
8680,łódzkie,pabianicki,Lutomiersk,gmina miejsko-wiejska,1008063,2025,nowy,,,,,,,,,,
8681,łódzkie,pabianicki,Pabianice,gmina wiejska,1008072,2018,nowy,,,,,,,,,,
8682,łódzkie,pabianicki,Pabianice,gmina wiejska,1008072,2019,nowy,,,,,,,,,,
8683,łódzkie,pabianicki,Pabianice,gmina wiejska,1008072,2020,nowy,,,,,,,,,,
8684,łódzkie,pabianicki,Pabianice,gmina wiejska,1008072,2021,nowy,,,,,,,,,,
8685,łódzkie,pabianicki,Pabianice,gmina wiejska,1008072,2022,nowy,,,,,,,,,,
8686,łódzkie,pabianicki,Pabianice,gmina wiejska,1008072,2023,nowy,,,,,,,,,,
8687,łódzkie,pabianicki,Pabianice,gmina wiejska,1008072,2024,nowy,,,,,,,,,,
8688,łódzkie,pabianicki,Pabianice,gmina wiejska,1008072,2025,nowy,,,,,,,,,,
8689,łódzkie,pajęczański,-,-,1009,2018,nowy,,,,,,,,,,
8690,łódzkie,pajęczański,-,-,1009,2019,nowy,,,,,,,,,,
8691,łódzkie,pajęczański,-,-,1009,2020,nowy,,,,,,,,,,
8692,łódzkie,pajęczański,-,-,1009,2021,nowy,,,,,,,,,,
8693,łódzkie,pajęczański,-,-,1009,2022,nowy,,,,,,,,,,
8694,łódzkie,pajęczański,-,-,1009,2023,nowy,,,,,,,,,,
8695,łódzkie,pajęczański,-,-,1009,2024,nowy,,,,,,,,,,
8696,łódzkie,pajęczański,-,-,1009,2025,nowy,,,,,,,,,,
8697,łódzkie,pajęczański,Działoszyn,gmina miejsko-wiejska,1009013,2018,nowy,,,,,,,,,,
8698,łódzkie,pajęczański,Działoszyn,gmina miejsko-wiejska,1009013,2019,nowy,,,,,,,,,,
8699,łódzkie,pajęczański,Działoszyn,gmina miejsko-wiejska,1009013,2020,nowy,,,,,,,,,,
8700,łódzkie,pajęczański,Działoszyn,gmina miejsko-wiejska,1009013,2021,nowy,,,,,,,,,,
8701,łódzkie,pajęczański,Działoszyn,gmina miejsko-wiejska,1009013,2022,nowy,,,,,,,,,,
8702,łódzkie,pajęczański,Działoszyn,gmina miejsko-wiejska,1009013,2023,nowy,,,,,,,,,,
8703,łódzkie,pajęczański,Działoszyn,gmina miejsko-wiejska,1009013,2024,nowy,,,,,,,,,,
8704,łódzkie,pajęczański,Działoszyn,gmina miejsko-wiejska,1009013,2025,nowy,,,,,,,,,,
8705,łódzkie,pajęczański,Kiełczygłów,gmina wiejska,1009022,2018,nowy,,,,,,,,,,
8706,łódzkie,pajęczański,Kiełczygłów,gmina wiejska,1009022,2019,nowy,,,,,,,,,,
8707,łódzkie,pajęczański,Kiełczygłów,gmina wiejska,1009022,2020,nowy,,,,,,,,,,
8708,łódzkie,pajęczański,Kiełczygłów,gmina wiejska,1009022,2021,nowy,,,,,,,,,,
8709,łódzkie,pajęczański,Kiełczygłów,gmina wiejska,1009022,2022,nowy,,,,,,,,,,
8710,łódzkie,pajęczański,Kiełczygłów,gmina wiejska,1009022,2023,nowy,,,,,,,,,,
8711,łódzkie,pajęczański,Kiełczygłów,gmina wiejska,1009022,2024,nowy,,,,,,,,,,
8712,łódzkie,pajęczański,Kiełczygłów,gmina wiejska,1009022,2025,nowy,,,,,,,,,,
8713,łódzkie,pajęczański,Nowa Brzeźnica,gmina wiejska,1009032,2018,nowy,,,,,,,,,,
8714,łódzkie,pajęczański,Nowa Brzeźnica,gmina wiejska,1009032,2019,nowy,,,,,,,,,,
8715,łódzkie,pajęczański,Nowa Brzeźnica,gmina wiejska,1009032,2020,nowy,,,,,,,,,,
8716,łódzkie,pajęczański,Nowa Brzeźnica,gmina wiejska,1009032,2021,nowy,,,,,,,,,,
8717,łódzkie,pajęczański,Nowa Brzeźnica,gmina wiejska,1009032,2022,nowy,,,,,,,,,,
8718,łódzkie,pajęczański,Nowa Brzeźnica,gmina wiejska,1009032,2023,nowy,,,,,,,,,,
8719,łódzkie,pajęczański,Nowa Brzeźnica,gmina wiejska,1009032,2024,nowy,,,,,,,,,,
8720,łódzkie,pajęczański,Nowa Brzeźnica,gmina wiejska,1009032,2025,nowy,,,,,,,,,,
8721,łódzkie,pajęczański,Pajęczno,gmina miejsko-wiejska,1009043,2018,nowy,,,,,,,,,,
8722,łódzkie,pajęczański,Pajęczno,gmina miejsko-wiejska,1009043,2019,nowy,,,,,,,,,,
8723,łódzkie,pajęczański,Pajęczno,gmina miejsko-wiejska,1009043,2020,nowy,,,,,,,,,,
8724,łódzkie,pajęczański,Pajęczno,gmina miejsko-wiejska,1009043,2021,nowy,,,,,,,,,,
8725,łódzkie,pajęczański,Pajęczno,gmina miejsko-wiejska,1009043,2022,nowy,,,,,,,,,,
8726,łódzkie,pajęczański,Pajęczno,gmina miejsko-wiejska,1009043,2023,nowy,,,,,,,,,,
8727,łódzkie,pajęczański,Pajęczno,gmina miejsko-wiejska,1009043,2024,nowy,,,,,,,,,,
8728,łódzkie,pajęczański,Pajęczno,gmina miejsko-wiejska,1009043,2025,nowy,,,,,,,,,,
8729,łódzkie,pajęczański,Rząśnia,gmina wiejska,1009052,2018,nowy,,,,,,,,,,
8730,łódzkie,pajęczański,Rząśnia,gmina wiejska,1009052,2019,nowy,,,,,,,,,,
8731,łódzkie,pajęczański,Rząśnia,gmina wiejska,1009052,2020,nowy,,,,,,,,,,
8732,łódzkie,pajęczański,Rząśnia,gmina wiejska,1009052,2021,nowy,,,,,,,,,,
8733,łódzkie,pajęczański,Rząśnia,gmina wiejska,1009052,2022,nowy,,,,,,,,,,
8734,łódzkie,pajęczański,Rząśnia,gmina wiejska,1009052,2023,nowy,,,,,,,,,,
8735,łódzkie,pajęczański,Rząśnia,gmina wiejska,1009052,2024,nowy,,,,,,,,,,
8736,łódzkie,pajęczański,Rząśnia,gmina wiejska,1009052,2025,nowy,,,,,,,,,,
8737,łódzkie,pajęczański,Siemkowice,gmina wiejska,1009062,2018,nowy,,,,,,,,,,
8738,łódzkie,pajęczański,Siemkowice,gmina wiejska,1009062,2019,nowy,,,,,,,,,,
8739,łódzkie,pajęczański,Siemkowice,gmina wiejska,1009062,2020,nowy,,,,,,,,,,
8740,łódzkie,pajęczański,Siemkowice,gmina wiejska,1009062,2021,nowy,,,,,,,,,,
8741,łódzkie,pajęczański,Siemkowice,gmina wiejska,1009062,2022,nowy,,,,,,,,,,
8742,łódzkie,pajęczański,Siemkowice,gmina wiejska,1009062,2023,nowy,,,,,,,,,,
8743,łódzkie,pajęczański,Siemkowice,gmina wiejska,1009062,2024,nowy,,,,,,,,,,
8744,łódzkie,pajęczański,Siemkowice,gmina wiejska,1009062,2025,nowy,,,,,,,,,,
8745,łódzkie,pajęczański,Strzelce Wielkie,gmina wiejska,1009072,2018,nowy,,,,,,,,,,
8746,łódzkie,pajęczański,Strzelce Wielkie,gmina wiejska,1009072,2019,nowy,,,,,,,,,,
8747,łódzkie,pajęczański,Strzelce Wielkie,gmina wiejska,1009072,2020,nowy,,,,,,,,,,
8748,łódzkie,pajęczański,Strzelce Wielkie,gmina wiejska,1009072,2021,nowy,,,,,,,,,,
8749,łódzkie,pajęczański,Strzelce Wielkie,gmina wiejska,1009072,2022,nowy,,,,,,,,,,
8750,łódzkie,pajęczański,Strzelce Wielkie,gmina wiejska,1009072,2023,nowy,,,,,,,,,,
8751,łódzkie,pajęczański,Strzelce Wielkie,gmina wiejska,1009072,2024,nowy,,,,,,,,,,
8752,łódzkie,pajęczański,Strzelce Wielkie,gmina wiejska,1009072,2025,nowy,,,,,,,,,,
8753,łódzkie,pajęczański,Sulmierzyce,gmina wiejska,1009082,2018,nowy,,,,,,,,,,
8754,łódzkie,pajęczański,Sulmierzyce,gmina wiejska,1009082,2019,nowy,,,,,,,,,,
8755,łódzkie,pajęczański,Sulmierzyce,gmina wiejska,1009082,2020,nowy,,,,,,,,,,
8756,łódzkie,pajęczański,Sulmierzyce,gmina wiejska,1009082,2021,nowy,,,,,,,,,,
8757,łódzkie,pajęczański,Sulmierzyce,gmina wiejska,1009082,2022,nowy,,,,,,,,,,
8758,łódzkie,pajęczański,Sulmierzyce,gmina wiejska,1009082,2023,nowy,,,,,,,,,,
8759,łódzkie,pajęczański,Sulmierzyce,gmina wiejska,1009082,2024,nowy,,,,,,,,,,
8760,łódzkie,pajęczański,Sulmierzyce,gmina wiejska,1009082,2025,nowy,,,,,,,,,,
8761,łódzkie,piotrkowski,-,-,1010,2018,nowy,,,,,,,,,,
8762,łódzkie,piotrkowski,-,-,1010,2019,nowy,,,,,,,,,,
8763,łódzkie,piotrkowski,-,-,1010,2020,nowy,,,,,,,,,,
8764,łódzkie,piotrkowski,-,-,1010,2021,nowy,,,,,,,,,,
8765,łódzkie,piotrkowski,-,-,1010,2022,nowy,,,,,,,,,,
8766,łódzkie,piotrkowski,-,-,1010,2023,nowy,,,,,,,,,,
8767,łódzkie,piotrkowski,-,-,1010,2024,nowy,,,,,,,,,,
8768,łódzkie,piotrkowski,-,-,1010,2025,nowy,,,,,,,,,,
8769,łódzkie,piotrkowski,Aleksandrów,gmina wiejska,1010012,2018,nowy,,,,,,,,,,
8770,łódzkie,piotrkowski,Aleksandrów,gmina wiejska,1010012,2019,nowy,,,,,,,,,,
8771,łódzkie,piotrkowski,Aleksandrów,gmina wiejska,1010012,2020,nowy,,,,,,,,,,
8772,łódzkie,piotrkowski,Aleksandrów,gmina wiejska,1010012,2021,nowy,,,,,,,,,,
8773,łódzkie,piotrkowski,Aleksandrów,gmina wiejska,1010012,2022,nowy,,,,,,,,,,
8774,łódzkie,piotrkowski,Aleksandrów,gmina wiejska,1010012,2023,nowy,,,,,,,,,,
8775,łódzkie,piotrkowski,Aleksandrów,gmina wiejska,1010012,2024,nowy,,,,,,,,,,
8776,łódzkie,piotrkowski,Aleksandrów,gmina wiejska,1010012,2025,nowy,,,,,,,,,,
8777,łódzkie,piotrkowski,Czarnocin,gmina wiejska,1010022,2018,nowy,,,,,,,,,,
8778,łódzkie,piotrkowski,Czarnocin,gmina wiejska,1010022,2019,nowy,,,,,,,,,,
8779,łódzkie,piotrkowski,Czarnocin,gmina wiejska,1010022,2020,nowy,,,,,,,,,,
8780,łódzkie,piotrkowski,Czarnocin,gmina wiejska,1010022,2021,nowy,,,,,,,,,,
8781,łódzkie,piotrkowski,Czarnocin,gmina wiejska,1010022,2022,nowy,,,,,,,,,,
8782,łódzkie,piotrkowski,Czarnocin,gmina wiejska,1010022,2023,nowy,,,,,,,,,,
8783,łódzkie,piotrkowski,Czarnocin,gmina wiejska,1010022,2024,nowy,,,,,,,,,,
8784,łódzkie,piotrkowski,Czarnocin,gmina wiejska,1010022,2025,nowy,,,,,,,,,,
8785,łódzkie,piotrkowski,Gorzkowice,gmina wiejska,1010032,2018,nowy,,,,,,,,,,
8786,łódzkie,piotrkowski,Gorzkowice,gmina wiejska,1010032,2019,nowy,,,,,,,,,,
8787,łódzkie,piotrkowski,Gorzkowice,gmina wiejska,1010032,2020,nowy,,,,,,,,,,
8788,łódzkie,piotrkowski,Gorzkowice,gmina wiejska,1010032,2021,nowy,,,,,,,,,,
8789,łódzkie,piotrkowski,Gorzkowice,gmina wiejska,1010032,2022,nowy,,,,,,,,,,
8790,łódzkie,piotrkowski,Gorzkowice,gmina wiejska,1010032,2023,nowy,,,,,,,,,,
8791,łódzkie,piotrkowski,Gorzkowice,gmina wiejska,1010032,2024,nowy,,,,,,,,,,
8792,łódzkie,piotrkowski,Gorzkowice,gmina wiejska,1010032,2025,nowy,,,,,,,,,,
8793,łódzkie,piotrkowski,Grabica,gmina wiejska,1010042,2018,nowy,,,,,,,,,,
8794,łódzkie,piotrkowski,Grabica,gmina wiejska,1010042,2019,nowy,,,,,,,,,,
8795,łódzkie,piotrkowski,Grabica,gmina wiejska,1010042,2020,nowy,,,,,,,,,,
8796,łódzkie,piotrkowski,Grabica,gmina wiejska,1010042,2021,nowy,,,,,,,,,,
8797,łódzkie,piotrkowski,Grabica,gmina wiejska,1010042,2022,nowy,,,,,,,,,,
8798,łódzkie,piotrkowski,Grabica,gmina wiejska,1010042,2023,nowy,,,,,,,,,,
8799,łódzkie,piotrkowski,Grabica,gmina wiejska,1010042,2024,nowy,,,,,,,,,,
8800,łódzkie,piotrkowski,Grabica,gmina wiejska,1010042,2025,nowy,,,,,,,,,,
8801,łódzkie,piotrkowski,Łęki Szlacheckie,gmina wiejska,1010052,2018,nowy,,,,,,,,,,
8802,łódzkie,piotrkowski,Łęki Szlacheckie,gmina wiejska,1010052,2019,nowy,,,,,,,,,,
8803,łódzkie,piotrkowski,Łęki Szlacheckie,gmina wiejska,1010052,2020,nowy,,,,,,,,,,
8804,łódzkie,piotrkowski,Łęki Szlacheckie,gmina wiejska,1010052,2021,nowy,,,,,,,,,,
8805,łódzkie,piotrkowski,Łęki Szlacheckie,gmina wiejska,1010052,2022,nowy,,,,,,,,,,
8806,łódzkie,piotrkowski,Łęki Szlacheckie,gmina wiejska,1010052,2023,nowy,,,,,,,,,,
8807,łódzkie,piotrkowski,Łęki Szlacheckie,gmina wiejska,1010052,2024,nowy,,,,,,,,,,
8808,łódzkie,piotrkowski,Łęki Szlacheckie,gmina wiejska,1010052,2025,nowy,,,,,,,,,,
8809,łódzkie,piotrkowski,Moszczenica,gmina wiejska,1010062,2018,nowy,,,,,,,,,,
8810,łódzkie,piotrkowski,Moszczenica,gmina wiejska,1010062,2019,nowy,,,,,,,,,,
8811,łódzkie,piotrkowski,Moszczenica,gmina wiejska,1010062,2020,nowy,,,,,,,,,,
8812,łódzkie,piotrkowski,Moszczenica,gmina wiejska,1010062,2021,nowy,,,,,,,,,,
8813,łódzkie,piotrkowski,Moszczenica,gmina wiejska,1010062,2022,nowy,,,,,,,,,,
8814,łódzkie,piotrkowski,Moszczenica,gmina wiejska,1010062,2023,nowy,,,,,,,,,,
8815,łódzkie,piotrkowski,Moszczenica,gmina wiejska,1010062,2024,nowy,,,,,,,,,,
8816,łódzkie,piotrkowski,Moszczenica,gmina wiejska,1010062,2025,nowy,,,,,,,,,,
8817,łódzkie,piotrkowski,Ręczno,gmina wiejska,1010072,2018,nowy,,,,,,,,,,
8818,łódzkie,piotrkowski,Ręczno,gmina wiejska,1010072,2019,nowy,,,,,,,,,,
8819,łódzkie,piotrkowski,Ręczno,gmina wiejska,1010072,2020,nowy,,,,,,,,,,
8820,łódzkie,piotrkowski,Ręczno,gmina wiejska,1010072,2021,nowy,,,,,,,,,,
8821,łódzkie,piotrkowski,Ręczno,gmina wiejska,1010072,2022,nowy,,,,,,,,,,
8822,łódzkie,piotrkowski,Ręczno,gmina wiejska,1010072,2023,nowy,,,,,,,,,,
8823,łódzkie,piotrkowski,Ręczno,gmina wiejska,1010072,2024,nowy,,,,,,,,,,
8824,łódzkie,piotrkowski,Ręczno,gmina wiejska,1010072,2025,nowy,,,,,,,,,,
8825,łódzkie,piotrkowski,Rozprza,gmina wiejska,1010082,2018,nowy,,,,,,,,,,
8826,łódzkie,piotrkowski,Rozprza,gmina wiejska,1010082,2019,nowy,,,,,,,,,,
8827,łódzkie,piotrkowski,Rozprza,gmina wiejska,1010082,2020,nowy,,,,,,,,,,
8828,łódzkie,piotrkowski,Rozprza,gmina wiejska,1010082,2021,nowy,,,,,,,,,,
8829,łódzkie,piotrkowski,Rozprza,gmina wiejska,1010082,2022,nowy,,,,,,,,,,
8830,łódzkie,piotrkowski,Rozprza,gmina miejsko-wiejska,1010083,2023,nowy,,,,,,,,,,
8831,łódzkie,piotrkowski,Rozprza,gmina miejsko-wiejska,1010083,2024,nowy,,,,,,,,,,
8832,łódzkie,piotrkowski,Rozprza,gmina miejsko-wiejska,1010083,2025,nowy,,,,,,,,,,
8833,łódzkie,piotrkowski,Sulejów,gmina miejsko-wiejska,1010093,2018,nowy,,,,,,,,,,
8834,łódzkie,piotrkowski,Sulejów,gmina miejsko-wiejska,1010093,2019,nowy,,,,,,,,,,
8835,łódzkie,piotrkowski,Sulejów,gmina miejsko-wiejska,1010093,2020,nowy,,,,,,,,,,
8836,łódzkie,piotrkowski,Sulejów,gmina miejsko-wiejska,1010093,2021,nowy,,,,,,,,,,
8837,łódzkie,piotrkowski,Sulejów,gmina miejsko-wiejska,1010093,2022,nowy,,,,,,,,,,
8838,łódzkie,piotrkowski,Sulejów,gmina miejsko-wiejska,1010093,2023,nowy,,,,,,,,,,
8839,łódzkie,piotrkowski,Sulejów,gmina miejsko-wiejska,1010093,2024,nowy,,,,,,,,,,
8840,łódzkie,piotrkowski,Sulejów,gmina miejsko-wiejska,1010093,2025,nowy,,,,,,,,,,
8841,łódzkie,piotrkowski,Wola Krzysztoporska,gmina wiejska,1010102,2018,nowy,,,,,,,,,,
8842,łódzkie,piotrkowski,Wola Krzysztoporska,gmina wiejska,1010102,2019,nowy,,,,,,,,,,
8843,łódzkie,piotrkowski,Wola Krzysztoporska,gmina wiejska,1010102,2020,nowy,,,,,,,,,,
8844,łódzkie,piotrkowski,Wola Krzysztoporska,gmina wiejska,1010102,2021,nowy,,,,,,,,,,
8845,łódzkie,piotrkowski,Wola Krzysztoporska,gmina wiejska,1010102,2022,nowy,,,,,,,,,,
8846,łódzkie,piotrkowski,Wola Krzysztoporska,gmina wiejska,1010102,2023,nowy,,,,,,,,,,
8847,łódzkie,piotrkowski,Wola Krzysztoporska,gmina wiejska,1010102,2024,nowy,,,,,,,,,,
8848,łódzkie,piotrkowski,Wola Krzysztoporska,gmina wiejska,1010102,2025,nowy,,,,,,,,,,
8849,łódzkie,piotrkowski,Wolbórz,gmina miejsko-wiejska,1010113,2018,nowy,,,,,,,,,,
8850,łódzkie,piotrkowski,Wolbórz,gmina miejsko-wiejska,1010113,2019,nowy,,,,,,,,,,
8851,łódzkie,piotrkowski,Wolbórz,gmina miejsko-wiejska,1010113,2020,nowy,,,,,,,,,,
8852,łódzkie,piotrkowski,Wolbórz,gmina miejsko-wiejska,1010113,2021,nowy,,,,,,,,,,
8853,łódzkie,piotrkowski,Wolbórz,gmina miejsko-wiejska,1010113,2022,nowy,,,,,,,,,,
8854,łódzkie,piotrkowski,Wolbórz,gmina miejsko-wiejska,1010113,2023,nowy,,,,,,,,,,
8855,łódzkie,piotrkowski,Wolbórz,gmina miejsko-wiejska,1010113,2024,nowy,,,,,,,,,,
8856,łódzkie,piotrkowski,Wolbórz,gmina miejsko-wiejska,1010113,2025,nowy,,,,,,,,,,
8857,łódzkie,poddębicki,-,-,1011,2018,nowy,,,,,,,,,,
8858,łódzkie,poddębicki,-,-,1011,2019,nowy,,,,,,,,,,
8859,łódzkie,poddębicki,-,-,1011,2020,nowy,,,,,,,,,,
8860,łódzkie,poddębicki,-,-,1011,2021,nowy,,,,,,,,,,
8861,łódzkie,poddębicki,-,-,1011,2022,nowy,,,,,,,,,,
8862,łódzkie,poddębicki,-,-,1011,2023,nowy,,,,,,,,,,
8863,łódzkie,poddębicki,-,-,1011,2024,nowy,,,,,,,,,,
8864,łódzkie,poddębicki,-,-,1011,2025,nowy,,,,,,,,,,
8865,łódzkie,poddębicki,Dalików,gmina wiejska,1011012,2018,nowy,,,,,,,,,,
8866,łódzkie,poddębicki,Dalików,gmina wiejska,1011012,2019,nowy,,,,,,,,,,
8867,łódzkie,poddębicki,Dalików,gmina wiejska,1011012,2020,nowy,,,,,,,,,,
8868,łódzkie,poddębicki,Dalików,gmina wiejska,1011012,2021,nowy,,,,,,,,,,
8869,łódzkie,poddębicki,Dalików,gmina wiejska,1011012,2022,nowy,,,,,,,,,,
8870,łódzkie,poddębicki,Dalików,gmina wiejska,1011012,2023,nowy,,,,,,,,,,
8871,łódzkie,poddębicki,Dalików,gmina wiejska,1011012,2024,nowy,,,,,,,,,,
8872,łódzkie,poddębicki,Dalików,gmina wiejska,1011012,2025,nowy,,,,,,,,,,
8873,łódzkie,poddębicki,Pęczniew,gmina wiejska,1011022,2018,nowy,,,,,,,,,,
8874,łódzkie,poddębicki,Pęczniew,gmina wiejska,1011022,2019,nowy,,,,,,,,,,
8875,łódzkie,poddębicki,Pęczniew,gmina wiejska,1011022,2020,nowy,,,,,,,,,,
8876,łódzkie,poddębicki,Pęczniew,gmina wiejska,1011022,2021,nowy,,,,,,,,,,
8877,łódzkie,poddębicki,Pęczniew,gmina wiejska,1011022,2022,nowy,,,,,,,,,,
8878,łódzkie,poddębicki,Pęczniew,gmina wiejska,1011022,2023,nowy,,,,,,,,,,
8879,łódzkie,poddębicki,Pęczniew,gmina wiejska,1011022,2024,nowy,,,,,,,,,,
8880,łódzkie,poddębicki,Pęczniew,gmina wiejska,1011022,2025,nowy,,,,,,,,,,
8881,łódzkie,poddębicki,Poddębice,gmina miejsko-wiejska,1011033,2018,nowy,,,,,,,,,,
8882,łódzkie,poddębicki,Poddębice,gmina miejsko-wiejska,1011033,2019,nowy,,,,,,,,,,
8883,łódzkie,poddębicki,Poddębice,gmina miejsko-wiejska,1011033,2020,nowy,,,,,,,,,,
8884,łódzkie,poddębicki,Poddębice,gmina miejsko-wiejska,1011033,2021,nowy,,,,,,,,,,
8885,łódzkie,poddębicki,Poddębice,gmina miejsko-wiejska,1011033,2022,nowy,,,,,,,,,,
8886,łódzkie,poddębicki,Poddębice,gmina miejsko-wiejska,1011033,2023,nowy,,,,,,,,,,
8887,łódzkie,poddębicki,Poddębice,gmina miejsko-wiejska,1011033,2024,nowy,,,,,,,,,,
8888,łódzkie,poddębicki,Poddębice,gmina miejsko-wiejska,1011033,2025,nowy,,,,,,,,,,
8889,łódzkie,poddębicki,Uniejów,gmina miejsko-wiejska,1011043,2018,nowy,,,,,,,,,,
8890,łódzkie,poddębicki,Uniejów,gmina miejsko-wiejska,1011043,2019,nowy,,,,,,,,,,
8891,łódzkie,poddębicki,Uniejów,gmina miejsko-wiejska,1011043,2020,nowy,,,,,,,,,,
8892,łódzkie,poddębicki,Uniejów,gmina miejsko-wiejska,1011043,2021,nowy,,,,,,,,,,
8893,łódzkie,poddębicki,Uniejów,gmina miejsko-wiejska,1011043,2022,nowy,,,,,,,,,,
8894,łódzkie,poddębicki,Uniejów,gmina miejsko-wiejska,1011043,2023,nowy,,,,,,,,,,
8895,łódzkie,poddębicki,Uniejów,gmina miejsko-wiejska,1011043,2024,nowy,,,,,,,,,,
8896,łódzkie,poddębicki,Uniejów,gmina miejsko-wiejska,1011043,2025,nowy,,,,,,,,,,
8897,łódzkie,poddębicki,Wartkowice,gmina wiejska,1011052,2018,nowy,,,,,,,,,,
8898,łódzkie,poddębicki,Wartkowice,gmina wiejska,1011052,2019,nowy,,,,,,,,,,
8899,łódzkie,poddębicki,Wartkowice,gmina wiejska,1011052,2020,nowy,,,,,,,,,,
8900,łódzkie,poddębicki,Wartkowice,gmina wiejska,1011052,2021,nowy,,,,,,,,,,
8901,łódzkie,poddębicki,Wartkowice,gmina wiejska,1011052,2022,nowy,,,,,,,,,,
8902,łódzkie,poddębicki,Wartkowice,gmina wiejska,1011052,2023,nowy,,,,,,,,,,
8903,łódzkie,poddębicki,Wartkowice,gmina wiejska,1011052,2024,nowy,,,,,,,,,,
8904,łódzkie,poddębicki,Wartkowice,gmina wiejska,1011052,2025,nowy,,,,,,,,,,
8905,łódzkie,poddębicki,Zadzim,gmina wiejska,1011062,2018,nowy,,,,,,,,,,
8906,łódzkie,poddębicki,Zadzim,gmina wiejska,1011062,2019,nowy,,,,,,,,,,
8907,łódzkie,poddębicki,Zadzim,gmina wiejska,1011062,2020,nowy,,,,,,,,,,
8908,łódzkie,poddębicki,Zadzim,gmina wiejska,1011062,2021,nowy,,,,,,,,,,
8909,łódzkie,poddębicki,Zadzim,gmina wiejska,1011062,2022,nowy,,,,,,,,,,
8910,łódzkie,poddębicki,Zadzim,gmina wiejska,1011062,2023,nowy,,,,,,,,,,
8911,łódzkie,poddębicki,Zadzim,gmina wiejska,1011062,2024,nowy,,,,,,,,,,
8912,łódzkie,poddębicki,Zadzim,gmina wiejska,1011062,2025,nowy,,,,,,,,,,
8913,łódzkie,radomszczański,-,-,1012,2018,nowy,,,,,,,,,,
8914,łódzkie,radomszczański,-,-,1012,2019,nowy,,,,,,,,,,
8915,łódzkie,radomszczański,-,-,1012,2020,nowy,,,,,,,,,,
8916,łódzkie,radomszczański,-,-,1012,2021,nowy,,,,,,,,,,
8917,łódzkie,radomszczański,-,-,1012,2022,nowy,,,,,,,,,,
8918,łódzkie,radomszczański,-,-,1012,2023,nowy,,,,,,,,,,
8919,łódzkie,radomszczański,-,-,1012,2024,nowy,,,,,,,,,,
8920,łódzkie,radomszczański,-,-,1012,2025,nowy,,,,,,,,,,
8921,łódzkie,radomszczański,Radomsko,gmina miejska,1012011,2018,nowy,,,,,,,,,,
8922,łódzkie,radomszczański,Radomsko,gmina miejska,1012011,2019,nowy,,,,,,,,,,
8923,łódzkie,radomszczański,Radomsko,gmina miejska,1012011,2020,nowy,,,,,,,,,,
8924,łódzkie,radomszczański,Radomsko,gmina miejska,1012011,2021,nowy,,,,,,,,,,
8925,łódzkie,radomszczański,Radomsko,gmina miejska,1012011,2022,nowy,,,,,,,,,,
8926,łódzkie,radomszczański,Radomsko,gmina miejska,1012011,2023,nowy,,,,,,,,,,
8927,łódzkie,radomszczański,Radomsko,gmina miejska,1012011,2024,nowy,,,,,,,,,,
8928,łódzkie,radomszczański,Radomsko,gmina miejska,1012011,2025,nowy,,,,,,,,,,
8929,łódzkie,radomszczański,Dobryszyce,gmina wiejska,1012022,2018,nowy,,,,,,,,,,
8930,łódzkie,radomszczański,Dobryszyce,gmina wiejska,1012022,2019,nowy,,,,,,,,,,
8931,łódzkie,radomszczański,Dobryszyce,gmina wiejska,1012022,2020,nowy,,,,,,,,,,
8932,łódzkie,radomszczański,Dobryszyce,gmina wiejska,1012022,2021,nowy,,,,,,,,,,
8933,łódzkie,radomszczański,Dobryszyce,gmina wiejska,1012022,2022,nowy,,,,,,,,,,
8934,łódzkie,radomszczański,Dobryszyce,gmina wiejska,1012022,2023,nowy,,,,,,,,,,
8935,łódzkie,radomszczański,Dobryszyce,gmina wiejska,1012022,2024,nowy,,,,,,,,,,
8936,łódzkie,radomszczański,Dobryszyce,gmina wiejska,1012022,2025,nowy,,,,,,,,,,
8937,łódzkie,radomszczański,Gidle,gmina wiejska,1012032,2018,nowy,,,,,,,,,,
8938,łódzkie,radomszczański,Gidle,gmina wiejska,1012032,2019,nowy,,,,,,,,,,
8939,łódzkie,radomszczański,Gidle,gmina wiejska,1012032,2020,nowy,,,,,,,,,,
8940,łódzkie,radomszczański,Gidle,gmina wiejska,1012032,2021,nowy,,,,,,,,,,
8941,łódzkie,radomszczański,Gidle,gmina wiejska,1012032,2022,nowy,,,,,,,,,,
8942,łódzkie,radomszczański,Gidle,gmina wiejska,1012032,2023,nowy,,,,,,,,,,
8943,łódzkie,radomszczański,Gidle,gmina wiejska,1012032,2024,nowy,,,,,,,,,,
8944,łódzkie,radomszczański,Gidle,gmina wiejska,1012032,2025,nowy,,,,,,,,,,
8945,łódzkie,radomszczański,Gomunice,gmina wiejska,1012042,2018,nowy,,,,,,,,,,
8946,łódzkie,radomszczański,Gomunice,gmina wiejska,1012042,2019,nowy,,,,,,,,,,
8947,łódzkie,radomszczański,Gomunice,gmina wiejska,1012042,2020,nowy,,,,,,,,,,
8948,łódzkie,radomszczański,Gomunice,gmina wiejska,1012042,2021,nowy,,,,,,,,,,
8949,łódzkie,radomszczański,Gomunice,gmina wiejska,1012042,2022,nowy,,,,,,,,,,
8950,łódzkie,radomszczański,Gomunice,gmina wiejska,1012042,2023,nowy,,,,,,,,,,
8951,łódzkie,radomszczański,Gomunice,gmina wiejska,1012042,2024,nowy,,,,,,,,,,
8952,łódzkie,radomszczański,Gomunice,gmina wiejska,1012042,2025,nowy,,,,,,,,,,
8953,łódzkie,radomszczański,Kamieńsk,gmina miejsko-wiejska,1012053,2018,nowy,,,,,,,,,,
8954,łódzkie,radomszczański,Kamieńsk,gmina miejsko-wiejska,1012053,2019,nowy,,,,,,,,,,
8955,łódzkie,radomszczański,Kamieńsk,gmina miejsko-wiejska,1012053,2020,nowy,,,,,,,,,,
8956,łódzkie,radomszczański,Kamieńsk,gmina miejsko-wiejska,1012053,2021,nowy,,,,,,,,,,
8957,łódzkie,radomszczański,Kamieńsk,gmina miejsko-wiejska,1012053,2022,nowy,,,,,,,,,,
8958,łódzkie,radomszczański,Kamieńsk,gmina miejsko-wiejska,1012053,2023,nowy,,,,,,,,,,
8959,łódzkie,radomszczański,Kamieńsk,gmina miejsko-wiejska,1012053,2024,nowy,,,,,,,,,,
8960,łódzkie,radomszczański,Kamieńsk,gmina miejsko-wiejska,1012053,2025,nowy,,,,,,,,,,
8961,łódzkie,radomszczański,Kobiele Wielkie,gmina wiejska,1012062,2018,nowy,,,,,,,,,,
8962,łódzkie,radomszczański,Kobiele Wielkie,gmina wiejska,1012062,2019,nowy,,,,,,,,,,
8963,łódzkie,radomszczański,Kobiele Wielkie,gmina wiejska,1012062,2020,nowy,,,,,,,,,,
8964,łódzkie,radomszczański,Kobiele Wielkie,gmina wiejska,1012062,2021,nowy,,,,,,,,,,
8965,łódzkie,radomszczański,Kobiele Wielkie,gmina wiejska,1012062,2022,nowy,,,,,,,,,,
8966,łódzkie,radomszczański,Kobiele Wielkie,gmina wiejska,1012062,2023,nowy,,,,,,,,,,
8967,łódzkie,radomszczański,Kobiele Wielkie,gmina wiejska,1012062,2024,nowy,,,,,,,,,,
8968,łódzkie,radomszczański,Kobiele Wielkie,gmina wiejska,1012062,2025,nowy,,,,,,,,,,
8969,łódzkie,radomszczański,Kodrąb,gmina wiejska,1012072,2018,nowy,,,,,,,,,,
8970,łódzkie,radomszczański,Kodrąb,gmina wiejska,1012072,2019,nowy,,,,,,,,,,
8971,łódzkie,radomszczański,Kodrąb,gmina wiejska,1012072,2020,nowy,,,,,,,,,,
8972,łódzkie,radomszczański,Kodrąb,gmina wiejska,1012072,2021,nowy,,,,,,,,,,
8973,łódzkie,radomszczański,Kodrąb,gmina wiejska,1012072,2022,nowy,,,,,,,,,,
8974,łódzkie,radomszczański,Kodrąb,gmina wiejska,1012072,2023,nowy,,,,,,,,,,
8975,łódzkie,radomszczański,Kodrąb,gmina wiejska,1012072,2024,nowy,,,,,,,,,,
8976,łódzkie,radomszczański,Kodrąb,gmina wiejska,1012072,2025,nowy,,,,,,,,,,
8977,łódzkie,radomszczański,Lgota Wielka,gmina wiejska,1012082,2018,nowy,,,,,,,,,,
8978,łódzkie,radomszczański,Lgota Wielka,gmina wiejska,1012082,2019,nowy,,,,,,,,,,
8979,łódzkie,radomszczański,Lgota Wielka,gmina wiejska,1012082,2020,nowy,,,,,,,,,,
8980,łódzkie,radomszczański,Lgota Wielka,gmina wiejska,1012082,2021,nowy,,,,,,,,,,
8981,łódzkie,radomszczański,Lgota Wielka,gmina wiejska,1012082,2022,nowy,,,,,,,,,,
8982,łódzkie,radomszczański,Lgota Wielka,gmina wiejska,1012082,2023,nowy,,,,,,,,,,
8983,łódzkie,radomszczański,Lgota Wielka,gmina wiejska,1012082,2024,nowy,,,,,,,,,,
8984,łódzkie,radomszczański,Lgota Wielka,gmina wiejska,1012082,2025,nowy,,,,,,,,,,
8985,łódzkie,radomszczański,Ładzice,gmina wiejska,1012092,2018,nowy,,,,,,,,,,
8986,łódzkie,radomszczański,Ładzice,gmina wiejska,1012092,2019,nowy,,,,,,,,,,
8987,łódzkie,radomszczański,Ładzice,gmina wiejska,1012092,2020,nowy,,,,,,,,,,
8988,łódzkie,radomszczański,Ładzice,gmina wiejska,1012092,2021,nowy,,,,,,,,,,
8989,łódzkie,radomszczański,Ładzice,gmina wiejska,1012092,2022,nowy,,,,,,,,,,
8990,łódzkie,radomszczański,Ładzice,gmina wiejska,1012092,2023,nowy,,,,,,,,,,
8991,łódzkie,radomszczański,Ładzice,gmina wiejska,1012092,2024,nowy,,,,,,,,,,
8992,łódzkie,radomszczański,Ładzice,gmina wiejska,1012092,2025,nowy,,,,,,,,,,
8993,łódzkie,radomszczański,Masłowice,gmina wiejska,1012102,2018,nowy,,,,,,,,,,
8994,łódzkie,radomszczański,Masłowice,gmina wiejska,1012102,2019,nowy,,,,,,,,,,
8995,łódzkie,radomszczański,Masłowice,gmina wiejska,1012102,2020,nowy,,,,,,,,,,
8996,łódzkie,radomszczański,Masłowice,gmina wiejska,1012102,2021,nowy,,,,,,,,,,
8997,łódzkie,radomszczański,Masłowice,gmina wiejska,1012102,2022,nowy,,,,,,,,,,
8998,łódzkie,radomszczański,Masłowice,gmina wiejska,1012102,2023,nowy,,,,,,,,,,
8999,łódzkie,radomszczański,Masłowice,gmina wiejska,1012102,2024,nowy,,,,,,,,,,
9000,łódzkie,radomszczański,Masłowice,gmina wiejska,1012102,2025,nowy,,,,,,,,,,
9001,łódzkie,radomszczański,Przedbórz,gmina miejsko-wiejska,1012113,2018,nowy,,,,,,,,,,
9002,łódzkie,radomszczański,Przedbórz,gmina miejsko-wiejska,1012113,2019,nowy,,,,,,,,,,
9003,łódzkie,radomszczański,Przedbórz,gmina miejsko-wiejska,1012113,2020,nowy,,,,,,,,,,
9004,łódzkie,radomszczański,Przedbórz,gmina miejsko-wiejska,1012113,2021,nowy,,,,,,,,,,
9005,łódzkie,radomszczański,Przedbórz,gmina miejsko-wiejska,1012113,2022,nowy,,,,,,,,,,
9006,łódzkie,radomszczański,Przedbórz,gmina miejsko-wiejska,1012113,2023,nowy,,,,,,,,,,
9007,łódzkie,radomszczański,Przedbórz,gmina miejsko-wiejska,1012113,2024,nowy,,,,,,,,,,
9008,łódzkie,radomszczański,Przedbórz,gmina miejsko-wiejska,1012113,2025,nowy,,,,,,,,,,
9009,łódzkie,radomszczański,Radomsko,gmina wiejska,1012122,2018,nowy,,,,,,,,,,
9010,łódzkie,radomszczański,Radomsko,gmina wiejska,1012122,2019,nowy,,,,,,,,,,
9011,łódzkie,radomszczański,Radomsko,gmina wiejska,1012122,2020,nowy,,,,,,,,,,
9012,łódzkie,radomszczański,Radomsko,gmina wiejska,1012122,2021,nowy,,,,,,,,,,
9013,łódzkie,radomszczański,Radomsko,gmina wiejska,1012122,2022,nowy,,,,,,,,,,
9014,łódzkie,radomszczański,Radomsko,gmina wiejska,1012122,2023,nowy,,,,,,,,,,
9015,łódzkie,radomszczański,Radomsko,gmina wiejska,1012122,2024,nowy,,,,,,,,,,
9016,łódzkie,radomszczański,Radomsko,gmina wiejska,1012122,2025,nowy,,,,,,,,,,
9017,łódzkie,radomszczański,Wielgomłyny,gmina wiejska,1012132,2018,nowy,,,,,,,,,,
9018,łódzkie,radomszczański,Wielgomłyny,gmina wiejska,1012132,2019,nowy,,,,,,,,,,
9019,łódzkie,radomszczański,Wielgomłyny,gmina wiejska,1012132,2020,nowy,,,,,,,,,,
9020,łódzkie,radomszczański,Wielgomłyny,gmina wiejska,1012132,2021,nowy,,,,,,,,,,
9021,łódzkie,radomszczański,Wielgomłyny,gmina wiejska,1012132,2022,nowy,,,,,,,,,,
9022,łódzkie,radomszczański,Wielgomłyny,gmina wiejska,1012132,2023,nowy,,,,,,,,,,
9023,łódzkie,radomszczański,Wielgomłyny,gmina wiejska,1012132,2024,nowy,,,,,,,,,,
9024,łódzkie,radomszczański,Wielgomłyny,gmina wiejska,1012132,2025,nowy,,,,,,,,,,
9025,łódzkie,radomszczański,Żytno,gmina wiejska,1012142,2018,nowy,,,,,,,,,,
9026,łódzkie,radomszczański,Żytno,gmina wiejska,1012142,2019,nowy,,,,,,,,,,
9027,łódzkie,radomszczański,Żytno,gmina wiejska,1012142,2020,nowy,,,,,,,,,,
9028,łódzkie,radomszczański,Żytno,gmina wiejska,1012142,2021,nowy,,,,,,,,,,
9029,łódzkie,radomszczański,Żytno,gmina wiejska,1012142,2022,nowy,,,,,,,,,,
9030,łódzkie,radomszczański,Żytno,gmina wiejska,1012142,2023,nowy,,,,,,,,,,
9031,łódzkie,radomszczański,Żytno,gmina wiejska,1012142,2024,nowy,,,,,,,,,,
9032,łódzkie,radomszczański,Żytno,gmina wiejska,1012142,2025,nowy,,,,,,,,,,
9033,łódzkie,rawski,-,-,1013,2018,nowy,,,,,,,,,,
9034,łódzkie,rawski,-,-,1013,2019,nowy,,,,,,,,,,
9035,łódzkie,rawski,-,-,1013,2020,nowy,,,,,,,,,,
9036,łódzkie,rawski,-,-,1013,2021,nowy,,,,,,,,,,
9037,łódzkie,rawski,-,-,1013,2022,nowy,,,,,,,,,,
9038,łódzkie,rawski,-,-,1013,2023,nowy,,,,,,,,,,
9039,łódzkie,rawski,-,-,1013,2024,nowy,,,,,,,,,,
9040,łódzkie,rawski,-,-,1013,2025,nowy,,,,,,,,,,
9041,łódzkie,rawski,Rawa Mazowiecka,gmina miejska,1013011,2018,nowy,,,,,,,,,,
9042,łódzkie,rawski,Rawa Mazowiecka,gmina miejska,1013011,2019,nowy,,,,,,,,,,
9043,łódzkie,rawski,Rawa Mazowiecka,gmina miejska,1013011,2020,nowy,,,,,,,,,,
9044,łódzkie,rawski,Rawa Mazowiecka,gmina miejska,1013011,2021,nowy,,,,,,,,,,
9045,łódzkie,rawski,Rawa Mazowiecka,gmina miejska,1013011,2022,nowy,,,,,,,,,,
9046,łódzkie,rawski,Rawa Mazowiecka,gmina miejska,1013011,2023,nowy,,,,,,,,,,
9047,łódzkie,rawski,Rawa Mazowiecka,gmina miejska,1013011,2024,nowy,,,,,,,,,,
9048,łódzkie,rawski,Rawa Mazowiecka,gmina miejska,1013011,2025,nowy,,,,,,,,,,
9049,łódzkie,rawski,Biała Rawska,gmina miejsko-wiejska,1013023,2018,nowy,,,,,,,,,,
9050,łódzkie,rawski,Biała Rawska,gmina miejsko-wiejska,1013023,2019,nowy,,,,,,,,,,
9051,łódzkie,rawski,Biała Rawska,gmina miejsko-wiejska,1013023,2020,nowy,,,,,,,,,,
9052,łódzkie,rawski,Biała Rawska,gmina miejsko-wiejska,1013023,2021,nowy,,,,,,,,,,
9053,łódzkie,rawski,Biała Rawska,gmina miejsko-wiejska,1013023,2022,nowy,,,,,,,,,,
9054,łódzkie,rawski,Biała Rawska,gmina miejsko-wiejska,1013023,2023,nowy,,,,,,,,,,
9055,łódzkie,rawski,Biała Rawska,gmina miejsko-wiejska,1013023,2024,nowy,,,,,,,,,,
9056,łódzkie,rawski,Biała Rawska,gmina miejsko-wiejska,1013023,2025,nowy,,,,,,,,,,
9057,łódzkie,rawski,Cielądz,gmina wiejska,1013032,2018,nowy,,,,,,,,,,
9058,łódzkie,rawski,Cielądz,gmina wiejska,1013032,2019,nowy,,,,,,,,,,
9059,łódzkie,rawski,Cielądz,gmina wiejska,1013032,2020,nowy,,,,,,,,,,
9060,łódzkie,rawski,Cielądz,gmina wiejska,1013032,2021,nowy,,,,,,,,,,
9061,łódzkie,rawski,Cielądz,gmina wiejska,1013032,2022,nowy,,,,,,,,,,
9062,łódzkie,rawski,Cielądz,gmina wiejska,1013032,2023,nowy,,,,,,,,,,
9063,łódzkie,rawski,Cielądz,gmina wiejska,1013032,2024,nowy,,,,,,,,,,
9064,łódzkie,rawski,Cielądz,gmina wiejska,1013032,2025,nowy,,,,,,,,,,
9065,łódzkie,rawski,Rawa Mazowiecka,gmina wiejska,1013042,2018,nowy,,,,,,,,,,
9066,łódzkie,rawski,Rawa Mazowiecka,gmina wiejska,1013042,2019,nowy,,,,,,,,,,
9067,łódzkie,rawski,Rawa Mazowiecka,gmina wiejska,1013042,2020,nowy,,,,,,,,,,
9068,łódzkie,rawski,Rawa Mazowiecka,gmina wiejska,1013042,2021,nowy,,,,,,,,,,
9069,łódzkie,rawski,Rawa Mazowiecka,gmina wiejska,1013042,2022,nowy,,,,,,,,,,
9070,łódzkie,rawski,Rawa Mazowiecka,gmina wiejska,1013042,2023,nowy,,,,,,,,,,
9071,łódzkie,rawski,Rawa Mazowiecka,gmina wiejska,1013042,2024,nowy,,,,,,,,,,
9072,łódzkie,rawski,Rawa Mazowiecka,gmina wiejska,1013042,2025,nowy,,,,,,,,,,
9073,łódzkie,rawski,Regnów,gmina wiejska,1013052,2018,nowy,,,,,,,,,,
9074,łódzkie,rawski,Regnów,gmina wiejska,1013052,2019,nowy,,,,,,,,,,
9075,łódzkie,rawski,Regnów,gmina wiejska,1013052,2020,nowy,,,,,,,,,,
9076,łódzkie,rawski,Regnów,gmina wiejska,1013052,2021,nowy,,,,,,,,,,
9077,łódzkie,rawski,Regnów,gmina wiejska,1013052,2022,nowy,,,,,,,,,,
9078,łódzkie,rawski,Regnów,gmina wiejska,1013052,2023,nowy,,,,,,,,,,
9079,łódzkie,rawski,Regnów,gmina wiejska,1013052,2024,nowy,,,,,,,,,,
9080,łódzkie,rawski,Regnów,gmina wiejska,1013052,2025,nowy,,,,,,,,,,
9081,łódzkie,rawski,Sadkowice,gmina wiejska,1013062,2018,nowy,,,,,,,,,,
9082,łódzkie,rawski,Sadkowice,gmina wiejska,1013062,2019,nowy,,,,,,,,,,
9083,łódzkie,rawski,Sadkowice,gmina wiejska,1013062,2020,nowy,,,,,,,,,,
9084,łódzkie,rawski,Sadkowice,gmina wiejska,1013062,2021,nowy,,,,,,,,,,
9085,łódzkie,rawski,Sadkowice,gmina wiejska,1013062,2022,nowy,,,,,,,,,,
9086,łódzkie,rawski,Sadkowice,gmina wiejska,1013062,2023,nowy,,,,,,,,,,
9087,łódzkie,rawski,Sadkowice,gmina wiejska,1013062,2024,nowy,,,,,,,,,,
9088,łódzkie,rawski,Sadkowice,gmina wiejska,1013062,2025,nowy,,,,,,,,,,
9089,łódzkie,sieradzki,-,-,1014,2018,nowy,,,,,,,,,,
9090,łódzkie,sieradzki,-,-,1014,2019,nowy,,,,,,,,,,
9091,łódzkie,sieradzki,-,-,1014,2020,nowy,,,,,,,,,,
9092,łódzkie,sieradzki,-,-,1014,2021,nowy,,,,,,,,,,
9093,łódzkie,sieradzki,-,-,1014,2022,nowy,,,,,,,,,,
9094,łódzkie,sieradzki,-,-,1014,2023,nowy,,,,,,,,,,
9095,łódzkie,sieradzki,-,-,1014,2024,nowy,,,,,,,,,,
9096,łódzkie,sieradzki,-,-,1014,2025,nowy,,,,,,,,,,
9097,łódzkie,sieradzki,Sieradz,gmina miejska,1014011,2018,nowy,,,,,,,,,,
9098,łódzkie,sieradzki,Sieradz,gmina miejska,1014011,2019,nowy,,,,,,,,,,
9099,łódzkie,sieradzki,Sieradz,gmina miejska,1014011,2020,nowy,,,,,,,,,,
9100,łódzkie,sieradzki,Sieradz,gmina miejska,1014011,2021,nowy,,,,,,,,,,
9101,łódzkie,sieradzki,Sieradz,gmina miejska,1014011,2022,nowy,,,,,,,,,,
9102,łódzkie,sieradzki,Sieradz,gmina miejska,1014011,2023,nowy,,,,,,,,,,
9103,łódzkie,sieradzki,Sieradz,gmina miejska,1014011,2024,nowy,,,,,,,,,,
9104,łódzkie,sieradzki,Sieradz,gmina miejska,1014011,2025,nowy,,,,,,,,,,
9105,łódzkie,sieradzki,Błaszki,gmina miejsko-wiejska,1014023,2018,nowy,,,,,,,,,,
9106,łódzkie,sieradzki,Błaszki,gmina miejsko-wiejska,1014023,2019,nowy,,,,,,,,,,
9107,łódzkie,sieradzki,Błaszki,gmina miejsko-wiejska,1014023,2020,nowy,,,,,,,,,,
9108,łódzkie,sieradzki,Błaszki,gmina miejsko-wiejska,1014023,2021,nowy,,,,,,,,,,
9109,łódzkie,sieradzki,Błaszki,gmina miejsko-wiejska,1014023,2022,nowy,,,,,,,,,,
9110,łódzkie,sieradzki,Błaszki,gmina miejsko-wiejska,1014023,2023,nowy,,,,,,,,,,
9111,łódzkie,sieradzki,Błaszki,gmina miejsko-wiejska,1014023,2024,nowy,,,,,,,,,,
9112,łódzkie,sieradzki,Błaszki,gmina miejsko-wiejska,1014023,2025,nowy,,,,,,,,,,
9113,łódzkie,sieradzki,Brąszewice,gmina wiejska,1014032,2018,nowy,,,,,,,,,,
9114,łódzkie,sieradzki,Brąszewice,gmina wiejska,1014032,2019,nowy,,,,,,,,,,
9115,łódzkie,sieradzki,Brąszewice,gmina wiejska,1014032,2020,nowy,,,,,,,,,,
9116,łódzkie,sieradzki,Brąszewice,gmina wiejska,1014032,2021,nowy,,,,,,,,,,
9117,łódzkie,sieradzki,Brąszewice,gmina wiejska,1014032,2022,nowy,,,,,,,,,,
9118,łódzkie,sieradzki,Brąszewice,gmina wiejska,1014032,2023,nowy,,,,,,,,,,
9119,łódzkie,sieradzki,Brąszewice,gmina wiejska,1014032,2024,nowy,,,,,,,,,,
9120,łódzkie,sieradzki,Brąszewice,gmina wiejska,1014032,2025,nowy,,,,,,,,,,
9121,łódzkie,sieradzki,Brzeźnio,gmina wiejska,1014042,2018,nowy,,,,,,,,,,
9122,łódzkie,sieradzki,Brzeźnio,gmina wiejska,1014042,2019,nowy,,,,,,,,,,
9123,łódzkie,sieradzki,Brzeźnio,gmina wiejska,1014042,2020,nowy,,,,,,,,,,
9124,łódzkie,sieradzki,Brzeźnio,gmina wiejska,1014042,2021,nowy,,,,,,,,,,
9125,łódzkie,sieradzki,Brzeźnio,gmina wiejska,1014042,2022,nowy,,,,,,,,,,
9126,łódzkie,sieradzki,Brzeźnio,gmina wiejska,1014042,2023,nowy,,,,,,,,,,
9127,łódzkie,sieradzki,Brzeźnio,gmina wiejska,1014042,2024,nowy,,,,,,,,,,
9128,łódzkie,sieradzki,Brzeźnio,gmina wiejska,1014042,2025,nowy,,,,,,,,,,
9129,łódzkie,sieradzki,Burzenin,gmina wiejska,1014052,2018,nowy,,,,,,,,,,
9130,łódzkie,sieradzki,Burzenin,gmina wiejska,1014052,2019,nowy,,,,,,,,,,
9131,łódzkie,sieradzki,Burzenin,gmina wiejska,1014052,2020,nowy,,,,,,,,,,
9132,łódzkie,sieradzki,Burzenin,gmina wiejska,1014052,2021,nowy,,,,,,,,,,
9133,łódzkie,sieradzki,Burzenin,gmina wiejska,1014052,2022,nowy,,,,,,,,,,
9134,łódzkie,sieradzki,Burzenin,gmina wiejska,1014052,2023,nowy,,,,,,,,,,
9135,łódzkie,sieradzki,Burzenin,gmina wiejska,1014052,2024,nowy,,,,,,,,,,
9136,łódzkie,sieradzki,Burzenin,gmina wiejska,1014052,2025,nowy,,,,,,,,,,
9137,łódzkie,sieradzki,Goszczanów,gmina wiejska,1014062,2018,nowy,,,,,,,,,,
9138,łódzkie,sieradzki,Goszczanów,gmina wiejska,1014062,2019,nowy,,,,,,,,,,
9139,łódzkie,sieradzki,Goszczanów,gmina wiejska,1014062,2020,nowy,,,,,,,,,,
9140,łódzkie,sieradzki,Goszczanów,gmina wiejska,1014062,2021,nowy,,,,,,,,,,
9141,łódzkie,sieradzki,Goszczanów,gmina wiejska,1014062,2022,nowy,,,,,,,,,,
9142,łódzkie,sieradzki,Goszczanów,gmina wiejska,1014062,2023,nowy,,,,,,,,,,
9143,łódzkie,sieradzki,Goszczanów,gmina wiejska,1014062,2024,nowy,,,,,,,,,,
9144,łódzkie,sieradzki,Goszczanów,gmina wiejska,1014062,2025,nowy,,,,,,,,,,
9145,łódzkie,sieradzki,Klonowa,gmina wiejska,1014072,2018,nowy,,,,,,,,,,
9146,łódzkie,sieradzki,Klonowa,gmina wiejska,1014072,2019,nowy,,,,,,,,,,
9147,łódzkie,sieradzki,Klonowa,gmina wiejska,1014072,2020,nowy,,,,,,,,,,
9148,łódzkie,sieradzki,Klonowa,gmina wiejska,1014072,2021,nowy,,,,,,,,,,
9149,łódzkie,sieradzki,Klonowa,gmina wiejska,1014072,2022,nowy,,,,,,,,,,
9150,łódzkie,sieradzki,Klonowa,gmina wiejska,1014072,2023,nowy,,,,,,,,,,
9151,łódzkie,sieradzki,Klonowa,gmina wiejska,1014072,2024,nowy,,,,,,,,,,
9152,łódzkie,sieradzki,Klonowa,gmina wiejska,1014072,2025,nowy,,,,,,,,,,
9153,łódzkie,sieradzki,Sieradz,gmina wiejska,1014082,2018,nowy,,,,,,,,,,
9154,łódzkie,sieradzki,Sieradz,gmina wiejska,1014082,2019,nowy,,,,,,,,,,
9155,łódzkie,sieradzki,Sieradz,gmina wiejska,1014082,2020,nowy,,,,,,,,,,
9156,łódzkie,sieradzki,Sieradz,gmina wiejska,1014082,2021,nowy,,,,,,,,,,
9157,łódzkie,sieradzki,Sieradz,gmina wiejska,1014082,2022,nowy,,,,,,,,,,
9158,łódzkie,sieradzki,Sieradz,gmina wiejska,1014082,2023,nowy,,,,,,,,,,
9159,łódzkie,sieradzki,Sieradz,gmina wiejska,1014082,2024,nowy,,,,,,,,,,
9160,łódzkie,sieradzki,Sieradz,gmina wiejska,1014082,2025,nowy,,,,,,,,,,
9161,łódzkie,sieradzki,Warta,gmina miejsko-wiejska,1014093,2018,nowy,,,,,,,,,,
9162,łódzkie,sieradzki,Warta,gmina miejsko-wiejska,1014093,2019,nowy,,,,,,,,,,
9163,łódzkie,sieradzki,Warta,gmina miejsko-wiejska,1014093,2020,nowy,,,,,,,,,,
9164,łódzkie,sieradzki,Warta,gmina miejsko-wiejska,1014093,2021,nowy,,,,,,,,,,
9165,łódzkie,sieradzki,Warta,gmina miejsko-wiejska,1014093,2022,nowy,,,,,,,,,,
9166,łódzkie,sieradzki,Warta,gmina miejsko-wiejska,1014093,2023,nowy,,,,,,,,,,
9167,łódzkie,sieradzki,Warta,gmina miejsko-wiejska,1014093,2024,nowy,,,,,,,,,,
9168,łódzkie,sieradzki,Warta,gmina miejsko-wiejska,1014093,2025,nowy,,,,,,,,,,
9169,łódzkie,sieradzki,Wróblew,gmina wiejska,1014102,2018,nowy,,,,,,,,,,
9170,łódzkie,sieradzki,Wróblew,gmina wiejska,1014102,2019,nowy,,,,,,,,,,
9171,łódzkie,sieradzki,Wróblew,gmina wiejska,1014102,2020,nowy,,,,,,,,,,
9172,łódzkie,sieradzki,Wróblew,gmina wiejska,1014102,2021,nowy,,,,,,,,,,
9173,łódzkie,sieradzki,Wróblew,gmina wiejska,1014102,2022,nowy,,,,,,,,,,
9174,łódzkie,sieradzki,Wróblew,gmina wiejska,1014102,2023,nowy,,,,,,,,,,
9175,łódzkie,sieradzki,Wróblew,gmina wiejska,1014102,2024,nowy,,,,,,,,,,
9176,łódzkie,sieradzki,Wróblew,gmina wiejska,1014102,2025,nowy,,,,,,,,,,
9177,łódzkie,sieradzki,Złoczew,gmina miejsko-wiejska,1014113,2018,nowy,,,,,,,,,,
9178,łódzkie,sieradzki,Złoczew,gmina miejsko-wiejska,1014113,2019,nowy,,,,,,,,,,
9179,łódzkie,sieradzki,Złoczew,gmina miejsko-wiejska,1014113,2020,nowy,,,,,,,,,,
9180,łódzkie,sieradzki,Złoczew,gmina miejsko-wiejska,1014113,2021,nowy,,,,,,,,,,
9181,łódzkie,sieradzki,Złoczew,gmina miejsko-wiejska,1014113,2022,nowy,,,,,,,,,,
9182,łódzkie,sieradzki,Złoczew,gmina miejsko-wiejska,1014113,2023,nowy,,,,,,,,,,
9183,łódzkie,sieradzki,Złoczew,gmina miejsko-wiejska,1014113,2024,nowy,,,,,,,,,,
9184,łódzkie,sieradzki,Złoczew,gmina miejsko-wiejska,1014113,2025,nowy,,,,,,,,,,
9185,łódzkie,skierniewicki,-,-,1015,2018,nowy,,,,,,,,,,
9186,łódzkie,skierniewicki,-,-,1015,2019,nowy,,,,,,,,,,
9187,łódzkie,skierniewicki,-,-,1015,2020,nowy,,,,,,,,,,
9188,łódzkie,skierniewicki,-,-,1015,2021,nowy,,,,,,,,,,
9189,łódzkie,skierniewicki,-,-,1015,2022,nowy,,,,,,,,,,
9190,łódzkie,skierniewicki,-,-,1015,2023,nowy,,,,,,,,,,
9191,łódzkie,skierniewicki,-,-,1015,2024,nowy,,,,,,,,,,
9192,łódzkie,skierniewicki,-,-,1015,2025,nowy,,,,,,,,,,
9193,łódzkie,skierniewicki,Bolimów,gmina wiejska,1015012,2018,nowy,,,,,,,,,,
9194,łódzkie,skierniewicki,Bolimów,gmina wiejska,1015012,2019,nowy,,,,,,,,,,
9195,łódzkie,skierniewicki,Bolimów,gmina wiejska,1015012,2020,nowy,,,,,,,,,,
9196,łódzkie,skierniewicki,Bolimów,gmina wiejska,1015012,2021,nowy,,,,,,,,,,
9197,łódzkie,skierniewicki,Bolimów,gmina miejsko-wiejska,1015013,2022,nowy,,,,,,,,,,
9198,łódzkie,skierniewicki,Bolimów,gmina miejsko-wiejska,1015013,2023,nowy,,,,,,,,,,
9199,łódzkie,skierniewicki,Bolimów,gmina miejsko-wiejska,1015013,2024,nowy,,,,,,,,,,
9200,łódzkie,skierniewicki,Bolimów,gmina miejsko-wiejska,1015013,2025,nowy,,,,,,,,,,
9201,łódzkie,skierniewicki,Głuchów,gmina wiejska,1015022,2018,nowy,,,,,,,,,,
9202,łódzkie,skierniewicki,Głuchów,gmina wiejska,1015022,2019,nowy,,,,,,,,,,
9203,łódzkie,skierniewicki,Głuchów,gmina wiejska,1015022,2020,nowy,,,,,,,,,,
9204,łódzkie,skierniewicki,Głuchów,gmina wiejska,1015022,2021,nowy,,,,,,,,,,
9205,łódzkie,skierniewicki,Głuchów,gmina wiejska,1015022,2022,nowy,,,,,,,,,,
9206,łódzkie,skierniewicki,Głuchów,gmina wiejska,1015022,2023,nowy,,,,,,,,,,
9207,łódzkie,skierniewicki,Głuchów,gmina wiejska,1015022,2024,nowy,,,,,,,,,,
9208,łódzkie,skierniewicki,Głuchów,gmina wiejska,1015022,2025,nowy,,,,,,,,,,
9209,łódzkie,skierniewicki,Godzianów,gmina wiejska,1015032,2018,nowy,,,,,,,,,,
9210,łódzkie,skierniewicki,Godzianów,gmina wiejska,1015032,2019,nowy,,,,,,,,,,
9211,łódzkie,skierniewicki,Godzianów,gmina wiejska,1015032,2020,nowy,,,,,,,,,,
9212,łódzkie,skierniewicki,Godzianów,gmina wiejska,1015032,2021,nowy,,,,,,,,,,
9213,łódzkie,skierniewicki,Godzianów,gmina wiejska,1015032,2022,nowy,,,,,,,,,,
9214,łódzkie,skierniewicki,Godzianów,gmina wiejska,1015032,2023,nowy,,,,,,,,,,
9215,łódzkie,skierniewicki,Godzianów,gmina wiejska,1015032,2024,nowy,,,,,,,,,,
9216,łódzkie,skierniewicki,Godzianów,gmina wiejska,1015032,2025,nowy,,,,,,,,,,
9217,łódzkie,skierniewicki,Kowiesy,gmina wiejska,1015042,2018,nowy,,,,,,,,,,
9218,łódzkie,skierniewicki,Kowiesy,gmina wiejska,1015042,2019,nowy,,,,,,,,,,
9219,łódzkie,skierniewicki,Kowiesy,gmina wiejska,1015042,2020,nowy,,,,,,,,,,
9220,łódzkie,skierniewicki,Kowiesy,gmina wiejska,1015042,2021,nowy,,,,,,,,,,
9221,łódzkie,skierniewicki,Kowiesy,gmina wiejska,1015042,2022,nowy,,,,,,,,,,
9222,łódzkie,skierniewicki,Kowiesy,gmina wiejska,1015042,2023,nowy,,,,,,,,,,
9223,łódzkie,skierniewicki,Kowiesy,gmina wiejska,1015042,2024,nowy,,,,,,,,,,
9224,łódzkie,skierniewicki,Kowiesy,gmina wiejska,1015042,2025,nowy,,,,,,,,,,
9225,łódzkie,skierniewicki,Lipce Reymontowskie,gmina wiejska,1015052,2018,nowy,,,,,,,,,,
9226,łódzkie,skierniewicki,Lipce Reymontowskie,gmina wiejska,1015052,2019,nowy,,,,,,,,,,
9227,łódzkie,skierniewicki,Lipce Reymontowskie,gmina wiejska,1015052,2020,nowy,,,,,,,,,,
9228,łódzkie,skierniewicki,Lipce Reymontowskie,gmina wiejska,1015052,2021,nowy,,,,,,,,,,
9229,łódzkie,skierniewicki,Lipce Reymontowskie,gmina wiejska,1015052,2022,nowy,,,,,,,,,,
9230,łódzkie,skierniewicki,Lipce Reymontowskie,gmina wiejska,1015052,2023,nowy,,,,,,,,,,
9231,łódzkie,skierniewicki,Lipce Reymontowskie,gmina wiejska,1015052,2024,nowy,,,,,,,,,,
9232,łódzkie,skierniewicki,Lipce Reymontowskie,gmina wiejska,1015052,2025,nowy,,,,,,,,,,
9233,łódzkie,skierniewicki,Maków,gmina wiejska,1015062,2018,nowy,,,,,,,,,,
9234,łódzkie,skierniewicki,Maków,gmina wiejska,1015062,2019,nowy,,,,,,,,,,
9235,łódzkie,skierniewicki,Maków,gmina wiejska,1015062,2020,nowy,,,,,,,,,,
9236,łódzkie,skierniewicki,Maków,gmina wiejska,1015062,2021,nowy,,,,,,,,,,
9237,łódzkie,skierniewicki,Maków,gmina wiejska,1015062,2022,nowy,,,,,,,,,,
9238,łódzkie,skierniewicki,Maków,gmina wiejska,1015062,2023,nowy,,,,,,,,,,
9239,łódzkie,skierniewicki,Maków,gmina wiejska,1015062,2024,nowy,,,,,,,,,,
9240,łódzkie,skierniewicki,Maków,gmina wiejska,1015062,2025,nowy,,,,,,,,,,
9241,łódzkie,skierniewicki,Nowy Kawęczyn,gmina wiejska,1015072,2018,nowy,,,,,,,,,,
9242,łódzkie,skierniewicki,Nowy Kawęczyn,gmina wiejska,1015072,2019,nowy,,,,,,,,,,
9243,łódzkie,skierniewicki,Nowy Kawęczyn,gmina wiejska,1015072,2020,nowy,,,,,,,,,,
9244,łódzkie,skierniewicki,Nowy Kawęczyn,gmina wiejska,1015072,2021,nowy,,,,,,,,,,
9245,łódzkie,skierniewicki,Nowy Kawęczyn,gmina wiejska,1015072,2022,nowy,,,,,,,,,,
9246,łódzkie,skierniewicki,Nowy Kawęczyn,gmina wiejska,1015072,2023,nowy,,,,,,,,,,
9247,łódzkie,skierniewicki,Nowy Kawęczyn,gmina wiejska,1015072,2024,nowy,,,,,,,,,,
9248,łódzkie,skierniewicki,Nowy Kawęczyn,gmina wiejska,1015072,2025,nowy,,,,,,,,,,
9249,łódzkie,skierniewicki,Skierniewice,gmina wiejska,1015082,2018,nowy,,,,,,,,,,
9250,łódzkie,skierniewicki,Skierniewice,gmina wiejska,1015082,2019,nowy,,,,,,,,,,
9251,łódzkie,skierniewicki,Skierniewice,gmina wiejska,1015082,2020,nowy,,,,,,,,,,
9252,łódzkie,skierniewicki,Skierniewice,gmina wiejska,1015082,2021,nowy,,,,,,,,,,
9253,łódzkie,skierniewicki,Skierniewice,gmina wiejska,1015082,2022,nowy,,,,,,,,,,
9254,łódzkie,skierniewicki,Skierniewice,gmina wiejska,1015082,2023,nowy,,,,,,,,,,
9255,łódzkie,skierniewicki,Skierniewice,gmina wiejska,1015082,2024,nowy,,,,,,,,,,
9256,łódzkie,skierniewicki,Skierniewice,gmina wiejska,1015082,2025,nowy,,,,,,,,,,
9257,łódzkie,skierniewicki,Słupia,gmina wiejska,1015092,2018,nowy,,,,,,,,,,
9258,łódzkie,skierniewicki,Słupia,gmina wiejska,1015092,2019,nowy,,,,,,,,,,
9259,łódzkie,skierniewicki,Słupia,gmina wiejska,1015092,2020,nowy,,,,,,,,,,
9260,łódzkie,skierniewicki,Słupia,gmina wiejska,1015092,2021,nowy,,,,,,,,,,
9261,łódzkie,skierniewicki,Słupia,gmina wiejska,1015092,2022,nowy,,,,,,,,,,
9262,łódzkie,skierniewicki,Słupia,gmina wiejska,1015092,2023,nowy,,,,,,,,,,
9263,łódzkie,skierniewicki,Słupia,gmina wiejska,1015092,2024,nowy,,,,,,,,,,
9264,łódzkie,skierniewicki,Słupia,gmina wiejska,1015092,2025,nowy,,,,,,,,,,
9265,łódzkie,tomaszowski,-,-,1016,2018,nowy,,,,,,,,,,
9266,łódzkie,tomaszowski,-,-,1016,2019,nowy,,,,,,,,,,
9267,łódzkie,tomaszowski,-,-,1016,2020,nowy,,,,,,,,,,
9268,łódzkie,tomaszowski,-,-,1016,2021,nowy,,,,,,,,,,
9269,łódzkie,tomaszowski,-,-,1016,2022,nowy,,,,,,,,,,
9270,łódzkie,tomaszowski,-,-,1016,2023,nowy,,,,,,,,,,
9271,łódzkie,tomaszowski,-,-,1016,2024,nowy,,,,,,,,,,
9272,łódzkie,tomaszowski,-,-,1016,2025,nowy,,,,,,,,,,
9273,łódzkie,tomaszowski,Tomaszów Mazowiecki,gmina miejska,1016011,2018,nowy,,,,,,,,,,
9274,łódzkie,tomaszowski,Tomaszów Mazowiecki,gmina miejska,1016011,2019,nowy,,,,,,,,,,
9275,łódzkie,tomaszowski,Tomaszów Mazowiecki,gmina miejska,1016011,2020,nowy,,,,,,,,,,
9276,łódzkie,tomaszowski,Tomaszów Mazowiecki,gmina miejska,1016011,2021,nowy,,,,,,,,,,
9277,łódzkie,tomaszowski,Tomaszów Mazowiecki,gmina miejska,1016011,2022,nowy,,,,,,,,,,
9278,łódzkie,tomaszowski,Tomaszów Mazowiecki,gmina miejska,1016011,2023,nowy,,,,,,,,,,
9279,łódzkie,tomaszowski,Tomaszów Mazowiecki,gmina miejska,1016011,2024,nowy,,,,,,,,,,
9280,łódzkie,tomaszowski,Tomaszów Mazowiecki,gmina miejska,1016011,2025,nowy,,,,,,,,,,
9281,łódzkie,tomaszowski,Będków,gmina wiejska,1016022,2018,nowy,,,,,,,,,,
9282,łódzkie,tomaszowski,Będków,gmina wiejska,1016022,2019,nowy,,,,,,,,,,
9283,łódzkie,tomaszowski,Będków,gmina wiejska,1016022,2020,nowy,,,,,,,,,,
9284,łódzkie,tomaszowski,Będków,gmina wiejska,1016022,2021,nowy,,,,,,,,,,
9285,łódzkie,tomaszowski,Będków,gmina wiejska,1016022,2022,nowy,,,,,,,,,,
9286,łódzkie,tomaszowski,Będków,gmina wiejska,1016022,2023,nowy,,,,,,,,,,
9287,łódzkie,tomaszowski,Będków,gmina wiejska,1016022,2024,nowy,,,,,,,,,,
9288,łódzkie,tomaszowski,Będków,gmina wiejska,1016022,2025,nowy,,,,,,,,,,
9289,łódzkie,tomaszowski,Budziszewice,gmina wiejska,1016032,2018,nowy,,,,,,,,,,
9290,łódzkie,tomaszowski,Budziszewice,gmina wiejska,1016032,2019,nowy,,,,,,,,,,
9291,łódzkie,tomaszowski,Budziszewice,gmina wiejska,1016032,2020,nowy,,,,,,,,,,
9292,łódzkie,tomaszowski,Budziszewice,gmina wiejska,1016032,2021,nowy,,,,,,,,,,
9293,łódzkie,tomaszowski,Budziszewice,gmina wiejska,1016032,2022,nowy,,,,,,,,,,
9294,łódzkie,tomaszowski,Budziszewice,gmina wiejska,1016032,2023,nowy,,,,,,,,,,
9295,łódzkie,tomaszowski,Budziszewice,gmina wiejska,1016032,2024,nowy,,,,,,,,,,
9296,łódzkie,tomaszowski,Budziszewice,gmina wiejska,1016032,2025,nowy,,,,,,,,,,
9297,łódzkie,tomaszowski,Czerniewice,gmina wiejska,1016042,2018,nowy,,,,,,,,,,
9298,łódzkie,tomaszowski,Czerniewice,gmina wiejska,1016042,2019,nowy,,,,,,,,,,
9299,łódzkie,tomaszowski,Czerniewice,gmina wiejska,1016042,2020,nowy,,,,,,,,,,
9300,łódzkie,tomaszowski,Czerniewice,gmina wiejska,1016042,2021,nowy,,,,,,,,,,
9301,łódzkie,tomaszowski,Czerniewice,gmina wiejska,1016042,2022,nowy,,,,,,,,,,
9302,łódzkie,tomaszowski,Czerniewice,gmina wiejska,1016042,2023,nowy,,,,,,,,,,
9303,łódzkie,tomaszowski,Czerniewice,gmina wiejska,1016042,2024,nowy,,,,,,,,,,
9304,łódzkie,tomaszowski,Czerniewice,gmina wiejska,1016042,2025,nowy,,,,,,,,,,
9305,łódzkie,tomaszowski,Inowłódz,gmina wiejska,1016052,2018,nowy,,,,,,,,,,
9306,łódzkie,tomaszowski,Inowłódz,gmina wiejska,1016052,2019,nowy,,,,,,,,,,
9307,łódzkie,tomaszowski,Inowłódz,gmina wiejska,1016052,2020,nowy,,,,,,,,,,
9308,łódzkie,tomaszowski,Inowłódz,gmina wiejska,1016052,2021,nowy,,,,,,,,,,
9309,łódzkie,tomaszowski,Inowłódz,gmina wiejska,1016052,2022,nowy,,,,,,,,,,
9310,łódzkie,tomaszowski,Inowłódz,gmina wiejska,1016052,2023,nowy,,,,,,,,,,
9311,łódzkie,tomaszowski,Inowłódz,gmina miejsko-wiejska,1016053,2024,nowy,,,,,,,,,,
9312,łódzkie,tomaszowski,Inowłódz,gmina miejsko-wiejska,1016053,2025,nowy,,,,,,,,,,
9313,łódzkie,tomaszowski,Lubochnia,gmina wiejska,1016062,2018,nowy,,,,,,,,,,
9314,łódzkie,tomaszowski,Lubochnia,gmina wiejska,1016062,2019,nowy,,,,,,,,,,
9315,łódzkie,tomaszowski,Lubochnia,gmina wiejska,1016062,2020,nowy,,,,,,,,,,
9316,łódzkie,tomaszowski,Lubochnia,gmina wiejska,1016062,2021,nowy,,,,,,,,,,
9317,łódzkie,tomaszowski,Lubochnia,gmina wiejska,1016062,2022,nowy,,,,,,,,,,
9318,łódzkie,tomaszowski,Lubochnia,gmina wiejska,1016062,2023,nowy,,,,,,,,,,
9319,łódzkie,tomaszowski,Lubochnia,gmina wiejska,1016062,2024,nowy,,,,,,,,,,
9320,łódzkie,tomaszowski,Lubochnia,gmina wiejska,1016062,2025,nowy,,,,,,,,,,
9321,łódzkie,tomaszowski,Rokiciny,gmina wiejska,1016072,2018,nowy,,,,,,,,,,
9322,łódzkie,tomaszowski,Rokiciny,gmina wiejska,1016072,2019,nowy,,,,,,,,,,
9323,łódzkie,tomaszowski,Rokiciny,gmina wiejska,1016072,2020,nowy,,,,,,,,,,
9324,łódzkie,tomaszowski,Rokiciny,gmina wiejska,1016072,2021,nowy,,,,,,,,,,
9325,łódzkie,tomaszowski,Rokiciny,gmina wiejska,1016072,2022,nowy,,,,,,,,,,
9326,łódzkie,tomaszowski,Rokiciny,gmina wiejska,1016072,2023,nowy,,,,,,,,,,
9327,łódzkie,tomaszowski,Rokiciny,gmina wiejska,1016072,2024,nowy,,,,,,,,,,
9328,łódzkie,tomaszowski,Rokiciny,gmina wiejska,1016072,2025,nowy,,,,,,,,,,
9329,łódzkie,tomaszowski,Rzeczyca,gmina wiejska,1016082,2018,nowy,,,,,,,,,,
9330,łódzkie,tomaszowski,Rzeczyca,gmina wiejska,1016082,2019,nowy,,,,,,,,,,
9331,łódzkie,tomaszowski,Rzeczyca,gmina wiejska,1016082,2020,nowy,,,,,,,,,,
9332,łódzkie,tomaszowski,Rzeczyca,gmina wiejska,1016082,2021,nowy,,,,,,,,,,
9333,łódzkie,tomaszowski,Rzeczyca,gmina wiejska,1016082,2022,nowy,,,,,,,,,,
9334,łódzkie,tomaszowski,Rzeczyca,gmina wiejska,1016082,2023,nowy,,,,,,,,,,
9335,łódzkie,tomaszowski,Rzeczyca,gmina wiejska,1016082,2024,nowy,,,,,,,,,,
9336,łódzkie,tomaszowski,Rzeczyca,gmina wiejska,1016082,2025,nowy,,,,,,,,,,
9337,łódzkie,tomaszowski,Tomaszów Mazowiecki,gmina wiejska,1016092,2018,nowy,,,,,,,,,,
9338,łódzkie,tomaszowski,Tomaszów Mazowiecki,gmina wiejska,1016092,2019,nowy,,,,,,,,,,
9339,łódzkie,tomaszowski,Tomaszów Mazowiecki,gmina wiejska,1016092,2020,nowy,,,,,,,,,,
9340,łódzkie,tomaszowski,Tomaszów Mazowiecki,gmina wiejska,1016092,2021,nowy,,,,,,,,,,
9341,łódzkie,tomaszowski,Tomaszów Mazowiecki,gmina wiejska,1016092,2022,nowy,,,,,,,,,,
9342,łódzkie,tomaszowski,Tomaszów Mazowiecki,gmina wiejska,1016092,2023,nowy,,,,,,,,,,
9343,łódzkie,tomaszowski,Tomaszów Mazowiecki,gmina wiejska,1016092,2024,nowy,,,,,,,,,,
9344,łódzkie,tomaszowski,Tomaszów Mazowiecki,gmina wiejska,1016092,2025,nowy,,,,,,,,,,
9345,łódzkie,tomaszowski,Ujazd,gmina wiejska,1016102,2018,nowy,,,,,,,,,,
9346,łódzkie,tomaszowski,Ujazd,gmina wiejska,1016102,2019,nowy,,,,,,,,,,
9347,łódzkie,tomaszowski,Ujazd,gmina wiejska,1016102,2020,nowy,,,,,,,,,,
9348,łódzkie,tomaszowski,Ujazd,gmina wiejska,1016102,2021,nowy,,,,,,,,,,
9349,łódzkie,tomaszowski,Ujazd,gmina wiejska,1016102,2022,nowy,,,,,,,,,,
9350,łódzkie,tomaszowski,Ujazd,gmina miejsko-wiejska,1016103,2023,nowy,,,,,,,,,,
9351,łódzkie,tomaszowski,Ujazd,gmina miejsko-wiejska,1016103,2024,nowy,,,,,,,,,,
9352,łódzkie,tomaszowski,Ujazd,gmina miejsko-wiejska,1016103,2025,nowy,,,,,,,,,,
9353,łódzkie,tomaszowski,Żelechlinek,gmina wiejska,1016112,2018,nowy,,,,,,,,,,
9354,łódzkie,tomaszowski,Żelechlinek,gmina wiejska,1016112,2019,nowy,,,,,,,,,,
9355,łódzkie,tomaszowski,Żelechlinek,gmina wiejska,1016112,2020,nowy,,,,,,,,,,
9356,łódzkie,tomaszowski,Żelechlinek,gmina wiejska,1016112,2021,nowy,,,,,,,,,,
9357,łódzkie,tomaszowski,Żelechlinek,gmina wiejska,1016112,2022,nowy,,,,,,,,,,
9358,łódzkie,tomaszowski,Żelechlinek,gmina wiejska,1016112,2023,nowy,,,,,,,,,,
9359,łódzkie,tomaszowski,Żelechlinek,gmina wiejska,1016112,2024,nowy,,,,,,,,,,
9360,łódzkie,tomaszowski,Żelechlinek,gmina wiejska,1016112,2025,nowy,,,,,,,,,,
9361,łódzkie,wieluński,-,-,1017,2018,nowy,,,,,,,,,,
9362,łódzkie,wieluński,-,-,1017,2019,nowy,,,,,,,,,,
9363,łódzkie,wieluński,-,-,1017,2020,nowy,,,,,,,,,,
9364,łódzkie,wieluński,-,-,1017,2021,nowy,,,,,,,,,,
9365,łódzkie,wieluński,-,-,1017,2022,nowy,,,,,,,,,,
9366,łódzkie,wieluński,-,-,1017,2023,nowy,,,,,,,,,,
9367,łódzkie,wieluński,-,-,1017,2024,nowy,,,,,,,,,,
9368,łódzkie,wieluński,-,-,1017,2025,nowy,,,,,,,,,,
9369,łódzkie,wieluński,Biała,gmina wiejska,1017012,2018,nowy,,,,,,,,,,
9370,łódzkie,wieluński,Biała,gmina wiejska,1017012,2019,nowy,,,,,,,,,,
9371,łódzkie,wieluński,Biała,gmina wiejska,1017012,2020,nowy,,,,,,,,,,
9372,łódzkie,wieluński,Biała,gmina wiejska,1017012,2021,nowy,,,,,,,,,,
9373,łódzkie,wieluński,Biała,gmina wiejska,1017012,2022,nowy,,,,,,,,,,
9374,łódzkie,wieluński,Biała,gmina wiejska,1017012,2023,nowy,,,,,,,,,,
9375,łódzkie,wieluński,Biała,gmina wiejska,1017012,2024,nowy,,,,,,,,,,
9376,łódzkie,wieluński,Biała,gmina wiejska,1017012,2025,nowy,,,,,,,,,,
9377,łódzkie,wieluński,Czarnożyły,gmina wiejska,1017022,2018,nowy,,,,,,,,,,
9378,łódzkie,wieluński,Czarnożyły,gmina wiejska,1017022,2019,nowy,,,,,,,,,,
9379,łódzkie,wieluński,Czarnożyły,gmina wiejska,1017022,2020,nowy,,,,,,,,,,
9380,łódzkie,wieluński,Czarnożyły,gmina wiejska,1017022,2021,nowy,,,,,,,,,,
9381,łódzkie,wieluński,Czarnożyły,gmina wiejska,1017022,2022,nowy,,,,,,,,,,
9382,łódzkie,wieluński,Czarnożyły,gmina wiejska,1017022,2023,nowy,,,,,,,,,,
9383,łódzkie,wieluński,Czarnożyły,gmina wiejska,1017022,2024,nowy,,,,,,,,,,
9384,łódzkie,wieluński,Czarnożyły,gmina wiejska,1017022,2025,nowy,,,,,,,,,,
9385,łódzkie,wieluński,Konopnica,gmina wiejska,1017032,2018,nowy,,,,,,,,,,
9386,łódzkie,wieluński,Konopnica,gmina wiejska,1017032,2019,nowy,,,,,,,,,,
9387,łódzkie,wieluński,Konopnica,gmina wiejska,1017032,2020,nowy,,,,,,,,,,
9388,łódzkie,wieluński,Konopnica,gmina wiejska,1017032,2021,nowy,,,,,,,,,,
9389,łódzkie,wieluński,Konopnica,gmina wiejska,1017032,2022,nowy,,,,,,,,,,
9390,łódzkie,wieluński,Konopnica,gmina wiejska,1017032,2023,nowy,,,,,,,,,,
9391,łódzkie,wieluński,Konopnica,gmina wiejska,1017032,2024,nowy,,,,,,,,,,
9392,łódzkie,wieluński,Konopnica,gmina wiejska,1017032,2025,nowy,,,,,,,,,,
9393,łódzkie,wieluński,Mokrsko,gmina wiejska,1017042,2018,nowy,,,,,,,,,,
9394,łódzkie,wieluński,Mokrsko,gmina wiejska,1017042,2019,nowy,,,,,,,,,,
9395,łódzkie,wieluński,Mokrsko,gmina wiejska,1017042,2020,nowy,,,,,,,,,,
9396,łódzkie,wieluński,Mokrsko,gmina wiejska,1017042,2021,nowy,,,,,,,,,,
9397,łódzkie,wieluński,Mokrsko,gmina wiejska,1017042,2022,nowy,,,,,,,,,,
9398,łódzkie,wieluński,Mokrsko,gmina wiejska,1017042,2023,nowy,,,,,,,,,,
9399,łódzkie,wieluński,Mokrsko,gmina wiejska,1017042,2024,nowy,,,,,,,,,,
9400,łódzkie,wieluński,Mokrsko,gmina wiejska,1017042,2025,nowy,,,,,,,,,,
9401,łódzkie,wieluński,Osjaków,gmina wiejska,1017052,2018,nowy,,,,,,,,,,
9402,łódzkie,wieluński,Osjaków,gmina wiejska,1017052,2019,nowy,,,,,,,,,,
9403,łódzkie,wieluński,Osjaków,gmina wiejska,1017052,2020,nowy,,,,,,,,,,
9404,łódzkie,wieluński,Osjaków,gmina wiejska,1017052,2021,nowy,,,,,,,,,,
9405,łódzkie,wieluński,Osjaków,gmina wiejska,1017052,2022,nowy,,,,,,,,,,
9406,łódzkie,wieluński,Osjaków,gmina wiejska,1017052,2023,nowy,,,,,,,,,,
9407,łódzkie,wieluński,Osjaków,gmina miejsko-wiejska,1017053,2024,nowy,,,,,,,,,,
9408,łódzkie,wieluński,Osjaków,gmina miejsko-wiejska,1017053,2025,nowy,,,,,,,,,,
9409,łódzkie,wieluński,Ostrówek,gmina wiejska,1017062,2018,nowy,,,,,,,,,,
9410,łódzkie,wieluński,Ostrówek,gmina wiejska,1017062,2019,nowy,,,,,,,,,,
9411,łódzkie,wieluński,Ostrówek,gmina wiejska,1017062,2020,nowy,,,,,,,,,,
9412,łódzkie,wieluński,Ostrówek,gmina wiejska,1017062,2021,nowy,,,,,,,,,,
9413,łódzkie,wieluński,Ostrówek,gmina wiejska,1017062,2022,nowy,,,,,,,,,,
9414,łódzkie,wieluński,Ostrówek,gmina wiejska,1017062,2023,nowy,,,,,,,,,,
9415,łódzkie,wieluński,Ostrówek,gmina wiejska,1017062,2024,nowy,,,,,,,,,,
9416,łódzkie,wieluński,Ostrówek,gmina wiejska,1017062,2025,nowy,,,,,,,,,,
9417,łódzkie,wieluński,Pątnów,gmina wiejska,1017072,2018,nowy,,,,,,,,,,
9418,łódzkie,wieluński,Pątnów,gmina wiejska,1017072,2019,nowy,,,,,,,,,,
9419,łódzkie,wieluński,Pątnów,gmina wiejska,1017072,2020,nowy,,,,,,,,,,
9420,łódzkie,wieluński,Pątnów,gmina wiejska,1017072,2021,nowy,,,,,,,,,,
9421,łódzkie,wieluński,Pątnów,gmina wiejska,1017072,2022,nowy,,,,,,,,,,
9422,łódzkie,wieluński,Pątnów,gmina wiejska,1017072,2023,nowy,,,,,,,,,,
9423,łódzkie,wieluński,Pątnów,gmina wiejska,1017072,2024,nowy,,,,,,,,,,
9424,łódzkie,wieluński,Pątnów,gmina wiejska,1017072,2025,nowy,,,,,,,,,,
9425,łódzkie,wieluński,Skomlin,gmina wiejska,1017082,2018,nowy,,,,,,,,,,
9426,łódzkie,wieluński,Skomlin,gmina wiejska,1017082,2019,nowy,,,,,,,,,,
9427,łódzkie,wieluński,Skomlin,gmina wiejska,1017082,2020,nowy,,,,,,,,,,
9428,łódzkie,wieluński,Skomlin,gmina wiejska,1017082,2021,nowy,,,,,,,,,,
9429,łódzkie,wieluński,Skomlin,gmina wiejska,1017082,2022,nowy,,,,,,,,,,
9430,łódzkie,wieluński,Skomlin,gmina wiejska,1017082,2023,nowy,,,,,,,,,,
9431,łódzkie,wieluński,Skomlin,gmina wiejska,1017082,2024,nowy,,,,,,,,,,
9432,łódzkie,wieluński,Skomlin,gmina wiejska,1017082,2025,nowy,,,,,,,,,,
9433,łódzkie,wieluński,Wieluń,gmina miejsko-wiejska,1017093,2018,nowy,,,,,,,,,,
9434,łódzkie,wieluński,Wieluń,gmina miejsko-wiejska,1017093,2019,nowy,,,,,,,,,,
9435,łódzkie,wieluński,Wieluń,gmina miejsko-wiejska,1017093,2020,nowy,,,,,,,,,,
9436,łódzkie,wieluński,Wieluń,gmina miejsko-wiejska,1017093,2021,nowy,,,,,,,,,,
9437,łódzkie,wieluński,Wieluń,gmina miejsko-wiejska,1017093,2022,nowy,,,,,,,,,,
9438,łódzkie,wieluński,Wieluń,gmina miejsko-wiejska,1017093,2023,nowy,,,,,,,,,,
9439,łódzkie,wieluński,Wieluń,gmina miejsko-wiejska,1017093,2024,nowy,,,,,,,,,,
9440,łódzkie,wieluński,Wieluń,gmina miejsko-wiejska,1017093,2025,nowy,,,,,,,,,,
9441,łódzkie,wieluński,Wierzchlas,gmina wiejska,1017102,2018,nowy,,,,,,,,,,
9442,łódzkie,wieluński,Wierzchlas,gmina wiejska,1017102,2019,nowy,,,,,,,,,,
9443,łódzkie,wieluński,Wierzchlas,gmina wiejska,1017102,2020,nowy,,,,,,,,,,
9444,łódzkie,wieluński,Wierzchlas,gmina wiejska,1017102,2021,nowy,,,,,,,,,,
9445,łódzkie,wieluński,Wierzchlas,gmina wiejska,1017102,2022,nowy,,,,,,,,,,
9446,łódzkie,wieluński,Wierzchlas,gmina wiejska,1017102,2023,nowy,,,,,,,,,,
9447,łódzkie,wieluński,Wierzchlas,gmina wiejska,1017102,2024,nowy,,,,,,,,,,
9448,łódzkie,wieluński,Wierzchlas,gmina wiejska,1017102,2025,nowy,,,,,,,,,,
9449,łódzkie,wieruszowski,-,-,1018,2018,nowy,,,,,,,,,,
9450,łódzkie,wieruszowski,-,-,1018,2019,nowy,,,,,,,,,,
9451,łódzkie,wieruszowski,-,-,1018,2020,nowy,,,,,,,,,,
9452,łódzkie,wieruszowski,-,-,1018,2021,nowy,,,,,,,,,,
9453,łódzkie,wieruszowski,-,-,1018,2022,nowy,,,,,,,,,,
9454,łódzkie,wieruszowski,-,-,1018,2023,nowy,,,,,,,,,,
9455,łódzkie,wieruszowski,-,-,1018,2024,nowy,,,,,,,,,,
9456,łódzkie,wieruszowski,-,-,1018,2025,nowy,,,,,,,,,,
9457,łódzkie,wieruszowski,Bolesławiec,gmina wiejska,1018012,2018,nowy,,,,,,,,,,
9458,łódzkie,wieruszowski,Bolesławiec,gmina wiejska,1018012,2019,nowy,,,,,,,,,,
9459,łódzkie,wieruszowski,Bolesławiec,gmina wiejska,1018012,2020,nowy,,,,,,,,,,
9460,łódzkie,wieruszowski,Bolesławiec,gmina wiejska,1018012,2021,nowy,,,,,,,,,,
9461,łódzkie,wieruszowski,Bolesławiec,gmina wiejska,1018012,2022,nowy,,,,,,,,,,
9462,łódzkie,wieruszowski,Bolesławiec,gmina wiejska,1018012,2023,nowy,,,,,,,,,,
9463,łódzkie,wieruszowski,Bolesławiec,gmina miejsko-wiejska,1018013,2024,nowy,,,,,,,,,,
9464,łódzkie,wieruszowski,Bolesławiec,gmina miejsko-wiejska,1018013,2025,nowy,,,,,,,,,,
9465,łódzkie,wieruszowski,Czastary,gmina wiejska,1018022,2018,nowy,,,,,,,,,,
9466,łódzkie,wieruszowski,Czastary,gmina wiejska,1018022,2019,nowy,,,,,,,,,,
9467,łódzkie,wieruszowski,Czastary,gmina wiejska,1018022,2020,nowy,,,,,,,,,,
9468,łódzkie,wieruszowski,Czastary,gmina wiejska,1018022,2021,nowy,,,,,,,,,,
9469,łódzkie,wieruszowski,Czastary,gmina wiejska,1018022,2022,nowy,,,,,,,,,,
9470,łódzkie,wieruszowski,Czastary,gmina wiejska,1018022,2023,nowy,,,,,,,,,,
9471,łódzkie,wieruszowski,Czastary,gmina wiejska,1018022,2024,nowy,,,,,,,,,,
9472,łódzkie,wieruszowski,Czastary,gmina wiejska,1018022,2025,nowy,,,,,,,,,,
9473,łódzkie,wieruszowski,Galewice,gmina wiejska,1018032,2018,nowy,,,,,,,,,,
9474,łódzkie,wieruszowski,Galewice,gmina wiejska,1018032,2019,nowy,,,,,,,,,,
9475,łódzkie,wieruszowski,Galewice,gmina wiejska,1018032,2020,nowy,,,,,,,,,,
9476,łódzkie,wieruszowski,Galewice,gmina wiejska,1018032,2021,nowy,,,,,,,,,,
9477,łódzkie,wieruszowski,Galewice,gmina wiejska,1018032,2022,nowy,,,,,,,,,,
9478,łódzkie,wieruszowski,Galewice,gmina wiejska,1018032,2023,nowy,,,,,,,,,,
9479,łódzkie,wieruszowski,Galewice,gmina wiejska,1018032,2024,nowy,,,,,,,,,,
9480,łódzkie,wieruszowski,Galewice,gmina wiejska,1018032,2025,nowy,,,,,,,,,,
9481,łódzkie,wieruszowski,Lututów,gmina wiejska,1018042,2018,nowy,,,,,,,,,,
9482,łódzkie,wieruszowski,Lututów,gmina wiejska,1018042,2019,nowy,,,,,,,,,,
9483,łódzkie,wieruszowski,Lututów,gmina miejsko-wiejska,1018043,2020,nowy,,,,,,,,,,
9484,łódzkie,wieruszowski,Lututów,gmina miejsko-wiejska,1018043,2021,nowy,,,,,,,,,,
9485,łódzkie,wieruszowski,Lututów,gmina miejsko-wiejska,1018043,2022,nowy,,,,,,,,,,
9486,łódzkie,wieruszowski,Lututów,gmina miejsko-wiejska,1018043,2023,nowy,,,,,,,,,,
9487,łódzkie,wieruszowski,Lututów,gmina miejsko-wiejska,1018043,2024,nowy,,,,,,,,,,
9488,łódzkie,wieruszowski,Lututów,gmina miejsko-wiejska,1018043,2025,nowy,,,,,,,,,,
9489,łódzkie,wieruszowski,Łubnice,gmina wiejska,1018052,2018,nowy,,,,,,,,,,
9490,łódzkie,wieruszowski,Łubnice,gmina wiejska,1018052,2019,nowy,,,,,,,,,,
9491,łódzkie,wieruszowski,Łubnice,gmina wiejska,1018052,2020,nowy,,,,,,,,,,
9492,łódzkie,wieruszowski,Łubnice,gmina wiejska,1018052,2021,nowy,,,,,,,,,,
9493,łódzkie,wieruszowski,Łubnice,gmina wiejska,1018052,2022,nowy,,,,,,,,,,
9494,łódzkie,wieruszowski,Łubnice,gmina wiejska,1018052,2023,nowy,,,,,,,,,,
9495,łódzkie,wieruszowski,Łubnice,gmina wiejska,1018052,2024,nowy,,,,,,,,,,
9496,łódzkie,wieruszowski,Łubnice,gmina wiejska,1018052,2025,nowy,,,,,,,,,,
9497,łódzkie,wieruszowski,Sokolniki,gmina wiejska,1018062,2018,nowy,,,,,,,,,,
9498,łódzkie,wieruszowski,Sokolniki,gmina wiejska,1018062,2019,nowy,,,,,,,,,,
9499,łódzkie,wieruszowski,Sokolniki,gmina wiejska,1018062,2020,nowy,,,,,,,,,,
9500,łódzkie,wieruszowski,Sokolniki,gmina wiejska,1018062,2021,nowy,,,,,,,,,,
9501,łódzkie,wieruszowski,Sokolniki,gmina wiejska,1018062,2022,nowy,,,,,,,,,,
9502,łódzkie,wieruszowski,Sokolniki,gmina wiejska,1018062,2023,nowy,,,,,,,,,,
9503,łódzkie,wieruszowski,Sokolniki,gmina wiejska,1018062,2024,nowy,,,,,,,,,,
9504,łódzkie,wieruszowski,Sokolniki,gmina wiejska,1018062,2025,nowy,,,,,,,,,,
9505,łódzkie,wieruszowski,Wieruszów,gmina miejsko-wiejska,1018073,2018,nowy,,,,,,,,,,
9506,łódzkie,wieruszowski,Wieruszów,gmina miejsko-wiejska,1018073,2019,nowy,,,,,,,,,,
9507,łódzkie,wieruszowski,Wieruszów,gmina miejsko-wiejska,1018073,2020,nowy,,,,,,,,,,
9508,łódzkie,wieruszowski,Wieruszów,gmina miejsko-wiejska,1018073,2021,nowy,,,,,,,,,,
9509,łódzkie,wieruszowski,Wieruszów,gmina miejsko-wiejska,1018073,2022,nowy,,,,,,,,,,
9510,łódzkie,wieruszowski,Wieruszów,gmina miejsko-wiejska,1018073,2023,nowy,,,,,,,,,,
9511,łódzkie,wieruszowski,Wieruszów,gmina miejsko-wiejska,1018073,2024,nowy,,,,,,,,,,
9512,łódzkie,wieruszowski,Wieruszów,gmina miejsko-wiejska,1018073,2025,nowy,,,,,,,,,,
9513,łódzkie,zduńskowolski,-,-,1019,2018,nowy,,,,,,,,,,
9514,łódzkie,zduńskowolski,-,-,1019,2019,nowy,,,,,,,,,,
9515,łódzkie,zduńskowolski,-,-,1019,2020,nowy,,,,,,,,,,
9516,łódzkie,zduńskowolski,-,-,1019,2021,nowy,,,,,,,,,,
9517,łódzkie,zduńskowolski,-,-,1019,2022,nowy,,,,,,,,,,
9518,łódzkie,zduńskowolski,-,-,1019,2023,nowy,,,,,,,,,,
9519,łódzkie,zduńskowolski,-,-,1019,2024,nowy,,,,,,,,,,
9520,łódzkie,zduńskowolski,-,-,1019,2025,nowy,,,,,,,,,,
9521,łódzkie,zduńskowolski,Zduńska Wola,gmina miejska,1019011,2018,nowy,,,,,,,,,,
9522,łódzkie,zduńskowolski,Zduńska Wola,gmina miejska,1019011,2019,nowy,,,,,,,,,,
9523,łódzkie,zduńskowolski,Zduńska Wola,gmina miejska,1019011,2020,nowy,,,,,,,,,,
9524,łódzkie,zduńskowolski,Zduńska Wola,gmina miejska,1019011,2021,nowy,,,,,,,,,,
9525,łódzkie,zduńskowolski,Zduńska Wola,gmina miejska,1019011,2022,nowy,,,,,,,,,,
9526,łódzkie,zduńskowolski,Zduńska Wola,gmina miejska,1019011,2023,nowy,,,,,,,,,,
9527,łódzkie,zduńskowolski,Zduńska Wola,gmina miejska,1019011,2024,nowy,,,,,,,,,,
9528,łódzkie,zduńskowolski,Zduńska Wola,gmina miejska,1019011,2025,nowy,,,,,,,,,,
9529,łódzkie,zduńskowolski,Szadek,gmina miejsko-wiejska,1019023,2018,nowy,,,,,,,,,,
9530,łódzkie,zduńskowolski,Szadek,gmina miejsko-wiejska,1019023,2019,nowy,,,,,,,,,,
9531,łódzkie,zduńskowolski,Szadek,gmina miejsko-wiejska,1019023,2020,nowy,,,,,,,,,,
9532,łódzkie,zduńskowolski,Szadek,gmina miejsko-wiejska,1019023,2021,nowy,,,,,,,,,,
9533,łódzkie,zduńskowolski,Szadek,gmina miejsko-wiejska,1019023,2022,nowy,,,,,,,,,,
9534,łódzkie,zduńskowolski,Szadek,gmina miejsko-wiejska,1019023,2023,nowy,,,,,,,,,,
9535,łódzkie,zduńskowolski,Szadek,gmina miejsko-wiejska,1019023,2024,nowy,,,,,,,,,,
9536,łódzkie,zduńskowolski,Szadek,gmina miejsko-wiejska,1019023,2025,nowy,,,,,,,,,,
9537,łódzkie,zduńskowolski,Zapolice,gmina wiejska,1019032,2018,nowy,,,,,,,,,,
9538,łódzkie,zduńskowolski,Zapolice,gmina wiejska,1019032,2019,nowy,,,,,,,,,,
9539,łódzkie,zduńskowolski,Zapolice,gmina wiejska,1019032,2020,nowy,,,,,,,,,,
9540,łódzkie,zduńskowolski,Zapolice,gmina wiejska,1019032,2021,nowy,,,,,,,,,,
9541,łódzkie,zduńskowolski,Zapolice,gmina wiejska,1019032,2022,nowy,,,,,,,,,,
9542,łódzkie,zduńskowolski,Zapolice,gmina wiejska,1019032,2023,nowy,,,,,,,,,,
9543,łódzkie,zduńskowolski,Zapolice,gmina wiejska,1019032,2024,nowy,,,,,,,,,,
9544,łódzkie,zduńskowolski,Zapolice,gmina wiejska,1019032,2025,nowy,,,,,,,,,,
9545,łódzkie,zduńskowolski,Zduńska Wola,gmina wiejska,1019042,2018,nowy,,,,,,,,,,
9546,łódzkie,zduńskowolski,Zduńska Wola,gmina wiejska,1019042,2019,nowy,,,,,,,,,,
9547,łódzkie,zduńskowolski,Zduńska Wola,gmina wiejska,1019042,2020,nowy,,,,,,,,,,
9548,łódzkie,zduńskowolski,Zduńska Wola,gmina wiejska,1019042,2021,nowy,,,,,,,,,,
9549,łódzkie,zduńskowolski,Zduńska Wola,gmina wiejska,1019042,2022,nowy,,,,,,,,,,
9550,łódzkie,zduńskowolski,Zduńska Wola,gmina wiejska,1019042,2023,nowy,,,,,,,,,,
9551,łódzkie,zduńskowolski,Zduńska Wola,gmina wiejska,1019042,2024,nowy,,,,,,,,,,
9552,łódzkie,zduńskowolski,Zduńska Wola,gmina wiejska,1019042,2025,nowy,,,,,,,,,,
9553,łódzkie,zgierski,-,-,1020,2018,nowy,,,,,,,,,,
9554,łódzkie,zgierski,-,-,1020,2019,nowy,,,,,,,,,,
9555,łódzkie,zgierski,-,-,1020,2020,nowy,,,,,,,,,,
9556,łódzkie,zgierski,-,-,1020,2021,nowy,,,,,,,,,,
9557,łódzkie,zgierski,-,-,1020,2022,nowy,,,,,,,,,,
9558,łódzkie,zgierski,-,-,1020,2023,nowy,,,,,,,,,,
9559,łódzkie,zgierski,-,-,1020,2024,nowy,,,,,,,,,,
9560,łódzkie,zgierski,-,-,1020,2025,nowy,,,,,,,,,,
9561,łódzkie,zgierski,Głowno,gmina miejska,1020011,2018,nowy,,,,,,,,,,
9562,łódzkie,zgierski,Głowno,gmina miejska,1020011,2019,nowy,,,,,,,,,,
9563,łódzkie,zgierski,Głowno,gmina miejska,1020011,2020,nowy,,,,,,,,,,
9564,łódzkie,zgierski,Głowno,gmina miejska,1020011,2021,nowy,,,,,,,,,,
9565,łódzkie,zgierski,Głowno,gmina miejska,1020011,2022,nowy,,,,,,,,,,
9566,łódzkie,zgierski,Głowno,gmina miejska,1020011,2023,nowy,,,,,,,,,,
9567,łódzkie,zgierski,Głowno,gmina miejska,1020011,2024,nowy,,,,,,,,,,
9568,łódzkie,zgierski,Głowno,gmina miejska,1020011,2025,nowy,,,,,,,,,,
9569,łódzkie,zgierski,Ozorków,gmina miejska,1020021,2018,nowy,,,,,,,,,,
9570,łódzkie,zgierski,Ozorków,gmina miejska,1020021,2019,nowy,,,,,,,,,,
9571,łódzkie,zgierski,Ozorków,gmina miejska,1020021,2020,nowy,,,,,,,,,,
9572,łódzkie,zgierski,Ozorków,gmina miejska,1020021,2021,nowy,,,,,,,,,,
9573,łódzkie,zgierski,Ozorków,gmina miejska,1020021,2022,nowy,,,,,,,,,,
9574,łódzkie,zgierski,Ozorków,gmina miejska,1020021,2023,nowy,,,,,,,,,,
9575,łódzkie,zgierski,Ozorków,gmina miejska,1020021,2024,nowy,,,,,,,,,,
9576,łódzkie,zgierski,Ozorków,gmina miejska,1020021,2025,nowy,,,,,,,,,,
9577,łódzkie,zgierski,Zgierz,gmina miejska,1020031,2018,nowy,,,,,,,,,,
9578,łódzkie,zgierski,Zgierz,gmina miejska,1020031,2019,nowy,,,,,,,,,,
9579,łódzkie,zgierski,Zgierz,gmina miejska,1020031,2020,nowy,,,,,,,,,,
9580,łódzkie,zgierski,Zgierz,gmina miejska,1020031,2021,nowy,,,,,,,,,,
9581,łódzkie,zgierski,Zgierz,gmina miejska,1020031,2022,nowy,,,,,,,,,,
9582,łódzkie,zgierski,Zgierz,gmina miejska,1020031,2023,nowy,,,,,,,,,,
9583,łódzkie,zgierski,Zgierz,gmina miejska,1020031,2024,nowy,,,,,,,,,,
9584,łódzkie,zgierski,Zgierz,gmina miejska,1020031,2025,nowy,,,,,,,,,,
9585,łódzkie,zgierski,Aleksandrów Łódzki,gmina miejsko-wiejska,1020043,2018,nowy,,,,,,,,,,
9586,łódzkie,zgierski,Aleksandrów Łódzki,gmina miejsko-wiejska,1020043,2019,nowy,,,,,,,,,,
9587,łódzkie,zgierski,Aleksandrów Łódzki,gmina miejsko-wiejska,1020043,2020,nowy,,,,,,,,,,
9588,łódzkie,zgierski,Aleksandrów Łódzki,gmina miejsko-wiejska,1020043,2021,nowy,,,,,,,,,,
9589,łódzkie,zgierski,Aleksandrów Łódzki,gmina miejsko-wiejska,1020043,2022,nowy,,,,,,,,,,
9590,łódzkie,zgierski,Aleksandrów Łódzki,gmina miejsko-wiejska,1020043,2023,nowy,,,,,,,,,,
9591,łódzkie,zgierski,Aleksandrów Łódzki,gmina miejsko-wiejska,1020043,2024,nowy,,,,,,,,,,
9592,łódzkie,zgierski,Aleksandrów Łódzki,gmina miejsko-wiejska,1020043,2025,nowy,,,,,,,,,,
9593,łódzkie,zgierski,Głowno,gmina wiejska,1020052,2018,nowy,,,,,,,,,,
9594,łódzkie,zgierski,Głowno,gmina wiejska,1020052,2019,nowy,,,,,,,,,,
9595,łódzkie,zgierski,Głowno,gmina wiejska,1020052,2020,nowy,,,,,,,,,,
9596,łódzkie,zgierski,Głowno,gmina wiejska,1020052,2021,nowy,,,,,,,,,,
9597,łódzkie,zgierski,Głowno,gmina wiejska,1020052,2022,nowy,,,,,,,,,,
9598,łódzkie,zgierski,Głowno,gmina wiejska,1020052,2023,nowy,,,,,,,,,,
9599,łódzkie,zgierski,Głowno,gmina wiejska,1020052,2024,nowy,,,,,,,,,,
9600,łódzkie,zgierski,Głowno,gmina wiejska,1020052,2025,nowy,,,,,,,,,,
9601,łódzkie,zgierski,Ozorków,gmina wiejska,1020062,2018,nowy,,,,,,,,,,
9602,łódzkie,zgierski,Ozorków,gmina wiejska,1020062,2019,nowy,,,,,,,,,,
9603,łódzkie,zgierski,Ozorków,gmina wiejska,1020062,2020,nowy,,,,,,,,,,
9604,łódzkie,zgierski,Ozorków,gmina wiejska,1020062,2021,nowy,,,,,,,,,,
9605,łódzkie,zgierski,Ozorków,gmina wiejska,1020062,2022,nowy,,,,,,,,,,
9606,łódzkie,zgierski,Ozorków,gmina wiejska,1020062,2023,nowy,,,,,,,,,,
9607,łódzkie,zgierski,Ozorków,gmina wiejska,1020062,2024,nowy,,,,,,,,,,
9608,łódzkie,zgierski,Ozorków,gmina wiejska,1020062,2025,nowy,,,,,,,,,,
9609,łódzkie,zgierski,Parzęczew,gmina wiejska,1020072,2018,nowy,,,,,,,,,,
9610,łódzkie,zgierski,Parzęczew,gmina wiejska,1020072,2019,nowy,,,,,,,,,,
9611,łódzkie,zgierski,Parzęczew,gmina wiejska,1020072,2020,nowy,,,,,,,,,,
9612,łódzkie,zgierski,Parzęczew,gmina wiejska,1020072,2021,nowy,,,,,,,,,,
9613,łódzkie,zgierski,Parzęczew,gmina wiejska,1020072,2022,nowy,,,,,,,,,,
9614,łódzkie,zgierski,Parzęczew,gmina wiejska,1020072,2023,nowy,,,,,,,,,,
9615,łódzkie,zgierski,Parzęczew,gmina miejsko-wiejska,1020073,2024,nowy,,,,,,,,,,
9616,łódzkie,zgierski,Parzęczew,gmina miejsko-wiejska,1020073,2025,nowy,,,,,,,,,,
9617,łódzkie,zgierski,Stryków,gmina miejsko-wiejska,1020083,2018,nowy,,,,,,,,,,
9618,łódzkie,zgierski,Stryków,gmina miejsko-wiejska,1020083,2019,nowy,,,,,,,,,,
9619,łódzkie,zgierski,Stryków,gmina miejsko-wiejska,1020083,2020,nowy,,,,,,,,,,
9620,łódzkie,zgierski,Stryków,gmina miejsko-wiejska,1020083,2021,nowy,,,,,,,,,,
9621,łódzkie,zgierski,Stryków,gmina miejsko-wiejska,1020083,2022,nowy,,,,,,,,,,
9622,łódzkie,zgierski,Stryków,gmina miejsko-wiejska,1020083,2023,nowy,,,,,,,,,,
9623,łódzkie,zgierski,Stryków,gmina miejsko-wiejska,1020083,2024,nowy,,,,,,,,,,
9624,łódzkie,zgierski,Stryków,gmina miejsko-wiejska,1020083,2025,nowy,,,,,,,,,,
9625,łódzkie,zgierski,Zgierz,gmina wiejska,1020092,2018,nowy,,,,,,,,,,
9626,łódzkie,zgierski,Zgierz,gmina wiejska,1020092,2019,nowy,,,,,,,,,,
9627,łódzkie,zgierski,Zgierz,gmina wiejska,1020092,2020,nowy,,,,,,,,,,
9628,łódzkie,zgierski,Zgierz,gmina wiejska,1020092,2021,nowy,,,,,,,,,,
9629,łódzkie,zgierski,Zgierz,gmina wiejska,1020092,2022,nowy,,,,,,,,,,
9630,łódzkie,zgierski,Zgierz,gmina wiejska,1020092,2023,nowy,,,,,,,,,,
9631,łódzkie,zgierski,Zgierz,gmina wiejska,1020092,2024,nowy,,,,,,,,,,
9632,łódzkie,zgierski,Zgierz,gmina wiejska,1020092,2025,nowy,,,,,,,,,,
9633,łódzkie,brzeziński,-,-,1021,2018,nowy,,,,,,,,,,
9634,łódzkie,brzeziński,-,-,1021,2019,nowy,,,,,,,,,,
9635,łódzkie,brzeziński,-,-,1021,2020,nowy,,,,,,,,,,
9636,łódzkie,brzeziński,-,-,1021,2021,nowy,,,,,,,,,,
9637,łódzkie,brzeziński,-,-,1021,2022,nowy,,,,,,,,,,
9638,łódzkie,brzeziński,-,-,1021,2023,nowy,,,,,,,,,,
9639,łódzkie,brzeziński,-,-,1021,2024,nowy,,,,,,,,,,
9640,łódzkie,brzeziński,-,-,1021,2025,nowy,,,,,,,,,,
9641,łódzkie,brzeziński,Brzeziny,gmina miejska,1021011,2018,nowy,,,,,,,,,,
9642,łódzkie,brzeziński,Brzeziny,gmina miejska,1021011,2019,nowy,,,,,,,,,,
9643,łódzkie,brzeziński,Brzeziny,gmina miejska,1021011,2020,nowy,,,,,,,,,,
9644,łódzkie,brzeziński,Brzeziny,gmina miejska,1021011,2021,nowy,,,,,,,,,,
9645,łódzkie,brzeziński,Brzeziny,gmina miejska,1021011,2022,nowy,,,,,,,,,,
9646,łódzkie,brzeziński,Brzeziny,gmina miejska,1021011,2023,nowy,,,,,,,,,,
9647,łódzkie,brzeziński,Brzeziny,gmina miejska,1021011,2024,nowy,,,,,,,,,,
9648,łódzkie,brzeziński,Brzeziny,gmina miejska,1021011,2025,nowy,,,,,,,,,,
9649,łódzkie,brzeziński,Brzeziny,gmina wiejska,1021022,2018,nowy,,,,,,,,,,
9650,łódzkie,brzeziński,Brzeziny,gmina wiejska,1021022,2019,nowy,,,,,,,,,,
9651,łódzkie,brzeziński,Brzeziny,gmina wiejska,1021022,2020,nowy,,,,,,,,,,
9652,łódzkie,brzeziński,Brzeziny,gmina wiejska,1021022,2021,nowy,,,,,,,,,,
9653,łódzkie,brzeziński,Brzeziny,gmina wiejska,1021022,2022,nowy,,,,,,,,,,
9654,łódzkie,brzeziński,Brzeziny,gmina wiejska,1021022,2023,nowy,,,,,,,,,,
9655,łódzkie,brzeziński,Brzeziny,gmina wiejska,1021022,2024,nowy,,,,,,,,,,
9656,łódzkie,brzeziński,Brzeziny,gmina wiejska,1021022,2025,nowy,,,,,,,,,,
9657,łódzkie,brzeziński,Dmosin,gmina wiejska,1021032,2018,nowy,,,,,,,,,,
9658,łódzkie,brzeziński,Dmosin,gmina wiejska,1021032,2019,nowy,,,,,,,,,,
9659,łódzkie,brzeziński,Dmosin,gmina wiejska,1021032,2020,nowy,,,,,,,,,,
9660,łódzkie,brzeziński,Dmosin,gmina wiejska,1021032,2021,nowy,,,,,,,,,,
9661,łódzkie,brzeziński,Dmosin,gmina wiejska,1021032,2022,nowy,,,,,,,,,,
9662,łódzkie,brzeziński,Dmosin,gmina wiejska,1021032,2023,nowy,,,,,,,,,,
9663,łódzkie,brzeziński,Dmosin,gmina wiejska,1021032,2024,nowy,,,,,,,,,,
9664,łódzkie,brzeziński,Dmosin,gmina wiejska,1021032,2025,nowy,,,,,,,,,,
9665,łódzkie,brzeziński,Jeżów,gmina wiejska,1021042,2018,nowy,,,,,,,,,,
9666,łódzkie,brzeziński,Jeżów,gmina wiejska,1021042,2019,nowy,,,,,,,,,,
9667,łódzkie,brzeziński,Jeżów,gmina wiejska,1021042,2020,nowy,,,,,,,,,,
9668,łódzkie,brzeziński,Jeżów,gmina wiejska,1021042,2021,nowy,,,,,,,,,,
9669,łódzkie,brzeziński,Jeżów,gmina wiejska,1021042,2022,nowy,,,,,,,,,,
9670,łódzkie,brzeziński,Jeżów,gmina miejsko-wiejska,1021043,2023,nowy,,,,,,,,,,
9671,łódzkie,brzeziński,Jeżów,gmina miejsko-wiejska,1021043,2024,nowy,,,,,,,,,,
9672,łódzkie,brzeziński,Jeżów,gmina miejsko-wiejska,1021043,2025,nowy,,,,,,,,,,
9673,łódzkie,brzeziński,Rogów,gmina wiejska,1021052,2018,nowy,,,,,,,,,,
9674,łódzkie,brzeziński,Rogów,gmina wiejska,1021052,2019,nowy,,,,,,,,,,
9675,łódzkie,brzeziński,Rogów,gmina wiejska,1021052,2020,nowy,,,,,,,,,,
9676,łódzkie,brzeziński,Rogów,gmina wiejska,1021052,2021,nowy,,,,,,,,,,
9677,łódzkie,brzeziński,Rogów,gmina wiejska,1021052,2022,nowy,,,,,,,,,,
9678,łódzkie,brzeziński,Rogów,gmina wiejska,1021052,2023,nowy,,,,,,,,,,
9679,łódzkie,brzeziński,Rogów,gmina wiejska,1021052,2024,nowy,,,,,,,,,,
9680,łódzkie,brzeziński,Rogów,gmina wiejska,1021052,2025,nowy,,,,,,,,,,
9681,łódzkie,m. Łódź,-,-,1061,2018,nowy,,,,,,,,,,
9682,łódzkie,m. Łódź,-,-,1061,2019,nowy,,,,,,,,,,
9683,łódzkie,m. Łódź,-,-,1061,2020,nowy,,,,,,,,,,
9684,łódzkie,m. Łódź,-,-,1061,2021,nowy,,,,,,,,,,
9685,łódzkie,m. Łódź,-,-,1061,2022,nowy,,,,,,,,,,
9686,łódzkie,m. Łódź,-,-,1061,2023,nowy,,,,,,,,,,
9687,łódzkie,m. Łódź,-,-,1061,2024,nowy,,,,,,,,,,
9688,łódzkie,m. Łódź,-,-,1061,2025,nowy,,,,,,,,,,
9689,łódzkie,m. Łódź,Łódź,gmina miejska (miasto na prawach powiatu),1061011,2018,nowy,,,,,,,,,,
9690,łódzkie,m. Łódź,Łódź,gmina miejska (miasto na prawach powiatu),1061011,2019,nowy,,,,,,,,,,
9691,łódzkie,m. Łódź,Łódź,gmina miejska (miasto na prawach powiatu),1061011,2020,nowy,,,,,,,,,,
9692,łódzkie,m. Łódź,Łódź,gmina miejska (miasto na prawach powiatu),1061011,2021,nowy,,,,,,,,,,
9693,łódzkie,m. Łódź,Łódź,gmina miejska (miasto na prawach powiatu),1061011,2022,nowy,,,,,,,,,,
9694,łódzkie,m. Łódź,Łódź,gmina miejska (miasto na prawach powiatu),1061011,2023,nowy,,,,,,,,,,
9695,łódzkie,m. Łódź,Łódź,gmina miejska (miasto na prawach powiatu),1061011,2024,nowy,,,,,,,,,,
9696,łódzkie,m. Łódź,Łódź,gmina miejska (miasto na prawach powiatu),1061011,2025,nowy,,,,,,,,,,
9697,łódzkie,m. Piotrków Trybunalski,-,-,1062,2018,nowy,,,,,,,,,,
9698,łódzkie,m. Piotrków Trybunalski,-,-,1062,2019,nowy,,,,,,,,,,
9699,łódzkie,m. Piotrków Trybunalski,-,-,1062,2020,nowy,,,,,,,,,,
9700,łódzkie,m. Piotrków Trybunalski,-,-,1062,2021,nowy,,,,,,,,,,
9701,łódzkie,m. Piotrków Trybunalski,-,-,1062,2022,nowy,,,,,,,,,,
9702,łódzkie,m. Piotrków Trybunalski,-,-,1062,2023,nowy,,,,,,,,,,
9703,łódzkie,m. Piotrków Trybunalski,-,-,1062,2024,nowy,,,,,,,,,,
9704,łódzkie,m. Piotrków Trybunalski,-,-,1062,2025,nowy,,,,,,,,,,
9705,łódzkie,m. Piotrków Trybunalski,Piotrków Trybunalski,gmina miejska (miasto na prawach powiatu),1062011,2018,nowy,,,,,,,,,,
9706,łódzkie,m. Piotrków Trybunalski,Piotrków Trybunalski,gmina miejska (miasto na prawach powiatu),1062011,2019,nowy,,,,,,,,,,
9707,łódzkie,m. Piotrków Trybunalski,Piotrków Trybunalski,gmina miejska (miasto na prawach powiatu),1062011,2020,nowy,,,,,,,,,,
9708,łódzkie,m. Piotrków Trybunalski,Piotrków Trybunalski,gmina miejska (miasto na prawach powiatu),1062011,2021,nowy,,,,,,,,,,
9709,łódzkie,m. Piotrków Trybunalski,Piotrków Trybunalski,gmina miejska (miasto na prawach powiatu),1062011,2022,nowy,,,,,,,,,,
9710,łódzkie,m. Piotrków Trybunalski,Piotrków Trybunalski,gmina miejska (miasto na prawach powiatu),1062011,2023,nowy,,,,,,,,,,
9711,łódzkie,m. Piotrków Trybunalski,Piotrków Trybunalski,gmina miejska (miasto na prawach powiatu),1062011,2024,nowy,,,,,,,,,,
9712,łódzkie,m. Piotrków Trybunalski,Piotrków Trybunalski,gmina miejska (miasto na prawach powiatu),1062011,2025,nowy,,,,,,,,,,
9713,łódzkie,m. Skierniewice,-,-,1063,2018,nowy,,,,,,,,,,
9714,łódzkie,m. Skierniewice,-,-,1063,2019,nowy,,,,,,,,,,
9715,łódzkie,m. Skierniewice,-,-,1063,2020,nowy,,,,,,,,,,
9716,łódzkie,m. Skierniewice,-,-,1063,2021,nowy,,,,,,,,,,
9717,łódzkie,m. Skierniewice,-,-,1063,2022,nowy,,,,,,,,,,
9718,łódzkie,m. Skierniewice,-,-,1063,2023,nowy,,,,,,,,,,
9719,łódzkie,m. Skierniewice,-,-,1063,2024,nowy,,,,,,,,,,
9720,łódzkie,m. Skierniewice,-,-,1063,2025,nowy,,,,,,,,,,
9721,łódzkie,m. Skierniewice,Skierniewice,gmina miejska (miasto na prawach powiatu),1063011,2018,nowy,,,,,,,,,,
9722,łódzkie,m. Skierniewice,Skierniewice,gmina miejska (miasto na prawach powiatu),1063011,2019,nowy,,,,,,,,,,
9723,łódzkie,m. Skierniewice,Skierniewice,gmina miejska (miasto na prawach powiatu),1063011,2020,nowy,,,,,,,,,,
9724,łódzkie,m. Skierniewice,Skierniewice,gmina miejska (miasto na prawach powiatu),1063011,2021,nowy,,,,,,,,,,
9725,łódzkie,m. Skierniewice,Skierniewice,gmina miejska (miasto na prawach powiatu),1063011,2022,nowy,,,,,,,,,,
9726,łódzkie,m. Skierniewice,Skierniewice,gmina miejska (miasto na prawach powiatu),1063011,2023,nowy,,,,,,,,,,
9727,łódzkie,m. Skierniewice,Skierniewice,gmina miejska (miasto na prawach powiatu),1063011,2024,nowy,,,,,,,,,,
9728,łódzkie,m. Skierniewice,Skierniewice,gmina miejska (miasto na prawach powiatu),1063011,2025,nowy,,,,,,,,,,
