row_idx,województwo,powiat,gmina,typ gminy,TERYT,rok_raportu,status,ext_dokumentu,zawartosc,url,metoda_pozyskania,hash dokumentu,status komunikatu,dt_utc_finalne,failure_reason,file_size_MB,existed
841,podlaskie,augustowski,Augustów,gmina miejska,2001011,2018,ok_finalnie,pdf,tekst,https://bip.um.augustow.pl/resource/14533/RAPORT+O+STANIE+MIASTA+AUGUST%25C3%2593W+ZA+2018+ROK.pdf,direct_without_tor,52563e4f5bb654e3142e9015f3914b81587f32e5a75d95c96a4f54e8e2dd59aa,200,2026-09-04T21:56:34Z,,4.631,true
842,podlaskie,augustowski,Augustów,gmina miejska,2001011,2019,ok_finalnie,pdf,tekst,https://bip.um.augustow.pl/resource/17707/RAPORT+O+STANIE+MIASTA+AUGUST%25C3%2593W+ZA+2019+ROK.pdf,direct_without_tor,e4a0beba225616022a53720a6bc1c9fb76c71922a1249beb97ac451505bc837c,200,2026-09-04T21:56:38Z,,5.579,true
843,podlaskie,augustowski,Augustów,gmina miejska,2001011,2020,ok_finalnie,pdf,tekst,https://bip.um.augustow.pl/resource/21209/Raport+o+stanie+Gminy+Miasta+August%25C3%25B3w+za+2020+rok.pdf,direct_without_tor,4be81c4d06bc317443464b955e17bdefbedf0e65df630015c84b74a5f8a2d28f,200,2026-09-04T21:56:43Z,,12.054,true
844,podlaskie,augustowski,Augustów,gmina miejska,2001011,2021,ok_finalnie,pdf,tekst,https://bip.um.augustow.pl/resource/23423/Raport+o+stanie+Gminy+Miasto+August%25C3%25B3w+za+rok+2021.pdf,direct_without_tor,db18a0b948f6bd8e5cd5c85856fc45c6e84a3104162381b97f3e9bcd4a87b7bf,200,2026-09-04T21:58:05Z,,6.17,true
845,podlaskie,augustowski,Augustów,gmina miejska,2001011,2022,ok_finalnie,pdf,tekst,https://bip.um.augustow.pl/resource/24822/Raport+o+stanie+Gminy+Miasto+August%25C3%25B3w+za+2022+rok.pdf,direct_without_tor,107ee1cb6cc66d776a047bc73f35543bd7c19c9a0edad50d40d68cf935ec69ef,200,2026-09-04T21:59:40Z,,9.546,true
846,podlaskie,augustowski,Augustów,gmina miejska,2001011,2023,ok_finalnie,pdf,tekst,https://bip.um.augustow.pl/resource/26264/Raport+o+stanie+Gminy+Miasto+August%25C3%25B3w+za+rok+2023.pdf,direct_without_tor,aef862b4afc73871d27ebf09fb650e9df24799dc28c4c195fa0b00af1647f526,200,2026-09-04T21:59:45Z,,8.495,true
847,podlaskie,augustowski,Augustów,gmina miejska,2001011,2024,ok_finalnie,pdf,tekst,https://bip.um.augustow.pl/resource/27600/Raport+o+stanie+Gminy+Miasto+August%25C3%25B3w+za+rok+2024.pdf,direct_without_tor,f7399f89204a77668067339950b6e8b3c8ca17392a5656ba19174714f82dc97b,200,2026-09-04T21:59:49Z,,9.325,true
848,podlaskie,augustowski,Augustów,gmina miejska,2001011,2025,ok_finalnie,pdf,tekst,https://bip.um.augustow.pl/resource/29277/Raport+o+stanie+Gminy+Miasto+August%25C3%25B3w+za+rok+2025.pdf,direct_without_tor,e9d5b732b28615418e277297818f358d775292d6a081b2612f530d8922535c40,200,2026-09-04T22:59:15Z,,6.456,true
849,podlaskie,augustowski,Augustów,gmina wiejska,2001022,2018,brak_finalnie,,,https://web.archive.org/web/20190820095101id_/http://bip.ug.augustow.wrotapodlasia.pl/rada_gminy/Uchwaly_Rady_Gminy/urg_viii_kadencja/nr_6_2019/vi-77-2019.html,web search bez Tora + rozróżnienie miasta i gminy wiejskiej po TERYT/powiecie/organie + Wayback + odtworzenie oficjalnej karty uchwały w BIP Gminy Augustów,,sprawdzono w innych źródłach 2026-09-05,2026-09-03T16:44:41Z,"[KONT.] || [TURA 20 05.09.2026 - INNE ZRODLA] PULAPKA TOZSAMOSCIOWA ODNOTOWANA: w wynikach wyszukiwan istnieja pelne pliki 'RAPORT O STANIE MIASTA AUGUSTOW ZA 2018/2019 ROK' (bip.um.augustow.pl/resource/14533/19754 i resource/17707/22170, urzad.augustow.pl/sites/default/files/raport_o_stanie_miasta_augustow_za_2019_rok.pdf) - dotycza one GMINY MIEJSKIEJ Augustow (TERYT 2001011, wiersze 841-848, wszystkie ok w bazie), NIE gminy wiejskiej (2001022). Status bez zmian.",,true
850,podlaskie,augustowski,Augustów,gmina wiejska,2001022,2019,brak_finalnie,pdf,,https://web.archive.org/web/20230127070344if_/https://gmina-augustow.home.pl/wp/wp-content/uploads/2020/05/raport2020.pdf,"web search bez Tora + stary host gmina-augustow.home.pl/wp + follow do samorzad.gov.pl/wp + Wayback; dowód istnienia raportu, ale jedyny odzyskany artefakt PDF jest niekompletny",33929c3b24b44971cb7c78bd1d9939be760cccc95e30c66f1a8c5e6d9a90d1a6,sprawdzono w innych źródłach 2026-09-05,2026-09-02T15:13:16Z,"[KONT.] || [TURA 20 05.09.2026 - INNE ZRODLA] Jw. (wiersz 849) - raport 'MIASTA Augustow za 2019' (bip.um.augustow.pl/resource/17707/22170) = gmina miejska, nie wiejska. Status bez zmian.",1.049,true
851,podlaskie,augustowski,Augustów,gmina wiejska,2001022,2020,ok_finalnie,pdf,tekst,https://web.archive.org/web/20210920102041if_/https://gmina-augustow.home.pl/wp/wp-content/uploads/2021/04/raport2021.pdf,direct_without_tor,679861673953523024b0644eb19957b3f4b094d8021656d9a1496a53c3697937,200,2026-09-04T21:53:37Z,,0.674,true
852,podlaskie,augustowski,Augustów,gmina wiejska,2001022,2021,ok_finalnie,pdf,tekst,https://bip-ugaugustow.wrotapodlasia.pl/resource/119347/2022raport2022+(1)(1).doc.pdf,"direct_without_tor + DNS-bypass: domena bip-ugaugustow.wrotapodlasia.pl usunięta z DNS (NXDOMAIN u 8.8.8.8/1.1.1.1), ale vhost ŻYJE na serwerze podlaskie.eu (185.61.6.141) — pobranie przez curl --resolve z nagłówkiem Host; dokładny URL zasobu ustalony wcześniej z indeksu wyszukiwarki + potwierdzony w archiwum strony BIP 'raporty-o-stanie-gminy.html' (Wayback @2026-01-19)",4b0170f1f8652f71ce664dd72ffa9ce70f48dd816fa21bf0d251b775f0fbc1f3,200,2026-09-05T10:35:00Z,"[tura 2] znaleziony dokładny URL resource/119347, domena DNS-dead | FLIP 2026-09-05: pobrano przez vhost-resurrection (--resolve na 185.61.6.141); weryfikacja treści: okładka 'RAPORT O STANIE GMINY AUGUSTÓW, Kwiecień 2022r.', wstęp 'podsumowanie działalności wójta w roku 2021 ... stan na dzień 31.12.2021r.'; 51 str. z warstwą tekstową; w treści: Wójt Gminy Augustów, sołectwa, wotum zaufania i absolutorium; nazwa pliku '2022raport2022' odnosi się do roku PUBLIKACJI (2022), rocznik raportu = 2021 (potwierdzone treścią)",0.549,true
853,podlaskie,augustowski,Augustów,gmina wiejska,2001022,2022,ok_finalnie,pdf,tekst,https://web.archive.org/web/20230602013552if_/https://gmina-augustow.home.pl/wp/wp-content/uploads/2023/05/2022raport2022_11.pdf,direct_without_tor,37e2f0ff5ed8ae07ec25aa708c4c114af8b3321d1e4dee972016246ff3aaf418,200,2026-09-04T21:53:39Z,,0.885,true
854,podlaskie,augustowski,Augustów,gmina wiejska,2001022,2023,ok_finalnie,pdf,tekst,https://samorzad.gov.pl/attachment/0bf8f370-086b-45f4-bdfd-83546424c133,direct_without_tor,d92e4a336ab19f63cbeabad2a9935ac18169fab925cfe1a349330ae02dd0ad6a,200,2026-09-04T22:05:34Z,,0.829,true
855,podlaskie,augustowski,Augustów,gmina wiejska,2001022,2024,ok_finalnie,pdf,tekst,https://samorzad.gov.pl/attachment/ef23dce8-263b-4454-bd55-2c082bdb677f,direct_without_tor,6b5e195237a230a76f1695147a341fe421b6cf42658a5d2aae68537592997cb0,200,2026-09-04T22:05:38Z,,1.189,true
856,podlaskie,augustowski,Augustów,gmina wiejska,2001022,2025,ok_finalnie,pdf,tekst,https://samorzad.gov.pl/attachment/10241e42-9377-4797-a11b-cd6356f8574a,direct_without_tor,8cdc435173e2636bea5f91910e56d23b178a201d8aa5b16f7aa4b613539a89ff,200,2026-09-04T22:05:41Z,,0.957,true
857,podlaskie,augustowski,Bargłów Kościelny,gmina wiejska,2001032,2018,ok_finalnie,pdf,skan,https://bip-ugbarglow.podlaskie.eu/resource/116355/SBizhub+28319051614070.pdf,direct_without_tor,1ffcb01fb0030491e0f188b6aa2e875e1ef2da9f16f510ddf1ec52837a88746a,200,2026-09-04T21:56:49Z,,4.633,true
858,podlaskie,augustowski,Bargłów Kościelny,gmina wiejska,2001032,2019,ok_finalnie,pdf,tekst,https://bip-ugbarglow.podlaskie.eu/resource/file/download-file/id.4864,direct_without_tor,7dc552a14cc29848adf347976ff3d25d236ef4d7e88461f677a5ce4d67587ace,200,2026-09-04T21:57:05Z,,1.093,true
859,podlaskie,augustowski,Bargłów Kościelny,gmina wiejska,2001032,2020,ok_finalnie,pdf,tekst,https://bip-ugbarglow.podlaskie.eu/resource/117460/Raport+o+Stanie+Gminy+za+rok+2020.docx.pdf,direct_without_tor,9dea00e188c101ab8767275601878b7197d52569cb7d32f522d40fa42be9cbd6,200,2026-09-04T21:57:07Z,,0.208,true
860,podlaskie,augustowski,Bargłów Kościelny,gmina wiejska,2001032,2021,ok_finalnie,pdf,tekst,https://bip-ugbarglow.podlaskie.eu/resource/117853/Raport+o+Stanie+Gminy+za+rok+2021.pdf,direct_without_tor,12337580c1a1bad80a6a72f8d41d95b42cb9629f35246183984afc97167b2ae4,200,2026-09-04T21:57:10Z,,0.532,true
861,podlaskie,augustowski,Bargłów Kościelny,gmina wiejska,2001032,2022,ok_finalnie,pdf,tekst,https://bip-ugbarglow.podlaskie.eu/resource/116351/Raport+o+Stanie+Gminy+za+rok+2022.pdf,direct_without_tor,07d149185baf2949c26ac77d3dc7d776137d79e23a4c9111973b19952810db3d,200,2026-09-04T21:57:13Z,,0.588,true
862,podlaskie,augustowski,Bargłów Kościelny,gmina wiejska,2001032,2023,ok_finalnie,pdf,tekst,https://bip-ugbarglow.podlaskie.eu/resource/118400/Raport+o+Stanie+Gminy+za+rok+2023.pdf,direct_without_tor,3e5477f0cda53d81dc038f20644cdff7d11a6bde257c91bf7084817e176fd60f,200,2026-09-04T21:57:15Z,,0.556,true
863,podlaskie,augustowski,Bargłów Kościelny,gmina wiejska,2001032,2024,ok_finalnie,pdf,tekst,https://bip-ugbarglow.podlaskie.eu/resource/118672/Raport+o+Stanie+Gminy+za+rok+2024.pdf,direct_without_tor,4a72c867f5cd99926a4d64d2cf38c4bee5ab133f6962c716c5cdd0c47f0270f0,200,2026-09-04T21:57:18Z,,0.645,true
864,podlaskie,augustowski,Bargłów Kościelny,gmina wiejska,2001032,2025,ok_finalnie,pdf,tekst,https://bip-ugbarglow.podlaskie.eu/resource/118912/Raport+o+Stanie+Gminy+za+rok+2025.pdf,direct_without_tor,2e7ba2de7af9a7fdf02e808c170fbb3d3beb6848cd4a8c0e87971419b06649ef,200,2026-09-04T21:57:21Z,,0.753,true
865,podlaskie,augustowski,Lipsk,gmina miejsko-wiejska,2001043,2018,ok_finalnie,pdf,tekst,https://bip-umlipsk.podlaskie.eu/resource/116747/Raport+o+stanie+Gminy+Lipsk+za+rok+2018pdf+poprawiony+do+druku+wersja+ostateczna.pdf,direct_without_tor,47be0c02c7b994bb1700e6446418fe28596d49d0bbd6bbc7580611e1cdd014a6,200,2026-09-04T22:31:54Z,,1.227,true
866,podlaskie,augustowski,Lipsk,gmina miejsko-wiejska,2001043,2019,ok_finalnie,pdf,tekst,https://bip-umlipsk.podlaskie.eu/resource/116746/Raport+o+stanie+Gminy+Lipsk+za+rok+2019+06.04.+2020.pdf,direct_without_tor,0e8e02590776703bff7278f74d2be3835771f27ee9082a6d6b52c8201bfb927b,200,2026-09-04T22:31:57Z,,2.716,true
867,podlaskie,augustowski,Lipsk,gmina miejsko-wiejska,2001043,2020,ok_finalnie,pdf,skan,https://bip-umlipsk.podlaskie.eu/resource/116745/RAPORT+O+STANIE+GMINY+2020+ROK_opt.pdf,direct_without_tor_ssl_off,2b14174664f5ebc2284b4c0c0fa75247f95bb27b692eaff508ab2296f5603232,200,2026-09-04T23:48:31Z,,33.588,true
868,podlaskie,augustowski,Lipsk,gmina miejsko-wiejska,2001043,2021,ok_finalnie,pdf,tekst,https://bip-umlipsk.podlaskie.eu/resource/116744/RAPORT+2021.wersja+do+drukupdf.pdf,direct_without_tor,fb6d2fb1b3538b732240cff0a75d6a9e2a2fe4e0184276efa9fceda31471dfff,200,2026-09-04T22:32:01Z,,4.854,true
869,podlaskie,augustowski,Lipsk,gmina miejsko-wiejska,2001043,2022,ok_finalnie,pdf,tekst,https://bip-umlipsk.podlaskie.eu/resource/116880/Raport+o+stanie+Gminy+za+2022+wersja+27.03.ostat.r.pdf,direct_without_tor,fa5e20fccbefef9d830637ddd97743396263c6245620b24d816c0068d7cf3362,200,2026-09-04T22:32:04Z,,2.493,true
870,podlaskie,augustowski,Lipsk,gmina miejsko-wiejska,2001043,2023,ok_finalnie,pdf,tekst,https://bip-umlipsk.podlaskie.eu/resource/117033/Raport+o+stanie+Gminy+za+2023+r.pdf,direct_without_tor,84423bcef2aaf32c129405b964cd27b05e1cf63c63a4ad0c39bf27611478fbcc,200,2026-09-04T22:32:08Z,,2.907,true
871,podlaskie,augustowski,Lipsk,gmina miejsko-wiejska,2001043,2024,ok_finalnie,pdf,tekst,https://lipsk.pl/images/phocagallery/wydarzenia_gminne/rok_2025/V/27/Raport_o_stanie_Gminy_za_2024_r_wersja_ostateczna_ok.pdf,direct_without_tor,48b3b6742fb43487abc8fd58fca5b116dd0b92bbf684416c9b1e706c56f7902f,200,2026-09-04T22:41:09Z,,2.434,true
872,podlaskie,augustowski,Lipsk,gmina miejsko-wiejska,2001043,2025,ok_finalnie,pdf,tekst,https://lipsk.pl/images/phocagallery/wydarzenia_gminne/rok_2026/V/14/zarzadzenie-raport-2025.pdf,direct_without_tor,6d311e558f9cea8c25db97af6e100116f7ccbb92a15d5e3a5e140eefd9a2ce90,200,2026-09-04T22:41:11Z,,5.531,true
873,podlaskie,augustowski,Nowinka,gmina wiejska,2001052,2018,ok_finalnie,pdf,tekst,https://bip-ugnowinka.podlaskie.eu/resource/116028/raport-za-2018.pdf,direct_without_tor,3ee4e35ca0a36b9c8988403840bd5900bbe02467eb003827691b48e6091e395c,200,2026-09-04T21:56:48Z,,9.459,true
874,podlaskie,augustowski,Nowinka,gmina wiejska,2001052,2019,ok_finalnie,pdf,tekst,https://bip-ugnowinka.podlaskie.eu/resource/116332/RAPORT+ZA+2019+ROK.pdf,direct_without_tor,5970e07c94a9d15a39dbfd9bd6e6de7836041067d3551c728b6f0a4832deabd0,200,2026-09-04T21:56:51Z,,1.016,true
875,podlaskie,augustowski,Nowinka,gmina wiejska,2001052,2020,ok_finalnie,pdf,tekst,https://bip-ugnowinka.podlaskie.eu/resource/116617/Za%25C5%2582%25C4%2585cznik+do+zarz%25C4%2585dzenia+RAPORT+ZA+2020+ROK.pdf,direct_without_tor,db45f1baa378a7aa690bb2528208cdef1bc2c8220ff2568cb68737dbb33543fa,200,2026-09-04T21:56:54Z,,1.031,true
876,podlaskie,augustowski,Nowinka,gmina wiejska,2001052,2021,ok_finalnie,pdf,tekst,https://bip-ugnowinka.podlaskie.eu/resource/116027/Za%25C5%2582%25C4%2585cznik+do+zarz%25C4%2585dzenia+RAPORT+ZA+2021+ROK.pdf,direct_without_tor,c08ecc487563b06adfb413422cb56eea2548821fa1b65d0d542baa1c34b28570,200,2026-09-04T21:56:57Z,,1.052,true
877,podlaskie,augustowski,Nowinka,gmina wiejska,2001052,2022,ok_finalnie,pdf,tekst,https://bip-ugnowinka.podlaskie.eu/resource/116027/RAPORT+ZA+2022+ROK.pdf,direct_without_tor,fc46f87f3c1a7e65baad57c22443f674246803e633079fcd6bf1d9c71191ec5a,200,2026-09-04T21:57:02Z,,1.123,true
878,podlaskie,augustowski,Nowinka,gmina wiejska,2001052,2023,ok_finalnie,pdf,tekst,https://bip-ugnowinka.podlaskie.eu/resource/116027/48-raport-gminy-2023.pdf,direct_without_tor,b7b11a5d04efebc567c6560b8af7259f99e39ffe06692c354fa0e44307785fa4,200,2026-09-04T21:57:05Z,,2.134,true
879,podlaskie,augustowski,Nowinka,gmina wiejska,2001052,2024,ok_finalnie,pdf,tekst,https://bip-ugnowinka.podlaskie.eu/resource/116027/Raport+o+stanie+Gminy+Nowinka+za+rok+2024.pdf,direct_without_tor,22a1a9ad0486e15ee5a7c36684654f53a0dea570c0bc067690228ae607713a85,200,2026-09-04T21:57:08Z,,0.869,true
880,podlaskie,augustowski,Nowinka,gmina wiejska,2001052,2025,ok_finalnie,pdf,tekst,https://bip-ugnowinka.podlaskie.eu/resource/116027/RAPORT+ZA+2025+ROK.pdf,direct_without_tor,8ed7e3a4025b98fbe76f93b029b62fd88d68db88b85220162c801d7c9ef9f517,200,2026-09-04T21:57:11Z,,0.979,true
881,podlaskie,augustowski,Płaska,gmina wiejska,2001062,2018,ok_finalnie,pdf,tekst,https://bip-ugplaska.podlaskie.eu/resource/4385/Raport+o+stanie+gminy+za+2018+r+.pdf,direct_without_tor,e5478f3a549214fa78d124dadb244a2cbae80cf53ec28b8ecddd314e306e867f,200,2026-09-04T21:57:06Z,,1.259,true
882,podlaskie,augustowski,Płaska,gmina wiejska,2001062,2019,ok_finalnie,pdf,tekst,https://bip-ugplaska.podlaskie.eu/resource/5240/Raport+o+stanie+gminy+za+2019+r.pdf,direct_without_tor,6bec6a9260fcc6a1d547f6b0e91b6bae53dd106290e33311636c64df833b6c98,200,2026-09-04T21:57:09Z,,1.08,true
883,podlaskie,augustowski,Płaska,gmina wiejska,2001062,2020,ok_finalnie,pdf,tekst,https://bip-ugplaska.podlaskie.eu/resource/5945/Raport+o+stanie+gminy+za+2020+r.pdf,direct_without_tor,2bc499f87cc2957b2d945df1afe06ca087045630c416e7dc8c105a4bcfd3b6f8,200,2026-09-04T21:57:12Z,,1.037,true
884,podlaskie,augustowski,Płaska,gmina wiejska,2001062,2021,ok_finalnie,pdf,tekst,https://bip-ugplaska.podlaskie.eu/resource/6360/Zarz%25C4%2585dzenie.295.22-+przyj%25C4%2599cie+raportu_za_2021.pdf,direct_without_tor,2533298449dd7c2962f0087066bbb61fbfad152165c624a8ec8831fa53aeb5de,200,2026-09-04T21:57:15Z,,2.34,true
885,podlaskie,augustowski,Płaska,gmina wiejska,2001062,2022,ok_finalnie,pdf,tekst,https://bip-ugplaska.podlaskie.eu/resource/6724/Zarz%25C4%2585dzenie.394.23-+przyj%25C4%2599cie+raportu_za_2022.pdf,direct_without_tor,f5c5d9196c20b46bd6d64f346e8c12883909d5266b0be32787275cc439a538f7,200,2026-09-04T21:57:18Z,,2.316,true
886,podlaskie,augustowski,Płaska,gmina wiejska,2001062,2023,ok_finalnie,pdf,tekst,https://bip-ugplaska.podlaskie.eu/resource/7107/Zarz%25C4%2585dzenie.9.24-+przyj%25C4%2599cie+raportu_za_2023.pdf,direct_without_tor,982bfc60a3a564bd583ae7432cac16f9fd5a1c2558457add633bf8bbd0a7545d,200,2026-09-04T21:57:22Z,,4.554,true
887,podlaskie,augustowski,Płaska,gmina wiejska,2001062,2024,ok_finalnie,pdf,tekst,https://bip-ugplaska.podlaskie.eu/resource/7513/Zarz%25C4%2585dzenie.109.25-+przyj%25C4%2599cie+raportu_za_2024.pdf,direct_without_tor,24d60dbbd81f50ff99ec2c29c1e8813fe7dcc4f045d3e13ddffbec823decf2dd,200,2026-09-04T21:57:26Z,,5.153,true
888,podlaskie,augustowski,Płaska,gmina wiejska,2001062,2025,ok_finalnie,pdf,tekst,https://bip-ugplaska.podlaskie.eu/resource/7911/Zarz%25C4%2585dzenie.204.26-+przyj%25C4%2599cie+raportu_za_2025.pdf,direct_without_tor,fd810b0e76292450b832f5d93ac7776bbcf75a0ba451d67771008d4ff95fa62d,200,2026-09-04T21:57:30Z,,4.333,true
889,podlaskie,augustowski,Sztabin,gmina wiejska,2001072,2018,ok_finalnie,pdf,tekst,https://ugsztabin.bip.gov.pl/fobjects/download/574781/zarzadzenie-nr-60-2019-wojta-gminy-sztabin-w-sprawie-przedstawienia-raportu-o-stanie-gminy-sztabin-za-2018-rok-pdf.html,tor_pl_ip,84f9a719b75995f238dc57fe99e9767a02ab379c500b9bf0d21766a035192d42,200,2026-09-05T00:23:46Z,,1.933,true
890,podlaskie,augustowski,Sztabin,gmina wiejska,2001072,2019,ok_finalnie,pdf,tekst,https://ugsztabin.bip.gov.pl/fobjects/download/777018/zarzadzenie-nr-159-2020-wojta-gminy-sztabin-w-sprawie-przedstawienia-raportu-o-stanie-gminy-sztabin-za-2019-rok-pdf.html,tor_pl_ip,5648f17e7c4f58313d893d091926815bbf0e180fc579032f490f8337b8b0ec11,200,2026-09-05T00:23:49Z,,1.495,true
891,podlaskie,augustowski,Sztabin,gmina wiejska,2001072,2020,ok_finalnie,pdf,tekst,https://ugsztabin.bip.gov.pl/fobjects/download/990697/zarzadzenie-nr-240-2021-pdf.html,tor_pl_ip,82823e6a1be618a282988b8051d4e89b3482493e1e55b8f38418c5e79536215e,200,2026-09-05T00:23:58Z,,5.381,true
892,podlaskie,augustowski,Sztabin,gmina wiejska,2001072,2021,ok_finalnie,docx,tekst,https://ugsztabin.bip.gov.pl/fobjects/download/1246827/raport-o-stanie-gminy-21-docx.html,tor_pl_ip,112c771502cb5cccdf43cd6461e22ee6a5a6a416d22bf5a52d3434874f8a946a,200,2026-09-05T00:24:15Z,,9.261,true
893,podlaskie,augustowski,Sztabin,gmina wiejska,2001072,2022,ok_finalnie,docx,tekst,https://ugsztabin.bip.gov.pl/fobjects/download/1475602/raport-o-stanie-gminy-2022-docx.html,tor_pl_ip,3bae8f8c74b250a72dc4218ab6ce5fa4d3846ac15fbb177da63c02c30ee7a114,200,2026-09-05T00:24:48Z,,12.399,true
894,podlaskie,augustowski,Sztabin,gmina wiejska,2001072,2023,ok_finalnie,pdf,tekst,https://prawomiejscowe.pl/api/file/182/2979768,"web search bez Tora + aktualny BIP przez Tor + rekonstrukcja publicznego API oficjalnej Bazy Aktów Własnych prawomiejscowe.pl (instytucja 182) + GetDocumentsNewGrid + szczegóły zarządzenia 5/2024 (dokument 1053713) i uchwały II/7/2024 (1057016) + pobranie załącznika 2979768 + kontrola ZIPX/PDF, magic bytes, %%EOF, pdfinfo i pdftotext",8d59a2b4192ab48a6edf373bc130ba6eb1fc083f4a30464dc6812359658e6a9b,200,2026-09-05T01:47:47Z,,5.000,true
895,podlaskie,augustowski,Sztabin,gmina wiejska,2001072,2024,ok_finalnie,pdf,tekst,https://ugsztabin.bip.gov.pl/fobjects/download/1987073/zarzadzenie-nr-71-2025-wojta-gminy-sztabin-z-dnia-12-maja-2025-r-w-sprawie-przedstawienia-raportu-o-stanie-gminy-sztabin-za-rok-2024.html,tor_pl_ip,9116d8644b1d27f6e9541453d00657cede461c8aaa765e5113c1d36cce9014e3,200,2026-09-05T00:25:26Z,,8.348,true
896,podlaskie,augustowski,Sztabin,gmina wiejska,2001072,2025,ok_finalnie,pdf,tekst,https://ugsztabin.bip.gov.pl/fobjects/download/2264039/raport-o-stanie-gminy-za-2025-pdf.html,tor_pl_ip,d4fb84fb2e95ad15ea04d3f8a865081b0e479e52bf0050030a2adacf5c849f1b,200,2026-09-05T00:27:52Z,,10.205,true
897,podlaskie,białostocki,Choroszcz,gmina miejsko-wiejska,2002013,2018,ok_finalnie,pdf,tekst,https://bip.choroszcz.pl/resource/11307/RAPORT+o+stanie+Gminy+Choroszcz+za+2018+rok.pdf,direct_without_tor,9bf713a6e388487fbbb96375996d853bd8f8164840b0848bc350b409acc75624,200,2026-09-04T21:57:16Z,,0.347,true
898,podlaskie,białostocki,Choroszcz,gmina miejsko-wiejska,2002013,2019,ok_finalnie,pdf,tekst,https://bip.choroszcz.pl/resource/12499/RAPORT+o+stanie+Gminy+Choroszcz+za+2019+rok.pdf,direct_without_tor,44dfb84ba2885d90af89996ed0001fa35ce71149782c53c8e95e85e48d4b6e45,200,2026-09-04T21:57:18Z,,0.762,true
899,podlaskie,białostocki,Choroszcz,gmina miejsko-wiejska,2002013,2020,ok_finalnie,pdf,tekst,https://bip.choroszcz.pl/resource/13592/RAPORT+O+STANIE+GMINY+W+ROKU+2020.pdf,direct_without_tor,fea996ec0854e6ec9101660ad7cef8397a98fd8366fc3bce63c25205dc0e6a7f,200,2026-09-04T21:57:23Z,,0.354,true
900,podlaskie,białostocki,Choroszcz,gmina miejsko-wiejska,2002013,2021,ok_finalnie,pdf,tekst,https://bip.choroszcz.pl/resource/14186/RAPORT+o+stanie+Gminy+Choroszcz+za+2021+rok.pdf,direct_without_tor,c8b935cbb0b976727fe9b66bdd467ed4a421a93c023b115ba00d29f63e46520a,200,2026-09-04T21:57:25Z,,0.412,true
901,podlaskie,białostocki,Choroszcz,gmina miejsko-wiejska,2002013,2022,ok_finalnie,docx,tekst,https://bip.choroszcz.pl/resource/14551/RAPORT+o+stanie+Gminy+Choroszcz+za+2022+rok.docx,direct_without_tor,d9beead7a8d8d7b7c9478eb718fbde2edfacee6a05e5fa4638fde27403c49dae,200,2026-09-04T21:57:27Z,,0.285,true
902,podlaskie,białostocki,Choroszcz,gmina miejsko-wiejska,2002013,2023,ok_finalnie,pdf,tekst,https://bip.choroszcz.pl/resource/15033/RAPORT+o+stanie+Gminy+Choroszcz+za+2023+rok.pdf,direct_without_tor,446ccbc1c088f6063f05e38f6f28cec7b94564ec6166244adfc0944d81131c3e,200,2026-09-04T21:57:29Z,,0.349,true
903,podlaskie,białostocki,Choroszcz,gmina miejsko-wiejska,2002013,2024,ok_finalnie,pdf,tekst,https://bip.choroszcz.pl/resource/15538/Raport+o+stanie+Gminy_za+2024+rok.pdf,direct_without_tor,9fb760e0d24b14311416717f6c336d1896963ae949453f306a9f1ddf12453bc8,200,2026-09-04T21:57:32Z,,0.959,true
904,podlaskie,białostocki,Choroszcz,gmina miejsko-wiejska,2002013,2025,ok_finalnie,pdf,tekst,https://bip.choroszcz.pl/resource/15922/Raport+o+stanie+Gminy_za+2025+rok.pdf,direct_without_tor,4bd66f517575b131166f509dd3e8bfac0762d188cbcfc96d8ed7b423ff6aa727,200,2026-09-04T21:57:34Z,,0.84,true
905,podlaskie,białostocki,Czarna Białostocka,gmina miejsko-wiejska,2002023,2018,ok_finalnie,pdf,tekst,https://bip-umczarnabialostocka.podlaskie.eu/resource/6535/Raport+o+stanie+Gminy+Czarna+Bia%C5%82ostocka+za+2018+rok.pdf,direct_without_tor,85ce41e74ebe4572d12dcfc84d229c3c48874a99e9ef2f152564cd0ff83cdba1,200,2026-09-04T22:16:26Z,,4.334,true
906,podlaskie,białostocki,Czarna Białostocka,gmina miejsko-wiejska,2002023,2019,ok_finalnie,pdf,tekst,https://bip-umczarnabialostocka.podlaskie.eu/resource/7819/Raport+o+stanie+gminy+Czarna+Bia%C5%82ostocka+za+2019+rok.pdf,direct_without_tor,4262f81b66c7988e999f4ff423b6515f6d95db3bd96e097a314430905396bc5c,200,2026-09-04T22:16:30Z,,4.551,true
907,podlaskie,białostocki,Czarna Białostocka,gmina miejsko-wiejska,2002023,2020,ok_finalnie,pdf,tekst,https://bip-umczarnabialostocka.podlaskie.eu/resource/9064/17589/Raport+o+stanie+Gminy+Czarna+Bia%C5%82ostocka+za+2020+rok.pdf,direct_without_tor,7c373b95a6954fdd841c70357bfe3245dbf7a488ea724a20e29d0d67c70119c0,200,2026-09-04T22:16:34Z,,7.189,true
908,podlaskie,białostocki,Czarna Białostocka,gmina miejsko-wiejska,2002023,2021,ok_finalnie,pdf,tekst,https://bip-umczarnabialostocka.podlaskie.eu/resource/6534/Raport+o+stanie+Gminy+Czarna+Bia%C5%82ostocka+za+2021+rok.pdf,direct_without_tor,2ee3631c93188489e689ea0b00a390eb5db0d038e8c7bb9d555cc6f8507a002d,200,2026-09-04T22:18:30Z,,8.559,true
909,podlaskie,białostocki,Czarna Białostocka,gmina miejsko-wiejska,2002023,2022,ok_finalnie,pdf,tekst,https://bip-umczarnabialostocka.podlaskie.eu/resource/6534/Raport+o+stanie+Gminy+Czarna+Bia%C5%82ostocka+2022.pdf,direct_without_tor,7d24388f676c91e2693340c2fc8b933eb7d9251e09d7f753b1466cdfb2897f78,200,2026-09-04T22:18:35Z,,7.669,true
910,podlaskie,białostocki,Czarna Białostocka,gmina miejsko-wiejska,2002023,2023,ok_finalnie,pdf,tekst,https://bip-umczarnabialostocka.podlaskie.eu/resource/2407/Raport+o+stanie+Gminy+Czarna+Bia%C5%82ostocka+2023+rok.pdf,direct_without_tor,936f9f757e5209ea9e4048a93ea91f0fc554c97dbbbc815fdab8aa66648e89e3,200,2026-09-04T22:18:39Z,,5.227,true
911,podlaskie,białostocki,Czarna Białostocka,gmina miejsko-wiejska,2002023,2024,ok_finalnie,pdf,tekst,https://bip-umczarnabialostocka.podlaskie.eu/resource/2407/Raport+o+stanie+Gminy+Czarna+Bia%C5%82ostocka+2024+rok.pdf,direct_without_tor,46c02ffc1d2a69425c755e551a01d9227413be813601a37e6db917dbbeed15d4,200,2026-09-04T22:18:44Z,,6.456,true
912,podlaskie,białostocki,Czarna Białostocka,gmina miejsko-wiejska,2002023,2025,ok_finalnie,pdf,skan,https://bip-umczarnabialostocka.podlaskie.eu/resource/2407/Raport+o+stanie+Gminy+Czarna+Bia%25C5%2582ostocka+2025.PDF,direct_without_tor + ocr | recheck_ssl_off,a073f33f778118b0ee2146ba3fc29dc0cba556e185dee50b486ab354b6a3e948,200,2026-09-02T09:56:02Z,,24.952,true
913,podlaskie,białostocki,Dobrzyniewo Duże,gmina wiejska,2002032,2018,ok_finalnie,pdf,tekst,https://bip-ugdobrzyniewoduze.podlaskie.eu/resource/115489/Raport o stanie gminy Dobrzyniewo Duże za 2018 r.pdf/attachment.1,direct_without_tor,54d5fe14cce3403ab7eb9cac7798985386f68f53cd850bafa5762aea25e28004,200,2026-09-04T22:26:43Z,,0.768,true
914,podlaskie,białostocki,Dobrzyniewo Duże,gmina wiejska,2002032,2019,ok_finalnie,pdf,tekst,https://bip-ugdobrzyniewoduze.podlaskie.eu/resource/file/download-file/id.8191/attachment.1,direct_without_tor,a2478392100b4dad91f99c6f87c2657329ffae75f677218d0f3ce39421609284,200,2026-09-04T22:26:46Z,,1.003,true
915,podlaskie,białostocki,Dobrzyniewo Duże,gmina wiejska,2002032,2020,ok_finalnie,pdf,tekst,https://bip-ugdobrzyniewoduze.podlaskie.eu/resource/file/download-file/id.9270/attachment.1,direct_without_tor,b009120d2b5517b4242c72fbfd12363f78d6dcc33066beb25f4ff381e9b6ab72,200,2026-09-04T22:26:51Z,,15.378,true
916,podlaskie,białostocki,Dobrzyniewo Duże,gmina wiejska,2002032,2021,ok_finalnie,pdf,tekst,https://bip-ugdobrzyniewoduze.podlaskie.eu/resource/115489/raport_2021.pdf/attachment.1,direct_without_tor,100250fd2ddad0dd64cda864c277ad37e52fef18588f70936515c7e9040c59b9,200,2026-09-04T22:31:20Z,,19.72,true
917,podlaskie,białostocki,Dobrzyniewo Duże,gmina wiejska,2002032,2022,ok_finalnie,pdf,tekst,https://bip-ugdobrzyniewoduze.podlaskie.eu/resource/115489/raport_osg_2022.pdf,direct_without_tor,f6ae7b1ed58941f804654edb5b625007a7ba5617ece6c81ffd1091c19deab6ce,200,2026-09-04T22:32:52Z,,19.396,true
918,podlaskie,białostocki,Dobrzyniewo Duże,gmina wiejska,2002032,2023,ok_finalnie,html,tekst,https://dobrzyniewoduze-2023.g.fundacjamiasto.pl/,direct_without_tor,7e516ba061438db08e050ee604b36b97e76c2f1b65ce73203f1bf5b9db8f1b10,200,2026-09-05T02:07:21Z,[revalid 2026-09-04] hash_mismatch got=b73e1888a225323478704eb5b05051da80fad06306b417fce55892e210e56de9 want=b65ffe660ddc48b83d045d7ccbd16461fc50726c1c3051e9ae6dcbe2c46f24e7 n=233112 unit=gmina_ok report=True year=2023 | [revalid 2026-09-05] revalidated_hash_updated unit_ok report year=2023 n=233041 old_hash_mismatch,0.222,true
919,podlaskie,białostocki,Dobrzyniewo Duże,gmina wiejska,2002032,2024,ok_finalnie,html,tekst,https://dobrzyniewoduze-2024.g.fundacjamiasto.pl/,direct_without_tor,56b556caee7519fe44dfb264ac84d06c78b94e0e20f61f5ad46059ef8a834ce9,200,2026-09-05T02:07:21Z,[revalid 2026-09-04] hash_mismatch got=ee13f8f9cd5d512c3480ab94f1df4b4b27d87ae2a9b0f8cf54264ed0cc053f75 want=9951ddb8ef026855901c634fcc1dde35fc899c4b2d127f9f72f90ca39b7b8343 n=236505 unit=gmina_ok report=True year=2024 | [revalid 2026-09-05] revalidated_hash_updated unit_ok report year=2024 n=236488 old_hash_mismatch,0.226,true
920,podlaskie,białostocki,Dobrzyniewo Duże,gmina wiejska,2002032,2025,ok_finalnie,pdf,tekst,https://bip-ugdobrzyniewoduze.podlaskie.eu/resource/117532/20260517_Dobrzyniewo_Du%C5%BCe+Raport+o+stanie+Gminy+w+2025+roku.pdf,direct_without_tor,88cb3824b61eba66d8d1cb87186f8fb1c3118c8bb330d59848d63788528539d9,200,2026-09-04T22:37:47Z,,28.313,true
928,podlaskie,białostocki,Grabówka,gmina wiejska,2002162,2025,ok_finalnie,pdf,tekst,https://bip.gminagrabowka.pl/resource/1105/Za%C5%82acznik+do+zarz%C4%85dzenia.pdf,direct_without_tor,0a081cdb44ea4690efb5487618a8ed49dc1e427af1ce7b819b61e8ba8f2d8d1f,200,2026-09-04T22:42:37Z,,1.508,true
929,podlaskie,białostocki,Gródek,gmina wiejska,2002042,2018,ok_finalnie,pdf,tekst,https://bip-uggrodek.podlaskie.eu/resource/9516/Raport_o_stanie_Gminy_Grodek_w_2018_r_.pdf,direct_without_tor,b1fda78dd47e33830ec03f059d7c5cca0368e385e220f9903bd24b79393d58c7,200,2026-09-04T22:31:57Z,,0.958,true
930,podlaskie,białostocki,Gródek,gmina wiejska,2002042,2019,ok_finalnie,pdf,tekst,https://bip-uggrodek.podlaskie.eu/resource/9514/Raport_o_stanie_Gminy_Grodek_w_2019_r_.pdf,direct_without_tor,5e8070387e46a22029941fea213ccf7c215bdc6aca7813eb227d57a91e95f290,200,2026-09-04T22:32:00Z,,0.608,true
931,podlaskie,białostocki,Gródek,gmina wiejska,2002042,2020,ok_finalnie,pdf,tekst,https://bip-uggrodek.podlaskie.eu/resource/10859/RAPORT_O_STANIE_GMINY_GR%C3%93DEK.pdf,direct_without_tor,c096749d25be46f15d2520fd388ea26e22c54a145ae530b816497408197b168c,200,2026-09-04T22:32:04Z,,1.357,true
932,podlaskie,białostocki,Gródek,gmina wiejska,2002042,2021,ok_finalnie,pdf,skan,https://bip-uggrodek.podlaskie.eu/resource/file/download-file/id.15858/attachment.1,direct_without_tor,056686a305044c3cc3832e63cd6346e5360a72c39dfb633a9450f99866c8eb9c,200,2026-09-04T22:35:14Z,,12.122,true
933,podlaskie,białostocki,Gródek,gmina wiejska,2002042,2022,ok_finalnie,pdf,skan,https://bip-uggrodek.podlaskie.eu/resource/file/download-file/id.15877/attachment.1,direct_without_tor,1d62f800941ffde63fc1b187d8153b16480aaccf51942648036f8b0e3bd82c16,200,2026-09-04T22:36:32Z,,14.113,true
934,podlaskie,białostocki,Gródek,gmina wiejska,2002042,2023,ok_finalnie,pdf,tekst,https://web.archive.org/web/20251211024051id_/https://www.grodek.pl/images/Raport_o_stanie_Gminy_Gr%C3%B3dek_za_rok_2023.pdf,direct_without_tor,0f5551cd5d6e78fc74de99f7f2e74832ab008e7a9c261aa817f230367df4c655,200,2026-09-04T21:53:42Z,,0.816,true
935,podlaskie,białostocki,Gródek,gmina wiejska,2002042,2024,ok_finalnie,pdf,tekst,https://web.archive.org/web/20260216080909id_/https://www.grodek.pl/images/Raport_o_stanie_Gminy_Gr%C3%B3dek_za_rok_2024.pdf,direct_without_tor,c947a72abd78bfd0e0d7a8012ede056dcf1bf4b0abf0cae8b1e00154e4b284dc,200,2026-09-04T21:53:47Z,,0.682,true
936,podlaskie,białostocki,Gródek,gmina wiejska,2002042,2025,ok_finalnie,pdf,tekst,http://tor.backup2.sam3.pl/httrack/grodek.pl/www.grodek.pl/images/Raport_o_stanie_Gminy_Gr%c3%b3dek_za_rok_2025_BIP.pdf,direct_without_tor,baa2cbbb77584721ed80bb65790362e38ca0fa295fb353dc4e0e1f4ca4eb485a,200,2026-09-04T21:53:35Z,,0.736,true
937,podlaskie,białostocki,Juchnowiec Kościelny,gmina wiejska,2002052,2018,ok_finalnie,pdf,skan,https://bip-ugjuchn-kosc.podlaskie.eu/resource/file/download-file/id.11498/attachment.1,direct_without_tor | recheck_ssl_off,6d3725f2b0ff5544769a457cdbbc2d8aabb6f384dfcb643ed2be0705de9fd980,200,2026-09-02T10:34:53Z,,24.856,true
938,podlaskie,białostocki,Juchnowiec Kościelny,gmina wiejska,2002052,2019,ok_finalnie,pdf,skan,https://bip-ugjuchn-kosc.podlaskie.eu/resource/file/download-file/id.13857/attachment.1,direct_without_tor,abd6fc1b2ff9a140f7ae3cb920d91708f18c5fd256de498a1633e9ec9e64bc9f,200,2026-09-04T22:38:27Z,,22.712,true
939,podlaskie,białostocki,Juchnowiec Kościelny,gmina wiejska,2002052,2020,ok_finalnie,pdf,tekst,https://bip-ugjuchn-kosc.podlaskie.eu/resource/file/download-file/id.16088/attachment.1,direct_without_tor,c8e11c5aa0f1854b9f3760c46919ddf0cbbb15dc21466687562ba67f7178100a,200,2026-09-04T22:38:30Z,,1.336,true
940,podlaskie,białostocki,Juchnowiec Kościelny,gmina wiejska,2002052,2021,ok_finalnie,pdf,tekst,https://bip-ugjuchn-kosc.podlaskie.eu/resource/117134/Zarządzenie Nr ORG.0050.343.2022 Raport o stanie gminy za 2021.pdf/attachment.1,direct_without_tor,01510c5de5979cf96cf9a0254b8cc1059ba0dba1c701c402239998b8d7bd69b2,200,2026-09-04T22:38:33Z,,1.946,true
941,podlaskie,białostocki,Juchnowiec Kościelny,gmina wiejska,2002052,2022,ok_finalnie,pdf,tekst,https://bip.juchnowiec.gmina.pl/resource/117134/RAPORT O  STANIE GMINY za 2022.pdf/attachment.1,direct_without_tor_ssl_off,5edd79bee90489942b55d572d98b798a2aad117440cd838d6a767408d8f2bdfd,200,2026-09-04T23:35:03Z,,1.832,true
942,podlaskie,białostocki,Juchnowiec Kościelny,gmina wiejska,2002052,2023,ok_finalnie,pdf,tekst,https://bip.juchnowiec.gmina.pl/resource/120539/RAPORT O  STANIE GMINY ZA 2023.pdf/attachment.1,direct_without_tor_ssl_off,950ba0d1fc55d75841c914ef9526079ec2bea7c9a5552baa1532ea66c67e3deb,200,2026-09-04T23:35:06Z,,1.874,true
943,podlaskie,białostocki,Juchnowiec Kościelny,gmina wiejska,2002052,2024,ok_finalnie,pdf,tekst,https://bip.juchnowiec.gmina.pl/resource/121169/Zarz%C4%85dzenie+Nr+ORG.0050.141.2025.pdf,direct_without_tor_ssl_off,e800bb242aca7b6a2b8de438029360f27cd30f515f99395ca12d7f9813b9bf2a,200,2026-09-04T23:35:09Z,,1.431,true
944,podlaskie,białostocki,Juchnowiec Kościelny,gmina wiejska,2002052,2025,ok_finalnie,pdf,tekst,https://bip-ugjuchn-kosc.podlaskie.eu/resource/121545/Zarz%C4%85dzenie+Nr+ORG.0050.263.2026.pdf,direct_without_tor,987a7078933da171b89a2130484580676788273f2c978afb279b336a6a4043cd,200,2026-09-04T22:38:36Z,,2.014,true
945,podlaskie,białostocki,Michałowo,gmina miejsko-wiejska,2002073,2018,brak_finalnie,,,brak,"dogłębne sprawdzenie (sitemap + pełna inwentaryzacja załączników + protokoły sesji + uchwały o wotum + web search + Wayback) - dowód istnienia raportu, plik nieudostępniony publicznie",,sprawdzono pogłębnie 2026-09-05,2026-09-02T23:50:27Z,[KONT.] || [TURA 19 05.09.2026] Wayback CDX michalowo.pl / bip.michalowo.pl: zero rekordów 'raport o stanie'. Status bez zmian.,,true
946,podlaskie,białostocki,Michałowo,gmina miejsko-wiejska,2002073,2019,brak_finalnie,,,brak,"dogłębne sprawdzenie (sitemap + pełna inwentaryzacja załączników + protokoły sesji + uchwały o wotum + web search + Wayback) - dowód istnienia raportu, plik nieudostępniony publicznie",,sprawdzono pogłębnie 2026-09-05,2026-09-02T23:50:27Z,[KONT.] || [TURA 19 05.09.2026] Jw. (wiersz 945). Status bez zmian.,,true
947,podlaskie,białostocki,Michałowo,gmina miejsko-wiejska,2002073,2020,ok_finalnie,pdf,tekst,https://bip-ugmichalowo.podlaskie.eu/resource/119080/raport+o+stanie+gminy+za+2020.pdf,direct_without_tor,dba0d1cf9696da89328ae4b49345a58fd2b7e628272849a7603a505457db6699,200,2026-09-04T22:27:08Z,,0.158,true
948,podlaskie,białostocki,Michałowo,gmina miejsko-wiejska,2002073,2021,ok_finalnie,pdf,tekst,https://bip-ugmichalowo.podlaskie.eu/resource/119753/raport+o+stanie+gminy+za+2021.pdf,direct_without_tor,efa22f85cfc3ad39a7d849f85784ba8d85ddcb6fe978698cb40f6e6a77f1302c,200,2026-09-04T22:27:11Z,,0.144,true
949,podlaskie,białostocki,Michałowo,gmina miejsko-wiejska,2002073,2022,ok_finalnie,pdf,skan,https://bip-ugmichalowo.podlaskie.eu/resource/120327/Raport+o+stanie+gminy+2022+.pdf,direct_without_tor,eec95287294345146a4930eafce3c24f52443c064568997c8ae4db5d5ce042ec,200,2026-09-04T22:29:07Z,,8.318,true
950,podlaskie,białostocki,Michałowo,gmina miejsko-wiejska,2002073,2023,ok_finalnie,pdf,tekst,https://bip-ugmichalowo.podlaskie.eu/resource/120676/Raport+o+stanie+Gminy+Micha%25C5%2582owo+za+2023+r.pdf,direct_without_tor,141f04d2da3b6bae955e31d34684c2ecd2ed31f41c924e1a5c93775f7f2c6ecf,200,2026-09-04T22:29:09Z,,0.399,true
951,podlaskie,białostocki,Michałowo,gmina miejsko-wiejska,2002073,2024,ok_finalnie,pdf,tekst,https://bip-ugmichalowo.podlaskie.eu/resource/121229/Raport+o+stanie+Gminy+Micha%25C5%2582owo+za+2024r.pdf,direct_without_tor,19dfc6d215fbd15f9ec694f95d1b448a4930b3fb94ba4f8cac68823c94a8d40c,200,2026-09-04T22:29:12Z,,0.479,true
952,podlaskie,białostocki,Michałowo,gmina miejsko-wiejska,2002073,2025,ok_finalnie,pdf,tekst,https://bip-ugmichalowo.podlaskie.eu/resource/121666/Raport+o+stanie+Gminy+Micha%25C5%2582owo+za+2025r.pdf,direct_without_tor,229c60b7bc11d5f31fd16e785a49e59cbf618f37642e70600072ffa5b42af8af,200,2026-09-04T22:29:14Z,,0.491,true
953,podlaskie,białostocki,Poświętne,gmina wiejska,2002082,2018,ok_finalnie,pdf,tekst,https://bip-ugposwietne.podlaskie.eu/resource/file/download-file/id.4177/attachment.1,direct_without_tor,23957722f215069c35380d4d940438abc93809704513cf58017028d684ad4a14,200,2026-09-04T22:16:00Z,,1.178,true
954,podlaskie,białostocki,Poświętne,gmina wiejska,2002082,2019,ok_finalnie,pdf,tekst,https://bip-ugposwietne.podlaskie.eu/resource/file/download-file/id.4511/attachment.1,direct_without_tor,0877926e4a4f93727bcb2df24e8ee4432902c1c3105577370440a7b79ae5d646,200,2026-09-04T22:19:19Z,,20.658,true
955,podlaskie,białostocki,Poświętne,gmina wiejska,2002082,2020,ok_finalnie,pdf,tekst,https://bip-ugposwietne.podlaskie.eu/resource/file/download-file/id.4823/attachment.1,direct_without_tor,e4aa05c8a0b20b72023a0cc667ccdb940d976705813b8f4810715b9083a562b2,200,2026-09-04T22:19:24Z,,14.537,true
956,podlaskie,białostocki,Poświętne,gmina wiejska,2002082,2021,ok_finalnie,pdf,tekst,https://bip-ugposwietne.podlaskie.eu/resource/115115/rapoSGza2021r.pdf/attachment.1,direct_without_tor,9e0720afcb680e9c37da14ba229f20910caf73cb27d2abc2ea40fc15c561ed71,200,2026-09-04T22:22:06Z,,14.468,true
957,podlaskie,białostocki,Poświętne,gmina wiejska,2002082,2022,ok_finalnie,pdf,tekst,https://bip-ugposwietne.podlaskie.eu/resource/115115/rapoSGza2022r.pdf/attachment.1,direct_without_tor,6d73a22630b529df5e511a2cff07dada586b0ddc3eac0819545e27eb2d0f7e57,200,2026-09-04T22:23:19Z,,13.596,true
958,podlaskie,białostocki,Poświętne,gmina wiejska,2002082,2023,ok_finalnie,pdf,tekst,https://ugposwietne.podlaskie.eu/resource/2860/RAPORT+O+STANIE+GMINY+PO%C5%9AWI%C4%98TNE+ZA+2023+R..pdf,direct_without_tor,b35be8077bc03fbadd1822a552dcaac8ac78a72233b6badcc511a45ab7c6b80e,200,2026-09-04T22:45:22Z,,17.884,true
959,podlaskie,białostocki,Poświętne,gmina wiejska,2002082,2024,ok_finalnie,pdf,tekst,https://bip-ugposwietne.podlaskie.eu/resource/115115/rapoSGza2024r..pdf/attachment.1,direct_without_tor,6b53a4b2d9705e463f3f01adb448358443356e36a0d358398b3bfa55c6cff002,200,2026-09-04T22:23:23Z,,5.629,true
960,podlaskie,białostocki,Poświętne,gmina wiejska,2002082,2025,ok_finalnie,pdf,tekst,https://bip-ugposwietne.podlaskie.eu/resource/115115/rosg2025.pdf/attachment.1,direct_without_tor,28770e157905d245e3b2456e5f29a2e82eda2f28986d269c741f76beb51a5afc,200,2026-09-04T22:24:35Z,,6.533,true
961,podlaskie,białostocki,Supraśl,gmina miejsko-wiejska,2002093,2018,ok_finalnie,pdf,skan,https://bip-umsuprasl.podlaskie.eu/resource/11973/raport+o+stanie+gminy+-+za+rok+2018.pdf,direct_without_tor,f64fc712029e035216b8bd0df5375b07759e13af2b8d93f5fc9d8d42fef74069,200,2026-09-04T22:39:27Z,,31.226,true
962,podlaskie,białostocki,Supraśl,gmina miejsko-wiejska,2002093,2019,ok_finalnie,pdf,skan,https://bip-umsuprasl.podlaskie.eu/resource/11975/raport+o+stanie+gminy+-+za+rok+2019+r..pdf,direct_without_tor,4ac6573aa88a61842f76dbcd1a4edb83764c2adf502c401b4eae6f6033f31b4a,200,2026-09-04T22:39:54Z,,30.157,true
963,podlaskie,białostocki,Supraśl,gmina miejsko-wiejska,2002093,2020,ok_finalnie,pdf,skan,https://bip-umsuprasl.podlaskie.eu/resource/12889/raport+o+stanie+gminy+za+2020+r..pdf,direct_without_tor,5e7d56586d00565df38bd0dd3a3a60d5c03ad2b898682371de0e711316ac4ab7,200,2026-09-04T22:40:14Z,,22.404,true
964,podlaskie,białostocki,Supraśl,gmina miejsko-wiejska,2002093,2021,ok_finalnie,pdf,skan,https://bip-umsuprasl.podlaskie.eu/resource/13691/Raport+o+stanie+Gminy+Supra%C5%9Bl+za+rok+2021.pdf,direct_without_tor,b1123ac2adadedaf222132f6b75ed6c7c9a8a7ddd1e94b90aea90507655a9927,200,2026-09-04T22:47:33Z,,30.659,true
965,podlaskie,białostocki,Supraśl,gmina miejsko-wiejska,2002093,2022,ok_finalnie,pdf,skan,https://bip-umsuprasl.podlaskie.eu/resource/14238/Raport+o+stanie+gminy+Supra%C5%9Bl+za+rok+2022.pdf,tor_pl_ip,cf82e3c43271da587b3ee084da75bd752837df4091140f151c072f2758b1ec87,200,2026-09-05T00:30:23Z,,36.739,true
966,podlaskie,białostocki,Supraśl,gmina miejsko-wiejska,2002093,2023,ok_finalnie,pdf,tekst,https://bip-umsuprasl.podlaskie.eu/resource/14876/Raport+o+stanie+Gminy+Supra%C5%9Bl+za+rok+2023.pdf,direct_without_tor,57d238a2987cfb14c993b8a85782e2425912f338f2df88528db7165c839c8815,200,2026-09-04T22:47:36Z,,2.937,true
967,podlaskie,białostocki,Supraśl,gmina miejsko-wiejska,2002093,2024,ok_finalnie,pdf,skan,https://bip-umsuprasl.podlaskie.eu/resource/15314/Raport+o+stanie+Gminy+Supra%C5%9Bl+za+rok+2024.pdf,tor_pl_ip | recheck_ssl_off,5d69edf6f950b1265bdc7ba7a37da0b4242e36d2681e3095df66f691e672a657,200,2026-09-05T00:32:05Z,,48.248,true
968,podlaskie,białostocki,Supraśl,gmina miejsko-wiejska,2002093,2025,ok_finalnie,pdf,skan,https://bip-umsuprasl.podlaskie.eu/resource/15710/Raport+o+stanie+Gminy+Supra%25C5%259Bl+za+rok+2025.pdf,tor_pl_ip,6e375f983bdefb1ed4b732892cfeed01876b4b0c8c4dd89ad6e3ebacfb588915,200,2026-09-05T00:33:15Z,,22.707,true
969,podlaskie,białostocki,Suraż,gmina miejsko-wiejska,2002103,2018,ok_finalnie,pdf,tekst,https://bip-umsuraz.podlaskie.eu/resource/115464/Raport+za+2018+r..pdf,direct_without_tor,ed5398fe230ef2392e042b530ef465bbdce31d74d94a61378bd6416625468729,200,2026-09-04T22:16:11Z,,0.957,true
970,podlaskie,białostocki,Suraż,gmina miejsko-wiejska,2002103,2019,ok_finalnie,pdf,tekst,https://bip-umsuraz.podlaskie.eu/resource/115632/Raport+o+stanie+gminy+Sura%C5%BC+za+2019r.pdf,direct_without_tor,0f922fd904db7dac6f67dc235609cce1d23f43e70eaa6b84825ef49d842135bd,200,2026-09-04T22:16:26Z,,2.317,true
971,podlaskie,białostocki,Suraż,gmina miejsko-wiejska,2002103,2020,ok_finalnie,pdf,skan,https://bip-umsuraz.podlaskie.eu/resource/file/download-file/id.5978/attachment.1,direct_without_tor,aae5d2183aff1ced10acda4c03f2d97d2a622235981f38bd23819e5709504797,200,2026-09-04T22:16:38Z,,19.454,true
972,podlaskie,białostocki,Suraż,gmina miejsko-wiejska,2002103,2021,ok_finalnie,pdf,skan,https://bip-umsuraz.podlaskie.eu/resource/115846/raport2021.pdf/attachment.1,direct_without_tor,7eccc82d46344328f169117a7dffe2d024c2b74f0821f0dfb5234ea66c29ee1a,200,2026-09-04T22:21:16Z,,19.817,true
973,podlaskie,białostocki,Suraż,gmina miejsko-wiejska,2002103,2022,ok_finalnie,pdf,tekst,https://bip-umsuraz.podlaskie.eu/resource/115920/Raport_o_stanie_gminy_Suraż_za_2022_r.pdf/attachment.1,direct_without_tor,34789a5f33ac3dce0a26dcdade0416d062d0230cdaa488cb0612bedf9aabeec6,200,2026-09-04T22:21:19Z,,1.087,true
974,podlaskie,białostocki,Suraż,gmina miejsko-wiejska,2002103,2023,ok_finalnie,pdf,tekst,https://bip-umsuraz.podlaskie.eu/resource/115989/Raport_o_stanie_gminy_Suraż_za_2023_r.pdf/attachment.1,direct_without_tor,38d6bf521ef935b2a6e3ed434d2add241fcc1ffc7fcea2a209d544a8e5bfb5a9,200,2026-09-04T22:21:22Z,,1.956,true
975,podlaskie,białostocki,Suraż,gmina miejsko-wiejska,2002103,2024,ok_finalnie,pdf,tekst,https://bip-umsuraz.podlaskie.eu/resource/116077/Image_049.pdf/attachment.1,direct_no_tor_SECLEVEL_0 | recheck_ssl_off,fa3c1e9dfd7709f85565e09c983b22c60e49c6f582cc89cfd8e8c19aa5ed3ed1,200,2026-09-05T00:20:43Z,,29.814,true
976,podlaskie,białostocki,Suraż,gmina miejsko-wiejska,2002103,2025,ok_finalnie,pdf,tekst,https://bip-umsuraz.podlaskie.eu/resource/116076/raport gminy Suraż za 2025r..pdf/attachment.1,direct_without_tor,4ea2f1a06746c561dcf1c6bde32c30446afcd3be271a5d63d5cad3d865b0f5a3,200,2026-09-04T22:27:16Z,,25.671,true
977,podlaskie,białostocki,Turośń Kościelna,gmina wiejska,2002112,2018,ok_finalnie,pdf,tekst,https://bip-ugturosn.podlaskie.eu/resource/117910/Raport+o+stanie+Gminy+Turo%25C5%259B%25C5%2584+Ko%25C5%259Bcielna+w+roku+2018.pdf,direct_without_tor,6991c04f9c4c1722cfd6983a2941397364a7f302306e5c9472a25b4d3c50d913,200,2026-09-04T21:57:23Z,,0.696,true
978,podlaskie,białostocki,Turośń Kościelna,gmina wiejska,2002112,2019,ok_finalnie,pdf,tekst,https://bip-ugturosn.podlaskie.eu/resource/118962/raport-o-stanie-gminy-za-rok-2019_804271.pdf,direct_without_tor,8503a9804697531fc7e3da9fc84f6273fe70e2e42fff8ecdd49db1ce73fc5af1,200,2026-09-04T21:57:26Z,,1.605,true
979,podlaskie,białostocki,Turośń Kościelna,gmina wiejska,2002112,2020,ok_finalnie,pdf,tekst,https://bip-ugturosn.podlaskie.eu/resource/119983/Raport+o+stanie+gminy+za+2020+r.+-+31.05.2021+r..pdf,direct_without_tor,0e648ed8ff4a6cb823088a7ed38763cdc630f946a100a212d8f9bb5f259bd3e9,200,2026-09-04T21:57:29Z,,1.512,true
980,podlaskie,białostocki,Turośń Kościelna,gmina wiejska,2002112,2021,ok_finalnie,pdf,tekst,https://bip-ugturosn.podlaskie.eu/resource/120554/Raport+o+stanie+gminy+za+2021+rok.pdf,direct_without_tor,c4fedf0c61062131cf1bd28cd52fcd5ad0e60f197dae0949e297509536b80cd9,200,2026-09-04T21:57:32Z,,1.877,true
981,podlaskie,białostocki,Turośń Kościelna,gmina wiejska,2002112,2022,ok_finalnie,pdf,tekst,https://bip-ugturosn.podlaskie.eu/resource/121088/Raport+o+stanie+gminy+za+2022+-+31.05.2023+r..pdf,direct_without_tor,24a45f89a45b9fdf17e3ea609717dc9f420b2ba14205bddfdeca12d7b3e4e465,200,2026-09-04T21:57:35Z,,1.56,true
982,podlaskie,białostocki,Turośń Kościelna,gmina wiejska,2002112,2023,ok_finalnie,pdf,tekst,https://bip-ugturosn.podlaskie.eu/resource/121582/Raport+o+stanie+gminy+za+2023+-+31.05.2024+r..pdf,direct_without_tor,1de39e7874747afd8d9f8be2946386ece0f20292d63d1e4cb3dc372ed46e3fb9,200,2026-09-04T21:57:39Z,,1.994,true
983,podlaskie,białostocki,Turośń Kościelna,gmina wiejska,2002112,2024,ok_finalnie,pdf,tekst,https://bip-ugturosn.podlaskie.eu/resource/122321/Raport+o+stanie+gminy+za+2024+rok.pdf,direct_without_tor,7a699d9b3629eb4e8e2777b67f855468213e58445e7b18f46c5f35b63077ece3,200,2026-09-04T21:57:42Z,,2.022,true
984,podlaskie,białostocki,Turośń Kościelna,gmina wiejska,2002112,2025,ok_finalnie,pdf,tekst,https://bip-ugturosn.podlaskie.eu/resource/122905/Raport+o+stanie+Gminy+Turo%25C5%259B%25C5%2584+Ko%25C5%259Bcielna+za+rok+2025.pdf,direct_without_tor,8fd96d28c61fffdd83bbceb4fba41740778f6d7709e29b100c0d3e8793e8749a,200,2026-09-04T21:57:45Z,,1.545,true
985,podlaskie,białostocki,Tykocin,gmina miejsko-wiejska,2002123,2018,ok_finalnie,pdf,tekst,https://bip-umtykocin.podlaskie.eu/resource/116155/raport+o+stanie+gminy+2018++OK+%2528002%2529.pdf,direct_without_tor,43ff39ac72d2a71280e4bf9820a05d478ae71023351c091d1056dc3eec17d3e1,200,2026-09-04T21:57:32Z,,0.655,true
986,podlaskie,białostocki,Tykocin,gmina miejsko-wiejska,2002123,2019,ok_finalnie,pdf,tekst,https://bip-umtykocin.podlaskie.eu/resource/116801/Raport+o+stanie+gminy+2019.pdf,direct_without_tor,06cd1be5838ff039f56d21421a0de02d6e4db9fe6a6bfb2a30f7bae475f2c277,200,2026-09-04T21:57:35Z,,0.963,true
987,podlaskie,białostocki,Tykocin,gmina miejsko-wiejska,2002123,2020,ok_finalnie,pdf,tekst,https://bip-umtykocin.podlaskie.eu/resource/117653/raport+o+stanie+gminy+2020+OK+%2528004%2529.pdf,direct_without_tor,57e48b6522a2b35a41d821d69c02a8dcbe3d44807ed08c54c6c0e6a8fc119fab,200,2026-09-04T21:57:38Z,,1.468,true
988,podlaskie,białostocki,Tykocin,gmina miejsko-wiejska,2002123,2021,ok_finalnie,pdf,tekst,https://bip-umtykocin.podlaskie.eu/resource/118032/RAPORT+o+stanie+gminy+2021+1.pdf,direct_without_tor,fde5647a004778df25c961b32a336511f244610ca78950dffebe935f2e033c03,200,2026-09-04T21:57:41Z,,1.763,true
989,podlaskie,białostocki,Tykocin,gmina miejsko-wiejska,2002123,2022,ok_finalnie,pdf,tekst,https://bip-umtykocin.podlaskie.eu/resource/118318/RAPORT+2.pdf,direct_without_tor,70388bba865320014d295c410150237c9c58a9804c93cd84965b081aabad66cf,200,2026-09-04T21:57:44Z,,2.176,true
990,podlaskie,białostocki,Tykocin,gmina miejsko-wiejska,2002123,2023,ok_finalnie,pdf,tekst,https://bip-umtykocin.podlaskie.eu/resource/118577/RAPORT+2023.pdf,direct_without_tor,fb05fbb82f966563acf3986be7404eb28bcd00eeaf15792d0b9873132a6cb9d9,200,2026-09-04T21:57:47Z,,1.657,true
991,podlaskie,białostocki,Tykocin,gmina miejsko-wiejska,2002123,2024,ok_finalnie,pdf,tekst,https://bip-umtykocin.podlaskie.eu/resource/118776/RAPORT+2024.pdf,direct_without_tor,a58443c319ccc815989dc562e9200674d63f0517fe7f211a9513820d0ccd23fe,200,2026-09-04T21:57:51Z,,2.415,true
992,podlaskie,białostocki,Tykocin,gmina miejsko-wiejska,2002123,2025,ok_finalnie,pdf,skan,https://bip-umtykocin.podlaskie.eu/resource/119085/Raport+o+stanie+Gminy+Tykocin+za+2025r..pdf,direct_without_tor,32e7c15fe59ae5874a5a4858b230c0bf5aac82ba16ff5e2ce9a7c19e0f2f3d26,200,2026-09-04T22:00:50Z,,11.932,true
993,podlaskie,białostocki,Wasilków,gmina miejsko-wiejska,2002133,2018,ok_finalnie,pdf,skan,https://bip-umwasilkow.podlaskie.eu/resource/5616/Raport_o_stanie_Gminy.pdf,direct_without_tor,ca45af6074449ec94170718a54fb2fd9b04817aee555ffc9f4d0b052d2614137,200,2026-09-04T22:19:26Z,,43.204,true
994,podlaskie,białostocki,Wasilków,gmina miejsko-wiejska,2002133,2019,ok_finalnie,pdf,skan,https://bip.wasilkow.pl/resource/5617/SKM_C224e20080310300.pdf,direct_without_tor,4a37ee272f19ea466b6ac6f4acb6d9eb7b09c62cc613d21c6831988e09631d4e,200,2026-09-04T22:47:43Z,,22.716,true
995,podlaskie,białostocki,Wasilków,gmina miejsko-wiejska,2002133,2020,ok_finalnie,pdf,tekst,https://bip-umwasilkow.podlaskie.eu/resource/6633/Raport+o+stanie+gminy+za+2020+rok.pdf,direct_without_tor,a81231f73826bfbe173a40e1291957c3140d48063b413eb3a754553fb01d2e68,200,2026-09-04T22:59:15Z,,3.902,true
996,podlaskie,białostocki,Wasilków,gmina miejsko-wiejska,2002133,2021,ok_finalnie,pdf,tekst,https://bip-umwasilkow.podlaskie.eu/resource/7423/RAPORT+o+stanie++gminy+Wasilk%25C3%25B3w+za+2021+rok+1.pdf,direct_without_tor,2c4c0c50447cbf166fdb169f26b3b780ab6866e4159ccb697af741dc1a65f60a,200,2026-09-04T22:59:15Z,,4.893,true
997,podlaskie,białostocki,Wasilków,gmina miejsko-wiejska,2002133,2022,ok_finalnie,pdf,tekst,https://bip-umwasilkow.podlaskie.eu/resource/8076/RAPORT+o+stanie+gminy+za+2022+rok.pdf,direct_without_tor,f55f23a0a13c158a780a8156b3622a4a51713237e960eb8aeb58321cd0cb83f1,200,2026-09-04T22:59:15Z,,4.759,true
998,podlaskie,białostocki,Wasilków,gmina miejsko-wiejska,2002133,2023,ok_finalnie,pdf,tekst,https://bip-umwasilkow.podlaskie.eu/resource/8701/Raport+o+stanie+gminy+za+rok+2023.pdf,direct_without_tor,c36fbd8d92852fd639e21d4e30a30af4c574615ce98b54437906edd2597cc891,200,2026-09-04T22:19:41Z,,4.711,true
999,podlaskie,białostocki,Wasilków,gmina miejsko-wiejska,2002133,2024,ok_finalnie,pdf,tekst,https://bip-umwasilkow.podlaskie.eu/resource/9498/Raport+o+Stanie+Gminy+za+2024+r..pdf,direct_without_tor,b6323cc6d47d22d98562bd37ac074eef9e965b5d098107e2e02e4722889e767b,200,2026-09-04T22:19:44Z,,4.986,true
1000,podlaskie,białostocki,Wasilków,gmina miejsko-wiejska,2002133,2025,ok_finalnie,pdf,tekst,https://bip-umwasilkow.podlaskie.eu/resource/10407/Raport+o+Stanie+Gminy+Wasilk%25C3%25B3w+za+2025+r..pdf,direct_without_tor,7d0aafa1881ecc3b790cb733c735e20642a1e6a5e77913aee10ab3ccbb0fc666,200,2026-09-04T22:19:48Z,,4.855,true
1001,podlaskie,białostocki,Zabłudów,gmina miejsko-wiejska,2002143,2018,ok_finalnie,pdf,tekst,https://bip-umzabludow.podlaskie.eu/resource/167/Raport+2019.docx.pdf,direct_without_tor,a13fa487b00a23d24cd401d719805e45c04cd3940efd969a46b2de13205b1041,200,2026-09-04T21:57:36Z,,0.59,true
1002,podlaskie,białostocki,Zabłudów,gmina miejsko-wiejska,2002143,2019,ok_finalnie,docx,tekst,https://bip-umzabludow.podlaskie.eu/resource/9490/2019_Raport.docx,direct_without_tor,1ff46599723a7b6813bf9e382695e1d7402e0b4116f9246ebe45dc358f8b32ad,200,2026-09-04T21:57:39Z,,0.305,true
1003,podlaskie,białostocki,Zabłudów,gmina miejsko-wiejska,2002143,2020,ok_finalnie,pdf,tekst,https://bip-umzabludow.podlaskie.eu/resource/10257/Raport+o+stanie+gminy+2020.pdf,direct_without_tor,822b046aaed317c7486818961e32a4b339a654fefc2e72a2e32d0defae7f099b,200,2026-09-04T21:57:42Z,,2.279,true
1004,podlaskie,białostocki,Zabłudów,gmina miejsko-wiejska,2002143,2021,ok_finalnie,pdf,tekst,https://bip-umzabludow.podlaskie.eu/resource/8538/Raport+o+stanie+Gminy+2021.pdf,direct_without_tor,2cef4e75c66566538bb7cd91191b4d4eecc5d7868e21fb6f529a1d2dd6612ada,200,2026-09-04T21:57:46Z,,3.841,true
1005,podlaskie,białostocki,Zabłudów,gmina miejsko-wiejska,2002143,2022,ok_finalnie,pdf,tekst,https://bip-umzabludow.podlaskie.eu/resource/8538/Raport+o+stanie+Gminy+2022.pdf,direct_without_tor,f15fecb85ce9dbffab0e9167a15101eb47d3faec05b167e99ebddbad26702e3f,200,2026-09-04T21:57:49Z,,1.991,true
1006,podlaskie,białostocki,Zabłudów,gmina miejsko-wiejska,2002143,2023,ok_finalnie,pdf,tekst,https://bip-umzabludow.podlaskie.eu/resource/8538/raport+2023.pdf,direct_without_tor,17857286c4a49bd82d1162ee8c6376d6a142545cefa313c9c106a44ebf951c6c,200,2026-09-04T21:57:52Z,,1.888,true
1007,podlaskie,białostocki,Zabłudów,gmina miejsko-wiejska,2002143,2024,ok_finalnie,pdf,tekst,https://bip-umzabludow.podlaskie.eu/resource/11381/25660/Raport+o+stanie+Gminy+2024.pdf,direct_without_tor,9273e88a6e19611ffd2d88f30b3121e05b46449a7366daea8c9ca78d463f3ac7,200,2026-09-04T21:57:59Z,,2.05,true
1008,podlaskie,białostocki,Zabłudów,gmina miejsko-wiejska,2002143,2025,ok_finalnie,pdf,tekst,https://bip-umzabludow.podlaskie.eu/resource/11638/Raport+o+stanie+Gminy+2025.pdf,direct_without_tor,9a094b05e7f13284270be975ef5b0b5aad26a55992b37826086873aaa938bcf5,200,2026-09-04T21:58:03Z,,1.845,true
1009,podlaskie,białostocki,Zawady,gmina wiejska,2002152,2018,brak_finalnie,brak,,brak,"doglebne sprawdzenie tura 2 (web search wielosilnikowy + skan przestrzeni zasobow BIP przez /resource/file/download-file/id.N z odczytem Content-Disposition + Wayback CDX + indeksy zarzadzen/uchwal + OCR rapidocr) - DOWOD ISTNIENIA, brak opublikowanego pliku",,BRAK_URL (raport udowodniony - historyczny URL usunięty),2026-09-01T10:23:57Z,"NEG-plik (tura 4, 01.09.2026). DOWOD ISTNIENIA POTWIERDZONY: uchwala Rady Gminy Zawady w sprawie udzielenia Wojtowi votum/wotum zaufania za ten rocznik (indeks uchwal bip-ugzawady.podlaskie.eu/uchwaly_rady/uchwaly_lista.html?p=ROK^miesiac). Uchwala V/35/19 z 25.06.2019. Ogloszenie ""RAPORT O STANIE GMINY ZAWADY 31.05.2019 R."" odnalezione w Wayback (@20200925105057) linkowalo plik /resource/file/download-file/id.7726 - plik i strona USUNIETE z serwera (404), plik nie zarchiwizowany w Wayback (CDX=0). Wyczerpano: skan przestrzeni ID 1-12000 (jedyny raport 28aa to id.8771 = za 2021); brute-force /resource/{118150-118900}/{5 wariantow nazwy} = 0 trafien; indeks zarzadzen Wojta (1536 pozycji, wszystkie roczniki) - tylko zarz. 33.2022 (za 2021) i 54.2023 (za 2022); Wayback CDX dla bip-ugzawady.podlaskie.eu = 0, dla bip.ug.zawady.wrotapodlasia.pl - brak plikow raportow; wyszukiwarki internetowe. | TURA 11: sprawdzono rodzine zrodel prawomiejscowe.pl (Baza Aktow Wlasnych) dla wszystkich 56 jednostek z brakami - platforma zwraca HTTP 200 i IDENTYCZNA strone-szkielet o stalej dlugosci 75 124 B rowniez dla nieistniejacej instytucji (test kontrolny: /UrzadGminyNieIstniejeXyz), a jej listy aktow laduja sie dynamicznie i nie zawieraja frazy ""raport"". Rodzina odrzucona jako nieprzydatna - analogiczna pulapka jak strona marketingowa eSesja (36 759 B). | TURA 12 (nowe rodziny zrodel): sprawdzono i wykluczono: (1) Common Crawl - indeks odpowiada, ale dla domen gmin zwraca wylacznie rekordy HTML bez plikow raportow, a przy intensywniejszym odpytywaniu host przechodzi w stan http=000 (rate-limit); (2) archive.today (.ph/.today/.is/.li) - HTTP 429, platforma blokuje adresacje tego srodowiska; (3) arquivo.pt oraz Memento TimeTravel - brak odpowiedzi/brak zasobow dla domen PL; (4) prawomiejscowe.pl - wykluczone w turze 11 (strona-szkielet 75 124 B dla dowolnej instytucji); (5) brute-force nazw plikow na serwerze idcom (bip-v1-files, 18 000 kombinacji ID wiadomosci x 12 typowych nazw) - 0 trafien, zgodnie z ustalona regula o nieskutecznosci zgadywania nazw; (6) skanowanie stron raportowych pod katem linkow do chmur zewnetrznych (Google Drive, Power BI, OneDrive, Dropbox, SharePoint) - poza Stawiguda zadna gmina nie hostuje raportu poza wlasnym BIP. || [TURA 16 01.09.2026] Skan menu BIP bip-ugzawady.podlaskie.eu: brak kategorii ""Raport o stanie Gminy"" - jedyny pozycja ""RAPORT O STANIE"" to ""raport-o-stanie-zapewniania-dostepnosci..."" (inna podstawa prawna, nie 28aa). Raporty publikowane jako zalaczniki uchwal/zarzadzen, nie w wydzielonej kategorii; pliki nieodzyskane z menu. Ustalenie istnienia pozostaje (dowod wewnetrzny). || [TURA 18 02.09.2026] RE-WERYFIKACJA SmartSite/podlaskie.eu (opcja 2): zywy BIP bip-ugzawady.podlaskie.eu - tylko /raport-o-stanie-zapewniania-dostepnosci (dostepnosc, nie stan gminy); search -> 0; potwierdzono: BRAK pliku raportu za ten rocznik na zywym serwerze (2026); status bez zmiany.",,true
1010,podlaskie,białostocki,Zawady,gmina wiejska,2002152,2019,brak_finalnie,brak,,brak,"doglebne sprawdzenie tura 2 (web search wielosilnikowy + skan przestrzeni zasobow BIP przez /resource/file/download-file/id.N z odczytem Content-Disposition + Wayback CDX + indeksy zarzadzen/uchwal + OCR rapidocr) - DOWOD ISTNIENIA, brak opublikowanego pliku",,BRAK_URL (raport udowodniony - historyczny URL usunięty),2026-09-01T10:23:57Z,"NEG-plik (tura 4, 01.09.2026). DOWOD ISTNIENIA POTWIERDZONY: uchwala Rady Gminy Zawady w sprawie udzielenia Wojtowi votum/wotum zaufania za ten rocznik (indeks uchwal bip-ugzawady.podlaskie.eu/uchwaly_rady/uchwaly_lista.html?p=ROK^miesiac). Uchwala X/69/20 z 27.07.2020. Ogloszenie ""RAPORT O STANIE GMINY ZAWADY W 2019 ROKU"" widoczne w Wayback CDX (@20200925093203) - strona usunieta z serwera, snapshot nieosiagalny (serie HTTP 503 przy 18 probach), plik nie zarchiwizowany. Wyczerpano: skan przestrzeni ID 1-12000 (jedyny raport 28aa to id.8771 = za 2021); brute-force /resource/{118150-118900}/{5 wariantow nazwy} = 0 trafien; indeks zarzadzen Wojta (1536 pozycji, wszystkie roczniki) - tylko zarz. 33.2022 (za 2021) i 54.2023 (za 2022); Wayback CDX dla bip-ugzawady.podlaskie.eu = 0, dla bip.ug.zawady.wrotapodlasia.pl - brak plikow raportow; wyszukiwarki internetowe. | TURA 11: sprawdzono rodzine zrodel prawomiejscowe.pl (Baza Aktow Wlasnych) dla wszystkich 56 jednostek z brakami - platforma zwraca HTTP 200 i IDENTYCZNA strone-szkielet o stalej dlugosci 75 124 B rowniez dla nieistniejacej instytucji (test kontrolny: /UrzadGminyNieIstniejeXyz), a jej listy aktow laduja sie dynamicznie i nie zawieraja frazy ""raport"". Rodzina odrzucona jako nieprzydatna - analogiczna pulapka jak strona marketingowa eSesja (36 759 B). | TURA 12 (nowe rodziny zrodel): sprawdzono i wykluczono: (1) Common Crawl - indeks odpowiada, ale dla domen gmin zwraca wylacznie rekordy HTML bez plikow raportow, a przy intensywniejszym odpytywaniu host przechodzi w stan http=000 (rate-limit); (2) archive.today (.ph/.today/.is/.li) - HTTP 429, platforma blokuje adresacje tego srodowiska; (3) arquivo.pt oraz Memento TimeTravel - brak odpowiedzi/brak zasobow dla domen PL; (4) prawomiejscowe.pl - wykluczone w turze 11 (strona-szkielet 75 124 B dla dowolnej instytucji); (5) brute-force nazw plikow na serwerze idcom (bip-v1-files, 18 000 kombinacji ID wiadomosci x 12 typowych nazw) - 0 trafien, zgodnie z ustalona regula o nieskutecznosci zgadywania nazw; (6) skanowanie stron raportowych pod katem linkow do chmur zewnetrznych (Google Drive, Power BI, OneDrive, Dropbox, SharePoint) - poza Stawiguda zadna gmina nie hostuje raportu poza wlasnym BIP. || [TURA 16 01.09.2026] Skan menu BIP bip-ugzawady.podlaskie.eu: brak kategorii ""Raport o stanie Gminy"" - jedyny pozycja ""RAPORT O STANIE"" to ""raport-o-stanie-zapewniania-dostepnosci..."" (inna podstawa prawna, nie 28aa). Raporty publikowane jako zalaczniki uchwal/zarzadzen, nie w wydzielonej kategorii; pliki nieodzyskane z menu. Ustalenie istnienia pozostaje (dowod wewnetrzny). || [TURA 18 02.09.2026] RE-WERYFIKACJA SmartSite/podlaskie.eu (opcja 2): zywy BIP bip-ugzawady.podlaskie.eu - jw.; potwierdzono: BRAK pliku raportu za ten rocznik na zywym serwerze (2026); status bez zmiany.",,true
1011,podlaskie,białostocki,Zawady,gmina wiejska,2002152,2020,brak_finalnie,brak,,brak,"doglebne sprawdzenie tura 2 (web search wielosilnikowy + skan przestrzeni zasobow BIP przez /resource/file/download-file/id.N z odczytem Content-Disposition + Wayback CDX + indeksy zarzadzen/uchwal + OCR rapidocr) - DOWOD ISTNIENIA, brak opublikowanego pliku",,BRAK_URL (raport udowodniony - historyczny URL usunięty),2026-09-01T10:23:57Z,"NEG-plik (tura 4, 01.09.2026). DOWOD ISTNIENIA POTWIERDZONY: uchwala Rady Gminy Zawady w sprawie udzielenia Wojtowi votum/wotum zaufania za ten rocznik (indeks uchwal bip-ugzawady.podlaskie.eu/uchwaly_rady/uchwaly_lista.html?p=ROK^miesiac). Uchwala XV/104/2021 z 28.06.2021. Ogloszenie ""RAPORT O STANIE GMINY ZAWADY ZA 2020 ROK"" pobrane z Wayback (@20210620064817) linkowalo /resource/file/download-file/id.8387 - plik i strona USUNIETE z serwera (404), plik nie zarchiwizowany w Wayback (CDX=0). Wyczerpano: skan przestrzeni ID 1-12000 (jedyny raport 28aa to id.8771 = za 2021); brute-force /resource/{118150-118900}/{5 wariantow nazwy} = 0 trafien; indeks zarzadzen Wojta (1536 pozycji, wszystkie roczniki) - tylko zarz. 33.2022 (za 2021) i 54.2023 (za 2022); Wayback CDX dla bip-ugzawady.podlaskie.eu = 0, dla bip.ug.zawady.wrotapodlasia.pl - brak plikow raportow; wyszukiwarki internetowe. | TURA 11: sprawdzono rodzine zrodel prawomiejscowe.pl (Baza Aktow Wlasnych) dla wszystkich 56 jednostek z brakami - platforma zwraca HTTP 200 i IDENTYCZNA strone-szkielet o stalej dlugosci 75 124 B rowniez dla nieistniejacej instytucji (test kontrolny: /UrzadGminyNieIstniejeXyz), a jej listy aktow laduja sie dynamicznie i nie zawieraja frazy ""raport"". Rodzina odrzucona jako nieprzydatna - analogiczna pulapka jak strona marketingowa eSesja (36 759 B). | TURA 12 (nowe rodziny zrodel): sprawdzono i wykluczono: (1) Common Crawl - indeks odpowiada, ale dla domen gmin zwraca wylacznie rekordy HTML bez plikow raportow, a przy intensywniejszym odpytywaniu host przechodzi w stan http=000 (rate-limit); (2) archive.today (.ph/.today/.is/.li) - HTTP 429, platforma blokuje adresacje tego srodowiska; (3) arquivo.pt oraz Memento TimeTravel - brak odpowiedzi/brak zasobow dla domen PL; (4) prawomiejscowe.pl - wykluczone w turze 11 (strona-szkielet 75 124 B dla dowolnej instytucji); (5) brute-force nazw plikow na serwerze idcom (bip-v1-files, 18 000 kombinacji ID wiadomosci x 12 typowych nazw) - 0 trafien, zgodnie z ustalona regula o nieskutecznosci zgadywania nazw; (6) skanowanie stron raportowych pod katem linkow do chmur zewnetrznych (Google Drive, Power BI, OneDrive, Dropbox, SharePoint) - poza Stawiguda zadna gmina nie hostuje raportu poza wlasnym BIP. || [TURA 16 01.09.2026] Skan menu BIP bip-ugzawady.podlaskie.eu: brak kategorii ""Raport o stanie Gminy"" - jedyny pozycja ""RAPORT O STANIE"" to ""raport-o-stanie-zapewniania-dostepnosci..."" (inna podstawa prawna, nie 28aa). Raporty publikowane jako zalaczniki uchwal/zarzadzen, nie w wydzielonej kategorii; pliki nieodzyskane z menu. Ustalenie istnienia pozostaje (dowod wewnetrzny). || [TURA 18 02.09.2026] RE-WERYFIKACJA SmartSite/podlaskie.eu (opcja 2): zywy BIP bip-ugzawady.podlaskie.eu - jw.; potwierdzono: BRAK pliku raportu za ten rocznik na zywym serwerze (2026); status bez zmiany.",,true
1012,podlaskie,białostocki,Zawady,gmina wiejska,2002152,2021,ok_finalnie,pdf,skan+OCR,https://bip-ugzawady.podlaskie.eu/resource/117820/Raport+o+stanie+Gminy+Zawady..pdf,direct_without_tor + ocr,5c66fa68c65bff7583881beb43a67766755ea89cdfc0a7b76f84f72395595c0c,200,2026-09-05T00:06:44Z,,0.512,true
1013,podlaskie,białostocki,Zawady,gmina wiejska,2002152,2022,ok_finalnie,pdf,skan+OCR,https://bip-ugzawady.podlaskie.eu/resource/118175/Zarz%C4%85dzenie+Nr+54.2023+W%C3%B3jta+Gminy+Zawady+z+dnia+16.06.2023+r..pdf,direct_without_tor_ssl_off + ocr,97b2d10ab9ceff5bbf310226de1badbcfb404ec47fa8a7db6683c1197cb88935,200,2026-09-04T23:39:39Z,,11.71,true
1014,podlaskie,białostocki,Zawady,gmina wiejska,2002152,2023,brak_finalnie,brak,,brak,"doglebne sprawdzenie tura 2 (web search wielosilnikowy + skan przestrzeni zasobow BIP przez /resource/file/download-file/id.N z odczytem Content-Disposition + Wayback CDX + indeksy zarzadzen/uchwal + OCR rapidocr) - DOWOD ISTNIENIA, brak opublikowanego pliku",,BRAK_URL (dowód istnienia - plik nieodzyskany),2026-09-01T10:23:57Z,"NEG-plik (tura 4, 01.09.2026). DOWOD ISTNIENIA POTWIERDZONY: uchwala Rady Gminy Zawady w sprawie udzielenia Wojtowi votum/wotum zaufania za ten rocznik (indeks uchwal bip-ugzawady.podlaskie.eu/uchwaly_rady/uchwaly_lista.html?p=ROK^miesiac). Uchwala III/10/24 z 25.06.2024. Wyszukiwarka wewnetrzna BIP indeksuje ""Obwieszczenie z dnia 2024-06-19 - Raport o stanie Gminy Zawady w 2023 roku"" (dodane 19.06.2024 13:43), ale sama strona /ogloszenie-s/...w-2023-roku.html zwraca 404 (usunieta). Analogiczne strony za 2024 i 2025 dzialaja i linkuja /resource/118888/ i /resource/119216/. Wyczerpano: skan przestrzeni ID 1-12000 (jedyny raport 28aa to id.8771 = za 2021); brute-force /resource/{118150-118900}/{5 wariantow nazwy} = 0 trafien; indeks zarzadzen Wojta (1536 pozycji, wszystkie roczniki) - tylko zarz. 33.2022 (za 2021) i 54.2023 (za 2022); Wayback CDX dla bip-ugzawady.podlaskie.eu = 0, dla bip.ug.zawady.wrotapodlasia.pl - brak plikow raportow; wyszukiwarki internetowe. | TURA 11: sprawdzono rodzine zrodel prawomiejscowe.pl (Baza Aktow Wlasnych) dla wszystkich 56 jednostek z brakami - platforma zwraca HTTP 200 i IDENTYCZNA strone-szkielet o stalej dlugosci 75 124 B rowniez dla nieistniejacej instytucji (test kontrolny: /UrzadGminyNieIstniejeXyz), a jej listy aktow laduja sie dynamicznie i nie zawieraja frazy ""raport"". Rodzina odrzucona jako nieprzydatna - analogiczna pulapka jak strona marketingowa eSesja (36 759 B). | TURA 12 (nowe rodziny zrodel): sprawdzono i wykluczono: (1) Common Crawl - indeks odpowiada, ale dla domen gmin zwraca wylacznie rekordy HTML bez plikow raportow, a przy intensywniejszym odpytywaniu host przechodzi w stan http=000 (rate-limit); (2) archive.today (.ph/.today/.is/.li) - HTTP 429, platforma blokuje adresacje tego srodowiska; (3) arquivo.pt oraz Memento TimeTravel - brak odpowiedzi/brak zasobow dla domen PL; (4) prawomiejscowe.pl - wykluczone w turze 11 (strona-szkielet 75 124 B dla dowolnej instytucji); (5) brute-force nazw plikow na serwerze idcom (bip-v1-files, 18 000 kombinacji ID wiadomosci x 12 typowych nazw) - 0 trafien, zgodnie z ustalona regula o nieskutecznosci zgadywania nazw; (6) skanowanie stron raportowych pod katem linkow do chmur zewnetrznych (Google Drive, Power BI, OneDrive, Dropbox, SharePoint) - poza Stawiguda zadna gmina nie hostuje raportu poza wlasnym BIP. || [TURA 16 01.09.2026] Skan menu BIP bip-ugzawady.podlaskie.eu: brak kategorii ""Raport o stanie Gminy"" - jedyny pozycja ""RAPORT O STANIE"" to ""raport-o-stanie-zapewniania-dostepnosci..."" (inna podstawa prawna, nie 28aa). Raporty publikowane jako zalaczniki uchwal/zarzadzen, nie w wydzielonej kategorii; pliki nieodzyskane z menu. Ustalenie istnienia pozostaje (dowod wewnetrzny). || [TURA 18 02.09.2026] RE-WERYFIKACJA SmartSite/podlaskie.eu (opcja 2): zywy BIP bip-ugzawady.podlaskie.eu - jw.; potwierdzono: BRAK pliku raportu za ten rocznik na zywym serwerze (2026); status bez zmiany.",,true
1015,podlaskie,białostocki,Zawady,gmina wiejska,2002152,2024,ok_finalnie,pdf,skan+OCR,https://bip-ugzawady.podlaskie.eu/resource/118888/Raport+o+stanie+Gminy+Zawady+w+2024+roku.pdf,direct_without_tor + ocr,d8db501ebbc7b374b73afec4d2765be1cc54f88f63d9789cc17e80e0f023d836,200,2026-09-05T00:07:06Z,,0.821,true
1016,podlaskie,białostocki,Zawady,gmina wiejska,2002152,2025,ok_finalnie,pdf,skan+OCR,https://bip-ugzawady.podlaskie.eu/resource/119216/Raport+o+stanie+Gminy+Zawady+w+2025+roku.pdf,direct_without_tor + ocr,5a53f36c02002888638b031f49ba64c82f0bfc26cc2151d6461930ca2d2cea66,200,2026-09-05T00:07:28Z,,1.138,true
1017,podlaskie,białostocki,Łapy,gmina miejsko-wiejska,2002063,2018,ok_finalnie,pdf,tekst,https://arch.um.lapy.pl/images/uploads/00437/RAPORT_GMINA_%C5%81APY_STAN_ZA_2018%20r.pdf,direct_without_tor_ssl_off,8a86aa07e9a6eb62262da75e0f0cd354b88d8679e7631eb4d30dc3ac5b808039,200,2026-09-04T23:36:31Z,,2.435,true
1018,podlaskie,białostocki,Łapy,gmina miejsko-wiejska,2002063,2019,ok_finalnie,pdf,tekst,https://arch.um.lapy.pl/images/uploads/01429/RAPORT_GMINA_%C5%81APY_STAN_ZA_2019r%5Bw%C5%82a%C5%9Bciwy%5D.pdf,direct_without_tor_ssl_off,eb6b8b2be1063ef311896e5bdd04e6dac5b0515221fa6f3ea85636473be1b526,200,2026-09-04T23:36:34Z,,3.356,true
1019,podlaskie,białostocki,Łapy,gmina miejsko-wiejska,2002063,2020,ok_finalnie,pdf,tekst,https://bip-umlapy.podlaskie.eu/resource/122220/1.+RAPORT+O+STANIE+GMINY+%25C5%2581APY_STAN_ZA_2020r.pdf,direct_without_tor,231341f6d9db367a73a09a3f6fb6c8655517818ba5913234522a8363c09a85a8,200,2026-09-04T22:27:18Z,,3.12,true
1020,podlaskie,białostocki,Łapy,gmina miejsko-wiejska,2002063,2021,ok_finalnie,pdf,tekst,https://bip-umlapy.podlaskie.eu/resource/122979/1.+RAPORT_GMINA_%25C5%2581APY_STAN_ZA_2021rok_%255B11-05-2022%255D.pdf,direct_without_tor,d8f4bb4392b80bb7de800c380d8797778a26210c30206e7e3c97afdd0234c452,200,2026-09-04T22:27:22Z,,3.918,true
1021,podlaskie,białostocki,Łapy,gmina miejsko-wiejska,2002063,2022,ok_finalnie,pdf,tekst,https://bip-umlapy.podlaskie.eu/resource/123572/RAPORT_GMINA_%C5%81APY_STAN_ZA_2022_rok_11-05-2023.pdf,direct_without_tor,4b40b46df788ed9d7808d0ba182c74ef14d04ab8df925530a581896456bed3cf,200,2026-09-04T22:27:28Z,,6.851,true
1022,podlaskie,białostocki,Łapy,gmina miejsko-wiejska,2002063,2023,ok_finalnie,pdf,tekst,https://bip-umlapy.podlaskie.eu/resource/124174/1.+RAPORT_GMINA_%25C5%2581APY_STAN_ZA_2023_rok_15.05.2024.pdf,direct_without_tor,104329c56de53c0c7a0ec418ca3ffe7eb197849ee19d4113807bb8e01341c2fd,200,2026-09-04T22:27:32Z,,3.714,true
1023,podlaskie,białostocki,Łapy,gmina miejsko-wiejska,2002063,2024,ok_finalnie,pdf,tekst,https://bip-umlapy.podlaskie.eu/resource/124811/1.+RAPORT_GMINA_%25C5%2581APY_STAN_ZA_2024_16-05-2024_publikacja.pdf,direct_without_tor,ea5f23b32ecc31987f67eb1bc2ecd8488b5f9d7bf550a7b4e76cd4bd67b465ff,200,2026-09-04T22:27:36Z,,4.024,true
1024,podlaskie,białostocki,Łapy,gmina miejsko-wiejska,2002063,2025,ok_finalnie,pdf,tekst,https://bip-umlapy.podlaskie.eu/resource/125296/1.+RAPORT_GMINA_%25C5%2581APY_STAN_ZA_2025_publikacja_15.05.2026_.pdf,direct_without_tor,425688783297ba7d7367e97f23311e439910d1d3bf161aaaea08d7da26b5c0bd,200,2026-09-04T22:27:40Z,,4.031,true
1025,podlaskie,bielski,Bielsk Podlaski,gmina miejska,2003011,2018,ok_finalnie,pdf,tekst,https://bip-umbielsk.podlaskie.eu/resource/file/download-file/id.18150/attachment.1,direct_without_tor,36b6dea9eff6a8ff22697ec4dea6da1303bb3c4b43c4da49563dd9446185ec5a,200,2026-09-04T22:41:19Z,,30.583,true
1026,podlaskie,bielski,Bielsk Podlaski,gmina miejska,2003011,2019,ok_finalnie,pdf,tekst,https://bip-umbielsk.podlaskie.eu/resource/file/download-file/id.20260/attachment.1,direct_without_tor,f2323d35aa39866c579580cf8def4a8e8ce65db98b8aa1c3894aa2f0f08855a6,200,2026-09-04T22:41:22Z,,1.434,true
1027,podlaskie,bielski,Bielsk Podlaski,gmina miejska,2003011,2020,ok_finalnie,pdf,tekst,https://umbielskpodlaski.pl/wp-content/uploads/2021/05/RAPORT-2020.pdf,direct_without_tor,8836fa894e0ca54434f85c42783f87dda75e099a2bb56cc2550f4a3b9541193d,200,2026-09-04T22:27:28Z,,1.317,true
1028,podlaskie,bielski,Bielsk Podlaski,gmina miejska,2003011,2021,ok_finalnie,pdf,tekst,https://umbielskpodlaski.pl/wp-content/uploads/2022/05/raport_o_stanie_gminy_2021.pdf,direct_without_tor,73a406ecc547ce0fb2c50c9d97d48135a9f39d5148a4c4db0a5f1a11fe38624f,200,2026-09-04T22:27:31Z,,1.734,true
1029,podlaskie,bielski,Bielsk Podlaski,gmina miejska,2003011,2022,ok_finalnie,pdf,tekst,https://umbielskpodlaski.pl/wp-content/uploads/2023/05/Roczny-raport-o-stanie-gminy-za-2022-rok.pdf,direct_without_tor,061c88b967b1051c909c4ced924698f64aff7950c77eba779954f4af86a0eccc,200,2026-09-04T22:27:34Z,,1.788,true
1030,podlaskie,bielski,Bielsk Podlaski,gmina miejska,2003011,2023,ok_finalnie,pdf,tekst,https://umbielskpodlaski.pl/wp-content/uploads/2024/05/Roczny-raport-o-stanie-gminy-za-2023-r.pdf,direct_without_tor,89c3ed416e597b2c0245652ffe588ce421b1008280183fc1b40f8d99f6d7f2b6,200,2026-09-04T22:27:37Z,,3.966,true
1031,podlaskie,bielski,Bielsk Podlaski,gmina miejska,2003011,2024,ok_finalnie,pdf,tekst,https://umbielskpodlaski.pl/wp-content/uploads/2025/05/Roczny-raport-o-stanie-gminy-2024.pdf,direct_without_tor,2302494416b55a949dbcca805463a66411b2bd18393a9df6e7823a1f544a3a2d,200,2026-09-04T22:27:40Z,,2.266,true
1032,podlaskie,bielski,Bielsk Podlaski,gmina miejska,2003011,2025,ok_finalnie,pdf,tekst,https://umbielskpodlaski.pl/wp-content/uploads/2026/05/Raport-o-stanie-Miasta-Bielsk-Podlaski-za-2025-r.pdf,direct_without_tor,ede96527358ef168db463a7211db0c64dd1dfdb4ce5c6d82f0fafa424baf8d08,200,2026-09-04T22:27:42Z,,1.948,true
1033,podlaskie,bielski,Bielsk Podlaski,gmina wiejska,2003032,2018,ok_finalnie,pdf,tekst,https://bip-ugbielsk.podlaskie.eu/resource/117426/raport+za+rok+2018.pdf,direct_without_tor,fc1e4b80d0c2fb7ef2634dd8b7f0b42c29dc70b221bcf60133f71de9b3363e5f,200,2026-09-04T22:17:01Z,,0.527,true
1034,podlaskie,bielski,Bielsk Podlaski,gmina wiejska,2003032,2019,ok_finalnie,pdf,tekst,https://bip-ugbielsk.podlaskie.eu/resource/118542/raport+za+rok+2019.pdf,direct_without_tor,2c2db95ee517b4871190ba1402e5f3f1e96a5606f80468f20820f594389a713a,200,2026-09-04T22:17:04Z,,2.992,true
1035,podlaskie,bielski,Bielsk Podlaski,gmina wiejska,2003032,2020,ok_finalnie,pdf,tekst,https://bip-ugbielsk.podlaskie.eu/resource/122009/raport+za+rok+2020.pdf,direct_without_tor,4220d30b0552a15a79f594720ff9f91603bdaf39bcd169690f15b1b1caf5620b,200,2026-09-04T22:19:00Z,,20.639,true
1036,podlaskie,bielski,Bielsk Podlaski,gmina wiejska,2003032,2021,ok_finalnie,pdf,tekst,https://bip-ugbielsk.podlaskie.eu/resource/122009/raport+za+rok+2021+z+foto.pdf,direct_without_tor,b3787f1269a9ec9cfcf4b6b5d82692d456088fc6f979a48f83e6146205613897,200,2026-09-04T22:24:29Z,,23.695,true
1037,podlaskie,bielski,Bielsk Podlaski,gmina wiejska,2003032,2022,ok_finalnie,pdf,tekst,https://bip-ugbielsk.podlaskie.eu/resource/122009/raport_za_rok_2022.pdf,direct_without_tor,12ffe9c5950d4b46d869f5aa8d50299e5e5f967ed37540936836010636220f39,200,2026-09-04T22:28:13Z,,24.377,true
1038,podlaskie,bielski,Bielsk Podlaski,gmina wiejska,2003032,2023,ok_finalnie,pdf,tekst,https://bip-ugbielsk.podlaskie.eu/resource/122009/raport_za_rok_2023.pdf,direct_without_tor_ssl_off,4ffb29f7a6901611be85216ce1a092fe33e45a6442d44a9e4ec6bf33d84d6870,200,2026-09-04T23:48:43Z,,34.729,true
1039,podlaskie,bielski,Bielsk Podlaski,gmina wiejska,2003032,2024,ok_finalnie,pdf,tekst,https://bip-ugbielsk.podlaskie.eu/resource/122009/raport_za_rok_2024.pdf,direct_without_tor,0ef984d2a85f5377a66f274cbeb8995ac4b11e4ff44a395d70f3e1f7babd7f9a,200,2026-09-04T22:33:14Z,,21.379,true
1040,podlaskie,bielski,Bielsk Podlaski,gmina wiejska,2003032,2025,ok_finalnie,pdf,tekst,https://bip-ugbielsk.podlaskie.eu/resource/122009/RAPORT+O+STANIE+GMINY+BIELSK+PODLASKI+za+2025.pdf,direct_without_tor,0e3a17f67265464dbdd44dd1ea6b10481f18668553c892de0d3a01cc21b84d54,200,2026-09-04T22:33:17Z,,3.096,true
1041,podlaskie,bielski,Boćki,gmina wiejska,2003042,2018,ok_finalnie,pdf,tekst,https://bip-ugbocki.podlaskie.eu/resource/file/download-file/id.5621,direct_without_tor,8d93cd630470f39f1c7c5dd542c6ddb102759e2d98f212aed0623b466a480ec7,200,2026-09-04T22:18:05Z,,0.613,true
1042,podlaskie,bielski,Boćki,gmina wiejska,2003042,2019,ok_finalnie,pdf,tekst,https://bip-ugbocki.podlaskie.eu/resource/file/download-file/id.5622,direct_without_tor,fb8cc3521af79548f17c0bbb37ccae54da4fbb8862922161321d5c618c31f953,200,2026-09-04T22:18:08Z,,1.292,true
1043,podlaskie,bielski,Boćki,gmina wiejska,2003042,2020,ok_finalnie,pdf,tekst,https://bip-ugbocki.podlaskie.eu/resource/116083/z_15_21.pdf,direct_without_tor,3e11dbf4f3cadb52083645578c03ee26af4fe25563795d0097654ff8307d2ca2,200,2026-09-04T22:18:12Z,,2.815,true
1044,podlaskie,bielski,Boćki,gmina wiejska,2003042,2021,ok_finalnie,pdf,tekst,https://bip-ugbocki.podlaskie.eu/resource/116282/z_26_22.pdf,direct_without_tor,e0692ae13d3f21392c27692e2fe0d6a2dd03bd21ec7c90d06d4bec68c588138c,200,2026-09-04T22:18:15Z,,1.334,true
1045,podlaskie,bielski,Boćki,gmina wiejska,2003042,2022,ok_finalnie,pdf,tekst,https://bip-ugbocki.podlaskie.eu/resource/116321/z_18_23.pdf,direct_without_tor,18c178331e1cbf07fcbd961b170b877143b16b19cdb2507a2ed80bfa94f538c2,200,2026-09-04T22:18:18Z,,1.326,true
1046,podlaskie,bielski,Boćki,gmina wiejska,2003042,2023,ok_finalnie,pdf,tekst,https://bip-ugbocki.podlaskie.eu/resource/116357/z_31_24.pdf,direct_without_tor,3dfee08dc43109706f1e56a4cec691f9e0fe6c77f773032ee1ba0d2f06f10c13,200,2026-09-04T22:18:53Z,,2.089,true
1047,podlaskie,bielski,Boćki,gmina wiejska,2003042,2024,ok_finalnie,pdf,tekst,https://bip-ugbocki.podlaskie.eu/resource/116568/z_27_25.pdf,direct_without_tor,dcf5f842bbc5af20a2f403c1899a188eb0f5c74515c6681e59bcf17fe63e691c,200,2026-09-04T22:59:15Z,,4.958,true
1048,podlaskie,bielski,Boćki,gmina wiejska,2003042,2025,ok_finalnie,pdf,tekst,https://www.gminabocki.pl/download/z-23-26-1780899545.pdf,direct_without_tor,68bb9c394692f2c762507402fd644db25c606950ee59f37260229d1459c26684,200,2026-09-04T22:42:42Z,,6.849,true
1049,podlaskie,bielski,Brańsk,gmina miejska,2003021,2018,ok_finalnie,pdf,tekst,https://bip-umbransk.podlaskie.eu/resource/2493/RAPORT+O+STANIE+MIASTA+BRA%C5%83SK+ZA+2018+R..pdf,direct_without_tor_ssl_off,e35ca350cb9bf639c4b9b2c311de31c2e037e6830815842e81da7685bb59895c,200,2026-09-04T23:31:05Z,,1.996,true
1050,podlaskie,bielski,Brańsk,gmina miejska,2003021,2019,ok_finalnie,pdf,tekst,https://cdn02.sulimo.pl/media/userfiles/bip.bransk.pl/pobierz/2967/2021/RAPORT_O_STANIE_MIASTA_ZA_2019_ROK.pdf,direct_without_tor_ssl_off,c1be478c0a4d3307f385bccc9e556fede0e387c814aeb803557c536d6affb6de,200,2026-09-04T23:35:12Z,,2.271,true
1051,podlaskie,bielski,Brańsk,gmina miejska,2003021,2020,ok_finalnie,pdf,skan,https://bip-umbransk.podlaskie.eu/resource/3787/Zarz%25C4%2585dzenie+Nr+170+2021+w+sprawie+przedstawienia+raportu+o+stanie+Miasta+Bra%25C5%2584sk+za+rok+2020+.pdf,direct_without_tor_ssl_off + ocr,91e1d528b5b8f0bfcd06d3b1a4861ae7c09e42943f57112de8d4dfc5de08ee9a,200,2026-09-04T23:31:27Z,,30.284,true
1052,podlaskie,bielski,Brańsk,gmina miejska,2003021,2021,ok_finalnie,pdf,tekst,https://cdn02.sulimo.pl/media/userfiles/bip.bransk.pl/pobierz/4154/3267/RAPORT_O_STANIE_BRA_25C5_2583SKA_ZA_2021.pdf,direct_without_tor_ssl_off,a626327d39eb2e474f74f107be3be22609e57109ef5794e7ebfcf5cd6844be83,200,2026-09-04T23:35:16Z,,11.212,true
1053,podlaskie,bielski,Brańsk,gmina miejska,2003021,2022,ok_finalnie,pdf,tekst,https://cdn02.sulimo.pl/media/userfiles/bip.bransk.pl/pobierz/4507/3783/RAPORT_O_STANIE_MIASTA_BRA_25C5_2583SK_ZA_2022_ROK.pdf,direct_without_tor_ssl_off,fffaefb922bd39c932c85468809c82bb50df7924a8f813f98f0515cb71245414,200,2026-09-04T23:35:20Z,,16.704,true
1054,podlaskie,bielski,Brańsk,gmina miejska,2003021,2023,ok_finalnie,pdf,tekst,https://bip-umbransk.podlaskie.eu/resource/4803/RAPORT+O+STANIE+MIASTA+BRA%C5%83SK+ZA+2023.pdf,direct_without_tor_ssl_off,74f7762d5a42f126ee4ad882ece48e04197e4bae4df24c4d6da224c954204bcd,200,2026-09-04T23:33:22Z,,12.211,true
1055,podlaskie,bielski,Brańsk,gmina miejska,2003021,2024,ok_finalnie,pdf,tekst,https://bip-umbransk.podlaskie.eu/resource/5170/RAPORT+O+STANIE+MIASTA+BRA%C5%83SK+2024+ROK.pdf,direct_without_tor_ssl_off,6c5d8c682b113552a9db9c27ac01e0398933eaf840803c317e22d958c5ba61a6,200,2026-09-04T23:33:26Z,,4.529,true
1056,podlaskie,bielski,Brańsk,gmina miejska,2003021,2025,ok_finalnie,pdf,skan,https://bip-umbransk.podlaskie.eu/resource/5424/Zarz%25C4%2585dzenie+Nr+1792026+Burmistrza+Miasta+Bra%25C5%2584sk+z+dn.+29.05.2026+r.+w+spr+przedstawienia+Raportu+o+stanie+Miasta.pdf,direct_without_tor_ssl_off + ocr,5dd14491011472ab32e3467968a27fefa967120369ee51307e77987d6fa0ec5e,200,2026-09-04T23:33:42Z,,6.074,true
1057,podlaskie,bielski,Brańsk,gmina wiejska,2003052,2018,ok_finalnie,pdf,skan,https://bip-ugbransk.podlaskie.eu/resource/118268/Raport+o+stanie+Gminy+Bra%C5%84sk+za+2018r..pdf,direct_without_tor_ssl_off + ocr,e8b5de3b1ea75074512251240025ca3afe48ef70eb56dc65622228b31d876797,200,2026-09-04T23:37:15Z,,17.743,true
1058,podlaskie,bielski,Brańsk,gmina wiejska,2003052,2019,ok_finalnie,pdf,skan,https://bip-ugbransk.podlaskie.eu/resource/file/download-file/id.9071/attachment.1,direct_without_tor_ssl_off + ocr,74ad6df48ff438517b9b533c8542f85a7df31072d37a24074beef51502552020,200,2026-09-04T23:37:32Z,,5.872,true
1059,podlaskie,bielski,Brańsk,gmina wiejska,2003052,2020,ok_finalnie,pdf,tekst,https://samorzad.gov.pl/attachment/0a7dd1f2-3b17-4790-8f3b-2b51bf3cd615,direct_without_tor_ssl_off,ba668cf578594ca86b5081886cd3fef2a1f14ec6bacd027160ec83faa35d9852,200,2026-09-04T23:29:05Z,,5.875,true
1060,podlaskie,bielski,Brańsk,gmina wiejska,2003052,2021,ok_finalnie,pdf,tekst,https://samorzad.gov.pl/attachment/0de05939-2525-4400-9de3-b3a8e651bf31,direct_without_tor_ssl_off,92a5342ee99489f7e03c4b00ed8ffcaa791b5874571e9f82f875b74efea8abcb,200,2026-09-04T23:29:17Z,,7.149,true
1061,podlaskie,bielski,Brańsk,gmina wiejska,2003052,2022,ok_finalnie,pdf,tekst,https://samorzad.gov.pl/attachment/9c39e736-b662-43be-8ebd-6d5214c3345b,direct_without_tor_ssl_off,4fb6e6c9090dc611ebb6485dd78e0dffb63fb3b73502efa24d9905713285c9c0,200,2026-09-04T23:29:29Z,,7.231,true
1062,podlaskie,bielski,Brańsk,gmina wiejska,2003052,2023,ok_finalnie,pdf,tekst,https://samorzad.gov.pl/attachment/d76605ac-168b-41c5-a287-f831073c98a6,direct_without_tor_ssl_off,1e21edb1d790b4bfd6d509e77d9fcfafe854d440bab55fac1a58bbf8606059c9,200,2026-09-04T23:29:42Z,,8.205,true
1063,podlaskie,bielski,Brańsk,gmina wiejska,2003052,2024,ok_finalnie,pdf,tekst,https://samorzad.gov.pl/attachment/a13cc143-de23-4c94-8851-1625c67faea6,direct_without_tor_ssl_off,5f92593de5c7d30f6c7be5af705bfdd14792ce63a4b3cb999a72e0931288d940,200,2026-09-04T23:29:59Z,,11.069,true
1064,podlaskie,bielski,Brańsk,gmina wiejska,2003052,2025,ok_finalnie,pdf,tekst,https://samorzad.gov.pl/attachment/b2c9d219-0df0-47b2-a961-4635eb646944,direct_without_tor_ssl_off,6a6056f10d40d1d4335febf11d8ef6a2b66e6c502afef26346b02bb1fba1fdd7,200,2026-09-04T23:53:54Z,,44.774,true
1065,podlaskie,bielski,Orla,gmina wiejska,2003062,2018,ok_finalnie,pdf,skan+OCR,https://bip-ugorla.podlaskie.eu/resource/file/download-file/id.5357/attachment.1,direct_without_tor + ocr,73797028d1e2d0515dc311e69665d4cd0ed2f1df37df79a4c9448abca5b6ec89,200,2026-09-05T00:08:48Z,,43.435,true
1066,podlaskie,bielski,Orla,gmina wiejska,2003062,2019,brak_finalnie,brak,,brak,"dogłębne sprawdzenie (web search + SmartSite BIP + archiwum wersji + uchwały/wotum) - raport udowodniony, plik nieopublikowany",,sprawdzono poglębnie 2026-09-05,2026-09-02T20:06:49Z,"NEG-plik, DOWOD ISTNIENIA POTWIERDZONY. Potraktowano poglebnie tura 2026-09-05: pelna historia wersji strony pgid.715 (34 wersje vid=1999-7283) - zadna nie zawiera linku do raportu za 2019; wczesne wersje (vid=1999-2016) linkuja raport 2018 jako /resource/file/download-file/id.5357/attachment.1 (zycy, sha256 73797028... = wiersz 1065), wersje 2692-2833 bez zalacznikow, wersje 3445+ zawieraja raporty 2020 (resource/4794, 404) i 2021 (resource/3213, zywy). Raport za 2019 nigdy nie byl opublikowany na stronie raportowej BIP; orla.pl (Joomla) - brak (search+osmap, jedyny traf: sesja 2023).",,true
1067,podlaskie,bielski,Orla,gmina wiejska,2003062,2020,brak_finalnie,brak,,brak,"dogłębne sprawdzenie (web search + SmartSite BIP + archiwum wersji + historyczny href) - raport udowodniony, historyczny URL martwy",,sprawdzono pogłębnie 2026-09-05,2026-09-02T20:06:49Z,"NEG-plik, DOWOD ISTNIENIA POTWIERDZONY. Nazwa pliku ODTWORZONA z historii wersji pgid.715 (vid=3445-4450): /resource/4794/RAPORT+O+STANIE+GMINY+ORLA+za+2020+rok.pdf -> HTTP 404 (plik usuniety z serwera; probowano wariantow kodowania %20/+). Skan download-file id 1-15000 bez pliku 2020; orla.pl bez raportow.",,true
1068,podlaskie,bielski,Orla,gmina wiejska,2003062,2021,ok_finalnie,pdf,tekst,https://bip-ugorla.podlaskie.eu/resource/file/download-file/id.8903/attachment.1,direct_without_tor,b756907592c957c11efed94a551d975de82607f186b6efc88c4a8156e06d4e1d,200,2026-09-04T22:38:25Z,,0.475,true
1069,podlaskie,bielski,Orla,gmina wiejska,2003062,2022,brak_finalnie,brak,,brak,"dogłębne sprawdzenie (web search + SmartSite BIP + archiwum wersji + historyczny href) - raport udowodniony, historyczny URL martwy",,sprawdzono pogłębnie 2026-09-05,2026-09-02T20:06:49Z,"NEG-plik, DOWOD ISTNIENIA POTWIERDZONY. Nazwa pliku ODTWORZONA z historii wersji pgid.715 (vid=5303-5958): /resource/3213/Raport+o+stanie+Gminy+Orla+w+2022+roku+BIP.pdf -> HTTP 404 (plik usuniety z serwera; warianty kodowania bez zmian). Skan download-file id 1-15000 bez pliku 2022; orla.pl bez raportow.",,true
1070,podlaskie,bielski,Orla,gmina wiejska,2003062,2023,ok_finalnie,pdf,tekst,https://bip-ugorla.podlaskie.eu/resource/6012/Raport%20o%20stanie%20Gminy%20Orla%20za%202023%20rok.pdf/attachment.1,direct_without_tor,5864eb9569536103094a1b7311bb3d68fe392ac4526e5f545e5d4c0b155ea96a,200,2026-09-04T22:38:28Z,,1.608,true
1071,podlaskie,bielski,Orla,gmina wiejska,2003062,2024,ok_finalnie,pdf,tekst,https://bip-ugorla.podlaskie.eu/resource/6254/Raport%20o%20stanie%20Gminy%20Orla%20za%202024%20rok.pdf/attachment.1,direct_without_tor,a18008fd642417dbecc7d8ff38dbb63f118c52e93f3709790ce321f7b944d76b,200,2026-09-04T22:38:31Z,,1.468,true
1072,podlaskie,bielski,Orla,gmina wiejska,2003062,2025,ok_finalnie,pdf,tekst,https://bip-ugorla.podlaskie.eu/resource/6410/Raport%20o%20stanie%20Gminy%20Orla%20za%202025%20rok.pdf/attachment.1,direct_without_tor,2ffbc62db9b2867ddd8e3c29556c717d02c53fc6f043b2c81db40398c6e2a784,200,2026-09-04T22:38:34Z,,2.043,true
1073,podlaskie,bielski,Rudka,gmina wiejska,2003072,2018,ok_finalnie,pdf,tekst,https://bip-ugrudka.podlaskie.eu/resource/file/download-file/id.4227/attachment.1,direct_without_tor,ffef9c0c0daa41e19a5c5b716c2c4b99cc253a585f4a350fa082c22b9b8463d0,200,2026-09-04T22:42:44Z,,0.668,true
1074,podlaskie,bielski,Rudka,gmina wiejska,2003072,2019,brak_finalnie,brak,,brak,"dogłębne sprawdzenie (BIP SmartSite/podlaskie.eu + uchwały o wotum + web search + Wayback + archiwa) - dowód istnienia raportu, plik nieopublikowany",,sprawdzono pogłębnie 2026-09-05,2026-09-02T23:50:27Z,"NEG-plik, DOWOD ISTNIENIA POTWIERDZONY. Uzupełnienie 2026-09-05: (a) Content-Disposition pliku id.4227 to 'raport_o_stanie_gminy_2019.pdf' (nazwa wg roku publikacji = raport ZA 2018); (b) pelna historia wersji strony Ogloszenia pgid.59 (132 wersje vid=3435-1150281) - raport 2018 jest jedynym zalacznikiem raportowym w historii; (c) skan wszystkich 1879 URL-i sitemap pod anchor 'Raport o stanie' - wylacznie ogloszenie raportu 2018 (id.4227) + raporty dostepnosci (inne rozporzadzenie). Raporty 2019-2025 nigdy nie byly publikowane na BIP.",,true
1075,podlaskie,bielski,Rudka,gmina wiejska,2003072,2020,brak_finalnie,brak,,brak,"dogłębne sprawdzenie (BIP SmartSite/podlaskie.eu + uchwały o wotum + web search + Wayback + archiwa) - dowód istnienia raportu, plik nieopublikowany",,BRAK_URL (raport udowodniony - plik nieopublikowany),2026-09-02T23:50:27Z,"NEG-plik, DOWOD ISTNIENIA POTWIERDZONY (tura 4, 01.09.2026). Uchwala Rady Gminy Rudka w sprawie udzielenia Wojtowi Gminy Rudka wotum zaufania odnaleziona w indeksie uchwal za dany rok (bip-ugrudka.podlaskie.eu/uchwaly_rad/...). Wyczerpano: (1) skan calej przestrzeni ID 1-15000 (resource/file/download-file/id.N) - jedyny raport 28aa to id.4227 (za 2018); (2) wyszukiwarka wewnetrzna BIP (/cms/search?q=) - brak strony/kategorii z raportami; (3) menu BIP nie zawiera sekcji raportu o stanie gminy; (4) strony sesji Rady i zarzadzenia Wojta 2019-2026 - brak zalacznika z raportem; (5) Wayback CDX dla bip-ugrudka.podlaskie.eu i bip.ug.rudka.wrotapodlasia.pl = 0 wynikow; (6) wyszukiwarki internetowe. | TURA 11: sprawdzono rodzine zrodel prawomiejscowe.pl (Baza Aktow Wlasnych) dla wszystkich 56 jednostek z brakami - platforma zwraca HTTP 200 i IDENTYCZNA strone-szkielet o stalej dlugosci 75 124 B rowniez dla nieistniejacej instytucji (test kontrolny: /UrzadGminyNieIstniejeXyz), a jej listy aktow laduja sie dynamicznie i nie zawieraja frazy ""raport"". Rodzina odrzucona jako nieprzydatna - analogiczna pulapka jak strona marketingowa eSesja (36 759 B). | TURA 12 (nowe rodziny zrodel): sprawdzono i wykluczono: (1) Common Crawl - indeks odpowiada, ale dla domen gmin zwraca wylacznie rekordy HTML bez plikow raportow, a przy intensywniejszym odpytywaniu host przechodzi w stan http=000 (rate-limit); (2) archive.today (.ph/.today/.is/.li) - HTTP 429, platforma blokuje adresacje tego srodowiska; (3) arquivo.pt oraz Memento TimeTravel - brak odpowiedzi/brak zasobow dla domen PL; (4) prawomiejscowe.pl - wykluczone w turze 11 (strona-szkielet 75 124 B dla dowolnej instytucji); (5) brute-force nazw plikow na serwerze idcom (bip-v1-files, 18 000 kombinacji ID wiadomosci x 12 typowych nazw) - 0 trafien, zgodnie z ustalona regula o nieskutecznosci zgadywania nazw; (6) skanowanie stron raportowych pod katem linkow do chmur zewnetrznych (Google Drive, Power BI, OneDrive, Dropbox, SharePoint) - poza Stawiguda zadna gmina nie hostuje raportu poza wlasnym BIP. || [TURA 18 02.09.2026] RE-WERYFIKACJA SmartSite/podlaskie.eu (opcja 2): zywy BIP bip-ugrudka.podlaskie.eu - search -> 0 plikow; potwierdzono: BRAK pliku raportu za ten rocznik na zywym serwerze (2026); status bez zmiany.",,true
1076,podlaskie,bielski,Rudka,gmina wiejska,2003072,2021,brak_finalnie,brak,,brak,"dogłębne sprawdzenie (BIP SmartSite/podlaskie.eu + uchwały o wotum + web search + Wayback + archiwa) - dowód istnienia raportu, plik nieopublikowany",,BRAK_URL (raport udowodniony - plik nieopublikowany),2026-09-02T23:50:27Z,"NEG-plik, DOWOD ISTNIENIA POTWIERDZONY (tura 4, 01.09.2026). Uchwala Rady Gminy Rudka w sprawie udzielenia Wojtowi Gminy Rudka wotum zaufania odnaleziona w indeksie uchwal za dany rok (bip-ugrudka.podlaskie.eu/uchwaly_rad/...). Wyczerpano: (1) skan calej przestrzeni ID 1-15000 (resource/file/download-file/id.N) - jedyny raport 28aa to id.4227 (za 2018); (2) wyszukiwarka wewnetrzna BIP (/cms/search?q=) - brak strony/kategorii z raportami; (3) menu BIP nie zawiera sekcji raportu o stanie gminy; (4) strony sesji Rady i zarzadzenia Wojta 2019-2026 - brak zalacznika z raportem; (5) Wayback CDX dla bip-ugrudka.podlaskie.eu i bip.ug.rudka.wrotapodlasia.pl = 0 wynikow; (6) wyszukiwarki internetowe. | TURA 11: sprawdzono rodzine zrodel prawomiejscowe.pl (Baza Aktow Wlasnych) dla wszystkich 56 jednostek z brakami - platforma zwraca HTTP 200 i IDENTYCZNA strone-szkielet o stalej dlugosci 75 124 B rowniez dla nieistniejacej instytucji (test kontrolny: /UrzadGminyNieIstniejeXyz), a jej listy aktow laduja sie dynamicznie i nie zawieraja frazy ""raport"". Rodzina odrzucona jako nieprzydatna - analogiczna pulapka jak strona marketingowa eSesja (36 759 B). | TURA 12 (nowe rodziny zrodel): sprawdzono i wykluczono: (1) Common Crawl - indeks odpowiada, ale dla domen gmin zwraca wylacznie rekordy HTML bez plikow raportow, a przy intensywniejszym odpytywaniu host przechodzi w stan http=000 (rate-limit); (2) archive.today (.ph/.today/.is/.li) - HTTP 429, platforma blokuje adresacje tego srodowiska; (3) arquivo.pt oraz Memento TimeTravel - brak odpowiedzi/brak zasobow dla domen PL; (4) prawomiejscowe.pl - wykluczone w turze 11 (strona-szkielet 75 124 B dla dowolnej instytucji); (5) brute-force nazw plikow na serwerze idcom (bip-v1-files, 18 000 kombinacji ID wiadomosci x 12 typowych nazw) - 0 trafien, zgodnie z ustalona regula o nieskutecznosci zgadywania nazw; (6) skanowanie stron raportowych pod katem linkow do chmur zewnetrznych (Google Drive, Power BI, OneDrive, Dropbox, SharePoint) - poza Stawiguda zadna gmina nie hostuje raportu poza wlasnym BIP. || [TURA 18 02.09.2026] RE-WERYFIKACJA SmartSite/podlaskie.eu (opcja 2): zywy BIP bip-ugrudka.podlaskie.eu - search -> 0 plikow; potwierdzono: BRAK pliku raportu za ten rocznik na zywym serwerze (2026); status bez zmiany.",,true
1077,podlaskie,bielski,Rudka,gmina wiejska,2003072,2022,brak_finalnie,brak,,brak,"dogłębne sprawdzenie (BIP SmartSite/podlaskie.eu + uchwały o wotum + web search + Wayback + archiwa) - dowód istnienia raportu, plik nieopublikowany",,BRAK_URL (raport udowodniony - plik nieopublikowany),2026-09-02T23:50:27Z,"NEG-plik, DOWOD ISTNIENIA POTWIERDZONY (tura 4, 01.09.2026). Uchwala Rady Gminy Rudka w sprawie udzielenia Wojtowi Gminy Rudka wotum zaufania odnaleziona w indeksie uchwal za dany rok (bip-ugrudka.podlaskie.eu/uchwaly_rad/...). Wyczerpano: (1) skan calej przestrzeni ID 1-15000 (resource/file/download-file/id.N) - jedyny raport 28aa to id.4227 (za 2018); (2) wyszukiwarka wewnetrzna BIP (/cms/search?q=) - brak strony/kategorii z raportami; (3) menu BIP nie zawiera sekcji raportu o stanie gminy; (4) strony sesji Rady i zarzadzenia Wojta 2019-2026 - brak zalacznika z raportem; (5) Wayback CDX dla bip-ugrudka.podlaskie.eu i bip.ug.rudka.wrotapodlasia.pl = 0 wynikow; (6) wyszukiwarki internetowe. | TURA 11: sprawdzono rodzine zrodel prawomiejscowe.pl (Baza Aktow Wlasnych) dla wszystkich 56 jednostek z brakami - platforma zwraca HTTP 200 i IDENTYCZNA strone-szkielet o stalej dlugosci 75 124 B rowniez dla nieistniejacej instytucji (test kontrolny: /UrzadGminyNieIstniejeXyz), a jej listy aktow laduja sie dynamicznie i nie zawieraja frazy ""raport"". Rodzina odrzucona jako nieprzydatna - analogiczna pulapka jak strona marketingowa eSesja (36 759 B). | TURA 12 (nowe rodziny zrodel): sprawdzono i wykluczono: (1) Common Crawl - indeks odpowiada, ale dla domen gmin zwraca wylacznie rekordy HTML bez plikow raportow, a przy intensywniejszym odpytywaniu host przechodzi w stan http=000 (rate-limit); (2) archive.today (.ph/.today/.is/.li) - HTTP 429, platforma blokuje adresacje tego srodowiska; (3) arquivo.pt oraz Memento TimeTravel - brak odpowiedzi/brak zasobow dla domen PL; (4) prawomiejscowe.pl - wykluczone w turze 11 (strona-szkielet 75 124 B dla dowolnej instytucji); (5) brute-force nazw plikow na serwerze idcom (bip-v1-files, 18 000 kombinacji ID wiadomosci x 12 typowych nazw) - 0 trafien, zgodnie z ustalona regula o nieskutecznosci zgadywania nazw; (6) skanowanie stron raportowych pod katem linkow do chmur zewnetrznych (Google Drive, Power BI, OneDrive, Dropbox, SharePoint) - poza Stawiguda zadna gmina nie hostuje raportu poza wlasnym BIP. || [TURA 18 02.09.2026] RE-WERYFIKACJA SmartSite/podlaskie.eu (opcja 2): zywy BIP bip-ugrudka.podlaskie.eu - search -> 0 plikow; potwierdzono: BRAK pliku raportu za ten rocznik na zywym serwerze (2026); status bez zmiany.",,true
1078,podlaskie,bielski,Rudka,gmina wiejska,2003072,2023,brak_finalnie,brak,,brak,"dogłębne sprawdzenie (BIP SmartSite/podlaskie.eu + uchwały o wotum + web search + Wayback + archiwa) - dowód istnienia raportu, plik nieopublikowany",,BRAK_URL (raport udowodniony - plik nieopublikowany),2026-09-02T23:50:27Z,"NEG-plik, DOWOD ISTNIENIA POTWIERDZONY (tura 4, 01.09.2026). Uchwala Rady Gminy Rudka w sprawie udzielenia Wojtowi Gminy Rudka wotum zaufania odnaleziona w indeksie uchwal za dany rok (bip-ugrudka.podlaskie.eu/uchwaly_rad/...). Wyczerpano: (1) skan calej przestrzeni ID 1-15000 (resource/file/download-file/id.N) - jedyny raport 28aa to id.4227 (za 2018); (2) wyszukiwarka wewnetrzna BIP (/cms/search?q=) - brak strony/kategorii z raportami; (3) menu BIP nie zawiera sekcji raportu o stanie gminy; (4) strony sesji Rady i zarzadzenia Wojta 2019-2026 - brak zalacznika z raportem; (5) Wayback CDX dla bip-ugrudka.podlaskie.eu i bip.ug.rudka.wrotapodlasia.pl = 0 wynikow; (6) wyszukiwarki internetowe. | TURA 11: sprawdzono rodzine zrodel prawomiejscowe.pl (Baza Aktow Wlasnych) dla wszystkich 56 jednostek z brakami - platforma zwraca HTTP 200 i IDENTYCZNA strone-szkielet o stalej dlugosci 75 124 B rowniez dla nieistniejacej instytucji (test kontrolny: /UrzadGminyNieIstniejeXyz), a jej listy aktow laduja sie dynamicznie i nie zawieraja frazy ""raport"". Rodzina odrzucona jako nieprzydatna - analogiczna pulapka jak strona marketingowa eSesja (36 759 B). | TURA 12 (nowe rodziny zrodel): sprawdzono i wykluczono: (1) Common Crawl - indeks odpowiada, ale dla domen gmin zwraca wylacznie rekordy HTML bez plikow raportow, a przy intensywniejszym odpytywaniu host przechodzi w stan http=000 (rate-limit); (2) archive.today (.ph/.today/.is/.li) - HTTP 429, platforma blokuje adresacje tego srodowiska; (3) arquivo.pt oraz Memento TimeTravel - brak odpowiedzi/brak zasobow dla domen PL; (4) prawomiejscowe.pl - wykluczone w turze 11 (strona-szkielet 75 124 B dla dowolnej instytucji); (5) brute-force nazw plikow na serwerze idcom (bip-v1-files, 18 000 kombinacji ID wiadomosci x 12 typowych nazw) - 0 trafien, zgodnie z ustalona regula o nieskutecznosci zgadywania nazw; (6) skanowanie stron raportowych pod katem linkow do chmur zewnetrznych (Google Drive, Power BI, OneDrive, Dropbox, SharePoint) - poza Stawiguda zadna gmina nie hostuje raportu poza wlasnym BIP. || [TURA 18 02.09.2026] RE-WERYFIKACJA SmartSite/podlaskie.eu (opcja 2): zywy BIP bip-ugrudka.podlaskie.eu - search -> 0 plikow; potwierdzono: BRAK pliku raportu za ten rocznik na zywym serwerze (2026); status bez zmiany.",,true
1079,podlaskie,bielski,Rudka,gmina wiejska,2003072,2024,brak_finalnie,brak,,brak,"dogłębne sprawdzenie (BIP SmartSite/podlaskie.eu + uchwały o wotum + web search + Wayback + archiwa) - dowód istnienia raportu, plik nieopublikowany",,BRAK_URL (raport udowodniony - plik nieopublikowany),2026-09-02T23:50:27Z,"NEG-plik, DOWOD ISTNIENIA POTWIERDZONY (tura 4, 01.09.2026). Uchwala Rady Gminy Rudka w sprawie udzielenia Wojtowi Gminy Rudka wotum zaufania odnaleziona w indeksie uchwal za dany rok (bip-ugrudka.podlaskie.eu/uchwaly_rad/...). Wyczerpano: (1) skan calej przestrzeni ID 1-15000 (resource/file/download-file/id.N) - jedyny raport 28aa to id.4227 (za 2018); (2) wyszukiwarka wewnetrzna BIP (/cms/search?q=) - brak strony/kategorii z raportami; (3) menu BIP nie zawiera sekcji raportu o stanie gminy; (4) strony sesji Rady i zarzadzenia Wojta 2019-2026 - brak zalacznika z raportem; (5) Wayback CDX dla bip-ugrudka.podlaskie.eu i bip.ug.rudka.wrotapodlasia.pl = 0 wynikow; (6) wyszukiwarki internetowe. | TURA 11: sprawdzono rodzine zrodel prawomiejscowe.pl (Baza Aktow Wlasnych) dla wszystkich 56 jednostek z brakami - platforma zwraca HTTP 200 i IDENTYCZNA strone-szkielet o stalej dlugosci 75 124 B rowniez dla nieistniejacej instytucji (test kontrolny: /UrzadGminyNieIstniejeXyz), a jej listy aktow laduja sie dynamicznie i nie zawieraja frazy ""raport"". Rodzina odrzucona jako nieprzydatna - analogiczna pulapka jak strona marketingowa eSesja (36 759 B). | TURA 12 (nowe rodziny zrodel): sprawdzono i wykluczono: (1) Common Crawl - indeks odpowiada, ale dla domen gmin zwraca wylacznie rekordy HTML bez plikow raportow, a przy intensywniejszym odpytywaniu host przechodzi w stan http=000 (rate-limit); (2) archive.today (.ph/.today/.is/.li) - HTTP 429, platforma blokuje adresacje tego srodowiska; (3) arquivo.pt oraz Memento TimeTravel - brak odpowiedzi/brak zasobow dla domen PL; (4) prawomiejscowe.pl - wykluczone w turze 11 (strona-szkielet 75 124 B dla dowolnej instytucji); (5) brute-force nazw plikow na serwerze idcom (bip-v1-files, 18 000 kombinacji ID wiadomosci x 12 typowych nazw) - 0 trafien, zgodnie z ustalona regula o nieskutecznosci zgadywania nazw; (6) skanowanie stron raportowych pod katem linkow do chmur zewnetrznych (Google Drive, Power BI, OneDrive, Dropbox, SharePoint) - poza Stawiguda zadna gmina nie hostuje raportu poza wlasnym BIP. || [TURA 18 02.09.2026] RE-WERYFIKACJA SmartSite/podlaskie.eu (opcja 2): zywy BIP bip-ugrudka.podlaskie.eu - search -> 0 plikow; potwierdzono: BRAK pliku raportu za ten rocznik na zywym serwerze (2026); status bez zmiany.",,true
1080,podlaskie,bielski,Rudka,gmina wiejska,2003072,2025,brak_finalnie,brak,,brak,"dogłębne sprawdzenie (BIP SmartSite/podlaskie.eu + uchwały o wotum + web search + Wayback + archiwa) - dowód istnienia raportu, plik nieopublikowany",,BRAK_URL (raport udowodniony - plik nieopublikowany),2026-09-02T23:50:27Z,"NEG-plik, DOWOD ISTNIENIA POTWIERDZONY (tura 4, 01.09.2026). Uchwala Rady Gminy Rudka w sprawie udzielenia Wojtowi Gminy Rudka wotum zaufania odnaleziona w indeksie uchwal za dany rok (bip-ugrudka.podlaskie.eu/uchwaly_rad/...). Wyczerpano: (1) skan calej przestrzeni ID 1-15000 (resource/file/download-file/id.N) - jedyny raport 28aa to id.4227 (za 2018); (2) wyszukiwarka wewnetrzna BIP (/cms/search?q=) - brak strony/kategorii z raportami; (3) menu BIP nie zawiera sekcji raportu o stanie gminy; (4) strony sesji Rady i zarzadzenia Wojta 2019-2026 - brak zalacznika z raportem; (5) Wayback CDX dla bip-ugrudka.podlaskie.eu i bip.ug.rudka.wrotapodlasia.pl = 0 wynikow; (6) wyszukiwarki internetowe. | TURA 11: sprawdzono rodzine zrodel prawomiejscowe.pl (Baza Aktow Wlasnych) dla wszystkich 56 jednostek z brakami - platforma zwraca HTTP 200 i IDENTYCZNA strone-szkielet o stalej dlugosci 75 124 B rowniez dla nieistniejacej instytucji (test kontrolny: /UrzadGminyNieIstniejeXyz), a jej listy aktow laduja sie dynamicznie i nie zawieraja frazy ""raport"". Rodzina odrzucona jako nieprzydatna - analogiczna pulapka jak strona marketingowa eSesja (36 759 B). | TURA 12 (nowe rodziny zrodel): sprawdzono i wykluczono: (1) Common Crawl - indeks odpowiada, ale dla domen gmin zwraca wylacznie rekordy HTML bez plikow raportow, a przy intensywniejszym odpytywaniu host przechodzi w stan http=000 (rate-limit); (2) archive.today (.ph/.today/.is/.li) - HTTP 429, platforma blokuje adresacje tego srodowiska; (3) arquivo.pt oraz Memento TimeTravel - brak odpowiedzi/brak zasobow dla domen PL; (4) prawomiejscowe.pl - wykluczone w turze 11 (strona-szkielet 75 124 B dla dowolnej instytucji); (5) brute-force nazw plikow na serwerze idcom (bip-v1-files, 18 000 kombinacji ID wiadomosci x 12 typowych nazw) - 0 trafien, zgodnie z ustalona regula o nieskutecznosci zgadywania nazw; (6) skanowanie stron raportowych pod katem linkow do chmur zewnetrznych (Google Drive, Power BI, OneDrive, Dropbox, SharePoint) - poza Stawiguda zadna gmina nie hostuje raportu poza wlasnym BIP. || [TURA 18 02.09.2026] RE-WERYFIKACJA SmartSite/podlaskie.eu (opcja 2): zywy BIP bip-ugrudka.podlaskie.eu - search -> 0 plikow; potwierdzono: BRAK pliku raportu za ten rocznik na zywym serwerze (2026); status bez zmiany.",,true
1081,podlaskie,bielski,Wyszki,gmina wiejska,2003082,2018,ok_finalnie,pdf,tekst,https://ugwyszki-bip.podlaskie.pl/upload/doc/12366_20190604_084347.pdf,direct_no_tor_SECLEVEL_0,1e025158b26adff764e447b7f3e36e782edea9da45a1975440868a80608029d9,200,2026-09-05T02:07:22Z,[revalid 2026-09-05] download_fail http=0 n=0 curl_rc=28 http=000 n=0 | req:ReadTimeout | http_fb:ConnectionError | [revalid 2026-09-05] revalidated unit=gmina_ok year=2018 ocr=False,1.031,true
1082,podlaskie,bielski,Wyszki,gmina wiejska,2003082,2019,ok_finalnie,pdf,skan,https://ugwyszki-bip.podlaskie.pl/upload/doc/12366_20200522_080801.pdf,direct_no_tor_SECLEVEL_0 | recheck_ssl_off,765d732546646b9449f6ad0a0ea311277bada7646055289818f213134a32ac1f,200,2026-09-05T02:12:09Z,[revalid 2026-09-05] download_fail http=0 n=0 curl_rc=28 http=000 n=0 | req:ReadTimeout | http_fb:ConnectionError | [revalid 2026-09-05] revalidated unit=gmina_ok year=2019 ocr=True,13.099,true
1083,podlaskie,bielski,Wyszki,gmina wiejska,2003082,2020,ok_finalnie,docx,tekst,https://ugwyszki-bip.podlaskie.pl/upload/doc/12365_20210521_123848.docx,direct_no_tor_SECLEVEL_0,6694165f0fce6204be1fd552e420d90f369a8d4a2c56cee4ef02e30ed2b53dcc,200,2026-09-05T02:07:22Z,[revalid 2026-09-05] download_fail http=0 n=0 curl_rc=28 http=000 n=0 | req:ReadTimeout | http_fb:ConnectionError | [revalid 2026-09-05] revalidated unit=gmina_ok year=2020 ocr=False,1.486,true
1084,podlaskie,bielski,Wyszki,gmina wiejska,2003082,2021,ok_finalnie,pdf,skan,https://ugwyszki-bip.podlaskie.pl/upload/doc/12365_20220420_142910.pdf,direct_no_tor_SECLEVEL_0 | recheck_ssl_off,b54785b05ff43b7c91228f413197484356c84f3e496253ad5d3b8e3db70ff86b,200,2026-09-05T02:12:33Z,[revalid 2026-09-05] download_fail http=0 n=0 curl_rc=28 http=000 n=0 | req:ReadTimeout | http_fb:ConnectionError | [revalid 2026-09-05] revalidated unit=gmina_ok year=2021 ocr=True,13.662,true
1085,podlaskie,bielski,Wyszki,gmina wiejska,2003082,2022,ok_finalnie,pdf,tekst,https://ugwyszki-bip.podlaskie.pl/upload/doc/12365_20230428_103041.pdf,direct_no_tor_SECLEVEL_0,37f9d0f28572c52026b946fb696096906c06ea958a1be4686bf42cb27f274996,200,2026-09-05T02:07:22Z,[revalid 2026-09-05] download_fail http=0 n=0 curl_rc=28 http=000 n=0 | req:ReadTimeout | http_fb:ConnectionError | [revalid 2026-09-05] revalidated unit=gmina_ok year=2022 ocr=False,1.293,true
1086,podlaskie,bielski,Wyszki,gmina wiejska,2003082,2023,ok_finalnie,pdf,skan,https://ugwyszki-bip.podlaskie.pl/upload/doc/12365_20240423_130307.pdf,direct_no_tor_SECLEVEL_0 | recheck_ssl_off,02fa862c6de5c85038b4c484ef7da6b5ec0a6cde848477e1e324bc8951b8175f,200,2026-09-05T02:13:28Z,[revalid 2026-09-05] download_fail http=0 n=0 curl_rc=28 http=000 n=0 | req:ReadTimeout | http_fb:ConnectionError | [revalid 2026-09-05] revalidated unit=gmina_ok year=2023 ocr=True,13.917,true
1087,podlaskie,bielski,Wyszki,gmina wiejska,2003082,2024,ok_finalnie,pdf,skan,https://ugwyszki-bip.podlaskie.pl/upload/doc/12365_20250512_100134.pdf,direct_no_tor_SECLEVEL_0 | recheck_ssl_off,2d02c37f0c10238c7dc10579684fbb2a0a57b377224b19321b63be06f6c47145,200,2026-09-05T02:13:04Z,[revalid 2026-09-05] download_fail http=0 n=0 curl_rc=28 http=000 n=0 | req:ReadTimeout | http_fb:ConnectionError | [revalid 2026-09-05] revalidated unit=gmina_ok year=2024 ocr=True,13.863,true
1088,podlaskie,bielski,Wyszki,gmina wiejska,2003082,2025,ok_finalnie,pdf,tekst,https://ugwyszki-bip.podlaskie.pl/upload/doc/12365_20260417_152201.pdf,direct_no_tor_SECLEVEL_0,a84b064af9ce6c64de06ec9f11e246b5909406f104d14ce28a6da99ae3215435,200,2026-09-05T02:07:22Z,[revalid 2026-09-05] download_fail http=0 n=0 curl_rc=28 http=000 n=0 | req:ReadTimeout | http_fb:ConnectionError | [revalid 2026-09-05] revalidated unit=gmina_ok year=2025 ocr=False,1.019,true
1089,podlaskie,grajewski,Grajewo,gmina miejska,2004011,2018,ok_finalnie,pdf,tekst,https://bip-umgrajewo.podlaskie.eu/resource/120475/Informacja.pdf,direct_without_tor,a84f1b81f202093f354430cea63a65b3d0d3f56c93f38412ff78989c2858623c,200,2026-09-04T22:43:14Z,,2.411,true
1090,podlaskie,grajewski,Grajewo,gmina miejska,2004011,2019,ok_finalnie,pdf,tekst,https://bip.um.grajewo.pl/resource/125506/Rapot+o+stanie+Miasta+Grajewo+w+2019+roku.pdf,direct_without_tor,d6246be20a222db0b2d3fe6c73a1480c0fef7ac8adf267b37ea71e139b2b0d11,200,2026-09-04T22:27:43Z,,1.754,true
1091,podlaskie,grajewski,Grajewo,gmina miejska,2004011,2020,ok_finalnie,pdf,skan,https://bip.um.grajewo.pl/resource/125506/Rapot+o+stanie+Miasta+Grajewo+w+2020+roku.pdf,direct_without_tor,5d4c62890a010c09a700c044a993aa2a4f8ad30abffa0de491430ab2e71910e1,200,2026-09-04T22:28:15Z,,8.291,true
1092,podlaskie,grajewski,Grajewo,gmina miejska,2004011,2021,ok_finalnie,pdf,skan,https://bip.um.grajewo.pl/resource/125506/Rapot+o+stanie+Miasta+Grajewo+w+2021+roku.pdf,direct_without_tor,98b3d53c3fbbc1f5b8944e845a51909012716e3db68575ad91ee3f3589cbaf11,200,2026-09-04T22:29:13Z,,7.177,true
1093,podlaskie,grajewski,Grajewo,gmina miejska,2004011,2022,ok_finalnie,pdf,skan,https://bip.um.grajewo.pl/resource/125506/Raport+o+stanie+Miasta+Grajewo+w+2022+roku.pdf,direct_without_tor,3a222f8705afa3eed35c6b7b6c2e00b350a0e743f7b3884d879b77ca5004f33b,200,2026-09-04T22:29:29Z,,7.339,true
1094,podlaskie,grajewski,Grajewo,gmina miejska,2004011,2023,ok_finalnie,pdf,skan,https://bip.um.grajewo.pl/resource/125506/4_raport_o_stanie_miasta_2023.pdf,direct_without_tor,dad818f888cda49c5a645df95b2fa753a7a7b1c350e2c9815ef251702c676fce,200,2026-09-04T22:29:51Z,,8.088,true
1095,podlaskie,grajewski,Grajewo,gmina miejska,2004011,2024,ok_finalnie,pdf,tekst,https://bip.um.grajewo.pl/resource/125506/Raport+o+stanie+Miasta+Grajewo+w+2024+roku.pdf,direct_without_tor,b275bb8533f8f4ce37a8e024f769e646749fe2fe4def6111074e76b21939c415,200,2026-09-04T22:29:53Z,,0.894,true
1096,podlaskie,grajewski,Grajewo,gmina miejska,2004011,2025,ok_finalnie,pdf,tekst,https://bip.um.grajewo.pl/resource/125506/Raport+o+stanie+Miasta+Grajewo+w+2025+roku.pdf,direct_without_tor_ssl_off,5a0aec64cd9a99c51b07f8b4a7e58937c3ee9d46659ab0febcfd604558ca95bd,200,2026-09-04T23:44:26Z,,14.877,true
1097,podlaskie,grajewski,Grajewo,gmina wiejska,2004022,2018,ok_finalnie,pdf,tekst,https://bip-uggrajewo.podlaskie.eu/resource/118444/Raport+o+stanie+Gminy+za+2018-NAG%25C5%2581%25C3%2593WEK.pdf,direct_without_tor,34bf5751c6e77505ac8d55ae7780c5b4a23bdca64105a5d1ddfa02726b6ae601,200,2026-09-04T22:18:47Z,,2.011,true
1098,podlaskie,grajewski,Grajewo,gmina wiejska,2004022,2019,brak_finalnie,pdf,,https://web.archive.org/web/20200811041213/http://www.gminagrajewo.pl/plik.php?id=6144,"web search bez Tora + artykuł e-grajewo.pl z historycznym linkiem plik.php?id=6144 + Wayback + live BIP Grajewa; dowód istnienia raportu, ale odzyskany plik jest niekompletny",6522d23a761adda953a699e83796d1d8e03c0b88314a50620f4e4c92f6948317,"200 (Wayback, plik ucięty)",2026-09-02T15:13:16Z,"DOWÓD ISTNIENIA + CZĘŚCIOWA TREŚĆ, plik niekompletny wszędzie: raport za 2019 = 'Raport o stanie Gminy za 2019.pdf' pod http://www.gminagrajewo.pl/plik.php?id=6144 (potwierdzenie rocznika: artykuł e-grajewo.pl). Zachowane kopie: Wayback 20200811041213 i 20201023104208 oraz CC-MAIN-2020-34/2020-45 — WSZYSTKIE ucięte do 1 048 576 B (CC pole truncated=length; sha256 uciętej kopii 6522d23a761adda9…); PDF 1.7 wg nagłówka deklaruje 68 stron; qpdf: damaged/no startxref. Z uciętej kopii mutool renderuje strony 1–15+: OCR okładki 'Załącznik do Zarządzenia Nr … Wójta Gminy Grajewo / Urząd Gminy Grajewo', wstęp 'Przedkładam Państwu Raport o stanie Gminy Grajewo', w treści rozdziałów '2019 roku budżet Gminy', '2019 r. przyrost naturalny' → JEDNOSTKA (gmina wiejska Grajewo) i ROCZNIK 2019 potwierdzone w pliku. LIVE gminagrajewo.pl/plik.php?id=6144 → catch-all, nie serwuje pliku. Pełny plik (>1 MiB, 68 str.) nie zachował się nigdzie.",1.049,true
1099,podlaskie,grajewski,Grajewo,gmina wiejska,2004022,2020,ok_finalnie,docx,tekst,https://bip-uggrajewo.podlaskie.eu/resource/120606/RAPORT+o+stanie+Gminy+za+2020+r.docx,direct_without_tor,b3bf9332a56511cefd9537c08bdd18121fb5f373cb2a6c19a3119ea71d9b1aba,200,2026-09-04T22:18:50Z,,0.731,true
1100,podlaskie,grajewski,Grajewo,gmina wiejska,2004022,2021,ok_finalnie,pdf,tekst,https://bip-uggrajewo.podlaskie.eu/resource/121085/RAPORT+O+STANIE+GMINY+ZA+2021+r.pdf,direct_without_tor,a39b35807785a935646f264b2f61749f3b7285e65fea4cd41d106f1cd2c4825a,200,2026-09-04T22:18:53Z,,1.407,true
1101,podlaskie,grajewski,Grajewo,gmina wiejska,2004022,2022,ok_finalnie,pdf,tekst,https://bip-uggrajewo.podlaskie.eu/resource/122056/RAPORT+O+STANIE+GMINY+ZA+2022+r.pdf,direct_without_tor,c4d60688aba33e7a07ce2dec684013db85112a9972fd9809015eb8632f4f1498,200,2026-09-04T22:18:56Z,,1.331,true
1102,podlaskie,grajewski,Grajewo,gmina wiejska,2004022,2023,ok_finalnie,docx,tekst,https://bip-uggrajewo.podlaskie.eu/resource/122671/Raport+o+stanie+gm.+G-wo+za+2023+r..docx,direct_without_tor,42dc7759b158a28bfc8fa2b7b0dabcf348ad4bb73e345505db941df0910e9aac,200,2026-09-04T22:18:59Z,,0.468,true
1103,podlaskie,grajewski,Grajewo,gmina wiejska,2004022,2024,ok_finalnie,pdf,tekst,https://bip-uggrajewo.podlaskie.eu/resource/123305/RAPORT+o+stanie+Gminy+Grajewo+za+2024+rok.pdf,direct_without_tor,4e317ffca9abc19bd8ee9891cd544c402aadcd55b9397c3237111bddc7fe1013,200,2026-09-04T22:19:05Z,,1.132,true
1104,podlaskie,grajewski,Grajewo,gmina wiejska,2004022,2025,ok_finalnie,pdf,tekst,https://bip-uggrajewo.podlaskie.eu/resource/123858/Zarz%25C4%2585dzenie+W.+251_26.pdf,direct_without_tor,0bfb3766bd773c5cd275e249462f744d5240974e642dbb3cb0516e40c9e74bdd,200,2026-09-04T22:19:09Z,,3.786,true
1105,podlaskie,grajewski,Radziłów,gmina wiejska,2004032,2018,ok_finalnie,pdf,tekst,https://bip-ugradzilow.podlaskie.eu/resource/116871/Raport+o+stanie+Gminy+Radzi%25C5%2582%25C3%25B3w+w+2018+r..pdf,direct_without_tor,1e8b70378e5b3b115f6aadbd76c8b8eba64d7010efaa6a6f6515d3d7d07ec337,200,2026-09-04T21:57:47Z,,2.291,true
1106,podlaskie,grajewski,Radziłów,gmina wiejska,2004032,2019,ok_finalnie,pdf,tekst,https://bip-ugradzilow.podlaskie.eu/resource/117884/RAPORT+O+STANIE+GMINY+RADZI%25C5%2581%25C3%2593W+ZA+2019+ROK.pdf,direct_without_tor,dfb337d8d46607386bb82d8621a56b438c72f577eff2b0684b6a6f240a3216ba,200,2026-09-04T21:57:51Z,,2.831,true
1107,podlaskie,grajewski,Radziłów,gmina wiejska,2004032,2020,ok_finalnie,pdf,tekst,https://bip-ugradzilow.podlaskie.eu/resource/118525/RAPORT+O+STANIE+GMINY+RADZI%25C5%2581%25C3%2593W+ZA+2020+ROK.pdf,direct_without_tor,69d9e7f9dc359bc9c18a17203503b9772d6346f567ad07c18b62cf96303af2d3,200,2026-09-04T21:58:19Z,,2.359,true
1108,podlaskie,grajewski,Radziłów,gmina wiejska,2004032,2021,ok_finalnie,pdf,tekst,https://bip-ugradzilow.podlaskie.eu/resource/116870/Raport+o+stanie+gmina+za+2021+r..pdf,direct_without_tor,5210bc15c6ea3dc07b3fe037624d157382aebb2de8977639d86ec48040fe71f1,200,2026-09-04T21:58:22Z,,1.673,true
1109,podlaskie,grajewski,Radziłów,gmina wiejska,2004032,2022,ok_finalnie,pdf,skan,https://bip-ugradzilow.podlaskie.eu/resource/116870/Zarz%25C4%2585dzenie+nr+55-1.pdf,direct_without_tor,96613d368179294ed6e45e49060ae3c82d3e3a7205b19cf766ef42f892ce1b78,200,2026-09-04T21:58:59Z,,2.924,true
1110,podlaskie,grajewski,Radziłów,gmina wiejska,2004032,2023,ok_finalnie,pdf,tekst,https://bip-ugradzilow.podlaskie.eu/resource/116870/Raport+o+stanie+gminy+za+2023+rok.pdf,direct_without_tor,fc1ce60c913bf4c32f40ba39a45290c57642ab751579503f80535f8c13797c17,200,2026-09-04T21:59:02Z,,2.222,true
1111,podlaskie,grajewski,Radziłów,gmina wiejska,2004032,2024,ok_finalnie,pdf,tekst,https://bip-ugradzilow.podlaskie.eu/resource/116870/Raport+o+stanie+gminy+Radzi%25C5%2582%25C3%25B3w+za+2024+rok.pdf,direct_without_tor,30e240015ceb7f5d29aad8b7870a3b6343de06629e8eb57a6d1cdd025b2b1b7d,200,2026-09-04T21:59:05Z,,2.32,true
1112,podlaskie,grajewski,Radziłów,gmina wiejska,2004032,2025,ok_finalnie,pdf,tekst,https://bip-ugradzilow.podlaskie.eu/resource/116870/Raport+o+stanie+Gminy+Radzi%25C5%2582%25C3%25B3w+na+2025+rok.pdf,direct_without_tor,2e3cf5d80212d515883ae8abf756a8eda7bff0389e2d53523ab677a0d456008b,200,2026-09-04T21:59:09Z,,2.818,true
1113,podlaskie,grajewski,Rajgród,gmina miejsko-wiejska,2004043,2018,ok_finalnie,pdf,tekst,https://bip-umrajgrod.podlaskie.eu/resource/121417/Raport+o+stanie+Gminy+Rajgr%C3%B3d+za+2018+rok.pdf,direct_without_tor,3f984d8a0ef42d6df92387ad846a599353ff9b7fa50fcb500d4a09c74c80be36,200,2026-09-04T22:32:20Z,,1.663,true
1114,podlaskie,grajewski,Rajgród,gmina miejsko-wiejska,2004043,2019,ok_finalnie,pdf,tekst,https://bip-umrajgrod.podlaskie.eu/resource/121417/Raport+o+stanie+Gminy+Rajgr%C3%B3d+za+2019+rok.pdf,direct_without_tor,e8fab215639e670daf524f5b03aa77a0ef67518c64f5036619cf3d527b1c10fd,200,2026-09-04T22:32:24Z,,1.472,true
1115,podlaskie,grajewski,Rajgród,gmina miejsko-wiejska,2004043,2020,ok_finalnie,pdf,tekst,https://bip-umrajgrod.podlaskie.eu/resource/121417/Raport+o+stanie+Gminy+Rajgr%C3%B3d+za+2020+rok.pdf,direct_without_tor,2c2e372b3d2eac81eca36e8340e8aa8144a9ef24fe01bc5b9e2bc185ae9a7a73,200,2026-09-04T22:32:27Z,,1.633,true
1116,podlaskie,grajewski,Rajgród,gmina miejsko-wiejska,2004043,2021,ok_finalnie,pdf,tekst,https://bip-umrajgrod.podlaskie.eu/resource/121417/Raport+o+stanie+Gminy+Rajgr%C3%B3d+za+2021+rok.pdf,direct_without_tor,9e51c4c63a40a119b8f1ab1ef6b2503128e17e24b359c943fc90eb61b4d2df8a,200,2026-09-04T22:32:31Z,,8.42,true
1117,podlaskie,grajewski,Rajgród,gmina miejsko-wiejska,2004043,2022,ok_finalnie,pdf,tekst,https://umrajgrod.pl/wp-content/uploads/2023/07/6482bbdd7afc0-Raport-o-stanie-Gminy-za-2022-.pdf,direct_without_tor,4592855bfc8f1123e46f19bd0f3bd38fec410daafa79d917a54d2cb78c88c92d,200,2026-09-04T22:39:44Z,,13.97,true
1118,podlaskie,grajewski,Rajgród,gmina miejsko-wiejska,2004043,2023,ok_finalnie,pdf,tekst,https://umrajgrod.pl/wp-content/uploads/2024/06/Raport-o-stanie-Gminy-za-2023-r.pdf,direct_without_tor,3d6aa295a45183cc462c73cb2cda6bd04c1d8194f8a689acb19224437b0c68df,200,2026-09-04T22:39:47Z,,10.308,true
1119,podlaskie,grajewski,Rajgród,gmina miejsko-wiejska,2004043,2024,ok_finalnie,pdf,tekst,https://bip-umrajgrod.podlaskie.eu/resource/122130/Raport+o+stanie+gminy+za+2024+r.+za%C5%82%C4%85cznik+do+zarz%C4%85dzenia.pdf,direct_without_tor,b9e72f1ef48f8ca748d33c7351d8bfa04feeb4f1803223bcda15f14095e60ee3,200,2026-09-04T22:32:36Z,,8.261,true
1120,podlaskie,grajewski,Rajgród,gmina miejsko-wiejska,2004043,2025,ok_finalnie,pdf,tekst,https://umrajgrod.pl/wp-content/uploads/2026/06/Raport-o-stanie-gminy-za-2025-r.pdf,direct_without_tor,77156052b6b60fb597ad508770cb8f2772e589d2617b6ea130e662b502f04ef5,200,2026-09-04T22:39:54Z,,12.217,true
1121,podlaskie,grajewski,Szczuczyn,gmina miejsko-wiejska,2004053,2018,ok_finalnie,pdf,tekst,https://bip-umszczuczyn.podlaskie.eu/resource/1986/Raport+o+stanie+Gminy+Szczuczyn+za+2018+rok.pdf,direct_without_tor_ssl_off,a26f520a5ae26a1eed1a8c2fcd0bf947a62df66af48be56f0b59900b0bc61e14,200,2026-09-04T23:38:30Z,,19.588,true
1122,podlaskie,grajewski,Szczuczyn,gmina miejsko-wiejska,2004053,2019,ok_finalnie,pdf,tekst,https://bip-umszczuczyn.podlaskie.eu/resource/1986/Raport+o+stanie+Gminy+Szczuczyn+za+2019+rok.pdf,direct_without_tor,66893c62915e966ab33d456e8b09bf854ac65038651910308b0abee72d5f46fe,200,2026-09-04T22:34:43Z,,10.307,true
1123,podlaskie,grajewski,Szczuczyn,gmina miejsko-wiejska,2004053,2020,ok_finalnie,pdf,tekst,https://bip-umszczuczyn.podlaskie.eu/resource/1986/Raport+o+stanie+Gminy+Szczuczyn+za+2020+rok.pdf,direct_without_tor,7535dee59dc73e1abc36d67037cb495c46ac6bd56861ccf01515543770e6eaa9,200,2026-09-04T22:34:47Z,,8.208,true
1124,podlaskie,grajewski,Szczuczyn,gmina miejsko-wiejska,2004053,2021,ok_finalnie,pdf,tekst,https://bip-umszczuczyn.podlaskie.eu/resource/1986/Raport+o+stanie+Gminy+Szczuczyn+za+2021+rok.pdf,direct_without_tor_ssl_off,c3dc7ecc56acbf052ed87f401f6f9a8209ea1e60ebddb75410ea07cb62427632,200,2026-09-04T23:38:34Z,,6.431,true
1125,podlaskie,grajewski,Szczuczyn,gmina miejsko-wiejska,2004053,2022,ok_finalnie,pdf,tekst,https://bip-umszczuczyn.podlaskie.eu/resource/1986/Raport+o+stanie+Gminy+Szczuczyn+za+2022+rok.pdf,direct_without_tor,5e81eef12121a24255d9e50c531e42f47ec06895536dfc55d9b9aa973486f2b2,200,2026-09-04T22:37:37Z,,12.47,true
1126,podlaskie,grajewski,Szczuczyn,gmina miejsko-wiejska,2004053,2023,ok_finalnie,pdf,tekst,https://bip-umszczuczyn.podlaskie.eu/resource/1986/Raport+o+stanie+Gminy+Szczuczyn+za+2023+rok.pdf,direct_without_tor,b2f527c210f15fc0a14383121fd8365cebe6d1cb5299bfc49833ec0e506cf3a9,200,2026-09-04T22:39:43Z,,8.903,true
1127,podlaskie,grajewski,Szczuczyn,gmina miejsko-wiejska,2004053,2024,ok_finalnie,pdf,tekst,https://bip-umszczuczyn.podlaskie.eu/resource/1986/Raport+o+stanie+Gminy+Szczuczyn+za+2024+rok.pdf,direct_without_tor,f525b958a5fdc06531fa36d2707a643acdc45df855c9581b947b097ab66042bf,200,2026-09-04T22:42:23Z,,12.09,true
1128,podlaskie,grajewski,Szczuczyn,gmina miejsko-wiejska,2004053,2025,ok_finalnie,pdf,tekst,https://bip-umszczuczyn.podlaskie.eu/resource/1986/Raport+o+stanie+Gminy+Szczuczyn+za+2025+rok.pdf,tor_pl_ip,0c9b2d5feb90b736db6713df0553918506959296faff1441e95085dd5b829168,200,2026-09-05T00:31:11Z,,10.325,true
1129,podlaskie,grajewski,Wąsosz,gmina wiejska,2004062,2018,ok_finalnie,pdf,tekst,https://bip-ugwasosz.podlaskie.eu/resource/3569/Raport+o+Stanie+Gminy+W%25C4%2585sosz+-+2018.pdf,direct_without_tor_ssl_off,88bd0b9dc4d7c05f049c946ad64175b80423b7affccf56785e6d3d44ff2aae5a,200,2026-09-04T23:37:31Z,,2.656,true
1130,podlaskie,grajewski,Wąsosz,gmina wiejska,2004062,2019,ok_finalnie,pdf,tekst,https://bip-ugwasosz.podlaskie.eu/resource/3569/Raport+o+Stanie+Gminy+W%25C4%2585sosz+-+2019.pdf,direct_without_tor,e3a2afa289f6fbac0858948083d5056f70a3c13c4c06e832fed4a0289dc0fdea,200,2026-09-04T22:28:22Z,,2.998,true
1131,podlaskie,grajewski,Wąsosz,gmina wiejska,2004062,2020,ok_finalnie,pdf,tekst,https://bip-ugwasosz.podlaskie.eu/resource/3569/Raport+o+Stanie+Gminy+W%25C4%2585sosz+-+2020.pdf,direct_without_tor,0b256df4902fc31b7e90cdb10cd28062d28311da03a9d7c5a27d8cc9a4301fe5,200,2026-09-04T22:28:26Z,,2.989,true
1132,podlaskie,grajewski,Wąsosz,gmina wiejska,2004062,2021,ok_finalnie,pdf,tekst,https://bip-ugwasosz.podlaskie.eu/resource/3569/Raport+o+Stanie+Gminy+W%25C4%2585sosz+-+2021.pdf,direct_without_tor,6feb1bd3efe23b9456ce87cfd184bdbe86a080c76042159f4e8c979204b2a3fc,200,2026-09-04T22:28:29Z,,1.809,true
1133,podlaskie,grajewski,Wąsosz,gmina wiejska,2004062,2022,ok_finalnie,pdf,tekst,https://bip-ugwasosz.podlaskie.eu/resource/3569/Raport+o+Stanie+Gminy+W%25C4%2585sosz+-+2022.pdf,direct_without_tor,e92133f2c1369e54c2efdce61c753f040ac444c7b742b694a27cf6cc327b2434,200,2026-09-04T22:28:32Z,,2.707,true
1134,podlaskie,grajewski,Wąsosz,gmina wiejska,2004062,2023,ok_finalnie,pdf,tekst,https://bip-ugwasosz.podlaskie.eu/resource/3569/Raport+o+Stanie+Gminy+W%25C4%2585sosz+-+2023.pdf,direct_without_tor,28e66e6191577cb868ee6314a64d143caa6630f5b52dfa774e62e4e8a895770f,200,2026-09-04T22:28:36Z,,4.664,true
1135,podlaskie,grajewski,Wąsosz,gmina wiejska,2004062,2024,ok_finalnie,pdf,tekst,https://bip-ugwasosz.podlaskie.eu/resource/3569/Raport+o+stanie++gminy+W%25C4%2585sosz+-+2024.pdf,direct_without_tor,4c97c0653864ec2ad608ccbdc1914d265b8b549772e3f49220ae87a890209550,200,2026-09-04T22:28:41Z,,9.075,true
1136,podlaskie,grajewski,Wąsosz,gmina wiejska,2004062,2025,ok_finalnie,pdf,tekst,https://bip-ugwasosz.podlaskie.eu/resource/3569/Raport+o+Stanie+Gminy+W%25C4%2585sosz+-+2025.pdf,direct_without_tor_ssl_off,2168fb1c9befc1e8987b506c6f4cee7fe30da5bb99abb209563eccc878574b04,200,2026-09-04T23:39:29Z,,26.992,true
1137,podlaskie,hajnowski,Czeremcha,gmina wiejska,2005032,2018,ok_finalnie,pdf,tekst,https://bip-ugczeremcha.podlaskie.eu/resource/3849/Raport+o+stanie+Gminy+Czeremcha+2018,direct_without_tor_ssl_off,8aa4ae0a03b66d8c45271a6c0808a48db2ffc77f1aa3dd733228b3676ac0e011,200,2026-09-04T23:22:28Z,,1.367,true
1138,podlaskie,hajnowski,Czeremcha,gmina wiejska,2005032,2019,ok_finalnie,pdf,tekst,https://bip-ugczeremcha.podlaskie.eu/resource/4333/Raport+o+stanie+Gminy+Czeremcha+za+2019,direct_without_tor_ssl_off,b9db18da53e6758c943a98eee7b7451872768b7ec5c607a0ad6fc302d6474a0f,200,2026-09-04T23:22:31Z,,1.815,true
1139,podlaskie,hajnowski,Czeremcha,gmina wiejska,2005032,2020,ok_finalnie,pdf,tekst,https://bip-ugczeremcha.podlaskie.eu/resource/6280/raport+o+stanie+gminy+czeremcha,direct_without_tor_ssl_off,bab7e08a56991ec7a75accc60be16cbd7cb5120278cf62a9ff6bcb99e5e045ef,200,2026-09-04T23:22:37Z,,15.23,true
1140,podlaskie,hajnowski,Czeremcha,gmina wiejska,2005032,2021,ok_finalnie,pdf,tekst,https://bip-ugczeremcha.podlaskie.eu/resource/6589/Raport+o+stanie+gminy++za+2021+r+PODPISANY,direct_without_tor_ssl_off,586e1621d213afb33361c5dab6b96b843f19fba9238b2bf3ff0a34685733613a,200,2026-09-04T23:22:40Z,,4.597,true
1141,podlaskie,hajnowski,Czeremcha,gmina wiejska,2005032,2022,ok_finalnie,pdf,tekst,https://bip-ugczeremcha.podlaskie.eu/resource/7184/Zarz%25C4%2585dzenie+Nr+394.23+Raport+Gminy+Czeremcha+za+2022+r.,direct_without_tor,5875473e47ee88ea346a686fbab1f4f214c36b0523a4464866568f3b23aa1068,200,2026-09-04T22:42:46Z,,7.705,true
1142,podlaskie,hajnowski,Czeremcha,gmina wiejska,2005032,2023,ok_finalnie,pdf,tekst,https://bip-ugczeremcha.podlaskie.eu/resource/7729/Zarz%25C4%2585dzenie.8.24.Raport+o+stanie+gminy+za+2023.pdf,direct_without_tor_ssl_off,215fb77804de7bce5700fdac58c98df8b93d075e425cc30472e6506b57208685,200,2026-09-04T23:24:36Z,,13.198,true
1143,podlaskie,hajnowski,Czeremcha,gmina wiejska,2005032,2024,ok_finalnie,pdf,tekst,https://bip-ugczeremcha.podlaskie.eu/resource/8148/Zarz%C4%85dzenie.104.25.Raport+o+stanie+gminy+za+2024.pdf,direct_without_tor_ssl_off,af6a7217cfbbc62517088b775f7256568ffa7c6b17fe5d0c0502d5793f61ef7c,200,2026-09-04T23:26:30Z,,9.035,true
1144,podlaskie,hajnowski,Czeremcha,gmina wiejska,2005032,2025,ok_finalnie,pdf,tekst,https://bip-ugczeremcha.podlaskie.eu/resource/8565/Zarz%25C4%2585dzenie.189.26.Raport+o+stanie+gminy+za+2025+r.pdf,direct_without_tor_ssl_off,9d9bc08d40574d1ef2412d4317575ea6bff7325073fb88c4c360e32416ca6b5f,200,2026-09-04T23:30:49Z,,12.06,true
1145,podlaskie,hajnowski,Czyże,gmina wiejska,2005042,2018,ok_finalnie,doc,tekst,https://bip-ugczyze.podlaskie.eu/resource/file/download-file/id.3855/attachment.1,tor_pl_ip,c5f2fa7ab4d9bae4702de363ea089d678b02d049e383b2bdc0fdc61e9c28a843,200,2026-09-05T00:35:22Z,,1.037,true
1146,podlaskie,hajnowski,Czyże,gmina wiejska,2005042,2019,ok_finalnie,pdf,tekst,https://bip-ugczyze.podlaskie.eu/resource/file/download-file/id.4185/attachment.1,direct_without_tor_ssl_off,5174752df841fa27d47568b9b51ae12cb1e22fd3fb73a5b3a57204442c289c87,200,2026-09-04T23:44:40Z,,0.865,true
1147,podlaskie,hajnowski,Czyże,gmina wiejska,2005042,2020,ok_finalnie,pdf,tekst,https://bip-ugczyze.podlaskie.eu/resource/file/download-file/id.4543/attachment.1,direct_without_tor,0083c80b09d92e4a28e206bf206afb972e7dfcecc85876fbdf84afaaf6718dc2,200,2026-09-04T22:27:51Z,,0.846,true
1148,podlaskie,hajnowski,Czyże,gmina wiejska,2005042,2021,ok_finalnie,pdf,tekst,https://bip-ugczyze.podlaskie.eu/resource/116018/raport_o_stanie_gminy.pdf,direct_without_tor,47e5f16d18ca9b21c592768635ee12399255d3bb50ea813eaec0be6487ea6201,200,2026-09-04T22:27:54Z,,1.154,true
1149,podlaskie,hajnowski,Czyże,gmina wiejska,2005042,2022,ok_finalnie,pdf,tekst,https://bip-ugczyze.podlaskie.eu/resource/116056/raport_o_stanie_gminy_2022.pdf,direct_without_tor,2d5f28d482cb6796ebf773eed707472537de9ad98887ca47f21ff6664d0fa7bb,200,2026-09-04T22:27:57Z,,1.328,true
1150,podlaskie,hajnowski,Czyże,gmina wiejska,2005042,2023,ok_finalnie,pdf,tekst,https://bip-ugczyze.podlaskie.eu/resource/116154/raport.pdf,direct_without_tor,bf7d8fa1eb6c1ee042796727cdb20b3a99e26f416d9e7e7f634484689ac77487,200,2026-09-04T22:28:09Z,,1.468,true
1151,podlaskie,hajnowski,Czyże,gmina wiejska,2005042,2024,ok_finalnie,pdf,tekst,https://bip-ugczyze.podlaskie.eu/resource/116234/RAPORT.pdf,direct_without_tor,3c69de17d9bb54c0ea29d0a8db11d44378adf9b20c93bb98f74f0682553908c1,200,2026-09-04T22:28:12Z,,2.188,true
1152,podlaskie,hajnowski,Czyże,gmina wiejska,2005042,2025,ok_finalnie,pdf,tekst,https://bip-ugczyze.podlaskie.eu/resource/116324/RAPORT.pdf,direct_without_tor,4cc0c2956ea181fbbfb6b947ea9501404146568552cbfd0222a931c91cf38bd0,200,2026-09-04T22:28:17Z,,8.356,true
1153,podlaskie,hajnowski,Dubicze Cerkiewne,gmina wiejska,2005052,2018,ok_finalnie,pdf,tekst,https://bip-ugdubicze.podlaskie.eu/resource/117750/raport_o_stanie_gminy_2018.pdf,direct_without_tor,7f1729ecee7694794a698ae87684c22e7258e414dc47dac78d7326795cdb3ff4,200,2026-09-04T21:58:06Z,,1.257,true
1154,podlaskie,hajnowski,Dubicze Cerkiewne,gmina wiejska,2005052,2019,ok_finalnie,pdf,tekst,https://bip-ugdubicze.podlaskie.eu/resource/117750/raport_o_stanie_gminy_2019.pdf,direct_without_tor,a8a3c1df384ce2f56a69c1455e968176ea4a0cb5bf830dfe2aee643f8f538b53,200,2026-09-04T21:58:08Z,,0.356,true
1155,podlaskie,hajnowski,Dubicze Cerkiewne,gmina wiejska,2005052,2020,ok_finalnie,pdf,tekst,https://bip-ugdubicze.podlaskie.eu/resource/117750/raport_o_stanie_gminy_2020.pdf,direct_without_tor,91883d78a05fa38e3c4167ecafff98743bced19d5bd6d8fc2c24a324ebad38f9,200,2026-09-04T21:58:12Z,,0.334,true
1156,podlaskie,hajnowski,Dubicze Cerkiewne,gmina wiejska,2005052,2021,ok_finalnie,pdf,tekst,https://bip-ugdubicze.podlaskie.eu/resource/117750/raport_o_stanie_gminy_2021.pdf,direct_without_tor,cc1e5ade274ba023295febc289ae98efb77b1e3321a3a163244adac979398735,200,2026-09-04T21:58:15Z,,0.361,true
1157,podlaskie,hajnowski,Dubicze Cerkiewne,gmina wiejska,2005052,2022,ok_finalnie,pdf,tekst,https://bip-ugdubicze.podlaskie.eu/resource/117750/raport_o_stanie_gminy_2022.pdf,direct_without_tor,311566f3c63aa67000b0aebb67c2c815c889e998bfa71a4089977d274ad81adc,200,2026-09-04T21:58:17Z,,0.413,true
1158,podlaskie,hajnowski,Dubicze Cerkiewne,gmina wiejska,2005052,2023,ok_finalnie,pdf,tekst,https://bip-ugdubicze.podlaskie.eu/resource/117750/RAPORT.+O+STANIE+GMINY+ZA+2023+R.pdf,direct_without_tor,2f91d005d9cc500127bc3d478fc46e94726589756900b86f39b324b4ef1fe269,200,2026-09-04T21:58:20Z,,0.711,true
1159,podlaskie,hajnowski,Dubicze Cerkiewne,gmina wiejska,2005052,2024,ok_finalnie,pdf,tekst,https://bip-ugdubicze.podlaskie.eu/resource/117750/RAPORT.+O+STANIE+GMINY+ZA+2024+R.pdf,direct_without_tor,7847bc196e295bad7e6073980a6b21db968fc640c6e76d2f320addb25d139e38,200,2026-09-04T21:58:22Z,,0.587,true
1160,podlaskie,hajnowski,Dubicze Cerkiewne,gmina wiejska,2005052,2025,ok_finalnie,pdf,tekst,https://bip-ugdubicze.podlaskie.eu/resource/117750/RAPORT+2025.pdf,direct_without_tor,e7663aaff482dafaac35eceaf0fdd197229f13ff8907fec67d568d8e3c3bed33,200,2026-09-04T21:58:25Z,,0.758,true
1161,podlaskie,hajnowski,Hajnówka,gmina miejska,2005011,2018,ok_finalnie,pdf,tekst,https://fs.siteor.com/hajnowka-bip/article_attachments/attachments/198010/original/RAPORT_O_STANIE_GMINY_MIEJSKIEJ_HAJN%C3%93WKA_W_ROKU_2018.pdf?1559309069,direct_without_tor,0f527863cc5774d39361f2d3392834dae5efb7c879d0b9231d3a6564f490164a,200,2026-09-04T21:53:15Z,,1.126,true
1162,podlaskie,hajnowski,Hajnówka,gmina miejska,2005011,2019,ok_finalnie,pdf,tekst,https://fs.siteor.com/hajnowka-bip/article_attachments/attachments/251793/original/RAPORT_O_STANIE_GMINY_MIEJSKIEJ_HAJN%C3%93WKA_W_ROKU_2019.pdf?1622462095,direct_without_tor,1a062299555ab3990aec32e8d53598f1744f3a243a392eca8b12417c4bc03db5,200,2026-09-04T21:53:16Z,,1.359,true
1163,podlaskie,hajnowski,Hajnówka,gmina miejska,2005011,2020,ok_finalnie,odt,tekst,https://fs.siteor.com/hajnowka-bip/article_attachments/attachments/252026/original/Raport_o_stanie_gminy_miejskiej_Hajn%C3%B3wka_w_2020_roku_-_wersja_dostepna_ze_spisem_tre%C5%9Bci.odt?1622800544,direct_without_tor,459955d7a7569df89eb52fdbaa33c9987196227078d2f9644070415eb19c8f8b,200,2026-09-04T21:53:17Z,,0.086,true
1164,podlaskie,hajnowski,Hajnówka,gmina miejska,2005011,2021,ok_finalnie,html,tekst,https://hajnowka-2021.curulis.pl/,direct_without_tor,38002c65346eb237eec3f09e0fb2b647209aebc23156b655d526705cf1cc8a68,200,2026-09-05T02:07:21Z,[revalid 2026-09-04] hash_mismatch got=a35ddaeedd98a0cb0d34ecd44333d110deeff90066e9bc2abb5e8aea1cb15533 want=940598aa81118696e7150845c147d097a6aecfb0e8e9e02f3ff06fdb928d910d n=237766 unit=gmina_ok report=True year=2021 | [revalid 2026-09-05] revalidated_hash_updated unit_ok report year=2021 n=237415 old_hash_mismatch,0.226,true
1165,podlaskie,hajnowski,Hajnówka,gmina miejska,2005011,2022,ok_finalnie,pdf,tekst,https://fs.siteor.com/hajnowka-bip/article_attachments/attachments/284002/original/Raport_o_stanie_Miasta_Hajn%C3%B3wka_w_2022_roku.pdf?1685529510,direct_without_tor,f6222f8aa179afdecaa809801510660a2a3ac637b885fda4db369aabc09cf036,200,2026-09-04T21:53:18Z,,25.971,true
1166,podlaskie,hajnowski,Hajnówka,gmina miejska,2005011,2023,ok_finalnie,odt,tekst,https://fs.siteor.com/hajnowka-bip/article_attachments/attachments/296448/original/Raport_o_stanie_Gminy_Miejskiej_Hajn%C3%B3wka_za_2023_r.odt?1719912000,direct_without_tor,a8ad98b5d4ec6881c34810506ee30eeeb91c15d1dbc5f36e58f732bfe36f9410,200,2026-09-04T21:53:18Z,,14.584,true
1167,podlaskie,hajnowski,Hajnówka,gmina miejska,2005011,2024,ok_finalnie,pdf,tekst,https://bip.hajnowka.pl/app/articles/print/raport-o-stanie-gminy-miejskiej-hajnowka-za-2024-r.pdf,direct_without_tor,9f7953048d943790d05a85648647d2228aa6a5779908156b2e22dcc29d21cb78,200,2026-09-04T22:41:14Z,,0.015,true
1168,podlaskie,hajnowski,Hajnówka,gmina miejska,2005011,2025,ok_finalnie,pdf,tekst,https://bip.hajnowka.pl/app/articles/print/raport-o-stanie-gminy-miejskiej-hajnowka-za-2025-r.pdf,direct_without_tor,25ca43b7baea0018d1b16b871a73e29788f3d06ccabd6928c2e20ea796b3303f,200,2026-09-04T22:41:15Z,,0.014,true
1169,podlaskie,hajnowski,Hajnówka,gmina wiejska,2005062,2018,ok_finalnie,doc,tekst,https://bip-ughajnowka.podlaskie.eu/resource/file/download-file/id.16041/attachment.1,tor_pl_ip,e32735f7b73ee62870f9ace9890dfa6387d97ae0777cdba1b1dabe1ceee1fa66,200,2026-09-05T00:31:13Z,,1.053,true
1170,podlaskie,hajnowski,Hajnówka,gmina wiejska,2005062,2019,ok_finalnie,pdf,tekst,https://bip-ughajnowka.podlaskie.eu/resource/file/download-file/id.16682/attachment.1,direct_without_tor,cd4b98616500a27c4d7610307d118d1882645f5913c2209ae92fb57088c937b7,200,2026-09-04T22:18:59Z,,1.284,true
1171,podlaskie,hajnowski,Hajnówka,gmina wiejska,2005062,2020,ok_finalnie,pdf,tekst,https://bip-ughajnowka.podlaskie.eu/resource/file/download-file/id.17443/attachment.1,direct_without_tor,1abbac8a9f3c8a746c76d41f67fcf41cc70f161bde471c434c68c93a835f4947,200,2026-09-04T22:19:02Z,,1.332,true
1172,podlaskie,hajnowski,Hajnówka,gmina wiejska,2005062,2021,ok_finalnie,pdf,tekst,https://bip-ughajnowka.podlaskie.eu/resource/116291/Raport_za_2021.pdf/attachment.1,direct_without_tor,653a4e7080533f3ff6a1d1fc07bedfb9f64ca91586ecf683ae3516959b644890,200,2026-09-04T22:19:05Z,,1.171,true
1173,podlaskie,hajnowski,Hajnówka,gmina wiejska,2005062,2022,ok_finalnie,pdf,tekst,https://bip-ughajnowka.podlaskie.eu/resource/116396/Raport_o_stanie_gminy_2022.pdf/attachment.1,direct_without_tor,38d1121e2453a50fba229808307d2addeaae074d8d7cd5ee6affdf4015c25fe6,200,2026-09-04T22:19:08Z,,1.129,true
1174,podlaskie,hajnowski,Hajnówka,gmina wiejska,2005062,2023,ok_finalnie,pdf,tekst,https://bip-ughajnowka.podlaskie.eu/resource/116489/Raport o stanie Gminy Hajnówka za 2023.pdf/attachment.1,direct_without_tor,2455958269f5ef80e193b17e420815e185a6fafb7fc590ed3660c73bab9a2fd6,200,2026-09-04T22:19:11Z,,0.98,true
1175,podlaskie,hajnowski,Hajnówka,gmina wiejska,2005062,2024,ok_finalnie,pdf,tekst,https://bip-ughajnowka.podlaskie.eu/resource/117003/Raport o stanie Gminy Hajnówka za 2024 rok.pdf/attachment.1,direct_without_tor,1cd76875b8a635d46c0b52457a8790b212ef472fba94f20aaf5388b16cc3bf63,200,2026-09-04T22:19:13Z,,0.544,true
1176,podlaskie,hajnowski,Hajnówka,gmina wiejska,2005062,2025,ok_finalnie,pdf,tekst,https://bip-ughajnowka.podlaskie.eu/resource/117137/Rapor2025tautokorekta.pdf/attachment.1,direct_without_tor,a7c8bd1dd3605f8a6053574f1a222f014ff6c41e32874a1f12742d12b794110c,200,2026-09-04T22:19:15Z,,0.53,true
1177,podlaskie,hajnowski,Kleszczele,gmina miejsko-wiejska,2005073,2018,ok_finalnie,pdf,tekst,https://bip-umkleszczele.podlaskie.eu/resource/115934/Raport+Gmina+Kleszczele+za+2018.pdf,direct_without_tor,f0f790c22bbe25166cf6ee28eea689e0d522f4f327eadfe4dacfca53b6d22c61,200,2026-09-04T21:58:27Z,,1.308,true
1178,podlaskie,hajnowski,Kleszczele,gmina miejsko-wiejska,2005073,2019,ok_finalnie,pdf,tekst,https://bip-umkleszczele.podlaskie.eu/resource/115934/Raport+Gmina+Kleszczele+za+2019_28.07.2020.pdf,direct_without_tor,42a91597027e156a71137356303a9ac053809770a33847d8444831b2078942d0,200,2026-09-04T21:58:31Z,,1.546,true
1179,podlaskie,hajnowski,Kleszczele,gmina miejsko-wiejska,2005073,2020,ok_finalnie,pdf,tekst,https://bip-umkleszczele.podlaskie.eu/resource/115934/Raport+Gmina+Kleszczele+za+2020.pdf,direct_without_tor,baeac1d4d9312c7669518ed67cea41c999b57e0b23db57ea24c7db68611626db,200,2026-09-04T21:58:34Z,,1.689,true
1180,podlaskie,hajnowski,Kleszczele,gmina miejsko-wiejska,2005073,2021,ok_finalnie,pdf,tekst,https://bip-umkleszczele.podlaskie.eu/resource/115934/Raport+Gmina+Kleszczele+za+2021.pdf,direct_without_tor,b3fe478800576c54710770824b9fd9d0c48d205ea0a2dc46c1e8628033a8474c,200,2026-09-04T21:58:37Z,,1.593,true
1181,podlaskie,hajnowski,Kleszczele,gmina miejsko-wiejska,2005073,2022,ok_finalnie,pdf,tekst,https://bip-umkleszczele.podlaskie.eu/resource/117897/Zarz%25C4%2585dzenie.331.2023.2023-05-31.pdf,direct_without_tor,8e36b693d0724c6f7ec82c63c6e17a96dcc37871714b8290b8f5b94447cbcbc8,200,2026-09-04T21:58:40Z,,1.784,true
1182,podlaskie,hajnowski,Kleszczele,gmina miejsko-wiejska,2005073,2023,ok_finalnie,pdf,tekst,https://bip-umkleszczele.podlaskie.eu/resource/118391/Zarz%25C4%2585dzenie.5.2024.2024-05-31.pdf,direct_without_tor,11768d6a8b4e341042a56243cdfa1ea4806f4bf44436af64831f16af997f1098,200,2026-09-04T21:58:43Z,,1.836,true
1183,podlaskie,hajnowski,Kleszczele,gmina miejsko-wiejska,2005073,2024,ok_finalnie,pdf,tekst,https://bip-umkleszczele.podlaskie.eu/resource/118580/Zarz%25C4%2585dzenie.73.2025.2025-05-30.pdf,direct_without_tor,bcfba5e099602a50fc527f6656c2684c91066958f03e909c2fdc7d38dc7a186f,200,2026-09-04T21:58:46Z,,1.911,true
1184,podlaskie,hajnowski,Kleszczele,gmina miejsko-wiejska,2005073,2025,ok_finalnie,pdf,tekst,https://bip-umkleszczele.podlaskie.eu/resource/118884/Zarz%25C4%2585dzenie.138.2026.2026-05-15.pdf,direct_without_tor,4c18627fef25dccd0eca36828c65285d90f01a40bacdac7b3e34d80b7d904e1b,200,2026-09-04T21:58:50Z,,3.627,true
1185,podlaskie,hajnowski,Narew,gmina wiejska,2005082,2018,ok_finalnie,pdf,tekst,https://bip-ugnarew.podlaskie.eu/resource/116528/RAPORT+w%25C3%25B3jta+za+2018+rok.pdf,direct_without_tor,25ff0a368729ddb70852e599cdc9f2759f54cc32b1996b4c56b975dad2734ff7,200,2026-09-04T21:58:52Z,,2.277,true
1186,podlaskie,hajnowski,Narew,gmina wiejska,2005082,2019,ok_finalnie,pdf,tekst,https://bip-ugnarew.podlaskie.eu/resource/116795/RAPORT+w%25C3%25B3jta+za+2019+rok.pdf,direct_without_tor,b84678fc7698ef136038e85286dd1acd11f70322bff9e33d7d101cbda5c0e845,200,2026-09-04T21:58:56Z,,1.442,true
1187,podlaskie,hajnowski,Narew,gmina wiejska,2005082,2020,ok_finalnie,pdf,tekst,https://bip-ugnarew.podlaskie.eu/resource/117124/RAPORT+w%25C3%25B3jta+za+2020+rok.docx.pdf,direct_without_tor,42dd9ce9a46df363b3b4612b0472e2880790e62eef1244846b96916a05ee67e7,200,2026-09-04T21:58:58Z,,0.93,true
1188,podlaskie,hajnowski,Narew,gmina wiejska,2005082,2021,ok_finalnie,pdf,tekst,https://bip-ugnarew.podlaskie.eu/resource/116527/RAPORT+w%25C3%25B3jta+za+2021+rok%25281%2529.pdf,direct_without_tor,eb02c2827382017a9d0bbc4ecc9f26f3ed31a7a19b210fde14200feb516fd764,200,2026-09-04T21:59:01Z,,1.5,true
1189,podlaskie,hajnowski,Narew,gmina wiejska,2005082,2022,ok_finalnie,pdf,tekst,https://bip-ugnarew.podlaskie.eu/resource/116527/RAPORT+w%25C3%25B3jta+za+2022+rok.docx.pdf,direct_without_tor,2aff259ff0a45eb564f9f458f6719abc7af94363abaca41f305bd860e40700d3,200,2026-09-04T21:59:05Z,,4.468,true
1190,podlaskie,hajnowski,Narew,gmina wiejska,2005082,2023,ok_finalnie,pdf,tekst,https://bip-ugnarew.podlaskie.eu/resource/116527/RAPORT+w%25C3%25B3jta+za+2023+rok+do+wydruku.pdf,direct_without_tor,59884643268bca915132ffdf3b08345730e63de3d12fa658cbb0a829fe4dda6f,200,2026-09-04T21:59:09Z,,3.02,true
1191,podlaskie,hajnowski,Narew,gmina wiejska,2005082,2024,ok_finalnie,pdf,tekst,https://bip-ugnarew.podlaskie.eu/resource/116527/RAPORT+w%25C3%25B3jta+za+2024rok.pdf,direct_without_tor,aa607b1cb08c93c6cf8f114cea64034e410169187e4a630fe3fdfc504efeef73,200,2026-09-04T21:59:11Z,,0.579,true
1192,podlaskie,hajnowski,Narew,gmina wiejska,2005082,2025,ok_finalnie,pdf,tekst,https://bip-ugnarew.podlaskie.eu/resource/116527/RAPORT+w%25C3%25B3jta+za+2025+rok.pdf,direct_without_tor,02d4600309eac046428d747eaf7cf6a2372b81edb8164b4d75eeee17e1aa8d42,200,2026-09-04T21:59:13Z,,0.316,true
1193,podlaskie,hajnowski,Narewka,gmina wiejska,2005092,2018,brak_finalnie,,,brak,"dogłębne sprawdzenie (sitemap + pełna inwentaryzacja załączników + uchwała i protokół sesji + web search + Wayback) - dowód istnienia raportu, plik nieudostępniony publicznie",,sprawdzono pogłębnie 2026-09-05,2026-09-02T23:50:27Z,[KONT.] || [TURA 19 05.09.2026] Wayback CDX narewka.pl (stary serwis Joomla): najstarsze strony raportowe to raport za 2021 (capture V 2022); za 2018 brak czegokolwiek. Status bez zmian.,,true
1194,podlaskie,hajnowski,Narewka,gmina wiejska,2005092,2019,ok_finalnie,pdf,tekst,https://www.narewka.pl/resource/2537/Raport+o+stanie+Gminy+Narewka+za+2019+rok.pdf,direct_without_tor_ssl_off,935ad193030ce169a4909fb46eb7f622b94e4b34809004b5ee05d59aef41035e,200,2026-09-04T23:34:38Z,,1.363,true
1195,podlaskie,hajnowski,Narewka,gmina wiejska,2005092,2020,ok_finalnie,pdf,tekst,https://www.narewka.pl/resource/3895/Raport+o+stanie+Gminy+Narewka+za+2020_28.05.2021.pdf,direct_without_tor_ssl_off,9fd437d1066f865cfbffb6251123480ec1b8d07156804957a45fc4fa4dc89eeb,200,2026-09-04T23:34:41Z,,0.94,true
1196,podlaskie,hajnowski,Narewka,gmina wiejska,2005092,2021,ok_finalnie,pdf,tekst,https://www.narewka.pl/resource/4600/15005/Raport+o+stanie+Gminy+Narewka+za+2021_27.05.2022_wer.pdf,direct_without_tor_ssl_off,dd5cfeffa17aacc9468e07ef9ed1bd6d4a8e2286667dc1a306d8598036e43f63,200,2026-09-04T23:34:44Z,,1.664,true
1197,podlaskie,hajnowski,Narewka,gmina wiejska,2005092,2022,ok_finalnie,pdf,tekst,https://www.narewka.pl/resource/5205/17798/Raport+o+stanie+Gminy+Narewka+za+2022_30.05.2023_wer.pdf,direct_without_tor_ssl_off,49b603ded3de82120fd68f9d09362394e99b0eb85e29a46b928cb393e26944ea,200,2026-09-04T23:34:47Z,,1.76,true
1198,podlaskie,hajnowski,Narewka,gmina wiejska,2005092,2023,ok_finalnie,pdf,tekst,https://bip-ugnarewka.podlaskie.eu/resource/121156/Raport+o+stanie+Gminy+Narewka+za+2023_31.05.2024+wersja+ost.pdf,direct_without_tor,c7c948cc0565d0df5bb8a5bd0e76012c61d1aeae29ce9758b3e8ad00e8dbb6b0,200,2026-09-04T22:39:42Z,,3.291,true
1199,podlaskie,hajnowski,Narewka,gmina wiejska,2005092,2024,ok_finalnie,pdf,tekst,https://bip-ugnarewka.podlaskie.eu/resource/121609/Raport+o+stanie+Gminy+Narewka+za+2024.pdf,direct_without_tor,b0ab46f6e69398f9bc7c2518d797a580464a2ffe93bf6a69559732cbff1ad46b,200,2026-09-04T22:39:45Z,,2.116,true
1200,podlaskie,hajnowski,Narewka,gmina wiejska,2005092,2025,ok_finalnie,pdf,tekst,https://bip-ugnarewka.podlaskie.eu/resource/122043/Raport+o+stanie+Gminy+Narewka+za+2025.pdf,direct_without_tor,66ba384386cb724c4192e83040b429f04f83a2914b800fc7e76d2e8568f2e65d,200,2026-09-04T22:39:48Z,,0.892,true
1201,podlaskie,kolneński,Grabowo,gmina wiejska,2006022,2018,ok_finalnie,pdf,tekst,http://www.grabowo.pl/asp/pliki/Raport_o_stanie_gminy_2018/raport_ostateczny.pdf,direct_without_tor,e5271832ccebed312e046a42c7a42c8ce9ee988f33590b4c4d1121805d5c28df,200,2026-09-04T22:42:47Z,,0.702,true
1202,podlaskie,kolneński,Grabowo,gmina wiejska,2006022,2019,ok_finalnie,pdf,skan,https://grabowo.biuletyn.net/fls/bip_pliki/2020_06/BIPF5A792064DFF40Z/Raport_o_stanie_gminy_za_2019.pdf,direct_without_tor_ssl_off + ocr,df7ee3584391e3717b1f6791bb172a2199267e895be27cdc37d7e45ebe62c2f5,200,2026-09-04T23:33:33Z,,10.929,true
1203,podlaskie,kolneński,Grabowo,gmina wiejska,2006022,2020,ok_finalnie,pdf,skan,https://grabowo.biuletyn.net/fls/bip_pliki/2021_05/BIPF5C39F76CACE67Z/Raport_osg2020.pdf,direct_without_tor_ssl_off + ocr,ad7a9b4d4e60e03285ad1754530b6a8c0b5ac6ee47f8759d90f39dd19fb77ef2,200,2026-09-04T23:33:53Z,,2.105,true
1204,podlaskie,kolneński,Grabowo,gmina wiejska,2006022,2021,ok_finalnie,pdf,tekst,https://grabowo.biuletyn.net/fls/bip_pliki/2022_05/BIPF5DFAAD023D39AZ/Raport_o_stanie_2021.pdf,direct_without_tor,648b4e97e6cbf51c8644ed7c6df27e64a0c9966ec9e89f2df82e80f0eb22aa40,200,2026-09-04T22:59:15Z,,2.383,true
1205,podlaskie,kolneński,Grabowo,gmina wiejska,2006022,2022,ok_finalnie,pdf,skan,https://www.grabowo.pl/asp/pliki/do_poublikacji/raport_o_sg2022.pdf,direct_without_tor + ocr,6a50ec5f0a67fb1176d1b2c98311409c2062136e4abe0888c30c27f3ed5925c3,200,2026-09-05T00:08:44Z,,2.62,true
1206,podlaskie,kolneński,Grabowo,gmina wiejska,2006022,2023,ok_finalnie,pdf,skan,https://grabowo.biuletyn.net/fls/bip_pliki/2024_05/BIPF6193043B64A62Z/20240524091255.pdf,direct_without_tor_ssl_off + ocr,7f081bf41fc6000b621a00901b255ddf739b09e6a237103bc95696f1d5ae1e9d,200,2026-09-04T23:34:09Z,,2.558,true
1207,podlaskie,kolneński,Grabowo,gmina wiejska,2006022,2024,ok_finalnie,pdf,skan,https://grabowo.biuletyn.net/fls/bip_pliki/2025_05/BIPF635CC78D1F79AZ/RAPORT_ZA_2024_ROK.pdf,direct_without_tor_ssl_off + ocr,44d1da967eb052c78a563468b9a207c8c4241168f35f7964dfbc549a236947d5,200,2026-09-04T23:34:24Z,,3.164,true
1208,podlaskie,kolneński,Grabowo,gmina wiejska,2006022,2025,ok_finalnie,pdf,skan,https://grabowo.biuletyn.net/fls/bip_pliki/2026_05/BIPF652A1082DF872Z/RAPORT_O_STANIE_GMINY_ZA_2025_R..pdf,direct_without_tor_ssl_off + ocr,7b4553c5ea9b59c6b406e63ced2cfdab88b2f7088d7c62f9ac4ee8e93309dd34,200,2026-09-04T23:34:41Z,,2.093,true
1209,podlaskie,kolneński,Kolno,gmina miejska,2006011,2018,ok_finalnie,pdf,tekst,https://bip-umkolno.podlaskie.eu/resource/117124/RAPORT+o+stanie+Miasta+Kolno+za+2018+rok.pdf,direct_without_tor_ssl_off,3d9be4f6ef3f058a92c98b071cc2f07872a2fe1b2ffbb9a345ea911a37a6490f,200,2026-09-04T23:20:13Z,,2.495,true
1210,podlaskie,kolneński,Kolno,gmina miejska,2006011,2019,ok_finalnie,pdf,tekst,https://bip-umkolno.podlaskie.eu/resource/117927/RAPORT+o+stanie+Miasta+Kolno+za+2019+rok.pdf,direct_without_tor_ssl_off,b76f07f5db52a44ac20a78f8f0847da0ab73d7a1daae81d6ec1675c0436ce4e4,200,2026-09-04T23:20:17Z,,2.703,true
1211,podlaskie,kolneński,Kolno,gmina miejska,2006011,2020,ok_finalnie,pdf,tekst,https://bip-umkolno.podlaskie.eu/resource/118823/RAPORT+o+stanie+Miasta+Kolno+za+2020+rok-1.pdf,direct_without_tor_ssl_off,e2aa455b98e309dab2124bbf8e46c5f207f1ec48ac19accea069f0f2dcf56505,200,2026-09-04T23:20:20Z,,2.087,true
1212,podlaskie,kolneński,Kolno,gmina miejska,2006011,2021,ok_finalnie,docx,tekst,https://bip-umkolno.podlaskie.eu/resource/119271/RAPORT+o+stanie+Miasta+Kolno+za+2021+rok.docx,direct_without_tor_ssl_off,cfac0ef3838551998e74f9a19873dad49acfd61d35ec12430dd3524ef800b9ef,200,2026-09-04T23:20:24Z,,4.136,true
1213,podlaskie,kolneński,Kolno,gmina miejska,2006011,2022,ok_finalnie,pdf,tekst,https://bip-umkolno.podlaskie.eu/resource/119621/RAPORT+o+stanie+Miasta+Kolno+za+2022+rok-sig.pdf,direct_without_tor_ssl_off,89799511f22b6e1689e19202f42eac4562c0d14090500463843aa6a64b2f9ab8,200,2026-09-04T23:20:27Z,,3.488,true
1214,podlaskie,kolneński,Kolno,gmina miejska,2006011,2023,ok_finalnie,pdf,tekst,https://bip-umkolno.podlaskie.eu/resource/120068/Raport+o+stanie+Miasta+Kolno+za+2023+rok.pdf,direct_without_tor_ssl_off,733a4896dcd4096689143ed70e2b095901f2d76b2c677a3840b425ce0b2d7d2e,200,2026-09-04T23:22:26Z,,31.663,true
1215,podlaskie,kolneński,Kolno,gmina miejska,2006011,2024,ok_finalnie,pdf,tekst,https://bip-umkolno.podlaskie.eu/resource/120417/RAPORT+o+stanie+Miasta+Kolno+za+2024+rok.pdf,direct_without_tor_ssl_off,6c6c44e4c42fbe1045bc9834754c03a57a246827b7092050cd19dcbcb782c947,200,2026-09-04T23:22:29Z,,3.581,true
1216,podlaskie,kolneński,Kolno,gmina miejska,2006011,2025,ok_finalnie,pdf,tekst,https://bip-umkolno.podlaskie.eu/resource/120683/RAPORT+o+stanie+Miasta+Kolno+za+2025+rok.pdf,direct_without_tor_ssl_off,0e92825280698ac4ba936872421d562882820f7ff3c997d3acc91a9e1c5188a8,200,2026-09-04T23:22:33Z,,4.296,true
1217,podlaskie,kolneński,Kolno,gmina wiejska,2006032,2018,ok_finalnie,pdf,tekst,https://bip-ugkolno.podlaskie.eu/resource/117529/RAPORT+O+STANIE+GMINY+ostateczny.pdf,direct_without_tor_ssl_off,d3cbcdf0bc504cbc9be23f065e5e33f920fb11201229603f944411d2ae4a5b6c,200,2026-09-04T23:22:28Z,,1.805,true
1218,podlaskie,kolneński,Kolno,gmina wiejska,2006032,2019,ok_finalnie,pdf,tekst,https://bip-ugkolno.podlaskie.eu/resource/109/RAPORT+O+STANIE+GMINY+2019.pdf,direct_without_tor_ssl_off,2e44f356af3c6d2e1aa0f5be6bd361849b8cb0f1b101286def9270a27703b079,200,2026-09-04T23:22:38Z,,35.361,true
1219,podlaskie,kolneński,Kolno,gmina wiejska,2006032,2020,ok_finalnie,pdf,tekst,https://bip-ugkolno.podlaskie.eu/resource/118588/Rap_o_stanie_Gminy_2020.pdf,direct_without_tor_ssl_off,08fe185d885df543c4c955085b16104f6b04919c10d13a86621e2dd0136a1aca,200,2026-09-04T23:22:47Z,,34.642,true
1220,podlaskie,kolneński,Kolno,gmina wiejska,2006032,2021,ok_finalnie,pdf,tekst,https://bip-ugkolno.podlaskie.eu/resource/109/Zarz%C4%85dzenie+9-22.pdf,direct_without_tor,0663873579009a60047a64d414f1c31909dbeb0bd6658f2e15e5916e154ad7f3,200,2026-09-04T22:46:33Z,,24.286,true
1221,podlaskie,kolneński,Kolno,gmina wiejska,2006032,2022,ok_finalnie,pdf,tekst,https://bip-ugkolno.podlaskie.eu/resource/171/Raport+o+stanie+gminy+2022.pdf,direct_without_tor_ssl_off,2a2f55423be2aa89e51e10712c70831e77426b4125b7c57ca6f96f50ccc59f72,200,2026-09-04T23:34:19Z,,57.785,true
1222,podlaskie,kolneński,Kolno,gmina wiejska,2006032,2023,ok_finalnie,pdf,tekst,https://bip-ugkolno.podlaskie.eu/resource/171/raport_o_+stanie_gminy_2023_rok.pdf,direct_without_tor_ssl_off,b0307c2be5b74e728725266f2d620cbcc8d391b8c34b47d876e802f728db974c,200,2026-09-04T23:34:23Z,,5.008,true
1223,podlaskie,kolneński,Kolno,gmina wiejska,2006032,2024,ok_finalnie,pdf,tekst,https://bip-ugkolno.podlaskie.eu/resource/171/Raport_o_stanie_Gminy_Kolno_2024_rok.pdf,direct_without_tor_ssl_off,a7ec61c8c9d2597a4cce14fe55f08dde601b0991368a820a673de822f1a2c221,200,2026-09-04T23:34:26Z,,4.739,true
1224,podlaskie,kolneński,Kolno,gmina wiejska,2006032,2025,ok_finalnie,pdf,tekst,https://bip-ugkolno.podlaskie.eu/resource/120698/Raport_o_stanie_gminy_Kolno_za_2025.pdf,direct_without_tor_ssl_off,041dd585f5ceaf905208933d96728fe37114bd1991581a2945037cf693bdbf65,200,2026-09-04T23:36:21Z,,10.123,true
1225,podlaskie,kolneński,Mały Płock,gmina wiejska,2006042,2018,ok_finalnie,pdf,tekst,https://bip-ugmalyplock.podlaskie.eu/resource/116436/Raport+o+stanie+Gminy+-+2018.pdf,direct_without_tor,f1ff83271ac33d32d26d070b8cd94be88dac8b9302a6bed358dd0b5663e78a9d,200,2026-09-04T22:32:45Z,,0.774,true
1226,podlaskie,kolneński,Mały Płock,gmina wiejska,2006042,2019,ok_finalnie,pdf,tekst,https://bip-ugmalyplock.podlaskie.eu/resource/117009/Raport+o+stanie+Gminy+-+2019.pdf,direct_without_tor,468f560a7f43b1223de64ebefc4649818c772eed90f2d2061a2cc008a8438d6c,200,2026-09-04T22:33:00Z,,1.097,true
1227,podlaskie,kolneński,Mały Płock,gmina wiejska,2006042,2020,ok_finalnie,pdf,tekst,https://bip-ugmalyplock.podlaskie.eu/resource/117468/Raport+o+stanie+Gminy+-+2020.pdf,direct_without_tor,e4fe83f047419b548e72aeabe51ebb60626c26a57dfca07ce9010e23bd22db0e,200,2026-09-04T22:33:03Z,,1.388,true
1228,podlaskie,kolneński,Mały Płock,gmina wiejska,2006042,2021,ok_finalnie,pdf,tekst,https://bip-ugmalyplock.podlaskie.eu/resource/117342/raport+o+stanie+dost%25C4%2599pno%25C5%259Bci.pdf,direct_without_tor,6dce45308145886162e5c19fd51c2c0d70ca1664c90f903a0c72987c802f1f79,200,2026-09-04T22:33:05Z,,0.06,true
1229,podlaskie,kolneński,Mały Płock,gmina wiejska,2006042,2022,ok_finalnie,doc,tekst,https://bip-ugmalyplock.podlaskie.eu/resource/117970/Raport+o+stanie+Gminy+-+2022.doc,tor_pl_ip,c06455313063ff71b20b5aac1970c529346aaf0585872c78d0a127288f68ec5e,200,2026-09-05T00:35:22Z,,1.677,true
1230,podlaskie,kolneński,Mały Płock,gmina wiejska,2006042,2023,ok_finalnie,pdf,tekst,https://bip-ugmalyplock.podlaskie.eu/resource/118253/Raport+o+stanie+Gminy+-+2023.pdf,direct_without_tor,02ae9d61cf860641c90af0656bd6a7dcebf4985201609b986767ff2fa6a364a2,200,2026-09-04T22:33:08Z,,1.47,true
1231,podlaskie,kolneński,Mały Płock,gmina wiejska,2006042,2024,ok_finalnie,doc,tekst,https://bip-ugmalyplock.podlaskie.eu/resource/118576/Raport+o+stanie+Gminy+-+2024.doc,tor_pl_ip,f7b896d453dd0c6f9fb851a69a3c13d1281afa8388bcdbb913514c96ec54d1ad,200,2026-09-05T00:35:22Z,,1.707,true
1232,podlaskie,kolneński,Mały Płock,gmina wiejska,2006042,2025,ok_finalnie,doc,tekst,https://bip-ugmalyplock.podlaskie.eu/resource/118802/Raport+o+stanie+Gminy+-+2025.doc,tor_pl_ip,dd4d1413c3ef72f115d1c498954d4c0fe57538e2765116a1cf4b28f94e6e6206,200,2026-09-05T00:35:22Z,,1.671,true
1233,podlaskie,kolneński,Stawiski,gmina miejsko-wiejska,2006053,2018,ok_finalnie,pdf,tekst,https://bip.stawiski.pl/download.php?id=5184,direct_without_tor,e30d3c4e8d7af3bc446cf2a5453a7f3c642f932fac6f34c8a9f4739376896b4e,200,2026-09-04T21:59:11Z,,1.037,true
1234,podlaskie,kolneński,Stawiski,gmina miejsko-wiejska,2006053,2019,ok_finalnie,pdf,tekst,https://bip.stawiski.pl/download.php?id=5797,direct_without_tor,303bf931bad121df00e1d1760d409bd1d94ef9682fe0b3afaf9be8172a407aec,200,2026-09-04T21:59:15Z,,9.579,true
1235,podlaskie,kolneński,Stawiski,gmina miejsko-wiejska,2006053,2020,ok_finalnie,pdf,tekst,https://bip.stawiski.pl/download.php?id=6231,direct_without_tor,86284e25bb5f125533af22ede71bf703c9f13f0beeb530cd01434de41d8d9070,200,2026-09-04T21:59:19Z,,8.603,true
1236,podlaskie,kolneński,Stawiski,gmina miejsko-wiejska,2006053,2021,ok_finalnie,pdf,tekst,https://bip.stawiski.pl/download.php?id=6794,direct_without_tor,39ebd7dabfa7db9372b3ce2eb06d729485c2ea73a9f50c00cf7f62f414adfb93,200,2026-09-04T21:59:23Z,,9.592,true
1237,podlaskie,kolneński,Stawiski,gmina miejsko-wiejska,2006053,2022,ok_finalnie,pdf,tekst,https://bip.stawiski.pl/download.php?id=7482,direct_without_tor,6a743f790353e8a68b75693ee9a360be3be2c593b3da198842187b2f8d0fcbec,200,2026-09-04T21:59:28Z,,11.897,true
1238,podlaskie,kolneński,Stawiski,gmina miejsko-wiejska,2006053,2023,ok_finalnie,pdf,tekst,https://bip.stawiski.pl/download.php?id=8056,direct_without_tor,6531c31474f7df6797ed35a835b30947f2d0329a8eee3d57bfadde34ed43e981,200,2026-09-04T21:59:34Z,,14.884,true
1239,podlaskie,kolneński,Stawiski,gmina miejsko-wiejska,2006053,2024,ok_finalnie,pdf,tekst,https://bip.stawiski.pl/download.php?id=8503,direct_without_tor,60a893d8735a77f8acb3f4fb51d1fdd28e99296c49e5489ff0a69c9f171bfcd5,200,2026-09-04T21:59:40Z,,15.859,true
1240,podlaskie,kolneński,Stawiski,gmina miejsko-wiejska,2006053,2025,ok_finalnie,pdf,tekst,https://bip.stawiski.pl/download.php?id=8943,direct_without_tor,3085456acb6c06e5020e3087a568e57c21cb4d928289667fbcbcdc9827e74a00,200,2026-09-04T21:59:45Z,,12.106,true
1241,podlaskie,kolneński,Turośl,gmina wiejska,2006062,2018,ok_finalnie,docx,tekst,http://www.turosl.pl/asp/pliki/aktualnosci_2019/raport_o_stanie_gminy_turosl_za_2018_r.___ostateczna_wersja.docx,direct_without_tor,496d8fd096379c96a04a28baff17e15fea6cbc2e7be23a8a66365a5c499571db,200,2026-09-04T22:43:07Z,,0.682,true
1242,podlaskie,kolneński,Turośl,gmina wiejska,2006062,2019,ok_finalnie,docx,tekst,https://turosl.biuletyn.net/fls/bip_pliki/2020_06/BIPF5A72D00A9CE52Z/Raport_o_stanie_Gminy_Turosl_za_2019_r.___z_dnia_18.05.2020_r..docx,direct_without_tor,d70a8332201deab027473501a8df7de24da5e00d021ff2f7b4a97d8c3aa014f6,200,2026-09-04T22:19:11Z,,0.671,true
1243,podlaskie,kolneński,Turośl,gmina wiejska,2006062,2020,ok_finalnie,docx,tekst,https://turosl.biuletyn.net/fls/bip_pliki/2024_05/BIPF619064C885CF3Z/Raport_o_stanie_Gminy_Turosl_za_2020_r.___z_dnia_20.05.2020_r..docx,direct_without_tor,017c7712423b8cff6b65aa45d201434cada53b5eea1948860b3f205ac5bc800b,200,2026-09-04T22:19:14Z,,0.838,true
1244,podlaskie,kolneński,Turośl,gmina wiejska,2006062,2021,ok_finalnie,docx,tekst,https://turosl.biuletyn.net/fls/bip_pliki/2024_05/BIPF619064CBA32E9Z/Raport_o_stanie_Gminy_Turosl_za_2021_r.___z_dnia_20.05.2022r..docx,direct_without_tor,322c938de66b4f8cd9ac4b3fd82001ad59000c440adb7799ac69f310737507fd,200,2026-09-04T22:19:17Z,,1.386,true
1245,podlaskie,kolneński,Turośl,gmina wiejska,2006062,2022,ok_finalnie,pdf,tekst,https://turosl.biuletyn.net/fls/bip_pliki/2024_05/BIPF619064D2A9256Z/Raport_o_stanie_Gminy_Turosl_za_2022_r.___z_dnia_18.05.2023_r..pdf,direct_without_tor,64b2223b2622afe71b96182c4e7f78c01c52835db997d7524f98a5e68ad70323,200,2026-09-04T22:19:21Z,,3.308,true
1246,podlaskie,kolneński,Turośl,gmina wiejska,2006062,2023,ok_finalnie,pdf,tekst,https://turosl.biuletyn.net/fls/bip_pliki/2025_02/BIPF62EE37BEBA917Z/Raport_o_stanie_Gminy_Turosl_za_2023_r.___z_dnia_20.05.2024_r._-_wersja_ostateczna___1.pdf,direct_without_tor,30c226a1a9999ee42f0ed373aba459510a6d247447e7a572cfa4ba35192c0bd4,200,2026-09-04T22:19:24Z,,4.808,true
1247,podlaskie,kolneński,Turośl,gmina wiejska,2006062,2024,ok_finalnie,pdf,tekst,https://turosl.biuletyn.net/fls/bip_pliki/2025_08/BIPF63CDAE1D8CDFZ/Raport_o_stanie_Gminy_Turosl_za_2024_r..pdf,direct_without_tor,49b9c20eac50f16954035b044351e47571fb8d5e091a5768243c448f72f3a9fc,200,2026-09-04T22:19:27Z,,2.562,true
1248,podlaskie,kolneński,Turośl,gmina wiejska,2006062,2025,ok_finalnie,pdf,tekst,https://turosl.biuletyn.net/fls/bip_pliki/2026_06/BIPF653CC2C1B803DZ/Raport_o_stanie_Gminy_Turosl_za_2025_r.___projekt.pdf,direct_without_tor,ba92e2ca4c91f8f8a8f8176573be82a448d28d087cec23c5a5c4a44487338065,200,2026-09-04T22:19:37Z,,2.932,true
1249,podlaskie,m. Białystok,Białystok,gmina miejska (miasto na prawach powiatu),2061011,2018,ok_finalnie,pdf,tekst,https://www.bialystok.pl/resource/16866/Raport+o+stanie+Miasta+w+2018+roku.pdf,direct_without_tor,a483a8e77a9d8fcc8c83204969ac007bdebf9b42ffa8ec28685b0e5955a9f3b6,200,2026-09-04T21:59:25Z,,7.366,true
1250,podlaskie,m. Białystok,Białystok,gmina miejska (miasto na prawach powiatu),2061011,2019,ok_finalnie,pdf,tekst,https://www.bialystok.pl/resource/136/Raport+o+stanie+Miasta+Bia%25C5%2582egostoku+za+2019+rok.pdf,direct_without_tor,4367772c8d83786db0c809b35d7e848c08befc54947e1763d770d0f326b19b78,200,2026-09-04T22:59:15Z,,7.74,true
1251,podlaskie,m. Białystok,Białystok,gmina miejska (miasto na prawach powiatu),2061011,2020,ok_finalnie,pdf,tekst,https://www.bialystok.pl/resource/23827/Raport+o+stanie+Miasta+Bia%25C5%2582egostoku+za+2020+rok.pdf,direct_without_tor,8d090493415583f5b7a96e417b37b897ca7ea40d6b6a25e674d0d88db6d0ad6f,200,2026-09-04T22:59:15Z,,9.512,true
1252,podlaskie,m. Białystok,Białystok,gmina miejska (miasto na prawach powiatu),2061011,2021,ok_finalnie,pdf,tekst,https://www.bialystok.pl/resource/6781/Raport+o+stanie+Miasta+Bia%25C5%2582egostoku+za+2021+rok,direct_without_tor,334706b0ad7e87661abbaaa8a598e2ab79b1b8f0a0840c2803d9e31d9474c91b,200,2026-09-04T22:59:15Z,,12.165,true
1253,podlaskie,m. Białystok,Białystok,gmina miejska (miasto na prawach powiatu),2061011,2022,ok_finalnie,pdf,tekst,https://www.bialystok.pl/resource/136/Raport+o+stanie+Miasta+Bia%25C5%2582egostoku+za+2022+rok,direct_without_tor,a992132bd8988fcc5d7ad4618258bd90c856e8284329613eac538a9fe4240f59,200,2026-09-04T22:59:15Z,,8.956,true
1254,podlaskie,m. Białystok,Białystok,gmina miejska (miasto na prawach powiatu),2061011,2023,ok_finalnie,pdf,tekst,https://www.bialystok.pl/resource/16865/Raport+o+stanie+Miasta+Bia%25C5%2582egostoku+za+2023+rok.pdf,direct_without_tor,1c9f10cfb6e3dec7c150c5f39f47053077c55d42d012454723093bb4679f5f33,200,2026-09-04T22:59:15Z,,12.423,true
1255,podlaskie,m. Białystok,Białystok,gmina miejska (miasto na prawach powiatu),2061011,2024,ok_finalnie,pdf,tekst,https://www.bialystok.pl/resource/16865/Raport+o+stanie+Miasta+Bia%25C5%2582egostoku+za+2024+rok.pdf,direct_without_tor,1e4caeb66678a06e64df897e06b9c64bd65d1da07efde473b9c3801b734288e7,200,2026-09-04T22:59:15Z,,13.602,true
1256,podlaskie,m. Białystok,Białystok,gmina miejska (miasto na prawach powiatu),2061011,2025,ok_finalnie,pdf,tekst,https://www.bialystok.pl/resource/16865/Raport+o+stanie+Miasta+Bia%25C5%2582egostoku+za+2025+rok+%2528skan%2529.pdf,direct_without_tor,79aabcee47cd88f907e3d493cdce2778d5584989e93504ca5b73432c7486e652,200,2026-09-04T22:59:15Z,,14.526,true
1257,podlaskie,m. Suwałki,Suwałki,gmina miejska (miasto na prawach powiatu),2063011,2018,ok_finalnie,pdf,tekst,https://um.suwalki.pl/storage/uzytkownicy/eklejmont@um.suwalki.pl/Raporty%20o%20stanie%20miasta/raport%20o%20stanie%20miasta_2018.pdf,direct_without_tor,9091026bc3ee3d75fd5fd20f643b1fe36666623ccf1f188195592a174b93dbf8,200,2026-09-04T21:59:54Z,,176.128,true
1258,podlaskie,m. Suwałki,Suwałki,gmina miejska (miasto na prawach powiatu),2063011,2019,ok_finalnie,pdf,tekst,https://um.suwalki.pl/storage/uzytkownicy/esienko@um.suwalki.pl/!%20PLIKI%20KALENDARZ%20i%20www/2023%20stycze%C5%84/Raport%20o%20stanie%20miasta%202019.pdf,direct_without_tor,1ae1f2f2b232efd4af3bb31791dfcbb3e0a01ec2079ac7a929aaf986ad1b6018,200,2026-09-04T22:00:15Z,,205.598,true
1259,podlaskie,m. Suwałki,Suwałki,gmina miejska (miasto na prawach powiatu),2063011,2020,ok_finalnie,pdf,tekst,https://um.suwalki.pl/storage/uzytkownicy/esienko@um.suwalki.pl/!%20PLIKI%20KALENDARZ%20i%20www/2023%20czerwiec/raport%20o%20stanie%20miasta_2020.pdf,direct_without_tor,a36789cf076fb1c6b1096e270686a95562c678c8db9a747362234df043619522,200,2026-09-04T22:00:18Z,,4.503,true
1260,podlaskie,m. Suwałki,Suwałki,gmina miejska (miasto na prawach powiatu),2063011,2021,ok_finalnie,pdf,tekst,https://um.suwalki.pl/storage/uzytkownicy/esienko@um.suwalki.pl/RAPORTY%20O%20STANIE%20MIASTA/raport%20o%20stanie%20miasta_2021.pdf,direct_without_tor,ad57d4a33fc860ce43455d9dfd7c2801eb0431b6f7b8cc8a0feaf32855ae1376,200,2026-09-04T22:00:22Z,,9.723,true
1261,podlaskie,m. Suwałki,Suwałki,gmina miejska (miasto na prawach powiatu),2063011,2022,ok_finalnie,pdf,tekst,https://um.suwalki.pl/storage/uzytkownicy/esienko@um.suwalki.pl/RAPORTY%20O%20STANIE%20MIASTA/Raport%20o%20stanie%20miasta%202022_ostateczny.pdf,direct_without_tor,b3035f5079e6d11b78668c17cb1326a397cf5689cf80de64586eac6d298be123,200,2026-09-04T22:00:32Z,,45.84,true
1262,podlaskie,m. Suwałki,Suwałki,gmina miejska (miasto na prawach powiatu),2063011,2023,ok_finalnie,pdf,tekst,https://um.suwalki.pl/storage/uzytkownicy/esienko@um.suwalki.pl/RAPORTY%20O%20STANIE%20MIASTA/Raport%20o%20stanie%20miasta%20za%202023%20rok.pdf,direct_without_tor,c74c207c64e4bd9dc51deaf68286b432bf1c3727a9628c13742afe58299b7e0b,200,2026-09-04T22:00:40Z,,62.474,true
1263,podlaskie,m. Suwałki,Suwałki,gmina miejska (miasto na prawach powiatu),2063011,2024,ok_finalnie,pdf,tekst,https://um.suwalki.pl/storage/uzytkownicy/esienko@um.suwalki.pl/FOLDER%20WYDZIALOWY%20UM/PKP/Raport%20o%20stanie%20miasta%20za%202024%20rok.pdf,direct_without_tor,f782ef2f22dcfeee53746345f202fda7ba68f9288c756494dd978ce82a11d3bd,200,2026-09-04T22:00:47Z,,39.708,true
1264,podlaskie,m. Suwałki,Suwałki,gmina miejska (miasto na prawach powiatu),2063011,2025,ok_finalnie,pdf,tekst,https://um.suwalki.pl/storage/uzytkownicy/esienko@um.suwalki.pl/FOLDER%20WYDZIALOWY%20UM/PKP/raport%20za%202025/raport_o_stanie_miasta_za_2025_rok.pdf,direct_without_tor,0868484d8ae68d1b9d9cb6f1afa7be86d0137558d0874db1260b238483fd2459,200,2026-09-04T22:00:52Z,,25.685,true
1265,podlaskie,m. Łomża,Łomża,gmina miejska (miasto na prawach powiatu),2062011,2018,ok_finalnie,pdf,skan,http://www.lomza.pl/bip/zalaczniki/art/190618132506.pdf,direct_without_tor,44aca984fde06f4f2ec141c9ff88e04730dd755aa4df59dac00069470587b426,200,2026-09-04T22:33:24Z,,20.228,true
1266,podlaskie,m. Łomża,Łomża,gmina miejska (miasto na prawach powiatu),2062011,2019,ok_finalnie,pdf,skan,https://www.lomza.pl/bip/zalaczniki/art/200626103656.pdf,direct_without_tor,33a76812ab375470976f456fe2dca9b1d009eaec1023fd4fcae2ec00b020adf6,200,2026-09-04T22:33:36Z,,31.609,true
1267,podlaskie,m. Łomża,Łomża,gmina miejska (miasto na prawach powiatu),2062011,2020,ok_finalnie,pdf,skan,https://www.lomza.pl/bip/zalaczniki/art/210531150157.pdf,direct_without_tor,21760f44f408aafd69311dc5d52378962a65ce38f6efe2a319da7cd385a37f3e,200,2026-09-04T22:33:54Z,,28.856,true
1268,podlaskie,m. Łomża,Łomża,gmina miejska (miasto na prawach powiatu),2062011,2021,ok_finalnie,pdf,skan,https://www.lomza.pl/bip/zalaczniki/art/220531125326.pdf,direct_without_tor,2f0963fc21a8ad682c77f1d1d8775836e09762bf32c2c175975e5a7064ceec72,200,2026-09-04T22:34:24Z,,82.554,true
1269,podlaskie,m. Łomża,Łomża,gmina miejska (miasto na prawach powiatu),2062011,2022,ok_finalnie,pdf,tekst,https://www.lomza.pl/bip/zalaczniki/art/230612125005.pdf,direct_without_tor,13dbe09ae3d36baf9d913cb69ffb891ee216848e79f087b4998c4a6d4e0460ff,200,2026-09-04T22:34:28Z,,3.999,true
1270,podlaskie,m. Łomża,Łomża,gmina miejska (miasto na prawach powiatu),2062011,2023,ok_finalnie,pdf,tekst,https://lomza-api.bip.net.pl/api/attachments/1606,direct_without_tor,34f35d6e12e20bc4b0e2b03a987d131e510b5501d7f7c7d43805895c5f82b306,200,2026-09-04T22:41:26Z,,3.904,true
1271,podlaskie,m. Łomża,Łomża,gmina miejska (miasto na prawach powiatu),2062011,2024,ok_finalnie,pdf,skan,https://lomza-api.bip.net.pl/api/attachments/4948,tor_pl_ip,f89448e9e5e9fa1d24993cab3a8498250987a7bfc537249cab2e22768377b6ab,200,2026-09-05T00:33:21Z,,90.062,true
1272,podlaskie,m. Łomża,Łomża,gmina miejska (miasto na prawach powiatu),2062011,2025,ok_finalnie,pdf,skan,https://lomza-api.bip.net.pl/api/attachments/7700,direct_without_tor,a48fdc11fe2fd26dd1304e9bef3e251503cb5b466a6884ec1720b1c7264061e4,200,2026-09-04T22:41:57Z,,55.638,true
1273,podlaskie,moniecki,Goniądz,gmina miejsko-wiejska,2008013,2018,ok_finalnie,zip,tekst,https://bip-umgoniadz.podlaskie.eu/resource/115566/Raport+o+stanie+gminy+za+rok+2018.zip,direct_without_tor_ssl_off,4ecdf173b5236fda84998fe716d4e748e0cedaa419ca1454583b83b6876612ce,200,2026-09-04T23:35:22Z,,0.397,true
1274,podlaskie,moniecki,Goniądz,gmina miejsko-wiejska,2008013,2019,ok_finalnie,zip,skan,https://bip-umgoniadz.podlaskie.eu/resource/115832/Raport+o+stanie+gminy+za+2019+rok.zip,direct_without_tor_ssl_off + ocr,2c0dc06d8dc5f7bd803e21920e0ca2aac7e6f87dce44ece81aba2f3cc73fcde0,200,2026-09-04T23:35:43Z,,10.667,true
1275,podlaskie,moniecki,Goniądz,gmina miejsko-wiejska,2008013,2020,ok_finalnie,zip,tekst,https://goniadz.pl/upload/page/1625036792_Raport_o_stanie_gminy_za_2020_rok.zip,direct_without_tor_ssl_off,79397fa77d061ef66570b2203ce0f86cb38265f7337c2a8fd3504699aba12d60,200,2026-09-04T23:34:44Z,,2.389,true
1276,podlaskie,moniecki,Goniądz,gmina miejsko-wiejska,2008013,2021,ok_finalnie,pdf,tekst,https://goniadz.pl/upload/news/1654069747_Raport%20o%20stanie%20Gminy%20Goni%C4%85dz%20za%202021%20rok.pdf,direct_without_tor_ssl_off,b76987f9e59ddad20d5a406bb7b43ccd2b3e0a2e361f290362bb153cb4001971,200,2026-09-04T23:34:46Z,,1.62,true
1277,podlaskie,moniecki,Goniądz,gmina miejsko-wiejska,2008013,2022,ok_finalnie,pdf,tekst,https://goniadz.pl/raport_2022.pdf,direct_without_tor_ssl_off,f8deaab64767257a22cc8539ca17c99f90aec1151e02eaf64f6a908ba9be347c,200,2026-09-04T23:34:49Z,,2.481,true
1278,podlaskie,moniecki,Goniądz,gmina miejsko-wiejska,2008013,2023,ok_finalnie,zip,tekst,https://bip-umgoniadz.podlaskie.eu/resource/116282/Raport+o+stanie+gminy+Goni%25C4%2585dz+za+2023+rok.zip,direct_without_tor_ssl_off,0039a672b1b1e0a7685069a13c8f89af371c7a2a2e91792cf6bd9aed091d1647,200,2026-09-04T23:36:04Z,,1.995,true
1279,podlaskie,moniecki,Goniądz,gmina miejsko-wiejska,2008013,2024,ok_finalnie,pdf,tekst,https://goniadz.pl/upload/page/1746596361_Raport%20o%20stanie%20Gminy%20Goni%C4%85dz%20za%202024.pdf,direct_without_tor_ssl_off,84ac63c7442ea9051093b51dc2709d3f93354e08ab8d77748ff8e840344d79e2,200,2026-09-04T23:34:52Z,,2.406,true
1280,podlaskie,moniecki,Goniądz,gmina miejsko-wiejska,2008013,2025,ok_finalnie,pdf,tekst,https://goniadz.pl/upload/page/1781686978_Raport%20o%20stanie%20Gminy%20Goni%C4%85dz%20za%202025%20rok.pdf,direct_without_tor,1461ee5816e637c2bdea0aa5235d9060deff9407c89f87db3be6390f21243960,200,2026-09-04T22:43:09Z,,2.287,true
1281,podlaskie,moniecki,Jasionówka,gmina wiejska,2008022,2018,brak_finalnie,,,brak,"doglebne sprawdzenie (web search + BIP SmartSite/BIT + uchwaly rady i zaproszenia na sesje + OCR tesseract pol + Wayback CDX + WP REST API + alternatywne domeny) - DOWOD ISTNIENIA RAPORTU, brak opublikowanego pliku",,BRAK_URL (raport udowodniony - plik nieopublikowany),2026-09-01T10:23:57Z,"NEG-plik, DOWOD ISTNIENIA POTWIERDZONY (tura 31.08.2026). BIP bip-ugjasionowka.podlaskie.eu /raport-o-stanie-gminy.html zawiera wylacznie raporty za 2019-2025 (7 plikow, resource/6676, 7491, 6619). NOWE USTALENIE: UCHWALA NR V/37/19 RADY GMINY JASIONOWKA z 26 czerwca 2019 r. 'w sprawie udzielenia wotum zaufania Wojtowi Gminy' (resource/5930/uchwala+-+V-37-19+-+wotum+zaufania.pdf): 'Na podstawie art. 28aa ust. 4 i ust. 9 ustawy ... PO PRZEPROWADZENIU DEBATY NAD RAPORTEM O STANIE GMINY uchwala sie ... Udziela sie Wojtowi Gminy Jasionowka wotum zaufania ZA ROK 2018'. RAPORT ZA 2018 ISTNIAL i byl rozpatrzony przez Rade. Plik nigdy nieopublikowany: przeskanowano zasoby id.5850-6120 (270 id, HEAD+Content-Disposition) - brak pliku raportowego; Wayback bip.ug.jasionowka.wrotapodlasia.pl (138 URL) - tylko zasoby CMS, brak raportu. || POGLEBIONA WERYFIKACJA 2 (31.08.2026): ustalono, ze BIP Jasionowka nie udostepnia API download-file (404) - pliki wylacznie pod /resource/{ID}/{dokladna-nazwa}. Na stronie kategorii wszystkie raporty 2019-2025 wisza pod zaledwie 3 ID (6619, 6676, 7491), co wyklucza skan po ID. Przetestowano 175 kombinacji prawdopodobnych nazw pliku za 2018 (warianty _raport/raport/Raport x za+2018/-dobry/-podp/-signed/-uzup/p-p na ID 5930, 6619, 6620, 6676, 7491) - wszystkie 404. Wayback: brak snapshotu kategorii raportowej. | TURA 7: strona /raport-o-stanie-gminy.html listuje pliki wylacznie za lata 2019-2025 (2019 = resource/6676). Rocznika 2018 brak. | TURA 11: sprawdzono rodzine zrodel prawomiejscowe.pl (Baza Aktow Wlasnych) dla wszystkich 56 jednostek z brakami - platforma zwraca HTTP 200 i IDENTYCZNA strone-szkielet o stalej dlugosci 75 124 B rowniez dla nieistniejacej instytucji (test kontrolny: /UrzadGminyNieIstniejeXyz), a jej listy aktow laduja sie dynamicznie i nie zawieraja frazy ""raport"". Rodzina odrzucona jako nieprzydatna - analogiczna pulapka jak strona marketingowa eSesja (36 759 B). | TURA 12 (nowe rodziny zrodel): sprawdzono i wykluczono: (1) Common Crawl - indeks odpowiada, ale dla domen gmin zwraca wylacznie rekordy HTML bez plikow raportow, a przy intensywniejszym odpytywaniu host przechodzi w stan http=000 (rate-limit); (2) archive.today (.ph/.today/.is/.li) - HTTP 429, platforma blokuje adresacje tego srodowiska; (3) arquivo.pt oraz Memento TimeTravel - brak odpowiedzi/brak zasobow dla domen PL; (4) prawomiejscowe.pl - wykluczone w turze 11 (strona-szkielet 75 124 B dla dowolnej instytucji); (5) brute-force nazw plikow na serwerze idcom (bip-v1-files, 18 000 kombinacji ID wiadomosci x 12 typowych nazw) - 0 trafien, zgodnie z ustalona regula o nieskutecznosci zgadywania nazw; (6) skanowanie stron raportowych pod katem linkow do chmur zewnetrznych (Google Drive, Power BI, OneDrive, Dropbox, SharePoint) - poza Stawiguda zadna gmina nie hostuje raportu poza wlasnym BIP. || [TURA 15 01.09.2026] Wyszukiwarka (31.08/01.09) odsłonila na BIP bip.ug.jasionowka.wrotapodlasia.pl/raport-o-stanie-gminy.html kategorie ""Raport o stanie gminy"" z pozycja ""RAPORT ZA ROK 2018"" (data modyfikacji 2023-05-15) - DOWOD ISTNIENIA raportu 2018 w BIP. Domena wrotapodlasia nie odpowiada (DNS martwy), WaybackPODLASKIE mirror nie listuje pliku, Wayback chwilowo offline - plik nieodzyskany. || [TURA 18 02.09.2026] RE-WERYFIKACJA SmartSite/podlaskie.eu (opcja 2): zywy BIP bip-ugjasionowka.podlaskie.eu - /raport-o-stanie-gminy.html ma pliki 2019,2020,2021,2022,2023,2024,2025; BRAK 2018; potwierdzono: BRAK pliku raportu za ten rocznik na zywym serwerze (2026); status bez zmiany.",,true
1282,podlaskie,moniecki,Jasionówka,gmina wiejska,2008022,2019,ok_finalnie,pdf,tekst,https://bip-ugjasionowka.podlaskie.eu/resource/6676/raport+-+za+2019-dobry.pdf,direct_without_tor,f86174353407fd2bccc53382acd78678ffe65db613dac1e932fe829c10c9f58b,200,2026-09-04T22:28:42Z,,2.191,true
1283,podlaskie,moniecki,Jasionówka,gmina wiejska,2008022,2020,ok_finalnie,pdf,tekst,https://bip-ugjasionowka.podlaskie.eu/resource/7491/_raport+-+za+2020-uzup.pdf,direct_without_tor,fb608331c6cbc1e4cc7fb4ced2362c2ccb2174dff6817d81ebd1d52307cf4124,200,2026-09-04T22:28:46Z,,5.957,true
1284,podlaskie,moniecki,Jasionówka,gmina wiejska,2008022,2021,ok_finalnie,pdf,tekst,https://bip-ugjasionowka.podlaskie.eu/resource/6619/_raport+-+za+2021p-p.pdf,direct_without_tor,e089e4fc760d110ad861b316680a838c24e4840f52bad19bfd6813ea278adfc3,200,2026-09-04T22:28:51Z,,14.172,true
1285,podlaskie,moniecki,Jasionówka,gmina wiejska,2008022,2022,ok_finalnie,pdf,tekst,https://bip-ugjasionowka.podlaskie.eu/resource/6619/_raport+-+za+2022-signed.pdf,direct_without_tor,c59dface0ecd01591e1513b957eae24d51f261487c7a844b5e06def09c068f11,200,2026-09-04T22:28:55Z,,8.291,true
1286,podlaskie,moniecki,Jasionówka,gmina wiejska,2008022,2023,ok_finalnie,pdf,tekst,https://bip-ugjasionowka.podlaskie.eu/resource/6619/_raport+-+za+2023-podp.pdf,direct_without_tor,c2bd9a35d1ff623545c95c8455bd4f54cb5a4d53a55c4af53947bc052ec57ed9,200,2026-09-04T22:30:41Z,,8.872,true
1287,podlaskie,moniecki,Jasionówka,gmina wiejska,2008022,2024,ok_finalnie,pdf,tekst,https://bip-ugjasionowka.podlaskie.eu/resource/6619/_raport+-+za+2024-podp.pdf,tor_pl_ip,811b185fcb3a6ef86ad41d809d2dbb2b265077c436fcce6c18be07023078cb84,200,2026-09-05T00:34:43Z,,139.849,true
1288,podlaskie,moniecki,Jasionówka,gmina wiejska,2008022,2025,ok_finalnie,pdf,tekst,https://bip-ugjasionowka.podlaskie.eu/resource/6619/_raport+-+za+2025-podp.BES.pdf,direct_without_tor,5084caefe7ca576ba06078f12329b6c771a52ca930551f0b832a598346a46ed6,200,2026-09-04T22:30:45Z,,8.668,true
1289,podlaskie,moniecki,Jaświły,gmina wiejska,2008032,2018,ok_finalnie,docx,tekst,https://ugjaswily.podlaskie.eu/resource/483/Raport+o+Stanie+Gminy+2018+%25281%2529.docx,direct_without_tor,fa425dec24dec26702fe3832c1140fd93be117711968fe21426c90c4381af058,200,2026-09-04T22:43:10Z,,0.048,true
1290,podlaskie,moniecki,Jaświły,gmina wiejska,2008032,2019,ok_finalnie,pdf,tekst,https://bip-ugjaswily.podlaskie.eu/rada-gminy/raporty_o_stanie_/2019.html?format=pdf&PageSpeed=noscript,direct_without_tor,5158b39ec673c4169015de387a2d44e09f1e2a758b83aa39c29c5e2fd1002d4b,200,2026-09-05T02:07:21Z,[revalid 2026-09-04] hash_mismatch got=b703f677898fbd2e2cd7c8fd2c185ac49ed83cf82206326106047e41c3be478c want=66eba707d02234a860c5ca8bac7e71e36ae92b23242aa6be26f1aab5ce952afc n=147843 unit=gmina_ok report=True year=2019 | [revalid 2026-09-05] revalidated_hash_updated unit_ok report year=2019 n=147843 old_hash_mismatch,0.141,true
1291,podlaskie,moniecki,Jaświły,gmina wiejska,2008032,2020,ok_finalnie,pdf,tekst,https://bip-ugjaswily.podlaskie.eu/rada-gminy/raporty_o_stanie_/2020/2020.html?format=pdf&PageSpeed=noscript,direct_without_tor,3049e097b46ef15af31080281f0bd625a670bf23b59ea78b3ea51d9e486b5014,200,2026-09-05T02:07:21Z,[revalid 2026-09-04] hash_mismatch got=f17beeb61b5fb936e3d1ea3f897ab48b739704aea20f6ca1485a176cee7fac45 want=d3cce83f6a03b79c54ce0842eeedbc9631c1efddf050cb7d3381e6817addb03c n=141383 unit=gmina_ok report=True year=2020 | [revalid 2026-09-05] revalidated_hash_updated unit_ok report year=2020 n=141383 old_hash_mismatch,0.135,true
1292,podlaskie,moniecki,Jaświły,gmina wiejska,2008032,2021,ok_finalnie,pdf,tekst,https://bip-ugjaswily.podlaskie.eu/rada-gminy/raporty_o_stanie_/raport-o-stanie-gminy-w-roku-2021.html?format=pdf&PageSpeed=noscript,direct_without_tor,aaef02f04232bc2631853a8f24760fbbe543555264e98085346aa5fafe7ebc6c,200,2026-09-05T02:07:21Z,[revalid 2026-09-04] hash_mismatch got=b499079d24c833603cb8b06cb9b33605416ea1847e6fb87c2394a663002fa446 want=f56829adfb1aa4b14a6141346cd51228a812621e9c4a23e5b266ce48740ccf83 n=129218 unit=gmina_ok report=True year=2021 | [revalid 2026-09-05] revalidated_hash_updated unit_ok report year=2021 n=129218 old_hash_mismatch,0.123,true
1293,podlaskie,moniecki,Jaświły,gmina wiejska,2008032,2022,ok_finalnie,pdf,tekst,https://bip-ugjaswily.podlaskie.eu/rada-gminy/raporty_o_stanie_/raport-o-stanie-gminy-w-2022-r.html?format=pdf&PageSpeed=noscript,direct_without_tor,cb274b8eeeb224deeee4c7dbf9f402154601ee74e5ab1602d89532c24bbeb802,200,2026-09-05T02:07:21Z,[revalid 2026-09-04] hash_mismatch got=1a6a5c4f3363554e8c12d4cd780ef5892bf968487d742c83663cca550839d54e want=f7e5815dc937e7ffe218e465649830e1792eb6ae1b2e1b169191cedbb49ddb70 n=140806 unit=gmina_ok report=True year=2022 | [revalid 2026-09-05] revalidated_hash_updated unit_ok report year=2022 n=140806 old_hash_mismatch,0.134,true
1294,podlaskie,moniecki,Jaświły,gmina wiejska,2008032,2023,ok_finalnie,pdf,tekst,https://bip-ugjaswily.podlaskie.eu/rada-gminy/raporty_o_stanie_/raport-o-stanie-gminy-w-2023-r.html?format=pdf&PageSpeed=noscript,direct_without_tor,facb316e86863754ece047cde5debbf5b8a639fbac5b08294aca94ba04294c73,200,2026-09-05T02:07:21Z,[revalid 2026-09-04] hash_mismatch got=27ada3d0d6ff28fd0b63952514ee31e0a8189ca912c6e4c3fdb546b619ef8d9e want=807c67a66eb1f8ca2998dd6337483af949ef0d8681be3c3ab77363558c9ff5d0 n=126161 unit=gmina_ok report=True year=2023 | [revalid 2026-09-05] revalidated_hash_updated unit_ok report year=2023 n=126161 old_hash_mismatch,0.12,true
1295,podlaskie,moniecki,Jaświły,gmina wiejska,2008032,2024,ok_finalnie,pdf,tekst,https://bip-ugjaswily.podlaskie.eu/rada-gminy/raporty_o_stanie_/raport-o-stanie-gminy-za-2024-r.html?format=pdf&PageSpeed=noscript,direct_without_tor,66b878b0b5435d1316b265997b8436492389a3a3abebdbb7d66ea25c32e4a28a,200,2026-09-05T02:07:21Z,[revalid 2026-09-04] hash_mismatch got=6679ebe209aaf573b76e6758eb013f1a78bc6b955673005bc3921dffc65fbdf6 want=a6066406effa74bea27cb82adc3fc7562a55bf85e348244b333c036d7555b802 n=182851 unit=gmina_ok report=True year=2024 | [revalid 2026-09-05] revalidated_hash_updated unit_ok report year=2024 n=182851 old_hash_mismatch,0.174,true
1296,podlaskie,moniecki,Jaświły,gmina wiejska,2008032,2025,ok_finalnie,pdf,tekst,https://bip-ugjaswily.podlaskie.eu/resource/6054/Raport+o+stanie+Gminy+za+2025.pdf,direct_without_tor,1c6b4e3333dcaa9d9eee39e8ca5a4358298997abf92eed1042e46a0b1e5ff1a1,200,2026-09-04T22:19:55Z,,0.155,true
1297,podlaskie,moniecki,Knyszyn,gmina miejsko-wiejska,2008043,2018,ok_finalnie,pdf,skan,https://bip-umknyszyn.podlaskie.eu/resource/117251/Raport+o+Stanie+Gminy+Knyszyn+za+2018+r..pdf,direct_without_tor,6c08f2e4b8540907661a5985aa1b4dc982eb14f5e388ec1d9d96eb3ca1dd8471,200,2026-09-04T22:00:15Z,,1.56,true
1298,podlaskie,moniecki,Knyszyn,gmina miejsko-wiejska,2008043,2019,ok_finalnie,pdf,tekst,https://bip-umknyszyn.podlaskie.eu/resource/117251/Raport+o+stanie+Gminy+Knyszyn+za+2019+r..pdf,direct_without_tor,ac37e8bdf1c39a6d4c30cb292f88c74fedb4a278cc7eeab71f32a41f522d18da,200,2026-09-04T22:00:21Z,,15.846,true
1299,podlaskie,moniecki,Knyszyn,gmina miejsko-wiejska,2008043,2020,ok_finalnie,pdf,skan,https://bip-umknyszyn.podlaskie.eu/resource/117251/Raport+o+stanie+Gminy+Knyszyn+za+2020+rok.pdf,direct_without_tor,f405c6ed0d5228f813da1f7aa30b5c584127bef2d1c5b5c0e2684bd163e3c8cf,200,2026-09-04T22:00:44Z,,2.038,true
1300,podlaskie,moniecki,Knyszyn,gmina miejsko-wiejska,2008043,2021,ok_finalnie,pdf,skan,https://bip-umknyszyn.podlaskie.eu/resource/117251/Raport+o+stania+Gminy+Knyszyn+za+2021+rok.pdf,direct_without_tor,3ff02112c816eef456722f9b8e6abae81e31451afb3abb2749da3b4e9588c40b,200,2026-09-04T22:01:04Z,,1.407,true
1301,podlaskie,moniecki,Knyszyn,gmina miejsko-wiejska,2008043,2022,ok_finalnie,pdf,skan,https://bip-umknyszyn.podlaskie.eu/resource/117251/Raport o Stanie Gminy Knyszyn za 2022 r..pdf/attachment.1,direct_without_tor,7144794f43c9dc388c589e5eb71fc7ff920680bf2e3826f0e66fc49b49f31b5c,200,2026-09-04T22:01:12Z,,2.439,true
1302,podlaskie,moniecki,Knyszyn,gmina miejsko-wiejska,2008043,2023,ok_finalnie,pdf,skan,https://bip-umknyszyn.podlaskie.eu/resource/119711/Raport+o+Stanie+Gminy+Knyszyn+za+2023+r..pdf,direct_without_tor,8b6c1e46792a35709fbecc45e48cc04c26fbcd62ac0ce44f8fdfd380c228d16a,200,2026-09-04T22:01:19Z,,1.917,true
1303,podlaskie,moniecki,Knyszyn,gmina miejsko-wiejska,2008043,2024,ok_finalnie,pdf,skan,https://bip-umknyszyn.podlaskie.eu/resource/117251/Raport+o+Stanie+Gminy+Knyszyn+za+2024+r.pdf,direct_without_tor,7fe277460492d1b6f648a68ffe231443e37b1f7e0f1b4ec44355a0455167ae6c,200,2026-09-04T22:01:26Z,,2.998,true
1304,podlaskie,moniecki,Knyszyn,gmina miejsko-wiejska,2008043,2025,ok_finalnie,pdf,skan,https://bip-umknyszyn.podlaskie.eu/resource/117251/Raport+o+Stanie+Gminy+Knyszyn+za+2025+r.pdf,direct_without_tor,14e004dedd1cb4d638593f31078f1c2daf05dea25dc0c8bf7150c5f48cecfdbc,200,2026-09-04T22:01:33Z,,3.449,true
1305,podlaskie,moniecki,Krypno,gmina wiejska,2008052,2018,ok_finalnie,pdf,skan,https://bip-ugkrypno.podlaskie.eu/resource/116799/raport.pdf,direct_without_tor,e3d266bd2bac9d9ffc6c95c54acbee28ef3d5fc354c6a964ee71b4c06d9cfe04,200,2026-09-04T22:19:57Z,,12.943,true
1306,podlaskie,moniecki,Krypno,gmina wiejska,2008052,2019,ok_finalnie,pdf,tekst,https://bip-ugkrypno.podlaskie.eu/resource/117646/Raport.pdf,direct_without_tor,95c06ab50907b5015d4812c0123826030c4fc135833974e3f88ced0d186d6dba,200,2026-09-04T22:20:00Z,,1.282,true
1307,podlaskie,moniecki,Krypno,gmina wiejska,2008052,2020,ok_finalnie,pdf,skan,https://bip-ugkrypno.podlaskie.eu/resource/118557/raport+o+stanie+gminy+Krypno+.pdf,direct_without_tor,f3313645870db5ed621e2bd21e6699abe7ca90c58fda45dc2120ac7a63a1464b,200,2026-09-04T22:20:23Z,,11.006,true
1308,podlaskie,moniecki,Krypno,gmina wiejska,2008052,2021,ok_finalnie,pdf,skan,https://bip-ugkrypno.podlaskie.eu/resource/119053/20220607074222.pdf,direct_without_tor,c4bae7d85e20171cf16d66deea8ff07a72d8e3d052b5fd838f70177770e59133,200,2026-09-04T22:20:46Z,,1.736,true
1309,podlaskie,moniecki,Krypno,gmina wiejska,2008052,2022,ok_finalnie,pdf,skan,https://bip-ugkrypno.podlaskie.eu/resource/119559/Raport+o+stanie+Gminy+Krypno.pdf,direct_without_tor + ocr,696c564e9676ae0dd168e192e687ac365f44a6b22fef0719afce1880065079ab,200,2026-09-05T00:08:48Z,,1.824,true
1310,podlaskie,moniecki,Krypno,gmina wiejska,2008052,2023,ok_finalnie,pdf,skan,https://bip-ugkrypno.podlaskie.eu/resource/120008/20240529142220.pdf,direct_without_tor,5632dece75bb745b8ad44daf5fde4ba59b083da2ecf03e819eeacd3c97d09158,200,2026-09-04T22:21:08Z,,1.715,true
1311,podlaskie,moniecki,Krypno,gmina wiejska,2008052,2024,ok_finalnie,pdf,skan,https://bip-ugkrypno.podlaskie.eu/resource/120622/raport+o+stanie+gminy.pdf,direct_without_tor,56d9257afe047584aa4dbf40330108910f6bbd5839c8fc38dd9b58a785b7fd67,200,2026-09-04T22:21:25Z,,1.7,true
1312,podlaskie,moniecki,Krypno,gmina wiejska,2008052,2025,ok_finalnie,pdf,skan,https://bip-ugkrypno.podlaskie.eu/resource/121190/raport+o+stanie+gminy+Krypno.pdf,direct_without_tor,c8dbc179f77d15b57c4806c7bfd694a0d5bc5c78103b44d0bfc9ea9c8e7ec1c5,200,2026-09-04T22:21:35Z,,1.743,true
1313,podlaskie,moniecki,Mońki,gmina miejsko-wiejska,2008063,2018,ok_finalnie,pdf,tekst,https://bip-ummonki.podlaskie.eu/resource/117646/Raport+o+stanie+gminy+Mo%C5%84ki.pdf,direct_without_tor,31861354bd7b5f8c3528f00aebb88d6740b548dfa7d14de35a8def5d1c664580,200,2026-09-04T22:06:13Z,,55.619,true
1314,podlaskie,moniecki,Mońki,gmina miejsko-wiejska,2008063,2019,ok_finalnie,pdf,tekst,https://bip-ummonki.podlaskie.eu/resource/118867/RAPORT+2019.pdf,direct_without_tor,fc212dff90a82826ddf0ae72af83761c05dc7f3445c575e21b078880c9ec7698,200,2026-09-04T22:06:17Z,,3.085,true
1315,podlaskie,moniecki,Mońki,gmina miejsko-wiejska,2008063,2020,ok_finalnie,pdf,tekst,https://bip-ummonki.podlaskie.eu/resource/120114/RAPORT+2020.pdf,direct_without_tor,cd83f640fdf016509a11ca6d58a910a7091cb1d7db71e2efc5a0d14ee8cbdc9a,200,2026-09-04T22:06:21Z,,4.092,true
1316,podlaskie,moniecki,Mońki,gmina miejsko-wiejska,2008063,2021,ok_finalnie,pdf,tekst,https://bip-ummonki.podlaskie.eu/resource/120838/RAPORT+O+STANIE+GMINY++MO%25C5%2583KI+ZA+2021+r..pdf,direct_without_tor,585148b34647dffe44242c4babb80e8f428d4f7dbf4450f03fef65759d9e7db0,200,2026-09-04T22:06:25Z,,7.371,true
1317,podlaskie,moniecki,Mońki,gmina miejsko-wiejska,2008063,2022,ok_finalnie,pdf,tekst,https://bip-ummonki.podlaskie.eu/resource/121304/Raport+wersja+ostateczna.pdf,direct_without_tor,f1e8ba4cad4ddfd050f6a2fc68c77dcebaac823689122df50dbb5f06beee3bf4,200,2026-09-04T22:06:30Z,,9.983,true
1318,podlaskie,moniecki,Mońki,gmina miejsko-wiejska,2008063,2023,ok_finalnie,pdf,tekst,https://bip-ummonki.podlaskie.eu/resource/121740/RAPORT+O+STANIE+GMINY+MO%25C5%2583KI+ZA+ROK+2023.pdf,direct_without_tor,24b837966b61909cb06ec1c83c5782cb80d8d9b0fb95bb5c8e5e2da43b1a1c66,200,2026-09-04T22:09:16Z,,12.918,true
1319,podlaskie,moniecki,Mońki,gmina miejsko-wiejska,2008063,2024,ok_finalnie,pdf,tekst,https://bip-ummonki.podlaskie.eu/resource/122148/RAPORT+O+STANIE+GMINY+MO%25C5%2583KI+za+2024+r+-+ostateczny+2.pdf,direct_without_tor,386810d60118b9059abc44826bf3aec8b0830fb18ee24717bed2fffbb0306638,200,2026-09-04T22:09:21Z,,10.691,true
1320,podlaskie,moniecki,Mońki,gmina miejsko-wiejska,2008063,2025,ok_finalnie,pdf,tekst,https://bip-ummonki.podlaskie.eu/resource/122445/RAPORT+O+STANIE+GMINY+MO%25C5%2583KI+za+2025+r..pdf,direct_without_tor,dad2551dfc498663f46b38dc64bc1098445fe427c399c89d384365b458cb1d88,200,2026-09-04T22:09:27Z,,13.447,true
1321,podlaskie,moniecki,Trzcianne,gmina wiejska,2008072,2018,brak_finalnie,,,brak,"doglebne sprawdzenie (web search + BIP SmartSite/BIT + uchwaly rady i zaproszenia na sesje + OCR tesseract pol + Wayback CDX + WP REST API + alternatywne domeny) - DOWOD ISTNIENIA RAPORTU, brak opublikowanego pliku",,sprawdzono pogłębnie 2026-09-05,2026-09-01T10:23:57Z,"NEG-plik, DOWOD ISTNIENIA POTWIERDZONY. Pogłębienie 2026-09-05: kategoria SmartSite 'raport-o-stanie-gminy-trzcianne' (pgid.1149844) utworzona 2023-11-14, 9 wersji (vid 1151229-1151977) - zadna starsza, zadnych zalacznikow 2018-2022; sitemap (933 URL) nie zawiera stron raportowych za 2018-2022; strona promocyjna trzcianne.pl (WP): wyszukiwarka (raport/debata) zwraca wylacznie 2 strony informacyjne o debacie (bez plikow), 'do-pobrania' bez raportow.",,true
1322,podlaskie,moniecki,Trzcianne,gmina wiejska,2008072,2019,brak_finalnie,,,brak,"doglebne sprawdzenie (web search + BIP SmartSite/BIT + uchwaly rady i zaproszenia na sesje + OCR tesseract pol + Wayback CDX + WP REST API + alternatywne domeny) - DOWOD ISTNIENIA RAPORTU, brak opublikowanego pliku",,sprawdzono pogłębnie 2026-09-05,2026-09-01T10:23:57Z,"NEG-plik, DOWOD ISTNIENIA POTWIERDZONY. Pogłębienie 2026-09-05: j.w. (wiersz 1321) - kategoria raportowa BIP SmartSite utworzona 2023-11-14 i zawiera wylacznie roczniki 2023/2024 (plus 2025 na stronie); trzcianne.pl bez plikow raportow 2018-2022.",,true
1323,podlaskie,moniecki,Trzcianne,gmina wiejska,2008072,2020,brak_finalnie,,,brak,"doglebne sprawdzenie (web search + BIP SmartSite/BIT + uchwaly rady i zaproszenia na sesje + OCR tesseract pol + Wayback CDX + WP REST API + alternatywne domeny) - DOWOD ISTNIENIA RAPORTU, brak opublikowanego pliku",,sprawdzono pogłębnie 2026-09-05,2026-09-01T10:23:57Z,"NEG-plik, DOWOD ISTNIENIA POTWIERDZONY. Pogłębienie 2026-09-05: j.w. (wiersz 1321).",,true
1324,podlaskie,moniecki,Trzcianne,gmina wiejska,2008072,2021,brak_finalnie,,,brak,"doglebne sprawdzenie (web search + BIP SmartSite/BIT + uchwaly rady i zaproszenia na sesje + OCR tesseract pol + Wayback CDX + WP REST API + alternatywne domeny) - DOWOD ISTNIENIA RAPORTU, brak opublikowanego pliku",,sprawdzono pogłębnie 2026-09-05,2026-09-01T10:23:57Z,"NEG-plik, DOWOD ISTNIENIA POTWIERDZONY. Pogłębienie 2026-09-05: j.w. (wiersz 1321).",,true
1325,podlaskie,moniecki,Trzcianne,gmina wiejska,2008072,2022,brak_finalnie,,,brak,"doglebne sprawdzenie (web search + BIP SmartSite/BIT + uchwaly rady i zaproszenia na sesje + OCR tesseract pol + Wayback CDX + WP REST API + alternatywne domeny) - DOWOD ISTNIENIA RAPORTU, brak opublikowanego pliku",,sprawdzono pogłębnie 2026-09-05,2026-09-01T10:23:57Z,"NEG-plik, DOWOD ISTNIENIA POTWIERDZONY. Pogłębienie 2026-09-05: j.w. (wiersz 1321).",,true
1326,podlaskie,moniecki,Trzcianne,gmina wiejska,2008072,2023,ok_finalnie,pdf,tekst,https://bip-ugtrzcianne.podlaskie.eu/resource/116387/Gmina+Trzcianne+RAPORT+2024.pdf,direct_without_tor,b7c8e1f3c2aea040ad6adc960935c0f82956bc229daa7707e26eae8c84dcb8e5,200,2026-09-04T22:39:51Z,,2.914,true
1327,podlaskie,moniecki,Trzcianne,gmina wiejska,2008072,2024,ok_finalnie,pdf,tekst,https://bip-ugtrzcianne.podlaskie.eu/resource/116567/Gmina+Trzcianne+RAPORT+.pdf,direct_without_tor,2c364ea9ac9549d7fda5b7098f2c9a56c1f4e8b1132b8ddaa7d534f80f4c010e,200,2026-09-04T22:39:56Z,,8.784,true
1328,podlaskie,moniecki,Trzcianne,gmina wiejska,2008072,2025,ok_finalnie,pdf,tekst,https://bip-ugtrzcianne.podlaskie.eu/resource/116777/Rapory+o+stanie+Gminy+Trzcianne+za+2025+r..pdf,direct_without_tor,66cbcc06bccf409e552dc6a4b772324d3a6cb61df409ab6045b3d4ecf4c13d2a,200,2026-09-04T22:40:00Z,,5.16,true
1329,podlaskie,siemiatycki,Drohiczyn,gmina miejsko-wiejska,2010023,2018,ok_finalnie,pdf,tekst,https://bip-umdrohiczyn.podlaskie.eu/resource/117996/Raport+o+stanie+Gminy+Drohiczyn+za+2018+rok.pdf,direct_without_tor,9ea629dbca801296cb22282f93c94a5b291876b6e41a033563a56b08d36700e6,200,2026-09-04T22:00:53Z,,2.062,true
1330,podlaskie,siemiatycki,Drohiczyn,gmina miejsko-wiejska,2010023,2019,ok_finalnie,pdf,tekst,https://bip-umdrohiczyn.podlaskie.eu/resource/119175/Raport+o+stanie+Gminy+za+2019+pdf..pdf,direct_without_tor,aa5e69728e1b74f3db8d3883d4a397db9b90c42e113d54edb3e932d29ed363cf,200,2026-09-04T22:00:56Z,,1.942,true
1331,podlaskie,siemiatycki,Drohiczyn,gmina miejsko-wiejska,2010023,2020,ok_finalnie,pdf,tekst,https://bip-umdrohiczyn.podlaskie.eu/resource/120322/Raport+o+stanie+Gminy+za+2020.pdf,direct_without_tor,2ad6c38179efd69bdbf0862ee4aa35a913b0e85936e1a62a92714c5c5aa664a2,200,2026-09-04T22:00:59Z,,1.481,true
1332,podlaskie,siemiatycki,Drohiczyn,gmina miejsko-wiejska,2010023,2021,ok_finalnie,pdf,tekst,https://bip-umdrohiczyn.podlaskie.eu/resource/121078/Raport+o+stanie+Gminy+za+2021.pdf,direct_without_tor,e30766d296fc8667a9eb406011b39c0c5be56ede37191bbeb6f49b22d2447c55,200,2026-09-04T22:01:02Z,,1.473,true
1333,podlaskie,siemiatycki,Drohiczyn,gmina miejsko-wiejska,2010023,2022,ok_finalnie,pdf,tekst,https://bip-umdrohiczyn.podlaskie.eu/resource/121592/Raport+o+stanie+Gminy+za+2022.pdf,direct_without_tor,ec06d1f3eaf9fc268fec30fb7816ac1d30d8f790fbdf0a18037031c9f0fd8b6f,200,2026-09-04T22:01:05Z,,0.681,true
1334,podlaskie,siemiatycki,Drohiczyn,gmina miejsko-wiejska,2010023,2023,ok_finalnie,pdf,tekst,https://bip-umdrohiczyn.podlaskie.eu/resource/122140/Raport+o+stanie+Gminy+za+2023.pdf,direct_without_tor,e2d87b8268bcd507455272022473f5335f816259cb681195f9b878446c1001b5,200,2026-09-04T22:01:08Z,,0.822,true
1335,podlaskie,siemiatycki,Drohiczyn,gmina miejsko-wiejska,2010023,2024,ok_finalnie,pdf,tekst,https://bip-umdrohiczyn.podlaskie.eu/resource/122525/Raport+o+stanie+Gminy+za+2024.pdf,direct_without_tor,59c4361406305eca073df09b93f6155fa54d6173af4148626ba08bd8b7391300,200,2026-09-04T22:01:11Z,,1.062,true
1336,podlaskie,siemiatycki,Drohiczyn,gmina miejsko-wiejska,2010023,2025,ok_finalnie,pdf,tekst,https://bip-umdrohiczyn.podlaskie.eu/resource/122924/Raport+o+stanie+Gminy+za+2025.pdf,direct_without_tor,bf2ff33deabc2b404bf0e4688365b15872dc7aec93c7a3c603394d5dc6da0f60,200,2026-09-04T22:02:35Z,,6.244,true
1337,podlaskie,siemiatycki,Dziadkowice,gmina wiejska,2010032,2018,ok_finalnie,pdf,skan,https://bip-ugdziadkowice.podlaskie.eu/resource/file/download-file/id.4842/attachment.1,direct_without_tor,789dc6a05707bd11dc7912c2bc9511934abccc714db952d6d43810a8c8fb18fb,200,2026-09-04T22:20:09Z,,17.616,true
1338,podlaskie,siemiatycki,Dziadkowice,gmina wiejska,2010032,2019,ok_finalnie,pdf,skan,https://bip-ugdziadkowice.podlaskie.eu/resource/file/download-file/id.5296/attachment.1,direct_without_tor,99a5e606f31763acfdbed6edbd5167eeeca6c098660d730c019850fac512968f,200,2026-09-04T22:21:41Z,,18.399,true
1339,podlaskie,siemiatycki,Dziadkowice,gmina wiejska,2010032,2020,ok_finalnie,pdf,skan,https://bip-ugdziadkowice.podlaskie.eu/resource/115100/Raport o stanie gminy za 2020.pdf/attachment.1,direct_without_tor,f3c3054bf81d4d29c9ae97c6ab06eb5b58ac5caacdaccc081a77298facd7488f,200,2026-09-04T22:22:05Z,,17.965,true
1340,podlaskie,siemiatycki,Dziadkowice,gmina wiejska,2010032,2021,ok_finalnie,pdf,skan,https://bip-ugdziadkowice.podlaskie.eu/resource/115388/zarządzenie 295.22.pdf/attachment.1,direct_without_tor | recheck_ssl_off,2e3617a30f74fafb26dfb807152a1ba8dfe94c2d5a9d22ffd28333c158bba7e3,200,2026-09-02T10:43:59Z,,22.11,true
1341,podlaskie,siemiatycki,Dziadkowice,gmina wiejska,2010032,2022,ok_finalnie,pdf,skan,https://bip-ugdziadkowice.podlaskie.eu/resource/115251/raport o stanie gminy za 2022 rok.pdf/attachment.1,direct_without_tor,531685e63cd7f57bf3e4077ff71fc5e41b2c4f983c95d54aee82bba933547dbb,200,2026-09-04T22:24:15Z,,9.297,true
1342,podlaskie,siemiatycki,Dziadkowice,gmina wiejska,2010032,2023,ok_finalnie,pdf,skan,https://bip-ugdziadkowice.podlaskie.eu/resource/115508/zarządzenie Nr 2.24.pdf/attachment.1,direct_without_tor,bbd0a279648fd626eef78db76a14c4b7868f18021a65bb0f31998974d6a0cc28,200,2026-09-04T22:24:37Z,,8.468,true
1343,podlaskie,siemiatycki,Dziadkowice,gmina wiejska,2010032,2024,ok_finalnie,pdf,skan,https://bip-ugdziadkowice.podlaskie.eu/resource/115543/Zarz%C4%85dzenie+Nr+76.25+raport+o+stanie+gminy.pdf/attachment.1,direct_without_tor (BIP bip-ugdziadkowice.podlaskie.eu → Urząd → Zarządzenia Wójta 2024-2029 → 'Zarządzenie Nr 76/25 raport o stanie gminy.pdf'; strona /raport-o-stanie-gminy.html linkuje błędnie — pozycja tytułowana 'za rok 2024' wskazuje na raport za 2023; właściwy plik za 2024 w sekcji zarządzeń),aaf28ecde1ae961938e5fb21d9f280203dc295924caaa02ef1c2a62778f2bc4c,200 (plik 38 str. = zarządzenie Nr 76/25 Wójta z 19.05.2025 + załącznik RAPORT O STANIE GMINY DZIADKOWICE za 2024 r.; skan bez warstwy tekstowej — weryfikacja OCR s.1-4; tekstowej wersji alternatywnej brak na BIP),2026-09-05T11:20:00Z,"[revalid 2026-09-04] year_mismatch title=2023 row=2024 (mylący link) | [revalid 2026-09-05] brak osobnego pliku za 2024 na stronie raportów | FLIP 2026-09-05: raport za 2024 ZLOKALIZOWANY jako załącznik do zarządzenia Nr 76/25 z 19.05.2025 (resource/115543); OCR s.1: 'ZARZĄDZENIE NR 76/25 ... Przyjmuje się Raport o stanie Gminy Dziadkowice za 2024 r.'; s.3: 'RAPORT O STANIE GMINY DZIADKOWICE za 2024 r.', dane wg stanu na 31.12.2024 (2647 mieszkańców); 38 str.; skan wymaga OCR do ekstrakcji tekstu",9.402,true
1344,podlaskie,siemiatycki,Dziadkowice,gmina wiejska,2010032,2025,ok_finalnie,pdf,skan,https://bip-ugdziadkowice.podlaskie.eu/resource/115251/raport o stanie gminy za 2025 rok.pdf/attachment.1,direct_without_tor,5d5274b457ca856b985aaad845f39f182dd0a2670e1f4d8199d55f11eb1f84b5,200,2026-09-04T22:25:26Z,,8.105,true
1345,podlaskie,siemiatycki,Grodzisk,gmina wiejska,2010042,2018,ok_finalnie,pdf,tekst,https://bip-uggrodzisk.podlaskie.eu/resource/2799/Raport+o+stanie+Gminy+Grodzisk+za+2018+r..pdf,direct_without_tor,8ffa5b0e26805b2f8787b2097ec1619a1345a55d719f26042d72d6e7f3850169,200,2026-09-04T22:19:59Z,,9.166,true
1346,podlaskie,siemiatycki,Grodzisk,gmina wiejska,2010042,2019,ok_finalnie,pdf,tekst,https://bip-uggrodzisk.podlaskie.eu/resource/3660/RAPORT+za+2019+r..pdf,direct_without_tor,05c3b026bbaa1281724f8df999f2d483d4c54c4134309306d84cb545e1dee04f,200,2026-09-04T22:22:05Z,,9.668,true
1347,podlaskie,siemiatycki,Grodzisk,gmina wiejska,2010042,2020,ok_finalnie,pdf,tekst,https://bip-uggrodzisk.podlaskie.eu/resource/205/RAPORT+za+2020+r..pdf,direct_without_tor,aa91cee8d3c21f56c813934d077d114f19ede893493b0a29a9d5155616f32ecd,200,2026-09-04T22:22:09Z,,9.147,true
1348,podlaskie,siemiatycki,Grodzisk,gmina wiejska,2010042,2021,ok_finalnie,pdf,tekst,https://bip-uggrodzisk.podlaskie.eu/resource/4678/Raport+o+stanie+Gminy+Grodzisk+2021r..pdf,direct_without_tor_ssl_off,4a1698eeb03f48710b6eb27e74b43b4a6e0ad8d2a909008174e911872a81414e,200,2026-09-04T23:46:34Z,,13.542,true
1349,podlaskie,siemiatycki,Grodzisk,gmina wiejska,2010042,2022,ok_finalnie,pdf,tekst,https://bip-uggrodzisk.podlaskie.eu/resource/4928/RAPORT+za+2022+r.pdf,direct_without_tor,ef377f5ebc3cff9458d7f9f39352c0dc3721a4049984734ae16d6314efccbd3f,200,2026-09-04T22:22:15Z,,15.011,true
1350,podlaskie,siemiatycki,Grodzisk,gmina wiejska,2010042,2023,ok_finalnie,pdf,tekst,https://bip-uggrodzisk.podlaskie.eu/resource/5162/Raport+2023+r.pdf,direct_without_tor,c082b84e7383249b4aafb66008ab27e5ac48f2b998a8c005ff47fdaadc001b23,200,2026-09-04T22:22:20Z,,9.895,true
1351,podlaskie,siemiatycki,Grodzisk,gmina wiejska,2010042,2024,ok_finalnie,pdf,tekst,https://bip-uggrodzisk.podlaskie.eu/resource/5378/raport.pdf,direct_without_tor,5b06820b6f7933284f2a18fa5521daf832c35b4817b5122b0c5de319d4be950b,200,2026-09-04T22:22:23Z,,2.588,true
1352,podlaskie,siemiatycki,Grodzisk,gmina wiejska,2010042,2025,ok_finalnie,pdf,tekst,https://bip-uggrodzisk.podlaskie.eu/resource/5590/RAPORT+za+2025+r..pdf,direct_without_tor,d1520d6ba3f3ed2186ef910da0e0934fcee7095dc59804fd3e1dfb36e2de59b9,200,2026-09-04T22:22:27Z,,8.102,true
1353,podlaskie,siemiatycki,Mielnik,gmina wiejska,2010052,2018,ok_finalnie,pdf,tekst,https://bip-ugmielnik.podlaskie.eu/resource/117017/Raport+o+stanie+Gminy+Mielnik+za+rok+2018.pdf,direct_without_tor,83d404d8269cd2d9c58692f49068271a0c21963f4f2d6c5e415f2c2a958f665f,200,2026-09-04T22:00:54Z,,0.86,true
1354,podlaskie,siemiatycki,Mielnik,gmina wiejska,2010052,2019,ok_finalnie,pdf,tekst,https://bip-ugmielnik.podlaskie.eu/resource/117017/Raport_o_stanie_Gminy_Mielnik_za_rok_2019.pdf,direct_without_tor,fc2104fac57c43e6713f2ff839b440f22819215fc8467bc591066c608c2a7dc9,200,2026-09-04T22:00:57Z,,0.885,true
1355,podlaskie,siemiatycki,Mielnik,gmina wiejska,2010052,2020,ok_finalnie,pdf,tekst,https://bip-ugmielnik.podlaskie.eu/resource/117017/Raport_o_stanie_Gminy_Mielnik_za_rok_2020.pdf,direct_without_tor,1314dafeea04f668cf7eca7d5660eae835ae9d41d0019f9cf1a31a10dc5cef25,200,2026-09-04T22:01:00Z,,0.737,true
1356,podlaskie,siemiatycki,Mielnik,gmina wiejska,2010052,2021,ok_finalnie,pdf,tekst,https://bip-ugmielnik.podlaskie.eu/resource/117017/raport_o_stanie_gminy_mielnik_za_rok_2021.pdf,direct_without_tor,6ba743a600f9232699b23a9933ab78aca6f89e9742f2294d190754dd30ccc5e1,200,2026-09-04T22:01:03Z,,1.952,true
1357,podlaskie,siemiatycki,Mielnik,gmina wiejska,2010052,2022,ok_finalnie,pdf,tekst,https://bip-ugmielnik.podlaskie.eu/resource/117017/raport_o_stanie_gminy_mielnik_za_rok_2022.pdf,direct_without_tor,08baa95b5a9de41a69f5fee039afed93b019166ebccc4a53899a01be6a5781b6,200,2026-09-04T22:01:07Z,,2.204,true
1358,podlaskie,siemiatycki,Mielnik,gmina wiejska,2010052,2023,ok_finalnie,pdf,tekst,https://bip-ugmielnik.podlaskie.eu/resource/117017/raport-o-stanie-gminy-mielnik-za-rok-2023.pdf,direct_without_tor,d57f80f9b002f1b74b8332d48f16867ef3feb9062c3e13d024d3d26355171ed9,200,2026-09-04T22:01:09Z,,1.407,true
1359,podlaskie,siemiatycki,Mielnik,gmina wiejska,2010052,2024,ok_finalnie,pdf,tekst,https://bip-ugmielnik.podlaskie.eu/resource/117017/raport-o-stanie-gminy-mielnik-za-rok-2024.pdf,direct_without_tor,b8536d5d59786a556eb5dac17a00b10ac21860440676bf451172ed5adce8813c,200,2026-09-04T22:01:12Z,,1.262,true
1360,podlaskie,siemiatycki,Mielnik,gmina wiejska,2010052,2025,ok_finalnie,pdf,tekst,https://bip-ugmielnik.podlaskie.eu/resource/117017/raport-o-stanie-gminy-mielnik-za-rok-2025.pdf,direct_without_tor,010937b73e780712ac109175a589dd14981e6d0e020e253c2fa9805ed82a3b65,200,2026-09-04T22:01:15Z,,1.447,true
1361,podlaskie,siemiatycki,Milejczyce,gmina wiejska,2010062,2018,ok_finalnie,pdf,tekst,https://bip-ugmilejczyce.podlaskie.eu/resource/file/download-file/id.3828/attachment.1,direct_without_tor,ff80a9cc078d998cc65127538a7a50eecc7d1109e3329052fa46de6cd7dd7e71,200,2026-09-04T22:21:38Z,,2.738,true
1362,podlaskie,siemiatycki,Milejczyce,gmina wiejska,2010062,2019,ok_finalnie,pdf,tekst,https://bip-ugmilejczyce.podlaskie.eu/resource/file/download-file/id.4135/attachment.1,direct_without_tor,f4af6ce26ce236ad2341e069fcd2e02a8d01c6eba9c7097e9e7a54b2cbcee493,200,2026-09-04T22:21:41Z,,0.836,true
1363,podlaskie,siemiatycki,Milejczyce,gmina wiejska,2010062,2020,ok_finalnie,pdf,tekst,https://bip-ugmilejczyce.podlaskie.eu/resource/file/download-file/id.4419/attachment.1,direct_without_tor,3a09a04b8dd78d83fef896ae333495caa1042311e714411338d0d101b90934a2,200,2026-09-04T22:21:44Z,,1.31,true
1364,podlaskie,siemiatycki,Milejczyce,gmina wiejska,2010062,2021,ok_finalnie,pdf,tekst,https://bip-ugmilejczyce.podlaskie.eu/resource/115402/Raport%20o%20stanie%20Gminy%20Milejczyce%20za%20rok%202021.pdf/attachment.1,direct_without_tor,8ea4d75cdf1a5bbf002c73f76bd864148c4f9ae680743604f43bb98203161ad1,200,2026-09-04T22:21:47Z,,1.69,true
1365,podlaskie,siemiatycki,Milejczyce,gmina wiejska,2010062,2022,ok_finalnie,pdf,tekst,https://bip-ugmilejczyce.podlaskie.eu/resource/115510/Raport%20o%20stanie%20Gminy%20Milejczyce%20za%20rok%202022.pdf/attachment.1,direct_without_tor,aeddb82d4bfdae2a59b049205fb1809aad90bdbc9249186a0c508e3628992229,200,2026-09-04T22:21:51Z,,4.232,true
1366,podlaskie,siemiatycki,Milejczyce,gmina wiejska,2010062,2023,ok_finalnie,pdf,tekst,https://bip-ugmilejczyce.podlaskie.eu/resource/115621/raport%20o%20stanie%20gminy%20za%202023%20r.%20pdf.pdf/attachment.1,direct_without_tor_ssl_off,13f64ce188f0b92b8890fce8d47c280b689435a6fe53a1d47129d744238dd0ef,200,2026-09-04T23:47:54Z,,21.78,true
1367,podlaskie,siemiatycki,Milejczyce,gmina wiejska,2010062,2024,ok_finalnie,pdf,tekst,https://bip-ugmilejczyce.podlaskie.eu/resource/115729/Raport%20o%20stanie%20Gminy%20Milejczyce%20za%20rok%202024.pdf/attachment.1,direct_without_tor,5c19332410f1b831e5811a259bee75a457e8a13348e44d5b385a93f0ac0e79c8,200,2026-09-04T22:25:13Z,,16.434,true
1368,podlaskie,siemiatycki,Milejczyce,gmina wiejska,2010062,2025,ok_finalnie,pdf,tekst,https://bip-ugmilejczyce.podlaskie.eu/resource/115851/Raport o stanie Gminy Milejczyce za rok 2025.pdf/attachment.1,direct_without_tor,87f1d76dbbc3b3bc9f3713e891b39fc1b6369a7226672ae77ae0b70eed95850a,200,2026-09-04T22:25:17Z,,3.299,true
1369,podlaskie,siemiatycki,Nurzec-Stacja,gmina wiejska,2010072,2018,brak_finalnie,,,brak,"doglebne sprawdzenie (web search + BIP SmartSite/BIT + uchwaly rady i zaproszenia na sesje + OCR tesseract pol + Wayback CDX + WP REST API + alternatywne domeny) - DOWOD ISTNIENIA RAPORTU, brak opublikowanego pliku",,BRAK_URL (raport udowodniony - plik nieopublikowany),2026-09-01T10:23:57Z,"NEG-plik, DOWOD ISTNIENIA POTWIERDZONY (tura 31.08.2026). BIP bip-ugnurzec.podlaskie.eu /raport_o_stanie_gminy/ ma raporty 2019-2025. NOWE USTALENIE (obala wczesniejsza teze 'nie powstal'): UCHWALA NR VI/39/2019 RADY GMINY NURZEC-STACJA z 27 czerwca 2019 r. 'w sprawie ROZPATRZENIA I PRZYJECIA RAPORTU O STANIE GMINY ZA 2018 R. oraz udzielania wotum zaufania Wojtowi Gminy' (resource/file/download-file/id.4677, filename vi_39_2019.pdf, warstwa tekstowa): 'Po rozpatrzeniu raportu o stanie gminy za 2018 r., PRZYJMUJE SIE PRZEDLOZONY RAPORT i udziela sie wotum zaufania Wojtowi Gminy'. Metadane PDF: Rada Gminy Nurzec-Stacja, Legislator v.2.3.0.0, 28.06.2019. RAPORT ZA 2018 ISTNIAL - sam plik raportu nieopublikowany (kategoria raportowa startuje od 2019; Wayback starej domeny @20200927125358 zawiera tylko raport za 2019, id.5123). || POGLEBIONA WERYFIKACJA 2 (31.08.2026): pelny skan przestrzeni zasobow ID 1-12500 przez download-file z odczytem Content-Disposition - 9792 nazwy plikow. Komplet raportow 28aa w BIP to id.5122/5123 (za 2019), 5994 (2020), 7289/7290 (2021), 7960 (2022), 8850 (2023), 10118 (2024), 10905/10910 (2025). ZERO plikow za 2018. Potwierdzono tez snapshotem Wayback kategorii @20200927125358, gdzie jedyna pozycja to 'Raport o stanie Gminy Nurzec-Stacja za 2019 rok' (id.5123). | TURA 7: strona zbiorcza /raport_o_stanie_gminy/raport-o-stanie-gminy-str-gl.html listuje komplet raportow od 2019 do 2025 (id.5123 za 2019 ... resource/116365 za 2025). Rocznika 2018 brak w wykazie. | TURA 11: sprawdzono rodzine zrodel prawomiejscowe.pl (Baza Aktow Wlasnych) dla wszystkich 56 jednostek z brakami - platforma zwraca HTTP 200 i IDENTYCZNA strone-szkielet o stalej dlugosci 75 124 B rowniez dla nieistniejacej instytucji (test kontrolny: /UrzadGminyNieIstniejeXyz), a jej listy aktow laduja sie dynamicznie i nie zawieraja frazy ""raport"". Rodzina odrzucona jako nieprzydatna - analogiczna pulapka jak strona marketingowa eSesja (36 759 B). | TURA 12 (nowe rodziny zrodel): sprawdzono i wykluczono: (1) Common Crawl - indeks odpowiada, ale dla domen gmin zwraca wylacznie rekordy HTML bez plikow raportow, a przy intensywniejszym odpytywaniu host przechodzi w stan http=000 (rate-limit); (2) archive.today (.ph/.today/.is/.li) - HTTP 429, platforma blokuje adresacje tego srodowiska; (3) arquivo.pt oraz Memento TimeTravel - brak odpowiedzi/brak zasobow dla domen PL; (4) prawomiejscowe.pl - wykluczone w turze 11 (strona-szkielet 75 124 B dla dowolnej instytucji); (5) brute-force nazw plikow na serwerze idcom (bip-v1-files, 18 000 kombinacji ID wiadomosci x 12 typowych nazw) - 0 trafien, zgodnie z ustalona regula o nieskutecznosci zgadywania nazw; (6) skanowanie stron raportowych pod katem linkow do chmur zewnetrznych (Google Drive, Power BI, OneDrive, Dropbox, SharePoint) - poza Stawiguda zadna gmina nie hostuje raportu poza wlasnym BIP. || [TURA 18 02.09.2026] RE-WERYFIKACJA SmartSite/podlaskie.eu (opcja 2): zywy BIP bip-ugnurzec.podlaskie.eu - /raport_o_stanie_gminy/ ma 2019,2020,2021,2022,2023,2024,2025; BRAK 2018; potwierdzono: BRAK pliku raportu za ten rocznik na zywym serwerze (2026); status bez zmiany.",,true
1370,podlaskie,siemiatycki,Nurzec-Stacja,gmina wiejska,2010072,2019,ok_finalnie,pdf,tekst,https://bip-ugnurzec.podlaskie.eu/resource/116366/RAPORT+O+STANIE+GMINY+NURZEC-STACJA+w+2019+roku.docx.pdf,direct_without_tor,2bd1dfbad02d11d287126511b7ef4a0b421c2c2045f85328f2452249725acba8,200,2026-09-04T22:22:30Z,,0.953,true
1371,podlaskie,siemiatycki,Nurzec-Stacja,gmina wiejska,2010072,2020,ok_finalnie,pdf,tekst,https://bip-ugnurzec.podlaskie.eu/resource/116836/RAPORT+O+STANIE+GMINY+NURZEC-STACJA+za+2020+roku.pdf,direct_without_tor,b90fa0d1f0bea17fa7dcae45968b2a832908c29ed197da62bde95d12738a4f52,200,2026-09-04T22:22:33Z,,1.184,true
1372,podlaskie,siemiatycki,Nurzec-Stacja,gmina wiejska,2010072,2021,ok_finalnie,pdf,tekst,https://bip-ugnurzec.podlaskie.eu/resource/116365/RAPORT+O+STANIE+GMINY+NURZEC-STACJA+za+2021+roku.docx.pdf,direct_without_tor,5a428f4c076abd7a7b5f3983e25c9c11fe3f9db4dab8eec6d767f1be097ad040,200,2026-09-04T22:22:35Z,,1.041,true
1373,podlaskie,siemiatycki,Nurzec-Stacja,gmina wiejska,2010072,2022,ok_finalnie,pdf,tekst,https://bip-ugnurzec.podlaskie.eu/resource/116365/RAPORT+O+STANIE+GMINY+NURZEC-STACJA+za+2022+roku.pdf,direct_without_tor,bdcbb92a38897345d48d2070d5f181785e3b0389f449aaa509779ce6945d4020,200,2026-09-04T22:22:39Z,,5.475,true
1374,podlaskie,siemiatycki,Nurzec-Stacja,gmina wiejska,2010072,2023,ok_finalnie,pdf,tekst,https://bip-ugnurzec.podlaskie.eu/resource/116365/RAPORT+O+STANIE+GMINY+NURZEC-STACJA+za+2023+roku.pdf,direct_without_tor,cbaefaabb65a778ab08438ac4920e41164a497806937250dce45f0aa0c0db547,200,2026-09-04T22:23:02Z,,1.617,true
1375,podlaskie,siemiatycki,Nurzec-Stacja,gmina wiejska,2010072,2024,ok_finalnie,pdf,tekst,https://bip-ugnurzec.podlaskie.eu/resource/116365/Raport+o+stanie+Gminy+Nurzec-Stacja+za+2024+rok.pdf,direct_without_tor,9197b4bd77ee62a303496023a55fd8a09b649062bca48c6a6f16115db6b909d2,200,2026-09-04T22:23:16Z,,1.821,true
1376,podlaskie,siemiatycki,Nurzec-Stacja,gmina wiejska,2010072,2025,ok_finalnie,pdf,tekst,https://bip-ugnurzec.podlaskie.eu/resource/116365/Raport+o+stanie+Gminy+Nurzec-Stacja+za+2025+rok.pdf,direct_without_tor,93b30b9e4f40af2aa9334116022174b2a531d615456097c137708c6c976ae4a2,200,2026-09-04T22:23:19Z,,1.78,true
1377,podlaskie,siemiatycki,Perlejewo,gmina wiejska,2010082,2018,brak_finalnie,,,brak,"doglebne sprawdzenie (web search + BIP SmartSite/BIT + uchwaly rady i zaproszenia na sesje + OCR tesseract pol + Wayback CDX + WP REST API + alternatywne domeny) - DOWOD ISTNIENIA RAPORTU, brak opublikowanego pliku",,BRAK_URL (raport udowodniony - plik nieopublikowany),2026-09-01T10:23:57Z,"NEG-plik, DOWOD ISTNIENIA POTWIERDZONY (tura 31.08.2026). BIP bip-ugperlejewo.podlaskie.eu /raport_o_stanie_gminy_/ ma tylko raport za 2019 (resource/3715) + strony za 2020-2025. NOWE USTALENIE: UCHWALA NR 49/VII/19 RADY GMINY W PERLEJEWIE z 28 czerwca 2019 r. 'w sprawie udzielenia Wojtowi Gminy Perlejewo wotum zaufania' (resource/3153/uchwala+Nr+49+VII+2019.pdf, warstwa tekstowa): 'Na podstawie art. 18 ust. 2 pkt 4aa i art. 28aa ust. 9 ... PO ZAKONCZENIU DEBATY NAD RAPORTEM O STANIE GMINY postanawia sie udzielic wotum zaufania Wojtowi Gminy Perlejewo'. Towarzyszy uchwala 51/VII/19 o absolutorium za 2018. RAPORT ZA 2018 ISTNIAL - plik nieopublikowany (przeszukano wszystkie 52 podstrony sesji kadencji VIII 2018-2023 oraz Wayback perlejewo.pl 17147 URL). || POGLEBIONA WERYFIKACJA 2 (31.08.2026): pelny skan przestrzeni zasobow ID 1-15000 przez download-file - komplet raportow 28aa: id.7641 (za 2019), 8224 (2020), 8962/8964/9385 (2021), 10029 (2022), 10611 (2023), 11142 (2024), 12038 (2025). ZERO plikow za 2018. Snapshot Wayback kategorii @20230608024130 (domena bip.ug.perlejewo.wrotapodlasia.pl) potwierdza, ze najstarsza pozycja to 'Raport o stanie Gminy Perlejewo za 2019 r.'. Uwaga: domena wrotapodlasia.pl juz nie odpowiada (ConnectionError), dostep tylko przez podlaskie.eu. | TURA 7: kategoria /raport_o_stanie_gminy_/ zawiera podstrony rocznikowe wylacznie za lata 2019-2025 (2019 = resource/3715). Rocznika 2018 brak. | TURA 11: sprawdzono rodzine zrodel prawomiejscowe.pl (Baza Aktow Wlasnych) dla wszystkich 56 jednostek z brakami - platforma zwraca HTTP 200 i IDENTYCZNA strone-szkielet o stalej dlugosci 75 124 B rowniez dla nieistniejacej instytucji (test kontrolny: /UrzadGminyNieIstniejeXyz), a jej listy aktow laduja sie dynamicznie i nie zawieraja frazy ""raport"". Rodzina odrzucona jako nieprzydatna - analogiczna pulapka jak strona marketingowa eSesja (36 759 B). | TURA 12 (nowe rodziny zrodel): sprawdzono i wykluczono: (1) Common Crawl - indeks odpowiada, ale dla domen gmin zwraca wylacznie rekordy HTML bez plikow raportow, a przy intensywniejszym odpytywaniu host przechodzi w stan http=000 (rate-limit); (2) archive.today (.ph/.today/.is/.li) - HTTP 429, platforma blokuje adresacje tego srodowiska; (3) arquivo.pt oraz Memento TimeTravel - brak odpowiedzi/brak zasobow dla domen PL; (4) prawomiejscowe.pl - wykluczone w turze 11 (strona-szkielet 75 124 B dla dowolnej instytucji); (5) brute-force nazw plikow na serwerze idcom (bip-v1-files, 18 000 kombinacji ID wiadomosci x 12 typowych nazw) - 0 trafien, zgodnie z ustalona regula o nieskutecznosci zgadywania nazw; (6) skanowanie stron raportowych pod katem linkow do chmur zewnetrznych (Google Drive, Power BI, OneDrive, Dropbox, SharePoint) - poza Stawiguda zadna gmina nie hostuje raportu poza wlasnym BIP. || [TURA 16 01.09.2026] BIP bip-ugperlejewo.podlaskie.eu/raport_o_stanie_gminy_/ listuje roczniki 2019-2025 (2019 = resource/3715/20200828+...+2019.pdf, plik ZYWY: HTTP 200, application/pdf, 30 stron, 1.16MB). Rok 2018 NIE jest wylistowany; archiwum wersji strony (pgid.2991) zawiera 1 vid biezacy (4346) bez historii plikow. Domena bip-ugperlejewo.wrotapodlasia.pl martwa (000). Dowod istnienia 2018 pozostaje; plik nieodzyskany. || [TURA 18 02.09.2026] RE-WERYFIKACJA SmartSite/podlaskie.eu (opcja 2): zywy BIP bip-ugperlejewo.podlaskie.eu - /raport_o_stanie_gminy_/ ma TYLKO 2019 (Raport o stanie Gminy Perlejewo 2019.pdf); brak 2018; potwierdzono: BRAK pliku raportu za ten rocznik na zywym serwerze (2026); status bez zmiany.",,true
1378,podlaskie,siemiatycki,Perlejewo,gmina wiejska,2010082,2019,ok_finalnie,pdf,tekst,https://bip-ugperlejewo.podlaskie.eu/resource/3715/20200828+Raport+o+stanie+Gminy+Perlejewo+2019.pdf,direct_without_tor,a54b66615899123bfc340cebc1027e7a25881d9f8e71fccb7d70670ce1a147a9,200,2026-09-04T22:23:27Z,,1.109,true
1379,podlaskie,siemiatycki,Perlejewo,gmina wiejska,2010082,2020,ok_finalnie,pdf,tekst,https://bip-ugperlejewo.podlaskie.eu/resource/4218/Raport_o_stanie_Gminy_Perlejewo_za_2020_rok_wersja_ostateczna.pdf,direct_without_tor,58b178064ab11d625546984fe17da210bef8d89a8a20337f90f68da804772c7a,200,2026-09-04T22:23:56Z,,1.528,true
1380,podlaskie,siemiatycki,Perlejewo,gmina wiejska,2010082,2021,ok_finalnie,pdf,tekst,https://bip-ugperlejewo.podlaskie.eu/resource/4485/Raport+o+stanie+Gminy+Perlejewo+za+2021+r..pdf,direct_without_tor,109b93db8059fa9b4aa8a0e8242dbea915d21a619e931d00d4ce107b35c4cbf3,200,2026-09-04T22:24:05Z,,1.551,true
1381,podlaskie,siemiatycki,Perlejewo,gmina wiejska,2010082,2022,ok_finalnie,pdf,tekst,https://bip-ugperlejewo.podlaskie.eu/resource/4866/20230531+Raport+o+stanie+Gminy+Perlejewo+za+2022+rok.pdf,direct_without_tor,aefec91360d7fc4318fee979b89201091b0400de01a8a5375cd41c4a507510c7,200,2026-09-04T22:24:09Z,,1.405,true
1382,podlaskie,siemiatycki,Perlejewo,gmina wiejska,2010082,2023,ok_finalnie,pdf,tekst,https://bip-ugperlejewo.podlaskie.eu/resource/5244/20240531+Raport+o+stanie+Gminy+Perlejewo+za+2023+rok.pdf,direct_without_tor,91c1bdf42cd0961b1966428a859b476bb8a53d1ee7648bbdfe08a3347f063c47,200,2026-09-04T22:24:12Z,,1.516,true
1383,podlaskie,siemiatycki,Perlejewo,gmina wiejska,2010082,2024,ok_finalnie,pdf,tekst,https://bip-ugperlejewo.podlaskie.eu/resource/5592/20250530+Raport+o+stanie+Gminy+Perlejewo+za+2024+rok.pdf,direct_without_tor,a4730e5184b26603492327c9a4ca07b9b29b818932a9e0ef40dcfa9853d9fcb9,200,2026-09-04T22:24:15Z,,1.973,true
1384,podlaskie,siemiatycki,Perlejewo,gmina wiejska,2010082,2025,ok_finalnie,pdf,tekst,https://bip-ugperlejewo.podlaskie.eu/resource/6030/20260601_Raport+o+stanie+gminy+Perlejewo+za+2025+rok.pdf,direct_without_tor,cd91b67fcfa8e98b3d00af9dd1a07337c26090db56257ee1cf37ea00866d73c3,200,2026-09-04T22:24:18Z,,1.511,true
1385,podlaskie,siemiatycki,Siemiatycze,gmina miejska,2010011,2018,ok_finalnie,docx,tekst,https://bip-umsiemiatycze.podlaskie.eu/resource/121201/raport_o_stanie_gminy_2018.docx,direct_without_tor,361a8052e84b279ce88f58bafd34d9c2bd42707a329fa9d173180f98c9ca09fe,200,2026-09-04T22:01:17Z,,0.435,true
1386,podlaskie,siemiatycki,Siemiatycze,gmina miejska,2010011,2019,ok_finalnie,pdf,tekst,https://bip-umsiemiatycze.podlaskie.eu/resource/122324/Raport+2019+ost.w2.docx.pdf,direct_without_tor,d8fd30c83bb85a3ecb3dd292703e30b5979b5177d44aa4c6f195004df8a7b7ab,200,2026-09-04T22:01:20Z,,0.524,true
1387,podlaskie,siemiatycki,Siemiatycze,gmina miejska,2010011,2020,ok_finalnie,pdf,tekst,https://bip-umsiemiatycze.podlaskie.eu/resource/123211/Raport+2020+.pdf,direct_without_tor,9d33dca55b32471eaea1766c3e53ab0f5e99e315a88e75af30a0128c180b76e7,200,2026-09-04T22:01:22Z,,0.575,true
1388,podlaskie,siemiatycki,Siemiatycze,gmina miejska,2010011,2021,ok_finalnie,pdf,tekst,https://bip-umsiemiatycze.podlaskie.eu/resource/123863/Raport+2021+w.2.pdf,direct_without_tor,f21a289affe186168a253cda3099dfa702f90524140546e92ebaa906226ff288,200,2026-09-04T22:01:25Z,,0.672,true
1389,podlaskie,siemiatycki,Siemiatycze,gmina miejska,2010011,2022,ok_finalnie,pdf,tekst,https://bip-umsiemiatycze.podlaskie.eu/resource/124454/Raport+za+2022+r..pdf,direct_without_tor,b68a47e1b29b6516c3a32784c7c122589deb20b37d4448df0f088394b6c88e4f,200,2026-09-04T22:01:28Z,,1.366,true
1390,podlaskie,siemiatycki,Siemiatycze,gmina miejska,2010011,2023,ok_finalnie,pdf,tekst,https://bip-umsiemiatycze.podlaskie.eu/resource/124985/Raport+o+stanie+gminy+za+2023+r..pdf,direct_without_tor,d72a26b833158cc2bf50a03d3aca286e19eeedb261658d0325f3bcf3ff71b8b7,200,2026-09-04T22:01:31Z,,1.498,true
1391,podlaskie,siemiatycki,Siemiatycze,gmina miejska,2010011,2024,ok_finalnie,pdf,tekst,https://bip-umsiemiatycze.podlaskie.eu/resource/125462/RAPORT+O+STANIE+GMINY+2024.pdf,direct_without_tor,1144725cecd1757f3e67c80b20ec1e344f1ea12c4844e2451138355e5d6cc9f1,200,2026-09-04T22:01:34Z,,0.757,true
1392,podlaskie,siemiatycki,Siemiatycze,gmina miejska,2010011,2025,ok_finalnie,pdf,tekst,https://bip-umsiemiatycze.podlaskie.eu/resource/125823/RAPORT+O+STANIE+MIASTA+SIEMIATYCZE+ZA+2025.pdf,direct_without_tor,bf6adccc2903b6149daf2465a6a85fcc08ccf97a27bdb4e490af1ad49b809755,200,2026-09-04T22:01:37Z,,1.185,true
1393,podlaskie,siemiatycki,Siemiatycze,gmina wiejska,2010092,2018,ok_finalnie,pdf,tekst,https://www.gminasiemiatycze.pl/sites/default/files/2021-12/raport_o_stanie_gminy_siemiatycze%202018.pdf,direct_without_tor,d2c961e3dc97574befc90b0d3e5e7c2f36a78cfa9d534e6aba2ead1ec5883368,200,2026-09-04T22:43:13Z,,0.611,true
1394,podlaskie,siemiatycki,Siemiatycze,gmina wiejska,2010092,2019,ok_finalnie,doc,tekst,https://bip-ugsiemiatycze.podlaskie.eu/resource/file/download-file/id.5730/attachment.1,tor_pl_ip,3514b7ee644e9e78665031bde4693e71ae8191250f0de8115a6fe56fb0ce40aa,200,2026-09-05T00:29:57Z,,18.712,true
1395,podlaskie,siemiatycki,Siemiatycze,gmina wiejska,2010092,2020,ok_finalnie,pdf,tekst,https://gminasiemiatycze.pl/sites/default/files/2021-12/raport_2020_0.pdf,direct_without_tor,509212c670a8717ceb803959763b03ef23a191d0db010fcf72703db915429eea,200,2026-09-04T22:43:16Z,,2.145,true
1396,podlaskie,siemiatycki,Siemiatycze,gmina wiejska,2010092,2021,ok_finalnie,doc,tekst,https://bip-ugsiemiatycze.podlaskie.eu/resource/115285/Raport%202021.doc/attachment.1,direct_without_tor,7885b310d58d009e2820cf4f70a319eec39ba042ac06f41a6a3c52c01e633f95,200,2026-09-04T22:38:47Z,,5.0,true
1397,podlaskie,siemiatycki,Siemiatycze,gmina wiejska,2010092,2022,ok_finalnie,doc,tekst,https://bip-ugsiemiatycze.podlaskie.eu/resource/115299/raport%202022(1).doc/attachment.1,tor_pl_ip,f70ad93bba077436f80e75d627e7962b704127c205e3407ecc599f633843dce1,200,2026-09-05T00:31:07Z,,35.745,true
1398,podlaskie,siemiatycki,Siemiatycze,gmina wiejska,2010092,2023,ok_finalnie,pdf,tekst,https://bip-ugsiemiatycze.podlaskie.eu/resource/115314/Raport%202023.pdf/attachment.1,direct_without_tor,011c1a657610b3a52841c04aba1065b237ee5f9613b872d9c2849a1f7d009cfa,200,2026-09-04T22:38:50Z,,3.418,true
1399,podlaskie,siemiatycki,Siemiatycze,gmina wiejska,2010092,2024,ok_finalnie,pdf,tekst,https://bip-ugsiemiatycze.podlaskie.eu/resource/115334/raport%202024%20aktualny.pdf/attachment.1,direct_without_tor,01c759a879fb9aa066487fb818178a1b4198ecaeb1051c219e109e52d87d0cdb,200,2026-09-04T22:39:51Z,,3.952,true
1400,podlaskie,siemiatycki,Siemiatycze,gmina wiejska,2010092,2025,ok_finalnie,pdf,tekst,https://bip-ugsiemiatycze.podlaskie.eu/resource/115355/raport%202025%20aktualny%20v.2.pdf/attachment.1,direct_without_tor,cab58926f439426ea62481cdc50ee6e9d9b7d17b2d0da1e4c5d69e3c6e12219f,200,2026-09-04T22:39:55Z,,3.701,true
1401,podlaskie,sokólski,Dąbrowa Białostocka,gmina miejsko-wiejska,2011013,2018,ok_finalnie,pdf,tekst,https://bip-umdabrowabialostocka.podlaskie.eu/resource/2020/RAPORT,direct_without_tor,ccd9e77ac0d1671bc892c8f629ecfaeabe6e981756e109009fd5f731bc43caa9,200,2026-09-04T22:01:35Z,,1.319,true
1402,podlaskie,sokólski,Dąbrowa Białostocka,gmina miejsko-wiejska,2011013,2019,ok_finalnie,pdf,tekst,https://bip-umdabrowabialostocka.podlaskie.eu/resource/6079/RAPORT,direct_without_tor,207bb2cb8c4d6951a2c744eaf48a2c6e26637e3af614fcac1816e5915d28c87f,200,2026-09-04T22:01:38Z,,1.616,true
1403,podlaskie,sokólski,Dąbrowa Białostocka,gmina miejsko-wiejska,2011013,2020,ok_finalnie,pdf,tekst,https://bip-umdabrowabialostocka.podlaskie.eu/resource/6883/RAPORT.pdf,direct_without_tor,894cf933257a524430bd37cca5c01014ce9c7750563d776fa69390943acae4de,200,2026-09-04T22:01:41Z,,1.782,true
1404,podlaskie,sokólski,Dąbrowa Białostocka,gmina miejsko-wiejska,2011013,2021,ok_finalnie,pdf,tekst,https://bip-umdabrowabialostocka.podlaskie.eu/resource/7486/RAPORT.pdf,direct_without_tor,6341fad04d0c19a4ac5a01775218e783de62a1a40fd9ace7e03e78679705df8d,200,2026-09-04T22:01:45Z,,1.835,true
1405,podlaskie,sokólski,Dąbrowa Białostocka,gmina miejsko-wiejska,2011013,2022,ok_finalnie,pdf,tekst,https://bip-umdabrowabialostocka.podlaskie.eu/resource/7909/RAPORT++nowy+za+2022.pdf,direct_without_tor,36fdeba2e59e32bcf4f9e07b1004ec5683c952e0c7707bb1c5032bbd84fffe44,200,2026-09-04T22:02:03Z,,1.336,true
1406,podlaskie,sokólski,Dąbrowa Białostocka,gmina miejsko-wiejska,2011013,2023,ok_finalnie,pdf,tekst,https://bip-umdabrowabialostocka.podlaskie.eu/resource/8333/RAPORT++nowy+za+2023.pdf,direct_without_tor,c3539ad5895aa576394771e0672f104de10a21046bb6a1f2ec2a28a85323ef96,200,2026-09-04T22:02:22Z,,1.343,true
1407,podlaskie,sokólski,Dąbrowa Białostocka,gmina miejsko-wiejska,2011013,2024,ok_finalnie,pdf,tekst,https://bip-umdabrowabialostocka.podlaskie.eu/resource/8727/RAPORT++nowy+za+2024.pdf,direct_without_tor,5c557e10879af296bc462ace9afc3c2c09c03052f05a7321bf714a294193d75e,200,2026-09-04T22:02:25Z,,1.384,true
1408,podlaskie,sokólski,Dąbrowa Białostocka,gmina miejsko-wiejska,2011013,2025,ok_finalnie,pdf,tekst,https://bip-umdabrowabialostocka.podlaskie.eu/resource/9001/RAPORT++nowy+za+2025.pdf,direct_without_tor,6dea2fe25b7ac1d615c81027ece80d83f31c8b33f7bfa7868dc652622686501c,200,2026-09-04T22:02:28Z,,1.349,true
1409,podlaskie,sokólski,Janów,gmina wiejska,2011022,2018,ok_finalnie,pdf,tekst,https://bip-ugjanow.podlaskie.eu/resource/115446/Raport+o+stanie+gminy+za+2018+rok-sig.pdf,direct_without_tor,31696f3620b5defbbd1ce7303bf6391490e8ee7f29df4a9cde7dcc77e30ef547,200,2026-09-04T22:24:21Z,,0.804,true
1410,podlaskie,sokólski,Janów,gmina wiejska,2011022,2019,ok_finalnie,pdf,tekst,https://bip-ugjanow.podlaskie.eu/resource/115656/Raport+o+stanie+Gminy+Jan%C3%B3w+za+2019+rok.pdf,direct_without_tor,90f2c6c8ce7fc12286cbd838c677170dc37abb7e0071274b4868dcf1aa0493b2,200,2026-09-04T22:24:24Z,,1.119,true
1411,podlaskie,sokólski,Janów,gmina wiejska,2011022,2020,ok_finalnie,pdf,tekst,https://bip-ugjanow.podlaskie.eu/resource/115841/Raport+o+stanie+Gminy+Jan%25C3%25B3w+za+2020+rok-1.pdf,direct_without_tor,d52dc75b10b85eff87cb267e39830790def01de435be60b5df18f4c0077984e5,200,2026-09-04T22:24:27Z,,1.129,true
1412,podlaskie,sokólski,Janów,gmina wiejska,2011022,2021,ok_finalnie,pdf,tekst,https://bip-ugjanow.podlaskie.eu/resource/116006/Raport+o+stanie+Gminy+Jan%25C3%25B3w+za+2021.pdf,direct_without_tor,69b3faffbdc003ea9706731ae08e8f2929793885a4a857cd14dd43c5d5882957,200,2026-09-04T22:24:30Z,,1.125,true
1413,podlaskie,sokólski,Janów,gmina wiejska,2011022,2022,ok_finalnie,pdf,tekst,https://bip-ugjanow.podlaskie.eu/resource/116005/Raport+o+stanie+Gminy+Jan%25C3%25B3w+za+2022.pdf,direct_without_tor,72af723580faa4603fc76a09050d594fdfa7448221c4a7956ad6e7a56e2ee43b,200,2026-09-04T22:24:33Z,,1.233,true
1414,podlaskie,sokólski,Janów,gmina wiejska,2011022,2023,ok_finalnie,pdf,tekst,https://bip.janow.com.pl/resource/116152/Zarz%25C4%2585dzenie+nr+281.2024+W%25C3%25B3jta+Gminy+Jan%25C3%25B3w+z+dnia+29+maja+2024+r.+ws.+przedstawienia+Raportu+o+stanie+gminy+za+2023.pdf,direct_without_tor,f75aac8a6466dd0c386d4c681cfa8d4e82cfa671d9d9eaaa780707660f39325e,200,2026-09-04T22:43:15Z,,0.035,true
1415,podlaskie,sokólski,Janów,gmina wiejska,2011022,2024,ok_finalnie,pdf,tekst,https://bip-ugjanow.podlaskie.eu/resource/116272/Zarz%25C4%2585dzenie+nr+20-2025+W%25C3%25B3jta+Gminy+Jan%25C3%25B3w.pdf,direct_without_tor,b1619a0c7cb013b9d8cae397b3d0b37601917b821ec2e14f611838ed0a2f64a5,200,2026-09-04T22:24:35Z,,0.191,true
1416,podlaskie,sokólski,Janów,gmina wiejska,2011022,2025,ok_finalnie,pdf,tekst,https://bip-ugjanow.podlaskie.eu/resource/116387/Zarzadzenie-16-2026.pdf,direct_without_tor,eeca708d4bba172ab01d0d6842a583ca0b695e0c64ff7a98b6fd6ba461f1378b,200,2026-09-04T22:24:38Z,,1.184,true
1417,podlaskie,sokólski,Korycin,gmina wiejska,2011032,2018,ok_finalnie,pdf,tekst,https://bip-ugkorycin.podlaskie.eu/resource/file/download-file/id.5805,direct_without_tor,54d8476ab007fa2996a0cb6a3169fabf3d00b2ad991b68f1092d220ef42964df,200,2026-09-04T22:01:40Z,,0.968,true
1418,podlaskie,sokólski,Korycin,gmina wiejska,2011032,2019,ok_finalnie,pdf,tekst,https://bip-ugkorycin.podlaskie.eu/resource/file/download-file/id.6402,direct_without_tor,d3db9d48e91e2fd5beaa4398af13c111cb7c5a2e2e4f32a4d471c1283c86d25e,200,2026-09-04T22:01:43Z,,1.233,true
1419,podlaskie,sokólski,Korycin,gmina wiejska,2011032,2020,ok_finalnie,pdf,tekst,https://bip-ugkorycin.podlaskie.eu/resource/117528/RAPORT+O+STANIE+GMINY+za+2020+rok.pdf,direct_without_tor,4a0d166dbd2d3a577f13481cc4a1bda2ef97ae42cc735381a22b085c328dceb9,200,2026-09-04T22:01:47Z,,5.97,true
1420,podlaskie,sokólski,Korycin,gmina wiejska,2011032,2021,ok_finalnie,pdf,tekst,https://bip-ugkorycin.podlaskie.eu/resource/117995/RAPORT+O+STANIE+GMINY+za+2021+rok.pdf,direct_without_tor,67b974996d6d20f006340c410b82cb76ccab6ebebabe5c503e59a8402aa44569,200,2026-09-04T22:01:52Z,,11.113,true
1421,podlaskie,sokólski,Korycin,gmina wiejska,2011032,2022,ok_finalnie,pdf,tekst,https://bip-ugkorycin.podlaskie.eu/resource/118263/Raport+o+stanie+Gminy+Korycin+za+2022+r..pdf,direct_without_tor,9d3844eba36fff1a8eaa7f287f21ead1bddf806c52bf83569deb5116d96e314c,200,2026-09-04T22:01:56Z,,6.33,true
1422,podlaskie,sokólski,Korycin,gmina wiejska,2011032,2023,ok_finalnie,pdf,tekst,https://bip-ugkorycin.podlaskie.eu/resource/118628/RAPORT+O+STANIE+GMINY+2023.pdf,direct_without_tor,ce0a4a505e0ccd53eec45d4c0de9f9e1408aecaeb1dd62ee6624cfef9782b5c7,200,2026-09-04T22:02:00Z,,3.801,true
1423,podlaskie,sokólski,Korycin,gmina wiejska,2011032,2024,ok_finalnie,pdf,tekst,https://bip-ugkorycin.podlaskie.eu/resource/118936/RAPORT+O+STANIE+GMINY+2024.pdf,direct_without_tor,451afd2d58be4367d9cdd8056e6649fd1f55b132ad243b84fec8bc700f255d70,200,2026-09-04T22:02:03Z,,4.275,true
1424,podlaskie,sokólski,Korycin,gmina wiejska,2011032,2025,ok_finalnie,pdf,tekst,https://bip-ugkorycin.podlaskie.eu/resource/119206/ZARZ%25C4%2584DZENIE+NR+110_2026+WGK.pdf,direct_without_tor,693f2bb2ee153580ea0cd6bd65b9100537a42a9db7b78f0d077448df941193a3,200,2026-09-04T22:02:17Z,,3.504,true
1425,podlaskie,sokólski,Krynki,gmina miejsko-wiejska,2011043,2018,ok_finalnie,pdf,tekst,https://bip-umkrynki.podlaskie.eu/resource/5276/Zarz.58.2019+z+29.05.2019+w+spr.+przedst.+raportu+o+stanie+gminy.,direct_without_tor,96b69a6337a3e48ee62f3d1daa7300dfe5b1b1d104e14d527039148f093554d2,200,2026-09-04T22:02:20Z,,2.327,true
1426,podlaskie,sokólski,Krynki,gmina miejsko-wiejska,2011043,2019,ok_finalnie,pdf,tekst,https://bip-umkrynki.podlaskie.eu/resource/5764/Zarz.156.2020+z+9.06.2020+w+spr.+przeds.+raportu+o+stanie+gminy+za+2019+rok,direct_without_tor,3059910dad62ef436420fb75328c6c8ff33e84ad711b49eefcf01f790ed9bc9b,200,2026-09-04T22:02:23Z,,0.946,true
1427,podlaskie,sokólski,Krynki,gmina miejsko-wiejska,2011043,2020,ok_finalnie,pdf,tekst,https://bip-umkrynki.podlaskie.eu/resource/6211/Zarz.234.2021+z+27.05.2021+w+spr.+przedst.+raportu+o+stanie+gmony+za+2020+rok,direct_without_tor,8051529c440453db37db010dc9ad4daf9c5b730a531c5ec5ac86d60c6a406800,200,2026-09-04T22:02:26Z,,2.172,true
1428,podlaskie,sokólski,Krynki,gmina miejsko-wiejska,2011043,2021,ok_finalnie,pdf,tekst,https://bip-umkrynki.podlaskie.eu/resource/6659/Za%25C5%2582.+do+zarz.333.2022+z++31.05.2022+-raport+za+++za+2021+rok,direct_without_tor,ecbf193304c6d8e24cffb0ff77310dbbacc3825d81d17bae1aba2961ffe11cd3,200,2026-09-04T22:02:30Z,,4.102,true
1429,podlaskie,sokólski,Krynki,gmina miejsko-wiejska,2011043,2022,ok_finalnie,pdf,tekst,https://bip-umkrynki.podlaskie.eu/resource/7064/Zarz.457.2023+z+31.05.2023r.+w+spr.+przedst.+Raportu+o+stanie+gminy,direct_without_tor,c5ad35a216a0f4e6e5351784b54ed96dad97484db2c94ccd3e0b8c2fb3f24164,200,2026-09-04T22:02:35Z,,10.944,true
1430,podlaskie,sokólski,Krynki,gmina miejsko-wiejska,2011043,2023,ok_finalnie,pdf,tekst,https://bip-umkrynki.podlaskie.eu/resource/7637/Zarz%C4%85dzenie.9.2024.2024-05-31.Raport+o+stanie+gminy.pdf,direct_without_tor,01447689c8ea6170bc3f670175689ec43ca3632842fa134aaee46b1417d7a30a,200,2026-09-04T22:02:38Z,,4.816,true
1431,podlaskie,sokólski,Krynki,gmina miejsko-wiejska,2011043,2024,ok_finalnie,pdf,tekst,https://bip-umkrynki.podlaskie.eu/resource/8034/Zarz%25C4%2585dzenie.110.2025.2025-05-29.raport.o.stanie.gminy.pdf,direct_without_tor,8ae2cbb43e2482f478e6f4d6cf9406cfe223589ade677bf71363aebcd7933919,200,2026-09-04T22:02:42Z,,8.106,true
1432,podlaskie,sokólski,Krynki,gmina miejsko-wiejska,2011043,2025,ok_finalnie,pdf,tekst,https://bip-umkrynki.podlaskie.eu/resource/8344/Zarz%25C4%2585dzenie.186.2026.2026-05-27.raport.o.stanie.gminy.pdf,direct_without_tor,4a93876efbd5d7d9c262c3fb042660aa32b4f75a600d522e51f6150aa406335d,200,2026-09-04T22:02:47Z,,8.657,true
1433,podlaskie,sokólski,Kuźnica,gmina wiejska,2011052,2018,brak_finalnie,,,brak,"doglebne sprawdzenie (web search + BIP SmartSite/BIT + uchwaly rady i zaproszenia na sesje + OCR tesseract pol + Wayback CDX + WP REST API + alternatywne domeny) - DOWOD ISTNIENIA RAPORTU, brak opublikowanego pliku",,sprawdzono pogłębnie 2026-09-05,2026-09-01T10:55:45Z,[KONT.] || [TURA 19 05.09.2026] Skan anchorów 'Raport o stanie' wszystkich 5127 stron kategorii informacyjnych/ogłoszeniowych sitemap bip-ugkuznica.podlaskie.eu (podlaskie.eu) — jedyny traf: strona raportu za 2024; brak stron/załączników za 2018/2020/2022. Status bez zmian.,,true
1434,podlaskie,sokólski,Kuźnica,gmina wiejska,2011052,2019,ok_finalnie,pdf,"raport o stanie gminy (skan 93 str. bez warstwy tekstowej; OCR okładki: ""RAPORT O STANIE GMINY KUŹNICA ZA 2019 ROK""; 2,39 MB)",https://web.archive.org/web/20211026092040id_/http://kuznica.ug.gov.pl/wp-content/uploads/2020/07/RAPORT-O-STANIE-GMINY-KU%C5%B9NICA-ZA-ROK-20192.pdf,"KOREKTA RE-WERYFIKACJI 29.08.2026 (Kuźnica 2019): plik ODZYSKANY — ślad z przypisu Wikipedii (mirror encyklopedyczny) → stary WP-BIP kuznica.ug.gov.pl (artykuł ""Informacja o Raporcie o stanie Gminy Kuźnica za rok 2019"" z 07.2020, zrzut Wayback 28.09.2020); zrzut Wayback @20211026092040 KOMPLETNY",de9851dae5c98df905b65207af89959b2d90f29e5cb2ddb0b236e2bba9c6fbcc,200,2026-09-05T01:44:52Z,,2.276,true
1435,podlaskie,sokólski,Kuźnica,gmina wiejska,2011052,2020,brak_finalnie,,,brak,"doglebne sprawdzenie (web search + BIP SmartSite/BIT + uchwaly rady i zaproszenia na sesje + OCR tesseract pol + Wayback CDX + WP REST API + alternatywne domeny) - DOWOD ISTNIENIA RAPORTU, brak opublikowanego pliku",,sprawdzono pogłębnie 2026-09-05,2026-09-01T10:55:45Z,[KONT.] || [TURA 19 05.09.2026] Skan anchorów 'Raport o stanie' wszystkich 5127 stron kategorii informacyjnych/ogłoszeniowych sitemap bip-ugkuznica.podlaskie.eu — jedyny traf: strona raportu za 2024; brak dla 2020. CDX pliku raportu 2022: tylko capture ucięty 1 MiB. Status bez zmian.,,true
1436,podlaskie,sokólski,Kuźnica,gmina wiejska,2011052,2021,ok_finalnie,pdf,"raport o stanie gminy (warstwa tekstowa; 120 str.; okładka ""RAPORT O STANIE GMINY KUŹNICA ZA 2021 ROK"")",https://web.archive.org/web/20240611211936id_/https://kuznica.ug.gov.pl/wp-content/uploads/2022/07/Raport-o-stanie-Gminy-Ku%C5%BAnica-za-2021-rok.pdf,"KOREKTA RE-WERYFIKACJI 29.08.2026 (Kuźnica 2021): plik ODZYSKANY — stary WP-BIP kuznica.ug.gov.pl, artykuł ""Raport o stanie Gminy Kuźnica za 2021 rok"" (zrzut Wayback 15.08.2022 z linkiem do uploads/2022/07); zrzut Wayback @20240611211936 KOMPLETNY (%%EOF)",5df99c51b90c91577b359aa8e3ef6fb59f2786470f1a168cddbdeaf38f0b0a03,200,2026-09-05T01:44:55Z,,2.513,true
1437,podlaskie,sokólski,Kuźnica,gmina wiejska,2011052,2022,brak_finalnie,brak,,http://kuznica.ug.gov.pl/wp-content/uploads/2023/06/Raport-o-stanie-Gminy-Kuznica-za-2022-rok.pdf,"RE-WERYFIKACJA 29.08.2026 (Kuźnica 2022) - DOWOD ISTNIENIA, plik niekompletny: artykuł ""Raport o stanie Gminy Kuźnica za 2022 rok"" (pub. 13.06.2023, zrzut Wayback @20230921081046) z linkiem uploads/2023/06/Raport-o-stanie-Gminy-Kuznica-za-2022-rok.pdf; jedyny zrzut Wayback @20231128142634 UCIETY do 1 MiB (bez %%EOF), CC brak, live 404 — wg reguły plik niekompletny w całości = brak z dowodem istnienia",,sprawdzono w innych źródłach 2026-09-05,2026-09-01T10:23:57Z,"[KONT.] || [TURA 20 05.09.2026 - DOMKNIECIE RESIDUAL] Zrzut Wayback 20240801155628 = 302 -> ten sam uciety capture 20231128142634 (1 048 576 B; PDF linearized, L=4 158 807 B). Probowana rekonstrukcja 1. strony dla OCR: mutool clean/draw, ghostscript, qpdf, pikepdf attempt_recovery — wszystkie fail (brak startxref/trailera; pages tree bez /Kids), render 1. strony niemozliwy. Dowodem pozostaje artykul na zrzucie @20230921081046 z linkiem do pliku + uciety capture naglowka PDF (%PDF-1.5, /Linearized, L 4158807). Status bez zmian (brak z dowodem).",,true
1438,podlaskie,sokólski,Kuźnica,gmina wiejska,2011052,2023,ok_finalnie,pdf,"raport o stanie gminy (warstwa tekstowa; 116 str.; okładka ""RAPORT O STANIE GMINY KUŹNICA ZA 2023 ROK"")",https://web.archive.org/web/20240901071838id_/https://kuznica.ug.gov.pl/wp-content/uploads/2024/06/Raport-o-stanie-Gminy-Kuznica-za-2023-rok.pdf,"KOREKTA RE-WERYFIKACJI 29.08.2026 (Kuźnica 2023): plik ODZYSKANY — stary WP-BIP kuznica.ug.gov.pl, artykuł ""Informacja o Raporcie ... za 2023 rok"" (zrzut 19.07.2024); zrzut Wayback @20240901071838 KOMPLETNY (3,33 MB, %%EOF)",1170e87936d284935c5d131ec5c0979b058ba300864ac9b3f8275c44a56f8bc0,200,2026-09-05T01:44:58Z,,3.177,true
1439,podlaskie,sokólski,Kuźnica,gmina wiejska,2011052,2024,ok_finalnie,pdf,tekst,https://bip-ugkuznica.podlaskie.eu/resource/20528/RAPORT+O+STANIE+GMINY+KU%25C5%25B9NICA+ZA+2024+ROK.pdf,direct_without_tor,6b68d80bdc8e2df5ff800dd785d3ccfe4a42d2e3f46f38f4b41f938395ac1315,200,2026-09-04T22:41:19Z,,6.601,true
1440,podlaskie,sokólski,Kuźnica,gmina wiejska,2011052,2025,ok_finalnie,pdf,tekst,https://bip-ugkuznica.podlaskie.eu/resource/20705/Raport+o+stanie+gminy+Ku%25C5%25BAnica+za+2025+rok.pdf,direct_without_tor,1704e1aa8fa9990926ed1041475c02968e759bae8b2249939fb6edfca09078c2,200,2026-09-04T22:42:42Z,,6.343,true
1441,podlaskie,sokólski,Nowy Dwór,gmina wiejska,2011062,2018,ok_finalnie,pdf,tekst,https://bip-ugnowydwor.podlaskie.eu/resource/4875/zarzadzenie_19_35,direct_without_tor,4a9cbe1bc5453cbf9d2dfce534e23fb9eb275ee17ea02d95f5807778aa0fc89d,200,2026-09-04T22:02:29Z,,0.125,true
1442,podlaskie,sokólski,Nowy Dwór,gmina wiejska,2011062,2019,ok_finalnie,pdf,tekst,https://bip-ugnowydwor.podlaskie.eu/resource/5088/zarzadzenie_20_36,direct_without_tor,4cb1b3962d848310cd008f294656d97c689ce70a7aa401e510ac76f6a4facfe7,200,2026-09-04T22:02:31Z,,0.142,true
1443,podlaskie,sokólski,Nowy Dwór,gmina wiejska,2011062,2020,ok_finalnie,pdf,tekst,https://bip-ugnowydwor.podlaskie.eu/resource/5728/zarzadzenie_21_36.pdf,direct_without_tor,5b5bc93dd7979bce765c87619fffe82c165cead32ba412c3e720a959d0502868,200,2026-09-04T22:02:34Z,,0.677,true
1444,podlaskie,sokólski,Nowy Dwór,gmina wiejska,2011062,2021,ok_finalnie,pdf,tekst,https://bip-ugnowydwor.podlaskie.eu/resource/6182/zarzadzenie_22_41.pdf,direct_without_tor,b401ebd63ea6599cbe07120949d8f38a5df1861c297c9b95092e186b8105f994,200,2026-09-04T22:02:37Z,,0.283,true
1445,podlaskie,sokólski,Nowy Dwór,gmina wiejska,2011062,2022,ok_finalnie,pdf,tekst,https://bip-ugnowydwor.podlaskie.eu/resource/6477/zarzadzenie_23_32.pdf,direct_without_tor,dbb9c18f2f4f47d9f93ff71d6edbaafdbd5ab89aee28a61963b7dab64fd23bf5,200,2026-09-04T22:02:39Z,,0.319,true
1446,podlaskie,sokólski,Nowy Dwór,gmina wiejska,2011062,2023,ok_finalnie,pdf,tekst,https://bip-ugnowydwor.podlaskie.eu/resource/6834/zarzadzenie_24_8.pdf,direct_without_tor,b7f7addf219d6db2a7115c291562b5ff9f7577d8c660ac3b9e69f2081df587ea,200,2026-09-04T22:02:41Z,,0.321,true
1447,podlaskie,sokólski,Nowy Dwór,gmina wiejska,2011062,2024,ok_finalnie,pdf,tekst,https://bip-ugnowydwor.podlaskie.eu/resource/7201/zarzadzenie_25_32.pdf,direct_without_tor,982f537ba92c59d7fdfd63637b0224606680b4e2a47c82f2e096c68d199b5ab0,200,2026-09-04T22:02:44Z,,0.658,true
1448,podlaskie,sokólski,Nowy Dwór,gmina wiejska,2011062,2025,ok_finalnie,pdf,tekst,https://bip-ugnowydwor.podlaskie.eu/resource/7400/zarzadzenie_26_24.pdf,direct_without_tor,ce9e4d4524a0d0021a95457a505126d641e0c37ffe453bc0c8d5c53f0a5adc63,200,2026-09-04T22:02:46Z,,0.917,true
1449,podlaskie,sokólski,Sidra,gmina wiejska,2011072,2018,ok_finalnie,pdf,tekst,https://bip-ugsidra.podlaskie.eu/resource/8947/Zarz%25C4%2585dzenie+Nr+31_2019.pdf,direct_without_tor,093884b36a3dfc64436d4b3b8a802004c88cddfc4cdc2493ef94970d6ea8541f,200,2026-09-04T22:02:37Z,,0.19,true
1450,podlaskie,sokólski,Sidra,gmina wiejska,2011072,2019,ok_finalnie,pdf,tekst,https://bip-ugsidra.podlaskie.eu/resource/9851/12721/Za%C5%82.+Nr+1++do+Zarz%C4%85dzenie+-+Raport+o+stanie+Gminy+Sidra+za+2019+r_.pdf,direct_without_tor,a1081b8ef8a6618ae8b15059861b9eb07413d84ef81c3efaf90fb3edd8ad339c,200,2026-09-04T22:02:39Z,,1.63,true
1451,podlaskie,sokólski,Sidra,gmina wiejska,2011072,2020,ok_finalnie,pdf,tekst,https://bip-ugsidra.podlaskie.eu/resource/10667/Za%C5%82.+Nr+1+-+Raport+o+stanie+Gminy+Sidra+za+2020+r_.pdf,direct_without_tor,ce7cf7a40105563d188e60705b32875a208e716c3bcc9ab7a266ae2757fec2ca,200,2026-09-04T22:02:43Z,,1.599,true
1452,podlaskie,sokólski,Sidra,gmina wiejska,2011072,2021,ok_finalnie,pdf,tekst,https://bip-ugsidra.podlaskie.eu/resource/11200/Za%C5%82.+Nr+1+do+Zarz%C4%85dznia+-Raport+o+stanie+Gminy+Sidra+za+2021+r_.pdf,direct_without_tor,763425cd8de7b74b93f4cd32dac9d1e1f80011062ab1e4345c47fcbf9fdd2d6b,200,2026-09-04T22:02:46Z,,1.524,true
1453,podlaskie,sokólski,Sidra,gmina wiejska,2011072,2022,ok_finalnie,pdf,tekst,https://bip-ugsidra.podlaskie.eu/resource/11615/Za%C5%82.+Nr+1+-+Raport+o+stanie+Gminy+Sidra+za+2022+r_.pdf,direct_without_tor,583bb1eeaf3dca97463e94acb0b74a6252280fa6f0edfd405e1641d2b1eab76d,200,2026-09-04T22:02:49Z,,1.302,true
1454,podlaskie,sokólski,Sidra,gmina wiejska,2011072,2023,ok_finalnie,pdf,tekst,https://bip-ugsidra.podlaskie.eu/resource/12058/Za%C5%82.+Nr+1+do+Zarz%C4%85dzenia+-+Raport+o+stanie+Gminy+Sidra+za+2023+r_.pdf,direct_without_tor,46e830cef63770f8b5d82ac277ecf0072664b874faf641eca6b1c25b5605b7db,200,2026-09-04T22:02:52Z,,1.479,true
1455,podlaskie,sokólski,Sidra,gmina wiejska,2011072,2024,ok_finalnie,pdf,tekst,https://bip-ugsidra.podlaskie.eu/resource/12499/Za%C5%82.+Nr+1+-+Raport+o+stanie+Gminy+Sidra+za+2024+r_.pdf,direct_without_tor,ffb155997809ad2dc49670b1ce1daab5d665617ca6fed1243bcb74008e283e00,200,2026-09-04T22:02:54Z,,0.652,true
1456,podlaskie,sokólski,Sidra,gmina wiejska,2011072,2025,ok_finalnie,pdf,tekst,https://bip-ugsidra.podlaskie.eu/resource/12903/Za%C5%82.+Nr+1+-+Raport+o+stanie+Gminy+Sidra+za+2025+r_-sig.pdf,direct_without_tor,0de6c81bd22ddf8365b1d2e81d404bca283d3a44d08cf654a6e4fa737a6f408c,200,2026-09-04T22:02:57Z,,0.957,true
1457,podlaskie,sokólski,Sokółka,gmina miejsko-wiejska,2011083,2018,ok_finalnie,pdf,tekst,https://sokolka.pl/pliki/2019/06/raport_gmina_sokolka_2018.pdf,direct_without_tor,e69c45f5af6c2cd449be21606f619be8f4a4e0b6fd7836b624a24e8f07178157,200,2026-09-04T22:02:49Z,,8.956,true
1458,podlaskie,sokólski,Sokółka,gmina miejsko-wiejska,2011083,2019,ok_finalnie,pdf,tekst,https://sokolka.pl/pliki/2020/07/raport_stan_gminy_2019.pdf,direct_without_tor,b16ba08e054d545c7bb67215976bd1f7fed5f870fe08a0fc8e8ae29597a5f5af,200,2026-09-04T22:02:53Z,,10.45,true
1459,podlaskie,sokólski,Sokółka,gmina miejsko-wiejska,2011083,2020,ok_finalnie,pdf,tekst,https://sokolka.pl/pliki/2021/06/raport_o_stanie_gminy_sokolka_2020.pdf,direct_without_tor,150a1e5790960de116dbf2b3ba42e4ebee89953ac90a9f20c37dd18275b5efc8,200,2026-09-04T22:02:57Z,,14.782,true
1460,podlaskie,sokólski,Sokółka,gmina miejsko-wiejska,2011083,2021,ok_finalnie,pdf,tekst,https://sokolka.pl/pliki/2022/06/raport_o_stanie_gminy_sokolka_za_2021_rok.pdf,direct_without_tor,490138babb64bdbf89760e0b9546d2628192f6166828d9df356b7f1dcd39a79c,200,2026-09-04T22:03:02Z,,23.433,true
1461,podlaskie,sokólski,Sokółka,gmina miejsko-wiejska,2011083,2022,ok_finalnie,pdf,tekst,https://sokolka.pl/pliki/2023/06/raport_o_stanie_gminy_sokolka_2022.pdf,direct_without_tor,10c08ba502bb0f5f567c064c1881e20687a773dea6e3b8c41d874b560c996e16,200,2026-09-04T22:03:06Z,,17.094,true
1462,podlaskie,sokólski,Sokółka,gmina miejsko-wiejska,2011083,2023,ok_finalnie,pdf,tekst,https://sokolka.pl/pliki/2024/06/raport_o_stanie_gminy_sokolka_za_rok_2023.pdf,direct_without_tor,a64ce90aa9408b6c30eecfab405b065a86baaeffc204c8e119088791ad7b13bf,200,2026-09-04T22:03:11Z,,19.606,true
1463,podlaskie,sokólski,Sokółka,gmina miejsko-wiejska,2011083,2024,ok_finalnie,pdf,tekst,https://sokolka.pl/pliki/2025/06/raport_o_stanie_gminy_sokolka_za_rok_2024.pdf,direct_without_tor,154840449d44cc9dbb8cc6c32b4b4f7c5957ee41b0a94308162c4a55e08b004b,200,2026-09-04T22:03:15Z,,14.301,true
1464,podlaskie,sokólski,Sokółka,gmina miejsko-wiejska,2011083,2025,ok_finalnie,pdf,tekst,https://sokolka.pl/pliki/2026/06/raport-o-stanie-gminy-sokolka-za-2025-rok.pdf,direct_without_tor,6be77603f52a8492fb56e059fc8549b716376eb4234b1fb274e6d550c4109541,200,2026-09-04T22:03:24Z,,60.987,true
1465,podlaskie,sokólski,Suchowola,gmina miejsko-wiejska,2011093,2018,ok_finalnie,pdf,tekst,https://bip-umsuchowola.podlaskie.eu/resource/116456/RAPORT+O+STANIE+GMINY+SUCHOWOLA+-+za+2018.pdf,direct_without_tor,87c14c4027cf4a0a35484e099a95241573c4092e7af19afce50c56c680aeb09f,200,2026-09-04T22:02:49Z,,1.013,true
1466,podlaskie,sokólski,Suchowola,gmina miejsko-wiejska,2011093,2019,ok_finalnie,pdf,tekst,https://bip-umsuchowola.podlaskie.eu/resource/116948/RAPORT+O+STANIE+GMINY+za+2019+r.pdf,direct_without_tor,175c768886fcaea0d65beb9f7e99b70eaa5ed1ce1e3a686d05d0aec0f09faee7,200,2026-09-04T22:02:53Z,,1.033,true
1467,podlaskie,sokólski,Suchowola,gmina miejsko-wiejska,2011093,2020,ok_finalnie,pdf,tekst,https://bip-umsuchowola.podlaskie.eu/resource/117543/RAPORT+o+stanie+Gminy+Suchowola+za+2020+rok.pdf,direct_without_tor,b37e171dd18015ce992d02c5ed0e58933feb0149ba260a4d032ed976e8d9f012,200,2026-09-04T22:02:56Z,,1.345,true
1468,podlaskie,sokólski,Suchowola,gmina miejsko-wiejska,2011093,2021,ok_finalnie,pdf,tekst,https://bip-umsuchowola.podlaskie.eu/resource/117907/Raport+o+stanie+Gminy+Suchowola+za+2021+rok.pdf,direct_without_tor,846db5503ac9c1fffc97572c6e6fb5369913c71f3df63e6bf293cb3b26a9d144,200,2026-09-04T22:02:59Z,,2.003,true
1469,podlaskie,sokólski,Suchowola,gmina miejsko-wiejska,2011093,2022,ok_finalnie,pdf,tekst,https://bip-umsuchowola.podlaskie.eu/resource/118234/Raport+o+stanie+Gminy+Suchowola+za+2022+r.pdf,direct_without_tor,d3ab09c4f90d1438d170b66544a5799eec5edb9da06b234375619c2cb06f85d0,200,2026-09-04T22:03:02Z,,2.05,true
1470,podlaskie,sokólski,Suchowola,gmina miejsko-wiejska,2011093,2023,ok_finalnie,pdf,tekst,https://bip-umsuchowola.podlaskie.eu/resource/118609/Raport+o+stanie+gminy+za+2023+rok.pdf,direct_without_tor,4738e9da4f5636d1a8150848ebc5e003c15f94d2e478303b6401483d2e9ab596,200,2026-09-04T22:03:06Z,,1.905,true
1471,podlaskie,sokólski,Suchowola,gmina miejsko-wiejska,2011093,2024,ok_finalnie,pdf,tekst,https://bip-umsuchowola.podlaskie.eu/resource/119126/Raport+o+stanie+Gminy+Suchowola+za+2024+rok.pdf,direct_without_tor,ce91a054ee52668b93dba08e475b9ff100e63164dab0debf7ec83fd2e570bb59,200,2026-09-04T22:03:09Z,,2.051,true
1472,podlaskie,sokólski,Suchowola,gmina miejsko-wiejska,2011093,2025,ok_finalnie,pdf,tekst,https://bip-umsuchowola.podlaskie.eu/resource/119710/Raport+o+stanie+gminy+Suchowola+za+2025+rok.pdf,direct_without_tor,f8fd8de22b6bdc151ac8bc4790bbac66db865d79ba4dbdd9ef84d85a2ed3b914,200,2026-09-04T22:03:12Z,,2.517,true
1473,podlaskie,sokólski,Szudziałowo,gmina wiejska,2011102,2018,ok_finalnie,pdf,tekst,https://bip-ugszudzialowo.podlaskie.eu/resource/116745/Raport+o+stanie+Gminy+Szudzia%C5%82owo+za+2018+rok.pdf,direct_without_tor + ocr,d21e72f78b155c2f2520dc16e8f86c381e43b65d0009a8163ba621e30d1999b0,200,2026-09-05T00:08:46Z,,0.662,true
1474,podlaskie,sokólski,Szudziałowo,gmina wiejska,2011102,2019,ok_finalnie,pdf,tekst,https://bip-ugszudzialowo.podlaskie.eu/resource/117419/raport+o+stanie+gminy+za+2019+r..pdf,direct_without_tor,38e0675f6cb98a356336778cfbed5424ab8ee5cc92dbf94611dea71768cc39b1,200,2026-09-04T22:33:19Z,,1.182,true
1475,podlaskie,sokólski,Szudziałowo,gmina wiejska,2011102,2020,ok_finalnie,pdf,skan,https://bip-ugszudzialowo.podlaskie.eu/resource/118098/Raport+o+stanie+Gminy+Szudzia%C5%82owo+za+2020+rok.pdf,direct_without_tor,4e9263e2cd33d160c6bdef34529577ff09cab70104095d08a8e6bd6d9ce59a3a,200,2026-09-04T22:33:50Z,,24.016,true
1476,podlaskie,sokólski,Szudziałowo,gmina wiejska,2011102,2021,ok_finalnie,pdf,skan,https://bip-ugszudzialowo.podlaskie.eu/resource/118513/Raport+o+stanie+gminy+za+2021+rok.pdf,direct_without_tor_ssl_off,0d061d66c7872a39379e95a093cb316c1f2be9ca13e817f3bd5e0f3a32028aa1,200,2026-09-04T23:39:46Z,,18.801,true
1477,podlaskie,sokólski,Szudziałowo,gmina wiejska,2011102,2022,ok_finalnie,pdf,skan,https://bip-ugszudzialowo.podlaskie.eu/resource/118720/Raport+o+stanie+gminy+2022.pdf,direct_without_tor_ssl_off,c909a5a3d687b0b0460c6b532327950332b49dd5b0795cef5035e2676143d22e,200,2026-09-04T23:46:06Z,,19.669,true
1478,podlaskie,sokólski,Szudziałowo,gmina wiejska,2011102,2023,ok_finalnie,pdf,tekst,https://bip-ugszudzialowo.podlaskie.eu/resource/119026/raport+o+stanie+gminy+za+2023+r..pdf,direct_without_tor,d02e86b429822bf644e95e2753cb9cee0b63d6f6b08990a8d57b90711cd037dd,200,2026-09-04T22:33:52Z,,0.93,true
1479,podlaskie,sokólski,Szudziałowo,gmina wiejska,2011102,2024,ok_finalnie,pdf,tekst,https://bip-ugszudzialowo.podlaskie.eu/resource/119250/komunikat+przewodniczacego+rady+gminy.pdf,direct_without_tor,86ea753dc1983c5c78fa702afe08f9136faaab626cdbf3936258793ff18c4833,200,2026-09-04T22:33:54Z,,0.204,true
1480,podlaskie,sokólski,Szudziałowo,gmina wiejska,2011102,2025,ok_finalnie,pdf,tekst,https://bip-ugszudzialowo.podlaskie.eu/resource/119407/komunikat+przewodniczacego+rady+gminy.pdf,direct_without_tor,65ade90c33acdccc054af5122ee8e0408fd2c45890beab149916d8e77f92b270,200,2026-09-04T22:33:57Z,,0.212,true
1481,podlaskie,suwalski,Bakałarzewo,gmina wiejska,2012012,2018,ok_finalnie,pdf,tekst,https://bakalarzewo.biuletyn.net/fls/bip_pliki/2022_10/BIPOLD003521/3521.pdf,direct_without_tor,296f292c2f63cc5a449427dd8588ba314983de91321ed2f6e9591dc752957ae0,200,2026-09-04T22:02:59Z,,0.766,true
1482,podlaskie,suwalski,Bakałarzewo,gmina wiejska,2012012,2019,ok_finalnie,pdf,tekst,https://bakalarzewo.biuletyn.net/fls/bip_pliki/2022_10/BIPOLD003953/3953.pdf,direct_without_tor,79ce869284df249e7fc5325ed6861549a7ca38b77d9ae2891fa3ed19035744e1,200,2026-09-04T22:03:02Z,,0.759,true
1483,podlaskie,suwalski,Bakałarzewo,gmina wiejska,2012012,2020,ok_finalnie,pdf,tekst,https://bakalarzewo.biuletyn.net/fls/bip_pliki/2022_10/BIPOLD004463/4463.pdf,direct_without_tor,0c54c1eb954f34b5041092fb3ff62312dc31393268a28f3172905b8bd052cea5,200,2026-09-04T22:03:08Z,,0.922,true
1484,podlaskie,suwalski,Bakałarzewo,gmina wiejska,2012012,2021,ok_finalnie,pdf,tekst,https://bakalarzewo.biuletyn.net/fls/bip_pliki/2022_10/BIPOLD005242/5242.pdf,direct_without_tor,0ebc2aa5a61ecf3c05049065642553fe1711ea528de7164416a3042f9bf88dfb,200,2026-09-04T22:03:12Z,,1.446,true
1485,podlaskie,suwalski,Bakałarzewo,gmina wiejska,2012012,2022,ok_finalnie,pdf,tekst,https://bakalarzewo.biuletyn.net/fls/bip_pliki/2023_05/BIPF5FB7B1B462F82Z/zarzadzenie_Raport_o_stanie_Gminy.pdf,direct_without_tor,793459549c20b2b3870c31c6265f4452d0e153df7a0d20c04d605227cbde842f,200,2026-09-04T22:03:15Z,,2.274,true
1486,podlaskie,suwalski,Bakałarzewo,gmina wiejska,2012012,2023,ok_finalnie,pdf,tekst,https://bakalarzewo.biuletyn.net/fls/bip_pliki/2024_05/BIPF6188C68BC0CEZ/3.pdf,direct_without_tor,a9334d644535f49a400600702a3112e2001f56c6114ddd669bf1bf06591b469f,200,2026-09-04T22:03:18Z,,1.336,true
1487,podlaskie,suwalski,Bakałarzewo,gmina wiejska,2012012,2024,ok_finalnie,pdf,tekst,https://bakalarzewo.biuletyn.net/fls/bip_pliki/2025_05/BIPF635B6B58DE336Z/108.pdf,direct_without_tor,fadc1250ea72c6d66a7005cd7f2d82a17f936c2940234fdebaeafd1a4a3c0dcd,200,2026-09-04T22:03:22Z,,2.173,true
1488,podlaskie,suwalski,Bakałarzewo,gmina wiejska,2012012,2025,ok_finalnie,pdf,tekst,https://bakalarzewo.biuletyn.net/fls/bip_pliki/2026_05/BIPF651C5D3F02E6CZ/209MN.pdf,direct_without_tor,c18fa97b54454dffcd746df37391be96344193ae37544eb10b46512a7ee036f2,200,2026-09-04T22:03:27Z,,5.22,true
1489,podlaskie,suwalski,Filipów,gmina wiejska,2012022,2018,ok_finalnie,pdf,tekst,https://filipow.bip.gov.pl/fobjects/download/790955/raport_o_stanie_gminy_za_2018_rok-pdf.html,tor_pl_ip,e1414f33fa1a9d0fc0b3104261c50c085e0a98b9e6cc6ee264284aa366dc61d3,200,2026-09-05T00:23:44Z,,0.528,true
1490,podlaskie,suwalski,Filipów,gmina wiejska,2012022,2019,ok_finalnie,pdf,tekst,https://filipow.bip.gov.pl/fobjects/download/790969/raport_o_stanie_gminy_za_2019_rok-2-pdf.html,tor_pl_ip,7ff770d7e26fae7cb0c2721ae7745fdc7d8f8b901b33fae484da056e75eeccea,200,2026-09-05T00:23:47Z,,0.715,true
1491,podlaskie,suwalski,Filipów,gmina wiejska,2012022,2020,ok_finalnie,pdf,tekst,https://filipow.bip.gov.pl/fobjects/download/947900/raport-o-stanie-gminy-za-2020-rok-pdf.html,tor_pl_ip,dd0a1698a21db7a92219b4e577b1e72b097aafcecda7009a4dde252a6e5c365a,200,2026-09-05T00:23:50Z,,0.612,true
1492,podlaskie,suwalski,Filipów,gmina wiejska,2012022,2021,ok_finalnie,pdf,tekst,https://filipow.bip.gov.pl/fobjects/download/1198771/raport-o-stanie-gminy-za-2021-rok-pdf.html,tor_pl_ip,a9c545e3a13ae95779a254920091aa29e9fbd8ac05facf81fc09f93704c72cad,200,2026-09-05T00:23:55Z,,0.756,true
1493,podlaskie,suwalski,Filipów,gmina wiejska,2012022,2022,ok_finalnie,pdf,tekst,https://filipow.bip.gov.pl/fobjects/download/1476567/raport-o-stanie-gminy-za-2022-rok-po-zmianach-pdf.html,tor_pl_ip,aaf0254523ab90e22c1b27e737aa16f16002363b7bfba863a3d5c608d5755e1e,200,2026-09-05T00:23:57Z,,0.779,true
1494,podlaskie,suwalski,Filipów,gmina wiejska,2012022,2023,ok_finalnie,pdf,tekst,https://filipow.bip.gov.pl/fobjects/download/1658587/raport-o-stanie-gminy-za-2023-rok-pdf.html,tor_pl_ip,96f40cd176ddf616caba6d11edcbaa1fc4a25fff4a20231b8383d030a1bec1b1,200,2026-09-05T00:24:02Z,,1.386,true
1495,podlaskie,suwalski,Filipów,gmina wiejska,2012022,2024,ok_finalnie,pdf,tekst,https://filipow.bip.gov.pl/fobjects/download/1982967/raport-o-stanie-gminy-za-2024-rok-pdf.html,tor_pl_ip,fff91be9d3fce6015b2fc0eaa15e18e8d7d09f2969c741c8f2ec950e07aaad76,200,2026-09-05T00:24:07Z,,1.475,true
1496,podlaskie,suwalski,Filipów,gmina wiejska,2012022,2025,ok_finalnie,pdf,tekst,https://filipow.bip.gov.pl/fobjects/download/2262996/raport-o-stanie-gminy-za-2025-rok-sig-pdf.html,tor_pl_ip,1b94ff3d497a3e323f5e8d502b2d6c5c5e576e3dca1588a8ed20e2d809e4d28c,200,2026-09-05T00:24:11Z,,1.192,true
1497,podlaskie,suwalski,Raczki,gmina wiejska,2012052,2018,ok_finalnie,pdf,tekst,http://bip.raczki.pl/archiwum/www.bip.raczki.pl/upload/raport_2019.pdf,direct_without_tor,3f80e2a493b550f8c4d2cd22d02964aa56a22b0bb19144a4a3c1d5da831c10a7,200,2026-09-04T22:28:43Z,,1.087,true
1498,podlaskie,suwalski,Raczki,gmina wiejska,2012052,2019,ok_finalnie,pdf,tekst,https://bip.raczki.pl/fls/bip_pliki/2020_05/BIPF5A55E853B5EF5Z/raport_2019.pdf,direct_without_tor,e886613f0b5e196171b5adb6ab13c6d93726851ca479bcbbd646253ee77f0273,200,2026-09-04T22:28:46Z,,0.953,true
1499,podlaskie,suwalski,Raczki,gmina wiejska,2012052,2020,ok_finalnie,pdf,tekst,https://bip.raczki.pl/fls/bip_pliki/2021_04/BIPF5C10379CBE4A1Z/raport_stan_gminy_za_2020.pdf,direct_without_tor,0f8a874efcbf6d3dc014f3c7ad3a4cea44699eb1379184c5015e26a99d97347f,200,2026-09-04T22:28:48Z,,1.065,true
1500,podlaskie,suwalski,Raczki,gmina wiejska,2012052,2021,ok_finalnie,pdf,tekst,https://bip.raczki.pl/fls/bip_pliki/2022_05/BIPF5DEB6D31602A5Z/raport_22.pdf,direct_without_tor,f20dbcc0f28eb55dfb87c8a50f09aee5a4341ca298011aa93304c87f468bdd9b,200,2026-09-04T22:28:51Z,,0.727,true
1501,podlaskie,suwalski,Raczki,gmina wiejska,2012052,2022,ok_finalnie,pdf,tekst,https://bip.raczki.pl/fls/bip_pliki/2023_06/BIPF5FD0EFEE06E2Z/raport_gmina_22_2_23.pdf,direct_without_tor,185d629aa0069b8e5a10372e0123fb2eafa662a19a3a251fa2668cd775247a1e,200,2026-09-04T22:59:15Z,,1.181,true
1502,podlaskie,suwalski,Raczki,gmina wiejska,2012052,2023,ok_finalnie,pdf,tekst,https://raczki.biuletyn.net/fls/bip_pliki/2024_05/BIPF618643CF910C2Z/raport_za_2023_24.pdf,direct_without_tor,b9ec2061959786d3739ab9b542ba5a46876230415a5b55b8c75080e80c688a16,200,2026-09-04T22:43:17Z,,1.174,true
1503,podlaskie,suwalski,Raczki,gmina wiejska,2012052,2024,ok_finalnie,pdf,tekst,http://www.bip.raczki.pl/fls/bip_pliki/2025_05/BIPF6350346E6A345Z/raport_2024.pdf,direct_without_tor,93faa49e985e0ff469b94f66f43f61731a081adc8615e537fe80a5c4952fa31c,200,2026-09-04T22:43:18Z,,1.099,true
1504,podlaskie,suwalski,Raczki,gmina wiejska,2012052,2025,ok_finalnie,pdf,tekst,https://bip.raczki.pl/fls/bip_pliki/2026_05/BIPF65185B79E2F6BZ/Raport_o_stanie_gminy_Raczki_za_2025r._BIP__002_.pdf,direct_without_tor,d0bcc01a411c2363273cefadd0f4fd70768915874f631ca5dcbe7f5b816bd38f,200,2026-09-04T22:59:15Z,,1.343,true
1505,podlaskie,suwalski,Suwałki,gmina wiejska,2012072,2018,ok_finalnie,pdf,skan,https://bip-ugsuwalki.podlaskie.eu/resource/file/download-file/id.9826/attachment.1,direct_without_tor,8a0aa3e0b31790b56603f67c557202015794923d2422df11df8fcdf8ff26de9f,200,2026-09-04T22:03:30Z,,23.245,true
1506,podlaskie,suwalski,Suwałki,gmina wiejska,2012072,2019,ok_finalnie,pdf,tekst,https://bip-ugsuwalki.podlaskie.eu/resource/file/download-file/id.9825/attachment.1,direct_without_tor,e58b46f10ef146d488d4994a368aeed44c4bb6412681ef445744fddd25149672,200,2026-09-04T22:03:33Z,,2.077,true
1507,podlaskie,suwalski,Suwałki,gmina wiejska,2012072,2020,ok_finalnie,docx,tekst,https://bip-ugsuwalki.podlaskie.eu/resource/116570/raport+o+stanie+Gminy.docx,direct_without_tor,b7aa86fead77a9fe56e73df3d9376200b620f0546cebee97a85e78ee29d49254,200,2026-09-04T22:03:35Z,,0.201,true
1508,podlaskie,suwalski,Suwałki,gmina wiejska,2012072,2021,ok_finalnie,docx,tekst,https://bip-ugsuwalki.podlaskie.eu/resource/117137/Raport+o+stanie+Gminy+Suwa%C5%82ki+za+rok+2021.docx,direct_without_tor,73327385d995ef4614a236f2372703663de64275f02c98df74d5a1f3917de03d,200,2026-09-04T22:03:38Z,,0.223,true
1509,podlaskie,suwalski,Suwałki,gmina wiejska,2012072,2022,ok_finalnie,pdf,skan,https://bip-ugsuwalki.podlaskie.eu/resource/117687/Raport+o+stanie++Gminy+Suwa%C5%82ki+za+rok+2022.pdf,direct_without_tor,f0e194120b2296bcd3cbd88ada8710480d32612bfb0637d23fd5890b5d508c74,200,2026-09-04T22:03:57Z,,5.06,true
1510,podlaskie,suwalski,Suwałki,gmina wiejska,2012072,2023,ok_finalnie,pdf,skan,https://bip-ugsuwalki.podlaskie.eu/resource/118340/SKMBT_C22024052709010.pdf,direct_without_tor,46ec06d7904f72cabaebef09e096f833806d4bb9cd676a153e88071fa2c90402,200,2026-09-04T22:04:16Z,,7.554,true
1511,podlaskie,suwalski,Suwałki,gmina wiejska,2012072,2024,ok_finalnie,docx,tekst,https://bip-ugsuwalki.podlaskie.eu/resource/118884/RAPORT+O+STANIE+GMINY+2024.docx,direct_without_tor,edb7c03a8f4ccf62786737ef5361a97b779b9b2d014d75d1996e38021d889d38,200,2026-09-04T22:04:19Z,,0.325,true
1512,podlaskie,suwalski,Suwałki,gmina wiejska,2012072,2025,ok_finalnie,docx,tekst,https://bip-ugsuwalki.podlaskie.eu/resource/119443/RAPORT+O+STANIE+GMINY+za+2025+rok.docx,direct_without_tor,bfc66d0cd6870caff4433b4ec5da9cef612a11f27229c521bdc36951b56d0a19,200,2026-09-04T22:04:21Z,,0.329,true
1513,podlaskie,wysokomazowiecki,Ciechanowiec,gmina miejsko-wiejska,2013023,2018,ok_finalnie,pdf,tekst,https://bip-umciechanowiec.podlaskie.eu/resource/116367/Raport+o+stanie+Gminy+Ciechanowiec+za+2018+rok.pdf,direct_without_tor,2519d6fe7f57bef56fcf16ee493d47fdce517dcf827438620548241e54412516,200,2026-09-04T22:03:27Z,,4.826,true
1514,podlaskie,wysokomazowiecki,Ciechanowiec,gmina miejsko-wiejska,2013023,2019,ok_finalnie,pdf,tekst,https://bip-umciechanowiec.podlaskie.eu/resource/117362/Raport+o+stanie+Gminy+Ciechanowiec+za+2019+rok.pdf,direct_without_tor,6242ab837432516e996745a512ce0870270a09251735a287a559ca517781bc45,200,2026-09-04T22:03:31Z,,4.363,true
1515,podlaskie,wysokomazowiecki,Ciechanowiec,gmina miejsko-wiejska,2013023,2020,ok_finalnie,pdf,tekst,https://bip-umciechanowiec.podlaskie.eu/resource/118497/Raport+o+stanie+gminy+za+2020+26.04.2021+r..pdf,direct_without_tor,bce048fce28db26fcfd0010bfaf25c20c78b32f4ef870efdab9b184c7182ba50,200,2026-09-04T22:03:35Z,,1.842,true
1516,podlaskie,wysokomazowiecki,Ciechanowiec,gmina miejsko-wiejska,2013023,2021,ok_finalnie,pdf,tekst,https://bip-umciechanowiec.podlaskie.eu/resource/119244/Raport+o+stanie+gminy+2021+-+12.05.2022.pdf,direct_without_tor,aa0cce5a8b6f2b5064c2fadc27a936045c33154c07ae668c9a3cbb0c8355402b,200,2026-09-04T22:03:39Z,,1.965,true
1517,podlaskie,wysokomazowiecki,Ciechanowiec,gmina miejsko-wiejska,2013023,2022,ok_finalnie,docx,tekst,https://bip-umciechanowiec.podlaskie.eu/resource/119747/Raport+o+stanie+gminy+za+2022+rok.docx,direct_without_tor,3e6fd6517e1226494beb03fc95350f0d3c3e489ed8f139e848d243c39e50a21a,200,2026-09-04T22:03:43Z,,1.86,true
1518,podlaskie,wysokomazowiecki,Ciechanowiec,gmina miejsko-wiejska,2013023,2023,ok_finalnie,pdf,tekst,https://bip-umciechanowiec.podlaskie.eu/resource/120138/Raport+o+stanie+gminy+za+2023+rok.pdf,direct_without_tor,0e010243a21f439d35a00580e6722871dccb4ebd9d32efe22cce35151bc8c41a,200,2026-09-04T22:03:46Z,,2.095,true
1519,podlaskie,wysokomazowiecki,Ciechanowiec,gmina miejsko-wiejska,2013023,2024,ok_finalnie,pdf,tekst,https://bip-umciechanowiec.podlaskie.eu/resource/120506/Raport+o+stanie+gminy+za+2024+rok.pdf,direct_without_tor,f74413f81bb3b8568973188818f71b5be3db28e2d0e0ac525318997f3362c588,200,2026-09-04T22:03:49Z,,2.336,true
1520,podlaskie,wysokomazowiecki,Ciechanowiec,gmina miejsko-wiejska,2013023,2025,ok_finalnie,pdf,tekst,https://bip-umciechanowiec.podlaskie.eu/resource/120822/Raport+o+stanie+gminy+za+2025+r.pdf,direct_without_tor,daf45cf5d2001b7867535a1dbc4a2e4adfdd7563b2a67b388afbc0cf6be5d2a6,200,2026-09-04T22:03:52Z,,2.637,true
1521,podlaskie,wysokomazowiecki,Czyżew,gmina miejsko-wiejska,2013033,2018,ok_finalnie,pdf,skan,https://umczyzew.biuletyn.net/fls/bip_pliki/2020_10/BIPOLD008367/8367.pdf,direct_without_tor,65141fdc18ffb3851f97e5d7dd96557c3c204c6e5681c2b5c7d9a73791d3f9ca,200,2026-09-04T22:03:50Z,,42.565,true
1522,podlaskie,wysokomazowiecki,Czyżew,gmina miejsko-wiejska,2013033,2019,ok_finalnie,pdf,tekst,https://umczyzew.biuletyn.net/fls/bip_pliki/2021_11/BIPF5D17581CD301EZ/RAPORT_O_STANIE_2019.pdf,direct_without_tor,52eb6791667436420ee3aea09df33008172e6fc4ef4c5c930ff6869e99e819c2,200,2026-09-04T22:03:55Z,,4.926,true
1523,podlaskie,wysokomazowiecki,Czyżew,gmina miejsko-wiejska,2013033,2020,ok_finalnie,pdf,tekst,https://umczyzew.biuletyn.net/fls/bip_pliki/2021_11/BIPF5D17580F9EAFFZ/RAPORT_O_STANIE_2020.pdf,direct_without_tor,c7fef4f5c47c2b54739a8631218ca054de9511c24c9609a53ddc9a4fb0108d22,200,2026-09-04T22:04:00Z,,5.84,true
1524,podlaskie,wysokomazowiecki,Czyżew,gmina miejsko-wiejska,2013033,2021,ok_finalnie,pdf,tekst,https://umczyzew.biuletyn.net/fls/bip_pliki/2022_05/BIPF5E04839F41756Z/RAPORT_o_STANIE_rok_2022_akt..pdf,direct_without_tor,a03941a0744470346940c099dcf507941d7a5cc30241ed6255dda3df707e41ca,200,2026-09-04T22:04:05Z,,7.44,true
1525,podlaskie,wysokomazowiecki,Czyżew,gmina miejsko-wiejska,2013033,2022,ok_finalnie,pdf,tekst,https://umczyzew.biuletyn.net/fls/bip_pliki/2023_06/BIPF5FE10F257F7E7Z/RAPORT_o_STANIE_rok_2022_aktualny.pdf,direct_without_tor,b701d7bd10a93e0c8643e71e5b69ad714355fa33aed694259f26e568783dc76e,200,2026-09-04T22:04:09Z,,4.338,true
1526,podlaskie,wysokomazowiecki,Czyżew,gmina miejsko-wiejska,2013033,2023,ok_finalnie,pdf,tekst,https://umczyzew.biuletyn.net/fls/bip_pliki/2024_05/BIPF619974A77AC1EZ/RAPORT_o_STANIE_za_rok_2023_nowy.pdf,direct_without_tor,558f853604ca46bdf0b31d5ddd50fdaabd5433cf524bf602a3d9875880f83122,200,2026-09-04T22:04:13Z,,3.388,true
1527,podlaskie,wysokomazowiecki,Czyżew,gmina miejsko-wiejska,2013033,2024,ok_finalnie,pdf,skan,https://umczyzew.biuletyn.net/fls/bip_pliki/2025_05/BIPF6365B6E8B6121Z/Raport_o_stanie_Gminy_Czyzew_za_rok_2024.pdf,direct_without_tor,40d9a02bbf41a3b69d351d3dcf12835978c25eb1e716ab151f52e16d7825d821,200,2026-09-04T22:59:15Z,,42.892,true
1528,podlaskie,wysokomazowiecki,Czyżew,gmina miejsko-wiejska,2013033,2025,ok_finalnie,pdf,tekst,https://umczyzew.biuletyn.net/fls/bip_pliki/2026_06/BIPF6540A095D197AZ/Raport_2025.pdf,direct_without_tor,e7efa09bf1f9cb55ca4e4a71b0943813de330bec3281e6b351e39ce152a21168,200,2026-09-04T22:04:51Z,,6.866,true
1529,podlaskie,wysokomazowiecki,Klukowo,gmina wiejska,2013042,2018,ok_finalnie,pdf,tekst,https://bip-ugklukowo.podlaskie.eu/resource/file/download-file/id.3449/attachment.1,direct_without_tor,c6911e3a1f95fd2a49f7918ece70cf82930650e53b40032ce0fb6e4b8835202e,200,2026-09-04T22:03:54Z,,0.549,true
1530,podlaskie,wysokomazowiecki,Klukowo,gmina wiejska,2013042,2019,ok_finalnie,docx,tekst,https://bip-ugklukowo.podlaskie.eu/resource/file/download-file/id.3974/attachment.1,direct_without_tor,5936ed62b57f89717c73b890ba2459c51bfd73fd2e61d6efaad07b05d660db35,200,2026-09-04T22:03:57Z,,0.284,true
1531,podlaskie,wysokomazowiecki,Klukowo,gmina wiejska,2013042,2020,ok_finalnie,pdf,tekst,https://bip-ugklukowo.podlaskie.eu/resource/116932/Raport+o+Stanie+Gminy+Klukowo+za+2020+-ostateczny.pdf,direct_without_tor,60de508ea43648750da57da3ed5ae8b86264295f5978c6618f91d7b6d7c8cf25,200,2026-09-04T22:04:00Z,,1.44,true
1532,podlaskie,wysokomazowiecki,Klukowo,gmina wiejska,2013042,2021,ok_finalnie,pdf,tekst,https://bip-ugklukowo.podlaskie.eu/resource/117138/Raport+o+Stanie+Gminy+Klukowo+za+2021.pdf,direct_without_tor,1152bea9a8ee3571e405ce62e260619ba01e646380be8885fbba80b3e7aceef5,200,2026-09-04T22:04:03Z,,0.961,true
1533,podlaskie,wysokomazowiecki,Klukowo,gmina wiejska,2013042,2022,ok_finalnie,pdf,tekst,https://bip-ugklukowo.podlaskie.eu/resource/117261/Raport+o+stanie+gminy+Klukowo+za+2022+r.+.pdf,direct_without_tor,c43e97eb74d2be90004ca846ea6f10bc5cb7780d004156c2696b4e3707a0e193,200,2026-09-04T22:04:06Z,,1.304,true
1534,podlaskie,wysokomazowiecki,Klukowo,gmina wiejska,2013042,2023,ok_finalnie,pdf,tekst,https://bip-ugklukowo.podlaskie.eu/resource/116930/Raport+o+stanie+gminy+za+2023+r..pdf,direct_without_tor,8772dea027497a1e5da66fe3c25b068a8cd6a52e8ce396e5577385cbf0a37ef2,200,2026-09-04T22:04:09Z,,1.018,true
1535,podlaskie,wysokomazowiecki,Klukowo,gmina wiejska,2013042,2024,ok_finalnie,pdf,tekst,https://bip-ugklukowo.podlaskie.eu/resource/117472/Raport+o+stanie+gminy+za+2024+r.pdf,direct_without_tor,66d9bd7e8defe6714199cec7c4acbaabac822a0b1d9894b1f6b13acaed4d6fe0,200,2026-09-04T22:04:11Z,,0.76,true
1536,podlaskie,wysokomazowiecki,Klukowo,gmina wiejska,2013042,2025,ok_finalnie,pdf,tekst,https://bip-ugklukowo.podlaskie.eu/resource/117630/Raport+o+stanie+gminy+za+2025+rok.pdf,direct_without_tor,efbd116da8e0d300960f7f80b458bbc6c5456296d0ac36449f2a3aca0f773b8e,200,2026-09-04T22:59:15Z,,1.079,true
1537,podlaskie,wysokomazowiecki,Kobylin-Borzymy,gmina wiejska,2013052,2018,ok_finalnie,docx,tekst,https://kobylinborzymy.biuletyn.net/fls/bip_pliki/2021_04/BIPOLD003703/3703.docx,direct_without_tor,0864d0abc52bd192689926cc2ca66423cb45a16c43fa0112e9cf19dff0cbc485,200,2026-09-04T22:43:20Z,,1.428,true
1538,podlaskie,wysokomazowiecki,Kobylin-Borzymy,gmina wiejska,2013052,2019,brak_finalnie,brak,,brak,"dogłębne sprawdzenie (BIP biuletyn.net + uchwały o wotum + web search + Wayback + archiwa) - dowód istnienia raportu, plik nieopublikowany",,BRAK_URL (raport udowodniony - plik nieopublikowany),2026-09-02T23:50:27Z,"NEG-plik, DOWOD ISTNIENIA POTWIERDZONY (tura 5, 01.09.2026). Uchwala Nr VI/36/19 Rady Gminy Kobylin-Borzymy w sprawie udzielenia Wojtowi wotum zaufania (z tytulu przedstawienia raportu o stanie gminy) odnaleziona i dostepna jako plik PDF w BIP - dowodzi, ze raport za ten rocznik powstal i byl rozpatrzony. Wyczerpano: (1) skan przestrzeni artykulow ?bip=2&cid=1252&id=N w zakresie 3000-7600 (pelny zakres istniejacych ID serwisu) - jedyny opublikowany raport 28aa to id=5562 za 2018 rok; (2) skan wszystkich kategorii cid=1..1500 oraz 307 cid z mapy serwisu, w trybie biezacym i archiwalnym (bsc=T) - brak sekcji z raportami; (3) Wayback CDX dla kobylinborzymy.biuletyn.net oraz /fls/* = 0 wynikow dla frazy raport; (4) gmina nie posiada odrebnego serwisu www (brak DNS dla kobylinborzymy.pl i wariantow); (5) wyszukiwarki internetowe. Sam plik raportu za ten rocznik nie zostal opublikowany w BIP. | TURA 8 (wznowienie po wygasnieciu blokady IP): przeskanowano PELNA przestrzen artykulow ?bip=2&cid=1252&id={3000-7500} (lagodny throttling, 6 watkow) z detekcja po tytule ORAZ po nazwie zalacznika fls/bip_pliki. Znaleziono dokladnie 6 pozycji z fraza ""raport"": id.5562 = raport 28aa za 2018 (jedyny), id.6007 i id.7244 = obwieszczenia srodowiskowe (raport oddzialywania), id.6827/7074/7341 = uchwaly o wotum zaufania. Dodatkowo pobrano i sprawdzono zalaczniki wszystkich 7 uchwal o wotum (id.5631, 5774, 5994, 6267, 6573, 6827, 7074) - kazda zawiera wylacznie plik samej uchwaly, bez zalacznika z raportem. PRZESTRZEN WYCZERPANA: gmina opublikowala w BIP tylko raport za 2018. | TURA 11: sprawdzono rodzine zrodel prawomiejscowe.pl (Baza Aktow Wlasnych) dla wszystkich 56 jednostek z brakami - platforma zwraca HTTP 200 i IDENTYCZNA strone-szkielet o stalej dlugosci 75 124 B rowniez dla nieistniejacej instytucji (test kontrolny: /UrzadGminyNieIstniejeXyz), a jej listy aktow laduja sie dynamicznie i nie zawieraja frazy ""raport"". Rodzina odrzucona jako nieprzydatna - analogiczna pulapka jak strona marketingowa eSesja (36 759 B). | TURA 12 (nowe rodziny zrodel): sprawdzono i wykluczono: (1) Common Crawl - indeks odpowiada, ale dla domen gmin zwraca wylacznie rekordy HTML bez plikow raportow, a przy intensywniejszym odpytywaniu host przechodzi w stan http=000 (rate-limit); (2) archive.today (.ph/.today/.is/.li) - HTTP 429, platforma blokuje adresacje tego srodowiska; (3) arquivo.pt oraz Memento TimeTravel - brak odpowiedzi/brak zasobow dla domen PL; (4) prawomiejscowe.pl - wykluczone w turze 11 (strona-szkielet 75 124 B dla dowolnej instytucji); (5) brute-force nazw plikow na serwerze idcom (bip-v1-files, 18 000 kombinacji ID wiadomosci x 12 typowych nazw) - 0 trafien, zgodnie z ustalona regula o nieskutecznosci zgadywania nazw; (6) skanowanie stron raportowych pod katem linkow do chmur zewnetrznych (Google Drive, Power BI, OneDrive, Dropbox, SharePoint) - poza Stawiguda zadna gmina nie hostuje raportu poza wlasnym BIP.",,true
1539,podlaskie,wysokomazowiecki,Kobylin-Borzymy,gmina wiejska,2013052,2020,brak_finalnie,brak,,brak,dogłębne sprawdzenie (BIP + Wayback + archiwa + wyszukiwarki) - szczegóły w failure_reason,,BRAK_URL (raport udowodniony - plik nieopublikowany),2026-09-01T10:23:57Z,"NEG-plik, DOWOD ISTNIENIA POTWIERDZONY (tura 5, 01.09.2026). Uchwala Nr XVI/84/20 Rady Gminy Kobylin-Borzymy w sprawie udzielenia Wojtowi wotum zaufania (z tytulu przedstawienia raportu o stanie gminy) odnaleziona i dostepna jako plik PDF w BIP - dowodzi, ze raport za ten rocznik powstal i byl rozpatrzony. Wyczerpano: (1) skan przestrzeni artykulow ?bip=2&cid=1252&id=N w zakresie 3000-7600 (pelny zakres istniejacych ID serwisu) - jedyny opublikowany raport 28aa to id=5562 za 2018 rok; (2) skan wszystkich kategorii cid=1..1500 oraz 307 cid z mapy serwisu, w trybie biezacym i archiwalnym (bsc=T) - brak sekcji z raportami; (3) Wayback CDX dla kobylinborzymy.biuletyn.net oraz /fls/* = 0 wynikow dla frazy raport; (4) gmina nie posiada odrebnego serwisu www (brak DNS dla kobylinborzymy.pl i wariantow); (5) wyszukiwarki internetowe. Sam plik raportu za ten rocznik nie zostal opublikowany w BIP. | TURA 8 (wznowienie po wygasnieciu blokady IP): przeskanowano PELNA przestrzen artykulow ?bip=2&cid=1252&id={3000-7500} (lagodny throttling, 6 watkow) z detekcja po tytule ORAZ po nazwie zalacznika fls/bip_pliki. Znaleziono dokladnie 6 pozycji z fraza ""raport"": id.5562 = raport 28aa za 2018 (jedyny), id.6007 i id.7244 = obwieszczenia srodowiskowe (raport oddzialywania), id.6827/7074/7341 = uchwaly o wotum zaufania. Dodatkowo pobrano i sprawdzono zalaczniki wszystkich 7 uchwal o wotum (id.5631, 5774, 5994, 6267, 6573, 6827, 7074) - kazda zawiera wylacznie plik samej uchwaly, bez zalacznika z raportem. PRZESTRZEN WYCZERPANA: gmina opublikowala w BIP tylko raport za 2018. | TURA 11: sprawdzono rodzine zrodel prawomiejscowe.pl (Baza Aktow Wlasnych) dla wszystkich 56 jednostek z brakami - platforma zwraca HTTP 200 i IDENTYCZNA strone-szkielet o stalej dlugosci 75 124 B rowniez dla nieistniejacej instytucji (test kontrolny: /UrzadGminyNieIstniejeXyz), a jej listy aktow laduja sie dynamicznie i nie zawieraja frazy ""raport"". Rodzina odrzucona jako nieprzydatna - analogiczna pulapka jak strona marketingowa eSesja (36 759 B). | TURA 12 (nowe rodziny zrodel): sprawdzono i wykluczono: (1) Common Crawl - indeks odpowiada, ale dla domen gmin zwraca wylacznie rekordy HTML bez plikow raportow, a przy intensywniejszym odpytywaniu host przechodzi w stan http=000 (rate-limit); (2) archive.today (.ph/.today/.is/.li) - HTTP 429, platforma blokuje adresacje tego srodowiska; (3) arquivo.pt oraz Memento TimeTravel - brak odpowiedzi/brak zasobow dla domen PL; (4) prawomiejscowe.pl - wykluczone w turze 11 (strona-szkielet 75 124 B dla dowolnej instytucji); (5) brute-force nazw plikow na serwerze idcom (bip-v1-files, 18 000 kombinacji ID wiadomosci x 12 typowych nazw) - 0 trafien, zgodnie z ustalona regula o nieskutecznosci zgadywania nazw; (6) skanowanie stron raportowych pod katem linkow do chmur zewnetrznych (Google Drive, Power BI, OneDrive, Dropbox, SharePoint) - poza Stawiguda zadna gmina nie hostuje raportu poza wlasnym BIP.",,true
1540,podlaskie,wysokomazowiecki,Kobylin-Borzymy,gmina wiejska,2013052,2021,brak_finalnie,brak,,brak,"dogłębne sprawdzenie (BIP biuletyn.net + uchwały o wotum + web search + Wayback + archiwa) - dowód istnienia raportu, plik nieopublikowany",,BRAK_URL (raport udowodniony - plik nieopublikowany),2026-09-02T23:50:27Z,"NEG-plik, DOWOD ISTNIENIA POTWIERDZONY (tura 5, 01.09.2026). Uchwala Nr XXIV/123/21 Rady Gminy Kobylin-Borzymy w sprawie udzielenia Wojtowi wotum zaufania (z tytulu przedstawienia raportu o stanie gminy) odnaleziona i dostepna jako plik PDF w BIP - dowodzi, ze raport za ten rocznik powstal i byl rozpatrzony. Wyczerpano: (1) skan przestrzeni artykulow ?bip=2&cid=1252&id=N w zakresie 3000-7600 (pelny zakres istniejacych ID serwisu) - jedyny opublikowany raport 28aa to id=5562 za 2018 rok; (2) skan wszystkich kategorii cid=1..1500 oraz 307 cid z mapy serwisu, w trybie biezacym i archiwalnym (bsc=T) - brak sekcji z raportami; (3) Wayback CDX dla kobylinborzymy.biuletyn.net oraz /fls/* = 0 wynikow dla frazy raport; (4) gmina nie posiada odrebnego serwisu www (brak DNS dla kobylinborzymy.pl i wariantow); (5) wyszukiwarki internetowe. Sam plik raportu za ten rocznik nie zostal opublikowany w BIP. | TURA 8 (wznowienie po wygasnieciu blokady IP): przeskanowano PELNA przestrzen artykulow ?bip=2&cid=1252&id={3000-7500} (lagodny throttling, 6 watkow) z detekcja po tytule ORAZ po nazwie zalacznika fls/bip_pliki. Znaleziono dokladnie 6 pozycji z fraza ""raport"": id.5562 = raport 28aa za 2018 (jedyny), id.6007 i id.7244 = obwieszczenia srodowiskowe (raport oddzialywania), id.6827/7074/7341 = uchwaly o wotum zaufania. Dodatkowo pobrano i sprawdzono zalaczniki wszystkich 7 uchwal o wotum (id.5631, 5774, 5994, 6267, 6573, 6827, 7074) - kazda zawiera wylacznie plik samej uchwaly, bez zalacznika z raportem. PRZESTRZEN WYCZERPANA: gmina opublikowala w BIP tylko raport za 2018. | TURA 11: sprawdzono rodzine zrodel prawomiejscowe.pl (Baza Aktow Wlasnych) dla wszystkich 56 jednostek z brakami - platforma zwraca HTTP 200 i IDENTYCZNA strone-szkielet o stalej dlugosci 75 124 B rowniez dla nieistniejacej instytucji (test kontrolny: /UrzadGminyNieIstniejeXyz), a jej listy aktow laduja sie dynamicznie i nie zawieraja frazy ""raport"". Rodzina odrzucona jako nieprzydatna - analogiczna pulapka jak strona marketingowa eSesja (36 759 B). | TURA 12 (nowe rodziny zrodel): sprawdzono i wykluczono: (1) Common Crawl - indeks odpowiada, ale dla domen gmin zwraca wylacznie rekordy HTML bez plikow raportow, a przy intensywniejszym odpytywaniu host przechodzi w stan http=000 (rate-limit); (2) archive.today (.ph/.today/.is/.li) - HTTP 429, platforma blokuje adresacje tego srodowiska; (3) arquivo.pt oraz Memento TimeTravel - brak odpowiedzi/brak zasobow dla domen PL; (4) prawomiejscowe.pl - wykluczone w turze 11 (strona-szkielet 75 124 B dla dowolnej instytucji); (5) brute-force nazw plikow na serwerze idcom (bip-v1-files, 18 000 kombinacji ID wiadomosci x 12 typowych nazw) - 0 trafien, zgodnie z ustalona regula o nieskutecznosci zgadywania nazw; (6) skanowanie stron raportowych pod katem linkow do chmur zewnetrznych (Google Drive, Power BI, OneDrive, Dropbox, SharePoint) - poza Stawiguda zadna gmina nie hostuje raportu poza wlasnym BIP.",,true
1541,podlaskie,wysokomazowiecki,Kobylin-Borzymy,gmina wiejska,2013052,2022,brak_finalnie,brak,,brak,"dogłębne sprawdzenie (BIP biuletyn.net + uchwały o wotum + web search + Wayback + archiwa) - dowód istnienia raportu, plik nieopublikowany",,BRAK_URL (raport udowodniony - plik nieopublikowany),2026-09-02T23:50:27Z,"NEG-plik, DOWOD ISTNIENIA POTWIERDZONY (tura 5, 01.09.2026). Uchwala Nr XXXIII/172/22 Rady Gminy Kobylin-Borzymy w sprawie udzielenia Wojtowi wotum zaufania (z tytulu przedstawienia raportu o stanie gminy) odnaleziona i dostepna jako plik PDF w BIP - dowodzi, ze raport za ten rocznik powstal i byl rozpatrzony. Wyczerpano: (1) skan przestrzeni artykulow ?bip=2&cid=1252&id=N w zakresie 3000-7600 (pelny zakres istniejacych ID serwisu) - jedyny opublikowany raport 28aa to id=5562 za 2018 rok; (2) skan wszystkich kategorii cid=1..1500 oraz 307 cid z mapy serwisu, w trybie biezacym i archiwalnym (bsc=T) - brak sekcji z raportami; (3) Wayback CDX dla kobylinborzymy.biuletyn.net oraz /fls/* = 0 wynikow dla frazy raport; (4) gmina nie posiada odrebnego serwisu www (brak DNS dla kobylinborzymy.pl i wariantow); (5) wyszukiwarki internetowe. Sam plik raportu za ten rocznik nie zostal opublikowany w BIP. | TURA 8 (wznowienie po wygasnieciu blokady IP): przeskanowano PELNA przestrzen artykulow ?bip=2&cid=1252&id={3000-7500} (lagodny throttling, 6 watkow) z detekcja po tytule ORAZ po nazwie zalacznika fls/bip_pliki. Znaleziono dokladnie 6 pozycji z fraza ""raport"": id.5562 = raport 28aa za 2018 (jedyny), id.6007 i id.7244 = obwieszczenia srodowiskowe (raport oddzialywania), id.6827/7074/7341 = uchwaly o wotum zaufania. Dodatkowo pobrano i sprawdzono zalaczniki wszystkich 7 uchwal o wotum (id.5631, 5774, 5994, 6267, 6573, 6827, 7074) - kazda zawiera wylacznie plik samej uchwaly, bez zalacznika z raportem. PRZESTRZEN WYCZERPANA: gmina opublikowala w BIP tylko raport za 2018. | TURA 11: sprawdzono rodzine zrodel prawomiejscowe.pl (Baza Aktow Wlasnych) dla wszystkich 56 jednostek z brakami - platforma zwraca HTTP 200 i IDENTYCZNA strone-szkielet o stalej dlugosci 75 124 B rowniez dla nieistniejacej instytucji (test kontrolny: /UrzadGminyNieIstniejeXyz), a jej listy aktow laduja sie dynamicznie i nie zawieraja frazy ""raport"". Rodzina odrzucona jako nieprzydatna - analogiczna pulapka jak strona marketingowa eSesja (36 759 B). | TURA 12 (nowe rodziny zrodel): sprawdzono i wykluczono: (1) Common Crawl - indeks odpowiada, ale dla domen gmin zwraca wylacznie rekordy HTML bez plikow raportow, a przy intensywniejszym odpytywaniu host przechodzi w stan http=000 (rate-limit); (2) archive.today (.ph/.today/.is/.li) - HTTP 429, platforma blokuje adresacje tego srodowiska; (3) arquivo.pt oraz Memento TimeTravel - brak odpowiedzi/brak zasobow dla domen PL; (4) prawomiejscowe.pl - wykluczone w turze 11 (strona-szkielet 75 124 B dla dowolnej instytucji); (5) brute-force nazw plikow na serwerze idcom (bip-v1-files, 18 000 kombinacji ID wiadomosci x 12 typowych nazw) - 0 trafien, zgodnie z ustalona regula o nieskutecznosci zgadywania nazw; (6) skanowanie stron raportowych pod katem linkow do chmur zewnetrznych (Google Drive, Power BI, OneDrive, Dropbox, SharePoint) - poza Stawiguda zadna gmina nie hostuje raportu poza wlasnym BIP.",,true
1542,podlaskie,wysokomazowiecki,Kobylin-Borzymy,gmina wiejska,2013052,2023,brak_finalnie,brak,,brak,"dogłębne sprawdzenie (BIP biuletyn.net + uchwały o wotum + web search + Wayback + archiwa) - dowód istnienia raportu, plik nieopublikowany",,BRAK_URL (raport udowodniony - plik nieopublikowany),2026-09-02T23:50:27Z,"NEG-plik, DOWOD ISTNIENIA POTWIERDZONY (tura 5, 01.09.2026). Uchwala Nr XL/208/23 Rady Gminy Kobylin-Borzymy w sprawie udzielenia Wojtowi wotum zaufania (z tytulu przedstawienia raportu o stanie gminy) odnaleziona i dostepna jako plik PDF w BIP - dowodzi, ze raport za ten rocznik powstal i byl rozpatrzony. Wyczerpano: (1) skan przestrzeni artykulow ?bip=2&cid=1252&id=N w zakresie 3000-7600 (pelny zakres istniejacych ID serwisu) - jedyny opublikowany raport 28aa to id=5562 za 2018 rok; (2) skan wszystkich kategorii cid=1..1500 oraz 307 cid z mapy serwisu, w trybie biezacym i archiwalnym (bsc=T) - brak sekcji z raportami; (3) Wayback CDX dla kobylinborzymy.biuletyn.net oraz /fls/* = 0 wynikow dla frazy raport; (4) gmina nie posiada odrebnego serwisu www (brak DNS dla kobylinborzymy.pl i wariantow); (5) wyszukiwarki internetowe. Sam plik raportu za ten rocznik nie zostal opublikowany w BIP. | TURA 8 (wznowienie po wygasnieciu blokady IP): przeskanowano PELNA przestrzen artykulow ?bip=2&cid=1252&id={3000-7500} (lagodny throttling, 6 watkow) z detekcja po tytule ORAZ po nazwie zalacznika fls/bip_pliki. Znaleziono dokladnie 6 pozycji z fraza ""raport"": id.5562 = raport 28aa za 2018 (jedyny), id.6007 i id.7244 = obwieszczenia srodowiskowe (raport oddzialywania), id.6827/7074/7341 = uchwaly o wotum zaufania. Dodatkowo pobrano i sprawdzono zalaczniki wszystkich 7 uchwal o wotum (id.5631, 5774, 5994, 6267, 6573, 6827, 7074) - kazda zawiera wylacznie plik samej uchwaly, bez zalacznika z raportem. PRZESTRZEN WYCZERPANA: gmina opublikowala w BIP tylko raport za 2018. | TURA 11: sprawdzono rodzine zrodel prawomiejscowe.pl (Baza Aktow Wlasnych) dla wszystkich 56 jednostek z brakami - platforma zwraca HTTP 200 i IDENTYCZNA strone-szkielet o stalej dlugosci 75 124 B rowniez dla nieistniejacej instytucji (test kontrolny: /UrzadGminyNieIstniejeXyz), a jej listy aktow laduja sie dynamicznie i nie zawieraja frazy ""raport"". Rodzina odrzucona jako nieprzydatna - analogiczna pulapka jak strona marketingowa eSesja (36 759 B). | TURA 12 (nowe rodziny zrodel): sprawdzono i wykluczono: (1) Common Crawl - indeks odpowiada, ale dla domen gmin zwraca wylacznie rekordy HTML bez plikow raportow, a przy intensywniejszym odpytywaniu host przechodzi w stan http=000 (rate-limit); (2) archive.today (.ph/.today/.is/.li) - HTTP 429, platforma blokuje adresacje tego srodowiska; (3) arquivo.pt oraz Memento TimeTravel - brak odpowiedzi/brak zasobow dla domen PL; (4) prawomiejscowe.pl - wykluczone w turze 11 (strona-szkielet 75 124 B dla dowolnej instytucji); (5) brute-force nazw plikow na serwerze idcom (bip-v1-files, 18 000 kombinacji ID wiadomosci x 12 typowych nazw) - 0 trafien, zgodnie z ustalona regula o nieskutecznosci zgadywania nazw; (6) skanowanie stron raportowych pod katem linkow do chmur zewnetrznych (Google Drive, Power BI, OneDrive, Dropbox, SharePoint) - poza Stawiguda zadna gmina nie hostuje raportu poza wlasnym BIP.",,true
1543,podlaskie,wysokomazowiecki,Kobylin-Borzymy,gmina wiejska,2013052,2024,brak_finalnie,brak,,brak,"dogłębne sprawdzenie (BIP biuletyn.net + uchwały o wotum + web search + Wayback + archiwa) - dowód istnienia raportu, plik nieopublikowany",,BRAK_URL (raport udowodniony - plik nieopublikowany),2026-09-02T23:50:27Z,"NEG-plik, DOWOD ISTNIENIA POTWIERDZONY (tura 5, 01.09.2026). Uchwala III/12/24 Rady Gminy Kobylin-Borzymy w sprawie udzielenia Wojtowi wotum zaufania (z tytulu przedstawienia raportu o stanie gminy) odnaleziona i dostepna jako plik PDF w BIP - dowodzi, ze raport za ten rocznik powstal i byl rozpatrzony. Wyczerpano: (1) skan przestrzeni artykulow ?bip=2&cid=1252&id=N w zakresie 3000-7600 (pelny zakres istniejacych ID serwisu) - jedyny opublikowany raport 28aa to id=5562 za 2018 rok; (2) skan wszystkich kategorii cid=1..1500 oraz 307 cid z mapy serwisu, w trybie biezacym i archiwalnym (bsc=T) - brak sekcji z raportami; (3) Wayback CDX dla kobylinborzymy.biuletyn.net oraz /fls/* = 0 wynikow dla frazy raport; (4) gmina nie posiada odrebnego serwisu www (brak DNS dla kobylinborzymy.pl i wariantow); (5) wyszukiwarki internetowe. Sam plik raportu za ten rocznik nie zostal opublikowany w BIP. | TURA 8 (wznowienie po wygasnieciu blokady IP): przeskanowano PELNA przestrzen artykulow ?bip=2&cid=1252&id={3000-7500} (lagodny throttling, 6 watkow) z detekcja po tytule ORAZ po nazwie zalacznika fls/bip_pliki. Znaleziono dokladnie 6 pozycji z fraza ""raport"": id.5562 = raport 28aa za 2018 (jedyny), id.6007 i id.7244 = obwieszczenia srodowiskowe (raport oddzialywania), id.6827/7074/7341 = uchwaly o wotum zaufania. Dodatkowo pobrano i sprawdzono zalaczniki wszystkich 7 uchwal o wotum (id.5631, 5774, 5994, 6267, 6573, 6827, 7074) - kazda zawiera wylacznie plik samej uchwaly, bez zalacznika z raportem. PRZESTRZEN WYCZERPANA: gmina opublikowala w BIP tylko raport za 2018. | TURA 11: sprawdzono rodzine zrodel prawomiejscowe.pl (Baza Aktow Wlasnych) dla wszystkich 56 jednostek z brakami - platforma zwraca HTTP 200 i IDENTYCZNA strone-szkielet o stalej dlugosci 75 124 B rowniez dla nieistniejacej instytucji (test kontrolny: /UrzadGminyNieIstniejeXyz), a jej listy aktow laduja sie dynamicznie i nie zawieraja frazy ""raport"". Rodzina odrzucona jako nieprzydatna - analogiczna pulapka jak strona marketingowa eSesja (36 759 B). | TURA 12 (nowe rodziny zrodel): sprawdzono i wykluczono: (1) Common Crawl - indeks odpowiada, ale dla domen gmin zwraca wylacznie rekordy HTML bez plikow raportow, a przy intensywniejszym odpytywaniu host przechodzi w stan http=000 (rate-limit); (2) archive.today (.ph/.today/.is/.li) - HTTP 429, platforma blokuje adresacje tego srodowiska; (3) arquivo.pt oraz Memento TimeTravel - brak odpowiedzi/brak zasobow dla domen PL; (4) prawomiejscowe.pl - wykluczone w turze 11 (strona-szkielet 75 124 B dla dowolnej instytucji); (5) brute-force nazw plikow na serwerze idcom (bip-v1-files, 18 000 kombinacji ID wiadomosci x 12 typowych nazw) - 0 trafien, zgodnie z ustalona regula o nieskutecznosci zgadywania nazw; (6) skanowanie stron raportowych pod katem linkow do chmur zewnetrznych (Google Drive, Power BI, OneDrive, Dropbox, SharePoint) - poza Stawiguda zadna gmina nie hostuje raportu poza wlasnym BIP.",,true
1544,podlaskie,wysokomazowiecki,Kobylin-Borzymy,gmina wiejska,2013052,2025,brak_finalnie,brak,,brak,"dogłębne sprawdzenie (BIP biuletyn.net + uchwały o wotum + web search + Wayback + archiwa) - dowód istnienia raportu, plik nieopublikowany",,BRAK_URL (raport udowodniony - plik nieopublikowany),2026-09-02T23:50:27Z,"NEG-plik, DOWOD ISTNIENIA POTWIERDZONY (tura 5, 01.09.2026). Uchwala X/51/25 Rady Gminy Kobylin-Borzymy w sprawie udzielenia Wojtowi wotum zaufania (z tytulu przedstawienia raportu o stanie gminy) odnaleziona i dostepna jako plik PDF w BIP - dowodzi, ze raport za ten rocznik powstal i byl rozpatrzony. Wyczerpano: (1) skan przestrzeni artykulow ?bip=2&cid=1252&id=N w zakresie 3000-7600 (pelny zakres istniejacych ID serwisu) - jedyny opublikowany raport 28aa to id=5562 za 2018 rok; (2) skan wszystkich kategorii cid=1..1500 oraz 307 cid z mapy serwisu, w trybie biezacym i archiwalnym (bsc=T) - brak sekcji z raportami; (3) Wayback CDX dla kobylinborzymy.biuletyn.net oraz /fls/* = 0 wynikow dla frazy raport; (4) gmina nie posiada odrebnego serwisu www (brak DNS dla kobylinborzymy.pl i wariantow); (5) wyszukiwarki internetowe. Sam plik raportu za ten rocznik nie zostal opublikowany w BIP. | TURA 8 (wznowienie po wygasnieciu blokady IP): przeskanowano PELNA przestrzen artykulow ?bip=2&cid=1252&id={3000-7500} (lagodny throttling, 6 watkow) z detekcja po tytule ORAZ po nazwie zalacznika fls/bip_pliki. Znaleziono dokladnie 6 pozycji z fraza ""raport"": id.5562 = raport 28aa za 2018 (jedyny), id.6007 i id.7244 = obwieszczenia srodowiskowe (raport oddzialywania), id.6827/7074/7341 = uchwaly o wotum zaufania. Dodatkowo pobrano i sprawdzono zalaczniki wszystkich 7 uchwal o wotum (id.5631, 5774, 5994, 6267, 6573, 6827, 7074) - kazda zawiera wylacznie plik samej uchwaly, bez zalacznika z raportem. PRZESTRZEN WYCZERPANA: gmina opublikowala w BIP tylko raport za 2018. | TURA 11: sprawdzono rodzine zrodel prawomiejscowe.pl (Baza Aktow Wlasnych) dla wszystkich 56 jednostek z brakami - platforma zwraca HTTP 200 i IDENTYCZNA strone-szkielet o stalej dlugosci 75 124 B rowniez dla nieistniejacej instytucji (test kontrolny: /UrzadGminyNieIstniejeXyz), a jej listy aktow laduja sie dynamicznie i nie zawieraja frazy ""raport"". Rodzina odrzucona jako nieprzydatna - analogiczna pulapka jak strona marketingowa eSesja (36 759 B). | TURA 12 (nowe rodziny zrodel): sprawdzono i wykluczono: (1) Common Crawl - indeks odpowiada, ale dla domen gmin zwraca wylacznie rekordy HTML bez plikow raportow, a przy intensywniejszym odpytywaniu host przechodzi w stan http=000 (rate-limit); (2) archive.today (.ph/.today/.is/.li) - HTTP 429, platforma blokuje adresacje tego srodowiska; (3) arquivo.pt oraz Memento TimeTravel - brak odpowiedzi/brak zasobow dla domen PL; (4) prawomiejscowe.pl - wykluczone w turze 11 (strona-szkielet 75 124 B dla dowolnej instytucji); (5) brute-force nazw plikow na serwerze idcom (bip-v1-files, 18 000 kombinacji ID wiadomosci x 12 typowych nazw) - 0 trafien, zgodnie z ustalona regula o nieskutecznosci zgadywania nazw; (6) skanowanie stron raportowych pod katem linkow do chmur zewnetrznych (Google Drive, Power BI, OneDrive, Dropbox, SharePoint) - poza Stawiguda zadna gmina nie hostuje raportu poza wlasnym BIP.",,true
1545,podlaskie,wysokomazowiecki,Kulesze Kościelne,gmina wiejska,2013062,2018,brak_finalnie,brak,,brak,"dogłębne sprawdzenie (BIP podlaskie.eu + uchwały o wotum + web search + Wayback + archiwa) - dowód istnienia raportu, plik nieopublikowany",,sprawdzono pogłębnie 2026-09-05,2026-09-02T23:50:27Z,"NEG-plik, DOWOD ISTNIENIA POTWIERDZONY. Pogłębienie 2026-09-05: (a) stary BIP kuleszek.bip.gmina.pl (platforma gmina.pl) - martwy (404 dla wszystkich URL-i, tez przy SECLEVEL=0); archiwum.kuleszek.bip.gmina.pl - 404; Wayback CDX: 423 capture'ow domeny, ZERO plikow/stron raportowych, snapshot menu 2019 nie ma kategorii 'Raport o stanie gminy', id=490 (Google-owy link do strony 'Raport o stanie gminy') nie zarchiwizowany i nieosiagalny; (b) obecny BIP SmartSite: kategoria 'urzad-gminy/raport-o-stanie-gminy' utworzona 2023-11-14 (1 wersja), zawiera wylacznie 2023-2025; (c) CDX bip-kuleszek.wrotapodlasia.pl/bip-ugkuleszek.podlaskie.eu - zero plikow raportowych. Status bez zmian.",,true
1546,podlaskie,wysokomazowiecki,Kulesze Kościelne,gmina wiejska,2013062,2019,brak_finalnie,brak,,brak,"dogłębne sprawdzenie (BIP podlaskie.eu + uchwały o wotum + web search + Wayback + archiwa) - dowód istnienia raportu, plik nieopublikowany",,sprawdzono pogłębnie 2026-09-05,2026-09-02T23:50:27Z,"NEG-plik, DOWOD ISTNIENIA POTWIERDZONY. Pogłębienie 2026-09-05: j.w. (wiersz 1545) - stary BIP gmina.pl martwy/niezarchiwizowany dla raportow; SmartSite kategoria raportowa od 2023-11-14.",,true
1547,podlaskie,wysokomazowiecki,Kulesze Kościelne,gmina wiejska,2013062,2020,brak_finalnie,brak,,brak,"dogłębne sprawdzenie (BIP podlaskie.eu + uchwały o wotum + web search + Wayback + archiwa) - dowód istnienia raportu, plik nieopublikowany",,sprawdzono pogłębnie 2026-09-05,2026-09-02T23:50:27Z,"NEG-plik, DOWOD ISTNIENIA POTWIERDZONY. Pogłębienie 2026-09-05: j.w. (wiersz 1545).",,true
1548,podlaskie,wysokomazowiecki,Kulesze Kościelne,gmina wiejska,2013062,2021,brak_finalnie,brak,,brak,"dogłębne sprawdzenie (BIP podlaskie.eu + uchwały o wotum + web search + Wayback + archiwa) - dowód istnienia raportu, plik nieopublikowany",,sprawdzono pogłębnie 2026-09-05,2026-09-02T23:50:27Z,"NEG-plik, DOWOD ISTNIENIA POTWIERDZONY. Pogłębienie 2026-09-05: j.w. (wiersz 1545).",,true
1549,podlaskie,wysokomazowiecki,Kulesze Kościelne,gmina wiejska,2013062,2022,brak_finalnie,brak,,brak,"dogłębne sprawdzenie (BIP podlaskie.eu + uchwały o wotum + web search + Wayback + archiwa) - dowód istnienia raportu, plik nieopublikowany",,sprawdzono pogłębnie 2026-09-05,2026-09-02T23:50:27Z,"NEG-plik, DOWOD ISTNIENIA POTWIERDZONY. Pogłębienie 2026-09-05: j.w. (wiersz 1545).",,true
1550,podlaskie,wysokomazowiecki,Kulesze Kościelne,gmina wiejska,2013062,2023,ok_finalnie,pdf,tekst,https://bip-ugkuleszek.podlaskie.eu/resource/631/RAPORT+O+STANIE+GMINY+KULESZE+KO%25C5%259ACIELNE+ZA+2023+ROK.pdf,direct_without_tor,46a3be66a8481360e390b22a67c65f8387f33a8a977a211336ca974a54c69f69,200,2026-09-04T22:39:54Z,,1.875,true
1551,podlaskie,wysokomazowiecki,Kulesze Kościelne,gmina wiejska,2013062,2024,ok_finalnie,pdf,tekst,https://bip-ugkuleszek.podlaskie.eu/resource/1134/RAPORT+O+STANIE+GMINY+KULESZE+KO%25C5%259ACIELNE+ZA+2024+ROK.pdf,direct_without_tor,a43af2464a1edc29efa1e0eb5e94accd8452aee2bba200ba4f7807d0ebc4eeed,200,2026-09-04T22:39:58Z,,3.682,true
1552,podlaskie,wysokomazowiecki,Kulesze Kościelne,gmina wiejska,2013062,2025,ok_finalnie,pdf,tekst,https://bip-ugkuleszek.podlaskie.eu/resource/1552/RAPORT+O+STANIE+GMINY+KULESZE+KO%25C5%259ACIELNE+ZA+2025+ROK.pdf,direct_without_tor,342366a32e885c70b53ebcceedfb20e1ca1b4e9a50d491d3284035f05bb95724,200,2026-09-04T22:40:02Z,,4.725,true
1553,podlaskie,wysokomazowiecki,Nowe Piekuty,gmina wiejska,2013072,2018,ok_finalnie,pdf,tekst,https://bip-ugpiekuty.podlaskie.eu/resource/40/Raport+o+stanie+gminy+za+2018+rok.pdf,direct_without_tor,4645492c3a9f98f5da00ec26646bf637e617f02cd58f5cd60e69859fe3842f68,200,2026-09-04T22:34:00Z,,3.928,true
1554,podlaskie,wysokomazowiecki,Nowe Piekuty,gmina wiejska,2013072,2019,ok_finalnie,pdf,tekst,https://bip-ugpiekuty.podlaskie.eu/resource/40/Raport+o+stanie+gminy+za+2019+rok.pdf,direct_without_tor,2d73a4eee172850ccfb3228b45cec212a82e00da3d728134ea3483d771f7d1ea,200,2026-09-04T22:34:07Z,,24.87,true
1555,podlaskie,wysokomazowiecki,Nowe Piekuty,gmina wiejska,2013072,2020,ok_finalnie,pdf,tekst,https://bip-ugpiekuty.podlaskie.eu/resource/525/Raport+o+stanie+gminy+za+2020+rok.pdf,direct_without_tor,6359920ea67be9f57c52e67724f479551752265d7084bd81751542ab83bd2837,200,2026-09-04T22:34:12Z,,9.289,true
1556,podlaskie,wysokomazowiecki,Nowe Piekuty,gmina wiejska,2013072,2021,ok_finalnie,pdf,skan,https://bip-ugpiekuty.podlaskie.eu/resource/39/Raport+o+stanie+Gminy+za+2021+rok.pdf,tor_pl_ip,c58914b0ed396e14485bcee6b756976fe2577184c1d7a5303bd09a9b3d61c158,200,2026-09-05T00:31:09Z,,41.963,true
1557,podlaskie,wysokomazowiecki,Nowe Piekuty,gmina wiejska,2013072,2022,ok_finalnie,pdf,skan,https://bip-ugpiekuty.podlaskie.eu/resource/39/Raport+o+stanie+gminy+za+2022+rok.pdf,tor_pl_ip,7115ed05e12af42cba0439685029ce39ae5f1882ea9a2395fdbc2d0961fc8b12,200,2026-09-05T00:32:37Z,,50.33,true
1558,podlaskie,wysokomazowiecki,Nowe Piekuty,gmina wiejska,2013072,2023,ok_finalnie,pdf,tekst,https://bip-ugpiekuty.podlaskie.eu/resource/1284/RAPORT+o+stanie+gminy+nowe+Piekuty+za+2023+rok.pdf,direct_without_tor,d7a1e3572b48e19e39e42740ef1c65c6c799d9e34969acdba827a62b2e4ccae9,200,2026-09-04T22:35:45Z,,15.848,true
1559,podlaskie,wysokomazowiecki,Nowe Piekuty,gmina wiejska,2013072,2024,ok_finalnie,pdf,tekst,https://bip-ugpiekuty.podlaskie.eu/resource/1471/RAPORT+za+2024+rok+.pdf,direct_without_tor_ssl_off,eee514f05e4519d0be4095b1ba3434f00fe2a47b8009e0ea9ba68d4198a01b63,200,2026-09-04T23:49:06Z,,14.113,true
1560,podlaskie,wysokomazowiecki,Nowe Piekuty,gmina wiejska,2013072,2025,ok_finalnie,pdf,tekst,https://bip-ugpiekuty.podlaskie.eu/resource/1601/RAPORT+o+stanie+gminy+nowe+Piekuty+za+2025+rok.pdf,direct_without_tor,94995ffcf4a93a39f53c9cd345fc76ee17bf09f5b0933e31cdab7c7129172438,200,2026-09-04T22:38:57Z,,13.588,true
1561,podlaskie,wysokomazowiecki,Sokoły,gmina wiejska,2013082,2018,ok_finalnie,pdf,tekst,https://bip-ugsokoly.podlaskie.eu/resource/141/Raport+o+stanie+gminy+za+2018+rok.pdf,direct_without_tor,53cfc60c56d777df2468cecb61d623b208f4d5f60cf8ae09aaabcacfaa0e3e09,200,2026-09-04T22:04:16Z,,0.894,true
1562,podlaskie,wysokomazowiecki,Sokoły,gmina wiejska,2013082,2019,ok_finalnie,pdf,tekst,https://bip-ugsokoly.podlaskie.eu/resource/644/Raport-o-stanie-gminy-za-2019.pdf,direct_without_tor,8873410b99999ade0d339b7effe1fa45923bac0e9dcdc94c9a0d22fb074d491e,200,2026-09-04T22:04:20Z,,2.583,true
1563,podlaskie,wysokomazowiecki,Sokoły,gmina wiejska,2013082,2020,ok_finalnie,pdf,tekst,https://bip-ugsokoly.podlaskie.eu/resource/641/Raport+o+stanie+Gminy+Soko%C5%82y+za+2020+r..pdf,direct_without_tor,aef8e28855499146494bc4267a7ec52e6a29dfaa259e402e381c796eb7a585ad,200,2026-09-04T22:04:23Z,,6.336,true
1564,podlaskie,wysokomazowiecki,Sokoły,gmina wiejska,2013082,2021,ok_finalnie,pdf,tekst,https://bip-ugsokoly.podlaskie.eu/resource/140/Raport+o+stanie+Gminy+Soko%C5%82y+za+2021+r..pdf,direct_without_tor,f54f55effd59ec666b196953fb346813202d6f4f5f9889b3b450a4edff84f260,200,2026-09-04T22:04:28Z,,5.876,true
1565,podlaskie,wysokomazowiecki,Sokoły,gmina wiejska,2013082,2022,ok_finalnie,pdf,tekst,https://bip-ugsokoly.podlaskie.eu/resource/140/RAPORT+O+STANIE+GMINY+SOKO%C5%81Y+2022.pdf,direct_without_tor,9478b67fb3a383ab1cd3e844d3b1616a2b67bac21b71a78df7dd2c94247b2988,200,2026-09-04T22:04:32Z,,5.589,true
1566,podlaskie,wysokomazowiecki,Sokoły,gmina wiejska,2013082,2023,ok_finalnie,pdf,tekst,https://bip-ugsokoly.podlaskie.eu/resource/140/RAPORT+O+STANIE+GMINY+SOKO%C5%81Y+2023.BES+-+podpisany+elektornicznie.pdf,direct_without_tor,f2c9a97a7f4419497a64e91c76f2fb4d027de24994ae280a3e8db1b2279d4ad0,200,2026-09-04T22:04:36Z,,4.399,true
1567,podlaskie,wysokomazowiecki,Sokoły,gmina wiejska,2013082,2024,ok_finalnie,pdf,tekst,https://bip-ugsokoly.podlaskie.eu/resource/140/RAPORT+O+STANIE+GMINY+SOKO%C5%81Y+2024+%28podpisany+elektronicznie%29.pdf,direct_without_tor,100d89ea8ee38bb0dfdd06623fd6692aa64c734d8e74c28d520d26d35974725c,200,2026-09-04T22:04:40Z,,4.732,true
1568,podlaskie,wysokomazowiecki,Sokoły,gmina wiejska,2013082,2025,ok_finalnie,pdf,tekst,https://bip-ugsokoly.podlaskie.eu/resource/140/Raport+za+2025+r.+-+29.05.2026.pdf,direct_without_tor,cc1c20d0a84d943f2a8d63f00be35c31a5be1a2cd061cd313ed106c3fa54dfda,200,2026-09-04T22:04:44Z,,7.606,true
1569,podlaskie,wysokomazowiecki,Szepietowo,gmina miejsko-wiejska,2013093,2018,ok_finalnie,pdf,skan,https://szepietowo.biuletyn.net/fls/bip_pliki/2020_04/BIPOLD006831/6831.pdf,direct_without_tor,f86ce9563c717b443605fb76a5e4f68eda32e2151f89c7fcd6ad8651dae49658,200,2026-09-04T22:04:46Z,,8.111,true
1570,podlaskie,wysokomazowiecki,Szepietowo,gmina miejsko-wiejska,2013093,2019,ok_finalnie,pdf,skan,https://szepietowo.biuletyn.net/fls/bip_pliki/2020_06/BIPF5A70551ECBE78Z/Raport_o_stanie_Gminy_Szepietowo_za_2019.pdf,direct_without_tor,48a0c221c4946a590138d1ab0d7da7d82a7674761dedfb86f23769f68b305986,200,2026-09-04T22:05:13Z,,4.096,true
1571,podlaskie,wysokomazowiecki,Szepietowo,gmina miejsko-wiejska,2013093,2020,ok_finalnie,pdf,skan,https://szepietowo.biuletyn.net/fls/bip_pliki/2021_05/BIPF5C39CC114788FZ/Raport_o_stanie_gminy.pdf,direct_without_tor,d537e09751c02ac37f549b827bd3f9b752ddaf32ea0a4b655ad5230b9a32e9b4,200,2026-09-04T22:05:31Z,,6.472,true
1572,podlaskie,wysokomazowiecki,Szepietowo,gmina miejsko-wiejska,2013093,2021,ok_finalnie,pdf,tekst,https://szepietowo.biuletyn.net/fls/bip_pliki/2022_05/BIPF5E04BBC62B414Z/Raport_o_stanie_gminy_2021_wersja_dostepna.pdf,direct_without_tor,9b3f11392ea17e338a07324ccbef1dac5a9c84699a25296d5e0f236ef68a20ca,200,2026-09-04T22:05:35Z,,3.374,true
1573,podlaskie,wysokomazowiecki,Szepietowo,gmina miejsko-wiejska,2013093,2022,ok_finalnie,pdf,tekst,https://szepietowo.biuletyn.net/fls/bip_pliki/2023_05/BIPF5FC5994DE673FZ/Raport_o_stanie_gminy_za_2022.pdf,direct_without_tor,ec59b875cf0dc1042cddac96c3926117f9de4879961c5313019da3d239e0edd9,200,2026-09-04T22:05:38Z,,2.32,true
1574,podlaskie,wysokomazowiecki,Szepietowo,gmina miejsko-wiejska,2013093,2023,ok_finalnie,pdf,tekst,https://szepietowo.biuletyn.net/fls/bip_pliki/2024_05/BIPF61855DCE96B11Z/Raport_o_stanie_gminy_za_2023_.pdf,direct_without_tor,327ec7fa03721c925fd525db5c25d2fd7da918ee3ee43828157e99f07f749d4c,200,2026-09-04T22:05:41Z,,2.189,true
1575,podlaskie,wysokomazowiecki,Szepietowo,gmina miejsko-wiejska,2013093,2024,ok_finalnie,pdf,tekst,https://szepietowo.biuletyn.net/fls/bip_pliki/2025_05/BIPF63630DD72E124Z/raport_o_stanie_gminy_za_2024_dostepny-sig.pdf,direct_without_tor,cf2f6c8130652f9f916a326ed800a027e9b1e125f924d382e304ce1a79a33daf,200,2026-09-04T22:05:45Z,,2.612,true
1576,podlaskie,wysokomazowiecki,Szepietowo,gmina miejsko-wiejska,2013093,2025,ok_finalnie,pdf,tekst,https://szepietowo.biuletyn.net/fls/bip_pliki/2026_04/BIPF64FE08832E355Z/Raport_o_stanie_gminy_za_2025_r..pdf,direct_without_tor,9eb03d209110f997f19cf3b0d79e5a3a501f4ca453800d1ee8be360a508c02f7,200,2026-09-04T22:05:54Z,,6.342,true
1577,podlaskie,wysokomazowiecki,Wysokie Mazowieckie,gmina miejska,2013011,2018,ok_finalnie,pdf,tekst,https://bip-umwysokiemaz.podlaskie.eu/resource/file/download-file/id.12628/attachment.1,direct_without_tor,d9282219b42fb2afc85efc22a3ec18f42834ca789533449008ab4f858d755dbb,200,2026-09-04T22:04:49Z,,3.145,true
1578,podlaskie,wysokomazowiecki,Wysokie Mazowieckie,gmina miejska,2013011,2019,ok_finalnie,pdf,tekst,https://bip-umwysokiemaz.podlaskie.eu/resource/file/download-file/id.14293/attachment.1,direct_without_tor,3d66e5e4dc6e94d5da518965858f249df349fab27432aaf18e58a2aa6a20f215,200,2026-09-04T22:04:52Z,,2.176,true
1579,podlaskie,wysokomazowiecki,Wysokie Mazowieckie,gmina miejska,2013011,2020,ok_finalnie,pdf,tekst,https://bip-umwysokiemaz.podlaskie.eu/resource/file/download-file/id.15407/attachment.1,direct_without_tor,ef837e4b81f1aed67f879b545084c52d9aa80ca46b8668da207cc105e7ea3be3,200,2026-09-04T22:04:55Z,,2.123,true
1580,podlaskie,wysokomazowiecki,Wysokie Mazowieckie,gmina miejska,2013011,2021,ok_finalnie,pdf,tekst,https://bip-umwysokiemaz.podlaskie.eu/resource/85/RAPORT%20O%20STANIE%20MIASTA%202022.05.20.pdf/attachment.1,direct_without_tor,a1d6a6cb68405d266e2d8371a4d6ef6b52caf4e363c938de61c5db2078c581dd,200,2026-09-04T22:04:59Z,,2.242,true
1581,podlaskie,wysokomazowiecki,Wysokie Mazowieckie,gmina miejska,2013011,2022,ok_finalnie,pdf,tekst,https://bip-umwysokiemaz.podlaskie.eu/resource/328/RAPORT++2023+plik+23.05.2023.pdf/attachment.1,direct_without_tor,1841da853093b77ecbe82412dd237c24cd94f10500b1db32d8c2f173340b99e4,200,2026-09-04T22:05:02Z,,2.303,true
1582,podlaskie,wysokomazowiecki,Wysokie Mazowieckie,gmina miejska,2013011,2023,ok_finalnie,pdf,tekst,https://bip-umwysokiemaz.podlaskie.eu/resource/61/raport%20o%20stanie%20miasta%202023_last.pdf/attachment.1,direct_without_tor,1a73e416d0c17aa128e374e611483a9714e9b168e0bf3b684fea6e5cad688c93,200,2026-09-04T22:05:05Z,,1.857,true
1583,podlaskie,wysokomazowiecki,Wysokie Mazowieckie,gmina miejska,2013011,2024,ok_finalnie,pdf,tekst,https://bip-umwysokiemaz.podlaskie.eu/resource/85/raport+o+stanie+miasta+2024++stan+na+28.05.2025.pdf/attachment.1,direct_without_tor,31cf467b2e0e858e650033b6c91fb93ab52c447173ea70410556d280001a4dfe,200,2026-09-04T22:05:08Z,,1.957,true
1584,podlaskie,wysokomazowiecki,Wysokie Mazowieckie,gmina miejska,2013011,2025,ok_finalnie,pdf,tekst,https://bip-umwysokiemaz.podlaskie.eu/resource/85/Raport+o+stanie+miasta+2025_+v.+24.05.2026.pdf/attachment.1,direct_without_tor,6f8d2f29a028e2e9312bc2841375958226b2edfd7f87735efb0e72cfad801383,200,2026-09-04T22:05:12Z,,1.795,true
1585,podlaskie,wysokomazowiecki,Wysokie Mazowieckie,gmina wiejska,2013102,2018,ok_finalnie,pdf,tekst,https://ugwm.biuletyn.net/archiwum/gmwm.pl/images/_2019/Raport_o_stanie_Gminy_Wysokie_Mazowieckie.pdf,direct_without_tor,f8810ee2ab8b1c09f2a7b592ebd4fbaddb09f90bca9818fa4aad6e549eab2e71,200,2026-09-04T22:24:38Z,,1.052,true
1586,podlaskie,wysokomazowiecki,Wysokie Mazowieckie,gmina wiejska,2013102,2019,ok_finalnie,docx,tekst,https://ugwm.biuletyn.net/archiwum/ug.wysokiemazowieckie.pbip.pl/RAPORT%2b2019%2bczerw.44c4.docx?inf=5727&z=1,direct_without_tor,29924d2a7c015befe0f107f32e298c125b0422739aaa36f4f274b7c8347fed60,200,2026-09-04T22:24:40Z,,0.172,true
1587,podlaskie,wysokomazowiecki,Wysokie Mazowieckie,gmina wiejska,2013102,2020,ok_finalnie,pdf,"59 stron, warstwa tekstowa: RAPORT O STANIE GMINY WYSOKIE MAZOWIECKIE ZA 2020 ROK (art. 28aa); źródło: BIP ugwm.biuletyn.net /fls/bip_pliki/2021_05/BIPF5C35FE5CB8475Z (art. id=506, opubl. 2021-06-02, kategoria „2020"" cid=152); plik znaleziony 29/30.08.2026 i ponownie zweryfikowany live (sha256 zgodna, HTTP 200)",http://www.ugwm.biuletyn.net/fls/bip_pliki/2021_05/BIPF5C35FE5CB8475Z/RAPORT_2020_III.pdf,direct_without_tor,c4cfe867504b16da296bb485135ee9d5194d74dc374ef39023ebef1c3daf49cc,200,2026-09-04T22:43:20Z,,0.924,true
1588,podlaskie,wysokomazowiecki,Wysokie Mazowieckie,gmina wiejska,2013102,2021,ok_finalnie,pdf,tekst,https://ugwm.biuletyn.net/fls/bip_pliki/2022_06/BIPF5E074755BE83DZ/RAPORT_2021.pdf,direct_without_tor,9e3f52e9204d41f7adbcf9740647f9db554ed478c781362977f1a92a1f745536,200,2026-09-04T22:24:43Z,,0.772,true
1589,podlaskie,wysokomazowiecki,Wysokie Mazowieckie,gmina wiejska,2013102,2022,ok_finalnie,pdf,tekst,https://ugwm.biuletyn.net/fls/bip_pliki/2023_05/BIPF5FC5BF5F889CBZ/zarzadzenie_Nr_27.23.pdf,direct_without_tor,1d8c9e2790f500d13dc659a78f6ffac47756405a93f46da48d1dbc7e6b8ab1ff,200,2026-09-04T22:24:46Z,,2.621,true
1590,podlaskie,wysokomazowiecki,Wysokie Mazowieckie,gmina wiejska,2013102,2023,ok_finalnie,pdf,tekst,https://ugwm.biuletyn.net/fls/bip_pliki/2024_05/BIPF61997C86895C7Z/Raportu_o_stanie_Gminy_Wysokie_Mazowieckie_za_2023_rok.pdf,direct_without_tor,33d07e2df1eb2ece3ae65ccf051ac5af169dbc06222986970ed6905408b445c5,200,2026-09-04T22:24:48Z,,0.857,true
1591,podlaskie,wysokomazowiecki,Wysokie Mazowieckie,gmina wiejska,2013102,2024,ok_finalnie,pdf,tekst,https://ugwm.biuletyn.net/fls/bip_pliki/2025_05/BIPF63644F1A94AFZ/Raportu_o_stanie_Gminy_Wysokie_Mazowieckieza2024rok.pdf,direct_without_tor,3686be0756c93dff167738c461cb0984c405e1659bb7e0fc20eea122cf419574,200,2026-09-04T22:24:52Z,,1.669,true
1592,podlaskie,wysokomazowiecki,Wysokie Mazowieckie,gmina wiejska,2013102,2025,ok_finalnie,pdf,tekst,https://ugwm.biuletyn.net/fls/bip_pliki/2026_05/BIPF652EFFC97C908Z/Raport_o_stanie_Gminy_Wysokie_Mazowieckie_za_2025_rok.pdf,direct_without_tor,104d069360ac0bee38d7b82afb0da23cf1aa51571afd1bef385fbde26df87308,200,2026-09-04T22:24:54Z,,0.868,true
1593,podlaskie,zambrowski,Kołaki Kościelne,gmina wiejska,2014022,2018,ok_finalnie,doc,"tekst (plik DOC Word; naglowek ""RAPORT O STANIE GMINY KOŁAKI KOŚCIELNE ZA 2018 ROK""; tresc za rok 2018; 72 tys. znakow)",https://archiwum.kolaki.pl/wp-content/uploads/2019/05/Raport-o-stanie-gminy-za-2018-r..doc,KOREKTA RE-WERYFIKACJI 29.08.2026 (Kołaki Kościelne 2018): plik ODZYSKANY — pierwotny link WP kolaki.pl/wp-content/uploads/2019/05/Raport-o-stanie-gminy-za-2018-r..doc (410 Gone) jest ZYWY na mirrorze archiwum.kolaki.pl (to samo drzewo wp-content/uploads); hash sha256; tożsamość potwierdzona (catdoc cp1250),74740ab7e31f73e0da6d1d68f95a464942e45ca3c843631c7b498d353e1b3e03,200,2026-09-05T01:49:26Z,,0.376,true
1594,podlaskie,zambrowski,Kołaki Kościelne,gmina wiejska,2014022,2019,ok_finalnie,pdf,skan,https://bip-ugkolaki.podlaskie.eu/resource/file/download-file/id.5750/attachment.1,direct_without_tor,d64f4653cda6f3d3d636357079b44e478a606a6a5bd977dfc0d44f6e50947798,200,2026-09-04T22:43:30Z,,14.917,true
1595,podlaskie,zambrowski,Kołaki Kościelne,gmina wiejska,2014022,2020,ok_finalnie,pdf,raport o stanie gminy (warstwa tekstowa; 31 str.; str. 1 = Zarządzenie Nr 196/21 Wójta Gminy Kołaki Kościelne z 11.05.2021 — raport jako załącznik),https://archiwum.kolaki.pl/wp-content/uploads/2021/05/Raport-o-stanie-gminy-2020r.pdf,"KOREKTA RE-WERYFIKACJI 29.08.2026 (Kołaki Kościelne 2020): plik ODZYSKANY — pierwotny link kolaki.pl/wp-content/uploads/2021/05/Raport-o-stanie-gminy-2020r.pdf (410 Gone) ZYWY na mirrorze archiwum.kolaki.pl; hash sha256; str.1 = zarządzenie 196/21, PDF z Worda 2013 (24.05.2021)",4cbc1d262916a29f3aa56b410d2c902d04a6fe1909c67b37282fa7c0f9ef18ec,200,2026-09-05T01:47:36Z,,1.096,true
1596,podlaskie,zambrowski,Kołaki Kościelne,gmina wiejska,2014022,2021,brak_finalnie,brak,,brak,"dowód: roczne raporty na kolaki.pl / archiwum.kolaki.pl (znaleziono 2023, 2024) | status_update: brak postu/śladu publikacji",,sprawdzono pogłębnie 2026-09-05,2026-09-01T10:23:57Z,"NEG-plik, DOWOD ISTNIENIA POTWIERDZONY (tura 5, 01.09.2026). Uchwala Nr XXI/156/22 Rady Gminy Kolaki Koscielne z 30.06.2022 w sprawie udzielenia Wojtowi wotum zaufania (dostepna w BIP) dowodzi, ze raport za 2021 powstal i byl rozpatrzony. WZMOCNIENIE 2026-09-05: relacja prasowa z sesji XXI (30.06.2022) na zambrowiacy.pl/info/xxi-sesja-rady-gminy-kolaki-koscielne-wojt-z-absolutorium/ - 'Radni rozpatrzyli Raport o stanie Gminy Kolaki Koscielne i podjęli uchwałę w sprawie udzielenia wotum zaufania ... absolutorium ... zatwierdzili wszystkie sprawozdania' (bez linku do pliku raportu). Wyczerpano: (1) skan przestrzeni ID resource/file/download-file/id.N 1-13000 - jedyny raport 28aa to id.5750 (2019); (2) wyszukiwarka wewnetrzna BIP; (3) indeksy uchwal; (4) wyszukiwarki internetowe; (5) CDX kolaki.pl (brak pliku raportu 2021 w uploads); (6) archiwum.kolaki.pl - 0 capture'ow w CC/IA. Plik raportu za 2021 nie zostal nigdy opublikowany.",,true
1597,podlaskie,zambrowski,Kołaki Kościelne,gmina wiejska,2014022,2022,ok_finalnie,doc,raport o stanie gminy (tekst w DOC; 92 tys. znakow; str. 1 = Zarządzenie Nr 36/23 Wójta z 22.05.2023 — raport jako załącznik; nagłówek RAPORT O STANIE GMINY KOŁAKI KOŚCIELNE ZA 2022 ROK),https://archiwum.kolaki.pl/wp-content/uploads/2023/05/RAPORT-O-STANIE-GMINY-KO%C5%81AKI-KO%C5%9ACIELNE-ZA-2022.doc,KOREKTA RE-WERYFIKACJI 29.08.2026 (Kołaki Kościelne 2022): plik ODZYSKANY — URL odzyskany z adnotacji linku w zrzucie Wayback art. ?print=pdf (20230531093032): kolaki.pl/wp-content/uploads/2023/05/RAPORT-O-STANIE-GMINY-KOŁAKI-KOŚCIELNE-ZA-2022.doc (410 Gone live) ZYWY na mirrorze archiwum.kolaki.pl,daa687b37650d05cc627ecd0de39b6be95b85a4cfd1b7bff7042ade7f15e02a3,200,2026-09-05T01:49:26Z,,0.506,true
1598,podlaskie,zambrowski,Kołaki Kościelne,gmina wiejska,2014022,2023,ok_finalnie,pdf,skan,https://web.archive.org/web/20251028121511id_/http://kolaki.pl/wp-content/uploads/2024/05/raport-o-stanie-gminy-za-2023.pdf,direct_without_tor,1f31f9525f8bccd1b5d78251d41766510bd1719178e97aa6ddb1a891d5ea210b,200,2026-09-04T21:54:02Z,,16.205,true
1599,podlaskie,zambrowski,Kołaki Kościelne,gmina wiejska,2014022,2024,ok_finalnie,pdf,skan,https://kolaki.pl/images/Raport_o_stanie_gminy_za_2024_rpdf.pdf,direct_without_tor,6ec1793e62201738e4d4c8ca4d60386d846ff2474f654fbb6fb4b85b044ec21c,200,2026-09-04T22:43:36Z,,17.661,true
1600,podlaskie,zambrowski,Kołaki Kościelne,gmina wiejska,2014022,2025,ok_finalnie,pdf,skan,https://www.kolaki.pl/images/zarządzenie_nr_31_26_pdf.pdf,direct_without_tor,cbb0f13fe4571b7eadac57f39a738aa8ac89a058e62ce1a6ead1909448a523a8,200,2026-09-04T22:43:42Z,,18.412,true
1601,podlaskie,zambrowski,Rutki,gmina wiejska,2014032,2018,ok_finalnie,pdf,tekst,https://bip-ugrutki.podlaskie.eu/resource/1332/raport+o+stanie+gminy+Rutki+-+zarz%25C4%2585dzenie.pdf,direct_without_tor,f0e4396ec1bd9c401cb29b8359ce92f7f81a7335d7c63fae867be6873f76d32b,200,2026-09-04T22:04:53Z,,0.904,true
1602,podlaskie,zambrowski,Rutki,gmina wiejska,2014032,2019,ok_finalnie,pdf,tekst,https://bip-ugrutki.podlaskie.eu/resource/1883/RAPORT.pdf,direct_without_tor,a55ea8cf8833a3c071c16ff813a6107f585b06227bd9dd8c0c20d0ea1c96259b,200,2026-09-04T22:05:17Z,,1.521,true
1603,podlaskie,zambrowski,Rutki,gmina wiejska,2014032,2020,ok_finalnie,pdf,tekst,https://bip-ugrutki.podlaskie.eu/resource/2188/Raport+o+stanie+Gminy+Rutki+za+2020+rok.pdf,direct_without_tor,f1e33dfbdd4e2fb362368ad1cd72aede5203c602f6cfe5142433766d63bb5743,200,2026-09-04T22:05:21Z,,1.479,true
1604,podlaskie,zambrowski,Rutki,gmina wiejska,2014032,2021,ok_finalnie,pdf,tekst,https://bip-ugrutki.podlaskie.eu/resource/2519/Raport+o+stanie+Gminy+Rutki+za+2021+rok.pdf,direct_without_tor,84b3470627ac44185721f079a79d74d34b52ffc1cc1a98aae4d41889cc8e9ef9,200,2026-09-04T22:05:25Z,,1.258,true
1605,podlaskie,zambrowski,Rutki,gmina wiejska,2014032,2022,ok_finalnie,docx,tekst,https://bip-ugrutki.podlaskie.eu/resource/2713/Raport+.docx,direct_without_tor,4b67684f9a5e7064c1a8c94beaa83054331fa05d37e89a0567519de0e2bcd554,200,2026-09-04T22:05:27Z,,0.508,true
1606,podlaskie,zambrowski,Rutki,gmina wiejska,2014032,2023,ok_finalnie,pdf,tekst,https://bip-ugrutki.podlaskie.eu/resource/2924/Zarz%25C4%2585dzenie+40+z+2024.pdf,direct_without_tor,7a4188e891135d83c8171158627eec95ebbd8ada36564a6128906d9d88192ecb,200,2026-09-04T22:05:31Z,,2.021,true
1607,podlaskie,zambrowski,Rutki,gmina wiejska,2014032,2024,ok_finalnie,pdf,tekst,https://bip-ugrutki.podlaskie.eu/resource/3069/Raport+o+stanie+Gminy+Rutki+za+rok+2024.pdf,direct_without_tor,ed9203db5532d52aef20381d33eb21e18bbce8fc6b5c7ce8c6d567984f2c32f8,200,2026-09-04T22:06:01Z,,2.673,true
1608,podlaskie,zambrowski,Rutki,gmina wiejska,2014032,2025,ok_finalnie,pdf,tekst,https://bip-ugrutki.podlaskie.eu/resource/3259/Raport+o+stanie+Gminy+Rutki+za+rok+2025.pdf,direct_without_tor,bb92b0764cf217c3ff9ed3200dae23831b01bd2fade7cf17ba1371ac4080440c,200,2026-09-04T22:06:04Z,,1.79,true
1609,podlaskie,zambrowski,Szumowo,gmina wiejska,2014042,2018,ok_finalnie,pdf,tekst,https://bipszumowo.bit-sa.pl/resource/5737/20906/Raport+o+stanie+Gminy+Szumowo+2018,direct_without_tor; exact href i rozmiar potwierdzone w snapshotach Wayback strony raportów BIP Szumowa (2025-02-12 i 2025-07-09); późniejszy retry Tor dał fałszywy NEG-DNS po wygaśnięciu hosta,4fc6aeceb2dada767cf941dddfb3c3698e7530919cdd668aaaab88e06f2e336e,200,2026-09-05T01:44:23Z,,1.376,true
1610,podlaskie,zambrowski,Szumowo,gmina wiejska,2014042,2019,ok_finalnie,pdf,tekst,https://bipszumowo.bit-sa.pl/resource/5737/20907/Zarzadzenie+Nr+166-20+raport.docx,direct_without_tor; exact href i rozmiar potwierdzone w snapshotach Wayback strony raportów BIP Szumowa (2025-02-12 i 2025-07-09); etykieta załącznika w snapshotach potwierdza PDF 1.76 MB; późniejszy retry Tor dał fałszywy NEG-DNS po wygaśnięciu hosta,2b40a24efb8eed73c864a2481bf296883ad5b1617f8076549ea17a95d0c926a9,200,2026-09-05T01:44:31Z,,1.761,true
1611,podlaskie,zambrowski,Szumowo,gmina wiejska,2014042,2020,ok_finalnie,pdf,tekst,https://bipszumowo.bit-sa.pl/resource/5737/20908/Zarzadzenie+Nr+259-21+raport+za+2020,direct_without_tor; exact href i rozmiar potwierdzone w snapshotach Wayback strony raportów BIP Szumowa (2025-02-12 i 2025-07-09); etykieta załącznika w snapshotach potwierdza PDF 1.76 MB; późniejszy retry Tor dał fałszywy NEG-DNS po wygaśnięciu hosta,15136beb1fcecb575ec2d8c81ce43b55cfd4bd9ddacbe9f9eef6e552c5e8e581,200,2026-09-05T01:44:38Z,,1.756,true
1612,podlaskie,zambrowski,Szumowo,gmina wiejska,2014042,2021,ok_finalnie,pdf,tekst,https://bipszumowo.bit-sa.pl/resource/5737/20909/Raport+o+Stanie+Gminy+Szumowo+za+2021+rok,direct_without_tor; exact href i rozmiar potwierdzone w snapshotach Wayback strony raportów BIP Szumowa (2025-02-12 i 2025-07-09); późniejszy retry Tor dał fałszywy NEG-DNS po wygaśnięciu hosta,3ef3718161e499c4dd4c4f057e86407ed2eb3f37c1bfe4ac7c6c3502903e53a0,200,2026-09-05T01:44:44Z,,1.565,true
1613,podlaskie,zambrowski,Szumowo,gmina wiejska,2014042,2022,ok_finalnie,pdf,tekst,https://szumowo.esesja.pl/zalaczniki/241953/raport-o-stanie-gminy-szumowo_2305558.pdf,"direct_without_tor; oficjalny kanał eSesja WCAG dla starej kadencji (/wcag/posiedzenie.asp?k=5b9fbce6-d0f1-4) ujawnia stały załącznik /zalaczniki/241953/raport-o-stanie-gminy-szumowo_2305558.pdf; to preferowana tekstowa wersja raportu, odnaleziona po wygaśnięciu hosta BIP bit-sa",75186a9a8dc33269d8d4188f333823d393aaa64e31ef60bdd6dfed3f2aefa69f,200,2026-09-05T00:08:48Z,,1.575,true
1614,podlaskie,zambrowski,Szumowo,gmina wiejska,2014042,2023,ok_finalnie,pdf,tekst,https://bipszumowo.bit-sa.pl/resource/4384/22308/Raport+za+2023.pdf,direct_without_tor; exact href i rozmiar potwierdzone w snapshotach Wayback strony raportów BIP Szumowa (2025-02-12 i 2025-07-09); późniejszy retry Tor dał fałszywy NEG-DNS po wygaśnięciu hosta,9af696d1e2e866bca36a09c222cb2b4829f580836fe5e1c8c90de8f1642e03f8,200,2026-09-05T01:44:49Z,,1.173,true
1615,podlaskie,zambrowski,Szumowo,gmina wiejska,2014042,2024,ok_finalnie,pdf,tekst,https://www.szumowo.pl/images/stories/2025/raport_o_stanie_gminy_2024/Raport_za_2024.pdf,direct_without_tor; oficjalny załącznik www.szumowo.pl potwierdzony w artykule z 2025-06-03 oraz pobraniu bezpośrednim,7067af30dc77cfcaaabd21d84b50d3f658b015ae8c03187c4458dcfb3066d68c,200,2026-09-05T00:08:50Z,,1.344,true
1616,podlaskie,zambrowski,Szumowo,gmina wiejska,2014042,2025,ok_finalnie,pdf,skan,https://bipszumowo.bit-sa.pl/resource/6740/Raport+o+Stanie+o+Stanie+Gminy+Szumowo+za+2025+rok.pdf,"direct_without_tor + ocr; exact href i rozmiar (PDF 22.77 MB) potwierdzone w archiwalnej stronie BIP Szumowa z 2026-06-08, a publikację raportu potwierdzają także oficjalne wpisy www.szumowo.pl i zambrowiacy.pl; późniejszy retry Tor dał fałszywy NEG-DNS po wygaśnięciu hosta",d06213f96d636e96d36113a30fafbacfb0406c64bfe7bb2f8b83029278db1a5e,200,2026-09-05T00:07:37Z,,23.876,true
1617,podlaskie,zambrowski,Zambrów,gmina miejska,2014011,2018,ok_finalnie,pdf,tekst,https://bip.zambrow.pl/pliki/zambrow/zalaczniki/880/raport-2018.pdf,direct_without_tor,74a1696776f94bffac56eeceff7675bd5fac0138b50df0877de2cc0fbf093cd0,200,2026-09-04T22:24:40Z,,0.519,true
1618,podlaskie,zambrowski,Zambrów,gmina miejska,2014011,2019,ok_finalnie,pdf,tekst,https://bip.zambrow.pl/pliki/zambrow/zalaczniki/968/zarzadzenie-44-zalacznik-raport-2019.pdf,direct_without_tor,3a715cb7db59eb55ec92a0f939bb71bb50ff727baaeb0f45bff4a7d6daf5484c,200,2026-09-04T22:24:42Z,,1.024,true
1619,podlaskie,zambrowski,Zambrów,gmina miejska,2014011,2020,ok_finalnie,docx,tekst,https://bip.zambrow.pl/pliki/zambrow/zalaczniki/2065/raport-o-stanie-gminy-2020.docx,direct_without_tor,8f17300fcc2a78297b68f196562c4c079e1f7252ad5dbb64441c83798ad0af74,200,2026-09-04T22:24:44Z,,0.134,true
1620,podlaskie,zambrowski,Zambrów,gmina miejska,2014011,2021,ok_finalnie,pdf,tekst,https://bip.zambrow.pl/pliki/zambrow/zalaczniki/2757/zarzadzenie-55.pdf,direct_without_tor,3462440719610365e4ee21ecc982741bff803a959e3c094a97e34b179b8d2877,200,2026-09-04T22:24:46Z,,0.872,true
1621,podlaskie,zambrowski,Zambrów,gmina miejska,2014011,2022,ok_finalnie,pdf,tekst,https://bip.zambrow.pl/pliki/zambrow/zalaczniki/3506/zarzadzenie-59.pdf,direct_without_tor,a112735cdab2e997601fa3251bc1e703dc1cd3eef2c05664c4295b8bdb09165c,200,2026-09-04T22:24:48Z,,0.469,true
1622,podlaskie,zambrowski,Zambrów,gmina miejska,2014011,2023,ok_finalnie,pdf,tekst,https://bip.zambrow.pl/pliki/zambrow/zalaczniki/4445/zarzadzenie-77-2024.pdf,direct_without_tor,d2fca2a2a08b4f220024e30b61d6fcf896978e5bf25cf148b3fd4823d85cc498,200,2026-09-04T22:24:51Z,,2.245,true
1623,podlaskie,zambrowski,Zambrów,gmina miejska,2014011,2024,ok_finalnie,pdf,tekst,https://bip.zambrow.pl/pliki/zambrow/zalaczniki/5216/zarzadzenie-59-2025.pdf,direct_without_tor,1be8aa27a7eceb3486818346a7bec061277b3057d0b9a35ef4db8591f6f27f78,200,2026-09-04T22:24:53Z,,0.999,true
1624,podlaskie,zambrowski,Zambrów,gmina miejska,2014011,2025,ok_finalnie,pdf,tekst,https://zambrowiacy.pl/wp-kontent/uploads/2026/05/zarzadzenie-47-2026.pdf,direct_without_tor,9081f22ee5719df3fb17ebaa620fb9fe9af62792d3900d0456698b689196297f,200,2026-09-04T22:43:38Z,,3.039,true
1625,podlaskie,zambrowski,Zambrów,gmina wiejska,2014052,2018,ok_finalnie,pdf,tekst,https://fs.siteor.com/ugzambrow/article_attachments/attachments/197891/original/Raport.pdf?1559219763,direct_without_tor,ac78b08070a77d1f527fbc9d294888967a5efdee08e3c111f6ee1a9cf9616348,200,2026-09-04T21:53:19Z,,1.013,true
1626,podlaskie,zambrowski,Zambrów,gmina wiejska,2014052,2019,ok_finalnie,pdf,tekst,https://fs.siteor.com/ugzambrow/article_attachments/attachments/223867/original/Raport_o_stanie_gminy_Zambr%C3%B3w_za_2019.pdf?1592377835,direct_without_tor,04f276100538fbfefb6977040ac30bb83e27e0f2c06a4e9bac829f2122f0a252,200,2026-09-04T21:53:20Z,,0.54,true
1627,podlaskie,zambrowski,Zambrów,gmina wiejska,2014052,2020,ok_finalnie,pdf,tekst,https://fs.siteor.com/ugzambrow/article_attachments/attachments/251268/original/Raport_o_stanie_gminy_Zambr%C3%B3w_za_2020_r.pdf?1621844855,direct_without_tor,eff54f9e7ff041f8631aa5eebcc1a67092cdc079d3f3744f5cafb7b5ed890b2d,200,2026-09-04T21:53:20Z,,0.63,true
1628,podlaskie,zambrowski,Zambrów,gmina wiejska,2014052,2021,ok_finalnie,pdf,tekst,https://fs.siteor.com/ugzambrow/article_attachments/attachments/268625/original/Raport_o_stanie_gminy_Zambr%C3%B3w_za_2021_r_V2.pdf?1653309418,direct_without_tor,241785b4a904cda44157faffc74f8544b7bcc3e7183198a81d227a4bd5a5a133,200,2026-09-04T21:53:21Z,,1.266,true
1629,podlaskie,zambrowski,Zambrów,gmina wiejska,2014052,2022,ok_finalnie,pdf,tekst,https://fs.siteor.com/ugzambrow/article_attachments/attachments/283743/original/Raport_o_stanie_gminy_Zambr%C3%B3w_za_2022_r_www.pdf?1684992778,direct_without_tor,c1f89f6ac6e91438652a0a7d3e8c31e48e5ae8d19865cd018ce7b4441be83589,200,2026-09-04T21:53:22Z,,0.675,true
1630,podlaskie,zambrowski,Zambrów,gmina wiejska,2014052,2023,ok_finalnie,pdf,tekst,https://fs.siteor.com/ugzambrow/article_attachments/attachments/295535/original/Raport_o_stanie_gminy_Zambr%C3%B3w_za_2023_r.pdf?1717658898,direct_without_tor,1f1d774b8ce5842f9bf14a4edd0e16bfb8bb20b6eb456a9f729ab3e3703bf434,200,2026-09-04T21:53:22Z,,0.937,true
1631,podlaskie,zambrowski,Zambrów,gmina wiejska,2014052,2024,ok_finalnie,pdf,tekst,https://fs.siteor.com/ugzambrow/article_attachments/attachments/305371/original/Raport_o_stanie_gminy_Zambr%C3%B3w_za_2024_r.pdf?1747983428,direct_without_tor,3578b2c81514ab0017e32392594d4c642b6d8c9fda87f6cf6ec09164e87e5986,200,2026-09-04T21:53:23Z,,1.303,true
1632,podlaskie,zambrowski,Zambrów,gmina wiejska,2014052,2025,ok_finalnie,pdf,tekst,https://fs.siteor.com/ugzambrow/article_attachments/attachments/323861/original/Raport_za_2025_rok.pdf?1779450731,direct_without_tor,9cf2aaafa155fd11d7eb0451337853fee30de13ab6806a7b582c3bbbbd0cfe48,200,2026-09-04T21:53:24Z,,0.871,true
1633,podlaskie,łomżyński,Jedwabne,gmina miejsko-wiejska,2007013,2018,ok_finalnie,pdf,tekst,http://www.jedwabne.powiatlomzynski.pl/download.php?id=6371,direct_without_tor,0003bc801bc14947852b77b3bf7acc691ceab45d3dbd50f3a246c26a19b30385,200,2026-09-04T22:05:13Z,,0.776,true
1634,podlaskie,łomżyński,Jedwabne,gmina miejsko-wiejska,2007013,2019,ok_finalnie,pdf,tekst,http://www.jedwabne.powiatlomzynski.pl/download.php?id=7274,direct_without_tor,88a7847c063d05b1b388c6090209d68b520dd599b6e7a9149dd24adf87ecb98a,200,2026-09-04T22:05:16Z,,0.843,true
1635,podlaskie,łomżyński,Jedwabne,gmina miejsko-wiejska,2007013,2020,ok_finalnie,pdf,tekst,http://www.jedwabne.powiatlomzynski.pl/download.php?id=7979,direct_without_tor,478abb31aede63e4c3100b91570c760b0ea12f22dd5937be8f5dfb7a68fa05e6,200,2026-09-04T22:05:18Z,,1.581,true
1636,podlaskie,łomżyński,Jedwabne,gmina miejsko-wiejska,2007013,2021,ok_finalnie,pdf,tekst,http://www.jedwabne.powiatlomzynski.pl/download.php?id=8656,direct_without_tor,db934a4e228e61e7c1a0a66bdadc30e97abdab193de2dea0d05901b3842a29ab,200,2026-09-04T22:05:21Z,,2.667,true
1637,podlaskie,łomżyński,Jedwabne,gmina miejsko-wiejska,2007013,2022,ok_finalnie,pdf,tekst,http://www.jedwabne.powiatlomzynski.pl/download.php?id=9194,direct_without_tor,a3ab0edf011b1f7719be15bfe65cb2ca0f03f21c3f4628bc3fcbb334b79da278,200,2026-09-04T22:05:24Z,,1.651,true
1638,podlaskie,łomżyński,Jedwabne,gmina miejsko-wiejska,2007013,2023,ok_finalnie,pdf,tekst,http://www.jedwabne.powiatlomzynski.pl/download.php?id=9886,direct_without_tor,17c3524c83560bac8ce973a6c5c6a975480b5c98ceaac73b23d84092df3799ac,200,2026-09-04T22:05:27Z,,2.614,true
1639,podlaskie,łomżyński,Jedwabne,gmina miejsko-wiejska,2007013,2024,ok_finalnie,pdf,tekst,http://www.jedwabne.powiatlomzynski.pl/download.php?id=10569,direct_without_tor,a89ff4bdcf4c6ce3638bae4b31b2a0ca335d7e573c8049a107f34a8ec6f63b35,200,2026-09-04T22:05:29Z,,0.872,true
1640,podlaskie,łomżyński,Jedwabne,gmina miejsko-wiejska,2007013,2025,ok_finalnie,pdf,tekst,http://www.jedwabne.powiatlomzynski.pl/download.php?id=11195,direct_without_tor,0df6d29f577887f189b087ca622dfcd9c7874f3a6b285d97115f701446a205d9,200,2026-09-04T22:05:32Z,,1.042,true
1641,podlaskie,łomżyński,Miastkowo,gmina wiejska,2007032,2018,ok_finalnie,pdf,tekst,https://miastkowo.pl/luba/pobierz_zalacznik.php?id=4453,sondowanie HEAD pobierz_zalacznik.php (nazwa 1905310835.pdf) + weryfikacja: zarządzenie 33/2019 o debacie + pełny raport za 2018 (30 str.),5bd6ecda491ea7f7f44c886ebd016a1a9ba8f0ae82695166d51d122f54b8c951,200,2026-09-05T01:47:34Z,,0.682,true
1642,podlaskie,łomżyński,Miastkowo,gmina wiejska,2007032,2019,ok_finalnie,pdf,tekst,https://www.miastkowo.pl/luba/pobierz_zalacznik.php?id=4835,direct_without_tor,72b9fd95747d1c9f318f17982aad2365919f4e3747de0b160acd7fa7dff11dbb,200,2026-09-04T22:34:30Z,,1.281,true
1643,podlaskie,łomżyński,Miastkowo,gmina wiejska,2007032,2020,ok_finalnie,pdf,tekst,https://www.miastkowo.pl/luba/pobierz_zalacznik.php?id=5078,direct_without_tor,424f1a04040b19fc7906993341458464989f58c1e3bc46427fa17f2a71b789d9,200,2026-09-04T22:34:33Z,,1.952,true
1644,podlaskie,łomżyński,Miastkowo,gmina wiejska,2007032,2021,ok_finalnie,pdf,tekst,https://www.miastkowo.pl/luba/pobierz_zalacznik.php?id=5476,direct_without_tor,875e8e6dcee25d9f8cff91118d20955312cf0ec19fb0e434f01dcf8c84f8f7ac,200,2026-09-04T22:34:35Z,,0.978,true
1645,podlaskie,łomżyński,Miastkowo,gmina wiejska,2007032,2022,ok_finalnie,pdf,tekst,https://miastkowo.pl/luba/pobierz_zalacznik.php?id=5870,"sondowanie HEAD pobierz_zalacznik.php (nazwa 2305041045.pdf) + weryfikacja: „Raport o stanie Gminy Miastkowo za 2022 rok” (załącznik do zarządzenia 27/2023, 30 str.)",a871f8689da42785d33b28e66cf6ebd9fcbb238b824d1cc0f61cf48996eba892,200,2026-09-05T01:47:37Z,,3.228,true
1646,podlaskie,łomżyński,Miastkowo,gmina wiejska,2007032,2023,ok_finalnie,pdf,tekst,https://www.miastkowo.pl/luba/pobierz_zalacznik.php?id=6425,direct_without_tor,73022cd78c746fb97cbfb9a6e21f9ee7268265e1aa4778b0239cec9391c41bd9,200,2026-09-04T22:34:39Z,,2.532,true
1647,podlaskie,łomżyński,Miastkowo,gmina wiejska,2007032,2024,ok_finalnie,pdf,tekst,https://www.miastkowo.pl/luba/pobierz_zalacznik.php?id=6936,direct_without_tor,287c9ecd9afe5a7b803da16ed763b68564723d14452de6eab5438adfc8e6abf3,200,2026-09-04T22:34:44Z,,34.683,true
1648,podlaskie,łomżyński,Miastkowo,gmina wiejska,2007032,2025,ok_finalnie,pdf,tekst,https://miastkowo.pl/luba/pobierz_zalacznik.php?id=7488,"www.miastkowo.pl aktualności (str. 10 listy) → art8782 „Informacja o debacie … za 2025 rok” → luba załącznik id=7488; „RAPORT O STANIE GMINY … za rok 2025”, 59 str., 164 MB",d70e7055349534581cd60454bc3e80a9456fafffe4e5f5c66af468497c5e7d4a,200,2026-09-05T01:47:52Z,,156.787,true
1649,podlaskie,łomżyński,Nowogród,gmina miejsko-wiejska,2007043,2018,ok_finalnie,docx,tekst,https://bip-umnowogrod.podlaskie.eu/resource/5242/RAPORT+O+STANIE+GMINY+NOWOGR%25C3%2593D+W+ROKU+2018.docx,direct_without_tor,3106252a624cd7ab62e91d34254ac34e123a3c0c826fa4cd833edb51ac5e4446,200,2026-09-04T22:05:33Z,,0.087,true
1650,podlaskie,łomżyński,Nowogród,gmina miejsko-wiejska,2007043,2019,ok_finalnie,docx,tekst,https://bip-umnowogrod.podlaskie.eu/resource/5244/RAPORT+O+STANIE+GMINY+NOWOGR%25C3%2593D+za+2019+rok.docx,direct_without_tor,d315156c807d421b9107c0fa27c140d89131744d3fad72d807d99647ac2fd030,200,2026-09-04T22:05:35Z,,0.117,true
1651,podlaskie,łomżyński,Nowogród,gmina miejsko-wiejska,2007043,2020,ok_finalnie,docx,tekst,https://bip-umnowogrod.podlaskie.eu/resource/5980/RAPORT+O+STANIE+GMINY+NOWOGR%25C3%2593D+za+2020+rok.docx,direct_without_tor,668dee32f9746318e7441f80aa2e40ca285d010586cd88c0c5bf6ba3e3e5f486,200,2026-09-04T22:05:37Z,,0.107,true
1652,podlaskie,łomżyński,Nowogród,gmina miejsko-wiejska,2007043,2021,ok_finalnie,docx,tekst,https://bip-umnowogrod.podlaskie.eu/resource/6319/RAPORT+O+STANIE+GMINY+NOWOGR%25C3%2593D+za+2021+rok.docx,direct_without_tor,133769ba70f2ad02e0c2c58b755d075ee87820f064c797ed5465de24dcf34cde,200,2026-09-04T22:05:39Z,,0.112,true
1653,podlaskie,łomżyński,Nowogród,gmina miejsko-wiejska,2007043,2022,ok_finalnie,docx,tekst,https://bip-umnowogrod.podlaskie.eu/resource/6904/RAPORT+O+STANIE+GMINY+NOWOGR%C3%93D+za+2022+rok.docx,direct_without_tor,deb91c46be3a834f4cba53a677b4a1e956be950acbf42228abca8f85c1af1903,200,2026-09-04T22:05:41Z,,0.092,true
1654,podlaskie,łomżyński,Nowogród,gmina miejsko-wiejska,2007043,2023,ok_finalnie,docx,tekst,https://bip-umnowogrod.podlaskie.eu/resource/7485/RAPORT+O+STANIE+GMINY+NOWOGR%25C3%2593D+za+2023+rok.docx,direct_without_tor,d4c49b7604e147528122988cf59f078ed0713d1c28c3db3acb5ca77532368977,200,2026-09-04T22:05:43Z,,0.123,true
1655,podlaskie,łomżyński,Nowogród,gmina miejsko-wiejska,2007043,2024,ok_finalnie,docx,tekst,https://bip-umnowogrod.podlaskie.eu/resource/7932/RAPORT+O+STANIE+GMINY+NOWOGR%25C3%2593D+za+2024+rok.docx,direct_without_tor,ec8c75a74b3fd476b128bb86a2a53d683d6ce98e13e7d6c7805b1c4435908f4e,200,2026-09-04T22:05:45Z,,0.122,true
1656,podlaskie,łomżyński,Nowogród,gmina miejsko-wiejska,2007043,2025,ok_finalnie,docx,tekst,https://bip-umnowogrod.podlaskie.eu/resource/8393/RAPORT+O+STANIE+GMINY+NOWOGR%25C3%2593D+za+2025+rok.docx,direct_without_tor,8e4b4454d4f2f77c8275ba5c84e06ff756fd0426dab9f3528c402a0b32ea5924,200,2026-09-04T22:05:47Z,,0.125,true
1657,podlaskie,łomżyński,Piątnica,gmina wiejska,2007052,2018,ok_finalnie,pdf,tekst,https://gminapiatnica.pl/wp-content/uploads/2022/01/Raport-o-stanie-samorzadu-za-rok-2018.pdf,direct_without_tor,f6a8e36e781208723a767a344a2f4d0d6880a16d6e9f506c7f5112ffdf5d5ef3,200,2026-09-04T22:05:49Z,,1.555,true
1658,podlaskie,łomżyński,Piątnica,gmina wiejska,2007052,2019,ok_finalnie,pdf,tekst,https://gminapiatnica.pl/wp-content/uploads/2022/01/Raport-o-stanie-gminy-za-rok-2019-V2.pdf,direct_without_tor,cbefd7a7966ca33e872e4369c8273d159ee9440849300189734917dc2c3ada03,200,2026-09-04T22:05:53Z,,5.737,true
1659,podlaskie,łomżyński,Piątnica,gmina wiejska,2007052,2020,ok_finalnie,pdf,tekst,https://gminapiatnica.pl/wp-content/uploads/2022/01/Raport-o-stanie-Gminy-Piatnica-za-2020-rok1.pdf,direct_without_tor,c912eedd0ddb40856e3e03fb613a11c5f20f1d26a014ee9f78f2d720a32985b2,200,2026-09-04T22:05:59Z,,27.941,true
1660,podlaskie,łomżyński,Piątnica,gmina wiejska,2007052,2021,ok_finalnie,pdf,tekst,https://gminapiatnica.pl/wp-content/uploads/2022/06/Raport-o-stanie-gminy-za-2021-rok-1-1.pdf,direct_without_tor,852cbf13b770b49b207ee1028518beb7cc55c26ef15cd270a8f9960741ed1766,200,2026-09-04T22:06:02Z,,11.924,true
1661,podlaskie,łomżyński,Piątnica,gmina wiejska,2007052,2022,ok_finalnie,pdf,skan,https://gminapiatnica.pl/wp-content/uploads/2023/05/Raport-o-stanie-Gminy-Piatnica-za-rok-2022.pdf,direct_without_tor,e7b672dcebec2d5c2541016199c9ac3f282ee81604f986dc6a8a36c43982e441,200,2026-09-04T22:06:23Z,,33.619,true
1662,podlaskie,łomżyński,Piątnica,gmina wiejska,2007052,2023,ok_finalnie,pdf,skan,https://gminapiatnica.pl/wp-content/uploads/2025/06/Raport-o-stanie-Gminy-Piatnica-za-2023-rok.pdf,direct_without_tor,42abdb8a256f51259c51041682c3be302a979fd38a4c7f8c36d46f9d05336f14,200,2026-09-04T22:06:38Z,,4.781,true
1663,podlaskie,łomżyński,Piątnica,gmina wiejska,2007052,2024,ok_finalnie,pdf,tekst,https://gminapiatnica.pl/wp-content/uploads/2025/06/RAPORT-O-STANIE-GMINY-za-2024.BES_.pdf,direct_without_tor,9f9d8020282444486d1fdd05d38d53d2361ce80fb0ce0be897a770381af73ea4,200,2026-09-04T22:06:42Z,,8.77,true
1664,podlaskie,łomżyński,Piątnica,gmina wiejska,2007052,2025,ok_finalnie,pdf,tekst,https://gminapiatnica.pl/wp-content/uploads/2026/06/Raport-o-stanie-Gminy-2025-rok.BES_.pdf,direct_without_tor,c3f017e1a2367603c479914a158e0c4f21cb283ef215aca4d8ae71ed5c92aeff,200,2026-09-04T22:06:45Z,,11.313,true
1665,podlaskie,łomżyński,Przytuły,gmina wiejska,2007062,2018,ok_finalnie,pdf,tekst,http://przytuly.powiatlomzynski.pl/bip/download.php?id=2305,direct_without_tor,2c466877773fb6f706e2e5c8bb47db5183dc36f9f6a295c86adc04dd392ceba3,200,2026-09-04T22:24:55Z,,1.939,true
1666,podlaskie,łomżyński,Przytuły,gmina wiejska,2007062,2019,ok_finalnie,pdf,tekst,http://przytuly.powiatlomzynski.pl/bip/download.php?id=2594,direct_without_tor,6427b6cf743590e21553a9619679af0c48f05aa356c3974ef56c6135a7fc7cdd,200,2026-09-04T22:24:58Z,,0.961,true
1667,podlaskie,łomżyński,Przytuły,gmina wiejska,2007062,2020,ok_finalnie,pdf,tekst,http://przytuly.powiatlomzynski.pl/bip/download.php?id=2842,direct_without_tor,4cae65c84cac56ca8cad137b739e65efc666c11f238ca280736861a873f69a75,200,2026-09-04T22:25:00Z,,1.464,true
1668,podlaskie,łomżyński,Przytuły,gmina wiejska,2007062,2021,ok_finalnie,pdf,tekst,http://przytuly.powiatlomzynski.pl/bip/download.php?id=3015,direct_without_tor,fb4e06efb2cb55de41a71e365783eb47b91896c1a1f06c7bc749b5bfd3229439,200,2026-09-04T22:25:03Z,,1.403,true
1669,podlaskie,łomżyński,Przytuły,gmina wiejska,2007062,2022,ok_finalnie,pdf,tekst,http://przytuly.powiatlomzynski.pl/bip/download.php?id=3182,sondowanie HEAD download.php między id 3015 (za 2021) a 3338 (za 2023) + weryfikacja treści,59d9c695d7a0dc5ac4c729f9aa9385eff96665d746246d0002ddd5301744fe27,200,2026-09-05T01:47:48Z,,1.472,true
1670,podlaskie,łomżyński,Przytuły,gmina wiejska,2007062,2023,ok_finalnie,pdf,tekst,http://przytuly.powiatlomzynski.pl/bip/download.php?id=3338,direct_without_tor,7e34337eed6adea4a12a513d99a5d4e70f81c4fc1dd69eec312aa8c1d2003b92,200,2026-09-04T22:25:06Z,,1.434,true
1671,podlaskie,łomżyński,Przytuły,gmina wiejska,2007062,2024,ok_finalnie,pdf,tekst,http://przytuly.powiatlomzynski.pl/bip/download.php?id=3798,direct_without_tor,25eb009b8fb9ac9f15b974919662bea945b0222bfe438cf3d3016fed46452ec1,200,2026-09-04T22:25:08Z,,1.428,true
1672,podlaskie,łomżyński,Przytuły,gmina wiejska,2007062,2025,ok_finalnie,pdf,tekst,http://przytuly.powiatlomzynski.pl/bip/download.php?id=3797,direct_without_tor,be090ccecfb0c90416de860e58448459a1b670248dbc1219839c9483acb0bd81,200,2026-09-04T22:25:11Z,,1.415,true
1673,podlaskie,łomżyński,Wizna,gmina wiejska,2007082,2018,ok_finalnie,pdf,tekst,https://www.bip.wizna.pl/download.php?id=4939,direct_without_tor,ebb96ab4c466f1673981e9c7a6e78e65117a3e9745f615723c0f68e06dd6a338,200,2026-09-04T22:41:24Z,,0.411,true
1674,podlaskie,łomżyński,Wizna,gmina wiejska,2007082,2019,ok_finalnie,pdf,tekst,https://www.bip.wizna.pl/download.php?id=5362,direct_without_tor,3a26202d669d8f9b33f9564467423c46b5be45e429ccc8ae2f29dc64379fb2c9,200,2026-09-04T22:41:26Z,,0.343,true
1675,podlaskie,łomżyński,Wizna,gmina wiejska,2007082,2020,ok_finalnie,pdf,tekst,https://wizna.esesja.pl/zalaczniki/138217/raport_o_stanie_gminywizna2020_wer_2021_05_31_1299574.pdf,esesja: sesja 29.06.2021 → wersja WCAG (/wcag/posiedzenie.asp?k=beb07209-a157-4) odsłania jawne linki /zalaczniki/,b5d8e7cd85853511587d887dce6c5927bef06cf6921830e1136a53e26bcffa48,200,2026-09-05T01:47:33Z,,0.252,true
1676,podlaskie,łomżyński,Wizna,gmina wiejska,2007082,2021,ok_finalnie,pdf,tekst,https://wizna.esesja.pl/zalaczniki/189375/raport_wizna_2021_1819522.pdf,esesja: komisja 29.06.2022 → wersja WCAG (/wcag/posiedzenie.asp?k=0f04f651-6137-4) odsłania jawne linki /zalaczniki/,65b08632ea6b267faf3ad393e9bfd76faa10053db819168e06ac517ac092dcfd,200,2026-09-05T01:47:36Z,,0.295,true
1677,podlaskie,łomżyński,Wizna,gmina wiejska,2007082,2022,ok_finalnie,pdf,tekst,https://wizna.esesja.pl/zalaczniki/243100/raport_o_stanie_gminywizna2022sporz2023_05_30_2276439_2324544.pdf,esesja: sesja 28.06.2023 → wersja WCAG (/wcag/posiedzenie.asp?k=23179f66-7d75-4) odsłania jawne linki /zalaczniki/,f42a8c27098280e58d15c22f15173ef5d6d7c3fa7363ab8a00ef4efa0e9f444b,200,2026-09-05T01:47:38Z,,0.329,true
1678,podlaskie,łomżyński,Wizna,gmina wiejska,2007082,2023,ok_finalnie,pdf,tekst,https://wizna.esesja.pl/zalaczniki/299445/raport-gmina-wizna-za-2023_2832468.pdf,direct_without_tor,e2dbb541259064674ed7ce3f7397f733b1845b150f4746d62a3349695a83ca79,200,2026-09-04T22:43:41Z,,1.476,true
1679,podlaskie,łomżyński,Wizna,gmina wiejska,2007082,2024,ok_finalnie,pdf,tekst,https://wizna.esesja.pl/zalaczniki/357209/raport-o-stanie-gminy-wizna-za-2024_3423339.pdf,esesja: sesja 25.06.2025 → wersja WCAG (/wcag/posiedzenie.asp) odsłania jawne linki /zalaczniki/,3c95be8bf36bede70dc7bd49d5606148e6b6c695cf40e330863b8fe5668421f5,200,2026-09-05T01:47:41Z,,1.759,true
1680,podlaskie,łomżyński,Wizna,gmina wiejska,2007082,2025,ok_finalnie,pdf,tekst,https://wizna.esesja.pl/zalaczniki/413550/raport-gmina-wizna-za-2025_4003122.pdf,esesja: sesja 17.06.2026 → wersja WCAG odsłania jawne linki /zalaczniki/,50a68df0e108600b5fd601f30ed75f9b47d82b1d13b5634839aa20e713174161,200,2026-09-05T01:47:44Z,,1.435,true
1681,podlaskie,łomżyński,Zbójna,gmina wiejska,2007092,2018,ok_finalnie,pdf,tekst,https://bip.zbojna.pl/download.php?id=2710,direct_without_tor_ssl_off,726c0aacd4ca57715969ae3e997952c971eb01783869001efee62e83deb020a3,200,2026-09-04T23:22:41Z,,16.043,true
1682,podlaskie,łomżyński,Zbójna,gmina wiejska,2007092,2019,ok_finalnie,pdf,skan,https://bip.zbojna.pl/download.php?id=3018,direct_without_tor_ssl_off + ocr,fa35079650617423ce87915f0144981b1ce8630fa2330895bbca7a21f55981e4,200,2026-09-04T23:23:18Z,,10.152,true
1683,podlaskie,łomżyński,Zbójna,gmina wiejska,2007092,2020,brak_finalnie,,,https://bip.zbojna.pl/index.php?wiad=2526 | https://bip.zbojna.pl/prawo.php?wiad=1434 | https://bip.zbojna.pl/download.php?id=3524,web search bez Tora + oficjalny BIP + weryfikacja ogłoszenia/porządku XIX sesji + pobranie uchwały PDF (download.php?id=3524) + kontrola magic bytes/kompletności + OCR całej uchwały,,BRAK_PLIKU_RAPORTU (dowód istnienia - dokument proceduralny),2026-09-03T16:44:41Z,"RAPORT POTWIERDZONY PROCEDURALNIE. Porzadek XIX sesji Rady Gminy Zbojna z 23.06.2021 zawiera punkt 'Raport o stanie Gminy Zbojna za 2020 r.' i uchwale o wotum. Uchwala XIX/133/21 z tej sesji udziela Wojtowi wotum zaufania za rok 2020 - PLIK UCHWALY POGLOBIONY 2026-09-05: https://bip.zbojna.pl/download.php?id=3524 (PDF 1-str., 143 kB, warstwa tekstowa OCR, 'UCHWALA NR XIX/133/21 ... w sprawie udzielenia Wojtowi Gminy Zbojna wotum zaufania za rok 2020', sha256 17756d4811a79b34993ea69b02c3624026275e85033f78d52cd2901cc859fff3). Strona sesji (wiad=2526) nie ma zalacznikow - samego pliku raportu nie odzyskano.",,true
1684,podlaskie,łomżyński,Zbójna,gmina wiejska,2007092,2021,ok_finalnie,pdf,skan,https://bip.zbojna.pl/download.php?id=3835,direct_without_tor_ssl_off + ocr,d585d2950246b20ee6cf358f9ff21978564728987273a7d2a4d987c4dffc6254,200,2026-09-04T23:23:58Z,,9.805,true
1685,podlaskie,łomżyński,Zbójna,gmina wiejska,2007092,2022,ok_finalnie,pdf,skan,https://bip.zbojna.pl/download.php?id=4225,direct_without_tor_ssl_off + ocr,5d7fbc5b932f56e39616dd11a4067c5259ffc6d30b1e367a1e68e1f885ccf4f1,200,2026-09-04T23:24:39Z,,11.932,true
1686,podlaskie,łomżyński,Zbójna,gmina wiejska,2007092,2023,ok_finalnie,pdf,skan,https://bip.zbojna.pl/download.php?id=4665,direct_without_tor_ssl_off + ocr,32ee654a62fb5b9b118400b0eba97fc1322fd34238a8428bfc6d87f37fef7201,200,2026-09-04T23:25:23Z,,11.492,true
1687,podlaskie,łomżyński,Zbójna,gmina wiejska,2007092,2024,ok_finalnie,pdf,skan,https://bip.zbojna.pl/download.php?id=5100,direct_without_tor_ssl_off + ocr,ad2b33aebf21ec3d77bdb94183d91f93f3a22d3ed89da16bd276c4c78dbb5e0a,200,2026-09-04T23:26:47Z,,14.532,true
1688,podlaskie,łomżyński,Zbójna,gmina wiejska,2007092,2025,ok_finalnie,pdf,skan,https://bip.zbojna.pl/download.php?id=5544,direct_without_tor_ssl_off + ocr,b9159e26f038ab22a360397fec36c55068ce2818c96e57d3871459f1adc74c53,200,2026-09-04T23:27:21Z,,1.334,true
1689,podlaskie,łomżyński,Łomża,gmina wiejska,2007022,2018,ok_finalnie,pdf,tekst,https://www.gminalomza.pl/bip/download.php?id=11638,direct_without_tor,bfbdc89a8e6670bac3a75d29c6a57e9eb3726fc728281d0b2ebbd1c238829712,200,2026-09-04T22:05:57Z,,1.55,true
1690,podlaskie,łomżyński,Łomża,gmina wiejska,2007022,2019,ok_finalnie,pdf,tekst,https://www.gminalomza.pl/bip/download.php?id=12515,direct_without_tor,ad258651b8430f0b3ef6026d822fe336ba7984b756e1b1399033a244cd968471,200,2026-09-04T22:06:00Z,,2.995,true
1691,podlaskie,łomżyński,Łomża,gmina wiejska,2007022,2020,ok_finalnie,pdf,tekst,https://www.gminalomza.pl/bip/download.php?id=12996,direct_without_tor,0390f53ad7025a9fe1300225e4daf0bef9633b8e8b63df61ecabf0e95017738c,200,2026-09-04T22:06:03Z,,1.551,true
1692,podlaskie,łomżyński,Łomża,gmina wiejska,2007022,2021,ok_finalnie,pdf,tekst,https://www.gminalomza.pl/bip/download.php?id=13941,direct_without_tor,af0a5f49c94e32e3e0671515e4e91525a12f72c599f7183b346c3f3f331183fd,200,2026-09-04T22:06:06Z,,2.36,true
1693,podlaskie,łomżyński,Łomża,gmina wiejska,2007022,2022,ok_finalnie,pdf,tekst,https://www.gminalomza.pl/bip/download.php?id=15017,direct_without_tor,508c9f561078641678862403e8fd602ae000f28888a999c97019358bff177432,200,2026-09-04T22:06:10Z,,2.553,true
1694,podlaskie,łomżyński,Łomża,gmina wiejska,2007022,2023,ok_finalnie,pdf,tekst,https://www.gminalomza.pl/bip/download.php?id=16139,direct_without_tor,c7ae970bf4be18ee7ba43b7b1ef19c63efae8e107247eacf6d5f4ad2794dcb1b,200,2026-09-04T22:06:16Z,,12.75,true
1695,podlaskie,łomżyński,Łomża,gmina wiejska,2007022,2024,ok_finalnie,pdf,tekst,https://www.gminalomza.pl/bip/download.php?id=17726,direct_without_tor,466cc03693293cfa31f13bf034c1d882b01ec686f51230e1c5a93bccdcb0473c,200,2026-09-04T22:06:20Z,,6.547,true
1696,podlaskie,łomżyński,Łomża,gmina wiejska,2007022,2025,ok_finalnie,pdf,tekst,https://www.gminalomza.pl/bip/download.php?id=20031,direct_without_tor,977e12292a7d6940b0d95134ae6c54a06a66eee876ef39884511c00e6c90cda1,200,2026-09-04T22:06:26Z,,4.408,true
1697,podlaskie,łomżyński,Śniadowo,gmina wiejska,2007072,2018,brak_finalnie,brak,,brak,"dogłębne sprawdzenie (wyszukiwarka BIP + zawiadomienie o VII sesji + uchwała o wotum) - dowód istnienia raportu, plik nieodzyskany",,BRAK_URL (dowód istnienia - plik nieodzyskany),2026-09-03T05:14:14Z,"RE-WERYFIKACJA 2026-09-03: Gmina Śniadowo (TERYT 2007072) - raport za 2018 istniał, ale publicznego pliku raportu nie odzyskano. Dowód istnienia jest podwójny: (1) zawiadomienie o VII sesji Rady Gminy Śniadowo z 07.06.2019 opublikowane pod adresem https://www.sniadowo.pl/bip/index.php?wiad=3725 zawiera wprost pkt 7: „Raport o stanie gminy Śniadowo za 2018 rok” wraz z debatą i głosowaniem nad wotum zaufania; (2) uchwała Nr VII.52.2019 z dnia 7 czerwca 2019 r. https://www.sniadowo.pl/bip/download.php?id=5988 stanowi w § 1: „Po zakończeniu debaty nad raportem o stanie gminy postanawia się udzielić wotum zaufania Wójtowi Gminy Śniadowo.” Jednocześnie wyszukiwarka BIP po frazie „raport stanie gminy” zwraca dla starszych lat tylko tę zapowiedź sesji, a sekcja k=71 publikuje dziś raporty dopiero od 2023, więc samego pliku raportu za 2018 nie udało się odzyskać.",,true
1698,podlaskie,łomżyński,Śniadowo,gmina wiejska,2007072,2019,ok_finalnie,pdf,tekst,http://www.sniadowo.pl/bip/download.php?id=6543,sondowanie HEAD download.php (nazwa pliku z „raport”) + weryfikacja treści; KOREKTA wcześniejszego „niepowstał”,2057e75e1af8d4bd9896a7b0a3f333989992ad02831616acb22f28bb665fc885,200,2026-09-05T01:47:35Z,,1.136,true
1699,podlaskie,łomżyński,Śniadowo,gmina wiejska,2007072,2020,ok_finalnie,pdf,tekst,http://www.sniadowo.pl/bip/download.php?id=7124,direct_without_tor,5ac32b81da9ccc1f7dc56d293a6b37daace3e15f19c5868c854dc54912eb0394,200,2026-09-04T22:38:39Z,,1.25,true
1700,podlaskie,łomżyński,Śniadowo,gmina wiejska,2007072,2021,ok_finalnie,pdf,tekst,http://www.sniadowo.pl/bip/download.php?id=7906,sondowanie HEAD download.php (nazwa pliku z „raport”) + weryfikacja treści; KOREKTA wcześniejszego „niepowstał”,2138813d5ebd32088e0c753387aaa04ff96d41d18f157128bb3a287ff8877f5b,200,2026-09-05T01:47:38Z,,0.908,true
1701,podlaskie,łomżyński,Śniadowo,gmina wiejska,2007072,2022,ok_finalnie,pdf,tekst,http://www.sniadowo.pl/bip/download.php?id=7927,sondowanie HEAD download.php (nazwa pliku z „raport”) + weryfikacja treści; KOREKTA wcześniejszego „niepowstał”,460acda5651ddb02b78cd10d5ad78509aafab4d07644460ac5302b3bdfa9eb16,200,2026-09-05T01:47:42Z,,0.895,true
1702,podlaskie,łomżyński,Śniadowo,gmina wiejska,2007072,2023,ok_finalnie,pdf,tekst,http://www.sniadowo.pl/bip/download.php?id=8431,direct_without_tor,9943d893aa7289989b3834c3d6117f1287e532bdbbf0c848286e195305f869ce,200,2026-09-04T22:38:43Z,,1.873,true
1703,podlaskie,łomżyński,Śniadowo,gmina wiejska,2007072,2024,ok_finalnie,pdf,tekst,http://www.sniadowo.pl/bip/download.php?id=9094,direct_without_tor,6c502ed0e31bff9e47042db1834e5cc4d2aaf5b94d944c017501d83bd78c3207,200,2026-09-04T22:38:46Z,,0.655,true
1704,podlaskie,łomżyński,Śniadowo,gmina wiejska,2007072,2025,ok_finalnie,pdf,tekst,http://www.sniadowo.pl/bip/download.php?id=9225,direct_without_tor,08da476f20c9b24cdd993ff97ebb1d1be5e27b786ce9c98f52b1633b39136f55,200,2026-09-04T22:38:49Z,,1.042,true
2233,podlaskie,augustowski,-,-,2001,2018,ok_finalnie,pdf,tekst,https://bip-staugustow.podlaskie.eu/resource/file/download-file/id.4297/attachment.1,"plik_zweryfikowany_lokalnie (URL do odtworzenia: system plików BIP bip-staugustow.podlaskie.eu, kandydaci resource/file/download-file/id.N/attachment.{1,2}, N∈[4380..5160] — brak dopasowania rozmiaru 2050617 B; raport ISTNIEJE) | recheck_url_reconstructed_bip-staugustow.podlaskie.eu",ca90a84c667ae191f75b3d9bac78849386d95cb31d8c3aaac84070f565de405b,200,2026-09-05T02:16:29Z,"Załącznik do uchwały Nr 120/15/2019 Zarządu Powiatu w Augustowie z 6.05.2019 — RAPORT O STANIE POWIATU AUGUSTOWSKIEGO ZA 2018 ROK. Plik pobrany z BIP bip-staugustow.podlaskie.eu w wcześniejszej sesji (resource/file/download-file, id utracone w kompakcji); weryfikacja lokalna: fingerprint ustawowy OK. | [revalid 2026-09-05] download_fail http=0 n=0 req:InvalidSchema | [revalid 2026-09-05] revalidated unit=powiat_ok year=2018 ocr=False",2.051,true
2234,podlaskie,augustowski,-,-,2001,2019,ok_finalnie,pdf,tekst,https://bip-staugustow.podlaskie.eu/resource/file/download-file/id.4752/attachment.1,plik_zweryfikowany_lokalnie (URL do odtworzenia: jw.; brak dopasowania rozmiaru 1355842 B; raport ISTNIEJE) | recheck_url_reconstructed_bip-staugustow.podlaskie.eu,2ec3dfc87a411649c60914f8cb0de67e8d95cf7bccaf185b659da750a841b0c4,200,2026-09-05T02:16:29Z,Załącznik do uchwały Nr 356/46/2020 Zarządu Powiatu w Augustowie z 19.05.2020 — raport za 2019 rok; publikacja potwierdzona protokołem XIII/20 sesji RP (id.4901). Plik pobrany wcześniej z BIP; weryfikacja lokalna OK. | [revalid 2026-09-05] download_fail http=0 n=0 req:InvalidSchema | [revalid 2026-09-05] revalidated unit=powiat_ok year=2019 ocr=False,1.356,true
2235,podlaskie,augustowski,-,-,2001,2020,ok_finalnie,pdf,tekst,https://bip-staugustow.podlaskie.eu/resource/file/download-file/id.5134/attachment.1,"direct_without_tor_ssl_off (BIP bip-staugustow.podlaskie.eu, Zarząd Powiatu → Raporty o stanie Powiatu)",d98519f68f02e7c19bbbbf231387d2ce41b1ed633be875e6784bd2fc578ebc8a,200,2026-09-04T23:27:23Z,Załącznik do uchwały Zarządu Powiatu w Augustowie; Raport o stanie Powiatu Augustowskiego za 2020 rok.,1.482,true
2236,podlaskie,augustowski,-,-,2001,2021,ok_finalnie,pdf,tekst,https://augustow.org/wp-content/uploads/2022/05/raport_o_stanie_powiatu_za_2021_rok.pdf,"direct_without_tor (serwis regionalny augustow.org — kopia raportu; BIP bip-staugustow publikuje uchwały, rozmiar pliku zgodny)",c2e2265f409420917a2a7070f3a55dda402f2567a3c3f9cd65773e4b25dbcc3c,200,2026-09-05T00:09:05Z,Załącznik do uchwały Nr 787/113/2022 ZP w Augustowie z 13.05.2022 — raport za 2021 rok. Kopia bitowa (1701453 B) identyczna z lokalną.,1.701,true
2237,podlaskie,augustowski,-,-,2001,2022,ok_finalnie,pdf,tekst,https://bip-staugustow.podlaskie.eu/resource/115228/raport_o_stanie_powiatu_za_2022_rok.pdf/attachment.1,"direct_without_tor_ssl_off (BIP bip-staugustow.podlaskie.eu, resource/115228)",1da294224fb07b83e64fd4fa0930b364206369a69bb02a9bd118c4fdf03733d6,200,2026-09-04T23:27:26Z,Załącznik do uchwały Nr 1042/143/2023 ZP w Augustowie z 28.04.2023 — raport za 2022 rok; rozmiar 1626285 B zgodny z lokalnym.,1.626,true
2238,podlaskie,augustowski,-,-,2001,2023,ok_finalnie,pdf,tekst,https://bip-staugustow.podlaskie.eu/resource/115228/Raport_o_stanie_Powiatu_za_2023r.pdf/attachment.1,"direct_without_tor_ssl_off (BIP bip-staugustow.podlaskie.eu, resource/115228; weryfikacja pobrania 200/1629271 B)",91eddcc219e53bbf1194c42efe632c225af21d6db20dfb846644d078a007483a,200,2026-09-04T23:27:30Z,Załącznik do uchwały Nr 1312/176/2024 ZP w Augustowie z 11.04.2024 — RAPORT O STANIE POWIATU AUGUSTOWSKIEGO ZA 2023 ROK.,1.629,true
2239,podlaskie,augustowski,-,-,2001,2024,ok_finalnie,pdf,tekst,https://bip-staugustow.podlaskie.eu/resource/115228/Raport_o_stanie_Powiatu_Augustowskiego_za_2024.pdf/attachment.1,"direct_without_tor_ssl_off (BIP bip-staugustow.podlaskie.eu, resource/115228)",8b705bb53116fde1d27b4f39455f473f21b0a47e8e3b986fd8b0442cde03bbe9,200,2026-09-04T23:27:33Z,Uchwała NR 303/51/2025 ZP z 14.05.2025 + Raport o stanie Powiatu Augustowskiego za 2024 rok (kompletny plik 5335536 B).,5.336,true
2240,podlaskie,augustowski,-,-,2001,2025,ok_finalnie,pdf,tekst,https://bip-staugustow.podlaskie.eu/resource/116134/564_i_zalacznik.pdf/attachment.1,"direct_without_tor_ssl_off (BIP bip-staugustow.podlaskie.eu, resource/116134; link z powiat-augustowski.eu aktualnosc-271)",a317b08fdc427171768ac279729c9131aa763258e08def02cc23eb638adcb48f,200,2026-09-04T23:27:38Z,Uchwała NR 564/95/2026 ZP z 21.04.2026 w sprawie przyjęcia Raportu o stanie Powiatu Augustowskiego za 2025 rok wraz z załącznikiem (raport) w jednym pliku.,8.954,true
2241,podlaskie,białostocki,-,-,2002,2018,brak_finalnie,,brak,brak,"dogłębne sprawdzenie; trzy tury weryfikacji (28.08., 29.08. ×2). TURA III „szukaj-szukaj-szukaj"": (1) legacy drzewo BIP na SmartSite przeszukane w całości: karty uchwał Rady XIII/98-108/2019 (katalog uchway_podjte_na_xiii_se27_czerwca_2019_r) — WSZYSTKIE bez załączników; protokoły z sesji 2019 (Rp_Protokol/protokoy_z_sesji_rady_powiatu_rok_2019): pełny tekst protokołu XIII z 27.06.2019 (115 kB) — „Starosta J.B. Perkowski przedstawił zebranym Raport o stanie Powiatu Białostockiego za 2018 rok (zał. nr 6)""; autorka: Sekretarz Powiatu J. Kondzior (forma wg stanowiska ZPP); protokół jako strona-tekst bez plików (zał. nr 1-6 = papier); (2) /Rada_Pow/RP_inf — tylko Raport_PRL (Planu Rozwoju Lokalnego 2004-2005) i raporty z realizacji POŚ — nie 28aa; (3) nowy oficjalny portal samorzad.gov.pl/web/powiat-bialostocki (powiatbialostocki.pl 301→gov.pl): brak strony raport (slugi 301→/), aktualności JS; (4) CDX Wayback rozstrzygające: zerowe captures dla *uzp-nr-1592019*, *posiedzenie_zp_nr_34*, *xiii982019* (w całej domenie wrotapodlasia.pl) i całego katalogu posiedzenia 34 na 3 wariantach hosta; /pl/ogolne/ starego portalu 2019-2020 (848 URL) — brak newsa z XIII sesji; (5) silniki: web_search (wielokrotnie), Bing (mkt=pl — zwracał bezsensowne wyniki z IP datacenter), DuckDuckGo (captcha 202), Mojeek/Ecosia (403); (6) repozytoria: docplayer/slideplayer/yumpu — nic; archive.org advancedsearch — 0; (7) skan /resource/<id>/ bez nazwy pliku = 404, a nazwy plików SmartSite mają losowe sufiksy (np. raport moniecki …_EK2nn.pdf) — zgadywanie URL niemożliwe; wcześniejszy skan ID 115000-124609 negatywny",,BRAK_URL (dowód istnienia - nieopublikowany),2026-09-01T10:23:57Z,"NEG definitywny po trzech turach. Raport ISTNIAŁ i był przyjęty/prezentowany: UZP Nr 159/2019 z 30.05.2019 (§1: „Przyjmuje się Raport o stanie Powiatu Białostockiego za 2018 rok, stanowiący załącznik do niniejszej uchwały""; podpisy Zarządu) + protokół XIII sesji 27.06.2019: „Starosta przedstawił zebranym Raport o stanie Powiatu Białostockiego za 2018 rok (zał. nr 6)"", debata, wotum XIII/98/2019, absolutorium XIII/100/2019. Plik NIGDY nie wszedł do obiegu elektronicznego: karty UZP 159/2019, uchwał XIII/98 i XIII/100 oraz protokołu XIII w BIP (SmartSite i legacy wrotapodlasia) mają zerowe załączniki; raport = zał. nr 6 do protokołu papierowego; Wayback: 0 captures ery VI-2019 dla całego drzewa (filtry uzp-nr-1592019/posiedzenie_zp_nr_34/xiii982019 puste); stary portal nie opublikował nawet newsa z sesji; brak w sitemap, wyszukiwarce BIP, mediach i repozytoriach dokumentów; gov.pl portal bez sekcji raport. Wersja elektroniczna nie istnieje publicznie — jedyna droga to wniosek o udostępnienie informacji publicznej do Starostwa. | TURA 11: sprawdzono rodzine zrodel prawomiejscowe.pl (Baza Aktow Wlasnych) dla wszystkich 56 jednostek z brakami - platforma zwraca HTTP 200 i IDENTYCZNA strone-szkielet o stalej dlugosci 75 124 B rowniez dla nieistniejacej instytucji (test kontrolny: /UrzadGminyNieIstniejeXyz), a jej listy aktow laduja sie dynamicznie i nie zawieraja frazy ""raport"". Rodzina odrzucona jako nieprzydatna - analogiczna pulapka jak strona marketingowa eSesja (36 759 B). | TURA 12 (nowe rodziny zrodel): sprawdzono i wykluczono: (1) Common Crawl - indeks odpowiada, ale dla domen gmin zwraca wylacznie rekordy HTML bez plikow raportow, a przy intensywniejszym odpytywaniu host przechodzi w stan http=000 (rate-limit); (2) archive.today (.ph/.today/.is/.li) - HTTP 429, platforma blokuje adresacje tego srodowiska; (3) arquivo.pt oraz Memento TimeTravel - brak odpowiedzi/brak zasobow dla domen PL; (4) prawomiejscowe.pl - wykluczone w turze 11 (strona-szkielet 75 124 B dla dowolnej instytucji); (5) brute-force nazw plikow na serwerze idcom (bip-v1-files, 18 000 kombinacji ID wiadomosci x 12 typowych nazw) - 0 trafien, zgodnie z ustalona regula o nieskutecznosci zgadywania nazw; (6) skanowanie stron raportowych pod katem linkow do chmur zewnetrznych (Google Drive, Power BI, OneDrive, Dropbox, SharePoint) - poza Stawiguda zadna gmina nie hostuje raportu poza wlasnym BIP.",,true
2242,podlaskie,białostocki,-,-,2002,2019,ok_finalnie,docx,tekst,https://bip-stbialystok.podlaskie.eu/resource/124609/385+Raport+o+stanie+Powiatu+2020+%2528004%2529.docx,direct_without_tor,a35ff71ff0a63a71cbd05cedf63a4c488277131f7601bad8e694955dd624ab5a,200,2026-09-04T22:40:39Z,,1.538,true
2243,podlaskie,białostocki,-,-,2002,2020,ok_finalnie,docx,tekst,https://bip-stbialystok.podlaskie.eu/resource/127008/Raport+o+stanie+Powiatu+za+2020.docx,direct_without_tor,af17abd38090219ea879fb77ec5312cd73180e41b0607831c48f0fcb1a009e4d,200,2026-09-04T22:40:43Z,,1.524,true
2244,podlaskie,białostocki,-,-,2002,2021,ok_finalnie,docx,tekst,https://bip-stbialystok.podlaskie.eu/resource/129948/Raport+o+stanie+Powiatu+2021.docx/attachment.1,"direct_without_tor; BIP Zarząd Powiatu → uchwały 2022 → posiedzenie ZP nr 215 z 31.05.2022, zał. Raport o stanie Powiatu Białostockiego za 2021 rok",df6e61cdbe3ffc9c057a5dc0eac17cc33ca2355affd7dd2675cd63ed88741a5c,200,2026-09-05T08:47:59Z,,1.290,true
2245,podlaskie,białostocki,-,-,2002,2022,ok_finalnie,docx,tekst,https://bip-stbialystok.podlaskie.eu/resource/132380/1298+Raport+o+stanie+Powiatu+za+2022_.docx,direct_without_tor,2eb674759d3acf49265a38fd80d87f9f574bd6b261694493d60d686681f26a38,200,2026-09-04T22:40:47Z,,1.422,true
2246,podlaskie,białostocki,-,-,2002,2023,ok_finalnie,pdf,tekst,https://bip-stbialystok.podlaskie.eu/resource/135109/Raport+o+stanie+powiatu+za+2023+rok.pdf,web_search → bezpośredni zasób BIP bip-stbialystok.podlaskie.eu resource/135109 (plik niepowiązany z posiedzeniami ZP ani protokołami; link zniknie tylko z katalogu),c196dfb61001217b106ab401f57b669ab4f3f01a125cd32e4813d57244ca71d3,200,2026-09-05T11:05:00Z,"FLIP 2026-09-05: raport ZNALEZIONY i POBRANY (wcześniejszy URL był raportem powiatu augustowskiego - wrong_unit). Weryfikacja treści: okładka 'RAPORT O STANIE POWIATU BIAŁOSTOCKIEGO ZA 2023 ROK', wstęp: 'co roku - do 31 maja, Zarząd Powiatu Białostockiego przedstawia Radzie Powiatu Białostockiego raport o stanie powiatu … za rok 2023'; dane finansowe budżetu Powiatu Białostockiego za 2023. PDF 1.5, 212 str., 3.878 MB, warstwa tekstowa → JEDNOSTKA i ROCZNIK potwierdzone.",3.878,true
2247,podlaskie,białostocki,-,-,2002,2024,ok_finalnie,pdf,tekst,https://bip-stbialystok.podlaskie.eu/resource/137687/413+za%C5%82%C4%85cznik+Raport+o+stanie+Powiatu+za+2024+rok.pdf,web_search (XVI sesja 23.06.2025 - debata nad raportem 2024) → BIP SmartSite: struktura ZP Uchwały 2025 → posiedzenie ZP nr 67 (29.05.2025) → UZP 413/2025 → załącznik resource/137687,627c520853f3924a7404f2a5561cac055c18e127dc0ed1eadd958f840a5c9807,200,2026-09-05T11:45:00Z,"FLIP 2026-09-05: raport ZNALEZIONY i POBRANY. Weryfikacja treści: okładka 'RAPORT O STANIE POWIATU BIAŁOSTOCKIEGO ZA 2024 ROK', karta tytułowa 'Raport o stanie Powiatu za 2024 r. / Powiat Białostocki'; plik = załącznik do uchwały Zarządu nr 413/2025 z 29.05.2025 (posiedzenie ZP nr 67); debata na XVI sesji Rady Powiatu 23.06.2025. PDF 1.7, 197 str., 3.166 MB, warstwa tekstowa → JEDNOSTKA i ROCZNIK potwierdzone. (2023 analogicznie: UZP 30/2024 z 23.05.2024 → resource/135109.)",3.166,true
2248,podlaskie,białostocki,-,-,2002,2025,ok_finalnie,pdf,tekst,https://bip-stbialystok.podlaskie.eu/resource/139801/699+Raport+o+stanie+Powiatu+za+2025+rok.pdf,"direct_without_tor; ścieżka: BIP bip-stbialystok.podlaskie.eu → Zarząd Powiatu → Uchwały, postanowienia, decyzje ZP rok 2026 → Posiedzenie ZP Nr 125 z 28.05.2026 → załącznik do Uchwały nr 699/2026 ZP z 28.05.2026 w sprawie Raportu o stanie Powiatu Białostockiego za 2025 rok (162 str., tytuł „RAPORT O STANIE POWIATU BIAŁOSTOCKIEGO ZA 2025 ROK"")",ce4acb1cb410da54ddce0e0e5e610be6cb9405cea58d8fc8f82d6d0720930b72,200,2026-09-05T00:09:08Z,,2.56,true
2249,podlaskie,bielski,-,-,2003,2018,ok_finalnie,docx,tekst,https://bip-stbielsk.podlaskie.eu/resource/117016/raport+o+stanie+powiatu+bielskiego+za+2018+-+23+05+2019.docx,direct_without_tor,cb84555063610c894ba3ff9a005811f9c3aee0035d8f62fc86b26d0501ddc5e8,200,2026-09-04T22:11:30Z,,0.184,true
2250,podlaskie,bielski,-,-,2003,2019,ok_finalnie,pdf,tekst,https://bip-stbielsk.podlaskie.eu/resource/117812/Raport+o+stanie+Powiatu+Bielskiego+za+2019+rok.pdf,direct_without_tor,345accf23b230fa305081537d6424be66508f90e11bf619e1754cae0daee7f2e,200,2026-09-04T22:11:34Z,,0.816,true
2251,podlaskie,bielski,-,-,2003,2020,ok_finalnie,pdf,tekst,https://bip-stbielsk.podlaskie.eu/resource/118542/Raport+o+stanie+Powiatu+Bielskiego+za+2020+rok.pdf,direct_without_tor,c24eef79fddebae5bb1b3133c24b3d091bdc6d97c924c2bf8a73ff4ce75f33d2,200,2026-09-04T22:11:42Z,,0.585,true
2252,podlaskie,bielski,-,-,2003,2021,ok_finalnie,pdf,tekst,https://bip-stbielsk.podlaskie.eu/resource/117015/Raport+o+stanie+Powiatu+Bielskiego+za+2021+rok.pdf,direct_without_tor,08bbcbca8d08f81010a527fa61cfed8d2c4ada1231ccf5e65a83a83023dc2004,200,2026-09-04T22:11:44Z,,0.652,true
2253,podlaskie,bielski,-,-,2003,2022,ok_finalnie,pdf,tekst,https://bip-stbielsk.podlaskie.eu/resource/117015/Raport+o+stanie+Powiatu+Bielskiego+za+2022+rok.pdf,direct_without_tor,657f1f2a14a5d0e42c2cc53df650ed6672889a4b5b5f696e61e2b915db4d3ac9,200,2026-09-04T22:11:49Z,,0.63,true
2254,podlaskie,bielski,-,-,2003,2023,ok_finalnie,pdf,tekst,https://bip-stbielsk.podlaskie.eu/resource/117015/Raport+o+stanie+Powiatu+Bielskiego+za+2023+rok.pdf,direct_without_tor,fe770eb269185146ebe79abdc23aedcc68e2b8cb0086d6b05cf4e29d78d2a7cf,200,2026-09-04T22:11:52Z,,0.65,true
2255,podlaskie,bielski,-,-,2003,2024,ok_finalnie,pdf,tekst,https://bip-stbielsk.podlaskie.eu/resource/117015/Raport+o+stanie+Powiatu+Bielskiego+za+2024+rok.pdf,direct_without_tor,8223b1a5e148ef82fe22c7f19e5b31cbac48a67e0aebd08cc0f042a0c40aa11b,200,2026-09-04T22:11:54Z,,0.615,true
2256,podlaskie,bielski,-,-,2003,2025,ok_finalnie,pdf,tekst,https://bip-stbielsk.podlaskie.eu/resource/117015/Raport+o+stanie+Powiatu+Bielskiego+za+2025+rok.pdf,direct_without_tor,821df4e9143d7cf928e2dbad4b9beec5660ac5767c4c79c6785a4cd5f79601db,200,2026-09-04T22:11:57Z,,0.729,true
2257,podlaskie,grajewski,-,-,2004,2018,ok_finalnie,pdf,tekst,https://bip-stgrajewo.podlaskie.eu/resource/119388/Raport_o_stanie_powiatu_grajewskiego+2018+r.+Z+HERBEM2.pdf,direct_without_tor_ssl_off (BIP bip-stgrajewo.podlaskie.eu → Rada Powiatu → Protokoły z Sesji kadencja VI → protokół XII/19 z 27.06.2019 → załącznik 'Raport_o_stanie_powiatu_grajewskiego 2018 r. Z HERBEM2.pdf'; sesja XII = 'Rozpatrzenie raportu o stanie powiatu grajewskiego za 2018 r.' wg e-grajewo.pl),849aa8f04a8a365795e77b3a8fdf1595f632d59119a6a597c45815959d743e53,200,2026-09-05T10:05:00Z,"[revalid 2026-09-04/05] wrong_unit: wiersz wskazywał zasób BIP powiatu BIELSKIEGO (bip-stbielsk) | FLIP 2026-09-05: prawidłowy raport ZLOKALIZOWANY na BIP powiatu grajewskiego; weryfikacja treści: okładka 'RAPORT O STANIE POWIATU GRAJEWSKIEGO W 2018 R., maj 2019 r.'; 81 str. z warstwą tekstową; kontekst: załącznik do protokołu z sesji XII (27.06.2019) poświęconej rozpatrzeniu raportu za 2018",1.639,true
2258,podlaskie,grajewski,-,-,2004,2019,ok_finalnie,pdf,tekst,https://bip-stgrajewo.podlaskie.eu/resource/120611/Raport+o+stanie+powiatu+2019+-+2.0+wys%C5%82ane+do+radnych.pdf,direct_without_tor_ssl_off (BIP bip-stgrajewo.podlaskie.eu → Rada Powiatu → Protokoły z Sesji kadencja VI → protokół XXIX/20 z 21.08.2020 → załącznik 'Raport o stanie powiatu 2019 - 2.0 wysłane do radnych.pdf'),cdbf83066b787a1862c07e4ff13642b78a12e01f002351c1da6231f215ec750d,200,2026-09-05T10:05:00Z,"[revalid] brak w sitemap/katalogach menu | FLIP 2026-09-05: raport ZLOKALIZOWANY jako załącznik do protokołu sesji XXIX; weryfikacja treści: okładka 'RAPORT O STANIE POWIATU GRAJEWSKIEGO W 2019 R.', wstęp 'Zgodnie z art. 30a ust. 1-2 ustawy... o samorządzie powiatowym'; 92 str. z warstwą tekstową",2.589,true
2259,podlaskie,grajewski,-,-,2004,2020,ok_finalnie,pdf,tekst,https://bip-stgrajewo.podlaskie.eu/resource/121767/Raport+o+stanie+powiatu+2020.pdf,"direct_without_tor_ssl_off (BIP bip-stgrajewo.podlaskie.eu → Rada Powiatu → Protokoły z Sesji kadencja VI → protokół XLIII/20 z 07.05.2021 → załącznik 'Raport o stanie powiatu 2020.pdf'; druga kopia: załącznik do protokołu XLIV/21 z 25.06.2021, resource/121928)",2aa1421a6f38dcc7ef04d6b0c21d60111b0b847eb49739073924ef4f67c1be2b,200,2026-09-05T10:05:00Z,"[revalid] brak w sitemap/katalogach menu | FLIP 2026-09-05: raport ZLOKALIZOWANY; weryfikacja treści: okładka 'Raport o stanie Powiatu Grajewskiego w 2020 r., maj 2021 r.'; 100 str. z warstwą tekstową; jednostka i rocznik potwierdzone w treści",2.773,true
2260,podlaskie,grajewski,-,-,2004,2021,brak_finalnie,,,brak,direct_without_tor_ssl_off,,BRAK_URL,2026-09-05T09:00:38Z,"DOWÓD ISTNIENIA (wzmocniony 2026-09-05), plik nieodnaleziony: protokół sesji Rady Powiatu Grajewskiego nr LX/22 z 24.06.2022 (stary BIP resource/122675, 105 175 B, sha256 23c431af83b607157492…) zawiera pozycję 'Rozpatrzenie raportu o stanie Powiatu Grajewskiego za 2021 r.' — debata odbyła się ('Przewodniczący G. Gardocki zainicjował debatę nad raportem… zamknął debatę'). Plik raportu NIEOPUBLIKOWANY: strona protokołu LX na starym BIP ma tylko protokół; platforma eSesja (powiatgrajewski.esesja.pl) NIE ZAWIERA sesji LIX (14.06.2022) i LX (24.06.2022) — luka po migracji (lista kad. VI pełna poza nimi); sesja LXI (30.06.2022) bez raportu; Wayback: 0 capture bip-stgrajewo.podlaskie.eu; wyszukiwarki: nic. Nowy BIP: sekcja 'Raporty o stanie powiatu' tylko 2025.",,true
2261,podlaskie,grajewski,-,-,2004,2022,ok_finalnie,pdf,tekst,https://powiatgrajewski.esesja.pl/pobierz/2284366/3791559934/621f100535b0e0eb2f9ff4b4c4b768df,"web_search → powiatgrajewski.esesja.pl (eSesja) → posiedzenie.asp?k=6ecdc27b-de5c-4 (sesja LXXVII, 23.06.2023) → załącznik 'Raport o stanie powiatu w 2022 r (3,51MB)' getfile(2284366,…) → endpoint /pobierz/{id}/{l}/{md5} (parametry per-load ASP; pobór ze świeżą stroną+cookie)",8ff702d822b4e2e3b6fd97a92dc8143e450e20e09b13e4534a68004f79792075,200,2026-09-05T10:22:00Z,"FLIP 2026-09-05: raport ZNALEZIONY i POBRANY. Weryfikacja treści: okładka 'Załącznik do uchwały Nr 224/1103/23 Zarządu Powiatu Grajewskiego z dnia 29 maja 2023 r. — Raport o stanie Powiatu Grajewskiego w 2022 roku, maj 2023 r.' + list starosty 'raport o stanie powiatu za rok 2022… Powiatu Grajewskiego' → JEDNOSTKA (powiat ziemski grajewski) i ROCZNIK 2022 potwierdzone. PDF 1.7, 132 str., warstwa tekstowa. Sesja LXXVII/23 (23.06.2023) rozpatrzyła raport (protokół resource/123271 st. BIP). Uwaga: URL /pobierz/ zawiera parametry antyleech generowane per-load; źródło kanoniczne = strona sesji na eSesja.",3.676,true
2262,podlaskie,grajewski,-,-,2004,2023,brak_finalnie,,,brak,direct_without_tor_ssl_off,,BRAK_URL,2026-09-05T09:00:38Z,"DOWÓD ISTNIENIA (odtworzony 2026-09-05 po resecie środowiska), plik raportu nieodnaleziony: sesja Rady Powiatu Grajewskiego nr IV/24 z 26.06.2024 rozpatrzyła 'Raport o stanie Powiatu Grajewskiego za 2023 r.' — protokół IV/24 pobrany z platformy eSesja: źródło /posiedzenie/62292338-68de-4 (sesja V, załącznik 'PROTOKÓŁ NR IV_24 z 26.06.2024 r.pdf', getfile → /pobierz/2855252/{token-per-load}/{md5}, cookies z sesji), 396 707 B, 19 str., warstwa tekstowa (textlen 12 597), sha256 0a888cd82ba31902efd70c8119495cc6a97ecb20ad21e1c2c46698240d6f7d1c; pkt 5: 'Rozpatrzenie raportu o stanie Powiatu Grajewskiego za 2023 r.' z debatą. Na stronie sesji IV/24 i V/24 nie ma załącznika raportu — plik nigdy nieopublikowany.",,true
2263,podlaskie,grajewski,-,-,2004,2024,ok_finalnie,pdf,tekst,https://powiatgrajewski.esesja.pl/pobierz/3389768/89467167/5550bdd18ba7b98f7aa634326885f962,"eSesja powiatgrajewski.esesja.pl → posiedzenia → sesja XVIII (27.06.2025) posiedzenie/8f7ca244-6c37-4 → załącznik 'Raport o stanie Powiatu Grajewskiego w 2024 r.pdf (7,07MB)' getfile(3389768,…) → /pobierz/{id}/{l}/{md5} ze świeżym ciasteczkiem ASP",6f14b88a3c752305e2865b2c77de92b05380a03c19e2dc1d181e51d43efed804,200,2026-09-05T10:26:00Z,"FLIP 2026-09-05: raport ZNALEZIONY i POBRANY. Weryfikacja: okładka 'Załącznik do uchwały Nr 57/281/25 Zarządu Powiatu Grajewskiego z dnia 30 maja 2025 r. — Raport o stanie Powiatu Grajewskiego w 2024 roku, maj 2025 r.' → JEDNOSTKA i ROCZNIK 2024 potwierdzone. PDF 1.7, 137 str., warstwa tekstowa. Uwaga: parametry URL /pobierz/ per-load; źródło kanoniczne = strona sesji XVIII na eSesja.",7.413,true
2264,podlaskie,grajewski,-,-,2004,2025,ok_finalnie,pdf,tekst,https://bip.starostwograjewo.pl/files/file_add/download/4193_raport-o-stanie-powiatu-grajewskiego-za-2025-r.pdf,"direct_without_tor (NOWY BIP bip.starostwograjewo.pl (2ClickPortal, uruchomiony 2026) → Rada Powiatu → Raporty o stanie powiatu → 'Raport o stanie powiatu za rok 2025'; zaalinkowany też w aktualności www.starostwograjewo.pl 'Debata nad Raportem o stanie Powiatu Grajewskiego w 2025 roku' (sesja 11.06.2026); stary BIP bip-stgrajewo.podlaskie.eu nie ma kadencji VII)",ac092f785c936dcab262fce2768935e68c4c1e49e0f7a6d9a9384d2217185f44,200,2026-09-05T10:05:00Z,"[revalid] wrong_unit: wiersz wskazywał zasób powiatu bielskiego | FLIP 2026-09-05: raport ZLOKALIZOWANY na nowym BIP; weryfikacja treści: okładka 'Raport o stanie Powiatu Grajewskiego w 2025 roku, maj 2026 r.'; 146 str. z warstwą tekstową; Word 2024",6.917,true
2265,podlaskie,hajnowski,-,-,2005,2018,ok_finalnie,pdf,tekst,https://bip-sthajnowka.podlaskie.eu/resource/file/download-file/id.13231,direct_without_tor,de2c9fe26e92b1eca4550586e6fe3040280c08965284fe872014b13158220e0b,200,2026-09-04T22:30:01Z,,3.205,true
2266,podlaskie,hajnowski,-,-,2005,2019,ok_finalnie,pdf,tekst,https://samorzad.gov.pl/attachment/e4b19f9c-f1e6-43fa-a3df-54bc5375b81a,direct_without_tor,a5dc49cd9f9a43caa317d242ffa0565b8268aecd587b34d2f93f3445c79de2d2,200,2026-09-04T22:16:44Z,,3.744,true
2267,podlaskie,hajnowski,-,-,2005,2020,ok_finalnie,pdf,tekst,https://bip-sthajnowka.podlaskie.eu/resource/120242/Uchwa%C5%82a+Zarz%C4%85du+Powiatu+Nr+91.199.2021.pdf,direct_without_tor,5c5da64a5069eed811c6877d36422a3aa69b192d3f34d9ef308ccda2f1bb195c,200,2026-09-04T22:30:04Z,,1.883,true
2268,podlaskie,hajnowski,-,-,2005,2021,ok_finalnie,pdf,tekst,https://bip-sthajnowka.podlaskie.eu/resource/121041/132.299.2022.pdf,direct_without_tor,25963bfed4d061605e715154e3084ae4ab19dc8708316c74f3a99ff269552755,200,2026-09-04T22:30:08Z,,4.052,true
2269,podlaskie,hajnowski,-,-,2005,2022,ok_finalnie,pdf,tekst,https://bip-sthajnowka.podlaskie.eu/resource/121648/Uchwa%C5%82a.170.391.2023.pdf,direct_without_tor,3c9f15583c67dc6e91b584763fd5b9c30e2d22941ce8b6621f864c75d73f1193,200,2026-09-04T22:30:11Z,,4.202,true
2270,podlaskie,hajnowski,-,-,2005,2023,ok_finalnie,pdf,tekst,https://samorzad.gov.pl/attachment/a5191c1e-3b8c-4035-bcc7-de85102a38db,direct_without_tor,6008e3eac2938b3fd3a487e813aa5a16d0554268f1b616dc9b33cccf9233d7a6,200,2026-09-04T22:16:54Z,,5.689,true
2271,podlaskie,hajnowski,-,-,2005,2024,ok_finalnie,pdf,tekst,https://bip-sthajnowka.podlaskie.eu/resource/123049/44.98.2025.pdf,direct_without_tor,d86ebca402b1a766ff06bb3a35bd1024ee6e423cac90dc541e85f6050ff6a4e0,200,2026-09-04T22:30:16Z,,6.155,true
2272,podlaskie,hajnowski,-,-,2005,2025,ok_finalnie,pdf,tekst,https://bip-sthajnowka.podlaskie.eu/resource/123583/RAPORT+O+STANIE+POWIATU+HAJNOWSKIEGO+ZA+2025+R.pdf,direct_without_tor,05464a74e3ffb08f83e0656c4ca31b3a500e36fba5b982066233c00413201ac8,200,2026-09-04T22:30:19Z,,3.66,true
2273,podlaskie,kolneński,-,-,2006,2018,ok_finalnie,pdf,tekst,https://bip-stkolno.podlaskie.eu/resource/file/download-file/id.7272/attachment.1,"direct_without_tor_ssl_off (web search → BIP bip-stkolno.podlaskie.eu, sekcja 'Raporty o stanie powiatu', podstrony roczne)",86eeea45634b0b42de6f196f39e1978e2369ce5be9d7a7ae9b522897bbc05749,200,2026-09-04T23:21:03Z,Uchwała Nr 16/75/19 Zarządu Powiatu Kolneńskiego w sprawie raportu o stanie powiatu + raport 'za 2018 rok' w jednym PDF; Starostwo Powiatowe w Kolnie.,1.886,true
2274,podlaskie,kolneński,-,-,2006,2019,ok_finalnie,pdf,tekst,https://bip-stkolno.podlaskie.eu/resource/file/download-file/id.8124/attachment.1,"direct_without_tor_ssl_off (web search → BIP bip-stkolno.podlaskie.eu, sekcja 'Raporty o stanie powiatu', podstrony roczne)",ef3cb6e00ecd05a76845ed8c3350a728a339ce96f4ded6ff9e90bfbe823f4d54,200,2026-09-04T23:21:06Z,Uchwała Nr 46/213/20 Zarządu Powiatu Kolneńskiego w sprawie raportu o stanie powiatu + raport 'za 2019 rok' w jednym PDF; Starostwo Powiatowe w Kolnie.,1.827,true
2275,podlaskie,kolneński,-,-,2006,2020,ok_finalnie,pdf,tekst,https://bip-stkolno.podlaskie.eu/resource/file/download-file/id.8899/attachment.1,"direct_without_tor_ssl_off (web search → BIP bip-stkolno.podlaskie.eu, sekcja 'Raporty o stanie powiatu', podstrony roczne)",7c164ff067bf2ac47b3dd5285c0b93db0b788c204e22b827bdeefd3f891aa638,200,2026-09-04T23:21:09Z,Uchwała Nr 71/345/21 Zarządu Powiatu Kolneńskiego w sprawie raportu o stanie powiatu + raport 'za 2020 rok' w jednym PDF; Starostwo Powiatowe w Kolnie.,1.341,true
2276,podlaskie,kolneński,-,-,2006,2021,ok_finalnie,pdf,tekst,https://bip-stkolno.podlaskie.eu/resource/116647/465.pdf/attachment.1,"direct_without_tor_ssl_off (web search → BIP bip-stkolno.podlaskie.eu, sekcja 'Raporty o stanie powiatu', podstrony roczne)",81898315e304f3ad7be1f5260c2a800c992e98190c5c35ad66adf8d03fcb9322,200,2026-09-04T23:21:12Z,Uchwała Nr 96/465/22 Zarządu Powiatu Kolneńskiego w sprawie raportu o stanie powiatu + raport 'za 2021 rok' w jednym PDF; Starostwo Powiatowe w Kolnie.,1.495,true
2277,podlaskie,kolneński,-,-,2006,2022,ok_finalnie,pdf,tekst,https://bip-stkolno.podlaskie.eu/resource/116769/585.pdf/attachment.1,"direct_without_tor_ssl_off (web search → BIP bip-stkolno.podlaskie.eu, sekcja 'Raporty o stanie powiatu', podstrony roczne)",f781f23f151821c22b864519b55b7e2ffe9542884e456723cbf8ee5f246a8aad,200,2026-09-04T23:21:15Z,Uchwała Nr 120/585/23 Zarządu Powiatu Kolneńskiego w sprawie raportu o stanie powiatu + raport 'za 2022 rok' w jednym PDF; Starostwo Powiatowe w Kolnie.,1.638,true
2278,podlaskie,kolneński,-,-,2006,2023,ok_finalnie,pdf,tekst,https://bip-stkolno.podlaskie.eu/resource/116919/729.pdf/attachment.1,"direct_without_tor_ssl_off (web search → BIP bip-stkolno.podlaskie.eu, sekcja 'Raporty o stanie powiatu', podstrony roczne)",b5cd9f9559dbc41b0529f954272d55bf734ec0361c2543748161f65a8a59b346,200,2026-09-04T23:21:19Z,Uchwała Nr 151/729/24 Zarządu Powiatu Kolneńskiego w sprawie raportu o stanie powiatu + raport 'za 2023 rok' w jednym PDF; Starostwo Powiatowe w Kolnie.,3.141,true
2279,podlaskie,kolneński,-,-,2006,2024,ok_finalnie,pdf,tekst,https://bip-stkolno.podlaskie.eu/resource/117066/130.pdf/attachment.1,"direct_without_tor_ssl_off (web search → BIP bip-stkolno.podlaskie.eu, sekcja 'Raporty o stanie powiatu', podstrony roczne)",874b532c714954a72738342a2f34ee408f3a7b2277886fa2dec04383fdfa051c,200,2026-09-04T23:21:23Z,Uchwała Nr 30/130/25 Zarządu Powiatu Kolneńskiego w sprawie raportu o stanie powiatu + raport 'za 2024 rok' w jednym PDF; Starostwo Powiatowe w Kolnie.,8.337,true
2280,podlaskie,kolneński,-,-,2006,2025,ok_finalnie,pdf,tekst,https://bip-stkolno.podlaskie.eu/resource/117211/244.pdf/attachment.1,"direct_without_tor_ssl_off (web search → BIP bip-stkolno.podlaskie.eu, sekcja 'Raporty o stanie powiatu', podstrony roczne)",7786581e9343a31168807f40c5e2d82a08793b49f6cd717a5d5944ab00de41ea,200,2026-09-04T23:21:27Z,Uchwała Nr 59/244/26 Zarządu Powiatu Kolneńskiego w sprawie raportu o stanie powiatu + raport 'za 2025 rok' w jednym PDF; Starostwo Powiatowe w Kolnie.,7.82,true
2281,podlaskie,m. Białystok,-,-,2061,2018,ok_finalnie,pdf,tekst,https://www.bialystok.pl/resource/16866/Raport+o+stanie+Miasta+w+2018+roku.pdf,direct_without_tor [m.n.p.p.: w mieście na prawach powiatu 'raport o stanie miasta' Prezydenta przedstawiany Radzie Miasta ( pełniącej jednocześnie funkcję Rady Powiatu) realizuje wymóg art. 92bb u.s.p.; ten sam dokument co w wiersz gminny],a483a8e77a9d8fcc8c83204969ac007bdebf9b42ffa8ec28685b0e5955a9f3b6,200,2026-09-05T00:05:08Z,Dokument 'raport o stanie Białystok' za 2018 r. (wiersz gminny 2061011) pełni funkcję raportu o stanie powiatu (m.n.p.p.).,7.366,true
2282,podlaskie,m. Białystok,-,-,2061,2019,ok_finalnie,pdf,tekst,https://www.bialystok.pl/resource/136/Raport+o+stanie+Miasta+Bia%25C5%2582egostoku+za+2019+rok.pdf,direct_without_tor [m.n.p.p.: w mieście na prawach powiatu 'raport o stanie miasta' Prezydenta przedstawiany Radzie Miasta ( pełniącej jednocześnie funkcję Rady Powiatu) realizuje wymóg art. 92bb u.s.p.; ten sam dokument co w wiersz gminny],4367772c8d83786db0c809b35d7e848c08befc54947e1763d770d0f326b19b78,200,2026-09-05T00:05:12Z,Dokument 'raport o stanie Białystok' za 2019 r. (wiersz gminny 2061011) pełni funkcję raportu o stanie powiatu (m.n.p.p.).,7.74,true
2283,podlaskie,m. Białystok,-,-,2061,2020,ok_finalnie,pdf,tekst,https://www.bialystok.pl/resource/23827/Raport+o+stanie+Miasta+Bia%25C5%2582egostoku+za+2020+rok.pdf,direct_without_tor [m.n.p.p.: w mieście na prawach powiatu 'raport o stanie miasta' Prezydenta przedstawiany Radzie Miasta ( pełniącej jednocześnie funkcję Rady Powiatu) realizuje wymóg art. 92bb u.s.p.; ten sam dokument co w wiersz gminny],8d090493415583f5b7a96e417b37b897ca7ea40d6b6a25e674d0d88db6d0ad6f,200,2026-09-05T00:05:17Z,Dokument 'raport o stanie Białystok' za 2020 r. (wiersz gminny 2061011) pełni funkcję raportu o stanie powiatu (m.n.p.p.).,9.512,true
2284,podlaskie,m. Białystok,-,-,2061,2021,ok_finalnie,pdf,tekst,https://www.bialystok.pl/resource/6781/Raport+o+stanie+Miasta+Bia%25C5%2582egostoku+za+2021+rok,direct_without_tor [m.n.p.p.: w mieście na prawach powiatu 'raport o stanie miasta' Prezydenta przedstawiany Radzie Miasta ( pełniącej jednocześnie funkcję Rady Powiatu) realizuje wymóg art. 92bb u.s.p.; ten sam dokument co w wiersz gminny],334706b0ad7e87661abbaaa8a598e2ab79b1b8f0a0840c2803d9e31d9474c91b,200,2026-09-05T00:05:22Z,Dokument 'raport o stanie Białystok' za 2021 r. (wiersz gminny 2061011) pełni funkcję raportu o stanie powiatu (m.n.p.p.).,12.165,true
2285,podlaskie,m. Białystok,-,-,2061,2022,ok_finalnie,pdf,tekst,https://www.bialystok.pl/resource/136/Raport+o+stanie+Miasta+Bia%25C5%2582egostoku+za+2022+rok,direct_without_tor [m.n.p.p.: w mieście na prawach powiatu 'raport o stanie miasta' Prezydenta przedstawiany Radzie Miasta ( pełniącej jednocześnie funkcję Rady Powiatu) realizuje wymóg art. 92bb u.s.p.; ten sam dokument co w wiersz gminny],a992132bd8988fcc5d7ad4618258bd90c856e8284329613eac538a9fe4240f59,200,2026-09-05T00:05:26Z,Dokument 'raport o stanie Białystok' za 2022 r. (wiersz gminny 2061011) pełni funkcję raportu o stanie powiatu (m.n.p.p.).,8.956,true
2286,podlaskie,m. Białystok,-,-,2061,2023,ok_finalnie,pdf,tekst,https://www.bialystok.pl/resource/16865/Raport+o+stanie+Miasta+Bia%25C5%2582egostoku+za+2023+rok.pdf,direct_without_tor [m.n.p.p.: w mieście na prawach powiatu 'raport o stanie miasta' Prezydenta przedstawiany Radzie Miasta ( pełniącej jednocześnie funkcję Rady Powiatu) realizuje wymóg art. 92bb u.s.p.; ten sam dokument co w wiersz gminny],1c9f10cfb6e3dec7c150c5f39f47053077c55d42d012454723093bb4679f5f33,200,2026-09-05T00:05:32Z,Dokument 'raport o stanie Białystok' za 2023 r. (wiersz gminny 2061011) pełni funkcję raportu o stanie powiatu (m.n.p.p.).,12.423,true
2287,podlaskie,m. Białystok,-,-,2061,2024,ok_finalnie,pdf,tekst,https://www.bialystok.pl/resource/16865/Raport+o+stanie+Miasta+Bia%25C5%2582egostoku+za+2024+rok.pdf,direct_without_tor [m.n.p.p.: w mieście na prawach powiatu 'raport o stanie miasta' Prezydenta przedstawiany Radzie Miasta ( pełniącej jednocześnie funkcję Rady Powiatu) realizuje wymóg art. 92bb u.s.p.; ten sam dokument co w wiersz gminny],1e4caeb66678a06e64df897e06b9c64bd65d1da07efde473b9c3801b734288e7,200,2026-09-05T00:05:37Z,Dokument 'raport o stanie Białystok' za 2024 r. (wiersz gminny 2061011) pełni funkcję raportu o stanie powiatu (m.n.p.p.).,13.602,true
2288,podlaskie,m. Białystok,-,-,2061,2025,ok_finalnie,pdf,tekst,https://www.bialystok.pl/resource/16865/Raport+o+stanie+Miasta+Bia%25C5%2582egostoku+za+2025+rok+%2528skan%2529.pdf,direct_without_tor [m.n.p.p.: w mieście na prawach powiatu 'raport o stanie miasta' Prezydenta przedstawiany Radzie Miasta ( pełniącej jednocześnie funkcję Rady Powiatu) realizuje wymóg art. 92bb u.s.p.; ten sam dokument co w wiersz gminny],79aabcee47cd88f907e3d493cdce2778d5584989e93504ca5b73432c7486e652,200,2026-09-05T00:05:42Z,Dokument 'raport o stanie Białystok' za 2025 r. (wiersz gminny 2061011) pełni funkcję raportu o stanie powiatu (m.n.p.p.).,14.526,true
2289,podlaskie,m. Suwałki,-,-,2063,2018,ok_finalnie,pdf,tekst,https://um.suwalki.pl/storage/uzytkownicy/eklejmont@um.suwalki.pl/Raporty%20o%20stanie%20miasta/raport%20o%20stanie%20miasta_2018.pdf,direct_without_tor [m.n.p.p.: w mieście na prawach powiatu 'raport o stanie miasta' Prezydenta przedstawiany Radzie Miasta ( pełniącej jednocześnie funkcję Rady Powiatu) realizuje wymóg art. 92bb u.s.p.; ten sam dokument co w wiersz gminny],9091026bc3ee3d75fd5fd20f643b1fe36666623ccf1f188195592a174b93dbf8,200,2026-09-05T00:05:22Z,Dokument 'raport o stanie Suwałki' za 2018 r. (wiersz gminny 2063011) pełni funkcję raportu o stanie powiatu (m.n.p.p.).,176.128,true
2290,podlaskie,m. Suwałki,-,-,2063,2019,ok_finalnie,pdf,tekst,https://um.suwalki.pl/storage/uzytkownicy/esienko@um.suwalki.pl/!%20PLIKI%20KALENDARZ%20i%20www/2023%20stycze%C5%84/Raport%20o%20stanie%20miasta%202019.pdf,direct_without_tor [m.n.p.p.: w mieście na prawach powiatu 'raport o stanie miasta' Prezydenta przedstawiany Radzie Miasta ( pełniącej jednocześnie funkcję Rady Powiatu) realizuje wymóg art. 92bb u.s.p.; ten sam dokument co w wiersz gminny],1ae1f2f2b232efd4af3bb31791dfcbb3e0a01ec2079ac7a929aaf986ad1b6018,200,2026-09-05T00:05:43Z,Dokument 'raport o stanie Suwałki' za 2019 r. (wiersz gminny 2063011) pełni funkcję raportu o stanie powiatu (m.n.p.p.).,205.598,true
2291,podlaskie,m. Suwałki,-,-,2063,2020,ok_finalnie,pdf,tekst,https://um.suwalki.pl/storage/uzytkownicy/esienko@um.suwalki.pl/!%20PLIKI%20KALENDARZ%20i%20www/2023%20czerwiec/raport%20o%20stanie%20miasta_2020.pdf,direct_without_tor [m.n.p.p.: w mieście na prawach powiatu 'raport o stanie miasta' Prezydenta przedstawiany Radzie Miasta ( pełniącej jednocześnie funkcję Rady Powiatu) realizuje wymóg art. 92bb u.s.p.; ten sam dokument co w wiersz gminny],a36789cf076fb1c6b1096e270686a95562c678c8db9a747362234df043619522,200,2026-09-05T00:05:46Z,Dokument 'raport o stanie Suwałki' za 2020 r. (wiersz gminny 2063011) pełni funkcję raportu o stanie powiatu (m.n.p.p.).,4.503,true
2292,podlaskie,m. Suwałki,-,-,2063,2021,ok_finalnie,pdf,tekst,https://um.suwalki.pl/storage/uzytkownicy/esienko@um.suwalki.pl/RAPORTY%20O%20STANIE%20MIASTA/raport%20o%20stanie%20miasta_2021.pdf,direct_without_tor [m.n.p.p.: w mieście na prawach powiatu 'raport o stanie miasta' Prezydenta przedstawiany Radzie Miasta ( pełniącej jednocześnie funkcję Rady Powiatu) realizuje wymóg art. 92bb u.s.p.; ten sam dokument co w wiersz gminny],ad57d4a33fc860ce43455d9dfd7c2801eb0431b6f7b8cc8a0feaf32855ae1376,200,2026-09-05T00:05:50Z,Dokument 'raport o stanie Suwałki' za 2021 r. (wiersz gminny 2063011) pełni funkcję raportu o stanie powiatu (m.n.p.p.).,9.723,true
2293,podlaskie,m. Suwałki,-,-,2063,2022,ok_finalnie,pdf,tekst,https://um.suwalki.pl/storage/uzytkownicy/esienko@um.suwalki.pl/RAPORTY%20O%20STANIE%20MIASTA/Raport%20o%20stanie%20miasta%202022_ostateczny.pdf,direct_without_tor [m.n.p.p.: w mieście na prawach powiatu 'raport o stanie miasta' Prezydenta przedstawiany Radzie Miasta ( pełniącej jednocześnie funkcję Rady Powiatu) realizuje wymóg art. 92bb u.s.p.; ten sam dokument co w wiersz gminny],b3035f5079e6d11b78668c17cb1326a397cf5689cf80de64586eac6d298be123,200,2026-09-05T00:05:57Z,Dokument 'raport o stanie Suwałki' za 2022 r. (wiersz gminny 2063011) pełni funkcję raportu o stanie powiatu (m.n.p.p.).,45.84,true
2294,podlaskie,m. Suwałki,-,-,2063,2023,ok_finalnie,pdf,tekst,https://um.suwalki.pl/storage/uzytkownicy/esienko@um.suwalki.pl/RAPORTY%20O%20STANIE%20MIASTA/Raport%20o%20stanie%20miasta%20za%202023%20rok.pdf,direct_without_tor [m.n.p.p.: w mieście na prawach powiatu 'raport o stanie miasta' Prezydenta przedstawiany Radzie Miasta ( pełniącej jednocześnie funkcję Rady Powiatu) realizuje wymóg art. 92bb u.s.p.; ten sam dokument co w wiersz gminny],c74c207c64e4bd9dc51deaf68286b432bf1c3727a9628c13742afe58299b7e0b,200,2026-09-05T00:06:05Z,Dokument 'raport o stanie Suwałki' za 2023 r. (wiersz gminny 2063011) pełni funkcję raportu o stanie powiatu (m.n.p.p.).,62.474,true
2295,podlaskie,m. Suwałki,-,-,2063,2024,ok_finalnie,pdf,tekst,https://um.suwalki.pl/storage/uzytkownicy/esienko@um.suwalki.pl/FOLDER%20WYDZIALOWY%20UM/PKP/Raport%20o%20stanie%20miasta%20za%202024%20rok.pdf,direct_without_tor [m.n.p.p.: w mieście na prawach powiatu 'raport o stanie miasta' Prezydenta przedstawiany Radzie Miasta ( pełniącej jednocześnie funkcję Rady Powiatu) realizuje wymóg art. 92bb u.s.p.; ten sam dokument co w wiersz gminny],f782ef2f22dcfeee53746345f202fda7ba68f9288c756494dd978ce82a11d3bd,200,2026-09-05T00:06:12Z,Dokument 'raport o stanie Suwałki' za 2024 r. (wiersz gminny 2063011) pełni funkcję raportu o stanie powiatu (m.n.p.p.).,39.708,true
2296,podlaskie,m. Suwałki,-,-,2063,2025,ok_finalnie,pdf,tekst,https://um.suwalki.pl/storage/uzytkownicy/esienko@um.suwalki.pl/FOLDER%20WYDZIALOWY%20UM/PKP/raport%20za%202025/raport_o_stanie_miasta_za_2025_rok.pdf,direct_without_tor [m.n.p.p.: w mieście na prawach powiatu 'raport o stanie miasta' Prezydenta przedstawiany Radzie Miasta ( pełniącej jednocześnie funkcję Rady Powiatu) realizuje wymóg art. 92bb u.s.p.; ten sam dokument co w wiersz gminny],0868484d8ae68d1b9d9cb6f1afa7be86d0137558d0874db1260b238483fd2459,200,2026-09-05T00:06:17Z,Dokument 'raport o stanie Suwałki' za 2025 r. (wiersz gminny 2063011) pełni funkcję raportu o stanie powiatu (m.n.p.p.).,25.685,true
2297,podlaskie,m. Łomża,-,-,2062,2018,ok_finalnie,pdf,skan,http://www.lomza.pl/bip/zalaczniki/art/190618132506.pdf,direct_without_tor [m.n.p.p.: w mieście na prawach powiatu 'raport o stanie miasta' Prezydenta przedstawiany Radzie Miasta ( pełniącej jednocześnie funkcję Rady Powiatu) realizuje wymóg art. 92bb u.s.p.; ten sam dokument co w wiersz gminny],44aca984fde06f4f2ec141c9ff88e04730dd755aa4df59dac00069470587b426,200,2026-09-05T00:06:40Z,Dokument 'raport o stanie Łomża' za 2018 r. (wiersz gminny 2062011) pełni funkcję raportu o stanie powiatu (m.n.p.p.).,20.228,true
2298,podlaskie,m. Łomża,-,-,2062,2019,ok_finalnie,pdf,skan,https://www.lomza.pl/bip/zalaczniki/art/200626103656.pdf,direct_without_tor [m.n.p.p.: w mieście na prawach powiatu 'raport o stanie miasta' Prezydenta przedstawiany Radzie Miasta ( pełniącej jednocześnie funkcję Rady Powiatu) realizuje wymóg art. 92bb u.s.p.; ten sam dokument co w wiersz gminny],33a76812ab375470976f456fe2dca9b1d009eaec1023fd4fcae2ec00b020adf6,200,2026-09-05T00:06:55Z,Dokument 'raport o stanie Łomża' za 2019 r. (wiersz gminny 2062011) pełni funkcję raportu o stanie powiatu (m.n.p.p.).,31.609,true
2299,podlaskie,m. Łomża,-,-,2062,2020,ok_finalnie,pdf,skan,https://www.lomza.pl/bip/zalaczniki/art/210531150157.pdf,direct_without_tor [m.n.p.p.: w mieście na prawach powiatu 'raport o stanie miasta' Prezydenta przedstawiany Radzie Miasta ( pełniącej jednocześnie funkcję Rady Powiatu) realizuje wymóg art. 92bb u.s.p.; ten sam dokument co w wiersz gminny],21760f44f408aafd69311dc5d52378962a65ce38f6efe2a319da7cd385a37f3e,200,2026-09-05T00:07:09Z,Dokument 'raport o stanie Łomża' za 2020 r. (wiersz gminny 2062011) pełni funkcję raportu o stanie powiatu (m.n.p.p.).,28.856,true
2300,podlaskie,m. Łomża,-,-,2062,2021,ok_finalnie,pdf,skan,https://www.lomza.pl/bip/zalaczniki/art/220531125326.pdf,direct_without_tor [m.n.p.p.: w mieście na prawach powiatu 'raport o stanie miasta' Prezydenta przedstawiany Radzie Miasta ( pełniącej jednocześnie funkcję Rady Powiatu) realizuje wymóg art. 92bb u.s.p.; ten sam dokument co w wiersz gminny],2f0963fc21a8ad682c77f1d1d8775836e09762bf32c2c175975e5a7064ceec72,200,2026-09-05T00:07:36Z,Dokument 'raport o stanie Łomża' za 2021 r. (wiersz gminny 2062011) pełni funkcję raportu o stanie powiatu (m.n.p.p.).,82.554,true
2301,podlaskie,m. Łomża,-,-,2062,2022,ok_finalnie,pdf,tekst,https://www.lomza.pl/bip/zalaczniki/art/230612125005.pdf,direct_without_tor [m.n.p.p.: w mieście na prawach powiatu 'raport o stanie miasta' Prezydenta przedstawiany Radzie Miasta ( pełniącej jednocześnie funkcję Rady Powiatu) realizuje wymóg art. 92bb u.s.p.; ten sam dokument co w wiersz gminny],13dbe09ae3d36baf9d913cb69ffb891ee216848e79f087b4998c4a6d4e0460ff,200,2026-09-05T00:07:39Z,Dokument 'raport o stanie Łomża' za 2022 r. (wiersz gminny 2062011) pełni funkcję raportu o stanie powiatu (m.n.p.p.).,3.999,true
2302,podlaskie,m. Łomża,-,-,2062,2023,ok_finalnie,pdf,tekst,https://lomza-api.bip.net.pl/api/attachments/1606,direct_without_tor [m.n.p.p.: w mieście na prawach powiatu 'raport o stanie miasta' Prezydenta przedstawiany Radzie Miasta ( pełniącej jednocześnie funkcję Rady Powiatu) realizuje wymóg art. 92bb u.s.p.; ten sam dokument co w wiersz gminny],34f35d6e12e20bc4b0e2b03a987d131e510b5501d7f7c7d43805895c5f82b306,200,2026-09-05T00:08:04Z,Dokument 'raport o stanie Łomża' za 2023 r. (wiersz gminny 2062011) pełni funkcję raportu o stanie powiatu (m.n.p.p.).,3.904,true
2303,podlaskie,m. Łomża,-,-,2062,2024,ok_finalnie,pdf,skan,https://lomza-api.bip.net.pl/api/attachments/4948,tor_pl_ip [m.n.p.p.: w mieście na prawach powiatu 'raport o stanie miasta' Prezydenta przedstawiany Radzie Miasta ( pełniącej jednocześnie funkcję Rady Powiatu) realizuje wymóg art. 92bb u.s.p.; ten sam dokument co w wiersz gminny],f89448e9e5e9fa1d24993cab3a8498250987a7bfc537249cab2e22768377b6ab,200,2026-09-05T00:34:49Z,Dokument 'raport o stanie Łomża' za 2024 r. (wiersz gminny 2062011) pełni funkcję raportu o stanie powiatu (m.n.p.p.).,90.062,true
2304,podlaskie,m. Łomża,-,-,2062,2025,ok_finalnie,pdf,skan,https://lomza-api.bip.net.pl/api/attachments/7700,direct_without_tor [m.n.p.p.: w mieście na prawach powiatu 'raport o stanie miasta' Prezydenta przedstawiany Radzie Miasta ( pełniącej jednocześnie funkcję Rady Powiatu) realizuje wymóg art. 92bb u.s.p.; ten sam dokument co w wiersz gminny],a48fdc11fe2fd26dd1304e9bef3e251503cb5b466a6884ec1720b1c7264061e4,200,2026-09-05T00:11:30Z,Dokument 'raport o stanie Łomża' za 2025 r. (wiersz gminny 2062011) pełni funkcję raportu o stanie powiatu (m.n.p.p.).,55.638,true
2305,podlaskie,moniecki,-,-,2008,2018,ok_finalnie,pdf,tekst,https://bip-stmonki.podlaskie.eu/resource/117769/Raport_o_stanie_Powiatu_Monieckiego_za_2018_rok_EK2nn.pdf,"direct_without_tor_ssl_off (BIP bip-stmonki.podlaskie.eu, sekcja Rada Powiatu → Raport o stanie Powiatu → strony roczne 2018–2025)",38cc719640f80a8079242797f23e8ef0e7e7c97d39d7f05f68b03f694863481f,200,2026-09-04T23:21:27Z,RAPORT O STANIE POWIATU MONIECKIEGO ZA 2018 ROK; strona roczna /rada-pow/raport_o_stanie_powiatu_monieckiego/2018r.html,11.448,true
2306,podlaskie,moniecki,-,-,2008,2019,ok_finalnie,pdf,tekst,https://bip-stmonki.podlaskie.eu/resource/117153/Raport+o+stanie+Powiatu+Monieckiego+za+2019+rok+roboczy+%2528Naprawiony%2529.pdf,"direct_without_tor_ssl_off (BIP bip-stmonki.podlaskie.eu, sekcja Rada Powiatu → Raport o stanie Powiatu → strony roczne 2018–2025)",995e2abcb360ec24bf40bf1a881abab7a0e96a3971e4bd31dee58cfa76cabec9,200,2026-09-04T23:21:32Z,Raport o stanie Powiatu Monieckiego za 2019 rok (wersja robocza „Naprawiony”); UWAGA: istnieją też „Uzupełnienia i poprawki do Raportu” (resource/117198) — raport główny z 2019 r. w tym pliku,13.488,true
2307,podlaskie,moniecki,-,-,2008,2020,ok_finalnie,pdf,tekst,https://bip-stmonki.podlaskie.eu/resource/117739/Raport+Powiatu+za+2021r.+-+wersja+ostateczna+na+dzie%25C5%2584+28.05.2021.pdf,"direct_without_tor_ssl_off (BIP bip-stmonki.podlaskie.eu, sekcja Rada Powiatu → Raport o stanie Powiatu → strony roczne 2018–2025)",50a5bc0ac8866c30431d494e589ae61db90d7bd36422bf84e42de38a3ee63e6f,200,2026-09-04T23:21:38Z,"RAPORT ... ZA 2020 ROK, MAJ 2021 (nazwa pliku myląca: „za 2021r.”=rok publikacji); strona roczna raport-za-2020-rok.html; uzupełnienia/korekty osobno (resource/117773)",11.248,true
2308,podlaskie,moniecki,-,-,2008,2021,ok_finalnie,pdf,tekst,https://bip-stmonki.podlaskie.eu/resource/118169/Raport+Powiatu+za+2021r.1.pdf,"direct_without_tor_ssl_off (BIP bip-stmonki.podlaskie.eu, sekcja Rada Powiatu → Raport o stanie Powiatu → strony roczne 2018–2025)",a5d9d2400eecd0b0a2e9d6392bfc89a07348d87022a13d646036ff90fa0fa88a,200,2026-09-04T23:29:54Z,Raport o stanie Powiatu Monieckiego za 2021r; strona roczna raport-o-stanie-powiatu-za-2021-r.html,35.604,true
2309,podlaskie,moniecki,-,-,2008,2022,ok_finalnie,pdf,tekst,https://bip-stmonki.podlaskie.eu/resource/118382/Raport+Powiatu+za+2022+wersja+ostateczna.pdf,"direct_without_tor_ssl_off (BIP bip-stmonki.podlaskie.eu, sekcja Rada Powiatu → Raport o stanie Powiatu → strony roczne 2018–2025)",8ba3715c32fc15a80595827adb4b8881a191ad73979b4691e3e56f7c0c753ea8,200,2026-09-04T23:29:58Z,"RAPORT ... ZA 2022 ROK, MAJ 2023, „Już po raz czwarty…”; strona roczna raport-3.html",7.804,true
2310,podlaskie,moniecki,-,-,2008,2023,ok_finalnie,pdf,tekst,https://bip-stmonki.podlaskie.eu/resource/118593/RAPORT+POWIATU+za+2023+final.pdf,"direct_without_tor_ssl_off (BIP bip-stmonki.podlaskie.eu, sekcja Rada Powiatu → Raport o stanie Powiatu → strony roczne 2018–2025)",d78ddeabff437304c920f67271c499f75fd558c9b7ccc1b54abb699464d43769,200,2026-09-04T23:31:57Z,RAPORT O STANIE POWIATU MONIECKIEGO za 2023 final; strona roczna raport-za-2023-rok.html,33.309,true
2311,podlaskie,moniecki,-,-,2008,2024,ok_finalnie,pdf,tekst,https://bip-stmonki.podlaskie.eu/resource/118835/RAPORT+POWIATU+za+2024+FINAL.pdf,"direct_without_tor_ssl_off (BIP bip-stmonki.podlaskie.eu, sekcja Rada Powiatu → Raport o stanie Powiatu → strony roczne 2018–2025)",36580384244fe01783523b6437088d464f4446850d6afaf0cc2d8c58f24a7d0a,200,2026-09-04T23:32:03Z,RAPORT POWIATU za 2024 FINAL; strona roczna raport-za-2024-rok.html,19.387,true
2312,podlaskie,moniecki,-,-,2008,2025,ok_finalnie,pdf,tekst,https://bip-stmonki.podlaskie.eu/resource/118994/RAPORT+POWIATU+za+2025+%25E2%2580%2594+final.pdf,"direct_without_tor_ssl_off (BIP bip-stmonki.podlaskie.eu, sekcja Rada Powiatu → Raport o stanie Powiatu → strony roczne 2018–2025)",3fa8939bc15bf954a70d5e856d52d2410857b88d67f08abe1327b29f825d6c64,200,2026-09-04T23:38:15Z,RAPORT POWIATU za 2025 — final; strona roczna raport-za-2025-rok.html,20.386,true
2313,podlaskie,siemiatycki,-,-,2010,2018,ok_finalnie,pdf,tekst,https://bip-stsiemiatycze.podlaskie.eu/resource/116786/Raport+o+stanie+Powiatu+za+2018+rok.pdf,direct_without_tor,61f1a393955903dc8e8c3f79931bda44bc38e868f492f07f1378e0bf6c19e16a,200,2026-09-04T22:11:34Z,,0.309,true
2314,podlaskie,siemiatycki,-,-,2010,2019,ok_finalnie,pdf,tekst,https://bip-stsiemiatycze.podlaskie.eu/resource/117677/Raport+o+stanie+Powiatu+za+2019+rok.pdf,direct_without_tor,ca442c57b5e900bef0b80520830221d52a5c859dd82165699445f107472711da,200,2026-09-04T22:11:37Z,,0.428,true
2315,podlaskie,siemiatycki,-,-,2010,2020,ok_finalnie,docx,tekst,https://bip-stsiemiatycze.podlaskie.eu/resource/118759/Raport+o+stanie+Powiatu+za+2020+rok.docx,direct_without_tor,334662328702268710b502d124927547c29ee6f906c89fd32f1dfeabc6d3cfea,200,2026-09-04T22:11:39Z,,0.111,true
2316,podlaskie,siemiatycki,-,-,2010,2021,ok_finalnie,pdf,tekst,https://bip-stsiemiatycze.podlaskie.eu/resource/119655/RAPORT+O+STANIE+POWIATU+SIEMIATYCKIEGO+ZA+2021+ROK.pdf,direct_without_tor,a723430b4372d348c8aa05a8e1badaa2a9a4fc09bddda600975b135158ade144,200,2026-09-04T22:11:43Z,,1.85,true
2317,podlaskie,siemiatycki,-,-,2010,2022,ok_finalnie,pdf,tekst,https://bip-stsiemiatycze.podlaskie.eu/resource/120229/RAPORT+O+STANIE+POWIATU+SIEMIATYCKIEGO+ZA+2022+ROK.pdf,direct_without_tor,5c6b64b9291ac1ee9d9eab760bbc9fe3a64bb5b5db19940fc7271afb9b3ae182,200,2026-09-04T22:11:46Z,,2.031,true
2318,podlaskie,siemiatycki,-,-,2010,2023,ok_finalnie,pdf,tekst,https://bip-stsiemiatycze.podlaskie.eu/resource/120938/RAPORT+O+STANIE+POWIATU+SIEMIATYCKIEGO+ZA+2023+ROK.pdf,direct_without_tor,bc7df1ebca21c3b1fc9a8393a70d130c59ea65e13ad6b5c0e3c61e9a2d621893,200,2026-09-04T22:12:10Z,,1.837,true
2319,podlaskie,siemiatycki,-,-,2010,2024,ok_finalnie,pdf,tekst,https://bip-stsiemiatycze.podlaskie.eu/resource/121484/RAPORT+O+STANIE+POWIATU+SIEMIATYCKIEGO+ZA+2024+ROK.pdf,direct_without_tor,5d769c4dcc0869a48202999a7378ed4b9a6ba4937ff2a758a664e7b7ee2da3b2,200,2026-09-04T22:12:13Z,,1.873,true
2320,podlaskie,siemiatycki,-,-,2010,2025,ok_finalnie,pdf,tekst,https://bip-stsiemiatycze.podlaskie.eu/resource/122061/RAPORT+O+STANIE+POWIATU+SIEMIATYCKIEGO+ZA+2025+rok.pdf,direct_without_tor,5d249e122cdc3e9d9ef975ded11fd09780d9e77c78d0513b9be35a0579f789b7,200,2026-09-04T22:12:16Z,,1.56,true
2321,podlaskie,sokólski,-,-,2011,2018,ok_finalnie,pdf,skan+OCR,https://bip-stsokolka.podlaskie.eu/resource/3464/3744/Raport+o+stanie+Powiatu+Sok%25C3%25B3lskiego+za+2018+rok.pdf,"direct_without_tor_ssl_off (BIP bip-stsokolka.podlaskie.eu, POWIAT → Rada Powiatu → Raport o stanie Powiatu Sokólskiego, strony roczne 2018–2025; 2018: OCR lokalny po pobraniu)",7ad8dca2586f47b1e5be1c6572237355669b650d4f8cb0367bfe9fabac3fceb8,200,2026-09-04T23:21:38Z,"SKAN 76 str. → OCR (tesseract, pol, 200dpi): „Zarząd Powiatu Sokólskiego przedkłada raport o stanie Powiatu Sokólskiego za 2018 rok” (Dz.U. 2019 poz. 511); tekst OCR w pliki/p2011_sokolski/2018_OCR.txt",46.319,true
2322,podlaskie,sokólski,-,-,2011,2019,ok_finalnie,pdf,tekst+skan,https://bip-stsokolka.podlaskie.eu/resource/4916/5547/Raport+o+stanie+Powiatu+Sok%25C3%25B3lskiego+za+rok+2019.pdf,"direct_without_tor_ssl_off (BIP bip-stsokolka.podlaskie.eu, POWIAT → Rada Powiatu → Raport o stanie Powiatu Sokólskiego, strony roczne 2018–2025)",fd21c473e59dc2f314d4ce1d6cde86f4a59a45fc13ad7618a32b6a5cfb57654e,200,2026-09-04T23:31:20Z,Raport o stanie Powiatu Sokólskiego za rok 2019 (tekst częściowo nakładany na skany),44.493,true
2323,podlaskie,sokólski,-,-,2011,2020,ok_finalnie,pdf,tekst,https://bip-stsokolka.podlaskie.eu/resource/6356/7479/Raport+o+stanie+Powiatu+Sok%25C3%25B3lskiego+za+rok+2020.pdf,"direct_without_tor_ssl_off (BIP bip-stsokolka.podlaskie.eu, POWIAT → Rada Powiatu → Raport o stanie Powiatu Sokólskiego, strony roczne 2018–2025)",cc7ef8e06997bd506a72cfec5444650e989b698aff67fd2be732d1d04aacfd51,200,2026-09-04T23:53:54Z,Raport o stanie Powiatu Sokólskiego za rok 2020,72.945,true
2324,podlaskie,sokólski,-,-,2011,2021,ok_finalnie,pdf,tekst,https://bip-stsokolka.podlaskie.eu/resource/7532/10392/Raport+o+stanie+Powiatu+Sok%25C3%25B3lskiego+za+rok+2021.pdf,"direct_without_tor_ssl_off (BIP bip-stsokolka.podlaskie.eu, POWIAT → Rada Powiatu → Raport o stanie Powiatu Sokólskiego, strony roczne 2018–2025)",403c5b4e3d2ab9e675a84606a73bfa94c4a8a9a54abf255f1262d454154db33a,200,2026-09-04T23:45:43Z,Raport o stanie Powiatu Sokólskiego za rok 2021,62.595,true
2325,podlaskie,sokólski,-,-,2011,2022,ok_finalnie,pdf,tekst,https://bip-stsokolka.podlaskie.eu/resource/8295/11998/Raport+o+stanie+Powiatu+Sok%25C3%25B3lskiego+za+rok+2022.pdf,"direct_without_tor_ssl_off (BIP bip-stsokolka.podlaskie.eu, POWIAT → Rada Powiatu → Raport o stanie Powiatu Sokólskiego, strony roczne 2018–2025)",fe9d184307af56fe6b187ebbb51a908606b75c89dcb3276164602187861de7a0,200,2026-09-04T23:45:47Z,Raport o stanie Powiatu Sokólskiego za rok 2022 (76 str.),4.888,true
2326,podlaskie,sokólski,-,-,2011,2023,ok_finalnie,pdf,tekst,https://bip-stsokolka.podlaskie.eu/resource/9204/14689/RAPORT+O+STANIE+POWIATU+2023.pdf,"direct_without_tor_ssl_off (BIP bip-stsokolka.podlaskie.eu, POWIAT → Rada Powiatu → Raport o stanie Powiatu Sokólskiego, strony roczne 2018–2025)",dc3679e2cd519f1083ac7e9fd65bca4f193d28a1bebf66c8052cf6c80da8c9a8,200,2026-09-04T23:45:51Z,RAPORT O STANIE POWIATU SOKÓLSKIEGO ZA ROK 2023 (MAJ 2024); towarzyszy uchwała ZP z 29.05.2024 (resource/9204/14688),4.72,true
2327,podlaskie,sokólski,-,-,2011,2024,ok_finalnie,pdf,tekst,https://bip-stsokolka.podlaskie.eu/resource/10081/16789/Raport+o+stanie+Powiatu+Sok%25C3%25B3lskiego+za+rok+2024.pdf,"direct_without_tor_ssl_off (BIP bip-stsokolka.podlaskie.eu, POWIAT → Rada Powiatu → Raport o stanie Powiatu Sokólskiego, strony roczne 2018–2025)",a4bce79abeadc08a2b290ebf74e1c380a3a7d638599ccc2626b6bde34a282b73,200,2026-09-04T23:45:54Z,Raport o stanie Powiatu Sokólskiego za rok 2024 (82 str.); towarzyszy skan uchwały (resource/10081/16788),3.486,true
2328,podlaskie,sokólski,-,-,2011,2025,ok_finalnie,pdf,tekst,https://bip-stsokolka.podlaskie.eu/resource/10854/18657/RAPORT+O+STANIE+POWIATU+2025.pdf,"direct_without_tor_ssl_off (BIP bip-stsokolka.podlaskie.eu, POWIAT → Rada Powiatu → Raport o stanie Powiatu Sokólskiego, strony roczne 2018–2025)",864310d10b70bcc8386186b06d3582c4e479ee03991bb7ea16f38645e4c2f717,200,2026-09-04T23:45:58Z,RAPORT O STANIE POWIATU 2025 (78 str.); towarzyszy skan uchwały (resource/10854/18658),3.849,true
2329,podlaskie,suwalski,-,-,2012,2018,ok_finalnie,pdf,tekst,https://bip-stsuwalki.podlaskie.eu/resource/12923/Raport+o+stanie+Powiatu+Suwalskiego+w+2018+r.pdf/attachment.1,direct_without_tor; BIP bip-stsuwalki.podlaskie.eu /rada-powiatu/raport-o-stanie-powiatu-suwalskiego/ (alt po złym URL powiatu łomżyńskiego),4ff0bd4783f82d84660c0a3e7a3c6cff5f3834fa43c6f06befd296c42668c0d2,200,2026-09-05T08:47:59Z,,1.528,true
2330,podlaskie,suwalski,-,-,2012,2019,ok_finalnie,pdf,tekst,https://bip-stsuwalki.podlaskie.eu/resource/14259/RAPORT_o_stanie_Powiatu.pdf/attachment.1,direct_without_tor; BIP bip-stsuwalki.podlaskie.eu /rada-powiatu/raport-o-stanie-powiatu-suwalskiego/ (alt po złym URL powiatu łomżyńskiego),f8605c8ede85ee51020caa6f2296c36a0b3405bfa3c445c72ff4d3ad4bb69a72,200,2026-09-05T08:47:59Z,,1.967,true
2331,podlaskie,suwalski,-,-,2012,2020,ok_finalnie,pdf,tekst,https://bip-stsuwalki.podlaskie.eu/resource/15470/raport+o+stanie+powiatu.pdf/attachment.1,direct_without_tor; BIP bip-stsuwalki.podlaskie.eu /rada-powiatu/raport-o-stanie-powiatu-suwalskiego/ (alt po złym URL powiatu łomżyńskiego),57b62adfb657771d8b6928285b379c5f527019fa46d143d399c7202fb3158257,200,2026-09-05T08:47:59Z,,1.475,true
2332,podlaskie,suwalski,-,-,2012,2021,ok_finalnie,pdf,tekst,https://bip-stsuwalki.podlaskie.eu/resource/16534/Za%25C5%2582._Raport_2021.pdf/attachment.1,direct_without_tor; BIP bip-stsuwalki.podlaskie.eu /rada-powiatu/raport-o-stanie-powiatu-suwalskiego/ (alt po złym URL powiatu łomżyńskiego),f7fb30d6782a5956ed68dc976f98d4bd7a212ada8340e37dffaa694ba563a9ff,200,2026-09-05T08:47:59Z,,1.833,true
2333,podlaskie,suwalski,-,-,2012,2022,ok_finalnie,pdf,tekst,https://bip-stsuwalki.podlaskie.eu/resource/18681/raport_o_stanie_powiatu.pdf/attachment.1,direct_without_tor; BIP bip-stsuwalki.podlaskie.eu /rada-powiatu/raport-o-stanie-powiatu-suwalskiego/ (alt po złym URL powiatu łomżyńskiego),ec5c1b45978e7ec8f0819a6d7c49bce11eb4e3a51d9b11bcd266cfba9c3c161b,200,2026-09-05T08:47:59Z,,1.659,true
2334,podlaskie,suwalski,-,-,2012,2023,ok_finalnie,pdf,tekst,https://bip-stsuwalki.podlaskie.eu/resource/19195/Raport+o+stanie+Powiatu+Suwalskiego+w+2023+roku.pdf/attachment.1,direct_without_tor; BIP bip-stsuwalki.podlaskie.eu /rada-powiatu/raport-o-stanie-powiatu-suwalskiego/ (alt po złym URL powiatu łomżyńskiego),c87e3ee167ac84d677c27257c7c461ff2cc7c8f2cd7ab10835acb081c01a3bfa,200,2026-09-05T08:47:59Z,,0.893,true
2335,podlaskie,suwalski,-,-,2012,2024,ok_finalnie,pdf,tekst,https://bip-stsuwalki.podlaskie.eu/resource/19197/Raport+o+stanie+Powiatu+Suwalskiego+w+2024+roku.pdf/attachment.1,direct_without_tor; BIP bip-stsuwalki.podlaskie.eu /rada-powiatu/raport-o-stanie-powiatu-suwalskiego/ (alt po złym URL powiatu łomżyńskiego),df67c362aef42d8ee10a641dd12b3900b2bea9d83d0f2bce7f2d1edf77bc6e7d,200,2026-09-05T08:47:59Z,,1.284,true
2336,podlaskie,suwalski,-,-,2012,2025,brak_finalnie,,,brak,direct_without_tor,,BRAK_URL (raport udowodniony - plik nieopublikowany w BIP; sekcja raportów kończy się na roczniku 2024),2026-09-05T09:00:38Z,"RE-WERYFIKACJA 2026-09-05: (1) sekcja BIP 'Rada Powiatu → Raport o stanie Powiatu Suwalskiego' zawiera podstrony wylacznie za 2018-2024 (2025 brak); (2) protokoly sesji kadencji 2024-2029: I-IX (ostatni 13.02.2026), sesja X (15.05.2026) nie ma strony/protokolu; (3) uchwaly rady 2026: X/96/2026 z 15.05.2026 (resource/19835, pobrana) - 'Po zakonczeniu debaty nad raportem o stanie Powiatu Suwalskiego w 2025 roku postanawia sie udzielic wotum zaufania Zarzadowi' + art. 30a ust. 9 usp; X/98/2026 = absolutorium - oba dowodza istnienia raportu za 2025; (4) zadne z tych uchwaa nie ma zalacznika z plikiem raportu (tylko wlasny PDF uchwaly). WNIOSEK: raport za 2025 powstal i zostal rozpatrzony 15.05.2026, ale plik nie zostal (jeszcze) opublikowany w BIP. Sesja X odbyla sie w maju 2026 - mozliwa pozniejsza publikacja.",,true
2337,podlaskie,wysokomazowiecki,-,-,2013,2018,ok_finalnie,pdf,skan+OCR,https://bip-stwysmaz.podlaskie.eu/resource/116967/Uchwa%25C5%2582a+Nr+17+78+2019+Zarz%25C4%2585du+Powiatu+Wysokomazowieckiego.pdf,"direct_without_tor_ssl_off (BIP bip-stwysmaz.podlaskie.eu, sekcja RAPORTY O STANIE POWIATU, strony roczne 2018–2025; OCR lokalny (tesseract pol 150dpi))",3c426935ed4be83cbf40faca11a513c61d919d9aad7b2efb1fa54ef58671582a,200,2026-09-04T23:21:49Z,Uchwała Nr 17/78/2019 ZP Wysokomazowieckiego + Raport o stanie Powiatu za 2018 rok (załącznik) w jednym PDF (skan 174 str.); OCR: „Przyjmuje się Raport o stanie Powiatu Wysokomazowieckiego za 2018 rok”; tekst: 2018_OCR.txt,80.997,true
2338,podlaskie,wysokomazowiecki,-,-,2013,2019,ok_finalnie,pdf,tekst,https://bip-stwysmaz.podlaskie.eu/resource/117640/Uchwa%25C5%2582a+47_232_2020+w+sprawie+przyj%25C4%2599cia+Raportu+o+stanie+Powiatu+za+2019+rok.pdf,"direct_without_tor_ssl_off (BIP bip-stwysmaz.podlaskie.eu, sekcja RAPORTY O STANIE POWIATU, strony roczne 2018–2025)",b64d4200dde8df32be8f64007dfb9ea232c8bf47fafb5053cbecd091f6e9a036,200,2026-09-04T23:21:54Z,Uchwała 47/232/2020 w sprawie przyjęcia Raportu o stanie Powiatu za 2019 rok + raport (załącznik) w jednym PDF,12.371,true
2339,podlaskie,wysokomazowiecki,-,-,2013,2020,ok_finalnie,pdf,skan+OCR,https://bip-stwysmaz.podlaskie.eu/resource/120435/uchwala_nr_78_399_2021.pdf,"direct_without_tor_ssl_off (BIP bip-stwysmaz.podlaskie.eu, sekcja RAPORTY O STANIE POWIATU, strony roczne 2018–2025; OCR lokalny (tesseract pol 150dpi))",9c8f0f73b42ecbcec4cc28b5cd0cb5e3bfd7e0859a3fc2884aee402404ed808f,200,2026-09-04T23:29:23Z,Uchwała nr 78/399/2021 + Raport o stanie Powiatu Wysokomazowieckiego za 2020 rok (skan 114 str.); OCR potwierdza „…za 2020 rok”; tekst: 2020_OCR.txt,26.349,true
2340,podlaskie,wysokomazowiecki,-,-,2013,2021,ok_finalnie,pdf,skan+OCR,https://bip-stwysmaz.podlaskie.eu/resource/118886/uchwala_nr_109_570_2022.pdf,"direct_without_tor_ssl_off (BIP bip-stwysmaz.podlaskie.eu, sekcja RAPORTY O STANIE POWIATU, strony roczne 2018–2025; OCR lokalny (tesseract pol 150dpi))",d90e082624ba535520b3be2fac90428eaf073d4bf20628ab733a89c7afc14b63,200,2026-09-04T23:46:55Z,Uchwała nr 109/570/2022 + Raport o stanie Powiatu Wysokomazowieckiego za 2021 rok (skan 155 str.); OCR potwierdza; tekst: 2021_OCR.txt,82.481,true
2341,podlaskie,wysokomazowiecki,-,-,2013,2022,ok_finalnie,doc,tekst,https://bip-stwysmaz.podlaskie.eu/resource/119256/Raport+o+stanie+powiatu+za+2022+rok.doc,"direct_without_tor_ssl_off (BIP bip-stwysmaz.podlaskie.eu, sekcja RAPORTY O STANIE POWIATU, strony roczne 2018–2025; konwersja antiword)",143d17a74edc247de272c8f463a26175cb751bd03d51746201a2f8b7bed7ec76,200,2026-09-04T23:50:28Z,"Raport o stanie za 2022 rok — plik Word (132 str., 52 tys. słów, Starostwo Powiatowe, druk 30.05.2023); tekst: 2022_doc.txt (antiword)",10.771,true
2342,podlaskie,wysokomazowiecki,-,-,2013,2023,ok_finalnie,pdf,tekst,https://bip-stwysmaz.podlaskie.eu/resource/119637/Raport+o+stanie+powiatu+za+2023+rok-++Za%25C5%2582acznik+do+Uchwa%25C5%2582y.pdf,"direct_without_tor_ssl_off (BIP bip-stwysmaz.podlaskie.eu, sekcja RAPORTY O STANIE POWIATU, strony roczne 2018–2025)",da7608ff56756fe49af3be538708678920551f8858263b36c72b3e75e4e2be5a,200,2026-09-04T23:50:31Z,Raport o stanie Powiatu Wysokomazowieckiego za 2023 rok — Załącznik do Uchwały 169/918/2024,3.492,true
2343,podlaskie,wysokomazowiecki,-,-,2013,2024,ok_finalnie,pdf,tekst,https://bip-stwysmaz.podlaskie.eu/resource/120202/18.06.25++Raport+o+stanie+powiatu+za+2024+rok-++zmiana+Za%25C5%2582%25C4%2585cznika+do+Uchwa%25C5%2582y.pdf,"direct_without_tor_ssl_off (BIP bip-stwysmaz.podlaskie.eu, sekcja RAPORTY O STANIE POWIATU, strony roczne 2018–2025)",70a028bbd45d90de533865a20182afd3c8262b5d4f53ed73c49495571e5f1681,200,2026-09-04T23:50:34Z,Raport o stanie Powiatu Wysokomazowieckiego za 2024 rok — zmiana Załącznika do Uchwały 34/211/2025 z 30.05.2025 (czerwiec 2025),2.475,true
2344,podlaskie,wysokomazowiecki,-,-,2013,2025,ok_finalnie,pdf,tekst,https://bip-stwysmaz.podlaskie.eu/resource/120508/Za%25C5%2582acznik+do+Uchwa%25C5%2582y+-+Raport+o+stanie+Powiatu_Wysokomazowieckiego+za+2025.pdf,"direct_without_tor_ssl_off (BIP bip-stwysmaz.podlaskie.eu, sekcja RAPORTY O STANIE POWIATU, strony roczne 2018–2025)",99f64804ed6b3203dbd4fae2167c5c0f57a3ce2ddf9fb7fee505cbadb6b9f81a,200,2026-09-04T23:50:38Z,Załącznik do Uchwały 57/374/2026 z 28.05.2026 — Raport o stanie Powiatu Wysokomazowieckiego za 2025 rok,2.896,true
2345,podlaskie,zambrowski,-,-,2014,2018,ok_finalnie,pdf,tekst,https://samorzad.gov.pl/attachment/2d6fa042-fb99-4fa7-8dea-ec70868a6de1,direct_without_tor,e18b4dcb64b7ae2a645fd486798f88726e16f89f0ef09682ff853a883f3ae0d1,200,2026-09-04T22:16:57Z,,1.203,true
2346,podlaskie,zambrowski,-,-,2014,2019,ok_finalnie,pdf,tekst,https://samorzad.gov.pl/attachment/cb31e4f2-93b2-4db7-a11f-d9bcefdee415,direct_without_tor,83617f36441719ec3d3e7ea126076e9a99639f64f1fbb32431bf6c7d3a4fc003,200,2026-09-04T22:17:05Z,,3.98,true
2347,podlaskie,zambrowski,-,-,2014,2020,ok_finalnie,pdf,tekst,https://samorzad.gov.pl/attachment/779bf203-56fc-4c3f-8042-5ccd2979b802,direct_without_tor,a1582263b5e38723e48967b0eb9503fc48d8a62356e6131241af9da1f8f6fbd7,200,2026-09-04T22:17:08Z,,1.215,true
2348,podlaskie,zambrowski,-,-,2014,2021,ok_finalnie,pdf,tekst,https://samorzad.gov.pl/attachment/52c7562b-2cb7-4cdc-ae6d-98991268d17b,direct_without_tor,7150daa49ec96411a1f3d7485dcfe2f56ff28ecc1ac88220e08b6a1a12648332,200,2026-09-04T22:17:11Z,,1.174,true
2349,podlaskie,zambrowski,-,-,2014,2022,ok_finalnie,pdf,tekst,https://samorzad.gov.pl/attachment/b961409b-580e-4201-a397-9d0e2f5367c5,direct_without_tor,ca88eb7b049d401b4865cb1a0dbab075f580a65192ec78c6ce38241baeb5cff2,200,2026-09-04T22:17:15Z,,1.124,true
2350,podlaskie,zambrowski,-,-,2014,2023,ok_finalnie,pdf,tekst,https://samorzad.gov.pl/attachment/a831d6d3-c291-45c7-aa08-4f4ccc7c91bc,direct_without_tor,10e1d7db3f8f816b91aaec3b9ca8d7adb6c771b2d51cbdff67984355f5aa586e,200,2026-09-04T22:17:18Z,,0.808,true
2351,podlaskie,zambrowski,-,-,2014,2024,ok_finalnie,pdf,tekst,https://samorzad.gov.pl/attachment/9eadbdda-f368-4882-8a2e-c18d7d64997d,direct_without_tor,ec736cfbfbca5d201e488d0e6bd5868270850d91be7f78ca994ab8ae08440f4f,200,2026-09-04T22:17:20Z,,0.795,true
2352,podlaskie,zambrowski,-,-,2014,2025,ok_finalnie,pdf,tekst,https://samorzad.gov.pl/attachment/172aa55b-000a-4c2e-88bb-8dc34b65bd24,direct_without_tor,1c92188c664945da8cb55b92847209b4b5ad8be91b0d08a9f19d8c89c9b91cee,200,2026-09-04T22:17:29Z,,5.289,true
2353,podlaskie,łomżyński,-,-,2007,2018,ok_finalnie,zip,tekst,https://www.powiatlomzynski.pl/bip/download.php?id=12380,"direct_without_tor (BIP SP Łomża / PUBLIKATOR kategoria k=577, download.php)",98544e930bfb7ce5058631d77a8a79b428eb35f362eef490b8d7851c898d493b,200,2026-09-05T00:05:13Z,"ZIP zawiera 'raport 3.pdf' (97 str.): 'RAPORT O STANIE POWIATU ŁOMZYNSKIEGO' — tytuł w warstwie tekstowej (skan z OCR), I. Ogólna charakterystyka powiatu; rocznik 2018 (publikacja 31.05.2019).",34.542,true
2354,podlaskie,łomżyński,-,-,2007,2019,ok_finalnie,pdf,tekst,https://www.powiatlomzynski.pl/bip/download.php?id=13455,"direct_without_tor (BIP SP Łomża / PUBLIKATOR kategoria k=577, download.php)",46d3309e4a0ea7f5a77a514172e9ad6abdc68457cb8288268e2839178b56fc48,200,2026-09-05T00:05:17Z,"BIP SP w Łomży (PUBLIKATOR, k=577): wiadomość 'RAPORT O STANIE POWIATU ŁOMŻYŃSKIEGO – ROK 2019' z załącznikiem; treść: Powiat Łomżyński, budżet, jednostki powiatowe (PCPR, ROK, Muzeum w Drozdowie), 'W 2019 roku'/'ROK 2019'; uchwała Zarządu Powiatu nr 51/224/2020",4.243,true
2355,podlaskie,łomżyński,-,-,2007,2020,ok_finalnie,pdf,tekst,https://www.powiatlomzynski.pl/bip/download.php?id=14722,"direct_without_tor (BIP SP Łomża / PUBLIKATOR kategoria k=577, download.php)",3177661e3f67e3b66cc2dc7380340125a8b7289f3869786b7af240e977e39b3f,200,2026-09-05T00:05:21Z,"BIP SP w Łomży (PUBLIKATOR, k=577): wiadomość 'RAPORT O STANIE POWIATU ŁOMŻYŃSKIEGO – ROK 2020' z załącznikiem; treść: Powiat Łomżyński, budżet, jednostki powiatowe (PCPR, ROK, Muzeum w Drozdowie), 'W 2020 roku'/'ROK 2020'; uchwała Zarządu Powiatu nr 80/383/2021",6.392,true
2356,podlaskie,łomżyński,-,-,2007,2021,ok_finalnie,pdf,tekst,https://www.powiatlomzynski.pl/bip/download.php?id=15789,"direct_without_tor (BIP SP Łomża / PUBLIKATOR kategoria k=577, download.php)",555c76a490e160eba5e6da88561025fb322a4316e02a772fd85365d2b5dc3935,200,2026-09-05T00:05:25Z,"BIP SP w Łomży (PUBLIKATOR, k=577): wiadomość 'RAPORT O STANIE POWIATU ŁOMŻYŃSKIEGO – ROK 2021' z załącznikiem; treść: Powiat Łomżyński, budżet, jednostki powiatowe (PCPR, ROK, Muzeum w Drozdowie), 'W 2021 roku'/'ROK 2021'; uchwała Zarządu Powiatu nr 113/543/2022",6.178,true
2357,podlaskie,łomżyński,-,-,2007,2022,ok_finalnie,pdf,tekst,https://www.powiatlomzynski.pl/bip/download.php?id=17022,"direct_without_tor (BIP SP Łomża / PUBLIKATOR kategoria k=577, download.php)",07f6ba4a5fdee8642d596d34771b791a23d32124700c4bca35efd776c64a9961,200,2026-09-05T00:05:29Z,"BIP SP w Łomży (PUBLIKATOR, k=577): wiadomość 'RAPORT O STANIE POWIATU ŁOMŻYŃSKIEGO – ROK 2022' z załącznikiem; treść: Powiat Łomżyński, budżet, jednostki powiatowe (PCPR, ROK, Muzeum w Drozdowie), 'W 2022 roku'/'ROK 2022'; uchwała Zarządu Powiatu nr 149/691/2023",6.765,true
2358,podlaskie,łomżyński,-,-,2007,2023,ok_finalnie,pdf,tekst,https://www.powiatlomzynski.pl/bip/download.php?id=18070,"direct_without_tor (BIP SP Łomża / PUBLIKATOR kategoria k=577, download.php)",365caa19c9fc52dd4f89caea7a803823d67b513f45a741181bd8b75dd349847b,200,2026-09-05T00:05:33Z,"BIP SP w Łomży (PUBLIKATOR, k=577): wiadomość 'RAPORT O STANIE POWIATU ŁOMŻYŃSKIEGO – ROK 2023' z załącznikiem; treść: Powiat Łomżyński, budżet, jednostki powiatowe (PCPR, ROK, Muzeum w Drozdowie), 'W 2023 roku'/'ROK 2023'; rocznik z treści i kategorii BIP",7.166,true
2359,podlaskie,łomżyński,-,-,2007,2024,ok_finalnie,pdf,tekst,https://www.powiatlomzynski.pl/bip/download.php?id=19546,"direct_without_tor (BIP SP Łomża / PUBLIKATOR kategoria k=577, download.php)",890f1e82c5a70f7a71a095755f750d659535db68f82dc6058e4da17489391ae8,200,2026-09-05T00:05:37Z,"BIP SP w Łomży (PUBLIKATOR, k=577): wiadomość 'RAPORT O STANIE POWIATU ŁOMŻYŃSKIEGO – ROK 2024' z załącznikiem; treść: Powiat Łomżyński, budżet, jednostki powiatowe (PCPR, ROK, Muzeum w Drozdowie), 'W 2024 roku'/'ROK 2024'; rocznik z treści i kategorii BIP",8.814,true
2360,podlaskie,łomżyński,-,-,2007,2025,ok_finalnie,pdf,tekst,https://www.powiatlomzynski.pl/bip/download.php?id=20840,"direct_without_tor (BIP SP Łomża / PUBLIKATOR kategoria k=577, download.php)",7f4fd7a0ad00b009494883c80f6147c9b1a23a652c5aabc22314bf01e7043998,200,2026-09-05T00:05:41Z,"BIP SP w Łomży (PUBLIKATOR, k=577): wiadomość 'RAPORT O STANIE POWIATU ŁOMŻYŃSKIEGO – ROK 2025' z załącznikiem; treść: Powiat Łomżyński, budżet, jednostki powiatowe (PCPR, ROK, Muzeum w Drozdowie), 'W 2025 roku'/'ROK 2025'; rocznik z treści i kategorii BIP",7.418,true
2473,podlaskie,-,-,-,20,2018,ok_finalnie,pdf,tekst,https://bip.podlaskie.eu/resource/37246/129574/Raport+o+stanie+wojew%25C3%25B3dztwa+za+2018+rok.pdf,"direct_without_tor_ssl_off (web search + sekcja BIP UMWP 'Raporty o stanie województwa'; bip.podlaskie.eu, sekcja Raporty o stanie województwa (zakładka 2018))",2bcb1bd70af374623df8dccb1b9cedae32a6f1691232831714fba54661f7d343,200,2026-09-04T23:27:48Z,"Raport o stanie województwa za 2018 rok, Urząd Marszałkowski Województwa Podlaskiego / Zarząd Województwa Podlaskiego; tytuł i 'za 2018 rok' w treści; 76 str.",4.001,true
2474,podlaskie,-,-,-,20,2019,ok_finalnie,pdf,tekst,https://bip.podlaskie.eu/resource/37259/129589/Raport+o+stanie+wojew%25C3%25B3dztwa+za+2019+rok.pdf,"direct_without_tor_ssl_off (web search + sekcja BIP UMWP 'Raporty o stanie województwa'; bip.podlaskie.eu, sekcja Raporty o stanie województwa (zakładka 2019))",3129b2a31cd36a364fbeabefe8fd89dd17fa3ca477872845a46cd4788f61d0c0,200,2026-09-04T23:27:52Z,"Raport o stanie województwa za 2019 rok, Urząd Marszałkowski Województwa Podlaskiego / Zarząd Województwa Podlaskiego; tytuł i 'za 2019 rok' w treści; 107 str.",4.489,true
2475,podlaskie,-,-,-,20,2020,ok_finalnie,pdf,tekst,https://rot.podlaskie.eu/resource/1236/Raport%20o%20stanie%20wojew%C3%B3dztwa%20za%202020%20rok.pdf/attachment.1,direct_without_tor_ssl_off (web search + sekcja BIP UMWP 'Raporty o stanie województwa'; rot.podlaskie.eu (Departament Rozwoju Regionalnego); bip.podlaskie.eu zakładka 2020),2d0ee6bc6c488172a3279a0db169691bb8f674e5a0c9a90059f3b5eaa3d4ef6b,200,2026-09-04T23:48:13Z,"Raport o stanie województwa za 2020 rok, Urząd Marszałkowski Województwa Podlaskiego / Zarząd Województwa Podlaskiego; tytuł i 'za 2020 rok' w treści; 171 str.",7.637,true
2476,podlaskie,-,-,-,20,2021,ok_finalnie,pdf,tekst,https://bip.podlaskie.eu/resource/37264/Raport+o+stanie+wojew%C3%B3dztwa+za+2021+rok.pdf,"direct_without_tor_ssl_off (web search + sekcja BIP UMWP 'Raporty o stanie województwa'; bip.podlaskie.eu, sekcja Raporty o stanie województwa (zakładka 2021))",1b9534de56879b72a71144f1f59803cf7660383e2cd865d68e4aa8897b6ea3dc,200,2026-09-04T23:27:56Z,"Raport o stanie województwa za 2021 rok, Urząd Marszałkowski Województwa Podlaskiego / Zarząd Województwa Podlaskiego; tytuł i 'za 2021 rok' w treści; 147 str.",4.79,true
2477,podlaskie,-,-,-,20,2022,ok_finalnie,pdf,tekst,https://bip.podlaskie.eu/resource/40274/Raport+o+stanie+wojew%C3%B3dztwa+za+2022+rok.pdf,"direct_without_tor_ssl_off (web search + sekcja BIP UMWP 'Raporty o stanie województwa'; bip.podlaskie.eu, sekcja Raporty o stanie województwa (zakładka 2022))",ab8fef1e07a61425694a9b6f4058ae3781174e552fa0bd3f815345e82bf02fb1,200,2026-09-04T23:28:00Z,"Raport o stanie województwa za 2022 rok, Urząd Marszałkowski Województwa Podlaskiego / Zarząd Województwa Podlaskiego; tytuł i 'za 2022 rok' w treści; 164 str.",3.461,true
2478,podlaskie,-,-,-,20,2023,ok_finalnie,pdf,tekst,https://bip.podlaskie.eu/resource/43603/Raport+o+stanie+wojew%C3%B3dztwa+za+2023+rok.pdf,"direct_without_tor_ssl_off (web search + sekcja BIP UMWP 'Raporty o stanie województwa'; bip.podlaskie.eu, sekcja Raporty o stanie województwa (zakładka 2023))",e836c665bd02c2d7123aaa55c66f233c400ceba39c05967b2079af8178af6048,200,2026-09-04T23:28:04Z,"Raport o stanie województwa za 2023 rok, Urząd Marszałkowski Województwa Podlaskiego / Zarząd Województwa Podlaskiego; tytuł i 'za 2023 rok' w treści; 191 str.",5.739,true
2479,podlaskie,-,-,-,20,2024,ok_finalnie,pdf,tekst,https://bip.podlaskie.eu/resource/48132/Raport+o+stanie+wojew%C3%B3dztwa+za+2024+rok.pdf,"direct_without_tor_ssl_off (web search + sekcja BIP UMWP 'Raporty o stanie województwa'; bip.podlaskie.eu, sekcja Raporty o stanie województwa (zakładka 2024))",ea68de278eb9e1646cbbf4392cd7beb983a5817b48bcdd20718dbf7bbec956e3,200,2026-09-04T23:28:08Z,"Raport o stanie województwa za 2024 rok, Urząd Marszałkowski Województwa Podlaskiego / Zarząd Województwa Podlaskiego; tytuł i 'za 2024 rok' w treści; 164 str.",3.978,true
2480,podlaskie,-,-,-,20,2025,ok_finalnie,pdf,tekst,https://bip.podlaskie.eu/resource/51427/157398/Raport+o+stanie+wojew%25C3%25B3dztwa+za+2025+rok.pdf,"direct_without_tor_ssl_off (web search + sekcja BIP UMWP 'Raporty o stanie województwa'; bip.podlaskie.eu, sekcja Raporty o stanie województwa (zakładka 2025))",0773c6a9e7f4fd55b2d61b2362cb5887c764c4e05ea4ca65574c838a9be5ed12,200,2026-09-04T23:28:12Z,"Raport o stanie województwa za 2025 rok, Urząd Marszałkowski Województwa Podlaskiego / Zarząd Województwa Podlaskiego; tytuł i 'za 2025 rok' w treści; 164 str.",4.498,true
15418,podlaskie,hajnowski,Białowieża,gmina wiejska,2005022,2018,nowy,,,,,,,,,,
15419,podlaskie,hajnowski,Białowieża,gmina wiejska,2005022,2019,nowy,,,,,,,,,,
15420,podlaskie,hajnowski,Białowieża,gmina wiejska,2005022,2020,nowy,,,,,,,,,,
15421,podlaskie,hajnowski,Białowieża,gmina wiejska,2005022,2021,nowy,,,,,,,,,,
15422,podlaskie,hajnowski,Białowieża,gmina wiejska,2005022,2022,nowy,,,,,,,,,,
15423,podlaskie,hajnowski,Białowieża,gmina wiejska,2005022,2023,nowy,,,,,,,,,,
15424,podlaskie,hajnowski,Białowieża,gmina wiejska,2005022,2024,nowy,,,,,,,,,,
15425,podlaskie,hajnowski,Białowieża,gmina wiejska,2005022,2025,nowy,,,,,,,,,,
15426,podlaskie,sejneński,-,-,2009,2018,nowy,,,,,,,,,,
15427,podlaskie,sejneński,-,-,2009,2019,nowy,,,,,,,,,,
15428,podlaskie,sejneński,-,-,2009,2020,nowy,,,,,,,,,,
15429,podlaskie,sejneński,-,-,2009,2021,nowy,,,,,,,,,,
15430,podlaskie,sejneński,-,-,2009,2022,nowy,,,,,,,,,,
15431,podlaskie,sejneński,-,-,2009,2023,nowy,,,,,,,,,,
15432,podlaskie,sejneński,-,-,2009,2024,nowy,,,,,,,,,,
15433,podlaskie,sejneński,-,-,2009,2025,nowy,,,,,,,,,,
15434,podlaskie,sejneński,Sejny,gmina miejska,2009011,2018,nowy,,,,,,,,,,
15435,podlaskie,sejneński,Sejny,gmina miejska,2009011,2019,nowy,,,,,,,,,,
15436,podlaskie,sejneński,Sejny,gmina miejska,2009011,2020,nowy,,,,,,,,,,
15437,podlaskie,sejneński,Sejny,gmina miejska,2009011,2021,nowy,,,,,,,,,,
15438,podlaskie,sejneński,Sejny,gmina miejska,2009011,2022,nowy,,,,,,,,,,
15439,podlaskie,sejneński,Sejny,gmina miejska,2009011,2023,nowy,,,,,,,,,,
15440,podlaskie,sejneński,Sejny,gmina miejska,2009011,2024,nowy,,,,,,,,,,
15441,podlaskie,sejneński,Sejny,gmina miejska,2009011,2025,nowy,,,,,,,,,,
15442,podlaskie,sejneński,Giby,gmina wiejska,2009022,2018,nowy,,,,,,,,,,
15443,podlaskie,sejneński,Giby,gmina wiejska,2009022,2019,nowy,,,,,,,,,,
15444,podlaskie,sejneński,Giby,gmina wiejska,2009022,2020,nowy,,,,,,,,,,
15445,podlaskie,sejneński,Giby,gmina wiejska,2009022,2021,nowy,,,,,,,,,,
15446,podlaskie,sejneński,Giby,gmina wiejska,2009022,2022,nowy,,,,,,,,,,
15447,podlaskie,sejneński,Giby,gmina wiejska,2009022,2023,nowy,,,,,,,,,,
15448,podlaskie,sejneński,Giby,gmina wiejska,2009022,2024,nowy,,,,,,,,,,
15449,podlaskie,sejneński,Giby,gmina wiejska,2009022,2025,nowy,,,,,,,,,,
15450,podlaskie,sejneński,Krasnopol,gmina wiejska,2009032,2018,nowy,,,,,,,,,,
15451,podlaskie,sejneński,Krasnopol,gmina wiejska,2009032,2019,nowy,,,,,,,,,,
15452,podlaskie,sejneński,Krasnopol,gmina wiejska,2009032,2020,nowy,,,,,,,,,,
15453,podlaskie,sejneński,Krasnopol,gmina wiejska,2009032,2021,nowy,,,,,,,,,,
15454,podlaskie,sejneński,Krasnopol,gmina wiejska,2009032,2022,nowy,,,,,,,,,,
15455,podlaskie,sejneński,Krasnopol,gmina wiejska,2009032,2023,nowy,,,,,,,,,,
15456,podlaskie,sejneński,Krasnopol,gmina wiejska,2009032,2024,nowy,,,,,,,,,,
15457,podlaskie,sejneński,Krasnopol,gmina wiejska,2009032,2025,nowy,,,,,,,,,,
15458,podlaskie,sejneński,Puńsk,gmina wiejska,2009042,2018,nowy,,,,,,,,,,
15459,podlaskie,sejneński,Puńsk,gmina wiejska,2009042,2019,nowy,,,,,,,,,,
15460,podlaskie,sejneński,Puńsk,gmina wiejska,2009042,2020,nowy,,,,,,,,,,
15461,podlaskie,sejneński,Puńsk,gmina wiejska,2009042,2021,nowy,,,,,,,,,,
15462,podlaskie,sejneński,Puńsk,gmina wiejska,2009042,2022,nowy,,,,,,,,,,
15463,podlaskie,sejneński,Puńsk,gmina wiejska,2009042,2023,nowy,,,,,,,,,,
15464,podlaskie,sejneński,Puńsk,gmina wiejska,2009042,2024,nowy,,,,,,,,,,
15465,podlaskie,sejneński,Puńsk,gmina wiejska,2009042,2025,nowy,,,,,,,,,,
15466,podlaskie,sejneński,Sejny,gmina wiejska,2009052,2018,nowy,,,,,,,,,,
15467,podlaskie,sejneński,Sejny,gmina wiejska,2009052,2019,nowy,,,,,,,,,,
15468,podlaskie,sejneński,Sejny,gmina wiejska,2009052,2020,nowy,,,,,,,,,,
15469,podlaskie,sejneński,Sejny,gmina wiejska,2009052,2021,nowy,,,,,,,,,,
15470,podlaskie,sejneński,Sejny,gmina wiejska,2009052,2022,nowy,,,,,,,,,,
15471,podlaskie,sejneński,Sejny,gmina wiejska,2009052,2023,nowy,,,,,,,,,,
15472,podlaskie,sejneński,Sejny,gmina wiejska,2009052,2024,nowy,,,,,,,,,,
15473,podlaskie,sejneński,Sejny,gmina wiejska,2009052,2025,nowy,,,,,,,,,,
15474,podlaskie,suwalski,Jeleniewo,gmina wiejska,2012032,2018,nowy,,,,,,,,,,
15475,podlaskie,suwalski,Jeleniewo,gmina wiejska,2012032,2019,nowy,,,,,,,,,,
15476,podlaskie,suwalski,Jeleniewo,gmina wiejska,2012032,2020,nowy,,,,,,,,,,
15477,podlaskie,suwalski,Jeleniewo,gmina wiejska,2012032,2021,nowy,,,,,,,,,,
15478,podlaskie,suwalski,Jeleniewo,gmina wiejska,2012032,2022,nowy,,,,,,,,,,
15479,podlaskie,suwalski,Jeleniewo,gmina wiejska,2012032,2023,nowy,,,,,,,,,,
15480,podlaskie,suwalski,Jeleniewo,gmina wiejska,2012032,2024,nowy,,,,,,,,,,
15481,podlaskie,suwalski,Jeleniewo,gmina wiejska,2012032,2025,nowy,,,,,,,,,,
15482,podlaskie,suwalski,Przerośl,gmina wiejska,2012042,2018,nowy,,,,,,,,,,
15483,podlaskie,suwalski,Przerośl,gmina wiejska,2012042,2019,nowy,,,,,,,,,,
15484,podlaskie,suwalski,Przerośl,gmina wiejska,2012042,2020,nowy,,,,,,,,,,
15485,podlaskie,suwalski,Przerośl,gmina wiejska,2012042,2021,nowy,,,,,,,,,,
15486,podlaskie,suwalski,Przerośl,gmina wiejska,2012042,2022,nowy,,,,,,,,,,
15487,podlaskie,suwalski,Przerośl,gmina wiejska,2012042,2023,nowy,,,,,,,,,,
15488,podlaskie,suwalski,Przerośl,gmina wiejska,2012042,2024,nowy,,,,,,,,,,
15489,podlaskie,suwalski,Przerośl,gmina wiejska,2012042,2025,nowy,,,,,,,,,,
15490,podlaskie,suwalski,Rutka-Tartak,gmina wiejska,2012062,2018,nowy,,,,,,,,,,
15491,podlaskie,suwalski,Rutka-Tartak,gmina wiejska,2012062,2019,nowy,,,,,,,,,,
15492,podlaskie,suwalski,Rutka-Tartak,gmina wiejska,2012062,2020,nowy,,,,,,,,,,
15493,podlaskie,suwalski,Rutka-Tartak,gmina wiejska,2012062,2021,nowy,,,,,,,,,,
15494,podlaskie,suwalski,Rutka-Tartak,gmina wiejska,2012062,2022,nowy,,,,,,,,,,
15495,podlaskie,suwalski,Rutka-Tartak,gmina wiejska,2012062,2023,nowy,,,,,,,,,,
15496,podlaskie,suwalski,Rutka-Tartak,gmina wiejska,2012062,2024,nowy,,,,,,,,,,
15497,podlaskie,suwalski,Rutka-Tartak,gmina wiejska,2012062,2025,nowy,,,,,,,,,,
15498,podlaskie,suwalski,Szypliszki,gmina wiejska,2012082,2018,nowy,,,,,,,,,,
15499,podlaskie,suwalski,Szypliszki,gmina wiejska,2012082,2019,nowy,,,,,,,,,,
15500,podlaskie,suwalski,Szypliszki,gmina wiejska,2012082,2020,nowy,,,,,,,,,,
15501,podlaskie,suwalski,Szypliszki,gmina wiejska,2012082,2021,nowy,,,,,,,,,,
15502,podlaskie,suwalski,Szypliszki,gmina wiejska,2012082,2022,nowy,,,,,,,,,,
15503,podlaskie,suwalski,Szypliszki,gmina wiejska,2012082,2023,nowy,,,,,,,,,,
15504,podlaskie,suwalski,Szypliszki,gmina wiejska,2012082,2024,nowy,,,,,,,,,,
15505,podlaskie,suwalski,Szypliszki,gmina wiejska,2012082,2025,nowy,,,,,,,,,,
15506,podlaskie,suwalski,Wiżajny,gmina wiejska,2012092,2018,nowy,,,,,,,,,,
15507,podlaskie,suwalski,Wiżajny,gmina wiejska,2012092,2019,nowy,,,,,,,,,,
15508,podlaskie,suwalski,Wiżajny,gmina wiejska,2012092,2020,nowy,,,,,,,,,,
15509,podlaskie,suwalski,Wiżajny,gmina wiejska,2012092,2021,nowy,,,,,,,,,,
15510,podlaskie,suwalski,Wiżajny,gmina wiejska,2012092,2022,nowy,,,,,,,,,,
15511,podlaskie,suwalski,Wiżajny,gmina wiejska,2012092,2023,nowy,,,,,,,,,,
15512,podlaskie,suwalski,Wiżajny,gmina wiejska,2012092,2024,nowy,,,,,,,,,,
15513,podlaskie,suwalski,Wiżajny,gmina wiejska,2012092,2025,nowy,,,,,,,,,,
