row_idx,województwo,powiat,gmina,typ gminy,TERYT,rok_raportu,status,ext_dokumentu,zawartosc,url,metoda_pozyskania,hash dokumentu,status komunikatu,dt_utc_finalne,failure_reason,file_size_MB,existed
2489,dolnośląskie,-,-,-,02,2018,nowy,,,,,,,,,,
2490,dolnośląskie,-,-,-,02,2019,nowy,,,,,,,,,,
2491,dolnośląskie,-,-,-,02,2020,nowy,,,,,,,,,,
2492,dolnośląskie,-,-,-,02,2021,nowy,,,,,,,,,,
2493,dolnośląskie,-,-,-,02,2022,nowy,,,,,,,,,,
2494,dolnośląskie,-,-,-,02,2023,nowy,,,,,,,,,,
2495,dolnośląskie,-,-,-,02,2024,nowy,,,,,,,,,,
2496,dolnośląskie,-,-,-,02,2025,nowy,,,,,,,,,,
2497,dolnośląskie,bolesławiecki,-,-,0201,2018,nowy,,,,,,,,,,
2498,dolnośląskie,bolesławiecki,-,-,0201,2019,nowy,,,,,,,,,,
2499,dolnośląskie,bolesławiecki,-,-,0201,2020,nowy,,,,,,,,,,
2500,dolnośląskie,bolesławiecki,-,-,0201,2021,nowy,,,,,,,,,,
2501,dolnośląskie,bolesławiecki,-,-,0201,2022,nowy,,,,,,,,,,
2502,dolnośląskie,bolesławiecki,-,-,0201,2023,nowy,,,,,,,,,,
2503,dolnośląskie,bolesławiecki,-,-,0201,2024,nowy,,,,,,,,,,
2504,dolnośląskie,bolesławiecki,-,-,0201,2025,nowy,,,,,,,,,,
2505,dolnośląskie,bolesławiecki,Bolesławiec,gmina miejska,0201011,2018,nowy,,,,,,,,,,
2506,dolnośląskie,bolesławiecki,Bolesławiec,gmina miejska,0201011,2019,nowy,,,,,,,,,,
2507,dolnośląskie,bolesławiecki,Bolesławiec,gmina miejska,0201011,2020,nowy,,,,,,,,,,
2508,dolnośląskie,bolesławiecki,Bolesławiec,gmina miejska,0201011,2021,nowy,,,,,,,,,,
2509,dolnośląskie,bolesławiecki,Bolesławiec,gmina miejska,0201011,2022,nowy,,,,,,,,,,
2510,dolnośląskie,bolesławiecki,Bolesławiec,gmina miejska,0201011,2023,nowy,,,,,,,,,,
2511,dolnośląskie,bolesławiecki,Bolesławiec,gmina miejska,0201011,2024,nowy,,,,,,,,,,
2512,dolnośląskie,bolesławiecki,Bolesławiec,gmina miejska,0201011,2025,nowy,,,,,,,,,,
2513,dolnośląskie,bolesławiecki,Bolesławiec,gmina wiejska,0201022,2018,nowy,,,,,,,,,,
2514,dolnośląskie,bolesławiecki,Bolesławiec,gmina wiejska,0201022,2019,nowy,,,,,,,,,,
2515,dolnośląskie,bolesławiecki,Bolesławiec,gmina wiejska,0201022,2020,nowy,,,,,,,,,,
2516,dolnośląskie,bolesławiecki,Bolesławiec,gmina wiejska,0201022,2021,nowy,,,,,,,,,,
2517,dolnośląskie,bolesławiecki,Bolesławiec,gmina wiejska,0201022,2022,nowy,,,,,,,,,,
2518,dolnośląskie,bolesławiecki,Bolesławiec,gmina wiejska,0201022,2023,nowy,,,,,,,,,,
2519,dolnośląskie,bolesławiecki,Bolesławiec,gmina wiejska,0201022,2024,nowy,,,,,,,,,,
2520,dolnośląskie,bolesławiecki,Bolesławiec,gmina wiejska,0201022,2025,nowy,,,,,,,,,,
2521,dolnośląskie,bolesławiecki,Gromadka,gmina wiejska,0201032,2018,nowy,,,,,,,,,,
2522,dolnośląskie,bolesławiecki,Gromadka,gmina wiejska,0201032,2019,nowy,,,,,,,,,,
2523,dolnośląskie,bolesławiecki,Gromadka,gmina wiejska,0201032,2020,nowy,,,,,,,,,,
2524,dolnośląskie,bolesławiecki,Gromadka,gmina wiejska,0201032,2021,nowy,,,,,,,,,,
2525,dolnośląskie,bolesławiecki,Gromadka,gmina wiejska,0201032,2022,nowy,,,,,,,,,,
2526,dolnośląskie,bolesławiecki,Gromadka,gmina wiejska,0201032,2023,nowy,,,,,,,,,,
2527,dolnośląskie,bolesławiecki,Gromadka,gmina wiejska,0201032,2024,nowy,,,,,,,,,,
2528,dolnośląskie,bolesławiecki,Gromadka,gmina wiejska,0201032,2025,nowy,,,,,,,,,,
2529,dolnośląskie,bolesławiecki,Nowogrodziec,gmina miejsko-wiejska,0201043,2018,nowy,,,,,,,,,,
2530,dolnośląskie,bolesławiecki,Nowogrodziec,gmina miejsko-wiejska,0201043,2019,nowy,,,,,,,,,,
2531,dolnośląskie,bolesławiecki,Nowogrodziec,gmina miejsko-wiejska,0201043,2020,nowy,,,,,,,,,,
2532,dolnośląskie,bolesławiecki,Nowogrodziec,gmina miejsko-wiejska,0201043,2021,nowy,,,,,,,,,,
2533,dolnośląskie,bolesławiecki,Nowogrodziec,gmina miejsko-wiejska,0201043,2022,nowy,,,,,,,,,,
2534,dolnośląskie,bolesławiecki,Nowogrodziec,gmina miejsko-wiejska,0201043,2023,nowy,,,,,,,,,,
2535,dolnośląskie,bolesławiecki,Nowogrodziec,gmina miejsko-wiejska,0201043,2024,nowy,,,,,,,,,,
2536,dolnośląskie,bolesławiecki,Nowogrodziec,gmina miejsko-wiejska,0201043,2025,nowy,,,,,,,,,,
2537,dolnośląskie,bolesławiecki,Osiecznica,gmina wiejska,0201052,2018,nowy,,,,,,,,,,
2538,dolnośląskie,bolesławiecki,Osiecznica,gmina wiejska,0201052,2019,nowy,,,,,,,,,,
2539,dolnośląskie,bolesławiecki,Osiecznica,gmina wiejska,0201052,2020,nowy,,,,,,,,,,
2540,dolnośląskie,bolesławiecki,Osiecznica,gmina wiejska,0201052,2021,nowy,,,,,,,,,,
2541,dolnośląskie,bolesławiecki,Osiecznica,gmina wiejska,0201052,2022,nowy,,,,,,,,,,
2542,dolnośląskie,bolesławiecki,Osiecznica,gmina wiejska,0201052,2023,nowy,,,,,,,,,,
2543,dolnośląskie,bolesławiecki,Osiecznica,gmina wiejska,0201052,2024,nowy,,,,,,,,,,
2544,dolnośląskie,bolesławiecki,Osiecznica,gmina wiejska,0201052,2025,nowy,,,,,,,,,,
2545,dolnośląskie,bolesławiecki,Warta Bolesławiecka,gmina wiejska,0201062,2018,nowy,,,,,,,,,,
2546,dolnośląskie,bolesławiecki,Warta Bolesławiecka,gmina wiejska,0201062,2019,nowy,,,,,,,,,,
2547,dolnośląskie,bolesławiecki,Warta Bolesławiecka,gmina wiejska,0201062,2020,nowy,,,,,,,,,,
2548,dolnośląskie,bolesławiecki,Warta Bolesławiecka,gmina wiejska,0201062,2021,nowy,,,,,,,,,,
2549,dolnośląskie,bolesławiecki,Warta Bolesławiecka,gmina wiejska,0201062,2022,nowy,,,,,,,,,,
2550,dolnośląskie,bolesławiecki,Warta Bolesławiecka,gmina wiejska,0201062,2023,nowy,,,,,,,,,,
2551,dolnośląskie,bolesławiecki,Warta Bolesławiecka,gmina wiejska,0201062,2024,nowy,,,,,,,,,,
2552,dolnośląskie,bolesławiecki,Warta Bolesławiecka,gmina wiejska,0201062,2025,nowy,,,,,,,,,,
2553,dolnośląskie,dzierżoniowski,-,-,0202,2018,nowy,,,,,,,,,,
2554,dolnośląskie,dzierżoniowski,-,-,0202,2019,nowy,,,,,,,,,,
2555,dolnośląskie,dzierżoniowski,-,-,0202,2020,nowy,,,,,,,,,,
2556,dolnośląskie,dzierżoniowski,-,-,0202,2021,nowy,,,,,,,,,,
2557,dolnośląskie,dzierżoniowski,-,-,0202,2022,nowy,,,,,,,,,,
2558,dolnośląskie,dzierżoniowski,-,-,0202,2023,nowy,,,,,,,,,,
2559,dolnośląskie,dzierżoniowski,-,-,0202,2024,nowy,,,,,,,,,,
2560,dolnośląskie,dzierżoniowski,-,-,0202,2025,nowy,,,,,,,,,,
2561,dolnośląskie,dzierżoniowski,Bielawa,gmina miejska,0202011,2018,nowy,,,,,,,,,,
2562,dolnośląskie,dzierżoniowski,Bielawa,gmina miejska,0202011,2019,nowy,,,,,,,,,,
2563,dolnośląskie,dzierżoniowski,Bielawa,gmina miejska,0202011,2020,nowy,,,,,,,,,,
2564,dolnośląskie,dzierżoniowski,Bielawa,gmina miejska,0202011,2021,nowy,,,,,,,,,,
2565,dolnośląskie,dzierżoniowski,Bielawa,gmina miejska,0202011,2022,nowy,,,,,,,,,,
2566,dolnośląskie,dzierżoniowski,Bielawa,gmina miejska,0202011,2023,nowy,,,,,,,,,,
2567,dolnośląskie,dzierżoniowski,Bielawa,gmina miejska,0202011,2024,nowy,,,,,,,,,,
2568,dolnośląskie,dzierżoniowski,Bielawa,gmina miejska,0202011,2025,nowy,,,,,,,,,,
2569,dolnośląskie,dzierżoniowski,Dzierżoniów,gmina miejska,0202021,2018,nowy,,,,,,,,,,
2570,dolnośląskie,dzierżoniowski,Dzierżoniów,gmina miejska,0202021,2019,nowy,,,,,,,,,,
2571,dolnośląskie,dzierżoniowski,Dzierżoniów,gmina miejska,0202021,2020,nowy,,,,,,,,,,
2572,dolnośląskie,dzierżoniowski,Dzierżoniów,gmina miejska,0202021,2021,nowy,,,,,,,,,,
2573,dolnośląskie,dzierżoniowski,Dzierżoniów,gmina miejska,0202021,2022,nowy,,,,,,,,,,
2574,dolnośląskie,dzierżoniowski,Dzierżoniów,gmina miejska,0202021,2023,nowy,,,,,,,,,,
2575,dolnośląskie,dzierżoniowski,Dzierżoniów,gmina miejska,0202021,2024,nowy,,,,,,,,,,
2576,dolnośląskie,dzierżoniowski,Dzierżoniów,gmina miejska,0202021,2025,nowy,,,,,,,,,,
2577,dolnośląskie,dzierżoniowski,Pieszyce,gmina miejsko-wiejska,0202033,2018,nowy,,,,,,,,,,
2578,dolnośląskie,dzierżoniowski,Pieszyce,gmina miejsko-wiejska,0202033,2019,nowy,,,,,,,,,,
2579,dolnośląskie,dzierżoniowski,Pieszyce,gmina miejsko-wiejska,0202033,2020,nowy,,,,,,,,,,
2580,dolnośląskie,dzierżoniowski,Pieszyce,gmina miejsko-wiejska,0202033,2021,nowy,,,,,,,,,,
2581,dolnośląskie,dzierżoniowski,Pieszyce,gmina miejsko-wiejska,0202033,2022,nowy,,,,,,,,,,
2582,dolnośląskie,dzierżoniowski,Pieszyce,gmina miejsko-wiejska,0202033,2023,nowy,,,,,,,,,,
2583,dolnośląskie,dzierżoniowski,Pieszyce,gmina miejsko-wiejska,0202033,2024,nowy,,,,,,,,,,
2584,dolnośląskie,dzierżoniowski,Pieszyce,gmina miejsko-wiejska,0202033,2025,nowy,,,,,,,,,,
2585,dolnośląskie,dzierżoniowski,Piława Górna,gmina miejska,0202041,2018,nowy,,,,,,,,,,
2586,dolnośląskie,dzierżoniowski,Piława Górna,gmina miejska,0202041,2019,nowy,,,,,,,,,,
2587,dolnośląskie,dzierżoniowski,Piława Górna,gmina miejska,0202041,2020,nowy,,,,,,,,,,
2588,dolnośląskie,dzierżoniowski,Piława Górna,gmina miejska,0202041,2021,nowy,,,,,,,,,,
2589,dolnośląskie,dzierżoniowski,Piława Górna,gmina miejska,0202041,2022,nowy,,,,,,,,,,
2590,dolnośląskie,dzierżoniowski,Piława Górna,gmina miejska,0202041,2023,nowy,,,,,,,,,,
2591,dolnośląskie,dzierżoniowski,Piława Górna,gmina miejska,0202041,2024,nowy,,,,,,,,,,
2592,dolnośląskie,dzierżoniowski,Piława Górna,gmina miejska,0202041,2025,nowy,,,,,,,,,,
2593,dolnośląskie,dzierżoniowski,Dzierżoniów,gmina wiejska,0202052,2018,nowy,,,,,,,,,,
2594,dolnośląskie,dzierżoniowski,Dzierżoniów,gmina wiejska,0202052,2019,nowy,,,,,,,,,,
2595,dolnośląskie,dzierżoniowski,Dzierżoniów,gmina wiejska,0202052,2020,nowy,,,,,,,,,,
2596,dolnośląskie,dzierżoniowski,Dzierżoniów,gmina wiejska,0202052,2021,nowy,,,,,,,,,,
2597,dolnośląskie,dzierżoniowski,Dzierżoniów,gmina wiejska,0202052,2022,nowy,,,,,,,,,,
2598,dolnośląskie,dzierżoniowski,Dzierżoniów,gmina wiejska,0202052,2023,nowy,,,,,,,,,,
2599,dolnośląskie,dzierżoniowski,Dzierżoniów,gmina wiejska,0202052,2024,nowy,,,,,,,,,,
2600,dolnośląskie,dzierżoniowski,Dzierżoniów,gmina wiejska,0202052,2025,nowy,,,,,,,,,,
2601,dolnośląskie,dzierżoniowski,Łagiewniki,gmina wiejska,0202062,2018,nowy,,,,,,,,,,
2602,dolnośląskie,dzierżoniowski,Łagiewniki,gmina wiejska,0202062,2019,nowy,,,,,,,,,,
2603,dolnośląskie,dzierżoniowski,Łagiewniki,gmina wiejska,0202062,2020,nowy,,,,,,,,,,
2604,dolnośląskie,dzierżoniowski,Łagiewniki,gmina wiejska,0202062,2021,nowy,,,,,,,,,,
2605,dolnośląskie,dzierżoniowski,Łagiewniki,gmina wiejska,0202062,2022,nowy,,,,,,,,,,
2606,dolnośląskie,dzierżoniowski,Łagiewniki,gmina wiejska,0202062,2023,nowy,,,,,,,,,,
2607,dolnośląskie,dzierżoniowski,Łagiewniki,gmina wiejska,0202062,2024,nowy,,,,,,,,,,
2608,dolnośląskie,dzierżoniowski,Łagiewniki,gmina wiejska,0202062,2025,nowy,,,,,,,,,,
2609,dolnośląskie,dzierżoniowski,Niemcza,gmina miejsko-wiejska,0202073,2018,nowy,,,,,,,,,,
2610,dolnośląskie,dzierżoniowski,Niemcza,gmina miejsko-wiejska,0202073,2019,nowy,,,,,,,,,,
2611,dolnośląskie,dzierżoniowski,Niemcza,gmina miejsko-wiejska,0202073,2020,nowy,,,,,,,,,,
2612,dolnośląskie,dzierżoniowski,Niemcza,gmina miejsko-wiejska,0202073,2021,nowy,,,,,,,,,,
2613,dolnośląskie,dzierżoniowski,Niemcza,gmina miejsko-wiejska,0202073,2022,nowy,,,,,,,,,,
2614,dolnośląskie,dzierżoniowski,Niemcza,gmina miejsko-wiejska,0202073,2023,nowy,,,,,,,,,,
2615,dolnośląskie,dzierżoniowski,Niemcza,gmina miejsko-wiejska,0202073,2024,nowy,,,,,,,,,,
2616,dolnośląskie,dzierżoniowski,Niemcza,gmina miejsko-wiejska,0202073,2025,nowy,,,,,,,,,,
2617,dolnośląskie,głogowski,-,-,0203,2018,nowy,,,,,,,,,,
2618,dolnośląskie,głogowski,-,-,0203,2019,nowy,,,,,,,,,,
2619,dolnośląskie,głogowski,-,-,0203,2020,nowy,,,,,,,,,,
2620,dolnośląskie,głogowski,-,-,0203,2021,nowy,,,,,,,,,,
2621,dolnośląskie,głogowski,-,-,0203,2022,nowy,,,,,,,,,,
2622,dolnośląskie,głogowski,-,-,0203,2023,nowy,,,,,,,,,,
2623,dolnośląskie,głogowski,-,-,0203,2024,nowy,,,,,,,,,,
2624,dolnośląskie,głogowski,-,-,0203,2025,nowy,,,,,,,,,,
2625,dolnośląskie,głogowski,Głogów,gmina miejska,0203011,2018,nowy,,,,,,,,,,
2626,dolnośląskie,głogowski,Głogów,gmina miejska,0203011,2019,nowy,,,,,,,,,,
2627,dolnośląskie,głogowski,Głogów,gmina miejska,0203011,2020,nowy,,,,,,,,,,
2628,dolnośląskie,głogowski,Głogów,gmina miejska,0203011,2021,nowy,,,,,,,,,,
2629,dolnośląskie,głogowski,Głogów,gmina miejska,0203011,2022,nowy,,,,,,,,,,
2630,dolnośląskie,głogowski,Głogów,gmina miejska,0203011,2023,nowy,,,,,,,,,,
2631,dolnośląskie,głogowski,Głogów,gmina miejska,0203011,2024,nowy,,,,,,,,,,
2632,dolnośląskie,głogowski,Głogów,gmina miejska,0203011,2025,nowy,,,,,,,,,,
2633,dolnośląskie,głogowski,Głogów,gmina wiejska,0203022,2018,nowy,,,,,,,,,,
2634,dolnośląskie,głogowski,Głogów,gmina wiejska,0203022,2019,nowy,,,,,,,,,,
2635,dolnośląskie,głogowski,Głogów,gmina wiejska,0203022,2020,nowy,,,,,,,,,,
2636,dolnośląskie,głogowski,Głogów,gmina wiejska,0203022,2021,nowy,,,,,,,,,,
2637,dolnośląskie,głogowski,Głogów,gmina wiejska,0203022,2022,nowy,,,,,,,,,,
2638,dolnośląskie,głogowski,Głogów,gmina wiejska,0203022,2023,nowy,,,,,,,,,,
2639,dolnośląskie,głogowski,Głogów,gmina wiejska,0203022,2024,nowy,,,,,,,,,,
2640,dolnośląskie,głogowski,Głogów,gmina wiejska,0203022,2025,nowy,,,,,,,,,,
2641,dolnośląskie,głogowski,Jerzmanowa,gmina wiejska,0203032,2018,nowy,,,,,,,,,,
2642,dolnośląskie,głogowski,Jerzmanowa,gmina wiejska,0203032,2019,nowy,,,,,,,,,,
2643,dolnośląskie,głogowski,Jerzmanowa,gmina wiejska,0203032,2020,nowy,,,,,,,,,,
2644,dolnośląskie,głogowski,Jerzmanowa,gmina wiejska,0203032,2021,nowy,,,,,,,,,,
2645,dolnośląskie,głogowski,Jerzmanowa,gmina wiejska,0203032,2022,nowy,,,,,,,,,,
2646,dolnośląskie,głogowski,Jerzmanowa,gmina wiejska,0203032,2023,nowy,,,,,,,,,,
2647,dolnośląskie,głogowski,Jerzmanowa,gmina wiejska,0203032,2024,nowy,,,,,,,,,,
2648,dolnośląskie,głogowski,Jerzmanowa,gmina wiejska,0203032,2025,nowy,,,,,,,,,,
2649,dolnośląskie,głogowski,Kotla,gmina wiejska,0203042,2018,nowy,,,,,,,,,,
2650,dolnośląskie,głogowski,Kotla,gmina wiejska,0203042,2019,nowy,,,,,,,,,,
2651,dolnośląskie,głogowski,Kotla,gmina wiejska,0203042,2020,nowy,,,,,,,,,,
2652,dolnośląskie,głogowski,Kotla,gmina wiejska,0203042,2021,nowy,,,,,,,,,,
2653,dolnośląskie,głogowski,Kotla,gmina wiejska,0203042,2022,nowy,,,,,,,,,,
2654,dolnośląskie,głogowski,Kotla,gmina wiejska,0203042,2023,nowy,,,,,,,,,,
2655,dolnośląskie,głogowski,Kotla,gmina wiejska,0203042,2024,nowy,,,,,,,,,,
2656,dolnośląskie,głogowski,Kotla,gmina wiejska,0203042,2025,nowy,,,,,,,,,,
2657,dolnośląskie,głogowski,Pęcław,gmina wiejska,0203052,2018,nowy,,,,,,,,,,
2658,dolnośląskie,głogowski,Pęcław,gmina wiejska,0203052,2019,nowy,,,,,,,,,,
2659,dolnośląskie,głogowski,Pęcław,gmina wiejska,0203052,2020,nowy,,,,,,,,,,
2660,dolnośląskie,głogowski,Pęcław,gmina wiejska,0203052,2021,nowy,,,,,,,,,,
2661,dolnośląskie,głogowski,Pęcław,gmina wiejska,0203052,2022,nowy,,,,,,,,,,
2662,dolnośląskie,głogowski,Pęcław,gmina wiejska,0203052,2023,nowy,,,,,,,,,,
2663,dolnośląskie,głogowski,Pęcław,gmina wiejska,0203052,2024,nowy,,,,,,,,,,
2664,dolnośląskie,głogowski,Pęcław,gmina wiejska,0203052,2025,nowy,,,,,,,,,,
2665,dolnośląskie,głogowski,Żukowice,gmina wiejska,0203062,2018,nowy,,,,,,,,,,
2666,dolnośląskie,głogowski,Żukowice,gmina wiejska,0203062,2019,nowy,,,,,,,,,,
2667,dolnośląskie,głogowski,Żukowice,gmina wiejska,0203062,2020,nowy,,,,,,,,,,
2668,dolnośląskie,głogowski,Żukowice,gmina wiejska,0203062,2021,nowy,,,,,,,,,,
2669,dolnośląskie,głogowski,Żukowice,gmina wiejska,0203062,2022,nowy,,,,,,,,,,
2670,dolnośląskie,głogowski,Żukowice,gmina wiejska,0203062,2023,nowy,,,,,,,,,,
2671,dolnośląskie,głogowski,Żukowice,gmina wiejska,0203062,2024,nowy,,,,,,,,,,
2672,dolnośląskie,głogowski,Żukowice,gmina wiejska,0203062,2025,nowy,,,,,,,,,,
2673,dolnośląskie,górowski,-,-,0204,2018,nowy,,,,,,,,,,
2674,dolnośląskie,górowski,-,-,0204,2019,nowy,,,,,,,,,,
2675,dolnośląskie,górowski,-,-,0204,2020,nowy,,,,,,,,,,
2676,dolnośląskie,górowski,-,-,0204,2021,nowy,,,,,,,,,,
2677,dolnośląskie,górowski,-,-,0204,2022,nowy,,,,,,,,,,
2678,dolnośląskie,górowski,-,-,0204,2023,nowy,,,,,,,,,,
2679,dolnośląskie,górowski,-,-,0204,2024,nowy,,,,,,,,,,
2680,dolnośląskie,górowski,-,-,0204,2025,nowy,,,,,,,,,,
2681,dolnośląskie,górowski,Góra,gmina miejsko-wiejska,0204013,2018,nowy,,,,,,,,,,
2682,dolnośląskie,górowski,Góra,gmina miejsko-wiejska,0204013,2019,nowy,,,,,,,,,,
2683,dolnośląskie,górowski,Góra,gmina miejsko-wiejska,0204013,2020,nowy,,,,,,,,,,
2684,dolnośląskie,górowski,Góra,gmina miejsko-wiejska,0204013,2021,nowy,,,,,,,,,,
2685,dolnośląskie,górowski,Góra,gmina miejsko-wiejska,0204013,2022,nowy,,,,,,,,,,
2686,dolnośląskie,górowski,Góra,gmina miejsko-wiejska,0204013,2023,nowy,,,,,,,,,,
2687,dolnośląskie,górowski,Góra,gmina miejsko-wiejska,0204013,2024,nowy,,,,,,,,,,
2688,dolnośląskie,górowski,Góra,gmina miejsko-wiejska,0204013,2025,nowy,,,,,,,,,,
2689,dolnośląskie,górowski,Jemielno,gmina wiejska,0204022,2018,nowy,,,,,,,,,,
2690,dolnośląskie,górowski,Jemielno,gmina wiejska,0204022,2019,nowy,,,,,,,,,,
2691,dolnośląskie,górowski,Jemielno,gmina wiejska,0204022,2020,nowy,,,,,,,,,,
2692,dolnośląskie,górowski,Jemielno,gmina wiejska,0204022,2021,nowy,,,,,,,,,,
2693,dolnośląskie,górowski,Jemielno,gmina wiejska,0204022,2022,nowy,,,,,,,,,,
2694,dolnośląskie,górowski,Jemielno,gmina wiejska,0204022,2023,nowy,,,,,,,,,,
2695,dolnośląskie,górowski,Jemielno,gmina wiejska,0204022,2024,nowy,,,,,,,,,,
2696,dolnośląskie,górowski,Jemielno,gmina wiejska,0204022,2025,nowy,,,,,,,,,,
2697,dolnośląskie,górowski,Niechlów,gmina wiejska,0204032,2018,nowy,,,,,,,,,,
2698,dolnośląskie,górowski,Niechlów,gmina wiejska,0204032,2019,nowy,,,,,,,,,,
2699,dolnośląskie,górowski,Niechlów,gmina wiejska,0204032,2020,nowy,,,,,,,,,,
2700,dolnośląskie,górowski,Niechlów,gmina wiejska,0204032,2021,nowy,,,,,,,,,,
2701,dolnośląskie,górowski,Niechlów,gmina wiejska,0204032,2022,nowy,,,,,,,,,,
2702,dolnośląskie,górowski,Niechlów,gmina wiejska,0204032,2023,nowy,,,,,,,,,,
2703,dolnośląskie,górowski,Niechlów,gmina wiejska,0204032,2024,nowy,,,,,,,,,,
2704,dolnośląskie,górowski,Niechlów,gmina wiejska,0204032,2025,nowy,,,,,,,,,,
2705,dolnośląskie,górowski,Wąsosz,gmina miejsko-wiejska,0204043,2018,nowy,,,,,,,,,,
2706,dolnośląskie,górowski,Wąsosz,gmina miejsko-wiejska,0204043,2019,nowy,,,,,,,,,,
2707,dolnośląskie,górowski,Wąsosz,gmina miejsko-wiejska,0204043,2020,nowy,,,,,,,,,,
2708,dolnośląskie,górowski,Wąsosz,gmina miejsko-wiejska,0204043,2021,nowy,,,,,,,,,,
2709,dolnośląskie,górowski,Wąsosz,gmina miejsko-wiejska,0204043,2022,nowy,,,,,,,,,,
2710,dolnośląskie,górowski,Wąsosz,gmina miejsko-wiejska,0204043,2023,nowy,,,,,,,,,,
2711,dolnośląskie,górowski,Wąsosz,gmina miejsko-wiejska,0204043,2024,nowy,,,,,,,,,,
2712,dolnośląskie,górowski,Wąsosz,gmina miejsko-wiejska,0204043,2025,nowy,,,,,,,,,,
2713,dolnośląskie,jaworski,-,-,0205,2018,nowy,,,,,,,,,,
2714,dolnośląskie,jaworski,-,-,0205,2019,nowy,,,,,,,,,,
2715,dolnośląskie,jaworski,-,-,0205,2020,nowy,,,,,,,,,,
2716,dolnośląskie,jaworski,-,-,0205,2021,nowy,,,,,,,,,,
2717,dolnośląskie,jaworski,-,-,0205,2022,nowy,,,,,,,,,,
2718,dolnośląskie,jaworski,-,-,0205,2023,nowy,,,,,,,,,,
2719,dolnośląskie,jaworski,-,-,0205,2024,nowy,,,,,,,,,,
2720,dolnośląskie,jaworski,-,-,0205,2025,nowy,,,,,,,,,,
2721,dolnośląskie,jaworski,Jawor,gmina miejska,0205011,2018,nowy,,,,,,,,,,
2722,dolnośląskie,jaworski,Jawor,gmina miejska,0205011,2019,nowy,,,,,,,,,,
2723,dolnośląskie,jaworski,Jawor,gmina miejska,0205011,2020,nowy,,,,,,,,,,
2724,dolnośląskie,jaworski,Jawor,gmina miejska,0205011,2021,nowy,,,,,,,,,,
2725,dolnośląskie,jaworski,Jawor,gmina miejska,0205011,2022,nowy,,,,,,,,,,
2726,dolnośląskie,jaworski,Jawor,gmina miejska,0205011,2023,nowy,,,,,,,,,,
2727,dolnośląskie,jaworski,Jawor,gmina miejska,0205011,2024,nowy,,,,,,,,,,
2728,dolnośląskie,jaworski,Jawor,gmina miejska,0205011,2025,nowy,,,,,,,,,,
2729,dolnośląskie,jaworski,Bolków,gmina miejsko-wiejska,0205023,2018,nowy,,,,,,,,,,
2730,dolnośląskie,jaworski,Bolków,gmina miejsko-wiejska,0205023,2019,nowy,,,,,,,,,,
2731,dolnośląskie,jaworski,Bolków,gmina miejsko-wiejska,0205023,2020,nowy,,,,,,,,,,
2732,dolnośląskie,jaworski,Bolków,gmina miejsko-wiejska,0205023,2021,nowy,,,,,,,,,,
2733,dolnośląskie,jaworski,Bolków,gmina miejsko-wiejska,0205023,2022,nowy,,,,,,,,,,
2734,dolnośląskie,jaworski,Bolków,gmina miejsko-wiejska,0205023,2023,nowy,,,,,,,,,,
2735,dolnośląskie,jaworski,Bolków,gmina miejsko-wiejska,0205023,2024,nowy,,,,,,,,,,
2736,dolnośląskie,jaworski,Bolków,gmina miejsko-wiejska,0205023,2025,nowy,,,,,,,,,,
2737,dolnośląskie,jaworski,Męcinka,gmina wiejska,0205032,2018,nowy,,,,,,,,,,
2738,dolnośląskie,jaworski,Męcinka,gmina wiejska,0205032,2019,nowy,,,,,,,,,,
2739,dolnośląskie,jaworski,Męcinka,gmina wiejska,0205032,2020,nowy,,,,,,,,,,
2740,dolnośląskie,jaworski,Męcinka,gmina wiejska,0205032,2021,nowy,,,,,,,,,,
2741,dolnośląskie,jaworski,Męcinka,gmina wiejska,0205032,2022,nowy,,,,,,,,,,
2742,dolnośląskie,jaworski,Męcinka,gmina wiejska,0205032,2023,nowy,,,,,,,,,,
2743,dolnośląskie,jaworski,Męcinka,gmina wiejska,0205032,2024,nowy,,,,,,,,,,
2744,dolnośląskie,jaworski,Męcinka,gmina wiejska,0205032,2025,nowy,,,,,,,,,,
2745,dolnośląskie,jaworski,Mściwojów,gmina wiejska,0205042,2018,nowy,,,,,,,,,,
2746,dolnośląskie,jaworski,Mściwojów,gmina wiejska,0205042,2019,nowy,,,,,,,,,,
2747,dolnośląskie,jaworski,Mściwojów,gmina wiejska,0205042,2020,nowy,,,,,,,,,,
2748,dolnośląskie,jaworski,Mściwojów,gmina wiejska,0205042,2021,nowy,,,,,,,,,,
2749,dolnośląskie,jaworski,Mściwojów,gmina wiejska,0205042,2022,nowy,,,,,,,,,,
2750,dolnośląskie,jaworski,Mściwojów,gmina wiejska,0205042,2023,nowy,,,,,,,,,,
2751,dolnośląskie,jaworski,Mściwojów,gmina wiejska,0205042,2024,nowy,,,,,,,,,,
2752,dolnośląskie,jaworski,Mściwojów,gmina wiejska,0205042,2025,nowy,,,,,,,,,,
2753,dolnośląskie,jaworski,Paszowice,gmina wiejska,0205052,2018,nowy,,,,,,,,,,
2754,dolnośląskie,jaworski,Paszowice,gmina wiejska,0205052,2019,nowy,,,,,,,,,,
2755,dolnośląskie,jaworski,Paszowice,gmina wiejska,0205052,2020,nowy,,,,,,,,,,
2756,dolnośląskie,jaworski,Paszowice,gmina wiejska,0205052,2021,nowy,,,,,,,,,,
2757,dolnośląskie,jaworski,Paszowice,gmina wiejska,0205052,2022,nowy,,,,,,,,,,
2758,dolnośląskie,jaworski,Paszowice,gmina wiejska,0205052,2023,nowy,,,,,,,,,,
2759,dolnośląskie,jaworski,Paszowice,gmina wiejska,0205052,2024,nowy,,,,,,,,,,
2760,dolnośląskie,jaworski,Paszowice,gmina wiejska,0205052,2025,nowy,,,,,,,,,,
2761,dolnośląskie,jaworski,Wądroże Wielkie,gmina wiejska,0205062,2018,nowy,,,,,,,,,,
2762,dolnośląskie,jaworski,Wądroże Wielkie,gmina wiejska,0205062,2019,nowy,,,,,,,,,,
2763,dolnośląskie,jaworski,Wądroże Wielkie,gmina wiejska,0205062,2020,nowy,,,,,,,,,,
2764,dolnośląskie,jaworski,Wądroże Wielkie,gmina wiejska,0205062,2021,nowy,,,,,,,,,,
2765,dolnośląskie,jaworski,Wądroże Wielkie,gmina wiejska,0205062,2022,nowy,,,,,,,,,,
2766,dolnośląskie,jaworski,Wądroże Wielkie,gmina wiejska,0205062,2023,nowy,,,,,,,,,,
2767,dolnośląskie,jaworski,Wądroże Wielkie,gmina wiejska,0205062,2024,nowy,,,,,,,,,,
2768,dolnośląskie,jaworski,Wądroże Wielkie,gmina wiejska,0205062,2025,nowy,,,,,,,,,,
2769,dolnośląskie,jeleniogórski,-,-,0206,2018,nowy,,,,,,,,,,
2770,dolnośląskie,jeleniogórski,-,-,0206,2019,nowy,,,,,,,,,,
2771,dolnośląskie,jeleniogórski,-,-,0206,2020,nowy,,,,,,,,,,
2772,dolnośląskie,karkonoski,-,-,0206,2021,nowy,,,,,,,,,,
2773,dolnośląskie,karkonoski,-,-,0206,2022,nowy,,,,,,,,,,
2774,dolnośląskie,karkonoski,-,-,0206,2023,nowy,,,,,,,,,,
2775,dolnośląskie,karkonoski,-,-,0206,2024,nowy,,,,,,,,,,
2776,dolnośląskie,karkonoski,-,-,0206,2025,nowy,,,,,,,,,,
2777,dolnośląskie,jeleniogórski,Karpacz,gmina miejska,0206011,2018,nowy,,,,,,,,,,
2778,dolnośląskie,jeleniogórski,Karpacz,gmina miejska,0206011,2019,nowy,,,,,,,,,,
2779,dolnośląskie,jeleniogórski,Karpacz,gmina miejska,0206011,2020,nowy,,,,,,,,,,
2780,dolnośląskie,karkonoski,Karpacz,gmina miejska,0206011,2021,nowy,,,,,,,,,,
2781,dolnośląskie,karkonoski,Karpacz,gmina miejska,0206011,2022,nowy,,,,,,,,,,
2782,dolnośląskie,karkonoski,Karpacz,gmina miejska,0206011,2023,nowy,,,,,,,,,,
2783,dolnośląskie,karkonoski,Karpacz,gmina miejska,0206011,2024,nowy,,,,,,,,,,
2784,dolnośląskie,karkonoski,Karpacz,gmina miejska,0206011,2025,nowy,,,,,,,,,,
2785,dolnośląskie,jeleniogórski,Kowary,gmina miejska,0206021,2018,nowy,,,,,,,,,,
2786,dolnośląskie,jeleniogórski,Kowary,gmina miejska,0206021,2019,nowy,,,,,,,,,,
2787,dolnośląskie,jeleniogórski,Kowary,gmina miejska,0206021,2020,nowy,,,,,,,,,,
2788,dolnośląskie,karkonoski,Kowary,gmina miejska,0206021,2021,nowy,,,,,,,,,,
2789,dolnośląskie,karkonoski,Kowary,gmina miejska,0206021,2022,nowy,,,,,,,,,,
2790,dolnośląskie,karkonoski,Kowary,gmina miejska,0206021,2023,nowy,,,,,,,,,,
2791,dolnośląskie,karkonoski,Kowary,gmina miejska,0206021,2024,nowy,,,,,,,,,,
2792,dolnośląskie,karkonoski,Kowary,gmina miejska,0206021,2025,nowy,,,,,,,,,,
2793,dolnośląskie,jeleniogórski,Piechowice,gmina miejska,0206031,2018,nowy,,,,,,,,,,
2794,dolnośląskie,jeleniogórski,Piechowice,gmina miejska,0206031,2019,nowy,,,,,,,,,,
2795,dolnośląskie,jeleniogórski,Piechowice,gmina miejska,0206031,2020,nowy,,,,,,,,,,
2796,dolnośląskie,karkonoski,Piechowice,gmina miejska,0206031,2021,nowy,,,,,,,,,,
2797,dolnośląskie,karkonoski,Piechowice,gmina miejska,0206031,2022,nowy,,,,,,,,,,
2798,dolnośląskie,karkonoski,Piechowice,gmina miejska,0206031,2023,nowy,,,,,,,,,,
2799,dolnośląskie,karkonoski,Piechowice,gmina miejska,0206031,2024,nowy,,,,,,,,,,
2800,dolnośląskie,karkonoski,Piechowice,gmina miejska,0206031,2025,nowy,,,,,,,,,,
2801,dolnośląskie,jeleniogórski,Szklarska Poręba,gmina miejska,0206041,2018,nowy,,,,,,,,,,
2802,dolnośląskie,jeleniogórski,Szklarska Poręba,gmina miejska,0206041,2019,nowy,,,,,,,,,,
2803,dolnośląskie,jeleniogórski,Szklarska Poręba,gmina miejska,0206041,2020,nowy,,,,,,,,,,
2804,dolnośląskie,karkonoski,Szklarska Poręba,gmina miejska,0206041,2021,nowy,,,,,,,,,,
2805,dolnośląskie,karkonoski,Szklarska Poręba,gmina miejska,0206041,2022,nowy,,,,,,,,,,
2806,dolnośląskie,karkonoski,Szklarska Poręba,gmina miejska,0206041,2023,nowy,,,,,,,,,,
2807,dolnośląskie,karkonoski,Szklarska Poręba,gmina miejska,0206041,2024,nowy,,,,,,,,,,
2808,dolnośląskie,karkonoski,Szklarska Poręba,gmina miejska,0206041,2025,nowy,,,,,,,,,,
2809,dolnośląskie,jeleniogórski,Janowice Wielkie,gmina wiejska,0206052,2018,nowy,,,,,,,,,,
2810,dolnośląskie,jeleniogórski,Janowice Wielkie,gmina wiejska,0206052,2019,nowy,,,,,,,,,,
2811,dolnośląskie,jeleniogórski,Janowice Wielkie,gmina wiejska,0206052,2020,nowy,,,,,,,,,,
2812,dolnośląskie,karkonoski,Janowice Wielkie,gmina wiejska,0206052,2021,nowy,,,,,,,,,,
2813,dolnośląskie,karkonoski,Janowice Wielkie,gmina wiejska,0206052,2022,nowy,,,,,,,,,,
2814,dolnośląskie,karkonoski,Janowice Wielkie,gmina wiejska,0206052,2023,nowy,,,,,,,,,,
2815,dolnośląskie,karkonoski,Janowice Wielkie,gmina wiejska,0206052,2024,nowy,,,,,,,,,,
2816,dolnośląskie,karkonoski,Janowice Wielkie,gmina wiejska,0206052,2025,nowy,,,,,,,,,,
2817,dolnośląskie,jeleniogórski,Jeżów Sudecki,gmina wiejska,0206062,2018,nowy,,,,,,,,,,
2818,dolnośląskie,jeleniogórski,Jeżów Sudecki,gmina wiejska,0206062,2019,nowy,,,,,,,,,,
2819,dolnośląskie,jeleniogórski,Jeżów Sudecki,gmina wiejska,0206062,2020,nowy,,,,,,,,,,
2820,dolnośląskie,karkonoski,Jeżów Sudecki,gmina wiejska,0206062,2021,nowy,,,,,,,,,,
2821,dolnośląskie,karkonoski,Jeżów Sudecki,gmina wiejska,0206062,2022,nowy,,,,,,,,,,
2822,dolnośląskie,karkonoski,Jeżów Sudecki,gmina wiejska,0206062,2023,nowy,,,,,,,,,,
2823,dolnośląskie,karkonoski,Jeżów Sudecki,gmina wiejska,0206062,2024,nowy,,,,,,,,,,
2824,dolnośląskie,karkonoski,Jeżów Sudecki,gmina wiejska,0206062,2025,nowy,,,,,,,,,,
2825,dolnośląskie,jeleniogórski,Mysłakowice,gmina wiejska,0206072,2018,nowy,,,,,,,,,,
2826,dolnośląskie,jeleniogórski,Mysłakowice,gmina wiejska,0206072,2019,nowy,,,,,,,,,,
2827,dolnośląskie,jeleniogórski,Mysłakowice,gmina wiejska,0206072,2020,nowy,,,,,,,,,,
2828,dolnośląskie,karkonoski,Mysłakowice,gmina wiejska,0206072,2021,nowy,,,,,,,,,,
2829,dolnośląskie,karkonoski,Mysłakowice,gmina wiejska,0206072,2022,nowy,,,,,,,,,,
2830,dolnośląskie,karkonoski,Mysłakowice,gmina wiejska,0206072,2023,nowy,,,,,,,,,,
2831,dolnośląskie,karkonoski,Mysłakowice,gmina wiejska,0206072,2024,nowy,,,,,,,,,,
2832,dolnośląskie,karkonoski,Mysłakowice,gmina wiejska,0206072,2025,nowy,,,,,,,,,,
2833,dolnośląskie,jeleniogórski,Podgórzyn,gmina wiejska,0206082,2018,nowy,,,,,,,,,,
2834,dolnośląskie,jeleniogórski,Podgórzyn,gmina wiejska,0206082,2019,nowy,,,,,,,,,,
2835,dolnośląskie,jeleniogórski,Podgórzyn,gmina wiejska,0206082,2020,nowy,,,,,,,,,,
2836,dolnośląskie,karkonoski,Podgórzyn,gmina wiejska,0206082,2021,nowy,,,,,,,,,,
2837,dolnośląskie,karkonoski,Podgórzyn,gmina wiejska,0206082,2022,nowy,,,,,,,,,,
2838,dolnośląskie,karkonoski,Podgórzyn,gmina wiejska,0206082,2023,nowy,,,,,,,,,,
2839,dolnośląskie,karkonoski,Podgórzyn,gmina wiejska,0206082,2024,nowy,,,,,,,,,,
2840,dolnośląskie,karkonoski,Podgórzyn,gmina wiejska,0206082,2025,nowy,,,,,,,,,,
2841,dolnośląskie,jeleniogórski,Stara Kamienica,gmina wiejska,0206092,2018,nowy,,,,,,,,,,
2842,dolnośląskie,jeleniogórski,Stara Kamienica,gmina wiejska,0206092,2019,nowy,,,,,,,,,,
2843,dolnośląskie,jeleniogórski,Stara Kamienica,gmina wiejska,0206092,2020,nowy,,,,,,,,,,
2844,dolnośląskie,karkonoski,Stara Kamienica,gmina wiejska,0206092,2021,nowy,,,,,,,,,,
2845,dolnośląskie,karkonoski,Stara Kamienica,gmina wiejska,0206092,2022,nowy,,,,,,,,,,
2846,dolnośląskie,karkonoski,Stara Kamienica,gmina wiejska,0206092,2023,nowy,,,,,,,,,,
2847,dolnośląskie,karkonoski,Stara Kamienica,gmina wiejska,0206092,2024,nowy,,,,,,,,,,
2848,dolnośląskie,karkonoski,Stara Kamienica,gmina wiejska,0206092,2025,nowy,,,,,,,,,,
2849,dolnośląskie,kamiennogórski,-,-,0207,2018,nowy,,,,,,,,,,
2850,dolnośląskie,kamiennogórski,-,-,0207,2019,nowy,,,,,,,,,,
2851,dolnośląskie,kamiennogórski,-,-,0207,2020,nowy,,,,,,,,,,
2852,dolnośląskie,kamiennogórski,-,-,0207,2021,nowy,,,,,,,,,,
2853,dolnośląskie,kamiennogórski,-,-,0207,2022,nowy,,,,,,,,,,
2854,dolnośląskie,kamiennogórski,-,-,0207,2023,nowy,,,,,,,,,,
2855,dolnośląskie,kamiennogórski,-,-,0207,2024,nowy,,,,,,,,,,
2856,dolnośląskie,kamiennogórski,-,-,0207,2025,nowy,,,,,,,,,,
2857,dolnośląskie,kamiennogórski,Kamienna Góra,gmina miejska,0207011,2018,nowy,,,,,,,,,,
2858,dolnośląskie,kamiennogórski,Kamienna Góra,gmina miejska,0207011,2019,nowy,,,,,,,,,,
2859,dolnośląskie,kamiennogórski,Kamienna Góra,gmina miejska,0207011,2020,nowy,,,,,,,,,,
2860,dolnośląskie,kamiennogórski,Kamienna Góra,gmina miejska,0207011,2021,nowy,,,,,,,,,,
2861,dolnośląskie,kamiennogórski,Kamienna Góra,gmina miejska,0207011,2022,nowy,,,,,,,,,,
2862,dolnośląskie,kamiennogórski,Kamienna Góra,gmina miejska,0207011,2023,nowy,,,,,,,,,,
2863,dolnośląskie,kamiennogórski,Kamienna Góra,gmina miejska,0207011,2024,nowy,,,,,,,,,,
2864,dolnośląskie,kamiennogórski,Kamienna Góra,gmina miejska,0207011,2025,nowy,,,,,,,,,,
2865,dolnośląskie,kamiennogórski,Kamienna Góra,gmina wiejska,0207022,2018,nowy,,,,,,,,,,
2866,dolnośląskie,kamiennogórski,Kamienna Góra,gmina wiejska,0207022,2019,nowy,,,,,,,,,,
2867,dolnośląskie,kamiennogórski,Kamienna Góra,gmina wiejska,0207022,2020,nowy,,,,,,,,,,
2868,dolnośląskie,kamiennogórski,Kamienna Góra,gmina wiejska,0207022,2021,nowy,,,,,,,,,,
2869,dolnośląskie,kamiennogórski,Kamienna Góra,gmina wiejska,0207022,2022,nowy,,,,,,,,,,
2870,dolnośląskie,kamiennogórski,Kamienna Góra,gmina wiejska,0207022,2023,nowy,,,,,,,,,,
2871,dolnośląskie,kamiennogórski,Kamienna Góra,gmina wiejska,0207022,2024,nowy,,,,,,,,,,
2872,dolnośląskie,kamiennogórski,Kamienna Góra,gmina wiejska,0207022,2025,nowy,,,,,,,,,,
2873,dolnośląskie,kamiennogórski,Lubawka,gmina miejsko-wiejska,0207033,2018,nowy,,,,,,,,,,
2874,dolnośląskie,kamiennogórski,Lubawka,gmina miejsko-wiejska,0207033,2019,nowy,,,,,,,,,,
2875,dolnośląskie,kamiennogórski,Lubawka,gmina miejsko-wiejska,0207033,2020,nowy,,,,,,,,,,
2876,dolnośląskie,kamiennogórski,Lubawka,gmina miejsko-wiejska,0207033,2021,nowy,,,,,,,,,,
2877,dolnośląskie,kamiennogórski,Lubawka,gmina miejsko-wiejska,0207033,2022,nowy,,,,,,,,,,
2878,dolnośląskie,kamiennogórski,Lubawka,gmina miejsko-wiejska,0207033,2023,nowy,,,,,,,,,,
2879,dolnośląskie,kamiennogórski,Lubawka,gmina miejsko-wiejska,0207033,2024,nowy,,,,,,,,,,
2880,dolnośląskie,kamiennogórski,Lubawka,gmina miejsko-wiejska,0207033,2025,nowy,,,,,,,,,,
2881,dolnośląskie,kamiennogórski,Marciszów,gmina wiejska,0207042,2018,nowy,,,,,,,,,,
2882,dolnośląskie,kamiennogórski,Marciszów,gmina wiejska,0207042,2019,nowy,,,,,,,,,,
2883,dolnośląskie,kamiennogórski,Marciszów,gmina wiejska,0207042,2020,nowy,,,,,,,,,,
2884,dolnośląskie,kamiennogórski,Marciszów,gmina wiejska,0207042,2021,nowy,,,,,,,,,,
2885,dolnośląskie,kamiennogórski,Marciszów,gmina wiejska,0207042,2022,nowy,,,,,,,,,,
2886,dolnośląskie,kamiennogórski,Marciszów,gmina wiejska,0207042,2023,nowy,,,,,,,,,,
2887,dolnośląskie,kamiennogórski,Marciszów,gmina wiejska,0207042,2024,nowy,,,,,,,,,,
2888,dolnośląskie,kamiennogórski,Marciszów,gmina wiejska,0207042,2025,nowy,,,,,,,,,,
2889,dolnośląskie,kłodzki,-,-,0208,2018,nowy,,,,,,,,,,
2890,dolnośląskie,kłodzki,-,-,0208,2019,nowy,,,,,,,,,,
2891,dolnośląskie,kłodzki,-,-,0208,2020,nowy,,,,,,,,,,
2892,dolnośląskie,kłodzki,-,-,0208,2021,nowy,,,,,,,,,,
2893,dolnośląskie,kłodzki,-,-,0208,2022,nowy,,,,,,,,,,
2894,dolnośląskie,kłodzki,-,-,0208,2023,nowy,,,,,,,,,,
2895,dolnośląskie,kłodzki,-,-,0208,2024,nowy,,,,,,,,,,
2896,dolnośląskie,kłodzki,-,-,0208,2025,nowy,,,,,,,,,,
2897,dolnośląskie,kłodzki,Duszniki-Zdrój,gmina miejska,0208011,2018,nowy,,,,,,,,,,
2898,dolnośląskie,kłodzki,Duszniki-Zdrój,gmina miejska,0208011,2019,nowy,,,,,,,,,,
2899,dolnośląskie,kłodzki,Duszniki-Zdrój,gmina miejska,0208011,2020,nowy,,,,,,,,,,
2900,dolnośląskie,kłodzki,Duszniki-Zdrój,gmina miejska,0208011,2021,nowy,,,,,,,,,,
2901,dolnośląskie,kłodzki,Duszniki-Zdrój,gmina miejska,0208011,2022,nowy,,,,,,,,,,
2902,dolnośląskie,kłodzki,Duszniki-Zdrój,gmina miejska,0208011,2023,nowy,,,,,,,,,,
2903,dolnośląskie,kłodzki,Duszniki-Zdrój,gmina miejska,0208011,2024,nowy,,,,,,,,,,
2904,dolnośląskie,kłodzki,Duszniki-Zdrój,gmina miejska,0208011,2025,nowy,,,,,,,,,,
2905,dolnośląskie,kłodzki,Kłodzko,gmina miejska,0208021,2018,nowy,,,,,,,,,,
2906,dolnośląskie,kłodzki,Kłodzko,gmina miejska,0208021,2019,nowy,,,,,,,,,,
2907,dolnośląskie,kłodzki,Kłodzko,gmina miejska,0208021,2020,nowy,,,,,,,,,,
2908,dolnośląskie,kłodzki,Kłodzko,gmina miejska,0208021,2021,nowy,,,,,,,,,,
2909,dolnośląskie,kłodzki,Kłodzko,gmina miejska,0208021,2022,nowy,,,,,,,,,,
2910,dolnośląskie,kłodzki,Kłodzko,gmina miejska,0208021,2023,nowy,,,,,,,,,,
2911,dolnośląskie,kłodzki,Kłodzko,gmina miejska,0208021,2024,nowy,,,,,,,,,,
2912,dolnośląskie,kłodzki,Kłodzko,gmina miejska,0208021,2025,nowy,,,,,,,,,,
2913,dolnośląskie,kłodzki,Kudowa-Zdrój,gmina miejska,0208031,2018,nowy,,,,,,,,,,
2914,dolnośląskie,kłodzki,Kudowa-Zdrój,gmina miejska,0208031,2019,nowy,,,,,,,,,,
2915,dolnośląskie,kłodzki,Kudowa-Zdrój,gmina miejska,0208031,2020,nowy,,,,,,,,,,
2916,dolnośląskie,kłodzki,Kudowa-Zdrój,gmina miejska,0208031,2021,nowy,,,,,,,,,,
2917,dolnośląskie,kłodzki,Kudowa-Zdrój,gmina miejska,0208031,2022,nowy,,,,,,,,,,
2918,dolnośląskie,kłodzki,Kudowa-Zdrój,gmina miejska,0208031,2023,nowy,,,,,,,,,,
2919,dolnośląskie,kłodzki,Kudowa-Zdrój,gmina miejska,0208031,2024,nowy,,,,,,,,,,
2920,dolnośląskie,kłodzki,Kudowa-Zdrój,gmina miejska,0208031,2025,nowy,,,,,,,,,,
2921,dolnośląskie,kłodzki,Nowa Ruda,gmina miejska,0208041,2018,nowy,,,,,,,,,,
2922,dolnośląskie,kłodzki,Nowa Ruda,gmina miejska,0208041,2019,nowy,,,,,,,,,,
2923,dolnośląskie,kłodzki,Nowa Ruda,gmina miejska,0208041,2020,nowy,,,,,,,,,,
2924,dolnośląskie,kłodzki,Nowa Ruda,gmina miejska,0208041,2021,nowy,,,,,,,,,,
2925,dolnośląskie,kłodzki,Nowa Ruda,gmina miejska,0208041,2022,nowy,,,,,,,,,,
2926,dolnośląskie,kłodzki,Nowa Ruda,gmina miejska,0208041,2023,nowy,,,,,,,,,,
2927,dolnośląskie,kłodzki,Nowa Ruda,gmina miejska,0208041,2024,nowy,,,,,,,,,,
2928,dolnośląskie,kłodzki,Nowa Ruda,gmina miejska,0208041,2025,nowy,,,,,,,,,,
2929,dolnośląskie,kłodzki,Polanica-Zdrój,gmina miejska,0208051,2018,nowy,,,,,,,,,,
2930,dolnośląskie,kłodzki,Polanica-Zdrój,gmina miejska,0208051,2019,nowy,,,,,,,,,,
2931,dolnośląskie,kłodzki,Polanica-Zdrój,gmina miejska,0208051,2020,nowy,,,,,,,,,,
2932,dolnośląskie,kłodzki,Polanica-Zdrój,gmina miejska,0208051,2021,nowy,,,,,,,,,,
2933,dolnośląskie,kłodzki,Polanica-Zdrój,gmina miejska,0208051,2022,nowy,,,,,,,,,,
2934,dolnośląskie,kłodzki,Polanica-Zdrój,gmina miejska,0208051,2023,nowy,,,,,,,,,,
2935,dolnośląskie,kłodzki,Polanica-Zdrój,gmina miejska,0208051,2024,nowy,,,,,,,,,,
2936,dolnośląskie,kłodzki,Polanica-Zdrój,gmina miejska,0208051,2025,nowy,,,,,,,,,,
2937,dolnośląskie,kłodzki,Bystrzyca Kłodzka,gmina miejsko-wiejska,0208063,2018,nowy,,,,,,,,,,
2938,dolnośląskie,kłodzki,Bystrzyca Kłodzka,gmina miejsko-wiejska,0208063,2019,nowy,,,,,,,,,,
2939,dolnośląskie,kłodzki,Bystrzyca Kłodzka,gmina miejsko-wiejska,0208063,2020,nowy,,,,,,,,,,
2940,dolnośląskie,kłodzki,Bystrzyca Kłodzka,gmina miejsko-wiejska,0208063,2021,nowy,,,,,,,,,,
2941,dolnośląskie,kłodzki,Bystrzyca Kłodzka,gmina miejsko-wiejska,0208063,2022,nowy,,,,,,,,,,
2942,dolnośląskie,kłodzki,Bystrzyca Kłodzka,gmina miejsko-wiejska,0208063,2023,nowy,,,,,,,,,,
2943,dolnośląskie,kłodzki,Bystrzyca Kłodzka,gmina miejsko-wiejska,0208063,2024,nowy,,,,,,,,,,
2944,dolnośląskie,kłodzki,Bystrzyca Kłodzka,gmina miejsko-wiejska,0208063,2025,nowy,,,,,,,,,,
2945,dolnośląskie,kłodzki,Kłodzko,gmina wiejska,0208072,2018,nowy,,,,,,,,,,
2946,dolnośląskie,kłodzki,Kłodzko,gmina wiejska,0208072,2019,nowy,,,,,,,,,,
2947,dolnośląskie,kłodzki,Kłodzko,gmina wiejska,0208072,2020,nowy,,,,,,,,,,
2948,dolnośląskie,kłodzki,Kłodzko,gmina wiejska,0208072,2021,nowy,,,,,,,,,,
2949,dolnośląskie,kłodzki,Kłodzko,gmina wiejska,0208072,2022,nowy,,,,,,,,,,
2950,dolnośląskie,kłodzki,Kłodzko,gmina wiejska,0208072,2023,nowy,,,,,,,,,,
2951,dolnośląskie,kłodzki,Kłodzko,gmina wiejska,0208072,2024,nowy,,,,,,,,,,
2952,dolnośląskie,kłodzki,Kłodzko,gmina wiejska,0208072,2025,nowy,,,,,,,,,,
2953,dolnośląskie,kłodzki,Lądek-Zdrój,gmina miejsko-wiejska,0208083,2018,nowy,,,,,,,,,,
2954,dolnośląskie,kłodzki,Lądek-Zdrój,gmina miejsko-wiejska,0208083,2019,nowy,,,,,,,,,,
2955,dolnośląskie,kłodzki,Lądek-Zdrój,gmina miejsko-wiejska,0208083,2020,nowy,,,,,,,,,,
2956,dolnośląskie,kłodzki,Lądek-Zdrój,gmina miejsko-wiejska,0208083,2021,nowy,,,,,,,,,,
2957,dolnośląskie,kłodzki,Lądek-Zdrój,gmina miejsko-wiejska,0208083,2022,nowy,,,,,,,,,,
2958,dolnośląskie,kłodzki,Lądek-Zdrój,gmina miejsko-wiejska,0208083,2023,nowy,,,,,,,,,,
2959,dolnośląskie,kłodzki,Lądek-Zdrój,gmina miejsko-wiejska,0208083,2024,nowy,,,,,,,,,,
2960,dolnośląskie,kłodzki,Lądek-Zdrój,gmina miejsko-wiejska,0208083,2025,nowy,,,,,,,,,,
2961,dolnośląskie,kłodzki,Lewin Kłodzki,gmina wiejska,0208092,2018,nowy,,,,,,,,,,
2962,dolnośląskie,kłodzki,Lewin Kłodzki,gmina wiejska,0208092,2019,nowy,,,,,,,,,,
2963,dolnośląskie,kłodzki,Lewin Kłodzki,gmina wiejska,0208092,2020,nowy,,,,,,,,,,
2964,dolnośląskie,kłodzki,Lewin Kłodzki,gmina wiejska,0208092,2021,nowy,,,,,,,,,,
2965,dolnośląskie,kłodzki,Lewin Kłodzki,gmina wiejska,0208092,2022,nowy,,,,,,,,,,
2966,dolnośląskie,kłodzki,Lewin Kłodzki,gmina wiejska,0208092,2023,nowy,,,,,,,,,,
2967,dolnośląskie,kłodzki,Lewin Kłodzki,gmina wiejska,0208092,2024,nowy,,,,,,,,,,
2968,dolnośląskie,kłodzki,Lewin Kłodzki,gmina wiejska,0208092,2025,nowy,,,,,,,,,,
2969,dolnośląskie,kłodzki,Międzylesie,gmina miejsko-wiejska,0208103,2018,nowy,,,,,,,,,,
2970,dolnośląskie,kłodzki,Międzylesie,gmina miejsko-wiejska,0208103,2019,nowy,,,,,,,,,,
2971,dolnośląskie,kłodzki,Międzylesie,gmina miejsko-wiejska,0208103,2020,nowy,,,,,,,,,,
2972,dolnośląskie,kłodzki,Międzylesie,gmina miejsko-wiejska,0208103,2021,nowy,,,,,,,,,,
2973,dolnośląskie,kłodzki,Międzylesie,gmina miejsko-wiejska,0208103,2022,nowy,,,,,,,,,,
2974,dolnośląskie,kłodzki,Międzylesie,gmina miejsko-wiejska,0208103,2023,nowy,,,,,,,,,,
2975,dolnośląskie,kłodzki,Międzylesie,gmina miejsko-wiejska,0208103,2024,nowy,,,,,,,,,,
2976,dolnośląskie,kłodzki,Międzylesie,gmina miejsko-wiejska,0208103,2025,nowy,,,,,,,,,,
2977,dolnośląskie,kłodzki,Nowa Ruda,gmina wiejska,0208112,2018,nowy,,,,,,,,,,
2978,dolnośląskie,kłodzki,Nowa Ruda,gmina wiejska,0208112,2019,nowy,,,,,,,,,,
2979,dolnośląskie,kłodzki,Nowa Ruda,gmina wiejska,0208112,2020,nowy,,,,,,,,,,
2980,dolnośląskie,kłodzki,Nowa Ruda,gmina wiejska,0208112,2021,nowy,,,,,,,,,,
2981,dolnośląskie,kłodzki,Nowa Ruda,gmina wiejska,0208112,2022,nowy,,,,,,,,,,
2982,dolnośląskie,kłodzki,Nowa Ruda,gmina wiejska,0208112,2023,nowy,,,,,,,,,,
2983,dolnośląskie,kłodzki,Nowa Ruda,gmina wiejska,0208112,2024,nowy,,,,,,,,,,
2984,dolnośląskie,kłodzki,Nowa Ruda,gmina wiejska,0208112,2025,nowy,,,,,,,,,,
2985,dolnośląskie,kłodzki,Radków,gmina miejsko-wiejska,0208123,2018,nowy,,,,,,,,,,
2986,dolnośląskie,kłodzki,Radków,gmina miejsko-wiejska,0208123,2019,nowy,,,,,,,,,,
2987,dolnośląskie,kłodzki,Radków,gmina miejsko-wiejska,0208123,2020,nowy,,,,,,,,,,
2988,dolnośląskie,kłodzki,Radków,gmina miejsko-wiejska,0208123,2021,nowy,,,,,,,,,,
2989,dolnośląskie,kłodzki,Radków,gmina miejsko-wiejska,0208123,2022,nowy,,,,,,,,,,
2990,dolnośląskie,kłodzki,Radków,gmina miejsko-wiejska,0208123,2023,nowy,,,,,,,,,,
2991,dolnośląskie,kłodzki,Radków,gmina miejsko-wiejska,0208123,2024,nowy,,,,,,,,,,
2992,dolnośląskie,kłodzki,Radków,gmina miejsko-wiejska,0208123,2025,nowy,,,,,,,,,,
2993,dolnośląskie,kłodzki,Stronie Śląskie,gmina miejsko-wiejska,0208133,2018,nowy,,,,,,,,,,
2994,dolnośląskie,kłodzki,Stronie Śląskie,gmina miejsko-wiejska,0208133,2019,nowy,,,,,,,,,,
2995,dolnośląskie,kłodzki,Stronie Śląskie,gmina miejsko-wiejska,0208133,2020,nowy,,,,,,,,,,
2996,dolnośląskie,kłodzki,Stronie Śląskie,gmina miejsko-wiejska,0208133,2021,nowy,,,,,,,,,,
2997,dolnośląskie,kłodzki,Stronie Śląskie,gmina miejsko-wiejska,0208133,2022,nowy,,,,,,,,,,
2998,dolnośląskie,kłodzki,Stronie Śląskie,gmina miejsko-wiejska,0208133,2023,nowy,,,,,,,,,,
2999,dolnośląskie,kłodzki,Stronie Śląskie,gmina miejsko-wiejska,0208133,2024,nowy,,,,,,,,,,
3000,dolnośląskie,kłodzki,Stronie Śląskie,gmina miejsko-wiejska,0208133,2025,nowy,,,,,,,,,,
3001,dolnośląskie,kłodzki,Szczytna,gmina miejsko-wiejska,0208143,2018,nowy,,,,,,,,,,
3002,dolnośląskie,kłodzki,Szczytna,gmina miejsko-wiejska,0208143,2019,nowy,,,,,,,,,,
3003,dolnośląskie,kłodzki,Szczytna,gmina miejsko-wiejska,0208143,2020,nowy,,,,,,,,,,
3004,dolnośląskie,kłodzki,Szczytna,gmina miejsko-wiejska,0208143,2021,nowy,,,,,,,,,,
3005,dolnośląskie,kłodzki,Szczytna,gmina miejsko-wiejska,0208143,2022,nowy,,,,,,,,,,
3006,dolnośląskie,kłodzki,Szczytna,gmina miejsko-wiejska,0208143,2023,nowy,,,,,,,,,,
3007,dolnośląskie,kłodzki,Szczytna,gmina miejsko-wiejska,0208143,2024,nowy,,,,,,,,,,
3008,dolnośląskie,kłodzki,Szczytna,gmina miejsko-wiejska,0208143,2025,nowy,,,,,,,,,,
3009,dolnośląskie,legnicki,-,-,0209,2018,nowy,,,,,,,,,,
3010,dolnośląskie,legnicki,-,-,0209,2019,nowy,,,,,,,,,,
3011,dolnośląskie,legnicki,-,-,0209,2020,nowy,,,,,,,,,,
3012,dolnośląskie,legnicki,-,-,0209,2021,nowy,,,,,,,,,,
3013,dolnośląskie,legnicki,-,-,0209,2022,nowy,,,,,,,,,,
3014,dolnośląskie,legnicki,-,-,0209,2023,nowy,,,,,,,,,,
3015,dolnośląskie,legnicki,-,-,0209,2024,nowy,,,,,,,,,,
3016,dolnośląskie,legnicki,-,-,0209,2025,nowy,,,,,,,,,,
3017,dolnośląskie,legnicki,Chojnów,gmina miejska,0209011,2018,nowy,,,,,,,,,,
3018,dolnośląskie,legnicki,Chojnów,gmina miejska,0209011,2019,nowy,,,,,,,,,,
3019,dolnośląskie,legnicki,Chojnów,gmina miejska,0209011,2020,nowy,,,,,,,,,,
3020,dolnośląskie,legnicki,Chojnów,gmina miejska,0209011,2021,nowy,,,,,,,,,,
3021,dolnośląskie,legnicki,Chojnów,gmina miejska,0209011,2022,nowy,,,,,,,,,,
3022,dolnośląskie,legnicki,Chojnów,gmina miejska,0209011,2023,nowy,,,,,,,,,,
3023,dolnośląskie,legnicki,Chojnów,gmina miejska,0209011,2024,nowy,,,,,,,,,,
3024,dolnośląskie,legnicki,Chojnów,gmina miejska,0209011,2025,nowy,,,,,,,,,,
3025,dolnośląskie,legnicki,Chojnów,gmina wiejska,0209022,2018,nowy,,,,,,,,,,
3026,dolnośląskie,legnicki,Chojnów,gmina wiejska,0209022,2019,nowy,,,,,,,,,,
3027,dolnośląskie,legnicki,Chojnów,gmina wiejska,0209022,2020,nowy,,,,,,,,,,
3028,dolnośląskie,legnicki,Chojnów,gmina wiejska,0209022,2021,nowy,,,,,,,,,,
3029,dolnośląskie,legnicki,Chojnów,gmina wiejska,0209022,2022,nowy,,,,,,,,,,
3030,dolnośląskie,legnicki,Chojnów,gmina wiejska,0209022,2023,nowy,,,,,,,,,,
3031,dolnośląskie,legnicki,Chojnów,gmina wiejska,0209022,2024,nowy,,,,,,,,,,
3032,dolnośląskie,legnicki,Chojnów,gmina wiejska,0209022,2025,nowy,,,,,,,,,,
3033,dolnośląskie,legnicki,Krotoszyce,gmina wiejska,0209032,2018,nowy,,,,,,,,,,
3034,dolnośląskie,legnicki,Krotoszyce,gmina wiejska,0209032,2019,nowy,,,,,,,,,,
3035,dolnośląskie,legnicki,Krotoszyce,gmina wiejska,0209032,2020,nowy,,,,,,,,,,
3036,dolnośląskie,legnicki,Krotoszyce,gmina wiejska,0209032,2021,nowy,,,,,,,,,,
3037,dolnośląskie,legnicki,Krotoszyce,gmina wiejska,0209032,2022,nowy,,,,,,,,,,
3038,dolnośląskie,legnicki,Krotoszyce,gmina wiejska,0209032,2023,nowy,,,,,,,,,,
3039,dolnośląskie,legnicki,Krotoszyce,gmina wiejska,0209032,2024,nowy,,,,,,,,,,
3040,dolnośląskie,legnicki,Krotoszyce,gmina wiejska,0209032,2025,nowy,,,,,,,,,,
3041,dolnośląskie,legnicki,Kunice,gmina wiejska,0209042,2018,nowy,,,,,,,,,,
3042,dolnośląskie,legnicki,Kunice,gmina wiejska,0209042,2019,nowy,,,,,,,,,,
3043,dolnośląskie,legnicki,Kunice,gmina wiejska,0209042,2020,nowy,,,,,,,,,,
3044,dolnośląskie,legnicki,Kunice,gmina wiejska,0209042,2021,nowy,,,,,,,,,,
3045,dolnośląskie,legnicki,Kunice,gmina wiejska,0209042,2022,nowy,,,,,,,,,,
3046,dolnośląskie,legnicki,Kunice,gmina wiejska,0209042,2023,nowy,,,,,,,,,,
3047,dolnośląskie,legnicki,Kunice,gmina wiejska,0209042,2024,nowy,,,,,,,,,,
3048,dolnośląskie,legnicki,Kunice,gmina wiejska,0209042,2025,nowy,,,,,,,,,,
3049,dolnośląskie,legnicki,Legnickie Pole,gmina wiejska,0209052,2018,nowy,,,,,,,,,,
3050,dolnośląskie,legnicki,Legnickie Pole,gmina wiejska,0209052,2019,nowy,,,,,,,,,,
3051,dolnośląskie,legnicki,Legnickie Pole,gmina wiejska,0209052,2020,nowy,,,,,,,,,,
3052,dolnośląskie,legnicki,Legnickie Pole,gmina wiejska,0209052,2021,nowy,,,,,,,,,,
3053,dolnośląskie,legnicki,Legnickie Pole,gmina wiejska,0209052,2022,nowy,,,,,,,,,,
3054,dolnośląskie,legnicki,Legnickie Pole,gmina wiejska,0209052,2023,nowy,,,,,,,,,,
3055,dolnośląskie,legnicki,Legnickie Pole,gmina wiejska,0209052,2024,nowy,,,,,,,,,,
3056,dolnośląskie,legnicki,Legnickie Pole,gmina wiejska,0209052,2025,nowy,,,,,,,,,,
3057,dolnośląskie,legnicki,Miłkowice,gmina wiejska,0209062,2018,nowy,,,,,,,,,,
3058,dolnośląskie,legnicki,Miłkowice,gmina wiejska,0209062,2019,nowy,,,,,,,,,,
3059,dolnośląskie,legnicki,Miłkowice,gmina wiejska,0209062,2020,nowy,,,,,,,,,,
3060,dolnośląskie,legnicki,Miłkowice,gmina wiejska,0209062,2021,nowy,,,,,,,,,,
3061,dolnośląskie,legnicki,Miłkowice,gmina wiejska,0209062,2022,nowy,,,,,,,,,,
3062,dolnośląskie,legnicki,Miłkowice,gmina wiejska,0209062,2023,nowy,,,,,,,,,,
3063,dolnośląskie,legnicki,Miłkowice,gmina wiejska,0209062,2024,nowy,,,,,,,,,,
3064,dolnośląskie,legnicki,Miłkowice,gmina wiejska,0209062,2025,nowy,,,,,,,,,,
3065,dolnośląskie,legnicki,Prochowice,gmina miejsko-wiejska,0209073,2018,nowy,,,,,,,,,,
3066,dolnośląskie,legnicki,Prochowice,gmina miejsko-wiejska,0209073,2019,nowy,,,,,,,,,,
3067,dolnośląskie,legnicki,Prochowice,gmina miejsko-wiejska,0209073,2020,nowy,,,,,,,,,,
3068,dolnośląskie,legnicki,Prochowice,gmina miejsko-wiejska,0209073,2021,nowy,,,,,,,,,,
3069,dolnośląskie,legnicki,Prochowice,gmina miejsko-wiejska,0209073,2022,nowy,,,,,,,,,,
3070,dolnośląskie,legnicki,Prochowice,gmina miejsko-wiejska,0209073,2023,nowy,,,,,,,,,,
3071,dolnośląskie,legnicki,Prochowice,gmina miejsko-wiejska,0209073,2024,nowy,,,,,,,,,,
3072,dolnośląskie,legnicki,Prochowice,gmina miejsko-wiejska,0209073,2025,nowy,,,,,,,,,,
3073,dolnośląskie,legnicki,Ruja,gmina wiejska,0209082,2018,nowy,,,,,,,,,,
3074,dolnośląskie,legnicki,Ruja,gmina wiejska,0209082,2019,nowy,,,,,,,,,,
3075,dolnośląskie,legnicki,Ruja,gmina wiejska,0209082,2020,nowy,,,,,,,,,,
3076,dolnośląskie,legnicki,Ruja,gmina wiejska,0209082,2021,nowy,,,,,,,,,,
3077,dolnośląskie,legnicki,Ruja,gmina wiejska,0209082,2022,nowy,,,,,,,,,,
3078,dolnośląskie,legnicki,Ruja,gmina wiejska,0209082,2023,nowy,,,,,,,,,,
3079,dolnośląskie,legnicki,Ruja,gmina wiejska,0209082,2024,nowy,,,,,,,,,,
3080,dolnośląskie,legnicki,Ruja,gmina wiejska,0209082,2025,nowy,,,,,,,,,,
3081,dolnośląskie,lubański,-,-,0210,2018,nowy,,,,,,,,,,
3082,dolnośląskie,lubański,-,-,0210,2019,nowy,,,,,,,,,,
3083,dolnośląskie,lubański,-,-,0210,2020,nowy,,,,,,,,,,
3084,dolnośląskie,lubański,-,-,0210,2021,nowy,,,,,,,,,,
3085,dolnośląskie,lubański,-,-,0210,2022,nowy,,,,,,,,,,
3086,dolnośląskie,lubański,-,-,0210,2023,nowy,,,,,,,,,,
3087,dolnośląskie,lubański,-,-,0210,2024,nowy,,,,,,,,,,
3088,dolnośląskie,lubański,-,-,0210,2025,nowy,,,,,,,,,,
3089,dolnośląskie,lubański,Lubań,gmina miejska,0210011,2018,nowy,,,,,,,,,,
3090,dolnośląskie,lubański,Lubań,gmina miejska,0210011,2019,nowy,,,,,,,,,,
3091,dolnośląskie,lubański,Lubań,gmina miejska,0210011,2020,nowy,,,,,,,,,,
3092,dolnośląskie,lubański,Lubań,gmina miejska,0210011,2021,nowy,,,,,,,,,,
3093,dolnośląskie,lubański,Lubań,gmina miejska,0210011,2022,nowy,,,,,,,,,,
3094,dolnośląskie,lubański,Lubań,gmina miejska,0210011,2023,nowy,,,,,,,,,,
3095,dolnośląskie,lubański,Lubań,gmina miejska,0210011,2024,nowy,,,,,,,,,,
3096,dolnośląskie,lubański,Lubań,gmina miejska,0210011,2025,nowy,,,,,,,,,,
3097,dolnośląskie,lubański,Świeradów-Zdrój,gmina miejska,0210021,2018,nowy,,,,,,,,,,
3098,dolnośląskie,lubański,Świeradów-Zdrój,gmina miejska,0210021,2019,nowy,,,,,,,,,,
3099,dolnośląskie,lubański,Świeradów-Zdrój,gmina miejska,0210021,2020,nowy,,,,,,,,,,
3100,dolnośląskie,lubański,Świeradów-Zdrój,gmina miejska,0210021,2021,nowy,,,,,,,,,,
3101,dolnośląskie,lubański,Świeradów-Zdrój,gmina miejska,0210021,2022,nowy,,,,,,,,,,
3102,dolnośląskie,lubański,Świeradów-Zdrój,gmina miejska,0210021,2023,nowy,,,,,,,,,,
3103,dolnośląskie,lubański,Świeradów-Zdrój,gmina miejska,0210021,2024,nowy,,,,,,,,,,
3104,dolnośląskie,lubański,Świeradów-Zdrój,gmina miejska,0210021,2025,nowy,,,,,,,,,,
3105,dolnośląskie,lubański,Leśna,gmina miejsko-wiejska,0210033,2018,nowy,,,,,,,,,,
3106,dolnośląskie,lubański,Leśna,gmina miejsko-wiejska,0210033,2019,nowy,,,,,,,,,,
3107,dolnośląskie,lubański,Leśna,gmina miejsko-wiejska,0210033,2020,nowy,,,,,,,,,,
3108,dolnośląskie,lubański,Leśna,gmina miejsko-wiejska,0210033,2021,nowy,,,,,,,,,,
3109,dolnośląskie,lubański,Leśna,gmina miejsko-wiejska,0210033,2022,nowy,,,,,,,,,,
3110,dolnośląskie,lubański,Leśna,gmina miejsko-wiejska,0210033,2023,nowy,,,,,,,,,,
3111,dolnośląskie,lubański,Leśna,gmina miejsko-wiejska,0210033,2024,nowy,,,,,,,,,,
3112,dolnośląskie,lubański,Leśna,gmina miejsko-wiejska,0210033,2025,nowy,,,,,,,,,,
3113,dolnośląskie,lubański,Lubań,gmina wiejska,0210042,2018,nowy,,,,,,,,,,
3114,dolnośląskie,lubański,Lubań,gmina wiejska,0210042,2019,nowy,,,,,,,,,,
3115,dolnośląskie,lubański,Lubań,gmina wiejska,0210042,2020,nowy,,,,,,,,,,
3116,dolnośląskie,lubański,Lubań,gmina wiejska,0210042,2021,nowy,,,,,,,,,,
3117,dolnośląskie,lubański,Lubań,gmina wiejska,0210042,2022,nowy,,,,,,,,,,
3118,dolnośląskie,lubański,Lubań,gmina wiejska,0210042,2023,nowy,,,,,,,,,,
3119,dolnośląskie,lubański,Lubań,gmina wiejska,0210042,2024,nowy,,,,,,,,,,
3120,dolnośląskie,lubański,Lubań,gmina wiejska,0210042,2025,nowy,,,,,,,,,,
3121,dolnośląskie,lubański,Olszyna,gmina miejsko-wiejska,0210053,2018,nowy,,,,,,,,,,
3122,dolnośląskie,lubański,Olszyna,gmina miejsko-wiejska,0210053,2019,nowy,,,,,,,,,,
3123,dolnośląskie,lubański,Olszyna,gmina miejsko-wiejska,0210053,2020,nowy,,,,,,,,,,
3124,dolnośląskie,lubański,Olszyna,gmina miejsko-wiejska,0210053,2021,nowy,,,,,,,,,,
3125,dolnośląskie,lubański,Olszyna,gmina miejsko-wiejska,0210053,2022,nowy,,,,,,,,,,
3126,dolnośląskie,lubański,Olszyna,gmina miejsko-wiejska,0210053,2023,nowy,,,,,,,,,,
3127,dolnośląskie,lubański,Olszyna,gmina miejsko-wiejska,0210053,2024,nowy,,,,,,,,,,
3128,dolnośląskie,lubański,Olszyna,gmina miejsko-wiejska,0210053,2025,nowy,,,,,,,,,,
3129,dolnośląskie,lubański,Platerówka,gmina wiejska,0210062,2018,nowy,,,,,,,,,,
3130,dolnośląskie,lubański,Platerówka,gmina wiejska,0210062,2019,nowy,,,,,,,,,,
3131,dolnośląskie,lubański,Platerówka,gmina wiejska,0210062,2020,nowy,,,,,,,,,,
3132,dolnośląskie,lubański,Platerówka,gmina wiejska,0210062,2021,nowy,,,,,,,,,,
3133,dolnośląskie,lubański,Platerówka,gmina wiejska,0210062,2022,nowy,,,,,,,,,,
3134,dolnośląskie,lubański,Platerówka,gmina wiejska,0210062,2023,nowy,,,,,,,,,,
3135,dolnośląskie,lubański,Platerówka,gmina wiejska,0210062,2024,nowy,,,,,,,,,,
3136,dolnośląskie,lubański,Platerówka,gmina wiejska,0210062,2025,nowy,,,,,,,,,,
3137,dolnośląskie,lubański,Siekierczyn,gmina wiejska,0210072,2018,nowy,,,,,,,,,,
3138,dolnośląskie,lubański,Siekierczyn,gmina wiejska,0210072,2019,nowy,,,,,,,,,,
3139,dolnośląskie,lubański,Siekierczyn,gmina wiejska,0210072,2020,nowy,,,,,,,,,,
3140,dolnośląskie,lubański,Siekierczyn,gmina wiejska,0210072,2021,nowy,,,,,,,,,,
3141,dolnośląskie,lubański,Siekierczyn,gmina wiejska,0210072,2022,nowy,,,,,,,,,,
3142,dolnośląskie,lubański,Siekierczyn,gmina wiejska,0210072,2023,nowy,,,,,,,,,,
3143,dolnośląskie,lubański,Siekierczyn,gmina wiejska,0210072,2024,nowy,,,,,,,,,,
3144,dolnośląskie,lubański,Siekierczyn,gmina wiejska,0210072,2025,nowy,,,,,,,,,,
3145,dolnośląskie,lubiński,-,-,0211,2018,nowy,,,,,,,,,,
3146,dolnośląskie,lubiński,-,-,0211,2019,nowy,,,,,,,,,,
3147,dolnośląskie,lubiński,-,-,0211,2020,nowy,,,,,,,,,,
3148,dolnośląskie,lubiński,-,-,0211,2021,nowy,,,,,,,,,,
3149,dolnośląskie,lubiński,-,-,0211,2022,nowy,,,,,,,,,,
3150,dolnośląskie,lubiński,-,-,0211,2023,nowy,,,,,,,,,,
3151,dolnośląskie,lubiński,-,-,0211,2024,nowy,,,,,,,,,,
3152,dolnośląskie,lubiński,-,-,0211,2025,nowy,,,,,,,,,,
3153,dolnośląskie,lubiński,Lubin,gmina miejska,0211011,2018,nowy,,,,,,,,,,
3154,dolnośląskie,lubiński,Lubin,gmina miejska,0211011,2019,nowy,,,,,,,,,,
3155,dolnośląskie,lubiński,Lubin,gmina miejska,0211011,2020,nowy,,,,,,,,,,
3156,dolnośląskie,lubiński,Lubin,gmina miejska,0211011,2021,nowy,,,,,,,,,,
3157,dolnośląskie,lubiński,Lubin,gmina miejska,0211011,2022,nowy,,,,,,,,,,
3158,dolnośląskie,lubiński,Lubin,gmina miejska,0211011,2023,nowy,,,,,,,,,,
3159,dolnośląskie,lubiński,Lubin,gmina miejska,0211011,2024,nowy,,,,,,,,,,
3160,dolnośląskie,lubiński,Lubin,gmina miejska,0211011,2025,nowy,,,,,,,,,,
3161,dolnośląskie,lubiński,Lubin,gmina wiejska,0211022,2018,nowy,,,,,,,,,,
3162,dolnośląskie,lubiński,Lubin,gmina wiejska,0211022,2019,nowy,,,,,,,,,,
3163,dolnośląskie,lubiński,Lubin,gmina wiejska,0211022,2020,nowy,,,,,,,,,,
3164,dolnośląskie,lubiński,Lubin,gmina wiejska,0211022,2021,nowy,,,,,,,,,,
3165,dolnośląskie,lubiński,Lubin,gmina wiejska,0211022,2022,nowy,,,,,,,,,,
3166,dolnośląskie,lubiński,Lubin,gmina wiejska,0211022,2023,nowy,,,,,,,,,,
3167,dolnośląskie,lubiński,Lubin,gmina wiejska,0211022,2024,nowy,,,,,,,,,,
3168,dolnośląskie,lubiński,Lubin,gmina wiejska,0211022,2025,nowy,,,,,,,,,,
3169,dolnośląskie,lubiński,Rudna,gmina wiejska,0211032,2018,nowy,,,,,,,,,,
3170,dolnośląskie,lubiński,Rudna,gmina wiejska,0211032,2019,nowy,,,,,,,,,,
3171,dolnośląskie,lubiński,Rudna,gmina wiejska,0211032,2020,nowy,,,,,,,,,,
3172,dolnośląskie,lubiński,Rudna,gmina wiejska,0211032,2021,nowy,,,,,,,,,,
3173,dolnośląskie,lubiński,Rudna,gmina wiejska,0211032,2022,nowy,,,,,,,,,,
3174,dolnośląskie,lubiński,Rudna,gmina wiejska,0211032,2023,nowy,,,,,,,,,,
3175,dolnośląskie,lubiński,Rudna,gmina wiejska,0211032,2024,nowy,,,,,,,,,,
3176,dolnośląskie,lubiński,Rudna,gmina wiejska,0211032,2025,nowy,,,,,,,,,,
3177,dolnośląskie,lubiński,Ścinawa,gmina miejsko-wiejska,0211043,2018,nowy,,,,,,,,,,
3178,dolnośląskie,lubiński,Ścinawa,gmina miejsko-wiejska,0211043,2019,nowy,,,,,,,,,,
3179,dolnośląskie,lubiński,Ścinawa,gmina miejsko-wiejska,0211043,2020,nowy,,,,,,,,,,
3180,dolnośląskie,lubiński,Ścinawa,gmina miejsko-wiejska,0211043,2021,nowy,,,,,,,,,,
3181,dolnośląskie,lubiński,Ścinawa,gmina miejsko-wiejska,0211043,2022,nowy,,,,,,,,,,
3182,dolnośląskie,lubiński,Ścinawa,gmina miejsko-wiejska,0211043,2023,nowy,,,,,,,,,,
3183,dolnośląskie,lubiński,Ścinawa,gmina miejsko-wiejska,0211043,2024,nowy,,,,,,,,,,
3184,dolnośląskie,lubiński,Ścinawa,gmina miejsko-wiejska,0211043,2025,nowy,,,,,,,,,,
3185,dolnośląskie,lwówecki,-,-,0212,2018,nowy,,,,,,,,,,
3186,dolnośląskie,lwówecki,-,-,0212,2019,nowy,,,,,,,,,,
3187,dolnośląskie,lwówecki,-,-,0212,2020,nowy,,,,,,,,,,
3188,dolnośląskie,lwówecki,-,-,0212,2021,nowy,,,,,,,,,,
3189,dolnośląskie,lwówecki,-,-,0212,2022,nowy,,,,,,,,,,
3190,dolnośląskie,lwówecki,-,-,0212,2023,nowy,,,,,,,,,,
3191,dolnośląskie,lwówecki,-,-,0212,2024,nowy,,,,,,,,,,
3192,dolnośląskie,lwówecki,-,-,0212,2025,nowy,,,,,,,,,,
3193,dolnośląskie,lwówecki,Gryfów Śląski,gmina miejsko-wiejska,0212013,2018,nowy,,,,,,,,,,
3194,dolnośląskie,lwówecki,Gryfów Śląski,gmina miejsko-wiejska,0212013,2019,nowy,,,,,,,,,,
3195,dolnośląskie,lwówecki,Gryfów Śląski,gmina miejsko-wiejska,0212013,2020,nowy,,,,,,,,,,
3196,dolnośląskie,lwówecki,Gryfów Śląski,gmina miejsko-wiejska,0212013,2021,nowy,,,,,,,,,,
3197,dolnośląskie,lwówecki,Gryfów Śląski,gmina miejsko-wiejska,0212013,2022,nowy,,,,,,,,,,
3198,dolnośląskie,lwówecki,Gryfów Śląski,gmina miejsko-wiejska,0212013,2023,nowy,,,,,,,,,,
3199,dolnośląskie,lwówecki,Gryfów Śląski,gmina miejsko-wiejska,0212013,2024,nowy,,,,,,,,,,
3200,dolnośląskie,lwówecki,Gryfów Śląski,gmina miejsko-wiejska,0212013,2025,nowy,,,,,,,,,,
3201,dolnośląskie,lwówecki,Lubomierz,gmina miejsko-wiejska,0212023,2018,nowy,,,,,,,,,,
3202,dolnośląskie,lwówecki,Lubomierz,gmina miejsko-wiejska,0212023,2019,nowy,,,,,,,,,,
3203,dolnośląskie,lwówecki,Lubomierz,gmina miejsko-wiejska,0212023,2020,nowy,,,,,,,,,,
3204,dolnośląskie,lwówecki,Lubomierz,gmina miejsko-wiejska,0212023,2021,nowy,,,,,,,,,,
3205,dolnośląskie,lwówecki,Lubomierz,gmina miejsko-wiejska,0212023,2022,nowy,,,,,,,,,,
3206,dolnośląskie,lwówecki,Lubomierz,gmina miejsko-wiejska,0212023,2023,nowy,,,,,,,,,,
3207,dolnośląskie,lwówecki,Lubomierz,gmina miejsko-wiejska,0212023,2024,nowy,,,,,,,,,,
3208,dolnośląskie,lwówecki,Lubomierz,gmina miejsko-wiejska,0212023,2025,nowy,,,,,,,,,,
3209,dolnośląskie,lwówecki,Lwówek Śląski,gmina miejsko-wiejska,0212033,2018,nowy,,,,,,,,,,
3210,dolnośląskie,lwówecki,Lwówek Śląski,gmina miejsko-wiejska,0212033,2019,nowy,,,,,,,,,,
3211,dolnośląskie,lwówecki,Lwówek Śląski,gmina miejsko-wiejska,0212033,2020,nowy,,,,,,,,,,
3212,dolnośląskie,lwówecki,Lwówek Śląski,gmina miejsko-wiejska,0212033,2021,nowy,,,,,,,,,,
3213,dolnośląskie,lwówecki,Lwówek Śląski,gmina miejsko-wiejska,0212033,2022,nowy,,,,,,,,,,
3214,dolnośląskie,lwówecki,Lwówek Śląski,gmina miejsko-wiejska,0212033,2023,nowy,,,,,,,,,,
3215,dolnośląskie,lwówecki,Lwówek Śląski,gmina miejsko-wiejska,0212033,2024,nowy,,,,,,,,,,
3216,dolnośląskie,lwówecki,Lwówek Śląski,gmina miejsko-wiejska,0212033,2025,nowy,,,,,,,,,,
3217,dolnośląskie,lwówecki,Mirsk,gmina miejsko-wiejska,0212043,2018,nowy,,,,,,,,,,
3218,dolnośląskie,lwówecki,Mirsk,gmina miejsko-wiejska,0212043,2019,nowy,,,,,,,,,,
3219,dolnośląskie,lwówecki,Mirsk,gmina miejsko-wiejska,0212043,2020,nowy,,,,,,,,,,
3220,dolnośląskie,lwówecki,Mirsk,gmina miejsko-wiejska,0212043,2021,nowy,,,,,,,,,,
3221,dolnośląskie,lwówecki,Mirsk,gmina miejsko-wiejska,0212043,2022,nowy,,,,,,,,,,
3222,dolnośląskie,lwówecki,Mirsk,gmina miejsko-wiejska,0212043,2023,nowy,,,,,,,,,,
3223,dolnośląskie,lwówecki,Mirsk,gmina miejsko-wiejska,0212043,2024,nowy,,,,,,,,,,
3224,dolnośląskie,lwówecki,Mirsk,gmina miejsko-wiejska,0212043,2025,nowy,,,,,,,,,,
3225,dolnośląskie,lwówecki,Wleń,gmina miejsko-wiejska,0212053,2018,nowy,,,,,,,,,,
3226,dolnośląskie,lwówecki,Wleń,gmina miejsko-wiejska,0212053,2019,nowy,,,,,,,,,,
3227,dolnośląskie,lwówecki,Wleń,gmina miejsko-wiejska,0212053,2020,nowy,,,,,,,,,,
3228,dolnośląskie,lwówecki,Wleń,gmina miejsko-wiejska,0212053,2021,nowy,,,,,,,,,,
3229,dolnośląskie,lwówecki,Wleń,gmina miejsko-wiejska,0212053,2022,nowy,,,,,,,,,,
3230,dolnośląskie,lwówecki,Wleń,gmina miejsko-wiejska,0212053,2023,nowy,,,,,,,,,,
3231,dolnośląskie,lwówecki,Wleń,gmina miejsko-wiejska,0212053,2024,nowy,,,,,,,,,,
3232,dolnośląskie,lwówecki,Wleń,gmina miejsko-wiejska,0212053,2025,nowy,,,,,,,,,,
3233,dolnośląskie,milicki,-,-,0213,2018,nowy,,,,,,,,,,
3234,dolnośląskie,milicki,-,-,0213,2019,nowy,,,,,,,,,,
3235,dolnośląskie,milicki,-,-,0213,2020,nowy,,,,,,,,,,
3236,dolnośląskie,milicki,-,-,0213,2021,nowy,,,,,,,,,,
3237,dolnośląskie,milicki,-,-,0213,2022,nowy,,,,,,,,,,
3238,dolnośląskie,milicki,-,-,0213,2023,nowy,,,,,,,,,,
3239,dolnośląskie,milicki,-,-,0213,2024,nowy,,,,,,,,,,
3240,dolnośląskie,milicki,-,-,0213,2025,nowy,,,,,,,,,,
3241,dolnośląskie,milicki,Cieszków,gmina wiejska,0213012,2018,nowy,,,,,,,,,,
3242,dolnośląskie,milicki,Cieszków,gmina wiejska,0213012,2019,nowy,,,,,,,,,,
3243,dolnośląskie,milicki,Cieszków,gmina wiejska,0213012,2020,nowy,,,,,,,,,,
3244,dolnośląskie,milicki,Cieszków,gmina wiejska,0213012,2021,nowy,,,,,,,,,,
3245,dolnośląskie,milicki,Cieszków,gmina wiejska,0213012,2022,nowy,,,,,,,,,,
3246,dolnośląskie,milicki,Cieszków,gmina wiejska,0213012,2023,nowy,,,,,,,,,,
3247,dolnośląskie,milicki,Cieszków,gmina wiejska,0213012,2024,nowy,,,,,,,,,,
3248,dolnośląskie,milicki,Cieszków,gmina wiejska,0213012,2025,nowy,,,,,,,,,,
3249,dolnośląskie,milicki,Krośnice,gmina wiejska,0213022,2018,nowy,,,,,,,,,,
3250,dolnośląskie,milicki,Krośnice,gmina wiejska,0213022,2019,nowy,,,,,,,,,,
3251,dolnośląskie,milicki,Krośnice,gmina wiejska,0213022,2020,nowy,,,,,,,,,,
3252,dolnośląskie,milicki,Krośnice,gmina wiejska,0213022,2021,nowy,,,,,,,,,,
3253,dolnośląskie,milicki,Krośnice,gmina wiejska,0213022,2022,nowy,,,,,,,,,,
3254,dolnośląskie,milicki,Krośnice,gmina wiejska,0213022,2023,nowy,,,,,,,,,,
3255,dolnośląskie,milicki,Krośnice,gmina wiejska,0213022,2024,nowy,,,,,,,,,,
3256,dolnośląskie,milicki,Krośnice,gmina wiejska,0213022,2025,nowy,,,,,,,,,,
3257,dolnośląskie,milicki,Milicz,gmina miejsko-wiejska,0213033,2018,nowy,,,,,,,,,,
3258,dolnośląskie,milicki,Milicz,gmina miejsko-wiejska,0213033,2019,nowy,,,,,,,,,,
3259,dolnośląskie,milicki,Milicz,gmina miejsko-wiejska,0213033,2020,nowy,,,,,,,,,,
3260,dolnośląskie,milicki,Milicz,gmina miejsko-wiejska,0213033,2021,nowy,,,,,,,,,,
3261,dolnośląskie,milicki,Milicz,gmina miejsko-wiejska,0213033,2022,nowy,,,,,,,,,,
3262,dolnośląskie,milicki,Milicz,gmina miejsko-wiejska,0213033,2023,nowy,,,,,,,,,,
3263,dolnośląskie,milicki,Milicz,gmina miejsko-wiejska,0213033,2024,nowy,,,,,,,,,,
3264,dolnośląskie,milicki,Milicz,gmina miejsko-wiejska,0213033,2025,nowy,,,,,,,,,,
3265,dolnośląskie,oleśnicki,-,-,0214,2018,nowy,,,,,,,,,,
3266,dolnośląskie,oleśnicki,-,-,0214,2019,nowy,,,,,,,,,,
3267,dolnośląskie,oleśnicki,-,-,0214,2020,nowy,,,,,,,,,,
3268,dolnośląskie,oleśnicki,-,-,0214,2021,nowy,,,,,,,,,,
3269,dolnośląskie,oleśnicki,-,-,0214,2022,nowy,,,,,,,,,,
3270,dolnośląskie,oleśnicki,-,-,0214,2023,nowy,,,,,,,,,,
3271,dolnośląskie,oleśnicki,-,-,0214,2024,nowy,,,,,,,,,,
3272,dolnośląskie,oleśnicki,-,-,0214,2025,nowy,,,,,,,,,,
3273,dolnośląskie,oleśnicki,Oleśnica,gmina miejska,0214011,2018,nowy,,,,,,,,,,
3274,dolnośląskie,oleśnicki,Oleśnica,gmina miejska,0214011,2019,nowy,,,,,,,,,,
3275,dolnośląskie,oleśnicki,Oleśnica,gmina miejska,0214011,2020,nowy,,,,,,,,,,
3276,dolnośląskie,oleśnicki,Oleśnica,gmina miejska,0214011,2021,nowy,,,,,,,,,,
3277,dolnośląskie,oleśnicki,Oleśnica,gmina miejska,0214011,2022,nowy,,,,,,,,,,
3278,dolnośląskie,oleśnicki,Oleśnica,gmina miejska,0214011,2023,nowy,,,,,,,,,,
3279,dolnośląskie,oleśnicki,Oleśnica,gmina miejska,0214011,2024,nowy,,,,,,,,,,
3280,dolnośląskie,oleśnicki,Oleśnica,gmina miejska,0214011,2025,nowy,,,,,,,,,,
3281,dolnośląskie,oleśnicki,Bierutów,gmina miejsko-wiejska,0214023,2018,nowy,,,,,,,,,,
3282,dolnośląskie,oleśnicki,Bierutów,gmina miejsko-wiejska,0214023,2019,nowy,,,,,,,,,,
3283,dolnośląskie,oleśnicki,Bierutów,gmina miejsko-wiejska,0214023,2020,nowy,,,,,,,,,,
3284,dolnośląskie,oleśnicki,Bierutów,gmina miejsko-wiejska,0214023,2021,nowy,,,,,,,,,,
3285,dolnośląskie,oleśnicki,Bierutów,gmina miejsko-wiejska,0214023,2022,nowy,,,,,,,,,,
3286,dolnośląskie,oleśnicki,Bierutów,gmina miejsko-wiejska,0214023,2023,nowy,,,,,,,,,,
3287,dolnośląskie,oleśnicki,Bierutów,gmina miejsko-wiejska,0214023,2024,nowy,,,,,,,,,,
3288,dolnośląskie,oleśnicki,Bierutów,gmina miejsko-wiejska,0214023,2025,nowy,,,,,,,,,,
3289,dolnośląskie,oleśnicki,Dobroszyce,gmina wiejska,0214032,2018,nowy,,,,,,,,,,
3290,dolnośląskie,oleśnicki,Dobroszyce,gmina wiejska,0214032,2019,nowy,,,,,,,,,,
3291,dolnośląskie,oleśnicki,Dobroszyce,gmina wiejska,0214032,2020,nowy,,,,,,,,,,
3292,dolnośląskie,oleśnicki,Dobroszyce,gmina wiejska,0214032,2021,nowy,,,,,,,,,,
3293,dolnośląskie,oleśnicki,Dobroszyce,gmina wiejska,0214032,2022,nowy,,,,,,,,,,
3294,dolnośląskie,oleśnicki,Dobroszyce,gmina wiejska,0214032,2023,nowy,,,,,,,,,,
3295,dolnośląskie,oleśnicki,Dobroszyce,gmina wiejska,0214032,2024,nowy,,,,,,,,,,
3296,dolnośląskie,oleśnicki,Dobroszyce,gmina wiejska,0214032,2025,nowy,,,,,,,,,,
3297,dolnośląskie,oleśnicki,Dziadowa Kłoda,gmina wiejska,0214042,2018,nowy,,,,,,,,,,
3298,dolnośląskie,oleśnicki,Dziadowa Kłoda,gmina wiejska,0214042,2019,nowy,,,,,,,,,,
3299,dolnośląskie,oleśnicki,Dziadowa Kłoda,gmina wiejska,0214042,2020,nowy,,,,,,,,,,
3300,dolnośląskie,oleśnicki,Dziadowa Kłoda,gmina wiejska,0214042,2021,nowy,,,,,,,,,,
3301,dolnośląskie,oleśnicki,Dziadowa Kłoda,gmina wiejska,0214042,2022,nowy,,,,,,,,,,
3302,dolnośląskie,oleśnicki,Dziadowa Kłoda,gmina wiejska,0214042,2023,nowy,,,,,,,,,,
3303,dolnośląskie,oleśnicki,Dziadowa Kłoda,gmina wiejska,0214042,2024,nowy,,,,,,,,,,
3304,dolnośląskie,oleśnicki,Dziadowa Kłoda,gmina wiejska,0214042,2025,nowy,,,,,,,,,,
3305,dolnośląskie,oleśnicki,Międzybórz,gmina miejsko-wiejska,0214053,2018,nowy,,,,,,,,,,
3306,dolnośląskie,oleśnicki,Międzybórz,gmina miejsko-wiejska,0214053,2019,nowy,,,,,,,,,,
3307,dolnośląskie,oleśnicki,Międzybórz,gmina miejsko-wiejska,0214053,2020,nowy,,,,,,,,,,
3308,dolnośląskie,oleśnicki,Międzybórz,gmina miejsko-wiejska,0214053,2021,nowy,,,,,,,,,,
3309,dolnośląskie,oleśnicki,Międzybórz,gmina miejsko-wiejska,0214053,2022,nowy,,,,,,,,,,
3310,dolnośląskie,oleśnicki,Międzybórz,gmina miejsko-wiejska,0214053,2023,nowy,,,,,,,,,,
3311,dolnośląskie,oleśnicki,Międzybórz,gmina miejsko-wiejska,0214053,2024,nowy,,,,,,,,,,
3312,dolnośląskie,oleśnicki,Międzybórz,gmina miejsko-wiejska,0214053,2025,nowy,,,,,,,,,,
3313,dolnośląskie,oleśnicki,Oleśnica,gmina wiejska,0214062,2018,nowy,,,,,,,,,,
3314,dolnośląskie,oleśnicki,Oleśnica,gmina wiejska,0214062,2019,nowy,,,,,,,,,,
3315,dolnośląskie,oleśnicki,Oleśnica,gmina wiejska,0214062,2020,nowy,,,,,,,,,,
3316,dolnośląskie,oleśnicki,Oleśnica,gmina wiejska,0214062,2021,nowy,,,,,,,,,,
3317,dolnośląskie,oleśnicki,Oleśnica,gmina wiejska,0214062,2022,nowy,,,,,,,,,,
3318,dolnośląskie,oleśnicki,Oleśnica,gmina wiejska,0214062,2023,nowy,,,,,,,,,,
3319,dolnośląskie,oleśnicki,Oleśnica,gmina wiejska,0214062,2024,nowy,,,,,,,,,,
3320,dolnośląskie,oleśnicki,Oleśnica,gmina wiejska,0214062,2025,nowy,,,,,,,,,,
3321,dolnośląskie,oleśnicki,Syców,gmina miejsko-wiejska,0214073,2018,nowy,,,,,,,,,,
3322,dolnośląskie,oleśnicki,Syców,gmina miejsko-wiejska,0214073,2019,nowy,,,,,,,,,,
3323,dolnośląskie,oleśnicki,Syców,gmina miejsko-wiejska,0214073,2020,nowy,,,,,,,,,,
3324,dolnośląskie,oleśnicki,Syców,gmina miejsko-wiejska,0214073,2021,nowy,,,,,,,,,,
3325,dolnośląskie,oleśnicki,Syców,gmina miejsko-wiejska,0214073,2022,nowy,,,,,,,,,,
3326,dolnośląskie,oleśnicki,Syców,gmina miejsko-wiejska,0214073,2023,nowy,,,,,,,,,,
3327,dolnośląskie,oleśnicki,Syców,gmina miejsko-wiejska,0214073,2024,nowy,,,,,,,,,,
3328,dolnośląskie,oleśnicki,Syców,gmina miejsko-wiejska,0214073,2025,nowy,,,,,,,,,,
3329,dolnośląskie,oleśnicki,Twardogóra,gmina miejsko-wiejska,0214083,2018,nowy,,,,,,,,,,
3330,dolnośląskie,oleśnicki,Twardogóra,gmina miejsko-wiejska,0214083,2019,nowy,,,,,,,,,,
3331,dolnośląskie,oleśnicki,Twardogóra,gmina miejsko-wiejska,0214083,2020,nowy,,,,,,,,,,
3332,dolnośląskie,oleśnicki,Twardogóra,gmina miejsko-wiejska,0214083,2021,nowy,,,,,,,,,,
3333,dolnośląskie,oleśnicki,Twardogóra,gmina miejsko-wiejska,0214083,2022,nowy,,,,,,,,,,
3334,dolnośląskie,oleśnicki,Twardogóra,gmina miejsko-wiejska,0214083,2023,nowy,,,,,,,,,,
3335,dolnośląskie,oleśnicki,Twardogóra,gmina miejsko-wiejska,0214083,2024,nowy,,,,,,,,,,
3336,dolnośląskie,oleśnicki,Twardogóra,gmina miejsko-wiejska,0214083,2025,nowy,,,,,,,,,,
3337,dolnośląskie,oławski,-,-,0215,2018,nowy,,,,,,,,,,
3338,dolnośląskie,oławski,-,-,0215,2019,nowy,,,,,,,,,,
3339,dolnośląskie,oławski,-,-,0215,2020,nowy,,,,,,,,,,
3340,dolnośląskie,oławski,-,-,0215,2021,nowy,,,,,,,,,,
3341,dolnośląskie,oławski,-,-,0215,2022,nowy,,,,,,,,,,
3342,dolnośląskie,oławski,-,-,0215,2023,nowy,,,,,,,,,,
3343,dolnośląskie,oławski,-,-,0215,2024,nowy,,,,,,,,,,
3344,dolnośląskie,oławski,-,-,0215,2025,nowy,,,,,,,,,,
3345,dolnośląskie,oławski,Oława,gmina miejska,0215011,2018,nowy,,,,,,,,,,
3346,dolnośląskie,oławski,Oława,gmina miejska,0215011,2019,nowy,,,,,,,,,,
3347,dolnośląskie,oławski,Oława,gmina miejska,0215011,2020,nowy,,,,,,,,,,
3348,dolnośląskie,oławski,Oława,gmina miejska,0215011,2021,nowy,,,,,,,,,,
3349,dolnośląskie,oławski,Oława,gmina miejska,0215011,2022,nowy,,,,,,,,,,
3350,dolnośląskie,oławski,Oława,gmina miejska,0215011,2023,nowy,,,,,,,,,,
3351,dolnośląskie,oławski,Oława,gmina miejska,0215011,2024,nowy,,,,,,,,,,
3352,dolnośląskie,oławski,Oława,gmina miejska,0215011,2025,nowy,,,,,,,,,,
3353,dolnośląskie,oławski,Domaniów,gmina wiejska,0215022,2018,nowy,,,,,,,,,,
3354,dolnośląskie,oławski,Domaniów,gmina wiejska,0215022,2019,nowy,,,,,,,,,,
3355,dolnośląskie,oławski,Domaniów,gmina wiejska,0215022,2020,nowy,,,,,,,,,,
3356,dolnośląskie,oławski,Domaniów,gmina wiejska,0215022,2021,nowy,,,,,,,,,,
3357,dolnośląskie,oławski,Domaniów,gmina wiejska,0215022,2022,nowy,,,,,,,,,,
3358,dolnośląskie,oławski,Domaniów,gmina wiejska,0215022,2023,nowy,,,,,,,,,,
3359,dolnośląskie,oławski,Domaniów,gmina wiejska,0215022,2024,nowy,,,,,,,,,,
3360,dolnośląskie,oławski,Domaniów,gmina wiejska,0215022,2025,nowy,,,,,,,,,,
3361,dolnośląskie,oławski,Jelcz-Laskowice,gmina miejsko-wiejska,0215033,2018,nowy,,,,,,,,,,
3362,dolnośląskie,oławski,Jelcz-Laskowice,gmina miejsko-wiejska,0215033,2019,nowy,,,,,,,,,,
3363,dolnośląskie,oławski,Jelcz-Laskowice,gmina miejsko-wiejska,0215033,2020,nowy,,,,,,,,,,
3364,dolnośląskie,oławski,Jelcz-Laskowice,gmina miejsko-wiejska,0215033,2021,nowy,,,,,,,,,,
3365,dolnośląskie,oławski,Jelcz-Laskowice,gmina miejsko-wiejska,0215033,2022,nowy,,,,,,,,,,
3366,dolnośląskie,oławski,Jelcz-Laskowice,gmina miejsko-wiejska,0215033,2023,nowy,,,,,,,,,,
3367,dolnośląskie,oławski,Jelcz-Laskowice,gmina miejsko-wiejska,0215033,2024,nowy,,,,,,,,,,
3368,dolnośląskie,oławski,Jelcz-Laskowice,gmina miejsko-wiejska,0215033,2025,nowy,,,,,,,,,,
3369,dolnośląskie,oławski,Oława,gmina wiejska,0215042,2018,nowy,,,,,,,,,,
3370,dolnośląskie,oławski,Oława,gmina wiejska,0215042,2019,nowy,,,,,,,,,,
3371,dolnośląskie,oławski,Oława,gmina wiejska,0215042,2020,nowy,,,,,,,,,,
3372,dolnośląskie,oławski,Oława,gmina wiejska,0215042,2021,nowy,,,,,,,,,,
3373,dolnośląskie,oławski,Oława,gmina wiejska,0215042,2022,nowy,,,,,,,,,,
3374,dolnośląskie,oławski,Oława,gmina wiejska,0215042,2023,nowy,,,,,,,,,,
3375,dolnośląskie,oławski,Oława,gmina wiejska,0215042,2024,nowy,,,,,,,,,,
3376,dolnośląskie,oławski,Oława,gmina wiejska,0215042,2025,nowy,,,,,,,,,,
3377,dolnośląskie,polkowicki,-,-,0216,2018,nowy,,,,,,,,,,
3378,dolnośląskie,polkowicki,-,-,0216,2019,nowy,,,,,,,,,,
3379,dolnośląskie,polkowicki,-,-,0216,2020,nowy,,,,,,,,,,
3380,dolnośląskie,polkowicki,-,-,0216,2021,nowy,,,,,,,,,,
3381,dolnośląskie,polkowicki,-,-,0216,2022,nowy,,,,,,,,,,
3382,dolnośląskie,polkowicki,-,-,0216,2023,nowy,,,,,,,,,,
3383,dolnośląskie,polkowicki,-,-,0216,2024,nowy,,,,,,,,,,
3384,dolnośląskie,polkowicki,-,-,0216,2025,nowy,,,,,,,,,,
3385,dolnośląskie,polkowicki,Chocianów,gmina miejsko-wiejska,0216013,2018,nowy,,,,,,,,,,
3386,dolnośląskie,polkowicki,Chocianów,gmina miejsko-wiejska,0216013,2019,nowy,,,,,,,,,,
3387,dolnośląskie,polkowicki,Chocianów,gmina miejsko-wiejska,0216013,2020,nowy,,,,,,,,,,
3388,dolnośląskie,polkowicki,Chocianów,gmina miejsko-wiejska,0216013,2021,nowy,,,,,,,,,,
3389,dolnośląskie,polkowicki,Chocianów,gmina miejsko-wiejska,0216013,2022,nowy,,,,,,,,,,
3390,dolnośląskie,polkowicki,Chocianów,gmina miejsko-wiejska,0216013,2023,nowy,,,,,,,,,,
3391,dolnośląskie,polkowicki,Chocianów,gmina miejsko-wiejska,0216013,2024,nowy,,,,,,,,,,
3392,dolnośląskie,polkowicki,Chocianów,gmina miejsko-wiejska,0216013,2025,nowy,,,,,,,,,,
3393,dolnośląskie,polkowicki,Gaworzyce,gmina wiejska,0216022,2018,nowy,,,,,,,,,,
3394,dolnośląskie,polkowicki,Gaworzyce,gmina wiejska,0216022,2019,nowy,,,,,,,,,,
3395,dolnośląskie,polkowicki,Gaworzyce,gmina wiejska,0216022,2020,nowy,,,,,,,,,,
3396,dolnośląskie,polkowicki,Gaworzyce,gmina wiejska,0216022,2021,nowy,,,,,,,,,,
3397,dolnośląskie,polkowicki,Gaworzyce,gmina wiejska,0216022,2022,nowy,,,,,,,,,,
3398,dolnośląskie,polkowicki,Gaworzyce,gmina wiejska,0216022,2023,nowy,,,,,,,,,,
3399,dolnośląskie,polkowicki,Gaworzyce,gmina wiejska,0216022,2024,nowy,,,,,,,,,,
3400,dolnośląskie,polkowicki,Gaworzyce,gmina wiejska,0216022,2025,nowy,,,,,,,,,,
3401,dolnośląskie,polkowicki,Grębocice,gmina wiejska,0216032,2018,nowy,,,,,,,,,,
3402,dolnośląskie,polkowicki,Grębocice,gmina wiejska,0216032,2019,nowy,,,,,,,,,,
3403,dolnośląskie,polkowicki,Grębocice,gmina wiejska,0216032,2020,nowy,,,,,,,,,,
3404,dolnośląskie,polkowicki,Grębocice,gmina wiejska,0216032,2021,nowy,,,,,,,,,,
3405,dolnośląskie,polkowicki,Grębocice,gmina wiejska,0216032,2022,nowy,,,,,,,,,,
3406,dolnośląskie,polkowicki,Grębocice,gmina wiejska,0216032,2023,nowy,,,,,,,,,,
3407,dolnośląskie,polkowicki,Grębocice,gmina wiejska,0216032,2024,nowy,,,,,,,,,,
3408,dolnośląskie,polkowicki,Grębocice,gmina wiejska,0216032,2025,nowy,,,,,,,,,,
3409,dolnośląskie,polkowicki,Polkowice,gmina miejsko-wiejska,0216043,2018,nowy,,,,,,,,,,
3410,dolnośląskie,polkowicki,Polkowice,gmina miejsko-wiejska,0216043,2019,nowy,,,,,,,,,,
3411,dolnośląskie,polkowicki,Polkowice,gmina miejsko-wiejska,0216043,2020,nowy,,,,,,,,,,
3412,dolnośląskie,polkowicki,Polkowice,gmina miejsko-wiejska,0216043,2021,nowy,,,,,,,,,,
3413,dolnośląskie,polkowicki,Polkowice,gmina miejsko-wiejska,0216043,2022,nowy,,,,,,,,,,
3414,dolnośląskie,polkowicki,Polkowice,gmina miejsko-wiejska,0216043,2023,nowy,,,,,,,,,,
3415,dolnośląskie,polkowicki,Polkowice,gmina miejsko-wiejska,0216043,2024,nowy,,,,,,,,,,
3416,dolnośląskie,polkowicki,Polkowice,gmina miejsko-wiejska,0216043,2025,nowy,,,,,,,,,,
3417,dolnośląskie,polkowicki,Przemków,gmina miejsko-wiejska,0216053,2018,nowy,,,,,,,,,,
3418,dolnośląskie,polkowicki,Przemków,gmina miejsko-wiejska,0216053,2019,nowy,,,,,,,,,,
3419,dolnośląskie,polkowicki,Przemków,gmina miejsko-wiejska,0216053,2020,nowy,,,,,,,,,,
3420,dolnośląskie,polkowicki,Przemków,gmina miejsko-wiejska,0216053,2021,nowy,,,,,,,,,,
3421,dolnośląskie,polkowicki,Przemków,gmina miejsko-wiejska,0216053,2022,nowy,,,,,,,,,,
3422,dolnośląskie,polkowicki,Przemków,gmina miejsko-wiejska,0216053,2023,nowy,,,,,,,,,,
3423,dolnośląskie,polkowicki,Przemków,gmina miejsko-wiejska,0216053,2024,nowy,,,,,,,,,,
3424,dolnośląskie,polkowicki,Przemków,gmina miejsko-wiejska,0216053,2025,nowy,,,,,,,,,,
3425,dolnośląskie,polkowicki,Radwanice,gmina wiejska,0216062,2018,nowy,,,,,,,,,,
3426,dolnośląskie,polkowicki,Radwanice,gmina wiejska,0216062,2019,nowy,,,,,,,,,,
3427,dolnośląskie,polkowicki,Radwanice,gmina wiejska,0216062,2020,nowy,,,,,,,,,,
3428,dolnośląskie,polkowicki,Radwanice,gmina wiejska,0216062,2021,nowy,,,,,,,,,,
3429,dolnośląskie,polkowicki,Radwanice,gmina wiejska,0216062,2022,nowy,,,,,,,,,,
3430,dolnośląskie,polkowicki,Radwanice,gmina wiejska,0216062,2023,nowy,,,,,,,,,,
3431,dolnośląskie,polkowicki,Radwanice,gmina wiejska,0216062,2024,nowy,,,,,,,,,,
3432,dolnośląskie,polkowicki,Radwanice,gmina wiejska,0216062,2025,nowy,,,,,,,,,,
3433,dolnośląskie,strzeliński,-,-,0217,2018,nowy,,,,,,,,,,
3434,dolnośląskie,strzeliński,-,-,0217,2019,nowy,,,,,,,,,,
3435,dolnośląskie,strzeliński,-,-,0217,2020,nowy,,,,,,,,,,
3436,dolnośląskie,strzeliński,-,-,0217,2021,nowy,,,,,,,,,,
3437,dolnośląskie,strzeliński,-,-,0217,2022,nowy,,,,,,,,,,
3438,dolnośląskie,strzeliński,-,-,0217,2023,nowy,,,,,,,,,,
3439,dolnośląskie,strzeliński,-,-,0217,2024,nowy,,,,,,,,,,
3440,dolnośląskie,strzeliński,-,-,0217,2025,nowy,,,,,,,,,,
3441,dolnośląskie,strzeliński,Borów,gmina wiejska,0217012,2018,nowy,,,,,,,,,,
3442,dolnośląskie,strzeliński,Borów,gmina wiejska,0217012,2019,nowy,,,,,,,,,,
3443,dolnośląskie,strzeliński,Borów,gmina wiejska,0217012,2020,nowy,,,,,,,,,,
3444,dolnośląskie,strzeliński,Borów,gmina wiejska,0217012,2021,nowy,,,,,,,,,,
3445,dolnośląskie,strzeliński,Borów,gmina wiejska,0217012,2022,nowy,,,,,,,,,,
3446,dolnośląskie,strzeliński,Borów,gmina wiejska,0217012,2023,nowy,,,,,,,,,,
3447,dolnośląskie,strzeliński,Borów,gmina wiejska,0217012,2024,nowy,,,,,,,,,,
3448,dolnośląskie,strzeliński,Borów,gmina wiejska,0217012,2025,nowy,,,,,,,,,,
3449,dolnośląskie,strzeliński,Kondratowice,gmina wiejska,0217022,2018,nowy,,,,,,,,,,
3450,dolnośląskie,strzeliński,Kondratowice,gmina wiejska,0217022,2019,nowy,,,,,,,,,,
3451,dolnośląskie,strzeliński,Kondratowice,gmina wiejska,0217022,2020,nowy,,,,,,,,,,
3452,dolnośląskie,strzeliński,Kondratowice,gmina wiejska,0217022,2021,nowy,,,,,,,,,,
3453,dolnośląskie,strzeliński,Kondratowice,gmina wiejska,0217022,2022,nowy,,,,,,,,,,
3454,dolnośląskie,strzeliński,Kondratowice,gmina wiejska,0217022,2023,nowy,,,,,,,,,,
3455,dolnośląskie,strzeliński,Kondratowice,gmina wiejska,0217022,2024,nowy,,,,,,,,,,
3456,dolnośląskie,strzeliński,Kondratowice,gmina wiejska,0217022,2025,nowy,,,,,,,,,,
3457,dolnośląskie,strzeliński,Przeworno,gmina wiejska,0217032,2018,nowy,,,,,,,,,,
3458,dolnośląskie,strzeliński,Przeworno,gmina wiejska,0217032,2019,nowy,,,,,,,,,,
3459,dolnośląskie,strzeliński,Przeworno,gmina wiejska,0217032,2020,nowy,,,,,,,,,,
3460,dolnośląskie,strzeliński,Przeworno,gmina wiejska,0217032,2021,nowy,,,,,,,,,,
3461,dolnośląskie,strzeliński,Przeworno,gmina wiejska,0217032,2022,nowy,,,,,,,,,,
3462,dolnośląskie,strzeliński,Przeworno,gmina wiejska,0217032,2023,nowy,,,,,,,,,,
3463,dolnośląskie,strzeliński,Przeworno,gmina wiejska,0217032,2024,nowy,,,,,,,,,,
3464,dolnośląskie,strzeliński,Przeworno,gmina wiejska,0217032,2025,nowy,,,,,,,,,,
3465,dolnośląskie,strzeliński,Strzelin,gmina miejsko-wiejska,0217043,2018,nowy,,,,,,,,,,
3466,dolnośląskie,strzeliński,Strzelin,gmina miejsko-wiejska,0217043,2019,nowy,,,,,,,,,,
3467,dolnośląskie,strzeliński,Strzelin,gmina miejsko-wiejska,0217043,2020,nowy,,,,,,,,,,
3468,dolnośląskie,strzeliński,Strzelin,gmina miejsko-wiejska,0217043,2021,nowy,,,,,,,,,,
3469,dolnośląskie,strzeliński,Strzelin,gmina miejsko-wiejska,0217043,2022,nowy,,,,,,,,,,
3470,dolnośląskie,strzeliński,Strzelin,gmina miejsko-wiejska,0217043,2023,nowy,,,,,,,,,,
3471,dolnośląskie,strzeliński,Strzelin,gmina miejsko-wiejska,0217043,2024,nowy,,,,,,,,,,
3472,dolnośląskie,strzeliński,Strzelin,gmina miejsko-wiejska,0217043,2025,nowy,,,,,,,,,,
3473,dolnośląskie,strzeliński,Wiązów,gmina miejsko-wiejska,0217053,2018,nowy,,,,,,,,,,
3474,dolnośląskie,strzeliński,Wiązów,gmina miejsko-wiejska,0217053,2019,nowy,,,,,,,,,,
3475,dolnośląskie,strzeliński,Wiązów,gmina miejsko-wiejska,0217053,2020,nowy,,,,,,,,,,
3476,dolnośląskie,strzeliński,Wiązów,gmina miejsko-wiejska,0217053,2021,nowy,,,,,,,,,,
3477,dolnośląskie,strzeliński,Wiązów,gmina miejsko-wiejska,0217053,2022,nowy,,,,,,,,,,
3478,dolnośląskie,strzeliński,Wiązów,gmina miejsko-wiejska,0217053,2023,nowy,,,,,,,,,,
3479,dolnośląskie,strzeliński,Wiązów,gmina miejsko-wiejska,0217053,2024,nowy,,,,,,,,,,
3480,dolnośląskie,strzeliński,Wiązów,gmina miejsko-wiejska,0217053,2025,nowy,,,,,,,,,,
3481,dolnośląskie,średzki,-,-,0218,2018,nowy,,,,,,,,,,
3482,dolnośląskie,średzki,-,-,0218,2019,nowy,,,,,,,,,,
3483,dolnośląskie,średzki,-,-,0218,2020,nowy,,,,,,,,,,
3484,dolnośląskie,średzki,-,-,0218,2021,nowy,,,,,,,,,,
3485,dolnośląskie,średzki,-,-,0218,2022,nowy,,,,,,,,,,
3486,dolnośląskie,średzki,-,-,0218,2023,nowy,,,,,,,,,,
3487,dolnośląskie,średzki,-,-,0218,2024,nowy,,,,,,,,,,
3488,dolnośląskie,średzki,-,-,0218,2025,nowy,,,,,,,,,,
3489,dolnośląskie,średzki,Kostomłoty,gmina wiejska,0218012,2018,nowy,,,,,,,,,,
3490,dolnośląskie,średzki,Kostomłoty,gmina wiejska,0218012,2019,nowy,,,,,,,,,,
3491,dolnośląskie,średzki,Kostomłoty,gmina wiejska,0218012,2020,nowy,,,,,,,,,,
3492,dolnośląskie,średzki,Kostomłoty,gmina wiejska,0218012,2021,nowy,,,,,,,,,,
3493,dolnośląskie,średzki,Kostomłoty,gmina wiejska,0218012,2022,nowy,,,,,,,,,,
3494,dolnośląskie,średzki,Kostomłoty,gmina wiejska,0218012,2023,nowy,,,,,,,,,,
3495,dolnośląskie,średzki,Kostomłoty,gmina wiejska,0218012,2024,nowy,,,,,,,,,,
3496,dolnośląskie,średzki,Kostomłoty,gmina wiejska,0218012,2025,nowy,,,,,,,,,,
3497,dolnośląskie,średzki,Malczyce,gmina wiejska,0218022,2018,nowy,,,,,,,,,,
3498,dolnośląskie,średzki,Malczyce,gmina wiejska,0218022,2019,nowy,,,,,,,,,,
3499,dolnośląskie,średzki,Malczyce,gmina wiejska,0218022,2020,nowy,,,,,,,,,,
3500,dolnośląskie,średzki,Malczyce,gmina wiejska,0218022,2021,nowy,,,,,,,,,,
3501,dolnośląskie,średzki,Malczyce,gmina wiejska,0218022,2022,nowy,,,,,,,,,,
3502,dolnośląskie,średzki,Malczyce,gmina wiejska,0218022,2023,nowy,,,,,,,,,,
3503,dolnośląskie,średzki,Malczyce,gmina wiejska,0218022,2024,nowy,,,,,,,,,,
3504,dolnośląskie,średzki,Malczyce,gmina wiejska,0218022,2025,nowy,,,,,,,,,,
3505,dolnośląskie,średzki,Miękinia,gmina wiejska,0218032,2018,nowy,,,,,,,,,,
3506,dolnośląskie,średzki,Miękinia,gmina wiejska,0218032,2019,nowy,,,,,,,,,,
3507,dolnośląskie,średzki,Miękinia,gmina wiejska,0218032,2020,nowy,,,,,,,,,,
3508,dolnośląskie,średzki,Miękinia,gmina wiejska,0218032,2021,nowy,,,,,,,,,,
3509,dolnośląskie,średzki,Miękinia,gmina wiejska,0218032,2022,nowy,,,,,,,,,,
3510,dolnośląskie,średzki,Miękinia,gmina miejsko-wiejska,0218033,2023,nowy,,,,,,,,,,
3511,dolnośląskie,średzki,Miękinia,gmina miejsko-wiejska,0218033,2024,nowy,,,,,,,,,,
3512,dolnośląskie,średzki,Miękinia,gmina miejsko-wiejska,0218033,2025,nowy,,,,,,,,,,
3513,dolnośląskie,średzki,Środa Śląska,gmina miejsko-wiejska,0218043,2018,nowy,,,,,,,,,,
3514,dolnośląskie,średzki,Środa Śląska,gmina miejsko-wiejska,0218043,2019,nowy,,,,,,,,,,
3515,dolnośląskie,średzki,Środa Śląska,gmina miejsko-wiejska,0218043,2020,nowy,,,,,,,,,,
3516,dolnośląskie,średzki,Środa Śląska,gmina miejsko-wiejska,0218043,2021,nowy,,,,,,,,,,
3517,dolnośląskie,średzki,Środa Śląska,gmina miejsko-wiejska,0218043,2022,nowy,,,,,,,,,,
3518,dolnośląskie,średzki,Środa Śląska,gmina miejsko-wiejska,0218043,2023,nowy,,,,,,,,,,
3519,dolnośląskie,średzki,Środa Śląska,gmina miejsko-wiejska,0218043,2024,nowy,,,,,,,,,,
3520,dolnośląskie,średzki,Środa Śląska,gmina miejsko-wiejska,0218043,2025,nowy,,,,,,,,,,
3521,dolnośląskie,średzki,Udanin,gmina wiejska,0218052,2018,nowy,,,,,,,,,,
3522,dolnośląskie,średzki,Udanin,gmina wiejska,0218052,2019,nowy,,,,,,,,,,
3523,dolnośląskie,średzki,Udanin,gmina wiejska,0218052,2020,nowy,,,,,,,,,,
3524,dolnośląskie,średzki,Udanin,gmina wiejska,0218052,2021,nowy,,,,,,,,,,
3525,dolnośląskie,średzki,Udanin,gmina wiejska,0218052,2022,nowy,,,,,,,,,,
3526,dolnośląskie,średzki,Udanin,gmina wiejska,0218052,2023,nowy,,,,,,,,,,
3527,dolnośląskie,średzki,Udanin,gmina wiejska,0218052,2024,nowy,,,,,,,,,,
3528,dolnośląskie,średzki,Udanin,gmina wiejska,0218052,2025,nowy,,,,,,,,,,
3529,dolnośląskie,świdnicki,-,-,0219,2018,nowy,,,,,,,,,,
3530,dolnośląskie,świdnicki,-,-,0219,2019,nowy,,,,,,,,,,
3531,dolnośląskie,świdnicki,-,-,0219,2020,nowy,,,,,,,,,,
3532,dolnośląskie,świdnicki,-,-,0219,2021,nowy,,,,,,,,,,
3533,dolnośląskie,świdnicki,-,-,0219,2022,nowy,,,,,,,,,,
3534,dolnośląskie,świdnicki,-,-,0219,2023,nowy,,,,,,,,,,
3535,dolnośląskie,świdnicki,-,-,0219,2024,nowy,,,,,,,,,,
3536,dolnośląskie,świdnicki,-,-,0219,2025,nowy,,,,,,,,,,
3537,dolnośląskie,świdnicki,Świdnica,gmina miejska,0219011,2018,nowy,,,,,,,,,,
3538,dolnośląskie,świdnicki,Świdnica,gmina miejska,0219011,2019,nowy,,,,,,,,,,
3539,dolnośląskie,świdnicki,Świdnica,gmina miejska,0219011,2020,nowy,,,,,,,,,,
3540,dolnośląskie,świdnicki,Świdnica,gmina miejska,0219011,2021,nowy,,,,,,,,,,
3541,dolnośląskie,świdnicki,Świdnica,gmina miejska,0219011,2022,nowy,,,,,,,,,,
3542,dolnośląskie,świdnicki,Świdnica,gmina miejska,0219011,2023,nowy,,,,,,,,,,
3543,dolnośląskie,świdnicki,Świdnica,gmina miejska,0219011,2024,nowy,,,,,,,,,,
3544,dolnośląskie,świdnicki,Świdnica,gmina miejska,0219011,2025,nowy,,,,,,,,,,
3545,dolnośląskie,świdnicki,Świebodzice,gmina miejska,0219021,2018,nowy,,,,,,,,,,
3546,dolnośląskie,świdnicki,Świebodzice,gmina miejska,0219021,2019,nowy,,,,,,,,,,
3547,dolnośląskie,świdnicki,Świebodzice,gmina miejska,0219021,2020,nowy,,,,,,,,,,
3548,dolnośląskie,świdnicki,Świebodzice,gmina miejska,0219021,2021,nowy,,,,,,,,,,
3549,dolnośląskie,świdnicki,Świebodzice,gmina miejska,0219021,2022,nowy,,,,,,,,,,
3550,dolnośląskie,świdnicki,Świebodzice,gmina miejska,0219021,2023,nowy,,,,,,,,,,
3551,dolnośląskie,świdnicki,Świebodzice,gmina miejska,0219021,2024,nowy,,,,,,,,,,
3552,dolnośląskie,świdnicki,Świebodzice,gmina miejska,0219021,2025,nowy,,,,,,,,,,
3553,dolnośląskie,świdnicki,Dobromierz,gmina wiejska,0219032,2018,nowy,,,,,,,,,,
3554,dolnośląskie,świdnicki,Dobromierz,gmina wiejska,0219032,2019,nowy,,,,,,,,,,
3555,dolnośląskie,świdnicki,Dobromierz,gmina wiejska,0219032,2020,nowy,,,,,,,,,,
3556,dolnośląskie,świdnicki,Dobromierz,gmina wiejska,0219032,2021,nowy,,,,,,,,,,
3557,dolnośląskie,świdnicki,Dobromierz,gmina wiejska,0219032,2022,nowy,,,,,,,,,,
3558,dolnośląskie,świdnicki,Dobromierz,gmina wiejska,0219032,2023,nowy,,,,,,,,,,
3559,dolnośląskie,świdnicki,Dobromierz,gmina wiejska,0219032,2024,nowy,,,,,,,,,,
3560,dolnośląskie,świdnicki,Dobromierz,gmina wiejska,0219032,2025,nowy,,,,,,,,,,
3561,dolnośląskie,świdnicki,Jaworzyna Śląska,gmina miejsko-wiejska,0219043,2018,nowy,,,,,,,,,,
3562,dolnośląskie,świdnicki,Jaworzyna Śląska,gmina miejsko-wiejska,0219043,2019,nowy,,,,,,,,,,
3563,dolnośląskie,świdnicki,Jaworzyna Śląska,gmina miejsko-wiejska,0219043,2020,nowy,,,,,,,,,,
3564,dolnośląskie,świdnicki,Jaworzyna Śląska,gmina miejsko-wiejska,0219043,2021,nowy,,,,,,,,,,
3565,dolnośląskie,świdnicki,Jaworzyna Śląska,gmina miejsko-wiejska,0219043,2022,nowy,,,,,,,,,,
3566,dolnośląskie,świdnicki,Jaworzyna Śląska,gmina miejsko-wiejska,0219043,2023,nowy,,,,,,,,,,
3567,dolnośląskie,świdnicki,Jaworzyna Śląska,gmina miejsko-wiejska,0219043,2024,nowy,,,,,,,,,,
3568,dolnośląskie,świdnicki,Jaworzyna Śląska,gmina miejsko-wiejska,0219043,2025,nowy,,,,,,,,,,
3569,dolnośląskie,świdnicki,Marcinowice,gmina wiejska,0219052,2018,nowy,,,,,,,,,,
3570,dolnośląskie,świdnicki,Marcinowice,gmina wiejska,0219052,2019,nowy,,,,,,,,,,
3571,dolnośląskie,świdnicki,Marcinowice,gmina wiejska,0219052,2020,nowy,,,,,,,,,,
3572,dolnośląskie,świdnicki,Marcinowice,gmina wiejska,0219052,2021,nowy,,,,,,,,,,
3573,dolnośląskie,świdnicki,Marcinowice,gmina wiejska,0219052,2022,nowy,,,,,,,,,,
3574,dolnośląskie,świdnicki,Marcinowice,gmina wiejska,0219052,2023,nowy,,,,,,,,,,
3575,dolnośląskie,świdnicki,Marcinowice,gmina wiejska,0219052,2024,nowy,,,,,,,,,,
3576,dolnośląskie,świdnicki,Marcinowice,gmina wiejska,0219052,2025,nowy,,,,,,,,,,
3577,dolnośląskie,świdnicki,Strzegom,gmina miejsko-wiejska,0219063,2018,nowy,,,,,,,,,,
3578,dolnośląskie,świdnicki,Strzegom,gmina miejsko-wiejska,0219063,2019,nowy,,,,,,,,,,
3579,dolnośląskie,świdnicki,Strzegom,gmina miejsko-wiejska,0219063,2020,nowy,,,,,,,,,,
3580,dolnośląskie,świdnicki,Strzegom,gmina miejsko-wiejska,0219063,2021,nowy,,,,,,,,,,
3581,dolnośląskie,świdnicki,Strzegom,gmina miejsko-wiejska,0219063,2022,nowy,,,,,,,,,,
3582,dolnośląskie,świdnicki,Strzegom,gmina miejsko-wiejska,0219063,2023,nowy,,,,,,,,,,
3583,dolnośląskie,świdnicki,Strzegom,gmina miejsko-wiejska,0219063,2024,nowy,,,,,,,,,,
3584,dolnośląskie,świdnicki,Strzegom,gmina miejsko-wiejska,0219063,2025,nowy,,,,,,,,,,
3585,dolnośląskie,świdnicki,Świdnica,gmina wiejska,0219072,2018,nowy,,,,,,,,,,
3586,dolnośląskie,świdnicki,Świdnica,gmina wiejska,0219072,2019,nowy,,,,,,,,,,
3587,dolnośląskie,świdnicki,Świdnica,gmina wiejska,0219072,2020,nowy,,,,,,,,,,
3588,dolnośląskie,świdnicki,Świdnica,gmina wiejska,0219072,2021,nowy,,,,,,,,,,
3589,dolnośląskie,świdnicki,Świdnica,gmina wiejska,0219072,2022,nowy,,,,,,,,,,
3590,dolnośląskie,świdnicki,Świdnica,gmina wiejska,0219072,2023,nowy,,,,,,,,,,
3591,dolnośląskie,świdnicki,Świdnica,gmina wiejska,0219072,2024,nowy,,,,,,,,,,
3592,dolnośląskie,świdnicki,Świdnica,gmina wiejska,0219072,2025,nowy,,,,,,,,,,
3593,dolnośląskie,świdnicki,Żarów,gmina miejsko-wiejska,0219083,2018,nowy,,,,,,,,,,
3594,dolnośląskie,świdnicki,Żarów,gmina miejsko-wiejska,0219083,2019,nowy,,,,,,,,,,
3595,dolnośląskie,świdnicki,Żarów,gmina miejsko-wiejska,0219083,2020,nowy,,,,,,,,,,
3596,dolnośląskie,świdnicki,Żarów,gmina miejsko-wiejska,0219083,2021,nowy,,,,,,,,,,
3597,dolnośląskie,świdnicki,Żarów,gmina miejsko-wiejska,0219083,2022,nowy,,,,,,,,,,
3598,dolnośląskie,świdnicki,Żarów,gmina miejsko-wiejska,0219083,2023,nowy,,,,,,,,,,
3599,dolnośląskie,świdnicki,Żarów,gmina miejsko-wiejska,0219083,2024,nowy,,,,,,,,,,
3600,dolnośląskie,świdnicki,Żarów,gmina miejsko-wiejska,0219083,2025,nowy,,,,,,,,,,
3601,dolnośląskie,trzebnicki,-,-,0220,2018,nowy,,,,,,,,,,
3602,dolnośląskie,trzebnicki,-,-,0220,2019,nowy,,,,,,,,,,
3603,dolnośląskie,trzebnicki,-,-,0220,2020,nowy,,,,,,,,,,
3604,dolnośląskie,trzebnicki,-,-,0220,2021,nowy,,,,,,,,,,
3605,dolnośląskie,trzebnicki,-,-,0220,2022,nowy,,,,,,,,,,
3606,dolnośląskie,trzebnicki,-,-,0220,2023,nowy,,,,,,,,,,
3607,dolnośląskie,trzebnicki,-,-,0220,2024,nowy,,,,,,,,,,
3608,dolnośląskie,trzebnicki,-,-,0220,2025,nowy,,,,,,,,,,
3609,dolnośląskie,trzebnicki,Oborniki Śląskie,gmina miejsko-wiejska,0220013,2018,nowy,,,,,,,,,,
3610,dolnośląskie,trzebnicki,Oborniki Śląskie,gmina miejsko-wiejska,0220013,2019,nowy,,,,,,,,,,
3611,dolnośląskie,trzebnicki,Oborniki Śląskie,gmina miejsko-wiejska,0220013,2020,nowy,,,,,,,,,,
3612,dolnośląskie,trzebnicki,Oborniki Śląskie,gmina miejsko-wiejska,0220013,2021,nowy,,,,,,,,,,
3613,dolnośląskie,trzebnicki,Oborniki Śląskie,gmina miejsko-wiejska,0220013,2022,nowy,,,,,,,,,,
3614,dolnośląskie,trzebnicki,Oborniki Śląskie,gmina miejsko-wiejska,0220013,2023,nowy,,,,,,,,,,
3615,dolnośląskie,trzebnicki,Oborniki Śląskie,gmina miejsko-wiejska,0220013,2024,nowy,,,,,,,,,,
3616,dolnośląskie,trzebnicki,Oborniki Śląskie,gmina miejsko-wiejska,0220013,2025,nowy,,,,,,,,,,
3617,dolnośląskie,trzebnicki,Prusice,gmina miejsko-wiejska,0220023,2018,nowy,,,,,,,,,,
3618,dolnośląskie,trzebnicki,Prusice,gmina miejsko-wiejska,0220023,2019,nowy,,,,,,,,,,
3619,dolnośląskie,trzebnicki,Prusice,gmina miejsko-wiejska,0220023,2020,nowy,,,,,,,,,,
3620,dolnośląskie,trzebnicki,Prusice,gmina miejsko-wiejska,0220023,2021,nowy,,,,,,,,,,
3621,dolnośląskie,trzebnicki,Prusice,gmina miejsko-wiejska,0220023,2022,nowy,,,,,,,,,,
3622,dolnośląskie,trzebnicki,Prusice,gmina miejsko-wiejska,0220023,2023,nowy,,,,,,,,,,
3623,dolnośląskie,trzebnicki,Prusice,gmina miejsko-wiejska,0220023,2024,nowy,,,,,,,,,,
3624,dolnośląskie,trzebnicki,Prusice,gmina miejsko-wiejska,0220023,2025,nowy,,,,,,,,,,
3625,dolnośląskie,trzebnicki,Trzebnica,gmina miejsko-wiejska,0220033,2018,nowy,,,,,,,,,,
3626,dolnośląskie,trzebnicki,Trzebnica,gmina miejsko-wiejska,0220033,2019,nowy,,,,,,,,,,
3627,dolnośląskie,trzebnicki,Trzebnica,gmina miejsko-wiejska,0220033,2020,nowy,,,,,,,,,,
3628,dolnośląskie,trzebnicki,Trzebnica,gmina miejsko-wiejska,0220033,2021,nowy,,,,,,,,,,
3629,dolnośląskie,trzebnicki,Trzebnica,gmina miejsko-wiejska,0220033,2022,nowy,,,,,,,,,,
3630,dolnośląskie,trzebnicki,Trzebnica,gmina miejsko-wiejska,0220033,2023,nowy,,,,,,,,,,
3631,dolnośląskie,trzebnicki,Trzebnica,gmina miejsko-wiejska,0220033,2024,nowy,,,,,,,,,,
3632,dolnośląskie,trzebnicki,Trzebnica,gmina miejsko-wiejska,0220033,2025,nowy,,,,,,,,,,
3633,dolnośląskie,trzebnicki,Wisznia Mała,gmina wiejska,0220042,2018,nowy,,,,,,,,,,
3634,dolnośląskie,trzebnicki,Wisznia Mała,gmina wiejska,0220042,2019,nowy,,,,,,,,,,
3635,dolnośląskie,trzebnicki,Wisznia Mała,gmina wiejska,0220042,2020,nowy,,,,,,,,,,
3636,dolnośląskie,trzebnicki,Wisznia Mała,gmina wiejska,0220042,2021,nowy,,,,,,,,,,
3637,dolnośląskie,trzebnicki,Wisznia Mała,gmina wiejska,0220042,2022,nowy,,,,,,,,,,
3638,dolnośląskie,trzebnicki,Wisznia Mała,gmina wiejska,0220042,2023,nowy,,,,,,,,,,
3639,dolnośląskie,trzebnicki,Wisznia Mała,gmina wiejska,0220042,2024,nowy,,,,,,,,,,
3640,dolnośląskie,trzebnicki,Wisznia Mała,gmina wiejska,0220042,2025,nowy,,,,,,,,,,
3641,dolnośląskie,trzebnicki,Zawonia,gmina wiejska,0220052,2018,nowy,,,,,,,,,,
3642,dolnośląskie,trzebnicki,Zawonia,gmina wiejska,0220052,2019,nowy,,,,,,,,,,
3643,dolnośląskie,trzebnicki,Zawonia,gmina wiejska,0220052,2020,nowy,,,,,,,,,,
3644,dolnośląskie,trzebnicki,Zawonia,gmina wiejska,0220052,2021,nowy,,,,,,,,,,
3645,dolnośląskie,trzebnicki,Zawonia,gmina wiejska,0220052,2022,nowy,,,,,,,,,,
3646,dolnośląskie,trzebnicki,Zawonia,gmina wiejska,0220052,2023,nowy,,,,,,,,,,
3647,dolnośląskie,trzebnicki,Zawonia,gmina wiejska,0220052,2024,nowy,,,,,,,,,,
3648,dolnośląskie,trzebnicki,Zawonia,gmina wiejska,0220052,2025,nowy,,,,,,,,,,
3649,dolnośląskie,trzebnicki,Żmigród,gmina miejsko-wiejska,0220063,2018,nowy,,,,,,,,,,
3650,dolnośląskie,trzebnicki,Żmigród,gmina miejsko-wiejska,0220063,2019,nowy,,,,,,,,,,
3651,dolnośląskie,trzebnicki,Żmigród,gmina miejsko-wiejska,0220063,2020,nowy,,,,,,,,,,
3652,dolnośląskie,trzebnicki,Żmigród,gmina miejsko-wiejska,0220063,2021,nowy,,,,,,,,,,
3653,dolnośląskie,trzebnicki,Żmigród,gmina miejsko-wiejska,0220063,2022,nowy,,,,,,,,,,
3654,dolnośląskie,trzebnicki,Żmigród,gmina miejsko-wiejska,0220063,2023,nowy,,,,,,,,,,
3655,dolnośląskie,trzebnicki,Żmigród,gmina miejsko-wiejska,0220063,2024,nowy,,,,,,,,,,
3656,dolnośląskie,trzebnicki,Żmigród,gmina miejsko-wiejska,0220063,2025,nowy,,,,,,,,,,
3657,dolnośląskie,wałbrzyski,-,-,0221,2018,nowy,,,,,,,,,,
3658,dolnośląskie,wałbrzyski,-,-,0221,2019,nowy,,,,,,,,,,
3659,dolnośląskie,wałbrzyski,-,-,0221,2020,nowy,,,,,,,,,,
3660,dolnośląskie,wałbrzyski,-,-,0221,2021,nowy,,,,,,,,,,
3661,dolnośląskie,wałbrzyski,-,-,0221,2022,nowy,,,,,,,,,,
3662,dolnośląskie,wałbrzyski,-,-,0221,2023,nowy,,,,,,,,,,
3663,dolnośląskie,wałbrzyski,-,-,0221,2024,nowy,,,,,,,,,,
3664,dolnośląskie,wałbrzyski,-,-,0221,2025,nowy,,,,,,,,,,
3665,dolnośląskie,wałbrzyski,Boguszów-Gorce,gmina miejska,0221011,2018,nowy,,,,,,,,,,
3666,dolnośląskie,wałbrzyski,Boguszów-Gorce,gmina miejska,0221011,2019,nowy,,,,,,,,,,
3667,dolnośląskie,wałbrzyski,Boguszów-Gorce,gmina miejska,0221011,2020,nowy,,,,,,,,,,
3668,dolnośląskie,wałbrzyski,Boguszów-Gorce,gmina miejska,0221011,2021,nowy,,,,,,,,,,
3669,dolnośląskie,wałbrzyski,Boguszów-Gorce,gmina miejska,0221011,2022,nowy,,,,,,,,,,
3670,dolnośląskie,wałbrzyski,Boguszów-Gorce,gmina miejska,0221011,2023,nowy,,,,,,,,,,
3671,dolnośląskie,wałbrzyski,Boguszów-Gorce,gmina miejska,0221011,2024,nowy,,,,,,,,,,
3672,dolnośląskie,wałbrzyski,Boguszów-Gorce,gmina miejska,0221011,2025,nowy,,,,,,,,,,
3673,dolnośląskie,wałbrzyski,Jedlina-Zdrój,gmina miejska,0221021,2018,nowy,,,,,,,,,,
3674,dolnośląskie,wałbrzyski,Jedlina-Zdrój,gmina miejska,0221021,2019,nowy,,,,,,,,,,
3675,dolnośląskie,wałbrzyski,Jedlina-Zdrój,gmina miejska,0221021,2020,nowy,,,,,,,,,,
3676,dolnośląskie,wałbrzyski,Jedlina-Zdrój,gmina miejska,0221021,2021,nowy,,,,,,,,,,
3677,dolnośląskie,wałbrzyski,Jedlina-Zdrój,gmina miejska,0221021,2022,nowy,,,,,,,,,,
3678,dolnośląskie,wałbrzyski,Jedlina-Zdrój,gmina miejska,0221021,2023,nowy,,,,,,,,,,
3679,dolnośląskie,wałbrzyski,Jedlina-Zdrój,gmina miejska,0221021,2024,nowy,,,,,,,,,,
3680,dolnośląskie,wałbrzyski,Jedlina-Zdrój,gmina miejska,0221021,2025,nowy,,,,,,,,,,
3681,dolnośląskie,wałbrzyski,Szczawno-Zdrój,gmina miejska,0221031,2018,nowy,,,,,,,,,,
3682,dolnośląskie,wałbrzyski,Szczawno-Zdrój,gmina miejska,0221031,2019,nowy,,,,,,,,,,
3683,dolnośląskie,wałbrzyski,Szczawno-Zdrój,gmina miejska,0221031,2020,nowy,,,,,,,,,,
3684,dolnośląskie,wałbrzyski,Szczawno-Zdrój,gmina miejska,0221031,2021,nowy,,,,,,,,,,
3685,dolnośląskie,wałbrzyski,Szczawno-Zdrój,gmina miejska,0221031,2022,nowy,,,,,,,,,,
3686,dolnośląskie,wałbrzyski,Szczawno-Zdrój,gmina miejska,0221031,2023,nowy,,,,,,,,,,
3687,dolnośląskie,wałbrzyski,Szczawno-Zdrój,gmina miejska,0221031,2024,nowy,,,,,,,,,,
3688,dolnośląskie,wałbrzyski,Szczawno-Zdrój,gmina miejska,0221031,2025,nowy,,,,,,,,,,
3689,dolnośląskie,wałbrzyski,Czarny Bór,gmina wiejska,0221042,2018,nowy,,,,,,,,,,
3690,dolnośląskie,wałbrzyski,Czarny Bór,gmina wiejska,0221042,2019,nowy,,,,,,,,,,
3691,dolnośląskie,wałbrzyski,Czarny Bór,gmina wiejska,0221042,2020,nowy,,,,,,,,,,
3692,dolnośląskie,wałbrzyski,Czarny Bór,gmina wiejska,0221042,2021,nowy,,,,,,,,,,
3693,dolnośląskie,wałbrzyski,Czarny Bór,gmina wiejska,0221042,2022,nowy,,,,,,,,,,
3694,dolnośląskie,wałbrzyski,Czarny Bór,gmina wiejska,0221042,2023,nowy,,,,,,,,,,
3695,dolnośląskie,wałbrzyski,Czarny Bór,gmina wiejska,0221042,2024,nowy,,,,,,,,,,
3696,dolnośląskie,wałbrzyski,Czarny Bór,gmina wiejska,0221042,2025,nowy,,,,,,,,,,
3697,dolnośląskie,wałbrzyski,Głuszyca,gmina miejsko-wiejska,0221053,2018,nowy,,,,,,,,,,
3698,dolnośląskie,wałbrzyski,Głuszyca,gmina miejsko-wiejska,0221053,2019,nowy,,,,,,,,,,
3699,dolnośląskie,wałbrzyski,Głuszyca,gmina miejsko-wiejska,0221053,2020,nowy,,,,,,,,,,
3700,dolnośląskie,wałbrzyski,Głuszyca,gmina miejsko-wiejska,0221053,2021,nowy,,,,,,,,,,
3701,dolnośląskie,wałbrzyski,Głuszyca,gmina miejsko-wiejska,0221053,2022,nowy,,,,,,,,,,
3702,dolnośląskie,wałbrzyski,Głuszyca,gmina miejsko-wiejska,0221053,2023,nowy,,,,,,,,,,
3703,dolnośląskie,wałbrzyski,Głuszyca,gmina miejsko-wiejska,0221053,2024,nowy,,,,,,,,,,
3704,dolnośląskie,wałbrzyski,Głuszyca,gmina miejsko-wiejska,0221053,2025,nowy,,,,,,,,,,
3705,dolnośląskie,wałbrzyski,Mieroszów,gmina miejsko-wiejska,0221063,2018,nowy,,,,,,,,,,
3706,dolnośląskie,wałbrzyski,Mieroszów,gmina miejsko-wiejska,0221063,2019,nowy,,,,,,,,,,
3707,dolnośląskie,wałbrzyski,Mieroszów,gmina miejsko-wiejska,0221063,2020,nowy,,,,,,,,,,
3708,dolnośląskie,wałbrzyski,Mieroszów,gmina miejsko-wiejska,0221063,2021,nowy,,,,,,,,,,
3709,dolnośląskie,wałbrzyski,Mieroszów,gmina miejsko-wiejska,0221063,2022,nowy,,,,,,,,,,
3710,dolnośląskie,wałbrzyski,Mieroszów,gmina miejsko-wiejska,0221063,2023,nowy,,,,,,,,,,
3711,dolnośląskie,wałbrzyski,Mieroszów,gmina miejsko-wiejska,0221063,2024,nowy,,,,,,,,,,
3712,dolnośląskie,wałbrzyski,Mieroszów,gmina miejsko-wiejska,0221063,2025,nowy,,,,,,,,,,
3713,dolnośląskie,wałbrzyski,Stare Bogaczowice,gmina wiejska,0221072,2018,nowy,,,,,,,,,,
3714,dolnośląskie,wałbrzyski,Stare Bogaczowice,gmina wiejska,0221072,2019,nowy,,,,,,,,,,
3715,dolnośląskie,wałbrzyski,Stare Bogaczowice,gmina wiejska,0221072,2020,nowy,,,,,,,,,,
3716,dolnośląskie,wałbrzyski,Stare Bogaczowice,gmina wiejska,0221072,2021,nowy,,,,,,,,,,
3717,dolnośląskie,wałbrzyski,Stare Bogaczowice,gmina wiejska,0221072,2022,nowy,,,,,,,,,,
3718,dolnośląskie,wałbrzyski,Stare Bogaczowice,gmina wiejska,0221072,2023,nowy,,,,,,,,,,
3719,dolnośląskie,wałbrzyski,Stare Bogaczowice,gmina wiejska,0221072,2024,nowy,,,,,,,,,,
3720,dolnośląskie,wałbrzyski,Stare Bogaczowice,gmina wiejska,0221072,2025,nowy,,,,,,,,,,
3721,dolnośląskie,wałbrzyski,Walim,gmina wiejska,0221082,2018,nowy,,,,,,,,,,
3722,dolnośląskie,wałbrzyski,Walim,gmina wiejska,0221082,2019,nowy,,,,,,,,,,
3723,dolnośląskie,wałbrzyski,Walim,gmina wiejska,0221082,2020,nowy,,,,,,,,,,
3724,dolnośląskie,wałbrzyski,Walim,gmina wiejska,0221082,2021,nowy,,,,,,,,,,
3725,dolnośląskie,wałbrzyski,Walim,gmina wiejska,0221082,2022,nowy,,,,,,,,,,
3726,dolnośląskie,wałbrzyski,Walim,gmina wiejska,0221082,2023,nowy,,,,,,,,,,
3727,dolnośląskie,wałbrzyski,Walim,gmina wiejska,0221082,2024,nowy,,,,,,,,,,
3728,dolnośląskie,wałbrzyski,Walim,gmina wiejska,0221082,2025,nowy,,,,,,,,,,
3729,dolnośląskie,wołowski,-,-,0222,2018,nowy,,,,,,,,,,
3730,dolnośląskie,wołowski,-,-,0222,2019,nowy,,,,,,,,,,
3731,dolnośląskie,wołowski,-,-,0222,2020,nowy,,,,,,,,,,
3732,dolnośląskie,wołowski,-,-,0222,2021,nowy,,,,,,,,,,
3733,dolnośląskie,wołowski,-,-,0222,2022,nowy,,,,,,,,,,
3734,dolnośląskie,wołowski,-,-,0222,2023,nowy,,,,,,,,,,
3735,dolnośląskie,wołowski,-,-,0222,2024,nowy,,,,,,,,,,
3736,dolnośląskie,wołowski,-,-,0222,2025,nowy,,,,,,,,,,
3737,dolnośląskie,wołowski,Brzeg Dolny,gmina miejsko-wiejska,0222013,2018,nowy,,,,,,,,,,
3738,dolnośląskie,wołowski,Brzeg Dolny,gmina miejsko-wiejska,0222013,2019,nowy,,,,,,,,,,
3739,dolnośląskie,wołowski,Brzeg Dolny,gmina miejsko-wiejska,0222013,2020,nowy,,,,,,,,,,
3740,dolnośląskie,wołowski,Brzeg Dolny,gmina miejsko-wiejska,0222013,2021,nowy,,,,,,,,,,
3741,dolnośląskie,wołowski,Brzeg Dolny,gmina miejsko-wiejska,0222013,2022,nowy,,,,,,,,,,
3742,dolnośląskie,wołowski,Brzeg Dolny,gmina miejsko-wiejska,0222013,2023,nowy,,,,,,,,,,
3743,dolnośląskie,wołowski,Brzeg Dolny,gmina miejsko-wiejska,0222013,2024,nowy,,,,,,,,,,
3744,dolnośląskie,wołowski,Brzeg Dolny,gmina miejsko-wiejska,0222013,2025,nowy,,,,,,,,,,
3745,dolnośląskie,wołowski,Wińsko,gmina wiejska,0222022,2018,nowy,,,,,,,,,,
3746,dolnośląskie,wołowski,Wińsko,gmina wiejska,0222022,2019,nowy,,,,,,,,,,
3747,dolnośląskie,wołowski,Wińsko,gmina wiejska,0222022,2020,nowy,,,,,,,,,,
3748,dolnośląskie,wołowski,Wińsko,gmina wiejska,0222022,2021,nowy,,,,,,,,,,
3749,dolnośląskie,wołowski,Wińsko,gmina wiejska,0222022,2022,nowy,,,,,,,,,,
3750,dolnośląskie,wołowski,Wińsko,gmina wiejska,0222022,2023,nowy,,,,,,,,,,
3751,dolnośląskie,wołowski,Wińsko,gmina wiejska,0222022,2024,nowy,,,,,,,,,,
3752,dolnośląskie,wołowski,Wińsko,gmina wiejska,0222022,2025,nowy,,,,,,,,,,
3753,dolnośląskie,wołowski,Wołów,gmina miejsko-wiejska,0222033,2018,nowy,,,,,,,,,,
3754,dolnośląskie,wołowski,Wołów,gmina miejsko-wiejska,0222033,2019,nowy,,,,,,,,,,
3755,dolnośląskie,wołowski,Wołów,gmina miejsko-wiejska,0222033,2020,nowy,,,,,,,,,,
3756,dolnośląskie,wołowski,Wołów,gmina miejsko-wiejska,0222033,2021,nowy,,,,,,,,,,
3757,dolnośląskie,wołowski,Wołów,gmina miejsko-wiejska,0222033,2022,nowy,,,,,,,,,,
3758,dolnośląskie,wołowski,Wołów,gmina miejsko-wiejska,0222033,2023,nowy,,,,,,,,,,
3759,dolnośląskie,wołowski,Wołów,gmina miejsko-wiejska,0222033,2024,nowy,,,,,,,,,,
3760,dolnośląskie,wołowski,Wołów,gmina miejsko-wiejska,0222033,2025,nowy,,,,,,,,,,
3761,dolnośląskie,wrocławski,-,-,0223,2018,nowy,,,,,,,,,,
3762,dolnośląskie,wrocławski,-,-,0223,2019,nowy,,,,,,,,,,
3763,dolnośląskie,wrocławski,-,-,0223,2020,nowy,,,,,,,,,,
3764,dolnośląskie,wrocławski,-,-,0223,2021,nowy,,,,,,,,,,
3765,dolnośląskie,wrocławski,-,-,0223,2022,nowy,,,,,,,,,,
3766,dolnośląskie,wrocławski,-,-,0223,2023,nowy,,,,,,,,,,
3767,dolnośląskie,wrocławski,-,-,0223,2024,nowy,,,,,,,,,,
3768,dolnośląskie,wrocławski,-,-,0223,2025,nowy,,,,,,,,,,
3769,dolnośląskie,wrocławski,Czernica,gmina wiejska,0223012,2018,nowy,,,,,,,,,,
3770,dolnośląskie,wrocławski,Czernica,gmina wiejska,0223012,2019,nowy,,,,,,,,,,
3771,dolnośląskie,wrocławski,Czernica,gmina wiejska,0223012,2020,nowy,,,,,,,,,,
3772,dolnośląskie,wrocławski,Czernica,gmina wiejska,0223012,2021,nowy,,,,,,,,,,
3773,dolnośląskie,wrocławski,Czernica,gmina wiejska,0223012,2022,nowy,,,,,,,,,,
3774,dolnośląskie,wrocławski,Czernica,gmina wiejska,0223012,2023,nowy,,,,,,,,,,
3775,dolnośląskie,wrocławski,Czernica,gmina wiejska,0223012,2024,nowy,,,,,,,,,,
3776,dolnośląskie,wrocławski,Czernica,gmina wiejska,0223012,2025,nowy,,,,,,,,,,
3777,dolnośląskie,wrocławski,Długołęka,gmina wiejska,0223022,2018,nowy,,,,,,,,,,
3778,dolnośląskie,wrocławski,Długołęka,gmina wiejska,0223022,2019,nowy,,,,,,,,,,
3779,dolnośląskie,wrocławski,Długołęka,gmina wiejska,0223022,2020,nowy,,,,,,,,,,
3780,dolnośląskie,wrocławski,Długołęka,gmina wiejska,0223022,2021,nowy,,,,,,,,,,
3781,dolnośląskie,wrocławski,Długołęka,gmina wiejska,0223022,2022,nowy,,,,,,,,,,
3782,dolnośląskie,wrocławski,Długołęka,gmina wiejska,0223022,2023,nowy,,,,,,,,,,
3783,dolnośląskie,wrocławski,Długołęka,gmina wiejska,0223022,2024,nowy,,,,,,,,,,
3784,dolnośląskie,wrocławski,Długołęka,gmina wiejska,0223022,2025,nowy,,,,,,,,,,
3785,dolnośląskie,wrocławski,Jordanów Śląski,gmina wiejska,0223032,2018,nowy,,,,,,,,,,
3786,dolnośląskie,wrocławski,Jordanów Śląski,gmina wiejska,0223032,2019,nowy,,,,,,,,,,
3787,dolnośląskie,wrocławski,Jordanów Śląski,gmina wiejska,0223032,2020,nowy,,,,,,,,,,
3788,dolnośląskie,wrocławski,Jordanów Śląski,gmina wiejska,0223032,2021,nowy,,,,,,,,,,
3789,dolnośląskie,wrocławski,Jordanów Śląski,gmina wiejska,0223032,2022,nowy,,,,,,,,,,
3790,dolnośląskie,wrocławski,Jordanów Śląski,gmina wiejska,0223032,2023,nowy,,,,,,,,,,
3791,dolnośląskie,wrocławski,Jordanów Śląski,gmina wiejska,0223032,2024,nowy,,,,,,,,,,
3792,dolnośląskie,wrocławski,Jordanów Śląski,gmina wiejska,0223032,2025,nowy,,,,,,,,,,
3793,dolnośląskie,wrocławski,Kąty Wrocławskie,gmina miejsko-wiejska,0223043,2018,nowy,,,,,,,,,,
3794,dolnośląskie,wrocławski,Kąty Wrocławskie,gmina miejsko-wiejska,0223043,2019,nowy,,,,,,,,,,
3795,dolnośląskie,wrocławski,Kąty Wrocławskie,gmina miejsko-wiejska,0223043,2020,nowy,,,,,,,,,,
3796,dolnośląskie,wrocławski,Kąty Wrocławskie,gmina miejsko-wiejska,0223043,2021,nowy,,,,,,,,,,
3797,dolnośląskie,wrocławski,Kąty Wrocławskie,gmina miejsko-wiejska,0223043,2022,nowy,,,,,,,,,,
3798,dolnośląskie,wrocławski,Kąty Wrocławskie,gmina miejsko-wiejska,0223043,2023,nowy,,,,,,,,,,
3799,dolnośląskie,wrocławski,Kąty Wrocławskie,gmina miejsko-wiejska,0223043,2024,nowy,,,,,,,,,,
3800,dolnośląskie,wrocławski,Kąty Wrocławskie,gmina miejsko-wiejska,0223043,2025,nowy,,,,,,,,,,
3801,dolnośląskie,wrocławski,Kobierzyce,gmina wiejska,0223052,2018,nowy,,,,,,,,,,
3802,dolnośląskie,wrocławski,Kobierzyce,gmina wiejska,0223052,2019,nowy,,,,,,,,,,
3803,dolnośląskie,wrocławski,Kobierzyce,gmina wiejska,0223052,2020,nowy,,,,,,,,,,
3804,dolnośląskie,wrocławski,Kobierzyce,gmina wiejska,0223052,2021,nowy,,,,,,,,,,
3805,dolnośląskie,wrocławski,Kobierzyce,gmina wiejska,0223052,2022,nowy,,,,,,,,,,
3806,dolnośląskie,wrocławski,Kobierzyce,gmina wiejska,0223052,2023,nowy,,,,,,,,,,
3807,dolnośląskie,wrocławski,Kobierzyce,gmina wiejska,0223052,2024,nowy,,,,,,,,,,
3808,dolnośląskie,wrocławski,Kobierzyce,gmina wiejska,0223052,2025,nowy,,,,,,,,,,
3809,dolnośląskie,wrocławski,Mietków,gmina wiejska,0223062,2018,nowy,,,,,,,,,,
3810,dolnośląskie,wrocławski,Mietków,gmina wiejska,0223062,2019,nowy,,,,,,,,,,
3811,dolnośląskie,wrocławski,Mietków,gmina wiejska,0223062,2020,nowy,,,,,,,,,,
3812,dolnośląskie,wrocławski,Mietków,gmina wiejska,0223062,2021,nowy,,,,,,,,,,
3813,dolnośląskie,wrocławski,Mietków,gmina wiejska,0223062,2022,nowy,,,,,,,,,,
3814,dolnośląskie,wrocławski,Mietków,gmina wiejska,0223062,2023,nowy,,,,,,,,,,
3815,dolnośląskie,wrocławski,Mietków,gmina wiejska,0223062,2024,nowy,,,,,,,,,,
3816,dolnośląskie,wrocławski,Mietków,gmina wiejska,0223062,2025,nowy,,,,,,,,,,
3817,dolnośląskie,wrocławski,Sobótka,gmina miejsko-wiejska,0223073,2018,nowy,,,,,,,,,,
3818,dolnośląskie,wrocławski,Sobótka,gmina miejsko-wiejska,0223073,2019,nowy,,,,,,,,,,
3819,dolnośląskie,wrocławski,Sobótka,gmina miejsko-wiejska,0223073,2020,nowy,,,,,,,,,,
3820,dolnośląskie,wrocławski,Sobótka,gmina miejsko-wiejska,0223073,2021,nowy,,,,,,,,,,
3821,dolnośląskie,wrocławski,Sobótka,gmina miejsko-wiejska,0223073,2022,nowy,,,,,,,,,,
3822,dolnośląskie,wrocławski,Sobótka,gmina miejsko-wiejska,0223073,2023,nowy,,,,,,,,,,
3823,dolnośląskie,wrocławski,Sobótka,gmina miejsko-wiejska,0223073,2024,nowy,,,,,,,,,,
3824,dolnośląskie,wrocławski,Sobótka,gmina miejsko-wiejska,0223073,2025,nowy,,,,,,,,,,
3825,dolnośląskie,wrocławski,Siechnice,gmina miejsko-wiejska,0223083,2018,nowy,,,,,,,,,,
3826,dolnośląskie,wrocławski,Siechnice,gmina miejsko-wiejska,0223083,2019,nowy,,,,,,,,,,
3827,dolnośląskie,wrocławski,Siechnice,gmina miejsko-wiejska,0223083,2020,nowy,,,,,,,,,,
3828,dolnośląskie,wrocławski,Siechnice,gmina miejsko-wiejska,0223083,2021,nowy,,,,,,,,,,
3829,dolnośląskie,wrocławski,Siechnice,gmina miejsko-wiejska,0223083,2022,nowy,,,,,,,,,,
3830,dolnośląskie,wrocławski,Siechnice,gmina miejsko-wiejska,0223083,2023,nowy,,,,,,,,,,
3831,dolnośląskie,wrocławski,Siechnice,gmina miejsko-wiejska,0223083,2024,nowy,,,,,,,,,,
3832,dolnośląskie,wrocławski,Siechnice,gmina miejsko-wiejska,0223083,2025,nowy,,,,,,,,,,
3833,dolnośląskie,wrocławski,Żórawina,gmina wiejska,0223092,2018,nowy,,,,,,,,,,
3834,dolnośląskie,wrocławski,Żórawina,gmina wiejska,0223092,2019,nowy,,,,,,,,,,
3835,dolnośląskie,wrocławski,Żórawina,gmina wiejska,0223092,2020,nowy,,,,,,,,,,
3836,dolnośląskie,wrocławski,Żórawina,gmina wiejska,0223092,2021,nowy,,,,,,,,,,
3837,dolnośląskie,wrocławski,Żórawina,gmina wiejska,0223092,2022,nowy,,,,,,,,,,
3838,dolnośląskie,wrocławski,Żórawina,gmina wiejska,0223092,2023,nowy,,,,,,,,,,
3839,dolnośląskie,wrocławski,Żórawina,gmina wiejska,0223092,2024,nowy,,,,,,,,,,
3840,dolnośląskie,wrocławski,Żórawina,gmina wiejska,0223092,2025,nowy,,,,,,,,,,
3841,dolnośląskie,ząbkowicki,-,-,0224,2018,nowy,,,,,,,,,,
3842,dolnośląskie,ząbkowicki,-,-,0224,2019,nowy,,,,,,,,,,
3843,dolnośląskie,ząbkowicki,-,-,0224,2020,nowy,,,,,,,,,,
3844,dolnośląskie,ząbkowicki,-,-,0224,2021,nowy,,,,,,,,,,
3845,dolnośląskie,ząbkowicki,-,-,0224,2022,nowy,,,,,,,,,,
3846,dolnośląskie,ząbkowicki,-,-,0224,2023,nowy,,,,,,,,,,
3847,dolnośląskie,ząbkowicki,-,-,0224,2024,nowy,,,,,,,,,,
3848,dolnośląskie,ząbkowicki,-,-,0224,2025,nowy,,,,,,,,,,
3849,dolnośląskie,ząbkowicki,Bardo,gmina miejsko-wiejska,0224013,2018,nowy,,,,,,,,,,
3850,dolnośląskie,ząbkowicki,Bardo,gmina miejsko-wiejska,0224013,2019,nowy,,,,,,,,,,
3851,dolnośląskie,ząbkowicki,Bardo,gmina miejsko-wiejska,0224013,2020,nowy,,,,,,,,,,
3852,dolnośląskie,ząbkowicki,Bardo,gmina miejsko-wiejska,0224013,2021,nowy,,,,,,,,,,
3853,dolnośląskie,ząbkowicki,Bardo,gmina miejsko-wiejska,0224013,2022,nowy,,,,,,,,,,
3854,dolnośląskie,ząbkowicki,Bardo,gmina miejsko-wiejska,0224013,2023,nowy,,,,,,,,,,
3855,dolnośląskie,ząbkowicki,Bardo,gmina miejsko-wiejska,0224013,2024,nowy,,,,,,,,,,
3856,dolnośląskie,ząbkowicki,Bardo,gmina miejsko-wiejska,0224013,2025,nowy,,,,,,,,,,
3857,dolnośląskie,ząbkowicki,Ciepłowody,gmina wiejska,0224022,2018,nowy,,,,,,,,,,
3858,dolnośląskie,ząbkowicki,Ciepłowody,gmina wiejska,0224022,2019,nowy,,,,,,,,,,
3859,dolnośląskie,ząbkowicki,Ciepłowody,gmina wiejska,0224022,2020,nowy,,,,,,,,,,
3860,dolnośląskie,ząbkowicki,Ciepłowody,gmina wiejska,0224022,2021,nowy,,,,,,,,,,
3861,dolnośląskie,ząbkowicki,Ciepłowody,gmina wiejska,0224022,2022,nowy,,,,,,,,,,
3862,dolnośląskie,ząbkowicki,Ciepłowody,gmina wiejska,0224022,2023,nowy,,,,,,,,,,
3863,dolnośląskie,ząbkowicki,Ciepłowody,gmina wiejska,0224022,2024,nowy,,,,,,,,,,
3864,dolnośląskie,ząbkowicki,Ciepłowody,gmina wiejska,0224022,2025,nowy,,,,,,,,,,
3865,dolnośląskie,ząbkowicki,Kamieniec Ząbkowicki,gmina wiejska,0224032,2018,nowy,,,,,,,,,,
3866,dolnośląskie,ząbkowicki,Kamieniec Ząbkowicki,gmina wiejska,0224032,2019,nowy,,,,,,,,,,
3867,dolnośląskie,ząbkowicki,Kamieniec Ząbkowicki,gmina wiejska,0224032,2020,nowy,,,,,,,,,,
3868,dolnośląskie,ząbkowicki,Kamieniec Ząbkowicki,gmina miejsko-wiejska,0224033,2021,nowy,,,,,,,,,,
3869,dolnośląskie,ząbkowicki,Kamieniec Ząbkowicki,gmina miejsko-wiejska,0224033,2022,nowy,,,,,,,,,,
3870,dolnośląskie,ząbkowicki,Kamieniec Ząbkowicki,gmina miejsko-wiejska,0224033,2023,nowy,,,,,,,,,,
3871,dolnośląskie,ząbkowicki,Kamieniec Ząbkowicki,gmina miejsko-wiejska,0224033,2024,nowy,,,,,,,,,,
3872,dolnośląskie,ząbkowicki,Kamieniec Ząbkowicki,gmina miejsko-wiejska,0224033,2025,nowy,,,,,,,,,,
3873,dolnośląskie,ząbkowicki,Stoszowice,gmina wiejska,0224042,2018,nowy,,,,,,,,,,
3874,dolnośląskie,ząbkowicki,Stoszowice,gmina wiejska,0224042,2019,nowy,,,,,,,,,,
3875,dolnośląskie,ząbkowicki,Stoszowice,gmina wiejska,0224042,2020,nowy,,,,,,,,,,
3876,dolnośląskie,ząbkowicki,Stoszowice,gmina wiejska,0224042,2021,nowy,,,,,,,,,,
3877,dolnośląskie,ząbkowicki,Stoszowice,gmina wiejska,0224042,2022,nowy,,,,,,,,,,
3878,dolnośląskie,ząbkowicki,Stoszowice,gmina wiejska,0224042,2023,nowy,,,,,,,,,,
3879,dolnośląskie,ząbkowicki,Stoszowice,gmina wiejska,0224042,2024,nowy,,,,,,,,,,
3880,dolnośląskie,ząbkowicki,Stoszowice,gmina wiejska,0224042,2025,nowy,,,,,,,,,,
3881,dolnośląskie,ząbkowicki,Ząbkowice Śląskie,gmina miejsko-wiejska,0224053,2018,nowy,,,,,,,,,,
3882,dolnośląskie,ząbkowicki,Ząbkowice Śląskie,gmina miejsko-wiejska,0224053,2019,nowy,,,,,,,,,,
3883,dolnośląskie,ząbkowicki,Ząbkowice Śląskie,gmina miejsko-wiejska,0224053,2020,nowy,,,,,,,,,,
3884,dolnośląskie,ząbkowicki,Ząbkowice Śląskie,gmina miejsko-wiejska,0224053,2021,nowy,,,,,,,,,,
3885,dolnośląskie,ząbkowicki,Ząbkowice Śląskie,gmina miejsko-wiejska,0224053,2022,nowy,,,,,,,,,,
3886,dolnośląskie,ząbkowicki,Ząbkowice Śląskie,gmina miejsko-wiejska,0224053,2023,nowy,,,,,,,,,,
3887,dolnośląskie,ząbkowicki,Ząbkowice Śląskie,gmina miejsko-wiejska,0224053,2024,nowy,,,,,,,,,,
3888,dolnośląskie,ząbkowicki,Ząbkowice Śląskie,gmina miejsko-wiejska,0224053,2025,nowy,,,,,,,,,,
3889,dolnośląskie,ząbkowicki,Ziębice,gmina miejsko-wiejska,0224063,2018,nowy,,,,,,,,,,
3890,dolnośląskie,ząbkowicki,Ziębice,gmina miejsko-wiejska,0224063,2019,nowy,,,,,,,,,,
3891,dolnośląskie,ząbkowicki,Ziębice,gmina miejsko-wiejska,0224063,2020,nowy,,,,,,,,,,
3892,dolnośląskie,ząbkowicki,Ziębice,gmina miejsko-wiejska,0224063,2021,nowy,,,,,,,,,,
3893,dolnośląskie,ząbkowicki,Ziębice,gmina miejsko-wiejska,0224063,2022,nowy,,,,,,,,,,
3894,dolnośląskie,ząbkowicki,Ziębice,gmina miejsko-wiejska,0224063,2023,nowy,,,,,,,,,,
3895,dolnośląskie,ząbkowicki,Ziębice,gmina miejsko-wiejska,0224063,2024,nowy,,,,,,,,,,
3896,dolnośląskie,ząbkowicki,Ziębice,gmina miejsko-wiejska,0224063,2025,nowy,,,,,,,,,,
3897,dolnośląskie,ząbkowicki,Złoty Stok,gmina miejsko-wiejska,0224073,2018,nowy,,,,,,,,,,
3898,dolnośląskie,ząbkowicki,Złoty Stok,gmina miejsko-wiejska,0224073,2019,nowy,,,,,,,,,,
3899,dolnośląskie,ząbkowicki,Złoty Stok,gmina miejsko-wiejska,0224073,2020,nowy,,,,,,,,,,
3900,dolnośląskie,ząbkowicki,Złoty Stok,gmina miejsko-wiejska,0224073,2021,nowy,,,,,,,,,,
3901,dolnośląskie,ząbkowicki,Złoty Stok,gmina miejsko-wiejska,0224073,2022,nowy,,,,,,,,,,
3902,dolnośląskie,ząbkowicki,Złoty Stok,gmina miejsko-wiejska,0224073,2023,nowy,,,,,,,,,,
3903,dolnośląskie,ząbkowicki,Złoty Stok,gmina miejsko-wiejska,0224073,2024,nowy,,,,,,,,,,
3904,dolnośląskie,ząbkowicki,Złoty Stok,gmina miejsko-wiejska,0224073,2025,nowy,,,,,,,,,,
3905,dolnośląskie,zgorzelecki,-,-,0225,2018,nowy,,,,,,,,,,
3906,dolnośląskie,zgorzelecki,-,-,0225,2019,nowy,,,,,,,,,,
3907,dolnośląskie,zgorzelecki,-,-,0225,2020,nowy,,,,,,,,,,
3908,dolnośląskie,zgorzelecki,-,-,0225,2021,nowy,,,,,,,,,,
3909,dolnośląskie,zgorzelecki,-,-,0225,2022,nowy,,,,,,,,,,
3910,dolnośląskie,zgorzelecki,-,-,0225,2023,nowy,,,,,,,,,,
3911,dolnośląskie,zgorzelecki,-,-,0225,2024,nowy,,,,,,,,,,
3912,dolnośląskie,zgorzelecki,-,-,0225,2025,nowy,,,,,,,,,,
3913,dolnośląskie,zgorzelecki,Zawidów,gmina miejska,0225011,2018,nowy,,,,,,,,,,
3914,dolnośląskie,zgorzelecki,Zawidów,gmina miejska,0225011,2019,nowy,,,,,,,,,,
3915,dolnośląskie,zgorzelecki,Zawidów,gmina miejska,0225011,2020,nowy,,,,,,,,,,
3916,dolnośląskie,zgorzelecki,Zawidów,gmina miejska,0225011,2021,nowy,,,,,,,,,,
3917,dolnośląskie,zgorzelecki,Zawidów,gmina miejska,0225011,2022,nowy,,,,,,,,,,
3918,dolnośląskie,zgorzelecki,Zawidów,gmina miejska,0225011,2023,nowy,,,,,,,,,,
3919,dolnośląskie,zgorzelecki,Zawidów,gmina miejska,0225011,2024,nowy,,,,,,,,,,
3920,dolnośląskie,zgorzelecki,Zawidów,gmina miejska,0225011,2025,nowy,,,,,,,,,,
3921,dolnośląskie,zgorzelecki,Zgorzelec,gmina miejska,0225021,2018,nowy,,,,,,,,,,
3922,dolnośląskie,zgorzelecki,Zgorzelec,gmina miejska,0225021,2019,nowy,,,,,,,,,,
3923,dolnośląskie,zgorzelecki,Zgorzelec,gmina miejska,0225021,2020,nowy,,,,,,,,,,
3924,dolnośląskie,zgorzelecki,Zgorzelec,gmina miejska,0225021,2021,nowy,,,,,,,,,,
3925,dolnośląskie,zgorzelecki,Zgorzelec,gmina miejska,0225021,2022,nowy,,,,,,,,,,
3926,dolnośląskie,zgorzelecki,Zgorzelec,gmina miejska,0225021,2023,nowy,,,,,,,,,,
3927,dolnośląskie,zgorzelecki,Zgorzelec,gmina miejska,0225021,2024,nowy,,,,,,,,,,
3928,dolnośląskie,zgorzelecki,Zgorzelec,gmina miejska,0225021,2025,nowy,,,,,,,,,,
3929,dolnośląskie,zgorzelecki,Bogatynia,gmina miejsko-wiejska,0225033,2018,nowy,,,,,,,,,,
3930,dolnośląskie,zgorzelecki,Bogatynia,gmina miejsko-wiejska,0225033,2019,nowy,,,,,,,,,,
3931,dolnośląskie,zgorzelecki,Bogatynia,gmina miejsko-wiejska,0225033,2020,nowy,,,,,,,,,,
3932,dolnośląskie,zgorzelecki,Bogatynia,gmina miejsko-wiejska,0225033,2021,nowy,,,,,,,,,,
3933,dolnośląskie,zgorzelecki,Bogatynia,gmina miejsko-wiejska,0225033,2022,nowy,,,,,,,,,,
3934,dolnośląskie,zgorzelecki,Bogatynia,gmina miejsko-wiejska,0225033,2023,nowy,,,,,,,,,,
3935,dolnośląskie,zgorzelecki,Bogatynia,gmina miejsko-wiejska,0225033,2024,nowy,,,,,,,,,,
3936,dolnośląskie,zgorzelecki,Bogatynia,gmina miejsko-wiejska,0225033,2025,nowy,,,,,,,,,,
3937,dolnośląskie,zgorzelecki,Pieńsk,gmina miejsko-wiejska,0225043,2018,nowy,,,,,,,,,,
3938,dolnośląskie,zgorzelecki,Pieńsk,gmina miejsko-wiejska,0225043,2019,nowy,,,,,,,,,,
3939,dolnośląskie,zgorzelecki,Pieńsk,gmina miejsko-wiejska,0225043,2020,nowy,,,,,,,,,,
3940,dolnośląskie,zgorzelecki,Pieńsk,gmina miejsko-wiejska,0225043,2021,nowy,,,,,,,,,,
3941,dolnośląskie,zgorzelecki,Pieńsk,gmina miejsko-wiejska,0225043,2022,nowy,,,,,,,,,,
3942,dolnośląskie,zgorzelecki,Pieńsk,gmina miejsko-wiejska,0225043,2023,nowy,,,,,,,,,,
3943,dolnośląskie,zgorzelecki,Pieńsk,gmina miejsko-wiejska,0225043,2024,nowy,,,,,,,,,,
3944,dolnośląskie,zgorzelecki,Pieńsk,gmina miejsko-wiejska,0225043,2025,nowy,,,,,,,,,,
3945,dolnośląskie,zgorzelecki,Sulików,gmina wiejska,0225052,2018,nowy,,,,,,,,,,
3946,dolnośląskie,zgorzelecki,Sulików,gmina wiejska,0225052,2019,nowy,,,,,,,,,,
3947,dolnośląskie,zgorzelecki,Sulików,gmina wiejska,0225052,2020,nowy,,,,,,,,,,
3948,dolnośląskie,zgorzelecki,Sulików,gmina wiejska,0225052,2021,nowy,,,,,,,,,,
3949,dolnośląskie,zgorzelecki,Sulików,gmina wiejska,0225052,2022,nowy,,,,,,,,,,
3950,dolnośląskie,zgorzelecki,Sulików,gmina wiejska,0225052,2023,nowy,,,,,,,,,,
3951,dolnośląskie,zgorzelecki,Sulików,gmina wiejska,0225052,2024,nowy,,,,,,,,,,
3952,dolnośląskie,zgorzelecki,Sulików,gmina wiejska,0225052,2025,nowy,,,,,,,,,,
3953,dolnośląskie,zgorzelecki,Węgliniec,gmina miejsko-wiejska,0225063,2018,nowy,,,,,,,,,,
3954,dolnośląskie,zgorzelecki,Węgliniec,gmina miejsko-wiejska,0225063,2019,nowy,,,,,,,,,,
3955,dolnośląskie,zgorzelecki,Węgliniec,gmina miejsko-wiejska,0225063,2020,nowy,,,,,,,,,,
3956,dolnośląskie,zgorzelecki,Węgliniec,gmina miejsko-wiejska,0225063,2021,nowy,,,,,,,,,,
3957,dolnośląskie,zgorzelecki,Węgliniec,gmina miejsko-wiejska,0225063,2022,nowy,,,,,,,,,,
3958,dolnośląskie,zgorzelecki,Węgliniec,gmina miejsko-wiejska,0225063,2023,nowy,,,,,,,,,,
3959,dolnośląskie,zgorzelecki,Węgliniec,gmina miejsko-wiejska,0225063,2024,nowy,,,,,,,,,,
3960,dolnośląskie,zgorzelecki,Węgliniec,gmina miejsko-wiejska,0225063,2025,nowy,,,,,,,,,,
3961,dolnośląskie,zgorzelecki,Zgorzelec,gmina wiejska,0225072,2018,nowy,,,,,,,,,,
3962,dolnośląskie,zgorzelecki,Zgorzelec,gmina wiejska,0225072,2019,nowy,,,,,,,,,,
3963,dolnośląskie,zgorzelecki,Zgorzelec,gmina wiejska,0225072,2020,nowy,,,,,,,,,,
3964,dolnośląskie,zgorzelecki,Zgorzelec,gmina wiejska,0225072,2021,nowy,,,,,,,,,,
3965,dolnośląskie,zgorzelecki,Zgorzelec,gmina wiejska,0225072,2022,nowy,,,,,,,,,,
3966,dolnośląskie,zgorzelecki,Zgorzelec,gmina wiejska,0225072,2023,nowy,,,,,,,,,,
3967,dolnośląskie,zgorzelecki,Zgorzelec,gmina wiejska,0225072,2024,nowy,,,,,,,,,,
3968,dolnośląskie,zgorzelecki,Zgorzelec,gmina wiejska,0225072,2025,nowy,,,,,,,,,,
3969,dolnośląskie,złotoryjski,-,-,0226,2018,nowy,,,,,,,,,,
3970,dolnośląskie,złotoryjski,-,-,0226,2019,nowy,,,,,,,,,,
3971,dolnośląskie,złotoryjski,-,-,0226,2020,nowy,,,,,,,,,,
3972,dolnośląskie,złotoryjski,-,-,0226,2021,nowy,,,,,,,,,,
3973,dolnośląskie,złotoryjski,-,-,0226,2022,nowy,,,,,,,,,,
3974,dolnośląskie,złotoryjski,-,-,0226,2023,nowy,,,,,,,,,,
3975,dolnośląskie,złotoryjski,-,-,0226,2024,nowy,,,,,,,,,,
3976,dolnośląskie,złotoryjski,-,-,0226,2025,nowy,,,,,,,,,,
3977,dolnośląskie,złotoryjski,Wojcieszów,gmina miejska,0226011,2018,nowy,,,,,,,,,,
3978,dolnośląskie,złotoryjski,Wojcieszów,gmina miejska,0226011,2019,nowy,,,,,,,,,,
3979,dolnośląskie,złotoryjski,Wojcieszów,gmina miejska,0226011,2020,nowy,,,,,,,,,,
3980,dolnośląskie,złotoryjski,Wojcieszów,gmina miejska,0226011,2021,nowy,,,,,,,,,,
3981,dolnośląskie,złotoryjski,Wojcieszów,gmina miejska,0226011,2022,nowy,,,,,,,,,,
3982,dolnośląskie,złotoryjski,Wojcieszów,gmina miejska,0226011,2023,nowy,,,,,,,,,,
3983,dolnośląskie,złotoryjski,Wojcieszów,gmina miejska,0226011,2024,nowy,,,,,,,,,,
3984,dolnośląskie,złotoryjski,Wojcieszów,gmina miejska,0226011,2025,nowy,,,,,,,,,,
3985,dolnośląskie,złotoryjski,Złotoryja,gmina miejska,0226021,2018,nowy,,,,,,,,,,
3986,dolnośląskie,złotoryjski,Złotoryja,gmina miejska,0226021,2019,nowy,,,,,,,,,,
3987,dolnośląskie,złotoryjski,Złotoryja,gmina miejska,0226021,2020,nowy,,,,,,,,,,
3988,dolnośląskie,złotoryjski,Złotoryja,gmina miejska,0226021,2021,nowy,,,,,,,,,,
3989,dolnośląskie,złotoryjski,Złotoryja,gmina miejska,0226021,2022,nowy,,,,,,,,,,
3990,dolnośląskie,złotoryjski,Złotoryja,gmina miejska,0226021,2023,nowy,,,,,,,,,,
3991,dolnośląskie,złotoryjski,Złotoryja,gmina miejska,0226021,2024,nowy,,,,,,,,,,
3992,dolnośląskie,złotoryjski,Złotoryja,gmina miejska,0226021,2025,nowy,,,,,,,,,,
3993,dolnośląskie,złotoryjski,Pielgrzymka,gmina wiejska,0226032,2018,nowy,,,,,,,,,,
3994,dolnośląskie,złotoryjski,Pielgrzymka,gmina wiejska,0226032,2019,nowy,,,,,,,,,,
3995,dolnośląskie,złotoryjski,Pielgrzymka,gmina wiejska,0226032,2020,nowy,,,,,,,,,,
3996,dolnośląskie,złotoryjski,Pielgrzymka,gmina wiejska,0226032,2021,nowy,,,,,,,,,,
3997,dolnośląskie,złotoryjski,Pielgrzymka,gmina wiejska,0226032,2022,nowy,,,,,,,,,,
3998,dolnośląskie,złotoryjski,Pielgrzymka,gmina wiejska,0226032,2023,nowy,,,,,,,,,,
3999,dolnośląskie,złotoryjski,Pielgrzymka,gmina wiejska,0226032,2024,nowy,,,,,,,,,,
4000,dolnośląskie,złotoryjski,Pielgrzymka,gmina wiejska,0226032,2025,nowy,,,,,,,,,,
4001,dolnośląskie,złotoryjski,Świerzawa,gmina miejsko-wiejska,0226043,2018,nowy,,,,,,,,,,
4002,dolnośląskie,złotoryjski,Świerzawa,gmina miejsko-wiejska,0226043,2019,nowy,,,,,,,,,,
4003,dolnośląskie,złotoryjski,Świerzawa,gmina miejsko-wiejska,0226043,2020,nowy,,,,,,,,,,
4004,dolnośląskie,złotoryjski,Świerzawa,gmina miejsko-wiejska,0226043,2021,nowy,,,,,,,,,,
4005,dolnośląskie,złotoryjski,Świerzawa,gmina miejsko-wiejska,0226043,2022,nowy,,,,,,,,,,
4006,dolnośląskie,złotoryjski,Świerzawa,gmina miejsko-wiejska,0226043,2023,nowy,,,,,,,,,,
4007,dolnośląskie,złotoryjski,Świerzawa,gmina miejsko-wiejska,0226043,2024,nowy,,,,,,,,,,
4008,dolnośląskie,złotoryjski,Świerzawa,gmina miejsko-wiejska,0226043,2025,nowy,,,,,,,,,,
4009,dolnośląskie,złotoryjski,Zagrodno,gmina wiejska,0226052,2018,nowy,,,,,,,,,,
4010,dolnośląskie,złotoryjski,Zagrodno,gmina wiejska,0226052,2019,nowy,,,,,,,,,,
4011,dolnośląskie,złotoryjski,Zagrodno,gmina wiejska,0226052,2020,nowy,,,,,,,,,,
4012,dolnośląskie,złotoryjski,Zagrodno,gmina wiejska,0226052,2021,nowy,,,,,,,,,,
4013,dolnośląskie,złotoryjski,Zagrodno,gmina wiejska,0226052,2022,nowy,,,,,,,,,,
4014,dolnośląskie,złotoryjski,Zagrodno,gmina wiejska,0226052,2023,nowy,,,,,,,,,,
4015,dolnośląskie,złotoryjski,Zagrodno,gmina wiejska,0226052,2024,nowy,,,,,,,,,,
4016,dolnośląskie,złotoryjski,Zagrodno,gmina wiejska,0226052,2025,nowy,,,,,,,,,,
4017,dolnośląskie,złotoryjski,Złotoryja,gmina wiejska,0226062,2018,nowy,,,,,,,,,,
4018,dolnośląskie,złotoryjski,Złotoryja,gmina wiejska,0226062,2019,nowy,,,,,,,,,,
4019,dolnośląskie,złotoryjski,Złotoryja,gmina wiejska,0226062,2020,nowy,,,,,,,,,,
4020,dolnośląskie,złotoryjski,Złotoryja,gmina wiejska,0226062,2021,nowy,,,,,,,,,,
4021,dolnośląskie,złotoryjski,Złotoryja,gmina wiejska,0226062,2022,nowy,,,,,,,,,,
4022,dolnośląskie,złotoryjski,Złotoryja,gmina wiejska,0226062,2023,nowy,,,,,,,,,,
4023,dolnośląskie,złotoryjski,Złotoryja,gmina wiejska,0226062,2024,nowy,,,,,,,,,,
4024,dolnośląskie,złotoryjski,Złotoryja,gmina wiejska,0226062,2025,nowy,,,,,,,,,,
4025,dolnośląskie,m. Jelenia Góra,-,-,0261,2018,nowy,,,,,,,,,,
4026,dolnośląskie,m. Jelenia Góra,-,-,0261,2019,nowy,,,,,,,,,,
4027,dolnośląskie,m. Jelenia Góra,-,-,0261,2020,nowy,,,,,,,,,,
4028,dolnośląskie,m. Jelenia Góra,-,-,0261,2021,nowy,,,,,,,,,,
4029,dolnośląskie,m. Jelenia Góra,-,-,0261,2022,nowy,,,,,,,,,,
4030,dolnośląskie,m. Jelenia Góra,-,-,0261,2023,nowy,,,,,,,,,,
4031,dolnośląskie,m. Jelenia Góra,-,-,0261,2024,nowy,,,,,,,,,,
4032,dolnośląskie,m. Jelenia Góra,-,-,0261,2025,nowy,,,,,,,,,,
4033,dolnośląskie,m. Jelenia Góra,Jelenia Góra,gmina miejska (miasto na prawach powiatu),0261011,2018,nowy,,,,,,,,,,
4034,dolnośląskie,m. Jelenia Góra,Jelenia Góra,gmina miejska (miasto na prawach powiatu),0261011,2019,nowy,,,,,,,,,,
4035,dolnośląskie,m. Jelenia Góra,Jelenia Góra,gmina miejska (miasto na prawach powiatu),0261011,2020,nowy,,,,,,,,,,
4036,dolnośląskie,m. Jelenia Góra,Jelenia Góra,gmina miejska (miasto na prawach powiatu),0261011,2021,nowy,,,,,,,,,,
4037,dolnośląskie,m. Jelenia Góra,Jelenia Góra,gmina miejska (miasto na prawach powiatu),0261011,2022,nowy,,,,,,,,,,
4038,dolnośląskie,m. Jelenia Góra,Jelenia Góra,gmina miejska (miasto na prawach powiatu),0261011,2023,nowy,,,,,,,,,,
4039,dolnośląskie,m. Jelenia Góra,Jelenia Góra,gmina miejska (miasto na prawach powiatu),0261011,2024,nowy,,,,,,,,,,
4040,dolnośląskie,m. Jelenia Góra,Jelenia Góra,gmina miejska (miasto na prawach powiatu),0261011,2025,nowy,,,,,,,,,,
4041,dolnośląskie,m. Legnica,-,-,0262,2018,nowy,,,,,,,,,,
4042,dolnośląskie,m. Legnica,-,-,0262,2019,nowy,,,,,,,,,,
4043,dolnośląskie,m. Legnica,-,-,0262,2020,nowy,,,,,,,,,,
4044,dolnośląskie,m. Legnica,-,-,0262,2021,nowy,,,,,,,,,,
4045,dolnośląskie,m. Legnica,-,-,0262,2022,nowy,,,,,,,,,,
4046,dolnośląskie,m. Legnica,-,-,0262,2023,nowy,,,,,,,,,,
4047,dolnośląskie,m. Legnica,-,-,0262,2024,nowy,,,,,,,,,,
4048,dolnośląskie,m. Legnica,-,-,0262,2025,nowy,,,,,,,,,,
4049,dolnośląskie,m. Legnica,Legnica,gmina miejska (miasto na prawach powiatu),0262011,2018,nowy,,,,,,,,,,
4050,dolnośląskie,m. Legnica,Legnica,gmina miejska (miasto na prawach powiatu),0262011,2019,nowy,,,,,,,,,,
4051,dolnośląskie,m. Legnica,Legnica,gmina miejska (miasto na prawach powiatu),0262011,2020,nowy,,,,,,,,,,
4052,dolnośląskie,m. Legnica,Legnica,gmina miejska (miasto na prawach powiatu),0262011,2021,nowy,,,,,,,,,,
4053,dolnośląskie,m. Legnica,Legnica,gmina miejska (miasto na prawach powiatu),0262011,2022,nowy,,,,,,,,,,
4054,dolnośląskie,m. Legnica,Legnica,gmina miejska (miasto na prawach powiatu),0262011,2023,nowy,,,,,,,,,,
4055,dolnośląskie,m. Legnica,Legnica,gmina miejska (miasto na prawach powiatu),0262011,2024,nowy,,,,,,,,,,
4056,dolnośląskie,m. Legnica,Legnica,gmina miejska (miasto na prawach powiatu),0262011,2025,nowy,,,,,,,,,,
4057,dolnośląskie,m. Wrocław,-,-,0264,2018,nowy,,,,,,,,,,
4058,dolnośląskie,m. Wrocław,-,-,0264,2019,nowy,,,,,,,,,,
4059,dolnośląskie,m. Wrocław,-,-,0264,2020,nowy,,,,,,,,,,
4060,dolnośląskie,m. Wrocław,-,-,0264,2021,nowy,,,,,,,,,,
4061,dolnośląskie,m. Wrocław,-,-,0264,2022,nowy,,,,,,,,,,
4062,dolnośląskie,m. Wrocław,-,-,0264,2023,nowy,,,,,,,,,,
4063,dolnośląskie,m. Wrocław,-,-,0264,2024,nowy,,,,,,,,,,
4064,dolnośląskie,m. Wrocław,-,-,0264,2025,nowy,,,,,,,,,,
4065,dolnośląskie,m. Wrocław,Wrocław,gmina miejska (miasto na prawach powiatu),0264011,2018,nowy,,,,,,,,,,
4066,dolnośląskie,m. Wrocław,Wrocław,gmina miejska (miasto na prawach powiatu),0264011,2019,nowy,,,,,,,,,,
4067,dolnośląskie,m. Wrocław,Wrocław,gmina miejska (miasto na prawach powiatu),0264011,2020,nowy,,,,,,,,,,
4068,dolnośląskie,m. Wrocław,Wrocław,gmina miejska (miasto na prawach powiatu),0264011,2021,nowy,,,,,,,,,,
4069,dolnośląskie,m. Wrocław,Wrocław,gmina miejska (miasto na prawach powiatu),0264011,2022,nowy,,,,,,,,,,
4070,dolnośląskie,m. Wrocław,Wrocław,gmina miejska (miasto na prawach powiatu),0264011,2023,nowy,,,,,,,,,,
4071,dolnośląskie,m. Wrocław,Wrocław,gmina miejska (miasto na prawach powiatu),0264011,2024,nowy,,,,,,,,,,
4072,dolnośląskie,m. Wrocław,Wrocław,gmina miejska (miasto na prawach powiatu),0264011,2025,nowy,,,,,,,,,,
4073,dolnośląskie,m. Wałbrzych,-,-,0265,2018,nowy,,,,,,,,,,
4074,dolnośląskie,m. Wałbrzych,-,-,0265,2019,nowy,,,,,,,,,,
4075,dolnośląskie,m. Wałbrzych,-,-,0265,2020,nowy,,,,,,,,,,
4076,dolnośląskie,m. Wałbrzych,-,-,0265,2021,nowy,,,,,,,,,,
4077,dolnośląskie,m. Wałbrzych,-,-,0265,2022,nowy,,,,,,,,,,
4078,dolnośląskie,m. Wałbrzych,-,-,0265,2023,nowy,,,,,,,,,,
4079,dolnośląskie,m. Wałbrzych,-,-,0265,2024,nowy,,,,,,,,,,
4080,dolnośląskie,m. Wałbrzych,-,-,0265,2025,nowy,,,,,,,,,,
4081,dolnośląskie,m. Wałbrzych,Wałbrzych,gmina miejska (miasto na prawach powiatu),0265011,2018,nowy,,,,,,,,,,
4082,dolnośląskie,m. Wałbrzych,Wałbrzych,gmina miejska (miasto na prawach powiatu),0265011,2019,nowy,,,,,,,,,,
4083,dolnośląskie,m. Wałbrzych,Wałbrzych,gmina miejska (miasto na prawach powiatu),0265011,2020,nowy,,,,,,,,,,
4084,dolnośląskie,m. Wałbrzych,Wałbrzych,gmina miejska (miasto na prawach powiatu),0265011,2021,nowy,,,,,,,,,,
4085,dolnośląskie,m. Wałbrzych,Wałbrzych,gmina miejska (miasto na prawach powiatu),0265011,2022,nowy,,,,,,,,,,
4086,dolnośląskie,m. Wałbrzych,Wałbrzych,gmina miejska (miasto na prawach powiatu),0265011,2023,nowy,,,,,,,,,,
4087,dolnośląskie,m. Wałbrzych,Wałbrzych,gmina miejska (miasto na prawach powiatu),0265011,2024,nowy,,,,,,,,,,
4088,dolnośląskie,m. Wałbrzych,Wałbrzych,gmina miejska (miasto na prawach powiatu),0265011,2025,nowy,,,,,,,,,,
