row_idx,województwo,powiat,gmina,typ gminy,TERYT,rok_raportu,status,ext_dokumentu,zawartosc,url,metoda_pozyskania,hash dokumentu,status komunikatu,dt_utc_finalne,failure_reason,file_size_MB,existed
5433,lubelskie,-,-,-,06,2018,ok_finalnie,pdf,tekst (215 stron),https://strategia.lubelskie.pl/rot/raport/raport.stan/raport.stan.2018.pdf,"direct_without_tor (web search → strategia.lubelskie.pl/rot/raport/raport.stan/, wzorzec rocznikowy zweryfikowany treścią)",cebed1356c9574600cebb60a5b39f0c5d578104e3c6d6f6b9b038601de908629,200,2026-09-14T09:41:38Z,"Raport o stanie Województwa Lubelskiego za 2018 rok („Podsumowanie działalności Zarządu WL w 2018 roku”); art. 34a u.s.w.; Zarząd Województwa Lubelskiego, Lublin; 215 str.",5.748,true
5434,lubelskie,-,-,-,06,2019,ok_finalnie,pdf,tekst (161 stron),https://strategia.lubelskie.pl/rot/raport/raport.stan/raport.stan.2019.pdf,"direct_without_tor (web search → strategia.lubelskie.pl/rot/raport/raport.stan/, wzorzec rocznikowy zweryfikowany treścią)",1c307cfdb692347b8dec05416e6c4c847a9317412ac66bb2425760cf0b9863d2,200,2026-09-14T09:41:38Z,"Raport o stanie Województwa Lubelskiego za 2019 rok (okładka: „Lublin, maj 2020”; treść: „w 2019 roku” ×22); art. 34a u.s.w.; 161 str.",2.593,true
5435,lubelskie,-,-,-,06,2020,ok_finalnie,pdf,tekst (184 stron),https://strategia.lubelskie.pl/rot/raport/raport.stan/raport.stan.2020.pdf,"direct_without_tor (web search → strategia.lubelskie.pl/rot/raport/raport.stan/, wzorzec rocznikowy zweryfikowany treścią)",6ef4c4ebb3b8779fa4e920e9724b567cae844a1779f5f09c011986e1f210c5f3,200,2026-09-14T09:41:38Z,Raport o stanie Województwa Lubelskiego za 2020 rok; art. 34a u.s.w.; 184 str.,3.041,true
5436,lubelskie,-,-,-,06,2021,ok_finalnie,pdf,tekst (217 stron),https://strategia.lubelskie.pl/rot/raport/raport.stan/raport.stan.2021.pdf,"direct_without_tor (web search → strategia.lubelskie.pl/rot/raport/raport.stan/, wzorzec rocznikowy zweryfikowany treścią)",0afd902f378fc820bca4985d2f56a5ffc8117773f29716815ea0095e7feef24f,200,2026-09-14T09:41:38Z,Raport o stanie Województwa Lubelskiego za 2021 rok (okładka „ZA 2021 ROK”); art. 34a u.s.w.; 217 str.,5.524,true
5437,lubelskie,-,-,-,06,2022,ok_finalnie,pdf,tekst (278 stron),https://strategia.lubelskie.pl/rot/raport/raport.stan/raport.stan.2022.pdf,"direct_without_tor (web search → strategia.lubelskie.pl/rot/raport/raport.stan/, wzorzec rocznikowy zweryfikowany treścią)",99baded190ad744f2ec7e8a60686918899e94df99e571733f593cac4a7736565,200,2026-09-14T09:41:38Z,Raport o stanie Województwa Lubelskiego za 2022 rok; art. 34a u.s.w.; 278 str.,13.531,true
5438,lubelskie,-,-,-,06,2023,ok_finalnie,pdf,tekst (231 stron),https://strategia.lubelskie.pl/rot/raport/raport.stan/raport.stan.2023.pdf,"direct_without_tor (web search → strategia.lubelskie.pl/rot/raport/raport.stan/, wzorzec rocznikowy zweryfikowany treścią)",a62ead4a28d154724d246d3a76d818429b6e03238d29a7bebcdbfd5ffc851065,200,2026-09-14T09:41:38Z,Raport o stanie Województwa Lubelskiego za 2023 rok (uchwała ZWL V/55/2024 z 21.05.2024); art. 34a u.s.w.; 231 str.,9.234,true
5439,lubelskie,-,-,-,06,2024,ok_finalnie,pdf,tekst (239 stron),https://strategia.lubelskie.pl/rot/raport/raport.stan/raport.stan.2024.pdf,"direct_without_tor (web search → strategia.lubelskie.pl/rot/raport/raport.stan/, wzorzec rocznikowy zweryfikowany treścią)",46fa4e7fc215db1e7ab819da30fba376cc1df9f6f07b8b7c50519391ed40c111,200,2026-09-14T09:41:38Z,Raport o stanie Województwa Lubelskiego za 2024 rok (siódma edycja; uchwała ZWL CXXVII/2298/2025 z 23.05.2025); art. 34a u.s.w.; 239 str.,9.39,true
5440,lubelskie,-,-,-,06,2025,ok_finalnie,pdf,tekst (263 stron),https://strategia.lubelskie.pl/rot/raport/raport.stan/raport.stan.2025.pdf,"direct_without_tor (web search → strategia.lubelskie.pl/rot/raport/raport.stan/, wzorzec rocznikowy zweryfikowany treścią)",ab087321f1a1da5acd7b9a89a30a702aca7ccb9cd480272f282fc8e3140b7b0e,200,2026-09-14T09:41:38Z,Raport o stanie Województwa Lubelskiego za 2025 rok; art. 34a u.s.w.; 263 str.,12.855,true
5441,lubelskie,bialski,-,-,0601,2018,ok_finalnie,pdf,tekst (205 stron),https://spbialapodlaska.bip.lubelskie.pl/upload/pliki/Raport_o_stanie_powiatu_bialskiego_za_2018.pdf,"direct_without_tor (BIP spbialapodlaska.bip.lubelskie.pl: list-ajax → uchwały Zarządu → details → załącznik; raport potwierdzony tytułem „RAPORT O STANIE POWIATU BIALSKIEGO ZA 2018 ROK"")",dfbcee1daa70f13012290abcc2eb5dd1d88889f2002680325e5a6bd435298d34,200,2026-09-14T09:45:09Z,Raport o stanie Powiatu Bialskiego za 2018 rok; Starostwo Powiatowe w Białej Podlaskiej (TERYT 0601); art. 30a u.s.p.; plik samodzielny; przyjęty uchwałą ZP nr 93/2019 (doc 1391690); 205 str.,3.765,true
5442,lubelskie,bialski,-,-,0601,2019,ok_finalnie,pdf,tekst (217 stron),https://spbialapodlaska.bip.lubelskie.pl/upload/pliki/zal_nr_1_uchw_zarz_259_2020_-_Raport_o_stanie_powiatu_za_2019_rok.pdf,"direct_without_tor (BIP spbialapodlaska.bip.lubelskie.pl: list-ajax → uchwały Zarządu → details → załącznik; raport potwierdzony tytułem „RAPORT O STANIE POWIATU BIALSKIEGO ZA 2019 ROK"")",aadcdc2745a52c60106740c6373f3e3547097d3a95842cfd64958fd490934b67,200,2026-09-14T09:45:09Z,Raport o stanie Powiatu Bialskiego za 2019 rok; Starostwo Powiatowe w Białej Podlaskiej (TERYT 0601); art. 30a u.s.p.; zał. nr 1 do uchwały ZP nr 259/2020; 217 str.,3.817,true
5443,lubelskie,bialski,-,-,0601,2020,ok_finalnie,pdf,tekst (276 stron),https://spbialapodlaska.bip.lubelskie.pl/upload/pliki/zalacznik_405_2021_Raport_o_stanie_powiatu_za_2020_.pdf,"direct_without_tor (BIP spbialapodlaska.bip.lubelskie.pl: list-ajax → uchwały Zarządu → details → załącznik; raport potwierdzony tytułem „RAPORT O STANIE POWIATU BIALSKIEGO ZA 2020 ROK"")",e95d7e084324a1ba36290176b169a914cae4b8c31e346478da85256e7c130e99,200,2026-09-14T09:45:09Z,Raport o stanie Powiatu Bialskiego za 2020 rok; Starostwo Powiatowe w Białej Podlaskiej (TERYT 0601); art. 30a u.s.p.; załącznik do uchwały ZP nr 405/2021; 276 str.,3.95,true
5444,lubelskie,bialski,-,-,0601,2021,ok_finalnie,pdf,tekst (256 stron),https://spbialapodlaska.bip.lubelskie.pl/upload/pliki/560_2022_zalacznik_Nr_1.pdf,"direct_without_tor (BIP spbialapodlaska.bip.lubelskie.pl: list-ajax → uchwały Zarządu → details → załącznik; raport potwierdzony tytułem „RAPORT O STANIE POWIATU BIALSKIEGO ZA 2021 ROK"")",828dccaca4151180163b6f2ff98ab27b084a69b48d7fec21ee6407b5acc00cb6,200,2026-09-14T09:45:09Z,Raport o stanie Powiatu Bialskiego za 2021 rok; Starostwo Powiatowe w Białej Podlaskiej (TERYT 0601); art. 30a u.s.p.; zał. nr 1 do uchwały ZP nr 560/2022; 256 str.,4.098,true
5445,lubelskie,bialski,-,-,0601,2022,ok_finalnie,pdf,tekst (271 stron),https://spbialapodlaska.bip.lubelskie.pl/upload/pliki/745-2023-zalacznik-nr-1.pdf,"direct_without_tor (BIP spbialapodlaska.bip.lubelskie.pl: list-ajax → uchwały Zarządu → details → załącznik; raport potwierdzony tytułem „RAPORT O STANIE POWIATU BIALSKIEGO ZA 2022 ROK"")",c2051e79bd8ffc2c44cab4dc175908beb4ed02a3bf2aa92e8c003c7519413af9,200,2026-09-14T09:45:09Z,Raport o stanie Powiatu Bialskiego za 2022 rok; Starostwo Powiatowe w Białej Podlaskiej (TERYT 0601); art. 30a u.s.p.; zał. nr 1 do uchwały ZP nr 745/2023; 271 str.,3.772,true
5446,lubelskie,bialski,-,-,0601,2023,ok_finalnie,pdf,tekst (272 stron),https://spbialapodlaska.bip.lubelskie.pl/upload/pliki/13_2024_zalacznik1.pdf,"direct_without_tor (BIP spbialapodlaska.bip.lubelskie.pl: list-ajax → uchwały Zarządu → details → załącznik; raport potwierdzony tytułem „RAPORT O STANIE POWIATU BIALSKIEGO ZA 2023 ROK"")",17620bc57ba04b45e919d23403b0913781956f70e34b2f1412081d922c0dd9e4,200,2026-09-14T09:45:09Z,Raport o stanie Powiatu Bialskiego za 2023 rok; Starostwo Powiatowe w Białej Podlaskiej (TERYT 0601); art. 30a u.s.p.; zał. nr 1 do uchwały ZP nr 13/2024 z 28.05.2024; 272 str.,4.231,true
5447,lubelskie,bialski,-,-,0601,2024,ok_finalnie,pdf,tekst (305 stron),https://spbialapodlaska.bip.lubelskie.pl/upload/pliki/175_2025.pdf,"direct_without_tor (BIP spbialapodlaska.bip.lubelskie.pl: list-ajax → uchwały Zarządu → details → załącznik; raport potwierdzony tytułem „RAPORT O STANIE POWIATU BIALSKIEGO ZA 2024 ROK"")",f78c72849264c0d00ab209d34922c79c6d591c09100ef0dcb6e5c90d6e34369c,200,2026-09-14T09:45:09Z,Raport o stanie Powiatu Bialskiego za 2024 rok; Starostwo Powiatowe w Białej Podlaskiej (TERYT 0601); art. 30a u.s.p.; uchwała ZP nr 175/2025 z 29.05.2025 + zał. nr 1 (raport w jednym PDF — jedyny załącznik wpisu); 305 str.,3.987,true
5448,lubelskie,bialski,-,-,0601,2025,ok_finalnie,pdf,tekst (283 stron),https://spbialapodlaska.bip.lubelskie.pl/upload/pliki/334_2026_zalacznik_nr_1.pdf,"direct_without_tor (BIP spbialapodlaska.bip.lubelskie.pl: list-ajax → uchwały Zarządu → details → załącznik; raport potwierdzony tytułem „RAPORT O STANIE POWIATU BIALSKIEGO ZA 2025 ROK"")",f2abff45f77734eae5c1564bfc1842b85d91f5d23ffcbbb7354b72c747e1195e,200,2026-09-14T09:45:09Z,Raport o stanie Powiatu Bialskiego za 2025 rok; Starostwo Powiatowe w Białej Podlaskiej (TERYT 0601); art. 30a u.s.p.; zał. nr 1 do uchwały ZP nr 334/2026; 283 str.,5.45,true
5449,lubelskie,bialski,Międzyrzec Podlaski,gmina miejska,0601011,2018,brak_finalnie,brak,,brak,"dogłębne sprawdzenie BIP/eSesja/Wayback; raport istniał, plik nieopublikowany",,BRAK_URL (dowód istnienia — plik nieopublikowany),2026-09-14T10:40:32Z,"[TURA II 14.09.2026 — KWALIFIKACJA: brak z dowodem istnienia; plik raportu nigdy nieopublikowany] Sprawdzone wszerz: bip.miedzyrzec.pl — kategoria „Raport o stanie miasta” (id=411) zawiera wyłącznie 2024–2025; pełny przegląd kategorii zarządzeń Burmistrza 2018–2023 (catid 52/267/286/305/323/344, wszystkie strony paginacji): tylko zarządzenie 94/19 z 01.04.2019 o powołaniu zespołu ds. opracowania raportu o stanie gminy miejskiej za 2018; pełny przegląd uchwał RM 2018–2023 (catid 94/268/296/306/331/345): brak aktów z frazą raport/stanie; sesje RM na BIP (catid 376, 22 sesje od 29.06.2022) i na eSesja miedzyrzecpodlaski.esesja.pl (kid=1042, pełne archiwum 2018–2023, paginacja /posiedzenia/{N}?kid=1042): załączniki sesyjne to wyłącznie zaproszenia/protokoły/raporty z głosowań — RAPORT NIGDY NIE BYŁ ZAŁĄCZNIKIEM;  Wayback CDX (filter raport/stanie/downloadAttachment): brak archiwalnych załączników raportu; miedzyrzec.esesja.pl i rada-miedzyrzec.esesja.pl nie istnieją. || DOWODY ISTNIENIA RAPORTU: 2018 — zarz. 94/19 + sesja IX RM 27.06.2019 pkt 7 „Rozpatrzenie raportu o stanie Miasta za 2018” (eSesja /posiedzenie/d9ca1047-dccb-4) + projekt uchwały IX/119 wotum zaufania za 2018 (art. 28aa ust. 9), PDF zachowany: work/pliki/5449_miedzyrzec_m_2018_projekt_wotum_IX119.pdf, sha256 08b0075e0f7111c9adea44270779a56124359d38cb1b9af69e95efaa88fe04d; 2019 — sesja XXI RM 30.06.2020 pkt 6 (/posiedzenie/2eef9ca0-115b-4) + projekt uchwały XXI/120 wotum za 2019: work/pliki/5450_miedzyrzec_m_2019_projekt_wotum_XXI120.pdf, sha256 6585c92b7a6726d8733c6c1c469d5732390e0e3c26124359bc0916f5b3c42a40; 2020 — sesja XXXIV 29.06.2021 (/posiedzenie/842007d3-77e4-4, pkt przedstawienie+debata); 2021 — sesja XLVIII 29.06.2022 (/posiedzenie/de62a288-8eec-4); 2022 — sesja LXI 29.06.2023 (/posiedzenie/ef796b56-4973-4); 2023 — sesja IV IX kadencji 28.06.2024 pkt 6 (www.miedzyrzec.pl/sdm/2624 + eSesja /posiedzenie/ecdf8667-f921-4). Wnioski: raporty 2018–2023 powstawały i były przedstawiane, ale jako PLIKI nigdy nie trafiły do BIP (kategoria raportów utworzona dopiero przy roczniku 2024).",,true
5450,lubelskie,bialski,Międzyrzec Podlaski,gmina miejska,0601011,2019,brak_finalnie,brak,,brak,"dogłębne sprawdzenie BIP/eSesja/Wayback; raport istniał, plik nieopublikowany",,BRAK_URL (dowód istnienia — plik nieopublikowany),2026-09-14T10:40:32Z,"[TURA II 14.09.2026 — KWALIFIKACJA: brak z dowodem istnienia; plik raportu nigdy nieopublikowany] Sprawdzone wszerz: bip.miedzyrzec.pl — kategoria „Raport o stanie miasta” (id=411) zawiera wyłącznie 2024–2025; pełny przegląd kategorii zarządzeń Burmistrza 2018–2023 (catid 52/267/286/305/323/344, wszystkie strony paginacji): tylko zarządzenie 94/19 z 01.04.2019 o powołaniu zespołu ds. opracowania raportu o stanie gminy miejskiej za 2018; pełny przegląd uchwał RM 2018–2023 (catid 94/268/296/306/331/345): brak aktów z frazą raport/stanie; sesje RM na BIP (catid 376, 22 sesje od 29.06.2022) i na eSesja miedzyrzecpodlaski.esesja.pl (kid=1042, pełne archiwum 2018–2023, paginacja /posiedzenia/{N}?kid=1042): załączniki sesyjne to wyłącznie zaproszenia/protokoły/raporty z głosowań — RAPORT NIGDY NIE BYŁ ZAŁĄCZNIKIEM;  Wayback CDX (filter raport/stanie/downloadAttachment): brak archiwalnych załączników raportu; miedzyrzec.esesja.pl i rada-miedzyrzec.esesja.pl nie istnieją. || DOWODY ISTNIENIA RAPORTU: 2018 — zarz. 94/19 + sesja IX RM 27.06.2019 pkt 7 „Rozpatrzenie raportu o stanie Miasta za 2018” (eSesja /posiedzenie/d9ca1047-dccb-4) + projekt uchwały IX/119 wotum zaufania za 2018 (art. 28aa ust. 9), PDF zachowany: work/pliki/5449_miedzyrzec_m_2018_projekt_wotum_IX119.pdf, sha256 08b0075e0f7111c9adea44270779a56124359d38cb1b9af69e95efaa88fe04d; 2019 — sesja XXI RM 30.06.2020 pkt 6 (/posiedzenie/2eef9ca0-115b-4) + projekt uchwały XXI/120 wotum za 2019: work/pliki/5450_miedzyrzec_m_2019_projekt_wotum_XXI120.pdf, sha256 6585c92b7a6726d8733c6c1c469d5732390e0e3c26124359bc0916f5b3c42a40; 2020 — sesja XXXIV 29.06.2021 (/posiedzenie/842007d3-77e4-4, pkt przedstawienie+debata); 2021 — sesja XLVIII 29.06.2022 (/posiedzenie/de62a288-8eec-4); 2022 — sesja LXI 29.06.2023 (/posiedzenie/ef796b56-4973-4); 2023 — sesja IV IX kadencji 28.06.2024 pkt 6 (www.miedzyrzec.pl/sdm/2624 + eSesja /posiedzenie/ecdf8667-f921-4). Wnioski: raporty 2018–2023 powstawały i były przedstawiane, ale jako PLIKI nigdy nie trafiły do BIP (kategoria raportów utworzona dopiero przy roczniku 2024).",,true
5451,lubelskie,bialski,Międzyrzec Podlaski,gmina miejska,0601011,2020,brak_finalnie,brak,,brak,"dogłębne sprawdzenie BIP/eSesja/Wayback; raport istniał, plik nieopublikowany",,BRAK_URL (dowód istnienia — plik nieopublikowany),2026-09-14T10:40:32Z,"[TURA II 14.09.2026 — KWALIFIKACJA: brak z dowodem istnienia; plik raportu nigdy nieopublikowany] Sprawdzone wszerz: bip.miedzyrzec.pl — kategoria „Raport o stanie miasta” (id=411) zawiera wyłącznie 2024–2025; pełny przegląd kategorii zarządzeń Burmistrza 2018–2023 (catid 52/267/286/305/323/344, wszystkie strony paginacji): tylko zarządzenie 94/19 z 01.04.2019 o powołaniu zespołu ds. opracowania raportu o stanie gminy miejskiej za 2018; pełny przegląd uchwał RM 2018–2023 (catid 94/268/296/306/331/345): brak aktów z frazą raport/stanie; sesje RM na BIP (catid 376, 22 sesje od 29.06.2022) i na eSesja miedzyrzecpodlaski.esesja.pl (kid=1042, pełne archiwum 2018–2023, paginacja /posiedzenia/{N}?kid=1042): załączniki sesyjne to wyłącznie zaproszenia/protokoły/raporty z głosowań — RAPORT NIGDY NIE BYŁ ZAŁĄCZNIKIEM;  Wayback CDX (filter raport/stanie/downloadAttachment): brak archiwalnych załączników raportu; miedzyrzec.esesja.pl i rada-miedzyrzec.esesja.pl nie istnieją. || DOWODY ISTNIENIA RAPORTU: 2018 — zarz. 94/19 + sesja IX RM 27.06.2019 pkt 7 „Rozpatrzenie raportu o stanie Miasta za 2018” (eSesja /posiedzenie/d9ca1047-dccb-4) + projekt uchwały IX/119 wotum zaufania za 2018 (art. 28aa ust. 9), PDF zachowany: work/pliki/5449_miedzyrzec_m_2018_projekt_wotum_IX119.pdf, sha256 08b0075e0f7111c9adea44270779a56124359d38cb1b9af69e95efaa88fe04d; 2019 — sesja XXI RM 30.06.2020 pkt 6 (/posiedzenie/2eef9ca0-115b-4) + projekt uchwały XXI/120 wotum za 2019: work/pliki/5450_miedzyrzec_m_2019_projekt_wotum_XXI120.pdf, sha256 6585c92b7a6726d8733c6c1c469d5732390e0e3c26124359bc0916f5b3c42a40; 2020 — sesja XXXIV 29.06.2021 (/posiedzenie/842007d3-77e4-4, pkt przedstawienie+debata); 2021 — sesja XLVIII 29.06.2022 (/posiedzenie/de62a288-8eec-4); 2022 — sesja LXI 29.06.2023 (/posiedzenie/ef796b56-4973-4); 2023 — sesja IV IX kadencji 28.06.2024 pkt 6 (www.miedzyrzec.pl/sdm/2624 + eSesja /posiedzenie/ecdf8667-f921-4). Wnioski: raporty 2018–2023 powstawały i były przedstawiane, ale jako PLIKI nigdy nie trafiły do BIP (kategoria raportów utworzona dopiero przy roczniku 2024).",,true
5452,lubelskie,bialski,Międzyrzec Podlaski,gmina miejska,0601011,2021,brak_finalnie,brak,,brak,"dogłębne sprawdzenie BIP/eSesja/Wayback; raport istniał, plik nieopublikowany",,BRAK_URL (dowód istnienia — plik nieopublikowany),2026-09-14T10:40:32Z,"[TURA II 14.09.2026 — KWALIFIKACJA: brak z dowodem istnienia; plik raportu nigdy nieopublikowany] Sprawdzone wszerz: bip.miedzyrzec.pl — kategoria „Raport o stanie miasta” (id=411) zawiera wyłącznie 2024–2025; pełny przegląd kategorii zarządzeń Burmistrza 2018–2023 (catid 52/267/286/305/323/344, wszystkie strony paginacji): tylko zarządzenie 94/19 z 01.04.2019 o powołaniu zespołu ds. opracowania raportu o stanie gminy miejskiej za 2018; pełny przegląd uchwał RM 2018–2023 (catid 94/268/296/306/331/345): brak aktów z frazą raport/stanie; sesje RM na BIP (catid 376, 22 sesje od 29.06.2022) i na eSesja miedzyrzecpodlaski.esesja.pl (kid=1042, pełne archiwum 2018–2023, paginacja /posiedzenia/{N}?kid=1042): załączniki sesyjne to wyłącznie zaproszenia/protokoły/raporty z głosowań — RAPORT NIGDY NIE BYŁ ZAŁĄCZNIKIEM;  Wayback CDX (filter raport/stanie/downloadAttachment): brak archiwalnych załączników raportu; miedzyrzec.esesja.pl i rada-miedzyrzec.esesja.pl nie istnieją. || DOWODY ISTNIENIA RAPORTU: 2018 — zarz. 94/19 + sesja IX RM 27.06.2019 pkt 7 „Rozpatrzenie raportu o stanie Miasta za 2018” (eSesja /posiedzenie/d9ca1047-dccb-4) + projekt uchwały IX/119 wotum zaufania za 2018 (art. 28aa ust. 9), PDF zachowany: work/pliki/5449_miedzyrzec_m_2018_projekt_wotum_IX119.pdf, sha256 08b0075e0f7111c9adea44270779a56124359d38cb1b9af69e95efaa88fe04d; 2019 — sesja XXI RM 30.06.2020 pkt 6 (/posiedzenie/2eef9ca0-115b-4) + projekt uchwały XXI/120 wotum za 2019: work/pliki/5450_miedzyrzec_m_2019_projekt_wotum_XXI120.pdf, sha256 6585c92b7a6726d8733c6c1c469d5732390e0e3c26124359bc0916f5b3c42a40; 2020 — sesja XXXIV 29.06.2021 (/posiedzenie/842007d3-77e4-4, pkt przedstawienie+debata); 2021 — sesja XLVIII 29.06.2022 (/posiedzenie/de62a288-8eec-4); 2022 — sesja LXI 29.06.2023 (/posiedzenie/ef796b56-4973-4); 2023 — sesja IV IX kadencji 28.06.2024 pkt 6 (www.miedzyrzec.pl/sdm/2624 + eSesja /posiedzenie/ecdf8667-f921-4). Wnioski: raporty 2018–2023 powstawały i były przedstawiane, ale jako PLIKI nigdy nie trafiły do BIP (kategoria raportów utworzona dopiero przy roczniku 2024).",,true
5453,lubelskie,bialski,Międzyrzec Podlaski,gmina miejska,0601011,2022,brak_finalnie,brak,,brak,"dogłębne sprawdzenie BIP/eSesja/Wayback; raport istniał, plik nieopublikowany",,BRAK_URL (dowód istnienia — plik nieopublikowany),2026-09-14T10:40:32Z,"[TURA II 14.09.2026 — KWALIFIKACJA: brak z dowodem istnienia; plik raportu nigdy nieopublikowany] Sprawdzone wszerz: bip.miedzyrzec.pl — kategoria „Raport o stanie miasta” (id=411) zawiera wyłącznie 2024–2025; pełny przegląd kategorii zarządzeń Burmistrza 2018–2023 (catid 52/267/286/305/323/344, wszystkie strony paginacji): tylko zarządzenie 94/19 z 01.04.2019 o powołaniu zespołu ds. opracowania raportu o stanie gminy miejskiej za 2018; pełny przegląd uchwał RM 2018–2023 (catid 94/268/296/306/331/345): brak aktów z frazą raport/stanie; sesje RM na BIP (catid 376, 22 sesje od 29.06.2022) i na eSesja miedzyrzecpodlaski.esesja.pl (kid=1042, pełne archiwum 2018–2023, paginacja /posiedzenia/{N}?kid=1042): załączniki sesyjne to wyłącznie zaproszenia/protokoły/raporty z głosowań — RAPORT NIGDY NIE BYŁ ZAŁĄCZNIKIEM;  Wayback CDX (filter raport/stanie/downloadAttachment): brak archiwalnych załączników raportu; miedzyrzec.esesja.pl i rada-miedzyrzec.esesja.pl nie istnieją. || DOWODY ISTNIENIA RAPORTU: 2018 — zarz. 94/19 + sesja IX RM 27.06.2019 pkt 7 „Rozpatrzenie raportu o stanie Miasta za 2018” (eSesja /posiedzenie/d9ca1047-dccb-4) + projekt uchwały IX/119 wotum zaufania za 2018 (art. 28aa ust. 9), PDF zachowany: work/pliki/5449_miedzyrzec_m_2018_projekt_wotum_IX119.pdf, sha256 08b0075e0f7111c9adea44270779a56124359d38cb1b9af69e95efaa88fe04d; 2019 — sesja XXI RM 30.06.2020 pkt 6 (/posiedzenie/2eef9ca0-115b-4) + projekt uchwały XXI/120 wotum za 2019: work/pliki/5450_miedzyrzec_m_2019_projekt_wotum_XXI120.pdf, sha256 6585c92b7a6726d8733c6c1c469d5732390e0e3c26124359bc0916f5b3c42a40; 2020 — sesja XXXIV 29.06.2021 (/posiedzenie/842007d3-77e4-4, pkt przedstawienie+debata); 2021 — sesja XLVIII 29.06.2022 (/posiedzenie/de62a288-8eec-4); 2022 — sesja LXI 29.06.2023 (/posiedzenie/ef796b56-4973-4); 2023 — sesja IV IX kadencji 28.06.2024 pkt 6 (www.miedzyrzec.pl/sdm/2624 + eSesja /posiedzenie/ecdf8667-f921-4). Wnioski: raporty 2018–2023 powstawały i były przedstawiane, ale jako PLIKI nigdy nie trafiły do BIP (kategoria raportów utworzona dopiero przy roczniku 2024).",,true
5454,lubelskie,bialski,Międzyrzec Podlaski,gmina miejska,0601011,2023,brak_finalnie,brak,,brak,"dogłębne sprawdzenie BIP/eSesja/Wayback; raport istniał, plik nieopublikowany",,BRAK_URL (dowód istnienia — plik nieopublikowany),2026-09-14T10:40:32Z,"[TURA II 14.09.2026 — KWALIFIKACJA: brak z dowodem istnienia; plik raportu nigdy nieopublikowany] Sprawdzone wszerz: bip.miedzyrzec.pl — kategoria „Raport o stanie miasta” (id=411) zawiera wyłącznie 2024–2025; pełny przegląd kategorii zarządzeń Burmistrza 2018–2023 (catid 52/267/286/305/323/344, wszystkie strony paginacji): tylko zarządzenie 94/19 z 01.04.2019 o powołaniu zespołu ds. opracowania raportu o stanie gminy miejskiej za 2018; pełny przegląd uchwał RM 2018–2023 (catid 94/268/296/306/331/345): brak aktów z frazą raport/stanie; sesje RM na BIP (catid 376, 22 sesje od 29.06.2022) i na eSesja miedzyrzecpodlaski.esesja.pl (kid=1042, pełne archiwum 2018–2023, paginacja /posiedzenia/{N}?kid=1042): załączniki sesyjne to wyłącznie zaproszenia/protokoły/raporty z głosowań — RAPORT NIGDY NIE BYŁ ZAŁĄCZNIKIEM;  Wayback CDX (filter raport/stanie/downloadAttachment): brak archiwalnych załączników raportu; miedzyrzec.esesja.pl i rada-miedzyrzec.esesja.pl nie istnieją. || DOWODY ISTNIENIA RAPORTU: 2018 — zarz. 94/19 + sesja IX RM 27.06.2019 pkt 7 „Rozpatrzenie raportu o stanie Miasta za 2018” (eSesja /posiedzenie/d9ca1047-dccb-4) + projekt uchwały IX/119 wotum zaufania za 2018 (art. 28aa ust. 9), PDF zachowany: work/pliki/5449_miedzyrzec_m_2018_projekt_wotum_IX119.pdf, sha256 08b0075e0f7111c9adea44270779a56124359d38cb1b9af69e95efaa88fe04d; 2019 — sesja XXI RM 30.06.2020 pkt 6 (/posiedzenie/2eef9ca0-115b-4) + projekt uchwały XXI/120 wotum za 2019: work/pliki/5450_miedzyrzec_m_2019_projekt_wotum_XXI120.pdf, sha256 6585c92b7a6726d8733c6c1c469d5732390e0e3c26124359bc0916f5b3c42a40; 2020 — sesja XXXIV 29.06.2021 (/posiedzenie/842007d3-77e4-4, pkt przedstawienie+debata); 2021 — sesja XLVIII 29.06.2022 (/posiedzenie/de62a288-8eec-4); 2022 — sesja LXI 29.06.2023 (/posiedzenie/ef796b56-4973-4); 2023 — sesja IV IX kadencji 28.06.2024 pkt 6 (www.miedzyrzec.pl/sdm/2624 + eSesja /posiedzenie/ecdf8667-f921-4). Wnioski: raporty 2018–2023 powstawały i były przedstawiane, ale jako PLIKI nigdy nie trafiły do BIP (kategoria raportów utworzona dopiero przy roczniku 2024).",,true
5455,lubelskie,bialski,Międzyrzec Podlaski,gmina miejska,0601011,2024,ok_finalnie,pdf,tekst (109 stron),https://bip.miedzyrzec.pl/index.php?option=com_govarticle&task=article.downloadAttachment&id=13648&version=16166&Itemid=395,"direct_without_tor (BIP bip.miedzyrzec.pl, kategoria „Raport o stanie miasta”, załącznik downloadAttachment)",acb76fd8bb0a15ffd4bd47a4b58adbb651ad12f92677ef8c4aa5cc4d5823d2b1,200,2026-09-14T09:49:40Z,Raport o stanie Miasta Międzyrzec Podlaski za 2024; Burmistrz Miasta (TERYT 0601011); art. 28aa u.s.g.; artykuł id=7346 „Raport o stanie miasta za rok 2024 r.” (kategoria id=411); 109 str.,3.568,true
5456,lubelskie,bialski,Międzyrzec Podlaski,gmina miejska,0601011,2025,ok_finalnie,pdf,tekst (129 stron),https://bip.miedzyrzec.pl/index.php?option=com_govarticle&task=article.downloadAttachment&id=14586&version=18293&Itemid=395,"direct_without_tor (BIP bip.miedzyrzec.pl, kategoria „Raport o stanie miasta”, załącznik downloadAttachment)",9e6aff6a66db2d2b78b74ee69c870fe784c96975e8e09a551823c2035bb57f0b,200,2026-09-14T09:49:40Z,Raport o stanie Miasta Międzyrzec Podlaski za 2025; Burmistrz Miasta (TERYT 0601011); art. 28aa u.s.g.; artykuł id=7962 „Raport o stanie miasta za rok 2025 r.” (kategoria id=411); 129 str.,4.583,true
5457,lubelskie,bialski,Terespol,gmina miejska,0601021,2018,ok_finalnie,pdf,tekst (31 stron),https://umterespol.e-biuletyn.pl/upload/pliki/Raport_o_stanie_miasta_4.pdf,direct_without_tor,77d70a0da4e01e06be7f6d551c829652906835357d23964c5bb87ff2f058ae65,200,2026-09-14T09:56:17Z,Raport o stanie Gminy Miasto Terespol za 2018 rok; Burmistrz Miasta Terespol (TERYT 0601021); art. 28aa u.s.g.; załącznik do zarządzenia Nr 43/2019 z 31.05.2019 (raport + zarządzenie w jednym PDF),0.613,true
5458,lubelskie,bialski,Terespol,gmina miejska,0601021,2019,ok_finalnie,pdf,tekst (34 strony),https://umterespol.e-biuletyn.pl/upload/pliki/zarzadzenie_w_sprawie_przedstawienia_raportu_o_stanie_Gminy_Miasto_Terespol_za_rok_2019.pdf,direct_without_tor,c891dc9efae7470f4eb66ca1960715360d4329b681d59ea1cc8238a949cb81c4,200,2026-09-14T09:56:17Z,Raport o stanie Gminy Miasto Terespol za 2019 rok; Burmistrz Miasta Terespol (TERYT 0601021); art. 28aa u.s.g.; zarządzenie Nr 29/2020 z 29.05.2020 + raport w jednym PDF,0.749,true
5459,lubelskie,bialski,Terespol,gmina miejska,0601021,2020,ok_finalnie,pdf,tekst (32 strony),https://umterespol.e-biuletyn.pl/upload/pliki/0Raport_o_stanie_Miasta_za_2020_rok.pdf,direct_without_tor,6af6763bb00bc6d4d3c5a8dbbcf0a17c0652f22290e387beea336e103f36c54c,200,2026-09-14T09:56:17Z,Raport o stanie Gminy Miasto Terespol za 2020 rok; Burmistrz Miasta Terespol (TERYT 0601021); art. 28aa u.s.g.; plik samodzielny (okładka: RAPORT O STANIE MIASTA TERESPOL za 2020 rok),0.641,true
5460,lubelskie,bialski,Terespol,gmina miejska,0601021,2021,ok_finalnie,pdf,tekst (34 strony),https://umterespol.e-biuletyn.pl/upload/pliki/Raport_o_stanie_miasta_za_2021_rok.pdf,direct_without_tor,bd215d29ed58fe4d78eab057815db81e91fc79126f0fc34424afa01658cbdbe9,200,2026-09-14T09:56:17Z,Raport o stanie Gminy Miasto Terespol za 2021 rok; Burmistrz Miasta Terespol (TERYT 0601021); art. 28aa u.s.g.; zarządzenie Nr 34/2021 z 31.05.2021 + raport w jednym PDF,0.548,true
5461,lubelskie,bialski,Terespol,gmina miejska,0601021,2022,ok_finalnie,pdf,tekst (50 stron),https://umterespol.e-biuletyn.pl/upload/pliki/Raportu_o_stanie_Gminy_Miasto_Terespol_za_rok_2022.-popr.pdf,direct_without_tor,0d3d08d1609dc88ef3fcae46fd90893eb30a8cd427ad064f67006a6384102cc2,200,2026-09-14T09:56:17Z,Raport o stanie Gminy Miasto Terespol za 2022 rok; Burmistrz Miasta Terespol (TERYT 0601021); art. 28aa u.s.g.; zarządzenie Nr 26/2023 z 31.05.2023 + raport w jednym PDF,0.71,true
5462,lubelskie,bialski,Terespol,gmina miejska,0601021,2023,ok_finalnie,pdf,tekst (71 stron),https://umterespol.e-biuletyn.pl/upload/pliki/Raport_o_stanie_Gminy_Miasto_Terespol_za_rok_2023..pdf,direct_without_tor,b7ebab6f049f74a45c369c88e540829c3ea6e04baedf0aaf441e5f6115ef38d4,200,2026-09-14T09:56:17Z,Raport o stanie Gminy Miasto Terespol za 2023 rok; Burmistrz Miasta Terespol (TERYT 0601021); art. 28aa u.s.g.; zarządzenie Nr 41/2024 z 31.05.2024 + raport w jednym PDF,0.845,true
5463,lubelskie,bialski,Terespol,gmina miejska,0601021,2024,ok_finalnie,pdf,tekst (29 stron),https://umterespol.e-biuletyn.pl/upload/pliki/0Raport_o_stanie_miasta_2024.pdf,direct_without_tor,3ca37d472f73687970578b7d0a8c051222b3e0fff915c73c7e26eb316e35fdd1,200,2026-09-14T09:56:17Z,Raport o stanie Gminy Miasto Terespol za 2024 rok; Burmistrz Miasta Terespol (TERYT 0601021); art. 28aa u.s.g.; plik samodzielny,0.414,true
5464,lubelskie,bialski,Terespol,gmina miejska,0601021,2025,ok_finalnie,pdf,"skan (34 str., bez warstwy tekstowej; OCR okładki/wstępu: „Raport o stanie Miasta Terespol za rok 2025”, wykonanie budżetu 2025 vs 2024)",https://umterespol.e-biuletyn.pl/upload/pliki/Raport_za_2025_rok.pdf,direct_without_tor + ocr,873fd0cd631b6d12511c7137a621adc0c4eabec2000312e1bb699f069680e304,200,2026-09-14T09:56:17Z,Raport o stanie Gminy Miasto Terespol za 2025 rok; Burmistrz Miasta Terespol (TERYT 0601021); art. 28aa u.s.g.; zarządzenie Nr 31/2026 z 29.05.2026 + raport w jednym PDF,3.323,true
5465,lubelskie,bialski,Biała Podlaska,gmina wiejska,0601032,2018,ok_finalnie,pdf,tekst (51 stron),https://archiwum.bialapodlaska.e-bip.eu/upload/pliki/raport_o_stanie_gminy_Biala_Podlaska_31_05_2019.pdf,direct_without_tor,ce05f763906a496713d65457361c14136ab8ded19daa2891062e3d42b8c3f0ce,200,2026-09-14T10:01:34Z,"Raport o stanie Gminy Biała Podlaska za 2018 rok; Wójt Gminy Biała Podlaska (TERYT 0601032); art. 28aa u.s.g.; archiwum BIP (kategoria 291, publikacja 31.05.2019); pierwotny URL na nowa.gmina-bialapodlaska.pl (domena martwa, IA bez PDF) — żywa kopia z archiwum; 51 str.",3.315,true
5466,lubelskie,bialski,Biała Podlaska,gmina wiejska,0601032,2019,ok_finalnie,pdf,tekst (96 stron),https://archiwum.bialapodlaska.e-bip.eu/upload/pliki/raport_2020-1.pdf,direct_without_tor,c356c2f7cd7687f78b7f6d179838cb36ab2d0faaeb5b7651e73c3c6dc1d15fca,200,2026-09-14T10:01:34Z,"Raport o stanie Gminy Biała Podlaska za 2019 rok; Wójt Gminy Biała Podlaska (TERYT 0601032); art. 28aa u.s.g.; archiwum BIP (kategoria 291, publikacja 01.06.2020); pierwotny URL na nowa.gmina-bialapodlaska.pl (martwy) — żywa kopia z archiwum; 96 str.",3.397,true
5467,lubelskie,bialski,Biała Podlaska,gmina wiejska,0601032,2020,brak_finalnie,brak,,brak,"dogłębne sprawdzenie BIP/archiwum/Wayback; raport istniał, plik nieopublikowany",,BRAK_URL (dowód istnienia — plik nieopublikowany),2026-09-14T10:40:32Z,"[TURA II 14.09.2026 — KWALIFIKACJA: brak z dowodem istnienia; plik raportu nigdy nieopublikowany] Sprawdzone wszerz: gminabp.pl (WP ?s= raport/28aa/wotum/absolutorium/debat — tylko artykuły 2018 i 2019), bialapodlaska.e-bip.eu — kategoria „Raport o stanie gminy” (id=10000126, tylko 2024–2025), aktualności id=10000025 (87 poz., brak), archiwum.bialapodlaska.e-bip.eu (E-STUDIO) — kategoria 291 kończy się na publikacji 01.06.2020; kategoria 51 (Rada Gminy) po rocznikach 2020–2023: pusta; stare domeny nowa.gmina-bialapodlaska.pl i www.gmina.bialapodl.pl martwe (DNS), IA bez PDF-ów 2018/2019; Wayback CDX obu domen: brak raportów 2020–2023. || DOWODY ISTNIENIA (uchwały wotum zaufania — każda z sentencją „Po rozpatrzeniu raportu o stanie gminy udziela się Wójtowi Gminy Biała Podlaska wotum zaufania…”, art. 18 ust. 2 pkt 4a u.s.g.): 2020 — Uchwała RG XXV/195/2021 z 29.06.2021: https://bialapodlaska.e-bip.eu/upload/pliki/XXV_195_2021.pdf, sha256 7f9728f252fb18686f43790d2de9d1fc3fa228a1912846511bcbeae520762140 (kopia: work/pliki/5467_bialapodl_w_2020_uchwala_wotum_XXV195.pdf); 2021 — Uchwała XXXIV/269/2022: …/XXXIV_269_2022.pdf, sha256 a5a3599cace18418959cf1fc90072ea82fd62155bdc8a59ab18ff64ed4caa146 (kopia 5468_…XXXIV269.pdf); 2022 — Uchwała XLIV/356/2023: …/XLIV_356_2023.pdf, sha256 7403afa11db33e21915d6a63599899f5a6ec9ef773fb2c47e2597e5ecb86a8cc (kopia 5469_…XLIV356.pdf); 2023 — Uchwała III/11/2024 z 18.06.2024: …/III_11_2024.pdf, sha256 161f80e330dcba1277ef69f2648e0e048ee032803d2308e88a4d9f1174c46d21 (kopia 5470_…III11.pdf). Raporty jako pliki nigdy nieopublikowane.",,true
5468,lubelskie,bialski,Biała Podlaska,gmina wiejska,0601032,2021,brak_finalnie,brak,,brak,"dogłębne sprawdzenie BIP/archiwum/Wayback; raport istniał, plik nieopublikowany",,BRAK_URL (dowód istnienia — plik nieopublikowany),2026-09-14T10:40:32Z,"[TURA II 14.09.2026 — KWALIFIKACJA: brak z dowodem istnienia; plik raportu nigdy nieopublikowany] Sprawdzone wszerz: gminabp.pl (WP ?s= raport/28aa/wotum/absolutorium/debat — tylko artykuły 2018 i 2019), bialapodlaska.e-bip.eu — kategoria „Raport o stanie gminy” (id=10000126, tylko 2024–2025), aktualności id=10000025 (87 poz., brak), archiwum.bialapodlaska.e-bip.eu (E-STUDIO) — kategoria 291 kończy się na publikacji 01.06.2020; kategoria 51 (Rada Gminy) po rocznikach 2020–2023: pusta; stare domeny nowa.gmina-bialapodlaska.pl i www.gmina.bialapodl.pl martwe (DNS), IA bez PDF-ów 2018/2019; Wayback CDX obu domen: brak raportów 2020–2023. || DOWODY ISTNIENIA (uchwały wotum zaufania — każda z sentencją „Po rozpatrzeniu raportu o stanie gminy udziela się Wójtowi Gminy Biała Podlaska wotum zaufania…”, art. 18 ust. 2 pkt 4a u.s.g.): 2020 — Uchwała RG XXV/195/2021 z 29.06.2021: https://bialapodlaska.e-bip.eu/upload/pliki/XXV_195_2021.pdf, sha256 7f9728f252fb18686f43790d2de9d1fc3fa228a1912846511bcbeae520762140 (kopia: work/pliki/5467_bialapodl_w_2020_uchwala_wotum_XXV195.pdf); 2021 — Uchwała XXXIV/269/2022: …/XXXIV_269_2022.pdf, sha256 a5a3599cace18418959cf1fc90072ea82fd62155bdc8a59ab18ff64ed4caa146 (kopia 5468_…XXXIV269.pdf); 2022 — Uchwała XLIV/356/2023: …/XLIV_356_2023.pdf, sha256 7403afa11db33e21915d6a63599899f5a6ec9ef773fb2c47e2597e5ecb86a8cc (kopia 5469_…XLIV356.pdf); 2023 — Uchwała III/11/2024 z 18.06.2024: …/III_11_2024.pdf, sha256 161f80e330dcba1277ef69f2648e0e048ee032803d2308e88a4d9f1174c46d21 (kopia 5470_…III11.pdf). Raporty jako pliki nigdy nieopublikowane.",,true
5469,lubelskie,bialski,Biała Podlaska,gmina wiejska,0601032,2022,brak_finalnie,brak,,brak,"dogłębne sprawdzenie BIP/archiwum/Wayback; raport istniał, plik nieopublikowany",,BRAK_URL (dowód istnienia — plik nieopublikowany),2026-09-14T10:40:32Z,"[TURA II 14.09.2026 — KWALIFIKACJA: brak z dowodem istnienia; plik raportu nigdy nieopublikowany] Sprawdzone wszerz: gminabp.pl (WP ?s= raport/28aa/wotum/absolutorium/debat — tylko artykuły 2018 i 2019), bialapodlaska.e-bip.eu — kategoria „Raport o stanie gminy” (id=10000126, tylko 2024–2025), aktualności id=10000025 (87 poz., brak), archiwum.bialapodlaska.e-bip.eu (E-STUDIO) — kategoria 291 kończy się na publikacji 01.06.2020; kategoria 51 (Rada Gminy) po rocznikach 2020–2023: pusta; stare domeny nowa.gmina-bialapodlaska.pl i www.gmina.bialapodl.pl martwe (DNS), IA bez PDF-ów 2018/2019; Wayback CDX obu domen: brak raportów 2020–2023. || DOWODY ISTNIENIA (uchwały wotum zaufania — każda z sentencją „Po rozpatrzeniu raportu o stanie gminy udziela się Wójtowi Gminy Biała Podlaska wotum zaufania…”, art. 18 ust. 2 pkt 4a u.s.g.): 2020 — Uchwała RG XXV/195/2021 z 29.06.2021: https://bialapodlaska.e-bip.eu/upload/pliki/XXV_195_2021.pdf, sha256 7f9728f252fb18686f43790d2de9d1fc3fa228a1912846511bcbeae520762140 (kopia: work/pliki/5467_bialapodl_w_2020_uchwala_wotum_XXV195.pdf); 2021 — Uchwała XXXIV/269/2022: …/XXXIV_269_2022.pdf, sha256 a5a3599cace18418959cf1fc90072ea82fd62155bdc8a59ab18ff64ed4caa146 (kopia 5468_…XXXIV269.pdf); 2022 — Uchwała XLIV/356/2023: …/XLIV_356_2023.pdf, sha256 7403afa11db33e21915d6a63599899f5a6ec9ef773fb2c47e2597e5ecb86a8cc (kopia 5469_…XLIV356.pdf); 2023 — Uchwała III/11/2024 z 18.06.2024: …/III_11_2024.pdf, sha256 161f80e330dcba1277ef69f2648e0e048ee032803d2308e88a4d9f1174c46d21 (kopia 5470_…III11.pdf). Raporty jako pliki nigdy nieopublikowane.",,true
5470,lubelskie,bialski,Biała Podlaska,gmina wiejska,0601032,2023,brak_finalnie,brak,,brak,"dogłębne sprawdzenie BIP/archiwum/Wayback; raport istniał, plik nieopublikowany",,BRAK_URL (dowód istnienia — plik nieopublikowany),2026-09-14T10:40:32Z,"[TURA II 14.09.2026 — KWALIFIKACJA: brak z dowodem istnienia; plik raportu nigdy nieopublikowany] Sprawdzone wszerz: gminabp.pl (WP ?s= raport/28aa/wotum/absolutorium/debat — tylko artykuły 2018 i 2019), bialapodlaska.e-bip.eu — kategoria „Raport o stanie gminy” (id=10000126, tylko 2024–2025), aktualności id=10000025 (87 poz., brak), archiwum.bialapodlaska.e-bip.eu (E-STUDIO) — kategoria 291 kończy się na publikacji 01.06.2020; kategoria 51 (Rada Gminy) po rocznikach 2020–2023: pusta; stare domeny nowa.gmina-bialapodlaska.pl i www.gmina.bialapodl.pl martwe (DNS), IA bez PDF-ów 2018/2019; Wayback CDX obu domen: brak raportów 2020–2023. || DOWODY ISTNIENIA (uchwały wotum zaufania — każda z sentencją „Po rozpatrzeniu raportu o stanie gminy udziela się Wójtowi Gminy Biała Podlaska wotum zaufania…”, art. 18 ust. 2 pkt 4a u.s.g.): 2020 — Uchwała RG XXV/195/2021 z 29.06.2021: https://bialapodlaska.e-bip.eu/upload/pliki/XXV_195_2021.pdf, sha256 7f9728f252fb18686f43790d2de9d1fc3fa228a1912846511bcbeae520762140 (kopia: work/pliki/5467_bialapodl_w_2020_uchwala_wotum_XXV195.pdf); 2021 — Uchwała XXXIV/269/2022: …/XXXIV_269_2022.pdf, sha256 a5a3599cace18418959cf1fc90072ea82fd62155bdc8a59ab18ff64ed4caa146 (kopia 5468_…XXXIV269.pdf); 2022 — Uchwała XLIV/356/2023: …/XLIV_356_2023.pdf, sha256 7403afa11db33e21915d6a63599899f5a6ec9ef773fb2c47e2597e5ecb86a8cc (kopia 5469_…XLIV356.pdf); 2023 — Uchwała III/11/2024 z 18.06.2024: …/III_11_2024.pdf, sha256 161f80e330dcba1277ef69f2648e0e048ee032803d2308e88a4d9f1174c46d21 (kopia 5470_…III11.pdf). Raporty jako pliki nigdy nieopublikowane.",,true
5471,lubelskie,bialski,Biała Podlaska,gmina wiejska,0601032,2024,ok_finalnie,pdf,tekst (60 stron),https://bialapodlaska.e-bip.eu/upload/pliki/Raport_o_stanie_gminy_za_2024_rok_BIP.pdf,direct_without_tor,b89484fdd9d3c8dfa9d0d3171ea956a3646c187d5ff8aa68302ab73f572eabc5,200,2026-09-14T10:01:34Z,"Raport o stanie Gminy Biała Podlaska za 2024 rok; Wójt Gminy Biała Podlaska (TERYT 0601032); art. 28aa u.s.g.; BIP bialapodlaska.e-bip.eu, kategoria „Raport o stanie gminy” (id=10000126, poz 10051979); 60 str.",1.367,true
5472,lubelskie,bialski,Biała Podlaska,gmina wiejska,0601032,2025,ok_finalnie,pdf,tekst (95 stron),https://bialapodlaska.e-bip.eu/upload/pliki/Raport_o_stanie_Gminy_Biala_Podlaska_2025.pdf,direct_without_tor,94bdf3f5fb085256d1520f3a01780a842dbd078a08481296513b8fa9736e480c,200,2026-09-14T10:01:34Z,"Raport o stanie Gminy Biała Podlaska za 2025 rok; Wójt Gminy Biała Podlaska (TERYT 0601032); art. 28aa u.s.g.; BIP bialapodlaska.e-bip.eu, kategoria „Raport o stanie gminy” (id=10000126, poz 10065705); 95 str.",1.705,true
5473,lubelskie,bialski,Drelów,gmina wiejska,0601042,2018,brak_finalnie,,,,,,,2026-09-14T17:10:35Z,"[TURA II — ROZPOZNANIE] Raport o stanie Gminy Drelów za 2018 rok nieodnaleziony w sieci. Kat. BIP drelow.e-bip.eu id=540 (AJAX pobierz_dokumenty_ajax) zawiera raporty 2019–2025, rocznika 2018 brak; wyszukiwarka BIP (id=szukaj) — nic. DOWÓD POWSTANIA: zawiadomienie o V sesji RG Drelów z 27.06.2019, pkt 5 porządku: „Rozpatrzenie raportu o stanie Gminy za 2018 rok” (BIP id=230, detal 342816; kopia work/pliki/drelow_dowod_zawiadomienie_Vsesja_2019.pdf); uchwała V/53/2019 (absolutorium za 2018, detal 344047) nie wymienia raportu 28aa. Wayback CDX drelow.e-bip.eu 2019–2020 — bez śladu pliku raportu. Pliku nie udostępniono online; brak z dowodem istnienia.",,false
5474,lubelskie,bialski,Drelów,gmina wiejska,0601042,2019,ok_finalnie,pdf,tekst (13 stron),https://drelow.e-bip.eu/upload/pliki/Rapot_Gmina_2019.pdf,"direct_without_tor (official BIP category „Raport o stanie Gminy Drelów” id=540, drelow.e-bip.eu, detal p1=szczegoly&p2)",9bb0e5cabce9130ec863d52c0fe9b679b38f1fe0247064ddb3958ff6e4db2f14,200,2026-09-14T10:51:15Z,Raport o stanie Gminy Drelów za 2019 rok; Wójt Gminy Drelów (TERYT 0601042); art. 28aa u.s.g.; tekst (13 stron),0.62,true
5475,lubelskie,bialski,Drelów,gmina wiejska,0601042,2020,ok_finalnie,pdf,tekst (27 stron),https://drelow.e-bip.eu/upload/pliki/Raport_Gminy_za_2020_rok.pdf,"direct_without_tor (official BIP category „Raport o stanie Gminy Drelów” id=540, drelow.e-bip.eu, detal p1=szczegoly&p2)",58d82f5501704705fc4acc245b4a0b989d038428ce6bd21114db655e313ccca8,200,2026-09-14T10:51:15Z,Raport o stanie Gminy Drelów za 2020 rok; Wójt Gminy Drelów (TERYT 0601042); art. 28aa u.s.g.; tekst (27 stron),0.536,true
5476,lubelskie,bialski,Drelów,gmina wiejska,0601042,2021,ok_finalnie,pdf,tekst (28 stron),https://drelow.e-bip.eu/upload/pliki/Raport_o_stanie_Gminy_2021.pdf,"direct_without_tor (official BIP category „Raport o stanie Gminy Drelów” id=540, drelow.e-bip.eu, detal p1=szczegoly&p2)",e098d68e524c55d62ac787330eb0732e50614773954d1ae655ff9bb43239a8a1,200,2026-09-14T10:51:15Z,Raport o stanie Gminy Drelów za 2021 rok; Wójt Gminy Drelów (TERYT 0601042); art. 28aa u.s.g.; tekst (28 stron),0.747,true
5477,lubelskie,bialski,Drelów,gmina wiejska,0601042,2022,ok_finalnie,pdf,tekst (90 stron),https://drelow.e-bip.eu/upload/pliki/Raport_o_stanie_Gminy_2022.pdf,"direct_without_tor (official BIP category „Raport o stanie Gminy Drelów” id=540, drelow.e-bip.eu, detal p1=szczegoly&p2)",92956b96f0e44e0b04c4ebc8f8864cc89b0a8cb6430936e0bc824ebabc4100fe,200,2026-09-14T10:51:15Z,Raport o stanie Gminy Drelów za 2022 rok; Wójt Gminy Drelów (TERYT 0601042); art. 28aa u.s.g.; tekst (90 stron),1.308,true
5478,lubelskie,bialski,Drelów,gmina wiejska,0601042,2023,ok_finalnie,pdf,tekst (86 stron),https://drelow.e-bip.eu/upload/pliki/RAPORT_O_STANIE_GMINY_2023_Publikacja_BIP.pdf,"direct_without_tor (official BIP category „Raport o stanie Gminy Drelów” id=540, drelow.e-bip.eu, detal p1=szczegoly&p2)",4392678b0f60a2d83c8ed850f7db30ae63e123dc5c89e9e06d42919c599a4f85,200,2026-09-14T10:51:15Z,Raport o stanie Gminy Drelów za 2023 rok; Wójt Gminy Drelów (TERYT 0601042); art. 28aa u.s.g.; tekst (86 stron),1.424,true
5479,lubelskie,bialski,Drelów,gmina wiejska,0601042,2024,ok_finalnie,pdf,tekst (95 stron),https://drelow.e-bip.eu/upload/pliki/RAPORT_O_STANIE_GMINY_2024_Publikacja_BIP.pdf,"direct_without_tor (official BIP category „Raport o stanie Gminy Drelów” id=540, drelow.e-bip.eu, detal p1=szczegoly&p2)",fd3f287591093218ea634e44c6ea6595d4a42518207be1279dcc1c80e73c50ca,200,2026-09-14T10:51:15Z,Raport o stanie Gminy Drelów za 2024 rok; Wójt Gminy Drelów (TERYT 0601042); art. 28aa u.s.g.; tekst (95 stron),1.496,true
5480,lubelskie,bialski,Drelów,gmina wiejska,0601042,2025,ok_finalnie,pdf,tekst (94 stron),https://drelow.e-bip.eu/upload/pliki/CALOSC_RAPORT_o_stanie_gminy_2025_r.pdf,"direct_without_tor (official BIP category „Raport o stanie Gminy Drelów” id=540, drelow.e-bip.eu, detal p1=szczegoly&p2)",5ec17dc3498fae5562d65858690b22e8e25bce1a4ebb643496a957224883acf6,200,2026-09-14T10:51:15Z,Raport o stanie Gminy Drelów za 2025 rok; Wójt Gminy Drelów (TERYT 0601042); art. 28aa u.s.g.; tekst (94 stron),1.903,true
5481,lubelskie,bialski,Janów Podlaski,gmina wiejska,0601052,2018,ok_finalnie,pdf,tekst (41 stron),https://umjanowpodlaski.bip.lubelskie.pl/upload/pliki/1Raport_o_stanie_gminy_Janow_Podlaski1592__3_.pdf,"direct_without_tor (BIP umjanowpodlaski.bip.lubelskie.pl, kategorie roczne pod „Raport o stanie gminy” id=596)",91c618306de7b3736895c02b2a2c11d6cf2371a15319389f05b67dd337f62f05,200,2026-09-14T10:48:49Z,Raport o stanie Gminy Janów Podlaski za 2018 rok (TERYT 0601052; miasto w gminie od 2021 — jednostka ta sama); art. 28aa u.s.g.; tekst (41 stron),2.036,true
5482,lubelskie,bialski,Janów Podlaski,gmina wiejska,0601052,2019,ok_finalnie,docx,tekst (docx),https://umjanowpodlaski.bip.lubelskie.pl/upload/pliki/Raport_o_stanie_gminy_Janow_Podlaski_za_2019_ver.1.docx,"direct_without_tor (BIP umjanowpodlaski.bip.lubelskie.pl, kategorie roczne pod „Raport o stanie gminy” id=596)",22da4be4d5472fffa7ccdd12c69b2083b98eaa564fbe850de7487eccc3d512db,200,2026-09-14T10:48:49Z,Raport o stanie Gminy Janów Podlaski za 2019 rok (TERYT 0601052; miasto w gminie od 2021 — jednostka ta sama); art. 28aa u.s.g.; tekst (docx); publikowany jako DOCX,1.221,true
5483,lubelskie,bialski,Janów Podlaski,gmina wiejska,0601052,2020,ok_finalnie,pdf,tekst (43 stron),https://umjanowpodlaski.bip.lubelskie.pl/upload/pliki/Raport_o_stanie_gminy_Janow_Podlaski_za_2020.pdf,"direct_without_tor (BIP umjanowpodlaski.bip.lubelskie.pl, kategorie roczne pod „Raport o stanie gminy” id=596)",120f6c25cebf05297a7c8acd58061959066916307a9abc194b5e97211b61e6da,200,2026-09-14T10:48:49Z,Raport o stanie Gminy Janów Podlaski za 2020 rok (TERYT 0601052; miasto w gminie od 2021 — jednostka ta sama); art. 28aa u.s.g.; tekst (43 stron),2.626,true
5484,lubelskie,bialski,Janów Podlaski,gmina wiejska,0601052,2021,ok_finalnie,pdf,tekst (45 stron),https://umjanowpodlaski.bip.lubelskie.pl/upload/pliki/Raport_o_stanie_gminy_Janow_Podlaski_za_2021.pdf,"direct_without_tor (BIP umjanowpodlaski.bip.lubelskie.pl, kategorie roczne pod „Raport o stanie gminy” id=596)",aaaac0f7fb3d6a0d1f7ae3e7b2274f79ab49efca621cc9afdf569d03455439ee,200,2026-09-14T10:48:49Z,Raport o stanie Gminy Janów Podlaski za 2021 rok (TERYT 0601052; miasto w gminie od 2021 — jednostka ta sama); art. 28aa u.s.g.; tekst (45 stron),0.92,true
5485,lubelskie,bialski,Janów Podlaski,gmina wiejska,0601052,2022,ok_finalnie,pdf,tekst (46 stron),https://umjanowpodlaski.bip.lubelskie.pl/upload/pliki/raport-o-stanie-gminy-janow-podlaski-za-2022.pdf,"direct_without_tor (BIP umjanowpodlaski.bip.lubelskie.pl, kategorie roczne pod „Raport o stanie gminy” id=596)",0fdcc32e859b5afa040d429bd3ac67cb001cdb09075412eb3e6bb7362a3de974,200,2026-09-14T10:48:49Z,Raport o stanie Gminy Janów Podlaski za 2022 rok (TERYT 0601052; miasto w gminie od 2021 — jednostka ta sama); art. 28aa u.s.g.; tekst (46 stron),0.875,true
5486,lubelskie,bialski,Janów Podlaski,gmina wiejska,0601052,2023,ok_finalnie,pdf,tekst (45 stron),https://umjanowpodlaski.bip.lubelskie.pl/upload/pliki/raport_o_stanie_gminy_janow_podlaski_za_2023.pdf,"direct_without_tor (BIP umjanowpodlaski.bip.lubelskie.pl, kategorie roczne pod „Raport o stanie gminy” id=596)",4e62988169d8a674a269a92269eb456f172f4829febd327036ebb6876af142bf,200,2026-09-14T10:48:49Z,Raport o stanie Gminy Janów Podlaski za 2023 rok (TERYT 0601052; miasto w gminie od 2021 — jednostka ta sama); art. 28aa u.s.g.; tekst (45 stron),1.195,true
5487,lubelskie,bialski,Janów Podlaski,gmina wiejska,0601052,2024,ok_finalnie,pdf,tekst (45 stron),https://umjanowpodlaski.bip.lubelskie.pl/upload/pliki/raport_o_stanie_gminy_janow_podlaski_za_2024.pdf,"direct_without_tor (BIP umjanowpodlaski.bip.lubelskie.pl, kategorie roczne pod „Raport o stanie gminy” id=596)",74cb591a5591fc5fcfa270abc5c0e8150fcbf7576dc8cf2f69aba712b63c5dd7,200,2026-09-14T10:48:49Z,Raport o stanie Gminy Janów Podlaski za 2024 rok (TERYT 0601052; miasto w gminie od 2021 — jednostka ta sama); art. 28aa u.s.g.; tekst (45 stron),1.344,true
5488,lubelskie,bialski,Janów Podlaski,gmina wiejska,0601052,2025,ok_finalnie,pdf,tekst (50 stron),https://umjanowpodlaski.bip.lubelskie.pl/upload/pliki/raport_o_stanie_gminy_janow_podlaski_za_2025.pdf,"direct_without_tor (BIP umjanowpodlaski.bip.lubelskie.pl, kategorie roczne pod „Raport o stanie gminy” id=596)",9252619ef5c4723a5e6c0d50c3d426a3620282dbf8ff713d58418027986d2564,200,2026-09-14T10:48:49Z,Raport o stanie Gminy Janów Podlaski za 2025 rok (TERYT 0601052; miasto w gminie od 2021 — jednostka ta sama); art. 28aa u.s.g.; tekst (50 stron),1.525,true
5489,lubelskie,bialski,Kodeń,gmina wiejska,0601062,2018,brak_finalnie,,,,,,,2026-09-14T17:10:35Z,"[TURA II — ROZPOZNANIE] Raport o stanie Gminy Kodeń za 2018 rok — pliku nie odnaleziono. DOWÓD POWSTANIA: (1) zawiadomienie o VI sesji RG Kodeń z 28.06.2019, porządek: „Raport o stanie gminy: debata nad raportem” (BIP ugkoden id=558, detal 1398255; kopia work/pliki/); (2) artykuł portalu koden.pl „Omówienie raportu o stanie gminy Koden za 2018 r.” (art,577, publ. 10.07.2019; snapshot IA 21.07.2019; załącznik PDF index.php?c=getfile&id=488 niearchiwizowany, artykuł usunięty z wersji live). Kat. BIP id=533 zawiera 2023–2025; wyszukiwarka BIP — brak 2018; Wayback CDX koden.pl/ugkoden — brak pliku. Brak z dowodem istnienia.",,false
5490,lubelskie,bialski,Kodeń,gmina wiejska,0601062,2019,brak_finalnie,,,,,,,2026-09-14T17:10:35Z,"[TURA II — ROZPOZNANIE] Raport o stanie Gminy Kodeń za 2019 rok — pliku nie odnaleziono. DOWÓD POWSTANIA: zawiadomienie o XVII sesji RG Kodeń z 21.08.2020, porządek: „Raport o stanie gminy: debata nad raportem” (BIP ugkoden id=558, detal 1544655; kopia work/pliki/); uchwała XVII/109/2020 (wotum za 2019) nie wymienia raportu. Kat. BIP id=533: 2023–2025; Wayback CDX — brak. Brak z dowodem istnienia.",,false
5491,lubelskie,bialski,Kodeń,gmina wiejska,0601062,2020,brak_finalnie,,,,,,,2026-09-14T17:10:35Z,"[TURA II — ROZPOZNANIE] Raport o stanie Gminy Kodeń za 2020 rok — pliku nie odnaleziono. DOWÓD POWSTANIA: zawiadomienie o XXV sesji RG Kodeń z 29.07.2021, porządek: „Raport o stanie gminy: debata nad raportem” (BIP ugkoden id=558, detal 1828840; kopia work/pliki/). Kat. BIP id=533: 2023–2025; portal koden.pl — brak; Wayback CDX — brak. Brak z dowodem istnienia.",,false
5492,lubelskie,bialski,Kodeń,gmina wiejska,0601062,2021,brak_finalnie,,,,,,,2026-09-14T17:10:35Z,"[TURA II — ROZPOZNANIE] Raport o stanie Gminy Kodeń za 2021 rok — pliku nie odnaleziono. DOWÓD POWSTANIA: (1) zawiadomienie o XXXIV sesji RG Kodeń z 15.07.2022, porządek: „Raport o stanie gminy: debata nad raportem” (BIP ugkoden id=558, detal 1828849; kopia work/pliki/); (2) artykuł portalu koden.pl „Raport o stanie gminy w 2021 r.” (art,911, publ. 01.06.2022; snapshot IA 04.01.2023 z załącznikiem „Raport Koden 2021.pdf (2.47 MB)” — plik niearchiwizowany, artykuł 404 w live). Kat. BIP id=533: 2023–2025. Brak z dowodem istnienia.",,false
5493,lubelskie,bialski,Kodeń,gmina wiejska,0601062,2022,brak_finalnie,,,,,,,2026-09-14T17:10:35Z,"[TURA II — ROZPOZNANIE] Raport o stanie Gminy Kodeń za 2022 rok — niepotwierdzony. Rozpoznanie nie dało ani pliku, ani jednoznacznego śladu debaty: sesje XXXIX (12.12.2022) i XL (28.12.2022) bez punktu raportowego; zawiadomienia sesji 2023 (XLI–XLIII) też go nie zawierają; uchwała XLVI/310/2023 (absolutorium za 2022, BIP detal 1911375; kopia work/pliki/koden_uchwala_XLVI310_2023_absolutorium2022.pdf) nie wymienia raportu 28aa. Kat. BIP id=533: 2023–2025 (2023 jako pierwszy rocznik); Wayback CDX — brak. Uznano za brak; powstania nie potwierdzono.",,false
5494,lubelskie,bialski,Kodeń,gmina wiejska,0601062,2023,ok_finalnie,pdf,tekst (37 stron),https://ugkoden.bip.lubelskie.pl/upload/pliki/raport_o_stanie_gminy_koden_w_2023_roku.pdf,"direct_without_tor (BIP ugkoden.bip.lubelskie.pl, kategoria „Raport o Stanie Gminy Kodeń” id=533)",366f0574f582306b0f0e1737387a40bc3e2d07f9dddf19eecba6ccd2ff118a48,200,2026-09-14T10:45:02Z,"Raport o stanie Gminy Kodeń w 2023 roku (okładka: „Kodeń, maj 2024 r.”); Wójt Gminy Kodeń (TERYT 0601062); art. 28aa u.s.g.; 37 str.",2.124,true
5495,lubelskie,bialski,Kodeń,gmina wiejska,0601062,2024,ok_finalnie,pdf,tekst (37 stron),https://ugkoden.bip.lubelskie.pl/upload/pliki/raport_o_stanie_gminy_koden_w_2024_roku.pdf,"direct_without_tor (BIP ugkoden.bip.lubelskie.pl, kategoria „Raport o Stanie Gminy Kodeń” id=533)",606806ea3ea98a6f26ab626b6212a62984f48dce1225b9751e91cd9f53dd7921,200,2026-09-14T10:45:02Z,"Raport o stanie Gminy Kodeń w 2024 roku (okładka: „Kodeń, maj 2025 r.”); Wójt Gminy Kodeń (TERYT 0601062); art. 28aa u.s.g.; 37 str.",2.716,true
5496,lubelskie,bialski,Kodeń,gmina wiejska,0601062,2025,ok_finalnie,pdf,tekst (36 stron),https://ugkoden.bip.lubelskie.pl/upload/pliki/raport_o_stanie_gminy_koden_w_2025_roku.pdf,"direct_without_tor (BIP ugkoden.bip.lubelskie.pl, kategoria „Raport o Stanie Gminy Kodeń” id=533)",057bb6918fe44c4f78de3f65cb009eb2ab7a397317ec0bd3d777b4717894848e,200,2026-09-14T10:45:02Z,"Raport o stanie Gminy Kodeń w 2025 roku (okładka: „Kodeń, maj 2026 r.”); Wójt Gminy Kodeń (TERYT 0601062); art. 28aa u.s.g.; 36 str.",1.972,true
5497,lubelskie,bialski,Konstantynów,gmina wiejska,0601072,2018,ok_finalnie,pdf,tekst (57 stron),https://ugkonstantynow.bip.lubelskie.pl/upload/pliki/Raport.pdf,direct_without_tor,e1a6de35ac3a5b13a855db8ed56c77af617ec8555223be4bafb053c5f666d1bf,200,2026-09-14T10:48:49Z,Raport o stanie Gminy Konstantynów za 2018 rok; Wójt Gminy Konstantynów (TERYT 0601072); art. 28aa u.s.g.; tekst (57 stron),1.579,true
5498,lubelskie,bialski,Konstantynów,gmina wiejska,0601072,2019,ok_finalnie,pdf,tekst (72 stron),https://ugkonstantynow.bip.lubelskie.pl/upload/pliki/0Raport.pdf,direct_without_tor,c960794632599da83c793abe52d795a01a34dbb89e32574bcbd760069d7ffbd2,200,2026-09-14T10:48:49Z,Raport o stanie Gminy Konstantynów za 2019 rok; Wójt Gminy Konstantynów (TERYT 0601072); art. 28aa u.s.g.; tekst (72 stron),2.809,true
5499,lubelskie,bialski,Konstantynów,gmina wiejska,0601072,2020,ok_finalnie,pdf,tekst (76 stron),https://ugkonstantynow.bip.lubelskie.pl/upload/pliki/0RAPORT_o_stanie_gminy_Konstantynow_za_2020_(_nowy).pdf,direct_without_tor,9bb23831028f98520730b970dd1312a17d84762a13451c16f83760e4759006b1,200,2026-09-14T10:48:49Z,Raport o stanie Gminy Konstantynów za 2020 rok; Wójt Gminy Konstantynów (TERYT 0601072); art. 28aa u.s.g.; tekst (76 stron),1.398,true
5500,lubelskie,bialski,Konstantynów,gmina wiejska,0601072,2021,ok_finalnie,pdf,"skan (81 str.; okładka OCR: „RAPORT O STANIE GMINY KONSTANTYNÓW ZA 2021 ROK, maj 2022"")",https://ugkonstantynow.bip.lubelskie.pl/upload/pliki/CCF31052022_0001.pdf,direct_without_tor + ocr,c613f733718518274127d4b7fae70d4351abe91a5892e13b9d066f79f6695ca9,200,2026-09-14T10:48:49Z,"Raport o stanie Gminy Konstantynów za 2021 rok; Wójt Gminy Konstantynów (TERYT 0601072); art. 28aa u.s.g.; skan (81 str.; okładka OCR: „RAPORT O STANIE GMINY KONSTANTYNÓW ZA 2021 ROK, maj 2022"")",36.74,true
5501,lubelskie,bialski,Konstantynów,gmina wiejska,0601072,2022,ok_finalnie,pdf,"skan (90 str.; okładka OCR: „RAPORT O STANIE GMINY KONSTANTYNÓW ZA 2022 ROK, maj 2023"")",https://ugkonstantynow.bip.lubelskie.pl/upload/pliki/0raport-o-stanie-gminy-konstantynow-za-2022.pdf,direct_without_tor + ocr,9139eb901dcaa4568b6f757834241dc0aafa75106d50b9ea11ed9e34ec995346,200,2026-09-14T10:48:49Z,"Raport o stanie Gminy Konstantynów za 2022 rok; Wójt Gminy Konstantynów (TERYT 0601072); art. 28aa u.s.g.; skan (90 str.; okładka OCR: „RAPORT O STANIE GMINY KONSTANTYNÓW ZA 2022 ROK, maj 2023"")",40.927,true
5502,lubelskie,bialski,Konstantynów,gmina wiejska,0601072,2023,ok_finalnie,pdf,"skan (102 str.; okładka OCR: „RAPORT O STANIE GMINY KONSTANTYNÓW ZA 2023 ROK, maj 2024"")",https://ugkonstantynow.bip.lubelskie.pl/upload/pliki/raport_o_stanie_gminy_konstantynow_za_2023_r.pdf,direct_without_tor + ocr,e0d1b572720eb05125951be9e7f892d1af4d88fb0d838a74cef9eece5bca51cd,200,2026-09-14T10:48:49Z,"Raport o stanie Gminy Konstantynów za 2023 rok; Wójt Gminy Konstantynów (TERYT 0601072); art. 28aa u.s.g.; skan (102 str.; okładka OCR: „RAPORT O STANIE GMINY KONSTANTYNÓW ZA 2023 ROK, maj 2024"")",44.626,true
5503,lubelskie,bialski,Konstantynów,gmina wiejska,0601072,2024,ok_finalnie,pdf,"skan (116 str.; okładka OCR: „RAPORT O STANIE GMINY KONSTANTYNÓW ZA 2024 ROK, maj 2025"")",https://ugkonstantynow.bip.lubelskie.pl/upload/pliki/raport_o_stanie_gminy_konstantynow_za_2024_rok.pdf,direct_without_tor + ocr,9b8a37177db0de3ef0d5de0dd748c96f3ad08baf096ddc55d28ce93d3dcd5e22,200,2026-09-14T10:48:49Z,"Raport o stanie Gminy Konstantynów za 2024 rok; Wójt Gminy Konstantynów (TERYT 0601072); art. 28aa u.s.g.; skan (116 str.; okładka OCR: „RAPORT O STANIE GMINY KONSTANTYNÓW ZA 2024 ROK, maj 2025"")",16.855,true
5504,lubelskie,bialski,Konstantynów,gmina wiejska,0601072,2025,ok_finalnie,pdf,"skan (125 str.; okładka OCR: „RAPORT O STANIE GMINY KONSTANTYNÓW ZA 2025 ROK, maj 2026"")",https://ugkonstantynow.bip.lubelskie.pl/upload/pliki/raport_o_stanie_gminy_konstantynow_za_rok_2025.pdf,direct_without_tor + ocr,ead0e7f1f3657b594a23c7ea1febf875d5e52fa6d61292da823e20432dd8b92e,200,2026-09-14T10:48:49Z,"Raport o stanie Gminy Konstantynów za 2025 rok; Wójt Gminy Konstantynów (TERYT 0601072); art. 28aa u.s.g.; skan (125 str.; okładka OCR: „RAPORT O STANIE GMINY KONSTANTYNÓW ZA 2025 ROK, maj 2026"")",55.684,true
5505,lubelskie,bialski,Leśna Podlaska,gmina wiejska,0601082,2018,ok_finalnie,pdf,tekst (32 stron),https://lesnapodlaska.biuletyn.net/fls/bip_pliki/2020_05/BIPOLD003731/3731.pdf,"direct_with_tor (official BIP lesnapodlaska.biuletyn.net, kat. „Raport o stanie gminy” cid=1258, ESP/biuletyn.net)",956834d18bfbb7ea50e14e1287ff810ef2238199a38046a484ef560140d358fa,200,2026-09-14T10:55:55Z,Raport o stanie Gminy Leśna Podlaska za rok 2018; Wójt Gminy Leśna Podlaska (TERYT 0601082); art. 28aa u.s.g.; tekst (32 stron); strona dokumentu https://lesnapodlaska.biuletyn.net/?bip=2&cid=1258&id=1527,0.256,true
5506,lubelskie,bialski,Leśna Podlaska,gmina wiejska,0601082,2019,ok_finalnie,pdf,tekst (39 stron),https://lesnapodlaska.biuletyn.net/fls/bip_pliki/2020_08/BIPF5ADEBAE8D5E29Z/raport_o_stanie_gminy_za_2019.pdf,"direct_with_tor (official BIP lesnapodlaska.biuletyn.net, kat. „Raport o stanie gminy” cid=1258, ESP/biuletyn.net)",fff15ab1caf3762c553a5aa4f475289b067d6fa7174fc275c6011727037702a2,200,2026-09-14T10:55:55Z,Raport o stanie Gminy Leśna Podlaska za rok 2019; Wójt Gminy Leśna Podlaska (TERYT 0601082); art. 28aa u.s.g.; tekst (39 stron); strona dokumentu https://lesnapodlaska.biuletyn.net/?bip=2&cid=1258&id=1617,0.563,true
5507,lubelskie,bialski,Leśna Podlaska,gmina wiejska,0601082,2020,ok_finalnie,pdf,tekst (45 stron),https://lesnapodlaska.biuletyn.net/fls/bip_pliki/2021_07/BIPF5C854C96DBC31Z/raport_o_stanie_gminy_za_2020.pdf,"direct_with_tor (official BIP lesnapodlaska.biuletyn.net, kat. „Raport o stanie gminy” cid=1258, ESP/biuletyn.net)",dd6eab43ec8ad55b1e1c87e75805f0c710f799dc036e3d312141649f17e5109e,200,2026-09-14T10:55:55Z,Raport o stanie Gminy Leśna Podlaska za rok 2020; Wójt Gminy Leśna Podlaska (TERYT 0601082); art. 28aa u.s.g.; tekst (45 stron); strona dokumentu https://lesnapodlaska.biuletyn.net/?bip=2&cid=1258&id=1670,0.582,true
5508,lubelskie,bialski,Leśna Podlaska,gmina wiejska,0601082,2021,ok_finalnie,pdf,tekst (44 stron),https://lesnapodlaska.biuletyn.net/fls/bip_pliki/2022_07/BIPF5E2B8A8DDB5D5Z/raport_o_stanie_gminy_za_2021.pdf,"direct_with_tor (official BIP lesnapodlaska.biuletyn.net, kat. „Raport o stanie gminy” cid=1258, ESP/biuletyn.net)",2797edf591ce084c2f722d721ab96b1297b35c7cb2de5a479bd156e19e771936,200,2026-09-14T10:55:55Z,Raport o stanie Gminy Leśna Podlaska za rok 2021; Wójt Gminy Leśna Podlaska (TERYT 0601082); art. 28aa u.s.g.; tekst (44 stron); strona dokumentu https://lesnapodlaska.biuletyn.net/?bip=2&cid=1258&id=1712,0.715,true
5509,lubelskie,bialski,Leśna Podlaska,gmina wiejska,0601082,2022,ok_finalnie,pdf,tekst (50 stron),https://lesnapodlaska.biuletyn.net/fls/bip_pliki/2025_01/BIPF62CAE8EF2BDABZ/raport_o_stanie_gminy_za_2022.pdf,"direct_with_tor (official BIP lesnapodlaska.biuletyn.net, kat. „Raport o stanie gminy” cid=1258, ESP/biuletyn.net)",94b978587331e39403964ddb231dbf04ed8182eb5847d768b0c5f06c07e1232a,200,2026-09-14T10:55:55Z,Raport o stanie Gminy Leśna Podlaska za rok 2022; Wójt Gminy Leśna Podlaska (TERYT 0601082); art. 28aa u.s.g.; tekst (50 stron); strona dokumentu https://lesnapodlaska.biuletyn.net/?bip=2&cid=1258&id=1906,0.737,true
5510,lubelskie,bialski,Leśna Podlaska,gmina wiejska,0601082,2023,ok_finalnie,pdf,tekst (54 stron),https://lesnapodlaska.biuletyn.net/fls/bip_pliki/2025_01/BIPF62CAE8EFB69F3Z/raport_o_stanie_gminy_za_2023.pdf,"direct_with_tor (official BIP lesnapodlaska.biuletyn.net, kat. „Raport o stanie gminy” cid=1258, ESP/biuletyn.net)",cd7b57923d5753d24ebf19c675698f729752bc685a8d563cc3919485c13551d1,200,2026-09-14T10:55:55Z,Raport o stanie Gminy Leśna Podlaska za rok 2023; Wójt Gminy Leśna Podlaska (TERYT 0601082); art. 28aa u.s.g.; tekst (54 stron); strona dokumentu https://lesnapodlaska.biuletyn.net/?bip=2&cid=1258&id=1907,0.784,true
5511,lubelskie,bialski,Leśna Podlaska,gmina wiejska,0601082,2024,ok_finalnie,pdf,tekst (56 stron),https://lesnapodlaska.biuletyn.net/fls/bip_pliki/2026_03/BIPF64DAF0F5BA622Z/raport_o_stanie_gminy_za_2024.pdf,"direct_with_tor (official BIP lesnapodlaska.biuletyn.net, kat. „Raport o stanie gminy” cid=1258, ESP/biuletyn.net)",d9b68b5dd60152f7ad3312116928fbfdd62194bcd50c265e5d2385556d6ea43a,200,2026-09-14T10:55:55Z,Raport o stanie Gminy Leśna Podlaska za rok 2024; Wójt Gminy Leśna Podlaska (TERYT 0601082); art. 28aa u.s.g.; tekst (56 stron); strona dokumentu https://lesnapodlaska.biuletyn.net/?bip=2&cid=1258&id=2007,0.98,true
5512,lubelskie,bialski,Leśna Podlaska,gmina wiejska,0601082,2025,ok_finalnie,pdf,tekst (56 stron),https://lesnapodlaska.biuletyn.net/fls/bip_pliki/2026_06/BIPF6549A4378CF56Z/2.Raport_o_stanie_gminy_za_2025.pdf,"direct_with_tor (official BIP lesnapodlaska.biuletyn.net, kat. „Raport o stanie gminy” cid=1258, ESP/biuletyn.net)",7032d79c7812edf6f1e9b44e7b57a9ac020c4a4ed47a9fd6e0834e53e59143e0,200,2026-09-14T10:55:55Z,Raport o stanie Gminy Leśna Podlaska za rok 2025; Wójt Gminy Leśna Podlaska (TERYT 0601082); art. 28aa u.s.g.; tekst (56 stron); strona dokumentu https://lesnapodlaska.biuletyn.net/?bip=2&cid=1258&id=2030,1.444,true
5513,lubelskie,bialski,Łomazy,gmina wiejska,0601092,2018,ok_finalnie,pdf,tekst (47 stron),https://uglomazy.bip.lubelskie.pl/upload/pliki/0Raport_Gmina.pdf,"direct_without_tor (BIP uglomazy.bip.lubelskie.pl, kategoria „Raport o stanie gminy” id=165)",55a50f4adf0f9ea346aab08999979ca3cb0dae113b1622878a4d2a29549a2196,200,2026-09-14T10:45:02Z,Raport o stanie Gminy Łomazy za 2018 rok; Wójt Gminy Łomazy (TERYT 0601092); art. 28aa u.s.g.; 47 str.,0.519,true
5514,lubelskie,bialski,Łomazy,gmina wiejska,0601092,2019,ok_finalnie,pdf,tekst (55 stron),https://uglomazy.bip.lubelskie.pl/upload/pliki/Raport_o_stanie_gminy-2019.pdf,"direct_without_tor (BIP uglomazy.bip.lubelskie.pl, kategoria „Raport o stanie gminy” id=165)",c2060440a074bc58a8fffc4fb0eb513df8e879219738b5f1931f95d1a0671b59,200,2026-09-14T10:45:02Z,Raport o stanie Gminy Łomazy za 2019 rok; Wójt Gminy Łomazy (TERYT 0601092); art. 28aa u.s.g.; 55 str.,0.588,true
5515,lubelskie,bialski,Łomazy,gmina wiejska,0601092,2020,ok_finalnie,pdf,tekst (52 stron),https://uglomazy.bip.lubelskie.pl/upload/pliki/Raport_o_stanie_gminy_2020.pdf,"direct_without_tor (BIP uglomazy.bip.lubelskie.pl, kategoria „Raport o stanie gminy” id=165)",33ff31d04d8ec0a803ca26dcb208b65fb891ac5543eaa2ec97ac9361560d6408,200,2026-09-14T10:45:02Z,Raport o stanie Gminy Łomazy za 2020 rok; Wójt Gminy Łomazy (TERYT 0601092); art. 28aa u.s.g.; 52 str.,1.245,true
5516,lubelskie,bialski,Łomazy,gmina wiejska,0601092,2021,ok_finalnie,pdf,tekst (51 stron),https://uglomazy.bip.lubelskie.pl/upload/pliki/0Raport_gminy_2021.pdf,"direct_without_tor (BIP uglomazy.bip.lubelskie.pl, kategoria „Raport o stanie gminy” id=165)",68c630bbc07395dd877fcdb13b7c90e529777af7e4fc8853d80fab8b01ba92f3,200,2026-09-14T10:45:02Z,Raport o stanie Gminy Łomazy za 2021 rok; Wójt Gminy Łomazy (TERYT 0601092); art. 28aa u.s.g.; 51 str.,1.201,true
5517,lubelskie,bialski,Łomazy,gmina wiejska,0601092,2022,ok_finalnie,pdf,tekst (62 stron),https://uglomazy.bip.lubelskie.pl/upload/pliki/raport-2022v2.pdf,"direct_without_tor (BIP uglomazy.bip.lubelskie.pl, kategoria „Raport o stanie gminy” id=165)",85326cc1fa5e4a5922448fadb052726e26d1d15e0fe6a64b01a5deed72506dac,200,2026-09-14T10:45:02Z,Raport o stanie Gminy Łomazy za 2022 rok; Wójt Gminy Łomazy (TERYT 0601092); art. 28aa u.s.g.; 62 str.,1.404,true
5518,lubelskie,bialski,Łomazy,gmina wiejska,0601092,2023,ok_finalnie,pdf,tekst (66 stron),https://uglomazy.bip.lubelskie.pl/upload/pliki/raport_o_stanie_gminy_2023.pdf,"direct_without_tor (BIP uglomazy.bip.lubelskie.pl, kategoria „Raport o stanie gminy” id=165)",bc44435cae2a4586b611f6cb8641f0ee8074417f8f899a3de04242f3a69f36cb,200,2026-09-14T10:45:02Z,Raport o stanie Gminy Łomazy za 2023 rok; Wójt Gminy Łomazy (TERYT 0601092); art. 28aa u.s.g.; 66 str.,3.221,true
5519,lubelskie,bialski,Łomazy,gmina wiejska,0601092,2024,ok_finalnie,pdf,tekst (77 stron),https://uglomazy.bip.lubelskie.pl/upload/pliki/0raport_2024.v.3.pdf,"direct_without_tor (BIP uglomazy.bip.lubelskie.pl, kategoria „Raport o stanie gminy” id=165)",6409d14f2bb3521691714e708c90a8ffe8e242bb0bfb79cc1d53fcd954c78b0b,200,2026-09-14T10:45:02Z,Raport o stanie Gminy Łomazy za 2024 rok; Wójt Gminy Łomazy (TERYT 0601092); art. 28aa u.s.g.; 77 str.,2.237,true
5520,lubelskie,bialski,Łomazy,gmina wiejska,0601092,2025,ok_finalnie,pdf,tekst (89 stron),https://uglomazy.bip.lubelskie.pl/upload/pliki/raport_2025_r.pdf,"direct_without_tor (BIP uglomazy.bip.lubelskie.pl, kategoria „Raport o stanie gminy” id=165)",ef196a668aa9ac3566993178a6a251cd8fc71443008fd24baf706f40d3928999,200,2026-09-14T10:45:02Z,Raport o stanie Gminy Łomazy za 2025 rok; Wójt Gminy Łomazy (TERYT 0601092); art. 28aa u.s.g.; 89 str.,4.262,true
5521,lubelskie,bialski,Międzyrzec Podlaski,gmina wiejska,0601102,2018,ok_finalnie,pdf,tekst (45 stron),https://miedzyrzecgmina.pl/wp-content/uploads/2020/02/RAPORT-O-STANIE-GMINY_1-5.pdf,"direct_without_tor (official site miedzyrzecgmina.pl, sekcja „Raport o stanie gminy”)",8ee2f0169a71521bda11a7ba1726f68850bd51054e0e8a1a51106b5e62a33316,200,2026-09-14T10:52:12Z,Raport o stanie Gminy Międzyrzec Podlaski za rok 2018; Wójt Gminy Międzyrzec Podlaski (TERYT 0601102); art. 28aa u.s.g.; tekst (45 stron),0.378,true
5522,lubelskie,bialski,Międzyrzec Podlaski,gmina wiejska,0601102,2019,ok_finalnie,pdf,tekst (55 stron),https://miedzyrzecgmina.pl/wp-content/uploads/2020/07/RAPORT-O-STANIE-GMINY_2019.pdf,"direct_without_tor (official site miedzyrzecgmina.pl, sekcja „Raport o stanie gminy”)",8be1f7d825e37c4e1e2ee085ca32c896b796dadf892ebb3173aa8ab8d1389466,200,2026-09-14T10:52:12Z,Raport o stanie Gminy Międzyrzec Podlaski za rok 2019; Wójt Gminy Międzyrzec Podlaski (TERYT 0601102); art. 28aa u.s.g.; tekst (55 stron),0.395,true
5523,lubelskie,bialski,Międzyrzec Podlaski,gmina wiejska,0601102,2020,ok_finalnie,pdf,tekst (57 stron),https://miedzyrzecgmina.pl/wp-content/uploads/2021/06/RAPORT-O-STANIE-GMINY_2020.pdf,"direct_without_tor (official site miedzyrzecgmina.pl, sekcja „Raport o stanie gminy”)",4d38adc651fe3152080c6f351173d2000bd3cdffcf429b53e0868efd318cdbf8,200,2026-09-14T10:52:12Z,Raport o stanie Gminy Międzyrzec Podlaski za rok 2020; Wójt Gminy Międzyrzec Podlaski (TERYT 0601102); art. 28aa u.s.g.; tekst (57 stron),0.853,true
5524,lubelskie,bialski,Międzyrzec Podlaski,gmina wiejska,0601102,2021,ok_finalnie,pdf,tekst (68 stron),https://miedzyrzecgmina.pl/wp-content/uploads/2022/06/RAPORT-O-STANIE-GMINY_2021.pdf,"direct_without_tor (official site miedzyrzecgmina.pl, sekcja „Raport o stanie gminy”)",e696731d8386ff86cab47ee8221671cb807a9234a3dd147c2a1ee6fe8d19dab4,200,2026-09-14T10:52:12Z,Raport o stanie Gminy Międzyrzec Podlaski za rok 2021; Wójt Gminy Międzyrzec Podlaski (TERYT 0601102); art. 28aa u.s.g.; tekst (68 stron),1.044,true
5525,lubelskie,bialski,Międzyrzec Podlaski,gmina wiejska,0601102,2022,ok_finalnie,pdf,tekst (73 stron),https://miedzyrzecgmina.pl/wp-content/uploads/2023/05/Raport-o-stanie-gminy_2022.pdf,"direct_without_tor (official site miedzyrzecgmina.pl, sekcja „Raport o stanie gminy”)",441f9099c83fdf646eab6ac4ac46f8ba233124f949c8c39bc7d11d0316cbaf6c,200,2026-09-14T10:52:12Z,Raport o stanie Gminy Międzyrzec Podlaski za rok 2022; Wójt Gminy Międzyrzec Podlaski (TERYT 0601102); art. 28aa u.s.g.; tekst (73 stron),0.915,true
5526,lubelskie,bialski,Międzyrzec Podlaski,gmina wiejska,0601102,2023,ok_finalnie,pdf,tekst (83 stron),https://miedzyrzecgmina.pl/wp-content/uploads/2024/05/RAPORT-O-STANIE-GMINY_2023.pdf,"direct_without_tor (official site miedzyrzecgmina.pl, sekcja „Raport o stanie gminy”)",ca1fcc56676cc39eab2cae2cfb80007748f2588153f58de9317e64ad66de743b,200,2026-09-14T10:52:12Z,Raport o stanie Gminy Międzyrzec Podlaski za rok 2023; Wójt Gminy Międzyrzec Podlaski (TERYT 0601102); art. 28aa u.s.g.; tekst (83 stron),0.878,true
5527,lubelskie,bialski,Międzyrzec Podlaski,gmina wiejska,0601102,2024,ok_finalnie,pdf,tekst (88 stron),https://miedzyrzecgmina.pl/wp-content/uploads/2025/05/RAPORT-O-STANIE-GMINY_2024.pdf,"direct_without_tor (official site miedzyrzecgmina.pl, sekcja „Raport o stanie gminy”)",9771222823dd6fcbcf6c17bdf86743ba0470966604a03228722ab50eabf35426,200,2026-09-14T10:52:12Z,Raport o stanie Gminy Międzyrzec Podlaski za rok 2024; Wójt Gminy Międzyrzec Podlaski (TERYT 0601102); art. 28aa u.s.g.; tekst (88 stron),0.896,true
5528,lubelskie,bialski,Międzyrzec Podlaski,gmina wiejska,0601102,2025,ok_finalnie,pdf,tekst (91 stron),https://miedzyrzecgmina.pl/wp-content/uploads/2026/05/RAPORT-O-STANIE-GMINY_2025.pdf,"direct_without_tor (official site miedzyrzecgmina.pl, sekcja „Raport o stanie gminy”)",f6724c1118b7cf38a7c6d5330d72770fccb94cfd68931c7ffa8e98132e5d7fa7,200,2026-09-14T10:52:12Z,Raport o stanie Gminy Międzyrzec Podlaski za rok 2025; Wójt Gminy Międzyrzec Podlaski (TERYT 0601102); art. 28aa u.s.g.; tekst (91 stron),1.042,true
5529,lubelskie,bialski,Piszczac,gmina wiejska,0601112,2018,ok_finalnie,pdf,tekst (51 stron),https://piszczac.biuletyn.net/fls/bip_pliki/2019_05/BIPF58A2E6BC9063FZ/Raport.pdf,"direct_with_tor (official BIP piszczac.biuletyn.net, kat. „Raport o stanie gminy i analizy” cid=469, ESP)",019e59595ed1dcb1d86def8ee5d868fd4ca17b85b23865b77987236834270d02,200,2026-09-14T11:24:46Z,Raport o stanie Gminy Piszczac za rok 2018; Wójt/Burmistrz Gminy Piszczac (TERYT 0601112); art. 28aa u.s.g.; tekst (51 stron); strona dokumentu piszczac.biuletyn.net/?bip=2&cid=469&id=220972,0.629,true
5530,lubelskie,bialski,Piszczac,gmina wiejska,0601112,2019,ok_finalnie,pdf,tekst (62 stron),https://piszczac.biuletyn.net/fls/bip_pliki/2020_07/BIPF5ABA40B933377Z/Raport_o_stanie_Gminy_Piszcac_za_rok_2019.pdf,"direct_with_tor (official BIP piszczac.biuletyn.net, kat. „Raport o stanie gminy i analizy” cid=469, ESP)",b62e82a556f18f6aa4bed16b532f8364590de8184b07ddfab52c26ef5fa36e3e,200,2026-09-14T11:24:46Z,Raport o stanie Gminy Piszczac za rok 2019; Wójt/Burmistrz Gminy Piszczac (TERYT 0601112); art. 28aa u.s.g.; tekst (62 stron); strona dokumentu piszczac.biuletyn.net/?bip=2&cid=469&id=221200,0.667,true
5531,lubelskie,bialski,Piszczac,gmina wiejska,0601112,2020,brak_finalnie,,,,,,,2026-09-14T17:10:35Z,"[TURA II — ROZPOZNANIE] Raport o stanie Gminy Piszczac za 2020 rok — pliku nie odnaleziono. Kat. BIP piszczac.biuletyn.net cid=469 zawiera 2018/2019/2021/2023 (bez 2020); wyszukiwarka BIP (?find=1, fraza „raport”) — brak. DOWÓD POWSTANIA: porządek XXV sesji RM Piszczac z 28.07.2021, pkt „Raport o stanie gminy za 2020 rok: rozpatrzenie, debata, wotum zaufania” (BIP cid=154, id=221391; kopia work/pliki/piszczac_dowody/). Brak z dowodem istnienia.",,false
5532,lubelskie,bialski,Piszczac,gmina wiejska,0601112,2021,ok_finalnie,pdf,tekst (60 stron),https://piszczac.biuletyn.net/fls/bip_pliki/2022_05/BIPF5E04CE57448B8Z/Raport_o_stanie_Gminy_Piszcac_za_rok_2021.pdf,"direct_with_tor (official BIP piszczac.biuletyn.net, kat. „Raport o stanie gminy i analizy” cid=469, ESP)",87cc1aaffd75dd681bec13ce6f5e72a89a7e9360e28d857a9bb16bfc9046b151,200,2026-09-14T11:24:46Z,Raport o stanie Gminy Piszczac za rok 2021; Wójt/Burmistrz Gminy Piszczac (TERYT 0601112); art. 28aa u.s.g.; tekst (60 stron); strona dokumentu piszczac.biuletyn.net/?bip=2&cid=469&id=221555,3.347,true
5533,lubelskie,bialski,Piszczac,gmina wiejska,0601112,2022,brak_finalnie,,,,,,,2026-09-14T17:10:35Z,"[TURA II — ROZPOZNANIE] Raport o stanie Gminy Piszczac za 2022 rok — pliku nie odnaleziono. Kat. BIP cid=469 bez 2022; wyszukiwarka BIP — brak. DOWÓD POWSTANIA: porządek XLII sesji RM Piszczac z 22.06.2023, pkt 7: „Raport o stanie gminy za 2022 rok: rozpatrzenie, debata, wotum zaufania” (BIP cid=154, id=221818; kopia work/pliki/piszczac_dowody/); uchwała XLII/312/2023 (wotum za 2022) podejmowana „po rozpatrzeniu raportu”. Brak z dowodem istnienia.",,false
5534,lubelskie,bialski,Piszczac,gmina wiejska,0601112,2023,ok_finalnie,pdf,tekst (55 stron),https://piszczac.biuletyn.net/fls/bip_pliki/2024_06/BIPF61A1FFEF3BC08Z/Raport_o_stanie_gminy_za_2023_r..pdf,"direct_with_tor (official BIP piszczac.biuletyn.net, kat. „Raport o stanie gminy i analizy” cid=469, ESP)",1630b971b1b5a2d712f2c2a3dff4ebed5bca0f5246db14a1b2851702c15dce78,200,2026-09-14T11:24:46Z,Raport o stanie Gminy Piszczac za rok 2023; Wójt/Burmistrz Gminy Piszczac (TERYT 0601112); art. 28aa u.s.g.; tekst (55 stron); strona dokumentu piszczac.biuletyn.net/?bip=2&cid=469&id=222133,2.578,true
5535,lubelskie,bialski,Piszczac,gmina miejsko-wiejska,0601113,2024,brak_finalnie,,,,,,,2026-09-14T17:10:35Z,"[TURA II — ROZPOZNANIE] Raport o stanie Gminy Piszczac za 2024 rok — pliku nie odnaleziono. Kat. BIP cid=469: 2018/2019/2021/2023 (2024–2025 nieopublikowane; stan 14.09.2026). DOWÓD POWSTANIA: uchwała Nr XIV/91/2025 RM Piszczac z 26.06.2025 w sprawie wotum zaufania za 2024: „Po rozpatrzeniu raportu o stanie gminy udziela się Burmistrzowi…” (BIP cid=551, XIV posiedzenie 26.06.2025; plik uchwały: work/pliki/piszczac_uchwala_XIV91_2025_wotum_za2024_raport_rozpatrzony.pdf). Brak z dowodem istnienia. Jednostka: Gmina Piszczac (TERYT 0601113, typ w CSV dla roczników 2024–2025: gmina miejsko-wiejska; ten sam organ — Burmistrz Gminy Piszczac — co roczniki 2018–2023 ujęte jako 0601112).",,false
5536,lubelskie,bialski,Piszczac,gmina miejsko-wiejska,0601113,2025,brak_finalnie,,,,,,,2026-09-14T17:10:35Z,"[TURA II — ROZPOZNANIE] Raport o stanie Gminy Piszczac za 2025 rok — pliku nie odnaleziono. DOWÓD POWSTANIA: porządek XXIV sesji RM Piszczac z 25.06.2026, pkt 7: „Raport o stanie gminy za 2025 rok: rozpatrzenie, debata, wotum zaufania” (BIP cid=154, id=222606; kopia work/pliki/piszczac_dowody/). Kat. BIP cid=469 nie zawiera rocznika 2025 (stan 14.09.2026); wyszukiwarka BIP — brak. Brak z dowodem istnienia. Jednostka: Gmina Piszczac (TERYT 0601113, typ w CSV dla roczników 2024–2025: gmina miejsko-wiejska; ten sam organ — Burmistrz Gminy Piszczac — co roczniki 2018–2023 ujęte jako 0601112).",,false
5537,lubelskie,bialski,Rokitno,gmina wiejska,0601122,2018,ok_finalnie,pdf,tekst (25 stron),https://ugrokitno.bip.lubelskie.pl/upload/pliki/Raport_za_2018_rok.pdf,"direct_without_tor (official BIP ugrokitno.bip.lubelskie.pl, kat. raportów id=134, action=details&document_id)",ee4276e039ac4b8e4e5d9471835d0e9cd16a8a667a622e511468396e3732d730,200,2026-09-14T11:03:03Z,Raport o stanie Gminy Rokitno za 2018 rok; Wójt Gminy (TERYT 0601122); art. 28aa u.s.g.; tekst (25 stron),0.717,true
5538,lubelskie,bialski,Rokitno,gmina wiejska,0601122,2019,ok_finalnie,pdf,tekst (37 stron),https://ugrokitno.bip.lubelskie.pl/upload/pliki/Raport_o_stanie_gminy_rokitno_za_2019r.pdf,"direct_without_tor (official BIP ugrokitno.bip.lubelskie.pl, kat. raportów id=134, action=details&document_id)",d39ea7325d0ae3a24783fa2ecde80caea749b3e7f32d368c2d30aa8de98b1522,200,2026-09-14T11:03:03Z,Raport o stanie Gminy Rokitno za 2019 rok; Wójt Gminy (TERYT 0601122); art. 28aa u.s.g.; tekst (37 stron),0.417,true
5539,lubelskie,bialski,Rokitno,gmina wiejska,0601122,2020,ok_finalnie,pdf,tekst (docx),https://ugrokitno.bip.lubelskie.pl/upload/pliki/raport_o_stanie_gminy_za_2020r.docx,"direct_without_tor (official BIP ugrokitno.bip.lubelskie.pl, kat. raportów id=134, action=details&document_id)",129e6013e1c388c587062f02459c4e8927806c7069cc6562ca2a6597b9b3887f,200,2026-09-14T11:03:03Z,Raport o stanie Gminy Rokitno za 2020 rok; Wójt Gminy (TERYT 0601122); art. 28aa u.s.g.; tekst (docx),0.139,true
5540,lubelskie,bialski,Rokitno,gmina wiejska,0601122,2021,ok_finalnie,pdf,tekst (docx),https://ugrokitno.bip.lubelskie.pl/upload/pliki/raport-o-stanie-gminy-za-2021-rok.docx,"direct_without_tor (official BIP ugrokitno.bip.lubelskie.pl, kat. raportów id=134, action=details&document_id)",ceed93c94ebb5c3ac94b2d1a044bbbad8fbf938732f0fae94024bf8acbaa1471,200,2026-09-14T11:03:03Z,Raport o stanie Gminy Rokitno za 2021 rok; Wójt Gminy (TERYT 0601122); art. 28aa u.s.g.; tekst (docx),0.209,true
5541,lubelskie,bialski,Rokitno,gmina wiejska,0601122,2022,ok_finalnie,pdf,tekst (56 stron),https://ugrokitno.bip.lubelskie.pl/upload/pliki/raport_za_2022_r.pdf,"direct_without_tor (official BIP ugrokitno.bip.lubelskie.pl, kat. raportów id=134, action=details&document_id)",28baa851292817923a11a1f95900ac9bd24c6bcc67825d10535179b7a521c1c4,200,2026-09-14T11:03:03Z,Raport o stanie Gminy Rokitno za 2022 rok; Wójt Gminy (TERYT 0601122); art. 28aa u.s.g.; tekst (56 stron),1.615,true
5542,lubelskie,bialski,Rokitno,gmina wiejska,0601122,2023,ok_finalnie,pdf,tekst (52 stron),https://ugrokitno.bip.lubelskie.pl/upload/pliki/raport_o_stanie_gminy_za_2023_rok.pdf,"direct_without_tor (official BIP ugrokitno.bip.lubelskie.pl, kat. raportów id=134, action=details&document_id)",92fb4216f6d59198b11c235ffaf1b8e5c2ad2894ca15c5354a3e3fc03791fb83,200,2026-09-14T11:03:03Z,Raport o stanie Gminy Rokitno za 2023 rok; Wójt Gminy (TERYT 0601122); art. 28aa u.s.g.; tekst (52 stron),1.475,true
5543,lubelskie,bialski,Rokitno,gmina wiejska,0601122,2024,ok_finalnie,pdf,tekst (82 stron),https://ugrokitno.bip.lubelskie.pl/upload/pliki/raport_za_2024.pdf,"direct_without_tor (official BIP ugrokitno.bip.lubelskie.pl, kat. raportów id=134, action=details&document_id)",715913e5e4f55fff80a09daeab79511c2c4f757d731c0b230e1dad83e360781d,200,2026-09-14T11:03:03Z,Raport o stanie Gminy Rokitno za 2024 rok; Wójt Gminy (TERYT 0601122); art. 28aa u.s.g.; tekst (82 stron),2.412,true
5544,lubelskie,bialski,Rokitno,gmina wiejska,0601122,2025,ok_finalnie,pdf,tekst (87 stron),https://ugrokitno.bip.lubelskie.pl/upload/pliki/raport_za_2025.pdf,"direct_without_tor (official BIP ugrokitno.bip.lubelskie.pl, kat. raportów id=134, action=details&document_id)",fdc4d5128f7c5d6ca5f052650d60581ffbe14784ec0998155b15d8b2c7f7206e,200,2026-09-14T11:03:03Z,Raport o stanie Gminy Rokitno za 2025 rok; Wójt Gminy (TERYT 0601122); art. 28aa u.s.g.; tekst (87 stron),1.212,true
5545,lubelskie,bialski,Rossosz,gmina wiejska,0601132,2018,ok_finalnie,pdf,tekst (37 stron),https://rossosz.e-biuletyn.pl/upload/pliki/0RAPORT_O_STANIE_GMINY_ROSSOSZ_ZA_ROK_2018.pdf,"direct_without_tor (official BIP rossosz.e-biuletyn.pl, kat. „Raporty o stanie Gminy” id=742, link z portalu rossosz.pl/wcag; detal p1=szczegoly&p2)",ce318aedecce3e276ea3dba0f92c5c0102b5c1aac164db7b597f34e6a85884a6,200,2026-09-14T12:58:17Z,Raport o stanie Gminy Rossosz za rok 2018; Wójt Gminy Rossosz (TERYT 0601132); art. 28aa u.s.g.; tekst (37 stron); strona dokumentu rossosz.e-biuletyn.pl/index.php?id=742&p1=szczegoly&p2=58015,26.902,true
5546,lubelskie,bialski,Rossosz,gmina wiejska,0601132,2019,ok_finalnie,pdf,tekst (40 stron),https://rossosz.e-biuletyn.pl/upload/pliki/raport2019.pdf,"direct_without_tor (official BIP rossosz.e-biuletyn.pl, kat. „Raporty o stanie Gminy” id=742, link z portalu rossosz.pl/wcag; detal p1=szczegoly&p2)",74bd6f56618f6927f2fac355d636d7859e4e0c0261f84d22db186e75fdd2172b,200,2026-09-14T12:58:17Z,Raport o stanie Gminy Rossosz za rok 2019; Wójt Gminy Rossosz (TERYT 0601132); art. 28aa u.s.g.; tekst (40 stron); strona dokumentu rossosz.e-biuletyn.pl/index.php?id=742&p1=szczegoly&p2=172230,29.278,true
5547,lubelskie,bialski,Rossosz,gmina wiejska,0601132,2020,ok_finalnie,pdf,tekst (38 stron),https://rossosz.e-biuletyn.pl/upload/pliki/Raport2021.pdf,"direct_without_tor (official BIP rossosz.e-biuletyn.pl, kat. „Raporty o stanie Gminy” id=742, link z portalu rossosz.pl/wcag; detal p1=szczegoly&p2)",b28fc48199a06a09889e2f118b880000e2eb89efc1a4857b2c8c1ac20804dc85,200,2026-09-14T12:58:17Z,Raport o stanie Gminy Rossosz za rok 2020; Wójt Gminy Rossosz (TERYT 0601132); art. 28aa u.s.g.; tekst (38 stron); strona dokumentu rossosz.e-biuletyn.pl/index.php?id=742&p1=szczegoly&p2=189337,2.822,true
5548,lubelskie,bialski,Rossosz,gmina wiejska,0601132,2021,ok_finalnie,pdf,tekst (45 stron),https://rossosz.e-biuletyn.pl/upload/pliki/RapostostanieGminyzarok2021.pdf,"direct_without_tor (official BIP rossosz.e-biuletyn.pl, kat. „Raporty o stanie Gminy” id=742, link z portalu rossosz.pl/wcag; detal p1=szczegoly&p2)",522255d4b4a9ba5e841ad15e4a92eac1e1b97950126b96bdf71bbebef9f75a76,200,2026-09-14T12:58:17Z,Raport o stanie Gminy Rossosz za rok 2021; Wójt Gminy Rossosz (TERYT 0601132); art. 28aa u.s.g.; tekst (45 stron); strona dokumentu rossosz.e-biuletyn.pl/index.php?id=742&p1=szczegoly&p2=240977,18.717,true
5549,lubelskie,bialski,Rossosz,gmina wiejska,0601132,2022,ok_finalnie,pdf,tekst (49 stron),https://rossosz.e-biuletyn.pl/upload/pliki/RaportostanieGminyzarok2022.pdf,"direct_without_tor (official BIP rossosz.e-biuletyn.pl, kat. „Raporty o stanie Gminy” id=742, link z portalu rossosz.pl/wcag; detal p1=szczegoly&p2)",4c144f8f2e0abae98b5bb9f086c60c9bd0bc62e9f87d5491d55ab296a9ec74f8,200,2026-09-14T12:58:17Z,Raport o stanie Gminy Rossosz za rok 2022; Wójt Gminy Rossosz (TERYT 0601132); art. 28aa u.s.g.; tekst (49 stron); strona dokumentu rossosz.e-biuletyn.pl/index.php?id=742&p1=szczegoly&p2=253721,36.17,true
5550,lubelskie,bialski,Rossosz,gmina wiejska,0601132,2023,ok_finalnie,pdf,tekst (47 stron),https://rossosz.e-biuletyn.pl/upload/pliki/raport2023.pdf,"direct_without_tor (official BIP rossosz.e-biuletyn.pl, kat. „Raporty o stanie Gminy” id=742, link z portalu rossosz.pl/wcag; detal p1=szczegoly&p2)",d0509e96afd4e265177bf59a87f95ad73272d659db20b5720be4cdd3925d3e2b,200,2026-09-14T12:58:17Z,Raport o stanie Gminy Rossosz za rok 2023; Wójt Gminy Rossosz (TERYT 0601132); art. 28aa u.s.g.; tekst (47 stron); strona dokumentu rossosz.e-biuletyn.pl/index.php?id=742&p1=szczegoly&p2=267323,22.674,true
5551,lubelskie,bialski,Rossosz,gmina wiejska,0601132,2024,ok_finalnie,pdf,tekst (51 stron),https://rossosz.e-biuletyn.pl/upload/pliki/raportostaniegminyza2024.pdf,"direct_without_tor (official BIP rossosz.e-biuletyn.pl, kat. „Raporty o stanie Gminy” id=742, link z portalu rossosz.pl/wcag; detal p1=szczegoly&p2)",46958ffcab23cace56a81e8ea807d04f7c0fb2c23440f578df14bed171388999,200,2026-09-14T12:58:17Z,Raport o stanie Gminy Rossosz za rok 2024; Wójt Gminy Rossosz (TERYT 0601132); art. 28aa u.s.g.; tekst (51 stron); strona dokumentu rossosz.e-biuletyn.pl/index.php?id=742&p1=szczegoly&p2=280161,29.15,true
5552,lubelskie,bialski,Rossosz,gmina wiejska,0601132,2025,ok_finalnie,pdf,tekst (59 stron),https://rossosz.e-biuletyn.pl/upload/pliki/raportostaniegminyza2025.pdf,"direct_without_tor (official BIP rossosz.e-biuletyn.pl, kat. „Raporty o stanie Gminy” id=742, link z portalu rossosz.pl/wcag; detal p1=szczegoly&p2)",1e71b831851e2c4d534f43e2ff4bea430dcc7c23093d18942a5835750ae40f73,200,2026-09-14T12:58:17Z,Raport o stanie Gminy Rossosz za rok 2025; Wójt Gminy Rossosz (TERYT 0601132); art. 28aa u.s.g.; tekst (59 stron); strona dokumentu rossosz.e-biuletyn.pl/index.php?id=742&p1=szczegoly&p2=292660,50.387,true
5553,lubelskie,bialski,Sławatycze,gmina wiejska,0601142,2018,ok_finalnie,pdf,tekst (68 stron),https://slawatycze.biuletyn.net/fls/bip_pliki/2024_02/BIPOLD002883/2883.pdf,"direct_with_tor (official BIP slawatycze.biuletyn.net, kat. „Raport o stanie Gminy Sławatycze” cid=1104, ESP)",894147ffc35d89eb7057ef34ff8819be86788c67fe2d6dafe498c93c7c4bed62,200,2026-09-14T11:07:17Z,Raport o stanie Gminy Sławatycze za rok 2018; Wójt Gminy Sławatycze (TERYT 0601142); art. 28aa u.s.g.; tekst (68 stron); strona dokumentu slawatycze.biuletyn.net/?bip=2&cid=1104&id=4554,58.177,true
5554,lubelskie,bialski,Sławatycze,gmina wiejska,0601142,2019,ok_finalnie,pdf,tekst (73 stron),https://slawatycze.biuletyn.net/fls/bip_pliki/2024_02/BIPOLD003469/3469.pdf,"direct_with_tor (official BIP slawatycze.biuletyn.net, kat. „Raport o stanie Gminy Sławatycze” cid=1104, ESP)",095584b7a104f3e125d23e14abe27c24fdea8e9b352b0f49fd4383775a9ee895,200,2026-09-14T11:07:17Z,Raport o stanie Gminy Sławatycze za rok 2019; Wójt Gminy Sławatycze (TERYT 0601142); art. 28aa u.s.g.; tekst (73 stron); strona dokumentu slawatycze.biuletyn.net/?bip=2&cid=1104&id=4769,0.956,true
5555,lubelskie,bialski,Sławatycze,gmina wiejska,0601142,2020,ok_finalnie,pdf,tekst (64 stron),https://slawatycze.biuletyn.net/fls/bip_pliki/2024_02/BIPOLD003719/3719.pdf,"direct_with_tor (official BIP slawatycze.biuletyn.net, kat. „Raport o stanie Gminy Sławatycze” cid=1104, ESP)",e548fd5e5898d697d5fcbb0fdd31ebcb2d78c349712c42cc8495d2025cb24b63,200,2026-09-14T11:07:17Z,Raport o stanie Gminy Sławatycze za rok 2020; Wójt Gminy Sławatycze (TERYT 0601142); art. 28aa u.s.g.; tekst (64 stron); strona dokumentu slawatycze.biuletyn.net/?bip=2&cid=1104&id=4862,0.972,true
5556,lubelskie,bialski,Sławatycze,gmina wiejska,0601142,2021,ok_finalnie,pdf,tekst (64 stron),https://slawatycze.biuletyn.net/fls/bip_pliki/2024_02/BIPOLD004692/4692.pdf,"direct_with_tor (official BIP slawatycze.biuletyn.net, kat. „Raport o stanie Gminy Sławatycze” cid=1104, ESP)",42478a73ca74cccd2837ce7fb25b0ec41c0ab2b8b726be40327a318d636fb6b5,200,2026-09-14T11:07:17Z,Raport o stanie Gminy Sławatycze za rok 2021; Wójt Gminy Sławatycze (TERYT 0601142); art. 28aa u.s.g.; tekst (64 stron); strona dokumentu slawatycze.biuletyn.net/?bip=2&cid=1104&id=5290,0.98,true
5557,lubelskie,bialski,Sławatycze,gmina wiejska,0601142,2022,ok_finalnie,pdf,tekst (79 stron),https://slawatycze.biuletyn.net/fls/bip_pliki/2024_06/BIPF61B3C017F3741Z/Raport_o_stanie_gminy_za_2022_rok__1_.pdf,"direct_with_tor (official BIP slawatycze.biuletyn.net, kat. „Raport o stanie Gminy Sławatycze” cid=1104, ESP)",2fdfecd70885d17240e2c7f902b3cf9b73b3daa853e6d794352324a890145d2c,200,2026-09-14T11:07:17Z,Raport o stanie Gminy Sławatycze za rok 2022; Wójt Gminy Sławatycze (TERYT 0601142); art. 28aa u.s.g.; tekst (79 stron); strona dokumentu slawatycze.biuletyn.net/?bip=2&cid=1104&id=5533,0.988,true
5558,lubelskie,bialski,Sławatycze,gmina wiejska,0601142,2023,ok_finalnie,pdf,tekst (79 stron),https://slawatycze.biuletyn.net/fls/bip_pliki/2024_06/BIPF61B3BFCA6B6F9Z/RAPORT_O_STANIE_GMINY_SLAWATYCZE_ZA_2023_R.pdf,"direct_with_tor (official BIP slawatycze.biuletyn.net, kat. „Raport o stanie Gminy Sławatycze” cid=1104, ESP)",8a51e244c62bbac7dec3ed0c16608063732937e6c2c2e12ded5c6ba9f4040195,200,2026-09-14T11:07:17Z,Raport o stanie Gminy Sławatycze za rok 2023; Wójt Gminy Sławatycze (TERYT 0601142); art. 28aa u.s.g.; tekst (79 stron); strona dokumentu slawatycze.biuletyn.net/?bip=2&cid=1104&id=5532,0.97,true
5559,lubelskie,bialski,Sławatycze,gmina wiejska,0601142,2024,ok_finalnie,pdf,tekst (85 stron),https://slawatycze.biuletyn.net/fls/bip_pliki/2025_06/BIPF638524C85147Z/RAPORT_O_STANIE_GMINY_SLAWATYCZE_ZA_2024_R.pdf,"direct_with_tor (official BIP slawatycze.biuletyn.net, kat. „Raport o stanie Gminy Sławatycze” cid=1104, ESP)",531dca158b80bb65fb2317d42231984bc64f7a114c24afa7513faaaaf2904ffc,200,2026-09-14T11:07:17Z,Raport o stanie Gminy Sławatycze za rok 2024; Wójt Gminy Sławatycze (TERYT 0601142); art. 28aa u.s.g.; tekst (85 stron); strona dokumentu slawatycze.biuletyn.net/?bip=2&cid=1104&id=5989,1.043,true
5560,lubelskie,bialski,Sławatycze,gmina wiejska,0601142,2025,ok_finalnie,pdf,tekst (103 stron),https://slawatycze.biuletyn.net/fls/bip_pliki/2026_06/BIPF653562B3D6263Z/RAPORT_O_STANIE_GMINY_SLAWATYCZE_ZA_2025_R.pdf,"direct_with_tor (official BIP slawatycze.biuletyn.net, kat. „Raport o stanie Gminy Sławatycze” cid=1104, ESP)",3b0907381bd2b365ffcd090432757233415b7c8b2af1b15ddd578af844977eb2,200,2026-09-14T11:07:17Z,Raport o stanie Gminy Sławatycze za rok 2025; Wójt Gminy Sławatycze (TERYT 0601142); art. 28aa u.s.g.; tekst (103 stron); strona dokumentu slawatycze.biuletyn.net/?bip=2&cid=1104&id=6355,1.229,true
5561,lubelskie,bialski,Sosnówka,gmina wiejska,0601152,2018,ok_finalnie,pdf,tekst (30 stron),https://ugsosnowka.bip.lubelskie.pl/upload/pliki/0RAPORT_GMINA_SOSNOWKA_2018_r.pdf,"direct_without_tor (official BIP ugsosnowka.bip.lubelskie.pl, kat. raportów id=269, action=details&document_id)",725cc2ab0f1a1e52af5332fac5a29ed02665029299c0951f02af9cb802161aca,200,2026-09-14T11:03:03Z,Raport o stanie Gminy Sosnówka za 2018 rok; Wójt Gminy (TERYT 0601152); art. 28aa u.s.g.; tekst (30 stron),0.476,true
5562,lubelskie,bialski,Sosnówka,gmina wiejska,0601152,2019,ok_finalnie,pdf,tekst (65 stron),https://ugsosnowka.bip.lubelskie.pl/upload/pliki/RAPORT-30-06-2020-IV.pdf,"direct_without_tor (official BIP ugsosnowka.bip.lubelskie.pl, kat. raportów id=269, action=details&document_id)",ed7b3c788cecfbd2a8748f49f489b9b1c938b888e07832e0036109e1fe490b4d,200,2026-09-14T11:03:03Z,Raport o stanie Gminy Sosnówka za 2019 rok; Wójt Gminy (TERYT 0601152); art. 28aa u.s.g.; tekst (65 stron),1.271,true
5563,lubelskie,bialski,Sosnówka,gmina wiejska,0601152,2020,ok_finalnie,pdf,tekst (53 stron),https://ugsosnowka.bip.lubelskie.pl/upload/pliki/RAPORT_2020_kpl.pop1.pdf,"direct_without_tor (official BIP ugsosnowka.bip.lubelskie.pl, kat. raportów id=269, action=details&document_id)",48e3bb7c5fc3cc6dbdaef817ce9bac27ab7d9b441a819afc32f7bcfabcaf66e6,200,2026-09-14T11:03:03Z,Raport o stanie Gminy Sosnówka za 2020 rok; Wójt Gminy (TERYT 0601152); art. 28aa u.s.g.; tekst (53 stron),1.098,true
5564,lubelskie,bialski,Sosnówka,gmina wiejska,0601152,2021,ok_finalnie,pdf,tekst (56 stron),https://ugsosnowka.bip.lubelskie.pl/upload/pliki/raport-2021-kpl.pop30.06.2022.pdf,"direct_without_tor (official BIP ugsosnowka.bip.lubelskie.pl, kat. raportów id=269, action=details&document_id)",b7ea4abf995481396fff7bfefc9ecdd899f3564e97d01f6f414634327d9fbadb,200,2026-09-14T11:03:03Z,Raport o stanie Gminy Sosnówka za 2021 rok; Wójt Gminy (TERYT 0601152); art. 28aa u.s.g.; tekst (56 stron),1.482,true
5565,lubelskie,bialski,Sosnówka,gmina wiejska,0601152,2022,ok_finalnie,pdf,tekst (69 stron),https://ugsosnowka.bip.lubelskie.pl/upload/pliki/raporto-o-stanie-gminy-sosnowka-poprawka-nr-4.pdf,"direct_without_tor (official BIP ugsosnowka.bip.lubelskie.pl, kat. raportów id=269, action=details&document_id)",47715bca3a8a91ddc62e2eab47daf9fa5d05b30659fe6190dba7320564f5baf7,200,2026-09-14T11:03:03Z,Raport o stanie Gminy Sosnówka za 2022 rok; Wójt Gminy (TERYT 0601152); art. 28aa u.s.g.; tekst (69 stron),2.023,true
5566,lubelskie,bialski,Sosnówka,gmina wiejska,0601152,2023,ok_finalnie,pdf,tekst (73 stron),https://ugsosnowka.bip.lubelskie.pl/upload/pliki/raporto_o_stanie_gminy_sosnowka_za_2023_r.pdf,"direct_without_tor (official BIP ugsosnowka.bip.lubelskie.pl, kat. raportów id=269, action=details&document_id)",382ead9496ffd31035bc65272b2f6540d576d7ccf4bfcaea1a8e49ab326a884a,200,2026-09-14T11:03:03Z,Raport o stanie Gminy Sosnówka za 2023 rok; Wójt Gminy (TERYT 0601152); art. 28aa u.s.g.; tekst (73 stron),2.116,true
5567,lubelskie,bialski,Sosnówka,gmina wiejska,0601152,2024,ok_finalnie,pdf,tekst (93 stron),https://ugsosnowka.bip.lubelskie.pl/upload/pliki/raport_o_stanie_gminy_2024.pdf,"direct_without_tor (official BIP ugsosnowka.bip.lubelskie.pl, kat. raportów id=269, action=details&document_id)",d37adeae1770367f6d41b3da551a3139410051ad551a47de54a4452cf530d568,200,2026-09-14T11:03:03Z,Raport o stanie Gminy Sosnówka za 2024 rok; Wójt Gminy (TERYT 0601152); art. 28aa u.s.g.; tekst (93 stron),3.193,true
5568,lubelskie,bialski,Sosnówka,gmina wiejska,0601152,2025,ok_finalnie,pdf,tekst (103 stron),https://ugsosnowka.bip.lubelskie.pl/upload/pliki/raport_o_stanie_gminy_sosnowka_za_2025_rok.pdf,"direct_without_tor (official BIP ugsosnowka.bip.lubelskie.pl, kat. raportów id=269, action=details&document_id)",2d62de8eed9b7e84e10041caa000561337ca29d7fa012faf620cb7164ba96da9,200,2026-09-14T11:03:03Z,Raport o stanie Gminy Sosnówka za 2025 rok; Wójt Gminy (TERYT 0601152); art. 28aa u.s.g.; tekst (103 stron),2.576,true
5569,lubelskie,bialski,Terespol,gmina wiejska,0601162,2018,ok_finalnie,pdf,tekst (60 stron),https://ugterespol.bip.lubelskie.pl/upload/pliki/0Raport_o_stanie_Gminy_Terespol_za_2018_r.pdf,"direct_without_tor (official BIP ugterespol.bip.lubelskie.pl, kat. raportów id=300, action=details&document_id)",b2b87b46ba9289d3d2e31a90591f4f9161af1fa4765eef65a2ddae80527436b4,200,2026-09-14T11:03:03Z,Raport o stanie Gminy Terespol za 2018 rok; Wójt Gminy (TERYT 0601162); art. 28aa u.s.g.; tekst (60 stron),37.36,true
5570,lubelskie,bialski,Terespol,gmina wiejska,0601162,2019,ok_finalnie,pdf,tekst (61 stron),https://ugterespol.bip.lubelskie.pl/upload/pliki/0RAPORT_2020.pdf,"direct_without_tor (official BIP ugterespol.bip.lubelskie.pl, kat. raportów id=300, action=details&document_id)",0ce964eeeec3a82c56c863f0af6c3ad58a567099e1b71483fc240490d4621cd5,200,2026-09-14T11:03:03Z,Raport o stanie Gminy Terespol za 2019 rok; Wójt Gminy (TERYT 0601162); art. 28aa u.s.g.; tekst (61 stron),6.846,true
5571,lubelskie,bialski,Terespol,gmina wiejska,0601162,2020,ok_finalnie,pdf,tekst (60 stron),https://ugterespol.bip.lubelskie.pl/upload/pliki/1RAPORT_2020.pdf,"direct_without_tor (official BIP ugterespol.bip.lubelskie.pl, kat. raportów id=300, action=details&document_id)",4e9f4efb7cae4d887c605e168b6fd9cb4695d0786b6cab3fbdca0e35d86779bb,200,2026-09-14T11:03:03Z,Raport o stanie Gminy Terespol za 2020 rok; Wójt Gminy (TERYT 0601162); art. 28aa u.s.g.; tekst (60 stron),5.241,true
5572,lubelskie,bialski,Terespol,gmina wiejska,0601162,2021,ok_finalnie,pdf,tekst (69 stron),https://ugterespol.bip.lubelskie.pl/upload/pliki/RAPORT_O_STANIE_GMINY_TERESPOL_ZA_2021_ROK.pdf,"direct_without_tor (official BIP ugterespol.bip.lubelskie.pl, kat. raportów id=300, action=details&document_id)",61c5854f4c956602d0bf1efc8238446374a0cd09d6b6bf8c2352beefca00bec4,200,2026-09-14T11:03:03Z,Raport o stanie Gminy Terespol za 2021 rok; Wójt Gminy (TERYT 0601162); art. 28aa u.s.g.; tekst (69 stron),4.877,true
5573,lubelskie,bialski,Terespol,gmina wiejska,0601162,2022,ok_finalnie,pdf,tekst (85 stron),https://ugterespol.bip.lubelskie.pl/upload/pliki/raport-o-stanie-gminy-terespol-za-2022-rok.pdf,"direct_without_tor (official BIP ugterespol.bip.lubelskie.pl, kat. raportów id=300, action=details&document_id)",0ae396ab0b849a5ff7749a717d14f2e2559de02c9666c90d9025c7d612539a2e,200,2026-09-14T11:03:03Z,Raport o stanie Gminy Terespol za 2022 rok; Wójt Gminy (TERYT 0601162); art. 28aa u.s.g.; tekst (85 stron),6.609,true
5574,lubelskie,bialski,Terespol,gmina wiejska,0601162,2023,ok_finalnie,pdf,tekst (73 stron),https://ugterespol.bip.lubelskie.pl/upload/pliki/raport-za-2023.pdf,"direct_without_tor (official BIP ugterespol.bip.lubelskie.pl, kat. raportów id=300, action=details&document_id)",68fe987b723c8a7cfc239e521b361421a935dad2292a4d90cc85f870e0e6edef,200,2026-09-14T11:03:03Z,Raport o stanie Gminy Terespol za 2023 rok; Wójt Gminy (TERYT 0601162); art. 28aa u.s.g.; tekst (73 stron),8.553,true
5575,lubelskie,bialski,Terespol,gmina wiejska,0601162,2024,ok_finalnie,pdf,tekst (83 stron),https://ugterespol.bip.lubelskie.pl/upload/pliki/raport_za_2024.pdf,"direct_without_tor (official BIP ugterespol.bip.lubelskie.pl, kat. raportów id=300, action=details&document_id)",52cd244e233041fa0892a6a9313abc915134e451a8a0d2c1f73db500b6820e85,200,2026-09-14T11:03:03Z,Raport o stanie Gminy Terespol za 2024 rok; Wójt Gminy (TERYT 0601162); art. 28aa u.s.g.; tekst (83 stron),6.592,true
5576,lubelskie,bialski,Terespol,gmina wiejska,0601162,2025,ok_finalnie,pdf,tekst (85 stron),https://ugterespol.bip.lubelskie.pl/upload/pliki/raport_za_2025.pdf,"direct_without_tor (official BIP ugterespol.bip.lubelskie.pl, kat. raportów id=300, action=details&document_id)",af9c31924dcfd9ffa5830485e84d9ef7c15d6b5c6899985287bcbf54ba4dfba6,200,2026-09-14T11:03:03Z,Raport o stanie Gminy Terespol za 2025 rok; Wójt Gminy (TERYT 0601162); art. 28aa u.s.g.; tekst (85 stron),7.527,true
5577,lubelskie,bialski,Tuczna,gmina wiejska,0601172,2018,brak_finalnie,,,,,,,2026-09-14T11:31:10Z,"[TURA II — ROZPOZNANIE] Raport o stanie Gminy Tuczna za rok 2018 nieodnaleziony w sieci. Wyszukiwarka dokumentów BIP ugtuczna.bip.lubelskie.pl (id=szukaj&pattern=raport) wskazuje raporty tylko za 2019, 2021, 2022, 2023, 2024, 2025 (publikowane jako dokumenty/Załączniki do zarządzeń Wójta, kat. id=110); kategorii „Raport o stanie gminy” brak w menu BIP. Wayback CDX (ugtuczna.bip.lubelskie.pl, gminatuczna.pl) bez śladów; wyszukiwarki internetowe bez wyniku (uwaga: „Gmina Tuczno” = pow. wałecki, zachodniopomorskie — inna jednostka). Za rok 2018 gmina opublikowała jedynie „Raport podsumowujący kadencję 2014–2018”.",,false
5578,lubelskie,bialski,Tuczna,gmina wiejska,0601172,2019,ok_finalnie,pdf,tekst,https://ugtuczna.bip.lubelskie.pl/upload/pliki/Raport_o_stanie_gminy_za_2019.pdf,"direct_without_tor (official BIP ugtuczna.bip.lubelskie.pl; raporty w Zarządzeniach Wójta id=110 / kat. id=404, wyszukiwarka dokumentów BIP)",621094291b2bbee98ccab15c1a6501ffd373c822b89ddbe70b7f9f7bce3d5f45,200,2026-09-14T11:31:10Z,Raport o stanie Gminy Tuczna za rok 2019; Wójt Gminy Tuczna (TERYT 0601172); art. 28aa u.s.g.; tekst; strona dokumentu https://ugtuczna.bip.lubelskie.pl/index.php?id=110&action=details&document_id=1540055,0.17,true
5579,lubelskie,bialski,Tuczna,gmina wiejska,0601172,2020,brak_finalnie,,,,,,,2026-09-14T11:31:10Z,"[TURA II — ROZPOZNANIE] Raport o stanie Gminy Tuczna za rok 2020 nieodnaleziony w sieci. Wyszukiwarka dokumentów BIP ugtuczna.bip.lubelskie.pl (id=szukaj&pattern=raport) wskazuje raporty tylko za 2019, 2021, 2022, 2023, 2024, 2025 (publikowane jako dokumenty/Załączniki do zarządzeń Wójta, kat. id=110); kategorii „Raport o stanie gminy” brak w menu BIP. Wayback CDX (ugtuczna.bip.lubelskie.pl, gminatuczna.pl) bez śladów; wyszukiwarki internetowe bez wyniku (uwaga: „Gmina Tuczno” = pow. wałecki, zachodniopomorskie — inna jednostka). Za rok 2018 gmina opublikowała jedynie „Raport podsumowujący kadencję 2014–2018”.",,false
5580,lubelskie,bialski,Tuczna,gmina wiejska,0601172,2021,ok_finalnie,pdf,tekst (44 stron),https://ugtuczna.bip.lubelskie.pl/upload/pliki/raport-o-stanie-gminy-za-2021.pdf,"direct_without_tor (official BIP ugtuczna.bip.lubelskie.pl; raporty w Zarządzeniach Wójta id=110 / kat. id=404, wyszukiwarka dokumentów BIP)",1082f483b5653cbe58d388e3e731c44fd3b71546e32113c8c4453565d36d2005,200,2026-09-14T11:31:10Z,Raport o stanie Gminy Tuczna za rok 2021; Wójt Gminy Tuczna (TERYT 0601172); art. 28aa u.s.g.; tekst (44 stron); strona dokumentu https://ugtuczna.bip.lubelskie.pl/index.php?id=110&action=details&document_id=1775803,2.823,true
5581,lubelskie,bialski,Tuczna,gmina wiejska,0601172,2022,ok_finalnie,pdf,tekst (51 stron),https://ugtuczna.bip.lubelskie.pl/upload/pliki/raport-o-stanie-gminy-za-2022-31.05.2023-r.1.pdf,"direct_without_tor (official BIP ugtuczna.bip.lubelskie.pl; raporty w Zarządzeniach Wójta id=110 / kat. id=404, wyszukiwarka dokumentów BIP)",c3de652e7abf4c3be938ad6c5c7552cea7b9eb1bf131c282e43ccf1dbc2e1e8e,200,2026-09-14T11:31:10Z,Raport o stanie Gminy Tuczna za rok 2022; Wójt Gminy Tuczna (TERYT 0601172); art. 28aa u.s.g.; tekst (51 stron); strona dokumentu https://ugtuczna.bip.lubelskie.pl/index.php?id=110&action=details&document_id=1898173,0.939,true
5582,lubelskie,bialski,Tuczna,gmina wiejska,0601172,2023,ok_finalnie,docx,tekst (docx),https://ugtuczna.bip.lubelskie.pl/upload/pliki/raport_o_stanie_gminy_tuczna_za_2023_r._-_31.03.2024r.docx,"direct_without_tor (official BIP ugtuczna.bip.lubelskie.pl; raporty w Zarządzeniach Wójta id=110 / kat. id=404, wyszukiwarka dokumentów BIP)",b2fcdb7c3d938bcc2d6697ce3a8544bc740ffb4c6efa800430816bfa2e1e2dbe,200,2026-09-14T11:31:10Z,Raport o stanie Gminy Tuczna za rok 2023; Wójt Gminy Tuczna (TERYT 0601172); art. 28aa u.s.g.; tekst (docx); strona dokumentu https://ugtuczna.bip.lubelskie.pl/index.php?id=110&action=details&document_id=2033089,0.783,true
5583,lubelskie,bialski,Tuczna,gmina wiejska,0601172,2024,ok_finalnie,pdf,tekst (51 stron),https://ugtuczna.bip.lubelskie.pl/upload/pliki/raport_o_stanie_gminy_tuczna_za_2024_-1-.pdf,"direct_without_tor (official BIP ugtuczna.bip.lubelskie.pl; raporty w Zarządzeniach Wójta id=110 / kat. id=404, wyszukiwarka dokumentów BIP)",214706a89bf8de5b1d02af0aa34a4192401dd6751af7daf84a9fcc42a4ae1d19,200,2026-09-14T11:31:10Z,Raport o stanie Gminy Tuczna za rok 2024; Wójt Gminy Tuczna (TERYT 0601172); art. 28aa u.s.g.; tekst (51 stron); strona dokumentu https://ugtuczna.bip.lubelskie.pl/index.php?id=404&action=details&document_id=2173680,0.898,true
5584,lubelskie,bialski,Tuczna,gmina wiejska,0601172,2025,ok_finalnie,pdf,tekst (81 stron),https://ugtuczna.bip.lubelskie.pl/upload/pliki/raport_o_stanie_gminy_tuczna_za_2025_r.pdf,"direct_without_tor (official BIP ugtuczna.bip.lubelskie.pl; raporty w Zarządzeniach Wójta id=110 / kat. id=404, wyszukiwarka dokumentów BIP)",faef87d02d112f863a1bccce35be8b9b352b8163e3c3d40d7c3e8baa6b7f9c57,200,2026-09-14T11:31:10Z,Raport o stanie Gminy Tuczna za rok 2025; Wójt Gminy Tuczna (TERYT 0601172); art. 28aa u.s.g.; tekst (81 stron); strona dokumentu https://ugtuczna.bip.lubelskie.pl/index.php?id=110&action=details&document_id=2313497,10.433,true
5585,lubelskie,bialski,Wisznice,gmina wiejska,0601182,2018,ok_finalnie,pdf,tekst (98 stron),https://ugwisznice.bip.lubelskie.pl/upload/pliki/Raport_o_stanie_Gminy_Wisznice_2018_(Odzyskany).pdf,"direct_without_tor (official BIP ugwisznice.bip.lubelskie.pl, kat. „Raport o stanie gminy” id=138, action=details&document_id)",46b893b68205e09c3484f99ecd01bd453876ecaf14e935f17b848153574f7281,200,2026-09-14T11:28:10Z,Raport o stanie Gminy Wisznice za rok 2018; Wójt Gminy Wisznice (TERYT 0601182); art. 28aa u.s.g.; tekst (98 stron),4.613,true
5586,lubelskie,bialski,Wisznice,gmina wiejska,0601182,2019,ok_finalnie,pdf,tekst (146 stron),https://ugwisznice.bip.lubelskie.pl/upload/pliki/wisznice_raport_22.05.2020_do_druku.pdf,"direct_without_tor (official BIP ugwisznice.bip.lubelskie.pl, kat. „Raport o stanie gminy” id=138, action=details&document_id)",a9466111ef789d5bcfc677b85c8b2eb1dead6f68d2c11cbdbdc0b376afb8db63,200,2026-09-14T11:28:10Z,Raport o stanie Gminy Wisznice za rok 2019; Wójt Gminy Wisznice (TERYT 0601182); art. 28aa u.s.g.; tekst (146 stron),3.479,true
5587,lubelskie,bialski,Wisznice,gmina wiejska,0601182,2020,ok_finalnie,pdf,tekst (154 stron),https://ugwisznice.bip.lubelskie.pl/upload/pliki/wisznice_raport_za_2020.pdf,"direct_without_tor (official BIP ugwisznice.bip.lubelskie.pl, kat. „Raport o stanie gminy” id=138, action=details&document_id)",d45e6738afcd2757ce43e1110a5b6252d05c57501c649a2bd0e1cf16a1bc67e7,200,2026-09-14T11:28:10Z,Raport o stanie Gminy Wisznice za rok 2020; Wójt Gminy Wisznice (TERYT 0601182); art. 28aa u.s.g.; tekst (154 stron),15.492,true
5588,lubelskie,bialski,Wisznice,gmina wiejska,0601182,2021,ok_finalnie,pdf,tekst (177 stron),https://ugwisznice.bip.lubelskie.pl/upload/pliki/wisznice_raport_za_2021_do_druku.pdf,"direct_without_tor (official BIP ugwisznice.bip.lubelskie.pl, kat. „Raport o stanie gminy” id=138, action=details&document_id)",e3f6023d91b5b62e3935fc57da113bc58c2dd341cf0bd4d802611f00aebf991b,200,2026-09-14T11:28:10Z,Raport o stanie Gminy Wisznice za rok 2021; Wójt Gminy Wisznice (TERYT 0601182); art. 28aa u.s.g.; tekst (177 stron),10.097,true
5589,lubelskie,bialski,Wisznice,gmina wiejska,0601182,2022,ok_finalnie,pdf,tekst (183 stron),https://ugwisznice.bip.lubelskie.pl/upload/pliki/raport-za-2022.pdf,"direct_without_tor (official BIP ugwisznice.bip.lubelskie.pl, kat. „Raport o stanie gminy” id=138, action=details&document_id)",fd6b2eef242f903ad69f4130fc27efe8dd53ee32a140c0ee2088fa9b87c95ae3,200,2026-09-14T11:28:10Z,Raport o stanie Gminy Wisznice za rok 2022; Wójt Gminy Wisznice (TERYT 0601182); art. 28aa u.s.g.; tekst (183 stron),9.672,true
5590,lubelskie,bialski,Wisznice,gmina wiejska,0601182,2023,ok_finalnie,pdf,tekst (166 stron),https://ugwisznice.bip.lubelskie.pl/upload/pliki/raport-za-2023.pdf,"direct_without_tor (official BIP ugwisznice.bip.lubelskie.pl, kat. „Raport o stanie gminy” id=138, action=details&document_id)",d4f79179eb75dbddcf83b7e5ffb4d71ba5798584ad8acff41a579e852be6d20f,200,2026-09-14T11:28:10Z,Raport o stanie Gminy Wisznice za rok 2023; Wójt Gminy Wisznice (TERYT 0601182); art. 28aa u.s.g.; tekst (166 stron),7.389,true
5591,lubelskie,bialski,Wisznice,gmina wiejska,0601182,2024,ok_finalnie,pdf,tekst (179 stron),https://ugwisznice.bip.lubelskie.pl/upload/pliki/wisznice_raport_za_2024_06.06.25.pdf,"direct_without_tor (official BIP ugwisznice.bip.lubelskie.pl, kat. „Raport o stanie gminy” id=138, action=details&document_id)",b442cce01f603c7f9a6ed8ce49ef26f7aeaee236f1b84e86276cd4ed1951cdf5,200,2026-09-14T11:28:10Z,Raport o stanie Gminy Wisznice za rok 2024; Wójt Gminy Wisznice (TERYT 0601182); art. 28aa u.s.g.; tekst (179 stron),3.965,true
5592,lubelskie,bialski,Wisznice,gmina wiejska,0601182,2025,ok_finalnie,pdf,tekst (192 stron),https://ugwisznice.bip.lubelskie.pl/upload/pliki/wisznice_raport_za_2025_03.06.26.pdf,"direct_without_tor (official BIP ugwisznice.bip.lubelskie.pl, kat. „Raport o stanie gminy” id=138, action=details&document_id)",10eee3c1d9a290de596af6596efa945611d4eb20a94214c0a5e56e9f3f006763,200,2026-09-14T11:28:10Z,Raport o stanie Gminy Wisznice za rok 2025; Wójt Gminy Wisznice (TERYT 0601182); art. 28aa u.s.g.; tekst (192 stron),6.8,true
5593,lubelskie,bialski,Zalesie,gmina wiejska,0601192,2018,ok_finalnie,docx,tekst (docx),https://zalesie.biuletyn.net/fls/bip_pliki/2019_05/BIPF5894CC14B5ED3Z/Raport_o_stanie_gminy_zalesie_w_2018_r.docx,direct_with_tor (ESP zalesie.biuletyn.net; strona dokumentu https://zalesie.biuletyn.net/?bip=2&cid=103&id=823),05d1f8b4ec24f7b9515448eccfb66449c68a4d4801c7079567d9af34c10fba3e,200,2026-09-14T11:24:34Z,Raport o stanie Gminy Zalesie za rok 2018; Wójt Gminy Zalesie (TERYT 0601192); art. 28aa u.s.g.; tekst (docx),0.075,true
5594,lubelskie,bialski,Zalesie,gmina wiejska,0601192,2019,ok_finalnie,pdf,tekst (50 stron),https://www.zalesie.pl/asp/pliki/aktualnosci/raport_o_stanie_gminy_2020.pdf,direct_without_tor (portal zalesie.pl: portal zalesie.pl),ee72a348e89e5e4d617fe3764172a54e9aae04892710eec04eea222378f2a133,200,2026-09-14T11:24:34Z,Raport o stanie Gminy Zalesie za rok 2019; Wójt Gminy Zalesie (TERYT 0601192); art. 28aa u.s.g.; tekst (50 stron),0.284,true
5595,lubelskie,bialski,Zalesie,gmina wiejska,0601192,2020,ok_finalnie,pdf,tekst (59 stron),https://www.zalesie.pl/asp/pliki/aktualnosci/raport_o_stanie_gminy_zalesie_za_2020.pdf,direct_without_tor (portal zalesie.pl: portal zalesie.pl),2294e334f78fcb49bd731e4c6ced40b828fea5f6ede2e0ca0645816d6c6ebab8,200,2026-09-14T11:24:34Z,Raport o stanie Gminy Zalesie za rok 2020; Wójt Gminy Zalesie (TERYT 0601192); art. 28aa u.s.g.; tekst (59 stron),1.478,true
5596,lubelskie,bialski,Zalesie,gmina wiejska,0601192,2021,ok_finalnie,pdf,tekst (54 stron),https://www.zalesie.pl/asp/pliki/aktualnosci2021/raport_o_stanie_gminy_za_2021_rok.pdf,direct_without_tor (portal zalesie.pl: portal zalesie.pl (aktualnosci2021)),ce5de501fd0871f8f831cd07da768287ccd4ca09cb27086723d7a93aaf67a155,200,2026-09-14T11:24:34Z,Raport o stanie Gminy Zalesie za rok 2021; Wójt Gminy Zalesie (TERYT 0601192); art. 28aa u.s.g.; tekst (54 stron),0.754,true
5597,lubelskie,bialski,Zalesie,gmina wiejska,0601192,2022,brak_finalnie,,,,,,,2026-09-14T11:24:34Z,"[TURA II — ROZPOZNANIE] Raport o stanie Gminy Zalesie za 2022 rok nieopublikowany elektronicznie. Przeszukano: BIP zalesie.biuletyn.net (wyszukiwarka ESP — pozycje „(In)formacja dotycząca Raportu…” tylko za 2018, 2023, 2024, 2025; kat. 277/103), portal zalesie.pl (skan aktualności do 2019-06, katalogi aktualnosci2022/aktualnosci2023, Wayback CDX), wyszukiwarki internetowe — raport za 2022 nie występuje w sieci. Wg praktyki gminy (info 2018/2023) egzemplarz papierowy w siedzibie UG (pok. 17).",,false
5598,lubelskie,bialski,Zalesie,gmina wiejska,0601192,2023,ok_finalnie,pdf,tekst (62 stron),https://zalesie.biuletyn.net/fls/bip_pliki/2024_06/BIPF61AC24560B9BDZ/RAPORT_2023.pdf,direct_with_tor (ESP zalesie.biuletyn.net; strona dokumentu https://zalesie.biuletyn.net/?bip=2&cid=103&id=2101),09d299dd35bdca2df039299497e1888c89ca725fc22636ec8447761d2bb800f9,200,2026-09-14T11:24:34Z,Raport o stanie Gminy Zalesie za rok 2023; Wójt Gminy Zalesie (TERYT 0601192); art. 28aa u.s.g.; tekst (62 stron),0.765,true
5599,lubelskie,bialski,Zalesie,gmina wiejska,0601192,2024,ok_finalnie,pdf,tekst (61 stron),https://zalesie.biuletyn.net/fls/bip_pliki/2025_05/BIPF6353FB8615663Z/Raport_o_stanie_gminy_za_2024.pdf,direct_with_tor (ESP zalesie.biuletyn.net; strona dokumentu https://zalesie.biuletyn.net/?bip=2&cid=277&id=2492),9ef38905381b59c2b07f4bcfc3d7859e6a925193f52d0061c259e2b1a3ba03f0,200,2026-09-14T11:24:34Z,Raport o stanie Gminy Zalesie za rok 2024; Wójt Gminy Zalesie (TERYT 0601192); art. 28aa u.s.g.; tekst (61 stron),0.856,true
5600,lubelskie,bialski,Zalesie,gmina wiejska,0601192,2025,ok_finalnie,pdf,tekst (82 stron),https://zalesie.biuletyn.net/fls/bip_pliki/2026_05/BIPF652EE8EEC3EABZ/RAPORT__za_2025_ostateczny2__003_.pdf,direct_with_tor (ESP zalesie.biuletyn.net; strona dokumentu https://zalesie.biuletyn.net/?bip=2&cid=277&id=2863),bfde73ecabd92a27bc5377f2bf5648f1c13a637c85794061f77cd2ccf578050b,200,2026-09-14T11:24:34Z,Raport o stanie Gminy Zalesie za rok 2025; Wójt Gminy Zalesie (TERYT 0601192); art. 28aa u.s.g.; tekst (82 stron),1.785,true
5601,lubelskie,biłgorajski,-,-,0602,2018,ok_finalnie,pdf,"skan (65 str.; okładka OCR: „RAPORT O STANIE POWIATU BIŁGORAJSKIEGO ZA 2018 ROK”, załącznik do uchwały Zarządu Powiatu, maj 2019)",https://spbilgoraj.bip.lubelskie.pl/upload/pliki/raport_o_stanie_powiatu_bilgorajskiego_za_2018_rok.pdf,"direct_without_tor (official BIP spbilgoraj.bip.lubelskie.pl, kat. „Raport o stanie powiatu” id=782, action=details&document_id) + ocr",a24812057c13b8586fd0086f866e3d2ebeb84b156b2a496e2ca71f6fd1fbdd4f,200,2026-09-14T13:09:36Z,"Raport o stanie powiatu biłgorajskiego za 2018 rok; Zarząd Powiatu w Biłgoraju (TERYT 0602); art. 30a u.s.p.; skan (65 str.; okładka OCR: „RAPORT O STANIE POWIATU BIŁGORAJSKIEGO ZA 2018 ROK”, załącznik do uchwały Zarządu Powiatu, maj 2019); strona dokumentu spbilgoraj.bip.lubelskie.pl/index.php?id=782&action=details&document_id=1394620&id=782",25.429,true
5602,lubelskie,biłgorajski,-,-,0602,2019,ok_finalnie,pdf,"skan (127 str.; okładka OCR: „RAPORT O STANIE POWIATU BIŁGORAJSKIEGO”, załącznik do uchwały Zarządu Powiatu z 22.05.2020)",https://spbilgoraj.bip.lubelskie.pl/upload/pliki//Raport_o_stanie_Powiatu_za_2019_rok.pdf,"direct_without_tor (official BIP spbilgoraj.bip.lubelskie.pl, kat. „Raport o stanie powiatu” id=782, action=details&document_id) + ocr",f67efe74df94b4b21ed8d509bce923fbbdca838fa8abb7634bb0daaed5ec209a,200,2026-09-14T13:09:36Z,"Raport o stanie powiatu biłgorajskiego za 2019 rok; Zarząd Powiatu w Biłgoraju (TERYT 0602); art. 30a u.s.p.; skan (127 str.; okładka OCR: „RAPORT O STANIE POWIATU BIŁGORAJSKIEGO”, załącznik do uchwały Zarządu Powiatu z 22.05.2020); strona dokumentu spbilgoraj.bip.lubelskie.pl/index.php?id=782&action=details&document_id=1517968&id=782",26.079,true
5603,lubelskie,biłgorajski,-,-,0602,2020,ok_finalnie,pdf,"tekst (131 stron; załącznik do uchwały nr 94/2021 Zarządu Powiatu z 27.05.2021, wersja z podpisami)",https://spbilgoraj.bip.lubelskie.pl/upload/pliki/Raport_za_2020_rok_calosc_z_podpisem.pdf,"direct_without_tor (official BIP spbilgoraj.bip.lubelskie.pl, kat. „Raport o stanie powiatu” id=782, action=details&document_id)",5f292a868aa780c5c9f353e480b2896262f7ea089c3184ebde6aa7a241738e08,200,2026-09-14T13:09:36Z,"Raport o stanie powiatu biłgorajskiego za 2020 rok; Zarząd Powiatu w Biłgoraju (TERYT 0602); art. 30a u.s.p.; tekst (131 stron; załącznik do uchwały nr 94/2021 Zarządu Powiatu z 27.05.2021, wersja z podpisami); strona dokumentu spbilgoraj.bip.lubelskie.pl/index.php?id=782&action=details&document_id=1642038&id=782",1.991,true
5604,lubelskie,biłgorajski,-,-,0602,2021,ok_finalnie,pdf,"skan (144 str.; wstęp OCR: art. 30a u.s.p., załącznik do uchwały Zarządu Powiatu w Biłgoraju z maja 2022)",https://spbilgoraj.bip.lubelskie.pl/upload/pliki/1raport-o-stanie-powiatu-bilgorajskiego-za-2021-rok.pdf,"direct_without_tor (official BIP spbilgoraj.bip.lubelskie.pl, kat. „Raport o stanie powiatu” id=782, action=details&document_id) + ocr",8ddd6c2d0b491facb7050d73663879446e45efac8b5a199b39e8d7d37f71c83a,200,2026-09-14T13:09:36Z,"Raport o stanie powiatu biłgorajskiego za 2021 rok; Zarząd Powiatu w Biłgoraju (TERYT 0602); art. 30a u.s.p.; skan (144 str.; wstęp OCR: art. 30a u.s.p., załącznik do uchwały Zarządu Powiatu w Biłgoraju z maja 2022); strona dokumentu spbilgoraj.bip.lubelskie.pl/index.php?id=782&action=details&document_id=1770457&id=782",32.904,true
5605,lubelskie,biłgorajski,-,-,0602,2022,ok_finalnie,pdf,tekst (155 stron; wersja „stan na 01.06.2023”),https://spbilgoraj.bip.lubelskie.pl/upload/pliki/52-sesja-pkt-4-raport-calosc-za-2022-po-autopoprawce.pdf,"direct_without_tor (official BIP spbilgoraj.bip.lubelskie.pl, kat. „Raport o stanie powiatu” id=782, action=details&document_id)",62087b5a726686239266ac10ff2e6e25e0ab3892d05125acfbb4b18786e6545b,200,2026-09-14T13:09:36Z,Raport o stanie powiatu biłgorajskiego za 2022 rok; Zarząd Powiatu w Biłgoraju (TERYT 0602); art. 30a u.s.p.; tekst (155 stron; wersja „stan na 01.06.2023”); strona dokumentu spbilgoraj.bip.lubelskie.pl/index.php?id=782&action=details&document_id=1895958&id=782,2.216,true
5606,lubelskie,biłgorajski,-,-,0602,2023,ok_finalnie,pdf,"skan (159 str.; okładka OCR: „załącznik do uchwały Zarządu Powiatu, maj 2024”)",https://spbilgoraj.bip.lubelskie.pl/upload/pliki/raport_o_stanie_powiatu_bilgorajskiego_za_2023_rok.pdf,"direct_without_tor (official BIP spbilgoraj.bip.lubelskie.pl, kat. „Raport o stanie powiatu” id=782, action=details&document_id) + ocr",db7cd84fcbbe28a4826b7b83fb5b0bc2145212d2d2f6649b1019761e63da8839,200,2026-09-14T13:09:36Z,"Raport o stanie powiatu biłgorajskiego za 2023 rok; Zarząd Powiatu w Biłgoraju (TERYT 0602); art. 30a u.s.p.; skan (159 str.; okładka OCR: „załącznik do uchwały Zarządu Powiatu, maj 2024”); strona dokumentu spbilgoraj.bip.lubelskie.pl/index.php?id=782&action=details&document_id=2037752&id=782",47.055,true
5607,lubelskie,biłgorajski,-,-,0602,2024,ok_finalnie,pdf,tekst (156 stron; załącznik do uchwały Zarządu; dane za 2024 potwierdzone w treści),https://spbilgoraj.bip.lubelskie.pl/upload/pliki/raport_o_stanie_powiatu_za_2024_rok.pdf,"direct_without_tor (official BIP spbilgoraj.bip.lubelskie.pl, kat. „Raport o stanie powiatu” id=782, action=details&document_id)",033a5c9b421d8a39d4a5000fabb75024e35bab99bf11672d460210862f4cadf5,200,2026-09-14T13:09:36Z,Raport o stanie powiatu biłgorajskiego za 2024 rok; Zarząd Powiatu w Biłgoraju (TERYT 0602); art. 30a u.s.p.; tekst (156 stron; załącznik do uchwały Zarządu; dane za 2024 potwierdzone w treści); strona dokumentu spbilgoraj.bip.lubelskie.pl/index.php?id=782&action=details&document_id=2167950&id=782,54.39,true
5608,lubelskie,biłgorajski,-,-,0602,2025,ok_finalnie,pdf,tekst (160 stron),https://spbilgoraj.bip.lubelskie.pl/upload/pliki/0raport_o_stanie_powiatu.pdf,"direct_without_tor (official BIP spbilgoraj.bip.lubelskie.pl, kat. „Raport o stanie powiatu” id=782, action=details&document_id)",7049d7c7e7f68ed95585f252dfb9a77707d2ca3108f9bda27cb363c696e1fde3,200,2026-09-14T13:09:36Z,Raport o stanie powiatu biłgorajskiego za 2025 rok; Zarząd Powiatu w Biłgoraju (TERYT 0602); art. 30a u.s.p.; tekst (160 stron); strona dokumentu spbilgoraj.bip.lubelskie.pl/index.php?id=782&action=details&document_id=2314755&id=782,55.515,true
5609,lubelskie,biłgorajski,Biłgoraj,gmina miejska,0602011,2018,ok_finalnie,pdf,tekst (88 stron),https://www.bilgoraj.pl/media/uploads/attach/2019-05//11742_raport-o-stanie-miasta-bilgoraj-za-rok-2018.pdf,"direct_without_tor (portal bilgoraj.pl, zakładka „Raport o stanie Gminy Miasto Biłgoraj” page/1007; rok 2018)",a201b6e6de85cdd25c9ede25b8ad7a044d070b76e470142732dfa795ddb4b3ec,200,2026-09-14T17:10:35Z,"Raport o stanie Miasta Biłgoraja za 2018 rok (Biłgoraj (TERYT 0602011, gmina miejska, powiat biłgorajski; organ: Burmistrz Miasta Biłgoraja, Urząd Miasta Biłgoraja, pl. Wolności 16)); tytuł z okładki potwierdzony; publikacja 2019 r.",1.958,true
5610,lubelskie,biłgorajski,Biłgoraj,gmina miejska,0602011,2019,ok_finalnie,pdf,tekst (108 stron),https://www.bilgoraj.pl/media/uploads/attach/2020-05//13415_raport-o-stanie-miasta-bilgoraja-za-rok-2019.pdf,"direct_without_tor (portal bilgoraj.pl, zakładka „Raport o stanie Gminy Miasto Biłgoraj” page/1007; rok 2019)",7c72ef9e68c9aa01bfb58959b079b9dbc44236ded6bbdb2f5851914d4be61a99,200,2026-09-14T17:10:35Z,"Raport o stanie Miasta Biłgoraja za 2019 rok (Biłgoraj (TERYT 0602011, gmina miejska, powiat biłgorajski; organ: Burmistrz Miasta Biłgoraja, Urząd Miasta Biłgoraja, pl. Wolności 16)); tytuł z okładki potwierdzony; publikacja 2020 r.",2.407,true
5611,lubelskie,biłgorajski,Biłgoraj,gmina miejska,0602011,2020,ok_finalnie,pdf,tekst (106 stron),https://www.bilgoraj.pl/media/uploads/attach/2021-09//14709_raport-o-stanie-miasta-bilgoraja-za-rok-2020.pdf,"direct_without_tor (portal bilgoraj.pl, zakładka „Raport o stanie Gminy Miasto Biłgoraj” page/1007; rok 2020)",d9052697a660ea2acbd5d976e8187e78cc9e50786801d9c5e97ea72c21497638,200,2026-09-14T17:10:35Z,"Raport o stanie Miasta Biłgoraja za 2020 rok (Biłgoraj (TERYT 0602011, gmina miejska, powiat biłgorajski; organ: Burmistrz Miasta Biłgoraja, Urząd Miasta Biłgoraja, pl. Wolności 16)); tytuł z okładki potwierdzony; publikacja 2021 r.",1.889,true
5612,lubelskie,biłgorajski,Biłgoraj,gmina miejska,0602011,2021,brak_finalnie,,,,,,,2026-09-14T17:10:35Z,"[TURA II — ROZPOZNANIE] Raport o stanie Miasta Biłgoraja za 2021 rok nieodnaleziony w sieci i niepotwierdzony jako opublikowany. Kat. BIP „Raporty” (umbilgoraj.bip.e-zeto.eu, bt445) zawiera wyłącznie 2022–2024; listing katalogu fckeditor=500; warianty nazw plików (Raport_o_stanie_miasta_2021.pdf itd.)=302. Portal bilgoraj.pl: wyszukiwarka (search/?s=raport o stanie|debata) i page/1007 — tylko 2018–2020 i 2022–2025; Wayback CDX bilgoraj.pl i umbilgoraj.bip.e-zeto.eu (filtr raport) — brak śladu rocznika 2021. Platforma obrad biłgoraj.ejst.pl to SPA (Angular) bez publicznego API z danymi. Raport za 2021 najpewniej sporządzono (norma X+1), lecz publikacji online nie osiągnięto; brak z rozpoznaniem.",,false
5613,lubelskie,biłgorajski,Biłgoraj,gmina miejska,0602011,2022,ok_finalnie,pdf,tekst (98 stron),https://www.bilgoraj.pl/media/uploads/attach/2023-05//16417_raport-o-stanie-miasta-bilgoraja-za-rok-2022.pdf,direct_without_tor (portal bilgoraj.pl page/1007; plik bajtowo tożsamy z wersją BIP umbilgoraj.bip.e-zeto.eu _UMB/SI/Raporty/ „RAPORT O STANIE MIASTA BIŁGORAJA za rok 2022.pdf”),983dfb90c44c9b649b86bb9825e37743b34a439f77e13b8bf8d413a464a8e0a0,200,2026-09-14T17:10:35Z,"Raport o stanie Miasta Biłgoraja za 2022 rok (Biłgoraj (TERYT 0602011, gmina miejska, powiat biłgorajski; organ: Burmistrz Miasta Biłgoraja, Urząd Miasta Biłgoraja, pl. Wolności 16)); tytuł z okładki potwierdzony.",1.969,true
5614,lubelskie,biłgorajski,Biłgoraj,gmina miejska,0602011,2023,ok_finalnie,pdf,tekst (110 stron),https://umbilgoraj.bip.e-zeto.eu/bip/381_umbilgoraj/fckeditor/file//Urząd/Raporty/580 - raport za rok 2023 -.pdf,direct_without_tor (BIP umbilgoraj.bip.e-zeto.eu kat. „Raporty” bt445/mnu5; pobranie wymaga nagłówka Referer kategorii),088a079649bd641aa09687d05f0ec85c759e4306fe9f62f3b4710f26ef805755,200,2026-09-14T17:10:35Z,"Raport o stanie Miasta Biłgoraja za 2023 rok (Biłgoraj (TERYT 0602011, gmina miejska, powiat biłgorajski; organ: Burmistrz Miasta Biłgoraja, Urząd Miasta Biłgoraja, pl. Wolności 16)); „RAPORT O STANIE MIASTA BIŁGORAJA ZA 2023 ROK”, 110 str.",1.476,true
5615,lubelskie,biłgorajski,Biłgoraj,gmina miejska,0602011,2024,ok_finalnie,pdf,tekst (110 stron),https://umbilgoraj.bip.e-zeto.eu/bip/381_umbilgoraj/fckeditor/file/_UMB/SI/Raporty//Raport_o_stanie_miasta_2024.pdf,"direct_without_tor (BIP umbilgoraj.bip.e-zeto.eu kat. „Raporty” bt445/mnu5, pozycja bt29/17447)",5826f1d85d591844c38963794ae8ae46b5feeb7d89ca551cd77ecfd1b0418cae,200,2026-09-14T17:10:35Z,"Raport o stanie Miasta Biłgoraja za 2024 rok (Biłgoraj (TERYT 0602011, gmina miejska, powiat biłgorajski; organ: Burmistrz Miasta Biłgoraja, Urząd Miasta Biłgoraja, pl. Wolności 16)); data wytworzenia 02.07.2025, art. 28aa w treści.",2.134,true
5616,lubelskie,biłgorajski,Biłgoraj,gmina miejska,0602011,2025,ok_finalnie,docx,"tekst (docx; 108 str. wg metryki; art. 28aa; „RAPORT O STANIE MIASTA BIŁGORAJA ZA 2025 ROK”, Biłgoraj, maj 2026)",https://www.bilgoraj.pl/media/uploads/attach/2026-06//20958_raport-o-stanie-miasta-bilgoraja-za-rok-2025-wersja-ostateczna_v2.docx,"direct_without_tor (portal bilgoraj.pl, news/5103 „Debata nad Raportem o stanie miasta Biłgoraja za 2025 r.” z 10.06.2026, załącznik)",abc12060130ea65ad14dbb4cbc595a6327ef3b3a34dc6f652c034ea60ddd7395,200,2026-09-14T17:10:35Z,"Raport o stanie Miasta Biłgoraja za 2025 rok (Biłgoraj (TERYT 0602011, gmina miejska, powiat biłgorajski; organ: Burmistrz Miasta Biłgoraja, Urząd Miasta Biłgoraja, pl. Wolności 16)); „…ZA 2025 ROK, BIŁGORAJ, MAJ 2026 R.”; art. 28aa w treści; debata na XXV sesji RM 17.06.2026.",3.158,true
5617,lubelskie,biłgorajski,Aleksandrów,gmina wiejska,0602022,2018,brak_finalnie,,,,,,,2026-09-14T17:52:51Z,"[TURA II — ROZPOZNANIE] Raport o stanie Gminy Aleksandrów za 2018 rok nieodnaleziony w sieci. BIP ugaleksandrow.bip.lubelskie.pl: kategorie aktualności 2019 (id=265) zawierają jedynie „Zgłoszenie do udziału w debacie nad Raportem… za 2018 rok"" (detal 1394121) — samego raportu i informacji o debacie brak; wyszukiwarka BIP (id=szukaj, pattern=raport i pattern=debacie) — rocznika 2018 brak; wyszukiwarki internetowe — tylko jednostki omylne (Koniecpol, Aleksandrów Kujawski). DOWÓD POWSTANIA: zaproszenie na VI sesję RG Aleksandrów z 21.06.2019 (sesja 28.06.2019), pkt 7 porządku obrad: „1) przedstawienie Raportu o stanie Gminy Aleksandrów za 2018 rok, 2) debata nad Raportem o stanie Gminy Aleksandrów"" (BIP id=265, detal 1400536; kopia: work/pliki/aleksandrow_zaproszenie_VIsesja_28-06-2019_raport2018_porządek.pdf). Uznano za brak z dowodem istnienia.",,false
5618,lubelskie,biłgorajski,Aleksandrów,gmina wiejska,0602022,2019,ok_finalnie,pdf,tekst (32 stron),https://ugaleksandrow.bip.lubelskie.pl/upload/pliki/Raport_o_stanie_Gminy_Aleksandrow_za_2019_rok..pdf,"direct_without_tor (BIP ugaleksandrow.bip.lubelskie.pl — SPA list-ajax; raporty w kategoriach aktualności rocznych, debaty 28aa wg wyszukiwarki id=szukaj) kat. 305 (2020), detal 1527200",b8ff6fde8d70c4ecc4d46f70e0a235e862eb73aa6a7a3dfb4f0426ff71bd2bfc,200,2026-09-14T17:52:51Z,"Raport o stanie Gminy Aleksandrów za 2019 rok. Gmina Aleksandrów (TERYT 0602022, gmina wiejska, powiat biłgorajski; organ: Wójt Gminy Aleksandrów, Urząd Gminy Aleksandrów, Aleksandrów 380) Tytuł z treści potwierdzony.",1.087,true
5619,lubelskie,biłgorajski,Aleksandrów,gmina wiejska,0602022,2020,ok_finalnie,pdf,"skan (35 str.; okładka OCR: „RAPORT O STANIE GMINY ALEKSANDRÓW za 2020 rok"")",https://ugaleksandrow.bip.lubelskie.pl/upload/pliki/0Raport_o_stanie_gminy-.pdf,"direct_without_tor (BIP ugaleksandrow.bip.lubelskie.pl — SPA list-ajax; raporty w kategoriach aktualności rocznych, debaty 28aa wg wyszukiwarki id=szukaj) kat. 319 (2021), detal 1636063",f5a0012578f446f3a63703f0b8f8bb34913ca220188e5cda11de96509555f3f3,200,2026-09-14T17:52:51Z,"Raport o stanie Gminy Aleksandrów za 2020 rok. Gmina Aleksandrów (TERYT 0602022, gmina wiejska, powiat biłgorajski; organ: Wójt Gminy Aleksandrów, Urząd Gminy Aleksandrów, Aleksandrów 380) Okładka potwierdzona OCR.",2.341,true
5620,lubelskie,biłgorajski,Aleksandrów,gmina wiejska,0602022,2021,ok_finalnie,pdf,"skan (38 str.; okładka OCR: „RAPORT O STANIE GMINY ALEKSANDRÓW za 2021 rok"")",https://ugaleksandrow.bip.lubelskie.pl/upload/pliki/2022042910111982.pdf,"direct_without_tor (BIP ugaleksandrow.bip.lubelskie.pl — SPA list-ajax; raporty w kategoriach aktualności rocznych, debaty 28aa wg wyszukiwarki id=szukaj) kat. 323 (2022), załącznik detalu 1748749 (informacja o debacie z 29.04.2022)",356f3fd064705098e14bf90cec2877ed780d4758bef70c62757934369b94859e,200,2026-09-14T17:52:51Z,"Raport o stanie Gminy Aleksandrów za 2021 rok. Gmina Aleksandrów (TERYT 0602022, gmina wiejska, powiat biłgorajski; organ: Wójt Gminy Aleksandrów, Urząd Gminy Aleksandrów, Aleksandrów 380) Okładka potwierdzona OCR.",1.599,true
5621,lubelskie,biłgorajski,Aleksandrów,gmina wiejska,0602022,2022,ok_finalnie,pdf,tekst (43 strony),https://ugaleksandrow.bip.lubelskie.pl/upload/pliki/raport-za-2022.pdf,"direct_without_tor (BIP ugaleksandrow.bip.lubelskie.pl — SPA list-ajax; raporty w kategoriach aktualności rocznych, debaty 28aa wg wyszukiwarki id=szukaj) kat. 335 (2023), załącznik detalu 1890264",1f76454a6077c0cd0d46b4828669a30d291382c764afd1c818bd008ff34de2cf,200,2026-09-14T17:52:51Z,"Raport o stanie Gminy Aleksandrów za 2022 rok. Gmina Aleksandrów (TERYT 0602022, gmina wiejska, powiat biłgorajski; organ: Wójt Gminy Aleksandrów, Urząd Gminy Aleksandrów, Aleksandrów 380) Rok z treści potwierdzony.",0.522,true
5622,lubelskie,biłgorajski,Aleksandrów,gmina wiejska,0602022,2023,ok_finalnie,pdf,"skan (36 str.; okładka OCR: „RAPORT O STANIE GMINY ALEKSANDRÓW za 2023 rok"")",https://ugaleksandrow.bip.lubelskie.pl/upload/pliki/0raport_o_stanie_gminy_2023.pdf,"direct_without_tor (BIP ugaleksandrow.bip.lubelskie.pl — SPA list-ajax; raporty w kategoriach aktualności rocznych, debaty 28aa wg wyszukiwarki id=szukaj) kat. 346 (2024), detal 2032596",ffe6e3b760dd6a0ab584942d363da3cf521b5a62900b1fca3fa8bcfec75ede9d,200,2026-09-14T17:52:51Z,"Raport o stanie Gminy Aleksandrów za 2023 rok. Gmina Aleksandrów (TERYT 0602022, gmina wiejska, powiat biłgorajski; organ: Wójt Gminy Aleksandrów, Urząd Gminy Aleksandrów, Aleksandrów 380) Okładka potwierdzona OCR.",19.561,true
5623,lubelskie,biłgorajski,Aleksandrów,gmina wiejska,0602022,2024,ok_finalnie,pdf,"skan (52 str.; zarządzenie 43/25 z 20.05.2025 + raport; okładka OCR: „RAPORT O STANIE GMINY ALEKSANDRÓW za 2024 rok""; art. 28aa w treści)",https://ugaleksandrow.bip.lubelskie.pl/upload/pliki/zarzadzenie_43_-raport_o_stanie_gminy-.pdf,"direct_without_tor (BIP ugaleksandrow.bip.lubelskie.pl — SPA list-ajax; raporty w kategoriach aktualności rocznych, debaty 28aa wg wyszukiwarki id=szukaj) kat. 366 (2025), załącznik detalu 2174597",5888ffc3ac9d92c4ba141ade71bdf535505f6a4f80285c388fa18844dbc502d4,200,2026-09-14T17:52:51Z,"Raport o stanie Gminy Aleksandrów za 2024 rok. Gmina Aleksandrów (TERYT 0602022, gmina wiejska, powiat biłgorajski; organ: Wójt Gminy Aleksandrów, Urząd Gminy Aleksandrów, Aleksandrów 380) Przedstawiony zarządzeniem 43/25; okładka i wstęp potwierdzone OCR.",27.427,true
5624,lubelskie,biłgorajski,Aleksandrów,gmina wiejska,0602022,2025,ok_finalnie,pdf,"skan (56 str.; zarządzenie 47/26 z 20.05.2026 + raport; okładka OCR: „RAPORT O STANIE GMINY ALEKSANDRÓW za 2025 rok""; art. 28aa w treści)",https://ugaleksandrow.bip.lubelskie.pl/upload/pliki/0raport_o_stanie_gminy_aleksandrow_za_2025_r.pdf,"direct_without_tor (BIP ugaleksandrow.bip.lubelskie.pl — SPA list-ajax; raporty w kategoriach aktualności rocznych, debaty 28aa wg wyszukiwarki id=szukaj) kat. 381 (2026), detal 2310555",a8fd7e57bffaca61e9d172cf1e825b86883291c9180387dfb59d27ce6ca17c43,200,2026-09-14T17:52:51Z,"Raport o stanie Gminy Aleksandrów za 2025 rok. Gmina Aleksandrów (TERYT 0602022, gmina wiejska, powiat biłgorajski; organ: Wójt Gminy Aleksandrów, Urząd Gminy Aleksandrów, Aleksandrów 380) Przedstawiony zarządzeniem 47/26; okładka i wstęp potwierdzone OCR.",3.763,true
5625,lubelskie,biłgorajski,Biłgoraj,gmina wiejska,0602032,2018,ok_finalnie,pdf,"skan (58 str.; zarządzenie 69/2021 z 11.05.2021 + raport; okładka OCR: „RAPORT O STANIE GMINY BIŁGORAJ W…""; art. 28aa)",https://ugbilgoraj.bip.lubelskie.pl/upload/pliki/zarz.69.2021.pdf,"direct_without_tor (BIP ugbilgoraj.bip.lubelskie.pl — SPA list-ajax; raport jako załącznik do zarządzeń Wójta kat. „Zarządzenia"" id=197) detal 1635027 (zarządzenie 69/2021)",d9199928729e25be7f167998a5c97bd8fa6e8956e2deba946856e7b66a0ffeb7,200,2026-09-14T17:58:29Z,"Raport o stanie Gminy Biłgoraj za 2020 rok. Gmina Biłgoraj (TERYT 0602032, gmina wiejska, powiat biłgorajski; organ: Wójt Gminy Biłgoraj, Urząd Gminy Biłgoraj przy ul. Gdańskiej; jednostka odrębna od Miasta Biłgoraj 0602011) Załącznik do zarządzenia 69/2021; OCR okładki potwierdza.",1.119,true
5626,lubelskie,biłgorajski,Biłgoraj,gmina wiejska,0602032,2019,ok_finalnie,pdf,"skan (66 str.; zarządzenie 79/2022 z 10.05.2022 + raport; okładka OCR: „RAPORT O STANIE GMINY BIŁGORAJ ZA…"")",https://ugbilgoraj.bip.lubelskie.pl/upload/pliki/zarz.79.2022.pdf,"direct_without_tor (BIP ugbilgoraj.bip.lubelskie.pl — SPA list-ajax; raport jako załącznik do zarządzeń Wójta kat. „Zarządzenia"" id=197) detal 1752363 (zarządzenie 79/2022)",c0282b98ac93c1e1496bc5fc292e846fd819ab7750e61d2aff029a7ef836a9e0,200,2026-09-14T17:58:29Z,"Raport o stanie Gminy Biłgoraj za 2021 rok. Gmina Biłgoraj (TERYT 0602032, gmina wiejska, powiat biłgorajski; organ: Wójt Gminy Biłgoraj, Urząd Gminy Biłgoraj przy ul. Gdańskiej; jednostka odrębna od Miasta Biłgoraj 0602011) Załącznik do zarządzenia 79/2022; OCR okładki potwierdza.",1.294,true
5627,lubelskie,biłgorajski,Biłgoraj,gmina wiejska,0602032,2020,ok_finalnie,pdf,tekst (70 stron; załącznik do zarządzenia 68/2023 z 09.05.2023),https://ugbilgoraj.bip.lubelskie.pl/upload/pliki/0zarzadz.nr-68-raport-za-2022.pdf,"direct_without_tor (BIP ugbilgoraj.bip.lubelskie.pl — SPA list-ajax; raport jako załącznik do zarządzeń Wójta kat. „Zarządzenia"" id=197) detal 1883696 (zarządzenie 68/2023)",17af670cbcc7fcf6b85b58dee923395a5601b5f832b83d949be1ee031a23b4e5,200,2026-09-14T17:58:29Z,"Raport o stanie Gminy Biłgoraj za 2022 rok. Gmina Biłgoraj (TERYT 0602032, gmina wiejska, powiat biłgorajski; organ: Wójt Gminy Biłgoraj, Urząd Gminy Biłgoraj przy ul. Gdańskiej; jednostka odrębna od Miasta Biłgoraj 0602011) Rok z treści potwierdzony.",0.995,true
5628,lubelskie,biłgorajski,Biłgoraj,gmina wiejska,0602032,2021,ok_finalnie,pdf,tekst (72 strony; załącznik do zarządzenia 93/2024 z 27.05.2024; art. 28aa),https://ugbilgoraj.bip.lubelskie.pl/upload/pliki/raport.pdf,"direct_without_tor (BIP ugbilgoraj.bip.lubelskie.pl — SPA list-ajax; raport jako załącznik do zarządzeń Wójta kat. „Zarządzenia"" id=197) odsyłacz z detalu 2031222 (aktualności) → detal 2031216",7072622df9a50107e48ab3ec544a53baafa6b4e5d4038231d6315dc38b5f35ae,200,2026-09-14T17:58:29Z,"Raport o stanie Gminy Biłgoraj za 2023 rok. Gmina Biłgoraj (TERYT 0602032, gmina wiejska, powiat biłgorajski; organ: Wójt Gminy Biłgoraj, Urząd Gminy Biłgoraj przy ul. Gdańskiej; jednostka odrębna od Miasta Biłgoraj 0602011) Tytuł z treści potwierdzony.",0.998,true
5629,lubelskie,biłgorajski,Biłgoraj,gmina wiejska,0602032,2022,ok_finalnie,pdf,tekst (90 stron; załącznik do zarządzenia 88/2025 z 12.05.2025; art. 28aa),https://ugbilgoraj.bip.lubelskie.pl/upload/pliki/0raport_zalacznik_do_zarzadzenia_nr.pdf,"direct_without_tor (BIP ugbilgoraj.bip.lubelskie.pl — SPA list-ajax; raport jako załącznik do zarządzeń Wójta kat. „Zarządzenia"" id=197) detal 2165667 (zarządzenie 88/2025)",5deda693677955e2202c12941c1980905ec2750a530b7377daf4258569c3175c,200,2026-09-14T17:58:29Z,"Raport o stanie Gminy Biłgoraj za 2024 rok. Gmina Biłgoraj (TERYT 0602032, gmina wiejska, powiat biłgorajski; organ: Wójt Gminy Biłgoraj, Urząd Gminy Biłgoraj przy ul. Gdańskiej; jednostka odrębna od Miasta Biłgoraj 0602011) Tytuł z treści potwierdzony.",1.188,true
5630,lubelskie,biłgorajski,Biłgoraj,gmina wiejska,0602032,2023,ok_finalnie,pdf,tekst (100 stron; załącznik do zarządzenia 86/2026 z 11.05.2026),https://ugbilgoraj.bip.lubelskie.pl/upload/pliki/1zalacznik_do_zarzadzenia.docx_o_stanie_gminy_za_2025_rok.pdf,"direct_without_tor (BIP ugbilgoraj.bip.lubelskie.pl — SPA list-ajax; raport jako załącznik do zarządzeń Wójta kat. „Zarządzenia"" id=197) detal 2306082 (zarządzenie 86/2026)",dc267aa31e31f7ca8ec17c175b933ebba9d5a6315627519f4edfc5dc4cc18e69,200,2026-09-14T17:58:29Z,"Raport o stanie Gminy Biłgoraj za 2025 rok. Gmina Biłgoraj (TERYT 0602032, gmina wiejska, powiat biłgorajski; organ: Wójt Gminy Biłgoraj, Urząd Gminy Biłgoraj przy ul. Gdańskiej; jednostka odrębna od Miasta Biłgoraj 0602011) Tytuł z treści potwierdzony.",1.363,true
5631,lubelskie,biłgorajski,Biłgoraj,gmina wiejska,0602032,2024,brak_finalnie,,,,,,,2026-09-14T17:58:29Z,"[TURA II — ROZPOZNANIE] Raport o stanie Gminy Biłgoraj za 2018 rok nieodnaleziony w BIP. DOWÓD POWSTANIA: uchwała Nr X/66/19 Rady Gminy Biłgoraj z 30.05.2019 w sprawie wotum zaufania za 2018: „Po rozpatrzeniu raportu o stanie gminy udziela Wójtowi Gminy Biłgoraj wotum zaufania"" (BIP kat. 594, detal 1411964 (kopia lokalna usunięta w ramach higieny workspace; plik dostępny pod URL BIP)). Kat. „Zarządzenia"" (id=197) nie zawiera zarządzenia o przedstawieniu raportu z 2019 r. (zarządzenia raportowe udokumentowane dopiero od 69/2021); aktualności (kat. 182, 1227 poz.) i wyszukiwarka BIP (pattern=raport/stanie/wotum/absolutorium) — brak rocznika 2018. Uznano za brak z dowodem istnienia.",,false
5632,lubelskie,biłgorajski,Biłgoraj,gmina wiejska,0602032,2025,brak_finalnie,,,,,,,2026-09-14T17:58:29Z,"[TURA II — ROZPOZNANIE] Raport o stanie Gminy Biłgoraj za 2019 rok nieodnaleziony w BIP. DOWÓD POWSTANIA: uchwała Nr XXIII/152/20 Rady Gminy Biłgoraj z 25.06.2020 w sprawie wotum zaufania za 2019: „Po rozpatrzeniu raportu o stanie gminy udziela Wójtowi Gminy Biłgoraj wotum zaufania"" (BIP kat. 665, detal 1535065 (kopia lokalna usunięta w ramach higieny workspace; plik dostępny pod URL BIP)). Kat. „Zarządzenia"" (id=197): w okresie V–VI 2020 są zarządzenia 60–81/2020, żadne nie dotyczy raportu; aktualności i wyszukiwarka BIP — brak rocznika 2019. Uznano za brak z dowodem istnienia.",,false
5633,lubelskie,biłgorajski,Biszcza,gmina wiejska,0602042,2018,ok_finalnie,pdf,"tekst (40 stron; okładka „RAPORT O STANIE GMINY BISZCZA ZA 2018 R."")",https://ugbiszcza.bip.lubelskie.pl/upload/pliki/RAPORT_O_STANIE_GMINY_2018_R.II.pdf,"direct_without_tor (BIP ugbiszcza.bip.lubelskie.pl; kategoria „Raporty o stanie gminy"" id=367, one-page raporty; raport publikowany samodzielnie, nie jako załącznik do zarządzenia)",05039fce47e9e6cde171023f1c9f7f7e2cc2230cb829621a428d8803dac533e4,200,2026-09-14T18:01:11Z,"Raport o stanie gminy Biszcza za 2018 rok. Gmina Biszcza (TERYT 0602044, gmina wiejska, powiat biłgorajski; organ: Wójt Gminy Biszcza, Urząd Gminy w Biszczy, Biszcza 79) BIP detal kat. 367. Rocznik z okładki/treści potwierdzony.",0.462,true
5634,lubelskie,biłgorajski,Biszcza,gmina wiejska,0602042,2019,ok_finalnie,pdf,"skan (52 str.; okładka OCR: „RAPORT O STANIE GMINY BISZCZA ZA 2019 R."")",https://ugbiszcza.bip.lubelskie.pl/upload/pliki/raport_o_stanie_2019.pdf,"direct_without_tor (BIP ugbiszcza.bip.lubelskie.pl; kategoria „Raporty o stanie gminy"" id=367, one-page raporty; raport publikowany samodzielnie, nie jako załącznik do zarządzenia)",aa3db55a583accfddf3c401102f4c2077b0f275828b539dd9495b0c32ab22f29,200,2026-09-14T18:01:11Z,"Raport o stanie gminy Biszcza za 2019 rok. Gmina Biszcza (TERYT 0602044, gmina wiejska, powiat biłgorajski; organ: Wójt Gminy Biszcza, Urząd Gminy w Biszczy, Biszcza 79) BIP detal kat. 367. Rocznik z okładki/treści potwierdzony.",6.457,true
5635,lubelskie,biłgorajski,Biszcza,gmina wiejska,0602042,2020,ok_finalnie,pdf,"skan (64 str.; okładka OCR: „RAPORT O STANIE GMINY BISZCZA ZA 2020 R."")",https://ugbiszcza.bip.lubelskie.pl/upload/pliki/raport_20.pdf,"direct_without_tor (BIP ugbiszcza.bip.lubelskie.pl; kategoria „Raporty o stanie gminy"" id=367, one-page raporty; raport publikowany samodzielnie, nie jako załącznik do zarządzenia)",f28e5a59438acfabde6b3c253b18b981da971b93cb7762b302eb7f3b0f6b046d,200,2026-09-14T18:01:11Z,"Raport o stanie gminy Biszcza za 2020 rok. Gmina Biszcza (TERYT 0602044, gmina wiejska, powiat biłgorajski; organ: Wójt Gminy Biszcza, Urząd Gminy w Biszczy, Biszcza 79) BIP detal kat. 367. Rocznik z okładki/treści potwierdzony.",10.515,true
5636,lubelskie,biłgorajski,Biszcza,gmina wiejska,0602042,2021,ok_finalnie,pdf,"skan (64 str.; okładka OCR: „RAPORT O STANIE GMINY BISZCZA ZA 2021 R."")",https://ugbiszcza.bip.lubelskie.pl/upload/pliki/raport-o-stanie-gminy.pdf,"direct_without_tor (BIP ugbiszcza.bip.lubelskie.pl; kategoria „Raporty o stanie gminy"" id=367, one-page raporty; raport publikowany samodzielnie, nie jako załącznik do zarządzenia)",b48a34833aac7d54a1955a12503e07e3476d9faa6cfeea85255a6c5ee79bdac6,200,2026-09-14T18:01:11Z,"Raport o stanie gminy Biszcza za 2021 rok. Gmina Biszcza (TERYT 0602044, gmina wiejska, powiat biłgorajski; organ: Wójt Gminy Biszcza, Urząd Gminy w Biszczy, Biszcza 79) BIP detal kat. 367. Rocznik z okładki/treści potwierdzony.",12.292,true
5637,lubelskie,biłgorajski,Biszcza,gmina wiejska,0602042,2022,ok_finalnie,pdf,"skan (61 str.; okładka OCR: „RAPORT O STANIE GMINY BISZCZA ZA 2022 R."")",https://ugbiszcza.bip.lubelskie.pl/upload/pliki/img20230516-07481379.pdf,"direct_without_tor (BIP ugbiszcza.bip.lubelskie.pl; kategoria „Raporty o stanie gminy"" id=367, one-page raporty; raport publikowany samodzielnie, nie jako załącznik do zarządzenia)",0c391a4bfb9460d466cee32e0f85e4a2bb153783f5bf7d6d5cd6e1e173cb8483,200,2026-09-14T18:01:11Z,"Raport o stanie gminy Biszcza za 2022 rok. Gmina Biszcza (TERYT 0602044, gmina wiejska, powiat biłgorajski; organ: Wójt Gminy Biszcza, Urząd Gminy w Biszczy, Biszcza 79) BIP detal kat. 367. Rocznik z okładki/treści potwierdzony.",7.736,true
5638,lubelskie,biłgorajski,Biszcza,gmina wiejska,0602042,2023,ok_finalnie,pdf,"tekst (48 stron; okładka „RAPORT O STANIE GMINY BISZCZA ZA 2023 R."")",https://ugbiszcza.bip.lubelskie.pl/upload/pliki/r-a-p-o-r-t-2023.pdf,"direct_without_tor (BIP ugbiszcza.bip.lubelskie.pl; kategoria „Raporty o stanie gminy"" id=367, one-page raporty; raport publikowany samodzielnie, nie jako załącznik do zarządzenia)",fbff2a87eb89c275342ba1830a2ef75d5e49c021d5d4ae8e592de288bd710d3b,200,2026-09-14T18:01:11Z,"Raport o stanie gminy Biszcza za 2023 rok. Gmina Biszcza (TERYT 0602044, gmina wiejska, powiat biłgorajski; organ: Wójt Gminy Biszcza, Urząd Gminy w Biszczy, Biszcza 79) BIP detal kat. 367. Rocznik z okładki/treści potwierdzony.",3.909,true
5639,lubelskie,biłgorajski,Biszcza,gmina wiejska,0602042,2024,ok_finalnie,pdf,"tekst (52 strony; okładka „RAPORT O STANIE GMINY BISZCZA ZA 2024 R."")",https://ugbiszcza.bip.lubelskie.pl/upload/pliki/raport_o_stanie_gminy_biszcza_2024.pdf,"direct_without_tor (BIP ugbiszcza.bip.lubelskie.pl; kategoria „Raporty o stanie gminy"" id=367, one-page raporty; raport publikowany samodzielnie, nie jako załącznik do zarządzenia)",6a1205afbb53e6f608a5e62fe83148b8ab1820a5a4a3bb4a658f7b2a2b885c92,200,2026-09-14T18:01:11Z,"Raport o stanie gminy Biszcza za 2024 rok. Gmina Biszcza (TERYT 0602044, gmina wiejska, powiat biłgorajski; organ: Wójt Gminy Biszcza, Urząd Gminy w Biszczy, Biszcza 79) BIP detal kat. 367. Rocznik z okładki/treści potwierdzony.",29.405,true
5640,lubelskie,biłgorajski,Biszcza,gmina wiejska,0602042,2025,ok_finalnie,pdf,"tekst (50 stron; okładka „RAPORT O STANIE GMINY BISZCZA ZA 2025 R."")",https://ugbiszcza.bip.lubelskie.pl/upload/pliki/1-r-a-p-o-r-t-2025.pdf,"direct_without_tor (BIP ugbiszcza.bip.lubelskie.pl; kategoria „Raporty o stanie gminy"" id=367, one-page raporty; raport publikowany samodzielnie, nie jako załącznik do zarządzenia)",a11a8604a199cecab61b388fa77e08a47eee6346f6b7d507ec69c706f97877ee,200,2026-09-14T18:01:11Z,"Raport o stanie gminy Biszcza za 2025 rok. Gmina Biszcza (TERYT 0602044, gmina wiejska, powiat biłgorajski; organ: Wójt Gminy Biszcza, Urząd Gminy w Biszczy, Biszcza 79) BIP detal kat. 367. Rocznik z okładki/treści potwierdzony.",3.916,true
5641,lubelskie,biłgorajski,Frampol,gmina miejsko-wiejska,0602053,2018,ok_finalnie,docx,"tekst (docx; okładka „RAPORT O STANIE GMINY FRAMPOL w 2018 roku"", załącznik do Zarządzenia nr 43/2019 Burmistrza Frampola)",https://umframpol.bip.lubelskie.pl/upload/pliki/Raport.docx,direct_without_tor (BIP umframpol.bip.lubelskie.pl; raport publikowany w kat. id=80 jako samodzielny dokument lub załącznik do zarządzeń Burmistrza kat. id=72),55b4d442882ca386014938d81e43856b8fffa904ed9876ec1c109fb47d1f0b90,200,2026-09-14T18:04:55Z,"Raport o stanie Gminy Frampol za 2018 rok. Gmina Frampol (TERYT 0602053, gmina miejsko-wiejska, powiat biłgorajski; organ: Burmistrz Frampola, Urząd Miejski we Frampolu) BIP: detal kat. 80 nr 1391885 (Zarządzenie 42/2019 z 27.05.2019 zawiera raport docx). Rocznik z treści potwierdzony.",0.483,true
5642,lubelskie,biłgorajski,Frampol,gmina miejsko-wiejska,0602053,2019,ok_finalnie,docx,"tekst (docx; okładka „RAPORT O STANIE GMINY FRAMPOL w 2019 roku"")",https://umframpol.bip.lubelskie.pl/upload/pliki/Raport_o_stanie_Gminy_w_2019_roku.docx,direct_without_tor (BIP umframpol.bip.lubelskie.pl; raport publikowany w kat. id=80 jako samodzielny dokument lub załącznik do zarządzeń Burmistrza kat. id=72),c6b7d3f182557c62611a02da4dcb07e2e71d8ef0acf4775691f85d4bac6c5257,200,2026-09-14T18:04:55Z,"Raport o stanie Gminy Frampol za 2019 rok. Gmina Frampol (TERYT 0602053, gmina miejsko-wiejska, powiat biłgorajski; organ: Burmistrz Frampola, Urząd Miejski we Frampolu) BIP: detal kat. 80 nr 1511354. Rocznik z treści potwierdzony.",3.678,true
5643,lubelskie,biłgorajski,Frampol,gmina miejsko-wiejska,0602053,2020,ok_finalnie,odt,"tekst (odt; 206 565 znaków; „Załącznik do Zarządzenia nr 46/2021 Burmistrza Frampola z dnia 12 maja 2021 r."")",https://umframpol.bip.lubelskie.pl/upload/pliki/RAPORT_za_2020r..odt,direct_without_tor (BIP umframpol.bip.lubelskie.pl; raport publikowany w kat. id=80 jako samodzielny dokument lub załącznik do zarządzeń Burmistrza kat. id=72),37586c5b2d76041683d915c4278e0cf01535f78c0b800f7a4f7ab3cee992ba32,200,2026-09-14T18:04:55Z,"Raport o stanie Gminy Frampol za 2020 rok. Gmina Frampol (TERYT 0602053, gmina miejsko-wiejska, powiat biłgorajski; organ: Burmistrz Frampola, Urząd Miejski we Frampolu) BIP: detal kat. 80 nr 1634915. Rocznik z treści potwierdzony.",4.018,true
5644,lubelskie,biłgorajski,Frampol,gmina miejsko-wiejska,0602053,2021,ok_finalnie,pdf,tekst (93 strony; załącznik do Zarządzenia nr 58/2022 z 25.05.2022),https://umframpol.bip.lubelskie.pl/upload/pliki/Raport_za_2021.pdf,direct_without_tor (BIP umframpol.bip.lubelskie.pl; raport publikowany w kat. id=80 jako samodzielny dokument lub załącznik do zarządzeń Burmistrza kat. id=72),5416cca35237e0ffd327b5f5ac7b436e6d183f301b125f688ffcfcf63b6acc95,200,2026-09-14T18:04:55Z,"Raport o stanie Gminy Frampol za 2021 rok. Gmina Frampol (TERYT 0602053, gmina miejsko-wiejska, powiat biłgorajski; organ: Burmistrz Frampola, Urząd Miejski we Frampolu) BIP: detal kat. 72 nr 1763073 (Zarządzenie 58/2022). Rocznik z treści potwierdzony.",4.586,true
5645,lubelskie,biłgorajski,Frampol,gmina miejsko-wiejska,0602053,2022,ok_finalnie,pdf,tekst (90 stron; załącznik do Zarządzenia nr 64/2023 z 30.05.2023),https://umframpol.bip.lubelskie.pl/upload/pliki/raport-o-stanie-gminy-za-2022-rok.pdf,direct_without_tor (BIP umframpol.bip.lubelskie.pl; raport publikowany w kat. id=80 jako samodzielny dokument lub załącznik do zarządzeń Burmistrza kat. id=72),1898614de2d1d3d51eb71ae0579586421019fafa3d3226b8c96001932b223236,200,2026-09-14T18:04:55Z,"Raport o stanie Gminy Frampol za 2022 rok. Gmina Frampol (TERYT 0602053, gmina miejsko-wiejska, powiat biłgorajski; organ: Burmistrz Frampola, Urząd Miejski we Frampolu) BIP: detal kat. 72 nr 1897021; alternatywny skan 92 str. (detal 1893323, kat. 80) pominięty na rzecz wersji z warstwą tekstową. Rocznik z treści potwierdzony.",3.510,true
5646,lubelskie,biłgorajski,Frampol,gmina miejsko-wiejska,0602053,2023,ok_finalnie,pdf,tekst (90 stron; załącznik do Zarządzenia nr 47/2024 z 28.05.2024),https://umframpol.bip.lubelskie.pl/upload/pliki/raport_o_stanie_gminy_za_2023_rok.pdf,direct_without_tor (BIP umframpol.bip.lubelskie.pl; raport publikowany w kat. id=80 jako samodzielny dokument lub załącznik do zarządzeń Burmistrza kat. id=72),d4b4d5f3cd4a8da1c1411276920783d79e372472b3f92196f358dd735178c0c2,200,2026-09-14T18:04:55Z,"Raport o stanie Gminy Frampol za 2023 rok. Gmina Frampol (TERYT 0602053, gmina miejsko-wiejska, powiat biłgorajski; organ: Burmistrz Frampola, Urząd Miejski we Frampolu) BIP: detal kat. 80 nr 2032618 ≡ kat. 72 nr 2032998 (duplikat bajtowy — księgowany raz). Rocznik z treści potwierdzony.",3.947,true
5647,lubelskie,biłgorajski,Frampol,gmina miejsko-wiejska,0602053,2024,ok_finalnie,pdf,tekst (123 strony; załącznik do Zarządzenia nr 50/25 z 06.05.2025; art. 28aa),https://umframpol.bip.lubelskie.pl/upload/pliki/raport_o_stanie_gminy_w_2024_roku.pdf,direct_without_tor (BIP umframpol.bip.lubelskie.pl; raport publikowany w kat. id=80 jako samodzielny dokument lub załącznik do zarządzeń Burmistrza kat. id=72),d96d322c3425a1ef923f1296e468bfd9be5d4829244368918677a3b252179d26,200,2026-09-14T18:04:55Z,"Raport o stanie Gminy Frampol za 2024 rok. Gmina Frampol (TERYT 0602053, gmina miejsko-wiejska, powiat biłgorajski; organ: Burmistrz Frampola, Urząd Miejski we Frampolu) BIP: detal kat. 80 nr 2174277. Rocznik z treści potwierdzony.",4.913,true
5648,lubelskie,biłgorajski,Frampol,gmina miejsko-wiejska,0602053,2025,ok_finalnie,pdf,tekst (104 strony; załącznik do Zarządzenia nr 44/26 z 04.05.2026; art. 28aa),https://umframpol.bip.lubelskie.pl/upload/pliki/raport_o_stanie_gminy_w_2025_r.pdf,direct_without_tor (BIP umframpol.bip.lubelskie.pl; raport publikowany w kat. id=80 jako samodzielny dokument lub załącznik do zarządzeń Burmistrza kat. id=72),d7ba371bd987a0e63cf1631ada589d74fd305e516c402ef7af5c3f2ea279ba96,200,2026-09-14T18:04:55Z,"Raport o stanie Gminy Frampol za 2025 rok. Gmina Frampol (TERYT 0602053, gmina miejsko-wiejska, powiat biłgorajski; organ: Burmistrz Frampola, Urząd Miejski we Frampolu) BIP: detal kat. 80 nr 2303311. Rocznik z treści potwierdzony.",3.171,true
5649,lubelskie,biłgorajski,Goraj,gmina wiejska,0602062,2018,ok_finalnie,pdf,tekst (89 stron),https://uggoraj.bip.lubelskie.pl/upload/pliki/raport.pdf,"direct_without_tor (BIP uggoraj.bip.lubelskie.pl; raporty w kat. aktualności/dokumenty, jako „Plik źródłowy"" detali lub załączniki do zarządzeń Wójta/Burmistrza)",96b8676cbc339d037ffd563b9ee59ff16157cf4df7d8d195a367def61445e262,200,2026-09-14T18:07:28Z,"Raport o stanie Gminy Goraj za 2018 rok. Gmina Goraj — roczniki 2018–2020 wykazane jako gmina wiejska (TERYT 0602062, organ: Wójt Gminy Goraj). BIP: detal kat. 179 nr 1397751; równolegle załącznik do Zarządzenia 66/2019 (kat. 354, detal 1397757). Rocznik z treści/okładki potwierdzony.",3.708,true
5650,lubelskie,biłgorajski,Goraj,gmina wiejska,0602062,2019,ok_finalnie,pdf,tekst (112 stron),https://uggoraj.bip.lubelskie.pl/upload/pliki/0Raport_2020.pdf,"direct_without_tor (BIP uggoraj.bip.lubelskie.pl; raporty w kat. aktualności/dokumenty, jako „Plik źródłowy"" detali lub załączniki do zarządzeń Wójta/Burmistrza)",841743be4259a915f80d19341f90a67200475f5980cef4c1fce94dd94b541b83,200,2026-09-14T18:07:28Z,"Raport o stanie Gminy Goraj za 2019 rok. Gmina Goraj — roczniki 2018–2020 wykazane jako gmina wiejska (TERYT 0602062, organ: Wójt Gminy Goraj). BIP: detal kat. 399 nr 1527300; przedstawiony Zarządzeniem Nr 55/2020 Wójta z 08.06.2020. Rocznik z treści/okładki potwierdzony.",4.385,true
5651,lubelskie,biłgorajski,Goraj,gmina wiejska,0602062,2020,ok_finalnie,pdf,"skan (112 str.; okładka OCR: „Załącznik do Zarządzenia Nr 51/2021 Burmistrza Goraja z dnia 31 maja 2021 r. … RAPORT"")",https://uggoraj.bip.lubelskie.pl/upload/pliki/Raport_2020__-_11.06.20211.pdf,"direct_without_tor (BIP uggoraj.bip.lubelskie.pl; raporty w kat. aktualności/dokumenty, jako „Plik źródłowy"" detali lub załączniki do zarządzeń Wójta/Burmistrza)",b91731ee58ee64a1fab7d223b262f2ed6547f43d3cafa1b9b2152d0b74549469,200,2026-09-14T18:07:28Z,"Raport o stanie Gminy Goraj za 2020 rok. Gmina Goraj — roczniki 2018–2020 wykazane jako gmina wiejska (TERYT 0602062, organ: Wójt Gminy Goraj). BIP: detal kat. 412 nr 1648309. Rocznik z treści/okładki potwierdzony.",5.793,true
5652,lubelskie,biłgorajski,Goraj,gmina miejsko-wiejska,0602063,2021,ok_finalnie,pdf,tekst (96 stron),https://uggoraj.bip.lubelskie.pl/upload/pliki/Raport_2021.pdf,"direct_without_tor (BIP uggoraj.bip.lubelskie.pl; raporty w kat. aktualności/dokumenty, jako „Plik źródłowy"" detali lub załączniki do zarządzeń Wójta/Burmistrza)",98fcae289ec1ae80ae8de94b47e2661ca8143f491db4df4287ef07a463cec37a,200,2026-09-14T18:07:28Z,"Raport o stanie Gminy Goraj za 2021 rok. Gmina Goraj — od rocznika 2021 wykazana jako gmina miejsko-wiejska (TERYT 0602063, organ: Burmistrz Goraja, Urząd Miejski w Goraju). BIP: detal kat. 431 nr 1766056; przedstawiony Zarządzeniem Nr 51/2021 Burmistrza z 31.05.2021 (kat. 415, detal 1641350). Rocznik z treści/okładki potwierdzony.",6.000,true
5653,lubelskie,biłgorajski,Goraj,gmina miejsko-wiejska,0602063,2022,ok_finalnie,pdf,tekst (93 strony; po korekcie Burmistrza),https://uggoraj.bip.lubelskie.pl/upload/pliki/0raport-2023-za-2022-r.po-korekcie-burmistrza.pdf,"direct_without_tor (BIP uggoraj.bip.lubelskie.pl; raporty w kat. aktualności/dokumenty, jako „Plik źródłowy"" detali lub załączniki do zarządzeń Wójta/Burmistrza)",e0f93320373f5e320db39646de0ec7b176d70e55301976f60fc097be847c8427,200,2026-09-14T18:07:28Z,"Raport o stanie Gminy Goraj za 2022 rok. Gmina Goraj — od rocznika 2021 wykazana jako gmina miejsko-wiejska (TERYT 0602063, organ: Burmistrz Goraja, Urząd Miejski w Goraju). BIP: detal kat. 459 nr 1900692 ≡ kat. 412 nr 1900690; przedstawiony Zarządzeniem Nr 84/2023 z 31.05.2023. Rocznik z treści/okładki potwierdzony.",5.677,true
5654,lubelskie,biłgorajski,Goraj,gmina miejsko-wiejska,0602063,2023,ok_finalnie,pdf,tekst (77 stron),https://uggoraj.bip.lubelskie.pl/upload/pliki/raport_2024_r._-_pkb.pdf,"direct_without_tor (BIP uggoraj.bip.lubelskie.pl; raporty w kat. aktualności/dokumenty, jako „Plik źródłowy"" detali lub załączniki do zarządzeń Wójta/Burmistrza)",f2343c4eeb7fc56d4e396e5fb97a1202c49dcae4bdcc2a8e4a701621ff08764d,200,2026-09-14T18:07:28Z,"Raport o stanie Gminy Goraj za 2023 rok. Gmina Goraj — od rocznika 2021 wykazana jako gmina miejsko-wiejska (TERYT 0602063, organ: Burmistrz Goraja, Urząd Miejski w Goraju). BIP: detal kat. 412 nr 2032802; załącznik do Zarządzenia Nr 68/2024 Burmistrza z 31.05.2024. Rocznik z treści/okładki potwierdzony.",5.045,true
5655,lubelskie,biłgorajski,Goraj,gmina miejsko-wiejska,0602063,2024,ok_finalnie,pdf,"tekst (71 stron; „Raport o stanie Gminy Goraj za 2024 rok"")",https://uggoraj.bip.lubelskie.pl/upload/pliki/raport_gmina_goraj_2025.pdf,"direct_without_tor (BIP uggoraj.bip.lubelskie.pl; raporty w kat. aktualności/dokumenty, jako „Plik źródłowy"" detali lub załączniki do zarządzeń Wójta/Burmistrza)",65a4c1cf54dfcbc263c42a764e08fb32cf4de73f9b27865bdb0392308e556cea,200,2026-09-14T18:07:28Z,"Raport o stanie Gminy Goraj za 2024 rok. Gmina Goraj — od rocznika 2021 wykazana jako gmina miejsko-wiejska (TERYT 0602063, organ: Burmistrz Goraja, Urząd Miejski w Goraju). BIP: detal kat. 412 nr 2173245; załącznik do Zarządzenia Nr 84/2025 Burmistrza z 30.05.2025. Rocznik z treści/okładki potwierdzony.",5.591,true
5656,lubelskie,biłgorajski,Goraj,gmina miejsko-wiejska,0602063,2025,ok_finalnie,pdf,"skan (71 str.; okładka OCR: „RAPORT O STANIE 2025""; spis treści: Urząd Miejski w Goraju, Rada Miejska w Goraju)",https://uggoraj.bip.lubelskie.pl/upload/pliki/raport_2026-2-.ostatecznydocx.pdf,"direct_without_tor (BIP uggoraj.bip.lubelskie.pl; raporty w kat. aktualności/dokumenty, jako „Plik źródłowy"" detali lub załączniki do zarządzeń Wójta/Burmistrza)",f15b35f9cd279b1a53852ac847cee4269c89bce68e2b2de8b2299674ee576737,200,2026-09-14T18:07:28Z,"Raport o stanie Gminy Goraj za 2025 rok. Gmina Goraj — od rocznika 2021 wykazana jako gmina miejsko-wiejska (TERYT 0602063, organ: Burmistrz Goraja, Urząd Miejski w Goraju). BIP: detal kat. 412 nr 2314052; załącznik do Zarządzenia Nr 69/2026 Burmistrza z 28.05.2026. Rocznik z treści/okładki potwierdzony.",2.977,true
5657,lubelskie,biłgorajski,Józefów,gmina miejsko-wiejska,0602073,2018,ok_finalnie,pdf,tekst (67 stron),https://ugjozefow.bip.lubelskie.pl/upload/pliki/0Raport_2019_r._dla_RM.pdf,"direct_without_tor (BIP ugjozefow.bip.lubelskie.pl; raporty w kat. id=154, zarządzenia kat. id=70)",d4e8408db484411e37267c310d097e96e603519f46c1ddad5ca9f9356a6aa4c5,200,2026-09-14T18:09:15Z,"Raport o stanie Gminy Józefów nad Wisłą za 2019 rok. Gmina Józefów nad Wisłą (TERYT 0602072, gmina wiejska, powiat biłgorajski; organ: Burmistrz Józefowa nad Wisłą, Urząd Miejski w Józefowie nad Wisłą). BIP: detal kat. 154 nr 1537874. Rocznik z treści potwierdzony.",7.757,true
5658,lubelskie,biłgorajski,Józefów,gmina miejsko-wiejska,0602073,2019,ok_finalnie,pdf,tekst (57 stron),https://ugjozefow.bip.lubelskie.pl/upload/pliki/Raport_2020_N.pdf,"direct_without_tor (BIP ugjozefow.bip.lubelskie.pl; raporty w kat. id=154, zarządzenia kat. id=70)",d1ae924b711cf058a4f691cba14b0603de83d01d3deac34767e8f8e462f70047,200,2026-09-14T18:09:15Z,"Raport o stanie Gminy Józefów nad Wisłą za 2020 rok. Gmina Józefów nad Wisłą (TERYT 0602072, gmina wiejska, powiat biłgorajski; organ: Burmistrz Józefowa nad Wisłą, Urząd Miejski w Józefowie nad Wisłą). BIP: detal kat. 154 nr 1641416. Rocznik z treści potwierdzony.",5.073,true
5659,lubelskie,biłgorajski,Józefów,gmina miejsko-wiejska,0602073,2020,ok_finalnie,pdf,tekst (62 strony),https://ugjozefow.bip.lubelskie.pl/upload/pliki/Raport_2021.pdf,"direct_without_tor (BIP ugjozefow.bip.lubelskie.pl; raporty w kat. id=154, zarządzenia kat. id=70)",2e607db24129cbede38165b157813014827d11a3a72f0cb24375cf7f87da035a,200,2026-09-14T18:09:15Z,"Raport o stanie Gminy Józefów nad Wisłą za 2021 rok. Gmina Józefów nad Wisłą (TERYT 0602072, gmina wiejska, powiat biłgorajski; organ: Burmistrz Józefowa nad Wisłą, Urząd Miejski w Józefowie nad Wisłą). BIP: detal kat. 154 nr 1760396 (obok wersja PowerPoint .pptx). Rocznik z treści potwierdzony.",7.267,true
5660,lubelskie,biłgorajski,Józefów,gmina miejsko-wiejska,0602073,2021,ok_finalnie,pdf,tekst (96 stron),https://ugjozefow.bip.lubelskie.pl/upload/pliki/raport-o-stanie-gminy-jozefow-nad-wisla-za-rok-2022.pdf,"direct_without_tor (BIP ugjozefow.bip.lubelskie.pl; raporty w kat. id=154, zarządzenia kat. id=70)",cef85482d0c21f167c0e4200ba0cacbb47895697f81f07214d96205d374a402c,200,2026-09-14T18:09:15Z,"Raport o stanie Gminy Józefów nad Wisłą za 2022 rok. Gmina Józefów nad Wisłą (TERYT 0602072, gmina wiejska, powiat biłgorajski; organ: Burmistrz Józefowa nad Wisłą, Urząd Miejski w Józefowie nad Wisłą). BIP: detal kat. 154 nr 1894161. Rocznik z treści potwierdzony.",12.579,true
5661,lubelskie,biłgorajski,Józefów,gmina miejsko-wiejska,0602073,2022,ok_finalnie,pdf,tekst (42 strony),https://ugjozefow.bip.lubelskie.pl/upload/pliki/raport_2023.pdf,"direct_without_tor (BIP ugjozefow.bip.lubelskie.pl; raporty w kat. id=154, zarządzenia kat. id=70)",b56118c7e0bafce391df9af51d749856998c5b7df714cf466a6a1574ab412496,200,2026-09-14T18:09:15Z,"Raport o stanie Gminy Józefów nad Wisłą za 2023 rok. Gmina Józefów nad Wisłą (TERYT 0602072, gmina wiejska, powiat biłgorajski; organ: Burmistrz Józefowa nad Wisłą, Urząd Miejski w Józefowie nad Wisłą). BIP: detal kat. 154 nr 2038929; zarządzenie kat. 70 detal 2038935. Rocznik z treści potwierdzony.",1.370,true
5662,lubelskie,biłgorajski,Józefów,gmina miejsko-wiejska,0602073,2023,ok_finalnie,pdf,tekst (46 stron; raport za 2024),https://ugjozefow.bip.lubelskie.pl/upload/pliki/zarz_54.pdf,"direct_without_tor (BIP ugjozefow.bip.lubelskie.pl; raporty w kat. id=154, zarządzenia kat. id=70)",8bd779135e18b41e2fb3e4297fa5272c10a9a875c804ddaf188e886a54eebeeb,200,2026-09-14T18:09:15Z,"Raport o stanie Gminy Józefów nad Wisłą za 2024 rok. Gmina Józefów nad Wisłą (TERYT 0602072, gmina wiejska, powiat biłgorajski; organ: Burmistrz Józefowa nad Wisłą, Urząd Miejski w Józefowie nad Wisłą). BIP: detal kat. 70 nr 2172506 (zarządzenie w sprawie przedstawienia Raportu za 2024; plik zawiera raport). Rocznik z treści potwierdzony.",2.927,true
5663,lubelskie,biłgorajski,Józefów,gmina miejsko-wiejska,0602073,2024,ok_finalnie,pdf,tekst (53 strony; raport za 2025),https://ugjozefow.bip.lubelskie.pl/upload/pliki/0412026.pdf,"direct_without_tor (BIP ugjozefow.bip.lubelskie.pl; raporty w kat. id=154, zarządzenia kat. id=70)",96db6261622a4151a9e5d9161201295168870b0df8f4478b319e9f751d7cca04,200,2026-09-14T18:09:15Z,"Raport o stanie Gminy Józefów nad Wisłą za 2025 rok. Gmina Józefów nad Wisłą (TERYT 0602072, gmina wiejska, powiat biłgorajski; organ: Burmistrz Józefowa nad Wisłą, Urząd Miejski w Józefowie nad Wisłą). BIP: detal kat. 70 nr 2313245 (zarządzenie w sprawie przedstawienia Raportu za 2025; plik zawiera raport). Rocznik z treści potwierdzony.",3.940,true
5664,lubelskie,biłgorajski,Józefów,gmina miejsko-wiejska,0602073,2025,brak_finalnie,,,,,,,2026-09-14T18:09:15Z,"[TURA II — ROZPOZNANIE] Raport o stanie Gminy Józefów nad Wisłą za 2018 rok nieodnaleziony w BIP. DOWÓD POWSTANIA: uchwała Nr VII/84/2019 Rady Miejskiej w Józefowie nad Wisłą z 31.05.2019 w sprawie wotum zaufania, podjęta na podstawie art. 28aa ust. 9 u.s.g.: „Po zakończeniu debaty nad raportem o stanie Gminy postanawia się udzielić wotum zaufania Burmistrzowi Miasta Józefów nad Wisłą"" (BIP kat. 67, detal 1401519; plik uchwały: work/pliki/jozefow_uchwala_VII84_2019_debata_nad_raportem_za2018.pdf). Wyszukiwarka BIP (pattern=raport/stanie/debacie/wotum, kat. 154 i aktualności) nie wskazuje pliku raportu ani zarządzenia z 2019 r. o przedstawieniu raportu za 2018; najstarszy raport w kat. 154 dotyczy rocznika 2019. Uznano za brak z dowodem istnienia.",,false
5665,lubelskie,biłgorajski,Księżpol,gmina wiejska,0602082,2018,ok_finalnie,pdf,"tekst (48 stron; „RAPORT ZA 2018 R."")",https://ugksiezpol.bip.lubelskie.pl/upload/pliki/Raport_o_stanie_gminy_za_2018.pdf,direct_without_tor (BIP ugksiezpol.bip.lubelskie.pl; kat. id=50 — raporty i zarządzenia Wójta o przedstawieniu raportu),72097ad085112c6bcb8e814f9a827a207258700ca64814303d3f7eee264252e4,200,2026-09-14T18:10:41Z,"Raport o stanie Gminy Księżpol za 2018 rok. Gmina Księżpol (TERYT 0602081, gmina wiejska, powiat biłgorajski; organ: Wójt Gminy Księżpol, Urząd Gminy w Księzpolu). BIP: detal nr 1394882; zarządzenie 35/2019 (detal 1394880). Rocznik z treści potwierdzony.",1.390,true
5666,lubelskie,biłgorajski,Księżpol,gmina wiejska,0602082,2019,ok_finalnie,pdf,tekst (61 stron),https://ugksiezpol.bip.lubelskie.pl/upload/pliki/Raport_o_stanie_gminy_za_2019.pdf,direct_without_tor (BIP ugksiezpol.bip.lubelskie.pl; kat. id=50 — raporty i zarządzenia Wójta o przedstawieniu raportu),b1bec010431cf88a4f904a01858e64639588712faeba27ad9255fe05118b8aa7,200,2026-09-14T18:10:41Z,"Raport o stanie Gminy Księżpol za 2019 rok. Gmina Księżpol (TERYT 0602081, gmina wiejska, powiat biłgorajski; organ: Wójt Gminy Księżpol, Urząd Gminy w Księzpolu). BIP: detal nr 1506282; zarządzenie 19/2020 z 28.04.2020 (detal 1506281). Rocznik z treści potwierdzony.",1.679,true
5667,lubelskie,biłgorajski,Księżpol,gmina wiejska,0602082,2020,ok_finalnie,pdf,tekst (51 stron),https://ugksiezpol.bip.lubelskie.pl/upload/pliki/Raport_o_stanie_gminy_za_2020.pdf,direct_without_tor (BIP ugksiezpol.bip.lubelskie.pl; kat. id=50 — raporty i zarządzenia Wójta o przedstawieniu raportu),5ec062888d0972e03efb2c36965ac2ea8a13ad0c23345d653f8ed8f626c1ed1c,200,2026-09-14T18:10:41Z,"Raport o stanie Gminy Księżpol za 2020 rok. Gmina Księżpol (TERYT 0602081, gmina wiejska, powiat biłgorajski; organ: Wójt Gminy Księżpol, Urząd Gminy w Księzpolu). BIP: detal nr 1641186; zarządzenie 29/2021 z 23.04.2021 (detal 1641185). Rocznik z treści potwierdzony.",1.207,true
5668,lubelskie,biłgorajski,Księżpol,gmina wiejska,0602082,2021,ok_finalnie,pdf,tekst (55 stron),https://ugksiezpol.bip.lubelskie.pl/upload/pliki/Raport_o_stanie_gminy_za_2021.pdf,direct_without_tor (BIP ugksiezpol.bip.lubelskie.pl; kat. id=50 — raporty i zarządzenia Wójta o przedstawieniu raportu),a4afa5b60ef2734574aa2c9cc7cf3f136d2f6c174314dcadfb05b28bc6e6ab44,200,2026-09-14T18:10:41Z,"Raport o stanie Gminy Księżpol za 2021 rok. Gmina Księżpol (TERYT 0602081, gmina wiejska, powiat biłgorajski; organ: Wójt Gminy Księżpol, Urząd Gminy w Księzpolu). BIP: detal nr 1767334; zarządzenie 40/2022 (załącznik w tym samym detalu). Rocznik z treści potwierdzony.",1.345,true
5669,lubelskie,biłgorajski,Księżpol,gmina wiejska,0602082,2022,ok_finalnie,pdf,tekst (55 stron),https://ugksiezpol.bip.lubelskie.pl/upload/pliki/raport-o-stanie-gminy-za-2022.pdf,direct_without_tor (BIP ugksiezpol.bip.lubelskie.pl; kat. id=50 — raporty i zarządzenia Wójta o przedstawieniu raportu),edba52ad9a3026ed5d62b053f10248b6e04253b3d9fa6a1bf5293494b7f4caeb,200,2026-09-14T18:10:41Z,"Raport o stanie Gminy Księżpol za 2022 rok. Gmina Księżpol (TERYT 0602081, gmina wiejska, powiat biłgorajski; organ: Wójt Gminy Księżpol, Urząd Gminy w Księzpolu). BIP: detal nr 1889202; zarządzenie 48/2023 z 04.05.2023 (detal 1889201). Rocznik z treści potwierdzony.",1.417,true
5670,lubelskie,biłgorajski,Księżpol,gmina wiejska,0602082,2023,ok_finalnie,pdf,tekst (55 stron),https://ugksiezpol.bip.lubelskie.pl/upload/pliki/raport_o_stanie_gminy_za_2023_rok.pdf,direct_without_tor (BIP ugksiezpol.bip.lubelskie.pl; kat. id=50 — raporty i zarządzenia Wójta o przedstawieniu raportu),1aa6dccc0be7c96d4e8718535fdf696946175f5fa1ed207b06270240b245b383,200,2026-09-14T18:10:41Z,"Raport o stanie Gminy Księżpol za 2023 rok. Gmina Księżpol (TERYT 0602081, gmina wiejska, powiat biłgorajski; organ: Wójt Gminy Księżpol, Urząd Gminy w Księzpolu). BIP: detal nr 2036741. Rocznik z treści potwierdzony.",1.239,true
5671,lubelskie,biłgorajski,Księżpol,gmina wiejska,0602082,2024,ok_finalnie,pdf,tekst (60 stron; załącznik do Zarządzenia Nr 63/2025 Wójta Gminy Księżpol z 22.05.2025),https://ugksiezpol.bip.lubelskie.pl/upload/pliki/raport_o_stanie_gminy_za_2024-1.pdf,direct_without_tor (BIP ugksiezpol.bip.lubelskie.pl; kat. id=50 — raporty i zarządzenia Wójta o przedstawieniu raportu),013afbc6b08097390cbf04492c647de35d0891f4ff88031bce1973deac62385b,200,2026-09-14T18:10:41Z,"Raport o stanie Gminy Księżpol za 2024 rok. Gmina Księżpol (TERYT 0602081, gmina wiejska, powiat biłgorajski; organ: Wójt Gminy Księżpol, Urząd Gminy w Księzpolu). BIP: detal nr 2181288. Rocznik z treści potwierdzony.",1.495,true
5672,lubelskie,biłgorajski,Księżpol,gmina wiejska,0602082,2025,ok_finalnie,pdf,"tekst (67 stron; „RAPORT ZA 2025 R."")",https://ugksiezpol.bip.lubelskie.pl/upload/pliki/raport_o_stanie_gminy_za_2025.pdf,direct_without_tor (BIP ugksiezpol.bip.lubelskie.pl; kat. id=50 — raporty i zarządzenia Wójta o przedstawieniu raportu),267b824029c84cd7ba5b9e7b72f6970cee03a50da674ceb596de9942d7930196,200,2026-09-14T18:10:41Z,"Raport o stanie Gminy Księżpol za 2025 rok. Gmina Księżpol (TERYT 0602081, gmina wiejska, powiat biłgorajski; organ: Wójt Gminy Księżpol, Urząd Gminy w Księzpolu). BIP: detal nr 2320564. Rocznik z treści potwierdzony.",1.564,true
5673,lubelskie,biłgorajski,Łukowa,gmina wiejska,0602092,2018,ok_finalnie,pdf,"tekst (13 stron; „RAPORT O STANIE GMINY ŁUKOWA ZA 2018 ROK"")",https://uglukowa.bip.lubelskie.pl/upload/pliki/RAPORT_o_stanie_gminy.pdf,"direct_without_tor (BIP uglukowa.bip.lubelskie.pl, kat. id=201, detal 1409932)",372b9d5850f2d3bca1f51227aac51a052c1d35191f72a47a785f805e9bfecc57,200,2026-09-14T18:15:09Z,"Raport o stanie Gminy Łukowa za 2018 rok. Gmina Łukowa (TERYT 0602090, gmina wiejska, powiat biłgorajski; organ: Wójt Gminy Łukowa, Urząd Gminy w Łukowej). Tytuł z treści potwierdzony.",0.391,true
5674,lubelskie,biłgorajski,Łukowa,gmina wiejska,0602092,2019,brak_finalnie,,,,,,,2026-09-14T18:15:09Z,"[TURA II — ROZPOZNANIE] Raport o stanie Gminy Łukowa za 2019 rok nieodnaleziony. BIP uglukowa.bip.lubelskie.pl jest prowadzony fragmentarycznie po 2018 r.: kat. „Zarządzenia"" (id=147, 16 pozycji) nie zawiera zarządzeń o przedstawieniu raportu; kat. uchwał za lata 2020–2022 niepublikowane; wyszukiwarka BIP (pattern=raport/stanie/wotum/zaufania/debat) zwraca wyłącznie dokument sprzed 2019 r. i kategorie, nie dokumenty. Uchwały wotum zaufania za roczniki 2019–2022 nieodnalezione w BIP. Wayback (CDX, 459 URL domeny) — brak śladów raportów; web_search — brak trafień. Brak dowodu istnienia raportu za 2019 — uznano za brak bez potwierdzenia powstania.",,false
5675,lubelskie,biłgorajski,Łukowa,gmina wiejska,0602092,2020,brak_finalnie,,,,,,,2026-09-14T18:15:09Z,"[TURA II — ROZPOZNANIE] Raport o stanie Gminy Łukowa za 2020 rok nieodnaleziony. BIP uglukowa.bip.lubelskie.pl jest prowadzony fragmentarycznie po 2018 r.: kat. „Zarządzenia"" (id=147, 16 pozycji) nie zawiera zarządzeń o przedstawieniu raportu; kat. uchwał za lata 2020–2022 niepublikowane; wyszukiwarka BIP (pattern=raport/stanie/wotum/zaufania/debat) zwraca wyłącznie dokument sprzed 2019 r. i kategorie, nie dokumenty. Uchwały wotum zaufania za roczniki 2019–2022 nieodnalezione w BIP. Wayback (CDX, 459 URL domeny) — brak śladów raportów; web_search — brak trafień. Brak dowodu istnienia raportu za 2020 — uznano za brak bez potwierdzenia powstania.",,false
5676,lubelskie,biłgorajski,Łukowa,gmina wiejska,0602092,2021,brak_finalnie,,,,,,,2026-09-14T18:15:09Z,"[TURA II — ROZPOZNANIE] Raport o stanie Gminy Łukowa za 2021 rok nieodnaleziony. BIP uglukowa.bip.lubelskie.pl jest prowadzony fragmentarycznie po 2018 r.: kat. „Zarządzenia"" (id=147, 16 pozycji) nie zawiera zarządzeń o przedstawieniu raportu; kat. uchwał za lata 2020–2022 niepublikowane; wyszukiwarka BIP (pattern=raport/stanie/wotum/zaufania/debat) zwraca wyłącznie dokument sprzed 2019 r. i kategorie, nie dokumenty. Uchwały wotum zaufania za roczniki 2019–2022 nieodnalezione w BIP. Wayback (CDX, 459 URL domeny) — brak śladów raportów; web_search — brak trafień. Brak dowodu istnienia raportu za 2021 — uznano za brak bez potwierdzenia powstania.",,false
5677,lubelskie,biłgorajski,Łukowa,gmina wiejska,0602092,2022,brak_finalnie,,,,,,,2026-09-14T18:15:09Z,"[TURA II — ROZPOZNANIE] Raport o stanie Gminy Łukowa za 2022 rok nieodnaleziony. BIP uglukowa.bip.lubelskie.pl jest prowadzony fragmentarycznie po 2018 r.: kat. „Zarządzenia"" (id=147, 16 pozycji) nie zawiera zarządzeń o przedstawieniu raportu; kat. uchwał za lata 2020–2022 niepublikowane; wyszukiwarka BIP (pattern=raport/stanie/wotum/zaufania/debat) zwraca wyłącznie dokument sprzed 2019 r. i kategorie, nie dokumenty. Uchwały wotum zaufania za roczniki 2019–2022 nieodnalezione w BIP. Wayback (CDX, 459 URL domeny) — brak śladów raportów; web_search — brak trafień. Brak dowodu istnienia raportu za 2022 — uznano za brak bez potwierdzenia powstania.",,false
5678,lubelskie,biłgorajski,Łukowa,gmina wiejska,0602092,2023,brak_finalnie,,,,,,,2026-09-14T18:15:09Z,"[TURA II — ROZPOZNANIE] Raport o stanie Gminy Łukowa za 2023 rok nieodnaleziony w BIP (kat. 201 zawiera jedynie raport za 2018; kat. „Zarządzenia"" 16 pozycji bez zarządzeń raportowych; wyszukiwarka BIP nie przeszukuje treści po 2019 r.; Wayback i web_search bez śladów pliku). DOWÓD POWSTANIA: uchwała II/4/24 z 27.05.2024 (podstawa prawna art. 28aa ust. 9): „Po rozpatrzeniu raportu o stanie gminy udziela się Wójtowi Gminy Łukowa wotum zaufania z tytułu działalności w 2023 r."" (BIP kat. 449, detal 2040757 ≡ 2040753; plik: work/pliki/lukowa_uchwala_II4_24_wotum_za2023_raport_rozpatrzony.pdf). Uznano za brak z dowodem istnienia.",,false
5679,lubelskie,biłgorajski,Łukowa,gmina wiejska,0602092,2024,brak_finalnie,,,,,,,2026-09-14T18:15:09Z,"[TURA II — ROZPOZNANIE] Raport o stanie Gminy Łukowa za 2024 rok nieodnaleziony w BIP (kat. 201 zawiera jedynie raport za 2018; kat. „Zarządzenia"" 16 pozycji bez zarządzeń raportowych; wyszukiwarka BIP nie przeszukuje treści po 2019 r.; Wayback i web_search bez śladów pliku). DOWÓD POWSTANIA: uchwała VIII/74/25 z 06.06.2025 (art. 28aa ust. 9): „Po rozpatrzeniu raportu o stanie gminy udziela się Wójtowi Gminy Łukowa wotum zaufania z tytułu działalności w 2024 r."" (BIP kat. 449, detal 2178150; plik: work/pliki/lukowa_uchwala_VIII74_25_wotum_za2024_raport_rozpatrzony.pdf). Uznano za brak z dowodem istnienia.",,false
5680,lubelskie,biłgorajski,Łukowa,gmina wiejska,0602092,2025,brak_finalnie,,,,,,,2026-09-14T18:15:09Z,"[TURA II — ROZPOZNANIE] Raport o stanie Gminy Łukowa za 2025 rok nieodnaleziony w BIP (kat. 201 zawiera jedynie raport za 2018; kat. „Zarządzenia"" 16 pozycji bez zarządzeń raportowych; wyszukiwarka BIP nie przeszukuje treści po 2019 r.; Wayback i web_search bez śladów pliku). DOWÓD POWSTANIA: uchwała XV/121/26 z 30.04.2026 (art. 28aa ust. 9): „Po rozpatrzeniu raportu o stanie gminy udziela się Wójtowi Gminy Łukowa wotum zaufania z tytułu działalności w 2025 r."" (BIP kat. 449, detal 2302540; plik: work/pliki/lukowa_uchwala_XV121_26_wotum_za2025_raport_rozpatrzony.pdf). Uznano za brak z dowodem istnienia.",,false
5681,lubelskie,biłgorajski,Obsza,gmina wiejska,0602102,2018,ok_finalnie,pdf,"tekst (8 stron; „RAPORT O STANIE GMINY OBSZA"")",https://ugobsza.bip.lubelskie.pl/upload/pliki/Raport_2018.pdf,direct_without_tor (BIP ugobsza.bip.lubelskie.pl; raporty w kat. id=100 — dokumenty Rady/Wójta),04981019e4d984cbad9109ee0b1dac327ac428365d6f8e09e7f2d8df087b22b7,200,2026-09-14T18:16:59Z,"Raport o stanie Gminy Obsza za 2018 rok. Gmina Obsza (TERYT 0602104, gmina wiejska, powiat biłgorajski; organ: Wójt Gminy Obsza, Urząd Gminy w Obszy). BIP: detal nr 1395813. Rocznik z treści potwierdzony.",0.196,true
5682,lubelskie,biłgorajski,Obsza,gmina wiejska,0602102,2019,ok_finalnie,pdf,"tekst (10 stron; „RAPORT ZA 2019 ROK"")",https://ugobsza.bip.lubelskie.pl/upload/pliki/raport_2020.pdf,direct_without_tor (BIP ugobsza.bip.lubelskie.pl; raporty w kat. id=100 — dokumenty Rady/Wójta),304b2b86b6a347161334c9e9cc4a1fb50ac2bbf0c5afdc36d5b68d2cdc188461,200,2026-09-14T18:16:59Z,"Raport o stanie Gminy Obsza za 2019 rok. Gmina Obsza (TERYT 0602104, gmina wiejska, powiat biłgorajski; organ: Wójt Gminy Obsza, Urząd Gminy w Obszy). BIP: detal nr 1546823. Rocznik z treści potwierdzony.",0.477,true
5683,lubelskie,biłgorajski,Obsza,gmina wiejska,0602102,2020,ok_finalnie,pdf,tekst (10 stron),https://ugobsza.bip.lubelskie.pl/upload/pliki/Raport_o_stanie_gminy_Obsza..pdf,direct_without_tor (BIP ugobsza.bip.lubelskie.pl; raporty w kat. id=100 — dokumenty Rady/Wójta),d82cbda3eec89f8a675581c71bcb01e9e2082fe13b1dc9b1caf948b3bbb7fd35,200,2026-09-14T18:16:59Z,"Raport o stanie Gminy Obsza za 2020 rok. Gmina Obsza (TERYT 0602104, gmina wiejska, powiat biłgorajski; organ: Wójt Gminy Obsza, Urząd Gminy w Obszy). BIP: detal nr 1642683. Rocznik z treści potwierdzony.",1.822,true
5684,lubelskie,biłgorajski,Obsza,gmina wiejska,0602102,2021,ok_finalnie,pdf,"tekst (11 stron; „RAPORT ZA 2021 ROK"")",https://ugobsza.bip.lubelskie.pl/upload/pliki/0Raport_o_stanie_gminy_Obsza..pdf,direct_without_tor (BIP ugobsza.bip.lubelskie.pl; raporty w kat. id=100 — dokumenty Rady/Wójta),991c4c3ae844cbae803e3cb32fd797f12a098f1c8be2db14a32683e205bccef2,200,2026-09-14T18:16:59Z,"Raport o stanie Gminy Obsza za 2021 rok. Gmina Obsza (TERYT 0602104, gmina wiejska, powiat biłgorajski; organ: Wójt Gminy Obsza, Urząd Gminy w Obszy). BIP: detal nr 1760663. Rocznik z treści potwierdzony.",0.752,true
5685,lubelskie,biłgorajski,Obsza,gmina wiejska,0602102,2022,ok_finalnie,pdf,tekst (10 stron),https://ugobsza.bip.lubelskie.pl/upload/pliki/raport-o-stanie-gminy-obsza.pdf,direct_without_tor (BIP ugobsza.bip.lubelskie.pl; raporty w kat. id=100 — dokumenty Rady/Wójta),00e34f9b83022691a5fd3808e312b9cac5ea6236ecaee0dc165502637718dd2f,200,2026-09-14T18:16:59Z,"Raport o stanie Gminy Obsza za 2022 rok. Gmina Obsza (TERYT 0602104, gmina wiejska, powiat biłgorajski; organ: Wójt Gminy Obsza, Urząd Gminy w Obszy). BIP: detal nr 1893751. Rocznik z treści potwierdzony.",4.495,true
5686,lubelskie,biłgorajski,Obsza,gmina wiejska,0602102,2023,ok_finalnie,pdf,"tekst (10 stron; „RAPORT O STANIE GMINY OBSZA ZA 2023 ROK"")",https://ugobsza.bip.lubelskie.pl/upload/pliki/raport_o_stanie_gminy_obsza.pdf,direct_without_tor (BIP ugobsza.bip.lubelskie.pl; raporty w kat. id=100 — dokumenty Rady/Wójta),2951648df1c405568c4de219bc29fa548670ff670b26d58d7dbe51848685b212,200,2026-09-14T18:16:59Z,"Raport o stanie Gminy Obsza za 2023 rok. Gmina Obsza (TERYT 0602104, gmina wiejska, powiat biłgorajski; organ: Wójt Gminy Obsza, Urząd Gminy w Obszy). BIP: detal nr 2033956. Rocznik z treści potwierdzony.",0.709,true
5687,lubelskie,biłgorajski,Obsza,gmina wiejska,0602102,2024,brak_finalnie,,,,,,,2026-09-14T18:16:59Z,"[TURA II — ROZPOZNANIE] Raport o stanie Gminy Obsza za 2024 rok nieodnaleziony w BIP (kat. id=100 zawiera raporty za 2018–2023 i 2025, rocznika 2024 brak; wyszukiwarka BIP pattern=raport/2024/wotum/debacie — brak pliku). DOWÓD POWSTANIA: uchwała Nr XI/72/25 Rady Gminy Obsza z 26.06.2025 w sprawie wotum zaufania za 2024, podjęta na podstawie art. 28aa ust. 9 u.s.g.: „Po rozpatrzeniu raportu o stanie gminy udziela się Wójtowi Gminy Obsza wotum zaufania z tytułu działalności w 2024 r."" (BIP kat. 457, detal 2188740; plik uchwały: work/pliki/obsza_uchwala_XI72_25_wotum_za2024_raport_rozpatrzony.pdf). Uznano za brak z dowodem istnienia.",,false
5688,lubelskie,biłgorajski,Obsza,gmina wiejska,0602102,2025,ok_finalnie,pdf,"tekst (10 stron; „RAPORT ZA 2025 ROK""; art. 28aa)",https://ugobsza.bip.lubelskie.pl/upload/pliki/0raport_o_stanie_gminy_obsza.pdf,direct_without_tor (BIP ugobsza.bip.lubelskie.pl; raporty w kat. id=100 — dokumenty Rady/Wójta),48dbafb8e676ec9d507069c1f148b304008658d5aec7f0a7e07d2907852ca55a,200,2026-09-14T18:16:59Z,"Raport o stanie Gminy Obsza za 2025 rok. Gmina Obsza (TERYT 0602104, gmina wiejska, powiat biłgorajski; organ: Wójt Gminy Obsza, Urząd Gminy w Obszy). BIP: detal nr 2306445. Rocznik z treści potwierdzony.",0.893,true
5689,lubelskie,biłgorajski,Potok Górny,gmina wiejska,0602112,2018,ok_finalnie,pdf,"skan (17 str.; zarządzenie 36/2019 z 21.05.2019 + załącznik „RAPORT""; okładka OCR)",https://ugpotokgorny.bip.lubelskie.pl/upload/pliki/Zarzadzenie_Nr_36.pdf,"direct_without_tor (BIP ugpotokgorny.bip.lubelskie.pl; raport jako załącznik do zarządzeń Wójta, kategorie tematyczne) + ocr",9bf1f08e65f2d4f68e9e029b00ed514b2f67f155b15deff99cb1a95bbf1e8e14,200,2026-09-14T18:21:27Z,"Raport o stanie Gminy Potok Górny za 2018 rok. Gmina Potok Górny (TERYT 0602112, gmina wiejska, powiat biłgorajski; organ: Wójt Gminy Potok Górny, Urząd Gminy w Potoku Górnym). BIP: detal kat. 380 nr 1390879 (Zarządzenie 36/2019 o przedstawieniu raportu za 2018). Rocznik z okładki/treści/nazwy potwierdzony.",1.722,true
5690,lubelskie,biłgorajski,Potok Górny,gmina wiejska,0602112,2019,ok_finalnie,pdf,"skan (29 str.; zarządzenie 139/2020 z 28.05.2020 + załącznik „RAPORT"")",https://ugpotokgorny.bip.lubelskie.pl/upload/pliki/Raport_o_stanie_gminy_za_2019r.pdf,"direct_without_tor (BIP ugpotokgorny.bip.lubelskie.pl; raport jako załącznik do zarządzeń Wójta, kategorie tematyczne) + ocr",7e7df93675c2c64f6766f357154717573d5af57c422c428f8bbb5253b0b92fcf,200,2026-09-14T18:21:27Z,"Raport o stanie Gminy Potok Górny za 2019 rok. Gmina Potok Górny (TERYT 0602112, gmina wiejska, powiat biłgorajski; organ: Wójt Gminy Potok Górny, Urząd Gminy w Potoku Górnym). BIP: detal kat. 164 nr 1516318. Rocznik z okładki/treści/nazwy potwierdzony.",1.568,true
5691,lubelskie,biłgorajski,Potok Górny,gmina wiejska,0602112,2020,ok_finalnie,pdf,"skan (38 str.; zarządzenie 244/2021 z 10.05.2021 + załącznik „RAPORT""; okładka OCR)",https://ugpotokgorny.bip.lubelskie.pl/upload/pliki/Raport_o_stanie_Gminy_za_2020r.pdf,"direct_without_tor (BIP ugpotokgorny.bip.lubelskie.pl; raport jako załącznik do zarządzeń Wójta, kategorie tematyczne) + ocr",9094698e43cd03fe9f825e437b372c12ed9110035ea596ae67ca4f84e9cc1d88,200,2026-09-14T18:21:27Z,"Raport o stanie Gminy Potok Górny za 2020 rok. Gmina Potok Górny (TERYT 0602112, gmina wiejska, powiat biłgorajski; organ: Wójt Gminy Potok Górny, Urząd Gminy w Potoku Górnym). BIP: detal kat. 164 nr 1633235. Rocznik z okładki/treści/nazwy potwierdzony.",1.607,true
5692,lubelskie,biłgorajski,Potok Górny,gmina wiejska,0602112,2021,ok_finalnie,pdf,"skan (36 str.; zarządzenie 344/2022 z 18.05.2022 + załącznik „RAPORT""; okładka OCR)",https://ugpotokgorny.bip.lubelskie.pl/upload/pliki/Zarzadzenie_Nr_344_2022.pdf,"direct_without_tor (BIP ugpotokgorny.bip.lubelskie.pl; raport jako załącznik do zarządzeń Wójta, kategorie tematyczne) + ocr",c591eba192d6677e1694c54d1f4d508c8b04bf0b9d8ce01278a1f61793e05af5,200,2026-09-14T18:21:27Z,"Raport o stanie Gminy Potok Górny za 2021 rok. Gmina Potok Górny (TERYT 0602112, gmina wiejska, powiat biłgorajski; organ: Wójt Gminy Potok Górny, Urząd Gminy w Potoku Górnym). BIP: detal kat. 164 nr 1756024. Rocznik z okładki/treści/nazwy potwierdzony.",1.445,true
5693,lubelskie,biłgorajski,Potok Górny,gmina wiejska,0602112,2022,ok_finalnie,pdf,"skan (38 str.; zarządzenie 444/2023 z 08.05.2023 + załącznik „RAPORT""; okładka OCR)",https://ugpotokgorny.bip.lubelskie.pl/upload/pliki/0zarzadzenie-nr-444.pdf,"direct_without_tor (BIP ugpotokgorny.bip.lubelskie.pl; raport jako załącznik do zarządzeń Wójta, kategorie tematyczne) + ocr",9cfdee1104133493735978315772144d7887db89b4b7ce7541480fa29fff7afc,200,2026-09-14T18:21:27Z,"Raport o stanie Gminy Potok Górny za 2022 rok. Gmina Potok Górny (TERYT 0602112, gmina wiejska, powiat biłgorajski; organ: Wójt Gminy Potok Górny, Urząd Gminy w Potoku Górnym). BIP: detal kat. 500 nr 1888040. Rocznik z okładki/treści/nazwy potwierdzony.",1.725,true
5694,lubelskie,biłgorajski,Potok Górny,gmina wiejska,0602112,2023,ok_finalnie,pdf,"skan (72 str.; zarządzenie 533/2024 z 18.04.2024 + załącznik „RAPORT""; okładka OCR)",https://ugpotokgorny.bip.lubelskie.pl/upload/pliki/raport-o-stanie-gminy-potok-gorny-za-2023r.pdf,"direct_without_tor (BIP ugpotokgorny.bip.lubelskie.pl; raport jako załącznik do zarządzeń Wójta, kategorie tematyczne) + ocr",515d82bff874409481c930c972ef95cd9661ff053107f6fb5ee71f6624e78831,200,2026-09-14T18:21:27Z,"Raport o stanie Gminy Potok Górny za 2023 rok. Gmina Potok Górny (TERYT 0602112, gmina wiejska, powiat biłgorajski; organ: Wójt Gminy Potok Górny, Urząd Gminy w Potoku Górnym). BIP: detal kat. 524 nr 2012098. Rocznik z okładki/treści/nazwy potwierdzony.",5.341,true
5695,lubelskie,biłgorajski,Potok Górny,gmina wiejska,0602112,2024,ok_finalnie,pdf,"skan (82 str.; zarządzenie 111/2025 z 14.05.2025 + załącznik „RAPORT""; treść: dane za 2024 r. — okładka OCR + OCR str. 8–9)",https://ugpotokgorny.bip.lubelskie.pl/upload/pliki/raport_o_stanie_gminy_potok_gorny_za_2024r.pdf,"direct_without_tor (BIP ugpotokgorny.bip.lubelskie.pl; raport jako załącznik do zarządzeń Wójta, kategorie tematyczne) + ocr",cabbf89202bbf9d7e95be629fddf3674d717b367f18423ab2b7b54df480bb69d,200,2026-09-14T18:21:27Z,"Raport o stanie Gminy Potok Górny za 2024 rok. Gmina Potok Górny (TERYT 0602112, gmina wiejska, powiat biłgorajski; organ: Wójt Gminy Potok Górny, Urząd Gminy w Potoku Górnym). BIP: detal kat. 561 nr 2167750. Rocznik z okładki/treści/nazwy potwierdzony.",7.398,true
5696,lubelskie,biłgorajski,Potok Górny,gmina wiejska,0602112,2025,ok_finalnie,pdf,"skan (78 str.; zarządzenie 205/2026 z 12.05.2026 + załącznik „RAPORT""; okładka OCR)",https://ugpotokgorny.bip.lubelskie.pl/upload/pliki/raport_o_stanie_gminy_potok_gorny_za_2025r.pdf,"direct_without_tor (BIP ugpotokgorny.bip.lubelskie.pl; raport jako załącznik do zarządzeń Wójta, kategorie tematyczne) + ocr",54775bf5350774d7a7fcdcf0b0d8c76669d7b3c7016044e3337ed13443ff8720,200,2026-09-14T18:21:27Z,"Raport o stanie Gminy Potok Górny za 2025 rok. Gmina Potok Górny (TERYT 0602112, gmina wiejska, powiat biłgorajski; organ: Wójt Gminy Potok Górny, Urząd Gminy w Potoku Górnym). BIP: detal kat. 581 nr 2309424. Rocznik z okładki/treści/nazwy potwierdzony.",4.251,true
5697,lubelskie,biłgorajski,Tarnogród,gmina miejsko-wiejska,0602123,2018,ok_finalnie,pdf,"tekst (16 stron; „RAPORT O STANIE GMINY TARNOGRÓD"", dane na 31.12.2018)",https://umtarnogrod.bip.lubelskie.pl/upload/pliki/0Raport_GMINY-calosc_z_kor.pdf,direct_without_tor (BIP umtarnogrod.bip.lubelskie.pl — uwaga: ugtarnogrod.bip.lubelskie.pl zwraca HTTP 500; kat. id=587),56ecd8e01c4c3d55d41f607bd198c2a2acb5eb3daa9694c96d1cceac6f384fc8,200,2026-09-14T18:23:41Z,"Raport o stanie Gminy Tarnogród za 2018 rok. Miasto i Gmina Tarnogród (TERYT 0662128, gmina miejsko-wiejska, powiat biłgorajski; organ: Burmistrz Tarnogrodu, Urząd Miejski w Tarnogrodzie). BIP: detal nr 1386497. Rocznik z treści/okładki potwierdzony.",0.305,true
5698,lubelskie,biłgorajski,Tarnogród,gmina miejsko-wiejska,0602123,2019,ok_finalnie,pdf,tekst (19 stron; dane na 31.12.2019),https://umtarnogrod.bip.lubelskie.pl/upload/pliki/RAPORT_O_STANIE_GMINY_2019.pdf,direct_without_tor (BIP umtarnogrod.bip.lubelskie.pl — uwaga: ugtarnogrod.bip.lubelskie.pl zwraca HTTP 500; kat. id=587),a89b3a219265e488f56524b9995c9b42998b4c601b95eb95a9697b1a5f2a68b4,200,2026-09-14T18:23:41Z,"Raport o stanie Gminy Tarnogród za 2019 rok. Miasto i Gmina Tarnogród (TERYT 0662128, gmina miejsko-wiejska, powiat biłgorajski; organ: Burmistrz Tarnogrodu, Urząd Miejski w Tarnogrodzie). BIP: detal nr 1511666. Rocznik z treści/okładki potwierdzony.",0.596,true
5699,lubelskie,biłgorajski,Tarnogród,gmina miejsko-wiejska,0602123,2020,ok_finalnie,pdf,tekst (20 stron; dane na 31.12.2020),https://umtarnogrod.bip.lubelskie.pl/upload/pliki/1RAPORT_O_STANIE_GMINY_2020.pdf,direct_without_tor (BIP umtarnogrod.bip.lubelskie.pl — uwaga: ugtarnogrod.bip.lubelskie.pl zwraca HTTP 500; kat. id=587),6d0ef0aa2422abd2e7224302a4dfbd2bbdf37513bd64994bb0fdfe124aadb0ba,200,2026-09-14T18:23:41Z,"Raport o stanie Gminy Tarnogród za 2020 rok. Miasto i Gmina Tarnogród (TERYT 0662128, gmina miejsko-wiejska, powiat biłgorajski; organ: Burmistrz Tarnogrodu, Urząd Miejski w Tarnogrodzie). BIP: detal nr 1635888. Rocznik z treści/okładki potwierdzony.",0.713,true
5700,lubelskie,biłgorajski,Tarnogród,gmina miejsko-wiejska,0602123,2021,ok_finalnie,pdf,tekst (37 stron),https://umtarnogrod.bip.lubelskie.pl/upload/pliki/Raport_o_stanie_Gminy_Tarnogrod_2021.pdf,direct_without_tor (BIP umtarnogrod.bip.lubelskie.pl — uwaga: ugtarnogrod.bip.lubelskie.pl zwraca HTTP 500; kat. id=587),551bdc5135e69437c9d1c5e5581c54fa9b215aabd0d97c05f95b8245587f18ab,200,2026-09-14T18:23:41Z,"Raport o stanie Gminy Tarnogród za 2021 rok. Miasto i Gmina Tarnogród (TERYT 0662128, gmina miejsko-wiejska, powiat biłgorajski; organ: Burmistrz Tarnogrodu, Urząd Miejski w Tarnogrodzie). BIP: detal nr 1756375. Rocznik z treści/okładki potwierdzony.",0.849,true
5701,lubelskie,biłgorajski,Tarnogród,gmina miejsko-wiejska,0602123,2022,ok_finalnie,pdf,tekst (45 stron),https://umtarnogrod.bip.lubelskie.pl/upload/pliki/raport-o-stanie-gminy-tarnogrod-w-roku-2022.pdf,direct_without_tor (BIP umtarnogrod.bip.lubelskie.pl — uwaga: ugtarnogrod.bip.lubelskie.pl zwraca HTTP 500; kat. id=587),f6e2587c7860514d905e382095464ef5a9670e972ad98341978ade2df7c4a5d7,200,2026-09-14T18:23:41Z,"Raport o stanie Gminy Tarnogród za 2022 rok. Miasto i Gmina Tarnogród (TERYT 0662128, gmina miejsko-wiejska, powiat biłgorajski; organ: Burmistrz Tarnogrodu, Urząd Miejski w Tarnogrodzie). BIP: detal nr 1894203. Rocznik z treści/okładki potwierdzony.",1.002,true
5702,lubelskie,biłgorajski,Tarnogród,gmina miejsko-wiejska,0602123,2023,ok_finalnie,pdf,"skan (64 str.; okładka OCR: „RAPORT O STANIE GMINY TARNOGRÓD W ROKU 2023, Tarnogród, maj 2024 r."")",https://umtarnogrod.bip.lubelskie.pl/upload/pliki/raport_o_stanie_gminy_2023.pdf,direct_without_tor (BIP umtarnogrod.bip.lubelskie.pl — uwaga: ugtarnogrod.bip.lubelskie.pl zwraca HTTP 500; kat. id=587),b8881401f4248324a6fa034bbe9dc01d75ca3f6b006ecd3954e879913acf8588,200,2026-09-14T18:23:41Z,"Raport o stanie Gminy Tarnogród za 2023 rok. Miasto i Gmina Tarnogród (TERYT 0662128, gmina miejsko-wiejska, powiat biłgorajski; organ: Burmistrz Tarnogrodu, Urząd Miejski w Tarnogrodzie). BIP: detal nr 2030724. Rocznik z treści/okładki potwierdzony.",5.050,true
5703,lubelskie,biłgorajski,Tarnogród,gmina miejsko-wiejska,0602123,2024,ok_finalnie,pdf,tekst (47 stron),https://umtarnogrod.bip.lubelskie.pl/upload/pliki/raport_o_stanie_gminy_tarnogrod_w_2024_r.pdf,direct_without_tor (BIP umtarnogrod.bip.lubelskie.pl — uwaga: ugtarnogrod.bip.lubelskie.pl zwraca HTTP 500; kat. id=587),f8b5cf6ac1084a955e651a752163f899131975ffd808dea030d6f649f4395cd7,200,2026-09-14T18:23:41Z,"Raport o stanie Gminy Tarnogród za 2024 rok. Miasto i Gmina Tarnogród (TERYT 0662128, gmina miejsko-wiejska, powiat biłgorajski; organ: Burmistrz Tarnogrodu, Urząd Miejski w Tarnogrodzie). BIP: detal nr 2171918. Rocznik z treści/okładki potwierdzony.",2.134,true
5704,lubelskie,biłgorajski,Tarnogród,gmina miejsko-wiejska,0602123,2025,ok_finalnie,pdf,"skan (58 str.; okładka OCR: „RAPORT O STANIE GMINY TARNOGRÓD W ROKU 2025, Tarnogród, maj 2026 r."")",https://umtarnogrod.bip.lubelskie.pl/upload/pliki/raport_2025.pdf,direct_without_tor (BIP umtarnogrod.bip.lubelskie.pl — uwaga: ugtarnogrod.bip.lubelskie.pl zwraca HTTP 500; kat. id=587),073b5870af805e7bf3ef938cf09e7fe09c343a573bcb735c5fc59a2c6c940a77,200,2026-09-14T18:23:41Z,"Raport o stanie Gminy Tarnogród za 2025 rok. Miasto i Gmina Tarnogród (TERYT 0662128, gmina miejsko-wiejska, powiat biłgorajski; organ: Burmistrz Tarnogrodu, Urząd Miejski w Tarnogrodzie). BIP: detal nr 2314563. Rocznik z treści/okładki potwierdzony.",3.018,true
5705,lubelskie,biłgorajski,Tereszpol,gmina wiejska,0602132,2018,ok_finalnie,pdf,"skan (64 str.; okładka OCR: „RAPORT O STANIE GMINY ZA ROK 2018"")",https://ugtereszpol.bip.lubelskie.pl/upload/pliki/Katalog-raport-Gmina_10.pdf,direct_without_tor (BIP ugtereszpol.bip.lubelskie.pl; raporty w kat. id=453) + ocr,af028656ed0cac8fbfb5040f3e08649bcc4479593f8fca57a90865007d76654e,200,2026-09-14T18:28:17Z,"Raport o stanie Gminy Tereszpol za 2018 rok. Gmina Tereszpol (TERYT 0602131, gmina wiejska, powiat biłgorajski; organ: Wójt Gminy Tereszpol, Urząd Gminy w Tereszpolu). BIP: detal nr 1393673. Rocznik z okładki/treści/nazwy potwierdzony.",10.354,true
5706,lubelskie,biłgorajski,Tereszpol,gmina wiejska,0602132,2019,ok_finalnie,pdf,tekst (44 strony),https://ugtereszpol.bip.lubelskie.pl/upload/pliki/Raport-Gmina-2020.pdf,direct_without_tor (BIP ugtereszpol.bip.lubelskie.pl; raporty w kat. id=453) + ocr,23f43b81534d24c39d1a4390b5acce0b7885908275a2b0c604a1d987882c4e96,200,2026-09-14T18:28:17Z,"Raport o stanie Gminy Tereszpol za 2019 rok. Gmina Tereszpol (TERYT 0602131, gmina wiejska, powiat biłgorajski; organ: Wójt Gminy Tereszpol, Urząd Gminy w Tereszpolu). BIP: detal nr 1589920. Rocznik z okładki/treści/nazwy potwierdzony.",18.907,true
5707,lubelskie,biłgorajski,Tereszpol,gmina wiejska,0602132,2020,ok_finalnie,pdf,"skan (92 str.; okładka OCR: „RAPORT O STANIE GMINY""; str. 4: „ZA ROK 2020"")",https://ugtereszpol.bip.lubelskie.pl/upload/pliki/2021-05-31_Raport_o_stanie_gminy_za_rok_2020_.pdf,direct_without_tor (BIP ugtereszpol.bip.lubelskie.pl; raporty w kat. id=453) + ocr,9fe072f436e2c6c875c30288610ec0c0816e2b545d8a45d6b7e4a54437646dfc,200,2026-09-14T18:28:17Z,"Raport o stanie Gminy Tereszpol za 2020 rok. Gmina Tereszpol (TERYT 0602131, gmina wiejska, powiat biłgorajski; organ: Wójt Gminy Tereszpol, Urząd Gminy w Tereszpolu). BIP: detal nr 1656651. Rocznik z okładki/treści/nazwy potwierdzony.",10.491,true
5708,lubelskie,biłgorajski,Tereszpol,gmina wiejska,0602132,2021,ok_finalnie,pdf,"skan (84 str.; okładka OCR: „RAPORT O STANIE GMINY ZA ROK 2021"")",https://ugtereszpol.bip.lubelskie.pl/upload/pliki/2022-raport-o-stanie-gminy-na-maila.pdf,direct_without_tor (BIP ugtereszpol.bip.lubelskie.pl; raporty w kat. id=453) + ocr,8150b2fc190dcda5c0717dfb7c7338c15373667444922855960adb2c8da43dd9,200,2026-09-14T18:28:17Z,"Raport o stanie Gminy Tereszpol za 2021 rok. Gmina Tereszpol (TERYT 0602131, gmina wiejska, powiat biłgorajski; organ: Wójt Gminy Tereszpol, Urząd Gminy w Tereszpolu). BIP: detal nr 1776626. Rocznik z okładki/treści/nazwy potwierdzony.",5.450,true
5709,lubelskie,biłgorajski,Tereszpol,gmina wiejska,0602132,2022,ok_finalnie,pdf,"skan (87 stron; okładka OCR: „ZA ROK 2022"")",https://ugtereszpol.bip.lubelskie.pl/upload/pliki/raport_gmina_tereszpol_za_2022_optymalizacja.pdf,direct_without_tor (BIP ugtereszpol.bip.lubelskie.pl; raporty w kat. id=453) + ocr,5bf851f24a27f0c4920a1fadfde0b05cc0e19ceab732419bdd8c010767be9e68,200,2026-09-14T18:28:17Z,"Raport o stanie Gminy Tereszpol za 2022 rok. Gmina Tereszpol (TERYT 0602131, gmina wiejska, powiat biłgorajski; organ: Wójt Gminy Tereszpol, Urząd Gminy w Tereszpolu). BIP: detal nr 2039742; wersja alternatywna 37,6 MB (2023_zal_raport_za_2022.pdf, detal 2039758) pominięta. Rocznik z okładki/treści/nazwy potwierdzony.",2.982,true
5710,lubelskie,biłgorajski,Tereszpol,gmina wiejska,0602132,2023,ok_finalnie,pdf,tekst (108 stron),https://ugtereszpol.bip.lubelskie.pl/upload/pliki/raport_2024-drukarka.pdf,direct_without_tor (BIP ugtereszpol.bip.lubelskie.pl; raporty w kat. id=453) + ocr,8fe483fa3c3d3eb27d688db13c5f0c1bc5e702baf4f452f79e03959d6688be0c,200,2026-09-14T18:28:17Z,"Raport o stanie Gminy Tereszpol za 2023 rok. Gmina Tereszpol (TERYT 0602131, gmina wiejska, powiat biłgorajski; organ: Wójt Gminy Tereszpol, Urząd Gminy w Tereszpolu). BIP: detal nr 2041756 ≡ 2039746 (ten sam plik raportu w 2 detalach — księgowany raz; obok zarządzenie 43/23, detal 1977521). Rocznik z okładki/treści/nazwy potwierdzony.",80.359,true
5711,lubelskie,biłgorajski,Tereszpol,gmina wiejska,0602132,2024,ok_finalnie,pdf,tekst (108 stron),https://ugtereszpol.bip.lubelskie.pl/upload/pliki/raport_2024_gmina_tereszpol_pojedyncze_strony.pdf,direct_without_tor (BIP ugtereszpol.bip.lubelskie.pl; raporty w kat. id=453) + ocr,3dbb76d5dfed2a1d33733148e6ce0d41f1334f2ec02da4e7470c34ac7f3c25ef,200,2026-09-14T18:28:17Z,"Raport o stanie Gminy Tereszpol za 2024 rok. Gmina Tereszpol (TERYT 0602131, gmina wiejska, powiat biłgorajski; organ: Wójt Gminy Tereszpol, Urząd Gminy w Tereszpolu). BIP: detal nr 2181322 ≡ 2181325; obok zarządzenie 37A/25 (detal 2279790). Rocznik z okładki/treści/nazwy potwierdzony.",6.269,true
5712,lubelskie,biłgorajski,Tereszpol,gmina wiejska,0602132,2025,ok_finalnie,pdf,tekst (180 stron; okładka z rocznikiem 2025),https://ugtereszpol.bip.lubelskie.pl/upload/pliki/raport_2025-versja_4.pdf,direct_without_tor (BIP ugtereszpol.bip.lubelskie.pl; raporty w kat. id=453) + ocr,3febdf617e6706d949be01acedbe079cdcdc91567b3afad4966f0ecc6d3d322a,200,2026-09-14T18:28:17Z,"Raport o stanie Gminy Tereszpol za 2025 rok. Gmina Tereszpol (TERYT 0602131, gmina wiejska, powiat biłgorajski; organ: Wójt Gminy Tereszpol, Urząd Gminy w Tereszpolu). BIP: detal nr 2324442 ≡ 2322404; obok zarządzenie 29/26. Rocznik z okładki/treści/nazwy potwierdzony.",18.890,true
5713,lubelskie,biłgorajski,Turobin,gmina wiejska,0602142,2018,ok_finalnie,pdf,"skan (22 strony; okładka OCR: „RAPORT O STANIE GMINY TUROBIN ZA ROK 2018""; pierwszy raport tej gminy)",https://ugturobin.bip.lubelskie.pl/upload/pliki/Raport_o_stanie_Gminy_Turobin_za_rok_2018.pdf,"direct_without_tor (BIP ugturobin.bip.lubelskie.pl; kat. „Aktualności"" id=239) + ocr",0e05eacc143f65881798b63de0af555d30ba404fb2a4e70541bd9a7697229c5d,200,2026-09-14T18:32:40Z,"Raport o stanie Gminy Turobin za 2018 rok. Gmina Turobin — roczniki 2018–2023 wykazane jako gmina wiejska (TERYT 0602142, organ: Wójt Gminy Turobin). BIP: detal nr 1397577; publikacja 12.06.2019, debata na sesji — zaproszenie detal 1397575. Rocznik z treści/okładki potwierdzony.",7.289,true
5714,lubelskie,biłgorajski,Turobin,gmina wiejska,0602142,2019,brak_finalnie,,,,,,,2026-09-14T18:32:40Z,"[TURA II — ROZPOZNANIE] Raport o stanie Gminy Turobin za 2019 rok nieodnaleziony w BIP (kat. „Aktualności"" id=239 zawiera raporty tylko za 2018, 2021 i 2025; wyszukiwarka BIP pattern=raport/stanie/debacie/wotum — brak plików dla rocznika 2019). DOWÓD POWSTANIA: uchwała Nr XXIII/145/2020 Rady Gminy Turobin z 26.06.2020 „w sprawie wotum zaufania dla Wójta Gminy Turobin za rok 2019"" (BIP kat. 589, detal 1550705; UWAGA: plik źródłowy detalu błędnie wskazuje uchwałę XXIII/146/2020 o absolutorium — kopia: work/pliki/turobin_uchwala_XXIII146_2020_absolutorium_za2019__wotum_145_w_detalu_1550705.pdf; uchwała wotum — instytucja z art. 28aa ust. 9 u.s.g. — wymaga uprzedniego rozpatrzenia raportu). Uznano za brak z dowodem istnienia.",,false
5715,lubelskie,biłgorajski,Turobin,gmina wiejska,0602142,2020,brak_finalnie,,,,,,,2026-09-14T18:32:40Z,"[TURA II — ROZPOZNANIE] Raport o stanie Gminy Turobin za 2020 rok nieodnaleziony w BIP (kat. „Aktualności"" id=239 zawiera raporty tylko za 2018, 2021 i 2025; wyszukiwarka BIP pattern=raport/stanie/debacie/wotum — brak plików dla rocznika 2020). DOWÓD POWSTANIA: uchwała Nr XXXV/218/2021 Rady Gminy Turobin z 24.06.2021 (BIP kat. 589, detal 1662496; docx — kopia: work/pliki/turobin_uchwala_XXXV218_2021_wotum_za2020_raport_rozpatrzony.docx): „Rada Gminy Turobin po rozpatrzeniu Raportu o Stanie Gminy Turobin, uchwala…"" (art. 28aa ust. 9). Uznano za brak z dowodem istnienia.",,false
5716,lubelskie,biłgorajski,Turobin,gmina wiejska,0602142,2021,ok_finalnie,docx,"tekst (docx; 75 311 znaków; „RAPORT O STANIE GMINY TUROBIN ZA ROK 2021"")",https://ugturobin.bip.lubelskie.pl/upload/pliki/Raport_o_stanie_gminy_za_2021_(1)_(1).docx,"direct_without_tor (BIP ugturobin.bip.lubelskie.pl; kat. „Aktualności"" id=239) + ocr",294e4a763507e554e4123555c05debff381d6809f7311e680d4874a391116d0a,200,2026-09-14T18:32:40Z,"Raport o stanie Gminy Turobin za 2021 rok. Gmina Turobin — roczniki 2018–2023 wykazane jako gmina wiejska (TERYT 0602142, organ: Wójt Gminy Turobin). BIP: detal nr 1766043; publikacja 31.05.2022. Rocznik z treści/okładki potwierdzony.",1.742,true
5717,lubelskie,biłgorajski,Turobin,gmina wiejska,0602142,2022,brak_finalnie,,,,,,,2026-09-14T18:32:40Z,"[TURA II — ROZPOZNANIE] Raport o stanie Gminy Turobin za 2022 rok nieodnaleziony w BIP (kat. „Aktualności"" id=239 zawiera raporty tylko za 2018, 2021 i 2025; wyszukiwarka BIP pattern=raport/stanie/debacie/wotum — brak plików dla rocznika 2022). DOWÓD POWSTANIA: uchwała Nr LXV/380/2023 Rady Gminy Turobin (BIP kat. 589, detal 1916784; docx — kopia: work/pliki/turobin_uchwala_LXV380_2023_wotum_za2022_raport_rozpatrzony.docx): „Rada Gminy Turobin po rozpatrzeniu Raportu o Stanie Gminy Turobin, uchwala…"" (art. 28aa ust. 9). Uznano za brak z dowodem istnienia.",,false
5718,lubelskie,biłgorajski,Turobin,gmina wiejska,0602142,2023,brak_finalnie,,,,,,,2026-09-14T18:32:40Z,"[TURA II — ROZPOZNANIE] Raport o stanie Gminy Turobin za 2023 rok nieodnaleziony w BIP (kat. „Aktualności"" id=239 zawiera raporty tylko za 2018, 2021 i 2025; wyszukiwarka BIP pattern=raport/stanie/debacie/wotum — brak plików dla rocznika 2023). DOWÓD POWSTANIA: uchwała Nr IV/20/2024 Rady Miejskiej w Turobinie z 28.06.2024 (BIP kat. 800, detal 2049093; docx — kopia: work/pliki/turobin_uchwala_IV20_2024_wotum_za2023_raport_rozpatrzony.docx): „Rada Miejska w Turobinie po rozpatrzeniu Raportu o Stanie Gminy Turobin, uchwala…"" (art. 28aa ust. 9). Uznano za brak z dowodem istnienia.",,false
5719,lubelskie,biłgorajski,Turobin,gmina miejsko-wiejska,0602143,2024,brak_finalnie,,,,,,,2026-09-14T18:32:40Z,"[TURA II — ROZPOZNANIE] Raport o stanie Gminy Turobin za 2024 rok nieodnaleziony w BIP (kat. „Aktualności"" id=239 zawiera raporty tylko za 2018, 2021 i 2025; wyszukiwarka BIP pattern=raport/stanie/debacie/wotum — brak plików dla rocznika 2024). DOWÓD POWSTANIA: uchwała Nr XVI/77/2025 Rady Miejskiej w Turobinie z 26.06.2025 (BIP kat. 800, detal 2212902; plik — kopia: work/pliki/turobin_uchwala_XVI77_2025_wotum_za2024_raport_rozpatrzony.pdf; OCR: „Rada Miejska w Turobinie po rozpatrzeniu Raportu o Stanie Gminy Turobin, uchwala…"" — art. 28aa ust. 9). Uznano za brak z dowodem istnienia.",,false
5720,lubelskie,biłgorajski,Turobin,gmina miejsko-wiejska,0602143,2025,ok_finalnie,docx,"tekst (docx; 63 622 znaki; rocznik 2025 — „stan na 31.12.2025"", budżet na rok 2025)",https://ugturobin.bip.lubelskie.pl/upload/pliki/raport_o_stanie_gminy_za_2025.docx,"direct_without_tor (BIP ugturobin.bip.lubelskie.pl; kat. „Aktualności"" id=239) + ocr",4c83d5d7d257f1db07293bae84419e2c03f7ac1a2284ee25b5d193085eef8fd6,200,2026-09-14T18:32:40Z,"Raport o stanie Gminy Turobin za 2025 rok. Gmina Turobin — od rocznika 2024 jako gmina miejsko-wiejska (TERYT 0602143, organ: Burmistrz Turobina, Urząd Miejski w Turobinie; Turobin odzyskał status miasta 01.01.2024). BIP: detal nr 2315224; publikacja 29.05.2026. Rocznik z treści/okładki potwierdzony.",1.742,true
5721,lubelskie,chełmski,-,-,0603,2018,ok_finalnie,pdf,tekst (91 stron),https://spchelm.bip.lubelskie.pl/upload/pliki/0RAPORT_O_STANIE_POWIATU_CHELMSKIEGO.pdf,direct_without_tor (BIP spchelm.bip.lubelskie.pl; kat. id=328 — raporty o stanie powiatu + uchwały Zarządu o przyjęciu + zgłoszenia do debaty; równolegle portal powiatchelmski.pl),ab0be53ec0730d686d01aa18eca4b66c52c521d89bebbf93182b67ae1fa3aec2,200,2026-09-14T21:08:03Z,"Raport o stanie Powiatu Chełmskiego za 2018 rok. Powiat chełmski (TERYT 0603, organ wykonawczy: Zarząd Powiatu w Chełmie — Starosta Chełmski, Starostwo Powiatowe w Chełmie; obowiązek z art. 34a u.s.p.). BIP: detal nr 1388788; przyjęty uchwałą Nr 78/2019 Zarządu Powiatu. Rocznik z treści/tytułu potwierdzony.",2.383,true
5722,lubelskie,chełmski,-,-,0603,2019,ok_finalnie,pdf,"tekst (116 stron; wstęp: „przedstawiam Raport o stanie Powiatu Chełmskiego w 2019 roku"")",https://spchelm.bip.lubelskie.pl/upload/pliki/RAPORT_O_STANIE_POWIATU_CHELMSKIEGO_ZA_2019.pdf,direct_without_tor (BIP spchelm.bip.lubelskie.pl; kat. id=328 — raporty o stanie powiatu + uchwały Zarządu o przyjęciu + zgłoszenia do debaty; równolegle portal powiatchelmski.pl),77cf2516abfb2e6cdeb467e6c110b79da29aa046d6a18a05c785ce7479ba78aa,200,2026-09-14T21:08:03Z,"Raport o stanie Powiatu Chełmskiego za 2019 rok. Powiat chełmski (TERYT 0603, organ wykonawczy: Zarząd Powiatu w Chełmie — Starosta Chełmski, Starostwo Powiatowe w Chełmie; obowiązek z art. 34a u.s.p.). BIP: detal nr 1515896; przyjęty uchwałą Nr 255/2020 z 21.05.2020. Rocznik z treści/tytułu potwierdzony.",2.405,true
5723,lubelskie,chełmski,-,-,0603,2020,ok_finalnie,pdf,tekst (104 strony),https://spchelm.bip.lubelskie.pl/upload/pliki/0RAPORT_O_STANIE_POWIATU_CHELMSKIEGO_ZA_2020.pdf,direct_without_tor (BIP spchelm.bip.lubelskie.pl; kat. id=328 — raporty o stanie powiatu + uchwały Zarządu o przyjęciu + zgłoszenia do debaty; równolegle portal powiatchelmski.pl),11d3ba4c05dcd269f66e6d8ec121093d032b885ea4db3de99a345639d1e12b2a,200,2026-09-14T21:08:03Z,"Raport o stanie Powiatu Chełmskiego za 2020 rok. Powiat chełmski (TERYT 0603, organ wykonawczy: Zarząd Powiatu w Chełmie — Starosta Chełmski, Starostwo Powiatowe w Chełmie; obowiązek z art. 34a u.s.p.). BIP: detal nr 1639922 ≡ 1639934; przyjęty uchwałą Nr 488/2021 z 17.05.2021. Rocznik z treści/tytułu potwierdzony.",1.401,true
5724,lubelskie,chełmski,-,-,0603,2021,ok_finalnie,pdf,tekst (113 stron),"https://spchelm.bip.lubelskie.pl/upload/pliki/Raport_o_stanie_powiatu_chelmskiego_za_2021_rok_(PDF,_1,55_MB).pdf",direct_without_tor (BIP spchelm.bip.lubelskie.pl; kat. id=328 — raporty o stanie powiatu + uchwały Zarządu o przyjęciu + zgłoszenia do debaty; równolegle portal powiatchelmski.pl),0faea8bf5ef94adbe5ca747fb39710f5f8714d5d4a78ce8293d289cc79e5f11f,200,2026-09-14T21:08:03Z,"Raport o stanie Powiatu Chełmskiego za 2021 rok. Powiat chełmski (TERYT 0603, organ wykonawczy: Zarząd Powiatu w Chełmie — Starosta Chełmski, Starostwo Powiatowe w Chełmie; obowiązek z art. 34a u.s.p.). BIP: detal nr 1759105 ≡ 1763342; przyjęty uchwałą Nr 805/2022 z 19.05.2022. Rocznik z treści/tytułu potwierdzony.",1.555,true
5725,lubelskie,chełmski,-,-,0603,2022,ok_finalnie,pdf,tekst (111 stron),https://spchelm.bip.lubelskie.pl/upload/pliki/raport-o-stanie-powiatu-chelmskiego-za-2022-rok.pdf,direct_without_tor (BIP spchelm.bip.lubelskie.pl; kat. id=328 — raporty o stanie powiatu + uchwały Zarządu o przyjęciu + zgłoszenia do debaty; równolegle portal powiatchelmski.pl),26099d7bf476342c1cfcbf9558f2777cac5ffb8ec4c23032363f94f15e05bbd2,200,2026-09-14T21:08:03Z,"Raport o stanie Powiatu Chełmskiego za 2022 rok. Powiat chełmski (TERYT 0603, organ wykonawczy: Zarząd Powiatu w Chełmie — Starosta Chełmski, Starostwo Powiatowe w Chełmie; obowiązek z art. 34a u.s.p.). BIP: detal nr 1891990 ≡ 1891993; przyjęty uchwałą Nr 1161/2023. Rocznik z treści/tytułu potwierdzony.",2.126,true
5726,lubelskie,chełmski,-,-,0603,2023,ok_finalnie,pdf,tekst (99 stron),https://spchelm.bip.lubelskie.pl/upload/pliki/raport_o_stanie_powiatu_chelmskiego_za_2023_rok.pdf,direct_without_tor (BIP spchelm.bip.lubelskie.pl; kat. id=328 — raporty o stanie powiatu + uchwały Zarządu o przyjęciu + zgłoszenia do debaty; równolegle portal powiatchelmski.pl),d023aa21265cde4d7c626df48e295eb67f0b874dc9bdf125d411959d445e75b7,200,2026-09-14T21:08:03Z,"Raport o stanie Powiatu Chełmskiego za 2023 rok. Powiat chełmski (TERYT 0603, organ wykonawczy: Zarząd Powiatu w Chełmie — Starosta Chełmski, Starostwo Powiatowe w Chełmie; obowiązek z art. 34a u.s.p.). BIP: detal nr 2041577 ≡ 2041595; przyjęty uchwałą Nr 11/2024 z 29.05.2024. Rocznik z treści/tytułu potwierdzony.",1.293,true
5727,lubelskie,chełmski,-,-,0603,2024,ok_finalnie,pdf,tekst (114 stron),https://spchelm.bip.lubelskie.pl/upload/pliki/raport_o_stanie_powiatu_chelmskiego_za_rok_2024.pdf,direct_without_tor (BIP spchelm.bip.lubelskie.pl; kat. id=328 — raporty o stanie powiatu + uchwały Zarządu o przyjęciu + zgłoszenia do debaty; równolegle portal powiatchelmski.pl),57f4011814187cc05c8f47741e98bff248c8829317f76926a435407e5531244a,200,2026-09-14T21:08:03Z,"Raport o stanie Powiatu Chełmskiego za 2024 rok. Powiat chełmski (TERYT 0603, organ wykonawczy: Zarząd Powiatu w Chełmie — Starosta Chełmski, Starostwo Powiatowe w Chełmie; obowiązek z art. 34a u.s.p.). BIP: detal nr 2171753 ≡ 2171764; przyjęty uchwałą Nr 291/2025 z 26.05.2025. Rocznik z treści/tytułu potwierdzony.",2.060,true
5728,lubelskie,chełmski,-,-,0603,2025,ok_finalnie,pdf,tekst (109 stron),https://spchelm.bip.lubelskie.pl/upload/pliki/raport_o_stanie_powiatu_chelmskiego_za_2025_rok.pdf,direct_without_tor (BIP spchelm.bip.lubelskie.pl; kat. id=328 — raporty o stanie powiatu + uchwały Zarządu o przyjęciu + zgłoszenia do debaty; równolegle portal powiatchelmski.pl),5ce31f191b40f37ebdbf72f1f4f64bb22ec032654c5ec42e834d0af08b51136a,200,2026-09-14T21:08:03Z,"Raport o stanie Powiatu Chełmskiego za 2025 rok. Powiat chełmski (TERYT 0603, organ wykonawczy: Zarząd Powiatu w Chełmie — Starosta Chełmski, Starostwo Powiatowe w Chełmie; obowiązek z art. 34a u.s.p.). BIP: detal nr 2314446; załącznik do uchwały Nr 598/2026 z 28.05.2026 (kat. 388, detal 2314762). Rocznik z treści/tytułu potwierdzony.",2.339,true
5729,lubelskie,chełmski,Rejowiec Fabryczny,gmina miejska,0603011,2018,ok_finalnie,pdf,"tekst (48 stron; „Raport o stanie miasta Rejowiec Fabryczny za 2018 rok"", maj 2019)",https://umrejowiecfabryczny.bip.lubelskie.pl/upload/pliki/Raport_o_stanie_miasta3.pdf,"direct_without_tor (BIP umrejowiecfabryczny.bip.lubelskie.pl; roczne kategorie z raportem — każdy raport osobny detal „Plik źródłowy"") + ocr",1d81e474301b333a34691813918808e869054d1afc6bd4e0646871b6afa85b54,200,2026-09-14T21:14:28Z,"Raport o stanie miasta Rejowiec Fabryczny za 2018 rok. Miasto Rejowiec Fabryczny (TERYT 0603011, gmina miejska, powiat chełmski; organ: Burmistrz Rejowca Fabrycznego, Urząd Miasta Rejowiec Fabryczny; jednostka odrębna od gminy Rejowiec Fabryczny 0603082 i gminy Rejowiec 0603153). BIP: detal kat. 204 nr 1396969; ten sam plik w archiwum.rejowiec.pl/userfiles/files/strategiczne/. Rocznik z treści/okładki potwierdzony.",2.045,true
5730,lubelskie,chełmski,Rejowiec Fabryczny,gmina miejska,0603011,2019,ok_finalnie,pdf,"tekst (64 strony; „Raport o stanie miasta Rejowiec Fabryczny za 2019 rok"")",https://umrejowiecfabryczny.bip.lubelskie.pl/upload/pliki/Raport_o_stanie_miasta_2019_wer_6.pdf,"direct_without_tor (BIP umrejowiecfabryczny.bip.lubelskie.pl; roczne kategorie z raportem — każdy raport osobny detal „Plik źródłowy"") + ocr",4557f07ac0fd33fac4045f9805e255acebf315f2d69bb96ed43b6ad35ed35d07,200,2026-09-14T21:14:28Z,"Raport o stanie miasta Rejowiec Fabryczny za 2019 rok. Miasto Rejowiec Fabryczny (TERYT 0603011, gmina miejska, powiat chełmski; organ: Burmistrz Rejowca Fabrycznego, Urząd Miasta Rejowiec Fabryczny; jednostka odrębna od gminy Rejowiec Fabryczny 0603082 i gminy Rejowiec 0603153). BIP: detal kat. 225 nr 1541654. Rocznik z treści/okładki potwierdzony.",2.427,true
5731,lubelskie,chełmski,Rejowiec Fabryczny,gmina miejska,0603011,2020,ok_finalnie,pdf,"tekst (67 stron; okładka „RAPORT O STANIE MIASTA REJOWIEC FABRYCZNY ZA 2020 ROK""; wstęp art. 28aa)",https://umrejowiecfabryczny.bip.lubelskie.pl/upload/pliki/Raport_o_stanie_miasta_za_2020.pdf,"direct_without_tor (BIP umrejowiecfabryczny.bip.lubelskie.pl; roczne kategorie z raportem — każdy raport osobny detal „Plik źródłowy"") + ocr",41974dbe770659e279d4278b771b8bb159e56d1ae1825723619d06e34476c96c,200,2026-09-14T21:14:28Z,"Raport o stanie miasta Rejowiec Fabryczny za 2020 rok. Miasto Rejowiec Fabryczny (TERYT 0603011, gmina miejska, powiat chełmski; organ: Burmistrz Rejowca Fabrycznego, Urząd Miasta Rejowiec Fabryczny; jednostka odrębna od gminy Rejowiec Fabryczny 0603082 i gminy Rejowiec 0603153). BIP: detal kat. 245 nr 1643097. Rocznik z treści/okładki potwierdzony.",3.835,true
5732,lubelskie,chełmski,Rejowiec Fabryczny,gmina miejska,0603011,2021,ok_finalnie,zip,"tekst (archiwum ZIP 14,7 MB zawierające „Raport_za_ 2021_.docx"", 15,4 MB)",https://umrejowiecfabryczny.bip.lubelskie.pl/upload/pliki/raport-za-2021.zip,"direct_without_tor (BIP umrejowiecfabryczny.bip.lubelskie.pl; roczne kategorie z raportem — każdy raport osobny detal „Plik źródłowy"") + ocr",b0b614416fcedeb8a5538bc5a8823c274df5ea7634e7c3de4e52c790c12a71f5,200,2026-09-14T21:14:28Z,"Raport o stanie miasta Rejowiec Fabryczny za 2021 rok. Miasto Rejowiec Fabryczny (TERYT 0603011, gmina miejska, powiat chełmski; organ: Burmistrz Rejowca Fabrycznego, Urząd Miasta Rejowiec Fabryczny; jednostka odrębna od gminy Rejowiec Fabryczny 0603082 i gminy Rejowiec 0603153). BIP: detal kat. 262 nr 1771021; wypakowany DOCX hash 23977b9993ee. Rocznik z treści/okładki potwierdzony.",14.038,true
5733,lubelskie,chełmski,Rejowiec Fabryczny,gmina miejska,0603011,2022,ok_finalnie,pdf,"tekst (88 stron; „RAPORT O STANIE MIASTA REJOWIEC FABRYCZNY ZA 2022 ROK"")",https://umrejowiecfabryczny.bip.lubelskie.pl/upload/pliki/raport-za-2022.pdf,"direct_without_tor (BIP umrejowiecfabryczny.bip.lubelskie.pl; roczne kategorie z raportem — każdy raport osobny detal „Plik źródłowy"") + ocr",2d75534f569f8ec3ef4294e49dffa25ce72a0eb56c7c707e182c70424182931a,200,2026-09-14T21:14:28Z,"Raport o stanie miasta Rejowiec Fabryczny za 2022 rok. Miasto Rejowiec Fabryczny (TERYT 0603011, gmina miejska, powiat chełmski; organ: Burmistrz Rejowca Fabrycznego, Urząd Miasta Rejowiec Fabryczny; jednostka odrębna od gminy Rejowiec Fabryczny 0603082 i gminy Rejowiec 0603153). BIP: detal kat. 269 nr 1900458. Rocznik z treści/okładki potwierdzony.",5.288,true
5734,lubelskie,chełmski,Rejowiec Fabryczny,gmina miejska,0603011,2023,ok_finalnie,pdf,"skan (91 stron; okładka OCR: „RAPORT O STANIE MIASTA REJOWIEC FABRYCZNY ZA 2023 ROK"")",https://umrejowiecfabryczny.bip.lubelskie.pl/upload/pliki/raport_o_stanie_miasta_-_2023.pdf,"direct_without_tor (BIP umrejowiecfabryczny.bip.lubelskie.pl; roczne kategorie z raportem — każdy raport osobny detal „Plik źródłowy"") + ocr",5e334caea4d3539b77822d11fdf420e3f92d5f0c7b7282bf3c5b682c8e4c2eb2,200,2026-09-14T21:14:28Z,"Raport o stanie miasta Rejowiec Fabryczny za 2023 rok. Miasto Rejowiec Fabryczny (TERYT 0603011, gmina miejska, powiat chełmski; organ: Burmistrz Rejowca Fabrycznego, Urząd Miasta Rejowiec Fabryczny; jednostka odrębna od gminy Rejowiec Fabryczny 0603082 i gminy Rejowiec 0603153). BIP: detal kat. 298 nr 2039920. Rocznik z treści/okładki potwierdzony.",76.825,true
5735,lubelskie,chełmski,Rejowiec Fabryczny,gmina miejska,0603011,2024,ok_finalnie,pdf,tekst (73 strony),https://umrejowiecfabryczny.bip.lubelskie.pl/upload/pliki/raport_za_2024.pdf,"direct_without_tor (BIP umrejowiecfabryczny.bip.lubelskie.pl; roczne kategorie z raportem — każdy raport osobny detal „Plik źródłowy"") + ocr",0f8767da4a65643516f0460d61d05d673be4ccd450f3d47fd18bfe43cd62398b,200,2026-09-14T21:14:28Z,"Raport o stanie miasta Rejowiec Fabryczny za 2024 rok. Miasto Rejowiec Fabryczny (TERYT 0603011, gmina miejska, powiat chełmski; organ: Burmistrz Rejowca Fabrycznego, Urząd Miasta Rejowiec Fabryczny; jednostka odrębna od gminy Rejowiec Fabryczny 0603082 i gminy Rejowiec 0603153). BIP: detal kat. 316 nr 2173698. Rocznik z treści/okładki potwierdzony.",100.021,true
5736,lubelskie,chełmski,Rejowiec Fabryczny,gmina miejska,0603011,2025,ok_finalnie,pdf,skan (89 stron; treść: dane 2025 — OCR),https://umrejowiecfabryczny.bip.lubelskie.pl/upload/pliki/raport_o_stanie_miasta_za_2025.pdf,"direct_without_tor (BIP umrejowiecfabryczny.bip.lubelskie.pl; roczne kategorie z raportem — każdy raport osobny detal „Plik źródłowy"") + ocr",68badb2ae59b873b13ec78b1228ab4c88413c509b2f873be6d2617f85e7ff559,200,2026-09-14T21:14:28Z,"Raport o stanie miasta Rejowiec Fabryczny za 2025 rok. Miasto Rejowiec Fabryczny (TERYT 0603011, gmina miejska, powiat chełmski; organ: Burmistrz Rejowca Fabrycznego, Urząd Miasta Rejowiec Fabryczny; jednostka odrębna od gminy Rejowiec Fabryczny 0603082 i gminy Rejowiec 0603153). BIP: detal kat. 317 nr 2314661 ≡ kat. 328 nr 2316679. Rocznik z treści/okładki potwierdzony.",117.603,true
5737,lubelskie,chełmski,Białopole,gmina wiejska,0603022,2018,ok_finalnie,pdf,"tekst (24 strony; „RAPORT O STANIE GMINY BIAŁOPOLE W ROKU 2018"")",https://ugbialopole.bip.lubelskie.pl/upload/pliki/raport.pdf,direct_without_tor (BIP ugbialopole.bip.lubelskie.pl; roczne kategorie id=252–258/273 — raport Wójta osobnym detalem),88c4dba63c68c94724a8f3b2417414e26b7d1f275f72b3141564abfa96f36786,200,2026-09-14T21:15:56Z,"Raport o stanie Gminy Białopole za 2018 rok. Gmina Białopole (TERYT 0603022, gmina wiejska, powiat chełmski; organ: Wójt Gminy Białopole, Urząd Gminy w Białopolu). BIP: detal kat. 252 nr 1388996. Rocznik z treści/okładki potwierdzony.",1.612,true
5738,lubelskie,chełmski,Białopole,gmina wiejska,0603022,2019,ok_finalnie,pdf,"tekst (25 stron; „RAPORT O STANIE GMINY BIAŁOPOLE ZA 2019 ROK"")",https://ugbialopole.bip.lubelskie.pl/upload/pliki/0raport_o_stanie_gminy_za_2019_r.pdf,direct_without_tor (BIP ugbialopole.bip.lubelskie.pl; roczne kategorie id=252–258/273 — raport Wójta osobnym detalem),c45e78012379ed5229a98f45a7ba7eacb5eb70640d9fca744914baf9f419654a,200,2026-09-14T21:15:56Z,"Raport o stanie Gminy Białopole za 2019 rok. Gmina Białopole (TERYT 0603022, gmina wiejska, powiat chełmski; organ: Wójt Gminy Białopole, Urząd Gminy w Białopolu). BIP: detal kat. 253 nr 2197820. Rocznik z treści/okładki potwierdzony.",1.257,true
5739,lubelskie,chełmski,Białopole,gmina wiejska,0603022,2020,ok_finalnie,pdf,"tekst (24 strony; „RAPORT O STANIE GMINY BIAŁOPOLE ZA 2020…"")",https://ugbialopole.bip.lubelskie.pl/upload/pliki/0raport_o_stanie_gminy_w_2020r._wersja_ostateczna.pdf,direct_without_tor (BIP ugbialopole.bip.lubelskie.pl; roczne kategorie id=252–258/273 — raport Wójta osobnym detalem),237d4f034bc41f9adbf017a04fe5af10ddf3f3cdb954384cf946ae6aa21adfd1,200,2026-09-14T21:15:56Z,"Raport o stanie Gminy Białopole za 2020 rok. Gmina Białopole (TERYT 0603022, gmina wiejska, powiat chełmski; organ: Wójt Gminy Białopole, Urząd Gminy w Białopolu). BIP: detal kat. 254 nr 2197823. Rocznik z treści/okładki potwierdzony.",0.955,true
5740,lubelskie,chełmski,Białopole,gmina wiejska,0603022,2021,ok_finalnie,pdf,"tekst (24 strony; „ZA 2021"")",https://ugbialopole.bip.lubelskie.pl/upload/pliki/raport_o_stanie_gminy_za_2021r.pdf,direct_without_tor (BIP ugbialopole.bip.lubelskie.pl; roczne kategorie id=252–258/273 — raport Wójta osobnym detalem),28b110dfcb967f1844f7a4b29b1de80294257c45d7813f2190a96b48af01e7e7,200,2026-09-14T21:15:56Z,"Raport o stanie Gminy Białopole za 2021 rok. Gmina Białopole (TERYT 0603022, gmina wiejska, powiat chełmski; organ: Wójt Gminy Białopole, Urząd Gminy w Białopolu). BIP: detal kat. 255 nr 2197827. Rocznik z treści/okładki potwierdzony.",2.372,true
5741,lubelskie,chełmski,Białopole,gmina wiejska,0603022,2022,ok_finalnie,pdf,"tekst (29 stron; wersja z 28.04.2023; „ZA 2022"" w treści)",https://ugbialopole.bip.lubelskie.pl/upload/pliki/raport_o_stanie_gminy_za_2022r._-_28.04.2023_r.pdf,direct_without_tor (BIP ugbialopole.bip.lubelskie.pl; roczne kategorie id=252–258/273 — raport Wójta osobnym detalem),34f04796eb6f94cb750b656411f1dbc6fb4c122e5d475443fb0aee463e18cdfa,200,2026-09-14T21:15:56Z,"Raport o stanie Gminy Białopole za 2022 rok. Gmina Białopole (TERYT 0603022, gmina wiejska, powiat chełmski; organ: Wójt Gminy Białopole, Urząd Gminy w Białopolu). BIP: detal kat. 256 nr 2197834. Rocznik z treści/okładki potwierdzony.",2.646,true
5742,lubelskie,chełmski,Białopole,gmina wiejska,0603022,2023,ok_finalnie,pdf,"tekst (34 strony; „ZA 2023"")",https://ugbialopole.bip.lubelskie.pl/upload/pliki/raport_o_stanie_gminy_za_2023r._.pdf,direct_without_tor (BIP ugbialopole.bip.lubelskie.pl; roczne kategorie id=252–258/273 — raport Wójta osobnym detalem),e4ee1c2d477e6f8f7df81779f4f14eb302e9172425864678b797af74b8f14c00,200,2026-09-14T21:15:56Z,"Raport o stanie Gminy Białopole za 2023 rok. Gmina Białopole (TERYT 0603022, gmina wiejska, powiat chełmski; organ: Wójt Gminy Białopole, Urząd Gminy w Białopolu). BIP: detal kat. 257 nr 2197844. Rocznik z treści/okładki potwierdzony.",3.765,true
5743,lubelskie,chełmski,Białopole,gmina wiejska,0603022,2024,ok_finalnie,pdf,"tekst (68 stron; „ZA 2024""; obok zarządzenie Nr 46/2025)",https://ugbialopole.bip.lubelskie.pl/upload/pliki/raport_o_stanie_gminy_za_2024r._ostat.pdf,direct_without_tor (BIP ugbialopole.bip.lubelskie.pl; roczne kategorie id=252–258/273 — raport Wójta osobnym detalem),bb0f95ddc0f15a3f4d3f19daf91a12d4a26644afdc3b7add002b02940fc7febd,200,2026-09-14T21:15:56Z,"Raport o stanie Gminy Białopole za 2024 rok. Gmina Białopole (TERYT 0603022, gmina wiejska, powiat chełmski; organ: Wójt Gminy Białopole, Urząd Gminy w Białopolu). BIP: detal kat. 258 nr 2173619. Rocznik z treści/okładki potwierdzony.",2.198,true
5744,lubelskie,chełmski,Białopole,gmina wiejska,0603022,2025,ok_finalnie,pdf,"tekst (73 strony; „ZA 2025"")",https://ugbialopole.bip.lubelskie.pl/upload/pliki/0raport_o_stanie_gminy_za_2025.pdf,direct_without_tor (BIP ugbialopole.bip.lubelskie.pl; roczne kategorie id=252–258/273 — raport Wójta osobnym detalem),bdadf32e35e82cac37bb63e17e194644d0a9bbe10f2e37ff62719b48082621d7,200,2026-09-14T21:15:56Z,"Raport o stanie Gminy Białopole za 2025 rok. Gmina Białopole (TERYT 0603022, gmina wiejska, powiat chełmski; organ: Wójt Gminy Białopole, Urząd Gminy w Białopolu). BIP: detal kat. 273 nr 2313055; równolegle kat. 70 detal 2318289. Rocznik z treści/okładki potwierdzony.",2.017,true
5745,lubelskie,chełmski,Chełm,gmina wiejska,0603032,2018,ok_finalnie,pdf,tekst (129 stron),https://ugchelm.bip.lubelskie.pl/upload/pliki/2Raport_o_Stanie_Gminy_Chelm_29.05.2019_-3.pdf,direct_without_tor,1aca82cdba8280968e771fb6f964f28a8ca5aafd1bc7f36de95e21be37e64346,200,2026-09-14T21:30:00Z,"Raport o stanie Gminy Chełm za 2018 rok; art. 28aa u.s.g.; Wójt Gminy Chełm, Pokrówka (pow. chełmski, TERYT 0603032); 129 str. — RAPORT o STANIE Gminy Chełm za rok 2018; zarządzenie Wójta 30.05.2019 (BIP kat 82, detal 1393102), publikacja w BIP w dniu przedstawienia radzie; identyczność organu weryfikowana (siedziba Pokrówka, ul. Gminna 18)",11.773,true
5746,lubelskie,chełmski,Chełm,gmina wiejska,0603032,2019,brak_finalnie,brak,,brak,"dogłębne sprawdzenie BIP/prawomiejscowe.pl (BAW)/Wayback; raport istniał, plik nieopublikowany",,BRAK_URL (dowód istnienia — plik nieopublikowany),2026-09-14T21:30:00Z,"[TURA II 14.09.2026 — brak z dowodem istnienia; plik raportu nieopublikowany] Raport za 2019 powstał: zarządzenie Wójta Gm. Chełm z 29.05.2020 w sprawie przedstawienia raportu o stanie Gminy Chełm za rok 2019 (BAW prawomiejscowe.pl/UrzadGminyChelm Id 637153, plik Z_2020.05.29_01.pdf 1 str. — sam zarządzenie; zmieniające z 03.06.2020 Id 633893); odrębnie odpowiedź na wniosek IP 36/2021 (OrSo.1431.36.2021 z 10.08.2021, BIP kat 657 detal 1677607; kopia: work/pliki/chelm_odp_36_2021.pdf) potwierdza istnienie raportów 2018–2020, publikowanych w zakładce prawo miejscowe (hasła skorowidza); w BAW brak załącznika raportu, w BIP ugchelm brak detalu, Wayback (349 URL) → 0; dowód zarządzenia: work/pliki/chelm_zarz_przedstawienia_2019.pdf",,true
5747,lubelskie,chełmski,Chełm,gmina wiejska,0603032,2020,brak_finalnie,brak,,brak,"dogłębne sprawdzenie BIP/prawomiejscowe.pl (BAW)/Wayback; raport istniał, plik nieopublikowany",,BRAK_URL (dowód istnienia — plik nieopublikowany),2026-09-14T21:30:00Z,"[TURA II 14.09.2026 — brak z dowodem istnienia; plik raportu nieopublikowany] Raport za 2020 powstał: zarządzenie Wójta Gm. Chełm z 31.05.2021 w sprawie przedstawienia raportu o stanie Gminy Chełm za rok 2020 (BAW Id 734063, plik img_31052021_0001.pdf 1 str. — sam zarządzenie, skan); odpowiedź OrSo.1431.36.2021 (jak wyżej) potwierdza raporty 2018–2020 w prawie miejscowym BIP; plik raportu w BAW/BIP nieopublikowany; dowód zarządzenia: work/pliki/chelm_zarz_przedstawienia_2020.pdf",,true
5748,lubelskie,chełmski,Chełm,gmina wiejska,0603032,2021,ok_finalnie,pdf,tekst (57 stron),https://prawomiejscowe.pl/UrzadGminyChelm/document/841067/Document,direct_without_tor (prawomiejscowe.pl Baza Aktów Własnych — SPA Angular; REST przez Playwright/Chromium → API /api/documents/GetDocumentsNewGrid + /api/file/GetFileInline),12c78e0d90210d1e4cb52a9f3ac3614b55fdb3e6a1685e9d3a6c476def467a68,200,2026-09-14T21:30:00Z,"Raport o stanie Gminy Chełm za 2021 rok (załącznik do zarządzenia Wójta Gm. Chełm o przedstawieniu raportu — BAW Id 841067); art. 28aa u.s.g.; Wójt Gminy Chełm, Pokrówka (pow. chełmski, TERYT 0603032); 57 str. — zarządzenie + pełny raport",5.887,true
5749,lubelskie,chełmski,Chełm,gmina wiejska,0603032,2022,ok_finalnie,pdf,tekst (61 stron),https://prawomiejscowe.pl/UrzadGminyChelm/document/948141/Document,direct_without_tor (prawomiejscowe.pl Baza Aktów Własnych — SPA Angular; REST przez Playwright/Chromium → API /api/documents/GetDocumentsNewGrid + /api/file/GetFileInline),a134e9ec93fde4f5ee66fa0ae1efc2046f6f88adc089108866be4d91ca1945ab,200,2026-09-14T21:30:00Z,"Raport o stanie Gminy Chełm za 2022 rok (załącznik do zarządzenia Wójta Gm. Chełm o przedstawieniu raportu — BAW Id 948141); art. 28aa u.s.g.; Wójt Gminy Chełm, Pokrówka (pow. chełmski, TERYT 0603032); 61 str. — zarządzenie + pełny raport",4.361,true
5750,lubelskie,chełmski,Chełm,gmina wiejska,0603032,2023,ok_finalnie,pdf,tekst (60 stron),https://prawomiejscowe.pl/UrzadGminyChelm/document/1062626/Document,direct_without_tor (prawomiejscowe.pl Baza Aktów Własnych — SPA Angular; REST przez Playwright/Chromium → API /api/documents/GetDocumentsNewGrid + /api/file/GetFileInline),f108908a05c8ea221015cb567fa3974b4fab422bad8a6c8800e39cf5f1bfa071,200,2026-09-14T21:30:00Z,"Raport o stanie Gminy Chełm za 2023 rok (załącznik do zarządzenia Wójta Gm. Chełm o przedstawieniu raportu — BAW Id 1062626); art. 28aa u.s.g.; Wójt Gminy Chełm, Pokrówka (pow. chełmski, TERYT 0603032); 60 str. — zarządzenie + pełny raport",4.113,true
5751,lubelskie,chełmski,Chełm,gmina wiejska,0603032,2024,ok_finalnie,pdf,tekst (61 stron),https://prawomiejscowe.pl/UrzadGminyChelm/document/1184887/Document,direct_without_tor (prawomiejscowe.pl Baza Aktów Własnych — SPA Angular; REST przez Playwright/Chromium → API /api/documents/GetDocumentsNewGrid + /api/file/GetFileInline),93219a0346714d94a465d83fed6452af942984bec619cefc733bd210e911c9a3,200,2026-09-14T21:30:00Z,"Raport o stanie Gminy Chełm za 2024 rok (załącznik do zarządzenia Wójta Gm. Chełm o przedstawieniu raportu — BAW Id 1184887); art. 28aa u.s.g.; Wójt Gminy Chełm, Pokrówka (pow. chełmski, TERYT 0603032); 61 str. — zarządzenie + pełny raport",5.85,true
5752,lubelskie,chełmski,Chełm,gmina wiejska,0603032,2025,ok_finalnie,pdf,tekst (67 stron),https://prawomiejscowe.pl/UrzadGminyChelm/document/1313146/Document,direct_without_tor (prawomiejscowe.pl Baza Aktów Własnych — SPA Angular; REST przez Playwright/Chromium → API /api/documents/GetDocumentsNewGrid + /api/file/GetFileInline),c47dfe43a9ace6915c32ad4844978ebaabf5c648a145462f0d79435ec0635ee1,200,2026-09-14T21:30:00Z,"Raport o stanie Gminy Chełm za 2025 rok (załącznik do zarządzenia Wójta Gm. Chełm o przedstawieniu raportu — BAW Id 1313146); art. 28aa u.s.g.; Wójt Gminy Chełm, Pokrówka (pow. chełmski, TERYT 0603032); 67 str. — zarządzenie + pełny raport",5.687,true
5753,lubelskie,chełmski,Dorohusk,gmina wiejska,0603042,2018,ok_finalnie,pdf,skan (21 str.; okładka OCR: „RAPORT O STANIE GMINY DOROHUSK ZA ROK 2018”),https://ugdorohusk.e-bip.eu/upload/pliki/UG_Dorohusk.pdf,direct_without_tor + ocr,1c1c79e010eff090efd57895b26ad1700336628d209f308a0e178f1b51eff33e,200,2026-09-14T21:55:00Z,"Załącznik do zarządzenia Wójta Gm. Dorohusk nr 32/2019 z 30.05.2019 (BIP e-bip detal id 342377); art. 28aa u.s.g.; Wójt Gminy Dorohusk (pow. chełmski, TERYT 0603042); nagłówek „RAPORT O STANIE GMINY DOROHUSK”; 21 str.",1.568,true
5754,lubelskie,chełmski,Dorohusk,gmina wiejska,0603042,2019,ok_finalnie,pdf,skan (27 str.; okładka OCR: „RAPORT O STANIE GMINY DOROHUSK ZA ROK 2019”),https://dorohusk.com.pl/wp-content/uploads/2020/06/Za%C5%82%C4%85cznik-do-Zarz%C4%85dzenia-Nr-33-Raport-2019n.pdf,direct_without_tor + ocr,9399e68ef4f2ab361aeffa8904f356bfed2366a8fb2f7651596a194b23ae4983,200,2026-09-14T21:55:00Z,"Załącznik do zarządzenia Wójta Gm. Dorohusk nr 33/2020 z 16.06.2020 (strona gminy + e-bip detal id 351772); art. 28aa u.s.g.; Wójt Gminy Dorohusk (pow. chełmski, TERYT 0603042); nagłówek „RAPORT O STANIE GMINY DOROHUSK”; 27 str.; brak wersji z warstwą tekstową (e-bip: tylko skany)",1.658,true
5755,lubelskie,chełmski,Dorohusk,gmina wiejska,0603042,2020,ok_finalnie,pdf,skan (30 str.; okładka OCR: „RAPORT O STANIE GMINY DOROHUSK ZA ROK 2020”),https://dorohusk.com.pl/wp-content/uploads/2021/06/Raport-o-stanie-Gminy-Dorohusk-za-rok-2020.pdf,direct_without_tor + ocr,c99deb2a16050f1e697a784fb34e5d7d93b3cb0f3cb17fc4d702e1e6458a5982,200,2026-09-14T21:55:00Z,"Załącznik do zarządzenia Wójta Gm. Dorohusk nr 29/2021 z 31.05.2021 (strona gminy + e-bip detal id 10003088); art. 28aa u.s.g.; Wójt Gminy Dorohusk (pow. chełmski, TERYT 0603042); nagłówek „RAPORT O STANIE GMINY DOROHUSK”; 30 str.; brak wersji z warstwą tekstową",6.937,true
5756,lubelskie,chełmski,Dorohusk,gmina wiejska,0603042,2021,ok_finalnie,pdf,tekst (27 stron),https://dorohusk.com.pl/wp-content/uploads/2022/06/Raport-o-stanie-Gminy-Dorohusk-za-rok-2021-1.pdf,direct_without_tor,a783270c748c84630d2815accf5b7571823b6207d4fa8f3c29f1c90ae27344dc,200,2026-09-14T21:55:00Z,"Raport o stanie Gminy Dorohusk za rok 2021 (strona gminy; zarządzenie 28/2022 z 31.05.2022 — e-bip detal id 10015670); art. 28aa u.s.g.; Wójt Gminy Dorohusk (pow. chełmski, TERYT 0603042); nagłówek „RAPORT O STANIE GMINY DOROHUSK”; 27 str.",0.589,true
5757,lubelskie,chełmski,Dorohusk,gmina wiejska,0603042,2022,ok_finalnie,pdf,"skan (32 str.; okładka OCR: „RAPORT O STANIE GMINY DOROHUSK”, zarz. 21/2023 z 23.05.2023)",https://dorohusk.com.pl/wp-content/uploads/2023/05/Raport-o-stanie-Gminy-Dorohusk-za-2022-rok.pdf,direct_without_tor + ocr,2a73734f9d758ca456ab93136a4ae382e675fb19c4704417ef7f8f4f0ca04e0b,200,2026-09-14T21:55:00Z,"Załącznik do zarządzenia Wójta Gm. Dorohusk nr 21/2023 z 23.05.2023 (e-bip detal id 10026058); art. 28aa u.s.g.; Wójt Gminy Dorohusk (pow. chełmski, TERYT 0603042); nagłówek „RAPORT O STANIE GMINY DOROHUSK”; 32 str.; brak wersji z warstwą tekstową",11.067,true
5758,lubelskie,chełmski,Dorohusk,gmina wiejska,0603042,2023,ok_finalnie,pdf,tekst (35 stron),https://dorohusk.com.pl/wp-content/uploads/2024/06/Raport-o-stanie-Gminy-Dorohusk-za-2023-rok.pdf,direct_without_tor,62a4da4a9826d97400b36247b169cfe99e5f5dfb7e2b104839bb5c47f78ac03e,200,2026-09-14T21:55:00Z,"Raport o stanie Gminy Dorohusk za 2023 rok (strona gminy; zarządzenie 32/2024 z 24.05.2024 — e-bip detal id 10039432); art. 28aa u.s.g.; Wójt Gminy Dorohusk (pow. chełmski, TERYT 0603042); nagłówek „RAPORT O STANIE GMINY DOROHUSK”; 35 str.",0.576,true
5759,lubelskie,chełmski,Dorohusk,gmina wiejska,0603042,2024,ok_finalnie,pdf,tekst (35 stron),https://dorohusk.com.pl/wp-content/uploads/2025/06/Raport-o-stanie-Gminy-Dorohusk-za-2024-rok.pdf,direct_without_tor,a2d1d48afc4d1d3c308ff5e41ff2faf2434132f65a83d3047c6e985006d06de6,200,2026-09-14T21:55:00Z,"Załącznik do zarządzenia Wójta Gm. Dorohusk nr 36/2025 z 27.05.2025 (strona gminy + e-bip upload Raport_o_stanie_Gminy_Dorohusk_za_2024_rok.pdf); art. 28aa u.s.g.; Wójt Gminy Dorohusk (pow. chełmski, TERYT 0603042); nagłówek „RAPORT O STANIE GMINY DOROHUSK”; 35 str.",0.617,true
5760,lubelskie,chełmski,Dorohusk,gmina wiejska,0603042,2025,ok_finalnie,pdf,tekst (31 stron),https://dorohusk.com.pl/wp-content/uploads/2026/06/Raport-o-stanie-Gminy-Dorohusk-za-2025-rok.pdf,direct_without_tor,0c53975520b1fe2c4c92edb3800db796b297cca869e19b529f924a3ec560128f,200,2026-09-14T21:55:00Z,"Raport o stanie Gminy Dorohusk za 2025 rok (strona gminy, sesja 25.06.2026; zarządzenie 30/2026 z 15.05.2026 — e-bip detal id 10066126); art. 28aa u.s.g.; Wójt Gminy Dorohusk (pow. chełmski, TERYT 0603042); nagłówek „RAPORT O STANIE GMINY DOROHUSK”; 31 str.",0.713,true
5761,lubelskie,chełmski,Dubienka,gmina wiejska,0603052,2018,ok_finalnie,pdf,tekst (18 stron),https://ugdubienka.e-biuletyn.pl/upload/pliki/Raport_o_stanie_Gminy_Dubienka_za_2018.pdf,direct_without_tor,e7637382f41e785a9b276b42533314ee6a67c8d151975fa9cc7641d9c6e3598b,200,2026-09-14T22:15:00Z,"Raport o stanie Gminy Dubienka w 2018 r.; art. 28aa u.s.g.; Wójt Gminy Dubienka (pow. chełmski, TERYT 0603052); 18 str.; BIP e-biuletyn kat „Raport o stanie Gminy Dubienka"" (id=171, detal 182698)",0.359,true
5762,lubelskie,chełmski,Dubienka,gmina wiejska,0603052,2019,ok_finalnie,pdf,tekst (20 stron),https://ugdubienka.e-biuletyn.pl/upload/pliki/Raport_o_stanie_Gminy_Dubienka_w_2019_roku.pdf,direct_without_tor,b45766c64395fb1faf1dacf8cfe3c3dd185eda16ce242e474554a082f2ff4779,200,2026-09-14T22:15:00Z,"Raport o stanie Gminy Dubienka w 2019 r.; art. 28aa u.s.g.; Wójt Gminy Dubienka (pow. chełmski, TERYT 0603052); 20 str.; BIP e-biuletyn kat „Raport o stanie Gminy Dubienka"" (id=171, detal 182849)",0.358,true
5763,lubelskie,chełmski,Dubienka,gmina wiejska,0603052,2020,ok_finalnie,pdf,tekst (22 stron),https://ugdubienka.e-biuletyn.pl/upload/pliki/Raport_o_stanie_Gminy_Dubienka_w_2020_roku.pdf,direct_without_tor,7c7c04d9618ade5be64dac85d9b5d019fecae2496ce76a0c7269607d5a828016,200,2026-09-14T22:15:00Z,"Raport o stanie Gminy Dubienka w 2020 r.; art. 28aa u.s.g.; Wójt Gminy Dubienka (pow. chełmski, TERYT 0603052); 22 str.; BIP e-biuletyn kat „Raport o stanie Gminy Dubienka"" (id=171, detal 189311)",0.366,true
5764,lubelskie,chełmski,Dubienka,gmina wiejska,0603052,2021,ok_finalnie,pdf,tekst (27 stron),https://ugdubienka.e-biuletyn.pl/upload/pliki/Raport_o_stanie_Gminy_Dubienka_w_2021_roku_26_maja_2022_r.pdf,direct_without_tor,c122379bd60b17b289cdf4e4309b046a5a7e0a027a7168439aa382b59fad910e,200,2026-09-14T22:15:00Z,"Raport o stanie Gminy Dubienka w 2021 r.; art. 28aa u.s.g.; Wójt Gminy Dubienka (pow. chełmski, TERYT 0603052); 27 str.; BIP e-biuletyn kat „Raport o stanie Gminy Dubienka"" (id=171, detal 240939)",0.488,true
5765,lubelskie,chełmski,Dubienka,gmina wiejska,0603052,2022,ok_finalnie,pdf,tekst (25 stron),https://ugdubienka.e-biuletyn.pl/upload/pliki/Raport_o_stanie_Gminy_Dubienka_w_2022_r.pdf,direct_without_tor,19c865dd4391ac7657f25bd1e986727dcfc18eb8c62dcec44cadc33dd89b2dab,200,2026-09-14T22:15:00Z,"Raport o stanie Gminy Dubienka w 2022 r.; art. 28aa u.s.g.; Wójt Gminy Dubienka (pow. chełmski, TERYT 0603052); 25 str.; BIP e-biuletyn kat „Raport o stanie Gminy Dubienka"" (id=171, detal 253720)",0.289,true
5766,lubelskie,chełmski,Dubienka,gmina wiejska,0603052,2023,ok_finalnie,pdf,tekst (26 stron),https://ugdubienka.e-biuletyn.pl/upload/pliki/Raport_o_stanie_Gminy_Dubienka_w_2023_r.pdf,direct_without_tor,06b4304ab222d17ed5e39abe5caeb940ac8517aa0d98578bf57e8ce9fa5a367c,200,2026-09-14T22:15:00Z,"Raport o stanie Gminy Dubienka w 2023 r.; art. 28aa u.s.g.; Wójt Gminy Dubienka (pow. chełmski, TERYT 0603052); 26 str.; BIP e-biuletyn kat „Raport o stanie Gminy Dubienka"" (id=171, detal 267271)",0.403,true
5767,lubelskie,chełmski,Dubienka,gmina wiejska,0603052,2024,ok_finalnie,pdf,tekst (25 stron),https://ugdubienka.e-biuletyn.pl/upload/pliki/Raport_o_stanie_Gminy_Dubienka_w_2024_r.pdf,direct_without_tor,0a5cd7c41da00ff3bc197c8f798b5e76e325abd6b8ad5deb96908e6f70d7e4f4,200,2026-09-14T22:15:00Z,"Raport o stanie Gminy Dubienka w 2024 r.; art. 28aa u.s.g.; Wójt Gminy Dubienka (pow. chełmski, TERYT 0603052); 25 str.; BIP e-biuletyn kat „Raport o stanie Gminy Dubienka"" (id=171, detal 280095)",0.325,true
5768,lubelskie,chełmski,Dubienka,gmina wiejska,0603052,2025,ok_finalnie,pdf,tekst (27 stron),https://ugdubienka.e-biuletyn.pl/upload/pliki/Raport_o_stanie_Gminy_Dubienka_w_2025_r.pdf,direct_without_tor,82ba96ede862c71b7b9f57c1cf462b18dce321ca257b1929a8137b2201c8315c,200,2026-09-14T22:15:00Z,"Raport o stanie Gminy Dubienka w 2025 r.; art. 28aa u.s.g.; Wójt Gminy Dubienka (pow. chełmski, TERYT 0603052); 27 str.; BIP e-biuletyn kat „Raport o stanie Gminy Dubienka"" (id=171, detal 292607)",0.33,true
5769,lubelskie,chełmski,Kamień,gmina wiejska,0603062,2018,ok_finalnie,pdf,tekst (58 stron),https://ugkamien.bip.lubelskie.pl/upload/pliki/Raport_o_stanie_gminy.pdf,direct_without_tor,2448f38b11e670dba28b2e467d2ae8954824befaa71ba7cd8552f69aac414958,200,2026-09-14T22:35:00Z,"Raport o stanie gminy Kamień za rok 2018 (BIP ugkamien kat 482, detal 1393082); art. 28aa u.s.g.; Wójt Gminy Kamień (pow. chełmski, TERYT 0603062); 58 str.; rok potwierdzony w treści",0.809,true
5770,lubelskie,chełmski,Kamień,gmina wiejska,0603062,2019,ok_finalnie,pdf,tekst (56 stron),https://ugkamien.bip.lubelskie.pl/upload/pliki/1Zarzadzenie.28.2020.2020-05-29.pdf,direct_without_tor,df12651a376c2e635f1885beb64c4f4f157572db316d1cd1a42bfae03502eaa7,200,2026-09-14T22:35:00Z,Zarządzenie Wójta Gm. Kamień nr 28/2020 z 29.05.2020 z załączonym raportem o stanie gminy Kamień za 2019 rok (BIP detal 1516625); art. 28aa u.s.g.; TERYT 0603062; 56 str.,0.435,true
5771,lubelskie,chełmski,Kamień,gmina wiejska,0603062,2020,ok_finalnie,pdf,tekst (54 strony),https://ugkamien.bip.lubelskie.pl/upload/pliki/Zarzadzenie.47.2021.2021-05-28.pdf,direct_without_tor,6d7fff862c4ecbbd2dccbabaf60da43f0e565bf104fd99505c306d08454513b0,200,2026-09-14T22:35:00Z,"Zarządzenie Wójta Gm. Kamień nr 47/2021 z 28.05.2021 z załączonym raportem o stanie Gminy Kamień za 2020 r. (BIP detal 1646686, kat 535); art. 28aa u.s.g.; TERYT 0603062; 54 str. — „Raport o stanie Gminy Kamień za 2020 r. został opracowany na podstawie art. 28aa""",0.425,true
5772,lubelskie,chełmski,Kamień,gmina wiejska,0603062,2021,ok_finalnie,pdf,tekst (50 stron),https://ugkamien.bip.lubelskie.pl/upload/pliki/Zarzadzenie.33.2022.2022-05-26.pdf,direct_without_tor,62e7f8b7ce2f743c82064a93e7941901bc091b113314245f5748c15f13a97e21,200,2026-09-14T22:35:00Z,Zarządzenie Wójta Gm. Kamień nr 33/2022 z 26.05.2022 z załączonym raportem za 2021 rok (BIP detal 1763775); art. 28aa u.s.g.; TERYT 0603062; 50 str.,0.412,true
5773,lubelskie,chełmski,Kamień,gmina wiejska,0603062,2022,ok_finalnie,pdf,tekst (50 stron),https://ugkamien.bip.lubelskie.pl/upload/pliki/zarzadzenie.29.2022.2023-05-29.pdf,direct_without_tor,073504050fe97f5259c4c2d743521dbefb23255797767b8b73bf2bcae1086cb9,200,2026-09-14T22:35:00Z,Zarządzenie Wójta Gm. Kamień z 29.05.2023 z załączonym raportem o stanie gminy Kamień za 2022 rok (BIP detal 1908955); art. 28aa u.s.g.; TERYT 0603062; 50 str.,0.447,true
5774,lubelskie,chełmski,Kamień,gmina wiejska,0603062,2023,ok_finalnie,pdf,tekst (50 stron),https://ugkamien.bip.lubelskie.pl/upload/pliki/zarzadzenie.48.2023.2024-05-27.pdf,direct_without_tor,3219ee5b672ac258f089933535375250808419f4d51839d0ac5a9b4a25c28d3e,200,2026-09-14T22:35:00Z,Zarządzenie Wójta Gm. Kamień z 27.05.2024 z załączonym raportem o stanie gminy Kamień za 2023 rok (BIP detal 2056648); art. 28aa u.s.g.; TERYT 0603062; 50 str.,0.477,true
5775,lubelskie,chełmski,Kamień,gmina wiejska,0603062,2024,ok_finalnie,pdf,tekst (49 stron),https://ugkamien.bip.lubelskie.pl/upload/pliki/0zarzadzenie.35.2025.2025-05-29.pdf,direct_without_tor,5a2eec2391263ce77327a821420b3d8de5464433d961dd901219aad3d388a244,200,2026-09-14T22:35:00Z,Zarządzenie Wójta Gm. Kamień nr 35/2025 z 29.05.2025 z załączonym raportem o stanie gminy Kamień za 2024 rok (BIP detal 2175424); art. 28aa u.s.g.; TERYT 0603062; 49 str.,1.687,true
5776,lubelskie,chełmski,Kamień,gmina wiejska,0603062,2025,ok_finalnie,pdf,tekst (48 stron),https://ugkamien.bip.lubelskie.pl/upload/pliki/raport_o_stanie_gminy_2025.pdf,direct_without_tor,a7f78fed947e0410ec31b191d94bacaf57f101b4b5082d41c846c19b343fafab,200,2026-09-14T22:35:00Z,"Raport o stanie gminy Kamień za 2025 r. (BIP kat 691, detal 2317173); art. 28aa u.s.g.; Wójt Gminy Kamień, TERYT 0603062; 48 str. ""RAPORT O STANIE GMINY KAMIEŃ""",0.364,true
5777,lubelskie,chełmski,Leśniowice,gmina wiejska,0603072,2018,brak_finalnie,brak,,brak,"dogłębne sprawdzenie BIP/portal gminy/Wayback; raport istniał, plik nieopublikowany",,BRAK_URL (dowód istnienia — plik nieopublikowany),2026-09-14T22:58:00Z,"[TURA II 14.09.2026 — brak z dowodem istnienia; plik raportu nieopublikowany] Raport za 2018 przedstawiony radzie: uchwała Rady Gm. Leśniowice VII/45/2019 „Po przeprowadzeniu debaty nad Raportem o stanie Gminy Leśniowice za 2018 rok..."" (BIP kat 674, detal 1407958; kopia: work/pliki/les_uchwala_2018.pdf); szukaj BIP (raport/stanie/2018) → tylko 2021–2025 (kat 731 utworzony później); portal uglesniowice.pl — brak artykułu/załącznika (wyszukiwarka: tylko prezentacja 2022 i debata 2019); Wayback niedostępny (503)",,true
5778,lubelskie,chełmski,Leśniowice,gmina wiejska,0603072,2019,ok_finalnie,pdf,tekst (67 stron),https://uglesniowice.pl/Common/downloadZip/module_short/port/obj_id/320/preview/0.html,direct_without_tor,81107c9050107611ea0be74759c9d37e8b44cc1ee1d025b296cd22e6ea54bed2,200,2026-09-14T22:58:00Z,"Raport o stanie Gminy Leśniowice za rok 2019; art. 28aa u.s.g.; Wójt Gminy Leśniowice (pow. chełmski, TERYT 0603072); 67 str.; plik wyodrębniony z ZIP załączników artykułu portalu uglesniowice.pl (strona-320, debata 2020; załącznik 7,5 MB); BIP niepublikował (utworzony później); metoda: portal gminy, ZIP→PDF",7.46,true
5779,lubelskie,chełmski,Leśniowice,gmina wiejska,0603072,2020,brak_finalnie,brak,,brak,"dogłębne sprawdzenie BIP/portal gminy/Wayback; raport istniał, plik nieopublikowany",,BRAK_URL (dowód istnienia — plik nieopublikowany),2026-09-14T22:58:00Z,"[TURA II 14.09.2026 — brak z dowodem istnienia; plik raportu nieopublikowany] Raport za 2020 przedstawiony radzie: uchwała Rady Gm. Leśniowice XXIII/150/2021 „Po przeprowadzeniu debaty nad Raportem o stanie Gminy Leśniowice za 2020 rok..."" (BIP kat 674, detal 1652079; kopia: work/pliki/les_uchwala_2020.pdf); szukaj BIP (raport/stanie/2020) → tylko 2021–2025; portal uglesniowice.pl bez pliku; Wayback niedostępny (503)",,true
5780,lubelskie,chełmski,Leśniowice,gmina wiejska,0603072,2021,ok_finalnie,pdf,tekst (90 stron),https://uglesniowice.bip.lubelskie.pl/upload/pliki/raport-24.06.2022.pdf,direct_without_tor,c7fbade6b7b922f4d1fbfd5c2c33f9b727782b443786111905f456890cd941fb,200,2026-09-14T22:58:00Z,"Raport o stanie Gminy Leśniowice za rok 2021 (detal 1769592); art. 28aa u.s.g.; Wójt Gminy Leśniowice (TERYT 0603072); 90 str. — „ZA ROK 2021""",12.011,true
5781,lubelskie,chełmski,Leśniowice,gmina wiejska,0603072,2022,ok_finalnie,pdf,tekst (89 stron),https://uglesniowice.bip.lubelskie.pl/upload/pliki/raport-za-rok-2022-20230526130128-20230627130220.pdf,direct_without_tor,31557d713468fa69917f6ea30ef49f81f70cfaa542d40eabd7ce6cae18345702,200,2026-09-14T22:58:00Z,Raport o stanie Gminy Leśniowice za rok 2022 (detal 1902686); art. 28aa u.s.g.; Wójt Gminy Leśniowice (TERYT 0603072); 89 str.,13.592,true
5782,lubelskie,chełmski,Leśniowice,gmina wiejska,0603072,2023,ok_finalnie,pdf,tekst (60 stron),https://uglesniowice.bip.lubelskie.pl/upload/pliki/raport_za_2023.pdf,direct_without_tor,14c3a44b530f1169e2f43618c9bda5cb304d8f618e2552b3a144226a84bcc0ff,200,2026-09-14T22:58:00Z,Raport o stanie Gminy Leśniowice za rok 2023 (detal 2043574); art. 28aa u.s.g.; Wójt Gminy Leśniowice (TERYT 0603072); 60 str.,31.882,true
5783,lubelskie,chełmski,Leśniowice,gmina wiejska,0603072,2024,ok_finalnie,pdf,tekst (58 stron),https://uglesniowice.bip.lubelskie.pl/upload/pliki/raport_2024-2.pdf,direct_without_tor,006f5927302a9d5aec9ee3a17438e43b2d21819bf6fd6b49f41f823eb5aab568,200,2026-09-14T22:58:00Z,Raport o stanie Gminy Leśniowice za rok 2024 (detal 2179762); art. 28aa u.s.g.; Wójt Gminy Leśniowice (TERYT 0603072); 58 str.,50.073,true
5784,lubelskie,chełmski,Leśniowice,gmina wiejska,0603072,2025,ok_finalnie,pdf,tekst (51 stron),https://uglesniowice.bip.lubelskie.pl/upload/pliki/raport_o_stanie_gminy_za_rok_2025.pdf,direct_without_tor,59acc906e0f3f2bb88cc89f0f13f32954dafe0e03dc9ab3486f0a191376b5afa,200,2026-09-14T22:58:00Z,"Raport o stanie Gminy Leśniowice za rok 2025 (detal 2320727); art. 28aa u.s.g.; Wójt Gminy Leśniowice (TERYT 0603072); 51 str. — „za rok 2025""; przedstawiony na XVII sesji 25.06.2026",35.05,true
5785,lubelskie,chełmski,Rejowiec Fabryczny,gmina wiejska,0603082,2018,ok_finalnie,pdf,tekst (32 stron),https://ugrejowiecfabryczny.bip.lubelskie.pl/upload/pliki/RAPORT_O_STANIE_GMINY.pdf,direct_without_tor,7f5aab069c122a8c952e74b29856b024fd15c4dfdb20b435cc68973c16ed6b23,200,2026-09-14T23:10:00Z,"Raport o stanie Gminy Rejowiec Fabryczny za 2018 rok; art. 28aa u.s.g.; Wójt Gminy Rejowiec Fabryczny (pow. chełmski, TERYT 0603082); 32 str. tekst — „RAPORT O STANIE GMINY""; BIP ugrejowiecfabryczny.bip.lubelskie.pl, detal 1389293 (kategoria 243/259/260); rocznik potwierdzony w treści (""MAJ 2019"", podsumowanie działalności w 2018 r.)",0.654,true
5786,lubelskie,chełmski,Rejowiec Fabryczny,gmina wiejska,0603082,2019,ok_finalnie,pdf,tekst (36 stron),https://ugrejowiecfabryczny.bip.lubelskie.pl/upload/pliki/RAPORT_O_STANIE_GMINY_2019.pdf,direct_without_tor,63f6ae62e4a69449492fd471ed82f13c9ce8b49cc005e181909023d0589de6eb,200,2026-09-14T23:10:00Z,"Raport o stanie Gminy Rejowiec Fabryczny za 2019 rok; art. 28aa u.s.g.; Wójt Gminy Rejowiec Fabryczny (pow. chełmski, TERYT 0603082); 36 str. tekst — „RAPORT O STANIE GMINY""; BIP ugrejowiecfabryczny.bip.lubelskie.pl, detal 1524443 (kategoria 243/259/260); rocznik potwierdzony w treści (""działalności gminy w 2019r."")",0.815,true
5787,lubelskie,chełmski,Rejowiec Fabryczny,gmina wiejska,0603082,2020,ok_finalnie,pdf,tekst (48 stron),https://ugrejowiecfabryczny.bip.lubelskie.pl/upload/pliki/raport_o_stanie_gminy_2020.pdf,direct_without_tor,17835b608c787f501b4e6d91cba1070e3971c1114c914832c77dc3c736e9632e,200,2026-09-14T23:10:00Z,"Raport o stanie Gminy Rejowiec Fabryczny za 2020 rok; art. 28aa u.s.g.; Wójt Gminy Rejowiec Fabryczny (pow. chełmski, TERYT 0603082); 48 str. tekst — „RAPORT O STANIE GMINY""; BIP ugrejowiecfabryczny.bip.lubelskie.pl, detal 1638616 (kategoria 243/259/260); rocznik potwierdzony w treści (""działalności gminy w 2020r."")",1.633,true
5788,lubelskie,chełmski,Rejowiec Fabryczny,gmina wiejska,0603082,2021,ok_finalnie,pdf,tekst (48 stron),https://ugrejowiecfabryczny.bip.lubelskie.pl/upload/pliki/0RAPORT_O_STANIE_GMINY_2021_.pdf,direct_without_tor,95186def3013cee896d4c97424b40440d56bc9842b930636a9de7c8a3e767308,200,2026-09-14T23:10:00Z,"Raport o stanie Gminy Rejowiec Fabryczny za 2021 rok; art. 28aa u.s.g.; Wójt Gminy Rejowiec Fabryczny (pow. chełmski, TERYT 0603082); 48 str. tekst — „RAPORT O STANIE GMINY""; BIP ugrejowiecfabryczny.bip.lubelskie.pl, detal 1764132 (kategoria 243/259/260); rocznik potwierdzony w treści (""działalności gminy w 2021r."")",1.147,true
5789,lubelskie,chełmski,Rejowiec Fabryczny,gmina wiejska,0603082,2022,ok_finalnie,pdf,tekst (59 stron),https://ugrejowiecfabryczny.bip.lubelskie.pl/upload/pliki/raport-o-stanie-gminy-2022.pdf,direct_without_tor,b7814c214f449091ff8e78de67ed835bf30e5dfd77ab823c659919f03d82d580,200,2026-09-14T23:10:00Z,"Raport o stanie Gminy Rejowiec Fabryczny za 2022 rok; art. 28aa u.s.g.; Wójt Gminy Rejowiec Fabryczny (pow. chełmski, TERYT 0603082); 59 str. tekst — „RAPORT O STANIE GMINY""; BIP ugrejowiecfabryczny.bip.lubelskie.pl, detal 1893668 (kategoria 243/259/260); rocznik potwierdzony w treści (""działalności gminy w 2022r."")",1.668,true
5790,lubelskie,chełmski,Rejowiec Fabryczny,gmina wiejska,0603082,2023,ok_finalnie,pdf,tekst (61 stron),https://ugrejowiecfabryczny.bip.lubelskie.pl/upload/pliki/0raport_o_stanie_gminy_2023_roboczy-1-.pdf,direct_without_tor,98f83ed1f74a7c5aacc0275a82ae33d78c36cdcc4e505f4e4eac4dfb8b244fec,200,2026-09-14T23:10:00Z,"Raport o stanie Gminy Rejowiec Fabryczny za 2023 rok; art. 28aa u.s.g.; Wójt Gminy Rejowiec Fabryczny (pow. chełmski, TERYT 0603082); 61 str. tekst — „RAPORT O STANIE GMINY""; BIP ugrejowiecfabryczny.bip.lubelskie.pl, detal 2039194 (kategoria 243/259/260); rocznik potwierdzony w treści (""działalności gminy w 2023r."")",1.9,true
5791,lubelskie,chełmski,Rejowiec Fabryczny,gmina wiejska,0603082,2024,ok_finalnie,pdf,tekst (78 stron),https://ugrejowiecfabryczny.bip.lubelskie.pl/upload/pliki/raport_o_stanie_gminy_2024-2.pdf,direct_without_tor,6afacd2734dfa8a27b24385f903e35a36804a41b99df3d04c5fc83b0ceeee7dc,200,2026-09-14T23:10:00Z,"Raport o stanie Gminy Rejowiec Fabryczny za 2024 rok; art. 28aa u.s.g.; Wójt Gminy Rejowiec Fabryczny (pow. chełmski, TERYT 0603082); 78 str. tekst — „RAPORT O STANIE GMINY""; BIP ugrejowiecfabryczny.bip.lubelskie.pl, detal 2178963 (kategoria 243/259/260); rocznik potwierdzony w treści (""działalności gminy w 2024r."")",3.006,true
5792,lubelskie,chełmski,Rejowiec Fabryczny,gmina wiejska,0603082,2025,ok_finalnie,pdf,tekst (87 stron),https://ugrejowiecfabryczny.bip.lubelskie.pl/upload/pliki/1raport_o_stanie_gminy_2025.pdf,direct_without_tor,849ce09a42468604e69c89fa0998f00780b0e86ffd1c400b363f020397aadaa4,200,2026-09-14T23:10:00Z,"Raport o stanie Gminy Rejowiec Fabryczny za 2025 rok; art. 28aa u.s.g.; Wójt Gminy Rejowiec Fabryczny (pow. chełmski, TERYT 0603082); 87 str. tekst — „RAPORT O STANIE GMINY""; BIP ugrejowiecfabryczny.bip.lubelskie.pl, detal 2308451 (kategoria 243/259/260); rocznik potwierdzony w treści (""działalności gminy w 2025r."")",3.498,true
5793,lubelskie,chełmski,Ruda-Huta,gmina wiejska,0603092,2018,ok_finalnie,pdf,tekst (53 stron),https://ugrudahuta.bip.lubelskie.pl/upload/pliki/Raport_o_stanie_gminy_Ruda-Huta_2018.pdf,direct_without_tor,6a1ecfb5569dfc19becb059042dd2afa83945c8387fce09d5cc4a54d89e37bcb,200,2026-09-14T23:25:00Z,"„Raport o stanie gminy Ruda-Huta za rok 2018""; art. 28aa u.s.g.; Wójt Gminy Ruda-Huta (pow. chełmski, TERYT 0603092); 53 str. tekst — „O STANIE GMINY RUDA-HUTA ZA ROK 2018""; BIP ugrudahuta.bip.lubelskie.pl kat 258, detal 1398295",3.097,true
5794,lubelskie,chełmski,Ruda-Huta,gmina wiejska,0603092,2019,ok_finalnie,pdf,tekst (49 stron),https://ugrudahuta.bip.lubelskie.pl/upload/pliki/Raport_o_stanie_gminy_Ruda-Huta_2019.pdf,direct_without_tor,3094482c1fdda62f193e5374289e16ace401fe9772dd678d796846636000fc77,200,2026-09-14T23:25:00Z,"„Raport o stanie gminy Ruda-Huta za rok 2019""; art. 28aa u.s.g.; Wójt Gminy Ruda-Huta (pow. chełmski, TERYT 0603092); 49 str. tekst — „O STANIE GMINY RUDA-HUTA ZA ROK 2019""; BIP ugrudahuta.bip.lubelskie.pl kat 258, detal 1529887",2.681,true
5795,lubelskie,chełmski,Ruda-Huta,gmina wiejska,0603092,2020,ok_finalnie,pdf,tekst (53 stron),https://ugrudahuta.bip.lubelskie.pl/upload/pliki/Raport_o_stanie_gminy_Ruda-Huta_2020.pdf,direct_without_tor,ee1c7d08466106f48c60685311374edb3ae2f3bc0a38b81423a9f9626755126c,200,2026-09-14T23:25:00Z,"„Raport o stanie gminy Ruda-Huta za rok 2020""; art. 28aa u.s.g.; Wójt Gminy Ruda-Huta (pow. chełmski, TERYT 0603092); 53 str. tekst — „O STANIE GMINY RUDA-HUTA ZA ROK 2020""; BIP ugrudahuta.bip.lubelskie.pl kat 258, detal 1641424",3.063,true
5796,lubelskie,chełmski,Ruda-Huta,gmina wiejska,0603092,2021,ok_finalnie,pdf,tekst (48 stron),https://ugrudahuta.bip.lubelskie.pl/upload/pliki/Raport_o_stanie_gminy_za_2021.pdf,direct_without_tor,103ecdfebab25fe6bd4f08093f74e216496c73d151b1d313d1d8b010e041c63d,200,2026-09-14T23:25:00Z,"„Raport o stanie gminy Ruda-Huta za rok 2021""; art. 28aa u.s.g.; Wójt Gminy Ruda-Huta (pow. chełmski, TERYT 0603092); 48 str. tekst — „O STANIE GMINY RUDA-HUTA ZA ROK 2021""; BIP ugrudahuta.bip.lubelskie.pl kat 258, detal 1766051",2.931,true
5797,lubelskie,chełmski,Ruda-Huta,gmina wiejska,0603092,2022,ok_finalnie,pdf,tekst (51 stron),https://ugrudahuta.bip.lubelskie.pl/upload/pliki/raport-o-stanie-gminy-za-2022-autopoprawka.pdf,direct_without_tor,1ae6195b7317165dec37fb8cc68b71a989244c1926ce106a1474d85517f2b5e3,200,2026-09-14T23:25:00Z,"„Raport o stanie gminy Ruda-Huta za rok 2022""; art. 28aa u.s.g.; Wójt Gminy Ruda-Huta (pow. chełmski, TERYT 0603092); 51 str. tekst — „O STANIE GMINY RUDA-HUTA ZA ROK 2022""; BIP ugrudahuta.bip.lubelskie.pl kat 258, detal 1897459",3.432,true
5798,lubelskie,chełmski,Ruda-Huta,gmina wiejska,0603092,2023,ok_finalnie,pdf,tekst (56 stron),https://ugrudahuta.bip.lubelskie.pl/upload/pliki/raport_o_stanie_gminy_za_2023_ostateczna.pdf,direct_without_tor,42422da63632ab6593cb71e7e69fefd8d127908602fdcb5b9b2161f0f891af3d,200,2026-09-14T23:25:00Z,"„Raport o stanie gminy Ruda-Huta za rok 2023""; art. 28aa u.s.g.; Wójt Gminy Ruda-Huta (pow. chełmski, TERYT 0603092); 56 str. tekst — „O STANIE GMINY RUDA-HUTA ZA ROK 2023""; BIP ugrudahuta.bip.lubelskie.pl kat 258, detal 2047524",4.205,true
5799,lubelskie,chełmski,Ruda-Huta,gmina wiejska,0603092,2024,ok_finalnie,pdf,tekst (56 stron),https://ugrudahuta.bip.lubelskie.pl/upload/pliki/raport_o_stanie_gminy_za_2024_rok.pdf,direct_without_tor,415c6dfac6ab629f784c13abee991258ccc94d71e331ea947e6e15683df0b829,200,2026-09-14T23:25:00Z,"„Raport o stanie gminy Ruda-Huta za rok 2024""; art. 28aa u.s.g.; Wójt Gminy Ruda-Huta (pow. chełmski, TERYT 0603092); 56 str. tekst — „O STANIE GMINY RUDA-HUTA ZA ROK 2024""; BIP ugrudahuta.bip.lubelskie.pl kat 258, detal 2171798",3.654,true
5800,lubelskie,chełmski,Ruda-Huta,gmina wiejska,0603092,2025,ok_finalnie,pdf,tekst (62 stron),https://ugrudahuta.bip.lubelskie.pl/upload/pliki/raport_o_stanie_gminy_za_2025r.pdf,direct_without_tor,093ff55861caf8bae5d6c85160bc334fcf66d9a305bf6699bc0d56ca8da174b0,200,2026-09-14T23:25:00Z,"„Raport o stanie gminy Ruda-Huta za rok 2025""; art. 28aa u.s.g.; Wójt Gminy Ruda-Huta (pow. chełmski, TERYT 0603092); 62 str. tekst — „O STANIE GMINY RUDA-HUTA ZA ROK 2025""; BIP ugrudahuta.bip.lubelskie.pl kat 258, detal 2320188",3.866,true
5801,lubelskie,chełmski,Sawin,gmina wiejska,0603102,2018,ok_finalnie,pdf,tekst (90 stron),https://ugsawin.bip.lubelskie.pl/upload/pliki/Raport_o_stanie_Gminy_Sawin_2018.pdf,direct_without_tor,44ae18db2049491cda75e8066ec61eb6da2be5a45c2c964820112d1c5cfeb168,200,2026-09-14T23:45:00Z,"Raport o stanie Gminy Sawin za 2018 r. (detal BIP 1398295—kat 469); art. 28aa u.s.g.; Wójt Gminy Sawin (pow. chełmski, TERYT 0603102); 90 str. tekst; rocznik potwierdzony w treści",1.463,true
5802,lubelskie,chełmski,Sawin,gmina wiejska,0603102,2019,ok_finalnie,pdf,tekst (95 stron),https://ugsawin.bip.lubelskie.pl/upload/pliki/raport_o_stanie_gminy_sawin_2019.pdf,direct_without_tor,550339d27c2ae53f42eea3d81503084cf2ed13641d21a5bcdc8018cd8289929d,200,2026-09-14T23:45:00Z,"Raport o stanie Gminy Sawin za 2019 r. (detal BIP 2075402); art. 28aa u.s.g.; Wójt Gminy Sawin (pow. chełmski, TERYT 0603102); 95 str. tekst; rocznik potwierdzony w treści",1.804,true
5803,lubelskie,chełmski,Sawin,gmina wiejska,0603102,2020,ok_finalnie,pdf,tekst (78 stron),https://ugsawin.bip.lubelskie.pl/upload/pliki/0_raport_o_stanie_gminy_sawin_2020.pdf,direct_without_tor,fd35779b48caa7399f62853e6e390fff5a003349ab6c85f74e25a336e97dc492,200,2026-09-14T23:45:00Z,"Raport o stanie Gminy Sawin za 2020 r. (detal BIP 2075406); art. 28aa u.s.g.; Wójt Gminy Sawin (pow. chełmski, TERYT 0603102); 78 str. tekst; rocznik potwierdzony w treści",1.586,true
5804,lubelskie,chełmski,Sawin,gmina wiejska,0603102,2021,ok_finalnie,pdf,tekst (66 stron),https://ugsawin.bip.lubelskie.pl/upload/pliki/raport_o_stanie_gminy_sawin_za_2021_rok.pdf,direct_without_tor,a2bca7528788216d635fd20da8c83b3da66d49760308cac9b9634352f34a76df,200,2026-09-14T23:45:00Z,"Raport o stanie Gminy Sawin za 2021 r. (detal BIP 2075404); art. 28aa u.s.g.; Wójt Gminy Sawin (pow. chełmski, TERYT 0603102); 66 str. tekst; rocznik potwierdzony w treści",4.87,true
5805,lubelskie,chełmski,Sawin,gmina wiejska,0603102,2022,ok_finalnie,pdf,tekst (51 stron),https://ugsawin.bip.lubelskie.pl/upload/pliki/raport_o_stanie_gminy_2022.pdf,direct_without_tor,4d0860657d82d11a4789f8fefc93acf2526f2ea8237c4bc12656557f86685c7b,200,2026-09-14T23:45:00Z,"Raport o stanie Gminy Sawin za 2022 r. (detal BIP 2075403); art. 28aa u.s.g.; Wójt Gminy Sawin (pow. chełmski, TERYT 0603102); 51 str. tekst; rocznik potwierdzony w treści",4.396,true
5806,lubelskie,chełmski,Sawin,gmina wiejska,0603102,2023,ok_finalnie,pdf,tekst (52 stron),https://ugsawin.bip.lubelskie.pl/upload/pliki/raport_o_stanie_gminy_sawin_za_2023_rok-2.pdf,direct_without_tor,af796b42616679a9363066135e8d6009891cf05d0710c78304869896ab3a56ec,200,2026-09-14T23:45:00Z,"Raport o stanie Gminy Sawin za 2023 r. (detal BIP 2075407); art. 28aa u.s.g.; Wójt Gminy Sawin (pow. chełmski, TERYT 0603102); 52 str. tekst; rocznik potwierdzony w treści",4.314,true
5807,lubelskie,chełmski,Sawin,gmina wiejska,0603102,2024,ok_finalnie,pdf,tekst (96 stron),https://ugsawin.bip.lubelskie.pl/upload/pliki/untitledfr113.pdf,direct_without_tor,0cb56305332c198dc225a44ed1b821a244829284d06ccceb9ee0f1211be6aaf0,200,2026-09-14T23:45:00Z,"Raport o stanie Gminy Sawin za 2024 r. (detal BIP 2181767); art. 28aa u.s.g.; Wójt Gminy Sawin (pow. chełmski, TERYT 0603102); 96 str. tekst (detal zawiera też sprostowanie Wójta 25.06.2025: 2506202511194600001.pdf) (2024 r.)",1.848,true
5808,lubelskie,chełmski,Sawin,gmina wiejska,0603102,2025,ok_finalnie,pdf,tekst (100 stron),https://ugsawin.bip.lubelskie.pl/upload/pliki/raport_o_stanie_gminy_2025.pdf,direct_without_tor,63c8fcec7c119da31a6d860c94e05774bcfb02d2e5cfdf8149026d8acb33473e,200,2026-09-14T23:45:00Z,"Raport o stanie Gminy Sawin za 2025 r. (detal BIP 2313977); art. 28aa u.s.g.; Wójt Gminy Sawin (pow. chełmski, TERYT 0603102); 100 str. tekst; rocznik potwierdzony w treści",3.028,true
5809,lubelskie,chełmski,Siedliszcze,gmina miejsko-wiejska,0603113,2018,ok_finalnie,pdf,tekst (55 stron),https://ugsiedliszcze.bip.e-zeto.eu/bip/20_ugsiedliszcze/fckeditor/file/Raport%20o%20stanie%20Gminy/2019//Raport%20o%20stanie%20Gminy%20Siedliszcze.pdf,direct_without_tor,f8440476185d5ca215a68d6b2ffdb03d481540ab1d11afd948a2ee9c7ac776a2,200,2026-09-15T00:05:00Z,"Raport o stanie Gminy Siedliszcze za 2018 rok; art. 28aa u.s.g.; Burmistrz Siedliszcza (gmina miejsko-wiejska, pow. chełmski, TERYT 0603113); 55 str. tekst; BIP ugsiedliszcze.bip.e-zeto.eu kat „Raporty o stanie Gminy Siedliszcze"" (dokument bt29/2149)",1.312,true
5810,lubelskie,chełmski,Siedliszcze,gmina miejsko-wiejska,0603113,2019,ok_finalnie,pdf,tekst (60 stron),https://ugsiedliszcze.bip.e-zeto.eu/bip/20_ugsiedliszcze/fckeditor/file//Raport%20o%20stanie%20Gminy/Raport%20o%20stanie%20Gminy%20za%202019.pdf,direct_without_tor,6425f27cc6715b610f23906235162bf6dfd1ef2af6308093084eda08a0bd4b45,200,2026-09-15T00:05:00Z,"Raport o stanie Gminy Siedliszcze za 2019 rok; art. 28aa u.s.g.; Burmistrz Siedliszcza (gmina miejsko-wiejska, pow. chełmski, TERYT 0603113); 60 str. tekst; BIP ugsiedliszcze.bip.e-zeto.eu kat „Raporty o stanie Gminy Siedliszcze"" (dokument bt29/2581)",1.009,true
5811,lubelskie,chełmski,Siedliszcze,gmina miejsko-wiejska,0603113,2020,ok_finalnie,pdf,tekst (53 stron),https://ugsiedliszcze.bip.e-zeto.eu/bip/20_ugsiedliszcze/fckeditor/file//Raport%20o%20stanie%20Gminy/Raport%20o%20stanie%20Gminy%20za%202020.pdf,direct_without_tor,e801347e8b9409330d4f86443b069dac5f3a617e9615f663ec420c198de2a43c,200,2026-09-15T00:05:00Z,"Raport o stanie Gminy Siedliszcze za 2020 rok; art. 28aa u.s.g.; Burmistrz Siedliszcza (gmina miejsko-wiejska, pow. chełmski, TERYT 0603113); 53 str. tekst; BIP ugsiedliszcze.bip.e-zeto.eu kat „Raporty o stanie Gminy Siedliszcze"" (dokument bt29/2582)",1.03,true
5812,lubelskie,chełmski,Siedliszcze,gmina miejsko-wiejska,0603113,2021,ok_finalnie,pdf,tekst (49 stron),https://siedliszcze.pl/images/stories/Aktualnoci/Raport%20o%20stanie%20gminy/1_RAPORT_Ca%C5%82o%C5%9B%C4%87_za_2021.pdf,direct_without_tor (BIP e-zeto → artykuł CMS siedliszcze.pl z załącznikiem raportu),3f962d3a988da1bd6b28c43ccff6d0f6fb03ae97dcc05b3aa1a8178516566380,200,2026-09-15T00:05:00Z,"Raport o stanie Gminy Siedliszcze za 2021 rok; art. 28aa u.s.g.; Burmistrz Siedliszcza (gmina miejsko-wiejska, pow. chełmski, TERYT 0603113); 49 str. tekst; BIP ugsiedliszcze.bip.e-zeto.eu kat „Raporty o stanie Gminy Siedliszcze"" (dokument bt29/3365); plik z portalu siedliszcze.pl (artykuł o debacie nad raportem za 2021)",1.049,true
5813,lubelskie,chełmski,Siedliszcze,gmina miejsko-wiejska,0603113,2022,ok_finalnie,pdf,tekst (50 stron),https://siedliszcze.pl/images/stories/Aktualnoci/2023/Raport_o_stanie_gminy/RAPORT_za_2022.pdf,direct_without_tor (BIP e-zeto → artykuł CMS siedliszcze.pl z załącznikiem raportu),8e6f5262b3708dcfdd53b17c3fb0aa85e13968fa117a8f4751bf8f8d86432ed8,200,2026-09-15T00:05:00Z,"Raport o stanie Gminy Siedliszcze za 2022 rok; art. 28aa u.s.g.; Burmistrz Siedliszcza (gmina miejsko-wiejska, pow. chełmski, TERYT 0603113); 50 str. tekst; BIP ugsiedliszcze.bip.e-zeto.eu kat „Raporty o stanie Gminy Siedliszcze"" (dokument bt29/3366); plik z portalu siedliszcze.pl (artykuł o debacie nad raportem za 2022)",0.885,true
5814,lubelskie,chełmski,Siedliszcze,gmina miejsko-wiejska,0603113,2023,ok_finalnie,pdf,tekst (55 stron),https://siedliszcze.pl/images/stories/Aktualnoci/Raport%20o%20stanie%20gminy/Raport_o_stanie_gminy_za_2023_r.pdf,direct_without_tor (BIP e-zeto → artykuł CMS siedliszcze.pl z załącznikiem raportu),5eed798a77257bce39ee64a3789f081b5526aba646a4f120537eead724df1d39,200,2026-09-15T00:05:00Z,"Raport o stanie Gminy Siedliszcze za 2023 rok; art. 28aa u.s.g.; Burmistrz Siedliszcza (gmina miejsko-wiejska, pow. chełmski, TERYT 0603113); 55 str. tekst; BIP ugsiedliszcze.bip.e-zeto.eu kat „Raporty o stanie Gminy Siedliszcze"" (dokument bt29/3367); plik z portalu siedliszcze.pl (artykuł o debacie nad raportem za 2023)",0.958,true
5815,lubelskie,chełmski,Siedliszcze,gmina miejsko-wiejska,0603113,2024,ok_finalnie,pdf,tekst (60 stron),https://siedliszcze.pl/images/stories/Aktualnoci/Raport%20o%20stanie%20gminy/Raport_o_stanie_gminy_za_2024_r.pdf,direct_without_tor (BIP e-zeto → artykuł CMS siedliszcze.pl z załącznikiem raportu),76e13a7b6f6706a4e57f8bb7ca48e5594279ae9195d40782c55dbee4ba804ecb,200,2026-09-15T00:05:00Z,"Raport o stanie Gminy Siedliszcze za 2024 rok; art. 28aa u.s.g.; Burmistrz Siedliszcza (gmina miejsko-wiejska, pow. chełmski, TERYT 0603113); 60 str. tekst; BIP ugsiedliszcze.bip.e-zeto.eu kat „Raporty o stanie Gminy Siedliszcze"" (dokument bt29/3683); plik z portalu siedliszcze.pl (artykuł o debacie nad raportem za 2024)",1.102,true
5816,lubelskie,chełmski,Siedliszcze,gmina miejsko-wiejska,0603113,2025,ok_finalnie,pdf,tekst (74 stron),https://siedliszcze.pl/images/stories/Aktualnoci/2026/1_RAPORT_Ca%C5%82o%C5%9B%C4%87_za_2025.pdf,direct_without_tor (BIP e-zeto → artykuł CMS siedliszcze.pl z załącznikiem raportu),711fe1151f8ddcc2a9b832c66a9fb60068ebb91e5812164bdd1b0b762348ef3f,200,2026-09-15T00:05:00Z,"Raport o stanie Gminy Siedliszcze za 2025 rok; art. 28aa u.s.g.; Burmistrz Siedliszcza (gmina miejsko-wiejska, pow. chełmski, TERYT 0603113); 74 str. tekst; BIP ugsiedliszcze.bip.e-zeto.eu kat „Raporty o stanie Gminy Siedliszcze"" (dokument bt29/3959); plik z portalu siedliszcze.pl (artykuł o debacie nad raportem za 2025)",1.375,true
5817,lubelskie,chełmski,Wierzbica,gmina wiejska,0603122,2018,ok_finalnie,pdf,tekst (28 stron),https://ugwierzbica.bip.lubelskie.pl/upload/pliki/Raport_o_stanie_Gminy_Wierzbica_za_2018.pdf,direct_without_tor,a883569c3c7d6df54b1dc540526a93821d26416f4686af419a104ad7d39ea1e7,200,2026-09-15T00:25:00Z,"Raport o stanie Gminy Wierzbica za 2018 rok; art. 28aa u.s.g.; Wójt Gminy Wierzbica (pow. chełmski, TERYT 0603122); 28 str. tekst — „RAPORT O STANIE GMINY WIERZBICA ZA 2018""; źródło: samorzad.gov.pl/web/gmina-wierzbica/raport-o-stanie-gminy2 (wszystkie roczniki 2018–2025)",0.801,true
5818,lubelskie,chełmski,Wierzbica,gmina wiejska,0603122,2019,ok_finalnie,pdf,tekst (37 stron),https://samorzad.gov.pl/attachment/dc895548-cb99-4409-a1d8-ec1cbabb740e,"direct_without_tor (portal gov.pl samorzad.gov.pl/web/gmina-wierzbica — zakładka „Raport o stanie Gminy"", załączniki /attachment/)",94f3ff623584de6401c2d8048016d303d5a3aa602f45fb074d00ddf657dd25b5,200,2026-09-15T00:25:00Z,"Raport o stanie Gminy Wierzbica za 2019 rok; art. 28aa u.s.g.; Wójt Gminy Wierzbica (pow. chełmski, TERYT 0603122); 37 str. tekst — „RAPORT O STANIE GMINY WIERZBICA ZA 2019 ROK (maj 2020)""; źródło: samorzad.gov.pl/web/gmina-wierzbica/raport-o-stanie-gminy2 (wszystkie roczniki 2018–2025)",0.951,true
5819,lubelskie,chełmski,Wierzbica,gmina wiejska,0603122,2020,ok_finalnie,pdf,tekst (52 stron),https://ugwierzbica.bip.lubelskie.pl/upload/pliki/raport_o_stanie_Gminy_Wierzbica_za_2020_rok.pdf,direct_without_tor,ee6d8dcda08a34dc623c5212f184b590f2bd514f25eb7c99ee753cdd36922db2,200,2026-09-15T00:25:00Z,"Raport o stanie Gminy Wierzbica za 2020 rok; art. 28aa u.s.g.; Wójt Gminy Wierzbica (pow. chełmski, TERYT 0603122); 52 str. tekst — „RAPORT O STANIE GMINY WIERZBICA ZA 2020""; źródło: samorzad.gov.pl/web/gmina-wierzbica/raport-o-stanie-gminy2 (wszystkie roczniki 2018–2025)",1.685,true
5820,lubelskie,chełmski,Wierzbica,gmina wiejska,0603122,2021,ok_finalnie,pdf,tekst (60 stron),https://samorzad.gov.pl/attachment/9ad7a1d9-ec1b-490b-8248-50e8940e9599,"direct_without_tor (portal gov.pl samorzad.gov.pl/web/gmina-wierzbica — zakładka „Raport o stanie Gminy"", załączniki /attachment/)",df7768e5d7cdb1bf0dc024791230b15ebcc64a912b661c0121cc3821c03b9da6,200,2026-09-15T00:25:00Z,"Raport o stanie Gminy Wierzbica za 2021 rok; art. 28aa u.s.g.; Wójt Gminy Wierzbica (pow. chełmski, TERYT 0603122); 60 str. tekst — „RAPORT O STANIE GMINY WIERZBICA ZA ROK 2021""; źródło: samorzad.gov.pl/web/gmina-wierzbica/raport-o-stanie-gminy2 (wszystkie roczniki 2018–2025)",2.473,true
5821,lubelskie,chełmski,Wierzbica,gmina wiejska,0603122,2022,ok_finalnie,pdf,tekst (60 stron),https://samorzad.gov.pl/attachment/6ae67272-6747-493c-a52c-c77e90a09099,"direct_without_tor (portal gov.pl samorzad.gov.pl/web/gmina-wierzbica — zakładka „Raport o stanie Gminy"", załączniki /attachment/)",d4953c31e5481a5badff16a00a9838b84d330379dfd4672fa533843c6291f5b5,200,2026-09-15T00:25:00Z,"Raport o stanie Gminy Wierzbica za 2022 rok; art. 28aa u.s.g.; Wójt Gminy Wierzbica (pow. chełmski, TERYT 0603122); 60 str. tekst — „RAPORT O STANIE GMINY WIERZBICA ZA ROK 2022""; źródło: samorzad.gov.pl/web/gmina-wierzbica/raport-o-stanie-gminy2 (wszystkie roczniki 2018–2025)",1.497,true
5822,lubelskie,chełmski,Wierzbica,gmina wiejska,0603122,2023,ok_finalnie,pdf,tekst (54 stron),https://samorzad.gov.pl/attachment/3137b771-4af0-4ad5-ac08-3217cfb29796,"direct_without_tor (portal gov.pl samorzad.gov.pl/web/gmina-wierzbica — zakładka „Raport o stanie Gminy"", załączniki /attachment/)",b010f9b0895b0a5530354c0404751c0c78d708356aca514259d6228d412cd96c,200,2026-09-15T00:25:00Z,"Raport o stanie Gminy Wierzbica za 2023 rok; art. 28aa u.s.g.; Wójt Gminy Wierzbica (pow. chełmski, TERYT 0603122); 54 str. tekst — „RAPORT O STANIE GMINY WIERZBICA ZA 2023""; źródło: samorzad.gov.pl/web/gmina-wierzbica/raport-o-stanie-gminy2 (wszystkie roczniki 2018–2025)",2.193,true
5823,lubelskie,chełmski,Wierzbica,gmina wiejska,0603122,2024,ok_finalnie,pdf,tekst (55 stron),https://ugwierzbica.bip.lubelskie.pl/upload/pliki/raport-o-stanie-gminy-2024.pdf,direct_without_tor,16258b38adbad1f8ef7632cd4fe72143664e34dfcfe78ef0f07674f6b9b5a455,200,2026-09-15T00:25:00Z,"Raport o stanie Gminy Wierzbica za 2024 rok; art. 28aa u.s.g.; Wójt Gminy Wierzbica (pow. chełmski, TERYT 0603122); 55 str. tekst — „RAPORT O STANIE GMINY WIERZBICA ZA 2024""; źródło: samorzad.gov.pl/web/gmina-wierzbica/raport-o-stanie-gminy2 (wszystkie roczniki 2018–2025)",4.157,true
5824,lubelskie,chełmski,Wierzbica,gmina wiejska,0603122,2025,ok_finalnie,pdf,tekst (57 stron),https://ugwierzbica.bip.lubelskie.pl/upload/pliki/raport_o_stanie_gminy-2025.pdf,direct_without_tor,ba5c201261b21d7c1d0d36b23d492b857054cb6c58ca1c1eb542744f7e298223,200,2026-09-15T00:25:00Z,"Raport o stanie Gminy Wierzbica za 2025 rok; art. 28aa u.s.g.; Wójt Gminy Wierzbica (pow. chełmski, TERYT 0603122); 57 str. tekst — „RAPORT O STANIE GMINY WIERZBICA ZA 2025""; źródło: samorzad.gov.pl/web/gmina-wierzbica/raport-o-stanie-gminy2 (wszystkie roczniki 2018–2025)",6.666,true
5825,lubelskie,chełmski,Wojsławice,gmina wiejska,0603132,2018,ok_finalnie,pdf,"skan (132 str.; okładka OCR: „RAPORT O STANIE GMINY WOJSŁAWICE ZA 2018 ROK"", Urząd Gminy Wojsławice, ul. Rynek 30)",https://ugwojslawice.bip.lubelskie.pl/upload/pliki/raport_o_stanie_gminy.pdf,direct_without_tor + ocr,1b0b1aec80fb13152c56ab2c2ada7492689dfa08bacb0970a0a9677ae59e6507,200,2026-09-15T00:45:00Z,"Raport o stanie Gminy Wojsławice za 2018 rok; art. 28aa u.s.g.; Wójt Gminy Wojsławice (pow. chełmski, TERYT 0603132); BIP ugwojslawice kat 657 „RAPORT O STANIE GMINY WOJSŁAWICE"", detal 1395324; 132 str.",46.424,true
5826,lubelskie,chełmski,Wojsławice,gmina wiejska,0603132,2019,ok_finalnie,pdf,tekst (162 stron),https://ugwojslawice.bip.lubelskie.pl/upload/pliki/Raport_za_2019_str._tyt.-scalone.pdf,direct_without_tor,9e0e1f5deae492975c376ffb1a74fa8daf65ee6e1c9710bc9ed575f7dc7e01f2,200,2026-09-15T00:45:00Z,"Raport o stanie Gminy Wojsławice za 2019 rok; art. 28aa u.s.g.; Wójt Gminy Wojsławice (pow. chełmski, TERYT 0603132); BIP ugwojslawice kat 658 „RAPORT O STANIE GMINY WOJSŁAWICE"", detal 1531579; 162 str.",9.639,true
5827,lubelskie,chełmski,Wojsławice,gmina wiejska,0603132,2020,ok_finalnie,pdf,tekst (133 stron),https://ugwojslawice.bip.lubelskie.pl/upload/pliki/Raport2020_%E2%80%94_kopia.pdf,direct_without_tor,69a08878d34dcc41c70fec0e17a9e5abb86113e9f9d68eba564b69c03908b1f3,200,2026-09-15T00:45:00Z,"Raport o stanie Gminy Wojsławice za 2020 rok; art. 28aa u.s.g.; Wójt Gminy Wojsławice (pow. chełmski, TERYT 0603132); BIP ugwojslawice kat 659 „RAPORT O STANIE GMINY WOJSŁAWICE"", detal 1649797; 133 str.",5.303,true
5828,lubelskie,chełmski,Wojsławice,gmina wiejska,0603132,2021,ok_finalnie,pdf,tekst (282 stron),https://ugwojslawice.bip.lubelskie.pl/upload/pliki/raport-2021-merged-3.pdf,direct_without_tor,401227bc1d266851cb12af94772b3ac2b721b34578eedfea5a40de3fc20bd626,200,2026-09-15T00:45:00Z,"Raport o stanie Gminy Wojsławice za 2021 rok; art. 28aa u.s.g.; Wójt Gminy Wojsławice (pow. chełmski, TERYT 0603132); BIP ugwojslawice kat 660 „RAPORT O STANIE GMINY WOJSŁAWICE"", detal 1767422; 282 str.",30.67,true
5829,lubelskie,chełmski,Wojsławice,gmina wiejska,0603132,2022,ok_finalnie,pdf,tekst (189 stron),https://ugwojslawice.bip.lubelskie.pl/upload/pliki/raport-o-stanie-gminy-za-2022-rok.pdf,direct_without_tor,d20f0db0d1ab26cc08cc92b2741493fed62c5bc697843971fab915f5c76cdb4c,200,2026-09-15T00:45:00Z,"Raport o stanie Gminy Wojsławice za 2022 rok; art. 28aa u.s.g.; Wójt Gminy Wojsławice (pow. chełmski, TERYT 0603132); BIP ugwojslawice kat 661 „RAPORT O STANIE GMINY WOJSŁAWICE"", detal 1896403; 189 str.",2.645,true
5830,lubelskie,chełmski,Wojsławice,gmina wiejska,0603132,2023,ok_finalnie,pdf,tekst (188 stron),https://ugwojslawice.bip.lubelskie.pl/upload/pliki/raport_o_stanie_gminy_za_2023_r.pdf,direct_without_tor,bed782c8c8c2063cbc54045002a2a16eaf57ac680677d3e6a98907439674bc1f,200,2026-09-15T00:45:00Z,"Raport o stanie Gminy Wojsławice za 2023 rok; art. 28aa u.s.g.; Wójt Gminy Wojsławice (pow. chełmski, TERYT 0603132); BIP ugwojslawice kat 691 „RAPORT O STANIE GMINY WOJSŁAWICE"", detal 2031191; 188 str.",3.076,true
5831,lubelskie,chełmski,Wojsławice,gmina wiejska,0603132,2024,ok_finalnie,pdf,tekst (205 stron),https://ugwojslawice.bip.lubelskie.pl/upload/pliki/0raport_za_2024_rok.pdf,direct_without_tor,ea1f49f430be9ddfb07ecb1062f3e0c6651e792b94c0859975d84218c63d11a8,200,2026-09-15T00:45:00Z,"Raport o stanie Gminy Wojsławice za 2024 rok; art. 28aa u.s.g.; Wójt Gminy Wojsławice (pow. chełmski, TERYT 0603132); BIP ugwojslawice kat 718 „RAPORT O STANIE GMINY WOJSŁAWICE"", detal 2175079; 205 str.",2.771,true
5832,lubelskie,chełmski,Wojsławice,gmina wiejska,0603132,2025,ok_finalnie,pdf,tekst (158 stron),https://ugwojslawice.bip.lubelskie.pl/upload/pliki/0raport_o_stanie_gminy_za_2025_r.pdf,direct_without_tor,0785b11dac9e93e9f6bb0baf93ba7fa37f1c2c6a647d4240f69119f5d546608c,200,2026-09-15T00:45:00Z,"Raport o stanie Gminy Wojsławice za 2025 rok; art. 28aa u.s.g.; Wójt Gminy Wojsławice (pow. chełmski, TERYT 0603132); BIP ugwojslawice kat 736 „RAPORT O STANIE GMINY WOJSŁAWICE"", detal 2316541; 158 str.",1.627,true
5833,lubelskie,chełmski,Żmudź,gmina wiejska,0603142,2018,ok_finalnie,docx,tekst (docx; dane wg stanu na 31.12.2018 r.),https://ugzmudz.bip.lubelskie.pl/upload/pliki/raport-o-stanie-gminy-zmudz-za-2018.docx,direct_without_tor,9bc019faeaf480a2e473cf9c1ab22afad0a32d7d0761a8dcc06d0e5123cb3ac7,200,2026-09-15T01:00:00Z,"Raport o stanie Gminy Żmudź za 2018 rok; art. 28aa u.s.g.; Wójt Gminy Żmudź (pow. chełmski, TERYT 0603142); dokument DOCX (XML zawiera treść); BIP ugzmudz.bip.lubelskie.pl kat 188 „Raport o stanie Gminy Żmudź"", detal 1770072",0.19,true
5834,lubelskie,chełmski,Żmudź,gmina wiejska,0603142,2019,ok_finalnie,docx,tekst (docx; dane wg stanu na 31.12.2019 r.),https://ugzmudz.bip.lubelskie.pl/upload/pliki/raport-o-stanie-gminy-zmudz-za-2019.docx,direct_without_tor,91d0ecfcf099a54b8048ef1d237745749587908c097d76861c5e26475c09607f,200,2026-09-15T01:00:00Z,"Raport o stanie Gminy Żmudź za 2019 rok; art. 28aa u.s.g.; Wójt Gminy Żmudź (pow. chełmski, TERYT 0603142); dokument DOCX (XML zawiera treść); BIP ugzmudz.bip.lubelskie.pl kat 188 „Raport o stanie Gminy Żmudź"", detal 1770076",0.189,true
5835,lubelskie,chełmski,Żmudź,gmina wiejska,0603142,2020,ok_finalnie,docx,tekst (docx; dane wg stanu na 31.12.2020 r.),https://ugzmudz.bip.lubelskie.pl/upload/pliki/raport-o-stanie-gminy-zmudz-za-2020.docx,direct_without_tor,7a7c982457c35d6f51ae1c1767731fdfd87292b28df8e34b403dd5c5625d3334,200,2026-09-15T01:00:00Z,"Raport o stanie Gminy Żmudź za 2020 rok; art. 28aa u.s.g.; Wójt Gminy Żmudź (pow. chełmski, TERYT 0603142); dokument DOCX (XML zawiera treść); BIP ugzmudz.bip.lubelskie.pl kat 188 „Raport o stanie Gminy Żmudź"", detal 1770079",0.188,true
5836,lubelskie,chełmski,Żmudź,gmina wiejska,0603142,2021,ok_finalnie,docx,tekst (docx; dane wg stanu na 31.12.2021 r.),https://ugzmudz.bip.lubelskie.pl/upload/pliki/raport-o-stanie-gminy-zmudz-za-2021.docx,direct_without_tor,7cd05bb9707ce1d183f023604b23a8db698883c8ae7de5ddabf96d66eb980038,200,2026-09-15T01:00:00Z,"Raport o stanie Gminy Żmudź za 2021 rok; art. 28aa u.s.g.; Wójt Gminy Żmudź (pow. chełmski, TERYT 0603142); dokument DOCX (XML zawiera treść); BIP ugzmudz.bip.lubelskie.pl kat 188 „Raport o stanie Gminy Żmudź"", detal 1770080",0.191,true
5837,lubelskie,chełmski,Żmudź,gmina wiejska,0603142,2022,ok_finalnie,pdf,tekst (23 stron),https://ugzmudz.bip.lubelskie.pl/upload/pliki/raport-o-stanie-gminy-zmudz-za-2022.pdf,direct_without_tor,0905137f44f75900bf3bb7204cfdf23a31bff726d60be5f5b632c9be27ff7fa3,200,2026-09-15T01:00:00Z,"Raport o stanie Gminy Żmudź za 2022 rok; art. 28aa u.s.g.; Wójt Gminy Żmudź (pow. chełmski, TERYT 0603142); 23 str. tekst — „Raport o stanie Gminy Żmudź za 2022 rok""; BIP ugzmudz kat 188, detal 1893105",0.3,true
5838,lubelskie,chełmski,Żmudź,gmina wiejska,0603142,2023,ok_finalnie,pdf,tekst (25 stron),https://ugzmudz.bip.lubelskie.pl/upload/pliki/raport_o_stanie_gminy_zmudz_za_2023.pdf,direct_without_tor,66f83955556216e48d0930413a7fc6d283f7959afda1c1d8baf9a71fb1c0b6fd,200,2026-09-15T01:00:00Z,"Raport o stanie Gminy Żmudź za 2023 rok; art. 28aa u.s.g.; Wójt Gminy Żmudź (pow. chełmski, TERYT 0603142); 25 str. tekst — „Raport o stanie Gminy Żmudź za 2023 rok""; BIP ugzmudz kat 188, detal 2034340",0.309,true
5839,lubelskie,chełmski,Żmudź,gmina wiejska,0603142,2024,ok_finalnie,pdf,tekst (26 stron),https://ugzmudz.bip.lubelskie.pl/upload/pliki/raport_o_stanie_gminy_za_2024_rok.pdf,direct_without_tor,c25c38cee8063849b02b1efa401881835ff32c72776dfbd6626dba8330f76ab1,200,2026-09-15T01:00:00Z,"Raport o stanie Gminy Żmudź za 2024 rok; art. 28aa u.s.g.; Wójt Gminy Żmudź (pow. chełmski, TERYT 0603142); 26 str. tekst — „Raport o stanie Gminy Żmudź za 2024 rok""; BIP ugzmudz kat 188, detal 2175025",0.927,true
5840,lubelskie,chełmski,Żmudź,gmina wiejska,0603142,2025,ok_finalnie,pdf,tekst (25 stron),https://ugzmudz.bip.lubelskie.pl/upload/pliki/raport_o_stanie_gminy_zmudz_za_2025.pdf,direct_without_tor,ad5146325da80e2adb9c614e48452c356ec1f8defd5f93b345b47758c26cef91,200,2026-09-15T01:00:00Z,"Raport o stanie Gminy Żmudź za 2025 rok; art. 28aa u.s.g.; Wójt Gminy Żmudź (pow. chełmski, TERYT 0603142); 25 str. tekst — „Raport o stanie Gminy Żmudź za 2025 rok""; BIP ugzmudz kat 188, detal 2312903",0.997,true
5841,lubelskie,chełmski,Rejowiec,gmina miejsko-wiejska,0603153,2018,ok_finalnie,pdf,tekst (94 stron),https://ugrejowiec.bip.e-zeto.eu/bip/ugrejowiec_13/fckeditor/file/Raport_o_stanie_gminy//raport_za_2018_GminaRejowiec.pdf,direct_without_tor,501a41340a32e9bbb04048ae224999d3dca23c3ecc901161e65834f03440894f,200,2026-09-15T01:20:00Z,"Raport o stanie Gminy Rejowiec za rok 2018; art. 28aa u.s.g.; Burmistrz Rejowca (gmina miejsko-wiejska, pow. chełmski, TERYT 0603153, siedziba: Rejowiec); 94 str. tekst — „O STANIE GMINY REJOWIEC ZA ROK 2018""; BIP ugrejowiec.bip.e-zeto.eu, kat „Raport o stanie Gminy"" (menu bt8/mnu67)",8.608,true
5842,lubelskie,chełmski,Rejowiec,gmina miejsko-wiejska,0603153,2019,ok_finalnie,pdf,tekst (83 stron),https://ugrejowiec.bip.e-zeto.eu/bip/ugrejowiec_13/fckeditor/file/Raport_o_stanie_gminy//Raport%20za%202019r.%20wersja4cze2020www.pdf,direct_without_tor,966debab7bdbdc7ee47386f4723909dd9cf15e6fc822ec00e092fcbf763981fc,200,2026-09-15T01:20:00Z,"Raport o stanie Gminy Rejowiec za rok 2019; art. 28aa u.s.g.; Burmistrz Rejowca (gmina miejsko-wiejska, pow. chełmski, TERYT 0603153, siedziba: Rejowiec); 83 str. tekst — „O STANIE GMINY REJOWIEC ZA ROK 2019""; BIP ugrejowiec.bip.e-zeto.eu, kat „Raport o stanie Gminy"" (menu bt8/mnu67)",5.09,true
5843,lubelskie,chełmski,Rejowiec,gmina miejsko-wiejska,0603153,2020,ok_finalnie,pdf,tekst (81 stron),https://ugrejowiec.bip.e-zeto.eu/bip/ugrejowiec_13/fckeditor/file/Raport_o_stanie_gminy//Rejowiec%20-%20raport%202020r%20DRUK.pdf,direct_without_tor,729715d2d4670f0dd2b653b9f564c3f4bcb79d2cde783fa2264dc68f8a1f05bb,200,2026-09-15T01:20:00Z,"Raport o stanie Gminy Rejowiec za rok 2020; art. 28aa u.s.g.; Burmistrz Rejowca (gmina miejsko-wiejska, pow. chełmski, TERYT 0603153, siedziba: Rejowiec); 81 str. tekst — „O STANIE GMINY REJOWIEC ZA ROK 2020""; BIP ugrejowiec.bip.e-zeto.eu, kat „Raport o stanie Gminy"" (menu bt8/mnu67)",6.267,true
5844,lubelskie,chełmski,Rejowiec,gmina miejsko-wiejska,0603153,2021,ok_finalnie,pdf,tekst (55 stron),https://ugrejowiec.bip.e-zeto.eu/bip/ugrejowiec_13/fckeditor/file/Raport_o_stanie_gminy//Rejowiec%20-%20raport31maja2022fin.pdf,direct_without_tor,d0f5160e7b1c25081ff5012dc29d15c679a16e0b9e38c704615db15e745f3a30,200,2026-09-15T01:20:00Z,"Raport o stanie Gminy Rejowiec za rok 2021; art. 28aa u.s.g.; Burmistrz Rejowca (gmina miejsko-wiejska, pow. chełmski, TERYT 0603153, siedziba: Rejowiec); 55 str. tekst — „O STANIE GMINY REJOWIEC ZA ROK 2021""; BIP ugrejowiec.bip.e-zeto.eu, kat „Raport o stanie Gminy"" (menu bt8/mnu67)",4.158,true
5845,lubelskie,chełmski,Rejowiec,gmina miejsko-wiejska,0603153,2022,ok_finalnie,pdf,tekst (67 stron),https://ugrejowiec.bip.e-zeto.eu/bip/ugrejowiec_13/fckeditor/file/Raport_o_stanie_gminy//Rejowiec%20-%20raport%20za%202022.pdf,direct_without_tor,c547cd398eee3ec9be09ff40dda24ff8caa74f1e4703eb3ff9d6cb8e346b2aef,200,2026-09-15T01:20:00Z,"Raport o stanie Gminy Rejowiec za rok 2022; art. 28aa u.s.g.; Burmistrz Rejowca (gmina miejsko-wiejska, pow. chełmski, TERYT 0603153, siedziba: Rejowiec); 67 str. tekst — „O STANIE GMINY REJOWIEC ZA ROK 2022""; BIP ugrejowiec.bip.e-zeto.eu, kat „Raport o stanie Gminy"" (menu bt8/mnu67)",4.333,true
5846,lubelskie,chełmski,Rejowiec,gmina miejsko-wiejska,0603153,2023,ok_finalnie,pdf,tekst (71 stron),https://ugrejowiec.bip.e-zeto.eu/bip/ugrejowiec_13/fckeditor/file/Raport_o_stanie_gminy//Raport_za__2023.pdf,direct_without_tor,c97581016fd0fe7d2099dcdf39a04ae3b3117032cadb7f5b535ec9303b5e4cae,200,2026-09-15T01:20:00Z,"Raport o stanie Gminy Rejowiec za rok 2023; art. 28aa u.s.g.; Burmistrz Rejowca (gmina miejsko-wiejska, pow. chełmski, TERYT 0603153, siedziba: Rejowiec); 71 str. tekst — „O STANIE GMINY REJOWIEC ZA ROK 2023""; BIP ugrejowiec.bip.e-zeto.eu, kat „Raport o stanie Gminy"" (menu bt8/mnu67)",3.311,true
5847,lubelskie,chełmski,Rejowiec,gmina miejsko-wiejska,0603153,2024,ok_finalnie,pdf,tekst (78 stron),https://ugrejowiec.bip.e-zeto.eu/bip/ugrejowiec_13/fckeditor/file/Raport_o_stanie_gminy//Raport%20za%202024%20finalny.pdf,direct_without_tor,6be774792cb8bcd262bbfc9484f00d384819d5788c349e9a4fc8f3f024fa15f3,200,2026-09-15T01:20:00Z,"Raport o stanie Gminy Rejowiec za rok 2024; art. 28aa u.s.g.; Burmistrz Rejowca (gmina miejsko-wiejska, pow. chełmski, TERYT 0603153, siedziba: Rejowiec); 78 str. tekst — „O STANIE GMINY REJOWIEC ZA ROK 2024""; BIP ugrejowiec.bip.e-zeto.eu, kat „Raport o stanie Gminy"" (menu bt8/mnu67)",6.497,true
5848,lubelskie,chełmski,Rejowiec,gmina miejsko-wiejska,0603153,2025,ok_finalnie,pdf,tekst (78 stron),https://ugrejowiec.bip.e-zeto.eu/bip/ugrejowiec_13/fckeditor/file/Raport_o_stanie_gminy//raport%20o%20stanie%20gminy%20za%20rok%202025%20-%20finalny.pdf,direct_without_tor,73e918610ce0d4b81b2b3a71eb7d5c366a64fc67415d73b8ec2461266635a90e,200,2026-09-15T01:20:00Z,"Raport o stanie Gminy Rejowiec za rok 2025; art. 28aa u.s.g.; Burmistrz Rejowca (gmina miejsko-wiejska, pow. chełmski, TERYT 0603153, siedziba: Rejowiec); 78 str. tekst — „O STANIE GMINY REJOWIEC ZA ROK 2025""; BIP ugrejowiec.bip.e-zeto.eu, kat „Raport o stanie Gminy"" (menu bt8/mnu67)",105.7,true
5849,lubelskie,hrubieszowski,-,-,0604,2018,ok_finalnie,pdf,tekst (136 stron),http://bip.starostwo.hrubieszow.pl/dat/attach/1232_zalacznik-do-uchwaly-nr-77-raport.pdf,direct_without_tor,3f0f99489a83be8905e633e890a0ee49af0e88e8632c3d8d0aab4d6c900929c0,200,2026-09-15T01:50:00Z,"Raport o stanie Powiatu Hrubieszowskiego za 2018 rok; art. 34a u.s.p.; Zarząd Powiatu Hrubieszowskiego (Starostwo Powiatowe w Hrubieszowie, TERYT 0604); 136 str. tekst — „RAPORT O STANIE""; BIP bip.starostwo.hrubieszow.pl, kat „Raport o stanie Powiatu Hrubieszowskiego"" (page 303 → rocznik page 311)",4.825,true
5850,lubelskie,hrubieszowski,-,-,0604,2019,ok_finalnie,pdf,tekst (52 stron),http://bip.starostwo.hrubieszow.pl/dat/attach/2388_raportza2019.pdf,direct_without_tor,cef4df7a467928cf3c4d61b1be00fe976ad48acc50f8156e1a61dfee206cdcb4,200,2026-09-15T01:50:00Z,"Raport o stanie Powiatu Hrubieszowskiego za 2019 rok; art. 34a u.s.p.; Zarząd Powiatu Hrubieszowskiego (Starostwo Powiatowe w Hrubieszowie, TERYT 0604); 52 str. tekst — „RAPORT O STANIE""; BIP bip.starostwo.hrubieszow.pl, kat „Raport o stanie Powiatu Hrubieszowskiego"" (page 303 → rocznik page 417)",1.01,true
5851,lubelskie,hrubieszowski,-,-,0604,2020,ok_finalnie,pdf,tekst (91 stron),http://bip.starostwo.hrubieszow.pl/dat/attach/3738_raport2020.pdf,direct_without_tor,c32ff4fecc6ec123692dfa36b0fbcb46df15202f5bba3f05345560bdb091282c,200,2026-09-15T01:50:00Z,"Raport o stanie Powiatu Hrubieszowskiego za 2020 rok; art. 34a u.s.p.; Zarząd Powiatu Hrubieszowskiego (Starostwo Powiatowe w Hrubieszowie, TERYT 0604); 91 str. tekst — „RAPORT O STANIE""; BIP bip.starostwo.hrubieszow.pl, kat „Raport o stanie Powiatu Hrubieszowskiego"" (page 303 → rocznik page 667)",4.616,true
5852,lubelskie,hrubieszowski,-,-,0604,2021,ok_finalnie,pdf,tekst (134 stron),http://bip.starostwo.hrubieszow.pl/dat/attach/5259_raport--o-stanie-powiatu-za-2021-rok-pdf.pdf,direct_without_tor,ff43beaa8c65e5ea59723cb277a8891df836b30e60b610798f99e68503ce1223,200,2026-09-15T01:50:00Z,"Raport o stanie Powiatu Hrubieszowskiego za 2021 rok; art. 34a u.s.p.; Zarząd Powiatu Hrubieszowskiego (Starostwo Powiatowe w Hrubieszowie, TERYT 0604); 134 str. tekst — „RAPORT O STANIE""; BIP bip.starostwo.hrubieszow.pl, kat „Raport o stanie Powiatu Hrubieszowskiego"" (page 303 → rocznik page 880)",5.727,true
5853,lubelskie,hrubieszowski,-,-,0604,2022,ok_finalnie,pdf,tekst (154 stron),http://bip.starostwo.hrubieszow.pl/dat/attach/6418_raport-o-stanie-powiatu-za-2022-rok.pdf,direct_without_tor,97abe3fbfacb9e7a64aff88b55229bbc91c9fd60213ad72302987e772f089fc9,200,2026-09-15T01:50:00Z,"Raport o stanie Powiatu Hrubieszowskiego za 2022 rok; art. 34a u.s.p.; Zarząd Powiatu Hrubieszowskiego (Starostwo Powiatowe w Hrubieszowie, TERYT 0604); 154 str. tekst — „RAPORT O STANIE""; BIP bip.starostwo.hrubieszow.pl, kat „Raport o stanie Powiatu Hrubieszowskiego"" (page 303 → rocznik page 998)",6.37,true
5854,lubelskie,hrubieszowski,-,-,0604,2023,ok_finalnie,pdf,tekst (157 stron),http://bip.starostwo.hrubieszow.pl/dat/attach/7557_raport-za-2023-rok.pdf,direct_without_tor,9ca0c1c31d8bc9ecc3ae90dc74f5071bd71a4abd80ec425ae14b3a98cc6a93a7,200,2026-09-15T01:50:00Z,"Raport o stanie Powiatu Hrubieszowskiego za 2023 rok; art. 34a u.s.p.; Zarząd Powiatu Hrubieszowskiego (Starostwo Powiatowe w Hrubieszowie, TERYT 0604); 157 str. tekst — „RAPORT O STANIE""; BIP bip.starostwo.hrubieszow.pl, kat „Raport o stanie Powiatu Hrubieszowskiego"" (page 303 → rocznik page 1083)",2.79,true
5855,lubelskie,hrubieszowski,-,-,0604,2024,ok_finalnie,pdf,tekst (201 stron),http://bip.starostwo.hrubieszow.pl/dat/attach/8640_raport-za-rok-2024.pdf,direct_without_tor,74b3e984b84f74a56ae3109f84e0aebf16b20856b097b09db056635c56ec0d45,200,2026-09-15T01:50:00Z,"Raport o stanie Powiatu Hrubieszowskiego za 2024 rok; art. 34a u.s.p.; Zarząd Powiatu Hrubieszowskiego (Starostwo Powiatowe w Hrubieszowie, TERYT 0604); 201 str. tekst — „RAPORT O STANIE""; BIP bip.starostwo.hrubieszow.pl, kat „Raport o stanie Powiatu Hrubieszowskiego"" (page 303 → rocznik page 1217)",5.539,true
5856,lubelskie,hrubieszowski,-,-,0604,2025,ok_finalnie,pdf,tekst (214 stron),http://bip.starostwo.hrubieszow.pl/dat/attach/9569_raport-2025-drukowany-na-sesje-bip.pdf,direct_without_tor,8b3366741b5ec5bb4528911add4cc80f4758f499b308a9b0d9a8d71b3ba9cd12,200,2026-09-15T01:50:00Z,"Raport o stanie Powiatu Hrubieszowskiego za 2025 rok; art. 34a u.s.p.; Zarząd Powiatu Hrubieszowskiego (Starostwo Powiatowe w Hrubieszowie, TERYT 0604); 214 str. tekst — „RAPORT O STANIE""; BIP bip.starostwo.hrubieszow.pl, kat „Raport o stanie Powiatu Hrubieszowskiego"" (page 303 → rocznik page 1300)",3.61,true
5857,lubelskie,hrubieszowski,Hrubieszów,gmina miejska,0604011,2018,ok_finalnie,pdf,tekst (71 stron),https://umhrubieszow.bip.lubelskie.pl/upload/pliki/1Raport_o_stanie_gminy_za_2018_rok_zal_z-081-2019.pdf,direct_without_tor,53a2578ecf30b1f778a42c5b06c2e11d7a08bd9dd31c4c2716e375587526561c,200,2026-09-15T04:28:00Z,"Raport o stanie Miasta Hrubieszów za 2018 rok; art. 28aa u.s.g.; Burmistrz Miasta Hrubieszów (umhrubieszow.bip.lubelskie.pl, TERYT 0604011); 71 str. tekst — „RAPORT O STANIE za 2018 rok""; BIP kat 53, dokument 1388891 = ZARZĄDZENIE NR 81/2019 Burmistrza Miasta Hrubieszowa z 15.05.2019 o przedstawieniu raportu; plik = załącznik do zarządzenia (raport)",1.912,true
5858,lubelskie,hrubieszowski,Hrubieszów,gmina miejska,0604011,2019,ok_finalnie,pdf,tekst (211 stron),https://umhrubieszow.bip.lubelskie.pl/upload/pliki/4z-306-2020_zal.pdf,direct_without_tor,05569f09b0f1d97afa4109b0ee49125176c99ea0b438d48d736ace701b852f65,200,2026-09-15T04:28:00Z,"Raport o stanie Miasta Hrubieszów za 2019 rok; art. 28aa u.s.g.; Burmistrz Miasta Hrubieszów (umhrubieszow.bip.lubelskie.pl, TERYT 0604011); 211 str. tekst; BIP kat 53, dokument 1527657 = ZARZĄDZENIE NR 306/2020 Burmistrza Miasta Hrubieszowa z 23.06.2020 o przedstawieniu raportu; plik = załącznik 4 do zarządzenia (raport)",12.563,true
5859,lubelskie,hrubieszowski,Hrubieszów,gmina miejska,0604011,2020,ok_finalnie,pdf,tekst (194 stron),https://umhrubieszow.bip.lubelskie.pl/upload/pliki/RAPORT_O_STANIE_MIASTA_HRUBIESZOW__za_2020_r._2805v1.pdf,direct_without_tor,24c5e978d64052ed2e0a8561766be8b93fd314b5bab36883b4cd0b4f2f88455f,200,2026-09-15T04:28:00Z,"Raport o stanie Miasta Hrubieszów za 2020 rok; art. 28aa u.s.g.; Burmistrz Miasta Hrubieszów (umhrubieszow.bip.lubelskie.pl, TERYT 0604011); 194 str. tekst; BIP kat 53, dokument 1640420 = ZARZĄDZENIE NR 526/2021 Burmistrza Miasta Hrubieszowa z 28.05.2021 o przedstawieniu raportu; „Plik źródłowy"" = raport",13.806,true
5860,lubelskie,hrubieszowski,Hrubieszów,gmina miejska,0604011,2021,ok_finalnie,pdf,tekst (124 stron),https://umhrubieszow.bip.lubelskie.pl/upload/pliki/z-790-2022[1].pdf,direct_without_tor,350774ccbad764afc83b9a66accc4409c2816b7c3e8ee3d8fbdd89e72b5605dd,200,2026-09-15T04:28:00Z,"Raport o stanie Miasta Hrubieszów za 2021 rok; art. 28aa u.s.g.; Burmistrz Miasta Hrubieszów (umhrubieszow.bip.lubelskie.pl, TERYT 0604011); 124 str. tekst (137× „za rok 2021""); BIP kat 313 „Raport o stanie Miasta Hrubieszów za rok 2021"", dokument 1758852 = ZARZĄDZENIE NR 790/2022 Burmistrza Miasta Hrubieszowa z 23.05.2022 o przedstawieniu raportu; plik = zarządzenie z załączonym raportem",7.600,true
5861,lubelskie,hrubieszowski,Hrubieszów,gmina miejska,0604011,2022,ok_finalnie,pdf,tekst (147 stron),https://umhrubieszow.bip.lubelskie.pl/upload/pliki/z-1037-2023.pdf,direct_without_tor,08efff587619aa5dee947e80c45ad455df27acaace7142f13184e49901cc7994,200,2026-09-15T04:28:00Z,"Raport o stanie Miasta Hrubieszów za 2022 rok; art. 28aa u.s.g.; Burmistrz Miasta Hrubieszów (umhrubieszow.bip.lubelskie.pl, TERYT 0604011); 147 str. tekst (152× „za rok 2022""); BIP kat 336, dokument 1892632 = ZARZĄDZENIE NR 1037/2023 Burmistrza Miasta Hrubieszowa z 29.05.2023 o przedstawieniu raportu; plik = zarządzenie z załączonym raportem",10.122,true
5862,lubelskie,hrubieszowski,Hrubieszów,gmina miejska,0604011,2023,ok_finalnie,pdf,tekst (204 stron),https://umhrubieszow.bip.lubelskie.pl/upload/pliki/z-16-2024.pdf,direct_without_tor,7e24c5f9bd756db6be0c31acdfa649a5ba50b698da123cf83245c63b947ac8b6,200,2026-09-15T04:28:00Z,"Raport o stanie Miasta Hrubieszów za rok 2023; art. 28aa u.s.g.; Burmistrz Miasta Hrubieszów (umhrubieszow.bip.lubelskie.pl, TERYT 0604011); 204 str. tekst; BIP kat 336, dokument 2032805 = ZARZĄDZENIE NR 16/2024 Burmistrza Miasta Hrubieszowa z 31.05.2024 o przedstawieniu raportu; plik = zarządzenie z załączonym raportem",20.660,true
5863,lubelskie,hrubieszowski,Hrubieszów,gmina miejska,0604011,2024,ok_finalnie,pdf,tekst (185 stron),https://umhrubieszow.bip.lubelskie.pl/upload/pliki/z-257-2025.pdf,direct_without_tor,72573d9bdcb91f25f25fd438900fbd0a340593951a2eaeebd3ab6785fee91709,200,2026-09-15T04:28:00Z,"Raport o stanie Miasta Hrubieszów za rok 2024; art. 28aa u.s.g.; Burmistrz Miasta Hrubieszów (umhrubieszow.bip.lubelskie.pl, TERYT 0604011); 185 str. tekst; BIP kat 336, dokument 2181827 = ZARZĄDZENIE NR 257/2025 Burmistrza Miasta Hrubieszowa z 29.05.2025 o przedstawieniu raportu; plik = zarządzenie z załączonym raportem",16.098,true
5864,lubelskie,hrubieszowski,Hrubieszów,gmina miejska,0604011,2025,ok_finalnie,pdf,tekst (161 stron),https://umhrubieszow.bip.lubelskie.pl/upload/pliki/z-517-2026.pdf,direct_without_tor,902b7dfb1115f1ac6805a1244249edc3c6454b5b75059b9a65eb27466ce0e1ee,200,2026-09-15T04:28:00Z,"Raport o stanie Miasta Hrubieszów za rok 2025; art. 28aa u.s.g.; Burmistrz Miasta Hrubieszów (umhrubieszow.bip.lubelskie.pl, TERYT 0604011); 161 str. tekst; BIP kat 336, dokument 2314911 = ZARZĄDZENIE NR 517/2026 Burmistrza Miasta Hrubieszowa z 27.05.2026 o przedstawieniu raportu; plik = zarządzenie z załączonym raportem",16.403,true
5865,lubelskie,hrubieszowski,Dołhobyczów,gmina wiejska,0604022,2018,ok_finalnie,pdf,"skan (28 str.; okładka OCR: „RAPORT O STANIE GMINY DOŁHOBYCZÓW NA KONIEC ROKU 2018"", Dołhobyczów, maj 2019)",https://ugdolhobyczow.bip.lubelskie.pl/upload/pliki/0raport_o_stanie_gminy.pdf,direct_without_tor,f31305b978c5222371d1dce935b3d8f46c2fd206bcbd0c2f006a1f0355db7bb2,200,2026-09-15T04:35:00Z,"Raport o stanie Gminy Dołhobyczów na koniec roku 2018; art. 28aa u.s.g.; Wójt Gminy Dołhobyczów (ugdolhobyczow.bip.lubelskie.pl, TERYT 0604022); 28 str. skan bez warstwy tekstowej (okładka OCR); BIP kat 210, dokument 1411389 „Raport o stanie gminy""; przedstawiony zarządzeniem Nr 46/2019 Wójta z 29.05.2019 (dokument 1394878); wersji z warstwą tekstową nie znaleziono",2.498,true
5866,lubelskie,hrubieszowski,Dołhobyczów,gmina wiejska,0604022,2019,ok_finalnie,pdf,"skan (41 str.; okładka OCR: „RAPORT O STANIE GMINY DOŁHOBYCZÓW NA KONIEC 2019 ROKU"", Dołhobyczów, maj 2020)",https://ugdolhobyczow.bip.lubelskie.pl/upload/pliki/Raport_o_stanie_gminy.pdf,direct_without_tor,515107cced6b4a9fddbb93b1ef10aa005267ef4ffe1cbff57ea7927934abfeff,200,2026-09-15T04:35:00Z,"Raport o stanie Gminy Dołhobyczów na koniec 2019 roku; art. 28aa u.s.g.; Wójt Gminy Dołhobyczów (ugdolhobyczow.bip.lubelskie.pl, TERYT 0604022); 41 str. skan bez warstwy tekstowej (okładka OCR); BIP kat 224, dokument 1516413 „Raport o stanie Gminy Dołhobyczów""; przedstawiony zarządzeniem Nr 45/2020 Wójta z 29.05.2020 (dokument 1516410); wersji z warstwą tekstową nie znaleziono",5.750,true
5867,lubelskie,hrubieszowski,Dołhobyczów,gmina wiejska,0604022,2020,brak_finalnie,,,,,,BRAK_DOWODU_ISTNIENIA (niepowstały lub nieopublikowany),2026-09-15T04:35:00Z,"Raport o stanie Gminy Dołhobyczów za 2020 rok — NIE ZNALEZIONO. BIP ugdolhobyczow.bip.lubelskie.pl: pełne przeszukanie 52 kategorii rocznikowych (mapa ?id=17) + szukajka BIP (pattern „raport"", „raport o stanie"", „przedstawienia raportu"") — brak raportu za 2020 i brak zarządzenia o jego przedstawieniu z 2021 r. (kat 239 = zarządzenia 2021: 106 poz., 0 trafień; jedynie zarz. 22/2021 o sprawozdaniu z budżetu). Google/DDG i portal www.dolhobyczow.pl (wyszukiwarka, 11 artykułów z „raport"") — brak. Dowodu publikacji nie znaleziono.",,false
5868,lubelskie,hrubieszowski,Dołhobyczów,gmina wiejska,0604022,2021,brak_finalnie,,,,,,BRAK_DOWODU_ISTNIENIA (niepowstały lub nieopublikowany),2026-09-15T04:35:00Z,"Raport o stanie Gminy Dołhobyczów za 2021 rok — NIE ZNALEZIONO. BIP: pełne przeszukanie 52 kategorii rocznikowych + szukajka BIP — brak raportu za 2021 i brak zarządzenia o przedstawieniu z 2022 r. (kat 253 = zarządzenia 2022: 168 poz., 0 trafień „raport""). Wyszukiwarki internetowe i portal www.dolhobyczow.pl — brak. Dowodu publikacji nie znaleziono.",,false
5869,lubelskie,hrubieszowski,Dołhobyczów,gmina wiejska,0604022,2022,brak_finalnie,,,,,,BRAK_DOWODU_ISTNIENIA (niepowstały lub nieopublikowany),2026-09-15T04:35:00Z,"Raport o stanie Gminy Dołhobyczów za 2022 rok — NIE ZNALEZIONO. BIP: pełne przeszukanie 52 kategorii rocznikowych + szukajka BIP — brak raportu za 2022 i brak zarządzenia o przedstawieniu z 2023 r. (kat 273 = zarządzenia 2023: 117 poz., 0 trafień „raport""). Wyszukiwarki internetowe i portal www.dolhobyczow.pl — brak. Dowodu publikacji nie znaleziono.",,false
5870,lubelskie,hrubieszowski,Dołhobyczów,gmina wiejska,0604022,2023,ok_finalnie,pdf,tekst (56 stron),https://ugdolhobyczow.bip.lubelskie.pl/upload/pliki/raport_za_2023_r.-1.pdf,direct_without_tor,5c455271f19546944fab39dc18440b29e6ae614aabebc6edd66e5f7287b672b1,200,2026-09-15T04:35:00Z,"Raport o stanie Gminy Dołhobyczów na koniec 2023 roku (Dołhobyczów, maj 2024); art. 28aa u.s.g.; Wójt Gminy Dołhobyczów (ugdolhobyczow.bip.lubelskie.pl, TERYT 0604022); 56 str. tekst; BIP kat 286, załącznik „Raport za 2023 rok"" do ZARZĄDZENIA NR 60/2024 Wójta Gminy Dołhobyczów z 31.05.2024 o przedstawieniu raportu (dokument 2033167; dupl. dokument 2033170 „Raport za 2023 rok"")",1.882,true
5871,lubelskie,hrubieszowski,Dołhobyczów,gmina wiejska,0604022,2024,brak_finalnie,,,,,,BRAK_DOWODU_ISTNIENIA (niepowstały lub nieopublikowany),2026-09-15T04:35:00Z,"Raport o stanie Gminy Dołhobyczów za 2024 rok — NIE ZNALEZIONO. BIP: pełne przeszukanie 52 kategorii rocznikowych + szukajka BIP — brak raportu za 2024 i brak zarządzenia o przedstawieniu z 2025 r. (kat 309 = zarządzenia 2025: 136 poz., 0 trafień „raport""). Portal www.dolhobyczow.pl — tylko raporty 2023 (maj 2024) i 2025 (czerwiec 2026); za 2024 brak publikacji. Google — brak. Dowodu publikacji nie znaleziono.",,false
5872,lubelskie,hrubieszowski,Dołhobyczów,gmina wiejska,0604022,2025,ok_finalnie,pdf,tekst (57 stron),https://www.dolhobyczow.pl/asp/galeria/10.02.2026aaaapasja/raport_za_2025_r..pdf,direct_without_tor,b902427f8f7bcdc1389ca02026e236d233ce9b11c0a45e52fe7f41c8d13d0938,200,2026-09-15T04:35:00Z,"Raport o stanie Gminy Dołhobyczów na koniec 2025 roku (Dołhobyczów, maj 2026); art. 28aa u.s.g.; Wójt Gminy Dołhobyczów (TERYT 0604022); 57 str. tekst; portal www.dolhobyczow.pl, artykuł „Raport o stanie Gminy Dołhobyczów na konic 2025 roku"" z 12.06.2026 (id 5432); w BIP nie opublikowano",1.521,true
5873,lubelskie,hrubieszowski,Horodło,gmina wiejska,0604032,2018,ok_finalnie,pdf,tekst (46 stron),https://horodlo.biuletyn.net/fls/bip_pliki/2020_06/BIPOLD002567/2567.pdf,direct_with_tor,92b231590d0b2b9ad9812995282fcce628ecb0358a1bd48a5eb2c1a463a16629,200,2026-09-15T04:41:00Z,"Raport o stanie Gminy Horodło za 2018 rok (URZĄD GMINY W HORODLE, maj 2019); art. 28aa u.s.g.; Wójt Gminy Horodło (horodlo.biuletyn.net, TERYT 0604032); 46 str. tekst — „Załącznik nr 1 do zarządzenia nr 34/2019 Wójta Gminy Horodło z 31.05.2019""; BIP kat 1225 „Raporty o stanie gminy"", dokument id=2649",0.759,true
5874,lubelskie,hrubieszowski,Horodło,gmina wiejska,0604032,2019,brak_finalnie,,,,,,BRAK_DOWODU_ISTNIENIA (niepowstały lub nieopublikowany),2026-09-15T04:41:00Z,"Raport o stanie Gminy Horodło za 2019 rok — NIE ZNALEZIONO. BIP horodlo.biuletyn.net: wyszukiwarka (?find=1) full-text „raport"" (60 wyników) i „raport o stanie"" (8 wyników) — kategoria 1225 „Raporty o stanie gminy"" zawiera wyłącznie raporty 2018 i 2025; brak raportu za 2019 i brak zarządzenia o przedstawieniu. Google (site:horodlo.pl, „Raport o stanie Gminy Horodło"") i portal www.horodlo.pl — brak. Dowodu publikacji nie znaleziono.",,false
5875,lubelskie,hrubieszowski,Horodło,gmina wiejska,0604032,2020,brak_finalnie,,,,,,BRAK_DOWODU_ISTNIENIA (niepowstały lub nieopublikowany),2026-09-15T04:41:00Z,Raport o stanie Gminy Horodło za 2020 rok — NIE ZNALEZIONO. BIP horodlo.biuletyn.net: wyszukiwarka full-text — kategoria 1225 zawiera wyłącznie raporty 2018 i 2025; brak raportu za 2020 i brak zarządzenia o przedstawieniu. Google i portal www.horodlo.pl — brak. Dowodu publikacji nie znaleziono.,,false
5876,lubelskie,hrubieszowski,Horodło,gmina wiejska,0604032,2021,brak_finalnie,,,,,,BRAK_DOWODU_ISTNIENIA (niepowstały lub nieopublikowany),2026-09-15T04:41:00Z,Raport o stanie Gminy Horodło za 2021 rok — NIE ZNALEZIONO. BIP horodlo.biuletyn.net: wyszukiwarka full-text — kategoria 1225 zawiera wyłącznie raporty 2018 i 2025; brak raportu za 2021 i brak zarządzenia o przedstawieniu. Google i portal www.horodlo.pl — brak. Dowodu publikacji nie znaleziono.,,false
5877,lubelskie,hrubieszowski,Horodło,gmina wiejska,0604032,2022,brak_finalnie,,,,,,BRAK_DOWODU_ISTNIENIA (niepowstały lub nieopublikowany),2026-09-15T04:41:00Z,"Raport o stanie Gminy Horodło za 2022 rok — NIE ZNALEZIONO. BIP horodlo.biuletyn.net: wyszukiwarka full-text — kategoria 1225 zawiera wyłącznie raporty 2018 i 2025; brak raportu za 2022 i brak zarządzenia o przedstawieniu (raport za 2023 pojawił się dopiero w kat. 1141 Ogłoszenia, czerwiec 2024). Google i portal www.horodlo.pl — brak. Dowodu publikacji nie znaleziono.",,false
5878,lubelskie,hrubieszowski,Horodło,gmina wiejska,0604032,2023,ok_finalnie,pdf,tekst (31 stron),https://horodlo.biuletyn.net/fls/bip_pliki/2024_06/BIPF619F5D9355CDBZ/raport_o_stanie_gminy_Horodlo_2024-.pdf,direct_with_tor,4e1b446d3b2e9c36a228cbe38c857711bf0eae514b458ba9157e4ce0433249a4,200,2026-09-15T04:41:00Z,"Raport o stanie Gminy Horodło za 2023 rok (URZĄD GMINY W HORODLE, maj 2024); art. 28aa u.s.g.; Wójt Gminy Horodło (horodlo.biuletyn.net, TERYT 0604032); 31 str. tekst; BIP kat 1141 (Ogłoszenia), dokument id=3282",0.627,true
5879,lubelskie,hrubieszowski,Horodło,gmina wiejska,0604032,2024,brak_finalnie,,,,,,BRAK_DOWODU_ISTNIENIA (niepowstały lub nieopublikowany),2026-09-15T04:41:00Z,Raport o stanie Gminy Horodło za 2024 rok — NIE ZNALEZIONO. BIP horodlo.biuletyn.net: wyszukiwarka full-text — kategoria 1225 zawiera wyłącznie raporty 2018 i 2025; brak raportu za 2024 i brak zarządzenia o przedstawieniu z 2025 r. Portal BIP gov.pl (od 10.04.2025) zawiera wyłącznie dane kontaktowe redakcji. Google i portal www.horodlo.pl — brak. Dowodu publikacji nie znaleziono.,,false
5880,lubelskie,hrubieszowski,Horodło,gmina wiejska,0604032,2025,ok_finalnie,docx,"tekst (docx; „RAPORT O STANIE GMINY HORODŁO za 2025 rok"", maj 2026)",https://horodlo.biuletyn.net/fls/bip_pliki/2026_05/BIPF652C97BE247CCZ/RAPORT_ZA_2025R.docx,direct_with_tor,0b2da049cea00e1287e03d9ea7c35c5ed8a1bf81b0890fb7bcb9fb6ea0a986e3,200,2026-09-15T04:41:00Z,"Raport o stanie Gminy Horodło za 2025 rok (URZĄD GMINY W HORODLE, maj 2026); art. 28aa u.s.g.; Wójt Gminy Horodło (horodlo.biuletyn.net, TERYT 0604032); DOCX z warstwą tekstową (57,7 tys. znaków); BIP kat 1225 „Raporty o stanie gminy"", dokument id=3572; przedstawienie raportu w porządku obrad sesji Rady Gminy (10.04.2026)",0.108,true
5881,lubelskie,hrubieszowski,Hrubieszów,gmina wiejska,0604042,2018,ok_finalnie,docx,"tekst (docx; 233 tys. znaków; analiza stanu Gminy Hrubieszów w 2018 r., 287× „2018"")",https://ughrubieszow.bip.lubelskie.pl/upload/pliki/Raport_o_stanie_Gminy_Hrubieszow_za_2018_rok.docx,direct_without_tor,c96da583d3d98589d759a0a2daa56cc0ad19ae2cc674d3c72532de5b0ddcf39d,200,2026-09-15T04:42:00Z,"Raport o stanie Gminy Hrubieszów za 2018 rok; art. 28aa u.s.g.; Wójt Gminy Hrubieszów (ughrubieszow.bip.lubelskie.pl, TERYT 0604042); DOCX z warstwą tekstową; BIP kat 174 „Raporty o stanie Gminy Hrubieszów"", dokument 1395317",3.550,true
5882,lubelskie,hrubieszowski,Hrubieszów,gmina wiejska,0604042,2019,ok_finalnie,pdf,tekst (114 stron),https://ughrubieszow.bip.lubelskie.pl/upload/pliki/Raport_o_stanie_Gminy_Hrubieszow_za_2019_rok.pdf,direct_without_tor,7755dc744071fbcbc8d5b52f31bb825f31b2fa17c9ae4ac9187a48ba25094626,200,2026-09-15T04:42:00Z,"Raport o stanie Gminy Hrubieszów za 2019 rok; art. 28aa u.s.g.; Wójt Gminy Hrubieszów (ughrubieszow.bip.lubelskie.pl, TERYT 0604042); 114 str. tekst — „Załącznik do Zarządzenia Nr 65/2020 Wójta Gminy Hrubieszów z 3.07.2020""; BIP kat 174, dokument 1533265",5.598,true
5883,lubelskie,hrubieszowski,Hrubieszów,gmina wiejska,0604042,2020,ok_finalnie,docx,"tekst (docx; 214 tys. znaków; „RAPORT O STANIE GMINY HRUBIESZÓW ZA 2020 ROK"")",https://ughrubieszow.bip.lubelskie.pl/upload/pliki/Raport_o_stanie_Gminy_Hrubieszow_za_2020_rok.docx,direct_without_tor,b23c31785e3cb56b061d71f0506ceec0efbf4e7325be68fd8cba5f3cb321a01c,200,2026-09-15T04:42:00Z,"Raport o stanie Gminy Hrubieszów za 2020 rok; art. 28aa u.s.g.; Wójt Gminy Hrubieszów (ughrubieszow.bip.lubelskie.pl, TERYT 0604042); DOCX z warstwą tekstową — załącznik do Zarządzenia Nr 27/2021 Wójta z 31.05.2021; BIP kat 174, dokument 1642003",1.166,true
5884,lubelskie,hrubieszowski,Hrubieszów,gmina wiejska,0604042,2021,ok_finalnie,docx,"tekst (docx; 231 tys. znaków; „RAPORT O STANIE GMINY HRUBIESZÓW ZA 2021 ROK"")",https://ughrubieszow.bip.lubelskie.pl/upload/pliki/Raport_o_stanie_Gminy_Hrubieszow_za_2021_rok.docx,direct_without_tor,f84c906fc6ba0d37fa6863f48a7498c273705bda251af70ff6cf6655b14882a0,200,2026-09-15T04:42:00Z,"Raport o stanie Gminy Hrubieszów za 2021 rok; art. 28aa u.s.g.; Wójt Gminy Hrubieszów (ughrubieszow.bip.lubelskie.pl, TERYT 0604042); DOCX z warstwą tekstową — załącznik do Zarządzenia Nr 42/2022 Wójta z 31.05.2022; BIP kat 174, dokument 1760713",1.468,true
5885,lubelskie,hrubieszowski,Hrubieszów,gmina wiejska,0604042,2022,ok_finalnie,docx,"tekst (docx; 231 tys. znaków; „RAPORT O STANIE GMINY HRUBIESZÓW ZA 2022 ROK"")",https://ughrubieszow.bip.lubelskie.pl/upload/pliki/raport-o-stanie-gminy-hrubieszow-za-2022-rok.docx,direct_without_tor,48f3c80993dcd2cb66fc8b258f9b3168a804a8570d682c46acacc16eb5fadb20,200,2026-09-15T04:42:00Z,"Raport o stanie Gminy Hrubieszów za 2022 rok; art. 28aa u.s.g.; Wójt Gminy Hrubieszów (ughrubieszow.bip.lubelskie.pl, TERYT 0604042); DOCX z warstwą tekstową — załącznik do Zarządzenia Nr 44/2023 Wójta z 29.05.2023; BIP kat 174, dokument 1892717",1.489,true
5886,lubelskie,hrubieszowski,Hrubieszów,gmina wiejska,0604042,2023,ok_finalnie,docx,"tekst (docx; 238 tys. znaków; „RAPORT O STANIE GMINY HRUBIESZÓW ZA 2023 ROK"")",https://ughrubieszow.bip.lubelskie.pl/upload/pliki/raport_o_stanie_gminy_hrubieszow_za_2023_rok.docx,direct_without_tor,5ac54ec022d5aae0b60a078eee9f073560a7b028c323ab4ca8a49cab3aa1e2a0,200,2026-09-15T04:42:00Z,"Raport o stanie Gminy Hrubieszów za 2023 rok; art. 28aa u.s.g.; Wójt Gminy Hrubieszów (ughrubieszow.bip.lubelskie.pl, TERYT 0604042); DOCX z warstwą tekstową — załącznik do Zarządzenia Nr 39/2024 Wójta z 31.05.2024; BIP kat 174, dokument 2032604",1.466,true
5887,lubelskie,hrubieszowski,Hrubieszów,gmina wiejska,0604042,2024,ok_finalnie,docx,"tekst (docx; 240 tys. znaków; „RAPORT O STANIE GMINY HRUBIESZÓW ZA 2024 ROK"")",https://ughrubieszow.bip.lubelskie.pl/upload/pliki/raport_o_stanie_gminy_hrubieszow_za_2024_rok.docx,direct_without_tor,90c178d927fa057f960d37c433df0448a010ba7f547cdece7e8dc2cac09a014a,200,2026-09-15T04:42:00Z,"Raport o stanie Gminy Hrubieszów za 2024 rok; art. 28aa u.s.g.; Wójt Gminy Hrubieszów (ughrubieszow.bip.lubelskie.pl, TERYT 0604042); DOCX z warstwą tekstową — załącznik do Zarządzenia Nr 43/2025 Wójta z 29.05.2025; BIP kat 174, dokument 2172876",1.484,true
5888,lubelskie,hrubieszowski,Hrubieszów,gmina wiejska,0604042,2025,ok_finalnie,docx,"tekst (docx; 226 tys. znaków; „RAPORT O STANIE GMINY HRUBIESZÓW ZA 2025 ROK"")",https://ughrubieszow.bip.lubelskie.pl/upload/pliki/0raport_o_stanie_gminy_hrubieszow_za_2025_rok.docx,direct_without_tor,ceb33104eb07062549178e49ec6b166c0bf4b84435f9fcf5eb8772999a0c181e,200,2026-09-15T04:42:00Z,"Raport o stanie Gminy Hrubieszów za 2025 rok; art. 28aa u.s.g.; Wójt Gminy Hrubieszów (ughrubieszow.bip.lubelskie.pl, TERYT 0604042); DOCX z warstwą tekstową — załącznik do Zarządzenia Nr 48/2026 Wójta z 27.05.2026; BIP kat 174, dokument 2314031",1.203,true
5889,lubelskie,hrubieszowski,Mircze,gmina wiejska,0604052,2018,ok_finalnie,pdf,tekst (87 stron),https://ugmircze.bip.lubelskie.pl/upload/pliki/RAPORT_O_STANIE_GMINY_MIRCZE_ZA_ROK_2018.pdf,direct_without_tor,3e708188874806f8d7a99d9408ce48edf619bd128237d89c7e39965615c9190c,200,2026-09-15T04:43:00Z,"Raport o stanie Gminy Mircze za rok 2018; art. 28aa u.s.g.; Wójt Gminy Mircze (ugmircze.bip.lubelskie.pl, TERYT 0604052); 87 str. tekst — „Załącznik do zarządzenia Nr 46/2019 Wójta Gminy Mircze z 28.05.2019""; BIP kat 78 (Zarządzenia), dokument 1391525",3.919,true
5890,lubelskie,hrubieszowski,Mircze,gmina wiejska,0604052,2019,ok_finalnie,pdf,tekst (102 stron),https://ugmircze.bip.lubelskie.pl/upload/pliki/0RAPORT_O_STANIE_GMINY_MIRCZE_ZA_ROK_2019.pdf,direct_without_tor,76b1754f5b6bf4819aab41f9ac08926bb88a2de77e6cf0a09761a461572e9542,200,2026-09-15T04:43:00Z,"Raport o stanie Gminy Mircze za rok 2019; art. 28aa u.s.g.; Wójt Gminy Mircze (ugmircze.bip.lubelskie.pl, TERYT 0604052); 102 str. tekst — „Załącznik do zarządzenia Nr 58/2020 Wójta Gminy Mircze z 22.05.2020""; BIP kat 78, dokument 1514588",9.062,true
5891,lubelskie,hrubieszowski,Mircze,gmina wiejska,0604052,2020,ok_finalnie,pdf,tekst (114 stron),https://ugmircze.bip.lubelskie.pl/upload/pliki/0RAPORT_O_STANIE_GMINY_MIRCZE_ZA_ROK_2019_na_strone.pdf,direct_without_tor,43fc38efb3e518bb6b5316c998e0ce27cd4462640d4ad12f8e2457e3c47c97c1,200,2026-09-15T04:43:00Z,"Raport o stanie Gminy Mircze za rok 2020; art. 28aa u.s.g.; Wójt Gminy Mircze (ugmircze.bip.lubelskie.pl, TERYT 0604052); 114 str. tekst (119× „za rok 2020""); BIP kat 78, dokument 1638555 = ZARZĄDZENIE NR 47/2021 Wójta z 24.05.2021 o przedstawieniu raportu za rok 2020 z załączonym raportem (nazwa pliku myląca — treść to raport 2020)",12.333,true
5892,lubelskie,hrubieszowski,Mircze,gmina wiejska,0604052,2021,ok_finalnie,pdf,tekst (76 stron),https://ugmircze.bip.lubelskie.pl/upload/pliki/RAPORT_O_STANIE_GMINY_MIRCZE_ZA_ROK_2021.pdf,direct_without_tor,4545970bf52f449818c28271606066dbe7734a5bfa09578cea7d7cf727bc6ba2,200,2026-09-15T04:43:00Z,"Raport o stanie Gminy Mircze za rok 2021; art. 28aa u.s.g.; Wójt Gminy Mircze (ugmircze.bip.lubelskie.pl, TERYT 0604052); 76 str. tekst — „Załącznik do zarządzenia Nr 64/2022 Wójta Gminy Mircze z 17.05.2022""; BIP kat 78, dokument 1756203 (dupl. 1756545)",2.291,true
5893,lubelskie,hrubieszowski,Mircze,gmina wiejska,0604052,2022,ok_finalnie,pdf,tekst (97 stron),https://ugmircze.bip.lubelskie.pl/upload/pliki/raport-o-stanie-gminy-mircze-za-rok-2022.pdf,direct_without_tor,4218ace5779e0b45e510d4157232894adc07f02e1257fcf3d69510f746c16da2,200,2026-09-15T04:43:00Z,"Raport o stanie Gminy Mircze za rok 2022; art. 28aa u.s.g.; Wójt Gminy Mircze (ugmircze.bip.lubelskie.pl, TERYT 0604052); 97 str. tekst — „Załącznik do zarządzenia Nr 70/2023 Wójta Gminy Mircze z 5.05.2023""; BIP kat 78, dokument 1881682",4.455,true
5894,lubelskie,hrubieszowski,Mircze,gmina wiejska,0604052,2023,ok_finalnie,pdf,tekst (104 stron),https://ugmircze.bip.lubelskie.pl/upload/pliki/raport_o_stanie_gminy_mircze_za_rok_2023.pdf,direct_without_tor,2ced8350a2b05b05400f971efdb2ea8eebf49fbb71fcb035caae5275eb5cb56b,200,2026-09-15T04:43:00Z,"Raport o stanie Gminy Mircze za rok 2023; art. 28aa u.s.g.; Wójt Gminy Mircze (ugmircze.bip.lubelskie.pl, TERYT 0604052); 104 str. tekst — „Załącznik do zarządzenia Nr 76/2024 Wójta Gminy Mircze z 22.05.2024""; BIP kat 78, dokument 2028263",4.089,true
5895,lubelskie,hrubieszowski,Mircze,gmina wiejska,0604052,2024,ok_finalnie,pdf,tekst (100 stron),https://ugmircze.bip.lubelskie.pl/upload/pliki/raport_o_stanie_gminy_mircze_za_rok_2024.pdf,direct_without_tor,50731aa0d379aa79c51c6ac71cc63347c429860a3791136d8c2fb86a07366ec7,200,2026-09-15T04:43:00Z,"Raport o stanie Gminy Mircze za rok 2024; art. 28aa u.s.g.; Wójt Gminy Mircze (ugmircze.bip.lubelskie.pl, TERYT 0604052); 100 str. tekst — „Załącznik do zarządzenia Nr 83/2025 Wójta Gminy Mircze z 20.05.2025""; BIP kat 78, dokument 2168466",2.271,true
5896,lubelskie,hrubieszowski,Mircze,gmina wiejska,0604052,2025,ok_finalnie,pdf,tekst (105 stron),https://ugmircze.bip.lubelskie.pl/upload/pliki/raport_o_stanie_gminy_mircze_za_rok_2025.pdf,direct_without_tor,578dd85e6c6eb7868c41c6af6a54ce16de2ac375f0bb1121dcc33294248f2e40,200,2026-09-15T04:43:00Z,"Raport o stanie Gminy Mircze za rok 2025; art. 28aa u.s.g.; Wójt Gminy Mircze (ugmircze.bip.lubelskie.pl, TERYT 0604052); 105 str. tekst — „Załącznik do zarządzenia Nr 63/2026 Wójta Gminy Mircze z 21.05.2026""; BIP kat 78, dokument 2311108",3.834,true
5897,lubelskie,hrubieszowski,Trzeszczany,gmina wiejska,0604062,2018,brak_finalnie,,,,,,BRAK_DOWODU_ISTNIENIA (niepowstały lub nieopublikowany),2026-09-15T04:55:00Z,"Raport o stanie Gminy Trzeszczany za 2018 rok — NIE ZNALEZIONO. BIP gminy Trzeszczany = bip.trzeszczany.roztocze.pl (nowy CMS Goganet/bip.gov.pl, uruchomiony ok. 2025): kategoria page 724 „Raport o stanie Gminy Trzeszczany"" zawiera wyłącznie podstrony „2025 ROK"" (raport za 2024) i „2026 ROK"" (raport za 2025); wyszukiwarka BIP (/search/?q=raport) — tylko kategoria 724; kategoria „Zarządzenia"" (page 22) — brak zarządzeń o przedstawieniu raportu. Stary adres BIP nieznany: ugtrzeszczany/trzeszczany/gminatrzeszczany/urzadtrzeszczany/wtrzeszczany.bip.lubelskie.pl zwracają 500. Google (5 zapytań, incl. site: i inurl:) — brak jakichkolwiek śladów raportu. Portal www trzeszczany.roztocze.pl nie odpowiada (timeout). Internet Archive (CDX) i archive.today offline/niedostępne w dniu wyszukiwania. Dowodu istnienia raportu (zarządzenia o przedstawieniu) nie znaleziono.",,false
5898,lubelskie,hrubieszowski,Trzeszczany,gmina wiejska,0604062,2019,brak_finalnie,,,,,,BRAK_DOWODU_ISTNIENIA (niepowstały lub nieopublikowany),2026-09-15T04:55:00Z,"Raport o stanie Gminy Trzeszczany za 2019 rok — NIE ZNALEZIONO. BIP gminy Trzeszczany = bip.trzeszczany.roztocze.pl (nowy CMS Goganet/bip.gov.pl, uruchomiony ok. 2025): kategoria page 724 „Raport o stanie Gminy Trzeszczany"" zawiera wyłącznie podstrony „2025 ROK"" (raport za 2024) i „2026 ROK"" (raport za 2025); wyszukiwarka BIP (/search/?q=raport) — tylko kategoria 724; kategoria „Zarządzenia"" (page 22) — brak zarządzeń o przedstawieniu raportu. Stary adres BIP nieznany: ugtrzeszczany/trzeszczany/gminatrzeszczany/urzadtrzeszczany/wtrzeszczany.bip.lubelskie.pl zwracają 500. Google (5 zapytań, incl. site: i inurl:) — brak jakichkolwiek śladów raportu. Portal www trzeszczany.roztocze.pl nie odpowiada (timeout). Internet Archive (CDX) i archive.today offline/niedostępne w dniu wyszukiwania. Dowodu istnienia raportu (zarządzenia o przedstawieniu) nie znaleziono.",,false
5899,lubelskie,hrubieszowski,Trzeszczany,gmina wiejska,0604062,2020,brak_finalnie,,,,,,BRAK_DOWODU_ISTNIENIA (niepowstały lub nieopublikowany),2026-09-15T04:55:00Z,"Raport o stanie Gminy Trzeszczany za 2020 rok — NIE ZNALEZIONO. BIP gminy Trzeszczany = bip.trzeszczany.roztocze.pl (nowy CMS Goganet/bip.gov.pl, uruchomiony ok. 2025): kategoria page 724 „Raport o stanie Gminy Trzeszczany"" zawiera wyłącznie podstrony „2025 ROK"" (raport za 2024) i „2026 ROK"" (raport za 2025); wyszukiwarka BIP (/search/?q=raport) — tylko kategoria 724; kategoria „Zarządzenia"" (page 22) — brak zarządzeń o przedstawieniu raportu. Stary adres BIP nieznany: ugtrzeszczany/trzeszczany/gminatrzeszczany/urzadtrzeszczany/wtrzeszczany.bip.lubelskie.pl zwracają 500. Google (5 zapytań, incl. site: i inurl:) — brak jakichkolwiek śladów raportu. Portal www trzeszczany.roztocze.pl nie odpowiada (timeout). Internet Archive (CDX) i archive.today offline/niedostępne w dniu wyszukiwania. Dowodu istnienia raportu (zarządzenia o przedstawieniu) nie znaleziono.",,false
5900,lubelskie,hrubieszowski,Trzeszczany,gmina wiejska,0604062,2021,brak_finalnie,,,,,,BRAK_DOWODU_ISTNIENIA (niepowstały lub nieopublikowany),2026-09-15T04:55:00Z,"Raport o stanie Gminy Trzeszczany za 2021 rok — NIE ZNALEZIONO. BIP gminy Trzeszczany = bip.trzeszczany.roztocze.pl (nowy CMS Goganet/bip.gov.pl, uruchomiony ok. 2025): kategoria page 724 „Raport o stanie Gminy Trzeszczany"" zawiera wyłącznie podstrony „2025 ROK"" (raport za 2024) i „2026 ROK"" (raport za 2025); wyszukiwarka BIP (/search/?q=raport) — tylko kategoria 724; kategoria „Zarządzenia"" (page 22) — brak zarządzeń o przedstawieniu raportu. Stary adres BIP nieznany: ugtrzeszczany/trzeszczany/gminatrzeszczany/urzadtrzeszczany/wtrzeszczany.bip.lubelskie.pl zwracają 500. Google (5 zapytań, incl. site: i inurl:) — brak jakichkolwiek śladów raportu. Portal www trzeszczany.roztocze.pl nie odpowiada (timeout). Internet Archive (CDX) i archive.today offline/niedostępne w dniu wyszukiwania. Dowodu istnienia raportu (zarządzenia o przedstawieniu) nie znaleziono.",,false
5901,lubelskie,hrubieszowski,Trzeszczany,gmina wiejska,0604062,2022,brak_finalnie,,,,,,BRAK_DOWODU_ISTNIENIA (niepowstały lub nieopublikowany),2026-09-15T04:55:00Z,"Raport o stanie Gminy Trzeszczany za 2022 rok — NIE ZNALEZIONO. BIP gminy Trzeszczany = bip.trzeszczany.roztocze.pl (nowy CMS Goganet/bip.gov.pl, uruchomiony ok. 2025): kategoria page 724 „Raport o stanie Gminy Trzeszczany"" zawiera wyłącznie podstrony „2025 ROK"" (raport za 2024) i „2026 ROK"" (raport za 2025); wyszukiwarka BIP (/search/?q=raport) — tylko kategoria 724; kategoria „Zarządzenia"" (page 22) — brak zarządzeń o przedstawieniu raportu. Stary adres BIP nieznany: ugtrzeszczany/trzeszczany/gminatrzeszczany/urzadtrzeszczany/wtrzeszczany.bip.lubelskie.pl zwracają 500. Google (5 zapytań, incl. site: i inurl:) — brak jakichkolwiek śladów raportu. Portal www trzeszczany.roztocze.pl nie odpowiada (timeout). Internet Archive (CDX) i archive.today offline/niedostępne w dniu wyszukiwania. Dowodu istnienia raportu (zarządzenia o przedstawieniu) nie znaleziono.",,false
5902,lubelskie,hrubieszowski,Trzeszczany,gmina wiejska,0604062,2023,brak_finalnie,,,,,,BRAK_DOWODU_ISTNIENIA (niepowstały lub nieopublikowany),2026-09-15T04:55:00Z,"Raport o stanie Gminy Trzeszczany za 2023 rok — NIE ZNALEZIONO. BIP gminy Trzeszczany = bip.trzeszczany.roztocze.pl (nowy CMS Goganet/bip.gov.pl, uruchomiony ok. 2025): kategoria page 724 „Raport o stanie Gminy Trzeszczany"" zawiera wyłącznie podstrony „2025 ROK"" (raport za 2024) i „2026 ROK"" (raport za 2025); wyszukiwarka BIP (/search/?q=raport) — tylko kategoria 724; kategoria „Zarządzenia"" (page 22) — brak zarządzeń o przedstawieniu raportu. Stary adres BIP nieznany: ugtrzeszczany/trzeszczany/gminatrzeszczany/urzadtrzeszczany/wtrzeszczany.bip.lubelskie.pl zwracają 500. Google (5 zapytań, incl. site: i inurl:) — brak jakichkolwiek śladów raportu. Portal www trzeszczany.roztocze.pl nie odpowiada (timeout). Internet Archive (CDX) i archive.today offline/niedostępne w dniu wyszukiwania. Dowodu istnienia raportu (zarządzenia o przedstawieniu) nie znaleziono.",,false
5903,lubelskie,hrubieszowski,Trzeszczany,gmina wiejska,0604062,2024,ok_finalnie,pdf,tekst (122 stron),https://www.bip.trzeszczany.roztocze.pl/media/uploads/attach/2025-06/6164_raport--2024-gmina-trzeszczany.pdf,direct_without_tor,2f8a1bb82028a08953579376ed9fcd65198c09dbc63dccbfa10367ed3b688e4c,200,2026-09-15T04:45:00Z,"Raport o stanie Gminy Trzeszczany 2024 (Trzeszczany Pierwsze, 29.05.2025); art. 28aa u.s.g.; Wójt Gminy Trzeszczany (bip.trzeszczany.roztocze.pl, TERYT 0604062); 122 str. tekst; BIP kat „Raport o stanie Gminy Trzeszczany"" (page 724) → „2025 ROK"" (page 725); dodatkowo opublikowano 1-str. erratę do raportu za 2024 (6168_errata-do-raportu-za-2024.pdf)",11.693,true
5904,lubelskie,hrubieszowski,Trzeszczany,gmina wiejska,0604062,2025,ok_finalnie,pdf,tekst (132 stron),https://www.bip.trzeszczany.roztocze.pl/media/uploads/attach/2026-05/7100_raport-o-stanie-gminy-trzeszczany-za-2025-rok.pdf,direct_without_tor,7062aa47592eae5e0ab881f29ca259c45474d8e1d50b67a96dc3e6983564912d,200,2026-09-15T04:45:00Z,"Raport o stanie Gminy Trzeszczany za 2025 rok; art. 28aa u.s.g.; Wójt Gminy Trzeszczany (bip.trzeszczany.roztocze.pl, TERYT 0604062); 132 str. tekst; BIP kat page 724 → „2026 ROK"" (page 764)",9.482,true
5905,lubelskie,hrubieszowski,Uchanie,gmina wiejska,0604072,2018,ok_finalnie,pdf,tekst (11 stron),https://uguchanie.bip.lubelskie.pl/upload/pliki/Raport_o_stanie_Gminy_Uchanie_za_2018_rok.pdf,direct_without_tor,31bf0abe43f50db59f589dd8282fbed42d082f04ef84d9031fafd384f4c348fb,200,2026-09-15T04:49:00Z,"Raport o stanie Gminy Uchanie za 2018 rok; art. 28aa u.s.g.; Wójt Gminy Uchanie (uguchanie.bip.lubelskie.pl, TERYT 0604072); BIP kat 329 „Raport o stanie gminy"", dokument 1398751; 11 str.; warstwa tekstowa",0.831,true
5906,lubelskie,hrubieszowski,Uchanie,gmina wiejska,0604072,2019,ok_finalnie,pdf,"skan (15 str.; okładka OCR: „Raport o stanie Gminy Uchanie za 2019 rok"")",https://uguchanie.bip.lubelskie.pl/upload/pliki/2020_07_24_14_04_222.pdf,direct_without_tor,86ab48aa60e749dae30d57f2ae39eb6c94a7979c33f111b9ccd27003c15e6ef3,200,2026-09-15T04:49:00Z,"Raport o stanie Gminy Uchanie za 2019 rok; art. 28aa u.s.g.; Wójt Gminy Uchanie (uguchanie.bip.lubelskie.pl, TERYT 0604072); BIP kat 329 „Raport o stanie gminy"", dokument 1539962; 15 str.; skan bez warstwy tekstowej (okładka OCR) — wersji z danymi tekstowymi nie znaleziono",0.696,true
5907,lubelskie,hrubieszowski,Uchanie,gmina wiejska,0604072,2020,ok_finalnie,pdf,"skan (18 str.; okładka OCR: „Raport o stanie Gminy Uchanie za 2020 rok"")",https://uguchanie.bip.lubelskie.pl/upload/pliki/Raport_o_stanie_gminy_za_2020.pdf,direct_without_tor,cfc96a40962c68716fc48bae5a4641966d429b295ddb3775af330e26540c1263,200,2026-09-15T04:49:00Z,"Raport o stanie Gminy Uchanie za 2020 rok; art. 28aa u.s.g.; Wójt Gminy Uchanie (uguchanie.bip.lubelskie.pl, TERYT 0604072); BIP kat 329 „Raport o stanie gminy"", dokument 1643563; 18 str.; skan bez warstwy tekstowej (okładka OCR) — wersji z danymi tekstowymi nie znaleziono",5.930,true
5908,lubelskie,hrubieszowski,Uchanie,gmina wiejska,0604072,2021,ok_finalnie,pdf,"skan (19 str.; okładka OCR: „Raport o stanie Gminy Uchanie za 2021 rok"")",https://uguchanie.bip.lubelskie.pl/upload/pliki/1Raport_za_2021.pdf,direct_without_tor,29ec895dd2e46f379837dded51525eedd8466b31508e7a20bfa773523ad736ac,200,2026-09-15T04:49:00Z,"Raport o stanie Gminy Uchanie za 2021 rok; art. 28aa u.s.g.; Wójt Gminy Uchanie (uguchanie.bip.lubelskie.pl, TERYT 0604072); BIP kat 329 „Raport o stanie gminy"", dokument 1752627; 19 str.; skan bez warstwy tekstowej (okładka OCR) — wersji z danymi tekstowymi nie znaleziono",6.123,true
5909,lubelskie,hrubieszowski,Uchanie,gmina wiejska,0604072,2022,ok_finalnie,pdf,"skan (23 str.; okładka OCR: „Raport o stanie Gminy Uchanie za 2022 rok"")",https://uguchanie.bip.lubelskie.pl/upload/pliki/raprtza2022.pdf,direct_without_tor,0a6c7adffc594011bc92d8abfa6660b767dcb2c4e6790a3598f17911e3ee33de,200,2026-09-15T04:49:00Z,"Raport o stanie Gminy Uchanie za 2022 rok; art. 28aa u.s.g.; Wójt Gminy Uchanie (uguchanie.bip.lubelskie.pl, TERYT 0604072); BIP kat 329 „Raport o stanie gminy"", dokument 1888901; 23 str.; skan bez warstwy tekstowej (okładka OCR) — wersji z danymi tekstowymi nie znaleziono",9.063,true
5910,lubelskie,hrubieszowski,Uchanie,gmina wiejska,0604072,2023,ok_finalnie,pdf,"skan (30 str.; okładka OCR: „Raport o stanie Gminy Uchanie za 2023 rok"")",https://uguchanie.bip.lubelskie.pl/upload/pliki/raport_za_2023_rok_do_publikacji.pdf,direct_without_tor,0cc26a224f15614e39a14424de845e08f502b11d0bfb97d4a80ffa32fd8fd53c,200,2026-09-15T04:49:00Z,"Raport o stanie Gminy Uchanie za 2023 rok; art. 28aa u.s.g.; Wójt Gminy Uchanie (uguchanie.bip.lubelskie.pl, TERYT 0604072); BIP kat 329 „Raport o stanie gminy"", dokument 2029794; 30 str.; skan bez warstwy tekstowej (okładka OCR) — wersji z danymi tekstowymi nie znaleziono",10.228,true
5911,lubelskie,hrubieszowski,Uchanie,gmina wiejska,0604072,2024,ok_finalnie,pdf,"skan (34 str.; okładka OCR: „Raport o stanie Gminy Uchanie za 2024 rok"")",https://uguchanie.bip.lubelskie.pl/upload/pliki/raport_o_stanie_gminy_uchanie_za_2024_rok.pdf,direct_without_tor,e35e8d6ccbcd70ec103dee7d3a786bc49d500d7e8c75d61871d233c3a670e7ed,200,2026-09-15T04:49:00Z,"Raport o stanie Gminy Uchanie za 2024 rok; art. 28aa u.s.g.; Wójt Gminy Uchanie (uguchanie.bip.lubelskie.pl, TERYT 0604072); BIP kat 329 „Raport o stanie gminy"", dokument 2164877; 34 str.; skan bez warstwy tekstowej (okładka OCR) — wersji z danymi tekstowymi nie znaleziono",10.526,true
5912,lubelskie,hrubieszowski,Uchanie,gmina wiejska,0604072,2025,ok_finalnie,pdf,"skan (35 str.; okładka OCR: „Raport o stanie Gminy Uchanie za 2025 rok"")",https://uguchanie.bip.lubelskie.pl/upload/pliki/raport_o_stanie_gminy_za_2025_rok.pdf,direct_without_tor,b523270de12359b0b1b1844646e9e2588b78802b16ea74d0a027da15e296f81f,200,2026-09-15T04:49:00Z,"Raport o stanie Gminy Uchanie za 2025 rok; art. 28aa u.s.g.; Wójt Gminy Uchanie (uguchanie.bip.lubelskie.pl, TERYT 0604072); BIP kat 329 „Raport o stanie gminy"", dokument 2307030; 35 str.; skan bez warstwy tekstowej (okładka OCR) — wersji z danymi tekstowymi nie znaleziono",11.126,true
5913,lubelskie,hrubieszowski,Werbkowice,gmina wiejska,0604082,2018,ok_finalnie,pdf,tekst (52 stron),https://ugwerbkowice.bip.lubelskie.pl/upload/pliki/0z-99-2019.pdf,direct_without_tor,010a1b9a211fdd28e2f597b9b0ff571c7fd94c1a1bceb4fa6d6e043e877b7de3,200,2026-09-15T04:51:00Z,"Raport o stanie Gminy Werbkowice za 2018 rok (51× „za 2018 rok""); art. 28aa u.s.g.; Wójt Gminy Werbkowice (ugwerbkowice.bip.lubelskie.pl, TERYT 0604082); 52 str. tekst (139,8 tys. znaków); BIP kat 284 „Raporty o stanie Gminy Werbkowice"" (poza 2024: kat 282, załącznik 5); plik = zarządzenie z załączonym raportem",0.559,true
5914,lubelskie,hrubieszowski,Werbkowice,gmina wiejska,0604082,2019,ok_finalnie,pdf,tekst (55 stron),https://ugwerbkowice.bip.lubelskie.pl/upload/pliki/2z-054-2020.pdf,direct_without_tor,02d0efea2dbd504bc062a87e4cf09200726d5dbbb97224c026e7be16eb0ce1d8,200,2026-09-15T04:51:00Z,"Raport o stanie Gminy Werbkowice za 2019 rok; art. 28aa u.s.g.; Wójt Gminy Werbkowice (ugwerbkowice.bip.lubelskie.pl, TERYT 0604082); 55 str. tekst (128,2 tys. znaków); BIP kat 284 „Raporty o stanie Gminy Werbkowice"" (poza 2024: kat 282, załącznik 5); plik = zarządzenie z załączonym raportem",0.577,true
5915,lubelskie,hrubieszowski,Werbkowice,gmina wiejska,0604082,2020,ok_finalnie,pdf,tekst (53 stron),https://ugwerbkowice.bip.lubelskie.pl/upload/pliki/0z-36-2021.pdf,direct_without_tor,026d9d2e7ac0296678494b1287599e05d8de9bc87333cb93cfca61d992b823e6,200,2026-09-15T04:51:00Z,"Raport o stanie Gminy Werbkowice za 2020 rok; art. 28aa u.s.g.; Wójt Gminy Werbkowice (ugwerbkowice.bip.lubelskie.pl, TERYT 0604082); 53 str. tekst (134,5 tys. znaków); BIP kat 284 „Raporty o stanie Gminy Werbkowice"" (poza 2024: kat 282, załącznik 5); plik = zarządzenie z załączonym raportem",0.725,true
5916,lubelskie,hrubieszowski,Werbkowice,gmina wiejska,0604082,2021,ok_finalnie,pdf,tekst (51 stron),https://ugwerbkowice.bip.lubelskie.pl/upload/pliki/0z-60-2022_raport_2021.pdf,direct_without_tor,9f26026225e697aeb494bcb8133a7c87c898f746644b268a807a3eb9ae3c467c,200,2026-09-15T04:51:00Z,"Raport o stanie Gminy Werbkowice za 2021 rok; art. 28aa u.s.g.; Wójt Gminy Werbkowice (ugwerbkowice.bip.lubelskie.pl, TERYT 0604082); 51 str. tekst (138,7 tys. znaków); BIP kat 284 „Raporty o stanie Gminy Werbkowice"" (poza 2024: kat 282, załącznik 5); plik = zarządzenie z załączonym raportem",0.649,true
5917,lubelskie,hrubieszowski,Werbkowice,gmina wiejska,0604082,2022,ok_finalnie,pdf,tekst (101 stron),https://ugwerbkowice.bip.lubelskie.pl/upload/pliki/0z-60-2023.2023-05-31.pdf,direct_without_tor,5f7081db31754993b1fa804ada6e163fdbe74a43c70986f0d647efff80bcd547,200,2026-09-15T04:51:00Z,"Raport o stanie Gminy Werbkowice za 2022 rok; art. 28aa u.s.g.; Wójt Gminy Werbkowice (ugwerbkowice.bip.lubelskie.pl, TERYT 0604082); 101 str. tekst (240,0 tys. znaków); BIP kat 284 „Raporty o stanie Gminy Werbkowice"" (poza 2024: kat 282, załącznik 5); plik = zarządzenie z załączonym raportem",6.758,true
5918,lubelskie,hrubieszowski,Werbkowice,gmina wiejska,0604082,2023,ok_finalnie,pdf,tekst (112 stron),https://ugwerbkowice.bip.lubelskie.pl/upload/pliki/0z-100-2024.pdf,direct_without_tor,b151dc5c75a6348ae3aafe1df5d02b925506d354e12454b8745e11b5153e82fc,200,2026-09-15T04:51:00Z,"Raport o stanie Gminy Werbkowice za 2023 rok; art. 28aa u.s.g.; Wójt Gminy Werbkowice (ugwerbkowice.bip.lubelskie.pl, TERYT 0604082); 112 str. tekst (257,0 tys. znaków); BIP kat 284 „Raporty o stanie Gminy Werbkowice"" (poza 2024: kat 282, załącznik 5); plik = zarządzenie z załączonym raportem",10.238,true
5919,lubelskie,hrubieszowski,Werbkowice,gmina wiejska,0604082,2024,ok_finalnie,pdf,tekst (35 stron),https://ugwerbkowice.bip.lubelskie.pl/upload/pliki/4zal._5.pdf,direct_without_tor,73e869eb3b801fdd784f14210267340e4a00000bc2e057c9a2c81f66a31798d7,200,2026-09-15T04:51:00Z,"Raport o stanie Gminy Werbkowice za rok 2024 (38× „2024""); art. 28aa u.s.g.; Wójt Gminy Werbkowice (ugwerbkowice.bip.lubelskie.pl, TERYT 0604082); 35 str. tekst (20,8 tys. znaków); BIP kat 284 „Raporty o stanie Gminy Werbkowice"" (poza 2024: kat 282, załącznik 5); plik = załącznik 5 (raport), przedstawiony Zarządzeniem Nr 60/2025 Wójta z 29.05.2025; detal raportu 2173008 bez pliku",55.803,true
5920,lubelskie,hrubieszowski,Werbkowice,gmina wiejska,0604082,2025,ok_finalnie,pdf,tekst (118 stron),https://ugwerbkowice.bip.lubelskie.pl/upload/pliki/z-059-2026.pdf,direct_without_tor,a7c4ca98f734cd8457ad857b09f925ff46ffd2d428a95f399e8e4705e222b5eb,200,2026-09-15T04:51:00Z,"Raport o stanie Gminy Werbkowice za 2025 rok; art. 28aa u.s.g.; Wójt Gminy Werbkowice (ugwerbkowice.bip.lubelskie.pl, TERYT 0604082); 118 str. tekst (273,2 tys. znaków); BIP kat 284 „Raporty o stanie Gminy Werbkowice"" (poza 2024: kat 282, załącznik 5); plik = zarządzenie z załączonym raportem",9.489,true
5921,lubelskie,janowski,-,-,0605,2018,ok_finalnie,pdf,tekst (116 stron),https://spjanowlubelski.bip.lubelskie.pl/upload/pliki/RAPORT_O_STANIE__POWIATU_2018r.pdf,direct_without_tor,986d9debc9075ede78173dacb4cad134c1fa1a022802e4b625a76c8e8003f8b5,200,2026-09-15T04:57:00Z,"Raport o stanie Powiatu Janowskiego — podsumowanie działalności Zarządu Powiatu w Janowie Lubelskim za rok 2018 (11× „za rok 2018""); art. 30a u.s.p.; Zarząd Powiatu Janowskiego (Starostwo Powiatowe w Janowie Lubelskim, spjanowlubelski.bip.lubelskie.pl, TERYT 0605); BIP kat 624, dokument 1401052",2.315,true
5922,lubelskie,janowski,-,-,0605,2019,ok_finalnie,pdf,tekst (111 stron),https://spjanowlubelski.bip.lubelskie.pl/upload/pliki/Raport_o_stanie_powiatu_2019.pdf,direct_without_tor,0fa8384fce4dfc9be07bf05ba43bd6ea9713acf76099261d6d170d0050ede0ad,200,2026-09-15T04:57:00Z,"Raport o stanie Powiatu Janowskiego — podsumowanie działalności Zarządu Powiatu w Janowie Lubelskim za rok 2019; art. 30a u.s.p.; Zarząd Powiatu Janowskiego (Starostwo Powiatowe w Janowie Lubelskim, spjanowlubelski.bip.lubelskie.pl, TERYT 0605); BIP kat 624, dokument 1531198",1.920,true
5923,lubelskie,janowski,-,-,0605,2020,ok_finalnie,pdf,"skan (108 str.; okładka OCR: „Raport o stanie Powiatu Janowskiego ... za rok 2020""; w treści art. 30a u.s.p.)",https://spjanowlubelski.bip.lubelskie.pl/upload/pliki/Raport_o_stanie_powiatu_za_rok_2020.pdf,direct_without_tor,26d66cc38886499c487ffc881c5e6802dd061cfd1226b5ab8ef5d586caeb2e72,200,2026-09-15T04:57:00Z,"Raport o stanie Powiatu Janowskiego — podsumowanie działalności Zarządu Powiatu w Janowie Lubelskim za rok 2020; art. 30a u.s.p.; Zarząd Powiatu Janowskiego (Starostwo Powiatowe w Janowie Lubelskim, spjanowlubelski.bip.lubelskie.pl, TERYT 0605); BIP kat 624, dokument 1685777",56.782,true
5924,lubelskie,janowski,-,-,0605,2021,ok_finalnie,pdf,tekst (94 strony),https://spjanowlubelski.bip.lubelskie.pl/upload/pliki/raport-o-stanie-powiatu-2021.pdf,direct_without_tor,437944b1fa200885dc4d0a2b9ec36ff0a7a342040b9ba0383eb6a729eba98ee0,200,2026-09-15T04:57:00Z,"Raport o stanie Powiatu Janowskiego — podsumowanie działalności Zarządu Powiatu w Janowie Lubelskim za rok 2021; art. 30a u.s.p.; Zarząd Powiatu Janowskiego (Starostwo Powiatowe w Janowie Lubelskim, spjanowlubelski.bip.lubelskie.pl, TERYT 0605); BIP kat 624, dokument 1768903",2.290,true
5925,lubelskie,janowski,-,-,0605,2022,ok_finalnie,pdf,tekst (87 stron),https://spjanowlubelski.bip.lubelskie.pl/upload/pliki/raport-o-stanie-powiatu-2022.pdf,direct_without_tor,287de1b573042da1fa2a9f66774c1c1aa27753ffb08be95958eb59077b836f69,200,2026-09-15T04:57:00Z,"Raport o stanie Powiatu Janowskiego — podsumowanie działalności Zarządu Powiatu w Janowie Lubelskim za rok 2022; art. 30a u.s.p.; Zarząd Powiatu Janowskiego (Starostwo Powiatowe w Janowie Lubelskim, spjanowlubelski.bip.lubelskie.pl, TERYT 0605); BIP kat 624, dokument 1893877",1.171,true
5926,lubelskie,janowski,-,-,0605,2023,ok_finalnie,pdf,tekst (94 strony),https://spjanowlubelski.bip.lubelskie.pl/upload/pliki/raport_o_stanie_powiatu_2023-1.pdf,direct_without_tor,65b6963d1e5a6ea200980258ea40806d975d407d616c6215689084f4298957b9,200,2026-09-15T04:57:00Z,"Raport o stanie Powiatu Janowskiego — podsumowanie działalności Zarządu Powiatu w Janowie Lubelskim za rok 2023; art. 30a u.s.p.; Zarząd Powiatu Janowskiego (Starostwo Powiatowe w Janowie Lubelskim, spjanowlubelski.bip.lubelskie.pl, TERYT 0605); BIP kat 624, dokument 2040420",1.297,true
5927,lubelskie,janowski,-,-,0605,2024,ok_finalnie,pdf,tekst (95 stron),https://spjanowlubelski.bip.lubelskie.pl/upload/pliki/raport_o_stanie_powiatu_2024.pdf,direct_without_tor,653057455c9d4a514be09478a05fbaa880b4d655b2184ffbed28ae37f2b70697,200,2026-09-15T04:57:00Z,"Raport o stanie Powiatu Janowskiego — podsumowanie działalności Zarządu Powiatu w Janowie Lubelskim za rok 2024; art. 30a u.s.p.; Zarząd Powiatu Janowskiego (Starostwo Powiatowe w Janowie Lubelskim, spjanowlubelski.bip.lubelskie.pl, TERYT 0605); BIP kat 624, dokument 2188688",1.233,true
5928,lubelskie,janowski,-,-,0605,2025,brak_finalnie,,,,,,BRAK_DOWODU_ISTNIENIA (niepowstały lub nieopublikowany),2026-09-15T04:57:00Z,"Raport o stanie Powiatu Janowskiego za 2025 rok — NIE ZNALEZIONO. BIP spjanowlubelski.bip.lubelskie.pl, kat 624 „Raport o stanie Powiatu Janowskiego"" zawiera wyłącznie raporty za 2018–2024 (7 pozycji); szukajka BIP (pattern „raport"", „podsumowanie działalności"", „przedstawienia raportu"") — brak raportu za 2025 i zarządzenia o jego przedstawieniu; portal powiatjanowski.pl odsyła do BIP; Google — brak. Publikacja oczekiwana maj/czerwiec 2026; stan na 15.09.2026 nieopublikowany. Dowodu istnienia nie znaleziono.",,false
5929,lubelskie,janowski,Batorz,gmina wiejska,0605012,2018,brak_finalnie,,,,,,BRAK_DOWODU_ISTNIENIA (niepowstały lub nieopublikowany),2026-09-15T05:08:00Z,"Raport o stanie Gminy Batorz za 2018 rok — NIE ZNALEZIONO. Aktualny BIP ugbatorz.bip.e-zeto.eu (e-zeto): pełne przeszukanie wszystkich 297 kategorii (pobrane z menu; incl. „Zarządzenia Wójta → Dokumenty z roku 2018-2026"", „Ogłoszenia → Dokumenty z roku 2018-2026"", „Inne dokumenty"", „Dokumenty finansowe"") — kategorie bt206/227/209 zawierają wyłącznie raporty 2022/2023/2024; raportu za 2018 brak. Portal www batorz.gmina.pl (WordPress): artykuł „Raport o stanie Gminy Batorz"" (31.05.2024, raport 2023); pozostałych lat brak; wyszukiwarka portalu — brak. Stary BIP batorz.e-biuletyn.pl wyłączony („Widok administracyjny został wyłączony""); archive.today — brak snapshotów (404); Internet Archive offline. Google — brak. Dowodu istnienia nie znaleziono.",,false
5930,lubelskie,janowski,Batorz,gmina wiejska,0605012,2019,brak_finalnie,,,,,,BRAK_DOWODU_ISTNIENIA (niepowstały lub nieopublikowany),2026-09-15T05:08:00Z,"Raport o stanie Gminy Batorz za 2019 rok — NIE ZNALEZIONO. Aktualny BIP ugbatorz.bip.e-zeto.eu (e-zeto): pełne przeszukanie wszystkich 297 kategorii (pobrane z menu; incl. „Zarządzenia Wójta → Dokumenty z roku 2018-2026"", „Ogłoszenia → Dokumenty z roku 2018-2026"", „Inne dokumenty"", „Dokumenty finansowe"") — kategorie bt206/227/209 zawierają wyłącznie raporty 2022/2023/2024; raportu za 2019 brak. Portal www batorz.gmina.pl (WordPress): artykuł „Raport o stanie Gminy Batorz"" (31.05.2024, raport 2023); pozostałych lat brak; wyszukiwarka portalu — brak. Stary BIP batorz.e-biuletyn.pl wyłączony („Widok administracyjny został wyłączony""); archive.today — brak snapshotów (404); Internet Archive offline. Google — brak. Dowodu istnienia nie znaleziono.",,false
5931,lubelskie,janowski,Batorz,gmina wiejska,0605012,2020,brak_finalnie,,,,,,BRAK_DOWODU_ISTNIENIA (niepowstały lub nieopublikowany),2026-09-15T05:08:00Z,"Raport o stanie Gminy Batorz za 2020 rok — NIE ZNALEZIONO. Aktualny BIP ugbatorz.bip.e-zeto.eu (e-zeto): pełne przeszukanie wszystkich 297 kategorii (pobrane z menu; incl. „Zarządzenia Wójta → Dokumenty z roku 2018-2026"", „Ogłoszenia → Dokumenty z roku 2018-2026"", „Inne dokumenty"", „Dokumenty finansowe"") — kategorie bt206/227/209 zawierają wyłącznie raporty 2022/2023/2024; raportu za 2020 brak. Portal www batorz.gmina.pl (WordPress): artykuł „Raport o stanie Gminy Batorz"" (31.05.2024, raport 2023); pozostałych lat brak; wyszukiwarka portalu — brak. Stary BIP batorz.e-biuletyn.pl wyłączony („Widok administracyjny został wyłączony""); archive.today — brak snapshotów (404); Internet Archive offline. Google — brak. Dowodu istnienia nie znaleziono.",,false
5932,lubelskie,janowski,Batorz,gmina wiejska,0605012,2021,brak_finalnie,,,,,,BRAK_DOWODU_ISTNIENIA (niepowstały lub nieopublikowany),2026-09-15T05:08:00Z,"Raport o stanie Gminy Batorz za 2021 rok — NIE ZNALEZIONO. Aktualny BIP ugbatorz.bip.e-zeto.eu (e-zeto): pełne przeszukanie wszystkich 297 kategorii (pobrane z menu; incl. „Zarządzenia Wójta → Dokumenty z roku 2018-2026"", „Ogłoszenia → Dokumenty z roku 2018-2026"", „Inne dokumenty"", „Dokumenty finansowe"") — kategorie bt206/227/209 zawierają wyłącznie raporty 2022/2023/2024; raportu za 2021 brak. Portal www batorz.gmina.pl (WordPress): artykuł „Raport o stanie Gminy Batorz"" (31.05.2024, raport 2023); pozostałych lat brak; wyszukiwarka portalu — brak. Stary BIP batorz.e-biuletyn.pl wyłączony („Widok administracyjny został wyłączony""); archive.today — brak snapshotów (404); Internet Archive offline. Google — brak. Dowodu istnienia nie znaleziono.",,false
5933,lubelskie,janowski,Batorz,gmina wiejska,0605012,2022,ok_finalnie,pdf,tekst (66 stron),https://ugbatorz.bip.e-zeto.eu/bip/323_ugbatorz/fckeditor/file/ogloszenia/aktualnosci/Dokumenty%20z%20roku%202023//Raport%20o%20stanie%20Gminy%20Batorz%20za%202022%20rok.pdf,direct_without_tor,2d0ad3f3862af3202a588273c315a85a02ce18211eccd9534d72a58632a266d5,200,2026-09-15T05:08:00Z,"Raport o stanie Gminy Batorz za 2022 rok; art. 28aa u.s.g.; Wójt Gminy Batorz (ugbatorz.bip.e-zeto.eu, TERYT 0605012); 66 str. tekst; BIP ugbatorz.bip.e-zeto.eu, kat bt206 „Ogłoszenia → Dokumenty z roku 2023""",7.560,true
5934,lubelskie,janowski,Batorz,gmina wiejska,0605012,2023,ok_finalnie,pdf,tekst (66 stron),https://ugbatorz.bip.e-zeto.eu/bip/323_ugbatorz/fckeditor/file/ogloszenia/aktualnosci/Dokumenty%20z%20roku%202024//Kopia%20Raport%20o%20stanie%20gminy%20Batorz%202023.pdf,direct_without_tor,0a190287da4f94226c5d48089414a52b7dc8c6bd5e25e4f74192ee70781722c5,200,2026-09-15T05:08:00Z,"Raport o stanie Gminy Batorz za 2023 rok; art. 28aa u.s.g.; Wójt Gminy Batorz (ugbatorz.bip.e-zeto.eu, TERYT 0605012); 66 str. tekst; BIP ugbatorz.bip.e-zeto.eu, kat bt227 „Ogłoszenia → Dokumenty z roku 2024"" („Kopia Raport o stanie gminy Batorz 2023""); identyczny plik osadzony na portalu batorz.gmina.pl (artykuł „Raport o stanie Gminy Batorz"" z 31.05.2024)",12.818,true
5935,lubelskie,janowski,Batorz,gmina wiejska,0605012,2024,ok_finalnie,pdf,tekst (65 stron),https://ugbatorz.bip.e-zeto.eu/bip/323_ugbatorz/fckeditor/file/ogloszenia/aktualnosci/Dokumenty%20z%20roku%202025//RAPORT%20O%20STANIE%20GMINY%20BATORZ%20%5B2024%5D.pdf,direct_without_tor,7896c98cb00d5575aa00840be3e812f7375c1d238a9592e8785a3f17a2af1ca9,200,2026-09-15T05:08:00Z,"Raport o stanie Gminy Batorz za 2024 rok; art. 28aa u.s.g.; Wójt Gminy Batorz (ugbatorz.bip.e-zeto.eu, TERYT 0605012); 65 str. tekst; BIP ugbatorz.bip.e-zeto.eu, kat bt209 „Ogłoszenia → Dokumenty z roku 2025""",32.587,true
5936,lubelskie,janowski,Batorz,gmina wiejska,0605012,2025,brak_finalnie,,,,,,BRAK_DOWODU_ISTNIENIA (niepowstały lub nieopublikowany),2026-09-15T05:08:00Z,"Raport o stanie Gminy Batorz za 2025 rok — NIE ZNALEZIONO. Aktualny BIP ugbatorz.bip.e-zeto.eu (e-zeto): pełne przeszukanie wszystkich 297 kategorii (pobrane z menu; incl. „Zarządzenia Wójta → Dokumenty z roku 2018-2026"", „Ogłoszenia → Dokumenty z roku 2018-2026"", „Inne dokumenty"", „Dokumenty finansowe"") — kategorie bt206/227/209 zawierają wyłącznie raporty 2022/2023/2024; raportu za 2025 brak. Portal www batorz.gmina.pl (WordPress): artykuł „Raport o stanie Gminy Batorz"" (31.05.2024, raport 2023); pozostałych lat brak; wyszukiwarka portalu — brak. Stary BIP batorz.e-biuletyn.pl wyłączony („Widok administracyjny został wyłączony""); archive.today — brak snapshotów (404); Internet Archive offline. Google — brak. Dowodu istnienia nie znaleziono.",,false
5937,lubelskie,janowski,Chrzanów,gmina wiejska,0605022,2018,ok_finalnie,pdf,tekst (59 stron),https://chrzanow.e-biuletyn.pl/upload/pliki/RAPORT_2018.pdf,direct_without_tor,f145ffa7fc67f13a7547d4f078319523fdca6af35b36e9357c8bf2c751e9e00d,200,2026-09-15T05:55:00Z,"Raport o stanie Gminy Chrzanów za rok 2018; art. 28aa u.s.g.; Wójt Gminy Chrzanów (chrzanow.e-biuletyn.pl, TERYT 0605022); 59 str. tekst; BIP kat 979, dokument 253884",3.084,true
5938,lubelskie,janowski,Chrzanów,gmina wiejska,0605022,2019,ok_finalnie,pdf,tekst (50 stron),https://chrzanow.e-biuletyn.pl/upload/pliki/RAPORT_2019.pdf,direct_without_tor,8bc3750e5cdbd1fe16e2bbeaceab1b97fafdfdd09444cc0ca4f896b9fcba3bd9,200,2026-09-15T05:55:00Z,"Raport o stanie Gminy Chrzanów za rok 2019; art. 28aa u.s.g.; Wójt Gminy Chrzanów (chrzanow.e-biuletyn.pl, TERYT 0605022); 50 str. tekst; BIP kat 979, dokument 253885",2.905,true
5939,lubelskie,janowski,Chrzanów,gmina wiejska,0605022,2020,ok_finalnie,pdf,tekst (89 stron),https://chrzanow.e-biuletyn.pl/upload/pliki/RAPORT_2020.pdf,direct_without_tor,cb880fa627dea5d5bb9f16c26235783ead1cb1a9cefbfaf55aee3fda20dfdfff,200,2026-09-15T05:55:00Z,"Raport o stanie Gminy Chrzanów za 2020 rok; art. 28aa u.s.g.; Wójt Gminy Chrzanów (chrzanow.e-biuletyn.pl, TERYT 0605022); 89 str. tekst; BIP kat 979, dokument 253886",44.694,true
5940,lubelskie,janowski,Chrzanów,gmina wiejska,0605022,2021,ok_finalnie,pdf,tekst (80 stron),https://chrzanow.e-biuletyn.pl/upload/pliki/0RAPORT_2021.pdf,direct_without_tor,756514124d4431846ed3c2a8d09cf1af439ed2d808a3d4dc607a672e2f9fb931,200,2026-09-15T05:55:00Z,"Raport o stanie Gminy Chrzanów za 2021 rok; art. 28aa u.s.g.; Wójt Gminy Chrzanów (chrzanow.e-biuletyn.pl, TERYT 0605022); 80 str. tekst; BIP kat 979, dokument 253887",20.180,true
5941,lubelskie,janowski,Chrzanów,gmina wiejska,0605022,2022,ok_finalnie,pdf,tekst (77 stron),https://chrzanow.e-biuletyn.pl/upload/pliki/raport_2022.pdf,direct_without_tor,9c389bb456ebdab745b59907efc7e1187351dfa12dbc9a7b134c3875f532ad16,200,2026-09-15T05:55:00Z,"Raport o stanie Gminy Chrzanów za 2022 rok; art. 28aa u.s.g.; Wójt Gminy Chrzanów (chrzanow.e-biuletyn.pl, TERYT 0605022); 77 str. tekst; BIP kat 979, dokument 254044",7.353,true
5942,lubelskie,janowski,Chrzanów,gmina wiejska,0605022,2023,ok_finalnie,pdf,tekst (78 stron),https://chrzanow.e-biuletyn.pl/upload/pliki/raport_za_2023_rok.pdf,direct_without_tor,2c97c2c0c970b15ef0e8aa6fcdcfc9e2a9069f2e6cd19047743c0719a95bd2e6,200,2026-09-15T05:55:00Z,"Raport o stanie Gminy Chrzanów za 2023 rok; art. 28aa u.s.g.; Wójt Gminy Chrzanów (chrzanow.e-biuletyn.pl, TERYT 0605022); 78 str. tekst; BIP kat 979, dokument 267257",10.994,true
5943,lubelskie,janowski,Chrzanów,gmina wiejska,0605022,2024,ok_finalnie,pdf,tekst (96 stron),https://chrzanow.e-biuletyn.pl/upload/pliki/Raport_2024.pdf,direct_without_tor,a552ab6efea84471cb3761fdca92dd233bf8acf4e89c4b180b99cbb3906532c5,200,2026-09-15T05:55:00Z,"Raport o stanie Gminy Chrzanów za 2024 rok; art. 28aa u.s.g.; Wójt Gminy Chrzanów (chrzanow.e-biuletyn.pl, TERYT 0605022); 96 str. tekst; BIP kat 979, dokument 281025",18.925,true
5944,lubelskie,janowski,Chrzanów,gmina wiejska,0605022,2025,ok_finalnie,pdf,tekst (110 stron),https://chrzanow.e-biuletyn.pl/upload/pliki/raport_2025v1.pdf,direct_without_tor,8021582c68bfae048faa286a06eb13f55fc00119430fc89facd9286c6116c072,200,2026-09-15T05:55:00Z,"Raport o stanie Gminy Chrzanów za 2025 rok (310× „2025""); art. 28aa u.s.g.; Wójt Gminy Chrzanów (chrzanow.e-biuletyn.pl, TERYT 0605022); 110 str. tekst; BIP kat 979, dokument 292715",17.486,true
5945,lubelskie,janowski,Dzwola,gmina wiejska,0605032,2018,ok_finalnie,pdf,tekst (108 stron),https://ugdzwola.bip.lubelskie.pl/upload/pliki/0Raport_za_2018_rok.pdf,direct_without_tor,c88af31538414e65762b39dbed763eed726f2f6ccd5aa368903e0ae54cb06178,200,2026-09-15T05:58:00Z,"Raport o stanie Gminy Dzwola za 2018 rok; art. 28aa u.s.g.; Wójt Gminy Dzwola (ugdzwola.bip.lubelskie.pl, TERYT 0605032); 108 str. tekst (232,9 tys. znaków); BIP kat 368, dokument 1393633 (razem z zarządzeniem o przedstawieniu raportu)",2.843,true
5946,lubelskie,janowski,Dzwola,gmina wiejska,0605032,2019,ok_finalnie,pdf,tekst (138 stron),https://ugdzwola.bip.lubelskie.pl/upload/pliki/Raport_2019.pdf,direct_without_tor,5374378aa281933cdc06a7f0781e19fea69e97d9b916d4f6c55b284c242a9fe0,200,2026-09-15T05:58:00Z,"Raport o stanie Gminy Dzwola za 2019 rok; art. 28aa u.s.g.; Wójt Gminy Dzwola (ugdzwola.bip.lubelskie.pl, TERYT 0605032); 138 str. tekst (305,9 tys. znaków); BIP kat 368, dokument 1515374 (razem z zarządzeniem o przedstawieniu raportu)",14.498,true
5947,lubelskie,janowski,Dzwola,gmina wiejska,0605032,2020,ok_finalnie,pdf,tekst (179 stron),https://ugdzwola.bip.lubelskie.pl/upload/pliki/Raport_o_stanie_Gminy_Dzwola_2020.pdf,direct_without_tor,26bbbb4719faf6468de532d74dc7855b941ffee1a1ca66b195558efdd95d4f7e,200,2026-09-15T05:58:00Z,"Raport o stanie Gminy Dzwola za 2020 rok; art. 28aa u.s.g.; Wójt Gminy Dzwola (ugdzwola.bip.lubelskie.pl, TERYT 0605032); 179 str. tekst (387,2 tys. znaków); BIP kat 368, dokument 1639570 (razem z zarządzeniem o przedstawieniu raportu)",96.748,true
5948,lubelskie,janowski,Dzwola,gmina wiejska,0605032,2021,ok_finalnie,pdf,tekst (192 stron),https://ugdzwola.bip.lubelskie.pl/upload/pliki/0Raport_o_stanie_Gminy_Dzwola_za_2021_rok.pdf,direct_without_tor,8cd653af5f48af3da5a80df4479a7a40c70916232967106352d184e780bd397d,200,2026-09-15T05:58:00Z,"Raport o stanie Gminy Dzwola za 2021 rok; art. 28aa u.s.g.; Wójt Gminy Dzwola (ugdzwola.bip.lubelskie.pl, TERYT 0605032); 192 str. tekst (408,6 tys. znaków); BIP kat 368, dokument 1753957 (razem z zarządzeniem o przedstawieniu raportu)",41.896,true
5949,lubelskie,janowski,Dzwola,gmina wiejska,0605032,2022,ok_finalnie,pdf,tekst (263 stron),https://ugdzwola.bip.lubelskie.pl/upload/pliki/1raport-o-stanie-gminy-dzwola-za-2022-rok.pdf,direct_without_tor,0400ee563381568f837516df49edf730ba01c0719031c87daed90dbaac2311d3,200,2026-09-15T05:58:00Z,"Raport o stanie Gminy Dzwola za 2022 rok; art. 28aa u.s.g.; Wójt Gminy Dzwola (ugdzwola.bip.lubelskie.pl, TERYT 0605032); 263 str. tekst (594,5 tys. znaków); BIP kat 368, dokument 1881303 (razem z zarządzeniem o przedstawieniu raportu)",25.645,true
5950,lubelskie,janowski,Dzwola,gmina wiejska,0605032,2023,ok_finalnie,pdf,tekst (211 stron),https://ugdzwola.bip.lubelskie.pl/upload/pliki/raport_za_2023_rok.pdf,direct_without_tor,85c6443cb6238682cbb2e574793657c759504388b4d43e6493ef06f4a4fd8560,200,2026-09-15T05:58:00Z,"Raport o stanie Gminy Dzwola za 2023 rok; art. 28aa u.s.g.; Wójt Gminy Dzwola (ugdzwola.bip.lubelskie.pl, TERYT 0605032); 211 str. tekst (458,7 tys. znaków); BIP kat 368, dokument 2023906 (razem z zarządzeniem o przedstawieniu raportu)",19.838,true
5951,lubelskie,janowski,Dzwola,gmina wiejska,0605032,2024,ok_finalnie,pdf,tekst (170 stron),https://ugdzwola.bip.lubelskie.pl/upload/pliki/raport-za-2024-rok.pdf,direct_without_tor,b14d9a5397084b624eea04ff7860851b6193c2bfeb511a12ca41e15d7b7c1fab,200,2026-09-15T05:58:00Z,"Raport o stanie Gminy Dzwola za 2024 rok; art. 28aa u.s.g.; Wójt Gminy Dzwola (ugdzwola.bip.lubelskie.pl, TERYT 0605032); 170 str. tekst (377,4 tys. znaków); BIP kat 368, dokument 2150709 (razem z zarządzeniem o przedstawieniu raportu)",18.128,true
5952,lubelskie,janowski,Dzwola,gmina wiejska,0605032,2025,ok_finalnie,pdf,tekst (189 stron),https://ugdzwola.bip.lubelskie.pl/upload/pliki/raport_o_stanie_gminy_dzwola_za_2025_rok.pdf,direct_without_tor,815bccf59081219070da412f13089a7a4c5330fb8ed0520044d14e4048ddadd4,200,2026-09-15T05:58:00Z,"Raport o stanie Gminy Dzwola za 2025 rok; art. 28aa u.s.g.; Wójt Gminy Dzwola (ugdzwola.bip.lubelskie.pl, TERYT 0605032); 189 str. tekst (409,7 tys. znaków); BIP kat 368, dokument 2303085 (razem z zarządzeniem o przedstawieniu raportu)",21.178,true
5953,lubelskie,janowski,Godziszów,gmina wiejska,0605042,2018,ok_finalnie,pdf,tekst (44 stron),https://uggodziszow.e-biuletyn.pl/upload/pliki/Raport_o_stanie_Gminy_Godziszow_w_2018_roku.pdf,direct_without_tor,5ebc6d30dbbaf564d5fa5d12fcea097c1d626733ffb0ba4aed7b04052b54eb9d,200,2026-09-15T06:00:00Z,"Raport o stanie Gminy Godziszów w 2018 roku; art. 28aa u.s.g.; Wójt Gminy Godziszów (uggodziszow.e-biuletyn.pl, TERYT 0605042); 44 str. tekst; BIP kat 300, dokument 94972",1.990,true
5954,lubelskie,janowski,Godziszów,gmina wiejska,0605042,2019,ok_finalnie,pdf,tekst (46 stron),https://uggodziszow.e-biuletyn.pl/upload/pliki/raport_o_stanie_gminy_godziszow_w_2019_roku.pdf,direct_without_tor,09f37ff78295af496901f7330722726bf138f7008325a5efbfab7f6fe2409753,200,2026-09-15T06:00:00Z,"Raport o stanie Gminy Godziszów w 2019 roku; art. 28aa u.s.g.; Wójt Gminy Godziszów (uggodziszow.e-biuletyn.pl, TERYT 0605042); 46 str. tekst; BIP kat 300, dokument 231002",0.948,true
5955,lubelskie,janowski,Godziszów,gmina wiejska,0605042,2020,ok_finalnie,pdf,tekst (45 stron),https://uggodziszow.e-biuletyn.pl/upload/pliki/01_Raport_o_stanie_Gminy_Godziszow_w_2020_roku-pelny.pdf,direct_without_tor,250e6ca401e00ec966d1956dc348678ce0e9726f3b0190f3c2c2d73e91bbb270,200,2026-09-15T06:00:00Z,"Raport o stanie Gminy Godziszów w 2020 roku; art. 28aa u.s.g.; Wójt Gminy Godziszów (uggodziszow.e-biuletyn.pl, TERYT 0605042); 45 str. tekst; BIP kat 300, dokument 231004",2.210,true
5956,lubelskie,janowski,Godziszów,gmina wiejska,0605042,2021,ok_finalnie,pdf,tekst (50 stron),https://uggodziszow.e-biuletyn.pl/upload/pliki/000_Raport_o_stanie_gminy_Godziszow_za_2021_rok.pdf,direct_without_tor,3c141b949dc2eace0695b1abf171e22aa8a6e6c7a0201fcfee961f9c4d1d0d7f,200,2026-09-15T06:00:00Z,"Raport o stanie Gminy Godziszów za 2021 rok; art. 28aa u.s.g.; Wójt Gminy Godziszów (uggodziszow.e-biuletyn.pl, TERYT 0605042); 50 str. tekst; BIP kat 300, dokument 241389",2.408,true
5957,lubelskie,janowski,Godziszów,gmina wiejska,0605042,2022,ok_finalnie,pdf,tekst (69 stron),https://uggodziszow.e-biuletyn.pl/upload/pliki/0Raport_2022_pelny.pdf,direct_without_tor,35dbbfb60731ffe2348768ade2bfb060f52314e1082fe4f9afa2838978c48faf,200,2026-09-15T06:00:00Z,"Raport o stanie Gminy Godziszów w 2022 roku; art. 28aa u.s.g.; Wójt Gminy Godziszów (uggodziszow.e-biuletyn.pl, TERYT 0605042); 69 str. tekst; BIP kat 300, dokument 253782",8.287,true
5958,lubelskie,janowski,Godziszów,gmina wiejska,0605042,2023,ok_finalnie,pdf,tekst (44 stron),https://uggodziszow.e-biuletyn.pl/upload/pliki/01_Raport_o_stanie_Gminy_Godziszow_w_2023_roku-pelny.pdf,direct_without_tor,fedd34e068be5e6027e718a6abac25a379c06e4ea58928e214c5ce9a1059347d,200,2026-09-15T06:00:00Z,"Raport o stanie Gminy Godziszów w 2023 roku; art. 28aa u.s.g.; Wójt Gminy Godziszów (uggodziszow.e-biuletyn.pl, TERYT 0605042); 44 str. tekst; BIP kat 300, dokument 268461",3.241,true
5959,lubelskie,janowski,Godziszów,gmina wiejska,0605042,2024,ok_finalnie,pdf,tekst (69 stron),https://uggodziszow.e-biuletyn.pl/upload/pliki/Raport_2024_pelny.pdf,direct_without_tor,21e695ab34ae4e20306ced479669aef39e8d4dd93a172708028493f07b7330df,200,2026-09-15T06:00:00Z,"Raport o stanie Gminy Godziszów w 2024 roku; art. 28aa u.s.g.; Wójt Gminy Godziszów (uggodziszow.e-biuletyn.pl, TERYT 0605042); 69 str. tekst; BIP kat 300, dokument 279719",9.053,true
5960,lubelskie,janowski,Godziszów,gmina wiejska,0605042,2025,ok_finalnie,pdf,tekst (53 stron),https://uggodziszow.e-biuletyn.pl/upload/pliki/Raport_o_stanie_Gminy_Godziszow_w_2025_roku-got.pdf,direct_without_tor,8a04222c337575b551b8fd69edb045c01666b45830684bd5e71a4a61c19b3457,200,2026-09-15T06:00:00Z,"Raport o stanie Gminy Godziszów w 2025 roku (dupl. dokument 292712); art. 28aa u.s.g.; Wójt Gminy Godziszów (uggodziszow.e-biuletyn.pl, TERYT 0605042); 53 str. tekst; BIP kat 300, dokument 292698",7.782,true
5961,lubelskie,janowski,Janów Lubelski,gmina miejsko-wiejska,0605053,2018,ok_finalnie,pdf,tekst (113 stron),https://umjanowlubelski.bip.lubelskie.pl/upload/pliki/Raport_2018.pdf,direct_without_tor,b149c2ad521c858d5dbba8b5153374593ecb10cb974c67cec39aa74ae3b37fe5,200,2026-09-15T06:02:00Z,"Raport o stanie Gminy Janów Lubelski za 2018 r.; art. 28aa u.s.g.; Burmistrz Miasta i Gminy Janów Lubelski (umjanowlubelski.bip.lubelskie.pl, TERYT 0605052); 113 str. tekst; BIP kat 448, dokument 1404987",2.485,true
5962,lubelskie,janowski,Janów Lubelski,gmina miejsko-wiejska,0605053,2019,ok_finalnie,pdf,tekst (128 stron),https://umjanowlubelski.bip.lubelskie.pl/upload/pliki/Raport_o_stanie_Gminy_Janow_Lubelski_za_2019.pdf,direct_without_tor,80b31bfff0370f1d02f334e1ed7e43e64ea397e584600e43fddde49312a72bb5,200,2026-09-15T06:02:00Z,"Raport o stanie Gminy Janów Lubelski za 2019 r.; art. 28aa u.s.g.; Burmistrz Miasta i Gminy Janów Lubelski (umjanowlubelski.bip.lubelskie.pl, TERYT 0605052); 128 str. tekst; BIP kat 448, dokument 1516868",2.673,true
5963,lubelskie,janowski,Janów Lubelski,gmina miejsko-wiejska,0605053,2020,ok_finalnie,pdf,tekst (120 stron),https://umjanowlubelski.bip.lubelskie.pl/upload/pliki/Raport_o_stanie_Gminy_Janow_Lubelski_za_2020_rok.pdf,direct_without_tor,9dede01638e0744ae77cdd22f560097d055dba6cfc36c58f527c9b54d6bbc21d,200,2026-09-15T06:02:00Z,"Raport o stanie Gminy Janów Lubelski za 2020 r.; art. 28aa u.s.g.; Burmistrz Miasta i Gminy Janów Lubelski (umjanowlubelski.bip.lubelskie.pl, TERYT 0605052); 120 str. tekst; BIP kat 448, dokument 1642733",5.653,true
5964,lubelskie,janowski,Janów Lubelski,gmina miejsko-wiejska,0605053,2021,ok_finalnie,pdf,tekst (144 stron),https://umjanowlubelski.bip.lubelskie.pl/upload/pliki/0Raport_za_2021.pdf,direct_without_tor,8ca7699e3ce3698c55d12188278144aee1327ee08c65228f4f0b2b6bf2798cf0,200,2026-09-15T06:02:00Z,"Raport o stanie Gminy Janów Lubelski za 2021 rok; art. 28aa u.s.g.; Burmistrz Miasta i Gminy Janów Lubelski (umjanowlubelski.bip.lubelskie.pl, TERYT 0605052); 144 str. tekst; BIP kat 448, dokument 1760961",6.557,true
5965,lubelskie,janowski,Janów Lubelski,gmina miejsko-wiejska,0605053,2022,ok_finalnie,pdf,tekst (164 stron),https://umjanowlubelski.bip.lubelskie.pl/upload/pliki/raport-o-stanie-gminy-janow-lubelski-za-2022-rok.pdf,direct_without_tor,072825e6ba71c8257560463a87c63a583aef795b56b7b2d7f1d69e8db394e07f,200,2026-09-15T06:02:00Z,"Raport o stanie Gminy Janów Lubelski za 2022 rok; art. 28aa u.s.g.; Burmistrz Miasta i Gminy Janów Lubelski (umjanowlubelski.bip.lubelskie.pl, TERYT 0605052); 164 str. tekst; BIP kat 448, dokument 1891806",12.886,true
5966,lubelskie,janowski,Janów Lubelski,gmina miejsko-wiejska,0605053,2023,ok_finalnie,pdf,tekst (159 stron),https://umjanowlubelski.bip.lubelskie.pl/upload/pliki/raport_za_rok_2023_dobry.pdf,direct_without_tor,4575a3f2e2064b41b991a7be6701ddab669ba190251349ba984796097b28c89c,200,2026-09-15T06:02:00Z,"Raport o stanie Gminy Janów Lubelski za 2023 rok (dupl. 2032032; razem z zarządzeniem Burmistrza); art. 28aa u.s.g.; Burmistrz Miasta i Gminy Janów Lubelski (umjanowlubelski.bip.lubelskie.pl, TERYT 0605052); 159 str. tekst; BIP kat 448, dokument 2032027",9.652,true
5967,lubelskie,janowski,Janów Lubelski,gmina miejsko-wiejska,0605053,2024,ok_finalnie,pdf,tekst (184 stron),https://umjanowlubelski.bip.lubelskie.pl/upload/pliki/0raport_o_stanie_gminy_janow_lubelski_2024.pdf,direct_without_tor,5df803edb2e37a0bc08fdf7111b999230025633c9220682b5ca39c001e093762,200,2026-09-15T06:02:00Z,"Raport o stanie Gminy Janów Lubelski za 2024 rok (dupl. 2170194; razem z zarządzeniem Burmistrza); art. 28aa u.s.g.; Burmistrz Miasta i Gminy Janów Lubelski (umjanowlubelski.bip.lubelskie.pl, TERYT 0605052); 184 str. tekst; BIP kat 448, dokument 2170191",11.578,true
5968,lubelskie,janowski,Janów Lubelski,gmina miejsko-wiejska,0605053,2025,ok_finalnie,pdf,tekst (184 stron),https://umjanowlubelski.bip.lubelskie.pl/upload/pliki/raport_o_stanie_gminy_janow_lubelski_2025.pdf,direct_without_tor,d5f7aafc6e70ce069a53266adf47a32c84b57cd2d60af3ce5e3b24b562fae106,200,2026-09-15T06:02:00Z,"Raport o stanie Gminy Janów Lubelski za 2025 rok (dupl. 2308453; razem z zarządzeniem nr 56/2026 Burmistrza z 15.05.2026); art. 28aa u.s.g.; Burmistrz Miasta i Gminy Janów Lubelski (umjanowlubelski.bip.lubelskie.pl, TERYT 0605052); 184 str. tekst; BIP kat 448, dokument 2308450",11.029,true
5969,lubelskie,janowski,Modliborzyce,gmina miejsko-wiejska,0605063,2018,ok_finalnie,pdf,tekst (87 stron),https://modliborzyce.pl/files/625/Raporty-o-Stanie-gminy/1410/Raport-o-stanie-gminy-Modliborzyce-za-rok-2018.pdf,direct_without_tor,efb6232e9594ab5aeb5b0b3970ee1e118fafac7f8ce0bf526e42d089498e8465,200,2026-09-15T06:04:00Z,"Raport o stanie Gminy Modliborzyce za rok 2018; art. 28aa u.s.g.; Burmistrz Modliborzyc (TERYT 0605062); 87 str. tekst; portal modliborzyce.pl, kategoria „Raporty o stanie gminy"" (artykuł z linkiem do PDF); w BIP tylko 2022",2.753,true
5970,lubelskie,janowski,Modliborzyce,gmina miejsko-wiejska,0605063,2019,ok_finalnie,pdf,tekst (82 stron),https://modliborzyce.pl/files/842/2019/1752/Raport-o-stanie-gminy-za-rok-2019.pdf,direct_without_tor,78c0b04e74958de50e155dd12d98ac6a85826bc3c67185ae47e17a66c827c1c6,200,2026-09-15T06:04:00Z,"Raport o stanie Gminy Modliborzyce za rok 2019; art. 28aa u.s.g.; Burmistrz Modliborzyc (TERYT 0605062); 82 str. tekst; portal modliborzyce.pl, kategoria „Raporty o stanie gminy"" (artykuł z linkiem do PDF); w BIP tylko 2022",3.233,true
5971,lubelskie,janowski,Modliborzyce,gmina miejsko-wiejska,0605063,2020,ok_finalnie,pdf,tekst (90 stron),https://modliborzyce.pl/files/944/Raport-o-stanie-gminy-2020-rok/2134/Raport-o-stanie-gminy-za-rok-2020.pdf,direct_without_tor,58585d4b4e1fbf385976ddef5358168c22418487b240d2e3a0dbba1f537f3cde,200,2026-09-15T06:04:00Z,"Raport o stanie Gminy Modliborzyce za rok 2020; art. 28aa u.s.g.; Burmistrz Modliborzyc (TERYT 0605062); 90 str. tekst; portal modliborzyce.pl, kategoria „Raporty o stanie gminy"" (artykuł z linkiem do PDF); w BIP tylko 2022",2.226,true
5972,lubelskie,janowski,Modliborzyce,gmina miejsko-wiejska,0605063,2021,ok_finalnie,pdf,tekst (96 stron),https://modliborzyce.pl/files/1072/2022/2462/Raport-2022.pdf,direct_without_tor,c03a430cb0d54530d9104d5091536ae0dfb77f4b59ff9a4102963ddc9d55ddc4,200,2026-09-15T06:04:00Z,"Raport o stanie Gminy Modliborzyce za rok 2021; art. 28aa u.s.g.; Burmistrz Modliborzyc (TERYT 0605062); 96 str. tekst; portal modliborzyce.pl, kategoria „Raporty o stanie gminy"" (artykuł z linkiem do PDF); w BIP tylko 2022",2.464,true
5973,lubelskie,janowski,Modliborzyce,gmina miejsko-wiejska,0605063,2022,ok_finalnie,pdf,tekst (115 stron),https://ugmodliborzyce.bip.lubelskie.pl/upload/pliki/zarzadzenie-22-2023-zal-nr-1.pdf,direct_without_tor,9ca285dfaa63d0bb605195bb51e9079fcebd561910b287e5d318651e4af19d32,200,2026-09-15T06:04:00Z,"Raport o stanie Gminy Modliborzyce za rok 2022; art. 28aa u.s.g.; Burmistrz Modliborzyc (TERYT 0605062); 115 str. tekst; BIP ugmodliborzyce.bip.lubelskie.pl, dokument 1951429 = załącznik nr 1 do Zarządzenia Nr 22/2023 Burmistrza z 31.05.2023",3.758,true
5974,lubelskie,janowski,Modliborzyce,gmina miejsko-wiejska,0605063,2023,ok_finalnie,pdf,tekst (129 stron),https://modliborzyce.pl/files/1287/2023/3024/RAPORTOSTANIEGMINYZAROK2023.pdf,direct_without_tor,65d92f393e9e5807813badeacc08fea326fde6eb01d77405c165e5532bc71c0c,200,2026-09-15T06:04:00Z,"Raport o stanie Gminy Modliborzyce za rok 2023; art. 28aa u.s.g.; Burmistrz Modliborzyc (TERYT 0605062); 129 str. tekst; portal modliborzyce.pl, kategoria „Raporty o stanie gminy"" (artykuł z linkiem do PDF); w BIP tylko 2022",5.103,true
5975,lubelskie,janowski,Modliborzyce,gmina miejsko-wiejska,0605063,2024,ok_finalnie,pdf,tekst (117 stron),https://modliborzyce.pl/files/1384/2024/3255/RAPORTOSTANIEGMINYZAROK2024.pdf,direct_without_tor,60cca250767074d5da3130d91fa7119b6a1307290083db1937cb0a08520c50ac,200,2026-09-15T06:04:00Z,"Raport o stanie Gminy Modliborzyce za rok 2024; art. 28aa u.s.g.; Burmistrz Modliborzyc (TERYT 0605062); 117 str. tekst; portal modliborzyce.pl, kategoria „Raporty o stanie gminy"" (artykuł z linkiem do PDF); w BIP tylko 2022",3.030,true
5976,lubelskie,janowski,Modliborzyce,gmina miejsko-wiejska,0605063,2025,ok_finalnie,pdf,tekst (117 stron),https://modliborzyce.pl/files/1500/2025/3483/RAPORTOSTANIEGMINYZAROK2025.pdf,direct_without_tor,d5e8244e37328642a0fa961a2d9e0c4fe8c6c3c06d887c318247608ccfb7471d,200,2026-09-15T06:04:00Z,"Raport o stanie Gminy Modliborzyce za rok 2025; art. 28aa u.s.g.; Burmistrz Modliborzyc (TERYT 0605062); 117 str. tekst; portal modliborzyce.pl, kategoria „Raporty o stanie gminy"" (artykuł z linkiem do PDF); w BIP tylko 2022",4.373,true
5977,lubelskie,janowski,Potok Wielki,gmina wiejska,0605072,2018,ok_finalnie,pdf,tekst (49 stron),https://ugpotokwielki.bip.lubelskie.pl/upload/pliki/R_A_P_O_R_T.pdf,direct_without_tor,95943ea7f4547766922ab60b6547afa4879cab74a672fcb5febdd561b88f26e8,200,2026-09-15T06:05:00Z,"Raport o stanie Gminy Potok Wielki za rok 2018; art. 28aa u.s.g.; Wójt Gminy Potok Wielki (ugpotokwielki.bip.lubelskie.pl, TERYT 0605072); 49 str. tekst; BIP kat 221, dokument 1398654",2.017,true
5978,lubelskie,janowski,Potok Wielki,gmina wiejska,0605072,2019,ok_finalnie,pdf,tekst (95 stron),https://ugpotokwielki.bip.lubelskie.pl/upload/pliki/Raportu_o_stanie_Gminy_Potok_Wielki_za_2019_rok..pdf,direct_without_tor,d08ce0a567c9c892b6cf06911f94ee60beb788315a31ca35037af03dbd068969,200,2026-09-15T06:05:00Z,"Raport o stanie Gminy Potok Wielki za 2019 rok; art. 28aa u.s.g.; Wójt Gminy Potok Wielki (ugpotokwielki.bip.lubelskie.pl, TERYT 0605072); 95 str. tekst; BIP kat 221, dokument 1527355",2.830,true
5979,lubelskie,janowski,Potok Wielki,gmina wiejska,0605072,2020,ok_finalnie,pdf,tekst (121 stron),https://ugpotokwielki.bip.lubelskie.pl/upload/pliki/Raport_za_2020_rok.pdf,direct_without_tor,98afec4a4b0600e488ebd5de2f46b69454157cfbe4f22f43ee1787a68272691c,200,2026-09-15T06:05:00Z,"Raport o stanie Gminy Potok Wielki za 2020 r.; art. 28aa u.s.g.; Wójt Gminy Potok Wielki (ugpotokwielki.bip.lubelskie.pl, TERYT 0605072); 121 str. tekst; BIP kat 221, dokument 1642215",3.194,true
5980,lubelskie,janowski,Potok Wielki,gmina wiejska,0605072,2021,ok_finalnie,pdf,tekst (114 stron),https://ugpotokwielki.bip.lubelskie.pl/upload/pliki/Raport_za_2021_r..pdf,direct_without_tor,ece622150248650d7213f2c19d745ca3a5930a00fa441db7b3dd67fec4a27bbf,200,2026-09-15T06:05:00Z,"Raport o stanie Gminy Potok Wielki za 2021 r.; art. 28aa u.s.g.; Wójt Gminy Potok Wielki (ugpotokwielki.bip.lubelskie.pl, TERYT 0605072); 114 str. tekst; BIP kat 221, dokument 1762883",4.761,true
5981,lubelskie,janowski,Potok Wielki,gmina wiejska,0605072,2022,ok_finalnie,pdf,tekst (107 stron),https://ugpotokwielki.bip.lubelskie.pl/upload/pliki/raport-o-stanie-gminy-potok-wielki-za-2022-rok.pdf,direct_without_tor,0300c3ca29db94c4fdcfb40e88b0d3b123eef13fea66a14c8e7ea5711154830e,200,2026-09-15T06:05:00Z,"Raport o stanie Gminy Potok Wielki za 2022 rok (dupl. 83/1890056; zarz. nr 31/2023 z 22.05.2023); art. 28aa u.s.g.; Wójt Gminy Potok Wielki (ugpotokwielki.bip.lubelskie.pl, TERYT 0605072); 107 str. tekst; BIP kat 221, dokument 1890051",3.290,true
5982,lubelskie,janowski,Potok Wielki,gmina wiejska,0605072,2023,ok_finalnie,pdf,tekst (110 stron),https://ugpotokwielki.bip.lubelskie.pl/upload/pliki/3raport_o_stanie_gminy_potok_wielki_za_2023_rok.pdf,direct_without_tor,d176b846de58e5d2ebcf2f9a03d7990663ac2d9a7131be6e7a51bf40d978344b,200,2026-09-15T06:05:00Z,"Raport o stanie Gminy Potok Wielki za 2023 rok (dupl. 75/2032661 i 83/2032665; zarz. nr 44/2024 z 29.05.2024); art. 28aa u.s.g.; Wójt Gminy Potok Wielki (ugpotokwielki.bip.lubelskie.pl, TERYT 0605072); 110 str. tekst; BIP kat 221, dokument 2041284",3.040,true
5983,lubelskie,janowski,Potok Wielki,gmina wiejska,0605072,2024,ok_finalnie,pdf,tekst (110 stron),https://ugpotokwielki.bip.lubelskie.pl/upload/pliki/raport_o_stanie_gminy_potok_wielki_za_2024_rok.pdf,direct_without_tor,b0c4a444bf0210bfc9d696205b6af32123403dceaf9cc042dbd6243fa87cdcb7,200,2026-09-15T06:05:00Z,"Raport o stanie Gminy Potok Wielki za 2024 rok (zarz. nr 28/2025 z 30.05.2025); art. 28aa u.s.g.; Wójt Gminy Potok Wielki (ugpotokwielki.bip.lubelskie.pl, TERYT 0605072); 110 str. tekst; BIP kat 221, dokument 2173584",4.860,true
5984,lubelskie,janowski,Potok Wielki,gmina wiejska,0605072,2025,ok_finalnie,pdf,tekst (96 stron),https://ugpotokwielki.bip.lubelskie.pl/upload/pliki/0raport_o_stanie_gminy_potok_wielki_za_2025_rok._.pdf,direct_without_tor,994c242826f1316c03ab707462753fa07855f365093efc369c479e0a5375f575,200,2026-09-15T06:05:00Z,"Raport o stanie Gminy Potok Wielki za 2025 rok (dupl. 75/2313819); art. 28aa u.s.g.; Wójt Gminy Potok Wielki (ugpotokwielki.bip.lubelskie.pl, TERYT 0605072); 96 str. tekst; BIP kat 221, dokument 2313820",4.708,true
5985,lubelskie,krasnostawski,-,-,0606,2018,ok_finalnie,pdf,tekst (57 stron),https://bip-v1-files.idcom-jst.pl/sites/47053/wiadomosci/475027/files/raport1.pdf,direct_without_tor,ed97fad93bb12cb3764684e750a780755563b81b3f80c7b50d2e97db44427d3f,200,2026-09-15T06:16:00Z,"Raport o stanie Powiatu Krasnostawskiego — podsumowanie działalności Zarządu Powiatu w Krasnymstawie za rok 2018; art. 30a u.s.p.; Zarząd Powiatu w Krasnymstawie (Starostwo Powiatowe w Krasnymstawie, bip.krasnystaw-powiat.pl, TERYT 0606); BIP idcom-jst, artykuł 475027; Strona tytułowa z tab.; spis treści i treść potwierdzają uchwały Rady Powiatu w Krasnymstawie podjęte w 2018 r.; art. 30a u.s.p.; sprawozdanie działalności Zarządu Powiatu w Krasnymstawie za rok 2018",1.520,true
5986,lubelskie,krasnostawski,-,-,0606,2019,ok_finalnie,pdf,tekst (88 stron),https://bip-v1-files.idcom-jst.pl/sites/47053/wiadomosci/523221/files/raport_2019_powiatkrasnostawski.pdf,direct_without_tor,4ea9e6fe995e35ca65bee51c46bce9836ddbbf83eb558099d4d0754ec33e39fb,200,2026-09-15T06:16:00Z,"Raport o stanie Powiatu Krasnostawskiego — podsumowanie działalności Zarządu Powiatu w Krasnymstawie za rok 2019; art. 30a u.s.p.; Zarząd Powiatu w Krasnymstawie (Starostwo Powiatowe w Krasnymstawie, bip.krasnystaw-powiat.pl, TERYT 0606); BIP idcom-jst, artykuł 523221; Załącznik do Uchwały Nr LXXV/310/2020 Zarządu Powiatu w Krasnymstawie z 26.05.2020 — RAPORT o stanie Powiatu Krasnostawskiego za 2019 rok; art. 30a u.s.p.",2.216,true
5987,lubelskie,krasnostawski,-,-,0606,2020,ok_finalnie,pdf,tekst (101 stron),https://bip-v1-files.idcom-jst.pl/sites/47053/wiadomosci/576460/files/raport_2020_powiatkrasnostawski_27052021_uchwlony.pdf,direct_without_tor,f51b542368f7c2adef14488509a6451833a062535152804b38ea74ed2a5d3593,200,2026-09-15T06:16:00Z,"Raport o stanie Powiatu Krasnostawskiego — podsumowanie działalności Zarządu Powiatu w Krasnymstawie za rok 2020; art. 30a u.s.p.; Zarząd Powiatu w Krasnymstawie (Starostwo Powiatowe w Krasnymstawie, bip.krasnystaw-powiat.pl, TERYT 0606); BIP idcom-jst, artykuł 576460; Załącznik do Uchwały Nr CXXVIII/543/2021 Zarządu Powiatu w Krasnymstawie z 27.05.2021 — raport za 2020 rok (ZA 2020 ROK); art. 30a u.s.p.",2.901,true
5988,lubelskie,krasnostawski,-,-,0606,2021,ok_finalnie,pdf,tekst (115 stron),https://bip-v1-files.idcom-jst.pl/sites/47053/wiadomosci/632565/files/raport_2021_powiatkrasnostawski_ccvii7722022.pdf,direct_without_tor,6a59484ffa6ad3d844bf37fbb41cc418a662cb8fb17b3320b07216aedc6566cd,200,2026-09-15T06:16:00Z,"Raport o stanie Powiatu Krasnostawskiego — podsumowanie działalności Zarządu Powiatu w Krasnymstawie za rok 2021; art. 30a u.s.p.; Zarząd Powiatu w Krasnymstawie (Starostwo Powiatowe w Krasnymstawie, bip.krasnystaw-powiat.pl, TERYT 0606); BIP idcom-jst, artykuł 632565; Załącznik do Uchwały Nr CCVII/772/2022 Zarządu Powiatu w Krasnymstawie z 18.05.2022 — raport za 2021 rok; art. 30a u.s.p.",4.390,true
5989,lubelskie,krasnostawski,-,-,0606,2022,ok_finalnie,pdf,tekst (110 stron),https://bip-v1-files.idcom-jst.pl/sites/47053/wiadomosci/688183/files/raport_2022_powiatkrasnostawski.pdf,direct_without_tor,5e386254f5919485b5bf851f7cae2c31dfb3391f83cf2c47402691db4f9c5a06,200,2026-09-15T06:16:00Z,"Raport o stanie Powiatu Krasnostawskiego — podsumowanie działalności Zarządu Powiatu w Krasnymstawie za rok 2022; art. 30a u.s.p.; Zarząd Powiatu w Krasnymstawie (Starostwo Powiatowe w Krasnymstawie, bip.krasnystaw-powiat.pl, TERYT 0606); BIP idcom-jst, artykuł 688183; Załącznik do Uchwały Nr CCLXII/996/2023 Zarządu Powiatu w Krasnymstawie z 19.05.2023 — raport za 2022 rok; art. 30a u.s.p.",5.358,true
5990,lubelskie,krasnostawski,-,-,0606,2023,ok_finalnie,pdf,tekst (110 stron),https://bip-v1-files.idcom-jst.pl/sites/47053/wiadomosci/756637/files/raport_2023_powiatkrasnostawski.pdf,direct_without_tor,a77ef7e5c59622a2eb8e256e1ffd8aa74c4726f52810749761d3fb9649209751,200,2026-09-15T06:16:00Z,"Raport o stanie Powiatu Krasnostawskiego — podsumowanie działalności Zarządu Powiatu w Krasnymstawie za rok 2023; art. 30a u.s.p.; Zarząd Powiatu w Krasnymstawie (Starostwo Powiatowe w Krasnymstawie, bip.krasnystaw-powiat.pl, TERYT 0606); BIP idcom-jst, artykuł 756637; Załącznik do Uchwały Nr IV/11/2024 Zarządu Powiatu w Krasnymstawie z 29.05.2024 — RAPORT o stanie Powiatu Krasnostawskiego za 2023 rok; art. 30a u.s.p.",4.651,true
5991,lubelskie,krasnostawski,-,-,0606,2024,ok_finalnie,pdf,tekst (128 stron),https://bip-v1-files.idcom-jst.pl/sites/47053/wiadomosci/820173/files/raport_2024_powiat.krasnostawski.pdf,direct_without_tor,f11dfc1ff53ad8badbc03e576d411565cbdb3a10a18a66939cebeb0da58a6b51,200,2026-09-15T06:16:00Z,"Raport o stanie Powiatu Krasnostawskiego — podsumowanie działalności Zarządu Powiatu w Krasnymstawie za rok 2024; art. 30a u.s.p.; Zarząd Powiatu w Krasnymstawie (Starostwo Powiatowe w Krasnymstawie, bip.krasnystaw-powiat.pl, TERYT 0606); BIP idcom-jst, artykuł 820173; Załącznik do Uchwały Nr LII/251/2025 Zarządu Powiatu w Krasnymstawie z 12.05.2025 — raport za 2024 rok; art. 30a u.s.p.",6.635,true
5992,lubelskie,krasnostawski,-,-,0606,2025,ok_finalnie,pdf,tekst (134 stron),https://bip-v1-files.idcom-jst.pl/sites/47053/wiadomosci/885094/files/raport_2025_powiat.krasnostawski.pdf,direct_without_tor,249b7748886b9a309a45b475ef318e11c60fb45067a2f71a11b5f51c30b75912,200,2026-09-15T06:16:00Z,"Raport o stanie Powiatu Krasnostawskiego — podsumowanie działalności Zarządu Powiatu w Krasnymstawie za rok 2025; art. 30a u.s.p.; Zarząd Powiatu w Krasnymstawie (Starostwo Powiatowe w Krasnymstawie, bip.krasnystaw-powiat.pl, TERYT 0606); BIP idcom-jst, artykuł 885094; Załącznik do Uchwały Nr C/482/2026 Zarządu Powiatu w Krasnymstawie z 20.05.2026 — raport za 2025 rok; art. 30a u.s.p.",7.014,true
5993,lubelskie,krasnostawski,Krasnystaw,gmina miejska,0606011,2018,ok_finalnie,pdf,tekst (90 stron),https://umkrasnystaw.bip.lubelskie.pl/upload/pliki/raport-2018.pdf,direct_without_tor,7d20f00aa5709f3e2e998454ed36fa222935da904fec9f703ed5272860385b0c,200,2026-09-15T06:30:00Z,"Raport o stanie Miasta Krasnystaw w 2018 roku (okładka: „RAPORT O STANIE MIASTA KRASNYSTAW W 2018 ROKU"", 200 KB tekstu); art. 28aa u.s.g.; Burmistrz Krasnegostawu (Urząd Miasta Krasnystaw, umkrasnystaw.bip.lubelskie.pl, TERYT 0606011); BIP kat 873, dokument 1394105 (duplikat 1783423, „wersja edytowalna"" z warstwą tekstową)",15.164,true
5994,lubelskie,krasnostawski,Krasnystaw,gmina miejska,0606011,2019,ok_finalnie,pdf,tekst (62 strony),https://umkrasnystaw.bip.lubelskie.pl/upload/pliki/raport-2019.pdf,direct_without_tor,56fe5e4c512715fe7083c1b3070588a489762da1c118f4d0c794f9706844b2a9,200,2026-09-15T06:30:00Z,"Raport o stanie Miasta Krasnystaw za 2019 rok (okładka „ZA 2019 ROK""); art. 28aa u.s.g.; Burmistrz Krasnegostawu (UM Krasnystaw, umkrasnystaw.bip.lubelskie.pl, TERYT 0606011); BIP kat 873, dokument 1517995 (duplikat 1783421, wersja z warstwą tekstową)",2.757,true
5995,lubelskie,krasnostawski,Krasnystaw,gmina miejska,0606011,2020,ok_finalnie,pdf,"skan (76 str.; okładka OCR: „RAPORT O STANIE MIASTA KRASNYSTAW ZA 2020 ROK, Krasnystaw, maj 2021"")",https://umkrasnystaw.bip.lubelskie.pl/upload/pliki/Raport_o_stanie_Miasta_Krasnystaw_za_2020_rok.pdf,direct_without_tor + ocr,816145bc5d5245cd9b12313e8645d72e2f4513a249d8fbc4577a70e0916f2053,200,2026-09-15T06:30:00Z,"Raport o stanie Miasta Krasnystaw za 2020 rok; art. 28aa u.s.g.; Burmistrz Krasnegostawu (UM Krasnystaw, umkrasnystaw.bip.lubelskie.pl, TERYT 0606011); BIP kat 873, dokument 1637415 (errata: dokument 1650713); skan bez warstwy — okładka OCR 300 dpi",61.872,true
5996,lubelskie,krasnostawski,Krasnystaw,gmina miejska,0606011,2021,ok_finalnie,pdf,tekst (63 strony),https://umkrasnystaw.bip.lubelskie.pl/upload/pliki/raport-2021.pdf,direct_without_tor,e68d2f1ede16598084f172be27cae529437a5db541af8b3b7a97af98e3d77189,200,2026-09-15T06:30:00Z,"Raport o stanie Miasta Krasnystaw za 2021 rok (okładka „ZA 2021 ROK"", art. 28aa); Burmistrz Krasnegostawu (UM Krasnystaw, umkrasnystaw.bip.lubelskie.pl, TERYT 0606011); BIP kat 873, dokument 1761339 (duplikat 1783415, wersja z warstwą tekstową)",9.644,true
5997,lubelskie,krasnostawski,Krasnystaw,gmina miejska,0606011,2022,ok_finalnie,pdf,tekst (77 stron),https://umkrasnystaw.bip.lubelskie.pl/upload/pliki/raport-o-stanie-miasta-krasnystaw-za-2022r.pdf,direct_without_tor,0f56971294ba841dcaf54c0e2ef3c6eb7997b0edd7b256be93aef1121b8fb7ce,200,2026-09-15T06:30:00Z,"RAPORT O STANIE MIASTA KRASNYSTAW ZA 2022 ROK; art. 28aa u.s.g.; Burmistrz Krasnegostawu (UM Krasnystaw, umkrasnystaw.bip.lubelskie.pl, TERYT 0606011); BIP kat 873, dokument 1895154 (errata: dokument 1901359)",2.555,true
5998,lubelskie,krasnostawski,Krasnystaw,gmina miejska,0606011,2023,ok_finalnie,pdf,"skan (70 str.; okładka OCR: „RAPORT O STANIE MIASTA KRASNYSTAW ZA 2023 ROK"")",https://umkrasnystaw.bip.lubelskie.pl/upload/pliki/raport_o_stanie_miasta_krasnystaw_za_2023_rok.pdf,direct_without_tor + ocr,66c6a1e56ac4e2eacc89c18d3b5c09d233414039a6b71921bceb8dd68f956184,200,2026-09-15T06:30:00Z,"Raport o stanie Miasta Krasnystaw za 2023 rok; art. 28aa u.s.g.; Burmistrz Krasnegostawu (UM Krasnystaw, umkrasnystaw.bip.lubelskie.pl, TERYT 0606011); BIP kat 873, dokument 2038386 (duplikaty: kat 1245 did 2043685/2043689); skan bez warstwy — okładka OCR 300 dpi",60.864,true
5999,lubelskie,krasnostawski,Krasnystaw,gmina miejska,0606011,2024,ok_finalnie,pdf,tekst (169 stron),https://umkrasnystaw.bip.lubelskie.pl/upload/pliki/0raport_o_stanie_miasta_krasnystaw_za_2024_rok.pdf,direct_without_tor,7350fce490ccacf2134933980c85a53c5b8677ee5245d41d7646722e02450a0e,200,2026-09-15T06:30:00Z,"Raport o stanie Miasta Krasnystaw za 2024 rok (Krasnystaw, maj 2025); art. 28aa u.s.g.; Burmistrz Krasnegostawu (UM Krasnystaw, umkrasnystaw.bip.lubelskie.pl, TERYT 0606011); BIP kat 873, dokument 2178719 (erraty: 2178727, 2182179; publikacja z Zarz. 94/2025: kat 1302 did 2177389)",16.782,true
6000,lubelskie,krasnostawski,Krasnystaw,gmina miejska,0606011,2025,ok_finalnie,pdf,tekst (206 stron),https://umkrasnystaw.bip.lubelskie.pl/upload/pliki/raport_o_stanie_miasta_krasnystaw_za_2025_rok.pdf,direct_without_tor,1b25517d32e6bf28d00866be038eae0c30953d39dae1e72331d8b2d6714290d4,200,2026-09-15T06:30:00Z,"Raport o stanie Miasta Krasnystaw za 2025 rok (Krasnystaw, maj 2026); art. 28aa u.s.g.; Burmistrz Krasnegostawu (UM Krasnystaw, umkrasnystaw.bip.lubelskie.pl, TERYT 0606011); BIP kat 873, dokument 2316198 (duplikat 2316194; publikacja z Zarz. 95/2026: kat 1428 did 2352887; erraty: 2321057, 2340577)",16.361,true
6001,lubelskie,krasnostawski,Fajsławice,gmina wiejska,0606022,2018,brak_finalnie,,,,,,BRAK_DOWODU_ISTNIENIA (niepowstały lub nieopublikowany),2026-09-15T06:50:00Z,"Raport o stanie Gminy Fajsławice za rok 2018 — nieodnaleziony: BIP ugfajslawice.bip.lubelskie.pl (500), e-zeto: pełny skan 288 kategorii mapy serwisu bez pozycji „raport""; szukajka portalu gminafajslawice.pl (art. z 2019 nieobejmujące raportu); Google/Bing nic; IA offline, archive.ph CAPTCHA; Wójt Gminy Fajsławice (Urząd Gminy Fajsławice, TERYT 0606022; portal gminafajslawice.pl, BIP ugfajslawice.bip.e-zeto.eu)",,false
6002,lubelskie,krasnostawski,Fajsławice,gmina wiejska,0606022,2019,brak_finalnie,,,,,,BRAK_DOWODU_ISTNIENIA (niepowstały lub nieopublikowany),2026-09-15T06:50:00Z,"Raport o stanie Gminy Fajsławice za rok 2019 — nieodnaleziony: analogiczne przeszukanie jak dla 2018 (BIP e-zeto, portal, Google, archiwa) bez rezultatu; Wójt Gminy Fajsławice (Urząd Gminy Fajsławice, TERYT 0606022; portal gminafajslawice.pl, BIP ugfajslawice.bip.e-zeto.eu)",,false
6003,lubelskie,krasnostawski,Fajsławice,gmina wiejska,0606022,2020,ok_finalnie,docx,tekst (docx; raport 20 str. ~337 tys. znaków),https://www.gminafajslawice.pl/pobierz/article-1dad022367c55d5d0e321e862d5c3b27,direct_without_tor,0d9ea82e6648961e101fd4c1dbae10f8d2e298d36beb72fd02b2780b77e29293,200,2026-09-15T06:50:00Z,"Raport o stanie Gminy Fajsławice za rok 2020 (Fajsławice, 28.05.2021; art. 28aa u.s.g.); Wójt Gminy Fajsławice (Urząd Gminy Fajsławice, TERYT 0606022; portal gminafajslawice.pl, BIP ugfajslawice.bip.e-zeto.eu); załącznik do zawiadomienia o sesji z debatą nad raportem (artykuł portalu 203, publikacja 2021)",0.322,true
6004,lubelskie,krasnostawski,Fajsławice,gmina wiejska,0606022,2021,ok_finalnie,docx,tekst (docx; raport ~345 tys. znaków),https://www.gminafajslawice.pl/pobierz/article-59e6b28bf44aafd7c616b02fc58a3d21,direct_without_tor,d818829c8a37a442bda6be125f3925826dfe69e8ad689c09d18a0a1fcb943192,200,2026-09-15T06:50:00Z,"Raport o stanie Gminy Fajsławice za rok 2021 (Fajsławice, 28/31.05.2022; art. 28aa u.s.g.); Wójt Gminy Fajsławice (Urząd Gminy Fajsławice, TERYT 0606022; portal gminafajslawice.pl, BIP ugfajslawice.bip.e-zeto.eu); załącznik do zawiadomienia o sesji z debatą nad raportem za 2021 (artykuł portalu 563)",0.329,true
6005,lubelskie,krasnostawski,Fajsławice,gmina wiejska,0606022,2022,brak_finalnie,,,,,,BRAK_URL (dowód istnienia — plik nieopublikowany),2026-09-15T06:50:00Z,"Raport o stanie Gminy Fajsławice za rok 2022 — dowód istnienia: zawiadomienie o sesji z debatą nad raportem o stanie gminy (portal, artykuł 874 z 07.06.2023, kopia: work/pliki/fajslawice_zawiadomienie_debata_2022.html) oraz film „Podsumowanie rocznej działalności samorządu gminy Fajsławice w 2022 r."" (materialy-wideo, 31.01.2023); pliku raportu nie opublikowano (BIP e-zeto, portal, Google, archiwa — nic); Wójt Gminy Fajsławice (Urząd Gminy Fajsławice, TERYT 0606022; portal gminafajslawice.pl, BIP ugfajslawice.bip.e-zeto.eu)",,false
6006,lubelskie,krasnostawski,Fajsławice,gmina wiejska,0606022,2023,brak_finalnie,,,,,,BRAK_DOWODU_ISTNIENIA (niepowstały lub nieopublikowany),2026-09-15T06:50:00Z,"Raport o stanie Gminy Fajsławice za rok 2023 — raportu (dokumentu) nie odnaleziono; pośredni ślad praktyki: film „Podsumowanie 2023"" (materialy-wideo, publik. I 2024), zawiadomienia o debacie z 2024 brak; BIP e-zeto/portal/Google/archiwa nic; Wójt Gminy Fajsławice (Urząd Gminy Fajsławice, TERYT 0606022; portal gminafajslawice.pl, BIP ugfajslawice.bip.e-zeto.eu)",,false
6007,lubelskie,krasnostawski,Fajsławice,gmina wiejska,0606022,2024,ok_finalnie,pdf,tekst (59 stron),https://ugfajslawice.bip.e-zeto.eu/bip/21_ugfajslawice/fckeditor/file/zawiadomienia/2025//Raport%20o%20stanie%20Gminy%20Fajs%C5%82awice%20za%20rok%202024.pdf,direct_without_tor,2147aad4f62003a4b71c21d7182070353c87b6a62eacad96ef1ec55e89f03feb,200,2026-09-15T06:50:00Z,"Raport o stanie Gminy Fajsławice za rok 2024 (okładka: „RAPORT O STANIE GMINY FAJSŁAWICE za rok 2024, Fajsławice, 30 maja 2025""; art. 28aa u.s.g.); Wójt Gminy Fajsławice (Urząd Gminy Fajsławice, TERYT 0606022; portal gminafajslawice.pl, BIP ugfajslawice.bip.e-zeto.eu); BIP e-zeto kat. zawiadomienia/2025 (duplikat bajtowy na portalu, artykuł 1523)",1.214,true
6008,lubelskie,krasnostawski,Fajsławice,gmina wiejska,0606022,2025,ok_finalnie,pdf,tekst (63 strony),https://www.gminafajslawice.pl/pobierz/article-399ac348bdecb08d81db535374a02245,direct_without_tor,01a1d7e3ccce67a1af39d45e841c7420f170a52ef2a84e17439754463d6a7600,200,2026-09-15T06:50:00Z,"Raport o stanie Gminy Fajsławice za rok 2025 (okładka: „RAPORT O STANIE GMINY FAJSŁAWICE za rok 2025, Fajsławice, 29 maja 2026""; art. 28aa u.s.g.); Wójt Gminy Fajsławice (Urząd Gminy Fajsławice, TERYT 0606022; portal gminafajslawice.pl, BIP ugfajslawice.bip.e-zeto.eu); załącznik do zawiadomienia o sesji 19.06.2026 (artykuł portalu 1869)",1.125,true
6009,lubelskie,krasnostawski,Gorzków,gmina wiejska,0606032,2018,ok_finalnie,pdf,tekst (96 stron),https://uggorzkow.bip.e-zeto.eu/bip/41_uggorzkow/fckeditor/file/P.Cichosz/Raport o stanie Gminy/Raport o stanie Gminy Gorzków za rok 2018. 31.05.2019 r.pdf,direct_without_tor,6705a83764c0bfef6d159987e4e7fe00052911cf5b2453956dd9bccb3accfeaa,200,2026-09-15T07:05:00Z,"Raport o stanie Gminy Gorzków za rok 2018 (treść: „za rok 2018""; art. 28aa u.s.g.); Wójt Gminy Gorzków (Urząd Gminy Gorzków, TERYT 0606032; BIP uggorzkow.bip.e-zeto.eu, kategoria „RAPORTY O STANIE GMINY"", bt68/mnu19)",2.529,true
6010,lubelskie,krasnostawski,Gorzków,gmina wiejska,0606032,2019,ok_finalnie,pdf,tekst (108 stron),https://uggorzkow.bip.e-zeto.eu/bip/41_uggorzkow/fckeditor/file/Raport o stanie Gminy//Raport o stanie Gminy Gorzków za rok 2019 - 29.06.2020.pdf,direct_without_tor,751c1aa80be9524cca32f7dc838715433a904d7881aa2f56979f27cb2bca5568,200,2026-09-15T07:05:00Z,"Raport o stanie Gminy Gorzków za rok 2019 (treść: „za rok 2019""; art. 28aa u.s.g.); Wójt Gminy Gorzków (Urząd Gminy Gorzków, TERYT 0606032; BIP uggorzkow.bip.e-zeto.eu, kategoria „RAPORTY O STANIE GMINY"", bt68/mnu19)",2.472,true
6011,lubelskie,krasnostawski,Gorzków,gmina wiejska,0606032,2020,ok_finalnie,pdf,tekst (91 stron),https://uggorzkow.bip.e-zeto.eu/bip/41_uggorzkow/fckeditor/file/P.Cichosz/Raport o stanie Gminy za rok 2020/raport 2020.pdf,direct_without_tor,421eca39bfadf233ffb32d8075e8316e2b99c4b71f87e0e6cbf955870801b0c6,200,2026-09-15T07:05:00Z,"Raport o stanie Gminy Gorzków za rok 2020 (treść: „za rok 2020""; art. 28aa u.s.g.); Wójt Gminy Gorzków (Urząd Gminy Gorzków, TERYT 0606032; BIP uggorzkow.bip.e-zeto.eu, kategoria „RAPORTY O STANIE GMINY"", bt68/mnu19)",2.280,true
6012,lubelskie,krasnostawski,Gorzków,gmina wiejska,0606032,2021,ok_finalnie,pdf,tekst (98 stron),https://uggorzkow.bip.e-zeto.eu/bip/41_uggorzkow/fckeditor/file/P.Cichosz/Raport o stanie Gminy 2021 r./Raport o stanie Gminy Gorzków za rok 2021.pdf,direct_without_tor,8c6db9291dac784302cb1c9063bf979633d5da87e7489069c593c676db914728,200,2026-09-15T07:05:00Z,"Raport o stanie Gminy Gorzków za rok 2021 (treść: „za rok 2021""; art. 28aa u.s.g.); Wójt Gminy Gorzków (Urząd Gminy Gorzków, TERYT 0606032; BIP uggorzkow.bip.e-zeto.eu, kategoria „RAPORTY O STANIE GMINY"", bt68/mnu19)",3.571,true
6013,lubelskie,krasnostawski,Gorzków,gmina wiejska,0606032,2022,ok_finalnie,pdf,tekst (92 stron),https://uggorzkow.bip.e-zeto.eu/bip/41_uggorzkow/fckeditor/file/P.Cichosz/raport 2022/Raport o stanie Gminy Gorzków za rok 2022.pdf,direct_without_tor,060141bd9b67d401df9790808c58bf492e12e1c575967b672a80ffa91f82c703,200,2026-09-15T07:05:00Z,"Raport o stanie Gminy Gorzków za rok 2022 (treść: „za rok 2022""; art. 28aa u.s.g.); Wójt Gminy Gorzków (Urząd Gminy Gorzków, TERYT 0606032; BIP uggorzkow.bip.e-zeto.eu, kategoria „RAPORTY O STANIE GMINY"", bt68/mnu19)",2.348,true
6014,lubelskie,krasnostawski,Gorzków,gmina wiejska,0606032,2023,ok_finalnie,pdf,tekst (122 stron),https://uggorzkow.bip.e-zeto.eu/bip/41_uggorzkow/fckeditor/file/Raport o stanie Gminy//Raport_2023.pdf,direct_without_tor,8644032741d552dd2ef4a8adb09d4ad9000fdfeaba20216b28204a6d1041e218,200,2026-09-15T07:05:00Z,"Raport o stanie Gminy Gorzków za rok 2023 (treść: „za rok 2023""; art. 28aa u.s.g.); Wójt Gminy Gorzków (Urząd Gminy Gorzków, TERYT 0606032; BIP uggorzkow.bip.e-zeto.eu, kategoria „RAPORTY O STANIE GMINY"", bt68/mnu19)",15.235,true
6015,lubelskie,krasnostawski,Gorzków,gmina wiejska,0606032,2024,ok_finalnie,pdf,tekst (117 stron),https://uggorzkow.bip.e-zeto.eu/bip/41_uggorzkow/fckeditor/file/Raport o stanie Gminy//Raport_2024.pdf,direct_without_tor,deddb9fed53f3dfe0084487deba0da122793d1171b217540883ab9acde03e653,200,2026-09-15T07:05:00Z,"Raport o stanie Gminy Gorzków za rok 2024 (treść: „za rok 2024""; art. 28aa u.s.g.); Wójt Gminy Gorzków (Urząd Gminy Gorzków, TERYT 0606032; BIP uggorzkow.bip.e-zeto.eu, kategoria „RAPORTY O STANIE GMINY"", bt68/mnu19)",18.319,true
6016,lubelskie,krasnostawski,Gorzków,gmina wiejska,0606032,2025,ok_finalnie,pdf,tekst (115 stron),https://uggorzkow.bip.e-zeto.eu/bip/41_uggorzkow/fckeditor/file/Raport o stanie Gminy//Raport_2025.pdf,direct_without_tor,39d93326a6429fa9d76518ca479bd2a74c4b80f7d549aeff26b2abbcda7fa5d1,200,2026-09-15T07:05:00Z,"Raport o stanie Gminy Gorzków za rok 2025 (treść: „za rok 2025""; art. 28aa u.s.g.); Wójt Gminy Gorzków (Urząd Gminy Gorzków, TERYT 0606032; BIP uggorzkow.bip.e-zeto.eu, kategoria „RAPORTY O STANIE GMINY"", bt68/mnu19)",5.615,true
6017,lubelskie,krasnostawski,Izbica,gmina wiejska,0606042,2018,brak_finalnie,,,,,,BRAK_DOWODU_ISTNIENIA (niepowstały lub nieopublikowany),2026-09-15T07:25:00Z,"Raport o stanie Gminy Izbica za rok 2018 — nieodnaleziony: portal gminaizbica.pl (WordPress) zawiera raporty od 2020 wzwyż (najstarszy uploads 2021/05); stary BIP ugizbica.bip.lubelskie.pl trwale 500 (Page error), izbica.bip.e-zeto.eu 404; zgadywanie ścieżek wp-content/uploads 2019–2021 (10 nazw × 36 miesięcy) 0 trafień; Google/archiwa nic; organ wówczas: Wójt Gminy Izbica (TERYT 0606042)",,false
6018,lubelskie,krasnostawski,Izbica,gmina wiejska,0606042,2019,brak_finalnie,,,,,,BRAK_DOWODU_ISTNIENIA (niepowstały lub nieopublikowany),2026-09-15T07:25:00Z,"Raport o stanie Gminy Izbica za rok 2019 — nieodnaleziony: analogiczne przeszukanie jak dla 2018 (portal od 2020, BIP 500, e-zeto 404, zgadywanie uploads 0 trafień, Google, archiwa); organ wówczas: Wójt Gminy Izbica (TERYT 0606042)",,false
6019,lubelskie,krasnostawski,Izbica,gmina wiejska,0606042,2020,ok_finalnie,pdf,tekst (81 stron),https://www.gminaizbica.pl/wp-content/uploads/2021/05/Raport-o-stanie-Gminy-Izbica-2020.pdf,direct_without_tor,d94619c59ddc7b738ddd0643819e02ae237e2064c0a0dcc143d791ca66c5f3f8,200,2026-09-15T07:25:00Z,"Raport o stanie Gminy Izbica za rok 2020 (Wójt Gminy Izbica; TERYT 0606042; portal gminaizbica.pl WordPress, załącznik wpisu „Zgłoszenia do udziału w debacie nad raportem o stanie Gminy Izbica za-2020-rok"", publikacja 2021; art. 28aa u.s.g.)",2.825,true
6020,lubelskie,krasnostawski,Izbica,gmina wiejska,0606042,2021,ok_finalnie,pdf,tekst (78 stron),https://www.gminaizbica.pl/wp-content/uploads/2022/05/raport-o-stanie-gminy-2021-rok-.pdf,direct_without_tor,733b4415f8aeea0254455659680b41fe0b6eb529085e2f042f9b7bf0114fdb58,200,2026-09-15T07:25:00Z,"Raport o stanie Gminy Izbica za rok 2021 (Wójt Gminy Izbica; TERYT 0606042; portal gminaizbica.pl WordPress, załącznik wpisu „Zgłoszenia do udziału w debacie nad raportem o stanie Gminy Izbica za-2021-rok"", publikacja 2022; art. 28aa u.s.g.)",1.620,true
6021,lubelskie,krasnostawski,Izbica,gmina miejsko-wiejska,0606043,2022,ok_finalnie,pdf,tekst (88 stron),https://www.gminaizbica.pl/wp-content/uploads/2023/06/Raport-o-stanie-gminy-za-rok-2022.pdf,direct_without_tor,4a305ecf6d6aa3bfe30cd4eb830b959af020b0378def2406f3497cb9193fcab6,200,2026-09-15T07:25:00Z,"Raport o stanie Gminy Izbica za rok 2022 (Burmistrz Miasta i Gminy Izbica; TERYT 0606043 (miasto od 1.01.2022); portal gminaizbica.pl WordPress, załącznik wpisu „Zgłoszenia do udziału w debacie nad raportem o stanie Gminy Izbica za-2022-rok"", publikacja 2023; art. 28aa u.s.g.)",1.031,true
6022,lubelskie,krasnostawski,Izbica,gmina miejsko-wiejska,0606043,2023,ok_finalnie,pdf,tekst (88 stron),https://www.gminaizbica.pl/wp-content/uploads/2024/05/Raport-o-stanie-Gminy-Izbica-za-2023-rok.pdf,direct_without_tor,aa0508796bbf9a66548d1370f379827034a049d850bd755afd528f982bf9b73b,200,2026-09-15T07:25:00Z,"Raport o stanie Gminy Izbica za rok 2023 (Burmistrz Miasta i Gminy Izbica; TERYT 0606043 (miasto od 1.01.2022); portal gminaizbica.pl WordPress, załącznik wpisu „Zgłoszenia do udziału w debacie nad raportem o stanie Gminy Izbica za-2023"", publikacja 2024; art. 28aa u.s.g.)",5.538,true
6023,lubelskie,krasnostawski,Izbica,gmina miejsko-wiejska,0606043,2024,ok_finalnie,pdf,tekst (90 stron),https://www.gminaizbica.pl/wp-content/uploads/2025/05/Raport-o-stanie-Gminy-Izbica-za-2024-rok.pdf,direct_without_tor,e55223868f4f714cf4d17aa753e447a28292084a07d3545a662df50ee4a0a42f,200,2026-09-15T07:25:00Z,"Raport o stanie Gminy Izbica za rok 2024 (Burmistrz Miasta i Gminy Izbica; TERYT 0606043 (miasto od 1.01.2022); portal gminaizbica.pl WordPress, załącznik wpisu „Zgłoszenia do udziału w debacie nad raportem o stanie Gminy Izbica za-2024"", publikacja 2025; art. 28aa u.s.g.)",5.886,true
6024,lubelskie,krasnostawski,Izbica,gmina miejsko-wiejska,0606043,2025,ok_finalnie,pdf,"skan (79 str.; okładka/spis OCR: „Raport o stanie Gminy Izbica za 2025 rok"")",https://www.gminaizbica.pl/wp-content/uploads/2026/06/Raport-o-stanie-Gminy.pdf,direct_without_tor + ocr,c2737da7ba10f697c39f7ea9ec7f5ff551597d77da776f982a43aec442adfab7,200,2026-09-15T07:25:00Z,"Raport o stanie Gminy Izbica za rok 2025 (Burmistrz Miasta i Gminy Izbica; TERYT 0606043 (miasto od 1.01.2022); portal gminaizbica.pl WordPress, załącznik wpisu „Zgłoszenia do udziału w debacie nad raportem o stanie Gminy Izbica za-2025"", publikacja 2026; art. 28aa u.s.g.)",26.904,true
6025,lubelskie,krasnostawski,Krasnystaw,gmina wiejska,0606052,2018,ok_finalnie,pdf,tekst (56 stron),https://ugkrasnystaw.bip.e-zeto.eu/bip/48_ugkrasnystaw/fckeditor/file/Prawo/Zarzadzenia/2019/06/03//Raport%20o%20stanie%20gminy%202018.pdf,direct_without_tor,9494dda17c7c3940595938879d0ab1eece10f242112679a8436d2d9e7bae2c6b,200,2026-09-15T07:40:00Z,"Raport o stanie Gminy Krasnystaw za rok 2018 (treść: „ZA 2018""; art. 28aa u.s.g.); Wójt Gminy Krasnystaw (Urząd Gminy Krasnystaw, ul. M. Konopnickiej 4, TERYT 0606052; BIP ugkrasnystaw.bip.e-zeto.eu, kategoria Zarządzenia 2019, bt221) — załącznik do zarządzenia Wójta z 03.06.2019",1.281,true
6026,lubelskie,krasnostawski,Krasnystaw,gmina wiejska,0606052,2019,brak_finalnie,,,,,,BRAK_DOWODU_ISTNIENIA (niepowstały lub nieopublikowany),2026-09-15T07:40:00Z,"Raport o stanie Gminy Krasnystaw za rok 2019 — nieodnaleziony: BIP e-zeto kategoria Zarządzenia 2020 (bt220) przejrzana w całości (107 plików; zarządzenia V–VI 2020 Nr 27–38 sprawdzone, w tym OCR treści Nr 31–35 — brak raportu), sesje RG 2020 (informacje o zwołaniu bez plików), portal krasnystaw.ug.gov.pl (wpisy raportowe od 31.05.2021, wpis „za 2020"" nie przywołuje 2019), Google (jedynie raport MIASTA Krasnystaw za 2019 — inna jednostka), IA offline, archive.ph CAPTCHA; Wójt Gminy Krasnystaw (TERYT 0606052)",,false
6027,lubelskie,krasnostawski,Krasnystaw,gmina wiejska,0606052,2020,ok_finalnie,pdf,"skan (74 str.; okładka OCR: „RAPORT O STANIE GMINY KRASNYSTAW ZA 2020 ROK, Krasnystaw, 28 maja 2021"")",https://ugkrasnystaw.bip.e-zeto.eu/bip/48_ugkrasnystaw/fckeditor/file/Prawo/Zarzadzenia/2021/05/31//raport%202020.pdf,direct_without_tor + ocr,1e94378b59d549ead76a00fd7c3d955b372b8c9a100fbc09a412a7424635e4c1,200,2026-09-15T07:40:00Z,"Raport o stanie Gminy Krasnystaw za rok 2020; art. 28aa u.s.g.; Wójt Gminy Krasnystaw (UG Krasnystaw, TERYT 0606052; BIP e-zeto, Zarządzenia 2021, bt219 — załącznik zarządzenia z 31.05.2021; duplikat wpisu portalowego z 31.05.2021); skan bez warstwy — okładka OCR 300 dpi",43.517,true
6028,lubelskie,krasnostawski,Krasnystaw,gmina wiejska,0606052,2021,ok_finalnie,pdf,tekst (72 strony),https://ugkrasnystaw.bip.e-zeto.eu/bip/48_ugkrasnystaw/fckeditor/file/Prawo/Zarzadzenia/2022/06/01//raport%202021%20wersja%20ko%C5%84cowa.pdf,direct_without_tor,2416469883b72de1fcbf4919988552236f081a9edd5aa931d309d88e02f93c3e,200,2026-09-15T07:40:00Z,"Raport o stanie Gminy Krasnystaw za rok 2021 („raport 2021 wersja końcowa"", treść: „ZA 2021""); art. 28aa u.s.g.; Wójt Gminy Krasnystaw (UG Krasnystaw, TERYT 0606052; BIP e-zeto, Zarządzenia 2022, bt218 — załącznik zarządzenia z 01.06.2022; duplikat wpisu portalowego z 01.06.2022)",2.239,true
6029,lubelskie,krasnostawski,Krasnystaw,gmina wiejska,0606052,2022,ok_finalnie,pdf,tekst (81 stron),https://ugkrasnystaw.bip.e-zeto.eu/bip/48_ugkrasnystaw/fckeditor/file/Prawo/Zarzadzenia/2023/05/31//raport%202022%20ost..pdf,direct_without_tor,0c47547a0b5af1be0963a14ccf5572e1ddc78b94a9210fbe1fbe67ac6caced93,200,2026-09-15T07:40:00Z,"Raport o stanie Gminy Krasnystaw za 2022 rok (treść: „ZA 2022""); art. 28aa u.s.g.; Wójt Gminy Krasnystaw (UG Krasnystaw, TERYT 0606052; BIP e-zeto, Zarządzenia 2023, bt217 — załącznik zarządzenia z 31.05.2023; duplikat portalowy krasnystaw.ug.gov.pl/wp-content/uploads/2023/05/raport_2022_ostpdf.pdf)",3.654,true
6030,lubelskie,krasnostawski,Krasnystaw,gmina wiejska,0606052,2023,ok_finalnie,pdf,tekst (77 stron),https://krasnystaw.ug.gov.pl/wp-content/uploads/2024/06/raport_2023-1.pdf,direct_without_tor,a951d0ff7ea701a765cd878c922f85d6950610406071bfd493cd1c32c399bd55,200,2026-09-15T07:40:00Z,"RAPORT O STANIE GMINY KRASNYSTAW ZA 2023 ROK (okładka; art. 28aa u.s.g.); Wójt Gminy Krasnystaw (UG Krasnystaw, TERYT 0606052; portal krasnystaw.ug.gov.pl, wpis „Raport o stanie Gminy Krasnystaw za 2023 rok"" z 03.06.2024)",3.656,true
6031,lubelskie,krasnostawski,Krasnystaw,gmina wiejska,0606052,2024,ok_finalnie,pdf,tekst (89 stron),https://ugkrasnystaw.bip.e-zeto.eu/bip/48_ugkrasnystaw/fckeditor/file/Rada_Gminy/Kadencja%202024-2029/Sesje%20Rady%20Gminy/XIII%20sesja%202025.06.24//raport.zip,direct_without_tor (zip → pdf),ba8ab63f37cc80d524e0b92f353a4cfb6b29e99d2c6e2709756f868a13e70a9a,200,2026-09-15T07:40:00Z,"RAPORT O STANIE GMINY KRASNYSTAW ZA 2024 ROK (okładka); art. 28aa u.s.g.; Wójt Gminy Krasnystaw (UG Krasnystaw, TERYT 0606052); BIP e-zeto, materiały XIII sesji RG z 24.06.2025 (plik raport.zip → raport 2024.pdf); duplikat portalowy krasnystaw.ug.gov.pl/wp-content/uploads/2025/05/raport-2024.pdf",7.563,true
6032,lubelskie,krasnostawski,Krasnystaw,gmina wiejska,0606052,2025,ok_finalnie,pdf,tekst (91 stron),https://krasnystaw.ug.gov.pl/wp-content/uploads/2026/05/raport-2025-osg.pdf,direct_without_tor,9857f8c4b22a1a322f7e17c316ef5041eeaa270bdff0ea1d7c02a9f437c44ebd,200,2026-09-15T07:40:00Z,"Raport o stanie Gminy Krasnystaw za rok 2025 (treść: „ZA 2025""); art. 28aa u.s.g.; Wójt Gminy Krasnystaw (UG Krasnystaw, TERYT 0606052); portal krasnystaw.ug.gov.pl (wpis 29.05.2026); także BIP e-zeto bt302 (informacja o zwołaniu XXII sesji RG z 23.06.2026)",9.848,true
6033,lubelskie,krasnostawski,Kraśniczyn,gmina wiejska,0606062,2018,brak_finalnie,,,,,,BRAK_URL (dowód istnienia — plik nieopublikowany),2026-09-15T08:05:00Z,"Raport o stanie Gminy Kraśniczyn za rok 2018 — raport powstał (RAPORT za 2020: „po raz trzeci"" → wydanie 1. = 2018; RAPORT 2021: „po raz czwarty""), lecz pliku nie opublikowano: BIP kategoria roczna 2018 (bt540/bt554) pusta, portal ugkrasniczyn.pl (aktualności 2018–2021) bez wpisu; Google/archiwa nic; Wójt Gminy Kraśniczyn (Urząd Gminy Kraśniczyn, TERYT 0606062; BIP www.ugkrasniczyn.bip.e-zeto.eu, kategoria „Raport o stanie Gminy"", podkategoria roczna; strona ugkrasniczyn.pl)",,false
6034,lubelskie,krasnostawski,Kraśniczyn,gmina wiejska,0606062,2019,brak_finalnie,,,,,,BRAK_URL (dowód istnienia — plik nieopublikowany),2026-09-15T08:05:00Z,"Raport o stanie Gminy Kraśniczyn za rok 2019 — raport powstał (RAPORT za 2020: „po raz trzeci"" → wydanie 2. = 2019), lecz pliku nie opublikowano: BIP kategoria 2019 (bt539/bt553) pusta, portal bez wpisu, Google/archiwa nic; Wójt Gminy Kraśniczyn (Urząd Gminy Kraśniczyn, TERYT 0606062; BIP www.ugkrasniczyn.bip.e-zeto.eu, kategoria „Raport o stanie Gminy"", podkategoria roczna; strona ugkrasniczyn.pl)",,false
6035,lubelskie,krasnostawski,Kraśniczyn,gmina wiejska,0606062,2020,ok_finalnie,pdf,tekst (42 strony),https://www.ugkrasniczyn.bip.e-zeto.eu/bip/47_ugkrasniczyn/fckeditor/file/Raport%20o%20stanie%20Gminy/2020/RAPORT%20O%20STANIE%20GMINY%202020.pdf,direct_without_tor,e08dee54bff8575d9e43628ea37fea6d6cbba50ffed0f984ec380b85935f877d,200,2026-09-15T08:05:00Z,"Raport o stanie Gminy Kraśniczyn za rok 2020 (art. 28aa u.s.g.); Wójt Gminy Kraśniczyn (Urząd Gminy Kraśniczyn, TERYT 0606062; BIP www.ugkrasniczyn.bip.e-zeto.eu, kategoria „Raport o stanie Gminy"", podkategoria roczna; strona ugkrasniczyn.pl); RAPORT O STANIE GMINY KRAŚNICZYN za 2020 („po raz trzeci""; art. 28aa u.s.g.); załącznik do Zarządzenia Nr 27/2021 Wójta z 24.05.2021",1.482,true
6036,lubelskie,krasnostawski,Kraśniczyn,gmina wiejska,0606062,2021,ok_finalnie,pdf,tekst (69 stron),https://www.ugkrasniczyn.bip.e-zeto.eu/bip/47_ugkrasniczyn/fckeditor/file/Raport%20o%20stanie%20Gminy/2021/Za%C5%82%C4%85cznik%20do%20zarz%C4%85dzenia%2046_2022.pdf,direct_without_tor,f7c0ca779a85760848ef2e6a5bc64156c606433a56ced66ec5e3e07cec00aff7,200,2026-09-15T08:05:00Z,"Raport o stanie Gminy Kraśniczyn za rok 2021 (art. 28aa u.s.g.); Wójt Gminy Kraśniczyn (Urząd Gminy Kraśniczyn, TERYT 0606062; BIP www.ugkrasniczyn.bip.e-zeto.eu, kategoria „Raport o stanie Gminy"", podkategoria roczna; strona ugkrasniczyn.pl); RAPORT O STANIE GMINY KRAŚNICZYN ZA ROK 2021 („po raz czwarty""; art. 28aa u.s.g.); załącznik do Zarządzenia Nr 46/2022 Wójta z 23.05.2022",4.950,true
6037,lubelskie,krasnostawski,Kraśniczyn,gmina wiejska,0606062,2022,brak_finalnie,,,,,,BRAK_URL (dowód istnienia — plik nieopublikowany),2026-09-15T08:05:00Z,"Raport o stanie Gminy Kraśniczyn za rok 2022 — raport powstał (RAPORT za 2023: „szóste wydanie"" → wydanie 5. = 2022), lecz pliku nie opublikowano: BIP kategoria 2022 (bt536/bt550) pusta, portal (aktualności 2023, kat 497) bez wpisu raportowego, zgadywanie ścieżek fckeditor (RAPORT 2022.pdf warianty) 0 trafień, Google nic; Wójt Gminy Kraśniczyn (Urząd Gminy Kraśniczyn, TERYT 0606062; BIP www.ugkrasniczyn.bip.e-zeto.eu, kategoria „Raport o stanie Gminy"", podkategoria roczna; strona ugkrasniczyn.pl)",,false
6038,lubelskie,krasnostawski,Kraśniczyn,gmina wiejska,0606062,2023,ok_finalnie,pdf,tekst (94 strony),https://www.ugkrasniczyn.bip.e-zeto.eu/bip/47_ugkrasniczyn/fckeditor/file/Raport%20o%20stanie%20Gminy/2023/RAPORT%202023.pdf,direct_without_tor,41b11de4010a7ac8a3c1d3f92e2384d38dd82f1ee5125d18d44c3028f946e463,200,2026-09-15T08:05:00Z,"Raport o stanie Gminy Kraśniczyn za rok 2023 (art. 28aa u.s.g.); Wójt Gminy Kraśniczyn (Urząd Gminy Kraśniczyn, TERYT 0606062; BIP www.ugkrasniczyn.bip.e-zeto.eu, kategoria „Raport o stanie Gminy"", podkategoria roczna; strona ugkrasniczyn.pl); RAPORT O STANIE GMINY KRAŚNICZYN ZA ROK 2023 („szóste wydanie""; art. 28aa u.s.g.); załącznik do Zarządzenia Nr 38/2024 Wójta z 22.05.2024",4.122,true
6039,lubelskie,krasnostawski,Kraśniczyn,gmina wiejska,0606062,2024,ok_finalnie,pdf,tekst (123 strony),https://www.ugkrasniczyn.bip.e-zeto.eu/bip/47_ugkrasniczyn/fckeditor/file/Raport%20o%20stanie%20Gminy/2024//Raport%202024%20BIP-1.pdf,direct_without_tor,6e228b10037c883e588f60fa4166781ed2e89aded50c9c471bf76c24baa61e90,200,2026-09-15T08:05:00Z,"Raport o stanie Gminy Kraśniczyn za rok 2024 (art. 28aa u.s.g.); Wójt Gminy Kraśniczyn (Urząd Gminy Kraśniczyn, TERYT 0606062; BIP www.ugkrasniczyn.bip.e-zeto.eu, kategoria „Raport o stanie Gminy"", podkategoria roczna; strona ugkrasniczyn.pl); RAPORT O STANIE GMINY KRAŚNICZYN ZA ROK 2024 (art. 28aa u.s.g.); załącznik do Zarządzenia Nr 39/2025 Wójta z 20.05.2025",8.260,true
6040,lubelskie,krasnostawski,Kraśniczyn,gmina wiejska,0606062,2025,ok_finalnie,pdf,"tekst (zarządzenie + raport „siódme wydanie"", 168 stron)",https://www.ugkrasniczyn.bip.e-zeto.eu/bip/47_ugkrasniczyn/fckeditor/file/Prawo%20miejscowe/zarzadzenia%20wojta/2026//Zarz%C4%85dzenie%2035-2026.pdf,direct_without_tor,369f79183a11b4f3491e4bcf30aec1331693d7424978a43a9b1ba42ee2a1c56a,200,2026-09-15T08:05:00Z,"Raport o stanie Gminy Kraśniczyn za rok 2025 (art. 28aa u.s.g.); Wójt Gminy Kraśniczyn (Urząd Gminy Kraśniczyn, TERYT 0606062; BIP www.ugkrasniczyn.bip.e-zeto.eu, kategoria „Raport o stanie Gminy"", podkategoria roczna; strona ugkrasniczyn.pl); Zarządzenie Nr 35/2026 Wójta Gminy Kraśniczyn z 28.05.2026 w sprawie przedstawienia Raportu o stanie Gminy za 2025 r. — raport stanowi załącznik (art. 28aa u.s.g.)",14.164,true
6041,lubelskie,krasnostawski,Łopiennik Górny,gmina wiejska,0606072,2018,ok_finalnie,pdf,tekst (56 stron),https://uglopiennikgorny.bip.e-zeto.eu/bip/42_uglopiennikgorny/fckeditor/file/2019 ROK/Raport o stanie gminy/35 raport o stanie gminy Łopiennik Górny.pdf,direct_without_tor,cefdf16c7e906cb1b771fc38d6de616a3977f316c745ffaada4dd8813102e6eb,200,2026-09-15T08:25:00Z,"Raport o stanie Gminy Łopiennik Górny za rok 2018 (treść: „za 2018 rok""; art. 28aa u.s.g.); Wójt Gminy Łopiennik Górny (Urząd Gminy Łopiennik Górny, TERYT 0606072; BIP uglopiennikgorny.bip.e-zeto.eu, kategoria „Raport o stanie Gminy Łopiennik Górny"", dokumenty 2381–3450)",3.522,true
6042,lubelskie,krasnostawski,Łopiennik Górny,gmina wiejska,0606072,2019,ok_finalnie,pdf,tekst (70 stron),https://uglopiennikgorny.bip.e-zeto.eu//bip/42_uglopiennikgorny/fckeditor/file/2020 ROK/Raport o stanie gminy//raport o stanie gminy Łopiennik Górny_2019_wojt POPRAWIONY.pdf,direct_without_tor,8b94c0a475fb0cd44406afd782fb2b4e11ef8ebc1444061fcc0dcb21f1838d3e,200,2026-09-15T08:25:00Z,"Raport o stanie Gminy Łopiennik Górny za rok 2019 (treść: „za 2019 rok""; art. 28aa u.s.g.); Wójt Gminy Łopiennik Górny (Urząd Gminy Łopiennik Górny, TERYT 0606072; BIP uglopiennikgorny.bip.e-zeto.eu, kategoria „Raport o stanie Gminy Łopiennik Górny"", dokumenty 2381–3450)",4.920,true
6043,lubelskie,krasnostawski,Łopiennik Górny,gmina wiejska,0606072,2020,ok_finalnie,docx,"tekst (docx; raport „za 2020 rok"", ~67 tys. znaków)",https://uglopiennikgorny.bip.e-zeto.eu//bip/42_uglopiennikgorny/fckeditor/file/2021 ROK/Ogłoszenia 2021/Raport 2020/raport o stanie gminy 2020.docx,direct_without_tor,4e9d7fdde713f7269bac78e615c58f8d390bf18a415842eea6f9d127410d6ec0,200,2026-09-15T08:25:00Z,"Raport o stanie Gminy Łopiennik Górny za rok 2020 (treść: „za 2020 rok""; art. 28aa u.s.g.); Wójt Gminy Łopiennik Górny (Urząd Gminy Łopiennik Górny, TERYT 0606072; BIP uglopiennikgorny.bip.e-zeto.eu, kategoria „Raport o stanie Gminy Łopiennik Górny"", dokumenty 2381–3450)",9.826,true
6044,lubelskie,krasnostawski,Łopiennik Górny,gmina wiejska,0606072,2021,ok_finalnie,pdf,tekst (73 stron),https://uglopiennikgorny.bip.e-zeto.eu//bip/42_uglopiennikgorny/fckeditor/file/2022 ROK/Raport o stanie Gminy/3 raport o stanie gminy 2021.docx.pdf,direct_without_tor,9ca4c13ff7e6a4d763dae59b746ac95fde0f0c3556cd8b77d8b402926688b471,200,2026-09-15T08:25:00Z,"Raport o stanie Gminy Łopiennik Górny za rok 2021 (treść: „za 2021 rok""; art. 28aa u.s.g.); Wójt Gminy Łopiennik Górny (Urząd Gminy Łopiennik Górny, TERYT 0606072; BIP uglopiennikgorny.bip.e-zeto.eu, kategoria „Raport o stanie Gminy Łopiennik Górny"", dokumenty 2381–3450)",5.660,true
6045,lubelskie,krasnostawski,Łopiennik Górny,gmina wiejska,0606072,2022,ok_finalnie,pdf,tekst (72 stron),https://uglopiennikgorny.bip.e-zeto.eu//bip/42_uglopiennikgorny/fckeditor/file/2023 ROK/Raport o stanie gminy 2022/raport o stanie gminy 2022 BW.do publikacji.pdf,direct_without_tor,d1e11add6438de51f1a3f117f767bb4f8752152020259457d9de6989da3b80d5,200,2026-09-15T08:25:00Z,"Raport o stanie Gminy Łopiennik Górny za rok 2022 (treść: „za 2022 rok""; art. 28aa u.s.g.); Wójt Gminy Łopiennik Górny (Urząd Gminy Łopiennik Górny, TERYT 0606072; BIP uglopiennikgorny.bip.e-zeto.eu, kategoria „Raport o stanie Gminy Łopiennik Górny"", dokumenty 2381–3450)",6.199,true
6046,lubelskie,krasnostawski,Łopiennik Górny,gmina wiejska,0606072,2023,ok_finalnie,pdf,tekst (65 stron),https://uglopiennikgorny.bip.e-zeto.eu//bip/42_uglopiennikgorny/fckeditor/file/2024 ROK/Raport o stanie gminy 2023/raport o stanie gminy 2023.pdf,direct_without_tor,1ff0715038a77830c7d871ae7a5acbf2d97361c3779987f57ee6230a58ab0d44,200,2026-09-15T08:25:00Z,"Raport o stanie Gminy Łopiennik Górny za rok 2023 (treść: „za 2023 rok""; art. 28aa u.s.g.); Wójt Gminy Łopiennik Górny (Urząd Gminy Łopiennik Górny, TERYT 0606072; BIP uglopiennikgorny.bip.e-zeto.eu, kategoria „Raport o stanie Gminy Łopiennik Górny"", dokumenty 2381–3450)",8.060,true
6047,lubelskie,krasnostawski,Łopiennik Górny,gmina wiejska,0606072,2024,ok_finalnie,pdf,tekst (75 stron),https://uglopiennikgorny.bip.e-zeto.eu//bip/42_uglopiennikgorny/fckeditor/file/2025 ROK/Raport o stanie gminy 2024//raport o stanie gminy 2024_ok.pdf,direct_without_tor,ebe82aaabd92f4ee03ae82ca734ca40ae8694ac47fb26ed72110b657af24c8df,200,2026-09-15T08:25:00Z,"Raport o stanie Gminy Łopiennik Górny za rok 2024 (treść: „za 2024 rok""; art. 28aa u.s.g.); Wójt Gminy Łopiennik Górny (Urząd Gminy Łopiennik Górny, TERYT 0606072; BIP uglopiennikgorny.bip.e-zeto.eu, kategoria „Raport o stanie Gminy Łopiennik Górny"", dokumenty 2381–3450)",10.080,true
6048,lubelskie,krasnostawski,Łopiennik Górny,gmina wiejska,0606072,2025,ok_finalnie,pdf,tekst (81 stron),https://uglopiennikgorny.bip.e-zeto.eu//bip/42_uglopiennikgorny/fckeditor/file/2026 ROK/RAPORT O STANIE GMINY//raport o stanie gminy 2025_Bartek.pdf,direct_without_tor,010e96f639be5fe2b807b2f31ab654d01f916a70e4bf372c5871838192ebab91,200,2026-09-15T08:25:00Z,"Raport o stanie Gminy Łopiennik Górny za rok 2025 (treść: „za 2025 rok""; art. 28aa u.s.g.); Wójt Gminy Łopiennik Górny (Urząd Gminy Łopiennik Górny, TERYT 0606072; BIP uglopiennikgorny.bip.e-zeto.eu, kategoria „Raport o stanie Gminy Łopiennik Górny"", dokumenty 2381–3450)",7.899,true
6049,lubelskie,krasnostawski,Rudnik,gmina wiejska,0606092,2018,ok_finalnie,pdf,tekst (51 stron),https://fs.siteor.com/rudnik/files/Downloads/20220601063038/download.php_id_8598.pdf?1654065043,direct_without_tor,dcafbfe2bbdb658dbb1a711043c6da90e87ce1e5b848c9933f3ce77aaba6fce1,200,2026-09-15T08:40:00Z,"Raport o stanie Gminy Rudnik za 2018 r. (okładka: „Raport o stanie Gminy Rudnik za 2018 r. (raport pierwszy)"", Rudnik, maj 2019; art. 28aa u.s.g.); Wójt Gminy Rudnik (Urząd Gminy w Rudniku, TERYT 0606092; BIP bip.gmina-rudnik.pl, strona „Raport o stanie gminy"", pliki fs.siteor.com/rudnik)",0.595,true
6050,lubelskie,krasnostawski,Rudnik,gmina wiejska,0606092,2019,ok_finalnie,pdf,tekst (82 stron),https://fs.siteor.com/rudnik/files/Downloads/20220601061622/RAPORT_O_STANIE_GMINY_RUDNIK_ZA_ROK_2019.._%282%29.pdf?1654064286,direct_without_tor,7a6a513ca622d6eba574b9e3b41bf56b909622b5d2606ab0834b3c6e83e61cf5,200,2026-09-15T08:40:00Z,"Raport o stanie Gminy Rudnik za rok 2019 (treść: „2019""; art. 28aa u.s.g.); Wójt Gminy Rudnik (Urząd Gminy w Rudniku, TERYT 0606092; BIP bip.gmina-rudnik.pl, strona „Raport o stanie gminy"", pliki fs.siteor.com/rudnik)",1.978,true
6051,lubelskie,krasnostawski,Rudnik,gmina wiejska,0606092,2020,ok_finalnie,pdf,tekst (80 stron),https://fs.siteor.com/rudnik/files/Downloads/20210531101936/RAPORT_O_STANIE_GMINY_RUDNIK_ZA_ROK_2020_wo.pdf?1626250233,direct_without_tor,8813be4a421861e15eb20da4d72397dccd66f165ec2c8eb26efaefd4acfc2fb7,200,2026-09-15T08:40:00Z,"Raport o stanie Gminy Rudnik za rok 2020 (treść: „2020""; art. 28aa u.s.g.); Wójt Gminy Rudnik (Urząd Gminy w Rudniku, TERYT 0606092; BIP bip.gmina-rudnik.pl, strona „Raport o stanie gminy"", pliki fs.siteor.com/rudnik)",2.049,true
6052,lubelskie,krasnostawski,Rudnik,gmina wiejska,0606092,2021,ok_finalnie,pdf,tekst (71 stron),https://fs.siteor.com/rudnik/files/Downloads/20220601061357/RAPORT_O_STANIE_GMINY_RUDNIK_ZA_ROK_2021.pdf?1654064106,direct_without_tor,4d4ce90770d37b5292b412bdf6901c751d65b198c241f3e79643140bb2263a9d,200,2026-09-15T08:40:00Z,"Raport o stanie Gminy Rudnik za rok 2021 (treść: „2021""; art. 28aa u.s.g.); Wójt Gminy Rudnik (Urząd Gminy w Rudniku, TERYT 0606092; BIP bip.gmina-rudnik.pl, strona „Raport o stanie gminy"", pliki fs.siteor.com/rudnik)",1.556,true
6053,lubelskie,krasnostawski,Rudnik,gmina wiejska,0606092,2022,ok_finalnie,pdf,tekst (78 stron),https://fs.siteor.com/rudnik/files/Downloads/20230523110954/RAPORT_O_STANIE_GMINY_RUDNIK_ZA_ROK_2022.pdf?1684931207,direct_without_tor,0c7b6a416ac3f70b6a467a85c152751cae9a62b14a588577f221f2aadd8b04c3,200,2026-09-15T08:40:00Z,"Raport o stanie Gminy Rudnik za rok 2022 (treść: „2022""; art. 28aa u.s.g.); Wójt Gminy Rudnik (Urząd Gminy w Rudniku, TERYT 0606092; BIP bip.gmina-rudnik.pl, strona „Raport o stanie gminy"", pliki fs.siteor.com/rudnik)",1.716,true
6054,lubelskie,krasnostawski,Rudnik,gmina wiejska,0606092,2023,ok_finalnie,pdf,tekst (86 stron),https://fs.siteor.com/rudnik/files/Downloads/20240522102448/RAPORT_O_STANIE_GMINY_RUDNIK_ZA_ROK_2023.pdf?1716984884,direct_without_tor,cf63ad23ac669632f350e15f45dd621fa19ede74c82f3c5de3512f944422a4b5,200,2026-09-15T08:40:00Z,"Raport o stanie Gminy Rudnik za rok 2023 (treść: „2023""; art. 28aa u.s.g.); Wójt Gminy Rudnik (Urząd Gminy w Rudniku, TERYT 0606092; BIP bip.gmina-rudnik.pl, strona „Raport o stanie gminy"", pliki fs.siteor.com/rudnik)",1.542,true
6055,lubelskie,krasnostawski,Rudnik,gmina wiejska,0606092,2024,ok_finalnie,pdf,tekst (112 stron),https://fs.siteor.com/rudnik/files/Downloads/20250528150053/RAPORT_O_STANIE_GMINY_RUDNIK_ZA_ROK_2024.pdf?1748444454,direct_without_tor,894f84611c3b69fc4305f71708374de86cfc7bdbd63d82a511d42d2c9adc0671,200,2026-09-15T08:40:00Z,"Raport o stanie Gminy Rudnik za rok 2024 (treść: „2024""; art. 28aa u.s.g.); Wójt Gminy Rudnik (Urząd Gminy w Rudniku, TERYT 0606092; BIP bip.gmina-rudnik.pl, strona „Raport o stanie gminy"", pliki fs.siteor.com/rudnik)",2.463,true
6056,lubelskie,krasnostawski,Rudnik,gmina wiejska,0606092,2025,ok_finalnie,pdf,tekst (103 stron),https://fs.siteor.com/rudnik/files/Downloads/20260529103253/RAPORT_O_STANIE_GMINY_ZA_ROK_2025.pdf?1780050848,direct_without_tor,6d530597b60d80f82f81978e24267eb1e9f1398e3407d0cb1e240f867b799033,200,2026-09-15T08:40:00Z,"Raport o stanie Gminy Rudnik za rok 2025 (treść: „2025""; art. 28aa u.s.g.); Wójt Gminy Rudnik (Urząd Gminy w Rudniku, TERYT 0606092; BIP bip.gmina-rudnik.pl, strona „Raport o stanie gminy"", pliki fs.siteor.com/rudnik)",1.907,true
6057,lubelskie,krasnostawski,Siennica Różana,gmina wiejska,0606102,2018,brak_finalnie,,,,,,BRAK_URL (dowód istnienia — plik nieopublikowany),2026-09-15T09:00:00Z,"Raport o stanie Gminy Siennica Różana za rok 2018 — dowód istnienia: pełny dokument zwierciadlony na docplayer.pl („RAPORT O STANIE GMINY SIENNICA RÓŻANA ZA ROK 2018, kwiecień 2019"", docplayer.pl/143815666; potwierdzony w wyszukiwarce 15.09.2026; docplayer.pl nieosiągalny z tej sieci — DNS); oryginału nie opublikowano (BIP e-zeto: Zarządzenia 2018/2019 i Dokumenty strategiczne bez pliku; portal siennica.pl publikuje od 2020); Wójt Gminy Siennica Różana (Urząd Gminy Siennica Różana, TERYT 0606102; portal siennica.pl WordPress; BIP ugsiennicarozana.bip.e-zeto.eu)",,false
6058,lubelskie,krasnostawski,Siennica Różana,gmina wiejska,0606102,2019,ok_finalnie,pdf,tekst (70 stron),https://ugsiennicarozana.bip.e-zeto.eu/bip/43_ugsiennicarozana/fckeditor/file/Dokumenty%20strategiczne/2020//raport2019.pdf,direct_without_tor,ad0158c5909f9442ae5edd698924c4be0f4b13e48ddbda212ce27aad243e0962,200,2026-09-15T09:00:00Z,"Raport o stanie Gminy Siennica Różana za rok 2019; Wójt Gminy Siennica Różana (Urząd Gminy Siennica Różana, TERYT 0606102; portal siennica.pl WordPress; BIP ugsiennicarozana.bip.e-zeto.eu); Raport o stanie Gminy Siennica Różana za rok 2019 (okładka: „Raport o stanie Gminy Siennica Różana za rok 2019""; art. 28aa u.s.g.); BIP e-zeto, kategoria „Dokumenty strategiczne"" (bt49/mnu8); 2020//raport2019.pdf",5.482,true
6059,lubelskie,krasnostawski,Siennica Różana,gmina wiejska,0606102,2020,ok_finalnie,pdf,tekst (62 stron),https://siennica.pl/wp-content/uploads/2021/08/Raport-o-Stanie-Gminy-za-2020-prim.pdf,direct_without_tor,4da09ba5cc6be7c8c00c75786f47b101e9f81993e8f8715ef8ac803ecac6bcfc,200,2026-09-15T09:00:00Z,"Raport o stanie Gminy Siennica Różana za rok 2020; Wójt Gminy Siennica Różana (Urząd Gminy Siennica Różana, TERYT 0606102; portal siennica.pl WordPress; BIP ugsiennicarozana.bip.e-zeto.eu); RAPORT O STANIE GMINY SIENNICA RÓŻANA ZA ROK 2020 (maj 2021; art. 28aa u.s.g.); portal siennica.pl (publikacja 08.2021)",8.807,true
6060,lubelskie,krasnostawski,Siennica Różana,gmina wiejska,0606102,2021,ok_finalnie,pdf,tekst (68 stron),https://siennica.pl/wp-content/uploads/2022/06/Raport-o-Stanie-Gminy-za-2021.pdf,direct_without_tor,4edaa412a4146ad472e71f89bb6a229e6270bfe0eee874e784149c029aafe016,200,2026-09-15T09:00:00Z,"Raport o stanie Gminy Siennica Różana za rok 2021; Wójt Gminy Siennica Różana (Urząd Gminy Siennica Różana, TERYT 0606102; portal siennica.pl WordPress; BIP ugsiennicarozana.bip.e-zeto.eu); Raport o stanie Gminy Siennica Różana za rok 2021 (art. 28aa u.s.g.); portal siennica.pl, załącznik wpisu o debacie nad raportem za 2021 (08.06.2022)",5.990,true
6061,lubelskie,krasnostawski,Siennica Różana,gmina wiejska,0606102,2022,brak_finalnie,,,,,,BRAK_DOWODU_ISTNIENIA (niepowstały lub nieopublikowany),2026-09-15T09:00:00Z,"Raport o stanie Gminy Siennica Różana za rok 2022 — nieodnaleziony: BIP e-zeto (Zarządzenia 2022 i 2023 przejrzane, Dokumenty strategiczne bez 2022), portal siennica.pl (archiwa 05–07/2023 bez wpisu o debacie/raporcie, zgadywanie uploads 0 trafień), Google (tylko Gmina Siennica pow. miński — mazowieckie, pułapka odrzucona); Wójt Gminy Siennica Różana (Urząd Gminy Siennica Różana, TERYT 0606102; portal siennica.pl WordPress; BIP ugsiennicarozana.bip.e-zeto.eu)",,false
6062,lubelskie,krasnostawski,Siennica Różana,gmina wiejska,0606102,2023,ok_finalnie,pdf,tekst (76 stron),https://siennica.pl/wp-content/uploads/2024/06/Raport-o-stanie-Gminy-Siennica-Rozana-2023-1.pdf,direct_without_tor,ac9f94f26ade0d457c32e910a8f54bf64dc55f7f0d36f888d444cc2c5dfce73a,200,2026-09-15T09:00:00Z,"Raport o stanie Gminy Siennica Różana za rok 2023; Wójt Gminy Siennica Różana (Urząd Gminy Siennica Różana, TERYT 0606102; portal siennica.pl WordPress; BIP ugsiennicarozana.bip.e-zeto.eu); RAPORT O STANIE GMINY SIENNICA RÓŻANA ZA ROK 2023 (maj 2024; art. 28aa u.s.g.); portal siennica.pl, załącznik wpisu o debacie (20.06.2024); duplikat w BIP e-zeto bt49",3.746,true
6063,lubelskie,krasnostawski,Siennica Różana,gmina wiejska,0606102,2024,ok_finalnie,pdf,tekst (108 stron),https://siennica.pl/wp-content/uploads/2025/06/Raport-2025-za-ROK-2024.pdf,direct_without_tor,ec7e73d984716d29b2ccbe8165132685e8c4ebc32846771e9de0ed9b6267f477,200,2026-09-15T09:00:00Z,"Raport o stanie Gminy Siennica Różana za rok 2024; Wójt Gminy Siennica Różana (Urząd Gminy Siennica Różana, TERYT 0606102; portal siennica.pl WordPress; BIP ugsiennicarozana.bip.e-zeto.eu); RAPORT O STANIE GMINY SIENNICA RÓŻANA ZA ROK 2024 (maj 2025; art. 28aa u.s.g.); portal siennica.pl, załącznik wpisu o debacie (10.06.2025); duplikat BIP e-zeto bt49 („Raport o stanie gminy za 2024 r.pdf""); UWAGA: myląca nazwa pliku „Raport-2025-za-ROK-2024"" = raport za 2024",7.255,true
6064,lubelskie,krasnostawski,Siennica Różana,gmina wiejska,0606102,2025,ok_finalnie,pdf,tekst (110 stron),https://siennica.pl/wp-content/uploads/2026/06/Raport-o-stanie-gminy-za-2025-r.pdf,direct_without_tor,a4c0689187ca4097cb13cb62b3258443ce1cccd128f977a3cbc0d1439347dad0,200,2026-09-15T09:00:00Z,"Raport o stanie Gminy Siennica Różana za rok 2025; Wójt Gminy Siennica Różana (Urząd Gminy Siennica Różana, TERYT 0606102; portal siennica.pl WordPress; BIP ugsiennicarozana.bip.e-zeto.eu); Raport o stanie Gminy Siennica Różana za rok 2025 (art. 28aa u.s.g.); portal siennica.pl, załącznik wpisu o debacie (12.06.2026); duplikat BIP e-zeto bt49 + zarządzenie 045/2026",9.879,true
6065,lubelskie,krasnostawski,Żółkiewka,gmina wiejska,0606112,2018,brak_finalnie,,,,,,BRAK_URL (dowód istnienia — plik nieopublikowany),2026-09-15T09:30:00Z,"Raport o stanie Gminy Żółkiewka za rok 2018 — dowód istnienia: RAPORT za 2024 (str. 18) stwierdza: „Pierwszy tego typu raport, obligatoryjnie, był rozpatrywany przez Radę Gminy w Żółkiewce w czerwcu 2019 r., a dotyczył on roku poprzedzającego, tj. 2018 roku""; pliku nie opublikowano (BIP idcom trwale 500, pliki idcom dostępne tylko dla 2022–2025, portal od ~2023, Google/archiwa nic); Wójt Gminy Żółkiewka (Urząd Gminy w Żółkiewce, ul. Hetmana Żółkiewskiego 2, TERYT 0606112; BIP ugzolkiewka.bip.lubelskie.pl idcom-jst — trwale 500/Page error; pliki idcom: cms-v2-files.idcom-jst.pl/sites/122; portal zolkiewka.pl od ~2023)",,false
6066,lubelskie,krasnostawski,Żółkiewka,gmina wiejska,0606112,2019,brak_finalnie,,,,,,BRAK_DOWODU_ISTNIENIA (niepowstały lub nieopublikowany),2026-09-15T09:30:00Z,"Raport o stanie Gminy Żółkiewka za rok 2019 — nieodnaleziony: BIP e-zeto (skan 322 kategorii mapy serwisu — 0 plików raportowych), BIP idcom trwale 500, portal zolkiewka.pl bez archiwów starszych niż ~2023, Google (tylko 2022/2024), archive.ph CAPTCHA, IA offline; Wójt Gminy Żółkiewka (Urząd Gminy w Żółkiewce, ul. Hetmana Żółkiewskiego 2, TERYT 0606112; BIP ugzolkiewka.bip.lubelskie.pl idcom-jst — trwale 500/Page error; pliki idcom: cms-v2-files.idcom-jst.pl/sites/122; portal zolkiewka.pl od ~2023)",,false
6067,lubelskie,krasnostawski,Żółkiewka,gmina wiejska,0606112,2020,brak_finalnie,,,,,,BRAK_DOWODU_ISTNIENIA (niepowstały lub nieopublikowany),2026-09-15T09:30:00Z,"Raport o stanie Gminy Żółkiewka za rok 2020 — nieodnaleziony: analogiczne przeszukanie jak dla 2019 (BIP e-zeto, idcom 500, portal, Google, archiwa) bez rezultatu; Wójt Gminy Żółkiewka (Urząd Gminy w Żółkiewce, ul. Hetmana Żółkiewskiego 2, TERYT 0606112; BIP ugzolkiewka.bip.lubelskie.pl idcom-jst — trwale 500/Page error; pliki idcom: cms-v2-files.idcom-jst.pl/sites/122; portal zolkiewka.pl od ~2023)",,false
6068,lubelskie,krasnostawski,Żółkiewka,gmina wiejska,0606112,2021,brak_finalnie,,,,,,BRAK_URL (dowód istnienia — plik nieopublikowany),2026-09-15T09:30:00Z,"Raport o stanie Gminy Żółkiewka za rok 2021 — dowód pośredni w treści RAPORTU za 2022 (art. 67966, publ. V 2023): „Radnym przedstawiony został także raport o stanie gminy za rok 2021"" (posiedzenie komisji przed sesją 31 maja; akapit powtórzony dwukrotnie — możliwy błąd redakcyjny, dowód klasy średniej); pliku nie opublikowano (BIP idcom 500, portal od ~2023, Google nic); Wójt Gminy Żółkiewka (Urząd Gminy w Żółkiewce, ul. Hetmana Żółkiewskiego 2, TERYT 0606112; BIP ugzolkiewka.bip.lubelskie.pl idcom-jst — trwale 500/Page error; pliki idcom: cms-v2-files.idcom-jst.pl/sites/122; portal zolkiewka.pl od ~2023)",,false
6069,lubelskie,krasnostawski,Żółkiewka,gmina wiejska,0606112,2022,ok_finalnie,pdf,tekst (162 stron),https://cms-v2-files.idcom-jst.pl/sites/122/wiadomosci/67966/files/raport_2022___.pdf,direct_without_tor,4085c28a70af3b3b5e6817825df341d8476f52e03b6999b56e49332d89a59970,200,2026-09-15T09:30:00Z,"Raport o stanie Gminy Żółkiewka za rok 2022 (art. 28aa u.s.g.); Wójt Gminy Żółkiewka (Urząd Gminy w Żółkiewce, ul. Hetmana Żółkiewskiego 2, TERYT 0606112; BIP ugzolkiewka.bip.lubelskie.pl idcom-jst — trwale 500/Page error; pliki idcom: cms-v2-files.idcom-jst.pl/sites/122; portal zolkiewka.pl od ~2023); Raport o stanie Gminy Żółkiewka za rok 2022 („za rok 2022""; art. 28aa ust. 1 u.s.g.; BIP idcom art. 67966)",7.499,true
6070,lubelskie,krasnostawski,Żółkiewka,gmina wiejska,0606112,2023,ok_finalnie,pdf,tekst (117 stron),https://cms-v2-files.idcom-jst.pl/sites/122/wiadomosci/89630/files/raportostaniegminyzolkiewkaza2023_r.pdf,direct_without_tor,73b8bd519ea431363e7baf71a63ef43ecbc9ef7592d02320714d0ed71d8cbee0,200,2026-09-15T09:30:00Z,"Raport o stanie Gminy Żółkiewka za rok 2023 (art. 28aa u.s.g.); Wójt Gminy Żółkiewka (Urząd Gminy w Żółkiewce, ul. Hetmana Żółkiewskiego 2, TERYT 0606112; BIP ugzolkiewka.bip.lubelskie.pl idcom-jst — trwale 500/Page error; pliki idcom: cms-v2-files.idcom-jst.pl/sites/122; portal zolkiewka.pl od ~2023); Raport o stanie Gminy Żółkiewka za 2023 (art. 28aa u.s.g.); portal zolkiewka.pl, wpis „Raport o stanie Gminy Żółkiewka za 2023 rok — zaproszenie na debatę"" (art. 89630; plik idcom)",6.155,true
6071,lubelskie,krasnostawski,Żółkiewka,gmina wiejska,0606112,2024,ok_finalnie,pdf,tekst (168 stron),https://cms-v2-files.idcom-jst.pl/sites/122/wiadomosci/112711/files/raport_o_stanie_gminy_zokiewka_za_2024_r..pdf,direct_without_tor,78469f7bcff490dc47e2de8a171952c1904b8bb27cbc246e8c8dab76b0e12ed2,200,2026-09-15T09:30:00Z,"Raport o stanie Gminy Żółkiewka za rok 2024 (art. 28aa u.s.g.); Wójt Gminy Żółkiewka (Urząd Gminy w Żółkiewce, ul. Hetmana Żółkiewskiego 2, TERYT 0606112; BIP ugzolkiewka.bip.lubelskie.pl idcom-jst — trwale 500/Page error; pliki idcom: cms-v2-files.idcom-jst.pl/sites/122; portal zolkiewka.pl od ~2023); Raport o stanie Gminy Żółkiewka za 2024 rok (art. 28aa u.s.g.); plik idcom (publikacja 15.05.2025; BIP idcom art. 112711)",3.691,true
6072,lubelskie,krasnostawski,Żółkiewka,gmina wiejska,0606112,2025,ok_finalnie,pdf,tekst (182 stron),https://cms-v2-files.idcom-jst.pl/sites/122/wiadomosci/139133/files/raport_wersja_1.3.pdf,direct_without_tor,426d0aee3539e630bfeb48c0489c6d3091822e86157b100480396dc9e005a3d4,200,2026-09-15T09:30:00Z,"Raport o stanie Gminy Żółkiewka za rok 2025 (art. 28aa u.s.g.); Wójt Gminy Żółkiewka (Urząd Gminy w Żółkiewce, ul. Hetmana Żółkiewskiego 2, TERYT 0606112; BIP ugzolkiewka.bip.lubelskie.pl idcom-jst — trwale 500/Page error; pliki idcom: cms-v2-files.idcom-jst.pl/sites/122; portal zolkiewka.pl od ~2023); Raport o stanie Gminy Żółkiewka za 2025 rok („za 2025""; art. 28aa u.s.g.); portal zolkiewka.pl, wpis „Raport o stanie Gminy za 2025 rok — zaproszenie do debaty"" (art. 139133; raport_wersja_1.3.pdf)",5.616,true
6073,lubelskie,kraśnicki,-,-,0607,2018,ok_finalnie,pdf,tekst (60 stron),https://powiatkrasnik.e-bip.eu/upload/pliki/raport_o_stanie_powiatu.pdf,direct_without_tor (e-bip: kat. 860 ajax → detal p1=szczegoly&p2={did} → /upload/pliki/),f560a687db2e550f2d9ba869572b87ca18453c8b54f8aa0a3d51927574525b83,200,2026-09-15T11:44:38Z,"Raport o stanie Powiatu Kraśnickiego w roku 2018 (pierwszy raport); uchwała Nr 31-108/2019 Zarządu z 24.05.2019 + raport w jednym pliku; art. 30a u.s.p.; Zarząd Powiatu w Kraśniku, Starostwo Powiatowe w Kraśniku; 60 str.",1.069,true
6074,lubelskie,kraśnicki,-,-,0607,2019,ok_finalnie,pdf,"skan (82 str.; okładka OCR: „Uchwała Nr 41-544/2020 Zarządu Powiatu w Kraśniku z dnia 14 maja 2020 roku w sprawie przyjęcia Raportu o stanie Powiatu Kraśnickiego w roku 2019"")",https://powiatkrasnik.e-bip.eu/upload/pliki/0uchwala_nr_104-312_RAPORT.pdf,direct_without_tor (e-bip szczegóły did=351584 → /upload/pliki/; brak warstwy tekstowej → OCR okładki tesseract 300 dpi),e6419acf1968365ec6c11e8528a495c9bfebe3d0f85e9e969f5968e98f404f25,200,2026-09-15T11:44:38Z,"Raport o stanie Powiatu Kraśnickiego w roku 2019; skan 82 str. (uchwała Zarządu z 14.05.2020 w sprawie przyjęcia raportu + raport ze spisem treści); okładka OCR (zweryfikowana): „Uchwała Nr 41-544/2020 Zarządu Powiatu w Kraśniku z dnia 14 maja 2020 roku w sprawie przyjęcia Raportu o stanie Powiatu Kraśnickiego w roku 2019""; nazwa pliku wskazuje uchwałę 104-312; Zarząd Powiatu w Kraśniku (Rolla, Cieśla, Bijak, Kołtun).",5.802,true
6075,lubelskie,kraśnicki,-,-,0607,2020,ok_finalnie,pdf,tekst (91 stron),https://powiatkrasnik.e-bip.eu/upload/pliki/Raport_o_stanie_powiatu_krasnickiego_w_roku_2021.pdf,direct_without_tor (Google/DDG → e-bip /upload/pliki/),0c23ddd57e571305cb098dbfa569e13a7c08fcbba1db6d9263d640c1c3e33aed,200,2026-09-15T11:44:38Z,"Raport o stanie Powiatu Kraśnickiego w roku 2020; uchwała Nr 169-528/2021 Zarządu z 18.05.2021; art. 30a u.s.p.; Zarząd Powiatu w Kraśniku; 91 str.; UWAGA: nazwa pliku „..._w_roku_2021"" oznacza rok publikacji, treść = raport za 2020.",1.612,true
6076,lubelskie,kraśnicki,-,-,0607,2021,ok_finalnie,pdf,tekst (94 stron),https://powiatkrasnik.e-bip.eu/upload/pliki/0RAPORT_o_stanie_Powiatu_Krasnickiego_za_rok_2021.pdf,"direct_without_tor (e-bip: detal did=10015273 → dokument powiązany „Załącznik do uchwały"" p2=10015275 → /upload/pliki/)",68aca60bb4cb651ccfd99becb8c3f18e0e490a52d718450c07f999c612e45edc,200,2026-09-15T11:44:38Z,"RAPORT O STANIE POWIATU KRAŚNICKIEGO (za 2021) — załącznik do uchwały Nr 226-721/2022 Zarządu z 31.05.2022; art. 30a u.s.p.; Zarząd Powiatu w Kraśniku; 94 str. (Word 2016, warstwa tekstowa).",2.680,true
6077,lubelskie,kraśnicki,-,-,0607,2022,ok_finalnie,pdf,tekst (96 stron),https://powiatkrasnik.e-bip.eu/upload/pliki/Raport_o_stanie_Powiatu_Krasnickiego_w_roku_2022.pdf,"direct_without_tor (blind-guess /upload/pliki/ potwierdzony, pełna nazwa z Google/DDG)",b5aeda5a4ea61985e7291dd094d2be9df60f035b44f60c3979557827a214c79b,200,2026-09-15T11:44:38Z,Raport o stanie Powiatu Kraśnickiego w roku 2022; uchwała Nr 288-964/2023 Zarządu z 31.05.2023; art. 30a u.s.p.; Zarząd Powiatu w Kraśniku; 96 str.,3.914,true
6078,lubelskie,kraśnicki,-,-,0607,2023,ok_finalnie,pdf,tekst (89 stron),https://powiatkrasnik.e-bip.eu/upload/pliki/Raport_o_stanie_zal._do_uchwaly.pdf,"direct_without_tor (e-bip: detal did=10038994 → dokument powiązany „Załącznik do uchwały — Raport… za 2023"" p2=10038996 → /upload/pliki/)",b94e2d442d2480d31d3a424161fca2c0211476d585cb25c257da66495bd4c4cf,200,2026-09-15T11:44:38Z,"Raport o stanie Powiatu Kraśnickiego za rok 2023 — załącznik do uchwały Nr 3-9/2024 Zarządu z 29.05.2024; art. 30a u.s.p.; Zarząd Powiatu w Kraśniku; 89 str.; omówienie na sesji RP (blog radnego R. Bijaka, 14.06.2024).",2.446,true
6079,lubelskie,kraśnicki,-,-,0607,2024,ok_finalnie,pdf,tekst (94 stron),https://powiatkrasnik.e-bip.eu/upload/pliki/0RAPORT_2024.pdf,direct_without_tor (Google → e-bip /upload/pliki/),079793d54266659eab060a28a0e2d76e6af2de795cd0c7a7da558ee1c85ae3de,200,2026-09-15T11:44:38Z,Raport o stanie Powiatu Kraśnickiego za rok 2024 — załącznik do uchwały Nr 56-223/2025 Zarządu z 29.05.2025; art. 30a u.s.p.; Zarząd Powiatu w Kraśniku; 94 str. (identyczny bajtowo plik RAPORT_2024.pdf).,2.669,true
6080,lubelskie,kraśnicki,-,-,0607,2025,ok_finalnie,pdf,tekst (108 stron),https://powiatkrasnik.e-bip.eu/upload/pliki/Zalacznik_RAPORT_2025.pdf,direct_without_tor (Google → e-bip /upload/pliki/),8e7aefd6a4f012f3ba35b6472223b45b2f8de0d65bd9659a2f2c612137c91fdf,200,2026-09-15T11:44:38Z,Raport o stanie Powiatu Kraśnickiego za 2025 rok — załącznik do Zarządzenia Nr 104-445/2026 Zarządu z 29.05.2026; art. 30a u.s.p.; Zarząd Powiatu w Kraśniku; 108 str.,2.626,true
6081,lubelskie,kraśnicki,Kraśnik,gmina miejska,0607011,2018,ok_finalnie,pdf,"skan (322 str.; okładka OCR: „RAPORT O STANIE MIASTA KRAŚNIK W LATACH 2014-2018"", Kraśnik; str. 3 OCR: „Zarządzenie Nr 286/2019 Burmistrza Miasta Kraśnika z maja 2019 r. w sprawie przedstawienia Raportu o stanie Miasta Kraśnik w latach 2014-2018"", art. 28aa ust. 1 u.s.g.)",https://umkrasnik.e-biuletyn.pl/upload/pliki/Raport_o_stanie_miasta_w_latach_2014-2018.pdf,"direct_without_tor (e-biuletyn: kat. 298 ajax → detal did=243953 → sub-dokument p2=243954 → /upload/pliki/) + ocr (tesseract 150 dpi, okładka+zarządzenie)",277d1c4fdff0c8f8f1e6d8f4e60232cfbee38bdc9eaf7ebbe4afbe536310bffe,200,2026-09-15T11:47:51Z,"Raport o stanie Miasta Kraśnik w latach 2014-2018 (obejmuje raport za 2018 — pierwszy raport; sporządzony maj 2019, Zarządzenie Nr 286/2019, opublikowany w BIP 13.09.2022); art. 28aa u.s.g.; Burmistrz Miasta Kraśnik; Urząd Miasta Kraśnik, ul. Lubelska 84; skan 322 str. (okładka wskazuje „maj 2018"" — literówka urzędu).",61.705,true
6082,lubelskie,kraśnicki,Kraśnik,gmina miejska,0607011,2019,ok_finalnie,pdf,tekst (251 stron),https://umkrasnik.e-biuletyn.pl/upload/pliki/Raport_o_stanie_Miasta_Krasnik_za_2019.pdf,direct_without_tor (e-biuletyn: detal did=243956 → sub-dokument p2=243959 → /upload/pliki/),1527b2ad205e62108a9cc8599cb0c343709fd0b2048887b98165b702565f0566,200,2026-09-15T11:47:51Z,Raport o stanie miasta Kraśnik za 2019; art. 28aa u.s.g.; Burmistrz Miasta Kraśnik; opublikowany w BIP 13.09.2022 (oporowo).,20.329,true
6083,lubelskie,kraśnicki,Kraśnik,gmina miejska,0607011,2020,ok_finalnie,pdf,tekst (296 stron),https://umkrasnik.e-biuletyn.pl/upload/pliki/Raport_o_Stanie_Miasta_Krasnik_za_2020.pdf,direct_without_tor (e-biuletyn: detal did=243957 → sub-dokument p2=243960 → /upload/pliki/),8cd5156a6bb28559ba8a3f89d2cd324dc3846603dee8e736304b3eadc5326540,200,2026-09-15T11:47:51Z,Raport o stanie miasta Kraśnik za 2020; art. 28aa u.s.g.; Burmistrz Miasta Kraśnik; opublikowany w BIP 13.09.2022.,19.971,true
6084,lubelskie,kraśnicki,Kraśnik,gmina miejska,0607011,2021,ok_finalnie,pdf,tekst (69 stron),https://umkrasnik.e-biuletyn.pl/upload/pliki/RAPORT_O_STANIE_MIASTA_KRASNIK_2021.pdf,direct_without_tor (e-biuletyn: detal did=243958 → sub-dokument p2=243961 → /upload/pliki/),f90da243ed1be064f718aebe8ed2ebc96bdfe5e6383a8003e505871726d43ca8,200,2026-09-15T11:47:51Z,Raport o stanie miasta Kraśnik w roku 2021; art. 28aa u.s.g.; Burmistrz Miasta Kraśnik; opublikowany w BIP 13.09.2022.,3.296,true
6085,lubelskie,kraśnicki,Kraśnik,gmina miejska,0607011,2022,ok_finalnie,pdf,tekst (73 stron),https://umkrasnik.e-biuletyn.pl/upload/pliki/0Raport_o_stanie_miasta_Krasnik_2022.pdf,direct_without_tor (e-biuletyn: detal did=267310 → /upload/pliki/),6a456abadd32351a1d56602e5eae12dc9208a38475f1787a5c8371a7869a6a68,200,2026-09-15T11:47:51Z,Raport o stanie miasta Kraśnik w roku 2022; art. 28aa u.s.g.; Burmistrz Miasta Kraśnik.,3.585,true
6086,lubelskie,kraśnicki,Kraśnik,gmina miejska,0607011,2023,ok_finalnie,pdf,tekst (70 stron),https://umkrasnik.e-biuletyn.pl/upload/pliki/Raport_o_stanie_miasta_z_zarzadzeniem.pdf,direct_without_tor (e-biuletyn: detal did=267311 → /upload/pliki/),49da7d98ebf16aa1bb0b07b2846f32b18d0e82ca6c33d19fcfb6384134c47d2e,200,2026-09-15T11:47:51Z,Raport o stanie miasta Kraśnik w roku 2023 (z zarządzeniem Burmistrza); art. 28aa u.s.g.; Burmistrz Miasta Kraśnik.,7.009,true
6087,lubelskie,kraśnicki,Kraśnik,gmina miejska,0607011,2024,ok_finalnie,pdf,tekst (93 stron),https://umkrasnik.e-biuletyn.pl/upload/pliki/Zarzadzenie_nr_297_2025_z_zalacznikiem.pdf,direct_without_tor (e-biuletyn: detal did=280285 → /upload/pliki/),83e80f39f2b59779deade284336e671d0c4fbcdc0bcde929898e513706a497bf,200,2026-09-15T11:47:51Z,Raport o stanie miasta Kraśnik w roku 2024 — załącznik do Zarządzenia Nr 297/2025 Burmistrza Miasta Kraśnik; art. 28aa u.s.g.,16.312,true
6088,lubelskie,kraśnicki,Kraśnik,gmina miejska,0607011,2025,ok_finalnie,pdf,tekst (59 stron),https://umkrasnik.e-biuletyn.pl/upload/pliki/Zal._225_2026_-_werrsja_dostepna_cyfrowo.pdf,direct_without_tor (e-biuletyn: detal did=292680 → /upload/pliki/),a9c557c4e9d37f6de2b77fc875d7bfcd113e48889ff833af826d9dc7d2cce108,200,2026-09-15T11:47:51Z,"Raport o stanie miasta Kraśnik w roku 2025 — załącznik do Zarządzenia Nr 225/2026 Burmistrza Miasta Kraśnik; oznaczony „wersja dostępna cyfrowo""; art. 28aa u.s.g.",4.086,true
6089,lubelskie,kraśnicki,Annopol,gmina miejsko-wiejska,0607023,2018,ok_finalnie,pdf,"skan (43 str.; okładka OCR: „Zarządzenie Nr 42/2019 Burmistrza Annopola z dnia 23 maja 2019 roku w sprawie: przedstawienia raportu o stanie Gminy Annopol za 2018 rok"", art. 28aa u.s.g.)",https://umannopol.bip.lubelskie.pl/upload/pliki/2018.pdf,"direct_without_tor (idcom umannopol.bip.lubelskie.pl: kat. 921 list-ajax → detal → /upload/pliki/) + ocr (tesseract 200 dpi, str. 1)",6301cccd141f910a3db48df85f387929359e59f792fd6abfc18f11f41f2e430e,200,2026-09-15T11:51:00Z,"Raport o stanie Gminy Annopol za 2018 rok; skan (zarządzenie Nr 42/2019 z 23.05.2019 + raport); art. 28aa u.s.g.; Burmistrz Annopola / Urząd Miejski w Annopolu, ul. Rynek 1, 23-235 Annopol; publikacja z 19.05.2025 (oporowo).",2.866,true
6090,lubelskie,kraśnicki,Annopol,gmina miejsko-wiejska,0607023,2019,ok_finalnie,pdf,tekst (49 stron),https://umannopol.bip.lubelskie.pl/upload/pliki/02019.pdf,direct_without_tor (idcom umannopol.bip.lubelskie.pl: kat. 921 list-ajax → detal → /upload/pliki/),6f437147b5576ae16dacef7c45bc94cf7f89d77286ce97bccd11edb1400e5e9e,200,2026-09-15T11:51:00Z,Raport o stanie Gminy Annopol za 2019 rok; art. 28aa u.s.g.; Burmistrz Annopola; publikacja z 20.05.2025.,2.763,true
6091,lubelskie,kraśnicki,Annopol,gmina miejsko-wiejska,0607023,2020,ok_finalnie,pdf,tekst (56 stron),https://umannopol.bip.lubelskie.pl/upload/pliki/0raport_2_2020.pdf,direct_without_tor (idcom umannopol.bip.lubelskie.pl: kat. 921 list-ajax → detal → /upload/pliki/),6bd8141a86796de1c5604f8591a00176ab446d5fe6999d8d181fc7a9ebd11d5b,200,2026-09-15T11:51:00Z,Raport o stanie Gminy Annopol za 2020 rok; art. 28aa u.s.g.; Burmistrz Annopola; publikacja z 22.05.2025.,2.161,true
6092,lubelskie,kraśnicki,Annopol,gmina miejsko-wiejska,0607023,2021,ok_finalnie,pdf,tekst (62 stron),https://umannopol.bip.lubelskie.pl/upload/pliki/2241.pdf,direct_without_tor (idcom umannopol.bip.lubelskie.pl: kat. 921 list-ajax → detal → /upload/pliki/),a62f7d9e48a3bd3d60636e8b3c11a5f5e03d47a98b28d0d4d2f940b5b2f88eab,200,2026-09-15T11:51:00Z,Raport o stanie Gminy Annopol za 2021 rok; art. 28aa u.s.g.; Burmistrz Annopola; publikacja z 23.05.2025.,1.341,true
6093,lubelskie,kraśnicki,Annopol,gmina miejsko-wiejska,0607023,2022,ok_finalnie,pdf,tekst (68 stron),https://umannopol.bip.lubelskie.pl/upload/pliki/2453.pdf,direct_without_tor (idcom umannopol.bip.lubelskie.pl: kat. 921 list-ajax → detal → /upload/pliki/),adcaa3351d2b4b2d39c41e41f9e6d353e2759a42f3a3bdbc0c7c74c5a474d4a0,200,2026-09-15T11:51:00Z,Raport o stanie Gminy Annopol za 2022 rok; art. 28aa u.s.g.; Burmistrz Annopola; publikacja z 26.05.2025.,1.411,true
6094,lubelskie,kraśnicki,Annopol,gmina miejsko-wiejska,0607023,2023,ok_finalnie,pdf,tekst (74 stron),https://umannopol.bip.lubelskie.pl/upload/pliki/0raport_o_stanie_gminy_annopol_za_2023_rok.pdf,direct_without_tor (idcom umannopol.bip.lubelskie.pl: kat. 921 list-ajax → detal → /upload/pliki/),1deff6a4187dfee56b563381854197bab80ad54157e7a41cfa7a05cee89c8ee5,200,2026-09-15T11:51:00Z,"Raport o stanie Gminy Annopol za 2023 rok; art. 28aa u.s.g.; Burmistrz Annopola; w pierwotnej wersji z uchwałą Nr 49/2024 Zarządu z 24.05.2024 (kat. 69, did 2030903); ponowna publikacja w kat. 921.",3.087,true
6095,lubelskie,kraśnicki,Annopol,gmina miejsko-wiejska,0607023,2024,ok_finalnie,pdf,tekst (79 stron),https://umannopol.bip.lubelskie.pl/upload/pliki/0raport_o_stanie_gminy_annopol_za_2024_-1-.pdf,direct_without_tor (idcom umannopol.bip.lubelskie.pl: kat. 921 list-ajax → detal → /upload/pliki/),bad60a6b9d30a6b8bac155a446c3b413c78d482a67def6104763669bb1ed5e14,200,2026-09-15T11:51:00Z,Raport o stanie Gminy Annopol za 2024 rok; art. 28aa u.s.g.; Burmistrz Annopola.,4.540,true
6096,lubelskie,kraśnicki,Annopol,gmina miejsko-wiejska,0607023,2025,ok_finalnie,pdf,tekst (86 stron),https://umannopol.bip.lubelskie.pl/upload/pliki/0raport_za_2025.pdf,direct_without_tor (idcom umannopol.bip.lubelskie.pl: kat. 921 list-ajax → detal → /upload/pliki/),3da7aa485dbb39f50fd263cd529568f1ef1f8f5b6a5c9b20af3019be76dad085,200,2026-09-15T11:51:00Z,Raport o stanie Gminy Annopol za 2025 rok; art. 28aa u.s.g.; Burmistrz Annopola (novy zarząd po wyborach 2024).,5.000,true
6097,lubelskie,kraśnicki,Dzierzkowice,gmina wiejska,0607032,2018,ok_finalnie,pdf,tekst (66 stron),https://ugdzierzkowice.bip.lubelskie.pl/upload/pliki/Raport_o_stanie_gminy.pdf,direct_without_tor (idcom ugdzierzkowice.bip.lubelskie.pl: list-ajax po kategoriach → zarządzenia w kat. 72/76 → detal → /upload/pliki/),33e117e947a1c384181f20c801ed34ee5227adaa443aa25f87e7d690aa145a60,200,2026-09-15T11:55:24Z,Raport o stanie Gminy Dzierzkowice za 2018 rok; przedstawiony zarządzeniem Nr 36/0050/2019 Wójta z 30.05.2019; art. 28aa u.s.g.; Wójt Gminy Dzierzkowice / Urząd Gminy Dzierzkowice (Dzierzkowice-Rynek).,1.817,true
6098,lubelskie,kraśnicki,Dzierzkowice,gmina wiejska,0607032,2019,ok_finalnie,pdf,tekst (68 stron),https://ugdzierzkowice.bip.lubelskie.pl/upload/pliki/RAPORT_O_STANIE_GMINY_DZIERZKOWICE_ZA_2019.pdf,direct_without_tor (idcom ugdzierzkowice.bip.lubelskie.pl: list-ajax po kategoriach → zarządzenia w kat. 72/76 → detal → /upload/pliki/),bd891e5f6cb18c50a6ae399aa9b229e35133c8a4c89c8342ba51809c572a0efe,200,2026-09-15T11:55:24Z,Raport o stanie Gminy Dzierzkowice za 2019 rok; przedstawiony zarządzeniem Nr 28/0050/2020 Wójta z 29.05.2020; art. 28aa u.s.g.; Wójt Gminy Dzierzkowice / Urząd Gminy Dzierzkowice (Dzierzkowice-Rynek).,2.028,true
6099,lubelskie,kraśnicki,Dzierzkowice,gmina wiejska,0607032,2020,ok_finalnie,pdf,tekst (66 stron),https://ugdzierzkowice.bip.lubelskie.pl/upload/pliki/RAPORT_O_STANIE_GMINY_DZIERZKOWICE_ZA_2020_ROK.pdf,direct_without_tor (idcom ugdzierzkowice.bip.lubelskie.pl: list-ajax po kategoriach → zarządzenia w kat. 72/76 → detal → /upload/pliki/),2d3e0198f283846302d08e25a94755a33337d462210e00afd27d4997c29c9eba,200,2026-09-15T11:55:24Z,Raport o stanie Gminy Dzierzkowice za 2020 rok; przedstawiony zarządzeniem Nr 33/0050/2021 Wójta z 31.05.2021; art. 28aa u.s.g.; Wójt Gminy Dzierzkowice / Urząd Gminy Dzierzkowice (Dzierzkowice-Rynek).,1.118,true
6100,lubelskie,kraśnicki,Dzierzkowice,gmina wiejska,0607032,2021,ok_finalnie,pdf,tekst (66 stron),https://ugdzierzkowice.bip.lubelskie.pl/upload/pliki/RAPORT_O_STANIE_GMINY_DZIERZKOWICE_ZA_2021_ROK.pdf,direct_without_tor (idcom ugdzierzkowice.bip.lubelskie.pl: list-ajax po kategoriach → zarządzenia w kat. 72/76 → detal → /upload/pliki/),661341e9e3bfdc4291751db1b56b07b14bc4dc0fdc7bce848e3b8c36b0ae1f61,200,2026-09-15T11:55:24Z,Raport o stanie Gminy Dzierzkowice za 2021 rok; przedstawiony zarządzeniem Nr 29/0050/2022 Wójta z 31.05.2022; art. 28aa u.s.g.; Wójt Gminy Dzierzkowice / Urząd Gminy Dzierzkowice (Dzierzkowice-Rynek).,1.194,true
6101,lubelskie,kraśnicki,Dzierzkowice,gmina wiejska,0607032,2022,ok_finalnie,pdf,tekst (65 stron),https://ugdzierzkowice.bip.lubelskie.pl/upload/pliki/raport-o-stanie-gminy-dzierzkowice-za-2022-rok.pdf,direct_without_tor (idcom ugdzierzkowice.bip.lubelskie.pl: list-ajax po kategoriach → zarządzenia w kat. 72/76 → detal → /upload/pliki/),cb22bf81853661a76817deb889cd6b3ef25f7439db32b03320b7fe18a20878d8,200,2026-09-15T11:55:24Z,Raport o stanie Gminy Dzierzkowice za 2022 rok; przedstawiony zarządzeniem Nr 26/0050/2023 Wójta z 31.05.2023; art. 28aa u.s.g.; Wójt Gminy Dzierzkowice / Urząd Gminy Dzierzkowice (Dzierzkowice-Rynek).,1.089,true
6102,lubelskie,kraśnicki,Dzierzkowice,gmina wiejska,0607032,2023,ok_finalnie,pdf,tekst (66 stron),https://ugdzierzkowice.bip.lubelskie.pl/upload/pliki/raport_o_stanie_gminy_dzierzkowice_za_2023_rok.pdf,direct_without_tor (idcom ugdzierzkowice.bip.lubelskie.pl: list-ajax po kategoriach → zarządzenia w kat. 72/76 → detal → /upload/pliki/),ef2b143c1da48e52d132a284fec1c0e54767ca84f4e13ae1fd83470803329774,200,2026-09-15T11:55:24Z,Raport o stanie Gminy Dzierzkowice za 2023 rok; przedstawiony zarządzeniem Nr 27/0050/2024 Wójta z 29.05.2024; art. 28aa u.s.g.; Wójt Gminy Dzierzkowice / Urząd Gminy Dzierzkowice (Dzierzkowice-Rynek).,1.121,true
6103,lubelskie,kraśnicki,Dzierzkowice,gmina wiejska,0607032,2024,ok_finalnie,pdf,tekst (70 stron),https://ugdzierzkowice.bip.lubelskie.pl/upload/pliki/raport_o_stanie_gminy_dzierzkowice_za_2024_rok.pdf,direct_without_tor (idcom ugdzierzkowice.bip.lubelskie.pl: list-ajax po kategoriach → zarządzenia w kat. 72/76 → detal → /upload/pliki/),4a914dfd6992d4bc993d39100e9fc5384c225c9000b37d8f218f48358a6c934a,200,2026-09-15T11:55:24Z,Raport o stanie Gminy Dzierzkowice za 2024 rok; przedstawiony zarządzeniem Nr 33/0050/2025 Wójta z 29.05.2025; art. 28aa u.s.g.; Wójt Gminy Dzierzkowice / Urząd Gminy Dzierzkowice (Dzierzkowice-Rynek).,1.187,true
6104,lubelskie,kraśnicki,Dzierzkowice,gmina wiejska,0607032,2025,ok_finalnie,pdf,tekst (76 stron),https://ugdzierzkowice.bip.lubelskie.pl/upload/pliki/raport_o_stanie_gminy_dzierzkowice_za_2025_rok_.pdf,direct_without_tor (idcom ugdzierzkowice.bip.lubelskie.pl: list-ajax po kategoriach → zarządzenia w kat. 72/76 → detal → /upload/pliki/),4d0ef6ecfda9c9ab7a664b3776d7600a9dbc4b0930c78e9b52e116408e07819e,200,2026-09-15T11:55:24Z,Raport o stanie Gminy Dzierzkowice za 2025 rok; przedstawiony zarządzeniem Nr 28/0050/2026 Wójta z 29.05.2026; art. 28aa u.s.g.; Wójt Gminy Dzierzkowice / Urząd Gminy Dzierzkowice (Dzierzkowice-Rynek).,1.152,true
6105,lubelskie,kraśnicki,Gościeradów,gmina wiejska,0607042,2018,ok_finalnie,pdf,tekst (24 stron),https://bip-v1-files.idcom-jst.pl/sites/47035/cms/szablony/15071/pliki/raport_o_stanie_gminy_goscieradow.pdf,"direct_without_tor (idcom v1 bip.goscieradow.pl: zakładka „Raporty o stanie Gminy Gościeradów"" /cms/13955 → podstrony rocznikowe /cms/{id} → pliki bip-v1-files.idcom-jst.pl)",4af94f8bb383cac2b7aead63145203b36c6f6bae08e9a7dd188f0ba595a21be5,200,2026-09-15T11:56:45Z,Raport o stanie Gminy Gościeradów za 2018 rok; art. 28aa u.s.g.; Wójt Gminy Gościeradów / Urząd Gminy Gościeradów (Gościeradów-Folwark).,0.548,true
6106,lubelskie,kraśnicki,Gościeradów,gmina wiejska,0607042,2019,ok_finalnie,pdf,"skan (28 str.; okładka OCR: „Raport o stanie Gminy Gościeradów za rok 2019""; str. 2 OCR: art. 28aa u.s.g., podsumowanie działalności Wójta Gminy Gościeradów w 2019 roku)",https://bip-v1-files.idcom-jst.pl/sites/47035/cms/szablony/15072/pliki/raport_o_stanie_gminy_za_2019_rok.pdf,"direct_without_tor (idcom v1 bip.goscieradow.pl: zakładka „Raporty o stanie Gminy Gościeradów"" /cms/13955 → podstrony rocznikowe /cms/{id} → pliki bip-v1-files.idcom-jst.pl) + ocr (tesseract 200 dpi, str. 1-2)",f93178379dede9a50dc92503c09463bcf5a6e94297bcb9f80fc387d5ef396cdb,200,2026-09-15T11:56:45Z,Raport o stanie Gminy Gościeradów za 2019 rok; art. 28aa u.s.g.; Wójt Gminy Gościeradów / Urząd Gminy Gościeradów (Gościeradów-Folwark).,1.215,true
6107,lubelskie,kraśnicki,Gościeradów,gmina wiejska,0607042,2020,ok_finalnie,pdf,tekst (39 stron),https://bip-v1-files.idcom-jst.pl/sites/47035/cms/szablony/17882/pliki/raport_o_stanie_gminy_goscieradow_2021.pdf,"direct_without_tor (idcom v1 bip.goscieradow.pl: zakładka „Raporty o stanie Gminy Gościeradów"" /cms/13955 → podstrony rocznikowe /cms/{id} → pliki bip-v1-files.idcom-jst.pl)",a3edd5a0fb77c7ac35575af87dfc52518f482539efbe9b7600a6c99dc304db53,200,2026-09-15T11:56:45Z,Raport o stanie Gminy Gościeradów za 2020 rok; art. 28aa u.s.g.; Wójt Gminy Gościeradów / Urząd Gminy Gościeradów (Gościeradów-Folwark).,0.403,true
6108,lubelskie,kraśnicki,Gościeradów,gmina wiejska,0607042,2021,ok_finalnie,pdf,tekst (33 stron),https://bip-v1-files.idcom-jst.pl/sites/47035/cms/szablony/20469/pliki/raport_o_stanie_gminy_za_rok_2021.pdf,"direct_without_tor (idcom v1 bip.goscieradow.pl: zakładka „Raporty o stanie Gminy Gościeradów"" /cms/13955 → podstrony rocznikowe /cms/{id} → pliki bip-v1-files.idcom-jst.pl)",f1408c92b7a121dac6e240b5ea9fd7bc4e07ea4d1109bdfd043c67c855cdb7b0,200,2026-09-15T11:56:45Z,Raport o stanie Gminy Gościeradów za 2021 rok; art. 28aa u.s.g.; Wójt Gminy Gościeradów / Urząd Gminy Gościeradów (Gościeradów-Folwark).,1.479,true
6109,lubelskie,kraśnicki,Gościeradów,gmina wiejska,0607042,2022,ok_finalnie,pdf,tekst (64 stron),https://bip-v1-files.idcom-jst.pl/sites/47035/cms/szablony/22074/pliki/raport_o_stanie_gminy_goscieradow_za_rok_2022.pdf,"direct_without_tor (idcom v1 bip.goscieradow.pl: zakładka „Raporty o stanie Gminy Gościeradów"" /cms/13955 → podstrony rocznikowe /cms/{id} → pliki bip-v1-files.idcom-jst.pl)",3408ae0fd51914c588b2f7f45e167fece4292730bb652a18769637f8a3917197,200,2026-09-15T11:56:45Z,Raport o stanie Gminy Gościeradów za 2022 rok; art. 28aa u.s.g.; Wójt Gminy Gościeradów / Urząd Gminy Gościeradów (Gościeradów-Folwark).,3.826,true
6110,lubelskie,kraśnicki,Gościeradów,gmina wiejska,0607042,2023,ok_finalnie,pdf,tekst (81 stron),https://bip-v1-files.idcom-jst.pl/sites/47035/cms/szablony/25181/pliki/raport_o_stanie_gminy_goscieradow.pdf,"direct_without_tor (idcom v1 bip.goscieradow.pl: zakładka „Raporty o stanie Gminy Gościeradów"" /cms/13955 → podstrony rocznikowe /cms/{id} → pliki bip-v1-files.idcom-jst.pl)",4f38dd33637ba2353eacd6c394a9544883b39fa54e970df2e63645329c93d276,200,2026-09-15T11:56:45Z,Raport o stanie Gminy Gościeradów za 2023 rok; art. 28aa u.s.g.; Wójt Gminy Gościeradów / Urząd Gminy Gościeradów (Gościeradów-Folwark).,1.949,true
6111,lubelskie,kraśnicki,Gościeradów,gmina wiejska,0607042,2024,ok_finalnie,pdf,tekst (92 stron),https://bip-v1-files.idcom-jst.pl/sites/47035/cms/szablony/27032/pliki/raport_o_stanie_gminy_goscieradow_2024.pdf,"direct_without_tor (idcom v1 bip.goscieradow.pl: zakładka „Raporty o stanie Gminy Gościeradów"" /cms/13955 → podstrony rocznikowe /cms/{id} → pliki bip-v1-files.idcom-jst.pl)",268bd9aec3b2b1b1e99bd060f063c163ece9bae49d34388903aeb912dda849bc,200,2026-09-15T11:56:45Z,Raport o stanie Gminy Gościeradów za 2024 rok; art. 28aa u.s.g.; Wójt Gminy Gościeradów / Urząd Gminy Gościeradów (Gościeradów-Folwark).,3.033,true
6112,lubelskie,kraśnicki,Gościeradów,gmina wiejska,0607042,2025,ok_finalnie,pdf,tekst (119 stron),https://bip-v1-files.idcom-jst.pl/sites/47035/cms/szablony/30032/pliki/raport_o_stanie_gminy_goscieradow_2025sig.pdf,"direct_without_tor (idcom v1 bip.goscieradow.pl: zakładka „Raporty o stanie Gminy Gościeradów"" /cms/13955 → podstrony rocznikowe /cms/{id} → pliki bip-v1-files.idcom-jst.pl)",210d3cbe5e1f7bbc8f54ad3123706545bbcbe1e8d65da8b50c42a86dc9f99d47,200,2026-09-15T11:56:45Z,Raport o stanie Gminy Gościeradów za 2025 rok; art. 28aa u.s.g.; Wójt Gminy Gościeradów / Urząd Gminy Gościeradów (Gościeradów-Folwark).,7.562,true
6113,lubelskie,kraśnicki,Kraśnik,gmina wiejska,0607052,2018,ok_finalnie,pdf,"skan (74 str.; okładka/początek OCR: „RAPORT O STANIE GMINY KRASNIK 4 za 2018 RÓK Strona 1 1. Informacje ogólne A. Ogólna charakterystyka gminy B. Podstawowe dane o ludności Il. Informacje finansowe III. Informacja o stanie mienia komunalnego IV. - Informacj"")",https://krasnik.e-bip.eu/upload/pliki/Untitled_23042020_083853.pdf,direct_without_tor (e-bip krasnik.e-bip.eu: roczniki zarządzeń/Aktualności → ajax → detal p1=szczegoly&p2={did} (+ sub-dokumenty załączników) → /upload/pliki/),337ba226c5b8c9d36df4e2a5df329b427e328ed461cfea643a776ce0b7556cea,200,2026-09-15T15:13:25Z,"Raport o stanie Gminy Kraśnik za 2018 r. (skan dołączony pod Zarządzeniem Nr 48/2019 Wójta z 29.05.2019, did 350177, kat. rocznik 2018); art. 28aa u.s.g.; Wójt Gminy Kraśnik, Urząd Gminy w Kraśniku.",48.687,true
6114,lubelskie,kraśnicki,Kraśnik,gmina wiejska,0607052,2019,ok_finalnie,pdf,"skan (84 str.; okładka/początek OCR: „RAPORT O STANIE GMINY KRASNIK kn za 2019 ROK WSTĘP 1. Informacje ogólne A. Ogólna charakterystyka gminy B. Podstawowe dane o ludności IL. Informacje finansowe III. Informacja o stanie mienia komunalnego IV. Informacje o "")",https://krasnik.e-bip.eu/upload/pliki/Raport_o_stanie_Gminy_Krasnik_za_2019_r..pdf,direct_without_tor (e-bip krasnik.e-bip.eu: roczniki zarządzeń/Aktualności → ajax → detal p1=szczegoly&p2={did} (+ sub-dokumenty załączników) → /upload/pliki/),fa637f373b6d2bf650a8285f6127109a4ac0e33387484fdac9d4c1ee1d935953,200,2026-09-15T15:13:25Z,"Raport o stanie Gminy Kraśnik za 2019 r. (załącznik do Zarządzenia Nr 40/2020 Wójta z 28.05.2020; dokument główny did 351202 → sub 351204, kat. Aktualności 2020); art. 28aa u.s.g.; Wójt Gminy Kraśnik.",57.507,true
6115,lubelskie,kraśnicki,Kraśnik,gmina wiejska,0607052,2020,ok_finalnie,pdf,"skan (80 str.; okładka/początek OCR: „RAPORT O STANIE GMINY KRASNIK za 2020 RÓK WSTĘP L Informacje ogólne A. Ogólna charakterystyka gminy B. Podstawowe dane o ludności Il. Ill. IV. A. sQmMUY wozze R. V. A. Inf ormacje ogólne Informacje finansowe Informacja o"")",https://krasnik.e-bip.eu/upload/pliki/RAPORT..pdf,direct_without_tor (e-bip krasnik.e-bip.eu: roczniki zarządzeń/Aktualności → ajax → detal p1=szczegoly&p2={did} (+ sub-dokumenty załączników) → /upload/pliki/),1770e47149a153479d3c0d8d283c9b75d6f9dcafd20440ab771e29d67bbe0a16,200,2026-09-15T15:13:25Z,"Raport o stanie Gminy Kraśnik (za 2020 r.); sub 10003340 pod zarządzeniem z 28.05.2021 (did 10003339, kat. 240); art. 28aa u.s.g.; Wójt Gminy Kraśnik.",51.624,true
6116,lubelskie,kraśnicki,Kraśnik,gmina wiejska,0607052,2021,ok_finalnie,pdf,"skan (63 str.; okładka/początek OCR: „Zarządzenie Nr3:4/2022 WÓJTA GMINY KRAŚNIK z dnia 27 maja 2022r. w sprawie przedstawienia Radzie Gminy Kraśnik Raportu o stanie Gminy Kraśnik za 2021 rok Na podstawie art. 28aa ust 1 ustawy z dnia 8 marca 1990r. o samorz"")",https://krasnik.e-bip.eu/upload/pliki/Untitled_11072023_093108.pdf,direct_without_tor (e-bip krasnik.e-bip.eu: roczniki zarządzeń/Aktualności → ajax → detal p1=szczegoly&p2={did} (+ sub-dokumenty załączników) → /upload/pliki/),7032f484e730a61e82b758ab9683201d2c102e5d886534522215d38dab2a942c,200,2026-09-15T15:13:25Z,"Raport o stanie Gminy Kraśnik za 2021 r. (skan dołączony pod zarządzeniem Wójta z 27.05.2022, did 10037141, kat. 10000004); art. 28aa u.s.g.; Wójt Gminy Kraśnik.",45.883,true
6117,lubelskie,kraśnicki,Kraśnik,gmina wiejska,0607052,2022,ok_finalnie,pdf,"skan (60 str.; okładka/początek OCR: „RAPORT O STANIE GMINY KRASNIK za 2022 ROK IL. III. V. VI. mmommy - OZZFZ SPIS TREŚCI Informacje ogólne Ogólna charakterystyka gminy Podstawowe dane o ludności Informacje finansowe Informacja o stanie mienia komunalnego I"")",https://krasnik.e-bip.eu/upload/pliki/Raport_o_stanie_Gminy_Krasnik_za_2022_rok.pdf,direct_without_tor (e-bip krasnik.e-bip.eu: roczniki zarządzeń/Aktualności → ajax → detal p1=szczegoly&p2={did} (+ sub-dokumenty załączników) → /upload/pliki/),ce346469aa5c6880bcd26fe75ccc350d6a599553cf5e31e2d27f3301a79aa0ed,200,2026-09-15T15:13:25Z,Raport o stanie Gminy Kraśnik za 2022 rok (did 10026194; dokument główny did 10026191 z Zarządzeniem Nr 53/2023 Wójta z 26.05.2023); art. 28aa u.s.g.; Wójt Gminy Kraśnik.,43.367,true
6118,lubelskie,kraśnicki,Kraśnik,gmina wiejska,0607052,2023,ok_finalnie,pdf,"skan (74 str.; okładka/początek OCR: „Zarządzenie Nr 68/2024 Wójta Gminy Kraśnik z dnia 29 maja 2024 roku w sprawie przedstawienia Radzie Gminy Kraśnik Raportu o stanie Gminy Kraśnik za 2023 rok Na podstawie art. 28aa ust 1 ustawy z dnia 8 marca 1990 r. o sa"")",https://krasnik.e-bip.eu/upload/pliki/020241127100128.pdf,direct_without_tor (e-bip krasnik.e-bip.eu: roczniki zarządzeń/Aktualności → ajax → detal p1=szczegoly&p2={did} (+ sub-dokumenty załączników) → /upload/pliki/),680a2f61619c686bd5a3a572c8d44c6dce01cebd7ad91da8f4ace0d20298203e,200,2026-09-15T15:13:25Z,"Raport o stanie Gminy Kraśnik za 2023 r. (did 10048578, zarządzenie Wójta z 29.05.2024; także dokument główny did 10039089 w Aktualnościach 2024); art. 28aa u.s.g.; Wójt Gminy Kraśnik.",6.859,true
6119,lubelskie,kraśnicki,Kraśnik,gmina wiejska,0607052,2024,ok_finalnie,pdf,"skan (98 str.; okładka/początek OCR: „Zarządzenie Nr 74/2025 Wójta Gminy Kraśnik z dnia 30 maja 2025 roku w sprawie przedstawienia Radzie Gminy Kraśnik Raportu o stanie Gminy Kraśnik za 2024 rok Na podstawie art. 28aa ust 1 ustawy z dnia 8 marca 1990 r. o sa"")",https://krasnik.e-bip.eu/upload/pliki/doc00130020251222142218.pdf,direct_without_tor (e-bip krasnik.e-bip.eu: roczniki zarządzeń/Aktualności → ajax → detal p1=szczegoly&p2={did} (+ sub-dokumenty załączników) → /upload/pliki/),f86c3ab99745fada935c8fcbf8b7efb0b8b55c911d96863b986fbd58fbfa03ac,200,2026-09-15T15:13:25Z,"Raport o stanie Gminy Kraśnik za 2024 r. (did 10059400, zarządzenie Wójta z 30.05.2025); art. 28aa u.s.g.; Wójt Gminy Kraśnik.",29.003,true
6120,lubelskie,kraśnicki,Kraśnik,gmina wiejska,0607052,2025,ok_finalnie,pdf,tekst (195 stron),https://krasnik.e-bip.eu/upload/pliki/Raport_o_stanie_Gminy_Krasnik_za_rok_2025_(1).pdf,direct_without_tor (e-bip krasnik.e-bip.eu: roczniki zarządzeń/Aktualności → ajax → detal p1=szczegoly&p2={did} (+ sub-dokumenty załączników) → /upload/pliki/),7c051db947c71d8f003c576dc7916a99f9c439834976441a75366d3c024dd30a,200,2026-09-15T15:13:25Z,"Raport o stanie Gminy za rok 2025 (sub 10065164 pod Zarządzeniem Nr 66/2026 Wójta, did 10065153); art. 28aa u.s.g.; Wójt Gminy Kraśnik.",11.255,true
6121,lubelskie,kraśnicki,Szastarka,gmina wiejska,0607062,2018,ok_finalnie,pdf,tekst (54 stron),https://ugszastarka.e-biuletyn.pl/upload/pliki/Raport_o_stanie_gminy_Szastarka_za_2018_r_31.05.2019.pdf,direct_without_tor (e-biuletyn ugszastarka.e-biuletyn.pl: kat. 171 ajax → detal did → /upload/pliki/),9c680a049591be73c032ec2b1f35b5598271f812f2b72c7bc496dc8702e13373,200,2026-09-15T15:18:14Z,"did 136114 (kat. 171), „RAPORT O STANIE GMINY SZASTARKA ZA 2018 ROK""; art. 28aa u.s.g.; Wójt Gminy Szastarka, Urząd Gminy Szastarka, ul. Lubelska 17, 23-225 Szastarka.",0.656,true
6122,lubelskie,kraśnicki,Szastarka,gmina wiejska,0607062,2019,ok_finalnie,pdf,tekst (101 stron),https://ugszastarka.e-biuletyn.pl/upload/pliki/0RAPORT_o_stanie_gminy_Szastarka_za_2019_rok.pdf,direct_without_tor (e-biuletyn ugszastarka.e-biuletyn.pl: kat. 171 ajax → detal did → /upload/pliki/),b0e3281d116071bd5d6465c17329537005ab1cf4d2f50046964aea4664bbe674,200,2026-09-15T15:18:14Z,"did 172224 (kat. 171), „Raport o stanie Gminy Szastarka za 2019 rok""; art. 28aa u.s.g.; Wójt Gminy Szastarka.",2.606,true
6123,lubelskie,kraśnicki,Szastarka,gmina wiejska,0607062,2020,ok_finalnie,pdf,tekst (103 stron),https://ugszastarka.e-biuletyn.pl/upload/pliki/RAPORT_o_stanie_gminy_Szastarka_za_2020_rok.pdf,direct_without_tor (e-biuletyn ugszastarka.e-biuletyn.pl: kat. 171 ajax → detal did → /upload/pliki/),6888dd44a731664a6da2139cc7aee534320b7e987316f35ab2d2ff997133fc20,200,2026-09-15T15:18:14Z,"did 189349 (kat. 171), „RAPORT O STANIE GMINY SZASTARKA ZA 2020 ROK""; art. 28aa u.s.g.; Wójt Gminy Szastarka.",1.571,true
6124,lubelskie,kraśnicki,Szastarka,gmina wiejska,0607062,2021,ok_finalnie,pdf,tekst (110 stron),https://ugszastarka.e-biuletyn.pl/upload/pliki/RAPORT_o_stanie_gminy_Szastarka_za_2021_rok.pdf,direct_without_tor (e-biuletyn ugszastarka.e-biuletyn.pl: kat. 171 ajax → detal did → /upload/pliki/),1be6abd5f912613ac86952b8906fa9f60b282130fb988aa90f6c6db343e7805c,200,2026-09-15T15:18:14Z,"did 240958 (kat. 171), „RAPORT O STANIE GMINY SZASTARKA ZA 2021 ROK""; art. 28aa u.s.g.; Wójt Gminy Szastarka.",2.194,true
6125,lubelskie,kraśnicki,Szastarka,gmina wiejska,0607062,2022,ok_finalnie,pdf,tekst (58 stron),https://ugszastarka.e-biuletyn.pl/upload/pliki/RAPORT_O_STANIE_GMINY_2022.pdf,direct_without_tor (e-biuletyn ugszastarka.e-biuletyn.pl: kat. 171 ajax → detal did → /upload/pliki/),d87634d09b50f475bfedd29a4543d029258a2f734960f5e3703ff23720ee8c04,200,2026-09-15T15:18:14Z,"did 253652 (kat. 171), „RAPORT O STANIE GMINY SZASTARKA ZA ROK 2022""; art. 28aa u.s.g.; Wójt Gminy Szastarka.",4.917,true
6126,lubelskie,kraśnicki,Szastarka,gmina wiejska,0607062,2023,brak_finalnie,,,,,,BRAK_DOWODU_ISTNIENIA (niepowstały lub nieopublikowany),2026-09-15T15:27:09Z,"Raport o stanie Gminy Szastarka za 2023 rok — brak śladu publikacji. Obowiązek prawny (art. 28aa) istniał; roczniki 2022 (did 253652) i 2024 (did 281021) opublikowane w BIP kat. 171, raport 2023 i dokumenty debaty nieobecne w kat. 171, 105-108, 147, 211 oraz w portalu samorzad.gov.pl (mirror e-biuletyn); kat. 83 (Zarządzenia) ajax bez odpowiedzi serwera (>120 s); brak migawek Wayback z 2024 (najnowsza 2022-12-09). Wójt Gminy Szastarka.",,false
6127,lubelskie,kraśnicki,Szastarka,gmina wiejska,0607062,2024,ok_finalnie,pdf,tekst (76 stron),https://ugszastarka.e-biuletyn.pl/upload/pliki/0RAPORT_O_STANIE_GMINY_2024.pdf,direct_without_tor (e-biuletyn ugszastarka.e-biuletyn.pl: kat. 171 ajax → detal did → /upload/pliki/),f4174e6b66cb1de585f479af6ad0a4d340c5165899a972b27f20f35e59dc4488,200,2026-09-15T15:18:14Z,"did 281021 (kat. 171), „Raport o stanie Gminy Szastarka za rok 2024""; art. 28aa u.s.g.; Wójt Gminy Szastarka.",4.004,true
6128,lubelskie,kraśnicki,Szastarka,gmina wiejska,0607062,2025,ok_finalnie,pdf,tekst (88 stron),https://ugszastarka.e-biuletyn.pl/upload/pliki/0RAPORT_O_STANIE_GMINY_2025.pdf,direct_without_tor (e-biuletyn ugszastarka.e-biuletyn.pl: kat. 171 ajax → detal did → /upload/pliki/),81e6ead26bdaf70f43707223d4597e3247ec51d855ad7c4a8075bfda846d83ff,200,2026-09-15T15:45:57Z,"Raport o stanie gminy za 2025 rok (did 292606, kat. 171); art. 28aa u.s.g.; Wójt Gminy Szastarka, Urząd Gminy Szastarka, ul. Lubelska 17, 23-225 Szastarka.",5.377,true
6129,lubelskie,kraśnicki,Trzydnik Duży,gmina wiejska,0607072,2018,ok_finalnie,pdf,tekst (46 stron),https://ugtrzydnikduzy.bip.lubelskie.pl/upload/pliki/0Raport_o_stanie_gminy_za_2018.pdf,direct_without_tor (idcom-v2 ugtrzydnikduzy.bip.lubelskie.pl: kat. 206 list-ajax → detal raportu → powiązane zarządzenie → /upload/pliki/),20d9754d8ff4f9191dbc8b1f0d364f587e32d496cfed8931b6a2b7acc06844ea,200,2026-09-15T15:28:50Z,"Raport o stanie Gminy Trzydnik Duży za 2018 rok; art. 28aa u.s.g.; Wójt Gminy Trzydnik Duży / Urząd Gminy Trzydnik Duży (Trzydnik Duży 130A, 23-230 Trzydnik Duży).",0.854,true
6130,lubelskie,kraśnicki,Trzydnik Duży,gmina wiejska,0607072,2019,ok_finalnie,pdf,tekst (46 stron),https://ugtrzydnikduzy.bip.lubelskie.pl/upload/pliki/Raport_2019_dobry_-poprawiony_CALOSC.pdf,direct_without_tor (idcom-v2 ugtrzydnikduzy.bip.lubelskie.pl: kat. 206 list-ajax → detal raportu → powiązane zarządzenie → /upload/pliki/),a489a4249bd770f3bd35e83557218ffd3fc19f2d82432a98b7eb15d96d3c1565,200,2026-09-15T15:28:50Z,"Raport o stanie Gminy Trzydnik Duży za 2019 rok; przedstawiony zarządzeniem Zarządzenie Nr 136/2020 Wójta z 26.05.2020; art. 28aa u.s.g.; Wójt Gminy Trzydnik Duży / Urząd Gminy Trzydnik Duży (Trzydnik Duży 130A, 23-230 Trzydnik Duży).",1.250,true
6131,lubelskie,kraśnicki,Trzydnik Duży,gmina wiejska,0607072,2020,ok_finalnie,pdf,tekst (50 stron),https://ugtrzydnikduzy.bip.lubelskie.pl/upload/pliki/Zarz_2162021v1.pdf,direct_without_tor (idcom-v2 ugtrzydnikduzy.bip.lubelskie.pl: kat. 206 list-ajax → detal raportu → powiązane zarządzenie → /upload/pliki/),cf1f441cd5d2c67256a32149a91fc4df9547460599af98b536390196335af75b,200,2026-09-15T15:28:50Z,"Raport o stanie Gminy Trzydnik Duży za 2020 rok; przedstawiony zarządzeniem Zarządzenie Nr 216/2021 Wójta z 28.05.2021; art. 28aa u.s.g.; Wójt Gminy Trzydnik Duży / Urząd Gminy Trzydnik Duży (Trzydnik Duży 130A, 23-230 Trzydnik Duży).",1.084,true
6132,lubelskie,kraśnicki,Trzydnik Duży,gmina wiejska,0607072,2021,ok_finalnie,pdf,tekst (54 stron),https://ugtrzydnikduzy.bip.lubelskie.pl/upload/pliki/Zarzadzenie_3292022_Raport_calosc.pdf,direct_without_tor (idcom-v2 ugtrzydnikduzy.bip.lubelskie.pl: kat. 206 list-ajax → detal raportu → powiązane zarządzenie → /upload/pliki/),6265583c9485cb7406e440c503a1c5bb4aeb0749f0fd9f57a70b08c11d104e83,200,2026-09-15T15:28:50Z,"Raport o stanie Gminy Trzydnik Duży za 2021 rok; przedstawiony zarządzeniem Zarządzenie Nr 329/2022 Wójta; art. 28aa u.s.g.; Wójt Gminy Trzydnik Duży / Urząd Gminy Trzydnik Duży (Trzydnik Duży 130A, 23-230 Trzydnik Duży).",1.082,true
6133,lubelskie,kraśnicki,Trzydnik Duży,gmina wiejska,0607072,2022,ok_finalnie,pdf,tekst (54 stron),https://ugtrzydnikduzy.bip.lubelskie.pl/upload/pliki/zarzadzenie-4542023-raport-o-stanie-gminy-za-2022-r.calosc.pdf,direct_without_tor (idcom-v2 ugtrzydnikduzy.bip.lubelskie.pl: kat. 206 list-ajax → detal raportu → powiązane zarządzenie → /upload/pliki/),1aab32e2acf3f890b68fc659115b53245e587152cef65f4b38551c0ab2b55e64,200,2026-09-15T15:28:50Z,"Raport o stanie Gminy Trzydnik Duży za 2022 rok; przedstawiony zarządzeniem Zarządzenie Nr 454/2023 Wójta; art. 28aa u.s.g.; Wójt Gminy Trzydnik Duży / Urząd Gminy Trzydnik Duży (Trzydnik Duży 130A, 23-230 Trzydnik Duży).",1.108,true
6134,lubelskie,kraśnicki,Trzydnik Duży,gmina wiejska,0607072,2023,ok_finalnie,pdf,tekst (55 stron),https://ugtrzydnikduzy.bip.lubelskie.pl/upload/pliki/zarzadzenie.11.2024_raport_o_stanie_gminy_2023.pdf,direct_without_tor (idcom-v2 ugtrzydnikduzy.bip.lubelskie.pl: kat. 206 list-ajax → detal raportu → powiązane zarządzenie → /upload/pliki/),4bd54e66750b71088608012aabc7ab048e23d90d778bc503236f91f8afea9f36,200,2026-09-15T15:28:50Z,"Raport o stanie Gminy Trzydnik Duży za 2023 rok; przedstawiony zarządzeniem Zarządzenie Nr 11/2024 Wójta; art. 28aa u.s.g.; Wójt Gminy Trzydnik Duży / Urząd Gminy Trzydnik Duży (Trzydnik Duży 130A, 23-230 Trzydnik Duży).",1.048,true
6135,lubelskie,kraśnicki,Trzydnik Duży,gmina wiejska,0607072,2024,ok_finalnie,pdf,tekst (64 stron),https://ugtrzydnikduzy.bip.lubelskie.pl/upload/pliki/zarzadzenie_nr_118_2025_z_dn._30.05.2025_r.pdf,direct_without_tor (idcom-v2 ugtrzydnikduzy.bip.lubelskie.pl: kat. 206 list-ajax → detal raportu → powiązane zarządzenie → /upload/pliki/),7d364e7f4209b2b6146595b7c1b65f3a426f512edc3a6f9fb7cb158d36c0f262,200,2026-09-15T15:28:50Z,"Raport o stanie Gminy Trzydnik Duży za 2024 rok; przedstawiony zarządzeniem Zarządzenie Nr 118/2025 Wójta z 30.05.2025; art. 28aa u.s.g.; Wójt Gminy Trzydnik Duży / Urząd Gminy Trzydnik Duży (Trzydnik Duży 130A, 23-230 Trzydnik Duży).",13.591,true
6136,lubelskie,kraśnicki,Trzydnik Duży,gmina wiejska,0607072,2025,ok_finalnie,pdf,tekst (63 stron),https://ugtrzydnikduzy.bip.lubelskie.pl/upload/pliki/zarzadzenie_nr_215.2026_raport_calosc.pdf,direct_without_tor (idcom-v2 ugtrzydnikduzy.bip.lubelskie.pl: kat. 206 list-ajax → detal raportu → powiązane zarządzenie → /upload/pliki/),c64110d1dd2617529535ea8d4dbfccfceaba436c890eac3a6120afa1bc6ecf3c,200,2026-09-15T15:28:50Z,"Raport o stanie Gminy Trzydnik Duży za 2025 rok; przedstawiony zarządzeniem Zarządzenie Nr 215/2026 Wójta z 14.05.2026; art. 28aa u.s.g.; Wójt Gminy Trzydnik Duży / Urząd Gminy Trzydnik Duży (Trzydnik Duży 130A, 23-230 Trzydnik Duży).",1.184,true
6137,lubelskie,kraśnicki,Urzędów,gmina miejsko-wiejska,0607083,2018,ok_finalnie,pdf,tekst (37 stron),https://ugurzedow.bip.lubelskie.pl/upload/pliki/raport-o-stanie-gminy-2018.pdf,"direct_without_tor (idcom ugurzedow.bip.lubelskie.pl: kat. 800 „Raporty o stanie gminy"" list-ajax → detal → /upload/pliki/)",3378a19c27ad26a5c2a3d7de9be12363513cff330fe87635adb4e085ca6ac4c7,200,2026-09-15T15:30:11Z,"Raport o stanie Gminy Urzędów za 2018 rok; art. 28aa u.s.g.; Burmistrz Gminy Urzędów / Urząd Miejski w Urzędowie (ul. Rynek 14, 23-250 Urzędów).",1.222,true
6138,lubelskie,kraśnicki,Urzędów,gmina miejsko-wiejska,0607083,2019,ok_finalnie,pdf,tekst (37 stron),https://ugurzedow.bip.lubelskie.pl/upload/pliki/raport-o-stanie-gminy-urzedow-za-2019.pdf,"direct_without_tor (idcom ugurzedow.bip.lubelskie.pl: kat. 800 „Raporty o stanie gminy"" list-ajax → detal → /upload/pliki/)",129a1a2a04e14215c3b8571a45753761caab7881c9a6c5b3a114e89dce5a52a1,200,2026-09-15T15:30:11Z,"Raport o stanie Gminy Urzędów za 2019 rok; art. 28aa u.s.g.; Burmistrz Gminy Urzędów / Urząd Miejski w Urzędowie (ul. Rynek 14, 23-250 Urzędów).",1.277,true
6139,lubelskie,kraśnicki,Urzędów,gmina miejsko-wiejska,0607083,2020,ok_finalnie,pdf,tekst (52 stron),https://ugurzedow.bip.lubelskie.pl/upload/pliki/raport-o-stanie-gminy-2020.pdf,"direct_without_tor (idcom ugurzedow.bip.lubelskie.pl: kat. 800 „Raporty o stanie gminy"" list-ajax → detal → /upload/pliki/)",42946ef6ce2f44080300c117a7f9b604e099f465c1a202ba089c38c449e7091a,200,2026-09-15T15:30:11Z,"Raport o stanie Gminy Urzędów za 2020 rok; art. 28aa u.s.g.; Burmistrz Gminy Urzędów / Urząd Miejski w Urzędowie (ul. Rynek 14, 23-250 Urzędów).",0.698,true
6140,lubelskie,kraśnicki,Urzędów,gmina miejsko-wiejska,0607083,2021,ok_finalnie,pdf,tekst (59 stron),https://ugurzedow.bip.lubelskie.pl/upload/pliki/raport-o-stanie-gminy-za-2021.pdf,"direct_without_tor (idcom ugurzedow.bip.lubelskie.pl: kat. 800 „Raporty o stanie gminy"" list-ajax → detal → /upload/pliki/)",873d8234636e7c45983d5456b206b01577d6d748be40e7f00fb576abdae7d6cb,200,2026-09-15T15:30:11Z,"Raport o stanie Gminy Urzędów za 2021 rok; art. 28aa u.s.g.; Burmistrz Gminy Urzędów / Urząd Miejski w Urzędowie (ul. Rynek 14, 23-250 Urzędów).",0.761,true
6141,lubelskie,kraśnicki,Urzędów,gmina miejsko-wiejska,0607083,2022,ok_finalnie,pdf,tekst (61 stron),https://ugurzedow.bip.lubelskie.pl/upload/pliki/raport_o_stanie_gminy_za_2022.pdf,"direct_without_tor (idcom ugurzedow.bip.lubelskie.pl: kat. 800 „Raporty o stanie gminy"" list-ajax → detal → /upload/pliki/)",24de8f3f4c10a1533bac7242d67b786e0230bcd6f4237f7be3e6e3f5a30f504d,200,2026-09-15T15:30:11Z,"Raport o stanie Gminy Urzędów za 2022 rok; art. 28aa u.s.g.; Burmistrz Gminy Urzędów / Urząd Miejski w Urzędowie (ul. Rynek 14, 23-250 Urzędów).",1.440,true
6142,lubelskie,kraśnicki,Urzędów,gmina miejsko-wiejska,0607083,2023,ok_finalnie,pdf,tekst (64 stron),https://ugurzedow.bip.lubelskie.pl/upload/pliki/raportostaniegminyza2023.pdf,"direct_without_tor (idcom ugurzedow.bip.lubelskie.pl: kat. 800 „Raporty o stanie gminy"" list-ajax → detal → /upload/pliki/)",60d28e304427a67a22347d56e318f21bad72280f20959fad5148d156ed221e31,200,2026-09-15T15:30:11Z,"Raport o stanie Gminy Urzędów za 2023 rok; art. 28aa u.s.g.; Burmistrz Gminy Urzędów / Urząd Miejski w Urzędowie (ul. Rynek 14, 23-250 Urzędów).",2.429,true
6143,lubelskie,kraśnicki,Urzędów,gmina miejsko-wiejska,0607083,2024,ok_finalnie,pdf,tekst (61 stron),https://ugurzedow.bip.lubelskie.pl/upload/pliki/raport_o_stanie_gminy_za_2024.pdf,"direct_without_tor (idcom ugurzedow.bip.lubelskie.pl: kat. 800 „Raporty o stanie gminy"" list-ajax → detal → /upload/pliki/)",871b868e77f076f0cbae9c1470b1166d6e4c5225c1c22f7b108e62bc107313f7,200,2026-09-15T15:30:11Z,"Raport o stanie Gminy Urzędów za 2024 rok; art. 28aa u.s.g.; Burmistrz Gminy Urzędów / Urząd Miejski w Urzędowie (ul. Rynek 14, 23-250 Urzędów).",0.960,true
6144,lubelskie,kraśnicki,Urzędów,gmina miejsko-wiejska,0607083,2025,ok_finalnie,pdf,tekst (66 stron),https://ugurzedow.bip.lubelskie.pl/upload/pliki/0raport_o_stanie_gminy_za_2025.pdf,"direct_without_tor (idcom ugurzedow.bip.lubelskie.pl: kat. 800 „Raporty o stanie gminy"" list-ajax → detal → /upload/pliki/)",652e47a94419bde34fe315955473c74a1a4550aacd57e9aed533f66249b69927,200,2026-09-15T15:30:11Z,"Raport o stanie Gminy Urzędów za 2025 rok; art. 28aa u.s.g.; Burmistrz Gminy Urzędów / Urząd Miejski w Urzędowie (ul. Rynek 14, 23-250 Urzędów).",1.212,true
6145,lubelskie,kraśnicki,Wilkołaz,gmina wiejska,0607092,2018,ok_finalnie,pdf,"skan (16 str.; okładka OCR: „Wilkołaz, 30.05.2019 RAPORT O STANIE GMINY WILKOŁAZ W ROKU 2018 Na podstawie art. 28aa ust. | ustawy z dnia 8 marca 1990 r. o samorządzie gminnym (t.j. Dz. U. z 2019 roku, poz.506) Wójt Gminy Wilkołaz"")",https://ugwilkolaz.e-bip.eu/upload/pliki/doc06301620190628122112.pdf,direct_without_tor (e-bip ugwilkolaz.e-bip.eu: kat. 82 Aktualności ajax → detal p1=szczegoly&p2={did} → /upload/pliki/),8f355f61a9475b35e8cf5fd609f70140b3fe6d85d2aa1aba973be572340f7514,200,2026-09-15T15:31:43Z,"Raport o stanie Gminy Wilkołaz w roku 2018 (did 342728, kat. Aktualności); art. 28aa u.s.g.; Wójt Gminy Wilkołaz / Urząd Gminy Wilkołaz (Wilkołaz, ul. Lubelska 32A).",7.610,true
6146,lubelskie,kraśnicki,Wilkołaz,gmina wiejska,0607092,2019,ok_finalnie,pdf,"skan (19 str.; okładka OCR: „Wilkołaz, 30.05.2020 RAPORT O STANIE GMINY WILKOŁAZ W ROKU 2019 Na podstawie art. 28aa ust. 1 ustawy z dnia 8 marca 1990 r. o samorządzie gminnym (t.j. Dz. U. z 2020 roku, poz.713) Wójt Gminy Wilkołaz"")",https://ugwilkolaz.e-bip.eu/upload/pliki/doc01398220200601123115.pdf,direct_without_tor (e-bip ugwilkolaz.e-bip.eu: kat. 82 Aktualności ajax → detal p1=szczegoly&p2={did} → /upload/pliki/),f5ee2aae8e3ee2f1c66ee3f8ee1065b42b825f409f1262476e82460ef4fd9690,200,2026-09-15T15:31:43Z,Raport o stanie Gminy Wilkołaz w roku 2019 (did 351227); art. 28aa u.s.g.; Wójt Gminy Wilkołaz.,9.210,true
6147,lubelskie,kraśnicki,Wilkołaz,gmina wiejska,0607092,2020,ok_finalnie,pdf,"skan (22 str.; okładka OCR: „Wilkołaz, 31.05.2021 RAPORT O STANIE GMINY WILKOŁAZ W ROKU 2020 Na podstawie art. 28aa ust. I ustawy z dnia 8 marca 1990 r. o samorządzie gminnym (t.j. Dz. U. z 2020 roku, poz.713 z późn. zm.) Wójt Gm"")",https://ugwilkolaz.e-bip.eu/upload/pliki/doc03595220210609142018.pdf,direct_without_tor (e-bip ugwilkolaz.e-bip.eu: kat. 82 Aktualności ajax → detal p1=szczegoly&p2={did} → /upload/pliki/),95db1d0e1e76d5b5a6a12db3d06d12ddf03a57ed460cdcdc331f19a29b87c9db,200,2026-09-15T15:31:43Z,Raport o stanie Gminy Wilkołaz w roku 2020 (did 10003024); art. 28aa u.s.g.; Wójt Gminy Wilkołaz.,10.097,true
6148,lubelskie,kraśnicki,Wilkołaz,gmina wiejska,0607092,2021,ok_finalnie,pdf,"skan (26 str.; okładka OCR: „Wilkołaz, 31.05.2021 RAPORT O STANIE GMINY WILKOŁAZ W ROKU 2021 Na podstawie art. 28aa ust. 1 ustawy z dnia 8 marca 1990 r. o samorządzie gminnym (t.j. Dz. U. z 2022 roku, poz.559 z późn. zm.) Wójt Gm"")",https://ugwilkolaz.e-bip.eu/upload/pliki/doc00559320220615112532.pdf,direct_without_tor (e-bip ugwilkolaz.e-bip.eu: kat. 82 Aktualności ajax → detal p1=szczegoly&p2={did} → /upload/pliki/),c56e586aedd3f2fc6f49eae2b15613d8421f01c95494c23d5724f110db985ff3,200,2026-09-15T15:31:43Z,Raport o stanie Gminy Wilkołaz w roku 2021 (did 10015557); art. 28aa u.s.g.; Wójt Gminy Wilkołaz.,11.376,true
6149,lubelskie,kraśnicki,Wilkołaz,gmina wiejska,0607092,2022,ok_finalnie,pdf,"skan (27 str.; okładka OCR: „Wilkołaz, 31.05.2023 RAPORT O STANIE GMINY WILKOŁAZ W ROKU 2022 Na podstawie art. 28aa ust. | ustawy z dnia 8 marca 1990 r. o samorządzie gminnym (t.j. Dz. U. z 2023 roku, poz.40 z późn. zm.) Wójt Gmi"")",https://ugwilkolaz.e-bip.eu/upload/pliki/doc02524920230628115620.pdf,direct_without_tor (e-bip ugwilkolaz.e-bip.eu: kat. 82 Aktualności ajax → detal p1=szczegoly&p2={did} → /upload/pliki/),6f8696f970a949ebec7873ee392b7016cead1d6c52034b60a130b1d385f64d8e,200,2026-09-15T15:31:43Z,"Raport o stanie Gminy Wilkołaz w roku 2022 (did 10027180; plik źródłowy 13,28 MB); art. 28aa u.s.g.; Wójt Gminy Wilkołaz.",13.284,true
6150,lubelskie,kraśnicki,Wilkołaz,gmina wiejska,0607092,2023,ok_finalnie,pdf,"skan (26 str.; okładka OCR: „Wilkołaz, 31.05.2024 RAPORT O STANIE GMINY WILKOŁAZ W ROKU 2023 Na podstawie art. 28aa ust. 1 ustawy z dnia 8 marca 1990 r. o samorządzie gminnym (t.j. Dz. U. z 2024 roku, poz.609) Wójt Gminy Wilkołaz"")",https://ugwilkolaz.e-bip.eu/upload/pliki/doc04350020240614104033.pdf,direct_without_tor (e-bip ugwilkolaz.e-bip.eu: kat. 82 Aktualności ajax → detal p1=szczegoly&p2={did} → /upload/pliki/),4d7b9ecf149dbed1c0a2c891a4234c26a8158d9103c3a1be64df1e33a4cd1f3a,200,2026-09-15T15:31:43Z,Raport o stanie gminy Wilkołaz w roku 2023 (did 10039647); art. 28aa u.s.g.; Wójt Gminy Wilkołaz.,11.950,true
6151,lubelskie,kraśnicki,Wilkołaz,gmina wiejska,0607092,2024,ok_finalnie,pdf,"skan (30 str.; okładka OCR: „Wilkołaz, 30.05.2025 RAPORT O STANIE GMINY WILKOŁAZ W ROKU 2024 Na podstawie art. 28aa ust. 1 ustawy z dnia 8 marca 1990 r. o samorządzie gminnym (t.j. Dz. U. z 2024 roku, poz.1465 z późn.zm.) Wójt Gm"")",https://ugwilkolaz.e-bip.eu/upload/pliki/250618-114830-7c.pdf,direct_without_tor (e-bip ugwilkolaz.e-bip.eu: kat. 82 Aktualności ajax → detal p1=szczegoly&p2={did} → /upload/pliki/),2ab3e77365e59e694cd557003db34ec8792ed7a98792c78c8068fb091f89727c,200,2026-09-15T15:31:43Z,Raport o stanie gminy Wilkołaz w roku 2024 (did 10053048); art. 28aa u.s.g.; Wójt Gminy Wilkołaz.,6.163,true
6152,lubelskie,kraśnicki,Wilkołaz,gmina wiejska,0607092,2025,ok_finalnie,pdf,"skan (28 str.; okładka OCR: „Wilkołaz, 29.05.2026 RAPORT O STANIE GMINY WILKOŁAZ W ROKU 2025 Na podstawie art. 28aa ust. I ustawy z dnia 8 marca 1990 r. o samorządzie gminnym (t.j. Dz. U. z 2026 roku, poz. 662) Wójt Gminy Wilkoła"")",https://ugwilkolaz.e-bip.eu/upload/pliki/raport.pdf,direct_without_tor (e-bip ugwilkolaz.e-bip.eu: kat. 82 Aktualności ajax → detal p1=szczegoly&p2={did} → /upload/pliki/),3ad3d586b8ebf3417bef87ad977ab2dfa667f33ad90dbccbfe1ebe319eba1a60,200,2026-09-15T15:31:43Z,Raport o stanie gminy Wilkołaz w roku 2025 (did 10066373); art. 28aa u.s.g.; Wójt Gminy Wilkołaz.,2.809,true
6153,lubelskie,kraśnicki,Zakrzówek,gmina wiejska,0607102,2018,ok_finalnie,pdf,tekst (36 stron),https://ugzakrzowek.bip.lubelskie.pl/upload/pliki/Raport_o_stanie_Gminy_Zakrzowek_2018.pdf,direct_without_tor (idcom ugzakrzowek.bip.lubelskie.pl: list-ajax po kategoriach → zarządzenia w rocznikowych kat. (296/424/459/483/515/569/602) i kat. 169 → detal → /upload/pliki/),ad47a61370c1fbdc793e1e48238bee5aac457b16497305188ae84f4b3c0557e1,200,2026-09-15T15:43:08Z,Raport o stanie Gminy Zakrzówek za 2018 rok; przedstawiony zarządzeniem Wójta Gminy Zakrzówek (maj 2019); art. 28aa u.s.g.; Wójt Gminy Zakrzówek / Urząd Gminy Zakrzówek (Zakrzówek-Wójtostwo).,0.974,true
6154,lubelskie,kraśnicki,Zakrzówek,gmina wiejska,0607102,2019,ok_finalnie,pdf,tekst (42 stron),https://ugzakrzowek.bip.lubelskie.pl/upload/pliki/Zarzadzenie_nr_34_2020_.pdf,direct_without_tor (idcom ugzakrzowek.bip.lubelskie.pl: list-ajax po kategoriach → zarządzenia w rocznikowych kat. (296/424/459/483/515/569/602) i kat. 169 → detal → /upload/pliki/),4d17a9d10ff99e57d02d0f776bc944623f79a9ef295c14a7b3a0c8052d147c15,200,2026-09-15T15:43:08Z,Raport o stanie Gminy Zakrzówek za 2019 rok; przedstawiony zarządzeniem Wójta Gminy Zakrzówek (maj 2020); art. 28aa u.s.g.; Wójt Gminy Zakrzówek / Urząd Gminy Zakrzówek (Zakrzówek-Wójtostwo).,1.407,true
6155,lubelskie,kraśnicki,Zakrzówek,gmina wiejska,0607102,2020,ok_finalnie,pdf,tekst (63 stron),https://ugzakrzowek.bip.lubelskie.pl/upload/pliki/Raport_o_stanie_Gminy_Zakrzowek_2021_prezentacja.pdf,direct_without_tor (idcom ugzakrzowek.bip.lubelskie.pl: list-ajax po kategoriach → zarządzenia w rocznikowych kat. (296/424/459/483/515/569/602) i kat. 169 → detal → /upload/pliki/),c21415493dc9f41277fd137e452fbd803c47c919bd9eb3cf3f4321ca0fd3b198,200,2026-09-15T15:43:08Z,Raport o stanie Gminy Zakrzówek za 2020 rok; przedstawiony zarządzeniem Wójta Gminy Zakrzówek (maj 2021); art. 28aa u.s.g.; Wójt Gminy Zakrzówek / Urząd Gminy Zakrzówek (Zakrzówek-Wójtostwo).,5.873,true
6156,lubelskie,kraśnicki,Zakrzówek,gmina wiejska,0607102,2021,ok_finalnie,pdf,tekst (68 stron),https://ugzakrzowek.bip.lubelskie.pl/upload/pliki/Raport_o_stanie_Gminy_Zakrzowek_2022_prezentacja.pdf,direct_without_tor (idcom ugzakrzowek.bip.lubelskie.pl: list-ajax po kategoriach → zarządzenia w rocznikowych kat. (296/424/459/483/515/569/602) i kat. 169 → detal → /upload/pliki/),d0db61fadb441758bc27cd59f9a9c96e909692715e69a33a18b97c5909ae178d,200,2026-09-15T15:43:08Z,Raport o stanie Gminy Zakrzówek za 2021 rok; przedstawiony zarządzeniem Wójta Gminy Zakrzówek (maj 2022); art. 28aa u.s.g.; Wójt Gminy Zakrzówek / Urząd Gminy Zakrzówek (Zakrzówek-Wójtostwo).,7.700,true
6157,lubelskie,kraśnicki,Zakrzówek,gmina wiejska,0607102,2022,ok_finalnie,pdf,tekst (64 stron),https://ugzakrzowek.bip.lubelskie.pl/upload/pliki/raport-o-stanie-gminy-zakrzowek-2023-prezentacja.pdf,direct_without_tor (idcom ugzakrzowek.bip.lubelskie.pl: list-ajax po kategoriach → zarządzenia w rocznikowych kat. (296/424/459/483/515/569/602) i kat. 169 → detal → /upload/pliki/),bab1475fd2fb67bf5aa1e3c91c65927d2581189e2140df0ae7903d7a8e784511,200,2026-09-15T15:43:08Z,Raport o stanie Gminy Zakrzówek za 2022 rok; przedstawiony zarządzeniem Wójta Gminy Zakrzówek (maj 2023); art. 28aa u.s.g.; Wójt Gminy Zakrzówek / Urząd Gminy Zakrzówek (Zakrzówek-Wójtostwo).,15.902,true
6158,lubelskie,kraśnicki,Zakrzówek,gmina wiejska,0607102,2023,ok_finalnie,pdf,tekst (66 stron),https://ugzakrzowek.bip.lubelskie.pl/upload/pliki/raport_o_stanie_gminy_zakrzowek_2024_prezentacja.pdf,direct_without_tor (idcom ugzakrzowek.bip.lubelskie.pl: list-ajax po kategoriach → zarządzenia w rocznikowych kat. (296/424/459/483/515/569/602) i kat. 169 → detal → /upload/pliki/),2cb2a54fb70b99cebd00364f68fd5d4d6e95e414ca63de2ec6e522a2e4f87057,200,2026-09-15T15:43:08Z,Raport o stanie Gminy Zakrzówek za 2023 rok; przedstawiony zarządzeniem Wójta Gminy Zakrzówek (maj 2024); art. 28aa u.s.g.; Wójt Gminy Zakrzówek / Urząd Gminy Zakrzówek (Zakrzówek-Wójtostwo).,7.604,true
6159,lubelskie,kraśnicki,Zakrzówek,gmina wiejska,0607102,2024,ok_finalnie,pdf,tekst (61 stron),https://zakrzowek.pl/wp-content/uploads/2025/06/Raport-o-stanie-Gminy-Zakrzowek-2025-prezentacja.pdf,"direct_without_tor (portal zakrzowek.pl WordPress: wpisy „Raport o stanie Gminy Zakrzówek za {rok} rok"" → wp-content/uploads/{R}/{MM}/; nazwa pliku = rok publikacji)",b7c6121ebecba2e9270fbcd5b72e401cab41f877c9d94c3673176744933bf518,200,2026-09-15T15:45:19Z,"Raport o stanie Gminy Zakrzówek za 2024 rok; przedstawiony zarządzeniem Wójta Gminy Zakrzówek (nr 63/2025 z 26.05.2025); art. 28aa u.s.g.; Wójt Gminy Zakrzówek; UWAGA: nazwa pliku („...-2025-prezentacja"") oznacza rok publikacji, treść = raport za 2024.",7.684,true
6160,lubelskie,kraśnicki,Zakrzówek,gmina wiejska,0607102,2025,ok_finalnie,pdf,tekst (74 stron),https://zakrzowek.pl/wp-content/uploads/2026/05/Raport-o-stanie-Gminy-Zakrzowek-2026-prezentacja.pdf,"direct_without_tor (portal zakrzowek.pl WordPress: wpisy „Raport o stanie Gminy Zakrzówek za {rok} rok"" → wp-content/uploads/{R}/{MM}/; nazwa pliku = rok publikacji)",0cfa33c1eac1f957a69be5a9364ccf7a5ddf6c516a5a8c6d7efb3943bf665b0e,200,2026-09-15T15:45:19Z,"Raport o stanie Gminy Zakrzówek za 2025 rok; przedstawiony zarządzeniem Wójta Gminy Zakrzówek (nr 44/2026 z 26.05.2026); art. 28aa u.s.g.; Wójt Gminy Zakrzówek; UWAGA: nazwa pliku („...-2026-prezentacja"") oznacza rok publikacji, treść = raport za 2025.",11.895,true
6161,lubelskie,lubartowski,-,-,0608,2018,ok_finalnie,pdf,tekst (164 stron),https://splubartow.bip.lubelskie.pl/upload/pliki/RAPORT_O_STANIE_POWIATU_LUBARTOWSKIEGO_2018_rok.pdf,direct_without_tor (idcom splubartow.bip.lubelskie.pl: mapa → kat 537 → list-ajax → detal → /upload/pliki/),136d0f4509a01830bd443637bb8ea5d4915bab845fa21f0c8cfcf2e5d8ad2110,200,2026-09-15T17:10:51Z,"Raport o stanie gminy za 2018 rok (did 1392517, kat 537, plik RAPORT_O_STANIE_POWIATU_LUBARTOWSKIEGO_2018_rok.pdf); art. 28aa u.s.g.",4.802,true
6162,lubelskie,lubartowski,-,-,0608,2019,ok_finalnie,pdf,tekst (172 stron),https://splubartow.bip.lubelskie.pl/upload/pliki/0u_339_20_zal..pdf,direct_without_tor (idcom splubartow.bip.lubelskie.pl: mapa → kat 559 → list-ajax → detal → /upload/pliki/),a6053a4af136d4d66d7a4f9b800eff356454db112e3ab2d7d5d7cba1deece0dd,200,2026-09-15T17:10:51Z,"Raport o stanie gminy za 2019 rok (did 1524732, kat 559, plik 0u_339_20_zal..pdf); art. 28aa u.s.g.",5.452,true
6163,lubelskie,lubartowski,-,-,0608,2020,ok_finalnie,pdf,tekst (159 stron),https://splubartow.bip.lubelskie.pl/upload/pliki/0u_527_21_zal..pdf,direct_without_tor (idcom splubartow.bip.lubelskie.pl: mapa → kat 580 → list-ajax → detal → /upload/pliki/),662b15d52fdf8c88ba1ac0418687da4a7877208c43d78e82905888c4f28da990,200,2026-09-15T17:10:51Z,"Raport o stanie gminy za 2020 rok (did 1640947, kat 580, plik 0u_527_21_zal..pdf); art. 28aa u.s.g.",4.307,true
6164,lubelskie,lubartowski,-,-,0608,2021,ok_finalnie,pdf,tekst (165 stron),https://splubartow.bip.lubelskie.pl/upload/pliki/1u_727_22_zal..pdf,direct_without_tor (idcom splubartow.bip.lubelskie.pl: mapa → kat 628 → list-ajax → detal → /upload/pliki/),f1f3a7257418a84f16fa934403e066914509a0eab0f38163dd592fc90851c94c,200,2026-09-15T17:10:51Z,"Raport o stanie gminy za 2021 rok (did 1761592, kat 628, plik 1u_727_22_zal..pdf); art. 28aa u.s.g.",4.581,true
6165,lubelskie,lubartowski,-,-,0608,2022,ok_finalnie,pdf,tekst (154 stron),https://splubartow.bip.lubelskie.pl/upload/pliki/0u-948-23.pdf,direct_without_tor (idcom splubartow.bip.lubelskie.pl: mapa → kat 664 → list-ajax → detal → /upload/pliki/),85d7c03eef149dc0a5f45d2d921a13b42dd8ad09d6775506558458a127231c1d,200,2026-09-15T17:10:51Z,"Raport o stanie gminy za 2022 rok (did 1895807, kat 664, plik 0u-948-23.pdf); art. 28aa u.s.g.",6.862,true
6166,lubelskie,lubartowski,-,-,0608,2023,ok_finalnie,pdf,tekst (164 stron),https://splubartow.bip.lubelskie.pl/upload/pliki/u_1136_24.pdf,direct_without_tor (idcom splubartow.bip.lubelskie.pl: mapa → kat 697 → list-ajax → detal → /upload/pliki/),156560437b283fc7543c6a8244d3fea9672478e118d5b1747ec8bda94209bca4,200,2026-09-15T17:10:51Z,"Raport o stanie gminy za 2023 rok (did 2017220, kat 697, plik u_1136_24.pdf); art. 28aa u.s.g.",6.365,true
6167,lubelskie,lubartowski,-,-,0608,2024,ok_finalnie,pdf,tekst (168 stron),https://splubartow.bip.lubelskie.pl/upload/pliki/0u_185_25.pdf,direct_without_tor (idcom splubartow.bip.lubelskie.pl: mapa → kat 779 → list-ajax → detal → /upload/pliki/),cd1dcd8caa8860878f3dc2441dfc13cbf7bcb7a42ee08b8c5640e4593f6bca82,200,2026-09-15T17:10:51Z,"Raport o stanie gminy za 2024 rok (did 2171037, kat 779, plik 0u_185_25.pdf); art. 28aa u.s.g.",5.107,true
6168,lubelskie,lubartowski,-,-,0608,2025,ok_finalnie,pdf,tekst (203 stron),https://splubartow.bip.lubelskie.pl/upload/pliki/0u_409_26.pdf,direct_without_tor (idcom splubartow.bip.lubelskie.pl: mapa → kat 818 → list-ajax → detal → /upload/pliki/),2f6917c787351e5ce619dccdcdf19805eb0e26eeacc89f2dd5f025663a41ebad,200,2026-09-15T17:10:51Z,"Raport o stanie gminy za 2025 rok (did 2314427, kat 818, plik 0u_409_26.pdf); art. 28aa u.s.g.",7.491,true
6169,lubelskie,lubartowski,Lubartów,gmina miejska,0608011,2018,ok_finalnie,pdf,tekst (67 stron),https://umlubartow.bip.lubelskie.pl/upload/pliki/raport-o-stanie-gminy-miasto-lubartow-za-rok-2018.pdf,direct_without_tor (idcom umlubartow.bip.lubelskie.pl: mapa → kat 340 → list-ajax → detal → /upload/pliki/),9212e52c47984a899971e8fba79a875a64f980bfdc1ece7fbd0d22b0d57246c2,200,2026-09-15T17:10:51Z,"Raport o stanie gminy za 2018 rok (did 1931904, kat 340, plik raport-o-stanie-gminy-miasto-lubartow-za-rok-2018.pdf); art. 28aa u.s.g.",1.796,true
6170,lubelskie,lubartowski,Lubartów,gmina miejska,0608011,2019,ok_finalnie,pdf,tekst (76 stron),https://umlubartow.bip.lubelskie.pl/upload/pliki/raport-o-stanie-gminy-miasto-lubartow-za-rok-2019.pdf,direct_without_tor (idcom umlubartow.bip.lubelskie.pl: mapa → kat 340 → list-ajax → detal → /upload/pliki/),b360cf87ddb25012da7cffdaec86ffe748f9feeb63d052b41dddaed6995f5633,200,2026-09-15T17:10:51Z,"Raport o stanie gminy za 2019 rok (did 1931905, kat 340, plik raport-o-stanie-gminy-miasto-lubartow-za-rok-2019.pdf); art. 28aa u.s.g.",2.878,true
6171,lubelskie,lubartowski,Lubartów,gmina miejska,0608011,2020,ok_finalnie,pdf,tekst (85 stron),https://umlubartow.bip.lubelskie.pl/upload/pliki/raport-o-stanie-gminy-miasto-lubartow-za-rok-2020.pdf,direct_without_tor (idcom umlubartow.bip.lubelskie.pl: mapa → kat 340 → list-ajax → detal → /upload/pliki/),ef6dc13af2efc9098ba65f4ad998c3b5eb180b47e589bfe1bedd059c80adfecd,200,2026-09-15T17:10:51Z,"Raport o stanie gminy za 2020 rok (did 1931906, kat 340, plik raport-o-stanie-gminy-miasto-lubartow-za-rok-2020.pdf); art. 28aa u.s.g.",10.562,true
6172,lubelskie,lubartowski,Lubartów,gmina miejska,0608011,2021,ok_finalnie,pdf,tekst (89 stron),https://umlubartow.bip.lubelskie.pl/upload/pliki/raport-o-stanie-gminy-miasto-lubartow-za-rok-2021.pdf,direct_without_tor (idcom umlubartow.bip.lubelskie.pl: mapa → kat 340 → list-ajax → detal → /upload/pliki/),f378bb2a60f1ef9fca72b7c4c3879796431d40ff9325e23d375033ed35881425,200,2026-09-15T17:10:51Z,"Raport o stanie gminy za 2021 rok (did 1931908, kat 340, plik raport-o-stanie-gminy-miasto-lubartow-za-rok-2021.pdf); art. 28aa u.s.g.",11.812,true
6173,lubelskie,lubartowski,Lubartów,gmina miejska,0608011,2022,ok_finalnie,pdf,tekst (111 stron),https://umlubartow.bip.lubelskie.pl/upload/pliki/0raport-o-stanie-gminy-miasto-lubartow-za-rok-2022.pdf,direct_without_tor (idcom umlubartow.bip.lubelskie.pl: mapa → kat 340 → list-ajax → detal → /upload/pliki/),118a3457f65b8b5bf89867874ba6d3e97eaf0b05dd76c5322b8240ac3ea46738,200,2026-09-15T17:10:51Z,"Raport o stanie gminy za 2022 rok (did 1931909, kat 340, plik 0raport-o-stanie-gminy-miasto-lubartow-za-rok-2022.pdf); art. 28aa u.s.g.",9.585,true
6174,lubelskie,lubartowski,Lubartów,gmina miejska,0608011,2023,ok_finalnie,pdf,tekst (69 stron),https://umlubartow.bip.lubelskie.pl/upload/pliki/0raport_o_stanie_gminy_za_rok_2023.pdf,direct_without_tor (idcom umlubartow.bip.lubelskie.pl: mapa → kat 340 → list-ajax → detal → /upload/pliki/),2c51f7f8329788dab2fc16ea1ffce0f9d10efd0d9778ee3037e296d96751a7ba,200,2026-09-15T17:10:51Z,"Raport o stanie gminy za 2023 rok (did 2049171, kat 340, plik 0raport_o_stanie_gminy_za_rok_2023.pdf); art. 28aa u.s.g.",4.523,true
6175,lubelskie,lubartowski,Lubartów,gmina miejska,0608011,2024,ok_finalnie,pdf,tekst (66 stron),https://umlubartow.bip.lubelskie.pl/upload/pliki/0raport_o_stanie_gminy_miasto_lubartow_2024_r.pdf,direct_without_tor (idcom umlubartow.bip.lubelskie.pl: mapa → kat 340 → list-ajax → detal → /upload/pliki/),68b81e37968f3208a7ca67c52b84d759e110929d567714b68f65f3d31c5abe24,200,2026-09-15T17:10:51Z,"Raport o stanie gminy za 2024 rok (did 2176555, kat 340, plik 0raport_o_stanie_gminy_miasto_lubartow_2024_r.pdf); art. 28aa u.s.g.",53.991,true
6176,lubelskie,lubartowski,Lubartów,gmina miejska,0608011,2025,ok_finalnie,pdf,tekst (105 stron),https://umlubartow.bip.lubelskie.pl/upload/pliki/raport4.pdf,direct_without_tor (idcom umlubartow.bip.lubelskie.pl: mapa → kat 340 → list-ajax → detal → /upload/pliki/),05800f17f4d34194544bd77c52ce84e67c6811b837821ce900776940ca212d60,200,2026-09-15T17:10:51Z,"Raport o stanie gminy za 2025 rok (did 2316650, kat 340, plik raport4.pdf); art. 28aa u.s.g.",7.876,true
6177,lubelskie,lubartowski,Abramów,gmina wiejska,0608022,2018,ok_finalnie,pdf,tekst (51 stron),https://ugabramow.bip.lubelskie.pl/upload/pliki/RAPORT_O_STANIE_GMINY_ABRAMOW_new.pdf,direct_without_tor (idcom ugabramow.bip.lubelskie.pl: mapa → kat 174 → list-ajax → detal → /upload/pliki/),f7ea9bc6603ebe102dc0b818fe87d376a959327909f25bbf1ffdcc518b14bc61,200,2026-09-15T17:10:51Z,"Raport o stanie gminy za 2018 rok (did 1393187, kat 174, plik RAPORT_O_STANIE_GMINY_ABRAMOW_new.pdf); art. 28aa u.s.g.",1.131,true
6178,lubelskie,lubartowski,Abramów,gmina wiejska,0608022,2019,ok_finalnie,pdf,tekst (77 stron),https://ugabramow.bip.lubelskie.pl/upload/pliki/3Raport_o_stanie_gminy_Abramow_2019_rok.pdf,direct_without_tor (idcom ugabramow.bip.lubelskie.pl: mapa → kat 174 → list-ajax → detal → /upload/pliki/),d04822aebd346b9961e3963d7c553377edd4403eece3ecb0820c08227187fbca,200,2026-09-15T17:10:51Z,"Raport o stanie gminy za 2019 rok (did 1516635, kat 174, plik 3Raport_o_stanie_gminy_Abramow_2019_rok.pdf); art. 28aa u.s.g.",0.681,true
6179,lubelskie,lubartowski,Abramów,gmina wiejska,0608022,2020,ok_finalnie,pdf,tekst (84 stron),https://ugabramow.bip.lubelskie.pl/upload/pliki/Raport_o_stanie_gminy_Abramow_za_2020_r..pdf,direct_without_tor (idcom ugabramow.bip.lubelskie.pl: mapa → kat 174 → list-ajax → detal → /upload/pliki/),e1094486a9492c03e805bd47bb497fcb1c9b6554516cfd19529fe2bfa0a5423f,200,2026-09-15T17:10:51Z,"Raport o stanie gminy za 2020 rok (did 1641544, kat 174, plik Raport_o_stanie_gminy_Abramow_za_2020_r..pdf); art. 28aa u.s.g.",1.988,true
6180,lubelskie,lubartowski,Abramów,gmina wiejska,0608022,2021,ok_finalnie,pdf,tekst (70 stron),https://ugabramow.bip.lubelskie.pl/upload/pliki/raport-o-stanie-gminy-abramow-za-2021r-1.pdf,direct_without_tor (idcom ugabramow.bip.lubelskie.pl: mapa → kat 174 → list-ajax → detal → /upload/pliki/),24915d1076e148a56082b5f37b0d41f40ca463db936e6ed8858acfb49d3f7fb4,200,2026-09-15T17:10:51Z,"Raport o stanie gminy za 2021 rok (did 1760938, kat 174, plik raport-o-stanie-gminy-abramow-za-2021r-1.pdf); art. 28aa u.s.g.",1.772,true
6181,lubelskie,lubartowski,Abramów,gmina wiejska,0608022,2022,ok_finalnie,pdf,tekst (71 stron),https://ugabramow.bip.lubelskie.pl/upload/pliki/raport-o-stanie-gminy-abramow-za-2023r.pdf,direct_without_tor (idcom ugabramow.bip.lubelskie.pl: mapa → kat 174 → list-ajax → detal → /upload/pliki/),b10cc1f87736518f7b97f2decc5d202ecb450c2e130d4d19f8781cc519aadcc3,200,2026-09-15T17:10:51Z,"Raport o stanie gminy za 2022 rok (did 1894572, kat 174, plik raport-o-stanie-gminy-abramow-za-2023r.pdf); art. 28aa u.s.g.",0.794,true
6182,lubelskie,lubartowski,Abramów,gmina wiejska,0608022,2023,ok_finalnie,pdf,tekst (71 stron),https://ugabramow.bip.lubelskie.pl/upload/pliki/raport_2023_rok_v2.pdf,direct_without_tor (idcom ugabramow.bip.lubelskie.pl: mapa → kat 174 → list-ajax → detal → /upload/pliki/),1a5fc3973b3115227e270f5467a6b0498912c62899d3e762f6ba5901c62a90fc,200,2026-09-15T17:10:51Z,"Raport o stanie gminy za 2023 rok (did 2032920, kat 174, plik raport_2023_rok_v2.pdf); art. 28aa u.s.g.",0.969,true
6183,lubelskie,lubartowski,Abramów,gmina wiejska,0608022,2024,ok_finalnie,pdf,tekst (138 stron),https://ugabramow.bip.lubelskie.pl/upload/pliki/raport_o_stanie_gminy_za_2024.pdf,direct_without_tor (idcom ugabramow.bip.lubelskie.pl: mapa → kat 174 → list-ajax → detal → /upload/pliki/),98a4d565bc6812f2ddfc638d27addcda15bb03d51896c764973cff6a7bcbbd2c,200,2026-09-15T17:10:51Z,"Raport o stanie gminy za 2024 rok (did 2173527, kat 174, plik raport_o_stanie_gminy_za_2024.pdf); art. 28aa u.s.g.",9.483,true
6184,lubelskie,lubartowski,Abramów,gmina wiejska,0608022,2025,ok_finalnie,pdf,tekst (142 stron),https://ugabramow.bip.lubelskie.pl/upload/pliki/raport_o_stanie_gminy_2025_r.pdf,direct_without_tor (idcom ugabramow.bip.lubelskie.pl: mapa → kat 174 → list-ajax → detal → /upload/pliki/),423989ed24964b364914b58fe45c9e1e8f933c344642f5a1e958aeba5b8d4ad8,200,2026-09-15T17:10:51Z,"Raport o stanie gminy za 2025 rok (did 2312159, kat 174, plik raport_o_stanie_gminy_2025_r.pdf); art. 28aa u.s.g.",10.423,true
6185,lubelskie,lubartowski,Firlej,gmina wiejska,0608032,2018,brak_finalnie,,,,dogłębne sprawdzenie BIP/portalu/Wayback/wyszukiwarek,,BRAK_DOWODU_ISTNIENIA (niepowstały lub nieopublikowany),2026-09-15T17:32:27Z,Raport o stanie gminy Firlej za 2018 rok — brak śladów: BIP ugfirlej.bip.lubelskie.pl kat 298 (1 dok. 2025) i kat 363 archiwalne zaczynają się od rocznika 2019 (raporty 2019–2024 dodane hurtowo 07.2020–05.2025); portal firlej.pl (WordPress) szukajka 0; Google 0; Wayback CDX domeny: 1 pozycja (konsultacje); zarządzenia Wójta (kat 259) bez pozycji raportowych dostępnych. Raporty publikowane od rocznika 2019 — raport za 2018 prawdopodobnie niepowstały/nieopublikowany. art. 28aa u.s.g.; Wójt Gminy Firlej / Urząd Gminy Firlej.,,true
6186,lubelskie,lubartowski,Firlej,gmina wiejska,0608032,2019,brak_finalnie,,,https://ugfirlej.bip.lubelskie.pl/index.php?id=363&action=details&document_id=2051215,dogłębne sprawdzenie BIP/portalu/Wayback/wyszukiwarek,,BRAK_URL (dowód istnienia — plik nieopublikowany),2026-09-15T17:35:01Z,"Raport o stanie gminy Firlej za rok 2019 — DOWÓD ISTNIENIA: dokument „Raport o stanie gminy Firlej za rok 2019"" (did 2051215, kat 363 Raporty archiwalne) z plikiem 0raport_za_2019_na_strone_www.pdf — plik USUNIĘTY z serwera (HTTP 404, odpowiedź HTML 2229 B); Wayback: brak kopii pliku (CDX domeny = 2 pozycje: ogłoszenie KOOF i konsultacje); portal firlej.pl szukajka 0; Google 0. art. 28aa u.s.g.; Wójt Gminy Firlej / Urząd Gminy Firlej.",,true
6187,lubelskie,lubartowski,Firlej,gmina wiejska,0608032,2020,ok_finalnie,pdf,tekst (87 stron),https://ugfirlej.bip.lubelskie.pl/upload/pliki/raport-20_za_2020-20z-20dnia_09.05-1-.pdf,direct_without_tor (idcom ugfirlej.bip.lubelskie.pl: mapa → kat 363 → list-ajax → detal → /upload/pliki/),8d78eae237be48f1b76970429ec6bbe1a76be5ed00d4177507b3d2a5f46a3937,200,2026-09-15T17:10:51Z,"Raport o stanie gminy za 2020 rok (did 2051200, kat 363, plik raport-20_za_2020-20z-20dnia_09.05-1-.pdf); art. 28aa u.s.g.",1.973,true
6188,lubelskie,lubartowski,Firlej,gmina wiejska,0608032,2021,ok_finalnie,pdf,tekst (80 stron),https://ugfirlej.bip.lubelskie.pl/upload/pliki/raportgmina_2021-1-.pdf,direct_without_tor (idcom ugfirlej.bip.lubelskie.pl: mapa → kat 363 → list-ajax → detal → /upload/pliki/),ba70e5b53ec39c1f5ba9b5f16b1e86cd249cd0600a2f30c4ff4a5b68d46185ef,200,2026-09-15T17:10:51Z,"Raport o stanie gminy za 2021 rok (did 2047507, kat 363, plik raportgmina_2021-1-.pdf); art. 28aa u.s.g.",4.669,true
6189,lubelskie,lubartowski,Firlej,gmina wiejska,0608032,2022,ok_finalnie,pdf,tekst (88 stron),https://ugfirlej.bip.lubelskie.pl/upload/pliki/raport_o_stanie_gminy_firlej_za_rok_2022-1-.pdf,direct_without_tor (idcom ugfirlej.bip.lubelskie.pl: mapa → kat 363 → list-ajax → detal → /upload/pliki/),07032798a09b8fe51423e3e610c80657502d98db882ed0f5708c59cba7dd3f15,200,2026-09-15T17:10:51Z,"Raport o stanie gminy za 2022 rok (did 2047460, kat 363, plik raport_o_stanie_gminy_firlej_za_rok_2022-1-.pdf); art. 28aa u.s.g.",1.770,true
6190,lubelskie,lubartowski,Firlej,gmina wiejska,0608032,2023,ok_finalnie,pdf,tekst (135 stron),https://ugfirlej.bip.lubelskie.pl/upload/pliki/raport-o-stanie-gminy-2023-2-.pdf,direct_without_tor (idcom ugfirlej.bip.lubelskie.pl: mapa → kat 363 → list-ajax → detal → /upload/pliki/),5fe3812da97bd7e6878c013a7f3e1d4deabe008537f4378a43cd9e1fc5930f2b,200,2026-09-15T17:10:51Z,"Raport o stanie gminy za 2023 rok (did 2047559, kat 363, plik raport-o-stanie-gminy-2023-2-.pdf); art. 28aa u.s.g.",3.142,true
6191,lubelskie,lubartowski,Firlej,gmina wiejska,0608032,2024,ok_finalnie,pdf,tekst (161 stron),https://ugfirlej.bip.lubelskie.pl/upload/pliki/0raport_o_stanie_gminy_firlej-_2024.pdf,direct_without_tor (idcom ugfirlej.bip.lubelskie.pl: mapa → kat 363 → list-ajax → detal → /upload/pliki/),f345bf4829745370679e2511a06ad29a6dec6e058ffd46ea12a02ec7ca8105bf,200,2026-09-15T17:10:51Z,"Raport o stanie gminy za 2024 rok (did 2173272, kat 363, plik 0raport_o_stanie_gminy_firlej-_2024.pdf); art. 28aa u.s.g.",7.932,true
6192,lubelskie,lubartowski,Firlej,gmina wiejska,0608032,2025,ok_finalnie,pdf,tekst (119 stron),https://ugfirlej.bip.lubelskie.pl/upload/pliki/0raport_o_stanie_gminy_firlej_2025.pdf,direct_without_tor (idcom ugfirlej.bip.lubelskie.pl: kat 298 → detal did 2307570 → /upload/pliki/),197485af594bc17ce29ec9b3e88126e8ef75fe5d154f5e4ebf94e489906c1c1d,200,2026-09-15T17:21:37Z,"Raport o stanie Gminy Firlej 2025 (did 2307570, kat 298); art. 28aa u.s.g.; Wójt Gminy Firlej / Urząd Gminy Firlej. UWAGA: detal zawiera też debatę i klauzulę — plik raportu 0raport_o_stanie_gminy_firlej_2025.pdf.",5.220,true
6193,lubelskie,lubartowski,Jeziorzany,gmina wiejska,0608042,2018,brak_finalnie,,,,dogłębne sprawdzenie BIP/portalu/Wayback/wyszukiwarek,,BRAK_DOWODU_ISTNIENIA (niepowstały lub nieopublikowany),2026-09-15T17:32:27Z,"Raport o stanie Gminy Jeziorzany za 2018 rok — brak śladów: BIP e-biuletyn kat 557 (od 2022), zarządzenia rocznikowe kat 229 (2018, n=41) / 242 (2019, n=51) bez pozycji raportowych; portal jeziorzany.eu — wpisy raportów od rocznika 2019 (slug „...za-rok-2019""); Wayback old.jeziorzany.eu/FCK — tylko raport 2019; Google 0. art. 28aa u.s.g.; Wójt Gminy Jeziorzany / Urząd Gminy Jeziorzany, ul. Kościelna 1, 21-146 Jeziorzany.",,true
6196,lubelskie,lubartowski,Jeziorzany,gmina wiejska,0608042,2021,ok_finalnie,pdf,"skan (34 str.; okładka OCR: „RAPORT O STANIE GMINY JEZIORZANY ZA ROK 2021 — Jeziorzany, dnia 30 maja 2022 r."")",https://jeziorzany.eu/wp-content/uploads/2022/06/raport-o-stanie-gminy-za-rok-2021.pdf,direct_without_tor (portal jeziorzany.eu WordPress → wp-content/uploads/2022/06/) + ocr,a5ddbf84054b83f8b8b097c1db37117b390e465b59180ef262fd02722f24e850,200,2026-09-15T17:34:21Z,"Raport o stanie Gminy Jeziorzany za rok 2021; publikowany na portalu jeziorzany.eu (wpis „Raport o stanie Gminy Jeziorzany za rok 2021""); art. 28aa u.s.g.; Wójt Gminy Jeziorzany / Urząd Gminy Jeziorzany.",16.838,true
6194,lubelskie,lubartowski,Jeziorzany,gmina wiejska,0608042,2019,brak_finalnie,,,http://old.jeziorzany.eu/FCK/raport%20o%20stanie%20gminy%20za%202019/Raport_za_rok_2019.pdf,dogłębne sprawdzenie BIP/portalu/Wayback,,BRAK_URL (dowód istnienia — plik nieopublikowany),2026-09-15T17:34:21Z,"Raport o stanie Gminy Jeziorzany za 2019 rok — DOWÓD ISTNIENIA: wpis „Raport o stanie Gminy Jeziorzany za rok 2019."" na portalu jeziorzany.eu (WooRank wpisów raportów 2019–2022) z linkiem do pliku w starym serwisie old.jeziorzany.eu/FCK/raport o stanie gminy za 2019/Raport_za_rok_2019.pdf; stary serwis wyłączony (DNS martwy, direct i Tor 000); jedyna kopia w Internet Archive (snapshot 22.04.2021, HTTP 200) obcięta do 1 MiB — PDF bez xref, nieodtwarzalny (mutool/qpdf brak naprawy); kat. 557 BIP e-biuletyn nie zawiera raportów 2018–2021. art. 28aa u.s.g.; Wójt Gminy Jeziorzany / Urząd Gminy Jeziorzany, ul. Kościelna 1, 21-146 Jeziorzany.",,true
6195,lubelskie,lubartowski,Jeziorzany,gmina wiejska,0608042,2020,ok_finalnie,pdf,tekst (36 stron),https://jeziorzany.eu/wp-content/uploads/2021/06/Raport-o-stanie-gminy-za-rok-2020.pdf,"direct_without_tor (portal jeziorzany.eu WordPress: wpis „Raport…"" → wp-content/uploads/{R}/{MM}/)",d8dd9e5925b83a97d582a5e2204608cd667003ee7b7b5698058c7dbf8094108f,200,2026-09-15T17:34:21Z,"Raport o stanie Gminy Jeziorzany za rok 2020 (Jeziorzany 28.05.2021); publikowany na portalu jeziorzany.eu, wpis „Raport o stanie Gminy Jeziorzany za rok 2020""; art. 28aa u.s.g.; Wójt Gminy Jeziorzany / Urząd Gminy Jeziorzany, ul. Kościelna 1, 21-146 Jeziorzany (BIP: kat 557 nie zawiera raportów za 2018–2021).",3.474,true
6197,lubelskie,lubartowski,Jeziorzany,gmina wiejska,0608042,2022,ok_finalnie,pdf,"skan (38 str.; okładka OCR: „RAPORT O STANIE GMINY JEZIORZANY ZA ROK 2022 Jeziorzany, dnia 30 maja 2023 r. Raport o stanie Gminy Jeziorzany za 2022 r. WSTĘP Raport o stanie Gminy Jeziorzany za rok 20"")",https://ugjeziorzany.e-biuletyn.pl/upload/pliki/20230531144321485.pdf,direct_without_tor (e-biuletyn ugjeziorzany.e-biuletyn.pl: kat 557 → detal → /upload/pliki/),55575fe1a60a8044425469e291c6c057eba52f24c738b972b5cc9954a3822b17,200,2026-09-15T17:32:59Z,"Raport o stanie Gminy Jeziorzany za 2022 rok (did 253730, kat 557 (wpis „Raport o stanie Gminy Jeziorzany za rok 2022."" 31.05.2023); łącznik portalu: jeziorzany.eu/raport-o-stanie-gminy-jeziorzany-za-rok-2022/ → plik BIP); art. 28aa u.s.g.; Wójt Gminy Jeziorzany / Urząd Gminy Jeziorzany, ul. Kościelna 1, 21-146 Jeziorzany.",20.565,true
6198,lubelskie,lubartowski,Jeziorzany,gmina wiejska,0608042,2023,ok_finalnie,pdf,"skan (36 str.; okładka OCR: „RAPORT O STANIE GMINY JEZIORZANY ZA ROK 2023 Jeziorzany, dnia 20 czerwca 2024 r. BIURO RADY GMINY JEZIORZANY Wpłynęło dnia „rt. 06, 2QQLr. 1 podpis .......... Wit GUAM UA"")",https://ugjeziorzany.e-biuletyn.pl/upload/pliki/Raport_o_stanie_gminy.pdf,direct_without_tor (e-biuletyn ugjeziorzany.e-biuletyn.pl: kat 557 → detal → /upload/pliki/),50c95609f2c6fdc3482aacd39feb73e3951ceb0a4a69c3fff3f2ad9be73684ad,200,2026-09-15T17:32:59Z,"Raport o stanie Gminy Jeziorzany za 2023 rok (did 275278, kat 557 (dodany 31.01.2025 z opóźnieniem; wpływ do BP 06.06.2024); plik bez roku w nazwie — rocznik z OCR okładki); art. 28aa u.s.g.; Wójt Gminy Jeziorzany / Urząd Gminy Jeziorzany, ul. Kościelna 1, 21-146 Jeziorzany.",6.893,true
6199,lubelskie,lubartowski,Jeziorzany,gmina wiejska,0608042,2024,ok_finalnie,pdf,"skan (46 str.; okładka OCR: „RAPORT O STANIE GMINY JEZIORZANY ZA ROK 2024 * R » r» ź , „ABT H Jeziorzany, dnia 29 maja 2025 r. BIURO RADY GMINY JEZIORZANY wpłynęło dnia 2Q75 ..:05::.3.0 Drodzy Mieszk"")",https://ugjeziorzany.e-biuletyn.pl/upload/pliki/Raport_o_stanie_gminy_za_2024_rok.pdf,direct_without_tor (e-biuletyn ugjeziorzany.e-biuletyn.pl: kat 557 → detal → /upload/pliki/),c559b1a6c1d8b53a86d18d40f71a8025557c8874f5725f9ac1636b3ae0613ca7,200,2026-09-15T17:32:59Z,"Raport o stanie Gminy Jeziorzany za 2024 rok (did 281126, kat 557 (30.05.2025)); art. 28aa u.s.g.; Wójt Gminy Jeziorzany / Urząd Gminy Jeziorzany, ul. Kościelna 1, 21-146 Jeziorzany.",10.028,true
6200,lubelskie,lubartowski,Jeziorzany,gmina wiejska,0608042,2025,ok_finalnie,pdf,tekst (56 stron),https://ugjeziorzany.e-biuletyn.pl/upload/pliki/Raport_2025.pdf,direct_without_tor (e-biuletyn ugjeziorzany.e-biuletyn.pl: kat 557 → detal → /upload/pliki/),f7c415c34c0860fb2ab3e315613836e7d7e9dde7c474778766440b6c44c2f84c,200,2026-09-15T17:32:59Z,"Raport o stanie Gminy Jeziorzany za 2025 rok (did 292579, kat 557 (27.05.2026); łącznik portalu: jeziorzany.eu/raport-o-stanie-gminy-za-2025-rok/); art. 28aa u.s.g.; Wójt Gminy Jeziorzany / Urząd Gminy Jeziorzany, ul. Kościelna 1, 21-146 Jeziorzany.",4.650,true
6201,lubelskie,lubartowski,Kamionka,gmina wiejska,0608052,2018,ok_finalnie,pdf,tekst (72 stron),https://ugkamionka.bip.lubelskie.pl/upload/pliki/RAPORT_O_STANIE_GMINY.pdf,direct_without_tor (idcom ugkamionka.bip.lubelskie.pl: mapa → kat 243 → list-ajax → detal → /upload/pliki/),32a6b0b8af34054e1c207f98721e51c893ad158a5f4204fdeda2356a2b7a0b77,200,2026-09-15T17:10:51Z,"Raport o stanie gminy za 2018 rok (did 1412265, kat 243, plik RAPORT_O_STANIE_GMINY.pdf); art. 28aa u.s.g.",1.872,true
6202,lubelskie,lubartowski,Kamionka,gmina wiejska,0608052,2019,ok_finalnie,pdf,tekst (62 stron),https://ugkamionka.bip.lubelskie.pl/upload/pliki/0Raport_o_stanie_Gminy_Kamionka_2019_r..pdf,direct_without_tor (idcom ugkamionka.bip.lubelskie.pl: mapa → kat 243 → list-ajax → detal → /upload/pliki/),fd2c69b51488580bd191a650247ec415d7e52fea415bf42456425ae278b03197,200,2026-09-15T17:10:51Z,"Raport o stanie gminy za 2019 rok (did 1516313, kat 243, plik 0Raport_o_stanie_Gminy_Kamionka_2019_r..pdf); art. 28aa u.s.g.",1.110,true
6203,lubelskie,lubartowski,Kamionka,gmina wiejska,0608052,2020,ok_finalnie,pdf,tekst (61 stron),https://ugkamionka.bip.lubelskie.pl/upload/pliki/0Raport_o_stanie_gminy_2020.pdf,direct_without_tor (idcom ugkamionka.bip.lubelskie.pl: mapa → kat 243 → list-ajax → detal → /upload/pliki/),46e183706648eab83a5ccf71847d586c58fcd858d3d4ec60864df29e49432f89,200,2026-09-15T17:10:51Z,"Raport o stanie gminy za 2020 rok (did 1641397, kat 243, plik 0Raport_o_stanie_gminy_2020.pdf); art. 28aa u.s.g.",1.819,true
6204,lubelskie,lubartowski,Kamionka,gmina miejsko-wiejska,0608053,2021,ok_finalnie,pdf,tekst (44 stron),https://ugkamionka.bip.lubelskie.pl/upload/pliki/Raport_o_stanie_gminy_2021_rok.pdf,direct_without_tor (idcom ugkamionka.bip.lubelskie.pl: mapa → kat 243 → list-ajax → detal → /upload/pliki/),0ef3ee45834c0e6b6cdfb2ce3bed04c1a724f2047464e796a4798cb4379a3252,200,2026-09-15T17:10:51Z,"Raport o stanie gminy za 2021 rok (did 1760947, kat 243, plik Raport_o_stanie_gminy_2021_rok.pdf); art. 28aa u.s.g.",0.816,true
6205,lubelskie,lubartowski,Kamionka,gmina miejsko-wiejska,0608053,2022,ok_finalnie,pdf,tekst (59 stron),https://ugkamionka.bip.lubelskie.pl/upload/pliki/3raport-o-stanie-gminy-2022.pdf,direct_without_tor (idcom ugkamionka.bip.lubelskie.pl: mapa → kat 243 → list-ajax → detal → /upload/pliki/),5315e4a3ae8d28a34ce9a96dc5ec32e8c83ec81bcab6d769a73ed5ef58543f41,200,2026-09-15T17:10:51Z,"Raport o stanie gminy za 2022 rok (did 1894257, kat 243, plik 3raport-o-stanie-gminy-2022.pdf); art. 28aa u.s.g.",2.757,true
6206,lubelskie,lubartowski,Kamionka,gmina miejsko-wiejska,0608053,2023,ok_finalnie,pdf,tekst (66 stron),https://ugkamionka.bip.lubelskie.pl/upload/pliki/raport_o_stanie_gminy_2023.pdf,direct_without_tor (idcom ugkamionka.bip.lubelskie.pl: mapa → kat 243 → list-ajax → detal → /upload/pliki/),f8653774dd621971319ea06d118c250613fdf30a4280b2ba5da36b2a7f46a1e7,200,2026-09-15T17:10:51Z,"Raport o stanie gminy za 2023 rok (did 2032210, kat 243, plik raport_o_stanie_gminy_2023.pdf); art. 28aa u.s.g.",1.621,true
6207,lubelskie,lubartowski,Kamionka,gmina miejsko-wiejska,0608053,2024,ok_finalnie,pdf,tekst (79 stron),https://ugkamionka.bip.lubelskie.pl/upload/pliki/raport_o_stanie_gminy_2024.po_poprawkach.pdf,direct_without_tor (idcom ugkamionka.bip.lubelskie.pl: mapa → kat 243 → list-ajax → detal → /upload/pliki/),860e10dce14ca5bcca90a308729ae3282b720c348d9b3411f35824cc80672852,200,2026-09-15T17:10:51Z,"Raport o stanie gminy za 2024 rok (did 2173606, kat 243, plik raport_o_stanie_gminy_2024.po_poprawkach.pdf); art. 28aa u.s.g.",5.205,true
6208,lubelskie,lubartowski,Kamionka,gmina miejsko-wiejska,0608053,2025,ok_finalnie,pdf,tekst (87 stron),https://ugkamionka.bip.lubelskie.pl/upload/pliki/raport_o_stanie_gminy_2025_poprawiony.pdf,direct_without_tor (idcom ugkamionka.bip.lubelskie.pl: mapa → kat 243 → list-ajax → detal → /upload/pliki/),333adc66b5c64daf5fee8eb7c9e170887734e38cad2de6dddd1df7108561fbc5,200,2026-09-15T17:10:51Z,"Raport o stanie gminy za 2025 rok (did 2313772, kat 243, plik raport_o_stanie_gminy_2025_poprawiony.pdf); art. 28aa u.s.g.",5.124,true
6209,lubelskie,lubartowski,Kock,gmina miejsko-wiejska,0608063,2018,ok_finalnie,docx,"tekst (docx; 158 tys. znaków; okładka: „RAPORT O STANIE GMINY KOCK ZA 2018 ROK"", Kock maj 2019)",https://umigkock.bip.lubelskie.pl/upload/pliki/24_raport_o_stanie_gminy_kock_2018.docx,direct_without_tor (idcom umigkock.bip.lubelskie.pl: kat 349 → detal did 2325102 → plik DOCX),633f2dddea62640980070160d1b996920d25900da842f30fbb2f17dbd28d3dcd,200,2026-09-15T17:21:37Z,"Raport o stanie Gminy Kock za 2018 rok (did 2325102, kat 349); art. 28aa u.s.g.; Burmistrz Miasta Kock / Urząd Miejski w Kocku, ul. Jana Pawła II 29.",2.355,true
6210,lubelskie,lubartowski,Kock,gmina miejsko-wiejska,0608063,2019,ok_finalnie,pdf,tekst (89 stron),https://umigkock.bip.lubelskie.pl/upload/pliki/21_raport_o_stanie_gminy_kock_za_2019_rok.pdf,direct_without_tor (idcom umigkock.bip.lubelskie.pl: mapa → kat 349 → list-ajax → detal → /upload/pliki/),302b4c7fda7ed681c982c1f99cad66a796ab0109fa08ef5cb2bc7a26439df20d,200,2026-09-15T17:10:51Z,"Raport o stanie gminy za 2019 rok (did 2325101, kat 349, plik 21_raport_o_stanie_gminy_kock_za_2019_rok.pdf); art. 28aa u.s.g.",3.711,true
6211,lubelskie,lubartowski,Kock,gmina miejsko-wiejska,0608063,2020,ok_finalnie,pdf,tekst (90 stron),https://umigkock.bip.lubelskie.pl/upload/pliki/16_raport_o_stanie_gminy_kock_2020_rok.pdf,direct_without_tor (idcom umigkock.bip.lubelskie.pl: mapa → kat 349 → list-ajax → detal → /upload/pliki/),1af35aa50b6495e957be588e507fb69754d845da786001670848efe092259e71,200,2026-09-15T17:10:51Z,"Raport o stanie gminy za 2020 rok (did 2325100, kat 349, plik 16_raport_o_stanie_gminy_kock_2020_rok.pdf); art. 28aa u.s.g.",4.641,true
6212,lubelskie,lubartowski,Kock,gmina miejsko-wiejska,0608063,2021,ok_finalnie,pdf,tekst (95 stron),https://umigkock.bip.lubelskie.pl/upload/pliki/15_raport_o_stanie_gminy_kock_2021_rok.pdf,direct_without_tor (idcom umigkock.bip.lubelskie.pl: mapa → kat 349 → list-ajax → detal → /upload/pliki/),96cae5a9a9928cc0a1c28caca7653943ef1b688f0aa6a7b7fb431f1bf7496793,200,2026-09-15T17:10:51Z,"Raport o stanie gminy za 2021 rok (did 2325099, kat 349, plik 15_raport_o_stanie_gminy_kock_2021_rok.pdf); art. 28aa u.s.g.",4.623,true
6213,lubelskie,lubartowski,Kock,gmina miejsko-wiejska,0608063,2022,ok_finalnie,pdf,tekst (104 stron),https://umigkock.bip.lubelskie.pl/upload/pliki/8_raport_o_stanie_gminy_kock_za_2022_rok.pdf,direct_without_tor (idcom umigkock.bip.lubelskie.pl: mapa → kat 349 → list-ajax → detal → /upload/pliki/),382577e4d2d1fa58d9db7601380226f3cd2832e11effcd7dad6f6cf292e2bfea,200,2026-09-15T17:10:51Z,"Raport o stanie gminy za 2022 rok (did 2325098, kat 349, plik 8_raport_o_stanie_gminy_kock_za_2022_rok.pdf); art. 28aa u.s.g.",3.690,true
6214,lubelskie,lubartowski,Kock,gmina miejsko-wiejska,0608063,2023,ok_finalnie,pdf,tekst (107 stron),https://umigkock.bip.lubelskie.pl/upload/pliki/6_raport_o_stanie_gminy_kock_za_2023_rok.pdf,direct_without_tor (idcom umigkock.bip.lubelskie.pl: mapa → kat 349 → list-ajax → detal → /upload/pliki/),fd1bffd624d8d1d843ba8333dee52ab501a0bb02ec9362bb8a86bcbf46e10a57,200,2026-09-15T17:10:51Z,"Raport o stanie gminy za 2023 rok (did 2325097, kat 349, plik 6_raport_o_stanie_gminy_kock_za_2023_rok.pdf); art. 28aa u.s.g.",2.644,true
6215,lubelskie,lubartowski,Kock,gmina miejsko-wiejska,0608063,2024,ok_finalnie,pdf,tekst (113 stron),https://umigkock.bip.lubelskie.pl/upload/pliki/4_raport_o_stanie_gminy_za_2024_rok.pdf,direct_without_tor (idcom umigkock.bip.lubelskie.pl: mapa → kat 349 → list-ajax → detal → /upload/pliki/),f72a37a1152a326705c96021ac301e671d108fb74784f797e5741da23f486ab7,200,2026-09-15T17:10:51Z,"Raport o stanie gminy za 2024 rok (did 2325096, kat 349, plik 4_raport_o_stanie_gminy_za_2024_rok.pdf); art. 28aa u.s.g.",2.805,true
6216,lubelskie,lubartowski,Kock,gmina miejsko-wiejska,0608063,2025,ok_finalnie,pdf,tekst (88 stron),https://umigkock.bip.lubelskie.pl/upload/pliki/1_raport_o_stanie_gminy_kock_za_2025.pdf,direct_without_tor (idcom umigkock.bip.lubelskie.pl: mapa → kat 349 → list-ajax → detal → /upload/pliki/),925bbbf000195058adefaccdfe4b6db33c3df025299c912030c3c84442d0d3e6,200,2026-09-15T17:10:51Z,"Raport o stanie gminy za 2025 rok (did 2325095, kat 349, plik 1_raport_o_stanie_gminy_kock_za_2025.pdf); art. 28aa u.s.g.",1.273,true
6217,lubelskie,lubartowski,Lubartów,gmina wiejska,0608072,2018,ok_finalnie,pdf,tekst (78 stron),https://uglubartow.bip.lubelskie.pl/upload/pliki/0Raport_za_2018_rok.pdf,direct_without_tor (idcom uglubartow.bip.lubelskie.pl: mapa → kat 391 → list-ajax → detal → /upload/pliki/),6dc4e97497d22bf1bfdeab5d231ffcd4469ea50c19748f8cac12baa8b98db58e,200,2026-09-15T17:10:51Z,"Raport o stanie gminy za 2018 rok (did 1532248, kat 391, plik 0Raport_za_2018_rok.pdf); art. 28aa u.s.g.",3.200,true
6218,lubelskie,lubartowski,Lubartów,gmina wiejska,0608072,2019,ok_finalnie,pdf,tekst (66 stron),https://uglubartow.bip.lubelskie.pl/upload/pliki/Raport_za_2019_rok.pdf,direct_without_tor (idcom uglubartow.bip.lubelskie.pl: mapa → kat 391 → list-ajax → detal → /upload/pliki/),82a6fd41382e59b45097a4c0a4bf9f1bf9c199d622326b4ccf8da597cd42bd3f,200,2026-09-15T17:10:51Z,"Raport o stanie gminy za 2019 rok (did 1532264, kat 391, plik Raport_za_2019_rok.pdf); art. 28aa u.s.g.",4.024,true
6219,lubelskie,lubartowski,Lubartów,gmina wiejska,0608072,2020,ok_finalnie,pdf,tekst (72 stron),https://uglubartow.bip.lubelskie.pl/upload/pliki/0Raport_o_stanie_Gminy_Lubartow_za_2020_rok.pdf,direct_without_tor (idcom uglubartow.bip.lubelskie.pl: mapa → kat 391 → list-ajax → detal → /upload/pliki/),594d626a9b54859818769873683116d58fbbdb70ed92da778dcc7dfa54de3ff0,200,2026-09-15T17:10:51Z,"Raport o stanie gminy za 2020 rok (did 1641117, kat 391, plik 0Raport_o_stanie_Gminy_Lubartow_za_2020_rok.pdf); art. 28aa u.s.g.",6.007,true
6220,lubelskie,lubartowski,Lubartów,gmina wiejska,0608072,2021,brak_finalnie,,,,dogłębne sprawdzenie BIP/portalu/Wayback/wyszukiwarek,,BRAK_URL (dowód istnienia — plik nieopublikowany),2026-09-15T17:32:27Z,"Raport o stanie Gminy Lubartów za 2021 rok — DOWÓD ISTNIENIA: Zarządzenie Nr 116_22 Wójta Gminy Lubartów z 26.05.2022 r. w sprawie sporządzenia raportu (did 1759873 kat 391, duplikat 1759872 kat 413; plik Zarzadzenie_nr_116_22_z_dnia_26_05_2022_r..pdf — samo zarządzenie bez załącznika). Plik raportu nieopublikowany: szukajka BIP (dokumenty) — brak dokumentu raportu 2021; warianty nazw w /upload/pliki/ → ?id=e404; Google 0 (znaleziono wyłącznie raporty 2018/2019/2020/2022/2024/2025); Wayback CDX upload — pusto. Analogicznie raport 2022 był wgrany niepodlinkowany (raport-o-stanie-gminy-za-2022-r.pdf) — plik 2021 może istnieć pod nieznaną nazwą. art. 28aa u.s.g.; Wójt Gminy Lubartów / Urząd Gminy Lubartów, ul. Lubelska 18A, 21-100 Lubartów.",,true
6221,lubelskie,lubartowski,Lubartów,gmina wiejska,0608072,2022,ok_finalnie,pdf,tekst (73 stron),https://uglubartow.bip.lubelskie.pl/upload/pliki/raport-o-stanie-gminy-za-2022-r.pdf,"direct_without_tor (idcom uglubartow.bip.lubelskie.pl; plik niepodlinkowany w BIP — odnaleziony przez wyszukiwarkę (załącznik do zarz. 115/23), weryfikacja bezpośrednia)",463e3a6b49841b580e7e116c0f0d1e952dc37b6a8a6296179e8386cbef591953,200,2026-09-15T17:23:30Z,"Raport o stanie Gminy Lubartów za 2022 rok — załącznik do Zarządzenia Nr 115/23 Wójta Gminy Lubartów z 25.05.2023 (did 1892591); art. 28aa u.s.g.; Wójt Gminy Lubartów / Urząd Gminy Lubartów, ul. Lubelska 18A, 21-100 Lubartów.",5.023,true
6222,lubelskie,lubartowski,Lubartów,gmina wiejska,0608072,2023,brak_finalnie,,,,dogłębne sprawdzenie BIP/portalu/Wayback/wyszukiwarek,,BRAK_URL (dowód istnienia — plik nieopublikowany),2026-09-15T17:32:27Z,"Raport o stanie Gminy Lubartów za 2023 rok — DOWÓD ISTNIENIA: Zarządzenie Nr 113_24 Wójta Gminy Lubartów z 29.05.2024 r. w sprawie sporządzenia raportu (did 2032402 kat 391, duplikat 2032400 kat 423; plik zarzadzenie_nr_113_24_z_dnia_29_05_2024_r.pdf — samo zarządzenie bez załącznika). Plik raportu nieopublikowany: szukajka BIP — brak; warianty nazw /upload/pliki/ → e404; Google 0; Wayback pusto. Wzorzec z 2022: raport wgrany do /upload/pliki/ niepodlinkowany — plik 2023 może istnieć pod nieznaną nazwą. art. 28aa u.s.g.; Wójt Gminy Lubartów / Urząd Gminy Lubartów, ul. Lubelska 18A, 21-100 Lubartów.",,true
6223,lubelskie,lubartowski,Lubartów,gmina wiejska,0608072,2024,ok_finalnie,pdf,tekst (72 stron),https://uglubartow.bip.lubelskie.pl/upload/pliki/0raport_o_stanie_gminy_lubartow_za_2024_rok.pdf,direct_without_tor (idcom uglubartow.bip.lubelskie.pl: mapa → kat 391 → list-ajax → detal → /upload/pliki/),4a0c3e81feb1381823354acc2f10b2aad1458ac29e06bce5faeb5d94accc0b7c,200,2026-09-15T17:10:51Z,"Raport o stanie gminy za 2024 rok (did 2173671, kat 391, plik 0raport_o_stanie_gminy_lubartow_za_2024_rok.pdf); art. 28aa u.s.g.",5.277,true
6224,lubelskie,lubartowski,Lubartów,gmina wiejska,0608072,2025,ok_finalnie,pdf,tekst (77 stron),https://uglubartow.bip.lubelskie.pl/upload/pliki/1raport_o_stanie_gminy_lubartow_za_2025_rok.pdf,direct_without_tor (idcom uglubartow.bip.lubelskie.pl: mapa → kat 391 → list-ajax → detal → /upload/pliki/),e66dbb689c2c06bb63f3d27f748192a88b0f310699a4eaaef8162ef05488e0b8,200,2026-09-15T17:10:51Z,"Raport o stanie gminy za 2025 rok (did 2314397, kat 391, plik 1raport_o_stanie_gminy_lubartow_za_2025_rok.pdf); art. 28aa u.s.g.",5.596,true
6225,lubelskie,lubartowski,Michów,gmina wiejska,0608082,2018,ok_finalnie,pdf,tekst (93 stron),https://ugmichow.bip.lubelskie.pl/upload/pliki/raport_gmina_Michow_2018_2.pdf,direct_without_tor (idcom ugmichow.bip.lubelskie.pl: mapa → kat 246 → list-ajax → detal → /upload/pliki/),544044bdaf84e4d612820f106d0a19521ec8de9f78540c13576b19c20617eaa7,200,2026-09-15T17:10:51Z,"Raport o stanie gminy za 2018 rok (did 1397160, kat 246, plik raport_gmina_Michow_2018_2.pdf); art. 28aa u.s.g.",2.682,true
6226,lubelskie,lubartowski,Michów,gmina wiejska,0608082,2019,ok_finalnie,pdf,tekst (121 stron),https://ugmichow.bip.lubelskie.pl/upload/pliki/raport_2020PDF.pdf,direct_without_tor (idcom ugmichow.bip.lubelskie.pl: mapa → kat 246 → list-ajax → detal → /upload/pliki/),1ef433217077b59130faf9d658978ace3c3d2efbac8b006cc455555bdc719068,200,2026-09-15T17:10:51Z,"Raport o stanie gminy za 2019 rok (did 1535975, kat 246, plik raport_2020PDF.pdf); art. 28aa u.s.g.",1.529,true
6227,lubelskie,lubartowski,Michów,gmina wiejska,0608082,2020,ok_finalnie,pdf,"skan (123 str.; okładka OCR: „RADA GMINY MICHÓW — Raport o Stanie gminy Michów Za rok 2020 — Wójt Gminy Michów, Urząd Gminy w Michowie; art. 28aa u.s.g."")",https://ugmichow.bip.lubelskie.pl/upload/pliki/raport_2020.pdf,direct_without_tor (idcom ugmichow.bip.lubelskie.pl: kat 246 → detal did 1643327 → /upload/pliki/) + ocr,c6c3e7acc39945b2dd6c79e0bfec84ef10df8a90e3dfb4bb4c5ef7f4e7654e96,200,2026-09-15T17:21:37Z,"Raport o stanie gminy Michów za 2020 rok (did 1643327, kat 246, plik raport_2020.pdf); art. 28aa u.s.g.; Wójt Gminy Michów / Urząd Gminy w Michowie. Skan ScanSnap bez warstwy tekstowej; rocznik z OCR okładek.",25.661,true
6228,lubelskie,lubartowski,Michów,gmina wiejska,0608082,2021,ok_finalnie,pdf,tekst (97 stron),https://ugmichow.bip.lubelskie.pl/upload/pliki/raport-za-rok-2021.pdf,direct_without_tor (idcom ugmichow.bip.lubelskie.pl: mapa → kat 246 → list-ajax → detal → /upload/pliki/),04ed163a49756e1a2313c8e02e133ccef7be6a7f09e7598ab95b3a8fe54da63e,200,2026-09-15T17:10:51Z,"Raport o stanie gminy za 2021 rok (did 1767941, kat 246, plik raport-za-rok-2021.pdf); art. 28aa u.s.g.",1.168,true
6229,lubelskie,lubartowski,Michów,gmina wiejska,0608082,2022,ok_finalnie,pdf,tekst (125 stron),https://ugmichow.bip.lubelskie.pl/upload/pliki/raport-za-2022-r.pdf,direct_without_tor (idcom ugmichow.bip.lubelskie.pl: mapa → kat 246 → list-ajax → detal → /upload/pliki/),bdad614f5aec2d4ca72130357012e1dad0c183aa8856453430d1ce37e1de4d9a,200,2026-09-15T17:10:51Z,"Raport o stanie gminy za 2022 rok (did 1894678, kat 246, plik raport-za-2022-r.pdf); art. 28aa u.s.g.",1.134,true
6230,lubelskie,lubartowski,Michów,gmina wiejska,0608082,2023,ok_finalnie,pdf,tekst (120 stron),https://ugmichow.bip.lubelskie.pl/upload/pliki/raport-za-2023.pdf,direct_without_tor (idcom ugmichow.bip.lubelskie.pl: mapa → kat 246 → list-ajax → detal → /upload/pliki/),3d3d4f2125a18b50d6978616868f698ce1621a52496bba797f3129b58adb82bc,200,2026-09-15T17:10:51Z,"Raport o stanie gminy za 2023 rok (did 2169450, kat 246, plik raport-za-2023.pdf); art. 28aa u.s.g.",1.249,true
6231,lubelskie,lubartowski,Michów,gmina wiejska,0608082,2024,ok_finalnie,pdf,tekst (142 stron),https://ugmichow.bip.lubelskie.pl/upload/pliki/raport_o_stanie_gminy_michow_2024.pdf,direct_without_tor (idcom ugmichow.bip.lubelskie.pl: mapa → kat 246 → list-ajax → detal → /upload/pliki/),b412ecc5c549afe636a52b98c96226f46a881f8954bbaab707dbbd30cea236ef,200,2026-09-15T17:10:51Z,"Raport o stanie gminy za 2024 rok (did 2171006, kat 246, plik raport_o_stanie_gminy_michow_2024.pdf); art. 28aa u.s.g.",1.918,true
6232,lubelskie,lubartowski,Michów,gmina wiejska,0608082,2025,brak_finalnie,,,,dogłębne sprawdzenie BIP/portalu/Wayback/wyszukiwarek,,BRAK_DOWODU_ISTNIENIA (niepowstały lub nieopublikowany),2026-09-15T17:32:27Z,"Raport o stanie Gminy Michów za 2025 rok — brak śladów publikacji: kat 246 „Raport o stanie Gminy Michów"" kończy się rocznikiem 2024; kat 304 (Zarządzenia Wójta 2026, n=88, przegląd pełny do 23.07.2026) NIE zawiera zarządzenia o przedstawieniu raportu (termin ustawowy: do 31.05.2026); szukajka BIP 0; portal gminamichow.pl nieosiągalny (403 direct i Tor, fetch 500); Google 0. Silna poszlaka: raport nieprzedstawiony/nieopublikowany. art. 28aa u.s.g.; Wójt Gminy Michów / Urząd Gminy Michów, ul. Rynek I 16, 21-140 Michów.",,true
6233,lubelskie,lubartowski,Niedźwiada,gmina wiejska,0608092,2018,ok_finalnie,pdf,tekst (21 stron),https://ugniedzwiada.bip.lubelskie.pl/upload/pliki/RaportOStanieGminy_2018.pdf,direct_without_tor (idcom ugniedzwiada.bip.lubelskie.pl: mapa → kat 653 → list-ajax → detal → /upload/pliki/),758c58340b783559d1ac424c222897b6383091f11e87834665c38bcd2b563ad5,200,2026-09-15T17:10:51Z,"Raport o stanie gminy za 2018 rok (did 1385873, kat 653, plik RaportOStanieGminy_2018.pdf); art. 28aa u.s.g.",0.218,true
6234,lubelskie,lubartowski,Niedźwiada,gmina wiejska,0608092,2019,ok_finalnie,pdf,tekst (54 stron),https://ugniedzwiada.bip.lubelskie.pl/upload/pliki/Raport_o_stanie_gminy_2019.pdf,direct_without_tor (idcom ugniedzwiada.bip.lubelskie.pl: mapa → kat 653 → list-ajax → detal → /upload/pliki/),be564a71dac3754abbe4cb0db398fdb9613efa03b4c4816aec19e214ec1d5e15,200,2026-09-15T17:10:51Z,"Raport o stanie gminy za 2019 rok (did 1516689, kat 653, plik Raport_o_stanie_gminy_2019.pdf); art. 28aa u.s.g.",8.231,true
6235,lubelskie,lubartowski,Niedźwiada,gmina wiejska,0608092,2020,ok_finalnie,pdf,tekst (52 stron),https://ugniedzwiada.bip.lubelskie.pl/upload/pliki/0Raport_glowny_o_stanie_GN_2020.pdf,direct_without_tor (idcom ugniedzwiada.bip.lubelskie.pl: mapa → kat 653 → list-ajax → detal → /upload/pliki/),c50136ca4f3b110db995bbae6b5732fce4aa305e11b6f3a7cb7d37fe6bde1042,200,2026-09-15T17:10:51Z,"Raport o stanie gminy za 2020 rok (did 1641277, kat 653, plik 0Raport_glowny_o_stanie_GN_2020.pdf); art. 28aa u.s.g.",5.337,true
6236,lubelskie,lubartowski,Niedźwiada,gmina wiejska,0608092,2021,ok_finalnie,pdf,tekst (60 stron),https://ugniedzwiada.bip.lubelskie.pl/upload/pliki/Raport_o_stanie_GN_2021.pdf,direct_without_tor (idcom ugniedzwiada.bip.lubelskie.pl: mapa → kat 653 → list-ajax → detal → /upload/pliki/),a0946a4dff4e055ee4461300be207ba59ee07e606506a06db6e8725d4b251b62,200,2026-09-15T17:10:51Z,"Raport o stanie gminy za 2021 rok (did 1759071, kat 653, plik Raport_o_stanie_GN_2021.pdf); art. 28aa u.s.g.",12.230,true
6237,lubelskie,lubartowski,Niedźwiada,gmina wiejska,0608092,2022,ok_finalnie,pdf,tekst (92 stron),https://ugniedzwiada.bip.lubelskie.pl/upload/pliki/raport-o-stanie-gminy-za-rok-2022.pdf,direct_without_tor (idcom ugniedzwiada.bip.lubelskie.pl: mapa → kat 653 → list-ajax → detal → /upload/pliki/),51dadd055a80cc3b536c0940a621a6eefb4e47286caa71cd6afb472e4fd60230,200,2026-09-15T17:10:51Z,"Raport o stanie gminy za 2022 rok (did 1889438, kat 653, plik raport-o-stanie-gminy-za-rok-2022.pdf); art. 28aa u.s.g.",7.922,true
6238,lubelskie,lubartowski,Niedźwiada,gmina wiejska,0608092,2023,ok_finalnie,pdf,tekst (100 stron),https://ugniedzwiada.bip.lubelskie.pl/upload/pliki/raport_o_stanie_gminy_za_2023_rok.pdf,direct_without_tor (idcom ugniedzwiada.bip.lubelskie.pl: mapa → kat 653 → list-ajax → detal → /upload/pliki/),a95b0605bdda45047d2f1f7e1f2f2c1ec6ac6609aad1d36fc493470e8eb47ffe,200,2026-09-15T17:10:51Z,"Raport o stanie gminy za 2023 rok (did 2030544, kat 653, plik raport_o_stanie_gminy_za_2023_rok.pdf); art. 28aa u.s.g.",13.857,true
6239,lubelskie,lubartowski,Niedźwiada,gmina wiejska,0608092,2024,ok_finalnie,pdf,tekst (98 stron),https://ugniedzwiada.bip.lubelskie.pl/upload/pliki/raport_o_stanie_gminy_2024.pdf,direct_without_tor (idcom ugniedzwiada.bip.lubelskie.pl: mapa → kat 653 → list-ajax → detal → /upload/pliki/),720fa89a6ede0c87e3f035aa85d719efb84f9bcf292667616673d1f3b6a0719b,200,2026-09-15T17:10:51Z,"Raport o stanie gminy za 2024 rok (did 2167433, kat 653, plik raport_o_stanie_gminy_2024.pdf); art. 28aa u.s.g.",14.254,true
6240,lubelskie,lubartowski,Niedźwiada,gmina wiejska,0608092,2025,ok_finalnie,pdf,tekst (110 stron),https://ugniedzwiada.bip.lubelskie.pl/upload/pliki/raport_o_stanie_gminy_2025.pdf,direct_without_tor (idcom ugniedzwiada.bip.lubelskie.pl: mapa → kat 653 → list-ajax → detal → /upload/pliki/),81bbdc5c96cd980e6f13aeb189e7b5edd24f5011493e832797ed1fc5700b538b,200,2026-09-15T17:10:51Z,"Raport o stanie gminy za 2025 rok (did 2310949, kat 653, plik raport_o_stanie_gminy_2025.pdf); art. 28aa u.s.g.",17.978,true
6241,lubelskie,lubartowski,Ostrów Lubelski,gmina miejsko-wiejska,0608103,2018,ok_finalnie,pdf,tekst (54 stron),https://umigostrowlubelski.bip.lubelskie.pl/upload/pliki/0RAPORT_GMINA_2018-OK.pdf,direct_without_tor (idcom umigostrowlubelski.bip.lubelskie.pl: mapa → kat 339 → list-ajax → detal → /upload/pliki/),0230c8942f11995c362a8505bdbd5540039f678f03182ccb14628a79366a3b4f,200,2026-09-15T17:10:51Z,"Raport o stanie gminy za 2018 rok (did 1655022, kat 339, plik 0RAPORT_GMINA_2018-OK.pdf); art. 28aa u.s.g.",8.529,true
6242,lubelskie,lubartowski,Ostrów Lubelski,gmina miejsko-wiejska,0608103,2019,ok_finalnie,pdf,tekst (84 stron),https://umigostrowlubelski.bip.lubelskie.pl/upload/pliki/0RAPORT_O_STANIE_GMINY_2019.pdf,direct_without_tor (idcom umigostrowlubelski.bip.lubelskie.pl: mapa → kat 326 → list-ajax → detal → /upload/pliki/),bfa07b7a382f8ab3c5eaab75846378db1ce933ed23a1ead802e34abe7cbf5048,200,2026-09-15T17:10:51Z,"Raport o stanie gminy za 2019 rok (did 1530786, kat 326, plik 0RAPORT_O_STANIE_GMINY_2019.pdf); art. 28aa u.s.g.",2.988,true
6243,lubelskie,lubartowski,Ostrów Lubelski,gmina miejsko-wiejska,0608103,2020,ok_finalnie,pdf,tekst (100 stron),https://umigostrowlubelski.bip.lubelskie.pl/upload/pliki/raport_20202222ostateczny.pdf,direct_without_tor (idcom umigostrowlubelski.bip.lubelskie.pl: mapa → kat 331 → list-ajax → detal → /upload/pliki/),a3f53886e58515cc9b062b4b123d9d2a7a181b1d9877556a1187b9b555ac7895,200,2026-09-15T17:10:51Z,"Raport o stanie gminy za 2020 rok (did 1641526, kat 331, plik raport_20202222ostateczny.pdf); art. 28aa u.s.g.",30.930,true
6244,lubelskie,lubartowski,Ostrów Lubelski,gmina miejsko-wiejska,0608103,2021,ok_finalnie,pdf,tekst (132 stron),https://umigostrowlubelski.bip.lubelskie.pl/upload/pliki/0raport_2021_1_05.pdf,direct_without_tor (idcom umigostrowlubelski.bip.lubelskie.pl: mapa → kat 353 → list-ajax → detal → /upload/pliki/),ef306be8b038e8d72297dc1964e9c2e127808f831eca64473dc58569bc5b8366,200,2026-09-15T17:10:51Z,"Raport o stanie gminy za 2021 rok (did 1760847, kat 353, plik 0raport_2021_1_05.pdf); art. 28aa u.s.g.",15.402,true
6245,lubelskie,lubartowski,Ostrów Lubelski,gmina miejsko-wiejska,0608103,2022,ok_finalnie,pdf,tekst (121 stron),https://umigostrowlubelski.bip.lubelskie.pl/upload/pliki/raport-o-stanie-gminy-za-2022-rok.pdf,direct_without_tor (idcom umigostrowlubelski.bip.lubelskie.pl: mapa → kat 366 → list-ajax → detal → /upload/pliki/),b80ab53743c74ca5eaad4d32abd327de42b809610316df08cb3363fdc45e5560,200,2026-09-15T17:10:51Z,"Raport o stanie gminy za 2022 rok (did 1894532, kat 366, plik raport-o-stanie-gminy-za-2022-rok.pdf); art. 28aa u.s.g.",11.721,true
6246,lubelskie,lubartowski,Ostrów Lubelski,gmina miejsko-wiejska,0608103,2023,ok_finalnie,pdf,tekst (101 stron),https://umigostrowlubelski.bip.lubelskie.pl/upload/pliki/raport_o_stanie_gminy_za_2023.pdf,direct_without_tor (idcom umigostrowlubelski.bip.lubelskie.pl: mapa → kat 392 → list-ajax → detal → /upload/pliki/),a64e3f85e6d29e1cfbc697bbd3116d7f899a561b44dece75cfa9de3569fedf73,200,2026-09-15T17:10:51Z,"Raport o stanie gminy za 2023 rok (did 2032916, kat 392, plik raport_o_stanie_gminy_za_2023.pdf); art. 28aa u.s.g.",8.663,true
6247,lubelskie,lubartowski,Ostrów Lubelski,gmina miejsko-wiejska,0608103,2024,ok_finalnie,pdf,tekst (104 stron),https://umigostrowlubelski.bip.lubelskie.pl/upload/pliki/raport_za2024.pdf,direct_without_tor (idcom umigostrowlubelski.bip.lubelskie.pl: mapa → kat 413 → list-ajax → detal → /upload/pliki/),5831b9cae26a12ba719a8352e34f8397b16df560bd3ce2d43c9a52a282f3e5a8,200,2026-09-15T17:10:51Z,"Raport o stanie gminy za 2024 rok (did 2173708, kat 413, plik raport_za2024.pdf); art. 28aa u.s.g.",113.368,true
6248,lubelskie,lubartowski,Ostrów Lubelski,gmina miejsko-wiejska,0608103,2025,ok_finalnie,pdf,tekst (101 stron),https://umigostrowlubelski.bip.lubelskie.pl/upload/pliki/raport_2025-9.pdf,direct_without_tor (idcom umigostrowlubelski.bip.lubelskie.pl: mapa → kat 420 → list-ajax → detal → /upload/pliki/),eef846af5d3cb97f703cf8fe1ff7bf72e4ca2f4041a74dc7610da2935572ce35,200,2026-09-15T17:10:51Z,"Raport o stanie gminy za 2025 rok (did 2314039, kat 420, plik raport_2025-9.pdf); art. 28aa u.s.g.",35.739,true
6249,lubelskie,lubartowski,Ostrówek,gmina wiejska,0608112,2018,ok_finalnie,pdf,tekst (46 stron),https://ugostrowek.bip.lubelskie.pl/upload/pliki/2018-raport-o-stanie-gminy-ostrowek-za-rok-2018-r.pdf,direct_without_tor (idcom ugostrowek.bip.lubelskie.pl: mapa → kat 295 → list-ajax → detal → /upload/pliki/),dd61fc3619eefbbd27dc2d135f02548e623f3653aa0b1232a2565a24169b0f0d,200,2026-09-15T17:10:51Z,"Raport o stanie gminy za 2018 rok (did 1786674, kat 295, plik 2018-raport-o-stanie-gminy-ostrowek-za-rok-2018-r.pdf); art. 28aa u.s.g.",5.123,true
6250,lubelskie,lubartowski,Ostrówek,gmina wiejska,0608112,2019,ok_finalnie,pdf,tekst (73 stron),https://ugostrowek.bip.lubelskie.pl/upload/pliki/2019-raport-o-stanie-gminy-za-2019-rok.pdf,direct_without_tor (idcom ugostrowek.bip.lubelskie.pl: mapa → kat 295 → list-ajax → detal → /upload/pliki/),57c05e0180b210229522929a36287e4c9f0e8ba6d4e784ee7dd4b170811a245e,200,2026-09-15T17:10:51Z,"Raport o stanie gminy za 2019 rok (did 1786679, kat 295, plik 2019-raport-o-stanie-gminy-za-2019-rok.pdf); art. 28aa u.s.g.",6.562,true
6251,lubelskie,lubartowski,Ostrówek,gmina wiejska,0608112,2020,ok_finalnie,pdf,tekst (76 stron),https://ugostrowek.bip.lubelskie.pl/upload/pliki/2020-raport-o-stanie-gminy-2020.pdf,direct_without_tor (idcom ugostrowek.bip.lubelskie.pl: mapa → kat 295 → list-ajax → detal → /upload/pliki/),efb927264aff50c8d8a1e2a2a759cfe13d6f1eda7cdbffbf2609020b45ab9215,200,2026-09-15T17:10:51Z,"Raport o stanie gminy za 2020 rok (did 1786683, kat 295, plik 2020-raport-o-stanie-gminy-2020.pdf); art. 28aa u.s.g.",6.641,true
6252,lubelskie,lubartowski,Ostrówek,gmina wiejska,0608112,2021,ok_finalnie,pdf,tekst (74 stron),https://ugostrowek.bip.lubelskie.pl/upload/pliki/2021-raport-o-stanie-gminy-2021.pdf,direct_without_tor (idcom ugostrowek.bip.lubelskie.pl: mapa → kat 295 → list-ajax → detal → /upload/pliki/),e00016697276ade2c56ea80a7b6ce87ef085fc3d088d898f40177596db1486ca,200,2026-09-15T17:10:51Z,"Raport o stanie gminy za 2021 rok (did 1786686, kat 295, plik 2021-raport-o-stanie-gminy-2021.pdf); art. 28aa u.s.g.",6.546,true
6253,lubelskie,lubartowski,Ostrówek,gmina wiejska,0608112,2022,ok_finalnie,pdf,tekst (75 stron),https://ugostrowek.bip.lubelskie.pl/upload/pliki/1raport-o-stanie-gminy-2022.pdf,direct_without_tor (idcom ugostrowek.bip.lubelskie.pl: mapa → kat 295 → list-ajax → detal → /upload/pliki/),10238675a339f1f30bd66dcfa5cb98c21f49aa5ccbfd33d726e1b0434fa08662,200,2026-09-15T17:10:51Z,"Raport o stanie gminy za 2022 rok (did 1889310, kat 295, plik 1raport-o-stanie-gminy-2022.pdf); art. 28aa u.s.g.",7.550,true
6254,lubelskie,lubartowski,Ostrówek,gmina wiejska,0608112,2023,ok_finalnie,pdf,tekst (48 stron),https://ugostrowek.bip.lubelskie.pl/upload/pliki/0raport_o_stanie_gminy_ostrowek_2023_rok.pdf,direct_without_tor (idcom ugostrowek.bip.lubelskie.pl: mapa → kat 295 → list-ajax → detal → /upload/pliki/),4af4c9b04382d7e1ced12ae8f1b1a45dd62690c2ff2d7b87be523560f7b234a8,200,2026-09-15T17:10:51Z,"Raport o stanie gminy za 2023 rok (did 2030146, kat 295, plik 0raport_o_stanie_gminy_ostrowek_2023_rok.pdf); art. 28aa u.s.g.",3.373,true
6255,lubelskie,lubartowski,Ostrówek,gmina wiejska,0608112,2024,ok_finalnie,pdf,tekst (58 stron),https://ugostrowek.bip.lubelskie.pl/upload/pliki/raport_o_stanie_gminy_ostrowek_za_2024_rok.pdf,direct_without_tor (idcom ugostrowek.bip.lubelskie.pl: mapa → kat 295 → list-ajax → detal → /upload/pliki/),ea5a8c533d7fa279d2f1223ca513acdf7fc838cf00456d0d11f8f0b9066b049b,200,2026-09-15T17:10:51Z,"Raport o stanie gminy za 2024 rok (did 2172528, kat 295, plik raport_o_stanie_gminy_ostrowek_za_2024_rok.pdf); art. 28aa u.s.g.",2.669,true
6256,lubelskie,lubartowski,Ostrówek,gmina wiejska,0608112,2025,ok_finalnie,pdf,tekst (66 stron),https://ugostrowek.bip.lubelskie.pl/upload/pliki/0raport_o_stanie_gminy_ostrowek_za_2025_r.pdf,direct_without_tor (idcom ugostrowek.bip.lubelskie.pl: mapa → kat 295 → list-ajax → detal → /upload/pliki/),ca5a80ae9fc0ce9ec6c8865a9bc625463938a8be9767a17223e7a3fd50408043,200,2026-09-15T17:10:51Z,"Raport o stanie gminy za 2025 rok (did 2312831, kat 295, plik 0raport_o_stanie_gminy_ostrowek_za_2025_r.pdf); art. 28aa u.s.g.",4.249,true
6257,lubelskie,lubartowski,Serniki,gmina wiejska,0608122,2018,ok_finalnie,pdf,"skan (94 str.; okladka OCR: „ZARZĄDZENIE NR 58/2019 WÓJTA GMINY SERNIKI z dnia 29 maja 2019 r. w sprawie przedstawienia raportu o stanie Gminy Serniki za rok 2018 Na podstawie art. 28aa ust. | ustawy z dnia 8 "")",https://ugserniki.e-biuletyn.pl/upload/pliki//RAPORT_SERNIKI_2018.pdf,direct_without_tor (e-biuletyn ugserniki.e-biuletyn.pl: mapa → kat 418 → pobierz_dokumenty_ajax → detal → /upload/pliki/),542addd62cb83ac669e4848326dac8223fb5fef0a2380651cdfed3a1fc84ebd7,200,2026-09-15T17:10:51Z,"Raport o stanie gminy za 2018 rok (did 78928, kat 418, plik /RAPORT_SERNIKI_2018.pdf); art. 28aa u.s.g.",40.433,true
6258,lubelskie,lubartowski,Serniki,gmina wiejska,0608122,2019,ok_finalnie,pdf,"skan (75 str.; okladka OCR: „ZARZĄDZENIE NR 36/2020 WOJTA GMINY SERNIKI z dnia 28 maja 2020 r. w sprawie przedstawienia raportu o stanie Gminy Serniki za rok 2019 Na podstawie art. 28aa ust. 1 ustawy z dnia 8 "")",https://ugserniki.e-biuletyn.pl/upload/pliki/Raport_o_stanie_Gmminy_za_2019r..pdf,direct_without_tor (e-biuletyn ugserniki.e-biuletyn.pl: mapa → kat 418 → pobierz_dokumenty_ajax → detal → /upload/pliki/),0e4bf4736ca3f427082dd2c7eb26d8ba28249c61a91abafb52557f2815bc61c2,200,2026-09-15T17:10:51Z,"Raport o stanie gminy za 2019 rok (did 172699, kat 418, plik Raport_o_stanie_Gmminy_za_2019r..pdf); art. 28aa u.s.g.",31.295,true
6259,lubelskie,lubartowski,Serniki,gmina wiejska,0608122,2020,ok_finalnie,pdf,tekst (73 stron),https://ugserniki.e-biuletyn.pl/upload/pliki/RAPORT_SERNIKI_2020.pdf,direct_without_tor (e-biuletyn ugserniki.e-biuletyn.pl: mapa → kat 418 → pobierz_dokumenty_ajax → detal → /upload/pliki/),e1e5a441d45943e47324eb49afb152e4e07f234a85868a9403db0b062d82217e,200,2026-09-15T17:10:51Z,"Raport o stanie gminy za 2020 rok (did 189698, kat 418, plik RAPORT_SERNIKI_2020.pdf); art. 28aa u.s.g.",1.581,true
6260,lubelskie,lubartowski,Serniki,gmina wiejska,0608122,2021,ok_finalnie,pdf,tekst (78 stron),https://ugserniki.e-biuletyn.pl/upload/pliki/RAPORT_SERNIKI_2022.pdf,direct_without_tor (e-biuletyn ugserniki.e-biuletyn.pl: mapa → kat 418 → pobierz_dokumenty_ajax → detal → /upload/pliki/),19c0b8ef72a25a217196ec5c06e3d383466885989470d06b4b0be8c6431d3336,200,2026-09-15T17:10:51Z,"Raport o stanie gminy za 2021 rok (did 240848, kat 418, plik RAPORT_SERNIKI_2022.pdf); art. 28aa u.s.g.",4.389,true
6261,lubelskie,lubartowski,Serniki,gmina wiejska,0608122,2022,ok_finalnie,pdf,tekst (71 stron),https://ugserniki.e-biuletyn.pl/upload/pliki/RAPORT_SERNIKI_2023.pdf,direct_without_tor (e-biuletyn ugserniki.e-biuletyn.pl: mapa → kat 418 → pobierz_dokumenty_ajax → detal → /upload/pliki/),d3a9f3555a15cac3f217af80bb1c7aea76639fd3fdda0ff2e87a58cbcb932a50,200,2026-09-15T17:10:51Z,"Raport o stanie gminy za 2022 rok (did 253307, kat 418, plik RAPORT_SERNIKI_2023.pdf); art. 28aa u.s.g.",2.166,true
6262,lubelskie,lubartowski,Serniki,gmina wiejska,0608122,2023,ok_finalnie,pdf,tekst (80 stron),https://ugserniki.e-biuletyn.pl/upload/pliki/RAPORT_SERNIKI_2024-sig.pdf,direct_without_tor (e-biuletyn ugserniki.e-biuletyn.pl: mapa → kat 418 → pobierz_dokumenty_ajax → detal → /upload/pliki/),71462dd97788cb400cc39e98211853a0d2e4a260ecfee864c5e9eb3b83f63bb0,200,2026-09-15T17:10:51Z,"Raport o stanie gminy za 2023 rok (did 266960, kat 418, plik RAPORT_SERNIKI_2024-sig.pdf); art. 28aa u.s.g.",3.689,true
6263,lubelskie,lubartowski,Serniki,gmina wiejska,0608122,2024,ok_finalnie,pdf,tekst (96 stron),https://ugserniki.e-biuletyn.pl/upload/pliki/RAPORT_SERNIKI_2025.pdf,direct_without_tor (e-biuletyn ugserniki.e-biuletyn.pl: mapa → kat 418 → pobierz_dokumenty_ajax → detal → /upload/pliki/),7cfed75731ad1b27bb544b520e03a1b49b70d76ca0eff2e1d93633bee43cd1e2,200,2026-09-15T17:10:51Z,"Raport o stanie gminy za 2024 rok (did 280313, kat 418, plik RAPORT_SERNIKI_2025.pdf); art. 28aa u.s.g.",3.919,true
6264,lubelskie,lubartowski,Serniki,gmina wiejska,0608122,2025,ok_finalnie,pdf,tekst (100 stron),https://ugserniki.e-biuletyn.pl/upload/pliki/2RAPORT_SERNIKI_2025.pdf,direct_without_tor (e-biuletyn ugserniki.e-biuletyn.pl: mapa → kat 418 → pobierz_dokumenty_ajax → detal → /upload/pliki/),7cc374e17a6db865ec0d83ae68173e8d160fa17e7fdd37efaf86dee1854826eb,200,2026-09-15T17:10:51Z,"Raport o stanie gminy za 2025 rok (did 292501, kat 418, plik 2RAPORT_SERNIKI_2025.pdf); art. 28aa u.s.g.",3.984,true
6265,lubelskie,lubartowski,Uścimów,gmina wiejska,0608132,2018,brak_finalnie,,,,dogłębne sprawdzenie BIP/portalu/Wayback/wyszukiwarek,,BRAK_DOWODU_ISTNIENIA (niepowstały lub nieopublikowany),2026-09-15T17:32:27Z,"Raport o stanie gminy Uścimów za 2018 rok — brak śladów: BIP ugwuscimow.bip.lubelskie.pl kat 588 „Raport o stanie gminy"" zawiera dopiero roczniki 2020–2025 (dokumenty dodane 2021–2025); kat Aktualności 140 (n=10, stare 2008–2010) i Zarządzenia (145/456/407) bez raportów; Wayback CDX domeny: tylko raporty 2021/2023; Google 0. Publikacja raportów rozpoczęta od rocznika 2020. art. 28aa u.s.g.; Wójt Gminy Uścimów / Urząd Gminy Uścimów.",,true
6266,lubelskie,lubartowski,Uścimów,gmina wiejska,0608132,2019,brak_finalnie,,,,dogłębne sprawdzenie BIP/portalu/Wayback/wyszukiwarek,,BRAK_DOWODU_ISTNIENIA (niepowstały lub nieopublikowany),2026-09-15T17:32:27Z,Raport o stanie gminy Uścimów za 2019 rok — jak 2018: kat 588 od rocznika 2020; zarządzenia/aktualności bez pozycji raportowych; Wayback tylko 2021/2023; Google 0. art. 28aa u.s.g.; Wójt Gminy Uścimów / Urząd Gminy Uścimów.,,true
6267,lubelskie,lubartowski,Uścimów,gmina wiejska,0608132,2020,ok_finalnie,pdf,tekst (42 stron),https://uguscimow.bip.lubelskie.pl/upload/pliki/raport_gminy_za_2020_rok.pdf,direct_without_tor (idcom uguscimow.bip.lubelskie.pl: mapa → kat 588 → list-ajax → detal → /upload/pliki/),27951cedfb18102ecc300c3a22f9fdfe7285336e7f6bcfa3afb67fb687e2a835,200,2026-09-15T17:10:51Z,"Raport o stanie gminy za 2020 rok (did 2314386, kat 588, plik raport_gminy_za_2020_rok.pdf); art. 28aa u.s.g.",0.657,true
6268,lubelskie,lubartowski,Uścimów,gmina wiejska,0608132,2021,ok_finalnie,pdf,tekst (51 stron),https://uguscimow.bip.lubelskie.pl/upload/pliki/raport_gminy_za_2021_rok.pdf,direct_without_tor (idcom uguscimow.bip.lubelskie.pl: mapa → kat 588 → list-ajax → detal → /upload/pliki/),ddf25e529cafe99ce41f59bb67b8ce547aff60db53ba132b61a4d15a9f4bb493,200,2026-09-15T17:10:51Z,"Raport o stanie gminy za 2021 rok (did 2314383, kat 588, plik raport_gminy_za_2021_rok.pdf); art. 28aa u.s.g.",0.851,true
6269,lubelskie,lubartowski,Uścimów,gmina wiejska,0608132,2022,ok_finalnie,pdf,tekst (51 stron),https://uguscimow.bip.lubelskie.pl/upload/pliki/raport_gminy_za_2022_rok.pdf,direct_without_tor (idcom uguscimow.bip.lubelskie.pl: mapa → kat 588 → list-ajax → detal → /upload/pliki/),869e345fb0db690e06d834d4e76c6f199b4530b2435ba8d1e36ea9fd12021a4c,200,2026-09-15T17:10:51Z,"Raport o stanie gminy za 2022 rok (did 2314378, kat 588, plik raport_gminy_za_2022_rok.pdf); art. 28aa u.s.g.",0.795,true
6270,lubelskie,lubartowski,Uścimów,gmina wiejska,0608132,2023,ok_finalnie,pdf,tekst (62 stron),https://uguscimow.bip.lubelskie.pl/upload/pliki/0raport_gminy_za_2023_rok.pdf,direct_without_tor (idcom uguscimow.bip.lubelskie.pl: mapa → kat 588 → list-ajax → detal → /upload/pliki/),072139c7a6f59bebb650cccb6dadde86e7ea18d28de8b4414cfe82bfeb41ceb6,200,2026-09-15T17:10:51Z,"Raport o stanie gminy za 2023 rok (did 2314370, kat 588, plik 0raport_gminy_za_2023_rok.pdf); art. 28aa u.s.g.",2.216,true
6271,lubelskie,lubartowski,Uścimów,gmina wiejska,0608132,2024,ok_finalnie,pdf,tekst (60 stron),https://uguscimow.bip.lubelskie.pl/upload/pliki/raport_za_2024_r.pdf,direct_without_tor (idcom uguscimow.bip.lubelskie.pl: mapa → kat 588 → list-ajax → detal → /upload/pliki/),ce69b26df9194635a087fc1d8c56c959351c638cf9afc5eabcf9df3725e5c01d,200,2026-09-15T17:10:51Z,"Raport o stanie gminy za 2024 rok (did 2314371, kat 588, plik raport_za_2024_r.pdf); art. 28aa u.s.g.",1.771,true
6272,lubelskie,lubartowski,Uścimów,gmina wiejska,0608132,2025,ok_finalnie,pdf,tekst (70 stron),https://uguscimow.bip.lubelskie.pl/upload/pliki/raport_2025.pdf,direct_without_tor (idcom uguscimow.bip.lubelskie.pl: mapa → kat 588 → list-ajax → detal → /upload/pliki/),86bfeadc309a50e94b65d89f4fe64204317714b473b5ef5d9197de35c44d9556,200,2026-09-15T17:10:51Z,"Raport o stanie gminy za 2025 rok (did 2324932, kat 588, plik raport_2025.pdf); art. 28aa u.s.g.",5.119,true
6273,lubelskie,lubelski,-,-,0609,2018,ok_finalnie,pdf,tekst (80 stron),https://splublin.bip.lubelskie.pl/upload/pliki/3RAPORT_O_STANIE_POWIATU_LUBELSKIEGO.pdf,direct_without_tor (idcom splublin.bip.lubelskie.pl: kat 579 → detal did 1398593 → /upload/pliki/),49ff7f6ceeb50dc1b9b3180c9b8c98343d77cf885a4ee0203ef99c57349f568b,200,2026-09-15T20:29:59Z,"Raport o stanie Powiatu Lubelskiego za rok 2018 (did 1398593, RoSG powiatu lubelskiego); art. 30a u.s.p.; organ: Starosta Lubelski / Zarząd Powiatu Lubelskiego",0.767,true
6274,lubelskie,lubelski,-,-,0609,2019,ok_finalnie,pdf,tekst (95 stron),https://splublin.bip.lubelskie.pl/upload/pliki/0Raport_o_stanie_Powiatu_Lubelskiego_za_2019_r..pdf,direct_without_tor (idcom splublin.bip.lubelskie.pl: kat 585 → detal did 1511429 → /upload/pliki/),618c3d2bd379459746fff9bcbd79da6441d2aab1dcbd45d37771463d210119e8,200,2026-09-15T20:29:59Z,"Raport o stanie Powiatu Lubelskiego za rok 2019 (did 1511429, RoSG powiatu lubelskiego); art. 30a u.s.p.; organ: Starosta Lubelski / Zarząd Powiatu Lubelskiego",1.149,true
6275,lubelskie,lubelski,-,-,0609,2020,ok_finalnie,pdf,tekst (96 stron),https://splublin.bip.lubelskie.pl/upload/pliki/Raport_o_stanie_Powiatu_Lubelskiego_za_2020_r.pdf,direct_without_tor (idcom splublin.bip.lubelskie.pl: kat 611 → detal did 1635118 → /upload/pliki/),467ae2f5d2fc7022fc5a2eca9812f5c32d76a64bad2c1308945ae7175b9be9ff,200,2026-09-15T20:29:59Z,"Raport o stanie Powiatu Lubelskiego za rok 2020 (did 1635118, RoSG powiatu lubelskiego); art. 30a u.s.p.; organ: Starosta Lubelski / Zarząd Powiatu Lubelskiego",1.171,true
6276,lubelskie,lubelski,-,-,0609,2021,ok_finalnie,pdf,tekst (143 stron),https://splublin.bip.lubelskie.pl/upload/pliki/Raport_o_stanie_Powiatu_Lubelskiego_za_2021_r..pdf,direct_without_tor (idcom splublin.bip.lubelskie.pl: kat 614 → detal did 1757585 → /upload/pliki/),7d3848e320a6b0eb8005bc52f35758b9235092d7aae9e96fdd456f219309972e,200,2026-09-15T20:29:59Z,"Raport o stanie Powiatu Lubelskiego za rok 2021 (did 1757585, RoSG powiatu lubelskiego); art. 30a u.s.p.; organ: Starosta Lubelski / Zarząd Powiatu Lubelskiego",2.163,true
6277,lubelskie,lubelski,-,-,0609,2022,ok_finalnie,pdf,tekst (130 stron),https://splublin.bip.lubelskie.pl/upload/pliki/0raport-o-stanie-powiatu-lubelskiego-za-2022-r.pdf,direct_without_tor (idcom splublin.bip.lubelskie.pl: kat 622 → detal did 1889366 → /upload/pliki/),5d13b156742a0a0a42781048c3deeab780e782a363fbf01589c46ae6c5720080,200,2026-09-15T20:29:59Z,"Raport o stanie Powiatu Lubelskiego za rok 2022 (did 1889366, RoSG powiatu lubelskiego); art. 30a u.s.p.; organ: Starosta Lubelski / Zarząd Powiatu Lubelskiego",2.052,true
6278,lubelskie,lubelski,-,-,0609,2023,ok_finalnie,pdf,tekst (126 stron),https://splublin.bip.lubelskie.pl/upload/pliki/raport_za_2023r.pdf,direct_without_tor (idcom splublin.bip.lubelskie.pl: kat 627 → detal did 2029302 → /upload/pliki/),725e194767fad386a4f9257757099be65e957c927694b9a275d231b3c9fba47c,200,2026-09-15T20:29:59Z,"Raport o stanie Powiatu Lubelskiego za rok 2023 (did 2029302, RoSG powiatu lubelskiego); art. 30a u.s.p.; organ: Starosta Lubelski / Zarząd Powiatu Lubelskiego",2.145,true
6279,lubelskie,lubelski,-,-,0609,2024,ok_finalnie,pdf,tekst (153 stron),https://splublin.bip.lubelskie.pl/upload/pliki/1raport_za_2024_r.pdf,direct_without_tor (idcom splublin.bip.lubelskie.pl: kat 638 → detal did 2169605 → /upload/pliki/),09a46fd3b7d8fdb4fd0cf33d1d990cf44a9ec762c6418b9ac4ee2453be32587b,200,2026-09-15T20:29:59Z,"Raport o stanie Powiatu Lubelskiego za rok 2024 (did 2169605, RoSG powiatu lubelskiego); art. 30a u.s.p.; organ: Starosta Lubelski / Zarząd Powiatu Lubelskiego",2.501,true
6280,lubelskie,lubelski,-,-,0609,2025,ok_finalnie,pdf,tekst (151 stron),https://splublin.bip.lubelskie.pl/upload/pliki/raport_za_2025_r._na_zarzad.docx_.pdf,direct_without_tor (idcom splublin.bip.lubelskie.pl: kat 650 → detal did 2309381 → /upload/pliki/),cc3a6fa94f48cae38608d62e72df4bf01572cf24e9b73a6f38312aa7b13c8ee2,200,2026-09-15T20:29:59Z,"Raport o stanie Powiatu Lubelskiego za rok 2025 (did 2309381, RoSG powiatu lubelskiego); art. 30a u.s.p.; organ: Starosta Lubelski / Zarząd Powiatu Lubelskiego",8.080,true
6281,lubelskie,lubelski,Bełżyce,gmina miejsko-wiejska,0609013,2018,ok_finalnie,pdf,tekst (73 stron),https://umbelzyce.bip.lubelskie.pl/upload/pliki/RAPORT_gminy_belzyce4cc.pdf,direct_without_tor (idcom umbelzyce.bip.lubelskie.pl: kat 85 → detal did 1397341 → /upload/pliki/),b39e643c98cfbfcda88117d50793386220fba49d4ef034b5396a585c0853703e,200,2026-09-15T20:29:59Z,"Raport o stanie gminy za 2018 rok (did 1397341, kat 85); art. 28aa u.s.g.",0.438,true
6282,lubelskie,lubelski,Bełżyce,gmina miejsko-wiejska,0609013,2019,ok_finalnie,pdf,tekst (85 stron),https://umbelzyce.bip.lubelskie.pl/upload/pliki/RAPORT_gminy_belzyce2019.pdf,direct_without_tor (idcom umbelzyce.bip.lubelskie.pl: kat 85 → detal did 1512884 → /upload/pliki/),c58d816e9f16cedb97467f605e82e54bdbb0707ade95ac0759475e01c8ba4689,200,2026-09-15T20:29:59Z,"Raport o stanie gminy za 2019 rok (did 1512884, kat 85); art. 28aa u.s.g.",2.430,true
6283,lubelskie,lubelski,Bełżyce,gmina miejsko-wiejska,0609013,2020,ok_finalnie,pdf,tekst (59 stron),https://umbelzyce.bip.lubelskie.pl/upload/pliki/RAPORT_gminy2020.pdf,direct_without_tor (idcom umbelzyce.bip.lubelskie.pl: kat 85 → detal did 1632238 → /upload/pliki/),34ecbd01e9b3cd428cd94b484f88a14c7ee1e671019083223ac7fc096395cb36,200,2026-09-15T20:29:59Z,"Raport o stanie gminy za 2020 rok (did 1632238, kat 85); art. 28aa u.s.g.",7.474,true
6284,lubelskie,lubelski,Bełżyce,gmina miejsko-wiejska,0609013,2021,ok_finalnie,pdf,tekst (75 stron),https://umbelzyce.bip.lubelskie.pl/upload/pliki/RAPORT_gminy_belzyce_2021.pdf,direct_without_tor (idcom umbelzyce.bip.lubelskie.pl: kat 85 → detal did 1755187 → /upload/pliki/),3b17c5fdc6ee874e24a1d00d571bd174bf14345121536cc7566c71934fd5ae30,200,2026-09-15T20:42:51Z,"Raport o stanie gminy Bełżyce za 2021 rok (did 1755187, kat 85); art. 28aa u.s.g.",4.693,true
6285,lubelskie,lubelski,Bełżyce,gmina miejsko-wiejska,0609013,2022,ok_finalnie,pdf,tekst (85 stron),https://umbelzyce.bip.lubelskie.pl/upload/pliki/0raport-gminy-belzyce2022.pdf,direct_without_tor (idcom umbelzyce.bip.lubelskie.pl: kat 85 → detal did 1888401 → /upload/pliki/),d7cff6e3d7c0f238814165187f1698edb7260fa4ed42c3991c40c0bb30cff002,200,2026-09-15T20:29:59Z,"Raport o stanie gminy za 2022 rok (did 1888401, kat 85); art. 28aa u.s.g.",4.342,true
6286,lubelskie,lubelski,Bełżyce,gmina miejsko-wiejska,0609013,2023,ok_finalnie,pdf,tekst (67 stron),https://umbelzyce.bip.lubelskie.pl/upload/pliki/raport_gminy_belzyce2023_jo.pdf,direct_without_tor (idcom umbelzyce.bip.lubelskie.pl: kat 85 → detal did 2031385 → /upload/pliki/),43db6172b4ca59491207713b67a5b4d3763ccd537e7d79f1c3b4e50a2c57ab31,200,2026-09-15T20:29:59Z,"Raport o stanie gminy za 2023 rok (did 2031385, kat 85); art. 28aa u.s.g.",3.312,true
6287,lubelskie,lubelski,Bełżyce,gmina miejsko-wiejska,0609013,2024,ok_finalnie,pdf,tekst (127 stron),https://umbelzyce.bip.lubelskie.pl/upload/pliki/raport_o_stanie_gminy_za_2024_rok.pdf,direct_without_tor (idcom umbelzyce.bip.lubelskie.pl: kat 85 → detal did 2166489 → /upload/pliki/),049894902d8cd2ac10fe4e2e98327b5eedcd0f825c8cd160b8a02183bfe7c5df,200,2026-09-15T20:29:59Z,"Raport o stanie gminy za 2024 rok (did 2166489, kat 85); art. 28aa u.s.g.",6.735,true
6288,lubelskie,lubelski,Bełżyce,gmina miejsko-wiejska,0609013,2025,brak_finalnie,,,,"dogłębne sprawdzenie: portal belzyce.pl (wpisy sesji, szukajka Joomla, RSS, sitemap), BIP kat 85 (szukajki, blind nazw), web_search, Wayback CDX; plik nieopublikowany",,"BRAK_URL (dowód istnienia: portal belzyce.pl wpisy n,411308 (XXXII sesja RM 29.05.2026) i n,412157 (XXXIII sesja RM 17.06.2026) dot. „Raportu o stanie Gminy Bełżyce za rok 2025” (cytat indeksu Google: „Na podstawie art. 28aa ust. 1 … Burmistrz Bełżyc przedstawia niniejszym raport o stanie Gminy Bełżyce za 2025 rok”); BIP kat 85 bez did 2025 (szukajki pattern=raport/stanie/2025 — max did 2338133 bez załączników RoSG), portal nie zwraca treści artykułu bez JS, CDN sulimo bez śladu w Wayback, warianty nazw plików BIP=404)",2026-09-15T21:43:00Z,Raport o stanie gminy za 2025 rok — plik nieopublikowany/nieosiągalny; art. 28aa u.s.g.,,true
6289,lubelskie,lubelski,Borzechów,gmina wiejska,0609022,2018,ok_finalnie,pdf,tekst (19 stron),https://cdn02.sulimo.pl/media/userfiles/borzechow.eu/Aktualnosci/2019/6/8d14a3bfbf76787b9aae306bc9170305.pdf,"direct_without_tor (portal borzechow.eu CMS sulimo: wpis aktualności … → CDN …sulimo.pl, Referer hosta)",2179e65dc051f28585780ef7ac2739a1e441cfe4abec6cc0261a0a18abbb1ff2,200,2026-09-15T21:36:54Z,"Raport o stanie Gminy Borzechów za 2018 rok (wpis portalu borzechow.eu n,72060); art. 28aa u.s.g.; Wójt Gminy Borzechów",0.569,true
6290,lubelskie,lubelski,Borzechów,gmina wiejska,0609022,2019,ok_finalnie,pdf,tekst (19 stron),https://cdn05.sulimo.pl/media/userfiles/borzechow.eu/Aktualnosci/2020/6/04c29d7d7930497e5b786194c5f55560.pdf,"direct_without_tor (portal borzechow.eu CMS sulimo: wpis aktualności … → CDN …sulimo.pl, Referer hosta)",539783a5b6865804e1a340db0b5b52b1d1a5785ce31c12aace8416931dc58e38,200,2026-09-15T21:36:54Z,"Raport o stanie Gminy Borzechów za 2019 rok (wpis portalu borzechow.eu n,148545); art. 28aa u.s.g.; Wójt Gminy Borzechów",0.336,true
6291,lubelskie,lubelski,Borzechów,gmina wiejska,0609022,2020,ok_finalnie,pdf,tekst (19 stron),https://cdn05.sulimo.pl/media/userfiles/gmborzechow.cms2.sulimo.pl/NEWS/2021/2b53a5a138f6a1901ea667ec9151d3c6.pdf,"direct_without_tor (portal borzechow.eu CMS sulimo: wpis aktualności … → CDN …sulimo.pl, Referer hosta)",b75ba1f4cb31155740b836920e38284a8a68a16a824f9a435b83f3084b2616f4,200,2026-09-15T21:36:54Z,"Raport o stanie Gminy Borzechów za 2020 rok (wpis portalu borzechow.eu n,225108); art. 28aa u.s.g.; Wójt Gminy Borzechów",1.013,true
6292,lubelskie,lubelski,Borzechów,gmina wiejska,0609022,2021,ok_finalnie,pdf,tekst (21 stron),https://cdn05.sulimo.pl/media/userfiles/gmborzechow.cms2.sulimo.pl/NEWS/2022/1715fa71e91116e4925361038c88a8d5.pdf,"direct_without_tor (portal borzechow.eu CMS sulimo: wpis aktualności n/256010 → CDN cdn05.sulimo.pl, Referer hosta)",d43d8e7c8f715a00423433bde0b80fb1fd1aa5b0a8d4eca10a722499921bb37b,200,2026-09-15T21:01:19Z,"Raport o stanie Gminy Borzechów za 2021 rok (załącznik do zarz. 29/2022 z 31.05.2022, wpis portalu); art. 28aa u.s.g.; Wójt Gminy Borzechów / Urząd Gminy Borzechów.",0.428,true
6293,lubelskie,lubelski,Borzechów,gmina wiejska,0609022,2022,ok_finalnie,pdf,tekst (24 stron),https://cdn05.sulimo.pl/media/userfiles/gmborzechow.cms2.sulimo.pl/NEWS/2023/f5a9e8aa8c5156c3caac0de166604c95.pdf,"direct_without_tor (portal borzechow.eu CMS sulimo: wpis aktualności … → CDN …sulimo.pl, Referer hosta)",6b66a37d845b2a970f717bab9742d00ee3a8eb811f14f097bd984190b2bdd901,200,2026-09-15T21:36:54Z,"Raport o stanie Gminy Borzechów za 2022 rok (wpis portalu borzechow.eu n,273176); art. 28aa u.s.g.; Wójt Gminy Borzechów",0.488,true
6294,lubelskie,lubelski,Borzechów,gmina wiejska,0609022,2023,ok_finalnie,pdf,tekst (29 stron),https://cdn02.sulimo.pl/media/userfiles/gmborzechow.cms2.sulimo.pl/NEWS/2024/RAPORT_za_2023_rok.pdf,"direct_without_tor (portal borzechow.eu CMS sulimo: wpis aktualności … → CDN …sulimo.pl, Referer hosta)",9fd07dd32e75d7207863ea07ba9a4f0f5b2dee81f6acdccd7a1e1e98e60400cb,200,2026-09-15T21:36:54Z,"Raport o stanie Gminy Borzechów za 2023 rok (wpis portalu borzechow.eu n,359776); art. 28aa u.s.g.; Wójt Gminy Borzechów",1.866,true
6295,lubelskie,lubelski,Borzechów,gmina wiejska,0609022,2024,ok_finalnie,pdf,tekst (33 stron),https://cdn02.sulimo.pl/media/userfiles/gmborzechow.cms2.sulimo.pl/NEWS/2025/RAPORT_za_2024_rok.pdf,"direct_without_tor (portal borzechow.eu CMS sulimo: wpis aktualności … → CDN …sulimo.pl, Referer hosta)",7884b74bda1fec9d1ec293e3809c7c6ffe95afb0a1da6578a0dd088bf2d9a6e1,200,2026-09-15T21:36:54Z,"Raport o stanie Gminy Borzechów za 2024 rok (wpis portalu borzechow.eu n,383151); art. 28aa u.s.g.; Wójt Gminy Borzechów",1.427,true
6296,lubelskie,lubelski,Borzechów,gmina wiejska,0609022,2025,ok_finalnie,pdf,tekst (40 stron),https://cdn02.sulimo.pl/media/userfiles/gmborzechow.cms2.sulimo.pl/NEWS/2026/RAPORT_2025_ZALACZNIK_do_zarz_Nr_23.pdf,"direct_without_tor (portal borzechow.eu CMS sulimo: wpis aktualności n/411828 → CDN cdn02.sulimo.pl, Referer hosta)",a8ffdc22d4c9819bb5418c572d4d54360971626dc6b6445f5ca068407f65a1a1,200,2026-09-15T21:01:19Z,"Raport o stanie Gminy Borzechów za 2025 rok (RAPORT_2025_ZALACZNIK_do_zarz_Nr_23, wpis portalu 03.06.2026); art. 28aa u.s.g.; Wójt Gminy Borzechów / Urząd Gminy Borzechów.",2.620,true
6297,lubelskie,lubelski,Bychawa,gmina miejsko-wiejska,0609033,2018,ok_finalnie,pdf,tekst (109 stron),https://umbychawa.bip.lubelskie.pl/upload/pliki/2018_raport_o_stanie_gminy_bychawa.pdf,direct_without_tor (idcom umbychawa.bip.lubelskie.pl: kat 408 → detal did 2322572 → /upload/pliki/),5abeaeedaa88e92aea744a485548a0234ff26e20421b3f7fae6dfe7eabd59c05,200,2026-09-15T21:01:19Z,"Raport o stanie gminy Bychawa za 2018 rok (did 2322572, kat 408); art. 28aa u.s.g.",3.031,true
6298,lubelskie,lubelski,Bychawa,gmina miejsko-wiejska,0609033,2019,ok_finalnie,pdf,tekst (98 stron),https://umbychawa.bip.lubelskie.pl/upload/pliki/2019_raport_o_stanie_gminy_bychawa.pdf,direct_without_tor (idcom umbychawa.bip.lubelskie.pl: kat 408 → detal did 2322573 → /upload/pliki/),183608fd0866d30be0a5c2129dfaa4394e5ff1f129e4c1a31b19b57c77451866,200,2026-09-15T20:29:59Z,"Raport o stanie gminy za 2019 rok (did 2322573, kat 408); art. 28aa u.s.g.",2.005,true
6299,lubelskie,lubelski,Bychawa,gmina miejsko-wiejska,0609033,2020,ok_finalnie,pdf,tekst (106 stron),https://umbychawa.bip.lubelskie.pl/upload/pliki/2020_raport_o_stanie_gminy_bychawa.pdf,direct_without_tor (idcom umbychawa.bip.lubelskie.pl: kat 408 → detal did 2322576 → /upload/pliki/),e61a2e007201b42df3b38f7aed63bacdda7e298d0ef12faa005117509ae73510,200,2026-09-15T20:29:59Z,"Raport o stanie gminy za 2020 rok (did 2322576, kat 408); art. 28aa u.s.g.",2.150,true
6300,lubelskie,lubelski,Bychawa,gmina miejsko-wiejska,0609033,2021,ok_finalnie,pdf,tekst (100 stron),https://umbychawa.bip.lubelskie.pl/upload/pliki/2021_raport_o_stanie_gminy_bychawa.pdf,direct_without_tor (idcom umbychawa.bip.lubelskie.pl: kat 408 → detal did 2322577 → /upload/pliki/),54af7ecd8ab4192b086d44b58393f8ded1cce8e629790bf54291e131676001c2,200,2026-09-15T20:29:59Z,"Raport o stanie gminy za 2021 rok (did 2322577, kat 408); art. 28aa u.s.g.",2.428,true
6301,lubelskie,lubelski,Bychawa,gmina miejsko-wiejska,0609033,2022,ok_finalnie,pdf,tekst (92 stron),https://umbychawa.bip.lubelskie.pl/upload/pliki/2022_raport_o_stanie_gminy_bychawa.pdf,direct_without_tor (idcom umbychawa.bip.lubelskie.pl: kat 408 → detal did 2322579 → /upload/pliki/),493b409866940056fa14a995cd6856d642ef15bb45235e923e93998ed13a60a5,200,2026-09-15T20:29:59Z,"Raport o stanie gminy za 2022 rok (did 2322579, kat 408); art. 28aa u.s.g.",1.799,true
6302,lubelskie,lubelski,Bychawa,gmina miejsko-wiejska,0609033,2023,ok_finalnie,pdf,tekst (104 stron),https://umbychawa.bip.lubelskie.pl/upload/pliki/2023_raport_o_stanie_gminy_bychawa.pdf,direct_without_tor (idcom umbychawa.bip.lubelskie.pl: kat 408 → detal did 2322583 → /upload/pliki/),bdcb9bf7fbd159c89c413995c0590180694959a84bc87a7f47ecc24bb2bb7b53,200,2026-09-15T20:29:59Z,"Raport o stanie gminy za 2023 rok (did 2322583, kat 408); art. 28aa u.s.g.",1.124,true
6303,lubelskie,lubelski,Bychawa,gmina miejsko-wiejska,0609033,2024,ok_finalnie,pdf,"skan (115 str.; okładka OCR: „RAPORT O STANIE GMINY BYCHAWA 2024 r. BURMISTRZ BYCHAWY MARTA KRZYŻAK SZANOWNI PAŃSTWO! Na podstawie art. 28 aa ust.1 ustawy z dnia 8 marca 1990 r. o samorządzie gminnym "")",https://umbychawa.bip.lubelskie.pl/upload/pliki/raport-o-stanie-gminy-bychawa-za-2024-r.pdf,direct_without_tor (idcom umbychawa.bip.lubelskie.pl: kat 408 → detal did 2314559 → /upload/pliki/) + ocr,119567bb9f88b2323067e97c6c6cb50b978f74e2ad9af574870246fa474c3630,200,2026-09-15T20:29:59Z,"Raport o stanie gminy za 2024 rok (did 2314559, kat 408); art. 28aa u.s.g.",29.642,true
6304,lubelskie,lubelski,Bychawa,gmina miejsko-wiejska,0609033,2025,ok_finalnie,pdf,"skan (167 str.; okładka OCR: „RAPORT O -K STANIE GMINY BYCHAWA Szanowni Państwo! Przedstawiam „Raport o stanie Gminy Bychawa za 2025 rok”, przygotowany zgodnie z art. 28aa ustawy z dnia 8 marca 1990 r"")",https://umbychawa.bip.lubelskie.pl/upload/pliki/0raport_o_stanie_gminy_za_2025_r.pdf,direct_without_tor (idcom umbychawa.bip.lubelskie.pl: kat 408 → detal did 2314433 → /upload/pliki/) + ocr,3e05701cfe59066834f1adce280a2283e326e1a93bf30d1d194d28d6b7e89b4e,200,2026-09-15T20:29:59Z,"Raport o stanie gminy za 2025 rok (did 2314433, kat 408); art. 28aa u.s.g.",371.721,true
6305,lubelskie,lubelski,Garbów,gmina wiejska,0609042,2018,ok_finalnie,pdf,skan (13 str.; okładka OCR: „Garbów 2019-05-31 RAPORT O STANIE GMINY GARBÓW W ROKU 2018. Na podstawie art. 28aa ust. 1 ustawy… Wójt Gminy Garbów”),https://uggarbow.bip.lubelskie.pl/upload/pliki/raport_o_stanie_gminy_w_roku_2018.pdf,direct_without_tor (idcom uggarbow.bip.lubelskie.pl: kat 360 → detal did 1394149 → /upload/pliki/) + ocr,568616b96331936ea525d77f0c2a341da77b52f73c0a02b0f186872967d491ea,200,2026-09-15T21:01:19Z,"Raport o stanie gminy Garbów za 2018 rok (did 1394149, kat 360); art. 28aa u.s.g.",7.513,true
6306,lubelskie,lubelski,Garbów,gmina wiejska,0609042,2019,ok_finalnie,pdf,"skan (20 str.; okładka OCR: „Garbów 2020-05-29 RAPORT O STANIE GMINY GARBÓW W ROKU 2019 Na podstawie art. 28aa ust. 1 ustawy z dnia 8 marca 1990 r. o samorządzie gminnym Wójt Gminy Garbów przedstawia"")",https://uggarbow.bip.lubelskie.pl/upload/pliki/raport_o_stanie_gminy_w_roku_2019.pdf,direct_without_tor (idcom uggarbow.bip.lubelskie.pl: kat 375 → detal did 1516101 → /upload/pliki/) + ocr,868b13bc394aea8f831e3857c2a084152de80311367478d38278d89325a8673d,200,2026-09-15T20:29:59Z,"Raport o stanie gminy za 2019 rok (did 1516101, kat 375); art. 28aa u.s.g.",10.515,true
6307,lubelskie,lubelski,Garbów,gmina wiejska,0609042,2020,ok_finalnie,pdf,tekst (24 stron),https://uggarbow.bip.lubelskie.pl/upload/pliki/Raport_o_stanie_Gminy_Garbow_w_roku_2020.pdf,direct_without_tor (idcom uggarbow.bip.lubelskie.pl: kat 391 → detal did 1646817 → /upload/pliki/),53d3b8c8e16a6e32b59322948a27938ec0cc3e40368ae26ec2dae15d3d9b8c11,200,2026-09-15T20:29:59Z,"Raport o stanie gminy za 2020 rok (did 1646817, kat 391); art. 28aa u.s.g.",0.477,true
6308,lubelskie,lubelski,Garbów,gmina wiejska,0609042,2021,ok_finalnie,pdf,tekst (21 stron),https://uggarbow.bip.lubelskie.pl/upload/pliki/raport_o_stanie_gminy_w_roku_2021.pdf,direct_without_tor (idcom uggarbow.bip.lubelskie.pl: kat 403 → detal did 1760248 → /upload/pliki/),66f187d14f7982b84181fb54a7bb4acfa2d4ccd0ed58aaf004fb4155db1bc6ff,200,2026-09-15T20:29:59Z,"Raport o stanie gminy za 2021 rok (did 1760248, kat 403); art. 28aa u.s.g.",0.492,true
6309,lubelskie,lubelski,Garbów,gmina wiejska,0609042,2022,ok_finalnie,pdf,tekst (18 stron),https://uggarbow.bip.lubelskie.pl/upload/pliki/raport-o-stanie-gminy-w-roku-2022.pdf,direct_without_tor (idcom uggarbow.bip.lubelskie.pl: kat 409 → detal did 1888795 → /upload/pliki/),e924e6587d4b3ef49702cc4f004ef6cfc4647389b6b75cc249eb696c95a5b0ed,200,2026-09-15T20:29:59Z,"Raport o stanie gminy za 2022 rok (did 1888795, kat 409); art. 28aa u.s.g.",0.371,true
6310,lubelskie,lubelski,Garbów,gmina wiejska,0609042,2023,ok_finalnie,pdf,tekst (18 stron),https://uggarbow.bip.lubelskie.pl/upload/pliki/raport_o_stanie_gminy_garbow_za_2023_rok.pdf,direct_without_tor (idcom uggarbow.bip.lubelskie.pl: kat 427 → detal did 2032733 → /upload/pliki/),ff05d1324ec1525d0879bf15336a1943cc35bc52b67ca2dab8b08a9272deb42e,200,2026-09-15T20:29:59Z,"Raport o stanie gminy za 2023 rok (did 2032733, kat 427); art. 28aa u.s.g.",0.424,true
6311,lubelskie,lubelski,Garbów,gmina wiejska,0609042,2024,ok_finalnie,pdf,"skan (24 str.; okładka OCR: „Garbów 2025-05-30 RAPORT O STANIE GMINY GARBÓW W ROKU 2024 Na podstawie art. 28aa ust. 1 ustawy z dnia 8 marca 1990 r. o samorządzie gminnym Wójt Gminy Garbów przedstawia"")",https://uggarbow.bip.lubelskie.pl/upload/pliki/raport_o_stanie_gminy_w_roku_2024.pdf,direct_without_tor (idcom uggarbow.bip.lubelskie.pl: kat 443 → detal did 2174149 → /upload/pliki/) + ocr,2eb9245d914e2938392b837b99ddfb740a6ae10bd410e3168dc85797092e5380,200,2026-09-15T20:29:59Z,"Raport o stanie gminy za 2024 rok (did 2174149, kat 443); art. 28aa u.s.g.",11.812,true
6312,lubelskie,lubelski,Garbów,gmina wiejska,0609042,2025,ok_finalnie,pdf,tekst (22 stron),https://uggarbow.bip.lubelskie.pl/upload/pliki/raport_o_stanie_gminy_garbow_za_2025_rok-sig.pdf,direct_without_tor (idcom uggarbow.bip.lubelskie.pl: kat 453 → detal did 2312512 → /upload/pliki/),6c90d8e25b2c9dfd870701387cc7ee0c9bbaf43e8efe90b3caf8591033b00094,200,2026-09-15T20:29:59Z,"Raport o stanie gminy za 2025 rok (did 2312512, kat 453); art. 28aa u.s.g.",1.084,true
6313,lubelskie,lubelski,Głusk,gmina wiejska,0609052,2018,ok_finalnie,pdf,"skan (22 str.; okładka OCR: „RAPORT O STANIE GMINY GŁUSK
W ROKU 2018

Dominów, maj 2019 r.”)",https://ugglusk.bip.lubelskie.pl/upload/pliki/Raport_o_stanie_gminy.pdf,direct_without_tor (idcom ugglusk.bip.lubelskie.pl: kat 70 → detal did 1406271 → /upload/pliki/) + ocr,1719aebfeb2bc32db391c7c8fd2e0d78f63c784e087acf4176a410112af886a8,200,2026-09-15T21:03:45Z,"Raport o stanie gminy za 2018 rok (did 1406271, kat 70); art. 28aa u.s.g.",5.779,true
6314,lubelskie,lubelski,Głusk,gmina wiejska,0609052,2019,ok_finalnie,pdf,tekst (69 stron),https://ugglusk.bip.lubelskie.pl/upload/pliki/Raport_o_stanie_gminy_za_2019_r.pdf,direct_without_tor (idcom ugglusk.bip.lubelskie.pl: kat 70 → detal did 1549501 → /upload/pliki/),2a28df12d275c3556d422f327c2f2f9c6078a403e2de17d59a54d1ab36c418a6,200,2026-09-15T21:03:45Z,"Raport o stanie gminy za 2019 rok (did 1549501, kat 70); art. 28aa u.s.g.",5.224,true
6315,lubelskie,lubelski,Głusk,gmina wiejska,0609052,2020,ok_finalnie,pdf,tekst (96 stron),https://ugglusk.bip.lubelskie.pl/upload/pliki/Raport_o_stanie_gminy_za_2020_r.pdf,direct_without_tor (idcom ugglusk.bip.lubelskie.pl: kat 70 → detal did 1656324 → /upload/pliki/),bb1b662699b7946326852c154aed939efb82c212cda8ddb9ccfd93f39d2675bc,200,2026-09-15T21:03:45Z,"Raport o stanie gminy za 2020 rok (did 1656324, kat 70); art. 28aa u.s.g.",6.152,true
6316,lubelskie,lubelski,Głusk,gmina wiejska,0609052,2021,ok_finalnie,pdf,tekst (122 stron),https://ugglusk.bip.lubelskie.pl/upload/pliki/raport-o-stanie-gminy-31-maja-2022.pdf,direct_without_tor (idcom ugglusk.bip.lubelskie.pl: kat 70 → detal did 1779917 → /upload/pliki/),549a660d0f494918b0962b4097d12a0e5b6120f6607af5a8bc7fbcaeadd80967,200,2026-09-15T21:03:45Z,"Raport o stanie gminy za 2021 rok (did 1779917, kat 70); art. 28aa u.s.g.",12.101,true
6317,lubelskie,lubelski,Głusk,gmina wiejska,0609052,2022,ok_finalnie,pdf,tekst (163 stron),https://ugglusk.bip.lubelskie.pl/upload/pliki/raport-o-stanie-gminy-31-maja-2023.pdf,direct_without_tor (idcom ugglusk.bip.lubelskie.pl: kat 70 → detal did 1903148 → /upload/pliki/),e8316fbe8eeda1046f5b936fede74bad3a5bb2df1bdde12ab35f67b943b8be61,200,2026-09-15T21:03:45Z,"Raport o stanie gminy za 2022 rok (did 1903148, kat 70); art. 28aa u.s.g.",12.719,true
6318,lubelskie,lubelski,Głusk,gmina wiejska,0609052,2023,ok_finalnie,pdf,tekst (190 stron),https://ugglusk.bip.lubelskie.pl/upload/pliki/raport_o_stanie_gminy_31_maja_2024.pdf,direct_without_tor (idcom ugglusk.bip.lubelskie.pl: kat 70 → detal did 2043489 → /upload/pliki/),e59905ccd0d83b7cae5fd69eecf77de50289af867be2ee969cc7178498c02383,200,2026-09-15T21:03:45Z,"Raport o stanie gminy za 2023 rok (did 2043489, kat 70); art. 28aa u.s.g.",18.580,true
6319,lubelskie,lubelski,Głusk,gmina wiejska,0609052,2024,ok_finalnie,pdf,tekst (163 stron),https://ugglusk.bip.lubelskie.pl/upload/pliki/raport_o_stanie_gminy_31_maja_2025.pdf,direct_without_tor (idcom ugglusk.bip.lubelskie.pl: kat 70 → detal did 2189107 → /upload/pliki/),5dcc4eb4374cbd65acccdc076ea571594744541aa99fcdb5b2154bdaa29ee99f,200,2026-09-15T21:03:45Z,"Raport o stanie gminy za 2024 rok (did 2189107, kat 70); art. 28aa u.s.g.",13.430,true
6320,lubelskie,lubelski,Głusk,gmina wiejska,0609052,2025,ok_finalnie,pdf,tekst (201 stron),https://ugglusk.bip.lubelskie.pl/upload/pliki/raport_o_stanie_gminy_31_maja_2026.pdf,direct_without_tor (idcom ugglusk.bip.lubelskie.pl: szukajka → detal did 2333345 (kat 70) → /upload/pliki/),55ad29eb3eae83ae98da9976e52090ec5f6a295228396b006575fa83c073e4af,200,2026-09-15T21:43:00Z,"Raport o stanie Gminy Głusk za rok 2025 (raport_o_stanie_gminy_31_maja_2026.pdf, Dominów maj 2026; did 2333345); art. 28aa u.s.g.",22.091,true
6321,lubelskie,lubelski,Jabłonna,gmina wiejska,0609062,2018,ok_finalnie,pdf,tekst (120 stron),https://ugjablonna.bip.lubelskie.pl/upload/pliki/Raport_OST.pdf,direct_without_tor (idcom ugjablonna.bip.lubelskie.pl: kat 392 → detal did 1393470 → /upload/pliki/),dd778584a80c34facdd54a1ce867a59039991dd262be00f0ba168ec1c154ffa0,200,2026-09-15T20:29:59Z,"Raport o stanie gminy za 2018 rok (did 1393470, kat 392); art. 28aa u.s.g.",4.333,true
6322,lubelskie,lubelski,Jabłonna,gmina wiejska,0609062,2019,ok_finalnie,pdf,tekst (29 stron),https://ugjablonna.bip.lubelskie.pl/upload/pliki/Raport_o_stanie_gminy_Jablonna_za_2019_rok.pdf,direct_without_tor (idcom ugjablonna.bip.lubelskie.pl: kat 392 → detal did 1515794 → /upload/pliki/),5526c9902c7c3ed06c91ca7973e2c4b01af0d3926d6b0029f7248c4aeb09a5ad,200,2026-09-15T20:29:59Z,"Raport o stanie gminy za 2019 rok (did 1515794, kat 392); art. 28aa u.s.g.",1.977,true
6323,lubelskie,lubelski,Jabłonna,gmina wiejska,0609062,2020,ok_finalnie,pdf,tekst (29 stron),https://ugjablonna.bip.lubelskie.pl/upload/pliki/raport-o-stanie-gminy-jablonna-za-2020-rok_1305291.pdf,direct_without_tor (idcom ugjablonna.bip.lubelskie.pl: kat 392 → detal did 1650956 → /upload/pliki/),df3b49b09b9947d66f8cdc7fa890c920e227411da6a61b15895e995ac03f6f94,200,2026-09-15T20:29:59Z,"Raport o stanie gminy za 2020 rok (did 1650956, kat 392); art. 28aa u.s.g.",0.355,true
6324,lubelskie,lubelski,Jabłonna,gmina wiejska,0609062,2021,ok_finalnie,pdf,tekst (38 stron),https://ugjablonna.bip.lubelskie.pl/upload/pliki/Raport_o_stanie_gminy_Jablonna_za_2021_rok.pdf,direct_without_tor (idcom ugjablonna.bip.lubelskie.pl: kat 392 → detal did 1761924 → /upload/pliki/),65b6f7e009129b835bc173869460250baaf3a493f20e9ea33ccb986033cebd0a,200,2026-09-15T20:29:59Z,"Raport o stanie gminy za 2021 rok (did 1761924, kat 392); art. 28aa u.s.g.",0.635,true
6325,lubelskie,lubelski,Jabłonna,gmina wiejska,0609062,2022,ok_finalnie,pdf,tekst (41 stron),https://ugjablonna.bip.lubelskie.pl/upload/pliki/raport-o-stanie-gminy-jablonna-za-2022-rok.pdf,direct_without_tor (idcom ugjablonna.bip.lubelskie.pl: kat 392 → detal did 1893176 → /upload/pliki/),26e123264ec1ee3a493ab7f53249a14a65b4c79871554229865f22bc5c8a3d2b,200,2026-09-15T20:29:59Z,"Raport o stanie gminy za 2022 rok (did 1893176, kat 392); art. 28aa u.s.g.",0.508,true
6326,lubelskie,lubelski,Jabłonna,gmina wiejska,0609062,2023,ok_finalnie,pdf,tekst (46 stron),https://ugjablonna.bip.lubelskie.pl/upload/pliki/raport_o_stanie_gminy_jablonna_za_2023_rok.pdf,direct_without_tor (idcom ugjablonna.bip.lubelskie.pl: kat 392 → detal did 2032330 → /upload/pliki/),8cd005668d95866365e7c021b60a3071f3bf63205ed8c354ed10135ecab6de9e,200,2026-09-15T20:29:59Z,"Raport o stanie gminy za 2023 rok (did 2032330, kat 392); art. 28aa u.s.g.",0.551,true
6327,lubelskie,lubelski,Jabłonna,gmina wiejska,0609062,2024,ok_finalnie,pdf,tekst (52 stron),https://ugjablonna.bip.lubelskie.pl/upload/pliki/raport_o_stanie_gminy_jablonna_za_2024_rok.pdf,direct_without_tor (idcom ugjablonna.bip.lubelskie.pl: kat 392 → detal did 2279116 → /upload/pliki/),8ee5c8e5c04c24ffefdcf0d11c68c461762c3c681027a4e7aef3dd1896f2353d,200,2026-09-15T20:29:59Z,"Raport o stanie gminy za 2024 rok (did 2279116, kat 392); art. 28aa u.s.g.",0.468,true
6328,lubelskie,lubelski,Jabłonna,gmina wiejska,0609062,2025,ok_finalnie,pdf,tekst (55 stron),https://ugjablonna.bip.lubelskie.pl/upload/pliki/raport_o_stanie_gminy_jablonna_za_2025_rok.pdf,direct_without_tor (idcom ugjablonna.bip.lubelskie.pl: kat 392 → detal did 2310408 → /upload/pliki/),a9141766b7d98310bdad687590323ec383a9152589e920997e1f120fdc592197,200,2026-09-15T20:29:59Z,"Raport o stanie gminy za 2025 rok (did 2310408, kat 392); art. 28aa u.s.g.",0.743,true
6329,lubelskie,lubelski,Jastków,gmina wiejska,0609072,2018,ok_finalnie,pdf,tekst (69 stron),https://ugjastkow.bip.e-zeto.eu/bip/56_ugjastkow/fckeditor/file/2019//Raport%20o%20stanie%20Gminy%20Jastk%C3%B3w%20za%202018r.pdf,direct_without_tor (e-zeto ugjastkow.bip.e-zeto.eu: kat bt401 Raport o stanie gminy → podstrona → fckeditor/file/),131784149f3e893cc35a741b8b3174bcd296f98494a1d20aaa2f586ec16a4e4c,200,2026-09-15T20:42:51Z,"Raport o stanie Gminy Jastków za 2018 rok (kat. bt401, podstrona e-zeto); art. 28aa u.s.g.; Wójt Gminy Jastków / Urząd Gminy Jastków.",16.790,true
6330,lubelskie,lubelski,Jastków,gmina wiejska,0609072,2019,ok_finalnie,pdf,tekst (46 stron),https://www.jastkow.pl/f/24365/3012/Raport_o_stanie_Gminy_Jastk%C3%B3w_za_2019_rok.pdf,direct_without_tor (e-zeto BIP bt190→bt408 s48 link → portal jastkow.pl /f/24365/3012/; direct 302→brak-strony → Wayback 20250225125916if_),4396de3e28915279ef2640c9dea0bd5dc05f2d9c9bc5b6323e6d1a1a8aff2f31,200,2026-09-15T21:06:49Z,Raport o stanie Gminy Jastków za rok 2019 (załącznik do Zarządzenia Nr 52/2020 Wójta Gminy Jastków z 18.05.2020); art. 28aa u.s.g.,5.470,true
6331,lubelskie,lubelski,Jastków,gmina wiejska,0609072,2020,ok_finalnie,pdf,tekst (35 stron),https://ugjastkow.bip.e-zeto.eu/bip/56_ugjastkow/fckeditor/file/2021/raport%20o%20stanie%20gminy%20za%202020//Raport%20o%20stanie%20gminy%20za%202020%20rok%20wersja_2.pdf,direct_without_tor (e-zeto ugjastkow.bip.e-zeto.eu: kat bt401 Raport o stanie gminy → podstrona → fckeditor/file/),b438601fe826a6c8e32bddbeb8121eb38b725ff79f892a73968990cf0e6a1b6e,200,2026-09-15T20:42:51Z,"Raport o stanie Gminy Jastków za 2020 rok (kat. bt401, podstrona e-zeto); art. 28aa u.s.g.; Wójt Gminy Jastków / Urząd Gminy Jastków.",2.518,true
6332,lubelskie,lubelski,Jastków,gmina wiejska,0609072,2021,ok_finalnie,pdf,tekst (40 stron),https://ugjastkow.bip.e-zeto.eu/bip/56_ugjastkow/fckeditor/file/2022/Rada%20Gminy%20Jastk%C3%B3w//RAPOT%20O%20STANIE%20GMINY%20MAJ%20-%2016.05.2022.pdf,direct_without_tor (e-zeto ugjastkow.bip.e-zeto.eu: kat bt401 Raport o stanie gminy → podstrona → fckeditor/file/),5d45602fc8ce9348683d244455a7af3ec9b1e5a1be7567167f2a924e873c60fe,200,2026-09-15T20:42:51Z,"Raport o stanie Gminy Jastków za 2021 rok (kat. bt401, podstrona e-zeto); art. 28aa u.s.g.; Wójt Gminy Jastków / Urząd Gminy Jastków.",1.634,true
6333,lubelskie,lubelski,Jastków,gmina wiejska,0609072,2022,ok_finalnie,pdf,tekst (62 stron),https://ugjastkow.bip.e-zeto.eu/bip/56_ugjastkow/fckeditor/file/2023/Raport%20o%20stanie%20gminy%202022/Raport%20o%20Stanie%20Gminy%20za%202022%20rok.pdf,direct_without_tor (e-zeto ugjastkow.bip.e-zeto.eu: kat bt401 Raport o stanie gminy → podstrona → fckeditor/file/),3c08c682eefa8f203b7b4fe37a41ba4e496a667fe35008de22c7475bb833433c,200,2026-09-15T20:42:51Z,"Raport o stanie Gminy Jastków za 2022 rok (kat. bt401, podstrona e-zeto); art. 28aa u.s.g.; Wójt Gminy Jastków / Urząd Gminy Jastków.",3.093,true
6334,lubelskie,lubelski,Jastków,gmina wiejska,0609072,2023,ok_finalnie,pdf,tekst (81 stron),https://ugjastkow.bip.e-zeto.eu/bip/56_ugjastkow/fckeditor/file/2024/Raport%202023/RAPOT%202023%2022.04.pdf,direct_without_tor (e-zeto ugjastkow.bip.e-zeto.eu: kat bt401 Raport o stanie gminy → podstrona → fckeditor/file/),0cd8a301204e20e0e9f8746a09261a81a252a00d9a39648aebb1d96a0c08dd5c,200,2026-09-15T20:42:51Z,"Raport o stanie Gminy Jastków za 2023 rok (kat. bt401, podstrona e-zeto); art. 28aa u.s.g.; Wójt Gminy Jastków / Urząd Gminy Jastków.",4.401,true
6335,lubelskie,lubelski,Jastków,gmina wiejska,0609072,2024,ok_finalnie,pdf,tekst (66 stron),https://ugjastkow.bip.e-zeto.eu/bip/56_ugjastkow/fckeditor/file/2025/protoko%C5%82y/Raport%20o%20stanie%20Gminy%20Jastk%C3%B3w%20za%202024%20r.pdf,direct_without_tor (e-zeto ugjastkow.bip.e-zeto.eu: kat bt401 Raport o stanie gminy → podstrona → fckeditor/file/),f279e425e33f9beef2d3f6a167cbd250f2f1bea3063fdeabfe79eeafdead7535,200,2026-09-15T20:42:51Z,"Raport o stanie Gminy Jastków za 2024 rok (kat. bt401, podstrona e-zeto); art. 28aa u.s.g.; Wójt Gminy Jastków / Urząd Gminy Jastków.",4.396,true
6336,lubelskie,lubelski,Jastków,gmina wiejska,0609072,2025,ok_finalnie,pdf,tekst (114 stron),https://ugjastkow.bip.e-zeto.eu/index.php?type=4&func=downloadFile&value=072861b956ff69b7b65d4ddc239407dad4a04246f14b027b264c69d9f44fa7ec_6a181477e7a0f,direct_without_tor (e-zeto BIP bt190 s43 → dedykowana podstrona bt402 s169 → downloadFile → Raport_o_stanie_gminy_2025_28-05-2026.pdf),b0d2d350ff86a9e58ee2ac3af1d90422a5de33a1b159af8f54013bf094c3494f,200,2026-09-15T21:06:49Z,"Raport o stanie Gminy Jastków za rok 2025 (podstrona BIP bt402 s169, publikacja 28.05.2026); art. 28aa u.s.g.",15.667,true
6337,lubelskie,lubelski,Konopnica,gmina wiejska,0609082,2018,ok_finalnie,pdf,tekst (68 stron),https://ugkonopnica.bip.lubelskie.pl/upload/pliki/RAPORT_O_STANIE_GMINY.pdf,direct_without_tor (idcom ugkonopnica.bip.lubelskie.pl: kat 210 → detal did 1397863 → /upload/pliki/),e56b7ffce5f7d5a788ea2954b787a07a46afbc499b6b0aa3e852783b4c0ee229,200,2026-09-15T20:29:59Z,"Raport o stanie gminy za 2018 rok (did 1397863, kat 210); art. 28aa u.s.g.",25.926,true
6338,lubelskie,lubelski,Konopnica,gmina wiejska,0609082,2019,ok_finalnie,pdf,tekst (68 stron),https://ugkonopnica.bip.lubelskie.pl/upload/pliki/RAPORT_O_STANIE_GMINY_ZA_2019_rok.pdf,direct_without_tor (idcom ugkonopnica.bip.lubelskie.pl: kat 210 → detal did 1547931 → /upload/pliki/),a0e01d393b03e82dc263a56d82219cf51c651d4e46c3b9f39fee25126cf2f05f,200,2026-09-15T20:29:59Z,"Raport o stanie gminy za 2019 rok (did 1547931, kat 210); art. 28aa u.s.g.",7.016,true
6339,lubelskie,lubelski,Konopnica,gmina wiejska,0609082,2020,ok_finalnie,pdf,tekst (68 stron),https://ugkonopnica.bip.lubelskie.pl/upload/pliki/RAPORT_o_stanie_gminy_za_2020_bip.pdf,direct_without_tor (idcom ugkonopnica.bip.lubelskie.pl: kat 210 → detal did 1643658 → /upload/pliki/),44571b581c031c1cbb1d7230faf0b02141a17a1bae6f717ec17476c0f3ac25eb,200,2026-09-15T20:29:59Z,"Raport o stanie gminy za 2020 rok (did 1643658, kat 210); art. 28aa u.s.g.",4.957,true
6340,lubelskie,lubelski,Konopnica,gmina wiejska,0609082,2021,ok_finalnie,pdf,tekst (76 stron),https://ugkonopnica.bip.lubelskie.pl/upload/pliki/RAPORT_o_stanie_gminy_za_2021.pdf,direct_without_tor (idcom ugkonopnica.bip.lubelskie.pl: kat 210 → detal did 1762777 → /upload/pliki/),a12db594904eb5bd3e998c47b53cf8c6b30dfcda8348ba28c5dfe3d00936bb18,200,2026-09-15T20:29:59Z,"Raport o stanie gminy za 2021 rok (did 1762777, kat 210); art. 28aa u.s.g.",9.310,true
6341,lubelskie,lubelski,Konopnica,gmina wiejska,0609082,2022,ok_finalnie,pdf,tekst (62 stron),https://ugkonopnica.bip.lubelskie.pl/upload/pliki/raport-o-stanie-gminy-za-2022.pdf,direct_without_tor (idcom ugkonopnica.bip.lubelskie.pl: kat 210 → detal did 1895323 → /upload/pliki/),b6a48fde53cb033eceff45349e4d04d56c24fb4948b2752eeb24c8aefa945bd7,200,2026-09-15T20:29:59Z,"Raport o stanie gminy za 2022 rok (did 1895323, kat 210); art. 28aa u.s.g.",15.999,true
6342,lubelskie,lubelski,Konopnica,gmina wiejska,0609082,2023,ok_finalnie,pdf,tekst (69 stron),https://ugkonopnica.bip.lubelskie.pl/upload/pliki/1raport_o_stanie_gminy_za_2023.pdf,direct_without_tor (idcom ugkonopnica.bip.lubelskie.pl: kat 210 → detal did 2029377 (sub) → /upload/pliki/),d8761b005589fc661070bedb6870acc6c65fdfa2d37930a4b0e8eac6af8b1576,200,2026-09-15T20:42:51Z,"Raport o stanie Gminy Konopnica za 2023 rok (did 2029377, kat 210); art. 28aa u.s.g.",11.132,true
6343,lubelskie,lubelski,Konopnica,gmina wiejska,0609082,2024,ok_finalnie,pdf,tekst (72 stron),https://ugkonopnica.bip.lubelskie.pl/upload/pliki/raport_o_stanie_gminy_za_2024.pdf,direct_without_tor (idcom ugkonopnica.bip.lubelskie.pl: kat 210 → detal did 2173591 → /upload/pliki/),8105f2ebb7eb6097de31586cc855d43d05d3e88aaedbc0028aaa74d985b0911f,200,2026-09-15T20:29:59Z,"Raport o stanie gminy za 2024 rok (did 2173591, kat 210); art. 28aa u.s.g.",76.137,true
6344,lubelskie,lubelski,Konopnica,gmina wiejska,0609082,2025,ok_finalnie,pdf,tekst (72 stron),https://ugkonopnica.bip.lubelskie.pl/upload/pliki/raport_o_stanie_gminy_za_2025.pdf,direct_without_tor (idcom ugkonopnica.bip.lubelskie.pl: kat 210 → detal did 2316468 → /upload/pliki/),778e40c355af107d5e969989b9f11a9e1b73650d013198373062474d4080ef49,200,2026-09-15T20:29:59Z,"Raport o stanie gminy za 2025 rok (did 2316468, kat 210); art. 28aa u.s.g.",135.213,true
6345,lubelskie,lubelski,Krzczonów,gmina wiejska,0609092,2018,ok_finalnie,pdf,"skan (12 str.; okładka OCR: „Gmina Krzczonów

Raport o stanie Gminy Krzczonów
w roku 2018”)",https://ugkrzczonow.bip.lubelskie.pl/upload/pliki/Raport_o_stanie_Gminy_Krzczonow.pdf,direct_without_tor (idcom ugkrzczonow.bip.lubelskie.pl: kat 78 → detal did 1410483 → /upload/pliki/) + ocr,1baf7301a0c02ba6b7b82dec5802959b75e61316d94ffa9d139d8536a1037a1c,200,2026-09-15T21:03:45Z,"Raport o stanie gminy za 2018 rok (did 1410483, kat 78); art. 28aa u.s.g.",7.713,true
6346,lubelskie,lubelski,Krzczonów,gmina wiejska,0609092,2019,ok_finalnie,pdf,tekst (22 stron),https://ugkrzczonow.bip.lubelskie.pl/upload/pliki/Raport_o_stanie_gminy_....pdf,direct_without_tor (idcom ugkrzczonow.bip.lubelskie.pl: kat 78 → detal did 1514626 → /upload/pliki/),fcfd4795794cd8f8f4ec53f30faef86d5069ee4d427c274a441712b386015fbf,200,2026-09-15T21:03:45Z,"Raport o stanie gminy za 2019 rok (did 1514626, kat 78); art. 28aa u.s.g.",1.304,true
6347,lubelskie,lubelski,Krzczonów,gmina wiejska,0609092,2020,ok_finalnie,pdf,tekst (24 stron),https://ugkrzczonow.bip.lubelskie.pl/upload/pliki/Raport_wlasciwy.pdf,direct_without_tor (idcom ugkrzczonow.bip.lubelskie.pl: kat 78 → detal did 1642029 → /upload/pliki/),f4a1a5154218be038e0d3a19ddba2186d19c3c518b06e53a92b926577f35d957,200,2026-09-15T21:03:45Z,"Raport o stanie gminy za 2020 rok (did 1642029, kat 78); art. 28aa u.s.g.",1.722,true
6348,lubelskie,lubelski,Krzczonów,gmina wiejska,0609092,2021,ok_finalnie,pdf,tekst (20 stron),https://ugkrzczonow.bip.lubelskie.pl/upload/pliki/0RAPORT_2021.pdf,direct_without_tor (idcom ugkrzczonow.bip.lubelskie.pl: kat 78 → detal did 1760274 → /upload/pliki/),39137087d9925c114dbeef6f1df58b0d434f9e07fff17656ed5a7b9160afa4fb,200,2026-09-15T21:03:45Z,"Raport o stanie gminy za 2021 rok (did 1760274, kat 78); art. 28aa u.s.g.",1.320,true
6349,lubelskie,lubelski,Krzczonów,gmina wiejska,0609092,2022,ok_finalnie,pdf,"skan (21 str.; okładka OCR: „RAPORT 2022

Gmina

Krzczonów”)",https://ugkrzczonow.bip.lubelskie.pl/upload/pliki/raport-2022.pdf,direct_without_tor (idcom ugkrzczonow.bip.lubelskie.pl: kat 78 → detal did 1893755 → /upload/pliki/) + ocr,111a0a7a8ced9662702d21b91629a473236f99c96eb7b0565e365a6cac37e0c7,200,2026-09-15T21:03:45Z,"Raport o stanie gminy za 2022 rok (did 1893755, kat 78); art. 28aa u.s.g.",6.613,true
6350,lubelskie,lubelski,Krzczonów,gmina wiejska,0609092,2023,ok_finalnie,pdf,tekst (18 stron),https://ugkrzczonow.bip.lubelskie.pl/upload/pliki/raport_23.pdf,direct_without_tor (idcom ugkrzczonow.bip.lubelskie.pl: kat 78 → detal did 2030171 → /upload/pliki/),4cdc3f1c7ee5616a0606e45ef0947243736d0a49d074adaf6ebd694030b13af2,200,2026-09-15T21:03:45Z,"Raport o stanie gminy za 2023 rok (did 2030171, kat 78); art. 28aa u.s.g.",0.924,true
6351,lubelskie,lubelski,Krzczonów,gmina wiejska,0609092,2024,ok_finalnie,pdf,tekst (17 stron),https://ugkrzczonow.bip.lubelskie.pl/upload/pliki/raport_za_2024.pdf,direct_without_tor (idcom ugkrzczonow.bip.lubelskie.pl: kat 78 → detal did 2172599 → /upload/pliki/),e44d6a9aa4e1c623b8cd5bab4cb80b406586b4766f50483e0d3106746f961e71,200,2026-09-15T21:03:45Z,"Raport o stanie gminy za 2024 rok (did 2172599, kat 78); art. 28aa u.s.g.",0.339,true
6352,lubelskie,lubelski,Krzczonów,gmina wiejska,0609092,2025,brak_finalnie,,,,"dogłębne sprawdzenie: BIP (kat 78, szukajki, detale 8 kandydatów 2026), portal krzczonow.pl (szukajka, wp-json), web_search, Wayback; raport 2025 nieopublikowany",,"BRAK_URL (dowód istnienia: Uchwała Nr XX/126/2026 Rady Gminy Krzczonów z 22.06.2026 w sprawie absolutorium za 2025 (did 2354393) — raport o stanie gminy przedkładany w trybie art. 28aa na sesji absolutoriowej; BIP kat 78 kończy się na 2024 (did 2172599), szukajki „raport/stanie/2025/absolutorium” bez raportu 2025, portal krzczonow.pl = strona statyczna z raportem 2018 (wp 2019/07), wp-json search bez RoSG, Wayback CDX bez śladu)",2026-09-15T21:43:00Z,Raport o stanie gminy za 2025 rok — plik nieopublikowany/nieosiągalny; art. 28aa u.s.g.,,true
6353,lubelskie,lubelski,Niedrzwica Duża,gmina wiejska,0609102,2018,ok_finalnie,pdf,tekst (79 stron),https://ugniedrzwicaduza.bip.lubelskie.pl/upload/pliki/Raport_o_stanie_gminy_ND_2018.pdf,direct_without_tor (idcom ugniedrzwicaduza.bip.lubelskie.pl: kat 801 → detal did 1394646 → /upload/pliki/),b1c594b718dca6022df1ab86eece837054f319d4bb0aa69840e9d2dce5f71735,200,2026-09-15T20:29:59Z,"Raport o stanie gminy za 2018 rok (did 1394646, kat 801); art. 28aa u.s.g.",1.036,true
6354,lubelskie,lubelski,Niedrzwica Duża,gmina wiejska,0609102,2019,ok_finalnie,pdf,tekst (43 stron),https://ugniedrzwicaduza.bip.lubelskie.pl/upload/pliki/Raport_o_stanie_gminy_ND_2019.pdf,direct_without_tor (idcom ugniedrzwicaduza.bip.lubelskie.pl: kat 801 → detal did 1541196 → /upload/pliki/),490201596c440f1375f4e53abe9c94f7a982f67e690bbab0ab56400b0c7b9131,200,2026-09-15T20:29:59Z,"Raport o stanie gminy za 2019 rok (did 1541196, kat 801); art. 28aa u.s.g.",1.250,true
6355,lubelskie,lubelski,Niedrzwica Duża,gmina wiejska,0609102,2020,ok_finalnie,docx,tekst (docx; 109 tys. znaków),https://ugniedrzwicaduza.bip.lubelskie.pl/upload/pliki/RAPORT_O_STANIE_GMINY_ND_2020.docx,"direct_without_tor (idcom ugniedrzwicaduza.bip.lubelskie.pl: kat 801 → detal did 1640734 → /upload/pliki/, plik DOCX)",8f51feb470f24788c17ffd5b3c058dd998e370c32c1ae263c461ca45a068cbe0,200,2026-09-15T20:45:25Z,"Raport o stanie Gminy Niedrzwica Duża za rok 2020 (did 1640734, kat 801, plik DOCX); art. 28aa u.s.g.",1.764,true
6356,lubelskie,lubelski,Niedrzwica Duża,gmina wiejska,0609102,2021,ok_finalnie,pdf,tekst (65 stron),https://ugniedrzwicaduza.bip.lubelskie.pl/upload/pliki/raport-za-2021.pdf,direct_without_tor (idcom ugniedrzwicaduza.bip.lubelskie.pl: kat 801 → detal did 1759986 → /upload/pliki/),e8569acf29caefe097c48b36398e511a50d360aa7be0a4437a7737bb58efca53,200,2026-09-15T20:29:59Z,"Raport o stanie gminy za 2021 rok (did 1759986, kat 801); art. 28aa u.s.g.",2.969,true
6357,lubelskie,lubelski,Niedrzwica Duża,gmina wiejska,0609102,2022,ok_finalnie,pdf,tekst (67 stron),https://ugniedrzwicaduza.bip.lubelskie.pl/upload/pliki/raport-za-2022.pdf,direct_without_tor (idcom ugniedrzwicaduza.bip.lubelskie.pl: kat 801 → detal did 1893526 → /upload/pliki/),fff081897ac043d33fd785b4ee156ae668b62ba4e61b1afd56aaa5c991a26125,200,2026-09-15T20:29:59Z,"Raport o stanie gminy za 2022 rok (did 1893526, kat 801); art. 28aa u.s.g.",3.393,true
6358,lubelskie,lubelski,Niedrzwica Duża,gmina wiejska,0609102,2023,ok_finalnie,pdf,"skan (74 str.; okładka OCR: „R6. DODY 29. 7024. AT BIURO RADY GMINY RAPORT dns, 3 1 MAJ 2024 * NIEDRZWICA DUŻĄ O STANIE GMINY za 2023 rok MAJ 2024 rok Opracowanie: Urząd Gminy w Niedrzwicy Dużej Rapo"")",https://ugniedrzwicaduza.bip.lubelskie.pl/upload/pliki/raport_o_stanie_gminy_za_2023_rok.pdf,direct_without_tor (idcom ugniedrzwicaduza.bip.lubelskie.pl: kat 801 → detal did 2041460 → /upload/pliki/) + ocr,257122250fb95e51e69a81505856482bace1c015329cae07244b7abf239d135b,200,2026-09-15T20:29:59Z,"Raport o stanie gminy za 2023 rok (did 2041460, kat 801); art. 28aa u.s.g.",16.484,true
6359,lubelskie,lubelski,Niedrzwica Duża,gmina wiejska,0609102,2024,ok_finalnie,pdf,tekst (104 stron),https://ugniedrzwicaduza.bip.lubelskie.pl/upload/pliki/30.05.2025_raport_sig.pdf,direct_without_tor (idcom ugniedrzwicaduza.bip.lubelskie.pl: kat 801 → detal did 2175972 → /upload/pliki/),92f1826f9008d38d7040c8c122d7f40f8afb7d756d4ce3d0e1514d708b2e70b9,200,2026-09-15T20:29:59Z,"Raport o stanie gminy za 2024 rok (did 2175972, kat 801); art. 28aa u.s.g.",3.143,true
6360,lubelskie,lubelski,Niedrzwica Duża,gmina wiejska,0609102,2025,ok_finalnie,pdf,tekst (106 stron),https://ugniedrzwicaduza.bip.lubelskie.pl/upload/pliki/raport_o_stanie_gminy_sig.pdf,direct_without_tor (idcom ugniedrzwicaduza.bip.lubelskie.pl: kat 801 → detal did 2315416 → /upload/pliki/),86603e93ee5456eaa8c251fd721ca3e4c96e91c4f96a5fe481e1b8022b16ea2d,200,2026-09-15T20:29:59Z,"Raport o stanie gminy za 2025 rok (did 2315416, kat 801); art. 28aa u.s.g.",2.283,true
6361,lubelskie,lubelski,Niemce,gmina wiejska,0609112,2018,brak_finalnie,,,,"dogłębne sprawdzenie: BIP (szukajki, kat 269, CDX), portal niemce.pl, web_search (DDG/Google/Bing), Wayback; raport za 2018 istniał (docplayer), plik źródłowy nieosiągalny",,"BRAK_URL (dowód istnienia: pełny tekst „Raport o stanie Gminy Niemce za rok 2018” w serwisie docplayer.pl/209319793 (dokument obejmuje podsumowanie działalności Wójta Gminy Niemce za rok 2018); oryginalny plik nieopublikowany: ugniemce.bip.lubelskie.pl Raport_2018.pdf=404, CDX upload/pliki/*raport* tylko RAPORT_2020_PDF-1.pdf, kat 269 bez 2018, szukajki BIP „stanie/raport/roku” (714 didów, 241 z zakresów rocznikowych) bez załączników raportowych, portal niemce.pl bez śladu, Google/DDG bez pliku)",2026-09-15T21:43:00Z,Raport o stanie gminy za 2018 rok — plik nieopublikowany/nieosiągalny; art. 28aa u.s.g.,,true
6362,lubelskie,lubelski,Niemce,gmina wiejska,0609112,2019,ok_finalnie,pdf,tekst (68 stron),https://ugniemce.bip.lubelskie.pl/upload/pliki/Raport_2019.pdf,direct_without_tor (web_search → bezpośredni plik na ugniemce.bip.lubelskie.pl /upload/pliki/),272ae2e2a648529944d1c4e194bb5dac7842bbb0250910fe32684f4f26ac2f86,200,2026-09-15T21:07:12Z,Raport o stanie Gminy Niemce za rok 2019 (Raport_2019.pdf); art. 28aa u.s.g.,1.172,true
6363,lubelskie,lubelski,Niemce,gmina wiejska,0609112,2020,ok_finalnie,pdf,tekst (81 stron),https://ugniemce.bip.lubelskie.pl/upload/pliki/RAPORT_2020_PDF-1.pdf,direct_without_tor (web_search → Wayback CDX → plik istnieje bezpośrednio na ugniemce.bip.lubelskie.pl),597c6c3b869f4ba9cbf4295eb21289e1e8016dd789b0f0114719d119852a82a9,200,2026-09-15T21:29:09Z,Raport o stanie Gminy Niemce za rok 2020 (RAPORT_2020_PDF-1.pdf); art. 28aa u.s.g.,1.231,true
6364,lubelskie,lubelski,Niemce,gmina wiejska,0609112,2021,ok_finalnie,pdf,tekst (95 stron),https://ugniemce.bip.lubelskie.pl/upload/pliki/raport_2021.pdf,direct_without_tor (idcom ugniemce.bip.lubelskie.pl: kat 269 → detal did 2033691 → /upload/pliki/),6b28acf4f2c88669dfef89fa38ecb4120b384732c9baed349ddc1658717927aa,200,2026-09-15T20:29:59Z,"Raport o stanie gminy za 2021 rok (did 2033691, kat 269); art. 28aa u.s.g.",1.400,true
6365,lubelskie,lubelski,Niemce,gmina wiejska,0609112,2022,ok_finalnie,pdf,tekst (110 stron),https://ugniemce.bip.lubelskie.pl/upload/pliki/raport_2022.pdf,direct_without_tor (idcom ugniemce.bip.lubelskie.pl: kat 269 → detal did 2033682 → /upload/pliki/),2dfd86b62bd042fa5c30d0e85ced6747616cdfbfa64b29d5448a835ed39b1de9,200,2026-09-15T20:29:59Z,"Raport o stanie gminy za 2022 rok (did 2033682, kat 269); art. 28aa u.s.g.",1.454,true
6366,lubelskie,lubelski,Niemce,gmina wiejska,0609112,2023,ok_finalnie,pdf,tekst (115 stron),https://ugniemce.bip.lubelskie.pl/upload/pliki/raport_2023.pdf,direct_without_tor (idcom ugniemce.bip.lubelskie.pl: kat 269 → detal did 2033680 → /upload/pliki/),3eed07b82015a3cfb714445f5a9c48f1be64e08b44990f1d2125d7ab2aa14f5c,200,2026-09-15T20:29:59Z,"Raport o stanie gminy za 2023 rok (did 2033680, kat 269); art. 28aa u.s.g.",1.704,true
6367,lubelskie,lubelski,Niemce,gmina wiejska,0609112,2024,ok_finalnie,pdf,tekst (93 stron),https://cdn02.sulimo.pl/media/userfiles/gminaniemce2.cms3.pl/NEWS/2025/05maj/Raport_o_stanie_gminy_2024_copy.pdf,"direct_without_tor (web_search → CDN portalu niemce.pl cdn02.sulimo.pl, Referer hosta; potwierdzone Wayback CDX)",6ba22500f522d8bea61c8f7182c3f6c61db44fe4144c4180e8777abe72781f44,200,2026-09-15T21:29:53Z,"Raport o stanie Gminy Niemce za rok 2024 (Raport_o_stanie_gminy_2024_copy.pdf, NIEMCE MAJ 2025); art. 28aa u.s.g.",1.272,true
6368,lubelskie,lubelski,Niemce,gmina wiejska,0609112,2025,ok_finalnie,pdf,tekst (131 stron),https://ugniemce.bip.lubelskie.pl/upload/pliki/0raport_za_2025r.pdf,direct_without_tor (idcom ugniemce.bip.lubelskie.pl: kat 269 → detal did 2314658 → /upload/pliki/),400cae046efd765080ffe58e03e304a477db40dc4569365ee84dae14add40b49,200,2026-09-15T20:29:59Z,"Raport o stanie gminy za 2025 rok (did 2314658, kat 269); art. 28aa u.s.g.",1.868,true
6369,lubelskie,lubelski,Strzyżewice,gmina wiejska,0609122,2018,ok_finalnie,pdf,tekst (49 stron),https://ugstrzyzewice.bip.lubelskie.pl/upload/pliki/Raport_o_stanie_gminy_strzyzewice_za_rok_2018.3.pdf,direct_without_tor (idcom ugstrzyzewice.bip.lubelskie.pl: kat 465 → detal did 1392768 → /upload/pliki/),78519b650a1a562ba41df3271d389b1d4eb86c1a449deec8f5cf4d5fabbf6db3,200,2026-09-15T20:29:59Z,"Raport o stanie gminy za 2018 rok (did 1392768, kat 465); art. 28aa u.s.g.",1.776,true
6370,lubelskie,lubelski,Strzyżewice,gmina wiejska,0609122,2019,ok_finalnie,pdf,tekst (73 stron),https://ugstrzyzewice.bip.lubelskie.pl/upload/pliki/Raport_2019.pdf,direct_without_tor (idcom ugstrzyzewice.bip.lubelskie.pl: kat 465 → detal did 1537217 → /upload/pliki/),90e5c6f5526bd97a70db74f9bf283cc6c8304eb707f53adc83844710d394c15b,200,2026-09-15T20:29:59Z,"Raport o stanie gminy za 2019 rok (did 1537217, kat 465); art. 28aa u.s.g.",2.358,true
6371,lubelskie,lubelski,Strzyżewice,gmina wiejska,0609122,2020,ok_finalnie,pdf,tekst (99 stron),https://ugstrzyzewice.bip.lubelskie.pl/upload/pliki/Raport_o_stanie_Gminy_Strzyzewice_w_2020_r..pdf,direct_without_tor (idcom ugstrzyzewice.bip.lubelskie.pl: kat 465 → detal did 1641108 → /upload/pliki/),7b01f83482a4794212f4614d4fa7cd254bc30fe0831ecfd96571c14321ccaca7,200,2026-09-15T20:29:59Z,"Raport o stanie gminy za 2020 rok (did 1641108, kat 465); art. 28aa u.s.g.",3.925,true
6372,lubelskie,lubelski,Strzyżewice,gmina wiejska,0609122,2021,ok_finalnie,pdf,tekst (78 stron),https://ugstrzyzewice.bip.lubelskie.pl/upload/pliki/Raport_o_stanie_Gminy_Strzyzewice_w_2021_r..pdf,direct_without_tor (idcom ugstrzyzewice.bip.lubelskie.pl: kat 465 → detal did 1760498 → /upload/pliki/),f4bfe8019371c466c055cc1604f7156d473ec92274a37c3828e50c5078e69192,200,2026-09-15T20:29:59Z,"Raport o stanie gminy za 2021 rok (did 1760498, kat 465); art. 28aa u.s.g.",4.395,true
6373,lubelskie,lubelski,Strzyżewice,gmina wiejska,0609122,2022,ok_finalnie,pdf,tekst (64 stron),https://ugstrzyzewice.bip.lubelskie.pl/upload/pliki/raport-o-stanie-gminy-strzyzewice-w-2022-r.pdf,direct_without_tor (idcom ugstrzyzewice.bip.lubelskie.pl: kat 465 → detal did 1894286 → /upload/pliki/),64c00645bc3da16b049bb3b4bc2d2b626f6b345d9c41911fe3e5eb26f91017b4,200,2026-09-15T20:29:59Z,"Raport o stanie gminy za 2022 rok (did 1894286, kat 465); art. 28aa u.s.g.",3.586,true
6374,lubelskie,lubelski,Strzyżewice,gmina wiejska,0609122,2023,ok_finalnie,pdf,tekst (81 stron),https://ugstrzyzewice.bip.lubelskie.pl/upload/pliki/raport_o_stanie_gminy_za_2023_r.pdf,direct_without_tor (idcom ugstrzyzewice.bip.lubelskie.pl: kat 465 → detal did 2031789 → /upload/pliki/),fae134f027e8518a82b51dbe4c327902e914f0a01ef96798520409af1fe13adb,200,2026-09-15T20:29:59Z,"Raport o stanie gminy za 2023 rok (did 2031789, kat 465); art. 28aa u.s.g.",6.154,true
6375,lubelskie,lubelski,Strzyżewice,gmina wiejska,0609122,2024,ok_finalnie,pdf,tekst (79 stron),https://ugstrzyzewice.bip.lubelskie.pl/upload/pliki/raport_2024.pdf,direct_without_tor (idcom ugstrzyzewice.bip.lubelskie.pl: kat 465 → detal did 2172585 → /upload/pliki/),aae46e38d80a07092cd4c98e49953c0c47cd9a4b3ee48809bd3fb4f0b02f306d,200,2026-09-15T20:29:59Z,"Raport o stanie gminy za 2024 rok (did 2172585, kat 465); art. 28aa u.s.g.",5.055,true
6376,lubelskie,lubelski,Strzyżewice,gmina wiejska,0609122,2025,ok_finalnie,pdf,tekst (85 stron),https://ugstrzyzewice.bip.lubelskie.pl/upload/pliki/raport_o_stanie_gminy_strzyzewice_w_2025_r.pdf,direct_without_tor (idcom ugstrzyzewice.bip.lubelskie.pl: kat 465 → detal did 2312049 → /upload/pliki/),9f28273a82c623842932f2c8d0fc8663510c63dc5fd410a19f563c3980691655,200,2026-09-15T20:29:59Z,"Raport o stanie gminy za 2025 rok (did 2312049, kat 465); art. 28aa u.s.g.",8.544,true
6377,lubelskie,lubelski,Wojciechów,gmina wiejska,0609132,2018,ok_finalnie,pdf,tekst (106 stron),https://cdn02.sulimo.pl/media/userfiles/wojciechow.cms2.sulimo.pl/Aktualnosci/Rok_2019/maj/bc1092bcf10baa5259f63ba0fefe048d.pdf,"direct_without_tor (portal wojciechow.pl CMS sulimo: CDN cdn02.sulimo.pl, publikacja maj 2019)",c2fde13057a9f29da56943921acd1fe1685bc97bdfc9a33974cd5039788ac6a4,200,2026-09-15T20:42:51Z,Raport o stanie Gminy Wojciechów za 2018 rok (MAJ 2019); art. 28aa u.s.g.; Wójt Gminy Wojciechów / Urząd Gminy Wojciechów.,1.565,true
6378,lubelskie,lubelski,Wojciechów,gmina wiejska,0609132,2019,ok_finalnie,pdf,tekst (169 stron),https://ugwojciechow.bip.lubelskie.pl/upload/pliki/0Raport_o_stanie_gminy_Wojciechow_za_2019.pdf,direct_without_tor (idcom ugwojciechow.bip.lubelskie.pl: kat 178 → detal did 1520813 → /upload/pliki/),b5329d3265b194f23ee1ffa5698a2bbd6c0be37dc4d2c4768bd289783215febc,200,2026-09-15T20:29:59Z,"Raport o stanie gminy za 2019 rok (did 1520813, kat 178); art. 28aa u.s.g.",9.119,true
6379,lubelskie,lubelski,Wojciechów,gmina wiejska,0609132,2020,ok_finalnie,pdf,tekst (211 stron),https://ugwojciechow.bip.lubelskie.pl/upload/pliki/0Raport_o_stanie_gminy_Wojciechow_za_2020.pdf,direct_without_tor (idcom ugwojciechow.bip.lubelskie.pl: kat 178 → detal did 1638643 → /upload/pliki/),1a636b214c35c28e705795e30458373679bd378f2b2f5273dd69179446ba88d5,200,2026-09-15T20:29:59Z,"Raport o stanie gminy za 2020 rok (did 1638643, kat 178); art. 28aa u.s.g.",11.128,true
6380,lubelskie,lubelski,Wojciechów,gmina wiejska,0609132,2021,ok_finalnie,pdf,tekst (222 stron),https://ugwojciechow.bip.lubelskie.pl/upload/pliki/0Raport_o_stanie_gminy_Wojciechow_za_2021.pdf,direct_without_tor (idcom ugwojciechow.bip.lubelskie.pl: kat 178 → detal did 1758730 → /upload/pliki/),42142514c59a3cfc671f3f541cdaa0164e59124ccbd55de35027c3c24a040da0,200,2026-09-15T20:29:59Z,"Raport o stanie gminy za 2021 rok (did 1758730, kat 178); art. 28aa u.s.g.",14.067,true
6381,lubelskie,lubelski,Wojciechów,gmina wiejska,0609132,2022,ok_finalnie,pdf,tekst (242 stron),https://ugwojciechow.bip.lubelskie.pl/upload/pliki/raport-o-stanie-gminy-wojciechow-za-2022.pdf,direct_without_tor (idcom ugwojciechow.bip.lubelskie.pl: kat 178 → detal did 1895149 → /upload/pliki/),a1d9aff4830ba44f44b0aba0ade1d8a4435db4f231edc1a108a9a77229bd629d,200,2026-09-15T20:29:59Z,"Raport o stanie gminy za 2022 rok (did 1895149, kat 178); art. 28aa u.s.g.",16.383,true
6382,lubelskie,lubelski,Wojciechów,gmina wiejska,0609132,2023,ok_finalnie,pdf,tekst (279 stron),https://ugwojciechow.bip.lubelskie.pl/upload/pliki/0raport_o_stanie_gminy_wojciechow_za_2023.pdf,direct_without_tor (idcom ugwojciechow.bip.lubelskie.pl: kat 178 → detal did 2033600 → /upload/pliki/),4dc9fda4e3ab64d9184bc633cc9557840ec924a3dffcce65c9f5350814b17a24,200,2026-09-15T20:29:59Z,"Raport o stanie gminy za 2023 rok (did 2033600, kat 178); art. 28aa u.s.g.",21.654,true
6383,lubelskie,lubelski,Wojciechów,gmina wiejska,0609132,2024,ok_finalnie,pdf,tekst (298 stron),https://ugwojciechow.bip.lubelskie.pl/upload/pliki/3raport_o_stanie_gminy_wojciechow_za_2024.pdf,direct_without_tor (idcom ugwojciechow.bip.lubelskie.pl: kat 178 → detal did 2167647 → /upload/pliki/),0f2bc88160db20f5df0707cd8f00486c41dd8b043832828bc4a3a8124aa357f0,200,2026-09-15T20:29:59Z,"Raport o stanie gminy za 2024 rok (did 2167647, kat 178); art. 28aa u.s.g.",26.435,true
6384,lubelskie,lubelski,Wojciechów,gmina wiejska,0609132,2025,ok_finalnie,pdf,tekst (339 stron),https://ugwojciechow.bip.lubelskie.pl/upload/pliki/1raport_o_stanie_gminy_wojciechow_za_2025.pdf,direct_without_tor (idcom ugwojciechow.bip.lubelskie.pl: kat 178 → detal did 2299405 → /upload/pliki/),5db2cf00d5dcd9a6c4554f098b366ab9d3521633e5bb9d0bc409a9f2fcec3ab0,200,2026-09-15T20:29:59Z,"Raport o stanie gminy za 2025 rok (did 2299405, kat 178); art. 28aa u.s.g.",32.187,true
6385,lubelskie,lubelski,Wólka,gmina wiejska,0609142,2018,brak_finalnie,,,,"dogłębne sprawdzenie: BIP bip.wolka.pl (dział 5707 Raporty — pusty, tylko dostępności w osobnych wpisach; wyszukiwarka GET fraza=raport/stanie gminy/raport o stanie Gminy/28aa — bez RoSG; mapa_strony), portal wolka.pl (szukajka), web_search (DDG/Google), Wayback CDX (bip.wolka.pl i wolka.pl — brak plików/wpisów RoSG)",,BRAK_DOWODU_ISTNIENIA (niepowstały lub nieopublikowany),2026-09-15T21:43:00Z,Raport o stanie Gminy Wólka za 2018 rok — brak jakiegokolwiek śladu publikacji we wszystkich przeszukanych kanałach; art. 28aa u.s.g.,,false
6386,lubelskie,lubelski,Wólka,gmina wiejska,0609142,2019,brak_finalnie,,,,"dogłębne sprawdzenie: BIP bip.wolka.pl (dział 5707 Raporty — pusty, tylko dostępności w osobnych wpisach; wyszukiwarka GET fraza=raport/stanie gminy/raport o stanie Gminy/28aa — bez RoSG; mapa_strony), portal wolka.pl (szukajka), web_search (DDG/Google), Wayback CDX (bip.wolka.pl i wolka.pl — brak plików/wpisów RoSG)",,BRAK_DOWODU_ISTNIENIA (niepowstały lub nieopublikowany),2026-09-15T21:43:00Z,Raport o stanie Gminy Wólka za 2019 rok — brak jakiegokolwiek śladu publikacji we wszystkich przeszukanych kanałach; art. 28aa u.s.g.,,false
6387,lubelskie,lubelski,Wólka,gmina wiejska,0609142,2020,brak_finalnie,,,,"dogłębne sprawdzenie: BIP bip.wolka.pl (dział 5707 Raporty — pusty, tylko dostępności w osobnych wpisach; wyszukiwarka GET fraza=raport/stanie gminy/raport o stanie Gminy/28aa — bez RoSG; mapa_strony), portal wolka.pl (szukajka), web_search (DDG/Google), Wayback CDX (bip.wolka.pl i wolka.pl — brak plików/wpisów RoSG)",,BRAK_DOWODU_ISTNIENIA (niepowstały lub nieopublikowany),2026-09-15T21:43:00Z,Raport o stanie Gminy Wólka za 2020 rok — brak jakiegokolwiek śladu publikacji we wszystkich przeszukanych kanałach; art. 28aa u.s.g.,,false
6388,lubelskie,lubelski,Wólka,gmina wiejska,0609142,2021,brak_finalnie,,,,"dogłębne sprawdzenie: BIP bip.wolka.pl (dział 5707 Raporty — pusty, tylko dostępności w osobnych wpisach; wyszukiwarka GET fraza=raport/stanie gminy/raport o stanie Gminy/28aa — bez RoSG; mapa_strony), portal wolka.pl (szukajka), web_search (DDG/Google), Wayback CDX (bip.wolka.pl i wolka.pl — brak plików/wpisów RoSG)",,BRAK_DOWODU_ISTNIENIA (niepowstały lub nieopublikowany),2026-09-15T21:43:00Z,Raport o stanie Gminy Wólka za 2021 rok — brak jakiegokolwiek śladu publikacji we wszystkich przeszukanych kanałach; art. 28aa u.s.g.,,false
6389,lubelskie,lubelski,Wólka,gmina wiejska,0609142,2022,brak_finalnie,,,,"dogłębne sprawdzenie: BIP bip.wolka.pl (dział 5707 Raporty — pusty, tylko dostępności w osobnych wpisach; wyszukiwarka GET fraza=raport/stanie gminy/raport o stanie Gminy/28aa — bez RoSG; mapa_strony), portal wolka.pl (szukajka), web_search (DDG/Google), Wayback CDX (bip.wolka.pl i wolka.pl — brak plików/wpisów RoSG)",,BRAK_DOWODU_ISTNIENIA (niepowstały lub nieopublikowany),2026-09-15T21:43:00Z,Raport o stanie Gminy Wólka za 2022 rok — brak jakiegokolwiek śladu publikacji we wszystkich przeszukanych kanałach; art. 28aa u.s.g.,,false
6390,lubelskie,lubelski,Wólka,gmina wiejska,0609142,2023,brak_finalnie,,,,"dogłębne sprawdzenie: BIP bip.wolka.pl (dział 5707 Raporty — pusty, tylko dostępności w osobnych wpisach; wyszukiwarka GET fraza=raport/stanie gminy/raport o stanie Gminy/28aa — bez RoSG; mapa_strony), portal wolka.pl (szukajka), web_search (DDG/Google), Wayback CDX (bip.wolka.pl i wolka.pl — brak plików/wpisów RoSG)",,BRAK_DOWODU_ISTNIENIA (niepowstały lub nieopublikowany),2026-09-15T21:43:00Z,Raport o stanie Gminy Wólka za 2023 rok — brak jakiegokolwiek śladu publikacji we wszystkich przeszukanych kanałach; art. 28aa u.s.g.,,false
6391,lubelskie,lubelski,Wólka,gmina wiejska,0609142,2024,brak_finalnie,,,,"dogłębne sprawdzenie: BIP bip.wolka.pl (dział 5707 Raporty — pusty, tylko dostępności w osobnych wpisach; wyszukiwarka GET fraza=raport/stanie gminy/raport o stanie Gminy/28aa — bez RoSG; mapa_strony), portal wolka.pl (szukajka), web_search (DDG/Google), Wayback CDX (bip.wolka.pl i wolka.pl — brak plików/wpisów RoSG)",,BRAK_DOWODU_ISTNIENIA (niepowstały lub nieopublikowany),2026-09-15T21:43:00Z,Raport o stanie Gminy Wólka za 2024 rok — brak jakiegokolwiek śladu publikacji we wszystkich przeszukanych kanałach; art. 28aa u.s.g.,,false
6392,lubelskie,lubelski,Wólka,gmina wiejska,0609142,2025,brak_finalnie,,,,"dogłębne sprawdzenie: BIP bip.wolka.pl (dział 5707 Raporty — pusty, tylko dostępności w osobnych wpisach; wyszukiwarka GET fraza=raport/stanie gminy/raport o stanie Gminy/28aa — bez RoSG; mapa_strony), portal wolka.pl (szukajka), web_search (DDG/Google), Wayback CDX (bip.wolka.pl i wolka.pl — brak plików/wpisów RoSG)",,BRAK_DOWODU_ISTNIENIA (niepowstały lub nieopublikowany),2026-09-15T21:43:00Z,Raport o stanie Gminy Wólka za 2025 rok — brak jakiegokolwiek śladu publikacji we wszystkich przeszukanych kanałach; art. 28aa u.s.g.,,false
6393,lubelskie,lubelski,Wysokie,gmina wiejska,0609152,2018,ok_finalnie,pdf,tekst (53 stron),https://ugwysokie.bip.lubelskie.pl/upload/pliki/RAPORT_O_STANIE_GMINY_WYSOKIE_za_2018.pdf,direct_without_tor (idcom ugwysokie.bip.lubelskie.pl: kat 180 → detal did 1412955 → /upload/pliki/),4bef8ab8894679639ce19303ee54c809afa149dc82988ddebf665e4b2b93dff0,200,2026-09-15T20:29:59Z,"Raport o stanie gminy za 2018 rok (did 1412955, kat 180); art. 28aa u.s.g.",2.388,true
6394,lubelskie,lubelski,Wysokie,gmina wiejska,0609152,2019,ok_finalnie,pdf,tekst (62 stron),https://ugwysokie.bip.lubelskie.pl/upload/pliki/0Raport_2019_Final1.pdf,direct_without_tor (idcom ugwysokie.bip.lubelskie.pl: kat 180 → detal did 1652008 → /upload/pliki/),8e54ea97b033e80cd4c5eaa8677f5b8787ef413189c3c0e80bf345c2b420f817,200,2026-09-15T20:29:59Z,"Raport o stanie gminy za 2019 rok (did 1652008, kat 180); art. 28aa u.s.g.",5.248,true
6395,lubelskie,lubelski,Wysokie,gmina wiejska,0609152,2020,ok_finalnie,pdf,tekst (61 stron),https://ugwysokie.bip.lubelskie.pl/upload/pliki/Raport_o_stanie_gminy_2020.pdf,direct_without_tor (idcom ugwysokie.bip.lubelskie.pl: kat 180 → detal did 1652009 → /upload/pliki/),835dd96f23dbede7fb38b0e9b44e652826bc456010418582f42606af7e78505b,200,2026-09-15T20:29:59Z,"Raport o stanie gminy za 2020 rok (did 1652009, kat 180); art. 28aa u.s.g.",6.714,true
6396,lubelskie,lubelski,Wysokie,gmina wiejska,0609152,2021,ok_finalnie,pdf,tekst (57 stron),https://ugwysokie.bip.lubelskie.pl/upload/pliki/raport-za-2021.pdf,direct_without_tor (idcom ugwysokie.bip.lubelskie.pl: kat 180 → detal did 1856004 → /upload/pliki/),2c59352063ef21286de33ebf60f51c23f04e48956075eb74b025320aa6afbec9,200,2026-09-15T20:29:59Z,"Raport o stanie gminy za 2021 rok (did 1856004, kat 180); art. 28aa u.s.g.",5.300,true
6397,lubelskie,lubelski,Wysokie,gmina wiejska,0609152,2022,ok_finalnie,pdf,tekst (55 stron),https://ugwysokie.bip.lubelskie.pl/upload/pliki/raport_2022.pdf,direct_without_tor (idcom ugwysokie.bip.lubelskie.pl: kat 180 → detal did 1969486 → /upload/pliki/),e83ad96e4a50d9113f7ee06fd625657d53b444a1eb9b695ee0e4c4f4ac07c40c,200,2026-09-15T20:29:59Z,"Raport o stanie gminy za 2022 rok (did 1969486, kat 180); art. 28aa u.s.g.",7.608,true
6398,lubelskie,lubelski,Wysokie,gmina wiejska,0609152,2023,ok_finalnie,pdf,tekst (60 stron),https://ugwysokie.bip.lubelskie.pl/upload/pliki/raport_za_2023_rok.pdf,direct_without_tor (idcom ugwysokie.bip.lubelskie.pl: kat 180 → detal did 2173810 → /upload/pliki/),acdaa3b17a4bb49e0b1bcbba616ca869372f308b3918788baeffd4fd56e537eb,200,2026-09-15T20:29:59Z,"Raport o stanie gminy za 2023 rok (did 2173810, kat 180); art. 28aa u.s.g.",5.535,true
6399,lubelskie,lubelski,Wysokie,gmina wiejska,0609152,2024,ok_finalnie,pdf,tekst (54 stron),https://ugwysokie.bip.lubelskie.pl/upload/pliki/raport_o_stanie_gminy_wysokie_za_rok_2024_k.pdf,direct_without_tor (idcom ugwysokie.bip.lubelskie.pl: kat 180 → detal did 2194397 → /upload/pliki/),06a19eb87435137002650b2630aa7c6a77d69c7715b8485e047ddd957de51bff,200,2026-09-15T20:29:59Z,"Raport o stanie gminy za 2024 rok (did 2194397, kat 180); art. 28aa u.s.g.",3.171,true
6400,lubelskie,lubelski,Wysokie,gmina wiejska,0609152,2025,ok_finalnie,pdf,tekst (60 stron),https://ugwysokie.bip.lubelskie.pl/upload/pliki/raport_o_stanie_gminy_wysokie_za_rok_2025.maj_.pdf,direct_without_tor (idcom ugwysokie.bip.lubelskie.pl: kat 180 → detal did 2314663 → /upload/pliki/),0383b823edd5134d67dcc99ed6293a0367aadbcb95a8ca36975158624a657111,200,2026-09-15T20:29:59Z,"Raport o stanie gminy za 2025 rok (did 2314663, kat 180); art. 28aa u.s.g.",34.583,true
6401,lubelskie,lubelski,Zakrzew,gmina wiejska,0609162,2018,ok_finalnie,docx,tekst (docx; 81 tys. znaków),https://zakrzew.pl/wp-content/uploads/2019/05/RAPORT-O-STANIE-GMINY.docx,"direct_without_tor (portal zakrzew.pl WordPress: wpis „Raport o stanie Gminy Zakrzew za {rok} rok"" → wp-content/uploads/)",eafaa4e251f9cb905fe9570286297f8bbf1fdfb166e2c7afd73139ec8dafa6f8,200,2026-09-15T20:45:25Z,Raport o stanie gminy Zakrzew – 2018 rok (wpis portalu; 2018/2019: załącznik do zarz. Wójta nr 36/2021 i pokrewnych); art. 28aa u.s.g.; Wójt Gminy Zakrzew / Urząd Gminy Zakrzew.,2.279,true
6402,lubelskie,lubelski,Zakrzew,gmina wiejska,0609162,2019,ok_finalnie,docx,tekst (docx; 90 tys. znaków),https://zakrzew.pl/wp-content/uploads/2020/06/Raport-o-stanie-gminy-2019.docx,"direct_without_tor (portal zakrzew.pl WordPress: wpis „Raport o stanie Gminy Zakrzew za {rok} rok"" → wp-content/uploads/)",8661d8306da7b0bc20eece8ebc79aad8115e299436ffb02a5e1462290095693b,200,2026-09-15T20:45:25Z,Raport o stanie gminy Zakrzew – 2019 rok (wpis portalu; 2018/2019: załącznik do zarz. Wójta nr 36/2021 i pokrewnych); art. 28aa u.s.g.; Wójt Gminy Zakrzew / Urząd Gminy Zakrzew.,2.290,true
6403,lubelskie,lubelski,Zakrzew,gmina wiejska,0609162,2020,ok_finalnie,pdf,tekst (61 stron),https://zakrzew.pl/wp-content/uploads/2021/06/raport-o-stanie-gminy-za-2020-rok.pdf,"direct_without_tor (portal zakrzew.pl WordPress: wpis „Raport o stanie Gminy Zakrzew za {rok} rok"" → wp-content/uploads/)",3dbe0e2639119cbbc33333b5c002055faacdfc41839ef5bcb3c0ecf0bac6bc78,200,2026-09-15T20:45:25Z,Raport o stanie gminy Zakrzew – 2020 rok (wpis portalu; 2018/2019: załącznik do zarz. Wójta nr 36/2021 i pokrewnych); art. 28aa u.s.g.; Wójt Gminy Zakrzew / Urząd Gminy Zakrzew.,0.729,true
6404,lubelskie,lubelski,Zakrzew,gmina wiejska,0609162,2021,ok_finalnie,docx,tekst (docx; art. 28aa u.s.g.),https://zakrzew.biuletyn.net/archiwum/zakrzew.bip.gmina.pl/upload/Raport%20o%20stanie%20gminy%20Zakrzew%20za%202021%20rok.docx,direct_with_tor (zakrzew.bip.gmina.pl id=2738 → plik przeniesiony do archiwum: zakrzew.biuletyn.net/archiwum/zakrzew.bip.gmina.pl/upload/…DOCX),516b25751282457b81fedbbf76fc68b023428970d58b10d939787a7e70ff120a,200,2026-09-15T20:59:52Z,Raport o stanie Gminy Zakrzew za rok 2021 (DOCX); art. 28aa u.s.g.; TERYT 0609052; organ: Wójt Gminy Zakrzew,0.596,true
6405,lubelskie,lubelski,Zakrzew,gmina wiejska,0609162,2022,ok_finalnie,pdf,tekst (85 stron),https://zakrzew.pl/wp-content/uploads/2023/05/Raport-o-stanie-gminy-Zakrzew-za-2022-rok.pdf,"direct_without_tor (portal zakrzew.pl WordPress: wpis „Raport o stanie Gminy Zakrzew za {rok} rok"" → wp-content/uploads/)",44240f4e2a0e95a7b814432245c1b465e43d5b827a7719b3c3416ce8db623f19,200,2026-09-15T20:45:25Z,Raport o stanie gminy Zakrzew – 2022 rok (wpis portalu; 2018/2019: załącznik do zarz. Wójta nr 36/2021 i pokrewnych); art. 28aa u.s.g.; Wójt Gminy Zakrzew / Urząd Gminy Zakrzew.,0.855,true
6406,lubelskie,lubelski,Zakrzew,gmina wiejska,0609162,2023,ok_finalnie,pdf,tekst (93 stron),https://zakrzew.biuletyn.net/fls/bip_pliki/2024_05/BIPF6196FA360E899Z/Raport_o_stanie_gminy_Zakrzew_za_2023.pdf,direct_with_tor (zakrzew.pl wp-json/wp/v2/posts?slug=raport-o-stanie-gminy-zakrzew-za-2023-rok → zakrzew.biuletyn.net/fls/bip_pliki/2024_05/…),16b72038d393faf82c1f51f0737b84f25c4c6ac5a9033d3e603044e7cb8d93d5,200,2026-09-15T20:59:52Z,Raport o stanie Gminy Zakrzew za rok 2023; art. 28aa u.s.g.; TERYT 0609052; organ: Wójt Gminy Zakrzew,2.326,true
6407,lubelskie,lubelski,Zakrzew,gmina wiejska,0609162,2024,ok_finalnie,pdf,tekst (87 stron),https://zakrzew.biuletyn.net/fls/bip_pliki/2025_05/BIPF6357C23A14781Z/Raport_o_stanie_gminy_Zakrzew_za_2024.pdf,direct_with_tor (zakrzew.pl wp-json/wp/v2/posts?slug=raport-o-stanie-gminy-zakrzew-za-2024-rok → zakrzew.biuletyn.net/fls/bip_pliki/2025_05/…),23d5fe9be975fee37e3cfc7a746f8bb7756044ba2fd1f8a36714300d8c757e60,200,2026-09-15T20:59:52Z,Raport o stanie Gminy Zakrzew za rok 2024; art. 28aa u.s.g.; TERYT 0609052; organ: Wójt Gminy Zakrzew,2.574,true
6408,lubelskie,lubelski,Zakrzew,gmina wiejska,0609162,2025,ok_finalnie,pdf,tekst (88 stron),https://zakrzew.pl/wp-content/uploads/2026/05/Raport-o-stanie-gminy-Zakrzew-za-2025.pdf,"direct_without_tor (portal zakrzew.pl WordPress: wpis „Raport o stanie Gminy Zakrzew za {rok} rok"" → wp-content/uploads/)",6058fba279dbe565d91185d9a44b639115e02661bec4fb588b74b29539f42b62,200,2026-09-15T20:45:25Z,Raport o stanie gminy Zakrzew – 2025 rok (wpis portalu; 2018/2019: załącznik do zarz. Wójta nr 36/2021 i pokrewnych); art. 28aa u.s.g.; Wójt Gminy Zakrzew / Urząd Gminy Zakrzew.,1.973,true
6409,lubelskie,łęczyński,-,-,0610,2018,nowy,,,,,,,,,,
6410,lubelskie,łęczyński,-,-,0610,2019,nowy,,,,,,,,,,
6411,lubelskie,łęczyński,-,-,0610,2020,nowy,,,,,,,,,,
6412,lubelskie,łęczyński,-,-,0610,2021,nowy,,,,,,,,,,
6413,lubelskie,łęczyński,-,-,0610,2022,nowy,,,,,,,,,,
6414,lubelskie,łęczyński,-,-,0610,2023,nowy,,,,,,,,,,
6415,lubelskie,łęczyński,-,-,0610,2024,nowy,,,,,,,,,,
6416,lubelskie,łęczyński,-,-,0610,2025,nowy,,,,,,,,,,
6417,lubelskie,łęczyński,Cyców,gmina wiejska,0610012,2018,nowy,,,,,,,,,,
6418,lubelskie,łęczyński,Cyców,gmina wiejska,0610012,2019,nowy,,,,,,,,,,
6419,lubelskie,łęczyński,Cyców,gmina wiejska,0610012,2020,nowy,,,,,,,,,,
6420,lubelskie,łęczyński,Cyców,gmina wiejska,0610012,2021,nowy,,,,,,,,,,
6421,lubelskie,łęczyński,Cyców,gmina wiejska,0610012,2022,nowy,,,,,,,,,,
6422,lubelskie,łęczyński,Cyców,gmina wiejska,0610012,2023,nowy,,,,,,,,,,
6423,lubelskie,łęczyński,Cyców,gmina wiejska,0610012,2024,nowy,,,,,,,,,,
6424,lubelskie,łęczyński,Cyców,gmina wiejska,0610012,2025,nowy,,,,,,,,,,
6425,lubelskie,łęczyński,Ludwin,gmina wiejska,0610022,2018,nowy,,,,,,,,,,
6426,lubelskie,łęczyński,Ludwin,gmina wiejska,0610022,2019,nowy,,,,,,,,,,
6427,lubelskie,łęczyński,Ludwin,gmina wiejska,0610022,2020,nowy,,,,,,,,,,
6428,lubelskie,łęczyński,Ludwin,gmina wiejska,0610022,2021,nowy,,,,,,,,,,
6429,lubelskie,łęczyński,Ludwin,gmina wiejska,0610022,2022,nowy,,,,,,,,,,
6430,lubelskie,łęczyński,Ludwin,gmina wiejska,0610022,2023,nowy,,,,,,,,,,
6431,lubelskie,łęczyński,Ludwin,gmina wiejska,0610022,2024,nowy,,,,,,,,,,
6432,lubelskie,łęczyński,Ludwin,gmina wiejska,0610022,2025,nowy,,,,,,,,,,
6433,lubelskie,łęczyński,Łęczna,gmina miejsko-wiejska,0610033,2018,nowy,,,,,,,,,,
6434,lubelskie,łęczyński,Łęczna,gmina miejsko-wiejska,0610033,2019,nowy,,,,,,,,,,
6435,lubelskie,łęczyński,Łęczna,gmina miejsko-wiejska,0610033,2020,nowy,,,,,,,,,,
6436,lubelskie,łęczyński,Łęczna,gmina miejsko-wiejska,0610033,2021,nowy,,,,,,,,,,
6437,lubelskie,łęczyński,Łęczna,gmina miejsko-wiejska,0610033,2022,nowy,,,,,,,,,,
6438,lubelskie,łęczyński,Łęczna,gmina miejsko-wiejska,0610033,2023,nowy,,,,,,,,,,
6439,lubelskie,łęczyński,Łęczna,gmina miejsko-wiejska,0610033,2024,nowy,,,,,,,,,,
6440,lubelskie,łęczyński,Łęczna,gmina miejsko-wiejska,0610033,2025,nowy,,,,,,,,,,
6441,lubelskie,łęczyński,Milejów,gmina wiejska,0610042,2018,nowy,,,,,,,,,,
6442,lubelskie,łęczyński,Milejów,gmina wiejska,0610042,2019,nowy,,,,,,,,,,
6443,lubelskie,łęczyński,Milejów,gmina wiejska,0610042,2020,nowy,,,,,,,,,,
6444,lubelskie,łęczyński,Milejów,gmina wiejska,0610042,2021,nowy,,,,,,,,,,
6445,lubelskie,łęczyński,Milejów,gmina wiejska,0610042,2022,nowy,,,,,,,,,,
6446,lubelskie,łęczyński,Milejów,gmina wiejska,0610042,2023,nowy,,,,,,,,,,
6447,lubelskie,łęczyński,Milejów,gmina wiejska,0610042,2024,nowy,,,,,,,,,,
6448,lubelskie,łęczyński,Milejów,gmina wiejska,0610042,2025,nowy,,,,,,,,,,
6449,lubelskie,łęczyński,Puchaczów,gmina wiejska,0610052,2018,nowy,,,,,,,,,,
6450,lubelskie,łęczyński,Puchaczów,gmina wiejska,0610052,2019,nowy,,,,,,,,,,
6451,lubelskie,łęczyński,Puchaczów,gmina wiejska,0610052,2020,nowy,,,,,,,,,,
6452,lubelskie,łęczyński,Puchaczów,gmina wiejska,0610052,2021,nowy,,,,,,,,,,
6453,lubelskie,łęczyński,Puchaczów,gmina wiejska,0610052,2022,nowy,,,,,,,,,,
6454,lubelskie,łęczyński,Puchaczów,gmina wiejska,0610052,2023,nowy,,,,,,,,,,
6455,lubelskie,łęczyński,Puchaczów,gmina wiejska,0610052,2024,nowy,,,,,,,,,,
6456,lubelskie,łęczyński,Puchaczów,gmina wiejska,0610052,2025,nowy,,,,,,,,,,
6457,lubelskie,łęczyński,Spiczyn,gmina wiejska,0610062,2018,nowy,,,,,,,,,,
6458,lubelskie,łęczyński,Spiczyn,gmina wiejska,0610062,2019,nowy,,,,,,,,,,
6459,lubelskie,łęczyński,Spiczyn,gmina wiejska,0610062,2020,nowy,,,,,,,,,,
6460,lubelskie,łęczyński,Spiczyn,gmina wiejska,0610062,2021,nowy,,,,,,,,,,
6461,lubelskie,łęczyński,Spiczyn,gmina wiejska,0610062,2022,nowy,,,,,,,,,,
6462,lubelskie,łęczyński,Spiczyn,gmina wiejska,0610062,2023,nowy,,,,,,,,,,
6463,lubelskie,łęczyński,Spiczyn,gmina wiejska,0610062,2024,nowy,,,,,,,,,,
6464,lubelskie,łęczyński,Spiczyn,gmina wiejska,0610062,2025,nowy,,,,,,,,,,
6465,lubelskie,łukowski,-,-,0611,2018,nowy,,,,,,,,,,
6466,lubelskie,łukowski,-,-,0611,2019,nowy,,,,,,,,,,
6467,lubelskie,łukowski,-,-,0611,2020,nowy,,,,,,,,,,
6468,lubelskie,łukowski,-,-,0611,2021,nowy,,,,,,,,,,
6469,lubelskie,łukowski,-,-,0611,2022,nowy,,,,,,,,,,
6470,lubelskie,łukowski,-,-,0611,2023,nowy,,,,,,,,,,
6471,lubelskie,łukowski,-,-,0611,2024,nowy,,,,,,,,,,
6472,lubelskie,łukowski,-,-,0611,2025,nowy,,,,,,,,,,
6473,lubelskie,łukowski,Łuków,gmina miejska,0611011,2018,nowy,,,,,,,,,,
6474,lubelskie,łukowski,Łuków,gmina miejska,0611011,2019,nowy,,,,,,,,,,
6475,lubelskie,łukowski,Łuków,gmina miejska,0611011,2020,nowy,,,,,,,,,,
6476,lubelskie,łukowski,Łuków,gmina miejska,0611011,2021,nowy,,,,,,,,,,
6477,lubelskie,łukowski,Łuków,gmina miejska,0611011,2022,nowy,,,,,,,,,,
6478,lubelskie,łukowski,Łuków,gmina miejska,0611011,2023,nowy,,,,,,,,,,
6479,lubelskie,łukowski,Łuków,gmina miejska,0611011,2024,nowy,,,,,,,,,,
6480,lubelskie,łukowski,Łuków,gmina miejska,0611011,2025,nowy,,,,,,,,,,
6481,lubelskie,łukowski,Stoczek Łukowski,gmina miejska,0611021,2018,nowy,,,,,,,,,,
6482,lubelskie,łukowski,Stoczek Łukowski,gmina miejska,0611021,2019,nowy,,,,,,,,,,
6483,lubelskie,łukowski,Stoczek Łukowski,gmina miejska,0611021,2020,nowy,,,,,,,,,,
6484,lubelskie,łukowski,Stoczek Łukowski,gmina miejska,0611021,2021,nowy,,,,,,,,,,
6485,lubelskie,łukowski,Stoczek Łukowski,gmina miejska,0611021,2022,nowy,,,,,,,,,,
6486,lubelskie,łukowski,Stoczek Łukowski,gmina miejska,0611021,2023,nowy,,,,,,,,,,
6487,lubelskie,łukowski,Stoczek Łukowski,gmina miejska,0611021,2024,nowy,,,,,,,,,,
6488,lubelskie,łukowski,Stoczek Łukowski,gmina miejska,0611021,2025,nowy,,,,,,,,,,
6489,lubelskie,łukowski,Adamów,gmina wiejska,0611032,2018,nowy,,,,,,,,,,
6490,lubelskie,łukowski,Adamów,gmina wiejska,0611032,2019,nowy,,,,,,,,,,
6491,lubelskie,łukowski,Adamów,gmina wiejska,0611032,2020,nowy,,,,,,,,,,
6492,lubelskie,łukowski,Adamów,gmina wiejska,0611032,2021,nowy,,,,,,,,,,
6493,lubelskie,łukowski,Adamów,gmina wiejska,0611032,2022,nowy,,,,,,,,,,
6494,lubelskie,łukowski,Adamów,gmina wiejska,0611032,2023,nowy,,,,,,,,,,
6495,lubelskie,łukowski,Adamów,gmina wiejska,0611032,2024,nowy,,,,,,,,,,
6496,lubelskie,łukowski,Adamów,gmina wiejska,0611032,2025,nowy,,,,,,,,,,
6497,lubelskie,łukowski,Krzywda,gmina wiejska,0611042,2018,nowy,,,,,,,,,,
6498,lubelskie,łukowski,Krzywda,gmina wiejska,0611042,2019,nowy,,,,,,,,,,
6499,lubelskie,łukowski,Krzywda,gmina wiejska,0611042,2020,nowy,,,,,,,,,,
6500,lubelskie,łukowski,Krzywda,gmina wiejska,0611042,2021,nowy,,,,,,,,,,
6501,lubelskie,łukowski,Krzywda,gmina wiejska,0611042,2022,nowy,,,,,,,,,,
6502,lubelskie,łukowski,Krzywda,gmina wiejska,0611042,2023,nowy,,,,,,,,,,
6503,lubelskie,łukowski,Krzywda,gmina wiejska,0611042,2024,nowy,,,,,,,,,,
6504,lubelskie,łukowski,Krzywda,gmina wiejska,0611042,2025,nowy,,,,,,,,,,
6505,lubelskie,łukowski,Łuków,gmina wiejska,0611052,2018,nowy,,,,,,,,,,
6506,lubelskie,łukowski,Łuków,gmina wiejska,0611052,2019,nowy,,,,,,,,,,
6507,lubelskie,łukowski,Łuków,gmina wiejska,0611052,2020,nowy,,,,,,,,,,
6508,lubelskie,łukowski,Łuków,gmina wiejska,0611052,2021,nowy,,,,,,,,,,
6509,lubelskie,łukowski,Łuków,gmina wiejska,0611052,2022,nowy,,,,,,,,,,
6510,lubelskie,łukowski,Łuków,gmina wiejska,0611052,2023,nowy,,,,,,,,,,
6511,lubelskie,łukowski,Łuków,gmina wiejska,0611052,2024,nowy,,,,,,,,,,
6512,lubelskie,łukowski,Łuków,gmina wiejska,0611052,2025,nowy,,,,,,,,,,
6513,lubelskie,łukowski,Serokomla,gmina wiejska,0611062,2018,nowy,,,,,,,,,,
6514,lubelskie,łukowski,Serokomla,gmina wiejska,0611062,2019,nowy,,,,,,,,,,
6515,lubelskie,łukowski,Serokomla,gmina wiejska,0611062,2020,nowy,,,,,,,,,,
6516,lubelskie,łukowski,Serokomla,gmina wiejska,0611062,2021,nowy,,,,,,,,,,
6517,lubelskie,łukowski,Serokomla,gmina wiejska,0611062,2022,nowy,,,,,,,,,,
6518,lubelskie,łukowski,Serokomla,gmina wiejska,0611062,2023,nowy,,,,,,,,,,
6519,lubelskie,łukowski,Serokomla,gmina wiejska,0611062,2024,nowy,,,,,,,,,,
6520,lubelskie,łukowski,Serokomla,gmina wiejska,0611062,2025,nowy,,,,,,,,,,
6521,lubelskie,łukowski,Stanin,gmina wiejska,0611072,2018,nowy,,,,,,,,,,
6522,lubelskie,łukowski,Stanin,gmina wiejska,0611072,2019,nowy,,,,,,,,,,
6523,lubelskie,łukowski,Stanin,gmina wiejska,0611072,2020,nowy,,,,,,,,,,
6524,lubelskie,łukowski,Stanin,gmina wiejska,0611072,2021,nowy,,,,,,,,,,
6525,lubelskie,łukowski,Stanin,gmina wiejska,0611072,2022,nowy,,,,,,,,,,
6526,lubelskie,łukowski,Stanin,gmina wiejska,0611072,2023,nowy,,,,,,,,,,
6527,lubelskie,łukowski,Stanin,gmina wiejska,0611072,2024,nowy,,,,,,,,,,
6528,lubelskie,łukowski,Stanin,gmina wiejska,0611072,2025,nowy,,,,,,,,,,
6529,lubelskie,łukowski,Stoczek Łukowski,gmina wiejska,0611082,2018,nowy,,,,,,,,,,
6530,lubelskie,łukowski,Stoczek Łukowski,gmina wiejska,0611082,2019,nowy,,,,,,,,,,
6531,lubelskie,łukowski,Stoczek Łukowski,gmina wiejska,0611082,2020,nowy,,,,,,,,,,
6532,lubelskie,łukowski,Stoczek Łukowski,gmina wiejska,0611082,2021,nowy,,,,,,,,,,
6533,lubelskie,łukowski,Stoczek Łukowski,gmina wiejska,0611082,2022,nowy,,,,,,,,,,
6534,lubelskie,łukowski,Stoczek Łukowski,gmina wiejska,0611082,2023,nowy,,,,,,,,,,
6535,lubelskie,łukowski,Stoczek Łukowski,gmina wiejska,0611082,2024,nowy,,,,,,,,,,
6536,lubelskie,łukowski,Stoczek Łukowski,gmina wiejska,0611082,2025,nowy,,,,,,,,,,
6537,lubelskie,łukowski,Trzebieszów,gmina wiejska,0611092,2018,nowy,,,,,,,,,,
6538,lubelskie,łukowski,Trzebieszów,gmina wiejska,0611092,2019,nowy,,,,,,,,,,
6539,lubelskie,łukowski,Trzebieszów,gmina wiejska,0611092,2020,nowy,,,,,,,,,,
6540,lubelskie,łukowski,Trzebieszów,gmina wiejska,0611092,2021,nowy,,,,,,,,,,
6541,lubelskie,łukowski,Trzebieszów,gmina wiejska,0611092,2022,nowy,,,,,,,,,,
6542,lubelskie,łukowski,Trzebieszów,gmina wiejska,0611092,2023,nowy,,,,,,,,,,
6543,lubelskie,łukowski,Trzebieszów,gmina wiejska,0611092,2024,nowy,,,,,,,,,,
6544,lubelskie,łukowski,Trzebieszów,gmina wiejska,0611092,2025,nowy,,,,,,,,,,
6545,lubelskie,łukowski,Wojcieszków,gmina wiejska,0611102,2018,nowy,,,,,,,,,,
6546,lubelskie,łukowski,Wojcieszków,gmina wiejska,0611102,2019,nowy,,,,,,,,,,
6547,lubelskie,łukowski,Wojcieszków,gmina wiejska,0611102,2020,nowy,,,,,,,,,,
6548,lubelskie,łukowski,Wojcieszków,gmina wiejska,0611102,2021,nowy,,,,,,,,,,
6549,lubelskie,łukowski,Wojcieszków,gmina wiejska,0611102,2022,nowy,,,,,,,,,,
6550,lubelskie,łukowski,Wojcieszków,gmina wiejska,0611102,2023,nowy,,,,,,,,,,
6551,lubelskie,łukowski,Wojcieszków,gmina wiejska,0611102,2024,nowy,,,,,,,,,,
6552,lubelskie,łukowski,Wojcieszków,gmina wiejska,0611102,2025,nowy,,,,,,,,,,
6553,lubelskie,łukowski,Wola Mysłowska,gmina wiejska,0611112,2018,nowy,,,,,,,,,,
6554,lubelskie,łukowski,Wola Mysłowska,gmina wiejska,0611112,2019,nowy,,,,,,,,,,
6555,lubelskie,łukowski,Wola Mysłowska,gmina wiejska,0611112,2020,nowy,,,,,,,,,,
6556,lubelskie,łukowski,Wola Mysłowska,gmina wiejska,0611112,2021,nowy,,,,,,,,,,
6557,lubelskie,łukowski,Wola Mysłowska,gmina wiejska,0611112,2022,nowy,,,,,,,,,,
6558,lubelskie,łukowski,Wola Mysłowska,gmina wiejska,0611112,2023,nowy,,,,,,,,,,
6559,lubelskie,łukowski,Wola Mysłowska,gmina wiejska,0611112,2024,nowy,,,,,,,,,,
6560,lubelskie,łukowski,Wola Mysłowska,gmina wiejska,0611112,2025,nowy,,,,,,,,,,
6561,lubelskie,opolski,-,-,0612,2018,nowy,,,,,,,,,,
6562,lubelskie,opolski,-,-,0612,2019,nowy,,,,,,,,,,
6563,lubelskie,opolski,-,-,0612,2020,nowy,,,,,,,,,,
6564,lubelskie,opolski,-,-,0612,2021,nowy,,,,,,,,,,
6565,lubelskie,opolski,-,-,0612,2022,nowy,,,,,,,,,,
6566,lubelskie,opolski,-,-,0612,2023,nowy,,,,,,,,,,
6567,lubelskie,opolski,-,-,0612,2024,nowy,,,,,,,,,,
6568,lubelskie,opolski,-,-,0612,2025,nowy,,,,,,,,,,
6569,lubelskie,opolski,Chodel,gmina wiejska,0612012,2018,nowy,,,,,,,,,,
6570,lubelskie,opolski,Chodel,gmina wiejska,0612012,2019,nowy,,,,,,,,,,
6571,lubelskie,opolski,Chodel,gmina wiejska,0612012,2020,nowy,,,,,,,,,,
6572,lubelskie,opolski,Chodel,gmina wiejska,0612012,2021,nowy,,,,,,,,,,
6573,lubelskie,opolski,Chodel,gmina wiejska,0612012,2022,nowy,,,,,,,,,,
6574,lubelskie,opolski,Chodel,gmina wiejska,0612012,2023,nowy,,,,,,,,,,
6575,lubelskie,opolski,Chodel,gmina wiejska,0612012,2024,nowy,,,,,,,,,,
6576,lubelskie,opolski,Chodel,gmina wiejska,0612012,2025,nowy,,,,,,,,,,
6577,lubelskie,opolski,Józefów nad Wisłą,gmina miejsko-wiejska,0612023,2018,nowy,,,,,,,,,,
6578,lubelskie,opolski,Józefów nad Wisłą,gmina miejsko-wiejska,0612023,2019,nowy,,,,,,,,,,
6579,lubelskie,opolski,Józefów nad Wisłą,gmina miejsko-wiejska,0612023,2020,nowy,,,,,,,,,,
6580,lubelskie,opolski,Józefów nad Wisłą,gmina miejsko-wiejska,0612023,2021,nowy,,,,,,,,,,
6581,lubelskie,opolski,Józefów nad Wisłą,gmina miejsko-wiejska,0612023,2022,nowy,,,,,,,,,,
6582,lubelskie,opolski,Józefów nad Wisłą,gmina miejsko-wiejska,0612023,2023,nowy,,,,,,,,,,
6583,lubelskie,opolski,Józefów nad Wisłą,gmina miejsko-wiejska,0612023,2024,nowy,,,,,,,,,,
6584,lubelskie,opolski,Józefów nad Wisłą,gmina miejsko-wiejska,0612023,2025,nowy,,,,,,,,,,
6585,lubelskie,opolski,Karczmiska,gmina wiejska,0612032,2018,nowy,,,,,,,,,,
6586,lubelskie,opolski,Karczmiska,gmina wiejska,0612032,2019,nowy,,,,,,,,,,
6587,lubelskie,opolski,Karczmiska,gmina wiejska,0612032,2020,nowy,,,,,,,,,,
6588,lubelskie,opolski,Karczmiska,gmina wiejska,0612032,2021,nowy,,,,,,,,,,
6589,lubelskie,opolski,Karczmiska,gmina wiejska,0612032,2022,nowy,,,,,,,,,,
6590,lubelskie,opolski,Karczmiska,gmina wiejska,0612032,2023,nowy,,,,,,,,,,
6591,lubelskie,opolski,Karczmiska,gmina wiejska,0612032,2024,nowy,,,,,,,,,,
6592,lubelskie,opolski,Karczmiska,gmina wiejska,0612032,2025,nowy,,,,,,,,,,
6593,lubelskie,opolski,Łaziska,gmina wiejska,0612042,2018,nowy,,,,,,,,,,
6594,lubelskie,opolski,Łaziska,gmina wiejska,0612042,2019,nowy,,,,,,,,,,
6595,lubelskie,opolski,Łaziska,gmina wiejska,0612042,2020,nowy,,,,,,,,,,
6596,lubelskie,opolski,Łaziska,gmina wiejska,0612042,2021,nowy,,,,,,,,,,
6597,lubelskie,opolski,Łaziska,gmina wiejska,0612042,2022,nowy,,,,,,,,,,
6598,lubelskie,opolski,Łaziska,gmina wiejska,0612042,2023,nowy,,,,,,,,,,
6599,lubelskie,opolski,Łaziska,gmina wiejska,0612042,2024,nowy,,,,,,,,,,
6600,lubelskie,opolski,Łaziska,gmina wiejska,0612042,2025,nowy,,,,,,,,,,
6601,lubelskie,opolski,Opole Lubelskie,gmina miejsko-wiejska,0612053,2018,nowy,,,,,,,,,,
6602,lubelskie,opolski,Opole Lubelskie,gmina miejsko-wiejska,0612053,2019,nowy,,,,,,,,,,
6603,lubelskie,opolski,Opole Lubelskie,gmina miejsko-wiejska,0612053,2020,nowy,,,,,,,,,,
6604,lubelskie,opolski,Opole Lubelskie,gmina miejsko-wiejska,0612053,2021,nowy,,,,,,,,,,
6605,lubelskie,opolski,Opole Lubelskie,gmina miejsko-wiejska,0612053,2022,nowy,,,,,,,,,,
6606,lubelskie,opolski,Opole Lubelskie,gmina miejsko-wiejska,0612053,2023,nowy,,,,,,,,,,
6607,lubelskie,opolski,Opole Lubelskie,gmina miejsko-wiejska,0612053,2024,nowy,,,,,,,,,,
6608,lubelskie,opolski,Opole Lubelskie,gmina miejsko-wiejska,0612053,2025,nowy,,,,,,,,,,
6609,lubelskie,opolski,Poniatowa,gmina miejsko-wiejska,0612063,2018,nowy,,,,,,,,,,
6610,lubelskie,opolski,Poniatowa,gmina miejsko-wiejska,0612063,2019,nowy,,,,,,,,,,
6611,lubelskie,opolski,Poniatowa,gmina miejsko-wiejska,0612063,2020,nowy,,,,,,,,,,
6612,lubelskie,opolski,Poniatowa,gmina miejsko-wiejska,0612063,2021,nowy,,,,,,,,,,
6613,lubelskie,opolski,Poniatowa,gmina miejsko-wiejska,0612063,2022,nowy,,,,,,,,,,
6614,lubelskie,opolski,Poniatowa,gmina miejsko-wiejska,0612063,2023,nowy,,,,,,,,,,
6615,lubelskie,opolski,Poniatowa,gmina miejsko-wiejska,0612063,2024,nowy,,,,,,,,,,
6616,lubelskie,opolski,Poniatowa,gmina miejsko-wiejska,0612063,2025,nowy,,,,,,,,,,
6617,lubelskie,opolski,Wilków,gmina wiejska,0612072,2018,nowy,,,,,,,,,,
6618,lubelskie,opolski,Wilków,gmina wiejska,0612072,2019,nowy,,,,,,,,,,
6619,lubelskie,opolski,Wilków,gmina wiejska,0612072,2020,nowy,,,,,,,,,,
6620,lubelskie,opolski,Wilków,gmina wiejska,0612072,2021,nowy,,,,,,,,,,
6621,lubelskie,opolski,Wilków,gmina wiejska,0612072,2022,nowy,,,,,,,,,,
6622,lubelskie,opolski,Wilków,gmina wiejska,0612072,2023,nowy,,,,,,,,,,
6623,lubelskie,opolski,Wilków,gmina wiejska,0612072,2024,nowy,,,,,,,,,,
6624,lubelskie,opolski,Wilków,gmina wiejska,0612072,2025,nowy,,,,,,,,,,
6625,lubelskie,parczewski,-,-,0613,2018,nowy,,,,,,,,,,
6626,lubelskie,parczewski,-,-,0613,2019,nowy,,,,,,,,,,
6627,lubelskie,parczewski,-,-,0613,2020,nowy,,,,,,,,,,
6628,lubelskie,parczewski,-,-,0613,2021,nowy,,,,,,,,,,
6629,lubelskie,parczewski,-,-,0613,2022,nowy,,,,,,,,,,
6630,lubelskie,parczewski,-,-,0613,2023,nowy,,,,,,,,,,
6631,lubelskie,parczewski,-,-,0613,2024,nowy,,,,,,,,,,
6632,lubelskie,parczewski,-,-,0613,2025,nowy,,,,,,,,,,
6633,lubelskie,parczewski,Dębowa Kłoda,gmina wiejska,0613012,2018,nowy,,,,,,,,,,
6634,lubelskie,parczewski,Dębowa Kłoda,gmina wiejska,0613012,2019,nowy,,,,,,,,,,
6635,lubelskie,parczewski,Dębowa Kłoda,gmina wiejska,0613012,2020,nowy,,,,,,,,,,
6636,lubelskie,parczewski,Dębowa Kłoda,gmina wiejska,0613012,2021,nowy,,,,,,,,,,
6637,lubelskie,parczewski,Dębowa Kłoda,gmina wiejska,0613012,2022,nowy,,,,,,,,,,
6638,lubelskie,parczewski,Dębowa Kłoda,gmina wiejska,0613012,2023,nowy,,,,,,,,,,
6639,lubelskie,parczewski,Dębowa Kłoda,gmina wiejska,0613012,2024,nowy,,,,,,,,,,
6640,lubelskie,parczewski,Dębowa Kłoda,gmina wiejska,0613012,2025,nowy,,,,,,,,,,
6641,lubelskie,parczewski,Jabłoń,gmina wiejska,0613022,2018,nowy,,,,,,,,,,
6642,lubelskie,parczewski,Jabłoń,gmina wiejska,0613022,2019,nowy,,,,,,,,,,
6643,lubelskie,parczewski,Jabłoń,gmina wiejska,0613022,2020,nowy,,,,,,,,,,
6644,lubelskie,parczewski,Jabłoń,gmina wiejska,0613022,2021,nowy,,,,,,,,,,
6645,lubelskie,parczewski,Jabłoń,gmina wiejska,0613022,2022,nowy,,,,,,,,,,
6646,lubelskie,parczewski,Jabłoń,gmina wiejska,0613022,2023,nowy,,,,,,,,,,
6647,lubelskie,parczewski,Jabłoń,gmina wiejska,0613022,2024,nowy,,,,,,,,,,
6648,lubelskie,parczewski,Jabłoń,gmina wiejska,0613022,2025,nowy,,,,,,,,,,
6649,lubelskie,parczewski,Milanów,gmina wiejska,0613032,2018,nowy,,,,,,,,,,
6650,lubelskie,parczewski,Milanów,gmina wiejska,0613032,2019,nowy,,,,,,,,,,
6651,lubelskie,parczewski,Milanów,gmina wiejska,0613032,2020,nowy,,,,,,,,,,
6652,lubelskie,parczewski,Milanów,gmina wiejska,0613032,2021,nowy,,,,,,,,,,
6653,lubelskie,parczewski,Milanów,gmina wiejska,0613032,2022,nowy,,,,,,,,,,
6654,lubelskie,parczewski,Milanów,gmina wiejska,0613032,2023,nowy,,,,,,,,,,
6655,lubelskie,parczewski,Milanów,gmina wiejska,0613032,2024,nowy,,,,,,,,,,
6656,lubelskie,parczewski,Milanów,gmina wiejska,0613032,2025,nowy,,,,,,,,,,
6657,lubelskie,parczewski,Parczew,gmina miejsko-wiejska,0613043,2018,nowy,,,,,,,,,,
6658,lubelskie,parczewski,Parczew,gmina miejsko-wiejska,0613043,2019,nowy,,,,,,,,,,
6659,lubelskie,parczewski,Parczew,gmina miejsko-wiejska,0613043,2020,nowy,,,,,,,,,,
6660,lubelskie,parczewski,Parczew,gmina miejsko-wiejska,0613043,2021,nowy,,,,,,,,,,
6661,lubelskie,parczewski,Parczew,gmina miejsko-wiejska,0613043,2022,nowy,,,,,,,,,,
6662,lubelskie,parczewski,Parczew,gmina miejsko-wiejska,0613043,2023,nowy,,,,,,,,,,
6663,lubelskie,parczewski,Parczew,gmina miejsko-wiejska,0613043,2024,nowy,,,,,,,,,,
6664,lubelskie,parczewski,Parczew,gmina miejsko-wiejska,0613043,2025,nowy,,,,,,,,,,
6665,lubelskie,parczewski,Podedwórze,gmina wiejska,0613052,2018,nowy,,,,,,,,,,
6666,lubelskie,parczewski,Podedwórze,gmina wiejska,0613052,2019,nowy,,,,,,,,,,
6667,lubelskie,parczewski,Podedwórze,gmina wiejska,0613052,2020,nowy,,,,,,,,,,
6668,lubelskie,parczewski,Podedwórze,gmina wiejska,0613052,2021,nowy,,,,,,,,,,
6669,lubelskie,parczewski,Podedwórze,gmina wiejska,0613052,2022,nowy,,,,,,,,,,
6670,lubelskie,parczewski,Podedwórze,gmina wiejska,0613052,2023,nowy,,,,,,,,,,
6671,lubelskie,parczewski,Podedwórze,gmina wiejska,0613052,2024,nowy,,,,,,,,,,
6672,lubelskie,parczewski,Podedwórze,gmina wiejska,0613052,2025,nowy,,,,,,,,,,
6673,lubelskie,parczewski,Siemień,gmina wiejska,0613062,2018,nowy,,,,,,,,,,
6674,lubelskie,parczewski,Siemień,gmina wiejska,0613062,2019,nowy,,,,,,,,,,
6675,lubelskie,parczewski,Siemień,gmina wiejska,0613062,2020,nowy,,,,,,,,,,
6676,lubelskie,parczewski,Siemień,gmina wiejska,0613062,2021,nowy,,,,,,,,,,
6677,lubelskie,parczewski,Siemień,gmina wiejska,0613062,2022,nowy,,,,,,,,,,
6678,lubelskie,parczewski,Siemień,gmina wiejska,0613062,2023,nowy,,,,,,,,,,
6679,lubelskie,parczewski,Siemień,gmina wiejska,0613062,2024,nowy,,,,,,,,,,
6680,lubelskie,parczewski,Siemień,gmina wiejska,0613062,2025,nowy,,,,,,,,,,
6681,lubelskie,parczewski,Sosnowica,gmina wiejska,0613072,2018,nowy,,,,,,,,,,
6682,lubelskie,parczewski,Sosnowica,gmina wiejska,0613072,2019,nowy,,,,,,,,,,
6683,lubelskie,parczewski,Sosnowica,gmina wiejska,0613072,2020,nowy,,,,,,,,,,
6684,lubelskie,parczewski,Sosnowica,gmina wiejska,0613072,2021,nowy,,,,,,,,,,
6685,lubelskie,parczewski,Sosnowica,gmina wiejska,0613072,2022,nowy,,,,,,,,,,
6686,lubelskie,parczewski,Sosnowica,gmina wiejska,0613072,2023,nowy,,,,,,,,,,
6687,lubelskie,parczewski,Sosnowica,gmina wiejska,0613072,2024,nowy,,,,,,,,,,
6688,lubelskie,parczewski,Sosnowica,gmina wiejska,0613072,2025,nowy,,,,,,,,,,
6689,lubelskie,puławski,-,-,0614,2018,nowy,,,,,,,,,,
6690,lubelskie,puławski,-,-,0614,2019,nowy,,,,,,,,,,
6691,lubelskie,puławski,-,-,0614,2020,nowy,,,,,,,,,,
6692,lubelskie,puławski,-,-,0614,2021,nowy,,,,,,,,,,
6693,lubelskie,puławski,-,-,0614,2022,nowy,,,,,,,,,,
6694,lubelskie,puławski,-,-,0614,2023,nowy,,,,,,,,,,
6695,lubelskie,puławski,-,-,0614,2024,nowy,,,,,,,,,,
6696,lubelskie,puławski,-,-,0614,2025,nowy,,,,,,,,,,
6697,lubelskie,puławski,Puławy,gmina miejska,0614011,2018,nowy,,,,,,,,,,
6698,lubelskie,puławski,Puławy,gmina miejska,0614011,2019,nowy,,,,,,,,,,
6699,lubelskie,puławski,Puławy,gmina miejska,0614011,2020,nowy,,,,,,,,,,
6700,lubelskie,puławski,Puławy,gmina miejska,0614011,2021,nowy,,,,,,,,,,
6701,lubelskie,puławski,Puławy,gmina miejska,0614011,2022,nowy,,,,,,,,,,
6702,lubelskie,puławski,Puławy,gmina miejska,0614011,2023,nowy,,,,,,,,,,
6703,lubelskie,puławski,Puławy,gmina miejska,0614011,2024,nowy,,,,,,,,,,
6704,lubelskie,puławski,Puławy,gmina miejska,0614011,2025,nowy,,,,,,,,,,
6705,lubelskie,puławski,Baranów,gmina wiejska,0614022,2018,nowy,,,,,,,,,,
6706,lubelskie,puławski,Baranów,gmina wiejska,0614022,2019,nowy,,,,,,,,,,
6707,lubelskie,puławski,Baranów,gmina wiejska,0614022,2020,nowy,,,,,,,,,,
6708,lubelskie,puławski,Baranów,gmina wiejska,0614022,2021,nowy,,,,,,,,,,
6709,lubelskie,puławski,Baranów,gmina wiejska,0614022,2022,nowy,,,,,,,,,,
6710,lubelskie,puławski,Baranów,gmina wiejska,0614022,2023,nowy,,,,,,,,,,
6711,lubelskie,puławski,Baranów,gmina wiejska,0614022,2024,nowy,,,,,,,,,,
6712,lubelskie,puławski,Baranów,gmina wiejska,0614022,2025,nowy,,,,,,,,,,
6713,lubelskie,puławski,Janowiec,gmina wiejska,0614032,2018,nowy,,,,,,,,,,
6714,lubelskie,puławski,Janowiec,gmina wiejska,0614032,2019,nowy,,,,,,,,,,
6715,lubelskie,puławski,Janowiec,gmina wiejska,0614032,2020,nowy,,,,,,,,,,
6716,lubelskie,puławski,Janowiec,gmina wiejska,0614032,2021,nowy,,,,,,,,,,
6717,lubelskie,puławski,Janowiec,gmina wiejska,0614032,2022,nowy,,,,,,,,,,
6718,lubelskie,puławski,Janowiec,gmina wiejska,0614032,2023,nowy,,,,,,,,,,
6719,lubelskie,puławski,Janowiec,gmina wiejska,0614032,2024,nowy,,,,,,,,,,
6720,lubelskie,puławski,Janowiec,gmina wiejska,0614032,2025,nowy,,,,,,,,,,
6721,lubelskie,puławski,Kazimierz Dolny,gmina miejsko-wiejska,0614043,2018,nowy,,,,,,,,,,
6722,lubelskie,puławski,Kazimierz Dolny,gmina miejsko-wiejska,0614043,2019,nowy,,,,,,,,,,
6723,lubelskie,puławski,Kazimierz Dolny,gmina miejsko-wiejska,0614043,2020,nowy,,,,,,,,,,
6724,lubelskie,puławski,Kazimierz Dolny,gmina miejsko-wiejska,0614043,2021,nowy,,,,,,,,,,
6725,lubelskie,puławski,Kazimierz Dolny,gmina miejsko-wiejska,0614043,2022,nowy,,,,,,,,,,
6726,lubelskie,puławski,Kazimierz Dolny,gmina miejsko-wiejska,0614043,2023,nowy,,,,,,,,,,
6727,lubelskie,puławski,Kazimierz Dolny,gmina miejsko-wiejska,0614043,2024,nowy,,,,,,,,,,
6728,lubelskie,puławski,Kazimierz Dolny,gmina miejsko-wiejska,0614043,2025,nowy,,,,,,,,,,
6729,lubelskie,puławski,Końskowola,gmina wiejska,0614052,2018,nowy,,,,,,,,,,
6730,lubelskie,puławski,Końskowola,gmina wiejska,0614052,2019,nowy,,,,,,,,,,
6731,lubelskie,puławski,Końskowola,gmina wiejska,0614052,2020,nowy,,,,,,,,,,
6732,lubelskie,puławski,Końskowola,gmina wiejska,0614052,2021,nowy,,,,,,,,,,
6733,lubelskie,puławski,Końskowola,gmina wiejska,0614052,2022,nowy,,,,,,,,,,
6734,lubelskie,puławski,Końskowola,gmina wiejska,0614052,2023,nowy,,,,,,,,,,
6735,lubelskie,puławski,Końskowola,gmina wiejska,0614052,2024,nowy,,,,,,,,,,
6736,lubelskie,puławski,Końskowola,gmina miejsko-wiejska,0614053,2025,nowy,,,,,,,,,,
6737,lubelskie,puławski,Kurów,gmina wiejska,0614062,2018,nowy,,,,,,,,,,
6738,lubelskie,puławski,Kurów,gmina wiejska,0614062,2019,nowy,,,,,,,,,,
6739,lubelskie,puławski,Kurów,gmina wiejska,0614062,2020,nowy,,,,,,,,,,
6740,lubelskie,puławski,Kurów,gmina wiejska,0614062,2021,nowy,,,,,,,,,,
6741,lubelskie,puławski,Kurów,gmina wiejska,0614062,2022,nowy,,,,,,,,,,
6742,lubelskie,puławski,Kurów,gmina wiejska,0614062,2023,nowy,,,,,,,,,,
6743,lubelskie,puławski,Kurów,gmina wiejska,0614062,2024,nowy,,,,,,,,,,
6744,lubelskie,puławski,Kurów,gmina miejsko-wiejska,0614063,2025,nowy,,,,,,,,,,
6745,lubelskie,puławski,Markuszów,gmina wiejska,0614072,2018,nowy,,,,,,,,,,
6746,lubelskie,puławski,Markuszów,gmina wiejska,0614072,2019,nowy,,,,,,,,,,
6747,lubelskie,puławski,Markuszów,gmina wiejska,0614072,2020,nowy,,,,,,,,,,
6748,lubelskie,puławski,Markuszów,gmina wiejska,0614072,2021,nowy,,,,,,,,,,
6749,lubelskie,puławski,Markuszów,gmina wiejska,0614072,2022,nowy,,,,,,,,,,
6750,lubelskie,puławski,Markuszów,gmina wiejska,0614072,2023,nowy,,,,,,,,,,
6751,lubelskie,puławski,Markuszów,gmina wiejska,0614072,2024,nowy,,,,,,,,,,
6752,lubelskie,puławski,Markuszów,gmina wiejska,0614072,2025,nowy,,,,,,,,,,
6753,lubelskie,puławski,Nałęczów,gmina miejsko-wiejska,0614083,2018,nowy,,,,,,,,,,
6754,lubelskie,puławski,Nałęczów,gmina miejsko-wiejska,0614083,2019,nowy,,,,,,,,,,
6755,lubelskie,puławski,Nałęczów,gmina miejsko-wiejska,0614083,2020,nowy,,,,,,,,,,
6756,lubelskie,puławski,Nałęczów,gmina miejsko-wiejska,0614083,2021,nowy,,,,,,,,,,
6757,lubelskie,puławski,Nałęczów,gmina miejsko-wiejska,0614083,2022,nowy,,,,,,,,,,
6758,lubelskie,puławski,Nałęczów,gmina miejsko-wiejska,0614083,2023,nowy,,,,,,,,,,
6759,lubelskie,puławski,Nałęczów,gmina miejsko-wiejska,0614083,2024,nowy,,,,,,,,,,
6760,lubelskie,puławski,Nałęczów,gmina miejsko-wiejska,0614083,2025,nowy,,,,,,,,,,
6761,lubelskie,puławski,Puławy,gmina wiejska,0614092,2018,nowy,,,,,,,,,,
6762,lubelskie,puławski,Puławy,gmina wiejska,0614092,2019,nowy,,,,,,,,,,
6763,lubelskie,puławski,Puławy,gmina wiejska,0614092,2020,nowy,,,,,,,,,,
6764,lubelskie,puławski,Puławy,gmina wiejska,0614092,2021,nowy,,,,,,,,,,
6765,lubelskie,puławski,Puławy,gmina wiejska,0614092,2022,nowy,,,,,,,,,,
6766,lubelskie,puławski,Puławy,gmina wiejska,0614092,2023,nowy,,,,,,,,,,
6767,lubelskie,puławski,Puławy,gmina wiejska,0614092,2024,nowy,,,,,,,,,,
6768,lubelskie,puławski,Puławy,gmina wiejska,0614092,2025,nowy,,,,,,,,,,
6769,lubelskie,puławski,Wąwolnica,gmina wiejska,0614102,2018,nowy,,,,,,,,,,
6770,lubelskie,puławski,Wąwolnica,gmina wiejska,0614102,2019,nowy,,,,,,,,,,
6771,lubelskie,puławski,Wąwolnica,gmina wiejska,0614102,2020,nowy,,,,,,,,,,
6772,lubelskie,puławski,Wąwolnica,gmina wiejska,0614102,2021,nowy,,,,,,,,,,
6773,lubelskie,puławski,Wąwolnica,gmina wiejska,0614102,2022,nowy,,,,,,,,,,
6774,lubelskie,puławski,Wąwolnica,gmina wiejska,0614102,2023,nowy,,,,,,,,,,
6775,lubelskie,puławski,Wąwolnica,gmina wiejska,0614102,2024,nowy,,,,,,,,,,
6776,lubelskie,puławski,Wąwolnica,gmina miejsko-wiejska,0614103,2025,nowy,,,,,,,,,,
6777,lubelskie,puławski,Żyrzyn,gmina wiejska,0614112,2018,nowy,,,,,,,,,,
6778,lubelskie,puławski,Żyrzyn,gmina wiejska,0614112,2019,nowy,,,,,,,,,,
6779,lubelskie,puławski,Żyrzyn,gmina wiejska,0614112,2020,nowy,,,,,,,,,,
6780,lubelskie,puławski,Żyrzyn,gmina wiejska,0614112,2021,nowy,,,,,,,,,,
6781,lubelskie,puławski,Żyrzyn,gmina wiejska,0614112,2022,nowy,,,,,,,,,,
6782,lubelskie,puławski,Żyrzyn,gmina wiejska,0614112,2023,nowy,,,,,,,,,,
6783,lubelskie,puławski,Żyrzyn,gmina wiejska,0614112,2024,nowy,,,,,,,,,,
6784,lubelskie,puławski,Żyrzyn,gmina wiejska,0614112,2025,nowy,,,,,,,,,,
6785,lubelskie,radzyński,-,-,0615,2018,nowy,,,,,,,,,,
6786,lubelskie,radzyński,-,-,0615,2019,nowy,,,,,,,,,,
6787,lubelskie,radzyński,-,-,0615,2020,nowy,,,,,,,,,,
6788,lubelskie,radzyński,-,-,0615,2021,nowy,,,,,,,,,,
6789,lubelskie,radzyński,-,-,0615,2022,nowy,,,,,,,,,,
6790,lubelskie,radzyński,-,-,0615,2023,nowy,,,,,,,,,,
6791,lubelskie,radzyński,-,-,0615,2024,nowy,,,,,,,,,,
6792,lubelskie,radzyński,-,-,0615,2025,nowy,,,,,,,,,,
6793,lubelskie,radzyński,Radzyń Podlaski,gmina miejska,0615011,2018,nowy,,,,,,,,,,
6794,lubelskie,radzyński,Radzyń Podlaski,gmina miejska,0615011,2019,nowy,,,,,,,,,,
6795,lubelskie,radzyński,Radzyń Podlaski,gmina miejska,0615011,2020,nowy,,,,,,,,,,
6796,lubelskie,radzyński,Radzyń Podlaski,gmina miejska,0615011,2021,nowy,,,,,,,,,,
6797,lubelskie,radzyński,Radzyń Podlaski,gmina miejska,0615011,2022,nowy,,,,,,,,,,
6798,lubelskie,radzyński,Radzyń Podlaski,gmina miejska,0615011,2023,nowy,,,,,,,,,,
6799,lubelskie,radzyński,Radzyń Podlaski,gmina miejska,0615011,2024,nowy,,,,,,,,,,
6800,lubelskie,radzyński,Radzyń Podlaski,gmina miejska,0615011,2025,nowy,,,,,,,,,,
6801,lubelskie,radzyński,Borki,gmina wiejska,0615022,2018,nowy,,,,,,,,,,
6802,lubelskie,radzyński,Borki,gmina wiejska,0615022,2019,nowy,,,,,,,,,,
6803,lubelskie,radzyński,Borki,gmina wiejska,0615022,2020,nowy,,,,,,,,,,
6804,lubelskie,radzyński,Borki,gmina wiejska,0615022,2021,nowy,,,,,,,,,,
6805,lubelskie,radzyński,Borki,gmina wiejska,0615022,2022,nowy,,,,,,,,,,
6806,lubelskie,radzyński,Borki,gmina wiejska,0615022,2023,nowy,,,,,,,,,,
6807,lubelskie,radzyński,Borki,gmina wiejska,0615022,2024,nowy,,,,,,,,,,
6808,lubelskie,radzyński,Borki,gmina wiejska,0615022,2025,nowy,,,,,,,,,,
6809,lubelskie,radzyński,Czemierniki,gmina wiejska,0615032,2018,nowy,,,,,,,,,,
6810,lubelskie,radzyński,Czemierniki,gmina wiejska,0615032,2019,nowy,,,,,,,,,,
6811,lubelskie,radzyński,Czemierniki,gmina wiejska,0615032,2020,nowy,,,,,,,,,,
6812,lubelskie,radzyński,Czemierniki,gmina wiejska,0615032,2021,nowy,,,,,,,,,,
6813,lubelskie,radzyński,Czemierniki,gmina wiejska,0615032,2022,nowy,,,,,,,,,,
6814,lubelskie,radzyński,Czemierniki,gmina wiejska,0615032,2023,nowy,,,,,,,,,,
6815,lubelskie,radzyński,Czemierniki,gmina miejsko-wiejska,0615033,2024,nowy,,,,,,,,,,
6816,lubelskie,radzyński,Czemierniki,gmina miejsko-wiejska,0615033,2025,nowy,,,,,,,,,,
6817,lubelskie,radzyński,Kąkolewnica,gmina wiejska,0615042,2018,nowy,,,,,,,,,,
6818,lubelskie,radzyński,Kąkolewnica,gmina wiejska,0615042,2019,nowy,,,,,,,,,,
6819,lubelskie,radzyński,Kąkolewnica,gmina wiejska,0615042,2020,nowy,,,,,,,,,,
6820,lubelskie,radzyński,Kąkolewnica,gmina wiejska,0615042,2021,nowy,,,,,,,,,,
6821,lubelskie,radzyński,Kąkolewnica,gmina wiejska,0615042,2022,nowy,,,,,,,,,,
6822,lubelskie,radzyński,Kąkolewnica,gmina wiejska,0615042,2023,nowy,,,,,,,,,,
6823,lubelskie,radzyński,Kąkolewnica,gmina wiejska,0615042,2024,nowy,,,,,,,,,,
6824,lubelskie,radzyński,Kąkolewnica,gmina wiejska,0615042,2025,nowy,,,,,,,,,,
6825,lubelskie,radzyński,Komarówka Podlaska,gmina wiejska,0615052,2018,nowy,,,,,,,,,,
6826,lubelskie,radzyński,Komarówka Podlaska,gmina wiejska,0615052,2019,nowy,,,,,,,,,,
6827,lubelskie,radzyński,Komarówka Podlaska,gmina wiejska,0615052,2020,nowy,,,,,,,,,,
6828,lubelskie,radzyński,Komarówka Podlaska,gmina wiejska,0615052,2021,nowy,,,,,,,,,,
6829,lubelskie,radzyński,Komarówka Podlaska,gmina wiejska,0615052,2022,nowy,,,,,,,,,,
6830,lubelskie,radzyński,Komarówka Podlaska,gmina wiejska,0615052,2023,nowy,,,,,,,,,,
6831,lubelskie,radzyński,Komarówka Podlaska,gmina wiejska,0615052,2024,nowy,,,,,,,,,,
6832,lubelskie,radzyński,Komarówka Podlaska,gmina wiejska,0615052,2025,nowy,,,,,,,,,,
6833,lubelskie,radzyński,Radzyń Podlaski,gmina wiejska,0615062,2018,nowy,,,,,,,,,,
6834,lubelskie,radzyński,Radzyń Podlaski,gmina wiejska,0615062,2019,nowy,,,,,,,,,,
6835,lubelskie,radzyński,Radzyń Podlaski,gmina wiejska,0615062,2020,nowy,,,,,,,,,,
6836,lubelskie,radzyński,Radzyń Podlaski,gmina wiejska,0615062,2021,nowy,,,,,,,,,,
6837,lubelskie,radzyński,Radzyń Podlaski,gmina wiejska,0615062,2022,nowy,,,,,,,,,,
6838,lubelskie,radzyński,Radzyń Podlaski,gmina wiejska,0615062,2023,nowy,,,,,,,,,,
6839,lubelskie,radzyński,Radzyń Podlaski,gmina wiejska,0615062,2024,nowy,,,,,,,,,,
6840,lubelskie,radzyński,Radzyń Podlaski,gmina wiejska,0615062,2025,nowy,,,,,,,,,,
6841,lubelskie,radzyński,Ulan-Majorat,gmina wiejska,0615072,2018,nowy,,,,,,,,,,
6842,lubelskie,radzyński,Ulan-Majorat,gmina wiejska,0615072,2019,nowy,,,,,,,,,,
6843,lubelskie,radzyński,Ulan-Majorat,gmina wiejska,0615072,2020,nowy,,,,,,,,,,
6844,lubelskie,radzyński,Ulan-Majorat,gmina wiejska,0615072,2021,nowy,,,,,,,,,,
6845,lubelskie,radzyński,Ulan-Majorat,gmina wiejska,0615072,2022,nowy,,,,,,,,,,
6846,lubelskie,radzyński,Ulan-Majorat,gmina wiejska,0615072,2023,nowy,,,,,,,,,,
6847,lubelskie,radzyński,Ulan-Majorat,gmina wiejska,0615072,2024,nowy,,,,,,,,,,
6848,lubelskie,radzyński,Ulan-Majorat,gmina wiejska,0615072,2025,nowy,,,,,,,,,,
6849,lubelskie,radzyński,Wohyń,gmina wiejska,0615082,2018,nowy,,,,,,,,,,
6850,lubelskie,radzyński,Wohyń,gmina wiejska,0615082,2019,nowy,,,,,,,,,,
6851,lubelskie,radzyński,Wohyń,gmina wiejska,0615082,2020,nowy,,,,,,,,,,
6852,lubelskie,radzyński,Wohyń,gmina wiejska,0615082,2021,nowy,,,,,,,,,,
6853,lubelskie,radzyński,Wohyń,gmina wiejska,0615082,2022,nowy,,,,,,,,,,
6854,lubelskie,radzyński,Wohyń,gmina wiejska,0615082,2023,nowy,,,,,,,,,,
6855,lubelskie,radzyński,Wohyń,gmina wiejska,0615082,2024,nowy,,,,,,,,,,
6856,lubelskie,radzyński,Wohyń,gmina wiejska,0615082,2025,nowy,,,,,,,,,,
6857,lubelskie,rycki,-,-,0616,2018,nowy,,,,,,,,,,
6858,lubelskie,rycki,-,-,0616,2019,nowy,,,,,,,,,,
6859,lubelskie,rycki,-,-,0616,2020,nowy,,,,,,,,,,
6860,lubelskie,rycki,-,-,0616,2021,nowy,,,,,,,,,,
6861,lubelskie,rycki,-,-,0616,2022,nowy,,,,,,,,,,
6862,lubelskie,rycki,-,-,0616,2023,nowy,,,,,,,,,,
6863,lubelskie,rycki,-,-,0616,2024,nowy,,,,,,,,,,
6864,lubelskie,rycki,-,-,0616,2025,nowy,,,,,,,,,,
6865,lubelskie,rycki,Dęblin,gmina miejska,0616011,2018,nowy,,,,,,,,,,
6866,lubelskie,rycki,Dęblin,gmina miejska,0616011,2019,nowy,,,,,,,,,,
6867,lubelskie,rycki,Dęblin,gmina miejska,0616011,2020,nowy,,,,,,,,,,
6868,lubelskie,rycki,Dęblin,gmina miejska,0616011,2021,nowy,,,,,,,,,,
6869,lubelskie,rycki,Dęblin,gmina miejska,0616011,2022,nowy,,,,,,,,,,
6870,lubelskie,rycki,Dęblin,gmina miejska,0616011,2023,nowy,,,,,,,,,,
6871,lubelskie,rycki,Dęblin,gmina miejska,0616011,2024,nowy,,,,,,,,,,
6872,lubelskie,rycki,Dęblin,gmina miejska,0616011,2025,nowy,,,,,,,,,,
6873,lubelskie,rycki,Kłoczew,gmina wiejska,0616022,2018,nowy,,,,,,,,,,
6874,lubelskie,rycki,Kłoczew,gmina wiejska,0616022,2019,nowy,,,,,,,,,,
6875,lubelskie,rycki,Kłoczew,gmina wiejska,0616022,2020,nowy,,,,,,,,,,
6876,lubelskie,rycki,Kłoczew,gmina wiejska,0616022,2021,nowy,,,,,,,,,,
6877,lubelskie,rycki,Kłoczew,gmina wiejska,0616022,2022,nowy,,,,,,,,,,
6878,lubelskie,rycki,Kłoczew,gmina wiejska,0616022,2023,nowy,,,,,,,,,,
6879,lubelskie,rycki,Kłoczew,gmina wiejska,0616022,2024,nowy,,,,,,,,,,
6880,lubelskie,rycki,Kłoczew,gmina wiejska,0616022,2025,nowy,,,,,,,,,,
6881,lubelskie,rycki,Nowodwór,gmina wiejska,0616032,2018,nowy,,,,,,,,,,
6882,lubelskie,rycki,Nowodwór,gmina wiejska,0616032,2019,nowy,,,,,,,,,,
6883,lubelskie,rycki,Nowodwór,gmina wiejska,0616032,2020,nowy,,,,,,,,,,
6884,lubelskie,rycki,Nowodwór,gmina wiejska,0616032,2021,nowy,,,,,,,,,,
6885,lubelskie,rycki,Nowodwór,gmina wiejska,0616032,2022,nowy,,,,,,,,,,
6886,lubelskie,rycki,Nowodwór,gmina wiejska,0616032,2023,nowy,,,,,,,,,,
6887,lubelskie,rycki,Nowodwór,gmina wiejska,0616032,2024,nowy,,,,,,,,,,
6888,lubelskie,rycki,Nowodwór,gmina wiejska,0616032,2025,nowy,,,,,,,,,,
6889,lubelskie,rycki,Ryki,gmina miejsko-wiejska,0616043,2018,nowy,,,,,,,,,,
6890,lubelskie,rycki,Ryki,gmina miejsko-wiejska,0616043,2019,nowy,,,,,,,,,,
6891,lubelskie,rycki,Ryki,gmina miejsko-wiejska,0616043,2020,nowy,,,,,,,,,,
6892,lubelskie,rycki,Ryki,gmina miejsko-wiejska,0616043,2021,nowy,,,,,,,,,,
6893,lubelskie,rycki,Ryki,gmina miejsko-wiejska,0616043,2022,nowy,,,,,,,,,,
6894,lubelskie,rycki,Ryki,gmina miejsko-wiejska,0616043,2023,nowy,,,,,,,,,,
6895,lubelskie,rycki,Ryki,gmina miejsko-wiejska,0616043,2024,nowy,,,,,,,,,,
6896,lubelskie,rycki,Ryki,gmina miejsko-wiejska,0616043,2025,nowy,,,,,,,,,,
6897,lubelskie,rycki,Stężyca,gmina wiejska,0616052,2018,nowy,,,,,,,,,,
6898,lubelskie,rycki,Stężyca,gmina wiejska,0616052,2019,nowy,,,,,,,,,,
6899,lubelskie,rycki,Stężyca,gmina wiejska,0616052,2020,nowy,,,,,,,,,,
6900,lubelskie,rycki,Stężyca,gmina wiejska,0616052,2021,nowy,,,,,,,,,,
6901,lubelskie,rycki,Stężyca,gmina wiejska,0616052,2022,nowy,,,,,,,,,,
6902,lubelskie,rycki,Stężyca,gmina wiejska,0616052,2023,nowy,,,,,,,,,,
6903,lubelskie,rycki,Stężyca,gmina wiejska,0616052,2024,nowy,,,,,,,,,,
6904,lubelskie,rycki,Stężyca,gmina wiejska,0616052,2025,nowy,,,,,,,,,,
6905,lubelskie,rycki,Ułęż,gmina wiejska,0616062,2018,nowy,,,,,,,,,,
6906,lubelskie,rycki,Ułęż,gmina wiejska,0616062,2019,nowy,,,,,,,,,,
6907,lubelskie,rycki,Ułęż,gmina wiejska,0616062,2020,nowy,,,,,,,,,,
6908,lubelskie,rycki,Ułęż,gmina wiejska,0616062,2021,nowy,,,,,,,,,,
6909,lubelskie,rycki,Ułęż,gmina wiejska,0616062,2022,nowy,,,,,,,,,,
6910,lubelskie,rycki,Ułęż,gmina wiejska,0616062,2023,nowy,,,,,,,,,,
6911,lubelskie,rycki,Ułęż,gmina wiejska,0616062,2024,nowy,,,,,,,,,,
6912,lubelskie,rycki,Ułęż,gmina wiejska,0616062,2025,nowy,,,,,,,,,,
6913,lubelskie,świdnicki,-,-,0617,2018,nowy,,,,,,,,,,
6914,lubelskie,świdnicki,-,-,0617,2019,nowy,,,,,,,,,,
6915,lubelskie,świdnicki,-,-,0617,2020,nowy,,,,,,,,,,
6916,lubelskie,świdnicki,-,-,0617,2021,nowy,,,,,,,,,,
6917,lubelskie,świdnicki,-,-,0617,2022,nowy,,,,,,,,,,
6918,lubelskie,świdnicki,-,-,0617,2023,nowy,,,,,,,,,,
6919,lubelskie,świdnicki,-,-,0617,2024,nowy,,,,,,,,,,
6920,lubelskie,świdnicki,-,-,0617,2025,nowy,,,,,,,,,,
6921,lubelskie,świdnicki,Świdnik,gmina miejska,0617011,2018,nowy,,,,,,,,,,
6922,lubelskie,świdnicki,Świdnik,gmina miejska,0617011,2019,nowy,,,,,,,,,,
6923,lubelskie,świdnicki,Świdnik,gmina miejska,0617011,2020,nowy,,,,,,,,,,
6924,lubelskie,świdnicki,Świdnik,gmina miejska,0617011,2021,nowy,,,,,,,,,,
6925,lubelskie,świdnicki,Świdnik,gmina miejska,0617011,2022,nowy,,,,,,,,,,
6926,lubelskie,świdnicki,Świdnik,gmina miejska,0617011,2023,nowy,,,,,,,,,,
6927,lubelskie,świdnicki,Świdnik,gmina miejska,0617011,2024,nowy,,,,,,,,,,
6928,lubelskie,świdnicki,Świdnik,gmina miejska,0617011,2025,nowy,,,,,,,,,,
6929,lubelskie,świdnicki,Mełgiew,gmina wiejska,0617022,2018,nowy,,,,,,,,,,
6930,lubelskie,świdnicki,Mełgiew,gmina wiejska,0617022,2019,nowy,,,,,,,,,,
6931,lubelskie,świdnicki,Mełgiew,gmina wiejska,0617022,2020,nowy,,,,,,,,,,
6932,lubelskie,świdnicki,Mełgiew,gmina wiejska,0617022,2021,nowy,,,,,,,,,,
6933,lubelskie,świdnicki,Mełgiew,gmina wiejska,0617022,2022,nowy,,,,,,,,,,
6934,lubelskie,świdnicki,Mełgiew,gmina wiejska,0617022,2023,nowy,,,,,,,,,,
6935,lubelskie,świdnicki,Mełgiew,gmina wiejska,0617022,2024,nowy,,,,,,,,,,
6936,lubelskie,świdnicki,Mełgiew,gmina wiejska,0617022,2025,nowy,,,,,,,,,,
6937,lubelskie,świdnicki,Piaski,gmina miejsko-wiejska,0617033,2018,nowy,,,,,,,,,,
6938,lubelskie,świdnicki,Piaski,gmina miejsko-wiejska,0617033,2019,nowy,,,,,,,,,,
6939,lubelskie,świdnicki,Piaski,gmina miejsko-wiejska,0617033,2020,nowy,,,,,,,,,,
6940,lubelskie,świdnicki,Piaski,gmina miejsko-wiejska,0617033,2021,nowy,,,,,,,,,,
6941,lubelskie,świdnicki,Piaski,gmina miejsko-wiejska,0617033,2022,nowy,,,,,,,,,,
6942,lubelskie,świdnicki,Piaski,gmina miejsko-wiejska,0617033,2023,nowy,,,,,,,,,,
6943,lubelskie,świdnicki,Piaski,gmina miejsko-wiejska,0617033,2024,nowy,,,,,,,,,,
6944,lubelskie,świdnicki,Piaski,gmina miejsko-wiejska,0617033,2025,nowy,,,,,,,,,,
6945,lubelskie,świdnicki,Rybczewice,gmina wiejska,0617042,2018,nowy,,,,,,,,,,
6946,lubelskie,świdnicki,Rybczewice,gmina wiejska,0617042,2019,nowy,,,,,,,,,,
6947,lubelskie,świdnicki,Rybczewice,gmina wiejska,0617042,2020,nowy,,,,,,,,,,
6948,lubelskie,świdnicki,Rybczewice,gmina wiejska,0617042,2021,nowy,,,,,,,,,,
6949,lubelskie,świdnicki,Rybczewice,gmina wiejska,0617042,2022,nowy,,,,,,,,,,
6950,lubelskie,świdnicki,Rybczewice,gmina wiejska,0617042,2023,nowy,,,,,,,,,,
6951,lubelskie,świdnicki,Rybczewice,gmina wiejska,0617042,2024,nowy,,,,,,,,,,
6952,lubelskie,świdnicki,Rybczewice,gmina wiejska,0617042,2025,nowy,,,,,,,,,,
6953,lubelskie,świdnicki,Trawniki,gmina wiejska,0617052,2018,nowy,,,,,,,,,,
6954,lubelskie,świdnicki,Trawniki,gmina wiejska,0617052,2019,nowy,,,,,,,,,,
6955,lubelskie,świdnicki,Trawniki,gmina wiejska,0617052,2020,nowy,,,,,,,,,,
6956,lubelskie,świdnicki,Trawniki,gmina wiejska,0617052,2021,nowy,,,,,,,,,,
6957,lubelskie,świdnicki,Trawniki,gmina wiejska,0617052,2022,nowy,,,,,,,,,,
6958,lubelskie,świdnicki,Trawniki,gmina wiejska,0617052,2023,nowy,,,,,,,,,,
6959,lubelskie,świdnicki,Trawniki,gmina wiejska,0617052,2024,nowy,,,,,,,,,,
6960,lubelskie,świdnicki,Trawniki,gmina wiejska,0617052,2025,nowy,,,,,,,,,,
6961,lubelskie,tomaszowski,-,-,0618,2018,nowy,,,,,,,,,,
6962,lubelskie,tomaszowski,-,-,0618,2019,nowy,,,,,,,,,,
6963,lubelskie,tomaszowski,-,-,0618,2020,nowy,,,,,,,,,,
6964,lubelskie,tomaszowski,-,-,0618,2021,nowy,,,,,,,,,,
6965,lubelskie,tomaszowski,-,-,0618,2022,nowy,,,,,,,,,,
6966,lubelskie,tomaszowski,-,-,0618,2023,nowy,,,,,,,,,,
6967,lubelskie,tomaszowski,-,-,0618,2024,nowy,,,,,,,,,,
6968,lubelskie,tomaszowski,-,-,0618,2025,nowy,,,,,,,,,,
6969,lubelskie,tomaszowski,Tomaszów Lubelski,gmina miejska,0618011,2018,nowy,,,,,,,,,,
6970,lubelskie,tomaszowski,Tomaszów Lubelski,gmina miejska,0618011,2019,nowy,,,,,,,,,,
6971,lubelskie,tomaszowski,Tomaszów Lubelski,gmina miejska,0618011,2020,nowy,,,,,,,,,,
6972,lubelskie,tomaszowski,Tomaszów Lubelski,gmina miejska,0618011,2021,nowy,,,,,,,,,,
6973,lubelskie,tomaszowski,Tomaszów Lubelski,gmina miejska,0618011,2022,nowy,,,,,,,,,,
6974,lubelskie,tomaszowski,Tomaszów Lubelski,gmina miejska,0618011,2023,nowy,,,,,,,,,,
6975,lubelskie,tomaszowski,Tomaszów Lubelski,gmina miejska,0618011,2024,nowy,,,,,,,,,,
6976,lubelskie,tomaszowski,Tomaszów Lubelski,gmina miejska,0618011,2025,nowy,,,,,,,,,,
6977,lubelskie,tomaszowski,Bełżec,gmina wiejska,0618022,2018,nowy,,,,,,,,,,
6978,lubelskie,tomaszowski,Bełżec,gmina wiejska,0618022,2019,nowy,,,,,,,,,,
6979,lubelskie,tomaszowski,Bełżec,gmina wiejska,0618022,2020,nowy,,,,,,,,,,
6980,lubelskie,tomaszowski,Bełżec,gmina wiejska,0618022,2021,nowy,,,,,,,,,,
6981,lubelskie,tomaszowski,Bełżec,gmina wiejska,0618022,2022,nowy,,,,,,,,,,
6982,lubelskie,tomaszowski,Bełżec,gmina wiejska,0618022,2023,nowy,,,,,,,,,,
6983,lubelskie,tomaszowski,Bełżec,gmina wiejska,0618022,2024,nowy,,,,,,,,,,
6984,lubelskie,tomaszowski,Bełżec,gmina wiejska,0618022,2025,nowy,,,,,,,,,,
6985,lubelskie,tomaszowski,Jarczów,gmina wiejska,0618032,2018,nowy,,,,,,,,,,
6986,lubelskie,tomaszowski,Jarczów,gmina wiejska,0618032,2019,nowy,,,,,,,,,,
6987,lubelskie,tomaszowski,Jarczów,gmina wiejska,0618032,2020,nowy,,,,,,,,,,
6988,lubelskie,tomaszowski,Jarczów,gmina wiejska,0618032,2021,nowy,,,,,,,,,,
6989,lubelskie,tomaszowski,Jarczów,gmina wiejska,0618032,2022,nowy,,,,,,,,,,
6990,lubelskie,tomaszowski,Jarczów,gmina wiejska,0618032,2023,nowy,,,,,,,,,,
6991,lubelskie,tomaszowski,Jarczów,gmina wiejska,0618032,2024,nowy,,,,,,,,,,
6992,lubelskie,tomaszowski,Jarczów,gmina wiejska,0618032,2025,nowy,,,,,,,,,,
6993,lubelskie,tomaszowski,Krynice,gmina wiejska,0618042,2018,nowy,,,,,,,,,,
6994,lubelskie,tomaszowski,Krynice,gmina wiejska,0618042,2019,nowy,,,,,,,,,,
6995,lubelskie,tomaszowski,Krynice,gmina wiejska,0618042,2020,nowy,,,,,,,,,,
6996,lubelskie,tomaszowski,Krynice,gmina wiejska,0618042,2021,nowy,,,,,,,,,,
6997,lubelskie,tomaszowski,Krynice,gmina wiejska,0618042,2022,nowy,,,,,,,,,,
6998,lubelskie,tomaszowski,Krynice,gmina wiejska,0618042,2023,nowy,,,,,,,,,,
6999,lubelskie,tomaszowski,Krynice,gmina wiejska,0618042,2024,nowy,,,,,,,,,,
7000,lubelskie,tomaszowski,Krynice,gmina wiejska,0618042,2025,nowy,,,,,,,,,,
7001,lubelskie,tomaszowski,Lubycza Królewska,gmina miejsko-wiejska,0618053,2018,nowy,,,,,,,,,,
7002,lubelskie,tomaszowski,Lubycza Królewska,gmina miejsko-wiejska,0618053,2019,nowy,,,,,,,,,,
7003,lubelskie,tomaszowski,Lubycza Królewska,gmina miejsko-wiejska,0618053,2020,nowy,,,,,,,,,,
7004,lubelskie,tomaszowski,Lubycza Królewska,gmina miejsko-wiejska,0618053,2021,nowy,,,,,,,,,,
7005,lubelskie,tomaszowski,Lubycza Królewska,gmina miejsko-wiejska,0618053,2022,nowy,,,,,,,,,,
7006,lubelskie,tomaszowski,Lubycza Królewska,gmina miejsko-wiejska,0618053,2023,nowy,,,,,,,,,,
7007,lubelskie,tomaszowski,Lubycza Królewska,gmina miejsko-wiejska,0618053,2024,nowy,,,,,,,,,,
7008,lubelskie,tomaszowski,Lubycza Królewska,gmina miejsko-wiejska,0618053,2025,nowy,,,,,,,,,,
7009,lubelskie,tomaszowski,Łaszczów,gmina miejsko-wiejska,0618063,2018,nowy,,,,,,,,,,
7010,lubelskie,tomaszowski,Łaszczów,gmina miejsko-wiejska,0618063,2019,nowy,,,,,,,,,,
7011,lubelskie,tomaszowski,Łaszczów,gmina miejsko-wiejska,0618063,2020,nowy,,,,,,,,,,
7012,lubelskie,tomaszowski,Łaszczów,gmina miejsko-wiejska,0618063,2021,nowy,,,,,,,,,,
7013,lubelskie,tomaszowski,Łaszczów,gmina miejsko-wiejska,0618063,2022,nowy,,,,,,,,,,
7014,lubelskie,tomaszowski,Łaszczów,gmina miejsko-wiejska,0618063,2023,nowy,,,,,,,,,,
7015,lubelskie,tomaszowski,Łaszczów,gmina miejsko-wiejska,0618063,2024,nowy,,,,,,,,,,
7016,lubelskie,tomaszowski,Łaszczów,gmina miejsko-wiejska,0618063,2025,nowy,,,,,,,,,,
7017,lubelskie,tomaszowski,Rachanie,gmina wiejska,0618072,2018,nowy,,,,,,,,,,
7018,lubelskie,tomaszowski,Rachanie,gmina wiejska,0618072,2019,nowy,,,,,,,,,,
7019,lubelskie,tomaszowski,Rachanie,gmina wiejska,0618072,2020,nowy,,,,,,,,,,
7020,lubelskie,tomaszowski,Rachanie,gmina wiejska,0618072,2021,nowy,,,,,,,,,,
7021,lubelskie,tomaszowski,Rachanie,gmina wiejska,0618072,2022,nowy,,,,,,,,,,
7022,lubelskie,tomaszowski,Rachanie,gmina wiejska,0618072,2023,nowy,,,,,,,,,,
7023,lubelskie,tomaszowski,Rachanie,gmina wiejska,0618072,2024,nowy,,,,,,,,,,
7024,lubelskie,tomaszowski,Rachanie,gmina wiejska,0618072,2025,nowy,,,,,,,,,,
7025,lubelskie,tomaszowski,Susiec,gmina wiejska,0618082,2018,nowy,,,,,,,,,,
7026,lubelskie,tomaszowski,Susiec,gmina wiejska,0618082,2019,nowy,,,,,,,,,,
7027,lubelskie,tomaszowski,Susiec,gmina wiejska,0618082,2020,nowy,,,,,,,,,,
7028,lubelskie,tomaszowski,Susiec,gmina wiejska,0618082,2021,nowy,,,,,,,,,,
7029,lubelskie,tomaszowski,Susiec,gmina wiejska,0618082,2022,nowy,,,,,,,,,,
7030,lubelskie,tomaszowski,Susiec,gmina wiejska,0618082,2023,nowy,,,,,,,,,,
7031,lubelskie,tomaszowski,Susiec,gmina wiejska,0618082,2024,nowy,,,,,,,,,,
7032,lubelskie,tomaszowski,Susiec,gmina wiejska,0618082,2025,nowy,,,,,,,,,,
7033,lubelskie,tomaszowski,Tarnawatka,gmina wiejska,0618092,2018,nowy,,,,,,,,,,
7034,lubelskie,tomaszowski,Tarnawatka,gmina wiejska,0618092,2019,nowy,,,,,,,,,,
7035,lubelskie,tomaszowski,Tarnawatka,gmina wiejska,0618092,2020,nowy,,,,,,,,,,
7036,lubelskie,tomaszowski,Tarnawatka,gmina wiejska,0618092,2021,nowy,,,,,,,,,,
7037,lubelskie,tomaszowski,Tarnawatka,gmina wiejska,0618092,2022,nowy,,,,,,,,,,
7038,lubelskie,tomaszowski,Tarnawatka,gmina wiejska,0618092,2023,nowy,,,,,,,,,,
7039,lubelskie,tomaszowski,Tarnawatka,gmina wiejska,0618092,2024,nowy,,,,,,,,,,
7040,lubelskie,tomaszowski,Tarnawatka,gmina wiejska,0618092,2025,nowy,,,,,,,,,,
7041,lubelskie,tomaszowski,Telatyn,gmina wiejska,0618102,2018,nowy,,,,,,,,,,
7042,lubelskie,tomaszowski,Telatyn,gmina wiejska,0618102,2019,nowy,,,,,,,,,,
7043,lubelskie,tomaszowski,Telatyn,gmina wiejska,0618102,2020,nowy,,,,,,,,,,
7044,lubelskie,tomaszowski,Telatyn,gmina wiejska,0618102,2021,nowy,,,,,,,,,,
7045,lubelskie,tomaszowski,Telatyn,gmina wiejska,0618102,2022,nowy,,,,,,,,,,
7046,lubelskie,tomaszowski,Telatyn,gmina wiejska,0618102,2023,nowy,,,,,,,,,,
7047,lubelskie,tomaszowski,Telatyn,gmina wiejska,0618102,2024,nowy,,,,,,,,,,
7048,lubelskie,tomaszowski,Telatyn,gmina wiejska,0618102,2025,nowy,,,,,,,,,,
7049,lubelskie,tomaszowski,Tomaszów Lubelski,gmina wiejska,0618112,2018,nowy,,,,,,,,,,
7050,lubelskie,tomaszowski,Tomaszów Lubelski,gmina wiejska,0618112,2019,nowy,,,,,,,,,,
7051,lubelskie,tomaszowski,Tomaszów Lubelski,gmina wiejska,0618112,2020,nowy,,,,,,,,,,
7052,lubelskie,tomaszowski,Tomaszów Lubelski,gmina wiejska,0618112,2021,nowy,,,,,,,,,,
7053,lubelskie,tomaszowski,Tomaszów Lubelski,gmina wiejska,0618112,2022,nowy,,,,,,,,,,
7054,lubelskie,tomaszowski,Tomaszów Lubelski,gmina wiejska,0618112,2023,nowy,,,,,,,,,,
7055,lubelskie,tomaszowski,Tomaszów Lubelski,gmina wiejska,0618112,2024,nowy,,,,,,,,,,
7056,lubelskie,tomaszowski,Tomaszów Lubelski,gmina wiejska,0618112,2025,nowy,,,,,,,,,,
7057,lubelskie,tomaszowski,Tyszowce,gmina miejsko-wiejska,0618123,2018,nowy,,,,,,,,,,
7058,lubelskie,tomaszowski,Tyszowce,gmina miejsko-wiejska,0618123,2019,nowy,,,,,,,,,,
7059,lubelskie,tomaszowski,Tyszowce,gmina miejsko-wiejska,0618123,2020,nowy,,,,,,,,,,
7060,lubelskie,tomaszowski,Tyszowce,gmina miejsko-wiejska,0618123,2021,nowy,,,,,,,,,,
7061,lubelskie,tomaszowski,Tyszowce,gmina miejsko-wiejska,0618123,2022,nowy,,,,,,,,,,
7062,lubelskie,tomaszowski,Tyszowce,gmina miejsko-wiejska,0618123,2023,nowy,,,,,,,,,,
7063,lubelskie,tomaszowski,Tyszowce,gmina miejsko-wiejska,0618123,2024,nowy,,,,,,,,,,
7064,lubelskie,tomaszowski,Tyszowce,gmina miejsko-wiejska,0618123,2025,nowy,,,,,,,,,,
7065,lubelskie,tomaszowski,Ulhówek,gmina wiejska,0618132,2018,nowy,,,,,,,,,,
7066,lubelskie,tomaszowski,Ulhówek,gmina wiejska,0618132,2019,nowy,,,,,,,,,,
7067,lubelskie,tomaszowski,Ulhówek,gmina wiejska,0618132,2020,nowy,,,,,,,,,,
7068,lubelskie,tomaszowski,Ulhówek,gmina wiejska,0618132,2021,nowy,,,,,,,,,,
7069,lubelskie,tomaszowski,Ulhówek,gmina wiejska,0618132,2022,nowy,,,,,,,,,,
7070,lubelskie,tomaszowski,Ulhówek,gmina wiejska,0618132,2023,nowy,,,,,,,,,,
7071,lubelskie,tomaszowski,Ulhówek,gmina wiejska,0618132,2024,nowy,,,,,,,,,,
7072,lubelskie,tomaszowski,Ulhówek,gmina wiejska,0618132,2025,nowy,,,,,,,,,,
7073,lubelskie,włodawski,-,-,0619,2018,nowy,,,,,,,,,,
7074,lubelskie,włodawski,-,-,0619,2019,nowy,,,,,,,,,,
7075,lubelskie,włodawski,-,-,0619,2020,nowy,,,,,,,,,,
7076,lubelskie,włodawski,-,-,0619,2021,nowy,,,,,,,,,,
7077,lubelskie,włodawski,-,-,0619,2022,nowy,,,,,,,,,,
7078,lubelskie,włodawski,-,-,0619,2023,nowy,,,,,,,,,,
7079,lubelskie,włodawski,-,-,0619,2024,nowy,,,,,,,,,,
7080,lubelskie,włodawski,-,-,0619,2025,nowy,,,,,,,,,,
7081,lubelskie,włodawski,Włodawa,gmina miejska,0619011,2018,nowy,,,,,,,,,,
7082,lubelskie,włodawski,Włodawa,gmina miejska,0619011,2019,nowy,,,,,,,,,,
7083,lubelskie,włodawski,Włodawa,gmina miejska,0619011,2020,nowy,,,,,,,,,,
7084,lubelskie,włodawski,Włodawa,gmina miejska,0619011,2021,nowy,,,,,,,,,,
7085,lubelskie,włodawski,Włodawa,gmina miejska,0619011,2022,nowy,,,,,,,,,,
7086,lubelskie,włodawski,Włodawa,gmina miejska,0619011,2023,nowy,,,,,,,,,,
7087,lubelskie,włodawski,Włodawa,gmina miejska,0619011,2024,nowy,,,,,,,,,,
7088,lubelskie,włodawski,Włodawa,gmina miejska,0619011,2025,nowy,,,,,,,,,,
7089,lubelskie,włodawski,Hanna,gmina wiejska,0619022,2018,nowy,,,,,,,,,,
7090,lubelskie,włodawski,Hanna,gmina wiejska,0619022,2019,nowy,,,,,,,,,,
7091,lubelskie,włodawski,Hanna,gmina wiejska,0619022,2020,nowy,,,,,,,,,,
7092,lubelskie,włodawski,Hanna,gmina wiejska,0619022,2021,nowy,,,,,,,,,,
7093,lubelskie,włodawski,Hanna,gmina wiejska,0619022,2022,nowy,,,,,,,,,,
7094,lubelskie,włodawski,Hanna,gmina wiejska,0619022,2023,nowy,,,,,,,,,,
7095,lubelskie,włodawski,Hanna,gmina wiejska,0619022,2024,nowy,,,,,,,,,,
7096,lubelskie,włodawski,Hanna,gmina wiejska,0619022,2025,nowy,,,,,,,,,,
7097,lubelskie,włodawski,Hańsk,gmina wiejska,0619032,2018,nowy,,,,,,,,,,
7098,lubelskie,włodawski,Hańsk,gmina wiejska,0619032,2019,nowy,,,,,,,,,,
7099,lubelskie,włodawski,Hańsk,gmina wiejska,0619032,2020,nowy,,,,,,,,,,
7100,lubelskie,włodawski,Hańsk,gmina wiejska,0619032,2021,nowy,,,,,,,,,,
7101,lubelskie,włodawski,Hańsk,gmina wiejska,0619032,2022,nowy,,,,,,,,,,
7102,lubelskie,włodawski,Hańsk,gmina wiejska,0619032,2023,nowy,,,,,,,,,,
7103,lubelskie,włodawski,Hańsk,gmina wiejska,0619032,2024,nowy,,,,,,,,,,
7104,lubelskie,włodawski,Hańsk,gmina wiejska,0619032,2025,nowy,,,,,,,,,,
7105,lubelskie,włodawski,Stary Brus,gmina wiejska,0619042,2018,nowy,,,,,,,,,,
7106,lubelskie,włodawski,Stary Brus,gmina wiejska,0619042,2019,nowy,,,,,,,,,,
7107,lubelskie,włodawski,Stary Brus,gmina wiejska,0619042,2020,nowy,,,,,,,,,,
7108,lubelskie,włodawski,Stary Brus,gmina wiejska,0619042,2021,nowy,,,,,,,,,,
7109,lubelskie,włodawski,Stary Brus,gmina wiejska,0619042,2022,nowy,,,,,,,,,,
7110,lubelskie,włodawski,Stary Brus,gmina wiejska,0619042,2023,nowy,,,,,,,,,,
7111,lubelskie,włodawski,Stary Brus,gmina wiejska,0619042,2024,nowy,,,,,,,,,,
7112,lubelskie,włodawski,Stary Brus,gmina wiejska,0619042,2025,nowy,,,,,,,,,,
7113,lubelskie,włodawski,Urszulin,gmina wiejska,0619052,2018,nowy,,,,,,,,,,
7114,lubelskie,włodawski,Urszulin,gmina wiejska,0619052,2019,nowy,,,,,,,,,,
7115,lubelskie,włodawski,Urszulin,gmina wiejska,0619052,2020,nowy,,,,,,,,,,
7116,lubelskie,włodawski,Urszulin,gmina wiejska,0619052,2021,nowy,,,,,,,,,,
7117,lubelskie,włodawski,Urszulin,gmina wiejska,0619052,2022,nowy,,,,,,,,,,
7118,lubelskie,włodawski,Urszulin,gmina wiejska,0619052,2023,nowy,,,,,,,,,,
7119,lubelskie,włodawski,Urszulin,gmina wiejska,0619052,2024,nowy,,,,,,,,,,
7120,lubelskie,włodawski,Urszulin,gmina wiejska,0619052,2025,nowy,,,,,,,,,,
7121,lubelskie,włodawski,Włodawa,gmina wiejska,0619062,2018,nowy,,,,,,,,,,
7122,lubelskie,włodawski,Włodawa,gmina wiejska,0619062,2019,nowy,,,,,,,,,,
7123,lubelskie,włodawski,Włodawa,gmina wiejska,0619062,2020,nowy,,,,,,,,,,
7124,lubelskie,włodawski,Włodawa,gmina wiejska,0619062,2021,nowy,,,,,,,,,,
7125,lubelskie,włodawski,Włodawa,gmina wiejska,0619062,2022,nowy,,,,,,,,,,
7126,lubelskie,włodawski,Włodawa,gmina wiejska,0619062,2023,nowy,,,,,,,,,,
7127,lubelskie,włodawski,Włodawa,gmina wiejska,0619062,2024,nowy,,,,,,,,,,
7128,lubelskie,włodawski,Włodawa,gmina wiejska,0619062,2025,nowy,,,,,,,,,,
7129,lubelskie,włodawski,Wola Uhruska,gmina wiejska,0619072,2018,nowy,,,,,,,,,,
7130,lubelskie,włodawski,Wola Uhruska,gmina wiejska,0619072,2019,nowy,,,,,,,,,,
7131,lubelskie,włodawski,Wola Uhruska,gmina wiejska,0619072,2020,nowy,,,,,,,,,,
7132,lubelskie,włodawski,Wola Uhruska,gmina wiejska,0619072,2021,nowy,,,,,,,,,,
7133,lubelskie,włodawski,Wola Uhruska,gmina wiejska,0619072,2022,nowy,,,,,,,,,,
7134,lubelskie,włodawski,Wola Uhruska,gmina wiejska,0619072,2023,nowy,,,,,,,,,,
7135,lubelskie,włodawski,Wola Uhruska,gmina wiejska,0619072,2024,nowy,,,,,,,,,,
7136,lubelskie,włodawski,Wola Uhruska,gmina wiejska,0619072,2025,nowy,,,,,,,,,,
7137,lubelskie,włodawski,Wyryki,gmina wiejska,0619082,2018,nowy,,,,,,,,,,
7138,lubelskie,włodawski,Wyryki,gmina wiejska,0619082,2019,nowy,,,,,,,,,,
7139,lubelskie,włodawski,Wyryki,gmina wiejska,0619082,2020,nowy,,,,,,,,,,
7140,lubelskie,włodawski,Wyryki,gmina wiejska,0619082,2021,nowy,,,,,,,,,,
7141,lubelskie,włodawski,Wyryki,gmina wiejska,0619082,2022,nowy,,,,,,,,,,
7142,lubelskie,włodawski,Wyryki,gmina wiejska,0619082,2023,nowy,,,,,,,,,,
7143,lubelskie,włodawski,Wyryki,gmina wiejska,0619082,2024,nowy,,,,,,,,,,
7144,lubelskie,włodawski,Wyryki,gmina wiejska,0619082,2025,nowy,,,,,,,,,,
7145,lubelskie,zamojski,-,-,0620,2018,nowy,,,,,,,,,,
7146,lubelskie,zamojski,-,-,0620,2019,nowy,,,,,,,,,,
7147,lubelskie,zamojski,-,-,0620,2020,nowy,,,,,,,,,,
7148,lubelskie,zamojski,-,-,0620,2021,nowy,,,,,,,,,,
7149,lubelskie,zamojski,-,-,0620,2022,nowy,,,,,,,,,,
7150,lubelskie,zamojski,-,-,0620,2023,nowy,,,,,,,,,,
7151,lubelskie,zamojski,-,-,0620,2024,nowy,,,,,,,,,,
7152,lubelskie,zamojski,-,-,0620,2025,nowy,,,,,,,,,,
7153,lubelskie,zamojski,Adamów,gmina wiejska,0620012,2018,nowy,,,,,,,,,,
7154,lubelskie,zamojski,Adamów,gmina wiejska,0620012,2019,nowy,,,,,,,,,,
7155,lubelskie,zamojski,Adamów,gmina wiejska,0620012,2020,nowy,,,,,,,,,,
7156,lubelskie,zamojski,Adamów,gmina wiejska,0620012,2021,nowy,,,,,,,,,,
7157,lubelskie,zamojski,Adamów,gmina wiejska,0620012,2022,nowy,,,,,,,,,,
7158,lubelskie,zamojski,Adamów,gmina wiejska,0620012,2023,nowy,,,,,,,,,,
7159,lubelskie,zamojski,Adamów,gmina wiejska,0620012,2024,nowy,,,,,,,,,,
7160,lubelskie,zamojski,Adamów,gmina wiejska,0620012,2025,nowy,,,,,,,,,,
7161,lubelskie,zamojski,Grabowiec,gmina wiejska,0620022,2018,nowy,,,,,,,,,,
7162,lubelskie,zamojski,Grabowiec,gmina wiejska,0620022,2019,nowy,,,,,,,,,,
7163,lubelskie,zamojski,Grabowiec,gmina wiejska,0620022,2020,nowy,,,,,,,,,,
7164,lubelskie,zamojski,Grabowiec,gmina wiejska,0620022,2021,nowy,,,,,,,,,,
7165,lubelskie,zamojski,Grabowiec,gmina wiejska,0620022,2022,nowy,,,,,,,,,,
7166,lubelskie,zamojski,Grabowiec,gmina wiejska,0620022,2023,nowy,,,,,,,,,,
7167,lubelskie,zamojski,Grabowiec,gmina wiejska,0620022,2024,nowy,,,,,,,,,,
7168,lubelskie,zamojski,Grabowiec,gmina wiejska,0620022,2025,nowy,,,,,,,,,,
7169,lubelskie,zamojski,Komarów-Osada,gmina wiejska,0620032,2018,nowy,,,,,,,,,,
7170,lubelskie,zamojski,Komarów-Osada,gmina wiejska,0620032,2019,nowy,,,,,,,,,,
7171,lubelskie,zamojski,Komarów-Osada,gmina wiejska,0620032,2020,nowy,,,,,,,,,,
7172,lubelskie,zamojski,Komarów-Osada,gmina wiejska,0620032,2021,nowy,,,,,,,,,,
7173,lubelskie,zamojski,Komarów-Osada,gmina wiejska,0620032,2022,nowy,,,,,,,,,,
7174,lubelskie,zamojski,Komarów-Osada,gmina wiejska,0620032,2023,nowy,,,,,,,,,,
7175,lubelskie,zamojski,Komarów-Osada,gmina wiejska,0620032,2024,nowy,,,,,,,,,,
7176,lubelskie,zamojski,Komarów-Osada,gmina wiejska,0620032,2025,nowy,,,,,,,,,,
7177,lubelskie,zamojski,Krasnobród,gmina miejsko-wiejska,0620043,2018,nowy,,,,,,,,,,
7178,lubelskie,zamojski,Krasnobród,gmina miejsko-wiejska,0620043,2019,nowy,,,,,,,,,,
7179,lubelskie,zamojski,Krasnobród,gmina miejsko-wiejska,0620043,2020,nowy,,,,,,,,,,
7180,lubelskie,zamojski,Krasnobród,gmina miejsko-wiejska,0620043,2021,nowy,,,,,,,,,,
7181,lubelskie,zamojski,Krasnobród,gmina miejsko-wiejska,0620043,2022,nowy,,,,,,,,,,
7182,lubelskie,zamojski,Krasnobród,gmina miejsko-wiejska,0620043,2023,nowy,,,,,,,,,,
7183,lubelskie,zamojski,Krasnobród,gmina miejsko-wiejska,0620043,2024,nowy,,,,,,,,,,
7184,lubelskie,zamojski,Krasnobród,gmina miejsko-wiejska,0620043,2025,nowy,,,,,,,,,,
7185,lubelskie,zamojski,Łabunie,gmina wiejska,0620052,2018,nowy,,,,,,,,,,
7186,lubelskie,zamojski,Łabunie,gmina wiejska,0620052,2019,nowy,,,,,,,,,,
7187,lubelskie,zamojski,Łabunie,gmina wiejska,0620052,2020,nowy,,,,,,,,,,
7188,lubelskie,zamojski,Łabunie,gmina wiejska,0620052,2021,nowy,,,,,,,,,,
7189,lubelskie,zamojski,Łabunie,gmina wiejska,0620052,2022,nowy,,,,,,,,,,
7190,lubelskie,zamojski,Łabunie,gmina wiejska,0620052,2023,nowy,,,,,,,,,,
7191,lubelskie,zamojski,Łabunie,gmina wiejska,0620052,2024,nowy,,,,,,,,,,
7192,lubelskie,zamojski,Łabunie,gmina wiejska,0620052,2025,nowy,,,,,,,,,,
7193,lubelskie,zamojski,Miączyn,gmina wiejska,0620062,2018,nowy,,,,,,,,,,
7194,lubelskie,zamojski,Miączyn,gmina wiejska,0620062,2019,nowy,,,,,,,,,,
7195,lubelskie,zamojski,Miączyn,gmina wiejska,0620062,2020,nowy,,,,,,,,,,
7196,lubelskie,zamojski,Miączyn,gmina wiejska,0620062,2021,nowy,,,,,,,,,,
7197,lubelskie,zamojski,Miączyn,gmina wiejska,0620062,2022,nowy,,,,,,,,,,
7198,lubelskie,zamojski,Miączyn,gmina wiejska,0620062,2023,nowy,,,,,,,,,,
7199,lubelskie,zamojski,Miączyn,gmina wiejska,0620062,2024,nowy,,,,,,,,,,
7200,lubelskie,zamojski,Miączyn,gmina wiejska,0620062,2025,nowy,,,,,,,,,,
7201,lubelskie,zamojski,Nielisz,gmina wiejska,0620072,2018,nowy,,,,,,,,,,
7202,lubelskie,zamojski,Nielisz,gmina wiejska,0620072,2019,nowy,,,,,,,,,,
7203,lubelskie,zamojski,Nielisz,gmina wiejska,0620072,2020,nowy,,,,,,,,,,
7204,lubelskie,zamojski,Nielisz,gmina wiejska,0620072,2021,nowy,,,,,,,,,,
7205,lubelskie,zamojski,Nielisz,gmina wiejska,0620072,2022,nowy,,,,,,,,,,
7206,lubelskie,zamojski,Nielisz,gmina wiejska,0620072,2023,nowy,,,,,,,,,,
7207,lubelskie,zamojski,Nielisz,gmina wiejska,0620072,2024,nowy,,,,,,,,,,
7208,lubelskie,zamojski,Nielisz,gmina wiejska,0620072,2025,nowy,,,,,,,,,,
7209,lubelskie,zamojski,Radecznica,gmina wiejska,0620082,2018,nowy,,,,,,,,,,
7210,lubelskie,zamojski,Radecznica,gmina wiejska,0620082,2019,nowy,,,,,,,,,,
7211,lubelskie,zamojski,Radecznica,gmina wiejska,0620082,2020,nowy,,,,,,,,,,
7212,lubelskie,zamojski,Radecznica,gmina wiejska,0620082,2021,nowy,,,,,,,,,,
7213,lubelskie,zamojski,Radecznica,gmina wiejska,0620082,2022,nowy,,,,,,,,,,
7214,lubelskie,zamojski,Radecznica,gmina wiejska,0620082,2023,nowy,,,,,,,,,,
7215,lubelskie,zamojski,Radecznica,gmina wiejska,0620082,2024,nowy,,,,,,,,,,
7216,lubelskie,zamojski,Radecznica,gmina wiejska,0620082,2025,nowy,,,,,,,,,,
7217,lubelskie,zamojski,Sitno,gmina wiejska,0620092,2018,nowy,,,,,,,,,,
7218,lubelskie,zamojski,Sitno,gmina wiejska,0620092,2019,nowy,,,,,,,,,,
7219,lubelskie,zamojski,Sitno,gmina wiejska,0620092,2020,nowy,,,,,,,,,,
7220,lubelskie,zamojski,Sitno,gmina wiejska,0620092,2021,nowy,,,,,,,,,,
7221,lubelskie,zamojski,Sitno,gmina wiejska,0620092,2022,nowy,,,,,,,,,,
7222,lubelskie,zamojski,Sitno,gmina wiejska,0620092,2023,nowy,,,,,,,,,,
7223,lubelskie,zamojski,Sitno,gmina wiejska,0620092,2024,nowy,,,,,,,,,,
7224,lubelskie,zamojski,Sitno,gmina wiejska,0620092,2025,nowy,,,,,,,,,,
7225,lubelskie,zamojski,Skierbieszów,gmina wiejska,0620102,2018,nowy,,,,,,,,,,
7226,lubelskie,zamojski,Skierbieszów,gmina wiejska,0620102,2019,nowy,,,,,,,,,,
7227,lubelskie,zamojski,Skierbieszów,gmina wiejska,0620102,2020,nowy,,,,,,,,,,
7228,lubelskie,zamojski,Skierbieszów,gmina wiejska,0620102,2021,nowy,,,,,,,,,,
7229,lubelskie,zamojski,Skierbieszów,gmina wiejska,0620102,2022,nowy,,,,,,,,,,
7230,lubelskie,zamojski,Skierbieszów,gmina wiejska,0620102,2023,nowy,,,,,,,,,,
7231,lubelskie,zamojski,Skierbieszów,gmina wiejska,0620102,2024,nowy,,,,,,,,,,
7232,lubelskie,zamojski,Skierbieszów,gmina wiejska,0620102,2025,nowy,,,,,,,,,,
7233,lubelskie,zamojski,Stary Zamość,gmina wiejska,0620112,2018,nowy,,,,,,,,,,
7234,lubelskie,zamojski,Stary Zamość,gmina wiejska,0620112,2019,nowy,,,,,,,,,,
7235,lubelskie,zamojski,Stary Zamość,gmina wiejska,0620112,2020,nowy,,,,,,,,,,
7236,lubelskie,zamojski,Stary Zamość,gmina wiejska,0620112,2021,nowy,,,,,,,,,,
7237,lubelskie,zamojski,Stary Zamość,gmina wiejska,0620112,2022,nowy,,,,,,,,,,
7238,lubelskie,zamojski,Stary Zamość,gmina wiejska,0620112,2023,nowy,,,,,,,,,,
7239,lubelskie,zamojski,Stary Zamość,gmina wiejska,0620112,2024,nowy,,,,,,,,,,
7240,lubelskie,zamojski,Stary Zamość,gmina wiejska,0620112,2025,nowy,,,,,,,,,,
7241,lubelskie,zamojski,Sułów,gmina wiejska,0620122,2018,nowy,,,,,,,,,,
7242,lubelskie,zamojski,Sułów,gmina wiejska,0620122,2019,nowy,,,,,,,,,,
7243,lubelskie,zamojski,Sułów,gmina wiejska,0620122,2020,nowy,,,,,,,,,,
7244,lubelskie,zamojski,Sułów,gmina wiejska,0620122,2021,nowy,,,,,,,,,,
7245,lubelskie,zamojski,Sułów,gmina wiejska,0620122,2022,nowy,,,,,,,,,,
7246,lubelskie,zamojski,Sułów,gmina wiejska,0620122,2023,nowy,,,,,,,,,,
7247,lubelskie,zamojski,Sułów,gmina wiejska,0620122,2024,nowy,,,,,,,,,,
7248,lubelskie,zamojski,Sułów,gmina wiejska,0620122,2025,nowy,,,,,,,,,,
7249,lubelskie,zamojski,Szczebrzeszyn,gmina miejsko-wiejska,0620133,2018,nowy,,,,,,,,,,
7250,lubelskie,zamojski,Szczebrzeszyn,gmina miejsko-wiejska,0620133,2019,nowy,,,,,,,,,,
7251,lubelskie,zamojski,Szczebrzeszyn,gmina miejsko-wiejska,0620133,2020,nowy,,,,,,,,,,
7252,lubelskie,zamojski,Szczebrzeszyn,gmina miejsko-wiejska,0620133,2021,nowy,,,,,,,,,,
7253,lubelskie,zamojski,Szczebrzeszyn,gmina miejsko-wiejska,0620133,2022,nowy,,,,,,,,,,
7254,lubelskie,zamojski,Szczebrzeszyn,gmina miejsko-wiejska,0620133,2023,nowy,,,,,,,,,,
7255,lubelskie,zamojski,Szczebrzeszyn,gmina miejsko-wiejska,0620133,2024,nowy,,,,,,,,,,
7256,lubelskie,zamojski,Szczebrzeszyn,gmina miejsko-wiejska,0620133,2025,nowy,,,,,,,,,,
7257,lubelskie,zamojski,Zamość,gmina wiejska,0620142,2018,nowy,,,,,,,,,,
7258,lubelskie,zamojski,Zamość,gmina wiejska,0620142,2019,nowy,,,,,,,,,,
7259,lubelskie,zamojski,Zamość,gmina wiejska,0620142,2020,nowy,,,,,,,,,,
7260,lubelskie,zamojski,Zamość,gmina wiejska,0620142,2021,nowy,,,,,,,,,,
7261,lubelskie,zamojski,Zamość,gmina wiejska,0620142,2022,nowy,,,,,,,,,,
7262,lubelskie,zamojski,Zamość,gmina wiejska,0620142,2023,nowy,,,,,,,,,,
7263,lubelskie,zamojski,Zamość,gmina wiejska,0620142,2024,nowy,,,,,,,,,,
7264,lubelskie,zamojski,Zamość,gmina wiejska,0620142,2025,nowy,,,,,,,,,,
7265,lubelskie,zamojski,Zwierzyniec,gmina miejsko-wiejska,0620153,2018,nowy,,,,,,,,,,
7266,lubelskie,zamojski,Zwierzyniec,gmina miejsko-wiejska,0620153,2019,nowy,,,,,,,,,,
7267,lubelskie,zamojski,Zwierzyniec,gmina miejsko-wiejska,0620153,2020,nowy,,,,,,,,,,
7268,lubelskie,zamojski,Zwierzyniec,gmina miejsko-wiejska,0620153,2021,nowy,,,,,,,,,,
7269,lubelskie,zamojski,Zwierzyniec,gmina miejsko-wiejska,0620153,2022,nowy,,,,,,,,,,
7270,lubelskie,zamojski,Zwierzyniec,gmina miejsko-wiejska,0620153,2023,nowy,,,,,,,,,,
7271,lubelskie,zamojski,Zwierzyniec,gmina miejsko-wiejska,0620153,2024,nowy,,,,,,,,,,
7272,lubelskie,zamojski,Zwierzyniec,gmina miejsko-wiejska,0620153,2025,nowy,,,,,,,,,,
7273,lubelskie,m. Biała Podlaska,-,-,0661,2018,nowy,,,,,,,,,,
7274,lubelskie,m. Biała Podlaska,-,-,0661,2019,nowy,,,,,,,,,,
7275,lubelskie,m. Biała Podlaska,-,-,0661,2020,nowy,,,,,,,,,,
7276,lubelskie,m. Biała Podlaska,-,-,0661,2021,nowy,,,,,,,,,,
7277,lubelskie,m. Biała Podlaska,-,-,0661,2022,nowy,,,,,,,,,,
7278,lubelskie,m. Biała Podlaska,-,-,0661,2023,nowy,,,,,,,,,,
7279,lubelskie,m. Biała Podlaska,-,-,0661,2024,nowy,,,,,,,,,,
7280,lubelskie,m. Biała Podlaska,-,-,0661,2025,nowy,,,,,,,,,,
7281,lubelskie,m. Biała Podlaska,Biała Podlaska,gmina miejska (miasto na prawach powiatu),0661011,2018,nowy,,,,,,,,,,
7282,lubelskie,m. Biała Podlaska,Biała Podlaska,gmina miejska (miasto na prawach powiatu),0661011,2019,nowy,,,,,,,,,,
7283,lubelskie,m. Biała Podlaska,Biała Podlaska,gmina miejska (miasto na prawach powiatu),0661011,2020,nowy,,,,,,,,,,
7284,lubelskie,m. Biała Podlaska,Biała Podlaska,gmina miejska (miasto na prawach powiatu),0661011,2021,nowy,,,,,,,,,,
7285,lubelskie,m. Biała Podlaska,Biała Podlaska,gmina miejska (miasto na prawach powiatu),0661011,2022,nowy,,,,,,,,,,
7286,lubelskie,m. Biała Podlaska,Biała Podlaska,gmina miejska (miasto na prawach powiatu),0661011,2023,nowy,,,,,,,,,,
7287,lubelskie,m. Biała Podlaska,Biała Podlaska,gmina miejska (miasto na prawach powiatu),0661011,2024,nowy,,,,,,,,,,
7288,lubelskie,m. Biała Podlaska,Biała Podlaska,gmina miejska (miasto na prawach powiatu),0661011,2025,nowy,,,,,,,,,,
7289,lubelskie,m. Chełm,-,-,0662,2018,nowy,,,,,,,,,,
7290,lubelskie,m. Chełm,-,-,0662,2019,nowy,,,,,,,,,,
7291,lubelskie,m. Chełm,-,-,0662,2020,nowy,,,,,,,,,,
7292,lubelskie,m. Chełm,-,-,0662,2021,nowy,,,,,,,,,,
7293,lubelskie,m. Chełm,-,-,0662,2022,nowy,,,,,,,,,,
7294,lubelskie,m. Chełm,-,-,0662,2023,nowy,,,,,,,,,,
7295,lubelskie,m. Chełm,-,-,0662,2024,nowy,,,,,,,,,,
7296,lubelskie,m. Chełm,-,-,0662,2025,nowy,,,,,,,,,,
7297,lubelskie,m. Chełm,Chełm,gmina miejska (miasto na prawach powiatu),0662011,2018,nowy,,,,,,,,,,
7298,lubelskie,m. Chełm,Chełm,gmina miejska (miasto na prawach powiatu),0662011,2019,nowy,,,,,,,,,,
7299,lubelskie,m. Chełm,Chełm,gmina miejska (miasto na prawach powiatu),0662011,2020,nowy,,,,,,,,,,
7300,lubelskie,m. Chełm,Chełm,gmina miejska (miasto na prawach powiatu),0662011,2021,nowy,,,,,,,,,,
7301,lubelskie,m. Chełm,Chełm,gmina miejska (miasto na prawach powiatu),0662011,2022,nowy,,,,,,,,,,
7302,lubelskie,m. Chełm,Chełm,gmina miejska (miasto na prawach powiatu),0662011,2023,nowy,,,,,,,,,,
7303,lubelskie,m. Chełm,Chełm,gmina miejska (miasto na prawach powiatu),0662011,2024,nowy,,,,,,,,,,
7304,lubelskie,m. Chełm,Chełm,gmina miejska (miasto na prawach powiatu),0662011,2025,nowy,,,,,,,,,,
7305,lubelskie,m. Lublin,-,-,0663,2018,nowy,,,,,,,,,,
7306,lubelskie,m. Lublin,-,-,0663,2019,nowy,,,,,,,,,,
7307,lubelskie,m. Lublin,-,-,0663,2020,nowy,,,,,,,,,,
7308,lubelskie,m. Lublin,-,-,0663,2021,nowy,,,,,,,,,,
7309,lubelskie,m. Lublin,-,-,0663,2022,nowy,,,,,,,,,,
7310,lubelskie,m. Lublin,-,-,0663,2023,nowy,,,,,,,,,,
7311,lubelskie,m. Lublin,-,-,0663,2024,nowy,,,,,,,,,,
7312,lubelskie,m. Lublin,-,-,0663,2025,nowy,,,,,,,,,,
7313,lubelskie,m. Lublin,Lublin,gmina miejska (miasto na prawach powiatu),0663011,2018,nowy,,,,,,,,,,
7314,lubelskie,m. Lublin,Lublin,gmina miejska (miasto na prawach powiatu),0663011,2019,nowy,,,,,,,,,,
7315,lubelskie,m. Lublin,Lublin,gmina miejska (miasto na prawach powiatu),0663011,2020,nowy,,,,,,,,,,
7316,lubelskie,m. Lublin,Lublin,gmina miejska (miasto na prawach powiatu),0663011,2021,nowy,,,,,,,,,,
7317,lubelskie,m. Lublin,Lublin,gmina miejska (miasto na prawach powiatu),0663011,2022,nowy,,,,,,,,,,
7318,lubelskie,m. Lublin,Lublin,gmina miejska (miasto na prawach powiatu),0663011,2023,nowy,,,,,,,,,,
7319,lubelskie,m. Lublin,Lublin,gmina miejska (miasto na prawach powiatu),0663011,2024,nowy,,,,,,,,,,
7320,lubelskie,m. Lublin,Lublin,gmina miejska (miasto na prawach powiatu),0663011,2025,nowy,,,,,,,,,,
7321,lubelskie,m. Zamość,-,-,0664,2018,nowy,,,,,,,,,,
7322,lubelskie,m. Zamość,-,-,0664,2019,nowy,,,,,,,,,,
7323,lubelskie,m. Zamość,-,-,0664,2020,nowy,,,,,,,,,,
7324,lubelskie,m. Zamość,-,-,0664,2021,nowy,,,,,,,,,,
7325,lubelskie,m. Zamość,-,-,0664,2022,nowy,,,,,,,,,,
7326,lubelskie,m. Zamość,-,-,0664,2023,nowy,,,,,,,,,,
7327,lubelskie,m. Zamość,-,-,0664,2024,nowy,,,,,,,,,,
7328,lubelskie,m. Zamość,-,-,0664,2025,nowy,,,,,,,,,,
7329,lubelskie,m. Zamość,Zamość,gmina miejska (miasto na prawach powiatu),0664011,2018,nowy,,,,,,,,,,
7330,lubelskie,m. Zamość,Zamość,gmina miejska (miasto na prawach powiatu),0664011,2019,nowy,,,,,,,,,,
7331,lubelskie,m. Zamość,Zamość,gmina miejska (miasto na prawach powiatu),0664011,2020,nowy,,,,,,,,,,
7332,lubelskie,m. Zamość,Zamość,gmina miejska (miasto na prawach powiatu),0664011,2021,nowy,,,,,,,,,,
7333,lubelskie,m. Zamość,Zamość,gmina miejska (miasto na prawach powiatu),0664011,2022,nowy,,,,,,,,,,
7334,lubelskie,m. Zamość,Zamość,gmina miejska (miasto na prawach powiatu),0664011,2023,nowy,,,,,,,,,,
7335,lubelskie,m. Zamość,Zamość,gmina miejska (miasto na prawach powiatu),0664011,2024,nowy,,,,,,,,,,
7336,lubelskie,m. Zamość,Zamość,gmina miejska (miasto na prawach powiatu),0664011,2025,nowy,,,,,,,,,,
