row_idx,województwo,powiat,gmina,typ gminy,TERYT,rok_raportu,status,ext_dokumentu,zawartosc,url,metoda_pozyskania,hash dokumentu,status komunikatu
1,mazowieckie,ciechanowski,Ciechanów,gmina miejska,1402011,2018,OK,,tekst,"https://bip.umciechanow.pl/pliki/Raport-o-stanie-Gminy-,6374.pdf",dostęp_bezpośredni,9827cb2bd369b31ed6d46887e316975d08c48717622be29a38615b1e8cc22554,200
2,mazowieckie,ciechanowski,Ciechanów,gmina miejska,1402011,2019,OK,,tekst,"https://bip.umciechanow.pl/pliki/Raport-o-stanie-Miasta-za-2019,8945.pdf",dostęp_bezpośredni,1f6c2e7ba7422d50933b7ffcab6edb7ae91dd3e4267c9cfd0174594fe8969288,200
3,mazowieckie,ciechanowski,Ciechanów,gmina miejska,1402011,2020,OK,,tekst,"https://bip.umciechanow.pl/pliki/raport-o-stanie-miasta-za-2020,9327.pdf",dostęp_bezpośredni,e9f4a14fada4fe7da1b73b256076bf4140d3fe2e150fc19bcc61f46154ea16a3,200
4,mazowieckie,ciechanowski,Ciechanów,gmina miejska,1402011,2021,OK,,tekst,"https://bip.umciechanow.pl/pliki/raport-miasto-2021,10589.pdf",dostęp_bezpośredni,1eeeb85e46332656b87e68f13bfdc3aa0e209bf5f507413140c0df209645f92a,200
5,mazowieckie,ciechanowski,Ciechanów,gmina miejska,1402011,2022,OK,,tekst,"https://bip.umciechanow.pl/pliki/Raport-o-stanie-miasta-za-2022-rok,12115.pdf",dostęp_bezpośredni,7218fd535dacc817c9876b73be6ed938a3d9a3fee1c99fe4661ad49f34e69a45,200
6,mazowieckie,ciechanowski,Ciechanów,gmina miejska,1402011,2023,OK,,tekst,"https://bip.umciechanow.pl/pliki/Raport-o-stanie-miasta-za-2023-rok---25.04.2024-r,13520.pdf",dostęp_bezpośredni,92022a8d8ed690e6592cbc5494a2f7cdbb98955fa9f7b7dbd9d1334b3261cf19,200
7,mazowieckie,ciechanowski,Ciechanów,gmina miejska,1402011,2024,OK,,tekst,"https://bip.umciechanow.pl/pliki/Raport-za-2024-11.04.2024-,14684.pdf",dostęp_bezpośredni,6b120d662de0d97800e46601b63600c358a10cb96cefe4df34561d2f8bcb9891,200
8,mazowieckie,ciechanowski,Ciechanów,gmina miejska,1402011,2025,BRAK,,brak,,,,BRAK_URL (niepowstały)
9,mazowieckie,ciechanowski,Ciechanów,gmina wiejska,1402022,2018,OK,,tekst,https://gminaciechanow.pl/uploads/dokumenty/1/bip/4282/raport_o_stanie_gminy_ciechanow_za_2018_rok.pdf,dostęp_bezpośredni,bed622b1fc6614d4672c2f5d0e95977f7beb12822aa528f3b3a99b83bb1fa05e,200
10,mazowieckie,ciechanowski,Ciechanów,gmina wiejska,1402022,2019,OK,,tekst,https://gminaciechanow.pl/uploads/dokumenty/1/bip/911/raport_o_stanie_gminy_ciechanow_za_2019_rok.pdf,dostęp_bezpośredni,560f97bf84c0bfda81e2267b6acc56608c6d5d87917d405a8789556aa300de80,200
11,mazowieckie,ciechanowski,Ciechanów,gmina wiejska,1402022,2020,BRAK,,brak,brak,dowód: roczne raporty Gminy Ciechanów na gminaciechanow.pl (znalezione 2018-2024),,BRAK_URL (dowód istnienia)
12,mazowieckie,ciechanowski,Ciechanów,gmina wiejska,1402022,2021,OK,,tekst,https://gminaciechanow.pl/uploads/dokumenty/1/bip/1556/raport_o_stanie_gminy_ciechanow_za_2021_rok_.pdf,dostęp_bezpośredni,196ae58dd60d6ef81ab8e53e40ac8cc43a8d5489eb37ea93d2496f7a3d57f187,200
13,mazowieckie,ciechanowski,Ciechanów,gmina wiejska,1402022,2022,OK,,tekst,https://gminaciechanow.pl/uploads/dokumenty/1/bip/1884/raport_o_stanie_gminy_ciechanow_za_2022_rok.pdf,dostęp_bezpośredni,3ff49414e50d6f39931b44d508c045db343c0da617ac987d135b49af1729f113,200
14,mazowieckie,ciechanowski,Ciechanów,gmina wiejska,1402022,2023,OK,,tekst,https://gminaciechanow.pl/uploads/dokumenty/1/bip/9653/fec46fd83c2d74495058b6584c1c52fe.pdf,dostęp_bezpośredni,6e09f0e6a599204d2419d472f624d3491a9fbcd643c8f367565e4922e7bc94e5,200
15,mazowieckie,ciechanowski,Ciechanów,gmina wiejska,1402022,2024,OK,,tekst,https://gminaciechanow.pl/uploads/dokumenty/1/bip/10625/1dfc116ee095fb8d8f88901d39793798.pdf,dostęp_bezpośredni,a14bef5fd9372f0f5532b81130f6dc00646bb473876d0f9a15f93c44fcb837df,200
16,mazowieckie,ciechanowski,Ciechanów,gmina wiejska,1402022,2025,BRAK,,brak,brak,dowód: roczne raporty Gminy Ciechanów na gminaciechanow.pl (znalezione 2018-2024),,BRAK_URL (dowód istnienia)
17,mazowieckie,ciechanowski,Gołymin-Ośrodek,gmina wiejska,1402042,2018,BRAK,,brak,brak,dogłębne sprawdzenie (web search + BIP + Wayback) - brak dowodu istnienia,,BRAK_URL (niepowstały)
18,mazowieckie,ciechanowski,Gołymin-Ośrodek,gmina wiejska,1402042,2019,BRAK,,brak,brak,dogłębne sprawdzenie (web search + BIP + Wayback) - brak dowodu istnienia,,BRAK_URL (niepowstały)
19,mazowieckie,ciechanowski,Gołymin-Ośrodek,gmina wiejska,1402042,2020,OK,,tekst,https://golymin-osrodek.biuletyn.net/fls/bip_pliki/2020_04/BIPOLD003109/3109.pdf,dostęp_bezpośredni,95ec3c4ec8330860fc97d60f54cda7d703f24541b29a4fddcbcc029aa367bf91,200
20,mazowieckie,ciechanowski,Gołymin-Ośrodek,gmina wiejska,1402042,2021,BRAK,,brak,brak,dogłębne sprawdzenie (web search + BIP + Wayback) - brak dowodu istnienia,,BRAK_URL (niepowstały)
21,mazowieckie,ciechanowski,Gołymin-Ośrodek,gmina wiejska,1402042,2022,BRAK,,brak,brak,dogłębne sprawdzenie (web search + BIP + Wayback) - brak dowodu istnienia,,BRAK_URL (niepowstały)
22,mazowieckie,ciechanowski,Gołymin-Ośrodek,gmina wiejska,1402042,2023,OK,,tekst,https://golymin-osrodek.biuletyn.net/fls/bip_pliki/2024_08/BIPF61F1542F32E01Z/UCHWALA_III_16_2024.pdf,dostęp_bezpośredni,b48515e0eafb761ae72b2d31ec8e79cfb1a84b37d37b396c3eeb0c0a7a2dd9bd,200
23,mazowieckie,ciechanowski,Gołymin-Ośrodek,gmina wiejska,1402042,2024,OK,,tekst,https://golymin-osrodek.biuletyn.net/fls/bip_pliki/2025_02/BIPF62E074055BE1AZ/49.pdf,dostęp_bezpośredni,8a16915a984e2deef636bf072d3c8d9fc382b92f2a5c711ed2a001e2dac2c709,200
24,mazowieckie,ciechanowski,Gołymin-Ośrodek,gmina wiejska,1402042,2025,OK,,tekst,https://golymin-osrodek.biuletyn.net/fls/bip_pliki/2025_02/BIPF62E06C9C4ABDBZ/46.pdf,dostęp_bezpośredni,b8be195eeef071da173a856a584616eec968397860d54ca00d4db965f92e992f,200
25,mazowieckie,ciechanowski,Grudusk,gmina wiejska,1402052,2018,OK,,tekst,http://web.archive.org/web/20251214052528/http://nowa.grudusk.com/pliki/Raport%20o%20stanie%20Gminy%20Grudusk%20za%202018%20rok/Raport%20o%20stanie%20gminy%20za%202018%20rok.pdf,dostęp_bezpośredni,0c3cb78bf67b689ad1f7b36014a67b88e01cc0b949cd1e5c751f654da3a1c30a,200
26,mazowieckie,ciechanowski,Grudusk,gmina wiejska,1402052,2019,OK,,tekst,http://web.archive.org/web/20260113150549/http://nowa.grudusk.com/pliki/Raport%20o%20stanie%20Gminy%20Grudusk%20za%202018%20rok/2019/RAPORT%20o%20stanie%20Gminy%20%20Grudusk%20za%202019.pdf,dostęp_bezpośredni,82e6f06a30c09b381c0180bf82c835454d69e2968172a96071bd7093b12c6168,200
27,mazowieckie,ciechanowski,Grudusk,gmina wiejska,1402052,2020,BRAK,,brak,,,,BRAK_URL (niepowstały)
28,mazowieckie,ciechanowski,Grudusk,gmina wiejska,1402052,2021,OK,,tekst,http://web.archive.org/web/20250807195258/http://nowa.grudusk.com/pliki/aktualnosci/2022/05/Raport%20W%C3%B3jta%20Gminy%20o%20stanie%20Gminy%20Grudusk%20za%202021%20rok.pdf,dostęp_bezpośredni,751388b53c87a533c5bf858a397491297056b21d1e92050ccc195ccf389183fb,200
29,mazowieckie,ciechanowski,Grudusk,gmina wiejska,1402052,2022,OK,,tekst,http://web.archive.org/web/20250807195625/http://nowa.grudusk.com/pliki/Raport_o_stanie/22/Raport%20W%C3%B3jta%20Gminy%20o%20stanie%20Gminy%20Grudusk%20za%202022%20rok.pdf,dostęp_bezpośredni,c8fab9ee6c1a550727948519e9590c9d9559869208bb7b8d5966b21d7b75899e,200
30,mazowieckie,ciechanowski,Grudusk,gmina wiejska,1402052,2023,BRAK,,brak,brak,dogłębne sprawdzenie - brak dowodu istnienia,,BRAK_URL (niepowstały)
31,mazowieckie,ciechanowski,Grudusk,gmina wiejska,1402052,2024,BRAK,,brak,brak,dogłębne sprawdzenie - brak dowodu istnienia,,BRAK_URL (niepowstały)
32,mazowieckie,ciechanowski,Grudusk,gmina wiejska,1402052,2025,OK,,tekst,https://bip-v1-files.idcom-jst.pl/sites/47556/wiadomosci/884946/files/raport_wojta_gminy_o_stanie_gminy_grudusk_za_2025_rok_podpisana.pdf,dostęp_bezpośredni,4aedc26dbc0f42a4f41375fb418284d2f1c59e25b11a005dbd1b7c28aa6fefd4,200
33,mazowieckie,ciechanowski,Ojrzeń,gmina wiejska,1402062,2018,OK,,tekst,https://ojrzen.pl/wp-content/uploads/2019/06/Raport-o-stanie-gminy-2018.pdf,dostęp_bezpośredni (wył. weryf. SSL),1eedbb94426cffba56c27253433448e835ebba4eefa3a8a7cfb5145e43871a54,200 (po wył. weryf. SSL)
34,mazowieckie,ciechanowski,Ojrzeń,gmina wiejska,1402062,2019,OK,,tekst,https://ojrzen.pl/wp-content/uploads/2020/05/Raport-o-stanie-gminy-Gmina-Ojrze%C5%84.pdf,dostęp_bezpośredni (wył. weryf. SSL),e87ff2ad5a468eb1ef0f9926455d5cf80bbff729c4e6ca63148aaf78e5196dcc,200 (po wył. weryf. SSL)
35,mazowieckie,ciechanowski,Ojrzeń,gmina wiejska,1402062,2020,OK,,tekst,http://ugojrzen.bip.org.pl/pliki/ugojrzen/raport_o_stanie_gminy_-_gmina_ojrzen_2020.pdf?20260815191706,dostęp_bezpośredni,e9f251f5099a5b9048757cc132b2dacd39a7bc3210ae871dc2aebf9d7ebce085,200
36,mazowieckie,ciechanowski,Ojrzeń,gmina wiejska,1402062,2021,OK,,tekst,https://ojrzen.pl/wp-content/uploads/2022/05/Raport-o-stanie-gminy-Gmina-Ojrzen-2021.pdf,dostęp_bezpośredni (wył. weryf. SSL),6f5aa0f3449b6d63c1b6325877881c8fe5242ef841e283a2d80472c56d63faf2,200 (po wył. weryf. SSL)
37,mazowieckie,ciechanowski,Ojrzeń,gmina wiejska,1402062,2022,OK,,tekst,https://ojrzen.pl/wp-content/uploads/2023/06/Raport-o-stanie-gminy-Gmina-Ojrzen.pdf,dostęp_bezpośredni (wył. weryf. SSL),3daf5a2b94f108e251085c4503fcff56e2b68126731cd8fdef4333f8dfeb0a16,200 (po wył. weryf. SSL)
38,mazowieckie,ciechanowski,Ojrzeń,gmina wiejska,1402062,2023,OK,,tekst,https://ojrzen.pl/wp-content/uploads/2024/05/Raport-o-stanie-gminy-p.pdf,dostęp_bezpośredni (wył. weryf. SSL),b454aea797054c4479fd6fc2ecf54c8aa2e502af1dd1f7c4421a2a9a7cb96a56,200 (po wył. weryf. SSL)
39,mazowieckie,ciechanowski,Ojrzeń,gmina wiejska,1402062,2024,OK,,tekst,https://ojrzen.pl/wp-content/uploads/2025/05/Raport-o-stanie-gminy-2025.pdf,dostęp_bezpośredni (wył. weryf. SSL),e194cead430ff15029fc9acb217bbad0e4858dc7cdd7f49e09063feb855cd371,200 (po wył. weryf. SSL)
40,mazowieckie,ciechanowski,Ojrzeń,gmina wiejska,1402062,2025,OK,,tekst,https://bip.ojrzen.pl/pliki/plik/raport-za-rok-2025-1779437002.pdf,dostęp_bezpośredni,ee4a27d986ed618b34ef72a86f7f45236fed0017e1cc0a85ef2121a6daba5531,200
41,mazowieckie,ciechanowski,Opinogóra Górna,gmina wiejska,1402072,2018,OK,,tekst,https://ugopinogora.bip.org.pl/pliki/ugopinogora/raport_o_stanie_gminy_opinogora_gorna_za_2018_rok_.pdf,dostęp_bezpośredni,cf40047743663fc35d0f254d0939bb46cecb1427df6d1bb14feb08617bad20fd,200
42,mazowieckie,ciechanowski,Opinogóra Górna,gmina wiejska,1402072,2019,OK,,tekst,https://ugopinogora.bip.org.pl/pliki/ugopinogora/raport_o_stanie_gminy_2019.pdf,dostęp_bezpośredni,ce2043b00055f6c9a305d6c9b93edf9fbd7c7435ba2a182f8c65fe2b43409bf1,200
43,mazowieckie,ciechanowski,Opinogóra Górna,gmina wiejska,1402072,2020,OK,,tekst,https://ugopinogora.bip.org.pl/pliki/ugopinogora/raport_o_stanie_gminy_2020_v1.pdf,dostęp_bezpośredni,ed18b29642a47ae766e64e2bb3bd13d16211b6be65a02ca1474cac95fbe25551,200
44,mazowieckie,ciechanowski,Opinogóra Górna,gmina wiejska,1402072,2021,OK,,tekst,https://ugopinogora.bip.org.pl/pliki/ugopinogora/raport_o_stanie_gminy_za_2021.pdf,dostęp_bezpośredni,19624d9beed72e6cd27571148e0fbde366bdf0af37c45e58ec313d8a3180c912,200
45,mazowieckie,ciechanowski,Opinogóra Górna,gmina wiejska,1402072,2022,OK,,tekst,https://ugopinogora.bip.org.pl/pliki/ugopinogora/raport%20o%20stanie%20gminy%20za%202022_20230614154853.pdf,dostęp_bezpośredni,d8392a5c19310c6c7204e209be92f35805d8ad0b6f025c533a2bbba04b419905,200
46,mazowieckie,ciechanowski,Opinogóra Górna,gmina wiejska,1402072,2023,OK,,tekst,https://ugopinogora.bip.org.pl/pliki/ugopinogora/raport_o_stanie_gminy_opinogora_za_2023_ost.pdf?20260726214501,dostęp_bezpośredni,f11b1b7065cc5613a9fcfb9d3b6dd0d962ed5317833b3c1b7e558c566b236afc,200
47,mazowieckie,ciechanowski,Opinogóra Górna,gmina wiejska,1402072,2024,OK,,tekst,https://ugopinogora.bip.org.pl/pliki/ugopinogora/raport_o_stanie_gminy_za_2024.pdf?20260518235217,dostęp_bezpośredni,f492210fffe31d35280ef82bb9b3e4a0c6f67f993ff03cb2ef188f589b740538,200
48,mazowieckie,ciechanowski,Opinogóra Górna,gmina wiejska,1402072,2025,OK,,tekst,https://ugopinogora.bip.org.pl/pliki/ugopinogora/raport_o_stanie_gminy_za_2025.pdf?20260726214501,dostęp_bezpośredni,6768bb25010cafd7166c6f677332816ba935055ac237294be6ea293e89bbde28,200
49,mazowieckie,ciechanowski,Regimin,gmina wiejska,1402082,2018,OK,,tekst,https://bip-v1-files.idcom-jst.pl/sites/3114/cms/szablony/13704/pliki/raport_o_stanie_gminy_regimin__kopia.pdf,dostęp_bezpośredni,777a241826dd0cb477b4be7a443e05943d33ca8dd9dd88bd4eee29a3b8bf1077,200
50,mazowieckie,ciechanowski,Regimin,gmina wiejska,1402082,2019,OK,,tekst,https://bip-v1-files.idcom-jst.pl/sites/3114/cms/szablony/14994/pliki/raport_o_stanie_gminy_regimin_za_2019.pdf,dostęp_bezpośredni,fa05c7f68bd0dd0ed251b3fa22bfb2c038a4bfd9e34853c2278580d524629338,200
51,mazowieckie,ciechanowski,Regimin,gmina wiejska,1402082,2020,OK,,tekst,https://bip-v1-files.idcom-jst.pl/sites/3114/cms/szablony/17711/pliki/raport_o_stanie_gminy_2020.pdf,dostęp_bezpośredni,ff8ad3331c5a8cffc6f8fa38dbd117fd95855ec537e8735b1ff803560e8048e3,200
52,mazowieckie,ciechanowski,Regimin,gmina wiejska,1402082,2021,OK,,tekst,https://bip-v1-files.idcom-jst.pl/sites/3114/cms/szablony/20349/pliki/raport_o_stanie_gminy_regimin_za_2021_rok_.pdf,dostęp_bezpośredni,1cab42c75f06ae01a619805c9da9f874a714becef5ebdfea27411a720a9afbc5,200
53,mazowieckie,ciechanowski,Regimin,gmina wiejska,1402082,2022,OK,,tekst,https://bip-v1-files.idcom-jst.pl/sites/3114/cms/szablony/21924/pliki/raport_o_stanie_gminy_regimin_za_2022_rok.pdf,dostęp_bezpośredni,309026a8c6f591dc0375757577198387b9483dcce401b7b9bd14b0be98ce83fc,200
54,mazowieckie,ciechanowski,Regimin,gmina wiejska,1402082,2023,OK,,tekst,https://bip-v1-files.idcom-jst.pl/sites/3114/cms/szablony/24422/pliki/raport_o_stanie_gminy_za_2023_rok_.pdf,dostęp_bezpośredni,3c2cadced2f38881f396d92f18f65d6e8f9d5ba82c93ff5c9289b644bae9bab2,200
55,mazowieckie,ciechanowski,Regimin,gmina wiejska,1402082,2024,OK,,tekst,https://bip-v1-files.idcom-jst.pl/sites/3114/cms/szablony/26846/pliki/raport_o_stanie_gminy_za_2024_rok.pdf,dostęp_bezpośredni,2b061d429c182053f13ab0af6421af6f9d6c43d5c0549ddb833e0feee5edc4e9,200
56,mazowieckie,ciechanowski,Regimin,gmina wiejska,1402082,2025,OK,,tekst,https://bip-v1-files.idcom-jst.pl/sites/3114/cms/szablony/29934/pliki/raport_o_stanie_gminy_regimin_za_2025_rok.pdf,dostęp_bezpośredni,56248015360cabbc454be470ea10329643d1e31ff7110fd88a9a2893ff36de8a,200
57,mazowieckie,ciechanowski,Sońsk,gmina wiejska,1402092,2018,OK,,tekst,https://sonsk.biuletyn.net/fls/bip_pliki/2020_12/BIPOLD008286/8286.pdf,dostęp_bezpośredni,16104d2d13401e1492ca2d1693d5ff7f2620566d332b73e2073fc0b4edf4b34b,200
58,mazowieckie,ciechanowski,Sońsk,gmina wiejska,1402092,2019,OK,,tekst,https://sonsk.biuletyn.net/fls/bip_pliki/2020_12/BIPOLD009348/9348.pdf,dostęp_bezpośredni,84bbfd5cac762277fedf6fdf3d16888c16b2a12ab419520ca10f153bd7dc5920,200
59,mazowieckie,ciechanowski,Sońsk,gmina wiejska,1402092,2020,OK,,tekst,http://sonsk.biuletyn.net/fls/bip_pliki/2021_05/BIPF5C245946E18BFZ/Raport_o_stanie_Gminy_Sonsk_za_2020_r.-14.05.21.pdf,dostęp_bezpośredni,f528407e76496265afba31bbf61980bc8deadf362f6182c9c93ee1b1efd239ad,200
60,mazowieckie,ciechanowski,Sońsk,gmina wiejska,1402092,2021,OK,,tekst,http://sonsk.biuletyn.net/fls/bip_pliki/2022_04/BIPF5DC70887D4C01Z/Raport_o_stanie_Gminy_Sonsk_za_2021_r..pdf,dostęp_bezpośredni,9d9052c835f97b80e6eb133a4fa7aff1852bdf2572453eee84fcad23ef9f8cdc,200
61,mazowieckie,ciechanowski,Sońsk,gmina wiejska,1402092,2022,OK,,tekst,https://sonsk.biuletyn.net/fls/bip_pliki/2023_04/BIPF5F9D73C904916Z/Raport_o_stanie_Gminy_Sonsk_za_2022_r..pdf,dostęp_bezpośredni,08a0411ad2da42c7f8a20c16e098e8f0b42475abc11a3f75b7b1f8eb090185ed,200
62,mazowieckie,ciechanowski,Sońsk,gmina wiejska,1402092,2023,OK,,tekst,https://sonsk.biuletyn.net/fls/bip_pliki/2024_06/BIPF61B111133181BZ/Raport_o_stanie_Gminy_Sonsk_za_2023_r.-_DRUK_NR_1.pdf,dostęp_bezpośredni,e0fce6121d14d011d47e93c980d88aea8ad03674becb23e3e8eb508c7cb1a77d,200
63,mazowieckie,ciechanowski,Sońsk,gmina wiejska,1402092,2024,OK,,tekst,https://sonsk.biuletyn.net/fls/bip_pliki/2025_03/BIPF630DA6EC00A38Z/Raport_o_stanie_Gminy_Sonsk_za_2024_r..pdf,dostęp_bezpośredni,2ceb3445424c81da3a1f58453c9cfe7261ae1fdf3cb24b9e4127237ba0f5166e,200
64,mazowieckie,ciechanowski,Sońsk,gmina wiejska,1402092,2025,OK,,tekst,https://www.sonsk.pl/asp/pliki/aktualnosci/raport_o_stanie_gminy_sonsk_za_2025_r..pdf,dostęp_bezpośredni,9a6f3e7047a871194d88e181e38e411a1ee8e44faee2f84ed19e3a4bfbfc3477,200
65,mazowieckie,m. Ostrołęka,Ostrołęka,gmina miejska (miasto na prawach powiatu),1461011,2018,OK,,tekst,https://bip.um.ostroleka.pl/attachments/download/9390,dostęp_bezpośredni,e86a89489111c58d01ccf66883e48da6568d7a0707c7af1d85afb807f4d0b024,200
66,mazowieckie,m. Ostrołęka,Ostrołęka,gmina miejska (miasto na prawach powiatu),1461011,2019,OK,,tekst,https://bip.um.ostroleka.pl/attachments/download/12753,dostęp_bezpośredni,0906e59fcec0bef525db4f4c33025b218bb826572219838c7f347eb8982838ad,200
67,mazowieckie,m. Ostrołęka,Ostrołęka,gmina miejska (miasto na prawach powiatu),1461011,2020,OK,,tekst,https://bip.um.ostroleka.pl/attachments/download/16099,dostęp_bezpośredni,fdf4e6aece2250c12ac388e6ac7a12d2e289745c253d3d6d411450657153251e,200
68,mazowieckie,m. Ostrołęka,Ostrołęka,gmina miejska (miasto na prawach powiatu),1461011,2021,OK,,tekst,https://bip.um.ostroleka.pl/attachments/download/18903,dostęp_bezpośredni,b03385bce113a876480c1a63361092818dd05b712d6ffffaed440e822c477621,200
69,mazowieckie,m. Ostrołęka,Ostrołęka,gmina miejska (miasto na prawach powiatu),1461011,2022,OK,,tekst,https://bip.um.ostroleka.pl/attachments/download/21411,dostęp_bezpośredni,d4faa3dd8302621e9d18d3b072158b90d17f2a9c0a340e24800dea687c37965f,200
70,mazowieckie,m. Ostrołęka,Ostrołęka,gmina miejska (miasto na prawach powiatu),1461011,2023,OK,,tekst,https://bip.um.ostroleka.pl/attachments/download/24271,dostęp_bezpośredni,f3e33986c350839e2c5e7e389312c841b88fa493bdec5eb76fa31b4dfd8de7fb,200
71,mazowieckie,m. Ostrołęka,Ostrołęka,gmina miejska (miasto na prawach powiatu),1461011,2024,OK,,tekst,https://bip.um.ostroleka.pl/attachments/download/26961,dostęp_bezpośredni,aa2b9e48103e0129e9ef9fdd07369c356a23b9d83106fdc664c8e5ad978b227c,200
72,mazowieckie,m. Ostrołęka,Ostrołęka,gmina miejska (miasto na prawach powiatu),1461011,2025,OK,,tekst,https://bip.um.ostroleka.pl/attachments/download/29431,dostęp_bezpośredni,87e9863b63bb62924976627f17991b3533490f58147d52fe6719438e0d1abfb8,200
73,mazowieckie,m. Siedlce,Siedlce,gmina miejska (miasto na prawach powiatu),1464011,2018,OK,,tekst,http://umsiedlcerin.home.pl/pliki/sesje/raport_grudzien_2018.pdf,dostęp_bezpośredni,e1e3676b607b74001f194446120ca25cc0e0bf69f637c8540878d8a915843e7d,200
74,mazowieckie,m. Siedlce,Siedlce,gmina miejska (miasto na prawach powiatu),1464011,2019,OK,,tekst,http://umsiedlcerin.home.pl/pliki/sesje/raport_grudzien2_2019.pdf,dostęp_bezpośredni,5eb5a0729e77382cbeca994ebceaafbbe2f03f596f6b2baa0884666ceadcac79,200
75,mazowieckie,m. Siedlce,Siedlce,gmina miejska (miasto na prawach powiatu),1464011,2020,OK,,tekst,https://bip.siedlce.pl/bip/89_umsiedlce/fckeditor/file//2020/Raporty%20g%C5%82osowa%C5%84%20z%20Sesji%2022%20grudnia%202020r..pdf,dostęp_bezpośredni (wył. weryf. SSL),c9b07bceb8dba7954c48926d88c54cad6cb6d99ef3369ab54f01a5a4450a22b3,200 (po wył. weryf. SSL)
76,mazowieckie,m. Siedlce,Siedlce,gmina miejska (miasto na prawach powiatu),1464011,2021,OK,,tekst,https://siedlce.pl/assets/siedlce/media/files/d37a39e8-4dbd-4ef2-b10e-f22ca996ccdc/lokalny-program-rewitalizacji.pdf,dostęp_bezpośredni,5322d12a00a9668a36dd3e15664f7808849732d5534157bf2b6d21550673e9d1,200
77,mazowieckie,m. Siedlce,Siedlce,gmina miejska (miasto na prawach powiatu),1464011,2022,BRAK,,brak,brak,dowód: sekcja 'Raporty o stanie miasta Siedlce' na bip.siedlce.pl,,BRAK_URL (dowód istnienia)
78,mazowieckie,m. Siedlce,Siedlce,gmina miejska (miasto na prawach powiatu),1464011,2023,OK,,tekst,https://www.bip.siedlce.pl/bip/89_umsiedlce/fckeditor/file/Raport%20o%20stanie%20miasta%20Siedlcv/2023//Raport_o_stanie_miasta_za_2023.pdf,dostęp_bezpośredni (wył. weryf. SSL),f622d08df6a74b517f26f31925661f7a42d88556aaa7642c2e41446a7ff4df4f,200
79,mazowieckie,m. Siedlce,Siedlce,gmina miejska (miasto na prawach powiatu),1464011,2024,OK,,tekst,https://www.bip.siedlce.pl/bip/89_umsiedlce/fckeditor/file/2025/raport%20o%20stanie%20miasta/RAPORT%20O%20STANIE%20MIASTA%20W%202024%20ROKU.pdf,dostęp_bezpośredni (wył. weryf. SSL),6bccacfe661ec2ea9547fdd9fdf7006435e6859fe300f12cada51b389baf41af,200 (po wył. weryf. SSL)
80,mazowieckie,m. Siedlce,Siedlce,gmina miejska (miasto na prawach powiatu),1464011,2025,BRAK,,brak,brak,dowód: sekcja 'Raporty o stanie miasta Siedlce' na bip.siedlce.pl,,BRAK_URL (dowód istnienia)
81,mazowieckie,makowski,Czerwonka,gmina wiejska,1411022,2018,OK,,tekst,https://czerwonka.biuletyn.net/fls/bip_pliki/2020_02/BIPOLD003076/3076.pdf,dostęp_bezpośredni,f832ccf84fb9991ba3953b396a59500fd8aa06331479206ac6667baed624d564,200
82,mazowieckie,makowski,Czerwonka,gmina wiejska,1411022,2019,OK,,tekst,https://czerwonka.biuletyn.net/fls/bip_pliki/2020_06/BIPF5A702BB40EB60Z/Raport_o_stanie_gminy_2019.pdf,dostęp_bezpośredni,ed1231c8a46e95b1e42fac4a4cb50114c985b4447a2a9550d07c9ab686f6c0b1,200
83,mazowieckie,makowski,Czerwonka,gmina wiejska,1411022,2020,OK,,tekst,https://czerwonka.biuletyn.net/fls/bip_pliki/2021_05/BIPF5C336EB5EDEE9Z/Raport_o_stanie_gminy_za_2020.pdf,dostęp_bezpośredni,81a85ecca235fcc21b1da47c1efea33cafc9a0d55b250a6c82d4446333acff40,200
84,mazowieckie,makowski,Czerwonka,gmina wiejska,1411022,2021,OK,,tekst,https://czerwonka.biuletyn.net/fls/bip_pliki/2022_05/BIPF5DFADA0D7C578Z/Raport_o_stanie_gminy_za_2021.pdf,dostęp_bezpośredni,4a7617bc03b13f73fec71dc857a16fc0d859e3dc057e8d7fbc1a93f7d348ff1f,200
85,mazowieckie,makowski,Czerwonka,gmina wiejska,1411022,2022,OK,,tekst,https://czerwonka.biuletyn.net/fls/bip_pliki/2023_05/BIPF5FAF11B8558C6Z/Raport_o_stanie_gminy_za_2022_r..docx,dostęp_bezpośredni,9a48427b64ca0cd973dbbcd2f7ac64d822a3d59a2241815a46b52d19a091d7d4,200
86,mazowieckie,makowski,Czerwonka,gmina wiejska,1411022,2023,OK,,tekst,https://czerwonka.biuletyn.net/fls/bip_pliki/2024_05/BIPF617F0D05ECDC2Z/Raport_o_stanie_Gminy_Czerwonka_za_2023_r___005_.pdf,dostęp_bezpośredni,25b26dc0cf4c63c3d85a16f2dd59c45ff6c8b851d34df6c2cb78812f7d19e865,200
87,mazowieckie,makowski,Czerwonka,gmina wiejska,1411022,2024,OK,,tekst,https://czerwonka.biuletyn.net/fls/bip_pliki/2024_07/BIPF61C2FA1E3A2FFZ/zarzadzenie_21.2024.pdf,dostęp_bezpośredni,ac4d04cf995e3a6869eada0a556bf83f2bc567cd11d7e70eef5ede693271823f,200
88,mazowieckie,makowski,Czerwonka,gmina wiejska,1411022,2025,OK,,tekst,https://czerwonka.biuletyn.net/fls/bip_pliki/2026_05/BIPF6522B00FD2554Z/Raport_o_stanie_gminy_Czerwonka_za_rok_2025_-_do_publikacji..pdf,dostęp_bezpośredni,390ba5b10867378ff69011b4485fbaa45df39ccd42176857c2bb89ad77d05739,200
89,mazowieckie,makowski,Karniewo,gmina wiejska,1411032,2018,OK,,tekst,https://karniewo.biuletyn.net/fls/bip_pliki/2020_04/BIPOLD004327/4327.pdf,dostęp_bezpośredni,341e08d52eeb85ec41b965d3b93d060c898f2e7cf435da8ad9dd0c93a7c2d833,200
90,mazowieckie,makowski,Karniewo,gmina wiejska,1411032,2019,OK,,tekst,https://karniewo.biuletyn.net/fls/bip_pliki/2020_06/BIPF5A7159DFF21BAZ/Raport_o_stanie_Gminy_Karniewo_za_2019.pdf,dostęp_bezpośredni,8f9f7b413f3bd4580539ab0162dc6a68f6b0a780e2d0d86ad2c5213db580687c,200
91,mazowieckie,makowski,Karniewo,gmina wiejska,1411032,2020,OK,,tekst,https://karniewo.biuletyn.net/fls/bip_pliki/2020_04/BIPOLD002580/2580.pdf,dostęp_bezpośredni,427182362cfa25a219f93f660eecae6de3fbf215cb5183082d2ab4d71244d505,200
92,mazowieckie,makowski,Karniewo,gmina wiejska,1411032,2021,OK,,tekst,https://karniewo.biuletyn.net/fls/bip_pliki/2022_06/BIPF5E08546377FEAZ/RaportGmina2021.pdf,dostęp_bezpośredni,8dcb91eb81b2c5136255917ef5cb1afe4b610cda69f32c011afe7fb5e71b389f,200
93,mazowieckie,makowski,Karniewo,gmina wiejska,1411032,2022,OK,,tekst,https://karniewo.biuletyn.net/fls/bip_pliki/2023_06/BIPF5FD622E5918C9Z/doc02001120230605093339.pdf,dostęp_bezpośredni,42f14ff87b66c4b4a2d186428f79b3152a06d0c227612bdc7924b53401a60012,200
94,mazowieckie,makowski,Karniewo,gmina wiejska,1411032,2023,OK,,tekst,https://karniewo.biuletyn.net/fls/bip_pliki/2024_06/BIPF619FAB8483FE1Z/ZWKG.37.2024.pdf,dostęp_bezpośredni,869d89e49897b7287455ccf8a1ad943b7aca427379eb135308311f8ba41fd8a7,200
95,mazowieckie,makowski,Karniewo,gmina wiejska,1411032,2024,OK,,tekst,https://karniewo.biuletyn.net/fls/bip_pliki/2025_05/BIPF6365A87357F44Z/doc06536620250530075937.pdf,dostęp_bezpośredni,737de2d1d47ab59d6551d588fe22eb9a8f4cf342332bdddef88ac43b61b97ef3,200
96,mazowieckie,makowski,Karniewo,gmina wiejska,1411032,2025,OK,,tekst,https://karniewo.biuletyn.net/fls/bip_pliki/2026_06/BIPF6532D12DA22FBZ/zarzadzenie_22_26_.pdf,dostęp_bezpośredni,256f7b84f240dd8e6913a329018602452b709c263a0219c3f880ffc1658c0c4c,200
97,mazowieckie,makowski,Krasnosielc,gmina wiejska,1411042,2018,OK,,tekst,https://gminakrasnosielc.pl/wp-content/uploads/2018/04/Analiza-2017r-1.doc,dostęp_bezpośredni,196dbb288c6586694aefcba0047b079ed823a899b7aa92143a270af1b854cfe7,200
98,mazowieckie,makowski,Krasnosielc,gmina wiejska,1411042,2019,OK,,tekst,https://gminakrasnosielc.pl/wp-content/uploads/2020/11/Analiza-2019r.pdf,dostęp_bezpośredni,5e09ea2d5fe73f39b672283c49e8d812894c9ba324c5812f5ade5c3d750e2228,200
99,mazowieckie,makowski,Krasnosielc,gmina wiejska,1411042,2020,OK,,tekst,https://gminakrasnosielc.pl/wp-content/uploads/2021/04/Informacja-o-poziomach-2020r.docx,dostęp_bezpośredni,b6ec0d45afd4c24768ca807b2f4d9a4dba252b4e5a2ad049d4535b3819b6519f,200
100,mazowieckie,makowski,Krasnosielc,gmina wiejska,1411042,2021,OK,,tekst,https://gminakrasnosielc.pl/wp-content/uploads/2022/04/Analiza-2021r.pdf,dostęp_bezpośredni,5dc0cf0e127b4144ab77015fb9ea1dd4a9e72512aae71458559f5cc31a1e6388,200
101,mazowieckie,makowski,Krasnosielc,gmina wiejska,1411042,2022,OK,,tekst,https://gminakrasnosielc.pl/wp-content/uploads/2023/04/Analiza-2022r.pdf,dostęp_bezpośredni,aa848547c3c15a2f081b3e113bf2c07f600cfd09fa40a8bf878b48681371ee7c,200
102,mazowieckie,makowski,Krasnosielc,gmina wiejska,1411042,2023,OK,,tekst,https://gminakrasnosielc.pl/wp-content/uploads/2024/04/Analiza-2023r.doc,dostęp_bezpośredni,f960af8818f99d9d448c41e07651f47ce071decb7171c290be432eafaf9a6dbc,200
103,mazowieckie,makowski,Krasnosielc,gmina wiejska,1411042,2024,OK,,tekst,https://gminakrasnosielc.pl/wp-content/uploads/2025/04/Roczna-analiza-systemu-gospodarki-odpadami-komunalnymi-na-terenie-Gminy-Krasnosielc-za-2024-r.pdf,dostęp_bezpośredni,be9fc1cf020e4ccc30ee3a82ef00f8d1a23f18074453c7afb59dbcf948760d2a,200
104,mazowieckie,makowski,Krasnosielc,gmina wiejska,1411042,2025,OK,,tekst,https://gminakrasnosielc.pl/wp-content/uploads/2026/04/Informacja-o-poziomach-2025r.pdf,dostęp_bezpośredni,25b27a91e56744ee88da71b705bc8ac72f515de7c67fb33b4438cd0d108e4a91,200
105,mazowieckie,makowski,Maków Mazowiecki,gmina miejska,1411011,2018,OK,,tekst,"https://www.makowmazowiecki.pl/plik,5488,raport-o-stanie-miasta-makow-mazowiecki-2018.pdf",dostęp_bezpośredni,3a17c326d122e6a2704c8951dfa27e83c4e1c699b571cf62b2eedbcdcfd25ca7,200
106,mazowieckie,makowski,Maków Mazowiecki,gmina miejska,1411011,2019,OK,,tekst,"https://www.makowmazowiecki.pl/plik,7982,raport-o-stanie-miasta-makow-mazowiecki-2019.pdf",dostęp_bezpośredni,711d6d10d37f870c75d896640c225dce3c19e9a8c2c20d034f9f5d5f633ed474,200
107,mazowieckie,makowski,Maków Mazowiecki,gmina miejska,1411011,2020,OK,,tekst,"https://www.makowmazowiecki.pl/plik,7978,raport-o-stanie-miasta-makow-mazowiecki-za-2020-rok.pdf",dostęp_bezpośredni,18573121572b3bb2b4a518a1287e3053663afe00c0e2ede3f6d6654bb299975e,200
108,mazowieckie,makowski,Maków Mazowiecki,gmina miejska,1411011,2021,OK,,tekst,"https://www.makowmazowiecki.pl/plik,7974,raport-o-stanie-miasta-makow-mazowiecki-za-2021-rok.pdf",dostęp_bezpośredni,f3bfae01b790636495a1dd12cbd1efd2c939d6dd02baf3668e7b163bd27bbacd,200
109,mazowieckie,makowski,Maków Mazowiecki,gmina miejska,1411011,2022,OK,,tekst,"https://www.makowmazowiecki.pl/plik,7970,raport-o-stanie-miasta-makow-mazowiecki-2022.pdf",dostęp_bezpośredni,8db45b22f7c3514f3205370b49b214d67cfc1195a6b3bada2e35f4abbb66bc05,200
110,mazowieckie,makowski,Maków Mazowiecki,gmina miejska,1411011,2023,OK,,tekst,"https://bip.makowmazowiecki.pl/plik,8844,raport-o-stanie-miasta-makow-mazowiecki-2023.pdf",dostęp_bezpośredni,59a6c4219be7606fbaa737d9962e01c265693a7962645be3b2d168ae20337672,200
111,mazowieckie,makowski,Maków Mazowiecki,gmina miejska,1411011,2024,OK,,tekst,"https://bip.makowmazowiecki.pl/plik,9620,raport-o-stanie-miasta-makow-mazowiecki-2024.pdf",dostęp_bezpośredni,a434c4e45cfc0ae89c6b0ccec717100f3bdcfbca2c92deacbf5d028a01e475bf,200
112,mazowieckie,makowski,Maków Mazowiecki,gmina miejska,1411011,2025,OK,,tekst,"https://bip.makowmazowiecki.pl/plik,10323,raport-o-stanie-miasta-makow-mazowiecki-2025.pdf",dostęp_bezpośredni,543f972fe714568460c82b46a6094c6a13aedaef08339ffc43565a6d99cccaad,200
113,mazowieckie,makowski,Młynarze,gmina wiejska,1411052,2018,OK,,tekst,http://mlynarze.bipgminy.pl/public/get_file.php?id=469787,dostęp_bezpośredni,4dcedafff64f8a7bc69950906fa981655b0767ff34e448f7c3a694500bde3f17,200
114,mazowieckie,makowski,Młynarze,gmina wiejska,1411052,2019,OK,,tekst,http://mlynarze.bipgminy.pl/public/get_file.php?id=508331,dostęp_bezpośredni,ad7f7dd8909a38924798f62c00e8a092645c53193da2ec31e535dbc708a2fb3b,200
115,mazowieckie,makowski,Młynarze,gmina wiejska,1411052,2020,OK,,tekst,http://mlynarze.bipgminy.pl/public/get_file.php?id=532779,dostęp_bezpośredni,c598019c762823d9bd1d45bd5856a44f1fc40974a89a23fdc6b056d339db2be1,200
116,mazowieckie,makowski,Młynarze,gmina wiejska,1411052,2021,OK,,tekst,http://mlynarze.bipgminy.pl/public/get_file.php?id=528345,dostęp_bezpośredni,9d75573caf7dcbc7282580f261567853995b8fae09dcc6a3461b756b3925017c,200
117,mazowieckie,makowski,Młynarze,gmina wiejska,1411052,2022,OK,,tekst,http://mlynarze.bipgminy.pl/public/get_file.php?id=572185,dostęp_bezpośredni,d872c29711cb9a2e522635a3e10b735e4985d6f7e08e4dbe22e4a848cb1c3ab0,200
118,mazowieckie,makowski,Młynarze,gmina wiejska,1411052,2023,OK,,tekst,http://mlynarze.bipgminy.pl/public/get_file.php?id=589534,dostęp_bezpośredni,41ca54124c79f60a0c8c55ffc6ebce6dd15561ebf1ec7d518e0424e345736081,200
119,mazowieckie,makowski,Młynarze,gmina wiejska,1411052,2024,OK,,tekst,http://mlynarze.bipgminy.pl/public/get_file.php?id=608649,dostęp_bezpośredni,072a9042a22e5a07f2b93ee63613ef411fd3462289f7db540f686e4bd87b2682,200
120,mazowieckie,makowski,Młynarze,gmina wiejska,1411052,2025,OK,,tekst,http://mlynarze.bipgminy.pl/public/get_file.php?id=623017,dostęp_bezpośredni,fb70144d812e4958a2c88002eb1e8fc0db6e9e96743eeb700cabf477ca031b80,200
121,mazowieckie,makowski,Płoniawy-Bramura,gmina wiejska,1411062,2018,OK,,tekst,https://bip.ploniawy-bramura.pl/public/getFile?id=324530,dostęp_bezpośredni (wył. weryf. SSL),28df515028169a012acd45b6a208ed43a43e04512f1379915d4aaf0bce12fce9,200 (po wył. weryf. SSL)
122,mazowieckie,makowski,Płoniawy-Bramura,gmina wiejska,1411062,2019,OK,,tekst,https://bip.ploniawy-bramura.pl/public/getFile?id=337988,dostęp_bezpośredni (wył. weryf. SSL),3c9057413cfc1a5eda64082df3e551edb76c5eaae1290992d199e3c5b48c01eb,200 (po wył. weryf. SSL)
123,mazowieckie,makowski,Płoniawy-Bramura,gmina wiejska,1411062,2020,OK,,tekst,https://bip.ploniawy-bramura.pl/public/getFile?id=349956,dostęp_bezpośredni (wył. weryf. SSL),fb321ef076bae3f606d2ae246cdb6312bcfa6fce9b0ebd5dbadc6bc152603296,200 (po wył. weryf. SSL)
124,mazowieckie,makowski,Płoniawy-Bramura,gmina wiejska,1411062,2021,OK,,tekst,https://bip.ploniawy-bramura.pl/public/getFile?id=357317,dostęp_bezpośredni (wył. weryf. SSL),8e79d1bc985f1caa891acfbf6f875093358966ec679aa0a8b5efac6356d33dda,200 (po wył. weryf. SSL)
125,mazowieckie,makowski,Płoniawy-Bramura,gmina wiejska,1411062,2022,OK,,tekst,https://bip.ploniawy-bramura.pl/public/getFile?id=364793,dostęp_bezpośredni (wył. weryf. SSL),5ab2a5a0306745b84ccd7e9b4ba1e6ff9e03f179f06dec8f63f0ba9b2bba28ec,200 (po wył. weryf. SSL)
126,mazowieckie,makowski,Płoniawy-Bramura,gmina wiejska,1411062,2023,OK,,tekst,https://bip.ploniawy-bramura.pl/public/getFile?id=372054,dostęp_bezpośredni (wył. weryf. SSL),4cff533a96ba49334a5d1f06132993a7feb8ccaf510dcd7de67c7deac3c0656c,200 (po wył. weryf. SSL)
127,mazowieckie,makowski,Płoniawy-Bramura,gmina wiejska,1411062,2024,OK,,tekst,https://bip.ploniawy-bramura.pl/public/getFile?id=380346,dostęp_bezpośredni (wył. weryf. SSL),25dfeb31da656ce8a7aacf910aa5e13d6d82764b87e37d0e6475ce945050497f,200 (po wył. weryf. SSL)
128,mazowieckie,makowski,Płoniawy-Bramura,gmina wiejska,1411062,2025,OK,,tekst,https://bip.ploniawy-bramura.pl/public/getFile?id=388591,dostęp_bezpośredni (wył. weryf. SSL),494e47a95347a7e4be23f0fc10b8fc0c92abf818ddb974b1d12a1552ed0b4dc1,200 (po wył. weryf. SSL)
129,mazowieckie,makowski,Rzewnie,gmina wiejska,1411082,2018,OK,,tekst,https://rzewnie.bipgminy.pl/public/getFile?id=235588,dostęp_bezpośredni (wył. weryf. SSL),bdd36b508a63235901a46d91b023d7adebdaac30030059ca483661274ef8e621,200 (po wył. weryf. SSL)
130,mazowieckie,makowski,Rzewnie,gmina wiejska,1411082,2019,OK,,tekst,https://rzewnie.bipgminy.pl/public/get_file.php?id=335604,dostęp_bezpośredni (wył. weryf. SSL),a1240e347653e442f142c97f0ef156636b2c825b3db0ccb5f9fa2cea63dcad0f,200 (po wył. weryf. SSL)
131,mazowieckie,makowski,Rzewnie,gmina wiejska,1411082,2020,OK,,tekst,https://rzewnie.bipgminy.pl/public/get_file.php?id=348072,dostęp_bezpośredni (wył. weryf. SSL),8cc68179136821656c4c4f3e6c22478021195471df23ff77846a8c2f48416d94,200 (po wył. weryf. SSL)
132,mazowieckie,makowski,Rzewnie,gmina wiejska,1411082,2021,OK,,tekst,https://rzewnie.bipgminy.pl/public/get_file.php?id=355926,dostęp_bezpośredni (wył. weryf. SSL),7b56a3e6874884f2a33fe2778be3a3df4577ff289e934e235e448d720768df72,200 (po wył. weryf. SSL)
133,mazowieckie,makowski,Rzewnie,gmina wiejska,1411082,2022,OK,,tekst,https://rzewnie.bipgminy.pl/public/get_file.php?id=365277,dostęp_bezpośredni (wył. weryf. SSL),35aca9ab476b469b358ce407b62162b853f940af209a7540abb9423ba494bc7d,200 (po wył. weryf. SSL)
134,mazowieckie,makowski,Rzewnie,gmina wiejska,1411082,2023,OK,,tekst,https://rzewnie.bipgminy.pl/public/get_file.php?id=371545,dostęp_bezpośredni (wył. weryf. SSL),832a474a6ce28c65c28f18fe1bc75d4e2e0a59dbf407b4d8755f721e677f2456,200 (po wył. weryf. SSL)
135,mazowieckie,makowski,Rzewnie,gmina wiejska,1411082,2024,OK,,tekst,https://rzewnie.bipgminy.pl/public/get_file.php?id=373524,dostęp_bezpośredni (wył. weryf. SSL),4f905ac66085d0744354b726c96e7461e52085cea59b12193da0936e5ce51166,200 (po wył. weryf. SSL)
136,mazowieckie,makowski,Rzewnie,gmina wiejska,1411082,2025,OK,,tekst,https://rzewnie.bipgminy.pl/public/get_file.php?id=376883,dostęp_bezpośredni (wył. weryf. SSL),a0261cdd0dec0dec564c96a5b9946c687558a6745afb3283dbf89d39b45e1ca0,200 (po wył. weryf. SSL)
137,mazowieckie,makowski,Różan,gmina miejsko-wiejska,1411073,2018,OK,,tekst,https://www.rozan.bipgminy.pl/public/getFile?id=83967,dostęp_bezpośredni (wył. weryf. SSL),c76b1f8a5e6dc80a8ae191a5663679d818a69dbb59c4480f465307602ac96c8b,200 (po wył. weryf. SSL)
138,mazowieckie,makowski,Różan,gmina miejsko-wiejska,1411073,2019,OK,,tekst,https://www.rozan.bipgminy.pl/public/getFile?id=83967,dostęp_bezpośredni (wył. weryf. SSL),c76b1f8a5e6dc80a8ae191a5663679d818a69dbb59c4480f465307602ac96c8b,200 (po wył. weryf. SSL)
139,mazowieckie,makowski,Różan,gmina miejsko-wiejska,1411073,2020,OK,,tekst,https://www.rozan.bipgminy.pl/public/getFile?id=83967,dostęp_bezpośredni (wył. weryf. SSL),c76b1f8a5e6dc80a8ae191a5663679d818a69dbb59c4480f465307602ac96c8b,200 (po wył. weryf. SSL)
140,mazowieckie,makowski,Różan,gmina miejsko-wiejska,1411073,2021,OK,,tekst,https://www.rozan.bipgminy.pl/public/getFile?id=83967,dostęp_bezpośredni (wył. weryf. SSL),c76b1f8a5e6dc80a8ae191a5663679d818a69dbb59c4480f465307602ac96c8b,200 (po wył. weryf. SSL)
141,mazowieckie,makowski,Różan,gmina miejsko-wiejska,1411073,2022,OK,,tekst,https://www.rozan.bipgminy.pl/public/get_file.php?id=364681,dostęp_bezpośredni (wył. weryf. SSL),a168b1921eb8dceb82babdd85b1a561e4bc904e0fa2a3010de485a39bb5b7b0d,200 (po wył. weryf. SSL)
142,mazowieckie,makowski,Różan,gmina miejsko-wiejska,1411073,2023,OK,,tekst,https://www.rozan.bipgminy.pl/public/get_file.php?id=371488,dostęp_bezpośredni (wył. weryf. SSL),a25f74dce8a914bbe53d1772d4084e68b0c17646ca970c9c5bcb0345911cba38,200 (po wył. weryf. SSL)
143,mazowieckie,makowski,Różan,gmina miejsko-wiejska,1411073,2024,OK,,tekst,https://www.rozan.bipgminy.pl/public/get_file.php?id=380360,dostęp_bezpośredni (wył. weryf. SSL),a0b2a20976048cb15df09613f5f4aef2f35c513df11df955b1e1d3f617006497,200 (po wył. weryf. SSL)
144,mazowieckie,makowski,Różan,gmina miejsko-wiejska,1411073,2025,OK,,tekst,https://www.rozan.bipgminy.pl/public/get_file.php?id=378579,dostęp_bezpośredni (wył. weryf. SSL),771fe377141b26e958321f2b3351786d1e76d8bdf984f0f9db09995acab756fa,200 (po wył. weryf. SSL)
145,mazowieckie,makowski,Sypniewo,gmina wiejska,1411092,2018,OK,,tekst,https://samorzad.gov.pl/attachment/2290ba4f-235a-4c17-8b78-a9cb45e861d7,dostęp_bezpośredni,d62359a3ed70c4207cb91b5b931c6c80dd1f7ce62a6e142ac5dab71d30c891db,200
146,mazowieckie,makowski,Sypniewo,gmina wiejska,1411092,2019,BRAK,,brak,brak,dogłębne sprawdzenie (web search + BIP + Wayback + archiwa) - brak dowodu istnienia raportu,,BRAK_URL (niepowstały)
147,mazowieckie,makowski,Sypniewo,gmina wiejska,1411092,2020,OK,,tekst,http://bipsypniewo.megabajt.net.pl/images/ogloszenia/2021/RAPORT_O_STANIE_GMINY_2020.pdf,dostęp_bezpośredni,ad388894c695f9c38e3fdc4e3298acaa3fcdd426613661be531c404d4a71be84,200
148,mazowieckie,makowski,Sypniewo,gmina wiejska,1411092,2021,BRAK,,brak,brak,dogłębne sprawdzenie (web search + BIP + Wayback + archiwa) - brak dowodu istnienia raportu,,BRAK_URL (niepowstały)
149,mazowieckie,makowski,Sypniewo,gmina wiejska,1411092,2022,OK,,tekst,http://bipsypniewo.megabajt.net.pl/images/ogloszenia/2023/RAPORT_O_STANIE_GMINY_2022.pdf,dostęp_bezpośredni,72a09b56de9893854d6d66da106367a4b78816967dde62b0034442a06feabb3b,200
150,mazowieckie,makowski,Sypniewo,gmina wiejska,1411092,2023,OK,,tekst,https://samorzad.gov.pl/attachment/2ce9b423-33c0-44f6-a42b-bf8aeab616cf,dostęp_bezpośredni,03688e9c4dece841b7e07298c5255a4c189c7668e53efd7ecbd698d61900e40b,200
151,mazowieckie,makowski,Sypniewo,gmina wiejska,1411092,2024,OK,,tekst,https://sypniewo.pl/files/file_add/download/470_raportza-2024aktualny.pdf,dostęp_bezpośredni,d6a7bc23890b625e0e9067d893fcf89ec02d4d12f9a8d040c3af2efb6918f5bf,200
152,mazowieckie,makowski,Sypniewo,gmina wiejska,1411092,2025,OK,,tekst,https://sypniewo.pl/files/file_add/download/564_raport-o-stanie-gminy-2025-glowny.pdf,dostęp_bezpośredni,8ec18bedcd669f93d3cb3e2ac6b710b20920897c076fe68d940461205b3e28e0,200
153,mazowieckie,makowski,Szelków,gmina wiejska,1411102,2018,OK,,tekst,https://bip.szelkow.pl/fls/bip_pliki/2020_04/BIPOLD004701/4701.pdf,dostęp_bezpośredni,fea3bd61fcb18ff4f23d7bf61ff774f0e60f0fc1c26b428eea3a38a9a2952f1b,200
154,mazowieckie,makowski,Szelków,gmina wiejska,1411102,2019,OK,,tekst,https://bip.szelkow.pl/fls/bip_pliki/2020_05/BIPF5A583AFA6CBF4Z/RAPORT_O_STANIE_GMINY_za_2019_rok__do_zarz_22.pdf,dostęp_bezpośredni,860b682b26c64e0b728853b65eb06cc22283b3e2b4e74e5ac909640288321420,200
155,mazowieckie,makowski,Szelków,gmina wiejska,1411102,2020,OK,,tekst,https://bip.szelkow.pl/fls/bip_pliki/2020_04/BIPOLD005106/5106.pdf,dostęp_bezpośredni,4458bf4d91f353ce09268cc77a83d9c2442c31c374927034cf3173dd4ddc9345,200
156,mazowieckie,makowski,Szelków,gmina wiejska,1411102,2021,OK,,tekst,http://szelkow.biuletyn.net/fls/bip_pliki/2022_05/BIPF5DE52BCFDE12Z/Raport_za_2021_do_21.pdf,dostęp_bezpośredni,3ab7cd4c4980323a3970f912692ec3033a34c1611feb46cb5788e572ef83b3bc,200
157,mazowieckie,makowski,Szelków,gmina wiejska,1411102,2022,OK,,tekst,https://bip.szelkow.pl/fls/bip_pliki/2023_05/BIPF5FB2A1EF59D6EZ/Raport_za_2022_r._-_.pdf,dostęp_bezpośredni,100806423a25fc1d158aca2ad9f17bf14695559628c47aa65f655014901c0ced,200
158,mazowieckie,makowski,Szelków,gmina wiejska,1411102,2023,OK,,tekst,https://bip.szelkow.pl/fls/bip_pliki/2024_04/BIPF616BF6F1CC4B6Z/RAPORT_ZA_2023.pdf,dostęp_bezpośredni,252abbd53eed26f49a40bfd3d61ef65d85a7b7077a17bcda7aca8c3728b715a2,200
159,mazowieckie,makowski,Szelków,gmina wiejska,1411102,2024,OK,,tekst,https://bip.szelkow.pl/fls/bip_pliki/2025_05/BIPF6348C32D3519FZ/RAPORT_ZA_2024_r..pdf,dostęp_bezpośredni,8ada4a450c2d76d519f3070bfc02c3e253f15ddfef1e3a25a96bf9c7f146df08,200
160,mazowieckie,makowski,Szelków,gmina wiejska,1411102,2025,OK,,tekst,https://bip.szelkow.pl/fls/bip_pliki/2026_05/BIPF6510E8D8F3017Z/RAPORT_ZA_2025r._2.pdf,dostęp_bezpośredni,ebe616c0de5673141d71be6a7a33bd24bc44fae18d72a485ce60eaf4f4622d18,200
161,mazowieckie,mławski,Dzierzgowo,gmina wiejska,1413022,2018,OK,,skan,https://bip-v1-files.idcom-jst.pl/sites/3079/wiadomosci/475568/files/raport_o_stanie_gminy_dzirzgowo_bip.pdf,dostęp_bezpośredni,3420e9d3c021c539faf859c3d15b6dff3e63e85889d9a21e94f7ab2b31868a6f,200
162,mazowieckie,mławski,Dzierzgowo,gmina wiejska,1413022,2019,OK,,tekst,https://bip-v1-files.idcom-jst.pl/sites/3079/wiadomosci/521072/files/raport_o_stanie_gminy_za_2019_r.pdf,dostęp_bezpośredni,f65920e529ba94f84bc8a5c320c2a7add5c9edf1230cfc7a07161c94d039bd9b,200
163,mazowieckie,mławski,Dzierzgowo,gmina wiejska,1413022,2020,OK,,skan,https://bip-v1-files.idcom-jst.pl/sites/3079/wiadomosci/576003/files/raport_o_stanie_gminy_dzierzgowo_za_2020_rok.pdf,dostęp_bezpośredni,7b93a743144654fdd1087539f1568539ac14827cc2d04ddd267e627f7b56ca4b,200
164,mazowieckie,mławski,Dzierzgowo,gmina wiejska,1413022,2021,OK,,tekst,https://bip-v1-files.idcom-jst.pl/sites/3079/wiadomosci/633149/files/raport_o_stanie_gminy_dzierzgowo_za_2021_rok.pdf,dostęp_bezpośredni,2c7abcfeb716a0d5fa8a842e570be6d4e8e2d4312cfb8e951d42a049dc65f913,200
165,mazowieckie,mławski,Dzierzgowo,gmina wiejska,1413022,2022,OK,,tekst,https://bip-v1-files.idcom-jst.pl/sites/3079/wiadomosci/687823/files/raport_o_stanie_gminy_dzierzgowo_2022.pdf,dostęp_bezpośredni,35903986d876f6ee098b1328551286acacc25c23b18bfb550dd834973d75c9dc,200
166,mazowieckie,mławski,Dzierzgowo,gmina wiejska,1413022,2023,OK,,tekst,https://bip-v1-files.idcom-jst.pl/sites/3079/wiadomosci/754597/files/raport_o_stanie_gminy_dzierzgowo2023_r.pdf,dostęp_bezpośredni,25578fcb00e6a13ac424321fd5e919e450c7abb3873260550d7db35582bba59a,200
167,mazowieckie,mławski,Dzierzgowo,gmina wiejska,1413022,2024,OK,,tekst,https://bip-v1-files.idcom-jst.pl/sites/3079/wiadomosci/823851/files/raport_2024.pdf,dostęp_bezpośredni,45a53ece8445c0a82f5e5405b0eee340eeae9af6997a9c2f2d7f08507ba3b8c0,200
168,mazowieckie,mławski,Dzierzgowo,gmina wiejska,1413022,2025,OK,,tekst,https://bip-v1-files.idcom-jst.pl/sites/3079/wiadomosci/885794/files/raport_o_stanie_gminy_dzierzgowo_za_2025_rok.pdf,dostęp_bezpośredni,4e6532b0d48e9c8ddc98f433e946b6c2b1498717c2a9e0f5f986ca2d957ae028,200
169,mazowieckie,mławski,Mława,gmina miejska,1413011,2018,OK,,tekst,https://bip.mlawa.pl/artykul/raport-o-stanie-miasta-mlawa-za-2018-rok,dostęp_bezpośredni,efea320dcf4e6b449e6afb9fe8171eda22724dad57c9822490e8a7dc08ed686f,200
170,mazowieckie,mławski,Mława,gmina miejska,1413011,2019,OK,,tekst,https://bip.mlawa.pl/artykul/raport-o-stanie-miasta-mlawa-za-rok-2019,dostęp_bezpośredni,958c88ab7787661160816d6c429bf78b82c923759aec1139515b22fd536010bf,200
171,mazowieckie,mławski,Mława,gmina miejska,1413011,2020,OK,,tekst,https://bip.mlawa.pl/artykul/raport-o-stanie-miasta-mlawa-za-rok-2020,dostęp_bezpośredni,5a3bfaf72c27c993286340f23a538edc854fd7a042cd5d559fb2a8dda8245bd6,200
172,mazowieckie,mławski,Mława,gmina miejska,1413011,2021,OK,,tekst,https://bip.mlawa.pl/sites/default/files/attachments/articles/RAPORT%20O%20STANIE%20MIASTA%20ZA%202021%20ROK.pdf,dostęp_bezpośredni,c5a729056720e85edfbccf3515e689d985e21cb35bfb05c55ba02eddb664af46,200
173,mazowieckie,mławski,Mława,gmina miejska,1413011,2022,OK,,tekst,https://bip.mlawa.pl/artykul/raport-o-stanie-miasta-mlawa-za-rok-2022,dostęp_bezpośredni,f85f6639f3c88c5049efa75d4e8d5168bf8f1ae9d0b60fdcb5ad1de3d2fa2ca1,200
174,mazowieckie,mławski,Mława,gmina miejska,1413011,2023,OK,,tekst,https://bip.mlawa.pl/sites/default/files/attachments/notice/Raport%20o%20stanie%20Miasta%20M%C5%82awa%20za%20rok%202023.pdf,dostęp_bezpośredni,7e0f504d66fecc78c3ba161386d6c51d878bb5237685e22064ea87cf2273ee7c,200
175,mazowieckie,mławski,Mława,gmina miejska,1413011,2024,OK,,tekst,https://bip.mlawa.pl/artykul/raport-o-stanie-miasta-mlawa-za-rok-2024,dostęp_bezpośredni,be260696f9711359243ab1fa7106cae7a51a6f8c26b0f8d97b7a62cc1f06628d,200
176,mazowieckie,mławski,Mława,gmina miejska,1413011,2025,OK,,tekst,https://bip.mlawa.pl/artykul/raport-o-stanie-miasta-mlawa-za-rok-2025,dostęp_bezpośredni,ad0659acb489f4a34cdf4303a2d704933b7f7b34d8b710e1782753f1c89c0b40,200
177,mazowieckie,mławski,Strzegowo,gmina wiejska,1413052,2018,OK,,tekst,https://bip-v1-files.idcom-jst.pl/sites/3154/wiadomosci/473042/files/raport_o_stanie_gminy_strzegowo_za_2018_rok.pdf,dostęp_bezpośredni,5e6049ae889d6412aad132ee5abed4e16ef787fc5161e2a842625d104c5f8e07,200
178,mazowieckie,mławski,Strzegowo,gmina wiejska,1413052,2019,BRAK,,brak,brak,dogłębne sprawdzenie (web search + BIP + Wayback + archiwa) - brak dowodu istnienia raportu,,BRAK_URL (niepowstały)
179,mazowieckie,mławski,Strzegowo,gmina wiejska,1413052,2020,OK,,tekst,https://cms-v1-files.idcom-jst.pl/sites/214/wiadomosci/194267/files/raport_o_stanie_gminy_strzegowo_za_rok_2020.pdf,dostęp_bezpośredni,7d1c4f4298dce1b9c87e5c6faf4a3d193fd44abe42c54c06a102f407746199b4,200
180,mazowieckie,mławski,Strzegowo,gmina wiejska,1413052,2021,BRAK,,brak,brak,dogłębne sprawdzenie (web search + BIP + Wayback + archiwa) - brak dowodu istnienia raportu,,BRAK_URL (niepowstały)
181,mazowieckie,mławski,Strzegowo,gmina wiejska,1413052,2022,OK,,tekst,https://cms-v1-files.idcom-jst.pl/sites/214/wiadomosci/221162/files/raport_2022.pdf,dostęp_bezpośredni,9bbbe7502052eedb67abebba03c528140ae18efcf7eea13878fe856c1ad2c4ae,200
182,mazowieckie,mławski,Strzegowo,gmina wiejska,1413052,2023,OK,,tekst,https://cms-v2-files.idcom-jst.pl/sites/55/cms/szablony/11558/pliki/raport_2023.pdf,dostęp_bezpośredni,7c98233ae4b5cdc9c6868e7f424dcfa312b48e5a8c4d0b8bf86768a078646ac1,200
183,mazowieckie,mławski,Strzegowo,gmina wiejska,1413052,2024,OK,,tekst,https://cms-v2-files.idcom-jst.pl/sites/55/cms/szablony/11558/pliki/raport_za_2024.pdf,dostęp_bezpośredni,8851f51a8ea2b4819addf1d0b3debe85b58e1eb81d9ff9d63c88f4c28c678534,200
184,mazowieckie,mławski,Strzegowo,gmina wiejska,1413052,2025,OK,,tekst,https://cms-v2-files.idcom-jst.pl/sites/55/cms/szablony/11558/pliki/raport_za_2025.pdf,dostęp_bezpośredni,2c8a77a8f5d063f04c19ddf0056b93b37b4b8a356fd2ad3c76d04762e3cdefa8,200
185,mazowieckie,mławski,Stupsk,gmina wiejska,1413062,2018,OK,,tekst,https://bip-v1-files.idcom-jst.pl/sites/46847/wiadomosci/475320/files/raport_o_stanie_gminy_stupsk.pdf,dostęp_bezpośredni,37acd5c1c3cc336938a22cf8fa12deee62841e91d6dfe89bdd7468898b989f4e,200
186,mazowieckie,mławski,Stupsk,gmina wiejska,1413062,2019,OK,,tekst,https://bip-v1-files.idcom-jst.pl/sites/46847/wiadomosci/525791/files/raport_o_stanie_gminy_stupsk_za_2019.pdf,dostęp_bezpośredni,d7198b2625bd8c453373d1776261ceb7791af2b95c2edcc2c06262c4edc3044c,200
187,mazowieckie,mławski,Stupsk,gmina wiejska,1413062,2020,OK,,tekst,https://bip-v1-files.idcom-jst.pl/sites/46847/wiadomosci/576979/files/raport_o_stanie_gminy_stupsk_za_2020.pdf,dostęp_bezpośredni,87e8ee9c10e8fd2400fd5bf6f76399395c41e185523b8dfcc5ec590e6c144b22,200
188,mazowieckie,mławski,Stupsk,gmina wiejska,1413062,2021,OK,,tekst,https://bip-v1-files.idcom-jst.pl/sites/46847/wiadomosci/632813/files/raport_o_stanie_gminy_stupsk_za_2021.pdf,dostęp_bezpośredni,333dde5e7b28c1f9547198f6ac666bc93b933d92c024ae0e764f296b77e5df25,200
189,mazowieckie,mławski,Stupsk,gmina wiejska,1413062,2022,OK,,tekst,https://bip-v1-files.idcom-jst.pl/sites/46847/wiadomosci/690573/files/raport_o_stanie_gminy_stupsk_za_2022.pdf,dostęp_bezpośredni,dc1c16c9cf1661f14cae7719683884b4f17a0ec03d22393605da719f03b62189,200
190,mazowieckie,mławski,Stupsk,gmina wiejska,1413062,2023,OK,,tekst,https://bip-v1-files.idcom-jst.pl/sites/46847/wiadomosci/760103/files/raport_o_stanie_gminy_stupsk_za_2023.pdf,dostęp_bezpośredni,264c3aa724d08ddf418c133944545261d2e3d01231d38df29db2a52030b54218,200
191,mazowieckie,mławski,Stupsk,gmina wiejska,1413062,2024,OK,,tekst,https://bip-v1-files.idcom-jst.pl/sites/46847/wiadomosci/825850/files/raport_o_stanie_gminy_stupsk_za_2024.pdf,dostęp_bezpośredni,7b250ee87f45d9c1685222a725dcb9bc0c629198ec3e4d71ada9faae0ee97d63,200
192,mazowieckie,mławski,Stupsk,gmina wiejska,1413062,2025,OK,,tekst,https://bip-v1-files.idcom-jst.pl/sites/46847/wiadomosci/887197/files/raport_o_stanie_gminy_stupsk_za_2025.pdf,dostęp_bezpośredni,09e83acd7ef034d349fcfc0fd7937a007f9af2edc8b59a54d6d9de9bd9a159ff,200
193,mazowieckie,mławski,Szydłowo,gmina wiejska,1413082,2018,OK,,tekst,https://bip.szydlowo.pl/files/file_add/download/1037_iraportostaniegminyszydlowoza2018.pdf,dostęp_bezpośredni,dde760563598bdc7dc144125dfc57c7aa934918f11f55b237106a9e58f108c2f,200
194,mazowieckie,mławski,Szydłowo,gmina wiejska,1413082,2019,OK,,tekst,https://bip.szydlowo.pl/files/file_add/download/1036_jraportostaniegminyszydlowoza2019.pdf,dostęp_bezpośredni,deabfec498d3c9acacd4a8195081cc5bde4efdf183b96b765baed4d4370a9a37,200
195,mazowieckie,mławski,Szydłowo,gmina wiejska,1413082,2020,OK,,tekst,https://bip.szydlowo.pl/files/file_add/download/1677_kraportostaniegminyszydlowoza2020.pdf,dostęp_bezpośredni,3fe0f8aedd9f17a2cabca59feb45381faeaa2bbf8cba77d4aefb6fcd5b1eb573,200
196,mazowieckie,mławski,Szydłowo,gmina wiejska,1413082,2021,OK,,tekst,https://bip.szydlowo.pl/files/file_add/download/2970_lraportostaniegminyszydlowoza2021.pdf,dostęp_bezpośredni,4c78e51d60c2cb25b07c50c22ec5a9462a71df19eb0aae80c8eb09ce683d702d,200
197,mazowieckie,mławski,Szydłowo,gmina wiejska,1413082,2022,OK,,tekst,https://bip.szydlowo.pl/files/file_add/download/4116_mraportostaniegminyszydlowoza2022.pdf,dostęp_bezpośredni,3fd58ad9528b586b26efd79be011082207210fc7cf67cd72b43d6d13a037baa3,200
198,mazowieckie,mławski,Szydłowo,gmina wiejska,1413082,2023,OK,,tekst,https://bip.szydlowo.pl/files/file_add/download/5292_nraportostaniegminyszydlowoza20231.pdf,dostęp_bezpośredni,0e33d2f6a5e276d33048e4f4af7123b7702b48c180ec68ce01b325f42c8ac609,200
199,mazowieckie,mławski,Szydłowo,gmina wiejska,1413082,2024,OK,,tekst,https://bip.szydlowo.pl/files/file_add/download/6468_oraportostaniegminyszydlowoza2024i.pdf,dostęp_bezpośredni,c0d7c2b0d8a85cff0b58577c65c7c7325fed74aa38e76689a125f242291dcfc7,200
200,mazowieckie,mławski,Szydłowo,gmina wiejska,1413082,2025,OK,,tekst,https://bip.szydlowo.pl/files/file_add/download/7784_praportostaniegminyszydlowoza2025i.pdf,dostęp_bezpośredni,1b93bb408b6b04bf77d25c198b68ce4306610dfbcc6eeda2da2fb3ca16f92971,200
201,mazowieckie,mławski,Wieczfnia Kościelna,gmina wiejska,1413092,2018,OK,,tekst,https://bip-v1-files.idcom-jst.pl/sites/46997/wiadomosci/471689/files/raport_gmina_wieczfnia_koscielna_stopka_docx.pdf,dostęp_bezpośredni,06eda6e8eb4d83ee41393e216bc95bff4e310831255d8d72fdbf1534a6100bfa,200
202,mazowieckie,mławski,Wieczfnia Kościelna,gmina wiejska,1413092,2019,OK,,tekst,https://bip-v1-files.idcom-jst.pl/sites/46997/wiadomosci/520892/files/raport_cz_i.pdf,dostęp_bezpośredni,8c1549dba7e5cdcff8721295f17e6ad5493936f9d09cb252e42e1248d24576a1,200
203,mazowieckie,mławski,Wieczfnia Kościelna,gmina wiejska,1413092,2020,OK,,tekst,https://bip-v1-files.idcom-jst.pl/sites/46997/wiadomosci/569065/files/raport.pdf,dostęp_bezpośredni,e702be7dfabe32076d764f09a9265bd676da743f6a87cc839ed3fad210fcc3eb,200
204,mazowieckie,mławski,Wieczfnia Kościelna,gmina wiejska,1413092,2021,OK,,skan,https://bip-v1-files.idcom-jst.pl/sites/46997/wiadomosci/629953/files/raport.pdf,dostęp_bezpośredni,aa82a3ce46a25a0e2927a901a47529493c7fd11eb83dfc3921abaa5542ac72e4,200
205,mazowieckie,mławski,Wieczfnia Kościelna,gmina wiejska,1413092,2022,OK,,skan,https://bip-v1-files.idcom-jst.pl/sites/46997/wiadomosci/687810/files/raport_o_stanie_gminy_za_2022_rok.pdf,dostęp_bezpośredni,bf57e594df6ff9deb0516a81a15a416217a02463ebfc86e496ee0ae39b001399,200
206,mazowieckie,mławski,Wieczfnia Kościelna,gmina wiejska,1413092,2023,OK,,skan,https://bip-v1-files.idcom-jst.pl/sites/46997/wiadomosci/756600/files/raport_o_stanie_gminy.pdf,dostęp_bezpośredni,099aba47548e7d1287ba6704c44edb743636c68fbe7246bd4aa6028716139381,200
207,mazowieckie,mławski,Wieczfnia Kościelna,gmina wiejska,1413092,2024,OK,,tekst,https://cms-v2-files.idcom-jst.pl/sites/75/wiadomosci/113732/files/raport_gmina_za_2024_rok.pdf,dostęp_bezpośredni,deffa740a604e49e88eb7b16f218ef001f283aabf102a399850ed8456bd19b1e,200
208,mazowieckie,mławski,Wieczfnia Kościelna,gmina wiejska,1413092,2025,OK,,tekst,https://cms-v2-files.idcom-jst.pl/sites/75/wiadomosci/138749/files/zarzadzenie_raport.pdf,dostęp_bezpośredni,4f0d937b5d2ae76eb742b292449d8d108d771f586aec6851a500d09299eef42c,200
209,mazowieckie,mławski,Wiśniewo,gmina wiejska,1413102,2018,OK,,tekst,https://bip-v1-files.idcom-jst.pl/sites/3134/wiadomosci/476138/files/raport_2018.docx,dostęp_bezpośredni,9758a24ea5f5c7d3df96c8e8c61d01df0cbd00544953842d09d76ea07d47a64d,200
210,mazowieckie,mławski,Wiśniewo,gmina wiejska,1413102,2019,OK,,tekst,https://bip-v1-files.idcom-jst.pl/sites/3134/wiadomosci/519201/files/raport_2019.docx,dostęp_bezpośredni,3832f36dac8a13f087b362617d942fd3954bb476c844c36e70fe1f49cbd60ba1,200
211,mazowieckie,mławski,Wiśniewo,gmina wiejska,1413102,2020,OK,,tekst,https://bip-v1-files.idcom-jst.pl/sites/3134/wiadomosci/571898/files/raport_2021.docx,dostęp_bezpośredni,b4234372d050b829c8726b3aade6c58a6f147e068a6a8b90b4d21fc074e6453c,200
212,mazowieckie,mławski,Wiśniewo,gmina wiejska,1413102,2021,OK,,tekst,https://bip-v1-files.idcom-jst.pl/sites/3134/wiadomosci/634287/files/raport_2022.docx,dostęp_bezpośredni,05f79114a9d0957591c1c3b7df010e172ed20527170e3c6834b2276184d1c5fb,200
213,mazowieckie,mławski,Wiśniewo,gmina wiejska,1413102,2022,OK,pdf,skan,https://bip-v1-files.idcom-jst.pl/sites/3134/wiadomosci/689576/files/raport_o_stanie_gminy.pdf,"dostęp_bezpośredni | poprawka: dostęp_bezpośredni (bip.ugwisniewo.pl wiadomość 689576); zastąpiło raport gminy Czerwin (bip.czerwin.pl/pobierz/1598); wizualnie zweryfikowano wstęp 'za rok 2022, Gminy Wiśniewo'",99fbdd0ccaa6fc3e80f8edabeed8a9ba9fdc10956f11453daf77bea851824bf5,zastosowano znalezione/poprawke
214,mazowieckie,mławski,Wiśniewo,gmina wiejska,1413102,2023,OK,,tekst,https://bip-v1-files.idcom-jst.pl/sites/3134/wiadomosci/821592/files/raport_2023.docx,dostęp_bezpośredni,a377e59f19ea47e0d9d56694de8e593af8544d1b80654bbdb856d51f5e8e4bca,200
215,mazowieckie,mławski,Wiśniewo,gmina wiejska,1413102,2024,OK,,tekst,https://bip-v1-files.idcom-jst.pl/sites/3134/wiadomosci/821593/files/raport_20241.docx,dostęp_bezpośredni,1bd2944a8242bb4ca0fe9356d4f3c6889df8ed30b7d8dcc88f2445d4750d753e,200
216,mazowieckie,mławski,Wiśniewo,gmina wiejska,1413102,2025,OK,,tekst,https://cms-v2-files.idcom-jst.pl/sites/41/wiadomosci/139265/files/raport_o_stanie_gminy_wisniewo_za_2025_r..xl.pdf,dostęp_bezpośredni,f980ca565f271ceed58f08b02b6355f6e337672303abe44910fb4615175d2fa5,200
217,mazowieckie,ostrowski,Andrzejewo,gmina wiejska,1416022,2018,BRAK,,brak,,,,BRAK_URL (niepowstały)
218,mazowieckie,ostrowski,Andrzejewo,gmina wiejska,1416022,2019,BRAK,,brak,,,,BRAK_URL (niepowstały)
219,mazowieckie,ostrowski,Andrzejewo,gmina wiejska,1416022,2020,BRAK,,brak,,,,BRAK_URL (niepowstały)
220,mazowieckie,ostrowski,Andrzejewo,gmina wiejska,1416022,2021,BRAK,,brak,,,,BRAK_URL (niepowstały)
221,mazowieckie,ostrowski,Andrzejewo,gmina wiejska,1416022,2022,BRAK,,brak,,,,BRAK_URL (niepowstały)
222,mazowieckie,ostrowski,Andrzejewo,gmina wiejska,1416022,2023,BRAK,,brak,brak,dogłębne sprawdzenie (web search + BIP + Wayback + archiwa) - brak dowodu istnienia raportu,,BRAK_URL (niepowstały)
223,mazowieckie,ostrowski,Andrzejewo,gmina wiejska,1416022,2024,BRAK,,brak,brak,dogłębne sprawdzenie (web search + BIP + Wayback + archiwa) - brak dowodu istnienia raportu,,BRAK_URL (niepowstały)
224,mazowieckie,ostrowski,Andrzejewo,gmina wiejska,1416022,2025,BRAK,,brak,brak,dogłębne sprawdzenie (web search + BIP + Wayback + archiwa) - brak dowodu istnienia raportu,,BRAK_URL (niepowstały)
225,mazowieckie,ostrowski,Boguty-Pianki,gmina wiejska,1416032,2018,OK,,tekst,https://bip-v1-files.idcom-jst.pl/sites/46735/wiadomosci/473850/files/raport_o_stanie_gminy_bp_za_2018r__32.pdf,dostęp_bezpośredni,c7e84a984e279db702ad8846b504a2359b5da75309cde5aa9ee6c28851bc4ec6,200
226,mazowieckie,ostrowski,Boguty-Pianki,gmina wiejska,1416032,2019,OK,,tekst,https://bip-v1-files.idcom-jst.pl/sites/46735/wiadomosci/529598/files/raport_o_stanie_gminy_bp_za_2019r____31.pdf,dostęp_bezpośredni,db37678e1c705ee5f6bd5e98272f0268e559e6a23c08ef6ba463617aae09ae53,200
227,mazowieckie,ostrowski,Boguty-Pianki,gmina wiejska,1416032,2020,OK,,skan,https://bip-v1-files.idcom-jst.pl/sites/46735/wiadomosci/572780/files/raport_o_stanie_gminy_bp_za_2020r__2__skan.pdf,dostęp_bezpośredni,bae2f8a9b71340267ea43fc41935dab879abce517956cc9a1fe6a011f4aa94ea,200
228,mazowieckie,ostrowski,Boguty-Pianki,gmina wiejska,1416032,2021,OK,,tekst,https://bip-v1-files.idcom-jst.pl/sites/46735/wiadomosci/632465/files/raport_o_stanie_gminy_bp_za_2021r__p.pdf,dostęp_bezpośredni,becd670aea1881e1fbc8e10705fb79747b2173354d7f8f43f08e4e98c0a88eb3,200
229,mazowieckie,ostrowski,Boguty-Pianki,gmina wiejska,1416032,2022,OK,,tekst,https://bip-v1-files.idcom-jst.pl/sites/46735/wiadomosci/690192/files/p_raport_o_stanie_gminy_bp_za_2022r.pdf,dostęp_bezpośredni,84776c2a7cedb6979d0e85b03073c26adccd5887bf7e03a1b9339ff838aff9d3,200
230,mazowieckie,ostrowski,Boguty-Pianki,gmina wiejska,1416032,2023,OK,,tekst,https://bip-v1-files.idcom-jst.pl/sites/46735/wiadomosci/756552/files/p_raport_o_stanie_gminy_bp_za_2023r.pdf,dostęp_bezpośredni,58c4f027c845f9df42cc5e984e293cb6175cfca0c6113484454eef40c10fca88,200
231,mazowieckie,ostrowski,Boguty-Pianki,gmina wiejska,1416032,2024,OK,,tekst,https://bip-v1-files.idcom-jst.pl/sites/46735/wiadomosci/823272/files/raport_o_stanie_gminy_2024_podpisany.pdf,dostęp_bezpośredni,650f451e680f757bcb14d838907be2a2b5b9b76c02c6e6c912e1f73c96d72ec5,200
232,mazowieckie,ostrowski,Boguty-Pianki,gmina wiejska,1416032,2025,OK,,tekst,https://bip-v1-files.idcom-jst.pl/sites/46735/wiadomosci/885457/files/zarzadzenie_nr_13.pdf,dostęp_bezpośredni,6957a04f760f779058c244b971471296ab0d66512e94af573f38714e88175545,200
233,mazowieckie,ostrowski,Brok,gmina miejsko-wiejska,1416043,2018,OK,,tekst,https://bip.brok.pl/uploads/pub/strony/strona_493/text_images/R%20A%20P%20O%20R%20T%20o%20stanie%20Gminy%20Brok%20za%202018%20r._1.pdf,dostęp_bezpośredni,08b14f0be3c719ee679efbeaf22511f57b24c6920d56137ecb3d220d3936422d,200
234,mazowieckie,ostrowski,Brok,gmina miejsko-wiejska,1416043,2019,OK,,tekst,https://bip.brok.pl/uploads/pub/strony/strona_493/text_images/R%20A%20P%20O%20R%20T.pdf,dostęp_bezpośredni,64ea5408030253cb5264cf0cec3d3a856acab6464274a7ed8ccaa1adcd8a355f,200
235,mazowieckie,ostrowski,Brok,gmina miejsko-wiejska,1416043,2020,OK,,tekst,https://bip.brok.pl/brok_bip_2021/web/uploads/pub/strony/strona_493/text/Raport%20o%20stanie%20gminy%20za%202020%20r..pdf,dostęp_bezpośredni,bcbb9e2da9c8d9c209264b861493d052547261d328151eaa736f91cef8c2345f,200
236,mazowieckie,ostrowski,Brok,gmina miejsko-wiejska,1416043,2021,OK,,tekst,https://bip.brok.pl/uploads/pub/strony/strona_493/text/R%20A%20P%20O%20R%20T%20za%202021%20rok%20OK.pdf,dostęp_bezpośredni,4f3461da724c4b8da3190d29d1fd5e438a4d9020c868e26510307fbfa79ff6bf,200
237,mazowieckie,ostrowski,Brok,gmina miejsko-wiejska,1416043,2022,BRAK,,brak,brak,dogłębne sprawdzenie - brak dowodu istnienia,,BRAK_URL (niepowstały)
238,mazowieckie,ostrowski,Brok,gmina miejsko-wiejska,1416043,2023,OK,,tekst,https://bip.brok.pl/uploads/pub/strony/strona_3515/text/R%20A%20P%20O%20R%20T%20o%20stanie%20Gminy%20Brok%20za%202023%20rok.pdf,dostęp_bezpośredni,0a400fa31e2c2c4353e58ea9162a05e65d13c0595cf07fe115b44c78e25066a9,200
239,mazowieckie,ostrowski,Brok,gmina miejsko-wiejska,1416043,2024,OK,,tekst,https://bip.brok.pl/uploads/pub/strony/strona_493/text/R%20A%20P%20O%20R%20T%20za%202022%20rok.pdf,dostęp_bezpośredni,9210fe72e5f1c82a2bca85d44c67a26f97ff8a720cd5c680e88347dfe0febe11,200
240,mazowieckie,ostrowski,Brok,gmina miejsko-wiejska,1416043,2025,OK,,tekst,https://bip.brok.pl/brok_bip_2024/web/uploads/pub/strony/strona_3438/text/RAPORT%20o%20stanie%20Gminy%20Brok%20za%20rok%202025.pdf,dostęp_bezpośredni,a6e2e06a3d8b67b2c4f1df39ac85fa78a96b1bb56c5bf9e38e9861c57982426c,200
241,mazowieckie,ostrowski,Małkinia Górna,gmina miejsko-wiejska,1416053,2018,BRAK,,brak,brak,dogłębne sprawdzenie (web search + BIP + Wayback + archiwa) - brak dowodu istnienia raportu,,BRAK_URL (niepowstały)
242,mazowieckie,ostrowski,Małkinia Górna,gmina miejsko-wiejska,1416053,2019,BRAK,,brak,brak,dogłębne sprawdzenie (web search + BIP + Wayback + archiwa) - brak dowodu istnienia raportu,,BRAK_URL (niepowstały)
243,mazowieckie,ostrowski,Małkinia Górna,gmina miejsko-wiejska,1416053,2020,OK,,tekst,https://bip.malkiniagorna.pl/fls/bip_pliki/2021_06/BIPF5C3AF2B4AA90CZ/RAPORT_O_STANIE_GMINY_MALKINIA_GORNA_ZA_2020_R..pdf,dostęp_bezpośredni,e24d71891763d76a42a31c576ee2c24e431ac39ff83a9783458437cd1e2a7a88,200
244,mazowieckie,ostrowski,Małkinia Górna,gmina miejsko-wiejska,1416053,2021,OK,,tekst,https://bip.malkiniagorna.pl/fls/bip_pliki/2022_05/BIPF5E04B03C519D0Z/RAPORT__za_2021.pdf,dostęp_bezpośredni,95b72b81ca1006495bd9f4808ce57a0dd38c4c9c7103ecef17fc8ae4e2655a46,200
245,mazowieckie,ostrowski,Małkinia Górna,gmina miejsko-wiejska,1416053,2022,OK,,tekst,https://bip.malkiniagorna.pl/fls/bip_pliki/2023_05/BIPF5FD005C30052Z/RAPORT_za_2022.pdf,dostęp_bezpośredni,85a635603ab224534103aed4dfb86c630ae49ec4dba6d3f62a1aeaab413ff1f7,200
246,mazowieckie,ostrowski,Małkinia Górna,gmina miejsko-wiejska,1416053,2023,OK,,tekst,https://bip.malkiniagorna.pl/fls/bip_pliki/2024_05/BIPF6199613DA400DZ/RAPORT_za_2023.pdf,dostęp_bezpośredni,6041c0a379f8bbfd8bfc954bb91b3cafcc68985fada018704bd63a244f5938fb,200
247,mazowieckie,ostrowski,Małkinia Górna,gmina miejsko-wiejska,1416053,2024,OK,,tekst,https://bip.malkiniagorna.pl/fls/bip_pliki/2025_05/BIPF6365AACE102E3Z/Raport_o_stanie_Gminy_Malkinia_Gorna_za_rok_2024.pdf,dostęp_bezpośredni,5034891db7e7c662976d3e4c2c407a4530a25fac771416612d757e2498d03f7c,200
248,mazowieckie,ostrowski,Małkinia Górna,gmina miejsko-wiejska,1416053,2025,OK,,tekst,https://bip.malkiniagorna.pl/fls/bip_pliki/2026_06/BIPF653424B4C20C8Z/raport2025_BIP_2.pdf,dostęp_bezpośredni,3cc1f4aa8cc7ea44c373ade0380b24d68252b406bff981d054c107e3e3cb8996,200
249,mazowieckie,ostrowski,Nur,gmina wiejska,1416062,2018,OK,,tekst,https://bip-v1-files.idcom-jst.pl/sites/47052/cms/szablony/13670/pliki/raport_o_stanie_gminy_za_2018_rok_wersja_do_publikacji.pdf,dostęp_bezpośredni,3041ce3f5961bd6987bfa9758609f30e164f75390e70bb49718b1db6a389bd99,200
250,mazowieckie,ostrowski,Nur,gmina wiejska,1416062,2019,OK,,tekst,https://www.gminanur.pl/files/file_add/download/39_raport_o_stanie_gminy_nurza_2019_rokponiedzialek08052020poprawiony.pdf,dostęp_bezpośredni,258ab155506fd2568f6069999317fdec4362e2349388628e6760e968601630b7,200
251,mazowieckie,ostrowski,Nur,gmina wiejska,1416062,2020,OK,,tekst,https://bip-v1-files.idcom-jst.pl/sites/47052/cms/szablony/17646/pliki/raport_gminy_2020_pan_wojt.pdf,dostęp_bezpośredni,22db6a4409b9c9454fc81ff2478834be44d855cf720377d487a0b85e4742a3ce,200
252,mazowieckie,ostrowski,Nur,gmina wiejska,1416062,2021,OK,,tekst,https://bip-v1-files.idcom-jst.pl/sites/47052/cms/szablony/20335/pliki/raport_gminy_2021_ze_zdjeciami2022.pdf,dostęp_bezpośredni,4a8eae8760afef9da1c30af9547169d3eb089d3f71ba806d24aa6d26ab535ee2,200
253,mazowieckie,ostrowski,Nur,gmina wiejska,1416062,2022,OK,,tekst,https://bip-v1-files.idcom-jst.pl/sites/47052/cms/szablony/22094/pliki/raport_o_stanie_gminy_nur_za_2022_rok.pdf,dostęp_bezpośredni,12ff1ab8a23470ce554a947d450d0c1242252e4dbd1458a3aa14780918eb2dd8,200
254,mazowieckie,ostrowski,Nur,gmina wiejska,1416062,2023,OK,,tekst,https://bip-v1-files.idcom-jst.pl/sites/47052/cms/szablony/24535/pliki/raport_za_2023.pdf,dostęp_bezpośredni,e1ce83de584215e79a028dab0de345365bae2a25dc30f5f80180f4d3030ae09e,200
255,mazowieckie,ostrowski,Nur,gmina wiejska,1416062,2024,OK,,tekst,https://bip-v1-files.idcom-jst.pl/sites/47052/cms/szablony/27079/pliki/raport_za_2024.pdf,dostęp_bezpośredni,bae8d701dcfd948041b64e8994947535820a31d1bcfca5f81c161ef8a1fe54b4,200
256,mazowieckie,ostrowski,Nur,gmina wiejska,1416062,2025,OK,,tekst,https://bip-v1-files.idcom-jst.pl/sites/46735/wiadomosci/303579/files/uchwala_67.pdf,dostęp_bezpośredni,dc253924f138b46d56d7e17ff05f57a1da7cf5ae8a73b914af37307c2a7f5604,200
257,mazowieckie,ostrowski,Ostrów Mazowiecka,gmina miejska,1416011,2018,OK,pdf,tekst,https://www.bip.ostrowmaz.pl/public/getFile?id=324789,dostęp_bezpośredni | poprawka: dostęp_bezpośredni (bip.ostrowmaz.pl strona id=183099); zastąpiło raport GMINY Ostrów (idcom sites/3108),5649ccc083b09dfeef659f241fdedc74662973d73c46eeb1a5d1dc04c9a66578,zastosowano znalezione/poprawke
258,mazowieckie,ostrowski,Ostrów Mazowiecka,gmina miejska,1416011,2019,OK,pdf,tekst,https://www.bip.ostrowmaz.pl/public/getFile?id=340064,dostęp_bezpośredni (wył. weryf. SSL) | poprawka: dostęp_bezpośredni (bip.ostrowmaz.pl strona id=190925); zastąpiło Program Ochrony Środowiska (getFile?id=337343),cc2b5238aa5d958ff39126889ddd171ff88d4e049b69ba3463ea7053e88c510f,zastosowano znalezione/poprawke
259,mazowieckie,ostrowski,Ostrów Mazowiecka,gmina miejska,1416011,2020,OK,pdf,tekst,https://www.bip.ostrowmaz.pl/public/get_file.php?id=350268,dostęp_bezpośredni (wył. weryf. SSL) | poprawka: dostęp_bezpośredni (bip.ostrowmaz.pl strona id=195477); zastąpiło Miejski Program Profilaktyki (getFile?id=385567),8c58ffba7c7159411d0a7e23ae6929f96a2a34b5dbb55b458e54fd4861a6d717,zastosowano znalezione/poprawke
260,mazowieckie,ostrowski,Ostrów Mazowiecka,gmina miejska,1416011,2021,OK,pdf,tekst,https://www.bip.ostrowmaz.pl/public/get_file.php?id=357923,dostęp_bezpośredni (wył. weryf. SSL) | poprawka: dostęp_bezpośredni (bip.ostrowmaz.pl strona id=198460); zastąpiło Strategię Rozwoju Sportu (getFile?id=347613),87701c3ceb8e53a05505b892209db7344654c65124af39f320cd357af8a7bcf8,zastosowano znalezione/poprawke
261,mazowieckie,ostrowski,Ostrów Mazowiecka,gmina miejska,1416011,2022,OK,,tekst,https://www.bip.ostrowmaz.pl/public/get_file.php?id=364683,dostęp_bezpośredni (wył. weryf. SSL),6724f907227e77730681b8cdfa70d9dcb8a737bcd9f7d2bc363f0650998d4f97,200 (po wył. weryf. SSL)
262,mazowieckie,ostrowski,Ostrów Mazowiecka,gmina miejska,1416011,2023,OK,pdf,tekst,https://www.bip.ostrowmaz.pl/public/get_file.php?id=372056,dostęp_bezpośredni (wył. weryf. SSL) | poprawka: dostęp_bezpośredni (bip.ostrowmaz.pl strona id=204009); zastąpiło Strategię rozwiązywania problemów społecznych (getFile?id=361535),05c2c7fe59ca156660a8ed2d3ccd5c2237ee75488f9f2aa37724c3621370b020,zastosowano znalezione/poprawke
263,mazowieckie,ostrowski,Ostrów Mazowiecka,gmina miejska,1416011,2024,OK,pdf,tekst,https://www.bip.ostrowmaz.pl/public/get_file.php?id=380372,"dostęp_bezpośredni (wył. weryf. SSL) | poprawka: dostęp_bezpośredni (bip.ostrowmaz.pl strona id=204011); zastąpiło getFile?id=372035 (nieraport). Tytułowa graficzna - treść tekstowa; wizualnie zweryfikowano 'Raport o stanie Miasta Ostrów Mazowiecka za 2024 rok, maj 2025'",727ffbfcb77b7c7fbf6c67d490399f2414a26710438fa64ecd16fb73a40a2c71,zastosowano znalezione/poprawke
264,mazowieckie,ostrowski,Ostrów Mazowiecka,gmina miejska,1416011,2025,OK,,tekst,https://www.bip.ostrowmaz.pl/public/getFile?id=388488,dostęp_bezpośredni (wył. weryf. SSL),319e9809190cf6aac7dcfc8aecdf8e3d28fc4c7b7cf474ab5e8764826daa2a3d,200 (po wył. weryf. SSL)
265,mazowieckie,ostrowski,Ostrów Mazowiecka,gmina wiejska,1416072,2018,OK,,tekst,https://bip-v1-files.idcom-jst.pl/sites/3108/wiadomosci/472815/files/raport_o_stanie_gminy_ostrow_mazowiecka_za_2018_rok_wersja_ostateczna_1.pdf,dostęp_bezpośredni,769aa13a7d5cda23a5571f1ef25fc4705c8694bf633c62535e70d4314191992d,200
266,mazowieckie,ostrowski,Ostrów Mazowiecka,gmina wiejska,1416072,2019,OK,,tekst,https://bip-v1-files.idcom-jst.pl/sites/3108/wiadomosci/531124/files/raport_2019r__wersja_ostateczna.pdf,dostęp_bezpośredni,68cb8c45e0184adc107043db9a9863bd70408205c7bcc0291e4e2dc505c1624c,200
267,mazowieckie,ostrowski,Ostrów Mazowiecka,gmina wiejska,1416072,2020,OK,,tekst,https://bip-v1-files.idcom-jst.pl/sites/3108/wiadomosci/574098/files/raport_o_stanie_gminy_za_2020_rok.pdf,dostęp_bezpośredni,1f63884265cc52672631289cbd5e447298e83e79ff6b4d96b1a94d6b5f269d0a,200
268,mazowieckie,ostrowski,Ostrów Mazowiecka,gmina wiejska,1416072,2021,OK,,tekst,https://bip.gminaostrowmazowiecka.pl/wiadomosci/12588/wiadomosc/632779/raport_o_stanie_gminy_ostrow_mazowiecka_za_2021_rok,dostęp_bezpośredni,2133bfbde643c28eeb14edd7c06b4ccd33b9d8ef2c1d21169386c99bb1ce93b9,200
269,mazowieckie,ostrowski,Ostrów Mazowiecka,gmina wiejska,1416072,2022,OK,,tekst,https://bip-v1-files.idcom-jst.pl/sites/3108/wiadomosci/690399/files/raport_za_2022_r.pdf,dostęp_bezpośredni,0bf0f8e5cce7a6fe5e8fa2f0279722700397b9e0a6872ee1d57433b73ce52ee2,200
270,mazowieckie,ostrowski,Ostrów Mazowiecka,gmina wiejska,1416072,2023,OK,,tekst,https://cms-v2-files.idcom-jst.pl/sites/99/wiadomosci/89784/files/raport_2023.pdf,dostęp_bezpośredni,af5c4bf8c97d1da0e534d59cd38ba0a4b6acce8edcdeb52647d6c0e24741ab30,200
271,mazowieckie,ostrowski,Ostrów Mazowiecka,gmina wiejska,1416072,2024,OK,,tekst,https://bip-v1-files.idcom-jst.pl/sites/3108/wiadomosci/823589/files/raport_o_stanie_gminy_za_2024_r..pdf,dostęp_bezpośredni,8a13efd85c114eda73f7f1e95a9f8b9cb348e8fd27c21cb0dc4a4b0f77bda053,200
272,mazowieckie,ostrowski,Ostrów Mazowiecka,gmina wiejska,1416072,2025,OK,,tekst,https://bip-v1-files.idcom-jst.pl/sites/3108/wiadomosci/885978/files/raport_skan.pdf,dostęp_bezpośredni,eeb979880cbecdfe3816cdd840a7a38721b907f00cacc1fca6071bef945e39e4,200
273,mazowieckie,ostrowski,Stary Lubotyń,gmina wiejska,1416082,2018,OK,,tekst,http://www.lubotyn.pl/bip/container/docs/zarzadzenia/2019/10.pdf,dostęp_bezpośredni,cd8958afe0be38636214d216cb78d14fe3a054f9350426482fad690bdeb08eed,200
274,mazowieckie,ostrowski,Stary Lubotyń,gmina wiejska,1416082,2019,OK,,tekst,http://www.lubotyn.pl/bip/container/docs/raport_o_stanie_gminy/raport2019.pdf,dostęp_bezpośredni,fcbf3317915c7ed8015851a56198360d7caf6d3d374da2b186b4df475cf33d7c,200
275,mazowieckie,ostrowski,Stary Lubotyń,gmina wiejska,1416082,2020,OK,,tekst,http://www.lubotyn.pl/bip/container/docs/raport_o_stanie_gminy/raport2020.pdf,dostęp_bezpośredni,541d2749fdf06be0016d243b7d73f66586390ceead3f8fa43b38c15b60e7cf8d,200
276,mazowieckie,ostrowski,Stary Lubotyń,gmina wiejska,1416082,2021,OK,,tekst,http://www.lubotyn.pl/bip/container/docs/raport_o_stanie_gminy/raport2021.pdf,dostęp_bezpośredni,46509c571a4f64154abb6e28e35a79b26d7931ae13a881b7faa04640615788ab,200
277,mazowieckie,ostrowski,Stary Lubotyń,gmina wiejska,1416082,2022,OK,,tekst,http://www.lubotyn.pl/bip/container/docs/raport_o_stanie_gminy/raport2022.pdf,dostęp_bezpośredni,5e6f2ac093b529c41989d6e6ac42fcbceca1e517c67fe561b509aa1126e7bf13,200
278,mazowieckie,ostrowski,Stary Lubotyń,gmina wiejska,1416082,2023,BRAK,,brak,brak,dogłębne sprawdzenie (web search + BIP + Wayback) - brak dowodu istnienia,,BRAK_URL (niepowstały)
279,mazowieckie,ostrowski,Stary Lubotyń,gmina wiejska,1416082,2024,BRAK,,brak,brak,dogłębne sprawdzenie (web search + BIP + Wayback) - brak dowodu istnienia,,BRAK_URL (niepowstały)
280,mazowieckie,ostrowski,Stary Lubotyń,gmina wiejska,1416082,2025,BRAK,,brak,brak,dogłębne sprawdzenie (web search + BIP + Wayback) - brak dowodu istnienia,,BRAK_URL (niepowstały)
281,mazowieckie,ostrowski,Szulborze Wielkie,gmina wiejska,1416092,2018,BRAK,,brak,brak,dogłębne sprawdzenie (web search + BIP + Wayback) - brak dowodu istnienia,,BRAK_URL (niepowstały)
282,mazowieckie,ostrowski,Szulborze Wielkie,gmina wiejska,1416092,2019,BRAK,,brak,brak,dogłębne sprawdzenie (web search + BIP + Wayback) - brak dowodu istnienia,,BRAK_URL (niepowstały)
283,mazowieckie,ostrowski,Szulborze Wielkie,gmina wiejska,1416092,2020,BRAK,,brak,brak,dogłębne sprawdzenie (web search + BIP + Wayback) - brak dowodu istnienia,,BRAK_URL (niepowstały)
284,mazowieckie,ostrowski,Szulborze Wielkie,gmina wiejska,1416092,2021,BRAK,,brak,brak,dogłębne sprawdzenie (web search + BIP + Wayback) - brak dowodu istnienia,,BRAK_URL (niepowstały)
285,mazowieckie,ostrowski,Szulborze Wielkie,gmina wiejska,1416092,2022,OK,,tekst,https://bip-v1-files.idcom-jst.pl/sites/3125/wiadomosci/691320/files/raport_o_stanie_gminy_za_2022.pdf,dostęp_bezpośredni,9a25fc73a1ad316b75e4d66742bd708618162a8d552f469bef395b4d7ee7f8bf,200
286,mazowieckie,ostrowski,Szulborze Wielkie,gmina wiejska,1416092,2023,OK,,skan,https://bip-v1-files.idcom-jst.pl/sites/3125/wiadomosci/759189/files/zarzadzenie_33.pdf,dostęp_bezpośredni,82f9004852c21ec1e76f79cab1e552db3968b37e865af938fd336f5590665bbe,200
287,mazowieckie,ostrowski,Szulborze Wielkie,gmina wiejska,1416092,2024,BRAK,,brak,brak,dogłębne sprawdzenie (web search + BIP + Wayback) - brak dowodu istnienia,,BRAK_URL (niepowstały)
288,mazowieckie,ostrowski,Szulborze Wielkie,gmina wiejska,1416092,2025,OK,,skan,https://bip-v1-files.idcom-jst.pl/sites/3125/wiadomosci/886280/files/raport_o_stanie_gminy.pdf,dostęp_bezpośredni,8d7f754c75b2e037929ae53563ba9032e0c77838a890c837f5b58a89881d198e,200
289,mazowieckie,ostrowski,Wąsewo,gmina wiejska,1416102,2018,OK,,tekst,http://bip.wasewo.eur.pl/public/get_file.php?id=324637,dostęp_bezpośredni,24d6e5cd08ad217bb27967e4bce3e932a2359c113a4de8fe3d98f0151faf7e4b,200
290,mazowieckie,ostrowski,Wąsewo,gmina wiejska,1416102,2019,BRAK,,brak,,,,BRAK_URL (dowód istnienia)
291,mazowieckie,ostrowski,Wąsewo,gmina wiejska,1416102,2020,OK,,tekst,http://bip.wasewo.eur.pl/public/get_file.php?id=353374,dostęp_bezpośredni,f5c6cd9b667a0616a79cf8416e59072eca80ec04582600b2c6cf25e510b88715,200
292,mazowieckie,ostrowski,Wąsewo,gmina wiejska,1416102,2021,OK,,tekst,https://wasewo.pl/files/file/Aktualnosci-2022/Raport-2021.pdf,dostęp_bezpośredni,0748a6e9ba3a60c035d4d29190a3b660bb5ba1503a11cd6797f05ace95de7108,200
293,mazowieckie,ostrowski,Wąsewo,gmina wiejska,1416102,2022,OK,,tekst,http://bip.wasewo.eur.pl/public/get_file.php?id=365280,dostęp_bezpośredni,a7c0c3a8b57c7cc7faba6677b41e3377308003e58e3184d7efa7f0078bd666c1,200
294,mazowieckie,ostrowski,Wąsewo,gmina wiejska,1416102,2023,OK,,tekst,http://bip.wasewo.eur.pl/public/get_file.php?id=372453,dostęp_bezpośredni,dad69f5330e3463a7fb29dcc73e99c4b8d4f3deb1ea4d044bf6266a03a154768,200
295,mazowieckie,ostrowski,Wąsewo,gmina wiejska,1416102,2024,OK,,tekst,http://bip.wasewo.eur.pl/public/get_file.php?id=380817,dostęp_bezpośredni,616091eb8ce12ed0c4439bd74e23b7ce637dc164e9a0ceb1949c8548556adf04,200
296,mazowieckie,ostrowski,Wąsewo,gmina wiejska,1416102,2025,OK,,tekst,http://bip.wasewo.eur.pl/public/get_file.php?id=388592,dostęp_bezpośredni,272ab7115410e33a70d841e808adb787d39060efc098fd98cb5ed0296531bf22,200
297,mazowieckie,ostrowski,Zaręby Kościelne,gmina wiejska,1416112,2018,BRAK,,brak,brak,dowód: raporty publikowane na zareby-kosc.pl (strona chwilowo niedostępna; brak w Wayback),,BRAK_URL (dowód istnienia)
298,mazowieckie,ostrowski,Zaręby Kościelne,gmina wiejska,1416112,2019,BRAK,,brak,brak,dowód: raporty publikowane na zareby-kosc.pl (strona chwilowo niedostępna; brak w Wayback),,BRAK_URL (dowód istnienia)
299,mazowieckie,ostrowski,Zaręby Kościelne,gmina wiejska,1416112,2020,OK,,tekst,http://www.zareby-kosc.pl/files/file/Raport_o_stanie_gminy2020.pdf,dostęp_poprzez_Wayback (zareby-kosc.pl),ec45b5cfd3dba690f6e7b23d4f33a9012d63e6c8f6b8ce028118499e4d21cd52,200
300,mazowieckie,ostrowski,Zaręby Kościelne,gmina wiejska,1416112,2021,OK,,tekst,https://zareby-kosc.pl/files/file/Raport-o-stanie-gminy-2021-www.pdf,dostęp_poprzez_Wayback (zareby-kosc.pl),3a1236a08e4ca5875dbc28422a2ce20239acb2bf7d5d273d7191fdd69449e0fe,200
301,mazowieckie,ostrowski,Zaręby Kościelne,gmina wiejska,1416112,2022,BRAK,,brak,brak,dowód: raporty publikowane na zareby-kosc.pl (strona chwilowo niedostępna; brak w Wayback),,BRAK_URL (dowód istnienia)
302,mazowieckie,ostrowski,Zaręby Kościelne,gmina wiejska,1416112,2023,OK,,tekst,https://zareby-kosc.pl/files/file_add/download/176_raportgminy2023.pdf,dostęp_bezpośredni,67a3d480bc02e6f141e5a805ca0d077ed601fefcaa74f19cb6417267ff426b56,200
303,mazowieckie,ostrowski,Zaręby Kościelne,gmina wiejska,1416112,2024,OK,,tekst,https://zareby-kosc.pl/files/file_add/download/384_projektraportzarzad55.pdf,dostęp_bezpośredni,848714ffbfee0bf13ee12854e4613d330a612ed29cc5fbeba63488020e890bad,200
304,mazowieckie,ostrowski,Zaręby Kościelne,gmina wiejska,1416112,2025,OK,,tekst,https://zareby-kosc.pl/files/file_add/download/591_zarzadzenie-nr33-raport.pdf,dostęp_bezpośredni,b6f57d9b5edfde03ce032eb06e9d085018a18f0ebf8af5e53fdfe0fe32de0125,200
305,mazowieckie,ostrołęcki,Baranowo,gmina wiejska,1415012,2018,BRAK,,brak,brak,dogłębne sprawdzenie (web search + BIP + Wayback) - brak dowodu istnienia,,BRAK_URL (niepowstały)
306,mazowieckie,ostrołęcki,Baranowo,gmina wiejska,1415012,2019,BRAK,,brak,brak,dogłębne sprawdzenie (web search + BIP + Wayback) - brak dowodu istnienia,,BRAK_URL (niepowstały)
307,mazowieckie,ostrołęcki,Baranowo,gmina wiejska,1415012,2020,BRAK,,brak,brak,dogłębne sprawdzenie (web search + BIP + Wayback) - brak dowodu istnienia,,BRAK_URL (niepowstały)
308,mazowieckie,ostrołęcki,Baranowo,gmina wiejska,1415012,2021,OK,,skan,"https://www.bip.baranowo.pl/plik,1273,raport-o-stanie-gminy-baranowo-za-rok-2021.pdf",dostęp_bezpośredni,ee5ad44febf1045e1d9d9018d44a2a315806f314a600c60ed76ec233df5720c7,200
309,mazowieckie,ostrołęcki,Baranowo,gmina wiejska,1415012,2022,OK,,tekst,"https://www.bip.baranowo.pl/plik,1272,raport-o-stanie-gminy-baranowo-za-rok-2022.pdf",dostęp_bezpośredni,f90631b503d736288a3d2ca979abbfa1d079400fdbf22cf5b3682c115478b09e,200
310,mazowieckie,ostrołęcki,Baranowo,gmina wiejska,1415012,2023,OK,,skan,"https://www.bip.baranowo.pl/plik,1598,raport-o-stanie-gminy-baranowo-za-2023-rok.pdf",dostęp_bezpośredni,b7f6c8f0af900f02ef424d19931133a3044c87f79d864e4f7c4131998427c983,200
311,mazowieckie,ostrołęcki,Baranowo,gmina wiejska,1415012,2024,OK,,skan,"https://www.bip.baranowo.pl/plik,1877,raport-o-stanie-gminy-baranowo-za-2024-rok.pdf",dostęp_bezpośredni,a11698d7fe734780a21a46fbb1738583136dc7cb086351a34fe57a16fb16e148,200
312,mazowieckie,ostrołęcki,Baranowo,gmina wiejska,1415012,2025,OK,,skan,"https://www.bip.baranowo.pl/plik,2159,raport-o-stanie-gminy-baranowo-za-2025-rok.pdf",dostęp_bezpośredni,237a0465a6ecf7a963217a51c3ab9b04f4db002fa6df004864e88fb19fe5a6d1,200
313,mazowieckie,ostrołęcki,Czarnia,gmina wiejska,1415022,2018,BRAK,,brak,brak,dogłębne sprawdzenie (web search + BIP + Wayback) - brak dowodu istnienia,,BRAK_URL (niepowstały)
314,mazowieckie,ostrołęcki,Czarnia,gmina wiejska,1415022,2019,BRAK,,brak,brak,dogłębne sprawdzenie (web search + BIP + Wayback) - brak dowodu istnienia,,BRAK_URL (niepowstały)
315,mazowieckie,ostrołęcki,Czarnia,gmina wiejska,1415022,2020,BRAK,,brak,brak,dogłębne sprawdzenie (web search + BIP + Wayback) - brak dowodu istnienia,,BRAK_URL (niepowstały)
316,mazowieckie,ostrołęcki,Czarnia,gmina wiejska,1415022,2021,OK,,skan,https://bip.czarnia.com.pl/files/file_add/download/3_raport-o-stanie-gminy-czarnia-za-2021-rok.pdf,dostęp_bezpośredni,d8b3b3bd88ac8884dedd6a1a14e9d2ae1bd1a912183a07240c396e45d471c5c5,200
317,mazowieckie,ostrołęcki,Czarnia,gmina wiejska,1415022,2022,OK,,tekst,https://bip.czarnia.com.pl/files/file_add/download/4_raport-o-stanie-gminy-czarnia-za-2022-rok.pdf,dostęp_bezpośredni,1dd7dec0ec62d48959d6a36a9962b13c7bdded051ea05e59fbd4ee910b8b5163,200
318,mazowieckie,ostrołęcki,Czarnia,gmina wiejska,1415022,2023,OK,,tekst,https://bip.czarnia.com.pl/files/file_add/download/456_raport-o-stanie-gminy-czarnia-za-rok-2023-.pdf,dostęp_bezpośredni,88b329f77bc679e245c104c0d597299828776970415b5a807eea5a3f9547fc53,200
319,mazowieckie,ostrołęcki,Czarnia,gmina wiejska,1415022,2024,OK,,tekst,https://bip.czarnia.com.pl/files/file_add/download/1318_raport-o-stanie-gminy-czarnia-za-rok-2024-1-1-2.pdf,dostęp_bezpośredni,e4fc20a6da41b878ee5ef0be90b48c473d2b434a625ffa639fb927c6dad66326,200
320,mazowieckie,ostrołęcki,Czarnia,gmina wiejska,1415022,2025,OK,,tekst,https://bip.czarnia.com.pl/files/file_add/download/1689_raport-o-stanie-gminy-czarnia-za-rok-2025.pdf,dostęp_bezpośredni,b7a9c37aa37ed06b402547130baf1dd2178b92783a34d960748b02ea1c97627f,200
321,mazowieckie,ostrołęcki,Czerwin,gmina wiejska,1415032,2018,OK,,skan,https://bip.czerwin.pl/pobierz/914,dostęp_bezpośredni,e8093c9a18aa5af796fa3c3db9f194e25551683e585e408197f0d479fabed623,200
322,mazowieckie,ostrołęcki,Czerwin,gmina wiejska,1415032,2019,OK,,skan,https://bip.czerwin.pl/pobierz/911,dostęp_bezpośredni,a20f3ef6f664bf18dc5ec65fca9bf9cf2753f0ddc47c1f4b0b3743f19a0fb317,200
323,mazowieckie,ostrołęcki,Czerwin,gmina wiejska,1415032,2020,OK,,skan,https://bip.czerwin.pl/pobierz/912,dostęp_bezpośredni,f21f7197dcab5cd92ea8de7ee270b786a77f1a11a4bb7be1e34fcdfd158a07ed,200
324,mazowieckie,ostrołęcki,Czerwin,gmina wiejska,1415032,2021,OK,,tekst,https://bip.czerwin.pl/pobierz/1280,dostęp_bezpośredni,90469297efad042ca3379d7643e88d9f76a0e8e63c608067b5e046759360effe,200
325,mazowieckie,ostrołęcki,Czerwin,gmina wiejska,1415032,2022,OK,,tekst,https://bip.czerwin.pl/pobierz/1598,dostęp_bezpośredni,905126369c99ff3a9f626f9b4b896710877dc9f1000dbf8015d3ec10cadcb2f6,200
326,mazowieckie,ostrołęcki,Czerwin,gmina wiejska,1415032,2023,BRAK,,brak,brak,dogłębne sprawdzenie (web search + BIP + Wayback) - brak dowodu istnienia | status_update: post czerwin.pl 19.06.2024 (wp id 60): Informacja Przewodniczącego Rady Gminy Czerwin - debata nad Raportem za 2023 rok; na bip.czerwin.pl (menu 34) plików raportów za 2023+ brak,,BRAK (dowód istnienia - nieopublikowany)
327,mazowieckie,ostrołęcki,Czerwin,gmina wiejska,1415032,2024,BRAK,,brak,brak,dogłębne sprawdzenie (web search + BIP + Wayback) - brak dowodu istnienia | status_update: post czerwin.pl 12.06.2025 (wp id 6645) + informacja (bip.czerwin.pl/pobierz/2346): debata nad Raportem za 2024 rok; plik raportu nieopublikowany w BIP,,BRAK (dowód istnienia - nieopublikowany)
328,mazowieckie,ostrołęcki,Czerwin,gmina wiejska,1415032,2025,BRAK,,brak,brak,dogłębne sprawdzenie (web search + BIP + Wayback) - brak dowodu istnienia | status_update: post czerwin.pl 12.06.2026 (wp id 8092): Informacja o debacie nad Raportem za 2025 rok; plik raportu nieopublikowany w BIP,,BRAK (dowód istnienia - nieopublikowany)
329,mazowieckie,ostrołęcki,Goworowo,gmina wiejska,1415042,2018,OK,,tekst,https://bip.goworowo.pl/files/file_add/download/4699_raport-o-stanie-gminy-goworowo-za-2018-rok.pdf,dostęp_bezpośredni,c36c62aee5da14f2d5a0f2b24bb49680741afe58453f55d2965b073e5905408a,200
330,mazowieckie,ostrołęcki,Goworowo,gmina wiejska,1415042,2019,OK,,tekst,https://bip.goworowo.pl/files/file_add/download/4700_raport-o-stanie-gminy-goworowo-za-2019-rok.pdf,dostęp_bezpośredni,05da3264c100419aa52b33dfbd1b6b2ff230eef21bdcb0836f3b5928ddfe431b,200
331,mazowieckie,ostrołęcki,Goworowo,gmina wiejska,1415042,2020,OK,,skan,https://goworowo.pl/wp-content/uploads/2021/05/Raport-za-2020-rok.pdf,dostęp_bezpośredni,92b46c926b5e31954969e60d704554bce305922a6e99e958af5231b54817278d,200
332,mazowieckie,ostrołęcki,Goworowo,gmina wiejska,1415042,2021,OK,,tekst,https://bip.goworowo.pl/files/file_add/download/4701_raport-o-stanie-gminy-goworowo-za-2021-rok.pdf,dostęp_bezpośredni,0ab632330767da252be5e38563dae3e57f67735eed5b9cb9175a4a7680d4d3a6,200
333,mazowieckie,ostrołęcki,Goworowo,gmina wiejska,1415042,2022,OK,,tekst,https://bip.goworowo.pl/files/file_add/download/4702_raport-o-stanie-gminy-goworowo-za-2022-rok.pdf,dostęp_bezpośredni,471a072a551aaaa8cbc1059b3d7a3523ad9bd5bbf51a65cb6415e921538d24b8,200
334,mazowieckie,ostrołęcki,Goworowo,gmina wiejska,1415042,2023,OK,,tekst,https://bip.goworowo.pl/files/file_add/download/4703_raport-o-stanie-gminy-goworowo-za-2023-rok.pdf,dostęp_bezpośredni,9cc4fb7709cfe59b301071c8c506c1b918ea5a2a7cabb6c90b1290cea3e6e9e0,200
335,mazowieckie,ostrołęcki,Goworowo,gmina wiejska,1415042,2024,OK,,tekst,https://bip.goworowo.pl/files/file_add/download/4626_raport-o-stanie-gminy-czesc-ochrona-srodowiska-2024.pdf,dostęp_bezpośredni,17a9ad50428eff1aec14b78effbc30b0e700c5f26998dfd1b10352b463a73419,200
336,mazowieckie,ostrołęcki,Goworowo,gmina wiejska,1415042,2025,OK,,tekst,https://bip.goworowo.pl/files/file_add/download/4705_raport-o-stanie-gminy-goworowo-za-2025-rok.pdf,dostęp_bezpośredni,12b39a57445d1a9785c447fb784133bcec9c478e0f15240490c5c322e3d9e9ed,200
337,mazowieckie,ostrołęcki,Kadzidło,gmina wiejska,1415052,2018,OK,,tekst,http://archiwum.bip.kadzidlo.samorzady.pl/zalacznik/id/6793,dostęp_bezpośredni,a1b4f1f02942734e39b3f710967d62604e6dc967db99b2d495a71884c43443e2,200
338,mazowieckie,ostrołęcki,Kadzidło,gmina wiejska,1415052,2019,OK,,tekst,http://archiwum.bip.kadzidlo.samorzady.pl/zalacznik/id/7404,dostęp_bezpośredni,7d8aeee37dff5c837bf0a017df1207d1c53837a4f7f086372424d982af23718e,200
339,mazowieckie,ostrołęcki,Kadzidło,gmina wiejska,1415052,2020,OK,,tekst,http://bip.kadzidlo.samorzady.pl/uploaded_files/serwis_files/attachments/bip/93/09e6b129eb16ebe0.pdf,dostęp_bezpośredni,7e161b979b7d70be533663a36e982fda5b025201435f0729f59fe8fd8fd10333,200
340,mazowieckie,ostrołęcki,Kadzidło,gmina wiejska,1415052,2021,OK,,tekst,https://www.bip.kadzidlo.samorzady.pl/uploaded_files/serwis_files/attachments/bip/185/5968bca6fe72ca00.pdf,dostęp_bezpośredni,490a38adeace698ef85ea6525e0823e6faf95cc52f2cec79ec7230b12383a0f0,200
341,mazowieckie,ostrołęcki,Kadzidło,gmina wiejska,1415052,2022,OK,,tekst,https://bip.kadzidlo.samorzady.pl/uploaded_files/serwis_files/attachments/bip/266/20fdb421c4c4853d.pdf,dostęp_bezpośredni,46d78fdb68dc330f9c62f9b7fa4f61c694ada9223448d446b115380af3589d9c,200
342,mazowieckie,ostrołęcki,Kadzidło,gmina wiejska,1415052,2023,OK,,tekst,https://bip.kadzidlo.samorzady.pl/uploaded_files/serwis_files/attachments/bip/380/93d6a492ec09ec17.pdf,dostęp_bezpośredni,15adf970ed50dc25caefd0378bdfee480484706e13632b8d4a4d609ea6b26f30,200
343,mazowieckie,ostrołęcki,Kadzidło,gmina wiejska,1415052,2024,OK,,tekst,https://bip.kadzidlo.samorzady.pl/uploaded_files/serwis_files/attachments/bip/535/6060f0dc429b96e4.pdf,dostęp_bezpośredni,f04af485e365141139fd4405066cce92e67b1884259a96567bc0695c43b29fb7,200
344,mazowieckie,ostrołęcki,Kadzidło,gmina wiejska,1415052,2025,OK,,tekst,https://bip.kadzidlo.samorzady.pl/uploaded_files/serwis_files/attachments/bip/763/fb9419fa4f9d9329.pdf,dostęp_bezpośredni,a6e3dbb54267d9940e83293621c2c7ffceb856530c7aa5030dab4c22d8dc774f,200
345,mazowieckie,ostrołęcki,Lelis,gmina wiejska,1415062,2018,OK,,tekst,https://bip.lelis.pl/attachments/download/337,dostęp_bezpośredni,870ef8ebc242ace09ef57084f2fadd39662ea13811df6f821bdc3babaf03516a,200
346,mazowieckie,ostrołęcki,Lelis,gmina wiejska,1415062,2019,OK,,tekst,https://bip.lelis.pl/attachments/download/914,dostęp_bezpośredni,45d6e82a7c81bc74ed663a08718fbda6f7ea4fac28aa4730252ea5e115480998,200
347,mazowieckie,ostrołęcki,Lelis,gmina wiejska,1415062,2020,OK,,tekst,https://bip.lelis.pl/attachments/download/1380,dostęp_bezpośredni,8390e142287106b707e25d9c66cc890806daa2b9d19a44955c205fc18980a2dd,200
348,mazowieckie,ostrołęcki,Lelis,gmina wiejska,1415062,2021,OK,,tekst,https://bip.lelis.pl/attachments/download/1859,dostęp_bezpośredni,4929543bcfa8ba89774ad582c745d9c6a640ea5072557735cfab5c7bdc034aac,200
349,mazowieckie,ostrołęcki,Lelis,gmina wiejska,1415062,2022,OK,,tekst,https://bip.lelis.pl/attachments/download/2472,dostęp_bezpośredni,d02fa4c866cf22d4a85e9e1c64a1153e9337f30e6e5e64ad345daf410885ee0b,200
350,mazowieckie,ostrołęcki,Lelis,gmina wiejska,1415062,2023,OK,,tekst,https://bip.lelis.pl/attachments/download/3218,dostęp_bezpośredni,cfad5ec1c36d0b58cf8ec53f70ae81644a07f3b0a0c60d541e6e098e503bb03d,200
351,mazowieckie,ostrołęcki,Lelis,gmina wiejska,1415062,2024,OK,,tekst,https://bip.lelis.pl/attachments/download/3679,dostęp_bezpośredni,cd22f70495d9b94a6af4f0d30b383e7eaeabb837b94460bce8e6b3aa3d9c2182,200
352,mazowieckie,ostrołęcki,Lelis,gmina wiejska,1415062,2025,OK,,tekst,https://bip.lelis.pl/attachments/download/4789,dostęp_bezpośredni,dea8d093209dcb29aa2bfb4a833824d51ece9d00aa7d91d9ad06906f85a1cebd,200
353,mazowieckie,ostrołęcki,Myszyniec,gmina miejsko-wiejska,1415083,2018,OK,,tekst,https://myszyniec.nowoczesnagmina.pl/?p=document&action=save&id=8053&bar_id=5554,dostęp_bezpośredni,cb2f14cba446b5fee3f885b0a5f1bce94436f0ed924715982b3b222f07d4bedc,200
354,mazowieckie,ostrołęcki,Myszyniec,gmina miejsko-wiejska,1415083,2019,OK,,tekst,https://myszyniec.nowoczesnagmina.pl/?p=document&action=save&id=9222&bar_id=5937,dostęp_bezpośredni,8b201ade512941ac973146b17d45282d9b574ec77f0a4a6b8bfb0e49e129487f,200
355,mazowieckie,ostrołęcki,Myszyniec,gmina miejsko-wiejska,1415083,2020,OK,,tekst,https://myszyniec.nowoczesnagmina.pl/?p=document&action=save&id=10270&bar_id=7491,dostęp_bezpośredni,642dadac489208a0938c5e7e438334d0f5c2de903c2ec95f21c08e9531c62f58,200
356,mazowieckie,ostrołęcki,Myszyniec,gmina miejsko-wiejska,1415083,2021,OK,,tekst,https://myszyniec.nowoczesnagmina.pl/?p=document&action=save&id=11660&bar_id=8163,dostęp_bezpośredni,72c483d04e8e5bfbeec898de52fbbb767078431638ffb6e085676db6321e9720,200
357,mazowieckie,ostrołęcki,Myszyniec,gmina miejsko-wiejska,1415083,2022,OK,,tekst,https://myszyniec.nowoczesnagmina.pl/?p=document&action=save&id=12408&bar_id=8545,dostęp_bezpośredni,70b7e4ae48e2316cd1fd2e8fb3fb5c14d307211614c9560fd3c0c81f92349b4a,200
358,mazowieckie,ostrołęcki,Myszyniec,gmina miejsko-wiejska,1415083,2023,OK,,tekst,https://myszyniec.nowoczesnagmina.pl/?p=document&action=save&id=13404&bar_id=9086,dostęp_bezpośredni,84ed802934c4694322b555f396a43baeea215f722db50d6f0890f3725a5a9a56,200
359,mazowieckie,ostrołęcki,Myszyniec,gmina miejsko-wiejska,1415083,2024,OK,,tekst,https://myszyniec.nowoczesnagmina.pl/?p=document&action=save&id=14375&bar_id=9617,dostęp_bezpośredni,8db06ebb22a1b6ff4511b83684b44a4e889dc54aa016939bb1aa052f3970248c,200
360,mazowieckie,ostrołęcki,Myszyniec,gmina miejsko-wiejska,1415083,2025,OK,,tekst,https://myszyniec.nowoczesnagmina.pl/?p=document&action=save&id=15786&bar_id=10307,dostęp_bezpośredni,91ae451a4f8c6f3d50d566d50c757a66506415e93e595b868a32dea7f9533ea9,200
361,mazowieckie,ostrołęcki,Olszewo-Borki,gmina wiejska,1415092,2018,OK,,tekst,https://bip.olszewo-borki.pl/attachments/download/1546,dostęp_bezpośredni,76b876fa1f5ea7d7e551736de7693ddb830420aa2cd35bb676e4e7a3fe7a28c3,200
362,mazowieckie,ostrołęcki,Olszewo-Borki,gmina wiejska,1415092,2019,OK,,tekst,https://olszewo-borki.pl/download/attachment/994/raport_o_stanie_gminy_29_05_2020-skompresowany-2.pdf?v=1634643811,dostęp_bezpośredni,75bf9153fe700b46648db91a49aa27609c1c4c7a1d087b5be4637cef19a2d3ca,200
363,mazowieckie,ostrołęcki,Olszewo-Borki,gmina wiejska,1415092,2020,OK,,tekst,https://olszewo-borki.pl/download/attachment/994/raport_o_stanie_gminy_29_05_2020-skompresowany-2.pdf?v=1634643811,dostęp_bezpośredni,75bf9153fe700b46648db91a49aa27609c1c4c7a1d087b5be4637cef19a2d3ca,200
364,mazowieckie,ostrołęcki,Olszewo-Borki,gmina wiejska,1415092,2021,OK,,tekst,https://olszewo-borki.pl/download/attachment/993/raport_o_stanie_gminy_2021_small.pdf?v=1634643272,dostęp_bezpośredni,7df004b5ffdbc1d44e8bdaa3567e139f5bcd8b743e6eee86684a9f8406c61fa2,200
365,mazowieckie,ostrołęcki,Olszewo-Borki,gmina wiejska,1415092,2022,OK,,tekst,https://olszewo-borki.pl/download/attachment/3606/raport_o_stanie_gminy_2022_small.pdf?v=1695363637,dostęp_bezpośredni,1f3272d56408e814c975071ef84b4041808fbe477c18fbba39c7330d3c404138,200
366,mazowieckie,ostrołęcki,Olszewo-Borki,gmina wiejska,1415092,2023,OK,,tekst,https://olszewo-borki.pl/download/attachment/4653/raport-o-stanie-gminy-olszewo-borki-za-2023-r.pdf?v=1721366229,dostęp_bezpośredni,04b9fc74bd55cd357da8df4bc51be21ea6bd7bafd1e421e3fee3f9b85bd4fdc7,200
367,mazowieckie,ostrołęcki,Olszewo-Borki,gmina wiejska,1415092,2024,OK,,tekst,https://olszewo-borki.pl/download/attachment/6359/raport-o-stanie-gminy-olszewo-borki-za-2024-rok.pdf?v=1751952196,dostęp_bezpośredni,3025d0a49ca9255857a307f8e1a4db913c6150c32d225cfc4e814cdf3c1e6c2d,200
368,mazowieckie,ostrołęcki,Olszewo-Borki,gmina wiejska,1415092,2025,OK,,tekst,https://bip.olszewo-borki.pl/attachments/download/5902,dostęp_bezpośredni,060e32f501de5b0441e2e4ed40b44d699918ada7395017594faca4a833a60e8f,200
369,mazowieckie,ostrołęcki,Rzekuń,gmina wiejska,1415102,2018,OK,,tekst,https://www.rzekun.pl/tommafiles/1348674790ec6/rzekun_raport_o_stanie_gminy_2018.pdf,dostęp_bezpośredni (rzekun.pl sesje Rady),0e2e1689b00044fec1e3944702ef4cd16f440a27ca34fe83530ff4a5c719b874,200
370,mazowieckie,ostrołęcki,Rzekuń,gmina wiejska,1415102,2019,OK,,tekst,https://www.rzekun.pl/tommafiles/1348674790ec6/Raport_o_stanie_Gminy_Rzekun_2019.pdf,dostęp_bezpośredni (rzekun.pl sesje Rady),4287e3d044e07a6721113a9856df972636a27c1daf81f4fa7ca79057247f92db,200
371,mazowieckie,ostrołęcki,Rzekuń,gmina wiejska,1415102,2020,OK,,skan,https://2007-2023.rzekun.pl/bipd/files/1058431067cc0/raport_o_stanie_gminy_2020_1.pdf,dostęp_bezpośredni,3399654d2d2988ab743fe0991673c501bf77b02c966f4fce1c46967333d71d16,200
372,mazowieckie,ostrołęcki,Rzekuń,gmina wiejska,1415102,2021,OK,,tekst,https://www.rzekun.pl/tommafiles/1348674790ec6/report_o_stanie_gminy_za_2021_rok.pdf,dostęp_bezpośredni (rzekun.pl sesje Rady),7bbae908c0db21b18d66c2004d1b54ff32a57bd3f48cc4c95ea49c7e49395743,200
373,mazowieckie,ostrołęcki,Rzekuń,gmina wiejska,1415102,2022,OK,,tekst,https://www.rzekun.pl/tommafiles/1058431067cc0/Raport_o_stanie_Gminy_Rzekun_2022.pdf,dostęp_bezpośredni (rzekun.pl sesje Rady),0654b04054c5a82b218fbb97dd21de438d664bb8e58b521d7615229402afda1a,200
374,mazowieckie,ostrołęcki,Rzekuń,gmina wiejska,1415102,2023,OK,,tekst,https://www.rzekun.pl/tommafiles/1348674790ec6/raport_o_stanie_gminy_Rzekun_2023.pdf,dostęp_bezpośredni,66de0952050b229593a82ac21d3fdee2f1f6101c07c0890a1ed4ef70efcf2c8e,200
375,mazowieckie,ostrołęcki,Rzekuń,gmina wiejska,1415102,2024,OK,,tekst,https://www.rzekun.pl/tommafiles/1058431067cc0/Raport_o_stanie_Gminy_Rzekun_2024.pdf,dostęp_bezpośredni (rzekun.pl sesje Rady),af9f100a029498988fb0d44ba570e91f33173881806964347c87dbaab7e7569d,200
376,mazowieckie,ostrołęcki,Rzekuń,gmina wiejska,1415102,2025,OK,,skan,https://www.rzekun.pl/tommafiles/1348674790ec6/Raport_o_stanie_gminy_2025_-_Gmina_Rzekun.pdf,dostęp_bezpośredni,c092d1203cac73796b5d452429e52e1de16fbfde25714aaff49f0e5d6619f73c,200
377,mazowieckie,ostrołęcki,Troszyn,gmina wiejska,1415112,2018,BRAK,,brak,brak,dogłębne sprawdzenie - brak dowodu istnienia,,BRAK_URL (niepowstały)
378,mazowieckie,ostrołęcki,Troszyn,gmina wiejska,1415112,2019,OK,,tekst,https://troszyn.pl/images/RAPORT_O_STANIE_MIENIA_GMINY_za_2019_rok.pdf,dostęp_bezpośredni,0272649dc4b784f70f4fed572cdc4884e43eac6f53a6180e56039f15cb15510a,200
379,mazowieckie,ostrołęcki,Troszyn,gmina wiejska,1415112,2020,OK,,tekst,https://troszyn.pl/images/RAPORT_O_STANIE_GMINY_TROSZYN_za_2020_rok.doc,dostęp_bezpośredni,5b6dc9658730f3d4e47c7ad9415a4f65a4a37781fb217ed2e3dfa2fa3dba0ead,200
380,mazowieckie,ostrołęcki,Troszyn,gmina wiejska,1415112,2021,OK,,tekst,https://troszyn.pl/images/raport.pdf,dostęp_bezpośredni,126444b47275872aa4dee51bd6f6b35446ab9f6f71882add1bc9b059889b9af5,200
381,mazowieckie,ostrołęcki,Troszyn,gmina wiejska,1415112,2022,OK,,tekst,https://troszyn.pl/images/Raport_za_2022.pdf,dostęp_bezpośredni,50c00b9ab477376ef68de00d798a89ce44cffba016ee82acff59bfe6bc2a0b0f,200
382,mazowieckie,ostrołęcki,Troszyn,gmina wiejska,1415112,2023,OK,,tekst,https://troszyn.pl/images/raport_za_2023.pdf,dostęp_bezpośredni,fbbc2d728689bd3d62bbd8e257248decb35e08e9a3fb2b4b9d38dff11f0c12aa,200
383,mazowieckie,ostrołęcki,Troszyn,gmina wiejska,1415112,2024,OK,,tekst,https://troszyn.pl/images/bipobwieszczenia/5rsg25.pdf,dostęp_bezpośredni,9d40e53e69183b94c799466dcd9be7d8059cf5a46d3d995616b786114af6cd0b,200
384,mazowieckie,ostrołęcki,Troszyn,gmina wiejska,1415112,2025,OK,,tekst,https://troszyn.pl/images/bipobwieszczenia/2026/5rv226.pdf,dostęp_bezpośredni,fa4ba5dafb80f0e741079d74d62cb7ab1aa02a0fca09f55c2d175b7ec6aa0d2a,200
385,mazowieckie,ostrołęcki,Łyse,gmina wiejska,1415072,2018,OK,,tekst,https://uglyse.e-bip.eu/upload/pliki/Raport2018.pdf,dostęp_bezpośredni,66f33eb5a5d4c4cc1a9cd4813d27ee35b6aae35253a19e6d0b585c87078fbd83,200
386,mazowieckie,ostrołęcki,Łyse,gmina wiejska,1415072,2019,OK,,tekst,https://uglyse.e-bip.eu/upload/pliki/Raport_za_2019.pdf,dostęp_bezpośredni,4daf4cc93c4d6e2fd468e02e60499457955e3c1f4bdaab38584ab8349d82d8e0,200
387,mazowieckie,ostrołęcki,Łyse,gmina wiejska,1415072,2020,OK,,tekst,https://uglyse.e-bip.eu/upload/pliki/Raport_za_2020.pdf,dostęp_bezpośredni,01e976493b9e1ab01556c2cda92638b5ad9a84361bb96c4c193566a04bb299d5,200
388,mazowieckie,ostrołęcki,Łyse,gmina wiejska,1415072,2021,OK,,tekst,https://uglyse.e-bip.eu/upload/pliki/Raport-za-2021-1653304548.pdf,dostęp_bezpośredni,f4d3a59211425e9d0e5966a336fb9dd8d3596e3b67f6f4c1c405bb93b4300c3e,200
389,mazowieckie,ostrołęcki,Łyse,gmina wiejska,1415072,2022,OK,,tekst,https://gminalyse.pl/download/Raport-o-stanie-gminy-za2022-1687352898.pdf,dostęp_bezpośredni,d049dccece39ed8ee580d23d0178edcfa1899a441c0799d1203669bdff94a4c0,200
390,mazowieckie,ostrołęcki,Łyse,gmina wiejska,1415072,2023,OK,,tekst,https://uglyse.e-bip.eu/upload/pliki/Raport_29_05_2024_(1).pdf,dostęp_bezpośredni,be3295130ba5d0dfa1ffafacdd5b6d7c61e3e93584a13f65f28ef849336af54a,200
391,mazowieckie,ostrołęcki,Łyse,gmina wiejska,1415072,2024,OK,,tekst,https://uglyse.e-bip.eu/upload/pliki/Raport_za_2024_gotowy_28_05_2025.pdf,dostęp_bezpośredni,421161dea7c1b902f7a9107fd861bbf52e5246eacc3bfd532c7414a1d05c4e46,200
392,mazowieckie,ostrołęcki,Łyse,gmina wiejska,1415072,2025,BRAK,,brak,brak,dogłębne sprawdzenie - brak dowodu,,BRAK_URL (niepowstały)
393,mazowieckie,przasnyski,Chorzele,gmina miejsko-wiejska,1422023,2018,OK,,tekst,https://bip.chorzele.pl/?c=mdPliki-cmPobierz-2152-cmFwb3J0IG8gc3RhbmllIGdtaW55IDIwMTgucGRm,dostęp_bezpośredni,4c5af657af6effceed1efaf94f2c51965b4153e3a0572cd64175fd38d6799144,200
394,mazowieckie,przasnyski,Chorzele,gmina miejsko-wiejska,1422023,2019,OK,,tekst,https://bip.chorzele.pl/?c=mdPliki-cmPobierz-2939-cmFwb3J0LnBkZg==,dostęp_bezpośredni,77ea29ac495427098062496eef6788b42909df8445150a7bcfaf33996be01042,200
395,mazowieckie,przasnyski,Chorzele,gmina miejsko-wiejska,1422023,2020,OK,,tekst,https://bip.chorzele.pl/?c=mdPliki-cmPobierz-3955-UmFwb3J0IHphIDIwMjBfZG9zdGVwbnkgY3lmcm93by5wZGY=,dostęp_bezpośredni,8dbfb345ffc1b4d75eebfc3bee536f0c91ddc07002bb37f668d4a6cea32a4e92,200
396,mazowieckie,przasnyski,Chorzele,gmina miejsko-wiejska,1422023,2021,OK,,tekst,https://bip.chorzele.pl/?c=mdPliki-cmPobierz-4994-UkFQT1JUIDIwMjEgT1NUQVRFQ1pOWS5wZGY=,dostęp_bezpośredni,0f32ff78c820c85dae2491d72cb45bdefb03b23c8a0aeb89022b60ac0e13724c,200
397,mazowieckie,przasnyski,Chorzele,gmina miejsko-wiejska,1422023,2022,OK,,tekst,https://bip.chorzele.pl/?c=mdPliki-cmPobierz-6746-UmFwb3J0IDIwMjIgc2lnbi5wZGY=,dostęp_bezpośredni,3afcdc4b55bb8ab8b90d911a70a958e25548441187dbb924979791efadda5e40,200
398,mazowieckie,przasnyski,Chorzele,gmina miejsko-wiejska,1422023,2023,OK,,tekst,https://chorzele.pl/files/file_add/download/188_zarzadzenie-nr-31-2023.docx,dostęp_bezpośredni,124b296140501d0e51654303105446ca997f181536146751b59db27d54234c9e,200
399,mazowieckie,przasnyski,Chorzele,gmina miejsko-wiejska,1422023,2024,OK,,tekst,https://chorzele.pl/files/file_add/download/167_raport-o-stanie-gminy-chorzele-2024.pdf,dostęp_bezpośredni,760a060fad1ec8f1585421a94c781cb8ba53a68d0fd916cee6d5136ff4d4030d,200
400,mazowieckie,przasnyski,Chorzele,gmina miejsko-wiejska,1422023,2025,OK,,tekst,https://chorzele.pl/files/file_add/download/581_zaproszenie-do-debaty.pdf,dostęp_bezpośredni,10ca98d36daa5294e13bfcec5a2c7048d74c2258d35c649fc8a2dd72c25895c7,200
401,mazowieckie,przasnyski,Czernice Borowe,gmina wiejska,1422032,2018,OK,,tekst,https://czerniceborowe.biuletyn.net/fls/bip_pliki/2019_05/BIPF58A2EA2A748C9Z/Raport_o_stanie_gminy_za_2018_r..pdf,dostęp_bezpośredni,9036818d6942f035ccc5157ef72f2079b70e1a52d42f79023ec3404793d97c4e,200
402,mazowieckie,przasnyski,Czernice Borowe,gmina wiejska,1422032,2019,OK,,tekst,https://bip.czerniceborowe.pl/fls/bip_pliki/2023_05/BIPF5FC5CB7F3EF87Z/Raport_o_stanie_gminy_za_2022_r..pdf,dostęp_bezpośredni,2b20fc367ca1be734915ec1be7e6d61a7e61e7efab32d47ef59637e9ca1a0fcc,200
403,mazowieckie,przasnyski,Czernice Borowe,gmina wiejska,1422032,2020,OK,,tekst,https://bip.czerniceborowe.pl/fls/bip_pliki/2021_05/BIPF5C39F756E3116Z/Raport_o_stanie_gminy_za_2020_r..pdf,dostęp_bezpośredni,08ba6d130268931d36e239c1083c4948bd4b7b0a7d009cd98e3c569e7df088ce,200
404,mazowieckie,przasnyski,Czernice Borowe,gmina wiejska,1422032,2021,OK,,tekst,https://bip.czerniceborowe.pl/fls/bip_pliki/2022_05/BIPF5E04F427F0429Z/Raport_o_stanie_gminy_za_2021_r..pdf,dostęp_bezpośredni,cc2bf72b9e58d2fe699e53b6f59944038e5052ab3a70045d02d8b531918b09fd,200
405,mazowieckie,przasnyski,Czernice Borowe,gmina wiejska,1422032,2022,OK,,tekst,https://bip.czerniceborowe.pl/fls/bip_pliki/2023_05/BIPF5FC5CB7F3EF87Z/Raport_o_stanie_gminy_za_2022_r..pdf,dostęp_bezpośredni,2b20fc367ca1be734915ec1be7e6d61a7e61e7efab32d47ef59637e9ca1a0fcc,200
406,mazowieckie,przasnyski,Czernice Borowe,gmina wiejska,1422032,2023,OK,,tekst,https://bip.czerniceborowe.pl/fls/bip_pliki/2024_06/BIPF61AC08FFAA9E7Z/Raport_o_stanie_gminy_za_2023_rok.pdf,dostęp_bezpośredni,bc74c1c6fe900a6e7f0052d34a2d454e66c1994655fb7fd4812ce339e396029f,200
407,mazowieckie,przasnyski,Czernice Borowe,gmina wiejska,1422032,2024,OK,,tekst,https://bip.czerniceborowe.pl/fls/bip_pliki/2025_06/BIPF637A9F3B7A00Z/Raport_o_stanie_gminy_za_2024_r..pdf,dostęp_bezpośredni,aefefb18905251267024b5c502ded2c090b730471265f08aa12fc210fff77335,200
408,mazowieckie,przasnyski,Czernice Borowe,gmina wiejska,1422032,2025,OK,,tekst,https://bip.czerniceborowe.pl/fls/bip_pliki/2026_06/BIPF65448CF45EDA8Z/Raport_o_stanie_gminy_za_2025_rok.pdf,dostęp_bezpośredni,0c8999a9d23a3a7e082f732da7cc26fdbee6009dedd49f14af391e6219ae7860,200
409,mazowieckie,przasnyski,Jednorożec,gmina wiejska,1422042,2018,OK,,tekst,https://archiwum.bip.jednorozec.pl/?c=mdPliki-cmPobierz-9927,dostęp_bezpośredni (wył. weryf. SSL),053559ec541e176fc17ce95a3b741046544e4dc999f5b34f9c9db20f54d66fd9,200 (po wył. weryf. SSL)
410,mazowieckie,przasnyski,Jednorożec,gmina wiejska,1422042,2019,BRAK,,brak,,,,BRAK_URL (niepowstały)
411,mazowieckie,przasnyski,Jednorożec,gmina wiejska,1422042,2020,OK,,tekst,https://archiwum.bip.jednorozec.pl/?c=mdPliki-cmPobierz-10484,dostęp_bezpośredni (wył. weryf. SSL),28e9952590ed30d81ac4888fc7fa772f9f3c124621137375fc12000ca0896efa,200 (po wył. weryf. SSL)
412,mazowieckie,przasnyski,Jednorożec,gmina wiejska,1422042,2021,OK,,tekst,https://archiwum.bip.jednorozec.pl/?c=mdPliki-cmPobierz-11444,dostęp_bezpośredni (wył. weryf. SSL),01be0d314a667ec461d708c9a15129bd1c4baf4f87444f3b21711b223f76e669,200 (po wył. weryf. SSL)
413,mazowieckie,przasnyski,Jednorożec,gmina wiejska,1422042,2022,OK,,tekst,https://archiwum.bip.jednorozec.pl/?c=mdPliki-cmPobierz-12621,dostęp_bezpośredni (wył. weryf. SSL),2f4ab56f563c794f2311679a2394f413efa9cf2f83a0750a846af2a43a25b1c3,200 (po wył. weryf. SSL)
414,mazowieckie,przasnyski,Jednorożec,gmina wiejska,1422042,2023,OK,,tekst,https://archiwum.bip.jednorozec.pl/?c=mdPliki-cmPobierz-13259,dostęp_bezpośredni (wył. weryf. SSL),cc150d5c484c089aadb0250211b873d0a99bae768c96f77ebc3596ac56edc4fa,200 (po wył. weryf. SSL)
415,mazowieckie,przasnyski,Jednorożec,gmina wiejska,1422042,2024,OK,,tekst,https://archiwum.bip.jednorozec.pl/?c=mdPliki-cmPobierz-14382,dostęp_bezpośredni (wył. weryf. SSL),2bc873a121ce360df8710424c84df95ff9200933ce7cb872da9d9f69516d6621,200 (po wył. weryf. SSL)
416,mazowieckie,przasnyski,Jednorożec,gmina wiejska,1422042,2025,OK,,tekst,https://bip.jednorozec.pl/files/file_add/download/283_raport-o-stanie-gminy-jednorozec-za-2025-r-zarzadzenie-nr-522026-z-dn-29-maja-2026.pdf,dostęp_bezpośredni,949722e6573643fb999cd0a0c0170163a1e86ae527823c2bfe1474635ad5dad2,200
417,mazowieckie,przasnyski,Krasne,gmina wiejska,1422052,2018,OK,,skan,https://gminakrasne.pl/storage/file/core_files/2025/12/1/5cfb132e8a03619edc2586291ba98502/raport_o_stanie_gminy_krasne_za_2018_rok..pdf,dostęp_bezpośredni,e5f7fb83f3e24f74c00e1525d7a3a7d13c632e751173ea33c41c438e010d44d7,200
418,mazowieckie,przasnyski,Krasne,gmina wiejska,1422052,2019,OK,,tekst,https://gminakrasne.pl/storage/file/core_files/2025/12/1/955303ac8a0f03ecdcd9433aaa5d1a92/raport_o_stanie_gminy_za_2019.pdf,dostęp_bezpośredni,ca3d1ad56fec30b3ebd3918a5d612503df5d34dd3663f4cf59e8461965d387b8,200
419,mazowieckie,przasnyski,Krasne,gmina wiejska,1422052,2020,OK,,tekst,https://gminakrasne.pl/storage/file/core_files/2025/12/1/02f02e4887cc4b662482e73d6776002d/raport_o_stanie_gminy_za_2020.pdf,dostęp_bezpośredni,c8fd96cef652427478fc99e5425a14c2f4e580d1a8a13499a1c3e7be25c00e37,200
420,mazowieckie,przasnyski,Krasne,gmina wiejska,1422052,2021,OK,,tekst,https://gminakrasne.pl/storage/file/core_files/2025/12/1/86fa8f4733e4e52ce102776ef23de859/raport_o_stanie_gminy__za_2021.pdf,dostęp_bezpośredni,a533e21a3f9ed6b9c8081b2a501d64bfec9172dc207cf8213b15e36b07ce31ec,200
421,mazowieckie,przasnyski,Krasne,gmina wiejska,1422052,2022,OK,,tekst,https://gminakrasne.pl/storage/file/core_files/2025/12/1/bf7d171987d21ef1af32097fd76c8515/raport_o_stanie_gminy_za_2022.pdf,dostęp_bezpośredni,880477315714dc0a86e63c5c1a6a113b91d622b6e74dc8cc64c8728804dc36f8,200
422,mazowieckie,przasnyski,Krasne,gmina wiejska,1422052,2023,OK,,tekst,https://bip.krasne.pl/public/getFile?id=372037,dostęp_bezpośredni (wył. weryf. SSL),0a7e06d68c2f773cfad5ce0a2a34400451bbb6dc29a407d5da7f060eaaec4ded,200 (po wył. weryf. SSL)
423,mazowieckie,przasnyski,Krasne,gmina wiejska,1422052,2024,OK,,tekst,https://gminakrasne.pl/storage/file/core_files/2025/12/1/f49ec06f7de353934e4d54206659f680/raport_o_stanie_gminy_2024.pdf,dostęp_bezpośredni,3a3375831cee9e483b86bce89c777b7515bf6dc472ed28da8ba187d034488bb5,200
424,mazowieckie,przasnyski,Krasne,gmina wiejska,1422052,2025,OK,,tekst,https://bip.krasne.pl/public/getFile?id=390535,dostęp_bezpośredni (wył. weryf. SSL),6f729b54f20a96d4c096794ed6d28fa3800396c5f4c4db89be42203df4b5ee4d,200 (po wył. weryf. SSL)
425,mazowieckie,przasnyski,Krzynowłoga Mała,gmina wiejska,1422062,2018,OK,,tekst,https://bip.krzynowlogamala.pl/uploaded_files/serwis_files/attachments/bip/9/bfd2258be552e944.pdf,dostęp_bezpośredni,4e57500288a8ddb1c6a95762c362034a897eddb03ed7b61c3dae2d1bd78fe260,200
426,mazowieckie,przasnyski,Krzynowłoga Mała,gmina wiejska,1422062,2019,OK,,tekst,https://bip.krzynowlogamala.pl/uploaded_files/serwis_files/attachments/bip/105/906b829dcda5fb4f.pdf,dostęp_bezpośredni,ae391696ea199bcd4983f26df2839a391d6f577cf9475e0b8dc1b41391aff2e5,200
427,mazowieckie,przasnyski,Krzynowłoga Mała,gmina wiejska,1422062,2020,OK,,tekst,https://bip.krzynowlogamala.pl/uploaded_files/serwis_files/attachments/bip/148/8b8874e949cf04c0.docx,dostęp_bezpośredni,cbf385a65b418862b9abd4022013444594ac8b4a233a3959a8fe58dfda16d220,200
428,mazowieckie,przasnyski,Krzynowłoga Mała,gmina wiejska,1422062,2021,OK,,tekst,http://bip.krzynowlogamala.pl/uploaded_files/serwis_files/attachments/bip/165/e918abca41243e74.pdf,dostęp_bezpośredni,beef67424c399ddb78a2331eb707559ca5ed9ed9faa63319bf888c929b1b89f3,200
429,mazowieckie,przasnyski,Krzynowłoga Mała,gmina wiejska,1422062,2022,BRAK,,brak,brak,dogłębne sprawdzenie (web search + BIP + Wayback + archiwa) - brak dowodu istnienia raportu,,BRAK_URL (niepowstały)
430,mazowieckie,przasnyski,Krzynowłoga Mała,gmina wiejska,1422062,2023,OK,,tekst,https://krzynowloga-rada2.alfatv2.pl/pliki/krzynowloga/zalaczniki/54/raport-o-stanie-gminy-za-2023.pdf,dostęp_bezpośredni,2696d131b72b5c5869e5037db99b8aeb8901ac21c6ae64a326db5bdca49a2fe5,200
431,mazowieckie,przasnyski,Krzynowłoga Mała,gmina wiejska,1422062,2024,BRAK,,brak,brak,dogłębne sprawdzenie (web search + BIP + Wayback + archiwa) - brak dowodu istnienia raportu,,BRAK_URL (niepowstały)
432,mazowieckie,przasnyski,Krzynowłoga Mała,gmina wiejska,1422062,2025,OK,,tekst,https://bip.krzynowlogamala.pl/uploaded_files/serwis_files/attachments/bip/258/f7dd6a955373cdd5.pdf,dostęp_bezpośredni,d07d1bf717cf6598a6d3de5d7b16f1bab445ff12d254d712999e98fe55548f0e,200
433,mazowieckie,przasnyski,Przasnysz,gmina miejska,1422011,2018,OK,,tekst,https://przasnysz.biuletyn.net/fls/bip_pliki/2020_02/BIPOLD008838/8838.pdf,dostęp_bezpośredni,a407198a5c7af25e9eef5b1f0a1fd3ac6057793daf25e397acf0e9d1032bed4a,200
434,mazowieckie,przasnyski,Przasnysz,gmina miejska,1422011,2019,OK,,tekst,https://przasnysz.biuletyn.net/fls/bip_pliki/2020_06/BIPF5A7028FFA84C6Z/raport_o_stanie_gminy_m_Przasnysz_2019.pdf,dostęp_bezpośredni,e9f05a04272defb65bc1b4eb9638d57bddd5a289a35dd60dec89b754b15f91d3,200
435,mazowieckie,przasnyski,Przasnysz,gmina miejska,1422011,2020,OK,,tekst,https://przasnysz.biuletyn.net/fls/bip_pliki/2021_06/BIPF5C42A85BD569EZ/RAPORT_O_STANIE_GMINY_MIASTA_PRZASNYSZ_ZA_2020_ROK.pdf,dostęp_bezpośredni,b5d5ef329bb84f2b03b02ee7be832811598c81d0df02109c4e7188d724c07624,200
436,mazowieckie,przasnyski,Przasnysz,gmina miejska,1422011,2021,OK,,tekst,https://przasnysz.biuletyn.net/fls/bip_pliki/2022_06/BIPF5E05CDBEAC361Z/Raport_o_stanie_miasta_2021_31.05.2022.pdf,dostęp_bezpośredni,8a5d7e00e16150fb904092f60014777a9035599783fdcfe3b4ae0e118960b488,200
437,mazowieckie,przasnyski,Przasnysz,gmina miejska,1422011,2022,OK,,tekst,https://przasnysz.biuletyn.net/fls/bip_pliki/2023_06/BIPF5FD5B9883BE1FZ/Raport_o_stanie_miasta_2022.pdf,dostęp_bezpośredni,8ec5d81ce296f0c963f2d2c7f2e4d64d46ef252a23d6e5bed71ad46557180592,200
438,mazowieckie,przasnyski,Przasnysz,gmina miejska,1422011,2023,OK,,tekst,https://przasnysz.biuletyn.net/fls/bip_pliki/2024_05/BIPF619C031E773E5Z/RAPORT_O_STANIE_MIASTA_2023.pdf,dostęp_bezpośredni,dc38a3e855c0252071b97ca5f04626dbf02636ba16391e6604378a2b50e88f3f,200
439,mazowieckie,przasnyski,Przasnysz,gmina miejska,1422011,2024,OK,,tekst,https://przasnysz.biuletyn.net/fls/bip_pliki/2025_06/BIPF636E5E93262CDZ/RAPORT_O_STANIE_MIASTA_2024.pdf,dostęp_bezpośredni,acdfd0bd1ee606d117c3404a68817fbf3d6664ba6e9c2960aa91c8fa9f800145,200
440,mazowieckie,przasnyski,Przasnysz,gmina miejska,1422011,2025,OK,,tekst,https://przasnysz.biuletyn.net/fls/bip_pliki/2026_06/BIPF653453B2BC9DAZ/RAPORT_O_STANIE_MIASTA_2025_31.05.2026rok.pdf,dostęp_bezpośredni,e91cee0fa44efe5c64c3118232a0d90b4912a5eb1730ec3586b9145debc3b619,200
441,mazowieckie,przasnyski,Przasnysz,gmina wiejska,1422072,2018,OK,,tekst,"https://www.bip.przasnysz.pl/plik,3115,raport-poprawiony-pdf-pdf.pdf",dostęp_bezpośredni,76b92fcc10b51a687420ba89e0d90f679ea9dbc9305c716792902ff460bb2144,200
442,mazowieckie,przasnyski,Przasnysz,gmina wiejska,1422072,2019,OK,,tekst,"https://www.bip.przasnysz.pl/plik,3798,raport-o-stanie-gminy-plik.pdf",dostęp_bezpośredni,65e1b652de007d6a165b26d6be3927c0cac56bf123fe1dc45baad059feb8f027,200
443,mazowieckie,przasnyski,Przasnysz,gmina wiejska,1422072,2020,OK,,tekst,"https://www.bip.przasnysz.pl/plik,4321,raport-o-stanie-gminy-plik.pdf",dostęp_bezpośredni,d7b36f146e9d6cbaa4736a16b8b08521ad8ab34dc9df214bf3aaf5f05ce60941,200
444,mazowieckie,przasnyski,Przasnysz,gmina wiejska,1422072,2021,OK,,tekst,"https://www.bip.przasnysz.pl/plik,5103,raport-o-stanie-gminy-plik.pdf",dostęp_bezpośredni,4878991de4ba34173771ac66c026821b4d4128395d57d5ad9b738aad00a700b6,200
445,mazowieckie,przasnyski,Przasnysz,gmina wiejska,1422072,2022,OK,,tekst,"https://www.bip.przasnysz.pl/plik,5911,raport-o-stanie-gminy.pdf",dostęp_bezpośredni,aaa0ce9ea6b374ea35e5faf8a48818b0dbb92325879ea708aa4f4e897d3e5359,200
446,mazowieckie,przasnyski,Przasnysz,gmina wiejska,1422072,2023,OK,,tekst,"https://www.bip.przasnysz.pl/plik,6671,raport-o-stanie-gminy-przasnysz-za-2023-rok-uzupelnienie.doc",dostęp_bezpośredni,4e2f2bc5e16756f72d7c35f1626db0c5e754a672daad530cb08986583b51b4de,200
447,mazowieckie,przasnyski,Przasnysz,gmina wiejska,1422072,2024,OK,,tekst,"https://przasnysz.pl/plik,8202,raport-o-stanie-gminy-przasnysz-za-2024-rok-pdf.pdf",dostęp_bezpośredni,abb670b63f6d888ce9be5f302742fad29a32384a8e51fc3be7ecaa64ea9da240,200
448,mazowieckie,przasnyski,Przasnysz,gmina wiejska,1422072,2025,OK,,tekst,"https://www.bip.przasnysz.pl/plik,8539,raport-o-stanie-gminy-przasnysz-2025-pdf.pdf",dostęp_bezpośredni,907c7bd6bcc4dc5f8db931f4501c8e5cec08c6f406e9bc5ac2e94c45f644acca,200
449,mazowieckie,pułtuski,Gzy,gmina wiejska,1424012,2018,OK,,tekst,https://uggzy.bip.org.pl/pliki/uggzy/zwgm_023_2019-05-31.pdf,dostęp_bezpośredni,4aced9eb37bb4106966856ddd8e2086266476b57957426b82209c10a10679de6,200
450,mazowieckie,pułtuski,Gzy,gmina wiejska,1424012,2019,OK,,tekst,https://uggzy.bip.org.pl/pliki/uggzy/zarzadzenie_42.2020_raport_o_stanie_gminy_gzy__2019.pdf,dostęp_bezpośredni,142b9ad3850ece0d052cac91faf0d338755cc9f85683d988fab73af76349c4f3,200
451,mazowieckie,pułtuski,Gzy,gmina wiejska,1424012,2020,OK,,skan,http://uggzy.bip.org.pl/pliki/uggzy/uchwala_nr_xv_112_2020.pdf,dostęp_bezpośredni,8005d1472786b0a0f566e0794fffd8f00faee20ad3c81a0c156363cc3629df00,200
452,mazowieckie,pułtuski,Gzy,gmina wiejska,1424012,2021,OK,,skan,http://uggzy.bip.org.pl/pliki/uggzy/zarzadzenie_nr_27.2022_raport_o_stanie_gminy_gzy_2021.pdf?20260815191659,dostęp_bezpośredni,ac0567539e4268b71950f828bc1c11569c743277f3e77a6266535a0385076dc0,200
453,mazowieckie,pułtuski,Gzy,gmina wiejska,1424012,2022,OK,,skan,http://uggzy.bip.org.pl/pliki/uggzy/zarzadzenie_34-2023.pdf?20260815191659,dostęp_bezpośredni,054a1b69b5af842b155de96ce965da88b7b498d2fe38027e7a17e44fcb50342c,200
454,mazowieckie,pułtuski,Gzy,gmina wiejska,1424012,2023,OK,,skan,http://uggzy.bip.org.pl/pliki/uggzy/zarzadzenie_nr_45.2024_raport_o_stanie_gminy_gzy_za_rok_2023.pdf?20260815191659,dostęp_bezpośredni,0a9492733f329d6dcaba75481737e8c82119aa09cf21a065d82f13662959b2ea,200
455,mazowieckie,pułtuski,Gzy,gmina wiejska,1424012,2024,OK,,tekst,http://uggzy.bip.org.pl/pliki/uggzy/zarzadzenie_nr_45.2025.pdf?20260815191659,dostęp_bezpośredni,9e1a8f44685c7683b4b7186c6ee8478cc824307b6e8110de50ba5a4494b4bb37,200
456,mazowieckie,pułtuski,Gzy,gmina wiejska,1424012,2025,OK,,tekst,http://uggzy.bip.org.pl/pliki/uggzy/raport_o_stanie_gminy_za_2025_r.pdf?20260815191659,dostęp_bezpośredni,de067bba58834e7ace57be1b22a1f9c8ca235261ab3350e837158d36c33867b7,200
457,mazowieckie,pułtuski,Obryte,gmina wiejska,1424022,2018,OK,,tekst,https://obryte.biuletyn.net/fls/bip_pliki/2023_10/BIPOLD004384/4384.pdf,dostęp_bezpośredni,d0c6ebd57b48a000232995a1110ac9cc27b7db5ca9ea1f626fbb6bb59ebb360e,200
458,mazowieckie,pułtuski,Obryte,gmina wiejska,1424022,2019,OK,,skan,https://obryte.biuletyn.net/fls/bip_pliki/2023_10/BIPOLD005128/5128.pdf,dostęp_bezpośredni,57929509193f8d5fe26300e937b1ecd4e0a2b8516621f131b3d79ee9b0aa3e09,200
459,mazowieckie,pułtuski,Obryte,gmina wiejska,1424022,2020,OK,,tekst,https://obryte.biuletyn.net/fls/bip_pliki/2023_10/BIPOLD005727/5727.pdf,dostęp_bezpośredni,2f29dddc2649c3ddea51450bc35efa5d9f9f53ae686add32e842c55476675138,200
460,mazowieckie,pułtuski,Obryte,gmina wiejska,1424022,2021,OK,,tekst,https://obryte.biuletyn.net/fls/bip_pliki/2023_10/BIPOLD006156/6156.pdf,dostęp_bezpośredni,152699e7d99126c68060ccba33aac4071ddaab26212487c7494cd3578cc251a6,200
461,mazowieckie,pułtuski,Obryte,gmina wiejska,1424022,2022,OK,,tekst,https://obryte.biuletyn.net/fls/bip_pliki/2023_10/BIPOLD006710/6710.pdf,dostęp_bezpośredni,ebb7b7797ea506765f94a05309829fea4fecfeca6356a78a94875beceb5211c2,200
462,mazowieckie,pułtuski,Obryte,gmina wiejska,1424022,2023,OK,,tekst,https://obryte.biuletyn.net/fls/bip_pliki/2024_06/BIPF619F691AEB4D5Z/raport_23.pdf,dostęp_bezpośredni,5e8982857d2adbc1165df24af0ccee966ade924e5f436293e8dcf8773779b0d5,200
463,mazowieckie,pułtuski,Obryte,gmina wiejska,1424022,2024,OK,,tekst,https://obryte.biuletyn.net/fls/bip_pliki/2025_05/BIPF63658FFB746D9Z/Raport_o_stanie_gminy_za_2024.pdf,dostęp_bezpośredni,88d61436ee9386f71e03d8da2d640973e535c7473419978a72b517867506fd5e,200
464,mazowieckie,pułtuski,Obryte,gmina wiejska,1424022,2025,OK,,tekst,https://obryte.biuletyn.net/fls/bip_pliki/2026_05/BIPF652F4E8AD56E5Z/Raport_o_stanie_Gminy_2025_.pdf,dostęp_bezpośredni,8ebf0e1d7f9968367adf05f3ef08ae9d6a388c0591926d070f712c092eec90b8,200
465,mazowieckie,pułtuski,Pokrzywnica,gmina wiejska,1424032,2018,OK,,tekst,https://samorzad.gov.pl/attachment/5b3e99a3-0ea1-4471-8fe0-b7a01f4a24f9,dostęp_bezpośredni,2c1406335c5a648b089b09cf0f63aa6ddb6a657f965e346b1e414101d2b9fa3e,200
466,mazowieckie,pułtuski,Pokrzywnica,gmina wiejska,1424032,2019,OK,,tekst,https://samorzad.gov.pl/attachment/60f7e4f3-07cc-4eba-a679-236203a282f8,dostęp_bezpośredni,b86370771028666411e54fd66e2162db15ccd92d5cd409e252206112d1782395,200
467,mazowieckie,pułtuski,Pokrzywnica,gmina wiejska,1424032,2020,OK,,tekst,https://samorzad.gov.pl/attachment/205425f9-f399-4218-83ff-ef02fbb72940,dostęp_bezpośredni,c99e702aa9f3fdff1fcddace3dd8be68dda45455faa1cf5e87b179750318a0b5,200
468,mazowieckie,pułtuski,Pokrzywnica,gmina wiejska,1424032,2021,OK,,tekst,https://samorzad.gov.pl/attachment/a462bf11-f440-4a6f-9e73-20e6c18633db,dostęp_bezpośredni,aae3d112ae2bd184c2cb96604f30a104d480d60590ddecfb5f22e206d100c02b,200
469,mazowieckie,pułtuski,Pokrzywnica,gmina wiejska,1424032,2022,OK,,tekst,https://samorzad.gov.pl/attachment/933ac80b-617d-467b-afe5-2cc2cc9750a9,dostęp_bezpośredni,24f5c3d590635129a033513ebb1bc5aba2b8051d42c043d93f227fd7f70136f8,200
470,mazowieckie,pułtuski,Pokrzywnica,gmina wiejska,1424032,2023,OK,,tekst,https://samorzad.gov.pl/attachment/795e9634-0873-4f31-b5d6-404b01e44f21,dostęp_bezpośredni,237123f68c24207d946347b677e7009bae5aece362cb7b6c94ddfef6000c1f80,200
471,mazowieckie,pułtuski,Pokrzywnica,gmina wiejska,1424032,2024,OK,,tekst,https://samorzad.gov.pl/attachment/481ac6b2-36ce-4495-ba1d-7c92741debd1,dostęp_bezpośredni,28d68c9e1d9177385c375b23fa64a2dfc65a7013adf0167734746e58cccd1a41,200
472,mazowieckie,pułtuski,Pokrzywnica,gmina wiejska,1424032,2025,OK,,tekst,https://samorzad.gov.pl/attachment/e2ca741a-c23c-4b8f-a9ec-e6820fb7f0ef,dostęp_bezpośredni,27063bad5ef35880ada45cfac3159b91c7fa5afc7f22b823b40cfc4869b9705e,200
473,mazowieckie,pułtuski,Pułtusk,gmina miejsko-wiejska,1424043,2018,OK,,tekst,https://pultusk.archiwum.bip.net.pl/pliki/15163/Raport_o_stanie_gminy_Pu%C5%82tusk_za_rok_2018.pdf,dostęp_bezpośredni,a2aa9d0ee2978c2bd97a73a816ac3e7ad513b6dbcf2000d77c30553efd16ebe2,200
474,mazowieckie,pułtuski,Pułtusk,gmina miejsko-wiejska,1424043,2019,OK,,tekst,https://pultusk.archiwum.bip.net.pl/pliki/18126/raport_o_stanie_gminy_Pu%C5%82tusk_za_2019.pdf,dostęp_bezpośredni,2dc2961b8faadb87e0315be989a68cd232b7c9e6cf45642762437014c3e635bc,200
475,mazowieckie,pułtuski,Pułtusk,gmina miejsko-wiejska,1424043,2020,OK,,tekst,https://pultusk.archiwum.bip.net.pl/pliki/20118/RAPORT_O_STANIE_GMINY_PU%C5%81TUSK_ZA_2020_ROK.pdf,dostęp_bezpośredni,a4b4d556826a1d37fb6297092d0fcfc4568dfe39119337bb6d383a7d64ff8461,200
476,mazowieckie,pułtuski,Pułtusk,gmina miejsko-wiejska,1424043,2021,OK,,tekst,https://bip-api.pultusk.pl/api/attachments/2,dostęp_bezpośredni,3cef95dfa528810811ad7fd2fadffac9b6f5dda207498624b2e6c9fcd153a328,200
477,mazowieckie,pułtuski,Pułtusk,gmina miejsko-wiejska,1424043,2022,OK,,tekst,https://bip-api.pultusk.pl/api/attachments/1074,dostęp_bezpośredni,620be89af54d295007314c95ed843e631d04c02ee3ccc7b779a3e5ebaed7d760,200
478,mazowieckie,pułtuski,Pułtusk,gmina miejsko-wiejska,1424043,2023,OK,,tekst,https://pultusk.pl/wp-content/uploads/2024/05/RAPORT-O-STANIE-GMINY-ZA-2023-ROK.pdf,dostęp_bezpośredni,78c8ddaac376950075126b107e45138fd70c3b59eb8690895310f4af109b2490,200
479,mazowieckie,pułtuski,Pułtusk,gmina miejsko-wiejska,1424043,2024,OK,,tekst,https://pultusk.pl/wp-content/uploads/2025/05/RAPORT-O-STANIE-GMINY-ZA-2024-ROK-.pdf,dostęp_bezpośredni,917d75f08224bdf18512a1b3f93524c3f521d5190ea6d31c38dddf4eb6be409d,200
480,mazowieckie,pułtuski,Pułtusk,gmina miejsko-wiejska,1424043,2025,OK,,tekst,https://pultusk.pl/wp-content/uploads/2026/05/RAPORT-O-STANIE-GMINY-ZA-2025-ROK.pdf,dostęp_bezpośredni,bd09262c74d2ecfc053c5c64d47fcc82b9c435c6d992225614e9b80b1c6d2c27,200
481,mazowieckie,pułtuski,Winnica,gmina wiejska,1424062,2018,OK,,tekst,http://tor.backup2.sam3.pl/httrack/bip.gminawinnica.pl.2025/bip.gminawinnica.pl/20190524-raport9d41.pdf,dostęp_bezpośredni,65cf499547771ccee7047404b4e41fc32f1d712ea819f1d2ad60aa30e7498d7c,200
482,mazowieckie,pułtuski,Winnica,gmina wiejska,1424062,2019,OK,,tekst,http://tor.backup2.sam3.pl/httrack/bip.gminawinnica.pl.2025/bip.gminawinnica.pl/20200527-raporte794.pdf,dostęp_bezpośredni,65e0ac0eafbe6abcad8d7dacc1b9e8b488bca49e06cd551feac248a1cfff5bfe,200
483,mazowieckie,pułtuski,Winnica,gmina wiejska,1424062,2020,OK,,tekst,http://tor.backup2.sam3.pl/httrack/bip.gminawinnica.pl.2025/bip.gminawinnica.pl/raport202097a3.pdf,dostęp_bezpośredni,eaf405594e155c0fd7197936108966d9f99bae3dfacc3ebdb56d6ff0dfcf1c96,200
484,mazowieckie,pułtuski,Winnica,gmina wiejska,1424062,2021,OK,,tekst,http://tor.backup2.sam3.pl/httrack/bip.gminawinnica.pl.2025/bip.gminawinnica.pl/202105-raport8744.pdf,dostęp_bezpośredni,3fde11ad4fca2565113a2d567a0135d95c3db68d07192af647b1710a913d2e0e,200
485,mazowieckie,pułtuski,Winnica,gmina wiejska,1424062,2022,OK,,tekst,http://tor.backup2.sam3.pl/httrack/bip.gminawinnica.pl.2025/bip.gminawinnica.pl/raport2022e8fb.pdf,dostęp_bezpośredni,87450e9ea0a85f44363aba7707a7c152d1c61ec66d07f72da02b105d83f67920,200
486,mazowieckie,pułtuski,Winnica,gmina wiejska,1424062,2023,OK,,tekst,http://tor.backup2.sam3.pl/httrack/bip.gminawinnica.pl.2025/bip.gminawinnica.pl/Raport%20o%20stanie%20gminy9ce3.pdf,dostęp_bezpośredni,78adeae8a9a416fcf5d633c879513e7e7f35d2510a2fe381eb04b261697e2436,200
487,mazowieckie,pułtuski,Winnica,gmina wiejska,1424062,2024,OK,,tekst,http://tor.backup2.sam3.pl/httrack/bip.gminawinnica.pl.2025/bip.gminawinnica.pl/Raport%20o%20stanie%20gminy%20Winnica%202024%20r.%20-%20Kopiadc02.pdf,dostęp_bezpośredni,6fdefc89eda961637b5b033e594b049033fba07ff3b81d9268a5359c4a078387,200
488,mazowieckie,pułtuski,Winnica,gmina wiejska,1424062,2025,OK,pdf,tekst,https://bip.gminawinnica.pl/dokumenty/download/dok_id/3515/type/tresc/dir/pub.html,dowód: raporty na bip.gminawinnica.pl (2021 znaleziony) | poprawka: pobranie_bezpośrednie (bip.gminawinnica.pl dokument-3515),73f4aa1e83082ffcf2123d2f771b685093a7d87e09b63ba3756e507408e70234,zastosowano znalezione/poprawke
489,mazowieckie,pułtuski,Zatory,gmina wiejska,1424072,2018,OK,,tekst,https://zatory.biuletyn.net/fls/bip_pliki/2020_04/BIPOLD004072/4072.pdf,dostęp_bezpośredni,61c1c88b98e94a1033aa133e754fa3bea2aadbbba8e39431e28f45ec2365c852,200
490,mazowieckie,pułtuski,Zatory,gmina wiejska,1424072,2019,OK,,tekst,https://zatory.biuletyn.net/fls/bip_pliki/2020_07/BIPF5AA8D57B9832AZ/20200716_raport_o_stanie_gminy_2019.pdf,dostęp_bezpośredni,bbc54c5e530632bd1b2f0ea9ea6e1bb5eb98cddf2d11e4e53a32c8fc6fb2abac,200
491,mazowieckie,pułtuski,Zatory,gmina wiejska,1424072,2020,OK,,tekst,https://zatory.biuletyn.net/fls/bip_pliki/2021_06/BIPF5C4B9985A1368Z/raport_o_stanie_gminy_20.pdf,dostęp_bezpośredni,297978f715ae9a18d4fc8bf4ea292c1ea1a5c1e944a4c655e3f282c2c92c0f9f,200
492,mazowieckie,pułtuski,Zatory,gmina wiejska,1424072,2021,OK,,tekst,https://zatory.biuletyn.net/fls/bip_pliki/2022_06/BIPF5E0738A7CB75DZ/20220602_raport_za_2021.pdf,dostęp_bezpośredni,260624f8af8763b70c4548c0f94594364b879bfab2fa9c4b08193f25dfb68307,200
493,mazowieckie,pułtuski,Zatory,gmina wiejska,1424072,2022,OK,,tekst,https://zatory.biuletyn.net/fls/bip_pliki/2023_05/BIPF5FBCBA1C0C0E4Z/20230516_raport_za_2022.pdf,dostęp_bezpośredni,f18e83b8c3b2304f681aa74d293cb76cd613e5310796306fab0a390cf721441c,200
494,mazowieckie,pułtuski,Zatory,gmina wiejska,1424072,2023,OK,,tekst,https://www.zatory.pl/asp/pliki/aktualnosci/20240531_raport_o_stanie_gminy_2023.pdf,dostęp_bezpośredni,43d4880e20ffcddb5cd16bc675f7e3da0e4164a613f99b6e141846086652bdac,200
495,mazowieckie,pułtuski,Zatory,gmina wiejska,1424072,2024,OK,,tekst,https://zatory.biuletyn.net/fls/bip_pliki/2025_06/BIPF6369350F432BCZ/20250602_RAPORT_O_STANIE_GMINY_ZA_2024_ROK.pdf,dostęp_bezpośredni,c86dfd2bb7e87f3cb46f7c55072f270b711ed28e927042c14a07601cf7320df3,200
496,mazowieckie,pułtuski,Zatory,gmina wiejska,1424072,2025,OK,,tekst,https://zatory.biuletyn.net/fls/bip_pliki/2026_04/BIPF650AC2B9E14AZ/RAPORT_O_STANIE_GMINY_ZA_2025_ROK._-_wersja_ostateczna.pdf,dostęp_bezpośredni,1ced67268cd3914dbfcf194d8cb4ef498a270253f9cf9540d8296587670db8e1,200
497,mazowieckie,pułtuski,Świercze,gmina wiejska,1424052,2018,OK,,tekst,https://swiercze.biuletyn.net/fls/bip_pliki/2019_06/BIPF58A7A4CCF1277Z/Raport_o_stanie_gminy_2018.pdf,dostęp_bezpośredni,2b91125495df264f09b695ad99bdc119cc0a779e3aab3d3829c43fbd27acec3e,200
498,mazowieckie,pułtuski,Świercze,gmina wiejska,1424052,2019,OK,,tekst,https://swiercze.biuletyn.net/fls/bip_pliki/2020_05/BIPF5A4F680EB8F19Z/Raport_2019.pdf,dostęp_bezpośredni,53cbf4a399bc3084a0887b74443e45f35c2cf92ee714b33875b387606e557098,200
499,mazowieckie,pułtuski,Świercze,gmina wiejska,1424052,2020,OK,,tekst,https://swiercze.biuletyn.net/fls/bip_pliki/2021_06/BIPF5C3AE71E10574Z/Raport_o_stanie_gminy_2020.pdf,dostęp_bezpośredni,aafbf0db147b031a434366e648b667b2866f92a189b0002c60742d0dc15ed6c0,200
500,mazowieckie,pułtuski,Świercze,gmina wiejska,1424052,2021,OK,,tekst,https://swiercze.biuletyn.net/fls/bip_pliki/2022_05/BIPF5DFE8EA61F6CBZ/Raport_o_stanie_Gminy_2021.pdf,dostęp_bezpośredni,d4055c07fe8a5656aec55a9afd3ead1b0eff9cb7d5be3a7d92cafa6ae3e02b6a,200
501,mazowieckie,pułtuski,Świercze,gmina wiejska,1424052,2022,OK,pdf,tekst,https://swiercze.biuletyn.net/fls/bip_pliki/2023_05/BIPF5FBF3766E5643Z/RAPORT_2022_O_STANIE_GMINY_SWIERCZE.pdf,"dostęp_bezpośredni | poprawka: swiercze.biuletyn.net sekcja Raporty o stanie gminy (cid=523, id=1181); POPRAWKA - bazowy URL to diagnoza zasobów wodnych MODR (cudzy dokument, nie raport)",5f856cf71e952d7c66f3d41fa8917b8adc1babed2ea70279deb9b8098aafae56,zastosowano znalezione/poprawke
502,mazowieckie,pułtuski,Świercze,gmina wiejska,1424052,2023,OK,,tekst,https://swiercze.biuletyn.net/fls/bip_pliki/2024_05/BIPF61919C87BADC8Z/RAPORT_O_STANIE_GMINY_SWIERCZE_2023_20.05.2024..pdf,dostęp_bezpośredni,f8368fb3cbc0512633a4a2055e4b2b025a5f433c4faa5fad9e525e67de8e9fd9,200
503,mazowieckie,pułtuski,Świercze,gmina wiejska,1424052,2024,OK,,tekst,https://swiercze.biuletyn.net/fls/bip_pliki/2025_06/BIPF63734E5352959Z/RAPORT_O_STANIE_GMINY_SWIERCZE_2024.pdf,dostęp_bezpośredni,0a610a20b9c87623f0dc93df807f7718c02a5d876f3b86730a1bac7623c08340,200
504,mazowieckie,pułtuski,Świercze,gmina wiejska,1424052,2025,OK,,tekst,https://swiercze.biuletyn.net/fls/bip_pliki/2026_05/BIPF651ACFBAC4A32Z/RAPORT_O_STANIE_GMINY_SWIERCZE_2025.pdf,dostęp_bezpośredni,3a113711c29daa5a7cb430aba0540d5891bd79d71ce24bd70a6fb95eba7c7968,200
505,mazowieckie,płoński,Joniec,gmina wiejska,1420062,2018,BRAK,,,,,,BRAK_URL (dowód istnienia - nieopublikowany)
506,mazowieckie,płoński,Joniec,gmina wiejska,1420062,2019,OK,pdf,skan,https://bip.ugjoniec.pl/pobierz/243,dostęp_bezpośredni | poprawka: bip.ugjoniec.pl /dokumenty/265 (zarz. 14/2020 z 29.05.2020) - odrębny plik raportu; POPRAWKA TOŻSAMOŚCI (bazowy URL pobierz/485 = pakiet zarządzenie+raport - ten sam raport),2f0deff975f25b67d5904f2b397beca01cb85c31188c05b5300b9bf3336427d3,zastosowano znalezione/poprawke
507,mazowieckie,płoński,Joniec,gmina wiejska,1420062,2020,OK,pdf,skan,https://bip.ugjoniec.pl/pobierz/695,"dostęp_bezpośredni | poprawka: bip.ugjoniec.pl /dokumenty/709 (zarz. 18/2021 z 25.05.2021); POPRAWKA TOŻSAMOŚCI - bazowy URL wskazywał na raport gminy Płońsk; skan zweryfikowany wizualnie: s.3 ""Raport o stanie Gminy Joniec za 2020 rok""",23b5fb4f12cdcc6c334c3f3b855db8302b1458a1e91763f3e263cd587988ff71,zastosowano znalezione/poprawke
508,mazowieckie,płoński,Joniec,gmina wiejska,1420062,2021,OK,pdf,skan,https://bip.ugjoniec.pl/pobierz/1124,"dostęp_bezpośredni | poprawka: bip.ugjoniec.pl /dokumenty/1090 (zarz. 28/2022 z 30.05.2022); POPRAWKA TOŻSAMOŚCI - bazowy URL wskazywał na raport Sochocina; skan zweryfikowany wizualnie: s.3 ""RAPORT O STANIE GMINY JONIEC ZA 2021 ROK""",5fb3f4d608f697b4f771e8cbc423733365a9bcf958ec78c943105cd9fc3e8fb3,zastosowano znalezione/poprawke
509,mazowieckie,płoński,Joniec,gmina wiejska,1420062,2022,OK,pdf,tekst,https://bip.ugjoniec.pl/pobierz/1616,dostęp_bezpośredni | poprawka: bip.ugjoniec.pl /dokumenty/1504 (zarz. 22/2023 z 31.05.2023); POPRAWKA TOŻSAMOŚCI - bazowy URL wskazywał na raport Nasielska,c622d4d281215c72bae77c83263916575f75732442f0fbc9ca552d8296abb1da,zastosowano znalezione/poprawke
510,mazowieckie,płoński,Joniec,gmina wiejska,1420062,2023,OK,pdf,tekst,https://bip.ugjoniec.pl/pobierz/2155,"dostęp_bezpośredni | poprawka: bip.ugjoniec.pl /dokumenty/2019 (zarz. z 27.05.2024); POPRAWKA - bazowy URL (pobierz/2154) to samo zarządzenie (1 str.), nie raport",032320c6ee9eaf753a2bb73d90e4e0c1671f208958cd8c1570e0c1b0414d3317,zastosowano znalezione/poprawke
511,mazowieckie,płoński,Joniec,gmina wiejska,1420062,2024,OK,pdf,skan,https://bip.ugjoniec.pl/pobierz/2658,"dostęp_bezpośredni | poprawka: bip.ugjoniec.pl /dokumenty/2523 (zarz. 32/2025 z 30.05.2025 + raport w pakiecie); POPRAWKA TOŻSAMOŚCI - bazowy URL wskazywał na raport Sochocina; skan zweryfikowany: s.5 '1. Wprowadzenie"" (Gmina Joniec)",e3cd45ddf5ba357279dfaa1c6e183414efcd5b839c4e2de3f83c664e9532b6ab,zastosowano znalezione/poprawke
512,mazowieckie,płoński,Joniec,gmina wiejska,1420062,2025,OK,pdf,tekst,https://bip.ugjoniec.pl/pobierz/3510,dostęp_bezpośredni | poprawka: bip.ugjoniec.pl /dokumenty/3094 (zarz. 38/2026 z 27.05.2026); POPRAWKA TOŻSAMOŚCI - bazowy URL wskazywał na raport Sochocina,600e6fe07cd6310cf874fbd6ff80e07345e0896b43823c1296622edee8a26ae6,zastosowano znalezione/poprawke
513,mazowieckie,płoński,Nowe Miasto,gmina miejsko-wiejska,1420083,2018,BRAK,,brak,brak,dogłębne sprawdzenie (web search + BIP + Wayback) - brak dowodu istnienia,,BRAK_URL (niepowstały)
514,mazowieckie,płoński,Nowe Miasto,gmina miejsko-wiejska,1420083,2019,BRAK,,brak,brak,dogłębne sprawdzenie (web search + BIP + Wayback) - brak dowodu istnienia,,BRAK_URL (niepowstały)
515,mazowieckie,płoński,Nowe Miasto,gmina miejsko-wiejska,1420083,2020,BRAK,,brak,brak,dogłębne sprawdzenie (web search + BIP + Wayback) - brak dowodu istnienia,,BRAK_URL (niepowstały)
516,mazowieckie,płoński,Nowe Miasto,gmina miejsko-wiejska,1420083,2021,OK,,tekst,https://bip-v1-files.idcom-jst.pl/sites/47322/wiadomosci/632566/files/raport_o_stanie_gminy_nowe_miasto_w_roku_2021.pdf,dostęp_bezpośredni,cbd5c08f13886fa2b8e015cb0779f3dda5cd4d6ef84ebeb3dfd1aaba930ba452,200
517,mazowieckie,płoński,Nowe Miasto,gmina miejsko-wiejska,1420083,2022,OK,,tekst,https://bip-v1-files.idcom-jst.pl/sites/47322/wiadomosci/690052/files/raport_o_stanie_gminy_w_2022_r.pdf,dostęp_bezpośredni,84e1d4f446b5609e36b0dd9f80ba337e38d37e50eaf7de96d75978fbc8ba9053,200
518,mazowieckie,płoński,Nowe Miasto,gmina miejsko-wiejska,1420083,2023,OK,,tekst,https://bip-v1-files.idcom-jst.pl/sites/47322/wiadomosci/756456/files/raport_o_stanie_miasta_i_gminy_nowe_miasto_w_roku_2023.pdf,dostęp_bezpośredni,97a4735f8756d2720ac2105fcdf7884e311f04203a8a2307a1dbe954aca7fd78,200
519,mazowieckie,płoński,Nowe Miasto,gmina miejsko-wiejska,1420083,2024,OK,,tekst,https://bip-v1-files.idcom-jst.pl/sites/47322/wiadomosci/822928/files/raport_o_stanie_miasta_i_gminy_w_roku_2024.pdf,dostęp_bezpośredni,e1d91f4e297e98674d98752dd35e38a2db1063ad712ba25f136d0e23b52a7c08,200
520,mazowieckie,płoński,Nowe Miasto,gmina miejsko-wiejska,1420083,2025,OK,,tekst,https://samorzad.gov.pl/attachment/b07787d8-5d7c-41a7-8f22-c7c8f26e41f3,dostęp_bezpośredni,b943ad25fd4fe0fc0b34121b034711fc33d653b60e5e3f3de61b39d68cbba090,200
521,mazowieckie,płoński,Sochocin,gmina miejsko-wiejska,1420113,2018,BRAK,,brak,brak,dogłębne sprawdzenie (web search + BIP + Wayback + archiwa) - brak dowodu istnienia raportu,,BRAK_URL (niepowstały)
522,mazowieckie,płoński,Sochocin,gmina miejsko-wiejska,1420113,2019,OK,,tekst,https://www.sochocin.pl/wp-content/uploads/2021/05/Raport-o-stanie-Gminy-Sochocin-za-rok-2019_ostateczna-wersja-pdf.pdf,dostęp_bezpośredni,02cff74a601483ca706b8bfbaa382bfb9da3b2d5f76ab8237be8b83a04d5021f,200
523,mazowieckie,płoński,Sochocin,gmina miejsko-wiejska,1420113,2020,OK,,tekst,http://bip.sochocin.pl/aaz01xn6bqqb0l80lj.file.pdf,dostęp_bezpośredni,8d005013bd6d312f1c4068e91d6f86df8150b8b91c34fd309d8bb15eb57cc905,200
524,mazowieckie,płoński,Sochocin,gmina miejsko-wiejska,1420113,2021,OK,,tekst,https://www.sochocin.pl/wp-content/uploads/2022/10/Raport-o-stanie-gminy-Sochocin-za-rok-2021.pdf,dostęp_bezpośredni,c89c5c1824764aa114d35e229dfb5960b44b4f6de3a4568375515da6aa7c8b84,200
525,mazowieckie,płoński,Sochocin,gmina miejsko-wiejska,1420113,2022,OK,,tekst,https://www.sochocin.pl/wp-content/uploads/2024/05/Raport-o-stanie-Miasta-i-Gminy-Sochocin-za-rok-2022.pdf,dostęp_bezpośredni,1daf0d22a9e340e9714605d5e1880b26db95ea4e300c1b874592a1e610d7a9a6,200
526,mazowieckie,płoński,Sochocin,gmina miejsko-wiejska,1420113,2023,OK,,tekst,https://www.sochocin.pl/wp-content/uploads/2024/05/Raport-o-stanie-Miasta-i-Gminy-Sochocin-za-rok-2023.pdf,dostęp_bezpośredni,23c41bdfd1a81f46613ac1ce84cfe1e042fe1c1892425e11244d21abf4151b6a,200
527,mazowieckie,płoński,Sochocin,gmina miejsko-wiejska,1420113,2024,OK,,tekst,https://www.sochocin.pl/wp-content/uploads/2025/05/Raport-o-stanie-Miasta-i-Gminy-Sochocin-za-rok-2024.pdf,dostęp_bezpośredni,71d277792cb81ec0600e025b6df941896ad21ff4fd8d17ef80f08bffd556f29c,200
528,mazowieckie,płoński,Sochocin,gmina miejsko-wiejska,1420113,2025,OK,,tekst,https://www.sochocin.pl/wp-content/uploads/2026/05/Raport-o-stanie-Miasta-i-Gminy-Sochocin-za-rok-2025-ostateczny.pdf,dostęp_bezpośredni,f76c0c150ba79c52e9017548e7a557706e2c634f35884a12fc5bc31d9b550275,200
529,mazowieckie,siedlecki,Korczew,gmina wiejska,1426022,2018,OK,,tekst,https://samorzad.gov.pl/attachment/d295a553-5165-41f7-9ff2-3d9987234384,dostęp_bezpośredni,d052ae2216a92f7ef4947cc7e5206f7699ef9326248d2da93dbbd1a1a1d974f7,200
530,mazowieckie,siedlecki,Korczew,gmina wiejska,1426022,2019,OK,,tekst,https://korczew.bip.gov.pl/fobjects/download/1174548/raport-o-stanie-korczew-za-2019-1-doc.html,dostęp_bezpośredni (polskie IP przez Tor),cf861cdd21fe053d5ef2f4edfa95f2eca419e17817455327572714509b95f7ac,200
531,mazowieckie,siedlecki,Korczew,gmina wiejska,1426022,2020,OK,,tekst,https://samorzad.gov.pl/attachment/f3a76eb1-3e28-428d-8228-9d2d93804d5b,dostęp_bezpośredni,1fb8c70c755d6d6f458ccf9613f6388ea6343d540c513c3ffe653c42dd4a6165,200
532,mazowieckie,siedlecki,Korczew,gmina wiejska,1426022,2021,OK,,tekst,https://korczew.bip.gov.pl/fobjects/download/1263988/raport-2021-rok-doc.html,dostęp_bezpośredni (polskie IP przez Tor),3b161405580494a70ec40b48966b545a923af42cfeb0c4a5f6a596cfc7af1f37,200
533,mazowieckie,siedlecki,Korczew,gmina wiejska,1426022,2022,OK,,tekst,https://korczew.bip.gov.pl/fobjects/download/1483282/raport-o-stanie-gminy-za-2022.html,dostęp_bezpośredni (polskie IP przez Tor),637be707d970a39672d9f34ed959fba08dd09d2c4c9a3e582bdfd95aa9e4d903,200
534,mazowieckie,siedlecki,Korczew,gmina wiejska,1426022,2023,OK,,tekst,https://korczew.bip.gov.pl/fobjects/download/1721023/raport-o-stanie-gminy-za-2023-pdf.html,dostęp_bezpośredni (polskie IP przez Tor),48f2ed4e1922c23a6367ac1ce88d81120ac91a822f2c5ab442059c24f98d4206,200
535,mazowieckie,siedlecki,Korczew,gmina wiejska,1426022,2024,OK,,tekst,https://korczew.bip.gov.pl/fobjects/download/1987860/raport-o-stanie-gminy-2024-pdf.html,dostęp_bezpośredni (polskie IP przez Tor),0d092f2184ab5cb3c51ef02c504d80178e69ffa8d72cee9a2df4a58fd230924d,200
536,mazowieckie,siedlecki,Korczew,gmina wiejska,1426022,2025,OK,,tekst,https://korczew.bip.gov.pl/fobjects/download/2274123/raport-o-stanie-gminy-2025-pdf.html,dostęp_bezpośredni (polskie IP przez Tor),8a3520a8aa265e91798edd3a0c3fe8db2fcb46f828db883b5dc2aabf3217b10b,200
537,mazowieckie,siedlecki,Kotuń,gmina wiejska,1426032,2018,BRAK,,brak,brak,dogłębne sprawdzenie (web search + BIP + Wayback) - brak dowodu istnienia,,BRAK_URL (niepowstały)
538,mazowieckie,siedlecki,Kotuń,gmina wiejska,1426032,2019,OK,,tekst,https://kotun.archiwum.bip.net.pl/pliki/9640/Raport_o_stanie_Gminy_2019.pdf,dostęp_bezpośredni,fe7c08c75a176fa40d0c8eed06047155f0685b77f0ed386b14dabc191badd3de,200
539,mazowieckie,siedlecki,Kotuń,gmina wiejska,1426032,2020,BRAK,,brak,brak,dogłębne sprawdzenie (web search + BIP + Wayback) - brak dowodu istnienia,,BRAK_URL (niepowstały)
540,mazowieckie,siedlecki,Kotuń,gmina wiejska,1426032,2021,BRAK,,brak,brak,dogłębne sprawdzenie (web search + BIP + Wayback) - brak dowodu istnienia,,BRAK_URL (niepowstały)
541,mazowieckie,siedlecki,Kotuń,gmina wiejska,1426032,2022,BRAK,,brak,brak,dogłębne sprawdzenie (web search + BIP + Wayback) - brak dowodu istnienia,,BRAK_URL (niepowstały)
542,mazowieckie,siedlecki,Kotuń,gmina wiejska,1426032,2023,BRAK,,brak,brak,dogłębne sprawdzenie (web search + BIP + Wayback) - brak dowodu istnienia,,BRAK_URL (niepowstały)
543,mazowieckie,siedlecki,Kotuń,gmina wiejska,1426032,2024,OK,,tekst,https://kotun-api.bip.net.pl/api/attachments/641,dostęp_bezpośredni,bf662f69908d2cca5c95ec99abf6425e9cdec5e9de1a48cef91500b3553559b9,200
544,mazowieckie,siedlecki,Kotuń,gmina wiejska,1426032,2025,OK,,tekst,https://kotun-api.bip.net.pl/api/attachments/1915,dostęp_bezpośredni,35f0dec607c8cf09670f649eacb7a008d730f025b426369451f37b4f7777e246,200
545,mazowieckie,siedlecki,Mokobody,gmina wiejska,1426042,2018,BRAK,,brak,brak,dogłębne sprawdzenie (web search + BIP + Wayback) - brak dowodu istnienia,,BRAK_URL (niepowstały)
546,mazowieckie,siedlecki,Mokobody,gmina wiejska,1426042,2019,BRAK,,brak,brak,dogłębne sprawdzenie (web search + BIP + Wayback) - brak dowodu istnienia,,BRAK_URL (niepowstały)
547,mazowieckie,siedlecki,Mokobody,gmina wiejska,1426042,2020,OK,,tekst,https://samorzad.gov.pl/attachment/9aca5bd9-64b5-4ffb-bb30-b3002ded4272,dostęp_bezpośredni,5c2d1a1763a3a7cc3c6fb5f0dfa34b2efad39d8554ff9b223c31b264f19106eb,200
548,mazowieckie,siedlecki,Mokobody,gmina wiejska,1426042,2021,OK,,tekst,https://samorzad.gov.pl/attachment/f3cc8758-00e5-4eab-8f80-128ae6a76d8d,dostęp_bezpośredni,23695a23b55408cc34f5ea4a949e47665bfd4c19565a94de46e7e5d846a83d60,200
549,mazowieckie,siedlecki,Mokobody,gmina wiejska,1426042,2022,OK,,tekst,https://samorzad.gov.pl/attachment/39274367-f6a5-4c28-95a7-bd972067cb03,dostęp_bezpośredni,566293084e76a34ed79037ac7dd7a3778c3d91a309863ea7860e83cad64056e5,200
550,mazowieckie,siedlecki,Mokobody,gmina wiejska,1426042,2023,OK,,tekst,https://samorzad.gov.pl/attachment/d4dd5417-d77d-438d-b8ff-e690d5d06a29,dostęp_bezpośredni,ddc5c658ceecfeae7f1a47d7316a8f29bb9d346061c234062417bded52c71e44,200
551,mazowieckie,siedlecki,Mokobody,gmina wiejska,1426042,2024,OK,,tekst,https://samorzad.gov.pl/attachment/9ad62826-a8a7-4665-8554-12bfb49b04fb,dostęp_bezpośredni,d3573dbb28b26e2b7ada83567aa948fc56cf95cabef5a5a31f5c8a23f9fbc91c,200
552,mazowieckie,siedlecki,Mokobody,gmina wiejska,1426042,2025,OK,,tekst,https://samorzad.gov.pl/attachment/ee43307c-048f-4562-b3d2-fa266cd76edf,dostęp_bezpośredni,0171ca0aa68b8107d6146e50d5061a0b2901a7b1bac38ed071a4d2ba9aca745f,200
553,mazowieckie,siedlecki,Mordy,gmina miejsko-wiejska,1426053,2018,OK,,tekst,https://umigmordy.bip.org.pl/pliki/umigmordy/raport_20190531152726.pdf,dostęp_bezpośredni,b28ae0a1d399963d1c434c5028f6702a545a85572e8886d64616241ac8f0cdf2,200
554,mazowieckie,siedlecki,Mordy,gmina miejsko-wiejska,1426053,2019,OK,,tekst,https://umigmordy.bip.org.pl/pliki/umigmordy/raport_o_stanie_miasta_i_gminy_mordy_za_2019_rok.pdf,dostęp_bezpośredni,45db6aef76c0ba4aa6bcb4ac9a003bef6afab9d6c85a85bf1119cca9455bf8c1,200
555,mazowieckie,siedlecki,Mordy,gmina miejsko-wiejska,1426053,2020,OK,,tekst,https://umigmordy.bip.org.pl/pliki/umigmordy/raport_o_stanie_miasta_i_gminy_mordy_za_2020_rok.pdf,dostęp_bezpośredni,f68ff9d6c52dc0cb460d269cf45dfc4d3ec1497bd7a246b15e2064a96c94ec1d,200
556,mazowieckie,siedlecki,Mordy,gmina miejsko-wiejska,1426053,2021,OK,,tekst,https://umigmordy.bip.org.pl/pliki/umigmordy/raport_o_stanie_miasta_i_gminy_mordy_za_2021_rok.pdf,dostęp_bezpośredni,1beb41fc80958908cac66253b18268025590ce9ed14c41ed60a941c3738e2594,200
557,mazowieckie,siedlecki,Mordy,gmina miejsko-wiejska,1426053,2022,OK,,tekst,https://umigmordy.bip.org.pl/pliki/umigmordy/raport_o_stanie_mig_mordy_za_2022.pdf?20230601150106,dostęp_bezpośredni,f254374b55f521abb14c9027dfe51f55f114d95a24db42560d632bea60452245,200
558,mazowieckie,siedlecki,Mordy,gmina miejsko-wiejska,1426053,2023,OK,,tekst,https://umigmordy.bip.org.pl/pliki/umigmordy/raport_o_stanie_miasta_i_gminy_mordy_za_2023r.pdf,dostęp_bezpośredni,992e713af7216dd2f970e7e6d47d9e3ae5484c0ed7b2d1aef14a4a68a520d0e5,200
559,mazowieckie,siedlecki,Mordy,gmina miejsko-wiejska,1426053,2024,OK,,tekst,https://umigmordy.bip.org.pl/pliki/umigmordy/raport_o_stanie_miasta_i_gminy_mordy_za_2024_r_.pdf,dostęp_bezpośredni,fc82d70b5f605bc9a82beb5b9e14a1f9d7bc2722c5bc2377462739307c344ff0,200
560,mazowieckie,siedlecki,Mordy,gmina miejsko-wiejska,1426053,2025,OK,,tekst,https://umigmordy.bip.org.pl/pliki/umigmordy/raport_o_stanie_miasta_i_gminy_mordy_za_2025_r.pdf,dostęp_bezpośredni,a207cbd45153527026a9cec8f307eb7ef9594d4f6187728bf54c9537a7f7cfb6,200
561,mazowieckie,siedlecki,Paprotnia,gmina wiejska,1426062,2018,OK,,tekst,http://web.archive.org/web/20240602052052/https://paprotnia.pl/wp-content/uploads/2019/07/raport-o-stanie-gminy-paprotnia-za-rok-2018.pdf,dostęp_bezpośredni,061023f0b2debb53289cb3da04513319a950c83d922daffeb2cd4e0bdbde04d2,200
562,mazowieckie,siedlecki,Paprotnia,gmina wiejska,1426062,2019,OK,,tekst,http://web.archive.org/web/20240513201935/https://paprotnia.pl/wp-content/uploads/2020/08/raport.pdf,dostęp_bezpośredni,e3b1bdd562ceca168da3845cf2b4f004eb159d1b4d1c4a0da7bf9ae70e388103,200
563,mazowieckie,siedlecki,Paprotnia,gmina wiejska,1426062,2020,OK,,tekst,https://samorzad.gov.pl/attachment/cd3980b7-2a0c-4120-b064-0e4af6f4f501,dostęp_bezpośredni,026d0aedcb4bf2bf05877740a6de17d3b9c10419ada57c9a14934b0233b12c44,200
564,mazowieckie,siedlecki,Paprotnia,gmina wiejska,1426062,2021,BRAK,,brak,brak,dogłębne sprawdzenie (web search + BIP + Wayback) - brak dowodu istnienia,,BRAK_URL (niepowstały)
565,mazowieckie,siedlecki,Paprotnia,gmina wiejska,1426062,2022,BRAK,,brak,brak,dogłębne sprawdzenie (web search + BIP + Wayback) - brak dowodu istnienia,,BRAK_URL (niepowstały)
566,mazowieckie,siedlecki,Paprotnia,gmina wiejska,1426062,2023,OK,,tekst,http://web.archive.org/web/20240613051905/https://paprotnia.pl/wp-content/uploads/2024/06/raport-o-stanie-gminy-paprotnia-za-2023-rok.pdf,dostęp_bezpośredni,292a53970f9b8e91b2b78806be451166d71b723a8df9d7367f45ab4cb260e532,200
567,mazowieckie,siedlecki,Paprotnia,gmina wiejska,1426062,2024,BRAK,,brak,brak,dogłębne sprawdzenie (web search + BIP + Wayback) - brak dowodu istnienia,,BRAK_URL (niepowstały)
568,mazowieckie,siedlecki,Paprotnia,gmina wiejska,1426062,2025,OK,,tekst,https://samorzad.gov.pl/attachment/a1bd92be-d0f9-4ce7-a4eb-94ec19f39353,dostęp_bezpośredni,1bca27f8cef353acab8e417262498e97c061b8b13f6f3e1fd3d122538de2da0a,200
569,mazowieckie,siedlecki,Przesmyki,gmina wiejska,1426072,2018,BRAK,,brak,brak,dogłębne sprawdzenie (web search + BIP + Wayback) - brak dowodu istnienia,,BRAK_URL (niepowstały)
570,mazowieckie,siedlecki,Przesmyki,gmina wiejska,1426072,2019,BRAK,,brak,brak,dogłębne sprawdzenie (web search + BIP + Wayback) - brak dowodu istnienia,,BRAK_URL (niepowstały)
571,mazowieckie,siedlecki,Przesmyki,gmina wiejska,1426072,2020,BRAK,,brak,brak,dogłębne sprawdzenie (web search + BIP + Wayback) - brak dowodu istnienia,,BRAK_URL (niepowstały)
572,mazowieckie,siedlecki,Przesmyki,gmina wiejska,1426072,2021,OK,,tekst,https://www.przesmyki.pl/_portals_/przesmyki/CKFiles/Dokumenty/2021/akt0369.Linia_nr_5_Przesmyki-_Raczyny-_Lipiny.pdf,dostęp_bezpośredni,9dc379dce0cfe9e493fee76c38d9f8e33114eb09b4372e65fb3f43953a970a3f,200
573,mazowieckie,siedlecki,Przesmyki,gmina wiejska,1426072,2022,OK,,tekst,https://www.przesmyki.pl/_portals_/przesmyki/CKFiles/Dokumenty/2023/ad31.V_2023Raport_o_stanie_gminy_Przesmyki_2022.pdf,dostęp_bezpośredni,8cfdfdc561e7de73075be1d8eefcc36e43fd3956e949aa5f7a9338355b716bfb,200
574,mazowieckie,siedlecki,Przesmyki,gmina wiejska,1426072,2023,OK,,tekst,https://www.przesmyki.pl/_portals_/przesmyki/CKFiles/Dokumenty/2024/Raport_o_stanie_gminy_Przesmyki_2023.pdf,dostęp_bezpośredni,3b3f60831edcef369cd0025342886e400c8b4077bab7c5307964c0ba6190ff50,200
575,mazowieckie,siedlecki,Przesmyki,gmina wiejska,1426072,2024,BRAK,,brak,brak,dogłębne sprawdzenie (web search + BIP + Wayback) - brak dowodu istnienia,,BRAK_URL (niepowstały)
576,mazowieckie,siedlecki,Przesmyki,gmina wiejska,1426072,2025,OK,,tekst,https://www.przesmyki.pl/_portals_/przesmyki/CKFiles/Dokumenty/2025/Diagnoza_delimitacyjna_Gmina_Przesmyki.pdf,dostęp_bezpośredni,2fd1c4aa8be1711682c87ffc2d834ffc9f5f81b2294d4f15703cae1e41a50cd2,200
577,mazowieckie,siedlecki,Siedlce,gmina wiejska,1426082,2018,OK,,tekst,https://samorzad.gov.pl/attachment/e0da600e-3d24-4008-9f2a-4fbf8230463b,dostęp_bezpośredni,4321dcc5207d623b5a4861e4ab1459eee84e33948eb244a6f634e264e648a1ab,200
578,mazowieckie,siedlecki,Siedlce,gmina wiejska,1426082,2019,OK,,tekst,https://samorzad.gov.pl/attachment/fb098aed-9e64-4acb-9229-97ad740311d6,dostęp_bezpośredni,6c46b52b20bd8d46831a6e1c0b07f7f4629bee543dc9a767a2d08e31ca7bc2e3,200
579,mazowieckie,siedlecki,Siedlce,gmina wiejska,1426082,2020,OK,,tekst,https://samorzad.gov.pl/attachment/79bab912-896f-4a79-ac72-7a1a90ba8e9a,dostęp_bezpośredni,422f3ab45b3b44061a1aa3f6006f815d4e423b8cf5578b43282880da0ae737e8,200
580,mazowieckie,siedlecki,Siedlce,gmina wiejska,1426082,2021,OK,,tekst,https://samorzad.gov.pl/attachment/29f1aa5e-8ceb-4e0c-b213-d2a6f5c73c95,dostęp_bezpośredni,675be645c647a79a4c888b7c159e0d4b9bf9ec8139e87f46096f307fc2c17dd1,200
581,mazowieckie,siedlecki,Siedlce,gmina wiejska,1426082,2022,OK,,tekst,https://samorzad.gov.pl/attachment/8e49a59e-2ab8-4460-ad6b-8fe79945dc31,dostęp_bezpośredni,88e5940ada0968406d1ff70a873b5061f65f9dc43d63d16410f94c2945f64dc9,200
582,mazowieckie,siedlecki,Siedlce,gmina wiejska,1426082,2023,OK,,tekst,https://samorzad.gov.pl/attachment/7d42861a-59d2-4a59-b915-b7bee3571161,dostęp_bezpośredni,fed7b529c0998ca842b378d4feb79c308cc95fb867554da58f879a3455a1566b,200
583,mazowieckie,siedlecki,Siedlce,gmina wiejska,1426082,2024,OK,,tekst,https://samorzad.gov.pl/attachment/9a370696-93f8-45eb-92c6-ecc8f56df5d2,dostęp_bezpośredni,55a01df0983e956faf8ebec3ce7867f59777db2d6fc484ea06bb309d0c785ed0,200
584,mazowieckie,siedlecki,Siedlce,gmina wiejska,1426082,2025,OK,,tekst,https://samorzad.gov.pl/attachment/51f586bb-ca30-4507-a484-b9f30280f98f,dostęp_bezpośredni,4c8b8b788cf6772da3c23a5d7922a48881a669bf845c21511e39ee38c990a74d,200
585,mazowieckie,siedlecki,Skórzec,gmina wiejska,1426092,2018,BRAK,,brak,brak,sprawdzone - brak w sekcji raportów BIP (samorzad.gov.pl),,BRAK_URL (sprawdzone/nieopublikowane)
586,mazowieckie,siedlecki,Skórzec,gmina wiejska,1426092,2019,BRAK,,brak,brak,sprawdzone - brak w sekcji raportów BIP (samorzad.gov.pl),,BRAK_URL (sprawdzone/nieopublikowane)
587,mazowieckie,siedlecki,Skórzec,gmina wiejska,1426092,2020,OK,,tekst,https://samorzad.gov.pl/attachment/4d9f4eb1-f72a-4b70-b2b8-481407fd0a30,dostęp_bezpośredni,311762021600cdc537d3657ad5ce7156c9d7b9aafe3e36c5284e3bd7a2305341,200
588,mazowieckie,siedlecki,Skórzec,gmina wiejska,1426092,2021,OK,,tekst,https://samorzad.gov.pl/attachment/e3af22cc-251c-415d-a554-baa02e6e3e9e,dostęp_bezpośredni,3a14d2118a51db6ff51759cf31a0cb4a3c8d957435e8b1c64885046c585996dc,200
589,mazowieckie,siedlecki,Skórzec,gmina wiejska,1426092,2022,OK,,skan,https://samorzad.gov.pl/attachment/fe7649ce-b3d2-407f-92c3-84cab34c64cf,dostęp_bezpośredni,2b3f43ab971754cbeab5df3f83e5f388fe0e15f3514438a7e5654f1f34553d32,200
590,mazowieckie,siedlecki,Skórzec,gmina wiejska,1426092,2023,OK,,tekst,https://samorzad.gov.pl/attachment/d99a9384-cb4b-48d3-bc58-0fa5ad8b4106,dostęp_bezpośredni,abd03ab6242f440ced3a459cd283b0cd810bd51fe78923b4bf3d0bf742876c1a,200
591,mazowieckie,siedlecki,Skórzec,gmina wiejska,1426092,2024,OK,,tekst,https://samorzad.gov.pl/attachment/aeb6670c-99a4-443e-afad-684704e6909f,dostęp_bezpośredni,bd7bd6739f60d27e31d9f44d3e50d786cb62e8826fbaf50b8e5fed2cb1b4b508,200
592,mazowieckie,siedlecki,Skórzec,gmina wiejska,1426092,2025,OK,,tekst,https://gminaskorzec.pl/wp-content/uploads/2026/06/zasady-losowania-hulajnog-2026_.pdf,dostęp_bezpośredni,57946774acaa217cc2e01cb358ad8f335930361684008774939a0886b6d7846d,200
593,mazowieckie,siedlecki,Suchożebry,gmina wiejska,1426102,2018,BRAK,,brak,brak,dogłębne sprawdzenie (web search + BIP + Wayback) - brak dowodu istnienia,,BRAK_URL (niepowstały)
594,mazowieckie,siedlecki,Suchożebry,gmina wiejska,1426102,2019,BRAK,,brak,brak,dogłębne sprawdzenie (web search + BIP + Wayback) - brak dowodu istnienia,,BRAK_URL (niepowstały)
595,mazowieckie,siedlecki,Suchożebry,gmina wiejska,1426102,2020,OK,,tekst,https://suchozebry.pl/wp-content/uploads/2021/06/RAPORT-O-STANIE-GMINY-SUCHOZEBRY.pdf,dostęp_bezpośredni,1d6893b5303b5a39e173463a2766d3c766e9f9dc7b7a4bfd6015916b444087ae,200
596,mazowieckie,siedlecki,Suchożebry,gmina wiejska,1426102,2021,OK,,tekst,https://bip-v1-files.idcom-jst.pl/sites/3122/wiadomosci/635590/files/raport_o_stanie_gminy_za_rok_2021.pdf,dostęp_bezpośredni,9bccef02f743c2eb89677157e8d1f9115d19d4676414f677ffd5b5e784e6bd85,200
597,mazowieckie,siedlecki,Suchożebry,gmina wiejska,1426102,2022,OK,,tekst,https://bip-v1-files.idcom-jst.pl/sites/3122/wiadomosci/692083/files/raport__o_stanie_gminy_za_2022_r.pdf,dostęp_bezpośredni,fca3b31e43c6f11eb0ea66ea59ab227baf5f446795f59dde65093ad3d37c4431,200
598,mazowieckie,siedlecki,Suchożebry,gmina wiejska,1426102,2023,OK,,tekst,https://bip-v1-files.idcom-jst.pl/sites/3122/wiadomosci/759067/files/raport_o_stanie_gminy_suchozebry_za_2023_rok.pdf,dostęp_bezpośredni,028f38db1f921b96de502cd9e35d5cba66f8e4506be7969e1926964f06a88885,200
599,mazowieckie,siedlecki,Suchożebry,gmina wiejska,1426102,2024,OK,,tekst,https://bip-v1-files.idcom-jst.pl/sites/3122/wiadomosci/824877/files/raport_o_stanie_gminy_za_2024_r._1.pdf,dostęp_bezpośredni,714b79aa36215f33311a785afafb210ef0955a14e8cb96556103c9b668a73d3f,200
600,mazowieckie,siedlecki,Suchożebry,gmina wiejska,1426102,2025,BRAK,,brak,brak,dogłębne sprawdzenie (web search + BIP + Wayback) - brak dowodu istnienia,,BRAK_URL (niepowstały)
601,mazowieckie,siedlecki,Wiśniew,gmina wiejska,1426112,2018,BRAK,,brak,brak,sprawdzone - brak w sekcji raportów BIP (samorzad.gov.pl),,BRAK_URL (sprawdzone/nieopublikowane)
602,mazowieckie,siedlecki,Wiśniew,gmina wiejska,1426112,2019,OK,,skan,https://samorzad.gov.pl/attachment/c2aab080-b95b-4d0a-be9b-3b42cb3b2f77,dostęp_bezpośredni,10bb7633770afe05ac60455cecbf62441e361e4d93318f27397762347a40e375,200
603,mazowieckie,siedlecki,Wiśniew,gmina wiejska,1426112,2020,OK,,skan,https://samorzad.gov.pl/attachment/3c5d6917-5b55-43b8-bd8e-52364152d7bb,dostęp_bezpośredni,34de2d542da8d0a9a9b9b1cb60eb04dece5d2c85c09af2bda3d00e50a91fd914,200
604,mazowieckie,siedlecki,Wiśniew,gmina wiejska,1426112,2021,OK,,tekst,https://samorzad.gov.pl/attachment/04952a7a-a2a1-415d-94c7-f85e6e82c9e9,dostęp_bezpośredni,3126f4aab54f248abbdb1e0d2793dccec58ebb957f221c222be4b24d3d91ca3f,200
605,mazowieckie,siedlecki,Wiśniew,gmina wiejska,1426112,2022,OK,,tekst,https://samorzad.gov.pl/attachment/4e6815b3-494e-45d7-9fc3-263728f3a3c9,dostęp_bezpośredni,dbcbf81ceb4ba1963544e3352d61c9c7fd79ffcbc3007122cba31db1b90deae4,200
606,mazowieckie,siedlecki,Wiśniew,gmina wiejska,1426112,2023,OK,,tekst,https://samorzad.gov.pl/attachment/5bd08c24-a34a-4891-9a7d-1bbe93ab3460,dostęp_bezpośredni,67116bcdb2ef949d7aa2b0a57374f3ef3d193cd39343c54e6cd22354a8710008,200
607,mazowieckie,siedlecki,Wiśniew,gmina wiejska,1426112,2024,OK,,tekst,https://samorzad.gov.pl/attachment/4ae5fbfd-d66f-4415-b374-87bf26b66f2a,dostęp_bezpośredni,f77f80a3781528aef2ef4cb5a9f782d8798f5959becfa00f7f84d3fd8c9c2797,200
608,mazowieckie,siedlecki,Wiśniew,gmina wiejska,1426112,2025,OK,,tekst,https://samorzad.gov.pl/attachment/1e9bd5a9-b2b3-4395-bb07-5e7169729adb,dostęp_bezpośredni,c5ad88673b20f4b28635145bde61b030ec56aef536a7a16766079b2143254da8,200
609,mazowieckie,siedlecki,Zbuczyn,gmina wiejska,1426132,2018,OK,pdf,tekst,https://bip.zbuczyn.pl/attachments/16557/download/RAPORT%2520O%2520STANIE%2520GMINA%2520ZA%25202018%2520ROK%2520-%252022%2520maja%25202019,dostęp_bezpośredni | poprawka: dostęp_bezpośredni (bip.zbuczyn.pl); zastąpiło błędnie przypisany raport gminy Siedlce (samorzad.gov.pl e0da600e),2bd1937db63c4fdb5b0a9ba790285ca7c8af4ae6ac1402c6fa2c0f6267936472,zastosowano znalezione/poprawke
610,mazowieckie,siedlecki,Zbuczyn,gmina wiejska,1426132,2019,OK,,tekst,https://bip.zbuczyn.pl/attachments/16563/download/RAPORT_O_STANIE_2019,dostęp_bezpośredni,0b4766905b7d553bf3eeff8fbb345b57380f77a57c0611386433c96c57d0f662,200
611,mazowieckie,siedlecki,Zbuczyn,gmina wiejska,1426132,2020,OK,pdf,tekst,https://bip.zbuczyn.pl/attachments/196/download/Raport%2520o%2520stanie%2520gminy%2520za%25202020%2520rok,dostęp_bezpośredni | poprawka: dostęp_bezpośredni (bip.zbuczyn.pl); zastąpiło błędnie przypisany raport gminy Siedlce (samorzad 79bab912),31df8431a7ae025938ad7c154761b1af2f77e1d61ff0dd74af5dfcf6a940a82a,zastosowano znalezione/poprawke
612,mazowieckie,siedlecki,Zbuczyn,gmina wiejska,1426132,2021,OK,,tekst,https://bip.zbuczyn.pl/attachments/195/download/Raport%20o%20stanie%20gminy%20za%202021%20rok,dostęp_bezpośredni,10e2f6a707329c0c8772c7e09706d61033cdb7a47b71f1dbe1c9b7746ef8b246,200
613,mazowieckie,siedlecki,Zbuczyn,gmina wiejska,1426132,2022,OK,,tekst,https://bip.zbuczyn.pl/attachments/124/download,dostęp_bezpośredni,d18865f744e7f5b5a340895ff52acbb562485201e2d3c33335b193aef34c2de2,200
614,mazowieckie,siedlecki,Zbuczyn,gmina wiejska,1426132,2023,OK,,tekst,https://bip.zbuczyn.pl/attachments/15686/download,dostęp_bezpośredni,b64643ca448861db7b07e5efdb26f94be65e2b6f5c48b3649359986cc39af24c,200
615,mazowieckie,siedlecki,Zbuczyn,gmina wiejska,1426132,2024,OK,pdf,tekst,https://bip.zbuczyn.pl/attachments/17574/download/Raport%2520o%2520stanie%2520Gminy%2520Zbuczyn%2520za%25202024%2520rok,dostęp_bezpośredni | poprawka: dostęp_bezpośredni (bip.zbuczyn.pl); zastąpiło błędnie przypisany raport gminy Siedlce (samorzad 9a370696),a166a557507d433e330139570a7f2cc3a461c9e4ee103174cb7e1ad6df343cc9,zastosowano znalezione/poprawke
616,mazowieckie,siedlecki,Zbuczyn,gmina wiejska,1426132,2025,OK,pdf,tekst,https://bip.zbuczyn.pl/attachments/19164/download/Raport%2520o%2520stanie%2520Gminy%2520Zbuczyn%2520za%25202025%2520rok,dostęp_bezpośredni | poprawka: dostęp_bezpośredni (bip.zbuczyn.pl); zastąpiło błędnie przypisany raport gminy Siedlce (samorzad 51f586bb),fefa01d4a2e76b58d43d74d407cdf34a2292270ca9dd221a563dfe4607666fea,zastosowano znalezione/poprawke
617,mazowieckie,sokołowski,Bielany,gmina wiejska,1429022,2018,BRAK,,brak,brak,sprawdzone - brak raportu w sekcji BIP,,BRAK_URL (sprawdzone/nieopublikowane)
618,mazowieckie,sokołowski,Bielany,gmina wiejska,1429022,2019,OK,,tekst,https://bielany.bip.gov.pl/fobjects/download/808464/raport-o-stanie-gminy-za-2019-rok-pdf.html,dostęp_bezpośredni (polskie IP przez Tor),67a515a452567a94498c6e8b2cf22df8002976f12bbd5bfa423e8d782b567667,200
619,mazowieckie,sokołowski,Bielany,gmina wiejska,1429022,2020,OK,,tekst,https://bielany.bip.gov.pl/fobjects/download/1029866/raport-o-stanie-gminy-za-2020-rok-2-pdf.html,dostęp_bezpośredni (polskie IP przez Tor),05a388cdc6a40146fde431b64b8a81773a4ba70fd793e5d0336cef654de7bb25,200
620,mazowieckie,sokołowski,Bielany,gmina wiejska,1429022,2021,OK,,tekst,https://bielany.bip.gov.pl/fobjects/download/1256240/raport-o-stanie-gminy-za-2021-rok-pdf.html,dostęp_bezpośredni (polskie IP przez Tor),30a7200b3d02230e735ebe89d108a1a98058ad7ea1f60d7faeda81e8ed356a0f,200
621,mazowieckie,sokołowski,Bielany,gmina wiejska,1429022,2022,OK,,tekst,https://bielany.bip.gov.pl/fobjects/download/1742650/raport-o-stanie-gminy-za-2022-rok-pdf.html,dostęp_bezpośredni (polskie IP przez Tor),cc0d6fd0031eb8d00d4532fac8a826f769939e8cbc6a0b0d8cc29b136da28337,200
622,mazowieckie,sokołowski,Bielany,gmina wiejska,1429022,2023,OK,,tekst,https://bielany.bip.gov.pl/fobjects/download/1742654/raport-o-stanie-gminy-za-2023-rok-pdf.html,dostęp_bezpośredni (polskie IP przez Tor),6d6febf04fb80d4de4e5051a825b9de7e6f21902bc587b014524507d5e920b00,200
623,mazowieckie,sokołowski,Bielany,gmina wiejska,1429022,2024,OK,,tekst,https://bielany.bip.gov.pl/fobjects/download/2002024/raport-o-stanie-gminy-za-2024-rok-tworzenie-pdf.html,dostęp_bezpośredni (polskie IP przez Tor),8eba0ffdcb7e30007340fe86034583931294b68a66cac58d5c4fa8a6431980d0,200
624,mazowieckie,sokołowski,Bielany,gmina wiejska,1429022,2025,OK,,tekst,https://bielany.bip.gov.pl/fobjects/download/2273032/raport-o-stanie-gminy-za-2025-rok-pdf.html,dostęp_bezpośredni (polskie IP przez Tor),52cee70f2f985874574a26d1ec2d93ae067e47c507f9e1b315b9eccbe2862921,200
625,mazowieckie,sokołowski,Ceranów,gmina wiejska,1429032,2018,OK,,tekst,https://ceranow.archiwum.bip.net.pl/pliki/2935/Raport%20o%20stanie%20gminy%20Ceran%C3%B3w%20za%202018%20rok.pdf,dostęp_bezpośredni,052f5edddde720e1842cd10d542fcc7d5e347ac1edc39916ac7ed2853dcdaa8d,200
626,mazowieckie,sokołowski,Ceranów,gmina wiejska,1429032,2019,OK,,tekst,https://ceranow.archiwum.bip.net.pl/pliki/3094/Raport%20o%20stanie%20gminy%20Ceran%C3%B3w%20za%202019%20rok.pdf,dostęp_bezpośredni,b00ad0c655424997b21989262570320e0e0467bf018375f06a9e170a55fa2581,200
627,mazowieckie,sokołowski,Ceranów,gmina wiejska,1429032,2020,OK,,tekst,https://ceranow.archiwum.bip.net.pl/pliki/3300/Raport%20o%20stanie%20gminy%20Ceran%C3%B3w%20za%202020.docx,dostęp_bezpośredni,be700d79a0921c3d9a9aad248761dcd1ddb23d676ebfbbbe4a146eb75d60892a,200
628,mazowieckie,sokołowski,Ceranów,gmina wiejska,1429032,2021,OK,,tekst,https://ceranow-api.bip.net.pl/api/attachments/3,dostęp_bezpośredni,959d69bc28505ca3a0c440831e4bb71299a7af456c8cd59b83d9d39576a3fd30,200
629,mazowieckie,sokołowski,Ceranów,gmina wiejska,1429032,2022,OK,,tekst,https://ceranow-api.bip.net.pl/api/attachments/615,dostęp_bezpośredni,47e5ba033ca50777aa467f762e6057f50a830b3754e80ba5774436c4df2ce70b,200
630,mazowieckie,sokołowski,Ceranów,gmina wiejska,1429032,2023,OK,,tekst,https://ceranow-api.bip.net.pl/api/attachments/616,dostęp_bezpośredni,bf08bdb70015a8cdc60f3e6b19ccdc55ae5b1acbec26e4ea886433c113b420ee,200
631,mazowieckie,sokołowski,Ceranów,gmina wiejska,1429032,2024,OK,,tekst,https://ceranow-api.bip.net.pl/api/attachments/617,dostęp_bezpośredni,c4f60319f47d3a839940ca9bc4952d4278d4f6a4571a57549292cfffdda36b80,200
632,mazowieckie,sokołowski,Ceranów,gmina wiejska,1429032,2025,OK,,tekst,https://ceranow-api.bip.net.pl/api/attachments/618,dostęp_bezpośredni,96217c7713b8003c8f4fe8fd67031cab2af6148860cb39ad1c00d52fdcf2e8db,200
633,mazowieckie,sokołowski,Jabłonna Lacka,gmina wiejska,1429042,2018,OK,,tekst,https://jablonnalacka.archiwum.bip.net.pl/pliki/4907/RAPORT_O_STANIE_GMINY_2018_ROK.pdf,dostęp_bezpośredni,6f50dc6f895675b9319b3ef999bdcda0ef314e9a9bcd680889b0d532d638d0e0,200
634,mazowieckie,sokołowski,Jabłonna Lacka,gmina wiejska,1429042,2019,OK,,tekst,https://jablonnalacka.archiwum.bip.net.pl/pliki/5576/RAPORT_O_STANIE_GMINY_2019_ROK_-_gotowy.pdf,dostęp_bezpośredni,8478d43ccb9897341db8c7b6ae577aa95a972293f7575e12610e631a13860c1d,200
635,mazowieckie,sokołowski,Jabłonna Lacka,gmina wiejska,1429042,2020,BRAK,,brak,,,,BRAK_URL (niepowstały)
636,mazowieckie,sokołowski,Jabłonna Lacka,gmina wiejska,1429042,2021,OK,,tekst,https://jablonnalacka-api.bip.net.pl/api/attachments/11,dostęp_bezpośredni,989427be91ed32aee0b594d6c5346c0d860c72a23a4e28c5ea958beb42377da4,200
637,mazowieckie,sokołowski,Jabłonna Lacka,gmina wiejska,1429042,2022,OK,,tekst,https://jablonnalacka-api.bip.net.pl/api/attachments/732,dostęp_bezpośredni,a3d5eed429c2021cdf8e75c2299fdb8aaf453f42017c82a33cc6a7e4eed8e00b,200
638,mazowieckie,sokołowski,Jabłonna Lacka,gmina wiejska,1429042,2023,OK,,tekst,https://jablonnalacka-api.bip.net.pl/api/attachments/746,dostęp_bezpośredni,a11fafb1f153b281115a1363ec877fcb2154614e980ae0eab52dee220da2a126,200
639,mazowieckie,sokołowski,Jabłonna Lacka,gmina wiejska,1429042,2024,OK,,tekst,https://jablonnalacka-api.bip.net.pl/api/attachments/1353,dostęp_bezpośredni,37479c769e22a896d1d179ba632bbd004c0a806f8492e2186e5f3f6ef620d304,200
640,mazowieckie,sokołowski,Jabłonna Lacka,gmina wiejska,1429042,2025,OK,,tekst,https://jablonnalacka-api.bip.net.pl/api/attachments/1854,dostęp_bezpośredni,8ee2f8aa6f40d84debacaa21f73ed2cb5c219664030afe3277c7303822643916,200
641,mazowieckie,sokołowski,Kosów Lacki,gmina miejsko-wiejska,1429053,2018,BRAK,,brak,brak,dogłębne sprawdzenie (web search + BIP + Wayback) - brak dowodu istnienia,,BRAK_URL (niepowstały)
642,mazowieckie,sokołowski,Kosów Lacki,gmina miejsko-wiejska,1429053,2019,BRAK,,brak,brak,dogłębne sprawdzenie (web search + BIP + Wayback) - brak dowodu istnienia,,BRAK_URL (niepowstały)
643,mazowieckie,sokołowski,Kosów Lacki,gmina miejsko-wiejska,1429053,2020,BRAK,,brak,brak,dogłębne sprawdzenie (web search + BIP + Wayback) - brak dowodu istnienia,,BRAK_URL (niepowstały)
644,mazowieckie,sokołowski,Kosów Lacki,gmina miejsko-wiejska,1429053,2021,OK,,tekst,https://bip.kosowlacki.pl/sites/default/files/2022-06/raport%202022%20ko%C5%84cowy%20prawid%C5%82owy.docx,dostęp_bezpośredni,bc11d38b7fc21f8e04e6e6d114c21db64855b85f216bbcd0a9ff73775ce60959,200
645,mazowieckie,sokołowski,Kosów Lacki,gmina miejsko-wiejska,1429053,2022,OK,,tekst,https://bip.kosowlacki.pl/sites/default/files/2023-06/raport%20za%202022%20docx.docx,dostęp_bezpośredni,7d67c35cfe02e3fc3d5d0aedb2d4d88ca9c881a88d2e70169d61d84fe215b159,200
646,mazowieckie,sokołowski,Kosów Lacki,gmina miejsko-wiejska,1429053,2023,OK,,tekst,https://bip.kosowlacki.pl/sites/default/files/2024-06/raport%202023%20r.%20stan%20gminy%20ostateczny.pdf,dostęp_bezpośredni,7232e17c3ccdb145fc4cb6f3c4cf9d4ce212cd11baf415be8f84a6d4c5a89bdb,200
647,mazowieckie,sokołowski,Kosów Lacki,gmina miejsko-wiejska,1429053,2024,OK,,tekst,https://bip.kosowlacki.pl/sites/default/files/2024-01/zarz%C4%85dzenie%20I%20(2)%20przetarg%20(2).odt,dostęp_bezpośredni,b5c453e9ca7eb54e3c22d1221eaf6deead1ee2308ec74754395db7afffa9f113,200
648,mazowieckie,sokołowski,Kosów Lacki,gmina miejsko-wiejska,1429053,2025,OK,,tekst,https://bip.kosowlacki.pl/sites/default/files/2026-05/Raport%20o%20stanie%20Miasta%20i%20Gminy%20Kos%C3%B3w%20Lacki%20za%20%202025r..pdf,dostęp_bezpośredni,5e21ed623aeca90c9a6333c1401170f76560715f46defa0e94fbd1830f9e8015,200
649,mazowieckie,sokołowski,Repki,gmina wiejska,1429062,2018,OK,,skan,https://repki.archiwum.bip.net.pl/pliki/4070/cz%C4%99%C5%9B%C4%87_1.pdf,dostęp_bezpośredni,26b1c17f2965c9c150d00bdfd1338a60a4e858f88f04b7b58d342fa15aa154ac,200
650,mazowieckie,sokołowski,Repki,gmina wiejska,1429062,2019,OK,,tekst,https://repki.archiwum.bip.net.pl/pliki/5990/Raport%20o%20stanie%20gminy%202019.pdf,dostęp_bezpośredni,6a3a094ba6bdb8d7edca9c74506fc323a8f42613d7d7ddca0e2c9bd2d44dbd3e,200
651,mazowieckie,sokołowski,Repki,gmina wiejska,1429062,2020,OK,,tekst,https://repki.archiwum.bip.net.pl/pliki/6795/Raport%20o%20stanie%20Gminy%20Repki%20za%202020%20rok.pdf,dostęp_bezpośredni,7c44429d862378208ad9bfd09d5c1095b355ee0962b22e011932d344cd09f9b6,200
652,mazowieckie,sokołowski,Repki,gmina wiejska,1429062,2021,OK,,tekst,https://repki.bip.net.pl/static/apps/BIPv2_Instrukcja_Interesanta.pdf,dostęp_bezpośredni,d843142b6528f28d4c5ddb3c5349d627ab4e62e17e5296ba19c51e902612faab,200
653,mazowieckie,sokołowski,Repki,gmina wiejska,1429062,2022,OK,,tekst,https://repki.bip.net.pl/static/apps/BIPv2_Instrukcja_Interesanta.pdf,dostęp_bezpośredni,d843142b6528f28d4c5ddb3c5349d627ab4e62e17e5296ba19c51e902612faab,200
654,mazowieckie,sokołowski,Repki,gmina wiejska,1429062,2023,OK,,tekst,https://repki-api.bip.net.pl/api/attachments/730,dostęp_bezpośredni,70d7fbef6c5b0f7fb5eb9412dd2cd44cda48310267ddc3d3ea58a45b36735938,200
655,mazowieckie,sokołowski,Repki,gmina wiejska,1429062,2024,OK,,tekst,https://repki-api.bip.net.pl/api/attachments/1477,dostęp_bezpośredni,38c63ad8c7b290ef9eacf3f428da41556de8bbfbce7cec20473be5692c2bc6a3,200
656,mazowieckie,sokołowski,Repki,gmina wiejska,1429062,2025,OK,,tekst,https://repki.bip.net.pl/static/apps/BIPv2_Instrukcja_Interesanta.pdf,dostęp_bezpośredni,d843142b6528f28d4c5ddb3c5349d627ab4e62e17e5296ba19c51e902612faab,200
657,mazowieckie,sokołowski,Sabnie,gmina wiejska,1429072,2018,BRAK,,brak,brak,dogłębne sprawdzenie (web search + BIP + Wayback + archiwa) - brak dowodu istnienia raportu,,BRAK_URL (niepowstały)
658,mazowieckie,sokołowski,Sabnie,gmina wiejska,1429072,2019,BRAK,,brak,brak,dogłębne sprawdzenie (web search + BIP + Wayback + archiwa) - brak dowodu istnienia raportu,,BRAK_URL (niepowstały)
659,mazowieckie,sokołowski,Sabnie,gmina wiejska,1429072,2020,BRAK,,brak,brak,dogłębne sprawdzenie (web search + BIP + Wayback + archiwa) - brak dowodu istnienia raportu,,BRAK_URL (niepowstały)
660,mazowieckie,sokołowski,Sabnie,gmina wiejska,1429072,2021,BRAK,,brak,brak,dogłębne sprawdzenie (web search + BIP + Wayback + archiwa) - brak dowodu istnienia raportu,,BRAK_URL (niepowstały)
661,mazowieckie,sokołowski,Sabnie,gmina wiejska,1429072,2022,BRAK,,brak,brak,dogłębne sprawdzenie (web search + BIP + Wayback + archiwa) - brak dowodu istnienia raportu,,BRAK_URL (niepowstały)
662,mazowieckie,sokołowski,Sabnie,gmina wiejska,1429072,2023,BRAK,,brak,brak,dogłębne sprawdzenie (web search + BIP + Wayback + archiwa) - brak dowodu istnienia raportu,,BRAK_URL (niepowstały)
663,mazowieckie,sokołowski,Sabnie,gmina wiejska,1429072,2024,OK,,tekst,https://sabnie-api.bip.net.pl/api/attachments/403,dostęp_bezpośredni,c5ed78becaa88b487f69bc144dda0842e488ad324e6beb5efcecb8244ce999be,200
664,mazowieckie,sokołowski,Sabnie,gmina wiejska,1429072,2025,OK,,tekst,https://sabnie-api.bip.net.pl/api/attachments/1126,dostęp_bezpośredni,8647c5dd8cb8ab454f55c25f92268e017a67c78a7abd6a6201b2af1c371e2968,200
665,mazowieckie,sokołowski,Sokołów Podlaski,gmina miejska,1429011,2018,OK,pdf,tekst,"https://bip.sokolowpodl.pl/e,pobierz,get.html?id=25842","dostęp_bezpośredni (wył. weryf. SSL) | poprawka: dostęp_bezpośredni (bip.sokolowpodl.pl Madkom SPA API, artykuł 22137); zastąpiło martwy /pliki/ (SPA shell)",64eec4d81308e5d432dad49b005e749ca7fc0eec51fde528387c2f32c627a531,zastosowano znalezione/poprawke
666,mazowieckie,sokołowski,Sokołów Podlaski,gmina miejska,1429011,2019,BRAK,,,,,,BRAK_URL (dowód istnienia - plik utracony)
667,mazowieckie,sokołowski,Sokołów Podlaski,gmina miejska,1429011,2020,OK,pdf,tekst,"https://bip.sokolowpodl.pl/e,pobierz,get.html?id=25843","dostęp_bezpośredni (wył. weryf. SSL) | poprawka: dostęp_bezpośredni (bip.sokolowpodl.pl Madkom SPA API, artykuł 22138); zastąpiło martwy /pliki/",dbe0d08f255a9023fd944359fb7221ce320618beb681980cde1378f4575f388d,zastosowano znalezione/poprawke
668,mazowieckie,sokołowski,Sokołów Podlaski,gmina miejska,1429011,2021,OK,pdf,tekst,"https://bip.sokolowpodl.pl/e,pobierz,get.html?id=26197","dostęp_bezpośredni (wył. weryf. SSL) | poprawka: dostęp_bezpośredni (bip.sokolowpodl.pl Madkom SPA API, artykuł 22284); zastąpiło martwy /pliki/",7cd0974250f766bd0c13f973eb9cc51f2f3e18211700529aef289a693666971e,zastosowano znalezione/poprawke
669,mazowieckie,sokołowski,Sokołów Podlaski,gmina miejska,1429011,2022,OK,pdf,tekst,"https://bip.sokolowpodl.pl/e,pobierz,get.html?id=26493","dostęp_bezpośredni | poprawka: dostęp_bezpośredni (bip.sokolowpodl.pl Madkom SPA API, artykuł 22437); zastąpiło raport GMINY Sokołów (biuletyn.net)",5f8b0d353440d806dedfbf46426b0ff28e3e7954cf3190bc49cedcca7ef37968,zastosowano znalezione/poprawke
670,mazowieckie,sokołowski,Sokołów Podlaski,gmina miejska,1429011,2023,OK,pdf,tekst,"https://bip.sokolowpodl.pl/e,pobierz,get.html?id=27278","dostęp_bezpośredni (wył. weryf. SSL) | poprawka: dostęp_bezpośredni (bip.sokolowpodl.pl Madkom SPA API, artykuł 22853); zastąpiło martwy /pliki/",6852d92bfcb97179e997d2a476ca68ed245ec8ea25bb64ee0a2680d22b51f207,zastosowano znalezione/poprawke
671,mazowieckie,sokołowski,Sokołów Podlaski,gmina miejska,1429011,2024,OK,pdf,tekst,"https://bip.sokolowpodl.pl/e,pobierz,get.html?id=28285","dostęp_bezpośredni (wył. weryf. SSL) | poprawka: dostęp_bezpośredni (bip.sokolowpodl.pl Madkom SPA API, artykuł 23358); zastąpiło martwy /pliki/",eee46a46b751ef9542b7c7a8b58a64cbccc8875c322695629751a0c86cf47ea7,zastosowano znalezione/poprawke
672,mazowieckie,sokołowski,Sokołów Podlaski,gmina miejska,1429011,2025,OK,pdf,tekst,"https://bip.sokolowpodl.pl/e,pobierz,get.html?id=29250","dostęp_bezpośredni (wył. weryf. SSL) | poprawka: dostęp_bezpośredni (bip.sokolowpodl.pl Madkom SPA API, artykuł 23923); zastąpiło martwy /pliki/",9154e171de8ad93055b23a6be554187b1d4e117aec8ad52ceb102b45a357dee3,zastosowano znalezione/poprawke
673,mazowieckie,sokołowski,Sokołów Podlaski,gmina wiejska,1429082,2018,OK,,tekst,https://sokolowpodlaski.biuletyn.net/fls/bip_pliki/2019_05/BIPF58A2EB7504465Z/RAPORT_O_STANIE_GMINY_2018.pdf,dostęp_bezpośredni,b59ba98bbfcf198543f88659d0841140ddf663817d1f46dd541142ee3d7e84b6,200
674,mazowieckie,sokołowski,Sokołów Podlaski,gmina wiejska,1429082,2019,OK,,tekst,https://sokolowpodlaski.biuletyn.net/fls/bip_pliki/2020_06/BIPF5A86EA7999012Z/Raport_o_stanie_gminy_2019_r.wer2.pdf,dostęp_bezpośredni,81635914941dc0577e15ece1e0182d7cd9c48820a5a2670572e81326a553cf72,200
675,mazowieckie,sokołowski,Sokołów Podlaski,gmina wiejska,1429082,2020,OK,,tekst,https://sokolowpodlaski.biuletyn.net/fls/bip_pliki/2021_06/BIPF5C3B0733D18C3Z/R_A_P_O_R_T_2020.pdf,dostęp_bezpośredni,249bbfd39966e653790b9600e6d714daf825e96a55e26a3cd817d0406d91d8ae,200
676,mazowieckie,sokołowski,Sokołów Podlaski,gmina wiejska,1429082,2021,OK,,tekst,https://sokolowpodlaski.biuletyn.net/fls/bip_pliki/2022_06/BIPF5E0E1538B7088Z/Raport_o_stanie_Gminy_Sokolow_Podlaski_za_2021_rok.pdf,dostęp_bezpośredni,114316b0baed7a5ec3544d695c191349309b3301a7fb5d67da7af504a83c01f7,200
677,mazowieckie,sokołowski,Sokołów Podlaski,gmina wiejska,1429082,2022,OK,,tekst,https://sokolowpodlaski.biuletyn.net/fls/bip_pliki/2023_05/BIPF5FCF9036D4B29Z/Raport_o_stanie_Gminy_Sokolow_Podlaski_za_2022_rok.pdf,dostęp_bezpośredni,a6970266f44654f70544b3b234c3b35cb6c2222e01338006e04c5141524ce5a8,200
678,mazowieckie,sokołowski,Sokołów Podlaski,gmina wiejska,1429082,2023,OK,,tekst,https://sokolowpodlaski.biuletyn.net/fls/bip_pliki/2024_05/BIPF619AFD67AC350Z/Raport_o_stanie_Gminy_Sokolow_Podlaski_za_2023_rok_smaller.pdf,dostęp_bezpośredni,3fc74c41997c824c45880e619cb78ca679649202e3edfd971a62869e7d394d15,200
679,mazowieckie,sokołowski,Sokołów Podlaski,gmina wiejska,1429082,2024,OK,,tekst,https://sokolowpodlaski.biuletyn.net/fls/bip_pliki/2025_06/BIPF63721E1556FCZ/Raport_o_stanie_Gminy_Sokolow_Podlaski_za_2024.pdf,dostęp_bezpośredni,f875680ae1eabb8ea8643a74bfaaf2ba4c22827c50281b4d353e60ce7c2b0d6a,200
680,mazowieckie,sokołowski,Sokołów Podlaski,gmina wiejska,1429082,2025,OK,,tekst,https://sokolowpodlaski.biuletyn.net/fls/bip_pliki/2026_06/BIPF65330B4A61499Z/Raport_o_stanie_Gminy_Sokolow_Podlaski_2025_FINAL_BIP.pdf,dostęp_bezpośredni,60f6a23d4336020844c2cfb03f2ba2c2051761694ce5856ecd01dcf5b976d3e3,200
681,mazowieckie,sokołowski,Sterdyń,gmina wiejska,1429092,2018,OK,,tekst,https://sterdyn.bip.net.pl/?p=document&action=show&id=2357&bar_id=1718,dostęp_bezpośredni,1de405877d0aec62c773ce3c5db4e85d9787f65d548186bdc4613bd8a531a7df,200
682,mazowieckie,sokołowski,Sterdyń,gmina wiejska,1429092,2019,OK,,tekst,https://sterdyn.bip.net.pl/?p=document&action=show&id=2911&bar_id=1998,dostęp_bezpośredni,1e55d41dc52307655ce051e817a1b39a13766c80280907315a2d9b8121cdbddc,200
683,mazowieckie,sokołowski,Sterdyń,gmina wiejska,1429092,2020,OK,,tekst,https://sterdyn.bip.net.pl/?p=document&action=show&id=3375&bar_id=2281,dostęp_bezpośredni,9152e3e3487cc10201a8308d50197a2903981162e4d55fce37d568cfc3877598,200
684,mazowieckie,sokołowski,Sterdyń,gmina wiejska,1429092,2021,OK,,tekst,https://sterdyn.bip.net.pl/?p=document&action=show&id=3652&bar_id=2465,dostęp_bezpośredni,63d8f63e7922f542a46f50ebbcbcfd59e5676abcd494e9cc085da0ff81d80eaa,200
685,mazowieckie,sokołowski,Sterdyń,gmina wiejska,1429092,2022,OK,,tekst,https://sterdyn.bip.net.pl/?p=document&action=show&id=4119&bar_id=2654,dostęp_bezpośredni,b4e216b56812548eaa289838244a4ceb5328a2ce0e25823574d455efd01b3ada,200
686,mazowieckie,sokołowski,Sterdyń,gmina wiejska,1429092,2023,OK,,tekst,https://sterdyn.bip.net.pl/?p=document&action=show&id=4438&bar_id=2885,dostęp_bezpośredni,1faeab3b43cd6aa6ab5a28f820318616194f2e6d7070fab433ab0172ec951c01,200
687,mazowieckie,sokołowski,Sterdyń,gmina wiejska,1429092,2024,OK,,tekst,https://sterdyn.bip.net.pl/?p=document&action=show&id=4841&bar_id=3157,dostęp_bezpośredni,b7338d51bf2675fd49b4f6f02460f5a39c7869ad4f77a372c0522efad05e13ee,200
688,mazowieckie,sokołowski,Sterdyń,gmina wiejska,1429092,2025,OK,,tekst,https://sterdyn.bip.net.pl/?p=document&action=show&id=5163&bar_id=3342,dostęp_bezpośredni,3fe2a95d683558ee087d286fe0e9e30299acd266286b0346b1d4adbf34abe4cf,200
689,mazowieckie,wyszkowski,Brańszczyk,gmina wiejska,1435012,2018,OK,,tekst,http://www.bip.branszczyk.pl/pliki/referendum/raport/raport_za_2018.pdf,dostęp_bezpośredni (SECLEVEL=0),9d93700fcc142720f7adaad10e38b11c69d95a38d2e2ff0d5c5dc6f4d38df866,200
690,mazowieckie,wyszkowski,Brańszczyk,gmina wiejska,1435012,2019,OK,,tekst,http://www.bip.branszczyk.pl/pliki/referendum/raport/raport_za_2019/Raport_o_stanie_Gminy_za_rok_2019.pdf,dostęp_bezpośredni (SECLEVEL=0),7a89967289ddf132dde4c6977bd76f16a9e69968eb53582e77e5b0c1703eda43,200
691,mazowieckie,wyszkowski,Brańszczyk,gmina wiejska,1435012,2020,OK,,skan,https://samorzad.gov.pl/attachment/e56631f0-ae8f-49b6-b8d5-42197266440a,dostęp_bezpośredni,61d34c5973037e91c20f05be8638658868eb068013b5bd286f9d8776a18d94a6,200
692,mazowieckie,wyszkowski,Brańszczyk,gmina wiejska,1435012,2021,OK,,tekst,https://samorzad.gov.pl/attachment/fd83d462-0aa9-4960-9602-56cea107b467,dostęp_bezpośredni,add8707be1321fcd71258a8b113b59195ee757a27ba42081c1e3f5b39ae62faa,200
693,mazowieckie,wyszkowski,Brańszczyk,gmina wiejska,1435012,2022,OK,,tekst,https://samorzad.gov.pl/attachment/b0af2d7c-f34e-4201-a5a4-63f601b3907c,dostęp_bezpośredni,4be3afcc9541dd4d3c1b51d566d636d3222cbab42c1cbf8f7e397ab1bb9ebf6a,200
694,mazowieckie,wyszkowski,Brańszczyk,gmina wiejska,1435012,2023,OK,,tekst,https://samorzad.gov.pl/attachment/95b13da5-e204-4a90-9375-6722cbed6b22,dostęp_bezpośredni,3782ec4f1473f0bd8bd3f6ab393b17ca78bc59101884885094a456e2dfe220ef,200
695,mazowieckie,wyszkowski,Brańszczyk,gmina wiejska,1435012,2024,OK,,tekst,https://samorzad.gov.pl/attachment/5788cdba-bea2-4e9f-8bea-32c1d58fd483,dostęp_bezpośredni,cd461dc82c9efabf51c1d5be7f0a9fb2c124dcebc4e05dbd8bb35925b4b7bcaa,200
696,mazowieckie,wyszkowski,Brańszczyk,gmina wiejska,1435012,2025,OK,,tekst,https://samorzad.gov.pl/attachment/e4f173b8-e1d8-4c66-8776-aefb8c9204cd,dostęp_bezpośredni,fb0cd96b420e165778adc56beb0447d2de83d92f193c8ca87797e189d8f14a73,200
697,mazowieckie,wyszkowski,Długosiodło,gmina wiejska,1435022,2018,OK,,tekst,https://bip.dlugosiodlo.pl/upload.php?id1=4429&id2=7727faa771af5338002e80affd9495b2,dostęp_bezpośredni (bip.dlugosiodlo.pl),567baba97e921223ce91293265fc904a5cee0b2a6b76cc4304a5db3cc438fd46,200
698,mazowieckie,wyszkowski,Długosiodło,gmina wiejska,1435022,2019,OK,,tekst,https://bip.dlugosiodlo.pl/upload.php?id1=5084&id2=d69a5668a43c3d696cdbe8080a8a870b,dostęp_bezpośredni (bip.dlugosiodlo.pl),4874a16cd45fbf61cd4ad5e4d010a5630be6f45914189820c3157459706f05f6,200
699,mazowieckie,wyszkowski,Długosiodło,gmina wiejska,1435022,2020,OK,,tekst,https://www.bip.dlugosiodlo.pl/upload.php?id1=5825&id2=73e61fdc71f497174a606fccb79f2ce5,dostęp_bezpośredni,c20912d0b78cf3279bbbe0b752e559b97db030c89e7ac50bb95f42a3a04a5582,200
700,mazowieckie,wyszkowski,Długosiodło,gmina wiejska,1435022,2021,OK,,tekst,https://bip.dlugosiodlo.pl/upload.php?id1=6458&id2=387d94357ea34ba55864eb9e41170245,dostęp_bezpośredni (bip.dlugosiodlo.pl),f563c5608e905892d42bb3068fe20072cd8b141c973d900f13c42a347701df8a,200
701,mazowieckie,wyszkowski,Długosiodło,gmina wiejska,1435022,2022,OK,,tekst,https://www.bip.dlugosiodlo.pl/upload.php?id1=7008&id2=c7d5d1ee8fb0c139ad736d68ec1a7028,dostęp_bezpośredni,3f9b6a79dd53847989f03bdbefd4c9cd4ff1aff2b5dbd4e1a4b8b17e52db412b,200
702,mazowieckie,wyszkowski,Długosiodło,gmina wiejska,1435022,2023,OK,,tekst,https://api-raport.pse.pl/uploads/PSE-Zintegrowany_Raport_Wplywu_2023.pdf,dostęp_bezpośredni,13c8c0785f12291fe50be09b089f6c4111d8f0f0e593de7adcb3dab4fe22ab19,200
703,mazowieckie,wyszkowski,Długosiodło,gmina wiejska,1435022,2024,OK,,tekst,https://bip.dlugosiodlo.pl/upload.php?id1=8961&id2=86ec6b72517181b54f78f9167dfd24f6,dostęp_bezpośredni,17e05d5940e0621b91595626b66410c3beefdd2c752754d0a7559da4fa63aa81,200
704,mazowieckie,wyszkowski,Długosiodło,gmina wiejska,1435022,2025,OK,,tekst,https://bip.dlugosiodlo.pl/upload.php?id1=9693&id2=961116140db6dffb673d011f2058d02d,dostęp_bezpośredni,1e5e7f6bfaf7b5f7ca59baf56048d3d163fafc3168b93490d7bb2b23df7027d4,200
705,mazowieckie,wyszkowski,Rząśnik,gmina wiejska,1435032,2018,OK,,tekst,https://bip-v1-files.idcom-jst.pl/sites/3116/cms/szablony/13761/pliki/raport_o_stanie_gminy_rzasnik.docx,dostęp_bezpośredni,b959f9b54dea1f40f9db5e9e453214da5d4d3639fbfa220a0496def59d9deb4d,200
706,mazowieckie,wyszkowski,Rząśnik,gmina wiejska,1435032,2019,OK,,tekst,https://bip-v1-files.idcom-jst.pl/sites/3116/cms/szablony/13761/pliki/informacja_dotzglaszania.docx,dostęp_bezpośredni,69106d93dfdc83c5205a3b9ec1afc249f840c89893ee9d4cb22911030b6e5990,200
707,mazowieckie,wyszkowski,Rząśnik,gmina wiejska,1435032,2020,OK,,tekst,https://bip-v1-files.idcom-jst.pl/sites/3116/cms/szablony/13761/pliki/informacja_dot_zglaszania_sie_mieszkancow_do_bebaty_nad_raportem.docx,dostęp_bezpośredni,7b88a4257939d5b26f21c3832578693bbad781a93422fc1199396f736769775a,200
708,mazowieckie,wyszkowski,Rząśnik,gmina wiejska,1435032,2021,OK,,tekst,https://bip-v1-files.idcom-jst.pl/sites/3116/cms/szablony/13761/pliki/informacja_dotraportu_o_stanie_gminy_za_2021r.docx,dostęp_bezpośredni,eace8e4de29222f7b3b9ddff5d44b24f798479e93e348adcb0e34e5005db2465,200
709,mazowieckie,wyszkowski,Rząśnik,gmina wiejska,1435032,2022,OK,,tekst,https://bip-v1-files.idcom-jst.pl/sites/3116/cms/szablony/13761/pliki/informacja_dotraportu_o_stanie_gminy_za_2022r.docx,dostęp_bezpośredni,0ee290791915ab3cade59cf899cd6738d6f04cd58550362fc1019af1642635b8,200
710,mazowieckie,wyszkowski,Rząśnik,gmina wiejska,1435032,2023,OK,,tekst,https://bip-v1-files.idcom-jst.pl/sites/3116/cms/szablony/13761/pliki/informacja_dot_debaty_nad_raportem_o_stanie_gminy_za_2023r_.docx,dostęp_bezpośredni,140f933fb5fc4895ea5bea46672be678ab0ff0d6f40f1d0d2353e77b25b667bf,200
711,mazowieckie,wyszkowski,Rząśnik,gmina wiejska,1435032,2024,OK,,tekst,https://bip-v1-files.idcom-jst.pl/sites/3116/cms/szablony/13761/pliki/informacja_dot_debaty_nad_raportem_o_stanie_gminy_za_2024r.docx,dostęp_bezpośredni,598c38e34d1e65f401447572601f9503d40db74a65c44806f9eb50a7f213f8cd,200
712,mazowieckie,wyszkowski,Rząśnik,gmina wiejska,1435032,2025,OK,,tekst,https://bip-v1-files.idcom-jst.pl/sites/3116/cms/szablony/13761/pliki/informacja_dot_debaty_nad_raportem_o_stanie_gminy_za_2025r.docx,dostęp_bezpośredni,f71c4fdaedd54d322e5a50012a15532fa0c97def80f4579fa727428b15dfc69a,200
713,mazowieckie,wyszkowski,Somianka,gmina wiejska,1435042,2018,OK,,tekst,https://ugsomianka.bip.org.pl/pliki/ugsomianka/raport_o_stanie_gminy_za_2018.pdf,dostęp_bezpośredni,d78527d345fd22126a8310d6c2477acb72f06331c1648d1263b5a862791e7fb8,200
714,mazowieckie,wyszkowski,Somianka,gmina wiejska,1435042,2019,OK,,tekst,https://ugsomianka.bip.org.pl/pliki/ugsomianka/raport_o_stanie_gminy_za_2019.docx,dostęp_bezpośredni,b41ea1bd7f3c3780a7bdabcfa7f202acb9042ab182f5da1cf5b533c13dd62143,200
715,mazowieckie,wyszkowski,Somianka,gmina wiejska,1435042,2020,OK,,tekst,http://ugsomianka.bip.org.pl/pliki/ugsomianka/raport_o_stanie_gminy_za_2020_r..docx,dostęp_bezpośredni,e739f1ecac383a037ce6f4adde06ef138943fd525a50f3e31a290c4f0b67783c,200
716,mazowieckie,wyszkowski,Somianka,gmina wiejska,1435042,2021,OK,,tekst,http://ugsomianka.bip.org.pl/pliki/ugsomianka/raport_o_stanie_gmina_za_2021.docx,dostęp_bezpośredni,e3a8fba08e6b296424850a50f77de8045f2dfc5ec66e9e36d2733efe36e33025,200
717,mazowieckie,wyszkowski,Somianka,gmina wiejska,1435042,2022,OK,,tekst,http://ugsomianka.bip.org.pl/pliki/ugsomianka/raport_o_stanie_gminy_za_2022.pdf,dostęp_bezpośredni,fc3fc63d970a5ba236fa638535d0cf89d605c81401c1c30f22c7f6486cf415bd,200
718,mazowieckie,wyszkowski,Somianka,gmina wiejska,1435042,2023,OK,,tekst,http://ugsomianka.bip.org.pl/pliki/ugsomianka/raport_o_stanie_gminy_za_2023r__.pdf,dostęp_bezpośredni,3861e36088790e8c94350cd2ab4dad372f26fe559b1dceaa6dfb3dc9bddc0216,200
719,mazowieckie,wyszkowski,Somianka,gmina wiejska,1435042,2024,OK,,tekst,https://ugsomianka.bip.org.pl/pliki/ugsomianka/raport_o_stanie_gminy_somianka_za_2024.pdf,dostęp_bezpośredni,0efdfb30225732b82a95c0ce664b6a506fc37ef0ee637cd975d18d0fe913a9fe,200
720,mazowieckie,wyszkowski,Somianka,gmina wiejska,1435042,2025,OK,,tekst,https://ugsomianka.bip.org.pl/pliki/ugsomianka/raport_o_stanie_gminy_za_2025r.pdf,dostęp_bezpośredni,77785851aabb29a9025d5ca8e764b9d5b6a9706501ff5c9ec3391d490a061a00,200
721,mazowieckie,wyszkowski,Wyszków,gmina miejsko-wiejska,1435053,2018,OK,,tekst,https://bip.wyszkow.pl/pliki/urzad_miejski_wyszkow/2019/stan_gminy_wyszkow_2018.pdf,dostęp_bezpośredni,23df6923d6339be6b1a58f68abb7389cd422b05060c772bd7ced56539802df62,200
722,mazowieckie,wyszkowski,Wyszków,gmina miejsko-wiejska,1435053,2019,OK,,tekst,https://bip.wyszkow.pl/pliki/inne_dokumenty/kierunki_polityki/2020/raport_stan_gminy_2019.pdf,dostęp_bezpośredni,b82e4858b01ee9d8a41fdc73f7954e40364fb05512d3ccf9205e748a144f3ca3,200
723,mazowieckie,wyszkowski,Wyszków,gmina miejsko-wiejska,1435053,2020,OK,,tekst,https://bip.wyszkow.pl/pliki/burmistrz_wyszkowa/raport/2020/23337_raport_gotowy.pdf,dostęp_bezpośredni,5b389a0741ee6b865b95441eeb53936ad38ee3e334f9e8b21fbf6e6d8109b23e,200
724,mazowieckie,wyszkowski,Wyszków,gmina miejsko-wiejska,1435053,2021,OK,,tekst,https://bip.wyszkow.pl/pliki/burmistrz_wyszkowa/raport/2021/25944_Raport_o_stanie_Gminy_Wyszkow_za_2021.pdf,dostęp_bezpośredni,3d27b62b0c7228491f73176e22d518df5775853b7c40cd8561478563eece6842,200
725,mazowieckie,wyszkowski,Wyszków,gmina miejsko-wiejska,1435053,2022,OK,,tekst,https://bip.wyszkow.pl/pliki/burmistrz_wyszkowa/raport/2022/RAPORT_O_STANIE_GMINY_WYSZKOW_ZA_2022_ROK.pdf,dostęp_bezpośredni,df98771359abab74a6dcb036c09a851c94e22a2e71e9afad972dead397598dc5,200
726,mazowieckie,wyszkowski,Wyszków,gmina miejsko-wiejska,1435053,2023,OK,,tekst,https://bip.wyszkow.pl/pliki/burmistrz_wyszkowa/raport/2023/30110_RAPORT_2023.pdf,dostęp_bezpośredni,c3583d7d12b46281221e7bf7667a05ff1541cc56a19ade742ed96f4c9ec061cd,200
727,mazowieckie,wyszkowski,Wyszków,gmina miejsko-wiejska,1435053,2024,OK,,tekst,https://bip.wyszkow.pl/pliki/burmistrz_wyszkowa/raport/2024/Raport_o_stanie_Gminy_Wyszkow_za_2024.pdf,dostęp_bezpośredni,796be74662559c8459c430b0cdbb9c02f0b96ba5abd190c73905da06cb5a878c,200
728,mazowieckie,wyszkowski,Wyszków,gmina miejsko-wiejska,1435053,2025,OK,,tekst,https://bip.wyszkow.pl/pliki/burmistrz_wyszkowa/raport/2025/34193_Raport_o_stanie_GW_za_2025.pdf,dostęp_bezpośredni,a2d0a030a129b27d8ca978334ab2c3c498eef6fa8f8f9332b9b298c8d8309d76,200
729,mazowieckie,wyszkowski,Zabrodzie,gmina wiejska,1435062,2018,BRAK,,brak,brak,sprawdzone - brak w sekcji raportów BIP (samorzad.gov.pl),,BRAK_URL (sprawdzone/nieopublikowane)
730,mazowieckie,wyszkowski,Zabrodzie,gmina wiejska,1435062,2019,OK,,tekst,https://samorzad.gov.pl/attachment/ecbe5c86-94ed-4f49-ac90-98b7404d6999,dostęp_bezpośredni,8e24b383c091c4a844a4ac679104b654a79eb20b26d264ec8ad65ad663faa17f,200
731,mazowieckie,wyszkowski,Zabrodzie,gmina wiejska,1435062,2020,OK,,tekst,https://samorzad.gov.pl/attachment/f9d89e83-2fa3-40cf-b9d5-e3b958f33510,dostęp_bezpośredni,ca52d5e09cdaaedeefbebe08028f08bb785d7af7e48e407f455ba5518555b5e7,200
732,mazowieckie,wyszkowski,Zabrodzie,gmina wiejska,1435062,2021,OK,,tekst,https://samorzad.gov.pl/attachment/5a1e2b1a-f62e-4f3d-b555-2a0d3bd3a02b,dostęp_bezpośredni,154a7e58ce4c987a4e76c5bd46eefa2c9a9da7cfed40bd723e11664c12be6d7c,200
733,mazowieckie,wyszkowski,Zabrodzie,gmina wiejska,1435062,2022,OK,,tekst,https://samorzad.gov.pl/attachment/ed6d6e11-64be-4cfb-9a90-7874dc1b609e,dostęp_bezpośredni,102c6b79d3620149bcd12fea597e461a23ad828e7e7da2b660ff8d15504ea245,200
734,mazowieckie,wyszkowski,Zabrodzie,gmina wiejska,1435062,2023,OK,,tekst,https://samorzad.gov.pl/attachment/c6f0d65f-c4e9-4119-a221-dce44a7baa2f,dostęp_bezpośredni,52323ac814f27f4a0572dbad241fc8323aae322a621fdb63e475a6642be58d74,200
735,mazowieckie,wyszkowski,Zabrodzie,gmina wiejska,1435062,2024,OK,,tekst,https://samorzad.gov.pl/attachment/6dd5f71c-6e13-430a-a67d-8a191aee2a2e,dostęp_bezpośredni,8bfb7d8ae6ae5c8c0f74536e4775ca33272e02f94619627bb0b61cd8c43d19c5,200
736,mazowieckie,wyszkowski,Zabrodzie,gmina wiejska,1435062,2025,OK,,tekst,https://samorzad.gov.pl/attachment/11e72504-4619-44d6-8c55-8ed93db2df38,dostęp_bezpośredni,8309827cbf55a85087d5ec0132874d8729d0c8ac69b5d2c67f2b102ec2c35623,200
737,mazowieckie,węgrowski,Grębków,gmina wiejska,1433022,2018,BRAK,,brak,brak,sprawdzone - brak raportu w sekcji BIP,,BRAK_URL (sprawdzone/nieopublikowane)
738,mazowieckie,węgrowski,Grębków,gmina wiejska,1433022,2019,BRAK,,brak,brak,sprawdzone - brak raportu w sekcji BIP,,BRAK_URL (sprawdzone/nieopublikowane)
739,mazowieckie,węgrowski,Grębków,gmina wiejska,1433022,2020,BRAK,,brak,brak,sprawdzone - brak raportu w sekcji BIP,,BRAK_URL (sprawdzone/nieopublikowane)
740,mazowieckie,węgrowski,Grębków,gmina wiejska,1433022,2021,BRAK,,brak,brak,sprawdzone - brak raportu w sekcji BIP,,BRAK_URL (sprawdzone/nieopublikowane)
741,mazowieckie,węgrowski,Grębków,gmina wiejska,1433022,2022,BRAK,,brak,brak,sprawdzone - brak raportu w sekcji BIP,,BRAK_URL (sprawdzone/nieopublikowane)
742,mazowieckie,węgrowski,Grębków,gmina wiejska,1433022,2023,OK,,tekst,https://uggrebkow.bip.gov.pl/fobjects/download/1812513/raport-o-stanie-gminy-2023-doc.html,dostęp_bezpośredni (polskie IP przez Tor),a266ca514e91acf7eb6a8bb6c18f96276354bdc50ed4482b64c6bce52fbcd867,200
743,mazowieckie,węgrowski,Grębków,gmina wiejska,1433022,2024,OK,,tekst,https://uggrebkow.bip.gov.pl/fobjects/download/1968368/raport-o-stanie-gminy-2024-pdf.html,dostęp_bezpośredni (polskie IP przez Tor),e12c9d3ec86e7f3907520ce5fb88cd9aa5ed9b856935c60c7108edc3fae3a94f,200
744,mazowieckie,węgrowski,Grębków,gmina wiejska,1433022,2025,OK,,tekst,https://uggrebkow.bip.gov.pl/fobjects/download/2237987/raport-o-stanie-gminy-2025-pdf.html,dostęp_bezpośredni (polskie IP przez Tor),ecaa2534adc0397b7ba5f02c865720ab61c8a3c78069b06c6fe3b1ed9ded8020,200
745,mazowieckie,węgrowski,Korytnica,gmina wiejska,1433032,2018,OK,pdf,tekst,http://arch-korytnica.mserwer.pl/_portals_/korytnica/CKFiles/news_2019/RAPORT_o_stanie_gminy_Korytnica23_05_2019.pdf,dowód: roczne raporty publikowane na korytnica.pl (strona niedostępna; 2019-2021 w archiwum mserwer) | znalezione: dostęp_bezpośredni (arch-korytnica.mserwer.pl; wiersz 2019 w CSV błędnie wskazywał ten plik),fd781a86b47825aebdcef714946ed827bf3352b2c21fb292622c374bc5c1ff20,zastosowano znalezione/poprawke
746,mazowieckie,węgrowski,Korytnica,gmina wiejska,1433032,2019,OK,,tekst,http://arch-korytnica.mserwer.pl/_portals_/korytnica/CKFiles/news_2019/RAPORT_o_stanie_gminy_Korytnica23_05_2019.pdf,dostęp_bezpośredni (archiwum),fd781a86b47825aebdcef714946ed827bf3352b2c21fb292622c374bc5c1ff20,200
747,mazowieckie,węgrowski,Korytnica,gmina wiejska,1433032,2020,OK,pdf,tekst,https://korytnica.2clickfiles.pl/bip.korytnica.pl/upload/RAPORT%20za%202020.pdf,dostęp_bezpośredni | poprawka: mirror 2clickfiles (bip.korytnica.pl); zastapilo 1-stronicowa INFORMACJE,ad8bc5c22f40f0f8037d470162fe7ce09393160f0bb67e208bfea690b3386d3c,zastosowano znalezione/poprawke
748,mazowieckie,węgrowski,Korytnica,gmina wiejska,1433032,2021,OK,,tekst,https://korytnica.2clickfiles.pl/bip.korytnica.pl/upload/RAPORT%20za%202021.pdf,dostęp_bezpośredni,9cb857a8d13eda6ecbe56a85f9da2c89c23587f3a36c90ebdfbaa6c026ce3bd6,200
749,mazowieckie,węgrowski,Korytnica,gmina wiejska,1433032,2022,OK,,tekst,https://korytnica.pl/files/file_add/download/48_raport-za-2022.pdf,dostęp_bezpośredni (korytnica.pl),212870040f727b4be169d5aa85e2860fd0f17699f4a028aa6cdf61f0765d609c,200
750,mazowieckie,węgrowski,Korytnica,gmina wiejska,1433032,2023,OK,,tekst,https://korytnica.pl/files/file_add/download/137_raport-za-2023-rok.pdf,dostęp_bezpośredni (korytnica.pl),102da788f93d94c5caa96b1e4f6084ae11023ceb6dc88b4cc03f5a984ef518d8,200
751,mazowieckie,węgrowski,Korytnica,gmina wiejska,1433032,2024,OK,,tekst,https://korytnica.pl/files/file_add/download/232_raport-o-stanie-gminy-korytnica-za-2024-rok.pdf,dostęp_bezpośredni (korytnica.pl),0de3d8df21eb983e77e3972c908d613d3d7bb70951b3c787ac8619563bd973bb,200
752,mazowieckie,węgrowski,Korytnica,gmina wiejska,1433032,2025,OK,,tekst,https://korytnica.pl/files/file_add/download/317_raport-za-2025-rok.pdf,dostęp_bezpośredni,f030c6e2848f4e15f877b72cf35fae87e0e196d96ad813424076ca7436886d5c,200
753,mazowieckie,węgrowski,Liw,gmina wiejska,1433042,2018,BRAK,,brak,brak,dogłębne sprawdzenie (web search + BIP + Wayback + archiwa) - brak dowodu istnienia raportu,,BRAK_URL (niepowstały)
754,mazowieckie,węgrowski,Liw,gmina wiejska,1433042,2019,BRAK,,brak,brak,dogłębne sprawdzenie (web search + BIP + Wayback + archiwa) - brak dowodu istnienia raportu,,BRAK_URL (niepowstały)
755,mazowieckie,węgrowski,Liw,gmina wiejska,1433042,2020,OK,,tekst,http://www.liw.pl/index.php?c=getfile&id=489,dostęp_bezpośredni,d3dfa281b8771c200b30811185277121ec6ae9c6816ede89dd2f2d2a82112595,200
756,mazowieckie,węgrowski,Liw,gmina wiejska,1433042,2021,BRAK,,brak,brak,dogłębne sprawdzenie (web search + BIP + Wayback + archiwa) - brak dowodu istnienia raportu,,BRAK_URL (niepowstały)
757,mazowieckie,węgrowski,Liw,gmina wiejska,1433042,2022,OK,,tekst,http://www.liw.pl/index.php?c=getfile&id=783,dostęp_bezpośredni,f46f197be3fdb3655a8a04d7bbfa48efd37a6d596031407e096807f04e611cc9,200
758,mazowieckie,węgrowski,Liw,gmina wiejska,1433042,2023,OK,,tekst,http://www.liw.pl/index.php?c=getfile&id=782,dostęp_bezpośredni,78dc7a91aa2fe309058e06707cea45f2fb442d5e47f3f9b61f5d533b035aa546,200
759,mazowieckie,węgrowski,Liw,gmina wiejska,1433042,2024,BRAK,,brak,brak,dogłębne sprawdzenie (web search + BIP + Wayback + archiwa) - brak dowodu istnienia raportu,,BRAK_URL (niepowstały)
760,mazowieckie,węgrowski,Liw,gmina wiejska,1433042,2025,BRAK,,brak,brak,dogłębne sprawdzenie (web search + BIP + Wayback + archiwa) - brak dowodu istnienia raportu,,BRAK_URL (niepowstały)
761,mazowieckie,węgrowski,Miedzna,gmina wiejska,1433062,2018,OK,,tekst,http://www.miedzna.pl/wp-content/uploads/2019/05/RAPORT-O-STANIE-GMINY-2018.pdf,dostęp_bezpośredni,1bd336fb081c83a0bd36bd87ceeae7ff6bbd86f6053f464324f2f967f35237ea,200
762,mazowieckie,węgrowski,Miedzna,gmina wiejska,1433062,2019,OK,,tekst,https://miedzna.archiwum.bip.net.pl/pliki/20513/RAPORT_O_STANIE_GMINY_2019.pdf,dostęp_bezpośredni,68b9e5b3df04e75fa9d076b27453b1b49a2965a6334b3aedabdf57f0893e3bf4,200
763,mazowieckie,węgrowski,Miedzna,gmina wiejska,1433062,2020,OK,,tekst,https://miedzna.archiwum.bip.net.pl/pliki/22294/RAPORT_O_STANIE_GMINY_2020.pdf,dostęp_bezpośredni,673d13fd9b93d2a6b069787e202b22fd80b40de57d35230fa88cf87430b6fe39,200
764,mazowieckie,węgrowski,Miedzna,gmina wiejska,1433062,2021,OK,,tekst,https://miedzna.archiwum.bip.net.pl/pliki/23633/RAPORT_O_STANIE_GMINY_2021.pdf,dostęp_bezpośredni,7f43319bce6615ebb10083dfbb9281b93998831bb8f6a21eeee7dbc9525573cf,200
765,mazowieckie,węgrowski,Miedzna,gmina wiejska,1433062,2022,OK,,tekst,https://www.miedzna.pl/wp-content/uploads/2026/06/Plan-dzialan-krotkoterminowych.pdf,dostęp_bezpośredni,d9ead22bc855404e69c5a7446d398c2d396d32104d53f55bd6a837683c3c97b9,200
766,mazowieckie,węgrowski,Miedzna,gmina wiejska,1433062,2023,OK,,tekst,https://miedzna.archiwum.bip.net.pl/pliki/26200/1A._RAPORT_O_STANIE_GMINY_2023.pdf,dostęp_bezpośredni,18168c59387f32dcbc5bf97632c6f92be0397ff9e340f60e966b13a6233d7731,200
767,mazowieckie,węgrowski,Miedzna,gmina wiejska,1433062,2024,OK,,tekst,https://miedzna.archiwum.bip.net.pl/pliki/27642/RAPORT_O_STANIE_GMINY_2024.pdf,dostęp_bezpośredni,53bdbc39fa4b9499af7c890234d3f75c30f99c678abcf3012a3e4c6221f63010,200
768,mazowieckie,węgrowski,Miedzna,gmina wiejska,1433062,2025,OK,,tekst,https://miedzna-api.bip.net.pl/api/attachments/963,dostęp_bezpośredni (wył. weryf. SSL),ad4985147dd44e695e9cad33946507da908a0dc42c7041f1e53cc99702b5d33b,200 (po wył. weryf. SSL)
769,mazowieckie,węgrowski,Sadowne,gmina wiejska,1433072,2018,OK,,tekst,"https://www.bip.sadowne.pl/plik,3034,raport-o-stanie-gminy-sadowne-za-2018-rok.pdf",dostęp_bezpośredni,c10b3386ebdffb23ff80441d7e7c6940be4e4c15e916ad1d865950dd7db43bdd,200
770,mazowieckie,węgrowski,Sadowne,gmina wiejska,1433072,2019,OK,,tekst,"https://www.bip.sadowne.pl/plik,3575,raport-o-stanie-gminy-sadowne-za-2019-rok.pdf",dostęp_bezpośredni,84576bcbe11f3c4dca521bf0f663ee497ec1bde4b0dfd4511a0345e90678e6c2,200
771,mazowieckie,węgrowski,Sadowne,gmina wiejska,1433072,2020,OK,,tekst,"https://www.bip.sadowne.pl/plik,4146,raport-o-stanie-gminy-sadowne-za-2020-rok.pdf",dostęp_bezpośredni,e5cbf26091530c3ca9f04af4ac87c2750ec38934dcdc80910c3a0e433885965f,200
772,mazowieckie,węgrowski,Sadowne,gmina wiejska,1433072,2021,OK,,tekst,"https://www.bip.sadowne.pl/plik,4685,raport-o-stanie-gminy-sadowne-za-2021-rok.pdf",dostęp_bezpośredni,2112f5cbb7073553152ce64965f27e08095079f24c5b03f7a5ad18685c696246,200
773,mazowieckie,węgrowski,Sadowne,gmina wiejska,1433072,2022,OK,,tekst,"https://www.bip.sadowne.pl/plik,5272,raport-o-stanie-gminy-sadowne-za-2022-rok.pdf",dostęp_bezpośredni,478477958f520e0b4465f27f48a910e0ece9407b2267288e88cdc65bbed5aea1,200
774,mazowieckie,węgrowski,Sadowne,gmina wiejska,1433072,2023,OK,,tekst,"https://www.bip.sadowne.pl/plik,6000,raport-o-stanie-gminy-sadowne-za-2023-rok.pdf",dostęp_bezpośredni,035c16bc3724abe1471bf6531a3884386edfb8098a851a8e9caa95e237ad7679,200
775,mazowieckie,węgrowski,Sadowne,gmina wiejska,1433072,2024,OK,,tekst,"https://www.bip.sadowne.pl/plik,6765,raport-o-stanie-gminy-sadowne-za-2024-rok.pdf",dostęp_bezpośredni,f5546b64849011cc0a676682c312a3254aa0a1819a1437ab7df2ba5f4fd8743c,200
776,mazowieckie,węgrowski,Sadowne,gmina wiejska,1433072,2025,OK,pdf,tekst,"https://www.bip.sadowne.pl/plik,7767,raport-o-stanie-gminy-sadowne-za-2025-rok.pdf",dowód: roczne raporty publikowane na bip.sadowne.pl (2025 w sekcji) | znalezione: dostęp_bezpośredni (bip.sadowne.pl; zlokalizowano skanem ID po 302),5f2896ed8d2b4e9ae4f47b5bf43e13ff95b2107055874754bedffde998e10c36,zastosowano znalezione/poprawke
777,mazowieckie,węgrowski,Stoczek,gmina wiejska,1433082,2018,OK,,tekst,https://bip.stoczek.net.pl/tmp/53932635-RAPORT_STOCZEK.doc,dostęp_bezpośredni (wył. weryf. SSL),c79c177b4f84768103f1f6f6dcc8252f530a2facbfc1c419b3d521c1ac6b33ae,200 (po wył. weryf. SSL)
778,mazowieckie,węgrowski,Stoczek,gmina wiejska,1433082,2019,BRAK,,brak,brak,dogłębne sprawdzenie (web search + BIP + Wayback + archiwa) - brak dowodu istnienia raportu,,BRAK_URL (niepowstały)
779,mazowieckie,węgrowski,Stoczek,gmina wiejska,1433082,2020,BRAK,,brak,brak,dogłębne sprawdzenie (web search + BIP + Wayback + archiwa) - brak dowodu istnienia raportu,,BRAK_URL (niepowstały)
780,mazowieckie,węgrowski,Stoczek,gmina wiejska,1433082,2021,BRAK,,brak,brak,dogłębne sprawdzenie (web search + BIP + Wayback + archiwa) - brak dowodu istnienia raportu,,BRAK_URL (niepowstały)
781,mazowieckie,węgrowski,Stoczek,gmina wiejska,1433082,2022,OK,,tekst,https://bip.stoczek.net.pl/tmp/321869748-2023_Raport_o_stanie__Gminy_Stoczek_za_rok_2022.pdf,dostęp_bezpośredni (wył. weryf. SSL),788f2b26c8766f90379d26d50b8687fb470afcfc9d29392b3d683d1a41df2b68,200 (po wył. weryf. SSL)
782,mazowieckie,węgrowski,Stoczek,gmina wiejska,1433082,2023,OK,,tekst,https://bip.stoczek.net.pl/tmp/958226980-2024_-_Raport_o_stanie__Gminy_Stoczek_za_rok_2023.pdf,dostęp_bezpośredni (wył. weryf. SSL),756a2cfaecfdfac3353178674a750072a950ae98bbc49d4d3398c8a07c982bf5,200 (po wył. weryf. SSL)
783,mazowieckie,węgrowski,Stoczek,gmina wiejska,1433082,2024,BRAK,,brak,brak,dogłębne sprawdzenie (web search + BIP + Wayback + archiwa) - brak dowodu istnienia raportu,,BRAK_URL (niepowstały)
784,mazowieckie,węgrowski,Stoczek,gmina wiejska,1433082,2025,OK,,tekst,https://bip.stoczek.net.pl/tmp/857106541-2025_-_Raport_o_stanie__Gminy_Stoczek.docx,dostęp_bezpośredni (wył. weryf. SSL),2691abb8279f42b9130fa6cda70aebb44532b74e70abd7312377ee4c2d3dccd9,200 (po wył. weryf. SSL)
785,mazowieckie,węgrowski,Wierzbno,gmina wiejska,1433092,2018,OK,,tekst,https://koniusza.pl/wp-content/uploads/2019/06/Raport-o-stanie-gminy-2018.pdf,dostęp_bezpośredni,4858d289675f8ad38e96dfbbcfbe387d23f093ad00214b7c6667e20c79a415d7,200
786,mazowieckie,węgrowski,Wierzbno,gmina wiejska,1433092,2019,BRAK,,brak,brak,dogłębne sprawdzenie (web search + BIP + Wayback) - brak dowodu istnienia,,BRAK_URL (niepowstały)
787,mazowieckie,węgrowski,Wierzbno,gmina wiejska,1433092,2020,OK,,tekst,https://archiwum.gminawierzbno.pl/uploads/8yb3l2boagda723f.pdf,dostęp_bezpośredni,7bb539e99ad79a93c8bdbb4a792d9ed285b77796353299d6886e78da8dd6d3db,200
788,mazowieckie,węgrowski,Wierzbno,gmina wiejska,1433092,2021,OK,,tekst,https://archiwum.gminawierzbno.pl/uploads/bip/1647862111.pdf,dostęp_bezpośredni,093a14a2822cdac587703ef27577a98e34425b763903f2439f2e4d9a9395fdc2,200
789,mazowieckie,węgrowski,Wierzbno,gmina wiejska,1433092,2022,BRAK,,brak,brak,dogłębne sprawdzenie (web search + BIP + Wayback) - brak dowodu istnienia,,BRAK_URL (niepowstały)
790,mazowieckie,węgrowski,Wierzbno,gmina wiejska,1433092,2023,OK,,tekst,https://gminawierzbno.pl/bip/wp-content/uploads/sites/2/2024/05/Raport-o-stanie-Gminy-Wierzbno-za-2023-rok.pdf,dostęp_bezpośredni,78da8f6660c7f3f0b2f31c8bd14dba0ac1a9e7e5de732e3c70cd617481d00dd6,200
791,mazowieckie,węgrowski,Wierzbno,gmina wiejska,1433092,2024,OK,,tekst,https://gminawierzbno.pl/bip/gmina/raport-o-stanie-gminy/raport-o-stanie-gminy-wierzbno-za-2024-rok/9699/?download=9700,dostęp_bezpośredni,5494f65e4e15864b3d9f68fce4b2cb0e49c05a3a6be502d6d3ad4199267c9885,200
792,mazowieckie,węgrowski,Wierzbno,gmina wiejska,1433092,2025,OK,,tekst,https://gminawierzbno.pl/bip/urzad-gminy/obwieszczenia/raport-o-stanie-gminy-wierzbno-za-2025-rok/10774/?download=10775,dostęp_bezpośredni,72916625dbb714da0cde525f3fc72d8fe2d3ed4b13ff487dea5047f9acb4c273,200
793,mazowieckie,węgrowski,Węgrów,gmina miejska,1433011,2018,OK,,tekst,https://bip.wegrow.com.pl/attachments/download/473,dostęp_bezpośredni,94897f64daa3932fd4e2a8f6bfc5cfa334af778229db41345b32ea1e47c7a288,200
794,mazowieckie,węgrowski,Węgrów,gmina miejska,1433011,2019,OK,,tekst,https://bip.wegrow.com.pl/attachments/download/1244,dostęp_bezpośredni,53331a84f846d59a940050bf6c7dc80dbcd5590e90cb71f8b743281af440262b,200
795,mazowieckie,węgrowski,Węgrów,gmina miejska,1433011,2020,OK,,tekst,https://bip.wegrow.com.pl/attachments/download/1927,dostęp_bezpośredni,5e8c3b3fd1978d678485d790f79e5194a9bdaee348df2829c55dacf204de5820,200
796,mazowieckie,węgrowski,Węgrów,gmina miejska,1433011,2021,OK,,tekst,https://bip.wegrow.com.pl/attachments/download/2625,dostęp_bezpośredni,d850877455f1fa2082975f5a39c5668402d279e88155a0da5ae11e274953d683,200
797,mazowieckie,węgrowski,Węgrów,gmina miejska,1433011,2022,OK,,tekst,https://bip.wegrow.com.pl/attachments/download/3354,dostęp_bezpośredni,8a71f8429310101a0af1d908aa9793c4c644d84e3b7653dea61193ed020c0e68,200
798,mazowieckie,węgrowski,Węgrów,gmina miejska,1433011,2023,OK,,tekst,https://bip.wegrow.com.pl/attachments/download/4168,dostęp_bezpośredni,7cd82a141ea1f8dd439364dfbfbfa528ec6ba7b2f54fa176b0aec97e8bad9923,200
799,mazowieckie,węgrowski,Węgrów,gmina miejska,1433011,2024,OK,,tekst,https://bip.wegrow.com.pl/attachments/download/4989,dostęp_bezpośredni,471345e1e32366eef8751b7b9ea5108401cc4bc90ea6fb9ceb28e0c1eb13880d,200
800,mazowieckie,węgrowski,Węgrów,gmina miejska,1433011,2025,OK,,tekst,https://bip.wegrow.com.pl/attachments/download/5714,dostęp_bezpośredni,54475176c30e137c273b042b55e90d0d128fe9e2b1e8b8457c5123892018d9a0,200
801,mazowieckie,węgrowski,Łochów,gmina miejsko-wiejska,1433053,2018,OK,,tekst,https://bip.gminalochow.pl/attachments/download/5770,dostęp_bezpośredni,01365dc5a8585c73acb251f734b96ab360b615e62945917c99b7710d1b0cde9d,200
802,mazowieckie,węgrowski,Łochów,gmina miejsko-wiejska,1433053,2019,OK,,tekst,https://bip.gminalochow.pl/attachments/download/7070,dostęp_bezpośredni,18b5db3db3d492ac,200
803,mazowieckie,węgrowski,Łochów,gmina miejsko-wiejska,1433053,2020,OK,,tekst,https://bip.gminalochow.pl/attachments/download/8483,dostęp_bezpośredni,e9b8d04febe0fdfc,200
804,mazowieckie,węgrowski,Łochów,gmina miejsko-wiejska,1433053,2021,OK,,tekst,https://bip.gminalochow.pl/attachments/download/9849,dostęp_bezpośredni,403f326d56e02657,200
805,mazowieckie,węgrowski,Łochów,gmina miejsko-wiejska,1433053,2022,OK,,tekst,https://bip.gminalochow.pl/attachments/download/11151,dostęp_bezpośredni,48bb3825e896563bb87872cc6c7c4c7445e96219ec2fb57c63e6119cdce32bb4,200
806,mazowieckie,węgrowski,Łochów,gmina miejsko-wiejska,1433053,2023,OK,,tekst,https://bip.gminalochow.pl/attachments/download/12185,dostęp_bezpośredni,0331717a3b35d38508e533437c7c6fa7ffd598798f91b230437b63f70726a06b,200
807,mazowieckie,węgrowski,Łochów,gmina miejsko-wiejska,1433053,2024,OK,,tekst,https://bip.gminalochow.pl/attachments/download/13289,dostęp_bezpośredni,511e73317dc74572e7e50f5fa89d7ae3eb421bf748c59d28e85b81c864715d4b,200
808,mazowieckie,węgrowski,Łochów,gmina miejsko-wiejska,1433053,2025,OK,,tekst,https://bip.gminalochow.pl/attachments/download/14203,dostęp_bezpośredni,deb8ae9f63438ffcfe4cb37eaa0730b4610855cf100c588612fcad8bc4cbc2f1,200
809,mazowieckie,łosicki,Olszanka,gmina wiejska,1410032,2018,BRAK,,brak,brak,sprawdzone - brak w sekcji raportów BIP (samorzad.gov.pl),,BRAK_URL (sprawdzone/nieopublikowane)
810,mazowieckie,łosicki,Olszanka,gmina wiejska,1410032,2019,BRAK,,brak,brak,sprawdzone - brak w sekcji raportów BIP (samorzad.gov.pl),,BRAK_URL (sprawdzone/nieopublikowane)
811,mazowieckie,łosicki,Olszanka,gmina wiejska,1410032,2020,OK,,tekst,https://samorzad.gov.pl/attachment/03a59e38-a07e-42a8-a67e-ac794f4417df,dostęp_bezpośredni,2e057474486a588f68301f98196ddce58ce0531cfe18f6a6b7cc5f5daa8ff8f5,200
812,mazowieckie,łosicki,Olszanka,gmina wiejska,1410032,2021,OK,,tekst,https://samorzad.gov.pl/attachment/cf7402c0-8a8f-4cb2-b723-f4a74632e479,dostęp_bezpośredni,d0295b78eb24aa0977c18fd63d8e94fbb95ecb948d56bb86ee180e76eec9ef9e,200
813,mazowieckie,łosicki,Olszanka,gmina wiejska,1410032,2022,OK,,tekst,https://samorzad.gov.pl/attachment/8e8575ab-ebda-40c5-8dbd-5c35b848731a,dostęp_bezpośredni,0e83dcbc6ee61e4dd0b2174d07fa1a9a9a81c81ba0ccf74b525e0a4deb2b61cc,200
814,mazowieckie,łosicki,Olszanka,gmina wiejska,1410032,2023,OK,,tekst,https://samorzad.gov.pl/attachment/4e8790bb-0f60-4a5f-9226-0449252931fb,dostęp_bezpośredni,c29bab75538a1b653d55f6c41461951ed271a576efa63dfe66656463e668ff14,200
815,mazowieckie,łosicki,Olszanka,gmina wiejska,1410032,2024,OK,,tekst,https://samorzad.gov.pl/attachment/a00c78e2-a810-41b8-b34f-293baffdf3a7,dostęp_bezpośredni,6b27891957467abd11e99e06958d0adb0f7b9de98e7d8233d2ea53127b133720,200
816,mazowieckie,łosicki,Olszanka,gmina wiejska,1410032,2025,OK,,tekst,https://samorzad.gov.pl/attachment/f71d77ce-95b6-42dd-a8d3-24ef5ebda07a,dostęp_bezpośredni,259484252b5f48c29576bbb5783a2ebde30829efde04c76456924af0b5274f04,200
817,mazowieckie,łosicki,Platerów,gmina wiejska,1410042,2018,BRAK,,brak,brak,dowód: raporty w sekcji biuletyn.net (cid=92); plik linkowany do platerow.com.pl (404),,BRAK_URL (dowód istnienia)
818,mazowieckie,łosicki,Platerów,gmina wiejska,1410042,2019,BRAK,,brak,brak,dowód: raporty w sekcji biuletyn.net (cid=92); plik linkowany do platerow.com.pl (404),,BRAK_URL (dowód istnienia)
819,mazowieckie,łosicki,Platerów,gmina wiejska,1410042,2020,BRAK,,brak,brak,dowód: raporty w sekcji biuletyn.net (cid=92); plik linkowany do platerow.com.pl (404),,BRAK_URL (dowód istnienia)
820,mazowieckie,łosicki,Platerów,gmina wiejska,1410042,2021,OK,,tekst,https://platerow.biuletyn.net/fls/bip_pliki/2022_05/BIPF5DFE82A5BCF8BZ/Raport_o_stanie_gminy_za_rok_2021.pdf,dostęp_bezpośredni,a7f68016d9677e1a5a6a6f87926736c18efe1ad6133bc6f8704e030845560c86,200
821,mazowieckie,łosicki,Platerów,gmina wiejska,1410042,2022,OK,,tekst,https://platerow.biuletyn.net/fls/bip_pliki/2023_05/BIPF5FC072C57E70CZ/RAPORT_2023.pdf,dostęp_bezpośredni,cb5b94f4939f91e5df767c20f4bab66591f0744dc3a5fb9a3f7519de341be20f,200
822,mazowieckie,łosicki,Platerów,gmina wiejska,1410042,2023,OK,,tekst,http://www.platerow.nazwa.pl/pliki/dokumenty/dokumenty_strategiczne/RAPORT_za_rok_2023.pdf,dostęp_bezpośredni,1b42d7b4f303add9e1365ad903cee87db820a858ba3267a3f20924ebcae6d021,200
823,mazowieckie,łosicki,Platerów,gmina wiejska,1410042,2024,OK,,tekst,http://www.platerow.nazwa.pl/pliki/dokumenty/raport_o_stanie_gminy/RAPORT_za_rok_2024.pdf,dostęp_bezpośredni,8733166a083f121e4f73e20a7d6b40c4b7271f58cbfc89a85707c09118a98d41,200
824,mazowieckie,łosicki,Platerów,gmina wiejska,1410042,2025,OK,,tekst,https://platerow.biuletyn.net/fls/bip_pliki/2026_06/BIPF653BA9A6E5750Z/RAPORT_za_rok_2025.pdf,dostęp_bezpośredni,e004c162341007413001fa78c5461019e90e61d93ec3b2d3f99a2c21718284e8,200
825,mazowieckie,łosicki,Sarnaki,gmina wiejska,1410052,2018,BRAK,,brak,brak,dogłębne sprawdzenie (web search + BIP + Wayback) - brak dowodu istnienia,,BRAK_URL (niepowstały)
826,mazowieckie,łosicki,Sarnaki,gmina wiejska,1410052,2019,BRAK,,brak,brak,dogłębne sprawdzenie (web search + BIP + Wayback) - brak dowodu istnienia,,BRAK_URL (niepowstały)
827,mazowieckie,łosicki,Sarnaki,gmina wiejska,1410052,2020,OK,,tekst,https://sarnaki.pl/wp-content/uploads/Raport%20za%202020.pdf,dostęp_bezpośredni,b2c1c18b2d8777ee66f64ad62885771c1daacd8ab30efbaaa8420b614e7a930e,200
828,mazowieckie,łosicki,Sarnaki,gmina wiejska,1410052,2021,OK,,tekst,https://sarnaki.pl/wp-content/uploads/2022/06/Raport-o-stanie-gminy-za-2021-rok.pdf,dostęp_bezpośredni,8464c541e520bdbb33652feaaf94319a8e0efb620a86d960927314c4beb6f539,200
829,mazowieckie,łosicki,Sarnaki,gmina wiejska,1410052,2022,OK,,tekst,https://sarnaki.pl/wp-content/uploads/2023/06/Raport-o-stanie-Gminy-Sarnaki-za-2022-rok.pdf,dostęp_bezpośredni,540c8fcf9fddb34cf72b151894c24121d7cab21ad20d855522e9ad7a45d11382,200
830,mazowieckie,łosicki,Sarnaki,gmina wiejska,1410052,2023,OK,,tekst,https://sarnaki.pl/wp-content/uploads/2024/06/Raport-o-stanie-Gminy-Sarnaki-za-2023-r.pdf,dostęp_bezpośredni,c3bb2512079dcd19424be3afb1b3c16feddc7848db03a3606aaa682cecab4258,200
831,mazowieckie,łosicki,Sarnaki,gmina wiejska,1410052,2024,OK,,tekst,https://sarnaki.pl/wp-content/uploads/2025/06/Raport-o-stanie-Gminy-Sarnaki-za-2024-r.pdf,dostęp_bezpośredni,ac1734e8fa322efb3ef4449e3e75f5bb3b41b2427859be38932e28116a8d336f,200
832,mazowieckie,łosicki,Sarnaki,gmina wiejska,1410052,2025,OK,,tekst,https://www.sarnaki.pl/wp-content/uploads/2022/01/Instrukcja_nadawania_przesylki_na_skrzynke_e.pdf,dostęp_bezpośredni,fa4f27624bc5d35f2cf5b1cc7fc7209222de80693e31925c2603160c78b44646,200
833,mazowieckie,łosicki,Łosice,gmina miejsko-wiejska,1410023,2018,BRAK,,brak,brak,dogłębne sprawdzenie (web search + BIP + Wayback) - brak dowodu istnienia,,BRAK_URL (niepowstały)
834,mazowieckie,łosicki,Łosice,gmina miejsko-wiejska,1410023,2019,BRAK,,brak,brak,dogłębne sprawdzenie (web search + BIP + Wayback) - brak dowodu istnienia,,BRAK_URL (niepowstały)
835,mazowieckie,łosicki,Łosice,gmina miejsko-wiejska,1410023,2020,OK,,tekst,https://bip.gminalosice.pl/resource/818/raport_o_stanie_miasta_i_gminy_Losice_za_2020.pdf,dostęp_bezpośredni (wył. weryf. SSL),99e2964048fcb13530b98da39289923e9d302d0aae751f8f6aaec3c36de7f7d7,200 (po wył. weryf. SSL)
836,mazowieckie,łosicki,Łosice,gmina miejsko-wiejska,1410023,2021,OK,,tekst,https://bip.gminalosice.pl/resource/1199/748/Raport+o+stanie+Miasta+i+Gminy+%C5%81osice+za+2021+rok.pdf,dostęp_bezpośredni (wył. weryf. SSL),f86beeeeb588a1a93cbcc94686bec485246f6966136a2e85e16da0ac5081bbc6,200 (po wył. weryf. SSL)
837,mazowieckie,łosicki,Łosice,gmina miejsko-wiejska,1410023,2022,BRAK,,brak,brak,dogłębne sprawdzenie (web search + BIP + Wayback) - brak dowodu istnienia,,BRAK_URL (niepowstały)
838,mazowieckie,łosicki,Łosice,gmina miejsko-wiejska,1410023,2023,OK,,tekst,https://bip.gminalosice.pl/resource/1992/1932/Raport+o+stanie+gminy+za+2023+rok.pdf,dostęp_bezpośredni (wył. weryf. SSL),3c02d7ad39dbcc87ae19f9f88ce7da2a8e0102509f3f7cf1042a41f12a68ee36,200 (po wył. weryf. SSL)
839,mazowieckie,łosicki,Łosice,gmina miejsko-wiejska,1410023,2024,OK,,tekst,https://bip.gminalosice.pl/resource/2311/2461/Raport_za_2024_rok.pdf,dostęp_bezpośredni (wył. weryf. SSL),4695fa5992debc61ec09061eeefd40b7140a755442ab638bac4a0809ecee581b,200 (po wył. weryf. SSL)
840,mazowieckie,łosicki,Łosice,gmina miejsko-wiejska,1410023,2025,OK,,tekst,https://bip.gminalosice.pl/resource/2874/3282/Raport_Miasta_i_Gminy_Losice_za_2025_rok_publikacja.pdf,dostęp_bezpośredni (wył. weryf. SSL),27c49c63c44944ed8e2e739429223758cdcf9fcf8b1bb52079e18a8db2113725,200 (po wył. weryf. SSL)
841,podlaskie,augustowski,Augustów,gmina miejska,2001011,2018,OK,,tekst,https://bip.um.augustow.pl/resource/14533/RAPORT+O+STANIE+MIASTA+AUGUST%25C3%2593W+ZA+2018+ROK.pdf,dostęp_bezpośredni,52563e4f5bb654e3142e9015f3914b81587f32e5a75d95c96a4f54e8e2dd59aa,200
842,podlaskie,augustowski,Augustów,gmina miejska,2001011,2019,OK,,tekst,https://bip.um.augustow.pl/resource/17707/RAPORT+O+STANIE+MIASTA+AUGUST%25C3%2593W+ZA+2019+ROK.pdf,dostęp_bezpośredni,e4a0beba225616022a53720a6bc1c9fb76c71922a1249beb97ac451505bc837c,200
843,podlaskie,augustowski,Augustów,gmina miejska,2001011,2020,OK,,tekst,https://bip.um.augustow.pl/resource/21209/Raport+o+stanie+Gminy+Miasta+August%25C3%25B3w+za+2020+rok.pdf,dostęp_bezpośredni,4be81c4d06bc317443464b955e17bdefbedf0e65df630015c84b74a5f8a2d28f,200
844,podlaskie,augustowski,Augustów,gmina miejska,2001011,2021,OK,,tekst,https://bip.um.augustow.pl/resource/23423/Raport+o+stanie+Gminy+Miasto+August%25C3%25B3w+za+rok+2021.pdf,dostęp_bezpośredni,db18a0b948f6bd8e5cd5c85856fc45c6e84a3104162381b97f3e9bcd4a87b7bf,200
845,podlaskie,augustowski,Augustów,gmina miejska,2001011,2022,OK,,tekst,https://bip.um.augustow.pl/resource/24822/Raport+o+stanie+Gminy+Miasto+August%25C3%25B3w+za+2022+rok.pdf,dostęp_bezpośredni,107ee1cb6cc66d776a047bc73f35543bd7c19c9a0edad50d40d68cf935ec69ef,200
846,podlaskie,augustowski,Augustów,gmina miejska,2001011,2023,OK,,tekst,https://bip.um.augustow.pl/resource/26264/Raport+o+stanie+Gminy+Miasto+August%25C3%25B3w+za+rok+2023.pdf,dostęp_bezpośredni,aef862b4afc73871d27ebf09fb650e9df24799dc28c4c195fa0b00af1647f526,200
847,podlaskie,augustowski,Augustów,gmina miejska,2001011,2024,OK,,tekst,https://bip.um.augustow.pl/resource/27600/Raport+o+stanie+Gminy+Miasto+August%25C3%25B3w+za+rok+2024.pdf,dostęp_bezpośredni,f7399f89204a77668067339950b6e8b3c8ca17392a5656ba19174714f82dc97b,200
848,podlaskie,augustowski,Augustów,gmina miejska,2001011,2025,OK,,tekst,https://bip.um.augustow.pl/resource/29277/Raport+o+stanie+Gminy+Miasto+August%25C3%25B3w+za+rok+2025.pdf,dostęp_bezpośredni,e9d5b732b28615418e277297818f358d775292d6a081b2612f530d8922535c40,200
849,podlaskie,augustowski,Augustów,gmina wiejska,2001022,2018,BRAK,,,,,,BRAK_URL (dowód istnienia - plik utracony)
850,podlaskie,augustowski,Augustów,gmina wiejska,2001022,2019,OK,pdf,tekst (mojibake - wymaga OCR),https://web.archive.org/web/20230127070344if_/https://gmina-augustow.home.pl/wp/wp-content/uploads/2020/05/raport2020.pdf,"dostęp_bezpośredni | poprawka: ODZYSKANO Z WAYBACK: kopia ucięta na 1MiB, naprawiona pikepdf -> pliki_weryfikowane/augustow_gmina_2019.pdf (oryg. host martwy); zweryfikowano wizualnie s.1: herb gminy, RAPORT O STANIE GMINY AUGUSTÓW, Kwiecień 2020 r. (za 2019); warstwa tekstu ma zniszczone kodowanie znaków (mojibake)",456ae0b0504e09695b3e35f3672995aaf0f188d2b44fd4404be7829cdf0931a3,zastosowano znalezione/poprawke
851,podlaskie,augustowski,Augustów,gmina wiejska,2001022,2020,OK,pdf,tekst,https://web.archive.org/web/20240527024428if_/https://gmina-augustow.home.pl/wp/wp-content/uploads/2021/04/raport2021.pdf,"dostęp_bezpośredni | poprawka: ODZYSKANO Z WAYBACK (oryg. host gmina-augustow.home.pl martwy: 301->samorzad.gov.pl); kopia lokalna: pliki_weryfikowane/augustow_gmina_2020.pdf; zweryfikowano treść: RAPORT O STANIE GMINY AUGUSTÓW, Kwiecień 2021 r. (za 2020); zastępuje błędny bazowy raport POWIATU augustowskiego",679861673953523024b0644eb19957b3f4b094d8021656d9a1496a53c3697937,zastosowano znalezione/poprawke
852,podlaskie,augustowski,Augustów,gmina wiejska,2001022,2021,BRAK,,brak,,,,BRAK_URL (dowód istnienia - plik utracony)
853,podlaskie,augustowski,Augustów,gmina wiejska,2001022,2022,OK,pdf,tekst,https://web.archive.org/web/20230602013552if_/https://gmina-augustow.home.pl/wp/wp-content/uploads/2023/05/2022raport2022_11.pdf,dostęp_bezpośredni | poprawka: ODZYSKANO Z WAYBACK (oryg. host martwy); kopia lokalna: pliki_weryfikowane/augustow_gmina_2022.pdf; zweryfikowano: zał. do Zarz. OR.0050.537.2023 Wójta Gminy Augustów z 11.04.2023 = raport za 2022; zastępuje cudzy dokument bazowy (PolitykaJakosci powiatu),37e2f0ff5ed8ae07ec25aa708c4c114af8b3321d1e4dee972016246ff3aaf418,zastosowano znalezione/poprawke
854,podlaskie,augustowski,Augustów,gmina wiejska,2001022,2023,OK,,tekst,https://samorzad.gov.pl/attachment/0bf8f370-086b-45f4-bdfd-83546424c133,dostęp_bezpośredni,d92e4a336ab19f63cbeabad2a9935ac18169fab925cfe1a349330ae02dd0ad6a,200
855,podlaskie,augustowski,Augustów,gmina wiejska,2001022,2024,OK,pdf,tekst,https://samorzad.gov.pl/attachment/ef23dce8-263b-4454-bd55-2c082bdb677f,dostęp_bezpośredni | poprawka: samorzad.gov.pl (Liferay); zarz. OR.0050.121.2025; podmiana — bazowy URL (c6e47c42) prowadzil do raportu za 2023,6b5e195237a230a76f1695147a341fe421b6cf42658a5d2aae68537592997cb0,zastosowano znalezione/poprawke
856,podlaskie,augustowski,Augustów,gmina wiejska,2001022,2025,OK,pdf,tekst,https://samorzad.gov.pl/attachment/10241e42-9377-4797-a11b-cd6356f8574a,"dostęp_bezpośredni | poprawka: samorzad.gov.pl (Liferay), strona XVIII sesji RG 26.05.2026; zarz. OR.0050.248.2026; podmiana — bazowy URL (b4c5fe75) prowadzil do raportu za 2024",8cdc435173e2636bea5f91910e56d23b178a201d8aa5b16f7aa4b613539a89ff,zastosowano znalezione/poprawke
857,podlaskie,augustowski,Bargłów Kościelny,gmina wiejska,2001032,2018,OK,,skan,https://bip-ugbarglow.podlaskie.eu/resource/116355/SBizhub+28319051614070.pdf,dostęp_bezpośredni,1ffcb01fb0030491e0f188b6aa2e875e1ef2da9f16f510ddf1ec52837a88746a,200
858,podlaskie,augustowski,Bargłów Kościelny,gmina wiejska,2001032,2019,OK,,tekst,https://bip-ugbarglow.podlaskie.eu/resource/file/download-file/id.4864,dostęp_bezpośredni,7dc552a14cc29848adf347976ff3d25d236ef4d7e88461f677a5ce4d67587ace,200
859,podlaskie,augustowski,Bargłów Kościelny,gmina wiejska,2001032,2020,OK,,tekst,https://bip-ugbarglow.podlaskie.eu/resource/117460/Raport+o+Stanie+Gminy+za+rok+2020.docx.pdf,dostęp_bezpośredni,9dea00e188c101ab8767275601878b7197d52569cb7d32f522d40fa42be9cbd6,200
860,podlaskie,augustowski,Bargłów Kościelny,gmina wiejska,2001032,2021,OK,,tekst,https://bip-ugbarglow.podlaskie.eu/resource/117853/Raport+o+Stanie+Gminy+za+rok+2021.pdf,dostęp_bezpośredni,12337580c1a1bad80a6a72f8d41d95b42cb9629f35246183984afc97167b2ae4,200
861,podlaskie,augustowski,Bargłów Kościelny,gmina wiejska,2001032,2022,OK,,tekst,https://bip-ugbarglow.podlaskie.eu/resource/116351/Raport+o+Stanie+Gminy+za+rok+2022.pdf,dostęp_bezpośredni,07d149185baf2949c26ac77d3dc7d776137d79e23a4c9111973b19952810db3d,200
862,podlaskie,augustowski,Bargłów Kościelny,gmina wiejska,2001032,2023,OK,,tekst,https://bip-ugbarglow.podlaskie.eu/resource/118400/Raport+o+Stanie+Gminy+za+rok+2023.pdf,dostęp_bezpośredni,3e5477f0cda53d81dc038f20644cdff7d11a6bde257c91bf7084817e176fd60f,200
863,podlaskie,augustowski,Bargłów Kościelny,gmina wiejska,2001032,2024,OK,,tekst,https://bip-ugbarglow.podlaskie.eu/resource/118672/Raport+o+Stanie+Gminy+za+rok+2024.pdf,dostęp_bezpośredni,4a72c867f5cd99926a4d64d2cf38c4bee5ab133f6962c716c5cdd0c47f0270f0,200
864,podlaskie,augustowski,Bargłów Kościelny,gmina wiejska,2001032,2025,OK,,tekst,https://bip-ugbarglow.podlaskie.eu/resource/118912/Raport+o+Stanie+Gminy+za+rok+2025.pdf,dostęp_bezpośredni,2e7ba2de7af9a7fdf02e808c170fbb3d3beb6848cd4a8c0e87971419b06649ef,200
865,podlaskie,augustowski,Lipsk,gmina miejsko-wiejska,2001043,2018,OK,,tekst,https://bip-umlipsk.podlaskie.eu/resource/116747/Raport+o+stanie+Gminy+Lipsk+za+rok+2018pdf+poprawiony+do+druku+wersja+ostateczna.pdf,dostęp_bezpośredni,47be0c02c7b994bb1700e6446418fe28596d49d0bbd6bbc7580611e1cdd014a6,200
866,podlaskie,augustowski,Lipsk,gmina miejsko-wiejska,2001043,2019,OK,,tekst,https://bip-umlipsk.podlaskie.eu/resource/116746/Raport+o+stanie+Gminy+Lipsk+za+rok+2019+06.04.+2020.pdf,dostęp_bezpośredni,0e8e02590776703bff7278f74d2be3835771f27ee9082a6d6b52c8201bfb927b,200
867,podlaskie,augustowski,Lipsk,gmina miejsko-wiejska,2001043,2020,OK,,tekst,https://bip-umlipsk.podlaskie.eu/resource/116745/RAPORT+O+STANIE+GMINY+2020+ROK_opt.pdf,dostęp_bezpośredni,2b14174664f5ebc2284b4c0c0fa75247f95bb27b692eaff508ab2296f5603232,200
868,podlaskie,augustowski,Lipsk,gmina miejsko-wiejska,2001043,2021,OK,,tekst,https://bip-umlipsk.podlaskie.eu/resource/116744/RAPORT+2021.wersja+do+drukupdf.pdf,dostęp_bezpośredni,fb6d2fb1b3538b732240cff0a75d6a9e2a2fe4e0184276efa9fceda31471dfff,200
869,podlaskie,augustowski,Lipsk,gmina miejsko-wiejska,2001043,2022,OK,,tekst,https://bip-umlipsk.podlaskie.eu/resource/116880/Raport+o+stanie+Gminy+za+2022+wersja+27.03.ostat.r.pdf,dostęp_bezpośredni,fa5e20fccbefef9d830637ddd97743396263c6245620b24d816c0068d7cf3362,200
870,podlaskie,augustowski,Lipsk,gmina miejsko-wiejska,2001043,2023,OK,,tekst,https://bip-umlipsk.podlaskie.eu/resource/117033/Raport+o+stanie+Gminy+za+2023+r.pdf,dostęp_bezpośredni,84423bcef2aaf32c129405b964cd27b05e1cf63c63a4ad0c39bf27611478fbcc,200
871,podlaskie,augustowski,Lipsk,gmina miejsko-wiejska,2001043,2024,OK,,tekst,https://lipsk.pl/images/phocagallery/wydarzenia_gminne/rok_2025/V/27/Raport_o_stanie_Gminy_za_2024_r_wersja_ostateczna_ok.pdf,dostęp_bezpośredni,48b3b6742fb43487abc8fd58fca5b116dd0b92bbf684416c9b1e706c56f7902f,200
872,podlaskie,augustowski,Lipsk,gmina miejsko-wiejska,2001043,2025,BRAK,,brak,brak,dogłębne sprawdzenie (web search + BIP + Wayback) - brak dowodu istnienia,,BRAK_URL (niepowstały)
873,podlaskie,augustowski,Nowinka,gmina wiejska,2001052,2018,OK,,tekst,https://bip-ugnowinka.podlaskie.eu/resource/116028/raport-za-2018.pdf,dostęp_bezpośredni,3ee4e35ca0a36b9c8988403840bd5900bbe02467eb003827691b48e6091e395c,200
874,podlaskie,augustowski,Nowinka,gmina wiejska,2001052,2019,OK,,tekst,https://bip-ugnowinka.podlaskie.eu/resource/116332/RAPORT+ZA+2019+ROK.pdf,dostęp_bezpośredni,5970e07c94a9d15a39dbfd9bd6e6de7836041067d3551c728b6f0a4832deabd0,200
875,podlaskie,augustowski,Nowinka,gmina wiejska,2001052,2020,OK,,tekst,https://bip-ugnowinka.podlaskie.eu/resource/116617/Za%25C5%2582%25C4%2585cznik+do+zarz%25C4%2585dzenia+RAPORT+ZA+2020+ROK.pdf,dostęp_bezpośredni,db45f1baa378a7aa690bb2528208cdef1bc2c8220ff2568cb68737dbb33543fa,200
876,podlaskie,augustowski,Nowinka,gmina wiejska,2001052,2021,OK,,tekst,https://bip-ugnowinka.podlaskie.eu/resource/116027/Za%25C5%2582%25C4%2585cznik+do+zarz%25C4%2585dzenia+RAPORT+ZA+2021+ROK.pdf,dostęp_bezpośredni,c08ecc487563b06adfb413422cb56eea2548821fa1b65d0d542baa1c34b28570,200
877,podlaskie,augustowski,Nowinka,gmina wiejska,2001052,2022,OK,,tekst,https://bip-ugnowinka.podlaskie.eu/resource/116027/RAPORT+ZA+2022+ROK.pdf,dostęp_bezpośredni,fc46f87f3c1a7e65baad57c22443f674246803e633079fcd6bf1d9c71191ec5a,200
878,podlaskie,augustowski,Nowinka,gmina wiejska,2001052,2023,OK,,tekst,https://bip-ugnowinka.podlaskie.eu/resource/116027/48-raport-gminy-2023.pdf,dostęp_bezpośredni,b7b11a5d04efebc567c6560b8af7259f99e39ffe06692c354fa0e44307785fa4,200
879,podlaskie,augustowski,Nowinka,gmina wiejska,2001052,2024,OK,,tekst,https://bip-ugnowinka.podlaskie.eu/resource/116027/Raport+o+stanie+Gminy+Nowinka+za+rok+2024.pdf,dostęp_bezpośredni,22a1a9ad0486e15ee5a7c36684654f53a0dea570c0bc067690228ae607713a85,200
880,podlaskie,augustowski,Nowinka,gmina wiejska,2001052,2025,OK,,tekst,https://bip-ugnowinka.podlaskie.eu/resource/116027/RAPORT+ZA+2025+ROK.pdf,dostęp_bezpośredni,8ed7e3a4025b98fbe76f93b029b62fd88d68db88b85220162c801d7c9ef9f517,200
881,podlaskie,augustowski,Płaska,gmina wiejska,2001062,2018,OK,,tekst,https://bip-ugplaska.podlaskie.eu/resource/5240/Raport+o+stanie+gminy+za+2019+r.pdf,dostęp_bezpośredni,6bec6a9260fcc6a1d547f6b0e91b6bae53dd106290e33311636c64df833b6c98,200
882,podlaskie,augustowski,Płaska,gmina wiejska,2001062,2019,OK,,tekst,https://bip-ugplaska.podlaskie.eu/resource/5240/Raport+o+stanie+gminy+za+2019+r.pdf,dostęp_bezpośredni,6bec6a9260fcc6a1d547f6b0e91b6bae53dd106290e33311636c64df833b6c98,200
883,podlaskie,augustowski,Płaska,gmina wiejska,2001062,2020,OK,,tekst,https://bip-ugplaska.podlaskie.eu/resource/5945/Raport+o+stanie+gminy+za+2020+r.pdf,dostęp_bezpośredni,2bc499f87cc2957b2d945df1afe06ca087045630c416e7dc8c105a4bcfd3b6f8,200
884,podlaskie,augustowski,Płaska,gmina wiejska,2001062,2021,OK,,tekst,https://bip-ugplaska.podlaskie.eu/resource/6360/Zarz%25C4%2585dzenie.295.22-+przyj%25C4%2599cie+raportu_za_2021.pdf,dostęp_bezpośredni,2533298449dd7c2962f0087066bbb61fbfad152165c624a8ec8831fa53aeb5de,200
885,podlaskie,augustowski,Płaska,gmina wiejska,2001062,2022,OK,,tekst,https://bip-ugplaska.podlaskie.eu/resource/6724/Zarz%25C4%2585dzenie.394.23-+przyj%25C4%2599cie+raportu_za_2022.pdf,dostęp_bezpośredni,f5c5d9196c20b46bd6d64f346e8c12883909d5266b0be32787275cc439a538f7,200
886,podlaskie,augustowski,Płaska,gmina wiejska,2001062,2023,OK,,tekst,https://bip-ugplaska.podlaskie.eu/resource/7107/Zarz%25C4%2585dzenie.9.24-+przyj%25C4%2599cie+raportu_za_2023.pdf,dostęp_bezpośredni,982bfc60a3a564bd583ae7432cac16f9fd5a1c2558457add633bf8bbd0a7545d,200
887,podlaskie,augustowski,Płaska,gmina wiejska,2001062,2024,OK,,tekst,https://bip-ugplaska.podlaskie.eu/resource/7513/Zarz%25C4%2585dzenie.109.25-+przyj%25C4%2599cie+raportu_za_2024.pdf,dostęp_bezpośredni,24d60dbbd81f50ff99ec2c29c1e8813fe7dcc4f045d3e13ddffbec823decf2dd,200
888,podlaskie,augustowski,Płaska,gmina wiejska,2001062,2025,OK,,tekst,https://bip-ugplaska.podlaskie.eu/resource/7911/Zarz%25C4%2585dzenie.204.26-+przyj%25C4%2599cie+raportu_za_2025.pdf,dostęp_bezpośredni,fd810b0e76292450b832f5d93ac7776bbcf75a0ba451d67771008d4ff95fa62d,200
889,podlaskie,augustowski,Sztabin,gmina wiejska,2001072,2018,OK,,tekst,https://ugsztabin.bip.gov.pl/fobjects/download/574781/zarzadzenie-nr-60-2019-wojta-gminy-sztabin-w-sprawie-przedstawienia-raportu-o-stanie-gminy-sztabin-za-2018-rok-pdf.html,dostęp_bezpośredni (polskie IP przez Tor),84f9a719b75995f238dc57fe99e9767a02ab379c500b9bf0d21766a035192d42,200
890,podlaskie,augustowski,Sztabin,gmina wiejska,2001072,2019,OK,,tekst,https://ugsztabin.bip.gov.pl/fobjects/download/777018/zarzadzenie-nr-159-2020-wojta-gminy-sztabin-w-sprawie-przedstawienia-raportu-o-stanie-gminy-sztabin-za-2019-rok-pdf.html,dostęp_bezpośredni (polskie IP przez Tor),5648f17e7c4f58313d893d091926815bbf0e180fc579032f490f8337b8b0ec11,200
891,podlaskie,augustowski,Sztabin,gmina wiejska,2001072,2020,OK,,tekst,https://ugsztabin.bip.gov.pl/fobjects/download/990697/zarzadzenie-nr-240-2021-pdf.html,dostęp_bezpośredni (polskie IP przez Tor),82823e6a1be618a282988b8051d4e89b3482493e1e55b8f38418c5e79536215e,200
892,podlaskie,augustowski,Sztabin,gmina wiejska,2001072,2021,OK,,tekst,https://ugsztabin.bip.gov.pl/fobjects/download/1246827/raport-o-stanie-gminy-21-docx.html,dostęp_bezpośredni (polskie IP przez Tor),112c771502cb5cccdf43cd6461e22ee6a5a6a416d22bf5a52d3434874f8a946a,200
893,podlaskie,augustowski,Sztabin,gmina wiejska,2001072,2022,OK,,tekst,https://ugsztabin.bip.gov.pl/fobjects/download/1475602/raport-o-stanie-gminy-2022-docx.html,dostęp_bezpośredni (polskie IP przez Tor),3bae8f8c74b250a72dc4218ab6ce5fa4d3846ac15fbb177da63c02c30ee7a114,200
894,podlaskie,augustowski,Sztabin,gmina wiejska,2001072,2023,BRAK,,brak,brak,sprawdzone - brak raportu w sekcji BIP,,BRAK_URL (sprawdzone/nieopublikowane)
895,podlaskie,augustowski,Sztabin,gmina wiejska,2001072,2024,OK,,tekst,https://ugsztabin.bip.gov.pl/fobjects/download/1987073/zarzadzenie-nr-71-2025-wojta-gminy-sztabin-z-dnia-12-maja-2025-r-w-sprawie-przedstawienia-raportu-o-stanie-gminy-sztabin-za-rok-2024.html,dostęp_bezpośredni (polskie IP przez Tor),9116d8644b1d27f6e9541453d00657cede461c8aaa765e5113c1d36cce9014e3,200
896,podlaskie,augustowski,Sztabin,gmina wiejska,2001072,2025,OK,,tekst,https://ugsztabin.bip.gov.pl/fobjects/download/2264039/raport-o-stanie-gminy-za-2025-pdf.html,dostęp_bezpośredni (polskie IP przez Tor),d4fb84fb2e95ad15ea04d3f8a865081b0e479e52bf0050030a2adacf5c849f1b,200
897,podlaskie,białostocki,Choroszcz,gmina miejsko-wiejska,2002013,2018,OK,,tekst,https://bip.choroszcz.pl/resource/11307/RAPORT+o+stanie+Gminy+Choroszcz+za+2018+rok.pdf,dostęp_bezpośredni,9bf713a6e388487fbbb96375996d853bd8f8164840b0848bc350b409acc75624,200
898,podlaskie,białostocki,Choroszcz,gmina miejsko-wiejska,2002013,2019,OK,,tekst,https://bip.choroszcz.pl/resource/12499/RAPORT+o+stanie+Gminy+Choroszcz+za+2019+rok.pdf,dostęp_bezpośredni,44dfb84ba2885d90af89996ed0001fa35ce71149782c53c8e95e85e48d4b6e45,200
899,podlaskie,białostocki,Choroszcz,gmina miejsko-wiejska,2002013,2020,OK,,tekst,https://bip.choroszcz.pl/resource/13592/RAPORT+O+STANIE+GMINY+W+ROKU+2020.pdf,dostęp_bezpośredni,fea996ec0854e6ec9101660ad7cef8397a98fd8366fc3bce63c25205dc0e6a7f,200
900,podlaskie,białostocki,Choroszcz,gmina miejsko-wiejska,2002013,2021,OK,,tekst,https://bip.choroszcz.pl/resource/14186/RAPORT+o+stanie+Gminy+Choroszcz+za+2021+rok.pdf,dostęp_bezpośredni,c8b935cbb0b976727fe9b66bdd467ed4a421a93c023b115ba00d29f63e46520a,200
901,podlaskie,białostocki,Choroszcz,gmina miejsko-wiejska,2002013,2022,OK,,tekst,https://bip.choroszcz.pl/resource/14551/RAPORT+o+stanie+Gminy+Choroszcz+za+2022+rok.docx,dostęp_bezpośredni,d9beead7a8d8d7b7c9478eb718fbde2edfacee6a05e5fa4638fde27403c49dae,200
902,podlaskie,białostocki,Choroszcz,gmina miejsko-wiejska,2002013,2023,OK,,tekst,https://bip.choroszcz.pl/resource/16038/uchwalaxxv2242026_przystapienie_do_zmiany_mpz+%25281%2529.pdf,dostęp_bezpośredni,10d7aba2df6a03abe46e60c6d135334201948172e8742381cfa222f10ab7b143,200
903,podlaskie,białostocki,Choroszcz,gmina miejsko-wiejska,2002013,2024,OK,,tekst,https://bip.choroszcz.pl/resource/15538/Raport+o+stanie+Gminy_za+2024+rok.pdf,dostęp_bezpośredni,9fb760e0d24b14311416717f6c336d1896963ae949453f306a9f1ddf12453bc8,200
904,podlaskie,białostocki,Choroszcz,gmina miejsko-wiejska,2002013,2025,OK,,tekst,https://bip.choroszcz.pl/resource/15922/Raport+o+stanie+Gminy_za+2025+rok.pdf,dostęp_bezpośredni,4bd66f517575b131166f509dd3e8bfac0762d188cbcfc96d8ed7b423ff6aa727,200
905,podlaskie,białostocki,Czarna Białostocka,gmina miejsko-wiejska,2002023,2018,OK,,tekst,https://bip-umczarnabialostocka.podlaskie.eu/resource/6535/Raport+o+stanie+Gminy+Czarna+Bia%C5%82ostocka+za+2018+rok.pdf,dostęp_bezpośredni,85ce41e74ebe4572d12dcfc84d229c3c48874a99e9ef2f152564cd0ff83cdba1,200
906,podlaskie,białostocki,Czarna Białostocka,gmina miejsko-wiejska,2002023,2019,OK,,tekst,https://bip-umczarnabialostocka.podlaskie.eu/resource/7819/Raport+o+stanie+gminy+Czarna+Bia%C5%82ostocka+za+2019+rok.pdf,dostęp_bezpośredni,4262f81b66c7988e999f4ff423b6515f6d95db3bd96e097a314430905396bc5c,200
907,podlaskie,białostocki,Czarna Białostocka,gmina miejsko-wiejska,2002023,2020,OK,,tekst,https://bip-umczarnabialostocka.podlaskie.eu/resource/9064/17589/Raport+o+stanie+Gminy+Czarna+Bia%C5%82ostocka+za+2020+rok.pdf,dostęp_bezpośredni,7c373b95a6954fdd841c70357bfe3245dbf7a488ea724a20e29d0d67c70119c0,200
908,podlaskie,białostocki,Czarna Białostocka,gmina miejsko-wiejska,2002023,2021,OK,,tekst,https://bip-umczarnabialostocka.podlaskie.eu/resource/6534/Raport+o+stanie+Gminy+Czarna+Bia%C5%82ostocka+za+2021+rok.pdf,dostęp_bezpośredni,2ee3631c93188489e689ea0b00a390eb5db0d038e8c7bb9d555cc6f8507a002d,200
909,podlaskie,białostocki,Czarna Białostocka,gmina miejsko-wiejska,2002023,2022,OK,,tekst,https://bip-umczarnabialostocka.podlaskie.eu/resource/6534/Raport+o+stanie+Gminy+Czarna+Bia%C5%82ostocka+2022.pdf,dostęp_bezpośredni,7d24388f676c91e2693340c2fc8b933eb7d9251e09d7f753b1466cdfb2897f78,200
910,podlaskie,białostocki,Czarna Białostocka,gmina miejsko-wiejska,2002023,2023,OK,,tekst,https://bip-umczarnabialostocka.podlaskie.eu/resource/2407/Raport+o+stanie+Gminy+Czarna+Bia%C5%82ostocka+2023+rok.pdf,dostęp_bezpośredni,936f9f757e5209ea9e4048a93ea91f0fc554c97dbbbc815fdab8aa66648e89e3,200
911,podlaskie,białostocki,Czarna Białostocka,gmina miejsko-wiejska,2002023,2024,OK,,tekst,https://bip-umczarnabialostocka.podlaskie.eu/resource/2407/Raport+o+stanie+Gminy+Czarna+Bia%C5%82ostocka+2024+rok.pdf,dostęp_bezpośredni,46c02ffc1d2a69425c755e551a01d9227413be813601a37e6db917dbbeed15d4,200
912,podlaskie,białostocki,Czarna Białostocka,gmina miejsko-wiejska,2002023,2025,OK,,tekst,https://czarnabialostocka.pl/Common/pobierzPlik/id/1432/module_short/port/obj_id/146/culture/pl/version/pub.html,dostęp_bezpośredni,3a41f24601eb9acc678b1f6049b84230d5ae878e9f07343e5908af8ac1cb0144,200
913,podlaskie,białostocki,Dobrzyniewo Duże,gmina wiejska,2002032,2018,OK,,tekst,https://bip-ugdobrzyniewoduze.podlaskie.eu/resource/115489/Raport o stanie gminy Dobrzyniewo Duże za 2018 r.pdf/attachment.1,dostęp_bezpośredni,54d5fe14cce3403ab7eb9cac7798985386f68f53cd850bafa5762aea25e28004,200
914,podlaskie,białostocki,Dobrzyniewo Duże,gmina wiejska,2002032,2019,OK,,tekst,https://bip-ugdobrzyniewoduze.podlaskie.eu/resource/file/download-file/id.8191/attachment.1,dostęp_bezpośredni,a2478392100b4dad91f99c6f87c2657329ffae75f677218d0f3ce39421609284,200
915,podlaskie,białostocki,Dobrzyniewo Duże,gmina wiejska,2002032,2020,OK,,tekst,https://bip-ugdobrzyniewoduze.podlaskie.eu/resource/file/download-file/id.9270/attachment.1,dostęp_bezpośredni,b009120d2b5517b4242c72fbfd12363f78d6dcc33066beb25f4ff381e9b6ab72,200
916,podlaskie,białostocki,Dobrzyniewo Duże,gmina wiejska,2002032,2021,OK,,tekst,https://bip-ugdobrzyniewoduze.podlaskie.eu/resource/115489/raport_2021.pdf/attachment.1,dostęp_bezpośredni,100250fd2ddad0dd64cda864c277ad37e52fef18588f70936515c7e9040c59b9,200
917,podlaskie,białostocki,Dobrzyniewo Duże,gmina wiejska,2002032,2022,OK,,tekst,https://bip-ugdobrzyniewoduze.podlaskie.eu/resource/115489/raport_osg_2022.pdf,dostęp_bezpośredni,f6ae7b1ed58941f804654edb5b625007a7ba5617ece6c81ffd1091c19deab6ce,200
918,podlaskie,białostocki,Dobrzyniewo Duże,gmina wiejska,2002032,2023,OK,,tekst,https://bip-ugdobrzyniewoduze.podlaskie.eu/resource/116962/ogłoszenie.pdf/attachment.1,dostęp_bezpośredni,cf6dbfd1e19005a279fb28deae17bbae5ae90ad65bb7a971b5a344142045d7a8,200
919,podlaskie,białostocki,Dobrzyniewo Duże,gmina wiejska,2002032,2024,OK,,tekst,https://dobrzyniewoduze-2024.g.fundacjamiasto.pl/,dostęp_bezpośredni,6183168caa513bfdd1dcd608f64699182cdacec05c52ac742fe9f9b75b1b773d,200
920,podlaskie,białostocki,Dobrzyniewo Duże,gmina wiejska,2002032,2025,OK,,tekst,https://bip-ugdobrzyniewoduze.podlaskie.eu/resource/117532/20260517_Dobrzyniewo_Du%C5%BCe+Raport+o+stanie+Gminy+w+2025+roku.pdf,dostęp_bezpośredni,88cb3824b61eba66d8d1cb87186f8fb1c3118c8bb330d59848d63788528539d9,200
921,podlaskie,białostocki,Grabówka,gmina wiejska,2002162,2018,BRAK,,NIE_ISTNIEJE,NIE_ISTNIEJE,dogłębne sprawdzenie (web search + BIP + Wayback + archiwa) - brak dowodu istnienia raportu,,BRAK_URL (niepowstały)
922,podlaskie,białostocki,Grabówka,gmina wiejska,2002162,2019,BRAK,,NIE_ISTNIEJE,NIE_ISTNIEJE,dogłębne sprawdzenie (web search + BIP + Wayback + archiwa) - brak dowodu istnienia raportu,,BRAK_URL (niepowstały)
923,podlaskie,białostocki,Grabówka,gmina wiejska,2002162,2020,BRAK,,NIE_ISTNIEJE,NIE_ISTNIEJE,dogłębne sprawdzenie (web search + BIP + Wayback + archiwa) - brak dowodu istnienia raportu,,BRAK_URL (niepowstały)
924,podlaskie,białostocki,Grabówka,gmina wiejska,2002162,2021,BRAK,,NIE_ISTNIEJE,NIE_ISTNIEJE,dogłębne sprawdzenie (web search + BIP + Wayback + archiwa) - brak dowodu istnienia raportu,,BRAK_URL (niepowstały)
925,podlaskie,białostocki,Grabówka,gmina wiejska,2002162,2022,BRAK,,NIE_ISTNIEJE,NIE_ISTNIEJE,dogłębne sprawdzenie (web search + BIP + Wayback + archiwa) - brak dowodu istnienia raportu,,BRAK_URL (niepowstały)
926,podlaskie,białostocki,Grabówka,gmina wiejska,2002162,2023,BRAK,,NIE_ISTNIEJE,NIE_ISTNIEJE,dogłębne sprawdzenie (web search + BIP + Wayback + archiwa) - brak dowodu istnienia raportu,,BRAK_URL (niepowstały)
927,podlaskie,białostocki,Grabówka,gmina wiejska,2002162,2024,BRAK,,NIE_ISTNIEJE,NIE_ISTNIEJE,dogłębne sprawdzenie (web search + BIP + Wayback + archiwa) - brak dowodu istnienia raportu,,BRAK_URL (niepowstały)
928,podlaskie,białostocki,Grabówka,gmina wiejska,2002162,2025,OK,,tekst,https://bip.gminagrabowka.pl/resource/1105/Za%C5%82acznik+do+zarz%C4%85dzenia.pdf,dostęp_bezpośredni,0a081cdb44ea4690efb5487618a8ed49dc1e427af1ce7b819b61e8ba8f2d8d1f,200
929,podlaskie,białostocki,Gródek,gmina wiejska,2002042,2018,OK,,tekst,https://bip-uggrodek.podlaskie.eu/resource/9516/Raport_o_stanie_Gminy_Grodek_w_2018_r_.pdf,dostęp_bezpośredni,b1fda78dd47e33830ec03f059d7c5cca0368e385e220f9903bd24b79393d58c7,200
930,podlaskie,białostocki,Gródek,gmina wiejska,2002042,2019,OK,,tekst,https://bip-uggrodek.podlaskie.eu/resource/9514/Raport_o_stanie_Gminy_Grodek_w_2019_r_.pdf,dostęp_bezpośredni,5e8070387e46a22029941fea213ccf7c215bdc6aca7813eb227d57a91e95f290,200
931,podlaskie,białostocki,Gródek,gmina wiejska,2002042,2020,OK,,tekst,https://bip-uggrodek.podlaskie.eu/resource/10859/RAPORT_O_STANIE_GMINY_GR%C3%93DEK.pdf,dostęp_bezpośredni,c096749d25be46f15d2520fd388ea26e22c54a145ae530b816497408197b168c,200
932,podlaskie,białostocki,Gródek,gmina wiejska,2002042,2021,OK,,skan,https://bip-uggrodek.podlaskie.eu/resource/file/download-file/id.15858/attachment.1,dostęp_bezpośredni,056686a305044c3cc3832e63cd6346e5360a72c39dfb633a9450f99866c8eb9c,200
933,podlaskie,białostocki,Gródek,gmina wiejska,2002042,2022,OK,,skan,https://bip-uggrodek.podlaskie.eu/resource/file/download-file/id.15877/attachment.1,dostęp_bezpośredni,1d62f800941ffde63fc1b187d8153b16480aaccf51942648036f8b0e3bd82c16,200
934,podlaskie,białostocki,Gródek,gmina wiejska,2002042,2023,OK,,tekst,https://web.archive.org/web/20251211024051id_/https://www.grodek.pl/images/Raport_o_stanie_Gminy_Gr%C3%B3dek_za_rok_2023.pdf,dostęp_bezpośredni,0f5551cd5d6e78fc74de99f7f2e74832ab008e7a9c261aa817f230367df4c655,200
935,podlaskie,białostocki,Gródek,gmina wiejska,2002042,2024,OK,,tekst,https://web.archive.org/web/20260216080909id_/https://www.grodek.pl/images/Raport_o_stanie_Gminy_Gr%C3%B3dek_za_rok_2024.pdf,dostęp_bezpośredni,c947a72abd78bfd0e0d7a8012ede056dcf1bf4b0abf0cae8b1e00154e4b284dc,200
936,podlaskie,białostocki,Gródek,gmina wiejska,2002042,2025,OK,,tekst,http://tor.backup2.sam3.pl/httrack/grodek.pl/www.grodek.pl/images/Raport_o_stanie_Gminy_Gr%c3%b3dek_za_rok_2025_BIP.pdf,dostęp_bezpośredni,baa2cbbb77584721ed80bb65790362e38ca0fa295fb353dc4e0e1f4ca4eb485a,200
937,podlaskie,białostocki,Juchnowiec Kościelny,gmina wiejska,2002052,2018,OK,,tekst,https://bip-ugjuchn-kosc.podlaskie.eu/resource/file/download-file/id.11498/attachment.1,dostęp_bezpośredni,6d3725f2b0ff5544769a457cdbbc2d8aabb6f384dfcb643ed2be0705de9fd980,200
938,podlaskie,białostocki,Juchnowiec Kościelny,gmina wiejska,2002052,2019,OK,,skan,https://bip-ugjuchn-kosc.podlaskie.eu/resource/file/download-file/id.13857/attachment.1,dostęp_bezpośredni,3027f0322267bf2369c8c075ee788f55e5e131037ec7e9c505b49d48f7896ad3,200
939,podlaskie,białostocki,Juchnowiec Kościelny,gmina wiejska,2002052,2020,OK,,skan,https://bip-ugjuchn-kosc.podlaskie.eu/resource/file/download-file/id.16088/attachment.1,dostęp_bezpośredni,c8e11c5aa0f1854b9f3760c46919ddf0cbbb15dc21466687562ba67f7178100a,200
940,podlaskie,białostocki,Juchnowiec Kościelny,gmina wiejska,2002052,2021,OK,,tekst,https://bip-ugjuchn-kosc.podlaskie.eu/resource/117134/Zarządzenie Nr ORG.0050.343.2022 Raport o stanie gminy za 2021.pdf/attachment.1,dostęp_bezpośredni,01510c5de5979cf96cf9a0254b8cc1059ba0dba1c701c402239998b8d7bd69b2,200
941,podlaskie,białostocki,Juchnowiec Kościelny,gmina wiejska,2002052,2022,OK,,tekst,https://bip.juchnowiec.gmina.pl/resource/117134/RAPORT O  STANIE GMINY za 2022.pdf/attachment.1,dostęp_bezpośredni (wył. weryf. SSL),5edd79bee90489942b55d572d98b798a2aad117440cd838d6a767408d8f2bdfd,200 (po wył. weryf. SSL)
942,podlaskie,białostocki,Juchnowiec Kościelny,gmina wiejska,2002052,2023,OK,,tekst,https://bip.juchnowiec.gmina.pl/resource/120539/RAPORT O  STANIE GMINY ZA 2023.pdf/attachment.1,dostęp_bezpośredni (wył. weryf. SSL),950ba0d1fc55d75841c914ef9526079ec2bea7c9a5552baa1532ea66c67e3deb,200 (po wył. weryf. SSL)
943,podlaskie,białostocki,Juchnowiec Kościelny,gmina wiejska,2002052,2024,OK,,tekst,https://bip.juchnowiec.gmina.pl/resource/121169/Zarz%C4%85dzenie+Nr+ORG.0050.141.2025.pdf,dostęp_bezpośredni (wył. weryf. SSL),e800bb242aca7b6a2b8de438029360f27cd30f515f99395ca12d7f9813b9bf2a,200 (po wył. weryf. SSL)
944,podlaskie,białostocki,Juchnowiec Kościelny,gmina wiejska,2002052,2025,OK,pdf,tekst,https://bip-ugjuchn-kosc.podlaskie.eu/resource/121545/Zarz%C4%85dzenie+Nr+ORG.0050.263.2026.pdf,dowód: raporty 2018-2024 na bip-ugjuchn-kosc.podlaskie.eu; 2025 bieżący | znalezione: dostęp_bezpośredni (bip-ugjuchn-kosc.podlaskie.eu),987a7078933da171b89a2130484580676788273f2c978afb279b336a6a4043cd,zastosowano znalezione/poprawke
945,podlaskie,białostocki,Michałowo,gmina miejsko-wiejska,2002073,2018,BRAK,,brak,brak,dogłębne sprawdzenie (web search + BIP + Wayback) - brak dowodu istnienia,,BRAK_URL (niepowstały)
946,podlaskie,białostocki,Michałowo,gmina miejsko-wiejska,2002073,2019,BRAK,,brak,brak,dogłębne sprawdzenie (web search + BIP + Wayback) - brak dowodu istnienia,,BRAK_URL (niepowstały)
947,podlaskie,białostocki,Michałowo,gmina miejsko-wiejska,2002073,2020,OK,,tekst,https://bip-ugmichalowo.podlaskie.eu/resource/119080/raport+o+stanie+gminy+za+2020.pdf,dostęp_bezpośredni,dba0d1cf9696da89328ae4b49345a58fd2b7e628272849a7603a505457db6699,200
948,podlaskie,białostocki,Michałowo,gmina miejsko-wiejska,2002073,2021,OK,,tekst,https://bip-ugmichalowo.podlaskie.eu/resource/119753/raport+o+stanie+gminy+za+2021.pdf,dostęp_bezpośredni,efa22f85cfc3ad39a7d849f85784ba8d85ddcb6fe978698cb40f6e6a77f1302c,200
949,podlaskie,białostocki,Michałowo,gmina miejsko-wiejska,2002073,2022,OK,,tekst,https://bip-ugmichalowo.podlaskie.eu/resource/120327/Raport+o+stanie+gminy+2022+.pdf,dostęp_bezpośredni,eec95287294345146a4930eafce3c24f52443c064568997c8ae4db5d5ce042ec,200
950,podlaskie,białostocki,Michałowo,gmina miejsko-wiejska,2002073,2023,OK,,tekst,https://bip-ugmichalowo.podlaskie.eu/resource/120676/Raport+o+stanie+Gminy+Micha%25C5%2582owo+za+2023+r.pdf,dostęp_bezpośredni,141f04d2da3b6bae955e31d34684c2ecd2ed31f41c924e1a5c93775f7f2c6ecf,200
951,podlaskie,białostocki,Michałowo,gmina miejsko-wiejska,2002073,2024,OK,,tekst,https://bip-ugmichalowo.podlaskie.eu/resource/121229/Raport+o+stanie+Gminy+Micha%25C5%2582owo+za+2024r.pdf,dostęp_bezpośredni,19dfc6d215fbd15f9ec694f95d1b448a4930b3fb94ba4f8cac68823c94a8d40c,200
952,podlaskie,białostocki,Michałowo,gmina miejsko-wiejska,2002073,2025,OK,,tekst,https://bip-ugmichalowo.podlaskie.eu/resource/121666/Raport+o+stanie+Gminy+Micha%25C5%2582owo+za+2025r.pdf,dostęp_bezpośredni,229c60b7bc11d5f31fd16e785a49e59cbf618f37642e70600072ffa5b42af8af,200
953,podlaskie,białostocki,Poświętne,gmina wiejska,2002082,2018,OK,,tekst,https://bip-ugposwietne.podlaskie.eu/resource/file/download-file/id.4823/attachment.1,dostęp_bezpośredni,e4aa05c8a0b20b72023a0cc667ccdb940d976705813b8f4810715b9083a562b2,200
954,podlaskie,białostocki,Poświętne,gmina wiejska,2002082,2019,OK,,tekst,https://bip-ugposwietne.podlaskie.eu/resource/file/download-file/id.4823/attachment.1,dostęp_bezpośredni,e4aa05c8a0b20b72023a0cc667ccdb940d976705813b8f4810715b9083a562b2,200
955,podlaskie,białostocki,Poświętne,gmina wiejska,2002082,2020,OK,,tekst,https://bip-ugposwietne.podlaskie.eu/resource/file/download-file/id.4823/attachment.1,dostęp_bezpośredni,e4aa05c8a0b20b72023a0cc667ccdb940d976705813b8f4810715b9083a562b2,200
956,podlaskie,białostocki,Poświętne,gmina wiejska,2002082,2021,OK,,tekst,https://bip-ugposwietne.podlaskie.eu/resource/115115/rapoSGza2021r.pdf/attachment.1,dostęp_bezpośredni,9e0720afcb680e9c37da14ba229f20910caf73cb27d2abc2ea40fc15c561ed71,200
957,podlaskie,białostocki,Poświętne,gmina wiejska,2002082,2022,OK,,tekst,https://bip-ugposwietne.podlaskie.eu/resource/115115/rapoSGza2022r.pdf/attachment.1,dostęp_bezpośredni,6d73a22630b529df5e511a2cff07dada586b0ddc3eac0819545e27eb2d0f7e57,200
958,podlaskie,białostocki,Poświętne,gmina wiejska,2002082,2023,OK,,tekst,https://ugposwietne.podlaskie.eu/resource/2860/RAPORT+O+STANIE+GMINY+PO%C5%9AWI%C4%98TNE+ZA+2023+R..pdf,dostęp_bezpośredni,b35be8077bc03fbadd1822a552dcaac8ac78a72233b6badcc511a45ab7c6b80e,200
959,podlaskie,białostocki,Poświętne,gmina wiejska,2002082,2024,OK,,tekst,https://bip-ugposwietne.podlaskie.eu/resource/115115/infoSGza2024r..docx/attachment.1,dostęp_bezpośredni,9313c3123e89ff4b361a574d407d08156a5d9a03730fba7d660a6df4b6911a20,200
960,podlaskie,białostocki,Poświętne,gmina wiejska,2002082,2025,OK,,tekst,https://bip-ugposwietne.podlaskie.eu/resource/115115/rosg2025.pdf/attachment.1,dostęp_bezpośredni,28770e157905d245e3b2456e5f29a2e82eda2f28986d269c741f76beb51a5afc,200
961,podlaskie,białostocki,Supraśl,gmina miejsko-wiejska,2002093,2018,OK,,tekst,https://bip-umsuprasl.podlaskie.eu/resource/11973/raport+o+stanie+gminy+-+za+rok+2018.pdf,dostęp_bezpośredni,f64fc712029e035216b8bd0df5375b07759e13af2b8d93f5fc9d8d42fef74069,200
962,podlaskie,białostocki,Supraśl,gmina miejsko-wiejska,2002093,2019,OK,,tekst,https://bip-umsuprasl.podlaskie.eu/resource/11975/raport+o+stanie+gminy+-+za+rok+2019+r..pdf,dostęp_bezpośredni,4ac6573aa88a61842f76dbcd1a4edb83764c2adf502c401b4eae6f6033f31b4a,200
963,podlaskie,białostocki,Supraśl,gmina miejsko-wiejska,2002093,2020,OK,,tekst,https://bip-umsuprasl.podlaskie.eu/resource/12889/raport+o+stanie+gminy+za+2020+r..pdf,dostęp_bezpośredni,5e7d56586d00565df38bd0dd3a3a60d5c03ad2b898682371de0e711316ac4ab7,200
964,podlaskie,białostocki,Supraśl,gmina miejsko-wiejska,2002093,2021,OK,,tekst,https://bip-umsuprasl.podlaskie.eu/resource/13691/Raport+o+stanie+Gminy+Supra%C5%9Bl+za+rok+2021.pdf,dostęp_bezpośredni,b1123ac2adadedaf222132f6b75ed6c7c9a8a7ddd1e94b90aea90507655a9927,200
965,podlaskie,białostocki,Supraśl,gmina miejsko-wiejska,2002093,2022,OK,,tekst,https://bip-umsuprasl.podlaskie.eu/resource/14238/Raport+o+stanie+gminy+Supra%C5%9Bl+za+rok+2022.pdf,dostęp_bezpośredni,cf82e3c43271da587b3ee084da75bd752837df4091140f151c072f2758b1ec87,200
966,podlaskie,białostocki,Supraśl,gmina miejsko-wiejska,2002093,2023,OK,,tekst,https://bip-umsuprasl.podlaskie.eu/resource/14876/Raport+o+stanie+Gminy+Supra%C5%9Bl+za+rok+2023.pdf,dostęp_bezpośredni,57d238a2987cfb14c993b8a85782e2425912f338f2df88528db7165c839c8815,200
967,podlaskie,białostocki,Supraśl,gmina miejsko-wiejska,2002093,2024,OK,,tekst,https://bip-umsuprasl.podlaskie.eu/resource/15314/Raport+o+stanie+Gminy+Supra%C5%9Bl+za+rok+2024.pdf,dostęp_bezpośredni,5d69edf6f950b1265bdc7ba7a37da0b4242e36d2681e3095df66f691e672a657,200
968,podlaskie,białostocki,Supraśl,gmina miejsko-wiejska,2002093,2025,OK,,skan,https://bip-umsuprasl.podlaskie.eu/resource/15710/Raport+o+stanie+Gminy+Supra%25C5%259Bl+za+rok+2025.pdf,dostęp_bezpośredni,6e375f983bdefb1ed4b732892cfeed01876b4b0c8c4dd89ad6e3ebacfb588915,200
969,podlaskie,białostocki,Suraż,gmina miejsko-wiejska,2002103,2018,OK,,tekst,https://bip-umsuraz.podlaskie.eu/resource/115464/Raport+za+2018+r..pdf,dostęp_bezpośredni,ed5398fe230ef2392e042b530ef465bbdce31d74d94a61378bd6416625468729,200
970,podlaskie,białostocki,Suraż,gmina miejsko-wiejska,2002103,2019,OK,,tekst,https://bip-umsuraz.podlaskie.eu/resource/115632/Raport+o+stanie+gminy+Sura%C5%BC+za+2019r.pdf,dostęp_bezpośredni,0f922fd904db7dac6f67dc235609cce1d23f43e70eaa6b84825ef49d842135bd,200
971,podlaskie,białostocki,Suraż,gmina miejsko-wiejska,2002103,2020,OK,,tekst,https://bip-umsuraz.podlaskie.eu/resource/file/download-file/id.5978/attachment.1,dostęp_bezpośredni,aae5d2183aff1ced10acda4c03f2d97d2a622235981f38bd23819e5709504797,200
972,podlaskie,białostocki,Suraż,gmina miejsko-wiejska,2002103,2021,OK,,tekst,https://bip-umsuraz.podlaskie.eu/resource/115846/raport2021.pdf/attachment.1,dostęp_bezpośredni,7eccc82d46344328f169117a7dffe2d024c2b74f0821f0dfb5234ea66c29ee1a,200
973,podlaskie,białostocki,Suraż,gmina miejsko-wiejska,2002103,2022,OK,,tekst,https://bip-umsuraz.podlaskie.eu/resource/115920/Raport_o_stanie_gminy_Suraż_za_2022_r.pdf/attachment.1,dostęp_bezpośredni,34789a5f33ac3dce0a26dcdade0416d062d0230cdaa488cb0612bedf9aabeec6,200
974,podlaskie,białostocki,Suraż,gmina miejsko-wiejska,2002103,2023,OK,,tekst,https://bip-umsuraz.podlaskie.eu/resource/115989/Raport_o_stanie_gminy_Suraż_za_2023_r.pdf/attachment.1,dostęp_bezpośredni,38d6bf521ef935b2a6e3ed434d2add241fcc1ffc7fcea2a209d544a8e5bfb5a9,200
975,podlaskie,białostocki,Suraż,gmina miejsko-wiejska,2002103,2024,OK,,tekst,https://bip-umsuraz.podlaskie.eu/resource/116077/Image_049.pdf/attachment.1,dostęp_bezpośredni,fa3c1e9dfd7709f85565e09c983b22c60e49c6f582cc89cfd8e8c19aa5ed3ed1,200
976,podlaskie,białostocki,Suraż,gmina miejsko-wiejska,2002103,2025,OK,,tekst,https://bip-umsuraz.podlaskie.eu/resource/116076/raport gminy Suraż za 2025r..pdf/attachment.1,dostęp_bezpośredni (wył. weryf. SSL),4ea2f1a06746c561dcf1c6bde32c30446afcd3be271a5d63d5cad3d865b0f5a3,200 (po wył. weryf. SSL)
977,podlaskie,białostocki,Turośń Kościelna,gmina wiejska,2002112,2018,OK,,tekst,https://bip-ugturosn.podlaskie.eu/resource/117910/Raport+o+stanie+Gminy+Turo%25C5%259B%25C5%2584+Ko%25C5%259Bcielna+w+roku+2018.pdf,dostęp_bezpośredni,6991c04f9c4c1722cfd6983a2941397364a7f302306e5c9472a25b4d3c50d913,200
978,podlaskie,białostocki,Turośń Kościelna,gmina wiejska,2002112,2019,OK,,tekst,https://bip-ugturosn.podlaskie.eu/resource/118962/raport-o-stanie-gminy-za-rok-2019_804271.pdf,dostęp_bezpośredni,8503a9804697531fc7e3da9fc84f6273fe70e2e42fff8ecdd49db1ce73fc5af1,200
979,podlaskie,białostocki,Turośń Kościelna,gmina wiejska,2002112,2020,OK,,tekst,https://bip-ugturosn.podlaskie.eu/resource/119983/Raport+o+stanie+gminy+za+2020+r.+-+31.05.2021+r..pdf,dostęp_bezpośredni,0e648ed8ff4a6cb823088a7ed38763cdc630f946a100a212d8f9bb5f259bd3e9,200
980,podlaskie,białostocki,Turośń Kościelna,gmina wiejska,2002112,2021,OK,,tekst,https://bip-ugturosn.podlaskie.eu/resource/120554/Raport+o+stanie+gminy+za+2021+rok.pdf,dostęp_bezpośredni,c4fedf0c61062131cf1bd28cd52fcd5ad0e60f197dae0949e297509536b80cd9,200
981,podlaskie,białostocki,Turośń Kościelna,gmina wiejska,2002112,2022,OK,,tekst,https://bip-ugturosn.podlaskie.eu/resource/121088/Raport+o+stanie+gminy+za+2022+-+31.05.2023+r..pdf,dostęp_bezpośredni,24a45f89a45b9fdf17e3ea609717dc9f420b2ba14205bddfdeca12d7b3e4e465,200
982,podlaskie,białostocki,Turośń Kościelna,gmina wiejska,2002112,2023,OK,,tekst,https://bip-ugturosn.podlaskie.eu/resource/121582/Raport+o+stanie+gminy+za+2023+-+31.05.2024+r..pdf,dostęp_bezpośredni,1de39e7874747afd8d9f8be2946386ece0f20292d63d1e4cb3dc372ed46e3fb9,200
983,podlaskie,białostocki,Turośń Kościelna,gmina wiejska,2002112,2024,OK,,tekst,https://bip-ugturosn.podlaskie.eu/resource/122321/Raport+o+stanie+gminy+za+2024+rok.pdf,dostęp_bezpośredni,7a699d9b3629eb4e8e2777b67f855468213e58445e7b18f46c5f35b63077ece3,200
984,podlaskie,białostocki,Turośń Kościelna,gmina wiejska,2002112,2025,OK,,tekst,https://bip-ugturosn.podlaskie.eu/resource/122905/Raport+o+stanie+Gminy+Turo%25C5%259B%25C5%2584+Ko%25C5%259Bcielna+za+rok+2025.pdf,dostęp_bezpośredni,8fd96d28c61fffdd83bbceb4fba41740778f6d7709e29b100c0d3e8793e8749a,200
985,podlaskie,białostocki,Tykocin,gmina miejsko-wiejska,2002123,2018,OK,,tekst,https://bip-umtykocin.podlaskie.eu/resource/116155/raport+o+stanie+gminy+2018++OK+%2528002%2529.pdf,dostęp_bezpośredni,43ff39ac72d2a71280e4bf9820a05d478ae71023351c091d1056dc3eec17d3e1,200
986,podlaskie,białostocki,Tykocin,gmina miejsko-wiejska,2002123,2019,OK,,tekst,https://bip-umtykocin.podlaskie.eu/resource/116801/Raport+o+stanie+gminy+2019.pdf,dostęp_bezpośredni,06cd1be5838ff039f56d21421a0de02d6e4db9fe6a6bfb2a30f7bae475f2c277,200
987,podlaskie,białostocki,Tykocin,gmina miejsko-wiejska,2002123,2020,OK,,tekst,https://bip-umtykocin.podlaskie.eu/resource/117653/raport+o+stanie+gminy+2020+OK+%2528004%2529.pdf,dostęp_bezpośredni,57e48b6522a2b35a41d821d69c02a8dcbe3d44807ed08c54c6c0e6a8fc119fab,200
988,podlaskie,białostocki,Tykocin,gmina miejsko-wiejska,2002123,2021,OK,,tekst,https://bip-umtykocin.podlaskie.eu/resource/118032/RAPORT+o+stanie+gminy+2021+1.pdf,dostęp_bezpośredni,fde5647a004778df25c961b32a336511f244610ca78950dffebe935f2e033c03,200
989,podlaskie,białostocki,Tykocin,gmina miejsko-wiejska,2002123,2022,OK,,tekst,https://bip-umtykocin.podlaskie.eu/resource/118318/RAPORT+2.pdf,dostęp_bezpośredni,70388bba865320014d295c410150237c9c58a9804c93cd84965b081aabad66cf,200
990,podlaskie,białostocki,Tykocin,gmina miejsko-wiejska,2002123,2023,OK,,tekst,https://bip-umtykocin.podlaskie.eu/resource/118577/RAPORT+2023.pdf,dostęp_bezpośredni,fb05fbb82f966563acf3986be7404eb28bcd00eeaf15792d0b9873132a6cb9d9,200
991,podlaskie,białostocki,Tykocin,gmina miejsko-wiejska,2002123,2024,OK,,tekst,https://bip-umtykocin.podlaskie.eu/resource/118776/RAPORT+2024.pdf,dostęp_bezpośredni,a58443c319ccc815989dc562e9200674d63f0517fe7f211a9513820d0ccd23fe,200
992,podlaskie,białostocki,Tykocin,gmina miejsko-wiejska,2002123,2025,OK,,tekst,https://bip-umtykocin.podlaskie.eu/resource/119085/Raport+o+stanie+Gminy+Tykocin+za+2025r..pdf,dostęp_bezpośredni,32e7c15fe59ae5874a5a4858b230c0bf5aac82ba16ff5e2ce9a7c19e0f2f3d26,200
993,podlaskie,białostocki,Wasilków,gmina miejsko-wiejska,2002133,2018,OK,,tekst,https://bip-umwasilkow.podlaskie.eu/resource/5616/Raport_o_stanie_Gminy.pdf,dostęp_bezpośredni (wył. weryf. SSL),ca45af6074449ec94170718a54fb2fd9b04817aee555ffc9f4d0b052d2614137,200 (po wył. weryf. SSL)
994,podlaskie,białostocki,Wasilków,gmina miejsko-wiejska,2002133,2019,OK,,skan,https://bip.wasilkow.pl/resource/5617/SKM_C224e20080310300.pdf,dostęp_bezpośredni,4a37ee272f19ea466b6ac6f4acb6d9eb7b09c62cc613d21c6831988e09631d4e,200
995,podlaskie,białostocki,Wasilków,gmina miejsko-wiejska,2002133,2020,OK,,tekst,https://bip-umwasilkow.podlaskie.eu/resource/6633/Raport+o+stanie+gminy+za+2020+rok.pdf,dostęp_bezpośredni (wył. weryf. SSL),a81231f73826bfbe173a40e1291957c3140d48063b413eb3a754553fb01d2e68,200 (po wył. weryf. SSL)
996,podlaskie,białostocki,Wasilków,gmina miejsko-wiejska,2002133,2021,OK,,tekst,https://bip-umwasilkow.podlaskie.eu/resource/7423/RAPORT+o+stanie++gminy+Wasilk%25C3%25B3w+za+2021+rok+1.pdf,dostęp_bezpośredni,2c4c0c50447cbf166fdb169f26b3b780ab6866e4159ccb697af741dc1a65f60a,200
997,podlaskie,białostocki,Wasilków,gmina miejsko-wiejska,2002133,2022,OK,,tekst,https://bip-umwasilkow.podlaskie.eu/resource/8076/RAPORT+o+stanie+gminy+za+2022+rok.pdf,dostęp_bezpośredni,f55f23a0a13c158a780a8156b3622a4a51713237e960eb8aeb58321cd0cb83f1,200
998,podlaskie,białostocki,Wasilków,gmina miejsko-wiejska,2002133,2023,OK,,tekst,https://bip-umwasilkow.podlaskie.eu/resource/8701/Raport+o+stanie+gminy+za+rok+2023.pdf,dostęp_bezpośredni (wył. weryf. SSL),c36fbd8d92852fd639e21d4e30a30af4c574615ce98b54437906edd2597cc891,200 (po wył. weryf. SSL)
999,podlaskie,białostocki,Wasilków,gmina miejsko-wiejska,2002133,2024,OK,,tekst,https://bip-umwasilkow.podlaskie.eu/resource/9498/Raport+o+Stanie+Gminy+za+2024+r..pdf,dostęp_bezpośredni,b6323cc6d47d22d98562bd37ac074eef9e965b5d098107e2e02e4722889e767b,200
1000,podlaskie,białostocki,Wasilków,gmina miejsko-wiejska,2002133,2025,OK,,tekst,https://bip-umwasilkow.podlaskie.eu/resource/10407/Raport+o+Stanie+Gminy+Wasilk%25C3%25B3w+za+2025+r..pdf,dostęp_bezpośredni,7d0aafa1881ecc3b790cb733c735e20642a1e6a5e77913aee10ab3ccbb0fc666,200
1001,podlaskie,białostocki,Zabłudów,gmina miejsko-wiejska,2002143,2018,OK,,tekst,https://bip-umzabludow.podlaskie.eu/resource/167/Raport+2019.docx.pdf,dostęp_bezpośredni,a13fa487b00a23d24cd401d719805e45c04cd3940efd969a46b2de13205b1041,200
1002,podlaskie,białostocki,Zabłudów,gmina miejsko-wiejska,2002143,2019,OK,,tekst,https://bip-umzabludow.podlaskie.eu/resource/9490/2019_Raport.docx,dostęp_bezpośredni,1ff46599723a7b6813bf9e382695e1d7402e0b4116f9246ebe45dc358f8b32ad,200
1003,podlaskie,białostocki,Zabłudów,gmina miejsko-wiejska,2002143,2020,OK,,tekst,https://bip-umzabludow.podlaskie.eu/resource/10257/Raport+o+stanie+gminy+2020.pdf,dostęp_bezpośredni,822b046aaed317c7486818961e32a4b339a654fefc2e72a2e32d0defae7f099b,200
1004,podlaskie,białostocki,Zabłudów,gmina miejsko-wiejska,2002143,2021,OK,,tekst,https://bip-umzabludow.podlaskie.eu/resource/8538/Raport+o+stanie+Gminy+2021.pdf,dostęp_bezpośredni,2cef4e75c66566538bb7cd91191b4d4eecc5d7868e21fb6f529a1d2dd6612ada,200
1005,podlaskie,białostocki,Zabłudów,gmina miejsko-wiejska,2002143,2022,OK,,tekst,https://bip-umzabludow.podlaskie.eu/resource/8538/Raport+o+stanie+Gminy+2022.pdf,dostęp_bezpośredni,f15fecb85ce9dbffab0e9167a15101eb47d3faec05b167e99ebddbad26702e3f,200
1006,podlaskie,białostocki,Zabłudów,gmina miejsko-wiejska,2002143,2023,OK,,tekst,https://bip-umzabludow.podlaskie.eu/resource/8538/raport+2023.pdf,dostęp_bezpośredni,17857286c4a49bd82d1162ee8c6376d6a142545cefa313c9c106a44ebf951c6c,200
1007,podlaskie,białostocki,Zabłudów,gmina miejsko-wiejska,2002143,2024,OK,,tekst,https://bip-umzabludow.podlaskie.eu/resource/11381/25660/Raport+o+stanie+Gminy+2024.pdf,dostęp_bezpośredni,9273e88a6e19611ffd2d88f30b3121e05b46449a7366daea8c9ca78d463f3ac7,200
1008,podlaskie,białostocki,Zabłudów,gmina miejsko-wiejska,2002143,2025,OK,,tekst,https://bip-umzabludow.podlaskie.eu/resource/11638/Raport+o+stanie+Gminy+2025.pdf,dostęp_bezpośredni,9a094b05e7f13284270be975ef5b0b5aad26a55992b37826086873aaa938bcf5,200
1009,podlaskie,białostocki,Zawady,gmina wiejska,2002152,2018,BRAK,,brak,brak,dogłębne sprawdzenie (web search + BIP + Wayback) - brak dowodu istnienia,,BRAK_URL (niepowstały)
1010,podlaskie,białostocki,Zawady,gmina wiejska,2002152,2019,OK,,tekst,https://bip-ugzawady.podlaskie.eu/resource/118253/Informacja+o+sposobie+g%25C5%2582osowania_za%25C5%2582acznik+nr+1.docx.pdf,dostęp_bezpośredni,95bfc4438e61d5e8c12adb76202416a7c6a753c36e52f64c7e33cfab2f6411a2,200
1011,podlaskie,białostocki,Zawady,gmina wiejska,2002152,2020,BRAK,,brak,brak,dogłębne sprawdzenie (web search + BIP + Wayback) - brak dowodu istnienia,,BRAK_URL (niepowstały)
1012,podlaskie,białostocki,Zawady,gmina wiejska,2002152,2021,OK,,tekst,https://bip-ugzawady.podlaskie.eu/resource/117820/Raport+o+stanie+Gminy+Zawady..pdf,dostęp_bezpośredni,5c66fa68c65bff7583881beb43a67766755ea89cdfc0a7b76f84f72395595c0c,200
1013,podlaskie,białostocki,Zawady,gmina wiejska,2002152,2022,OK,,skan,https://bip-ugzawady.podlaskie.eu/resource/118175/Zarz%C4%85dzenie+Nr+54.2023+W%C3%B3jta+Gminy+Zawady+z+dnia+16.06.2023+r..pdf,dostęp_bezpośredni,97b2d10ab9ceff5bbf310226de1badbcfb404ec47fa8a7db6683c1197cb88935,200
1014,podlaskie,białostocki,Zawady,gmina wiejska,2002152,2023,BRAK,,brak,brak,dogłębne sprawdzenie (web search + BIP + Wayback) - brak dowodu istnienia,,BRAK_URL (niepowstały)
1015,podlaskie,białostocki,Zawady,gmina wiejska,2002152,2024,OK,,tekst,https://bip-ugzawady.podlaskie.eu/resource/118888/Raport+o+stanie+Gminy+Zawady+w+2024+roku.pdf,dostęp_bezpośredni,d8db501ebbc7b374b73afec4d2765be1cc54f88f63d9789cc17e80e0f023d836,200
1016,podlaskie,białostocki,Zawady,gmina wiejska,2002152,2025,BRAK,,brak,brak,dogłębne sprawdzenie (web search + BIP + Wayback) - brak dowodu istnienia,,BRAK_URL (niepowstały)
1017,podlaskie,białostocki,Łapy,gmina miejsko-wiejska,2002063,2018,BRAK,,brak,brak,dogłębne sprawdzenie (web search + BIP + Wayback + archiwa) - brak dowodu istnienia raportu,,BRAK_URL (niepowstały)
1018,podlaskie,białostocki,Łapy,gmina miejsko-wiejska,2002063,2019,BRAK,,brak,brak,dogłębne sprawdzenie (web search + BIP + Wayback + archiwa) - brak dowodu istnienia raportu,,BRAK_URL (niepowstały)
1019,podlaskie,białostocki,Łapy,gmina miejsko-wiejska,2002063,2020,BRAK,,brak,brak,dogłębne sprawdzenie (web search + BIP + Wayback + archiwa) - brak dowodu istnienia raportu,,BRAK_URL (niepowstały)
1020,podlaskie,białostocki,Łapy,gmina miejsko-wiejska,2002063,2021,OK,,tekst,https://bip-umlapy.podlaskie.eu/resource/14/Uchwała Nr XLIII.pdf/attachment.1,dostęp_bezpośredni,1d24fb109ad056728616f0a97e1406522a91417b1ce10f7b0caf6d8f75636a83,200
1021,podlaskie,białostocki,Łapy,gmina miejsko-wiejska,2002063,2022,BRAK,,brak,,,,BRAK_URL (niepowstały)
1022,podlaskie,białostocki,Łapy,gmina miejsko-wiejska,2002063,2023,BRAK,,brak,brak,dogłębne sprawdzenie (web search + BIP + Wayback + archiwa) - brak dowodu istnienia raportu,,BRAK_URL (niepowstały)
1023,podlaskie,białostocki,Łapy,gmina miejsko-wiejska,2002063,2024,BRAK,,brak,brak,dogłębne sprawdzenie (web search + BIP + Wayback + archiwa) - brak dowodu istnienia raportu,,BRAK_URL (niepowstały)
1024,podlaskie,białostocki,Łapy,gmina miejsko-wiejska,2002063,2025,BRAK,,brak,brak,dogłębne sprawdzenie (web search + BIP + Wayback + archiwa) - brak dowodu istnienia raportu,,BRAK_URL (niepowstały)
1025,podlaskie,bielski,Bielsk Podlaski,gmina miejska,2003011,2018,OK,,tekst,https://bip-umbielsk.podlaskie.eu/resource/file/download-file/id.18150/attachment.1,dostęp_bezpośredni (bip-umbielsk.podlaskie.eu),36b6dea9eff6a8ff22697ec4dea6da1303bb3c4b43c4da49563dd9446185ec5a,200
1026,podlaskie,bielski,Bielsk Podlaski,gmina miejska,2003011,2019,OK,,tekst,https://bip-umbielsk.podlaskie.eu/resource/file/download-file/id.20260/attachment.1,dostęp_bezpośredni (bip-umbielsk.podlaskie.eu),f2323d35aa39866c579580cf8def4a8e8ce65db98b8aa1c3894aa2f0f08855a6,200
1027,podlaskie,bielski,Bielsk Podlaski,gmina miejska,2003011,2020,OK,,tekst,https://umbielskpodlaski.pl/wp-content/uploads/2021/05/RAPORT-2020.pdf,dostęp_bezpośredni,8836fa894e0ca54434f85c42783f87dda75e099a2bb56cc2550f4a3b9541193d,200
1028,podlaskie,bielski,Bielsk Podlaski,gmina miejska,2003011,2021,OK,,tekst,https://umbielskpodlaski.pl/wp-content/uploads/2022/05/raport_o_stanie_gminy_2021.pdf,dostęp_bezpośredni,73a406ecc547ce0fb2c50c9d97d48135a9f39d5148a4c4db0a5f1a11fe38624f,200
1029,podlaskie,bielski,Bielsk Podlaski,gmina miejska,2003011,2022,OK,,tekst,https://umbielskpodlaski.pl/wp-content/uploads/2023/05/Roczny-raport-o-stanie-gminy-za-2022-rok.pdf,dostęp_bezpośredni,061c88b967b1051c909c4ced924698f64aff7950c77eba779954f4af86a0eccc,200
1030,podlaskie,bielski,Bielsk Podlaski,gmina miejska,2003011,2023,OK,,tekst,https://umbielskpodlaski.pl/wp-content/uploads/2024/05/Roczny-raport-o-stanie-gminy-za-2023-r.pdf,dostęp_bezpośredni,89c3ed416e597b2c0245652ffe588ce421b1008280183fc1b40f8d99f6d7f2b6,200
1031,podlaskie,bielski,Bielsk Podlaski,gmina miejska,2003011,2024,OK,,tekst,https://umbielskpodlaski.pl/wp-content/uploads/2025/05/Roczny-raport-o-stanie-gminy-2024.pdf,dostęp_bezpośredni,2302494416b55a949dbcca805463a66411b2bd18393a9df6e7823a1f544a3a2d,200
1032,podlaskie,bielski,Bielsk Podlaski,gmina miejska,2003011,2025,OK,,tekst,https://umbielskpodlaski.pl/wp-content/uploads/2026/05/Raport-o-stanie-Miasta-Bielsk-Podlaski-za-2025-r.pdf,dostęp_bezpośredni,ede96527358ef168db463a7211db0c64dd1dfdb4ce5c6d82f0fafa424baf8d08,200
1033,podlaskie,bielski,Bielsk Podlaski,gmina wiejska,2003032,2018,BRAK,,brak,brak,dogłębne sprawdzenie (web search + BIP + Wayback) - brak dowodu istnienia,,BRAK_URL (niepowstały)
1034,podlaskie,bielski,Bielsk Podlaski,gmina wiejska,2003032,2019,OK,,tekst,https://bip-ugbielsk.podlaskie.eu/resource/118542/raport+za+rok+2019.pdf,dostęp_bezpośredni,2c2db95ee517b4871190ba1402e5f3f1e96a5606f80468f20820f594389a713a,200
1035,podlaskie,bielski,Bielsk Podlaski,gmina wiejska,2003032,2020,OK,,tekst,https://bip-ugbielsk.podlaskie.eu/resource/122009/raport+za+rok+2020.pdf,dostęp_bezpośredni,4220d30b0552a15a79f594720ff9f91603bdaf39bcd169690f15b1b1caf5620b,200
1036,podlaskie,bielski,Bielsk Podlaski,gmina wiejska,2003032,2021,OK,,tekst,https://bip-ugbielsk.podlaskie.eu/resource/122009/raport+za+rok+2021+z+foto.pdf,dostęp_bezpośredni,b3787f1269a9ec9cfcf4b6b5d82692d456088fc6f979a48f83e6146205613897,200
1037,podlaskie,bielski,Bielsk Podlaski,gmina wiejska,2003032,2022,OK,,tekst,https://bip-ugbielsk.podlaskie.eu/resource/122009/raport_za_rok_2022.pdf,dostęp_bezpośredni,12ffe9c5950d4b46d869f5aa8d50299e5e5f967ed37540936836010636220f39,200
1038,podlaskie,bielski,Bielsk Podlaski,gmina wiejska,2003032,2023,OK,,tekst,https://bip-ugbielsk.podlaskie.eu/resource/122009/raport_za_rok_2023.pdf,dostęp_bezpośredni,4ffb29f7a6901611be85216ce1a092fe33e45a6442d44a9e4ec6bf33d84d6870,200
1039,podlaskie,bielski,Bielsk Podlaski,gmina wiejska,2003032,2024,OK,,tekst,https://bip-ugbielsk.podlaskie.eu/resource/122009/raport_za_rok_2024.pdf,dostęp_bezpośredni,0ef984d2a85f5377a66f274cbeb8995ac4b11e4ff44a395d70f3e1f7babd7f9a,200
1040,podlaskie,bielski,Bielsk Podlaski,gmina wiejska,2003032,2025,OK,,tekst,https://bip-ugbielsk.podlaskie.eu/resource/122009/RAPORT+O+STANIE+GMINY+BIELSK+PODLASKI+za+2025.pdf,dostęp_bezpośredni,0e3a17f67265464dbdd44dd1ea6b10481f18668553c892de0d3a01cc21b84d54,200
1041,podlaskie,bielski,Boćki,gmina wiejska,2003042,2018,OK,,tekst,https://bip-ugbocki.podlaskie.eu/resource/file/download-file/id.5621,dostęp_bezpośredni,8d93cd630470f39f1c7c5dd542c6ddb102759e2d98f212aed0623b466a480ec7,200
1042,podlaskie,bielski,Boćki,gmina wiejska,2003042,2019,OK,,tekst,https://bip-ugbocki.podlaskie.eu/resource/file/download-file/id.5622,dostęp_bezpośredni,fb8cc3521af79548f17c0bbb37ccae54da4fbb8862922161321d5c618c31f953,200
1043,podlaskie,bielski,Boćki,gmina wiejska,2003042,2020,OK,,tekst,https://bip-ugbocki.podlaskie.eu/resource/116083/z_15_21.pdf,dostęp_bezpośredni,3e11dbf4f3cadb52083645578c03ee26af4fe25563795d0097654ff8307d2ca2,200
1044,podlaskie,bielski,Boćki,gmina wiejska,2003042,2021,OK,,tekst,https://bip-ugbocki.podlaskie.eu/resource/116282/z_26_22.pdf,dostęp_bezpośredni,e0692ae13d3f21392c27692e2fe0d6a2dd03bd21ec7c90d06d4bec68c588138c,200
1045,podlaskie,bielski,Boćki,gmina wiejska,2003042,2022,OK,,tekst,https://bip-ugbocki.podlaskie.eu/resource/116321/z_18_23.pdf,dostęp_bezpośredni,18c178331e1cbf07fcbd961b170b877143b16b19cdb2507a2ed80bfa94f538c2,200
1046,podlaskie,bielski,Boćki,gmina wiejska,2003042,2023,OK,,tekst,https://bip-ugbocki.podlaskie.eu/resource/116357/z_31_24.pdf,dostęp_bezpośredni,3dfee08dc43109706f1e56a4cec691f9e0fe6c77f773032ee1ba0d2f06f10c13,200
1047,podlaskie,bielski,Boćki,gmina wiejska,2003042,2024,OK,,tekst,https://bip-ugbocki.podlaskie.eu/resource/116568/z_27_25.pdf,dostęp_bezpośredni,dcf5f842bbc5af20a2f403c1899a188eb0f5c74515c6681e59bcf17fe63e691c,200
1048,podlaskie,bielski,Boćki,gmina wiejska,2003042,2025,OK,,tekst,https://www.gminabocki.pl/download/z-23-26-1780899545.pdf,"dostęp_bezpośredni (gminabocki.pl, zarządzenie+raport)",68bb9c394692f2c762507402fd644db25c606950ee59f37260229d1459c26684,200
1049,podlaskie,bielski,Brańsk,gmina miejska,2003021,2018,OK,pdf,tekst,https://bip-umbransk.podlaskie.eu/resource/2493/RAPORT+O+STANIE+MIASTA+BRA%C5%83SK+ZA+2018+R..pdf,dogłębne sprawdzenie (web search + BIP + Wayback) - brak dowodu istnienia | znalezione: lustro bip-umbransk.podlaskie.eu (zarz. 36/19) | poprawka: lustro bip-umbransk.podlaskie.eu; kopia lokalna: pliki_weryfikowane/bransk_miasto_2018.pdf; zał. do Zarz. 36/19 Burmistrza Miasta Brańsk z 30.05.2019,e35ca350cb9bf639c4b9b2c311de31c2e037e6830815842e81da7685bb59895c,zastosowano znalezione/poprawke
1050,podlaskie,bielski,Brańsk,gmina miejska,2003021,2019,OK,,tekst,https://cdn02.sulimo.pl/media/userfiles/bip.bransk.pl/pobierz/2967/2021/RAPORT_O_STANIE_MIASTA_ZA_2019_ROK.pdf,dostęp_bezpośredni,c1be478c0a4d3307f385bccc9e556fede0e387c814aeb803557c536d6affb6de,200
1051,podlaskie,bielski,Brańsk,gmina miejska,2003021,2020,OK,pdf,skan,https://bip-umbransk.podlaskie.eu/resource/3787/Zarz%C4%2585dzenie+Nr+170+2021+Burmistrza+Miasta+Bra%C5%84sk+z+dnia+26.05.2021r.+w+sprawie+przedstawienia+raportu+o+stanie+miasta+Bra%C5%84sk+za+rok+2020+.pdf,"dostęp_bezpośredni | poprawka: lustro bip-umbransk.podlaskie.eu (zarz. 170/2021, s.3 raport); zamienia zgloszenie do debaty",91e1d528b5b8f0bfcd06d3b1a4861ae7c09e42943f57112de8d4dfc5de08ee9a,zastosowano znalezione/poprawke
1052,podlaskie,bielski,Brańsk,gmina miejska,2003021,2021,OK,,tekst,https://cdn02.sulimo.pl/media/userfiles/bip.bransk.pl/pobierz/4154/3267/RAPORT_O_STANIE_BRA_25C5_2583SKA_ZA_2021.pdf,dostęp_bezpośredni,a626327d39eb2e474f74f107be3be22609e57109ef5794e7ebfcf5cd6844be83,200
1053,podlaskie,bielski,Brańsk,gmina miejska,2003021,2022,OK,,tekst,https://cdn02.sulimo.pl/media/userfiles/bip.bransk.pl/pobierz/4507/3783/RAPORT_O_STANIE_MIASTA_BRA_25C5_2583SK_ZA_2022_ROK.pdf,dostęp_bezpośredni,fffaefb922bd39c932c85468809c82bb50df7924a8f813f98f0515cb71245414,200
1054,podlaskie,bielski,Brańsk,gmina miejska,2003021,2023,OK,,tekst,https://bip-umbransk.podlaskie.eu/resource/4803/RAPORT+O+STANIE+MIASTA+BRA%C5%83SK+ZA+2023.pdf,dostęp_bezpośredni,74f7762d5a42f126ee4ad882ece48e04197e4bae4df24c4d6da224c954204bcd,200
1055,podlaskie,bielski,Brańsk,gmina miejska,2003021,2024,OK,pdf,tekst,https://bip-umbransk.podlaskie.eu/resource/5170/RAPORT+O+STANIE+MIASTA+BRA%C5%2583SK+2024+ROK.pdf,dostęp_bezpośredni | poprawka: lustro bip-umbransk.podlaskie.eu; zamienia protokol I Sesji Rady,6c5d8c682b113552a9db9c27ac01e0398933eaf840803c317e22d958c5ba61a6,zastosowano znalezione/poprawke
1056,podlaskie,bielski,Brańsk,gmina miejska,2003021,2025,OK,pdf,skan,https://bip-umbransk.podlaskie.eu/resource/5424/Zarz%C4%2585dzenie+Nr+1792026+Burmistrza+Miasta+Bra%C5%84sk+z+dnia+29.05.2026r.+w+sprawie+przedstawienia+Rady+Miasta+raportu+o+stanie+Miasta.pdf,"dostęp_bezpośredni | poprawka: lustro bip-umbransk.podlaskie.eu (zarz. 179/2026, s.3 raport); zamienia glosowanie imienne XIII sesji",5dd14491011472ab32e3467968a27fefa967120369ee51307e77987d6fa0ec5e,zastosowano znalezione/poprawke
1057,podlaskie,bielski,Brańsk,gmina wiejska,2003052,2018,OK,pdf,skan,https://bip-ugbransk.podlaskie.eu/resource/118268/Raport+o+stanie+Gminy+Bra%C5%84sk+za+2018r..pdf,dogłębne sprawdzenie (web search + BIP + Wayback) - brak dowodu istnienia | znalezione: lustro podlaskie.eu martwego wrotapodlasia; wizualnie zweryfikowano tytuł: RAPORT O STANIE GMINY BRAŃSK ZA ROK 2018 (zał. 1 do zarz. 76/2019),e8b5de3b1ea75074512251240025ca3afe48ef70eb56dc65622228b31d876797,zastosowano znalezione/poprawke
1058,podlaskie,bielski,Brańsk,gmina wiejska,2003052,2019,OK,pdf,skan,https://bip-ugbransk.podlaskie.eu/resource/file/download-file/id.9071/attachment.1,"dostęp_bezpośredni | poprawka: lustro podlaskie.eu martwego wrotapodlasia; wizualnie zweryfikowano: RAPORT O STANIE GMINY BRAŃSK ZA ROK 2019, zał. do zarz. 168/2020 Wójta z 15.05.2020",74ad6df48ff438517b9b533c8542f85a7df31072d37a24074beef51502552020,zastosowano znalezione/poprawke
1059,podlaskie,bielski,Brańsk,gmina wiejska,2003052,2020,OK,,tekst,https://samorzad.gov.pl/attachment/0a7dd1f2-3b17-4790-8f3b-2b51bf3cd615,dostęp_bezpośredni,ba668cf578594ca86b5081886cd3fef2a1f14ec6bacd027160ec83faa35d9852,200
1060,podlaskie,bielski,Brańsk,gmina wiejska,2003052,2021,OK,,tekst,https://samorzad.gov.pl/attachment/0de05939-2525-4400-9de3-b3a8e651bf31,dostęp_bezpośredni,92a5342ee99489f7e03c4b00ed8ffcaa791b5874571e9f82f875b74efea8abcb,200
1061,podlaskie,bielski,Brańsk,gmina wiejska,2003052,2022,OK,,tekst,https://samorzad.gov.pl/attachment/9c39e736-b662-43be-8ebd-6d5214c3345b,dostęp_bezpośredni,4fb6e6c9090dc611ebb6485dd78e0dffb63fb3b73502efa24d9905713285c9c0,200
1062,podlaskie,bielski,Brańsk,gmina wiejska,2003052,2023,OK,,tekst,https://samorzad.gov.pl/attachment/d76605ac-168b-41c5-a287-f831073c98a6,dostęp_bezpośredni,1e21edb1d790b4bfd6d509e77d9fcfafe854d440bab55fac1a58bbf8606059c9,200
1063,podlaskie,bielski,Brańsk,gmina wiejska,2003052,2024,OK,,tekst,https://samorzad.gov.pl/attachment/a13cc143-de23-4c94-8851-1625c67faea6,dostęp_bezpośredni,5f92593de5c7d30f6c7be5af705bfdd14792ce63a4b3cb999a72e0931288d940,200
1064,podlaskie,bielski,Brańsk,gmina wiejska,2003052,2025,OK,pdf,skan,https://samorzad.gov.pl/attachment/b2c9d219-0df0-47b2-a961-4635eb646944,"dostęp_bezpośredni | poprawka: samorzad.gov.pl/web/gmina-bransk/raport-za-2025-rok - zarz. nr 37/2026 Wójta Gminy Brańsk z 12.05.2026 + raport (pakiet, 145 str.); POPRAWKA TOŻSAMOŚCI - bazowy URL (bip-umbransk) to wykaz głosowania Rady MIASTA Brańsk",6a6056f10d40d1d4335febf11d8ef6a2b66e6c502afef26346b02bb1fba1fdd7,zastosowano znalezione/poprawke
1065,podlaskie,bielski,Orla,gmina wiejska,2003062,2018,BRAK,,brak,brak,dogłębne sprawdzenie (web search + BIP + Wayback + archiwa) - brak dowodu istnienia raportu,,BRAK_URL (niepowstały)
1066,podlaskie,bielski,Orla,gmina wiejska,2003062,2019,BRAK,,brak,brak,dogłębne sprawdzenie (web search + BIP + Wayback + archiwa) - brak dowodu istnienia raportu,,BRAK_URL (niepowstały)
1067,podlaskie,bielski,Orla,gmina wiejska,2003062,2020,BRAK,,brak,brak,dogłębne sprawdzenie (web search + BIP + Wayback + archiwa) - brak dowodu istnienia raportu,,BRAK_URL (niepowstały)
1068,podlaskie,bielski,Orla,gmina wiejska,2003062,2021,BRAK,,brak,brak,dogłębne sprawdzenie (web search + BIP + Wayback + archiwa) - brak dowodu istnienia raportu,,BRAK_URL (niepowstały)
1069,podlaskie,bielski,Orla,gmina wiejska,2003062,2022,BRAK,,brak,brak,dogłębne sprawdzenie (web search + BIP + Wayback + archiwa) - brak dowodu istnienia raportu,,BRAK_URL (niepowstały)
1070,podlaskie,bielski,Orla,gmina wiejska,2003062,2023,BRAK,,brak,brak,dogłębne sprawdzenie (web search + BIP + Wayback + archiwa) - brak dowodu istnienia raportu,,BRAK_URL (niepowstały)
1071,podlaskie,bielski,Orla,gmina wiejska,2003062,2024,BRAK,,brak,brak,dogłębne sprawdzenie (web search + BIP + Wayback + archiwa) - brak dowodu istnienia raportu,,BRAK_URL (niepowstały)
1072,podlaskie,bielski,Orla,gmina wiejska,2003062,2025,OK,,tekst,https://bip-ugorla.podlaskie.eu/resource/6410/Raport%20o%20stanie%20Gminy%20Orla%20za%202025%20rok.pdf/attachment.1,dostęp_bezpośredni,2ffbc62db9b2867ddd8e3c29556c717d02c53fc6f043b2c81db40398c6e2a784,200
1073,podlaskie,bielski,Rudka,gmina wiejska,2003072,2018,OK,,tekst,https://bip-ugrudka.podlaskie.eu/resource/file/download-file/id.4227/attachment.1,dostęp_bezpośredni,ffef9c0c0daa41e19a5c5b716c2c4b99cc253a585f4a350fa082c22b9b8463d0,200
1074,podlaskie,bielski,Rudka,gmina wiejska,2003072,2019,BRAK,,brak,brak,dogłębne sprawdzenie (web search + BIP + Wayback + archiwa) - brak dowodu istnienia raportu,80086a3a33ab640f16ac948cb15c02bb26aee42645fabf881993517292082633a0,BRAK_URL (niepowstały)
1075,podlaskie,bielski,Rudka,gmina wiejska,2003072,2020,BRAK,,brak,brak,dogłębne sprawdzenie (web search + BIP + Wayback + archiwa) - brak dowodu istnienia raportu,8b3172ca7973d8e997dc37208bd2f9887daa3a88f876ae4d68c02da2ce8a8bc4,BRAK_URL (niepowstały)
1076,podlaskie,bielski,Rudka,gmina wiejska,2003072,2021,BRAK,,brak,brak,dogłębne sprawdzenie (web search + BIP + Wayback + archiwa) - brak dowodu istnienia raportu,0fc4314981c0b0a3c2d556c4b201a10a74b21409641a8f00733bbdbb364a0536,BRAK_URL (niepowstały)
1077,podlaskie,bielski,Rudka,gmina wiejska,2003072,2022,BRAK,,brak,brak,dogłębne sprawdzenie (web search + BIP + Wayback + archiwa) - brak dowodu istnienia raportu,193e26139c73ba4dcfd660c82abefeada6999c26beea45d564fa827698d606c2,BRAK_URL (niepowstały)
1078,podlaskie,bielski,Rudka,gmina wiejska,2003072,2023,BRAK,,brak,brak,dogłębne sprawdzenie (web search + BIP + Wayback + archiwa) - brak dowodu istnienia raportu,,BRAK_URL (niepowstały)
1079,podlaskie,bielski,Rudka,gmina wiejska,2003072,2024,BRAK,,brak,brak,dogłębne sprawdzenie (web search + BIP + Wayback + archiwa) - brak dowodu istnienia raportu,,BRAK_URL (niepowstały)
1080,podlaskie,bielski,Rudka,gmina wiejska,2003072,2025,BRAK,,brak,brak,dogłębne sprawdzenie (web search + BIP + Wayback + archiwa) - brak dowodu istnienia raportu,,BRAK_URL (niepowstały)
1081,podlaskie,bielski,Wyszki,gmina wiejska,2003082,2018,OK,,tekst,https://ugwyszki-bip.podlaskie.pl/upload/doc/12366_20190604_084347.pdf,dostęp_bezpośredni (SECLEVEL=0),1e025158b26adff764e447b7f3e36e782edea9da45a1975440868a80608029d9,200
1082,podlaskie,bielski,Wyszki,gmina wiejska,2003082,2019,OK,,tekst,https://ugwyszki-bip.podlaskie.pl/upload/doc/12366_20200522_080801.pdf,dostęp_bezpośredni (SECLEVEL=0),765d732546646b9449f6ad0a0ea311277bada7646055289818f213134a32ac1f,200
1083,podlaskie,bielski,Wyszki,gmina wiejska,2003082,2020,OK,,tekst,https://ugwyszki-bip.podlaskie.pl/upload/doc/12365_20210521_123848.docx,dostęp_bezpośredni (SECLEVEL=0),6694165f0fce6204be1fd552e420d90f369a8d4a2c56cee4ef02e30ed2b53dcc,200
1084,podlaskie,bielski,Wyszki,gmina wiejska,2003082,2021,OK,,tekst,https://ugwyszki-bip.podlaskie.pl/upload/doc/12365_20220420_142910.pdf,dostęp_bezpośredni (SECLEVEL=0),b54785b05ff43b7c91228f413197484356c84f3e496253ad5d3b8e3db70ff86b,200
1085,podlaskie,bielski,Wyszki,gmina wiejska,2003082,2022,OK,,tekst,https://ugwyszki-bip.podlaskie.pl/upload/doc/12365_20230428_103041.pdf,dostęp_bezpośredni (SECLEVEL=0),37f9d0f28572c52026b946fb696096906c06ea958a1be4686bf42cb27f274996,200
1086,podlaskie,bielski,Wyszki,gmina wiejska,2003082,2023,OK,,tekst,https://ugwyszki-bip.podlaskie.pl/upload/doc/12365_20240423_130307.pdf,dostęp_bezpośredni (SECLEVEL=0),02fa862c6de5c85038b4c484ef7da6b5ec0a6cde848477e1e324bc8951b8175f,200
1087,podlaskie,bielski,Wyszki,gmina wiejska,2003082,2024,OK,,tekst,https://ugwyszki-bip.podlaskie.pl/upload/doc/12365_20250512_100134.pdf,dostęp_bezpośredni (SECLEVEL=0),2d02c37f0c10238c7dc10579684fbb2a0a57b377224b19321b63be06f6c47145,200
1088,podlaskie,bielski,Wyszki,gmina wiejska,2003082,2025,OK,,tekst,https://ugwyszki-bip.podlaskie.pl/upload/doc/12365_20260417_152201.pdf,dostęp_bezpośredni (SECLEVEL=0),a84b064af9ce6c64de06ec9f11e246b5909406f104d14ce28a6da99ae3215435,200
1089,podlaskie,grajewski,Grajewo,gmina miejska,2004011,2018,OK,pdf,tekst,https://bip.um.grajewo.pl/resource/120475/Informacja.pdf,dowód: raporty miasta Grajewo na BIP UM Grajewo | znalezione: dostęp_bezpośredni (bip.um.grajewo.pl),a84f1b81f202093f354430cea63a65b3d0d3f56c93f38412ff78989c2858623c,zastosowano znalezione/poprawke
1090,podlaskie,grajewski,Grajewo,gmina miejska,2004011,2019,OK,,tekst,https://bip.um.grajewo.pl/resource/125506/Rapot+o+stanie+Miasta+Grajewo+w+2019+roku.pdf,dostęp_bezpośredni,d6246be20a222db0b2d3fe6c73a1480c0fef7ac8adf267b37ea71e139b2b0d11,200
1091,podlaskie,grajewski,Grajewo,gmina miejska,2004011,2020,OK,,tekst,https://bip.um.grajewo.pl/resource/125506/Rapot+o+stanie+Miasta+Grajewo+w+2020+roku.pdf,dostęp_bezpośredni,5d4c62890a010c09a700c044a993aa2a4f8ad30abffa0de491430ab2e71910e1,200
1092,podlaskie,grajewski,Grajewo,gmina miejska,2004011,2021,OK,,tekst,https://bip.um.grajewo.pl/resource/125506/Rapot+o+stanie+Miasta+Grajewo+w+2021+roku.pdf,dostęp_bezpośredni,98b3d53c3fbbc1f5b8944e845a51909012716e3db68575ad91ee3f3589cbaf11,200
1093,podlaskie,grajewski,Grajewo,gmina miejska,2004011,2022,OK,,tekst,https://bip.um.grajewo.pl/resource/125506/Raport+o+stanie+Miasta+Grajewo+w+2022+roku.pdf,dostęp_bezpośredni,3a222f8705afa3eed35c6b7b6c2e00b350a0e743f7b3884d879b77ca5004f33b,200
1094,podlaskie,grajewski,Grajewo,gmina miejska,2004011,2023,OK,,tekst,https://bip.um.grajewo.pl/resource/125506/4_raport_o_stanie_miasta_2023.pdf,dostęp_bezpośredni,dad818f888cda49c5a645df95b2fa753a7a7b1c350e2c9815ef251702c676fce,200
1095,podlaskie,grajewski,Grajewo,gmina miejska,2004011,2024,OK,,tekst,https://bip.um.grajewo.pl/resource/125506/Raport+o+stanie+Miasta+Grajewo+w+2024+roku.pdf,dostęp_bezpośredni,b275bb8533f8f4ce37a8e024f769e646749fe2fe4def6111074e76b21939c415,200
1096,podlaskie,grajewski,Grajewo,gmina miejska,2004011,2025,OK,,tekst,https://bip.um.grajewo.pl/resource/125506/Raport+o+stanie+Miasta+Grajewo+w+2025+roku.pdf,dostęp_bezpośredni,5a0aec64cd9a99c51b07f8b4a7e58937c3ee9d46659ab0febcfd604558ca95bd,200
1097,podlaskie,grajewski,Grajewo,gmina wiejska,2004022,2018,OK,pdf,tekst,https://bip-uggrajewo.podlaskie.eu/resource/118444/Raport+o+stanie+Gminy+za+2018-NAG%25C5%2581%25C3%2593WEK.pdf,"dowód: raporty Gminy Grajewo na bip-uggrajewo.wrotapodlasia.pl / e-grajewo.pl (2019, 2021) | znalezione: dostęp_bezpośredni (bip-uggrajewo.podlaskie.eu, zarządzenie 95/19)",34bf5751c6e77505ac8d55ae7780c5b4a23bdca64105a5d1ddfa02726b6ae601,zastosowano znalezione/poprawke
1098,podlaskie,grajewski,Grajewo,gmina wiejska,2004022,2019,OK,pdf,tekst,https://web.archive.org/web/20200811041213/http://www.gminagrajewo.pl/plik.php?id=6144,"dowód: raporty Gminy Grajewo na bip-uggrajewo.wrotapodlasia.pl / e-grajewo.pl (2019, 2021) | znalezione: Wayback Machine + CC (oryginał gminagrajewo.pl/plik.php?id=6144 przekierowuje dziś na stronę główną)",,zastosowano znalezione/poprawke
1099,podlaskie,grajewski,Grajewo,gmina wiejska,2004022,2020,OK,docx,tekst,https://bip-uggrajewo.podlaskie.eu/resource/120606/RAPORT+o+stanie+Gminy+za+2020+r.docx,"dostęp_bezpośredni | poprawka: pobranie_bezpośrednie (zarz. 261/21, bip-uggrajewo.podlaskie.eu)",b3bf9332a56511cefd9537c08bdd18121fb5f373cb2a6c19a3119ea71d9b1aba,zastosowano znalezione/poprawke
1100,podlaskie,grajewski,Grajewo,gmina wiejska,2004022,2021,OK,,tekst,https://bip-uggrajewo.podlaskie.eu/resource/121085/RAPORT+O+STANIE+GMINY+ZA+2021+r.pdf,dostęp_bezpośredni,a39b35807785a935646f264b2f61749f3b7285e65fea4cd41d106f1cd2c4825a,200
1101,podlaskie,grajewski,Grajewo,gmina wiejska,2004022,2022,OK,pdf,tekst,https://bip-uggrajewo.podlaskie.eu/resource/122056/RAPORT+O+STANIE+GMINY+ZA+2022+r.pdf,"dostęp_bezpośredni | poprawka: pobranie_bezpośrednie (zarz. 474/23, bip-uggrajewo.podlaskie.eu)",c4d60688aba33e7a07ce2dec684013db85112a9972fd9809015eb8632f4f1498,zastosowano znalezione/poprawke
1102,podlaskie,grajewski,Grajewo,gmina wiejska,2004022,2023,OK,docx,tekst,https://bip-uggrajewo.podlaskie.eu/resource/122671/Raport+o+stanie+gm.+G-wo+za+2023+r..docx,"dowód: raporty Gminy Grajewo na bip-uggrajewo.wrotapodlasia.pl / e-grajewo.pl (2019, 2021) | znalezione: dostęp_bezpośredni (bip-uggrajewo.podlaskie.eu, zarządzenie 4/24)",42dc7759b158a28bfc8fa2b7b0dabcf348ad4bb73e345505db941df0910e9aac,zastosowano znalezione/poprawke
1103,podlaskie,grajewski,Grajewo,gmina wiejska,2004022,2024,OK,pdf,tekst,https://bip-uggrajewo.podlaskie.eu/resource/123305/RAPORT+o+stanie+Gminy+Grajewo+za+2024+rok.pdf,"dowód: raporty Gminy Grajewo na bip-uggrajewo.wrotapodlasia.pl / e-grajewo.pl (2019, 2021) | znalezione: dostęp_bezpośredni (bip-uggrajewo.podlaskie.eu, zarządzenie 158/25)",4e317ffca9abc19bd8ee9891cd544c402aadcd55b9397c3237111bddc7fe1013,zastosowano znalezione/poprawke
1104,podlaskie,grajewski,Grajewo,gmina wiejska,2004022,2025,OK,pdf,tekst,https://bip-uggrajewo.podlaskie.eu/resource/123858/Zarz%25C4%2585dzenie+W.+251_26.pdf,"dostęp_bezpośredni | poprawka: pobranie_bezpośrednie (zarz. 251/26 z raportem, bip-uggrajewo.podlaskie.eu)",0bfb3766bd773c5cd275e249462f744d5240974e642dbb3cb0516e40c9e74bdd,zastosowano znalezione/poprawke
1105,podlaskie,grajewski,Radziłów,gmina wiejska,2004032,2018,OK,,tekst,https://bip-ugradzilow.podlaskie.eu/resource/116871/Raport+o+stanie+Gminy+Radzi%25C5%2582%25C3%25B3w+w+2018+r..pdf,dostęp_bezpośredni,1e8b70378e5b3b115f6aadbd76c8b8eba64d7010efaa6a6f6515d3d7d07ec337,200
1106,podlaskie,grajewski,Radziłów,gmina wiejska,2004032,2019,OK,,tekst,https://bip-ugradzilow.podlaskie.eu/resource/117884/RAPORT+O+STANIE+GMINY+RADZI%25C5%2581%25C3%2593W+ZA+2019+ROK.pdf,dostęp_bezpośredni,dfb337d8d46607386bb82d8621a56b438c72f577eff2b0684b6a6f240a3216ba,200
1107,podlaskie,grajewski,Radziłów,gmina wiejska,2004032,2020,OK,,tekst,https://bip-ugradzilow.podlaskie.eu/resource/118525/RAPORT+O+STANIE+GMINY+RADZI%25C5%2581%25C3%2593W+ZA+2020+ROK.pdf,dostęp_bezpośredni,69d9e7f9dc359bc9c18a17203503b9772d6346f567ad07c18b62cf96303af2d3,200
1108,podlaskie,grajewski,Radziłów,gmina wiejska,2004032,2021,OK,,tekst,https://bip-ugradzilow.podlaskie.eu/resource/116870/Raport+o+stanie+gmina+za+2021+r..pdf,dostęp_bezpośredni,5210bc15c6ea3dc07b3fe037624d157382aebb2de8977639d86ec48040fe71f1,200
1109,podlaskie,grajewski,Radziłów,gmina wiejska,2004032,2022,OK,,tekst,https://bip-ugradzilow.podlaskie.eu/resource/116870/Zarz%25C4%2585dzenie+nr+55-1.pdf,dostęp_bezpośredni,96613d368179294ed6e45e49060ae3c82d3e3a7205b19cf766ef42f892ce1b78,200
1110,podlaskie,grajewski,Radziłów,gmina wiejska,2004032,2023,OK,,tekst,https://bip-ugradzilow.podlaskie.eu/resource/116870/Raport+o+stanie+gminy+za+2023+rok.pdf,dostęp_bezpośredni,fc1ce60c913bf4c32f40ba39a45290c57642ab751579503f80535f8c13797c17,200
1111,podlaskie,grajewski,Radziłów,gmina wiejska,2004032,2024,OK,,tekst,https://bip-ugradzilow.podlaskie.eu/resource/116870/Raport+o+stanie+gminy+Radzi%25C5%2582%25C3%25B3w+za+2024+rok.pdf,dostęp_bezpośredni,30e240015ceb7f5d29aad8b7870a3b6343de06629e8eb57a6d1cdd025b2b1b7d,200
1112,podlaskie,grajewski,Radziłów,gmina wiejska,2004032,2025,OK,,tekst,https://bip-ugradzilow.podlaskie.eu/resource/116870/Raport+o+stanie+Gminy+Radzi%25C5%2582%25C3%25B3w+na+2025+rok.pdf,dostęp_bezpośredni,2e3cf5d80212d515883ae8abf756a8eda7bff0389e2d53523ab677a0d456008b,200
1113,podlaskie,grajewski,Rajgród,gmina miejsko-wiejska,2004043,2018,OK,,tekst,https://bip-umrajgrod.podlaskie.eu/resource/121417/Raport+o+stanie+Gminy+Rajgr%C3%B3d+za+2018+rok.pdf,dostęp_bezpośredni,3f984d8a0ef42d6df92387ad846a599353ff9b7fa50fcb500d4a09c74c80be36,200
1114,podlaskie,grajewski,Rajgród,gmina miejsko-wiejska,2004043,2019,OK,,tekst,https://bip-umrajgrod.podlaskie.eu/resource/121417/Raport+o+stanie+Gminy+Rajgr%C3%B3d+za+2019+rok.pdf,dostęp_bezpośredni,e8fab215639e670daf524f5b03aa77a0ef67518c64f5036619cf3d527b1c10fd,200
1115,podlaskie,grajewski,Rajgród,gmina miejsko-wiejska,2004043,2020,OK,,tekst,https://bip-umrajgrod.podlaskie.eu/resource/121417/Raport+o+stanie+Gminy+Rajgr%C3%B3d+za+2020+rok.pdf,dostęp_bezpośredni,2c2e372b3d2eac81eca36e8340e8aa8144a9ef24fe01bc5b9e2bc185ae9a7a73,200
1116,podlaskie,grajewski,Rajgród,gmina miejsko-wiejska,2004043,2021,OK,,tekst,https://bip-umrajgrod.podlaskie.eu/resource/121417/Raport+o+stanie+Gminy+Rajgr%C3%B3d+za+2021+rok.pdf,dostęp_bezpośredni,9e51c4c63a40a119b8f1ab1ef6b2503128e17e24b359c943fc90eb61b4d2df8a,200
1117,podlaskie,grajewski,Rajgród,gmina miejsko-wiejska,2004043,2022,OK,,skan,https://umrajgrod.pl/wp-content/uploads/2023/07/6482bbdd7afc0-Raport-o-stanie-Gminy-za-2022-.pdf,dostęp_bezpośredni,4592855bfc8f1123e46f19bd0f3bd38fec410daafa79d917a54d2cb78c88c92d,200
1118,podlaskie,grajewski,Rajgród,gmina miejsko-wiejska,2004043,2023,OK,,tekst,https://umrajgrod.pl/wp-content/uploads/2024/06/Raport-o-stanie-Gminy-za-2023-r.pdf,dostęp_bezpośredni,3d6aa295a45183cc462c73cb2cda6bd04c1d8194f8a689acb19224437b0c68df,200
1119,podlaskie,grajewski,Rajgród,gmina miejsko-wiejska,2004043,2024,OK,,tekst,https://bip-umrajgrod.podlaskie.eu/resource/122130/Raport+o+stanie+gminy+za+2024+r.+za%C5%82%C4%85cznik+do+zarz%C4%85dzenia.pdf,dostęp_bezpośredni,b9e72f1ef48f8ca748d33c7351d8bfa04feeb4f1803223bcda15f14095e60ee3,200
1120,podlaskie,grajewski,Rajgród,gmina miejsko-wiejska,2004043,2025,OK,,tekst,https://umrajgrod.pl/wp-content/uploads/2026/06/Raport-o-stanie-gminy-za-2025-r.pdf,dostęp_bezpośredni,77156052b6b60fb597ad508770cb8f2772e589d2617b6ea130e662b502f04ef5,200
1121,podlaskie,grajewski,Szczuczyn,gmina miejsko-wiejska,2004053,2018,OK,,tekst,https://bip-umszczuczyn.podlaskie.eu/resource/1986/Raport+o+stanie+Gminy+Szczuczyn+za+2018+rok.pdf,dostęp_bezpośredni,a26f520a5ae26a1eed1a8c2fcd0bf947a62df66af48be56f0b59900b0bc61e14,200
1122,podlaskie,grajewski,Szczuczyn,gmina miejsko-wiejska,2004053,2019,OK,,tekst,https://bip-umszczuczyn.podlaskie.eu/resource/1986/Raport+o+stanie+Gminy+Szczuczyn+za+2019+rok.pdf,dostęp_bezpośredni,66893c62915e966ab33d456e8b09bf854ac65038651910308b0abee72d5f46fe,200
1123,podlaskie,grajewski,Szczuczyn,gmina miejsko-wiejska,2004053,2020,OK,,tekst,https://bip-umszczuczyn.podlaskie.eu/resource/1986/Raport+o+stanie+Gminy+Szczuczyn+za+2020+rok.pdf,dostęp_bezpośredni,7535dee59dc73e1abc36d67037cb495c46ac6bd56861ccf01515543770e6eaa9,200
1124,podlaskie,grajewski,Szczuczyn,gmina miejsko-wiejska,2004053,2021,OK,,tekst,https://bip-umszczuczyn.podlaskie.eu/resource/1986/Raport+o+stanie+Gminy+Szczuczyn+za+2021+rok.pdf,dostęp_bezpośredni,c3dc7ecc56acbf052ed87f401f6f9a8209ea1e60ebddb75410ea07cb62427632,200
1125,podlaskie,grajewski,Szczuczyn,gmina miejsko-wiejska,2004053,2022,OK,,tekst,https://bip-umszczuczyn.podlaskie.eu/resource/1986/Raport+o+stanie+Gminy+Szczuczyn+za+2022+rok.pdf,dostęp_bezpośredni,5e81eef12121a24255d9e50c531e42f47ec06895536dfc55d9b9aa973486f2b2,200
1126,podlaskie,grajewski,Szczuczyn,gmina miejsko-wiejska,2004053,2023,OK,,tekst,https://bip-umszczuczyn.podlaskie.eu/resource/1986/Raport+o+stanie+Gminy+Szczuczyn+za+2023+rok.pdf,dostęp_bezpośredni,b2f527c210f15fc0a14383121fd8365cebe6d1cb5299bfc49833ec0e506cf3a9,200
1127,podlaskie,grajewski,Szczuczyn,gmina miejsko-wiejska,2004053,2024,OK,,tekst,https://bip-umszczuczyn.podlaskie.eu/resource/1986/Raport+o+stanie+Gminy+Szczuczyn+za+2024+rok.pdf,dostęp_bezpośredni,f525b958a5fdc06531fa36d2707a643acdc45df855c9581b947b097ab66042bf,200
1128,podlaskie,grajewski,Szczuczyn,gmina miejsko-wiejska,2004053,2025,OK,,tekst,https://bip-umszczuczyn.podlaskie.eu/resource/1986/Raport+o+stanie+Gminy+Szczuczyn+za+2025+rok.pdf,dostęp_bezpośredni,0c9b2d5feb90b736db6713df0553918506959296faff1441e95085dd5b829168,200
1129,podlaskie,grajewski,Wąsosz,gmina wiejska,2004062,2018,OK,pdf,tekst,https://bip-ugwasosz.podlaskie.eu/resource/3569/Raport+o+Stanie+Gminy+W%25C4%2585sosz+-+2018.pdf,"dostęp_bezpośredni | poprawka: pobranie_bezpośrednie (bip-ugwasosz.podlaskie.eu, sekcja Raporty o Stanie Gminy)",88bd0b9dc4d7c05f049c946ad64175b80423b7affccf56785e6d3d44ff2aae5a,zastosowano znalezione/poprawke
1130,podlaskie,grajewski,Wąsosz,gmina wiejska,2004062,2019,OK,pdf,tekst,https://bip-ugwasosz.podlaskie.eu/resource/3569/Raport+o+Stanie+Gminy+W%25C4%2585sosz+-+2019.pdf,"dostęp_bezpośredni | poprawka: pobranie_bezpośrednie (bip-ugwasosz.podlaskie.eu, sekcja Raporty o Stanie Gminy)",e3a2afa289f6fbac0858948083d5056f70a3c13c4c06e832fed4a0289dc0fdea,zastosowano znalezione/poprawke
1131,podlaskie,grajewski,Wąsosz,gmina wiejska,2004062,2020,OK,pdf,tekst,https://bip-ugwasosz.podlaskie.eu/resource/3569/Raport+o+Stanie+Gminy+W%25C4%2585sosz+-+2020.pdf,"dostęp_bezpośredni | poprawka: pobranie_bezpośrednie (bip-ugwasosz.podlaskie.eu, sekcja Raporty o Stanie Gminy)",0b256df4902fc31b7e90cdb10cd28062d28311da03a9d7c5a27d8cc9a4301fe5,zastosowano znalezione/poprawke
1132,podlaskie,grajewski,Wąsosz,gmina wiejska,2004062,2021,OK,pdf,tekst,https://bip-ugwasosz.podlaskie.eu/resource/3569/Raport+o+Stanie+Gminy+W%25C4%2585sosz+-+2021.pdf,"dostęp_bezpośredni | poprawka: pobranie_bezpośrednie (bip-ugwasosz.podlaskie.eu, sekcja Raporty o Stanie Gminy)",6feb1bd3efe23b9456ce87cfd184bdbe86a080c76042159f4e8c979204b2a3fc,zastosowano znalezione/poprawke
1133,podlaskie,grajewski,Wąsosz,gmina wiejska,2004062,2022,OK,pdf,tekst,https://bip-ugwasosz.podlaskie.eu/resource/3569/Raport+o+Stanie+Gminy+W%25C4%2585sosz+-+2022.pdf,"dostęp_bezpośredni | poprawka: pobranie_bezpośrednie (bip-ugwasosz.podlaskie.eu, sekcja Raporty o Stanie Gminy)",e92133f2c1369e54c2efdce61c753f040ac444c7b742b694a27cf6cc327b2434,zastosowano znalezione/poprawke
1134,podlaskie,grajewski,Wąsosz,gmina wiejska,2004062,2023,OK,pdf,tekst,https://bip-ugwasosz.podlaskie.eu/resource/3569/Raport+o+Stanie+Gminy+W%25C4%2585sosz+-+2023.pdf,"dostęp_bezpośredni | poprawka: pobranie_bezpośrednie (bip-ugwasosz.podlaskie.eu, sekcja Raporty o Stanie Gminy)",28e66e6191577cb868ee6314a64d143caa6630f5b52dfa774e62e4e8a895770f,zastosowano znalezione/poprawke
1135,podlaskie,grajewski,Wąsosz,gmina wiejska,2004062,2024,OK,pdf,tekst,https://bip-ugwasosz.podlaskie.eu/resource/3569/Raport+o+stanie++gminy+W%25C4%2585sosz+-+2024.pdf,"dostęp_bezpośredni | poprawka: pobranie_bezpośrednie (bip-ugwasosz.podlaskie.eu, sekcja Raporty o Stanie Gminy)",4c97c0653864ec2ad608ccbdc1914d265b8b549772e3f49220ae87a890209550,zastosowano znalezione/poprawke
1136,podlaskie,grajewski,Wąsosz,gmina wiejska,2004062,2025,OK,pdf,tekst,https://bip-ugwasosz.podlaskie.eu/resource/3569/Raport+o+Stanie+Gminy+W%25C4%2585sosz+-+2025.pdf,"dostęp_bezpośredni | poprawka: pobranie_bezpośrednie (bip-ugwasosz.podlaskie.eu, sekcja Raporty o Stanie Gminy)",2168fb1c9befc1e8987b506c6f4cee7fe30da5bb99abb209563eccc878574b04,zastosowano znalezione/poprawke
1137,podlaskie,hajnowski,Czeremcha,gmina wiejska,2005032,2018,OK,,tekst,https://bip-ugczeremcha.podlaskie.eu/resource/3849/Raport+o+stanie+Gminy+Czeremcha+2018,dostęp_bezpośredni,8aa4ae0a03b66d8c45271a6c0808a48db2ffc77f1aa3dd733228b3676ac0e011,200
1138,podlaskie,hajnowski,Czeremcha,gmina wiejska,2005032,2019,OK,,tekst,https://bip-ugczeremcha.podlaskie.eu/resource/4333/Raport+o+stanie+Gminy+Czeremcha+za+2019,dostęp_bezpośredni,b9db18da53e6758c943a98eee7b7451872768b7ec5c607a0ad6fc302d6474a0f,200
1139,podlaskie,hajnowski,Czeremcha,gmina wiejska,2005032,2020,OK,,tekst,https://bip-ugczeremcha.podlaskie.eu/resource/6280/raport+o+stanie+gminy+czeremcha,dostęp_bezpośredni,bab7e08a56991ec7a75accc60be16cbd7cb5120278cf62a9ff6bcb99e5e045ef,200
1140,podlaskie,hajnowski,Czeremcha,gmina wiejska,2005032,2021,OK,,tekst,https://bip-ugczeremcha.podlaskie.eu/resource/6589/Raport+o+stanie+gminy++za+2021+r+PODPISANY,dostęp_bezpośredni,586e1621d213afb33361c5dab6b96b843f19fba9238b2bf3ff0a34685733613a,200
1141,podlaskie,hajnowski,Czeremcha,gmina wiejska,2005032,2022,OK,,tekst,https://bip-ugczeremcha.podlaskie.eu/resource/7184/Zarz%25C4%2585dzenie+Nr+394.23+Raport+Gminy+Czeremcha+za+2022+r.,dostęp_bezpośredni,5875473e47ee88ea346a686fbab1f4f214c36b0523a4464866568f3b23aa1068,200
1142,podlaskie,hajnowski,Czeremcha,gmina wiejska,2005032,2023,OK,,tekst,https://czeremcha.pl/pliki/rozne/Lista_jednostek_poradnictwa_specjalistycznego_-_2023.pdf,dostęp_bezpośredni,10437ee92e975f675b7155435b07032921ba7c162d8bf90e4a9f10894417db03,200
1143,podlaskie,hajnowski,Czeremcha,gmina wiejska,2005032,2024,OK,,tekst,https://bip-ugczeremcha.podlaskie.eu/resource/8148/Zarz%C4%85dzenie.104.25.Raport+o+stanie+gminy+za+2024.pdf,dostęp_bezpośredni,af6a7217cfbbc62517088b775f7256568ffa7c6b17fe5d0c0502d5793f61ef7c,200
1144,podlaskie,hajnowski,Czeremcha,gmina wiejska,2005032,2025,OK,,tekst,https://bip-ugczeremcha.podlaskie.eu/resource/8565/Zarz%25C4%2585dzenie.189.26.Raport+o+stanie+gminy+za+2025+r.pdf,dostęp_bezpośredni,9d9bc08d40574d1ef2412d4317575ea6bff7325073fb88c4c360e32416ca6b5f,200
1145,podlaskie,hajnowski,Czyże,gmina wiejska,2005042,2018,OK,,tekst,https://bip-ugczyze.podlaskie.eu/resource/file/download-file/id.3855/attachment.1,dostęp_bezpośredni,c5f2fa7ab4d9bae4702de363ea089d678b02d049e383b2bdc0fdc61e9c28a843,200
1146,podlaskie,hajnowski,Czyże,gmina wiejska,2005042,2019,OK,,tekst,https://bip-ugczyze.podlaskie.eu/resource/file/download-file/id.4185/attachment.1,dostęp_bezpośredni,5174752df841fa27d47568b9b51ae12cb1e22fd3fb73a5b3a57204442c289c87,200
1147,podlaskie,hajnowski,Czyże,gmina wiejska,2005042,2020,OK,,tekst,https://bip-ugczyze.podlaskie.eu/resource/file/download-file/id.4543/attachment.1,dostęp_bezpośredni,0083c80b09d92e4a28e206bf206afb972e7dfcecc85876fbdf84afaaf6718dc2,200
1148,podlaskie,hajnowski,Czyże,gmina wiejska,2005042,2021,OK,,tekst,https://bip-ugczyze.podlaskie.eu/resource/116018/raport_o_stanie_gminy.pdf,dostęp_bezpośredni,47e5f16d18ca9b21c592768635ee12399255d3bb50ea813eaec0be6487ea6201,200
1149,podlaskie,hajnowski,Czyże,gmina wiejska,2005042,2022,OK,,tekst,https://bip-ugczyze.podlaskie.eu/resource/116056/raport_o_stanie_gminy_2022.pdf,dostęp_bezpośredni,2d5f28d482cb6796ebf773eed707472537de9ad98887ca47f21ff6664d0fa7bb,200
1150,podlaskie,hajnowski,Czyże,gmina wiejska,2005042,2023,OK,,tekst,https://bip-ugczyze.podlaskie.eu/resource/116154/raport.pdf,dostęp_bezpośredni,bf7d8fa1eb6c1ee042796727cdb20b3a99e26f416d9e7e7f634484689ac77487,200
1151,podlaskie,hajnowski,Czyże,gmina wiejska,2005042,2024,OK,,tekst,https://bip-ugczyze.podlaskie.eu/resource/116234/RAPORT.pdf,dostęp_bezpośredni,3c69de17d9bb54c0ea29d0a8db11d44378adf9b20c93bb98f74f0682553908c1,200
1152,podlaskie,hajnowski,Czyże,gmina wiejska,2005042,2025,OK,,tekst,https://bip-ugczyze.podlaskie.eu/resource/116324/RAPORT.pdf,dostęp_bezpośredni,4cc0c2956ea181fbbfb6b947ea9501404146568552cbfd0222a931c91cf38bd0,200
1153,podlaskie,hajnowski,Dubicze Cerkiewne,gmina wiejska,2005052,2018,OK,,tekst,https://bip-ugdubicze.podlaskie.eu/resource/117750/raport_o_stanie_gminy_2018.pdf,dostęp_bezpośredni,7f1729ecee7694794a698ae87684c22e7258e414dc47dac78d7326795cdb3ff4,200
1154,podlaskie,hajnowski,Dubicze Cerkiewne,gmina wiejska,2005052,2019,OK,,tekst,https://bip-ugdubicze.podlaskie.eu/resource/117750/raport_o_stanie_gminy_2019.pdf,dostęp_bezpośredni,a8a3c1df384ce2f56a69c1455e968176ea4a0cb5bf830dfe2aee643f8f538b53,200
1155,podlaskie,hajnowski,Dubicze Cerkiewne,gmina wiejska,2005052,2020,OK,,tekst,https://bip-ugdubicze.podlaskie.eu/resource/117750/raport_o_stanie_gminy_2020.pdf,dostęp_bezpośredni,91883d78a05fa38e3c4167ecafff98743bced19d5bd6d8fc2c24a324ebad38f9,200
1156,podlaskie,hajnowski,Dubicze Cerkiewne,gmina wiejska,2005052,2021,OK,,tekst,https://bip-ugdubicze.podlaskie.eu/resource/117750/raport_o_stanie_gminy_2021.pdf,dostęp_bezpośredni,cc1e5ade274ba023295febc289ae98efb77b1e3321a3a163244adac979398735,200
1157,podlaskie,hajnowski,Dubicze Cerkiewne,gmina wiejska,2005052,2022,OK,,tekst,https://bip-ugdubicze.podlaskie.eu/resource/117750/raport_o_stanie_gminy_2022.pdf,dostęp_bezpośredni,311566f3c63aa67000b0aebb67c2c815c889e998bfa71a4089977d274ad81adc,200
1158,podlaskie,hajnowski,Dubicze Cerkiewne,gmina wiejska,2005052,2023,OK,,tekst,https://bip-ugdubicze.podlaskie.eu/resource/117750/RAPORT.+O+STANIE+GMINY+ZA+2023+R.pdf,dostęp_bezpośredni,2f91d005d9cc500127bc3d478fc46e94726589756900b86f39b324b4ef1fe269,200
1159,podlaskie,hajnowski,Dubicze Cerkiewne,gmina wiejska,2005052,2024,OK,,tekst,https://bip-ugdubicze.podlaskie.eu/resource/117750/RAPORT.+O+STANIE+GMINY+ZA+2024+R.pdf,dostęp_bezpośredni,7847bc196e295bad7e6073980a6b21db968fc640c6e76d2f320addb25d139e38,200
1160,podlaskie,hajnowski,Dubicze Cerkiewne,gmina wiejska,2005052,2025,OK,,tekst,https://bip-ugdubicze.podlaskie.eu/resource/117750/RAPORT+2025.pdf,dostęp_bezpośredni,e7663aaff482dafaac35eceaf0fdd197229f13ff8907fec67d568d8e3c3bed33,200
1161,podlaskie,hajnowski,Hajnówka,gmina miejska,2005011,2018,OK,,tekst,https://fs.siteor.com/hajnowka-bip/article_attachments/attachments/198010/original/RAPORT_O_STANIE_GMINY_MIEJSKIEJ_HAJN%C3%93WKA_W_ROKU_2018.pdf?1559309069,dostęp_bezpośredni,0f527863cc5774d39361f2d3392834dae5efb7c879d0b9231d3a6564f490164a,200
1162,podlaskie,hajnowski,Hajnówka,gmina miejska,2005011,2019,OK,,tekst,https://fs.siteor.com/hajnowka-bip/article_attachments/attachments/251793/original/RAPORT_O_STANIE_GMINY_MIEJSKIEJ_HAJN%C3%93WKA_W_ROKU_2019.pdf?1622462095,dostęp_bezpośredni,1a062299555ab3990aec32e8d53598f1744f3a243a392eca8b12417c4bc03db5,200
1163,podlaskie,hajnowski,Hajnówka,gmina miejska,2005011,2020,OK,,tekst,https://fs.siteor.com/hajnowka-bip/article_attachments/attachments/252026/original/Raport_o_stanie_gminy_miejskiej_Hajn%C3%B3wka_w_2020_roku_-_wersja_dostepna_ze_spisem_tre%C5%9Bci.odt?1622800544,dostęp_bezpośredni,459955d7a7569df89eb52fdbaa33c9987196227078d2f9644070415eb19c8f8b,200
1164,podlaskie,hajnowski,Hajnówka,gmina miejska,2005011,2021,OK,,tekst,https://hajnowka-2021.curulis.pl/,dostęp_bezpośredni,fa1d03ea19e1dfc75dbb27af70bd05509c895d0575d094c0395a865a4f670152,200
1165,podlaskie,hajnowski,Hajnówka,gmina miejska,2005011,2022,OK,,tekst,https://fs.siteor.com/hajnowka-bip/article_attachments/attachments/284002/original/Raport_o_stanie_Miasta_Hajn%C3%B3wka_w_2022_roku.pdf?1685529510,dostęp_bezpośredni,f6222f8aa179afdecaa809801510660a2a3ac637b885fda4db369aabc09cf036,200
1166,podlaskie,hajnowski,Hajnówka,gmina miejska,2005011,2023,OK,,tekst,https://fs.siteor.com/hajnowka-bip/article_attachments/attachments/296448/original/Raport_o_stanie_Gminy_Miejskiej_Hajn%C3%B3wka_za_2023_r.odt?1719912000,dostęp_bezpośredni,a8ad98b5d4ec6881c34810506ee30eeeb91c15d1dbc5f36e58f732bfe36f9410,200
1167,podlaskie,hajnowski,Hajnówka,gmina miejska,2005011,2024,OK,,tekst,https://bip.hajnowka.pl/app/articles/print/raport-o-stanie-gminy-miejskiej-hajnowka-za-2024-r.pdf,dostęp_bezpośredni,9f7953048d943790d05a85648647d2228aa6a5779908156b2e22dcc29d21cb78,200
1168,podlaskie,hajnowski,Hajnówka,gmina miejska,2005011,2025,OK,,tekst,https://bip.hajnowka.pl/app/articles/print/raport-o-stanie-gminy-miejskiej-hajnowka-za-2025-r.pdf,dostęp_bezpośredni,25ca43b7baea0018d1b16b871a73e29788f3d06ccabd6928c2e20ea796b3303f,200
1169,podlaskie,hajnowski,Hajnówka,gmina wiejska,2005062,2018,OK,,tekst,https://bip-ughajnowka.podlaskie.eu/resource/file/download-file/id.16041/attachment.1,dostęp_bezpośredni,e32735f7b73ee62870f9ace9890dfa6387d97ae0777cdba1b1dabe1ceee1fa66,200
1170,podlaskie,hajnowski,Hajnówka,gmina wiejska,2005062,2019,OK,,tekst,https://bip-ughajnowka.podlaskie.eu/resource/file/download-file/id.16682/attachment.1,dostęp_bezpośredni,cd4b98616500a27c4d7610307d118d1882645f5913c2209ae92fb57088c937b7,200
1171,podlaskie,hajnowski,Hajnówka,gmina wiejska,2005062,2020,OK,,tekst,https://bip-ughajnowka.podlaskie.eu/resource/file/download-file/id.17443/attachment.1,dostęp_bezpośredni,1abbac8a9f3c8a746c76d41f67fcf41cc70f161bde471c434c68c93a835f4947,200
1172,podlaskie,hajnowski,Hajnówka,gmina wiejska,2005062,2021,OK,,tekst,https://bip-ughajnowka.podlaskie.eu/resource/116291/Raport_za_2021.pdf/attachment.1,dostęp_bezpośredni,653a4e7080533f3ff6a1d1fc07bedfb9f64ca91586ecf683ae3516959b644890,200
1173,podlaskie,hajnowski,Hajnówka,gmina wiejska,2005062,2022,OK,,tekst,https://bip-ughajnowka.podlaskie.eu/resource/116396/Raport_o_stanie_gminy_2022.pdf/attachment.1,dostęp_bezpośredni,38d1121e2453a50fba229808307d2addeaae074d8d7cd5ee6affdf4015c25fe6,200
1174,podlaskie,hajnowski,Hajnówka,gmina wiejska,2005062,2023,OK,,tekst,https://bip-ughajnowka.podlaskie.eu/resource/116489/Raport o stanie Gminy Hajnówka za 2023.pdf/attachment.1,dostęp_bezpośredni,2455958269f5ef80e193b17e420815e185a6fafb7fc590ed3660c73bab9a2fd6,200
1175,podlaskie,hajnowski,Hajnówka,gmina wiejska,2005062,2024,OK,,tekst,https://bip-ughajnowka.podlaskie.eu/resource/117003/Raport o stanie Gminy Hajnówka za 2024 rok.pdf/attachment.1,dostęp_bezpośredni,1cd76875b8a635d46c0b52457a8790b212ef472fba94f20aaf5388b16cc3bf63,200
1176,podlaskie,hajnowski,Hajnówka,gmina wiejska,2005062,2025,OK,,tekst,https://bip-ughajnowka.podlaskie.eu/resource/117137/Rapor2025tautokorekta.pdf/attachment.1,dostęp_bezpośredni,a7c8bd1dd3605f8a6053574f1a222f014ff6c41e32874a1f12742d12b794110c,200
1177,podlaskie,hajnowski,Kleszczele,gmina miejsko-wiejska,2005073,2018,OK,,tekst,https://bip-umkleszczele.podlaskie.eu/resource/115934/Raport+Gmina+Kleszczele+za+2018.pdf,dostęp_bezpośredni,f0f790c22bbe25166cf6ee28eea689e0d522f4f327eadfe4dacfca53b6d22c61,200
1178,podlaskie,hajnowski,Kleszczele,gmina miejsko-wiejska,2005073,2019,OK,,tekst,https://bip-umkleszczele.podlaskie.eu/resource/115934/Raport+Gmina+Kleszczele+za+2019_28.07.2020.pdf,dostęp_bezpośredni,42a91597027e156a71137356303a9ac053809770a33847d8444831b2078942d0,200
1179,podlaskie,hajnowski,Kleszczele,gmina miejsko-wiejska,2005073,2020,OK,,tekst,https://bip-umkleszczele.podlaskie.eu/resource/115934/Raport+Gmina+Kleszczele+za+2020.pdf,dostęp_bezpośredni,baeac1d4d9312c7669518ed67cea41c999b57e0b23db57ea24c7db68611626db,200
1180,podlaskie,hajnowski,Kleszczele,gmina miejsko-wiejska,2005073,2021,OK,,tekst,https://bip-umkleszczele.podlaskie.eu/resource/115934/Raport+Gmina+Kleszczele+za+2021.pdf,dostęp_bezpośredni,b3fe478800576c54710770824b9fd9d0c48d205ea0a2dc46c1e8628033a8474c,200
1181,podlaskie,hajnowski,Kleszczele,gmina miejsko-wiejska,2005073,2022,OK,,tekst,https://bip-umkleszczele.podlaskie.eu/resource/117897/Zarz%25C4%2585dzenie.331.2023.2023-05-31.pdf,dostęp_bezpośredni,8e36b693d0724c6f7ec82c63c6e17a96dcc37871714b8290b8f5b94447cbcbc8,200
1182,podlaskie,hajnowski,Kleszczele,gmina miejsko-wiejska,2005073,2023,OK,,tekst,https://bip-umkleszczele.podlaskie.eu/resource/118391/Zarz%25C4%2585dzenie.5.2024.2024-05-31.pdf,dostęp_bezpośredni,11768d6a8b4e341042a56243cdfa1ea4806f4bf44436af64831f16af997f1098,200
1183,podlaskie,hajnowski,Kleszczele,gmina miejsko-wiejska,2005073,2024,OK,,tekst,https://bip-umkleszczele.podlaskie.eu/resource/118580/Zarz%25C4%2585dzenie.73.2025.2025-05-30.pdf,dostęp_bezpośredni,bcfba5e099602a50fc527f6656c2684c91066958f03e909c2fdc7d38dc7a186f,200
1184,podlaskie,hajnowski,Kleszczele,gmina miejsko-wiejska,2005073,2025,OK,,tekst,https://bip-umkleszczele.podlaskie.eu/resource/118884/Zarz%25C4%2585dzenie.138.2026.2026-05-15.pdf,dostęp_bezpośredni,4c18627fef25dccd0eca36828c65285d90f01a40bacdac7b3e34d80b7d904e1b,200
1185,podlaskie,hajnowski,Narew,gmina wiejska,2005082,2018,OK,,tekst,https://bip-ugnarew.podlaskie.eu/resource/116528/RAPORT+w%25C3%25B3jta+za+2018+rok.pdf,dostęp_bezpośredni,25ff0a368729ddb70852e599cdc9f2759f54cc32b1996b4c56b975dad2734ff7,200
1186,podlaskie,hajnowski,Narew,gmina wiejska,2005082,2019,OK,,tekst,https://bip-ugnarew.podlaskie.eu/resource/116795/RAPORT+w%25C3%25B3jta+za+2019+rok.pdf,dostęp_bezpośredni,b84678fc7698ef136038e85286dd1acd11f70322bff9e33d7d101cbda5c0e845,200
1187,podlaskie,hajnowski,Narew,gmina wiejska,2005082,2020,OK,,tekst,https://bip-ugnarew.podlaskie.eu/resource/117124/RAPORT+w%25C3%25B3jta+za+2020+rok.docx.pdf,dostęp_bezpośredni,42dd9ce9a46df363b3b4612b0472e2880790e62eef1244846b96916a05ee67e7,200
1188,podlaskie,hajnowski,Narew,gmina wiejska,2005082,2021,OK,,tekst,https://bip-ugnarew.podlaskie.eu/resource/116527/RAPORT+w%25C3%25B3jta+za+2021+rok%25281%2529.pdf,dostęp_bezpośredni,eb02c2827382017a9d0bbc4ecc9f26f3ed31a7a19b210fde14200feb516fd764,200
1189,podlaskie,hajnowski,Narew,gmina wiejska,2005082,2022,OK,,tekst,https://bip-ugnarew.podlaskie.eu/resource/116527/RAPORT+w%25C3%25B3jta+za+2022+rok.docx.pdf,dostęp_bezpośredni,2aff259ff0a45eb564f9f458f6719abc7af94363abaca41f305bd860e40700d3,200
1190,podlaskie,hajnowski,Narew,gmina wiejska,2005082,2023,OK,,tekst,https://bip-ugnarew.podlaskie.eu/resource/116527/RAPORT+w%25C3%25B3jta+za+2023+rok+do+wydruku.pdf,dostęp_bezpośredni,59884643268bca915132ffdf3b08345730e63de3d12fa658cbb0a829fe4dda6f,200
1191,podlaskie,hajnowski,Narew,gmina wiejska,2005082,2024,OK,,tekst,https://bip-ugnarew.podlaskie.eu/resource/116527/RAPORT+w%25C3%25B3jta+za+2024rok.pdf,dostęp_bezpośredni,aa607b1cb08c93c6cf8f114cea64034e410169187e4a630fe3fdfc504efeef73,200
1192,podlaskie,hajnowski,Narew,gmina wiejska,2005082,2025,OK,,tekst,https://bip-ugnarew.podlaskie.eu/resource/116527/RAPORT+w%25C3%25B3jta+za+2025+rok.pdf,dostęp_bezpośredni,02d4600309eac046428d747eaf7cf6a2372b81edb8164b4d75eeee17e1aa8d42,200
1193,podlaskie,hajnowski,Narewka,gmina wiejska,2005092,2018,BRAK,,brak,brak,dogłębne sprawdzenie (web search + BIP + Wayback) - brak dowodu istnienia,,BRAK_URL (niepowstały)
1194,podlaskie,hajnowski,Narewka,gmina wiejska,2005092,2019,OK,,tekst,https://www.narewka.pl/resource/file/download-file/id.5344,dostęp_bezpośredni,935ad193030ce169a4909fb46eb7f622b94e4b34809004b5ee05d59aef41035e,200
1195,podlaskie,hajnowski,Narewka,gmina wiejska,2005092,2020,OK,,tekst,https://www.narewka.pl/resource/3895/Raport+o+stanie+Gminy+Narewka+za+2020_28.05.2021.pdf,dostęp_bezpośredni (wył. weryf. SSL),9fd437d1066f865cfbffb6251123480ec1b8d07156804957a45fc4fa4dc89eeb,200 (po wył. weryf. SSL)
1196,podlaskie,hajnowski,Narewka,gmina wiejska,2005092,2021,OK,,tekst,https://www.narewka.pl/resource/4600/15005/Raport+o+stanie+Gminy+Narewka+za+2021_27.05.2022_wer.pdf,dostęp_bezpośredni (wył. weryf. SSL),dd5cfeffa17aacc9468e07ef9ed1bd6d4a8e2286667dc1a306d8598036e43f63,200 (po wył. weryf. SSL)
1197,podlaskie,hajnowski,Narewka,gmina wiejska,2005092,2022,OK,,tekst,https://www.narewka.pl/resource/5205/17798/Raport+o+stanie+Gminy+Narewka+za+2022_30.05.2023_wer.pdf,dostęp_bezpośredni (wył. weryf. SSL),49b603ded3de82120fd68f9d09362394e99b0eb85e29a46b928cb393e26944ea,200 (po wył. weryf. SSL)
1198,podlaskie,hajnowski,Narewka,gmina wiejska,2005092,2023,OK,,tekst,https://bip-ugnarewka.podlaskie.eu/resource/121156/Raport+o+stanie+Gminy+Narewka+za+2023_31.05.2024+wersja+ost.pdf,dostęp_bezpośredni,c7c948cc0565d0df5bb8a5bd0e76012c61d1aeae29ce9758b3e8ad00e8dbb6b0,200
1199,podlaskie,hajnowski,Narewka,gmina wiejska,2005092,2024,OK,,tekst,https://bip-ugnarewka.podlaskie.eu/resource/121609/Raport+o+stanie+Gminy+Narewka+za+2024.pdf,dostęp_bezpośredni,b0ab46f6e69398f9bc7c2518d797a580464a2ffe93bf6a69559732cbff1ad46b,200
1200,podlaskie,hajnowski,Narewka,gmina wiejska,2005092,2025,OK,,tekst,https://bip-ugnarewka.podlaskie.eu/resource/122043/Raport+o+stanie+Gminy+Narewka+za+2025.pdf,dostęp_bezpośredni,66ba384386cb724c4192e83040b429f04f83a2914b800fc7e76d2e8568f2e65d,200
1201,podlaskie,kolneński,Grabowo,gmina wiejska,2006022,2018,OK,,tekst,http://www.grabowo.pl/asp/pliki/Raport_o_stanie_gminy_2018/raport_ostateczny.pdf,dostęp_bezpośredni,e5271832ccebed312e046a42c7a42c8ce9ee988f33590b4c4d1121805d5c28df,200
1202,podlaskie,kolneński,Grabowo,gmina wiejska,2006022,2019,OK,,skan,https://grabowo.biuletyn.net/fls/bip_pliki/2020_06/BIPF5A792064DFF40Z/Raport_o_stanie_gminy_za_2019.pdf,dostęp_bezpośredni,df7ee3584391e3717b1f6791bb172a2199267e895be27cdc37d7e45ebe62c2f5,200
1203,podlaskie,kolneński,Grabowo,gmina wiejska,2006022,2020,OK,,skan,https://grabowo.biuletyn.net/fls/bip_pliki/2021_05/BIPF5C39F76CACE67Z/Raport_osg2020.pdf,dostęp_bezpośredni,ad7a9b4d4e60e03285ad1754530b6a8c0b5ac6ee47f8759d90f39dd19fb77ef2,200
1204,podlaskie,kolneński,Grabowo,gmina wiejska,2006022,2021,OK,,skan,https://grabowo.biuletyn.net/fls/bip_pliki/2022_05/BIPF5DFAAD023D39AZ/Raport_o_stanie_2021.pdf,dostęp_bezpośredni,648b4e97e6cbf51c8644ed7c6df27e64a0c9966ec9e89f2df82e80f0eb22aa40,200
1205,podlaskie,kolneński,Grabowo,gmina wiejska,2006022,2022,BRAK,,brak,brak,dogłębne sprawdzenie - brak dowodu istnienia,,BRAK_URL (niepowstały)
1206,podlaskie,kolneński,Grabowo,gmina wiejska,2006022,2023,OK,,skan,https://grabowo.biuletyn.net/fls/bip_pliki/2024_05/BIPF6193043B64A62Z/20240524091255.pdf,dostęp_bezpośredni,7f081bf41fc6000b621a00901b255ddf739b09e6a237103bc95696f1d5ae1e9d,200
1207,podlaskie,kolneński,Grabowo,gmina wiejska,2006022,2024,OK,pdf,skan,https://grabowo.biuletyn.net/fls/bip_pliki/2025_05/BIPF635CC78D1F79AZ/RAPORT_ZA_2024_ROK.pdf,"dostęp_bezpośredni | poprawka: grabowo.biuletyn.net ?bip=1&cid=619 (Rok 2024); wizualnie zweryfikowano s.1: WÓJT GMINY GRABOWO, RAPORT O STANIE GMINY GRABOWO ZA 2024 ROK, 23.05.2025; kopia lokalna: pliki_weryfikowane/grabowo_2024.pdf; POPRAWKA TOŻSAMOŚCI - bazowy URL (samorzad.gov.pl/attachment/c6e47c42) to raport GMINY AUGUSTÓW za 2023",44d1da967eb052c78a563468b9a207c8c4241168f35f7964dfbc549a236947d5,zastosowano znalezione/poprawke
1208,podlaskie,kolneński,Grabowo,gmina wiejska,2006022,2025,OK,,skan,https://grabowo.biuletyn.net/fls/bip_pliki/2026_05/BIPF652A1082DF872Z/RAPORT_O_STANIE_GMINY_ZA_2025_R..pdf,dostęp_bezpośredni,7b4553c5ea9b59c6b406e63ced2cfdab88b2f7088d7c62f9ac4ee8e93309dd34,200
1209,podlaskie,kolneński,Kolno,gmina miejska,2006011,2018,OK,pdf,tekst,https://bip-umkolno.podlaskie.eu/resource/117124/RAPORT+o+stanie+Miasta+Kolno+za+2018+rok.pdf,dostęp_bezpośredni (wył. weryf. SSL) | poprawka: dostęp_bezpośredni (bip-umkolno.podlaskie.eu = lustro martwej bip.um.kolno.wrotapodlasia.pl); zastąpiło martwe bip.kolno.pl (domena zaparkowana),3d9be4f6ef3f058a92c98b071cc2f07872a2fe1b2ffbb9a345ea911a37a6490f,zastosowano znalezione/poprawke
1210,podlaskie,kolneński,Kolno,gmina miejska,2006011,2019,OK,pdf,tekst,https://bip-umkolno.podlaskie.eu/resource/117927/RAPORT+o+stanie+Miasta+Kolno+za+2019+rok.pdf,dostęp_bezpośredni (wył. weryf. SSL) | poprawka: dostęp_bezpośredni (bip-umkolno.podlaskie.eu = lustro martwej bip.um.kolno.wrotapodlasia.pl); zastąpiło martwe bip.kolno.pl (domena zaparkowana),b76f07f5db52a44ac20a78f8f0847da0ab73d7a1daae81d6ec1675c0436ce4e4,zastosowano znalezione/poprawke
1211,podlaskie,kolneński,Kolno,gmina miejska,2006011,2020,OK,pdf,tekst,https://bip-umkolno.podlaskie.eu/resource/118823/RAPORT+o+stanie+Miasta+Kolno+za+2020+rok-1.pdf,dostęp_bezpośredni (wył. weryf. SSL) | poprawka: dostęp_bezpośredni (bip-umkolno.podlaskie.eu = lustro martwej bip.um.kolno.wrotapodlasia.pl); zastąpiło martwe bip.kolno.pl (domena zaparkowana),e2aa455b98e309dab2124bbf8e46c5f207f1ec48ac19accea069f0f2dcf56505,zastosowano znalezione/poprawke
1212,podlaskie,kolneński,Kolno,gmina miejska,2006011,2021,OK,docx,tekst,https://bip-umkolno.podlaskie.eu/resource/119271/RAPORT+o+stanie+Miasta+Kolno+za+2021+rok.docx,dostęp_bezpośredni | poprawka: dostęp_bezpośredni (bip-umkolno.podlaskie.eu = lustro martwej bip.um.kolno.wrotapodlasia.pl); zastąpiło martwe bip.kolno.pl (domena zaparkowana),cfac0ef3838551998e74f9a19873dad49acfd61d35ec12430dd3524ef800b9ef,zastosowano znalezione/poprawke
1213,podlaskie,kolneński,Kolno,gmina miejska,2006011,2022,OK,pdf,tekst,https://bip-umkolno.podlaskie.eu/resource/119621/RAPORT+o+stanie+Miasta+Kolno+za+2022+rok-sig.pdf,dostęp_bezpośredni (wył. weryf. SSL) | poprawka: dostęp_bezpośredni (bip-umkolno.podlaskie.eu = lustro martwej bip.um.kolno.wrotapodlasia.pl); zastąpiło martwe bip.kolno.pl (domena zaparkowana),89799511f22b6e1689e19202f42eac4562c0d14090500463843aa6a64b2f9ab8,zastosowano znalezione/poprawke
1214,podlaskie,kolneński,Kolno,gmina miejska,2006011,2023,OK,pdf,tekst,https://bip-umkolno.podlaskie.eu/resource/120068/Raport+o+stanie+Miasta+Kolno+za+2023+rok.pdf,dostęp_bezpośredni (wył. weryf. SSL) | poprawka: dostęp_bezpośredni (bip-umkolno.podlaskie.eu = lustro martwej bip.um.kolno.wrotapodlasia.pl); zastąpiło martwe bip.kolno.pl (domena zaparkowana),733a4896dcd4096689143ed70e2b095901f2d76b2c677a3840b425ce0b2d7d2e,zastosowano znalezione/poprawke
1215,podlaskie,kolneński,Kolno,gmina miejska,2006011,2024,OK,pdf,tekst,https://bip-umkolno.podlaskie.eu/resource/120417/RAPORT+o+stanie+Miasta+Kolno+za+2024+rok.pdf,dostęp_bezpośredni (wył. weryf. SSL) | poprawka: dostęp_bezpośredni (bip-umkolno.podlaskie.eu = lustro martwej bip.um.kolno.wrotapodlasia.pl); zastąpiło martwe bip.kolno.pl (domena zaparkowana),6c6c44e4c42fbe1045bc9834754c03a57a246827b7092050cd19dcbcb782c947,zastosowano znalezione/poprawke
1216,podlaskie,kolneński,Kolno,gmina miejska,2006011,2025,OK,pdf,tekst,https://bip-umkolno.podlaskie.eu/resource/120683/RAPORT+o+stanie+Miasta+Kolno+za+2025+rok.pdf,dostęp_bezpośredni | poprawka: dostęp_bezpośredni (bip-umkolno.podlaskie.eu = lustro martwej bip.um.kolno.wrotapodlasia.pl); zastąpiło martwe bip.kolno.pl (domena zaparkowana),0e92825280698ac4ba936872421d562882820f7ff3c997d3acc91a9e1c5188a8,zastosowano znalezione/poprawke
1217,podlaskie,kolneński,Kolno,gmina wiejska,2006032,2018,OK,,tekst,https://bip-ugkolno.podlaskie.eu/resource/117529/RAPORT+O+STANIE+GMINY+ostateczny.pdf,dostęp_bezpośredni,d3cbcdf0bc504cbc9be23f065e5e33f920fb11201229603f944411d2ae4a5b6c,200
1218,podlaskie,kolneński,Kolno,gmina wiejska,2006032,2019,OK,,tekst,https://bip-ugkolno.podlaskie.eu/resource/109/RAPORT+O+STANIE+GMINY+2019.pdf,dostęp_bezpośredni,2e44f356af3c6d2e1aa0f5be6bd361849b8cb0f1b101286def9270a27703b079,200
1219,podlaskie,kolneński,Kolno,gmina wiejska,2006032,2020,OK,,tekst,https://bip-ugkolno.podlaskie.eu/resource/118588/Rap_o_stanie_Gminy_2020.pdf,dostęp_bezpośredni,08fe185d885df543c4c955085b16104f6b04919c10d13a86621e2dd0136a1aca,200
1220,podlaskie,kolneński,Kolno,gmina wiejska,2006032,2021,BRAK,,,,,,BRAK_URL (dowód istnienia - plik utracony)
1221,podlaskie,kolneński,Kolno,gmina wiejska,2006032,2022,OK,pdf,tekst,https://bip-ugkolno.podlaskie.eu/resource/171/Raport+o+stanie+gminy+2022.pdf,dostęp_bezpośredni | poprawka: dostęp_bezpośredni; zastąpiło formularz zgłoszeniowy (Kolnoforumlarzraport.pdf),2a2f55423be2aa89e51e10712c70831e77426b4125b7c57ca6f96f50ccc59f72,zastosowano znalezione/poprawke
1222,podlaskie,kolneński,Kolno,gmina wiejska,2006032,2023,OK,,tekst,https://bip-ugkolno.podlaskie.eu/resource/171/raport_o_+stanie_gminy_2023_rok.pdf,dostęp_bezpośredni,b0307c2be5b74e728725266f2d620cbcc8d391b8c34b47d876e802f728db974c,200
1223,podlaskie,kolneński,Kolno,gmina wiejska,2006032,2024,OK,,tekst,https://bip-ugkolno.podlaskie.eu/resource/171/Raport_o_stanie_Gminy_Kolno_2024_rok.pdf,dostęp_bezpośredni,a7ec61c8c9d2597a4cce14fe55f08dde601b0991368a820a673de822f1a2c221,200
1224,podlaskie,kolneński,Kolno,gmina wiejska,2006032,2025,OK,pdf,tekst,https://bip-ugkolno.podlaskie.eu/resource/120698/Raport_o_stanie_gminy_Kolno_za_2025.pdf,dostęp_bezpośredni | poprawka: dostęp_bezpośredni; zastąpiło raport dostępności PP w Zabielu (resource/119993),041dd585f5ceaf905208933d96728fe37114bd1991581a2945037cf693bdbf65,zastosowano znalezione/poprawke
1225,podlaskie,kolneński,Mały Płock,gmina wiejska,2006042,2018,OK,,tekst,https://bip-ugmalyplock.podlaskie.eu/resource/116436/Raport+o+stanie+Gminy+-+2018.pdf,dostęp_bezpośredni,f1ff83271ac33d32d26d070b8cd94be88dac8b9302a6bed358dd0b5663e78a9d,200
1226,podlaskie,kolneński,Mały Płock,gmina wiejska,2006042,2019,OK,,tekst,https://bip-ugmalyplock.podlaskie.eu/resource/117009/Raport+o+stanie+Gminy+-+2019.pdf,dostęp_bezpośredni,468f560a7f43b1223de64ebefc4649818c772eed90f2d2061a2cc008a8438d6c,200
1227,podlaskie,kolneński,Mały Płock,gmina wiejska,2006042,2020,OK,,tekst,https://bip-ugmalyplock.podlaskie.eu/resource/117468/Raport+o+stanie+Gminy+-+2020.pdf,dostęp_bezpośredni,e4fe83f047419b548e72aeabe51ebb60626c26a57dfca07ce9010e23bd22db0e,200
1228,podlaskie,kolneński,Mały Płock,gmina wiejska,2006042,2021,OK,,tekst,https://bip-ugmalyplock.podlaskie.eu/resource/117342/raport+o+stanie+dost%25C4%2599pno%25C5%259Bci.pdf,dostęp_bezpośredni,6dce45308145886162e5c19fd51c2c0d70ca1664c90f903a0c72987c802f1f79,200
1229,podlaskie,kolneński,Mały Płock,gmina wiejska,2006042,2022,OK,,tekst,https://bip-ugmalyplock.podlaskie.eu/resource/117970/Raport+o+stanie+Gminy+-+2022.doc,dostęp_bezpośredni,c06455313063ff71b20b5aac1970c529346aaf0585872c78d0a127288f68ec5e,200
1230,podlaskie,kolneński,Mały Płock,gmina wiejska,2006042,2023,OK,,tekst,https://bip-ugmalyplock.podlaskie.eu/resource/118253/Raport+o+stanie+Gminy+-+2023.pdf,dostęp_bezpośredni,02ae9d61cf860641c90af0656bd6a7dcebf4985201609b986767ff2fa6a364a2,200
1231,podlaskie,kolneński,Mały Płock,gmina wiejska,2006042,2024,OK,,tekst,https://bip-ugmalyplock.podlaskie.eu/resource/118576/Raport+o+stanie+Gminy+-+2024.doc,dostęp_bezpośredni,f7b896d453dd0c6f9fb851a69a3c13d1281afa8388bcdbb913514c96ec54d1ad,200
1232,podlaskie,kolneński,Mały Płock,gmina wiejska,2006042,2025,OK,,tekst,https://bip-ugmalyplock.podlaskie.eu/resource/118802/Raport+o+stanie+Gminy+-+2025.doc,dostęp_bezpośredni,dd4d1413c3ef72f115d1c498954d4c0fe57538e2765116a1cf4b28f94e6e6206,200
1233,podlaskie,kolneński,Stawiski,gmina miejsko-wiejska,2006053,2018,OK,,tekst,https://bip.stawiski.pl/download.php?id=5184,dostęp_bezpośredni,e30d3c4e8d7af3bc446cf2a5453a7f3c642f932fac6f34c8a9f4739376896b4e,200
1234,podlaskie,kolneński,Stawiski,gmina miejsko-wiejska,2006053,2019,OK,,tekst,https://bip.stawiski.pl/download.php?id=5797,dostęp_bezpośredni,303bf931bad121df00e1d1760d409bd1d94ef9682fe0b3afaf9be8172a407aec,200
1235,podlaskie,kolneński,Stawiski,gmina miejsko-wiejska,2006053,2020,OK,,tekst,https://bip.stawiski.pl/download.php?id=6231,dostęp_bezpośredni,86284e25bb5f125533af22ede71bf703c9f13f0beeb530cd01434de41d8d9070,200
1236,podlaskie,kolneński,Stawiski,gmina miejsko-wiejska,2006053,2021,OK,,tekst,https://bip.stawiski.pl/download.php?id=6794,dostęp_bezpośredni,39ebd7dabfa7db9372b3ce2eb06d729485c2ea73a9f50c00cf7f62f414adfb93,200
1237,podlaskie,kolneński,Stawiski,gmina miejsko-wiejska,2006053,2022,OK,,tekst,https://bip.stawiski.pl/download.php?id=7482,dostęp_bezpośredni,6a743f790353e8a68b75693ee9a360be3be2c593b3da198842187b2f8d0fcbec,200
1238,podlaskie,kolneński,Stawiski,gmina miejsko-wiejska,2006053,2023,OK,,tekst,https://bip.stawiski.pl/download.php?id=8056,dostęp_bezpośredni,6531c31474f7df6797ed35a835b30947f2d0329a8eee3d57bfadde34ed43e981,200
1239,podlaskie,kolneński,Stawiski,gmina miejsko-wiejska,2006053,2024,OK,,tekst,https://bip.stawiski.pl/download.php?id=8503,dostęp_bezpośredni,60a893d8735a77f8acb3f4fb51d1fdd28e99296c49e5489ff0a69c9f171bfcd5,200
1240,podlaskie,kolneński,Stawiski,gmina miejsko-wiejska,2006053,2025,OK,,tekst,https://bip.stawiski.pl/download.php?id=8943,dostęp_bezpośredni,3085456acb6c06e5020e3087a568e57c21cb4d928289667fbcbcdc9827e74a00,200
1241,podlaskie,kolneński,Turośl,gmina wiejska,2006062,2018,OK,,tekst,http://www.turosl.pl/asp/pliki/aktualnosci_2019/raport_o_stanie_gminy_turosl_za_2018_r.___ostateczna_wersja.docx,dostęp_bezpośredni,496d8fd096379c96a04a28baff17e15fea6cbc2e7be23a8a66365a5c499571db,200
1242,podlaskie,kolneński,Turośl,gmina wiejska,2006062,2019,OK,,tekst,https://turosl.biuletyn.net/fls/bip_pliki/2020_06/BIPF5A72D00A9CE52Z/Raport_o_stanie_Gminy_Turosl_za_2019_r.___z_dnia_18.05.2020_r..docx,dostęp_bezpośredni,d70a8332201deab027473501a8df7de24da5e00d021ff2f7b4a97d8c3aa014f6,200
1243,podlaskie,kolneński,Turośl,gmina wiejska,2006062,2020,OK,,tekst,https://turosl.biuletyn.net/fls/bip_pliki/2024_05/BIPF619064C885CF3Z/Raport_o_stanie_Gminy_Turosl_za_2020_r.___z_dnia_20.05.2020_r..docx,dostęp_bezpośredni,017c7712423b8cff6b65aa45d201434cada53b5eea1948860b3f205ac5bc800b,200
1244,podlaskie,kolneński,Turośl,gmina wiejska,2006062,2021,OK,,tekst,https://turosl.biuletyn.net/fls/bip_pliki/2024_05/BIPF619064CBA32E9Z/Raport_o_stanie_Gminy_Turosl_za_2021_r.___z_dnia_20.05.2022r..docx,dostęp_bezpośredni,322c938de66b4f8cd9ac4b3fd82001ad59000c440adb7799ac69f310737507fd,200
1245,podlaskie,kolneński,Turośl,gmina wiejska,2006062,2022,OK,,tekst,https://turosl.biuletyn.net/fls/bip_pliki/2024_05/BIPF619064D2A9256Z/Raport_o_stanie_Gminy_Turosl_za_2022_r.___z_dnia_18.05.2023_r..pdf,dostęp_bezpośredni,64b2223b2622afe71b96182c4e7f78c01c52835db997d7524f98a5e68ad70323,200
1246,podlaskie,kolneński,Turośl,gmina wiejska,2006062,2023,OK,,tekst,https://turosl.biuletyn.net/fls/bip_pliki/2025_02/BIPF62EE37BEBA917Z/Raport_o_stanie_Gminy_Turosl_za_2023_r.___z_dnia_20.05.2024_r._-_wersja_ostateczna___1.pdf,dostęp_bezpośredni,30c226a1a9999ee42f0ed373aba459510a6d247447e7a572cfa4ba35192c0bd4,200
1247,podlaskie,kolneński,Turośl,gmina wiejska,2006062,2024,OK,,tekst,https://turosl.biuletyn.net/fls/bip_pliki/2025_08/BIPF63CDAE1D8CDFZ/Raport_o_stanie_Gminy_Turosl_za_2024_r..pdf,dostęp_bezpośredni,49b9c20eac50f16954035b044351e47571fb8d5e091a5768243c448f72f3a9fc,200
1248,podlaskie,kolneński,Turośl,gmina wiejska,2006062,2025,OK,,tekst,https://turosl.biuletyn.net/fls/bip_pliki/2026_06/BIPF653CC2C1B803DZ/Raport_o_stanie_Gminy_Turosl_za_2025_r.___projekt.pdf,dostęp_bezpośredni,ba92e2ca4c91f8f8a8f8176573be82a448d28d087cec23c5a5c4a44487338065,200
1249,podlaskie,m. Białystok,Białystok,gmina miejska (miasto na prawach powiatu),2061011,2018,OK,,tekst,https://www.bialystok.pl/resource/16866/Raport+o+stanie+Miasta+w+2018+roku.pdf,dostęp_bezpośredni,a483a8e77a9d8fcc8c83204969ac007bdebf9b42ffa8ec28685b0e5955a9f3b6,200
1250,podlaskie,m. Białystok,Białystok,gmina miejska (miasto na prawach powiatu),2061011,2019,OK,,tekst,https://www.bialystok.pl/resource/136/Raport+o+stanie+Miasta+Bia%25C5%2582egostoku+za+2019+rok.pdf,dostęp_bezpośredni,4367772c8d83786db0c809b35d7e848c08befc54947e1763d770d0f326b19b78,200
1251,podlaskie,m. Białystok,Białystok,gmina miejska (miasto na prawach powiatu),2061011,2020,OK,,tekst,https://www.bialystok.pl/resource/23827/Raport+o+stanie+Miasta+Bia%25C5%2582egostoku+za+2020+rok.pdf,dostęp_bezpośredni,8d090493415583f5b7a96e417b37b897ca7ea40d6b6a25e674d0d88db6d0ad6f,200
1252,podlaskie,m. Białystok,Białystok,gmina miejska (miasto na prawach powiatu),2061011,2021,OK,,tekst,https://www.bialystok.pl/resource/6781/Raport+o+stanie+Miasta+Bia%25C5%2582egostoku+za+2021+rok,dostęp_bezpośredni,334706b0ad7e87661abbaaa8a598e2ab79b1b8f0a0840c2803d9e31d9474c91b,200
1253,podlaskie,m. Białystok,Białystok,gmina miejska (miasto na prawach powiatu),2061011,2022,OK,,tekst,https://www.bialystok.pl/resource/136/Raport+o+stanie+Miasta+Bia%25C5%2582egostoku+za+2022+rok,dostęp_bezpośredni,a992132bd8988fcc5d7ad4618258bd90c856e8284329613eac538a9fe4240f59,200
1254,podlaskie,m. Białystok,Białystok,gmina miejska (miasto na prawach powiatu),2061011,2023,OK,,tekst,https://www.bialystok.pl/resource/16865/Raport+o+stanie+Miasta+Bia%25C5%2582egostoku+za+2023+rok.pdf,dostęp_bezpośredni,1c9f10cfb6e3dec7c150c5f39f47053077c55d42d012454723093bb4679f5f33,200
1255,podlaskie,m. Białystok,Białystok,gmina miejska (miasto na prawach powiatu),2061011,2024,OK,,tekst,https://www.bialystok.pl/resource/16865/Raport+o+stanie+Miasta+Bia%25C5%2582egostoku+za+2024+rok.pdf,dostęp_bezpośredni,1e4caeb66678a06e64df897e06b9c64bd65d1da07efde473b9c3801b734288e7,200
1256,podlaskie,m. Białystok,Białystok,gmina miejska (miasto na prawach powiatu),2061011,2025,OK,,skan,https://www.bialystok.pl/resource/16865/Raport+o+stanie+Miasta+Bia%25C5%2582egostoku+za+2025+rok+%2528skan%2529.pdf,dostęp_bezpośredni,79aabcee47cd88f907e3d493cdce2778d5584989e93504ca5b73432c7486e652,200
1257,podlaskie,m. Suwałki,Suwałki,gmina miejska (miasto na prawach powiatu),2063011,2018,OK,,tekst,https://um.suwalki.pl/storage/uzytkownicy/eklejmont@um.suwalki.pl/Raporty%20o%20stanie%20miasta/raport%20o%20stanie%20miasta_2018.pdf,dostęp_bezpośredni,9091026bc3ee3d75fd5fd20f643b1fe36666623ccf1f188195592a174b93dbf8,200
1258,podlaskie,m. Suwałki,Suwałki,gmina miejska (miasto na prawach powiatu),2063011,2019,OK,,tekst,https://um.suwalki.pl/storage/uzytkownicy/esienko@um.suwalki.pl/!%20PLIKI%20KALENDARZ%20i%20www/2023%20stycze%C5%84/Raport%20o%20stanie%20miasta%202019.pdf,dostęp_bezpośredni,1ae1f2f2b232efd4af3bb31791dfcbb3e0a01ec2079ac7a929aaf986ad1b6018,200
1259,podlaskie,m. Suwałki,Suwałki,gmina miejska (miasto na prawach powiatu),2063011,2020,OK,,tekst,https://um.suwalki.pl/storage/uzytkownicy/esienko@um.suwalki.pl/!%20PLIKI%20KALENDARZ%20i%20www/2023%20czerwiec/raport%20o%20stanie%20miasta_2020.pdf,dostęp_bezpośredni,a36789cf076fb1c6b1096e270686a95562c678c8db9a747362234df043619522,200
1260,podlaskie,m. Suwałki,Suwałki,gmina miejska (miasto na prawach powiatu),2063011,2021,OK,,tekst,https://um.suwalki.pl/storage/uzytkownicy/esienko@um.suwalki.pl/RAPORTY%20O%20STANIE%20MIASTA/raport%20o%20stanie%20miasta_2021.pdf,dostęp_bezpośredni,ad57d4a33fc860ce43455d9dfd7c2801eb0431b6f7b8cc8a0feaf32855ae1376,200
1261,podlaskie,m. Suwałki,Suwałki,gmina miejska (miasto na prawach powiatu),2063011,2022,OK,,tekst,https://um.suwalki.pl/storage/uzytkownicy/esienko@um.suwalki.pl/RAPORTY%20O%20STANIE%20MIASTA/Raport%20o%20stanie%20miasta%202022_ostateczny.pdf,dostęp_bezpośredni,b3035f5079e6d11b78668c17cb1326a397cf5689cf80de64586eac6d298be123,200
1262,podlaskie,m. Suwałki,Suwałki,gmina miejska (miasto na prawach powiatu),2063011,2023,OK,,tekst,https://um.suwalki.pl/storage/uzytkownicy/esienko@um.suwalki.pl/RAPORTY%20O%20STANIE%20MIASTA/Raport%20o%20stanie%20miasta%20za%202023%20rok.pdf,dostęp_bezpośredni,c74c207c64e4bd9dc51deaf68286b432bf1c3727a9628c13742afe58299b7e0b,200
1263,podlaskie,m. Suwałki,Suwałki,gmina miejska (miasto na prawach powiatu),2063011,2024,OK,,tekst,https://um.suwalki.pl/storage/uzytkownicy/esienko@um.suwalki.pl/FOLDER%20WYDZIALOWY%20UM/PKP/Raport%20o%20stanie%20miasta%20za%202024%20rok.pdf,dostęp_bezpośredni,f782ef2f22dcfeee53746345f202fda7ba68f9288c756494dd978ce82a11d3bd,200
1264,podlaskie,m. Suwałki,Suwałki,gmina miejska (miasto na prawach powiatu),2063011,2025,OK,,tekst,https://um.suwalki.pl/storage/uzytkownicy/esienko@um.suwalki.pl/FOLDER%20WYDZIALOWY%20UM/PKP/raport%20za%202025/raport_o_stanie_miasta_za_2025_rok.pdf,dostęp_bezpośredni,0868484d8ae68d1b9d9cb6f1afa7be86d0137558d0874db1260b238483fd2459,200
1265,podlaskie,m. Łomża,Łomża,gmina miejska (miasto na prawach powiatu),2062011,2018,OK,,skan,http://www.lomza.pl/bip/zalaczniki/art/190618132506.pdf,dostęp_bezpośredni,44aca984fde06f4f2ec141c9ff88e04730dd755aa4df59dac00069470587b426,200
1266,podlaskie,m. Łomża,Łomża,gmina miejska (miasto na prawach powiatu),2062011,2019,OK,pdf,skan,https://www.lomza.pl/bip/zalaczniki/art/200626103656.pdf,"dowód: raporty miasta na bip.lomza.pl / lomza.pl (do zlokalizowania) | znalezione: dostęp_bezpośredni (www.lomza.pl/bip: materiały na sesję RM, lipiec 2020, druk nr 426)",33a76812ab375470976f456fe2dca9b1d009eaec1023fd4fcae2ec00b020adf6,zastosowano znalezione/poprawke
1267,podlaskie,m. Łomża,Łomża,gmina miejska (miasto na prawach powiatu),2062011,2020,OK,pdf,skan,https://www.lomza.pl/bip/zalaczniki/art/210531150157.pdf,"dowód: raporty miasta na bip.lomza.pl / lomza.pl (do zlokalizowania) | znalezione: dostęp_bezpośredni (www.lomza.pl/bip: materiały na sesję RM, czerwiec 2021, druk nr 651)",21760f44f408aafd69311dc5d52378962a65ce38f6efe2a319da7cd385a37f3e,zastosowano znalezione/poprawke
1268,podlaskie,m. Łomża,Łomża,gmina miejska (miasto na prawach powiatu),2062011,2021,OK,,skan,https://www.lomza.pl/bip/zalaczniki/art/220531125326.pdf,dostęp_bezpośredni,2f0963fc21a8ad682c77f1d1d8775836e09762bf32c2c175975e5a7064ceec72,200
1269,podlaskie,m. Łomża,Łomża,gmina miejska (miasto na prawach powiatu),2062011,2022,OK,,tekst,https://www.lomza.pl/bip/zalaczniki/art/230612125005.pdf,dostęp_bezpośredni,13dbe09ae3d36baf9d913cb69ffb891ee216848e79f087b4998c4a6d4e0460ff,200
1270,podlaskie,m. Łomża,Łomża,gmina miejska (miasto na prawach powiatu),2062011,2023,OK,,tekst,https://lomza-api.bip.net.pl/api/attachments/1606,dostęp_bezpośredni,34f35d6e12e20bc4b0e2b03a987d131e510b5501d7f7c7d43805895c5f82b306,200
1271,podlaskie,m. Łomża,Łomża,gmina miejska (miasto na prawach powiatu),2062011,2024,OK,,skan,https://lomza-api.bip.net.pl/api/attachments/4948,dostęp_bezpośredni,f89448e9e5e9fa1d24993cab3a8498250987a7bfc537249cab2e22768377b6ab,200
1272,podlaskie,m. Łomża,Łomża,gmina miejska (miasto na prawach powiatu),2062011,2025,OK,,skan,https://lomza-api.bip.net.pl/api/attachments/7700,dostęp_bezpośredni,a48fdc11fe2fd26dd1304e9bef3e251503cb5b466a6884ec1720b1c7264061e4,200
1273,podlaskie,moniecki,Goniądz,gmina miejsko-wiejska,2008013,2018,OK,,tekst,https://bip-umgoniadz.podlaskie.eu/resource/115566/Raport+o+stanie+gminy+za+rok+2018.zip,dostęp_bezpośredni,4ecdf173b5236fda84998fe716d4e748e0cedaa419ca1454583b83b6876612ce,200
1274,podlaskie,moniecki,Goniądz,gmina miejsko-wiejska,2008013,2019,OK,,tekst,https://bip-umgoniadz.podlaskie.eu/resource/115832/Raport+o+stanie+gminy+za+2019+rok.zip,dostęp_bezpośredni,2c0dc06d8dc5f7bd803e21920e0ca2aac7e6f87dce44ece81aba2f3cc73fcde0,200
1275,podlaskie,moniecki,Goniądz,gmina miejsko-wiejska,2008013,2020,OK,,tekst,https://goniadz.pl/gazeta/wiadomosci_goniadzkie_1-2021.pdf,dostęp_bezpośredni,974b045323ac8ff3be3713c6a36272bcc9d020b92ea40e5863268f0b96dbdb1d,200
1276,podlaskie,moniecki,Goniądz,gmina miejsko-wiejska,2008013,2021,OK,,tekst,https://goniadz.pl/gazeta/wiadomosci_goniadzkie_2-2021.pdf,dostęp_bezpośredni,3f39cf38dc42b86a06ca7055d35d8c8e9b54a9776b37a81dbfdd5ba159289fff,200
1277,podlaskie,moniecki,Goniądz,gmina miejsko-wiejska,2008013,2022,OK,,tekst,https://goniadz.pl/gazeta/wiadomosci_goniadzkie_3-2022.pdf,dostęp_bezpośredni,1fc31acff6a2708f8923483df86c75818ddec857ff34734693df1774e867a173,200
1278,podlaskie,moniecki,Goniądz,gmina miejsko-wiejska,2008013,2023,OK,,tekst,https://bip-umgoniadz.podlaskie.eu/resource/116282/Raport+o+stanie+gminy+Goni%25C4%2585dz+za+2023+rok.zip,dostęp_bezpośredni,0039a672b1b1e0a7685069a13c8f89af371c7a2a2e91792cf6bd9aed091d1647,200
1279,podlaskie,moniecki,Goniądz,gmina miejsko-wiejska,2008013,2024,BRAK,,brak,brak,dogłębne sprawdzenie (web search + BIP + Wayback) - brak dowodu istnienia,,BRAK_URL (niepowstały)
1280,podlaskie,moniecki,Goniądz,gmina miejsko-wiejska,2008013,2025,OK,,tekst,https://bip-umgoniadz.podlaskie.eu/resource/116285/Uchwa%25C5%2582a+Nr+XIX_121_26+z+2026-03-20+w+sprawie+zmian+w+bud%25C5%25BCecie+gminy+na+2026+rok.pdf,dostęp_bezpośredni,d701d54928a5cf8f8fdf058825a93914ecac970166d9ca450ff40226aacc86a9,200
1281,podlaskie,moniecki,Jasionówka,gmina wiejska,2008022,2018,BRAK,,brak,brak,dogłębne sprawdzenie (web search + BIP + Wayback) - brak dowodu istnienia,,BRAK_URL (niepowstały)
1282,podlaskie,moniecki,Jasionówka,gmina wiejska,2008022,2019,OK,,tekst,https://bip-ugjasionowka.podlaskie.eu/resource/6676/raport+-+za+2019-dobry.pdf,dostęp_bezpośredni,f86174353407fd2bccc53382acd78678ffe65db613dac1e932fe829c10c9f58b,200
1283,podlaskie,moniecki,Jasionówka,gmina wiejska,2008022,2020,OK,,tekst,https://bip-ugjasionowka.podlaskie.eu/resource/7491/_raport+-+za+2020-uzup.pdf,dostęp_bezpośredni,fb608331c6cbc1e4cc7fb4ced2362c2ccb2174dff6817d81ebd1d52307cf4124,200
1284,podlaskie,moniecki,Jasionówka,gmina wiejska,2008022,2021,OK,,tekst,https://bip-ugjasionowka.podlaskie.eu/resource/6619/_raport+-+za+2021p-p.pdf,dostęp_bezpośredni,e089e4fc760d110ad861b316680a838c24e4840f52bad19bfd6813ea278adfc3,200
1285,podlaskie,moniecki,Jasionówka,gmina wiejska,2008022,2022,OK,,tekst,https://bip-ugjasionowka.podlaskie.eu/resource/6619/_raport+-+za+2022-signed.pdf,dostęp_bezpośredni,c59dface0ecd01591e1513b957eae24d51f261487c7a844b5e06def09c068f11,200
1286,podlaskie,moniecki,Jasionówka,gmina wiejska,2008022,2023,OK,,tekst,https://bip-ugjasionowka.podlaskie.eu/resource/6619/_raport+-+za+2023-podp.pdf,dostęp_bezpośredni,c2bd9a35d1ff623545c95c8455bd4f54cb5a4d53a55c4af53947bc052ec57ed9,200
1287,podlaskie,moniecki,Jasionówka,gmina wiejska,2008022,2024,OK,,tekst,https://bip-ugjasionowka.podlaskie.eu/resource/6619/_raport+-+za+2024-podp.pdf,dostęp_bezpośredni,778bf52cfde024bc2e0eb8208cc58bc67a3ecc0708e302678d6d56ca93d61f7b,200
1288,podlaskie,moniecki,Jasionówka,gmina wiejska,2008022,2025,OK,,tekst,https://bip-ugjasionowka.podlaskie.eu/resource/6619/_raport+-+za+2025-podp.BES.pdf,dostęp_bezpośredni,5084caefe7ca576ba06078f12329b6c771a52ca930551f0b832a598346a46ed6,200
1289,podlaskie,moniecki,Jaświły,gmina wiejska,2008032,2018,OK,,tekst,https://bip-ugjaswily.podlaskie.eu/rada-gminy/raporty_o_stanie_/raport-o-stanie-gminy-jaswily-w-roku-2018.html,dostęp_bezpośredni,b99842012feba061ad600bdc4edf2679c86392ab01d1ff13d1637d14143fe2d2,200
1290,podlaskie,moniecki,Jaświły,gmina wiejska,2008032,2019,OK,,tekst,https://bip-ugjaswily.podlaskie.eu/rada-gminy/raporty_o_stanie_/2019.html,dostęp_bezpośredni,ed0b11be044ab4869b409d617fa6c57acad317dbd7fb5db7febab1316e8eb7b4,200
1291,podlaskie,moniecki,Jaświły,gmina wiejska,2008032,2020,OK,,tekst,https://bip-ugjaswily.podlaskie.eu/rada-gminy/raporty_o_stanie_/2020/,dostęp_bezpośredni,39cd0e28275fc8a14d4eb33b4c30e0eeb2430f42f58c7e84d4c9238f296ef0fb,200
1292,podlaskie,moniecki,Jaświły,gmina wiejska,2008032,2021,OK,,tekst,https://bip-ugjaswily.podlaskie.eu/rada-gminy/raporty_o_stanie_/raport-o-stanie-gminy-w-roku-2021.html,dostęp_bezpośredni,40b7108ed7d9c523ebb42179f3aa89a21d28e5e0d05ee40aa2c01b09c90fbbb2,200
1293,podlaskie,moniecki,Jaświły,gmina wiejska,2008032,2022,OK,,tekst,https://bip-ugjaswily.podlaskie.eu/rada-gminy/raporty_o_stanie_/raport-o-stanie-gminy-w-2022-r.html,dostęp_bezpośredni,8ea630d40c366661de22598e68c631a465b1a9d63c186a075a3d130a58b56824,200
1294,podlaskie,moniecki,Jaświły,gmina wiejska,2008032,2023,OK,,tekst,https://bip-ugjaswily.podlaskie.eu/rada-gminy/raporty_o_stanie_/raport-o-stanie-gminy-w-2023-r.html,dostęp_bezpośredni,76e4afee70b78d596155efe2af17ededb5399a8ad9a8174cc6d2d28605af1062,200
1295,podlaskie,moniecki,Jaświły,gmina wiejska,2008032,2024,OK,,tekst,https://bip-ugjaswily.podlaskie.eu/rada-gminy/raporty_o_stanie_/raport-o-stanie-gminy-za-2024-r.html,dostęp_bezpośredni,9244e04b013a4921a1fcdd1c083417c6d6c6a8ab77811323b5daddb815cade70,200
1296,podlaskie,moniecki,Jaświły,gmina wiejska,2008032,2025,OK,,tekst,https://bip-ugjaswily.podlaskie.eu/resource/6054/Raport+o+stanie+Gminy+za+2025.pdf,dostęp_bezpośredni,1c6b4e3333dcaa9d9eee39e8ca5a4358298997abf92eed1042e46a0b1e5ff1a1,200
1297,podlaskie,moniecki,Knyszyn,gmina miejsko-wiejska,2008043,2018,OK,,tekst,https://bip-umknyszyn.podlaskie.eu/raport_o_stanie_gminy_knyszyn/raport-o-stanie-gminy-knyszyn-za-2018-rok.html,dostęp_bezpośredni,253fc106026cc2bf039879e1720c128ddc274cbad6014a08c8b46e1ba53efe6d,200
1298,podlaskie,moniecki,Knyszyn,gmina miejsko-wiejska,2008043,2019,OK,,tekst,https://bip-umknyszyn.podlaskie.eu/raport_o_stanie_gminy_knyszyn/raport-o-stanie-gminy-knyszyn-za-2019-rok.html,dostęp_bezpośredni,6306301bb4d16e4ea3b67f41adfacd384bc08d9f077183f622dbd694936d333c,200
1299,podlaskie,moniecki,Knyszyn,gmina miejsko-wiejska,2008043,2020,OK,,tekst,https://bip-umknyszyn.podlaskie.eu/raport_o_stanie_gminy_knyszyn/raport-o-stanie-gminy-za-2020-r.html,dostęp_bezpośredni,1816411e6ecec0337e5b11e34df8c3b15832f0258993655fa6041606a6e6abcb,200
1300,podlaskie,moniecki,Knyszyn,gmina miejsko-wiejska,2008043,2021,OK,,tekst,https://bip-umknyszyn.podlaskie.eu/raport_o_stanie_gminy_knyszyn/raport-o-stanie-gminy-knyszyn-za-2021r.html,dostęp_bezpośredni,96bc25e1866d6cdbdb9855d5620a3c676fdbb10d03d949599654890f23c4273a,200
1301,podlaskie,moniecki,Knyszyn,gmina miejsko-wiejska,2008043,2022,OK,,tekst,https://bip-umknyszyn.podlaskie.eu/raport_o_stanie_gminy_knyszyn/raport-o-stanie-gminy-za-2022-rok.html,dostęp_bezpośredni,315f0986d1069884025bc46816cb1f420a058177be2b13fa2bcaaa66606fa9d5,200
1302,podlaskie,moniecki,Knyszyn,gmina miejsko-wiejska,2008043,2023,OK,,tekst,https://bip-umknyszyn.podlaskie.eu/raport_o_stanie_gminy_knyszyn/raport-o-stanie-gminy-knyszyn-za-2023-rok.html,dostęp_bezpośredni,6c68fb70ce630caf6a0e494d179ce4bd1262e9f25a7a673fd487dd9b45a7af44,200
1303,podlaskie,moniecki,Knyszyn,gmina miejsko-wiejska,2008043,2024,OK,,tekst,https://bip-umknyszyn.podlaskie.eu/raport_o_stanie_gminy_knyszyn/raport-o-stanie-gminy-knyszyn-za-2024-rok.html,dostęp_bezpośredni,0cc9485ebf61e1c343ce9a378e7f3efe6875b96453d255da0cb0a7e6e781e990,200
1304,podlaskie,moniecki,Knyszyn,gmina miejsko-wiejska,2008043,2025,OK,,tekst,https://bip-umknyszyn.podlaskie.eu/resource/117251/Raport+o+Stanie+Gminy+Knyszyn+za+2025+r.pdf,dostęp_bezpośredni,14e004dedd1cb4d638593f31078f1c2daf05dea25dc0c8bf7150c5f48cecfdbc,200
1305,podlaskie,moniecki,Krypno,gmina wiejska,2008052,2018,OK,,tekst,https://bip-ugkrypno.podlaskie.eu/resource/116799/raport.pdf,dostęp_bezpośredni,e3d266bd2bac9d9ffc6c95c54acbee28ef3d5fc354c6a964ee71b4c06d9cfe04,200
1306,podlaskie,moniecki,Krypno,gmina wiejska,2008052,2019,OK,,tekst,https://bip-ugkrypno.podlaskie.eu/resource/117646/Raport.pdf,dostęp_bezpośredni,95c06ab50907b5015d4812c0123826030c4fc135833974e3f88ced0d186d6dba,200
1307,podlaskie,moniecki,Krypno,gmina wiejska,2008052,2020,OK,,tekst,https://bip-ugkrypno.podlaskie.eu/resource/118557/raport+o+stanie+gminy+Krypno+.pdf,dostęp_bezpośredni,f3313645870db5ed621e2bd21e6699abe7ca90c58fda45dc2120ac7a63a1464b,200
1308,podlaskie,moniecki,Krypno,gmina wiejska,2008052,2021,OK,,tekst,https://bip-ugkrypno.podlaskie.eu/resource/119053/20220607074222.pdf,dostęp_bezpośredni,c4bae7d85e20171cf16d66deea8ff07a72d8e3d052b5fd838f70177770e59133,200
1309,podlaskie,moniecki,Krypno,gmina wiejska,2008052,2022,OK,,skan,https://bip-ugkrypno.podlaskie.eu/resource/119053/20220607074222.pdf,dostęp_bezpośredni,c4bae7d85e20171cf16d66deea8ff07a72d8e3d052b5fd838f70177770e59133,200
1310,podlaskie,moniecki,Krypno,gmina wiejska,2008052,2023,OK,,skan,https://bip-ugkrypno.podlaskie.eu/resource/120008/20240529142220.pdf,dostęp_bezpośredni,5632dece75bb745b8ad44daf5fde4ba59b083da2ecf03e819eeacd3c97d09158,200
1311,podlaskie,moniecki,Krypno,gmina wiejska,2008052,2024,OK,,skan,https://bip-ugkrypno.podlaskie.eu/resource/120622/raport+o+stanie+gminy.pdf,dostęp_bezpośredni,56d9257afe047584aa4dbf40330108910f6bbd5839c8fc38dd9b58a785b7fd67,200
1312,podlaskie,moniecki,Krypno,gmina wiejska,2008052,2025,OK,,skan,https://bip-ugkrypno.podlaskie.eu/resource/121190/raport+o+stanie+gminy+Krypno.pdf,dostęp_bezpośredni,c8dbc179f77d15b57c4806c7bfd694a0d5bc5c78103b44d0bfc9ea9c8e7ec1c5,200
1313,podlaskie,moniecki,Mońki,gmina miejsko-wiejska,2008063,2018,OK,,tekst,https://bip-ummonki.podlaskie.eu/resource/117646/Raport+o+stanie+gminy+Mo%C5%84ki.pdf,dostęp_bezpośredni,31861354bd7b5f8c3528f00aebb88d6740b548dfa7d14de35a8def5d1c664580,200
1314,podlaskie,moniecki,Mońki,gmina miejsko-wiejska,2008063,2019,OK,,tekst,https://bip-ummonki.podlaskie.eu/resource/117646/Raport+o+stanie+gminy+Mo%25C5%2584ki.pdf,dostęp_bezpośredni,31861354bd7b5f8c3528f00aebb88d6740b548dfa7d14de35a8def5d1c664580,200
1315,podlaskie,moniecki,Mońki,gmina miejsko-wiejska,2008063,2020,OK,,tekst,https://bip-ummonki.podlaskie.eu/resource/118867/RAPORT+2019.pdf,dostęp_bezpośredni,fc212dff90a82826ddf0ae72af83761c05dc7f3445c575e21b078880c9ec7698,200
1316,podlaskie,moniecki,Mońki,gmina miejsko-wiejska,2008063,2021,OK,,tekst,https://bip-ummonki.podlaskie.eu/resource/120114/RAPORT+2020.pdf,dostęp_bezpośredni,cd83f640fdf016509a11ca6d58a910a7091cb1d7db71e2efc5a0d14ee8cbdc9a,200
1317,podlaskie,moniecki,Mońki,gmina miejsko-wiejska,2008063,2022,OK,,tekst,https://bip-ummonki.podlaskie.eu/resource/120838/Informacja+o+debacie+nad+raportem.pdf,dostęp_bezpośredni,62a5b2debb963b91fef4cea58db7bf5a1426d63d5a0ba11dc3ab15a1b7a62dbc,200
1318,podlaskie,moniecki,Mońki,gmina miejsko-wiejska,2008063,2023,OK,,tekst,https://bip-ummonki.podlaskie.eu/resource/121304/Raport+wersja+ostateczna.pdf,dostęp_bezpośredni,f1e8ba4cad4ddfd050f6a2fc68c77dcebaac823689122df50dbb5f06beee3bf4,200
1319,podlaskie,moniecki,Mońki,gmina miejsko-wiejska,2008063,2024,OK,,tekst,https://bip-ummonki.podlaskie.eu/resource/121740/RAPORT+O+STANIE+GMINY+MO%25C5%2583KI+ZA+ROK+2023.pdf,dostęp_bezpośredni,24b837966b61909cb06ec1c83c5782cb80d8d9b0fb95bb5c8e5e2da43b1a1c66,200
1320,podlaskie,moniecki,Mońki,gmina miejsko-wiejska,2008063,2025,OK,,tekst,https://bip-ummonki.podlaskie.eu/resource/122445/RAPORT+O+STANIE+GMINY+MO%25C5%2583KI+za+2025+r..pdf,dostęp_bezpośredni,dad2551dfc498663f46b38dc64bc1098445fe427c399c89d384365b458cb1d88,200
1321,podlaskie,moniecki,Trzcianne,gmina wiejska,2008072,2018,BRAK,,brak,brak,dogłębne sprawdzenie (web search + BIP + Wayback) - brak dowodu istnienia,,BRAK_URL (niepowstały)
1322,podlaskie,moniecki,Trzcianne,gmina wiejska,2008072,2019,BRAK,,brak,brak,dogłębne sprawdzenie (web search + BIP + Wayback) - brak dowodu istnienia,,BRAK_URL (niepowstały)
1323,podlaskie,moniecki,Trzcianne,gmina wiejska,2008072,2020,BRAK,,brak,brak,dogłębne sprawdzenie (web search + BIP + Wayback) - brak dowodu istnienia,,BRAK_URL (niepowstały)
1324,podlaskie,moniecki,Trzcianne,gmina wiejska,2008072,2021,BRAK,,brak,brak,dogłębne sprawdzenie (web search + BIP + Wayback) - brak dowodu istnienia,,BRAK_URL (niepowstały)
1325,podlaskie,moniecki,Trzcianne,gmina wiejska,2008072,2022,BRAK,,brak,brak,dogłębne sprawdzenie (web search + BIP + Wayback) - brak dowodu istnienia,,BRAK_URL (niepowstały)
1326,podlaskie,moniecki,Trzcianne,gmina wiejska,2008072,2023,OK,,tekst,https://bip-ugtrzcianne.podlaskie.eu/resource/116387/Gmina+Trzcianne+RAPORT+2024.pdf,dostęp_bezpośredni,b7c8e1f3c2aea040ad6adc960935c0f82956bc229daa7707e26eae8c84dcb8e5,200
1327,podlaskie,moniecki,Trzcianne,gmina wiejska,2008072,2024,OK,,tekst,https://bip-ugtrzcianne.podlaskie.eu/resource/116567/Gmina+Trzcianne+RAPORT+.pdf,dostęp_bezpośredni,2c364ea9ac9549d7fda5b7098f2c9a56c1f4e8b1132b8ddaa7d534f80f4c010e,200
1328,podlaskie,moniecki,Trzcianne,gmina wiejska,2008072,2025,OK,,tekst,https://bip-ugtrzcianne.podlaskie.eu/resource/116777/Rapory+o+stanie+Gminy+Trzcianne+za+2025+r..pdf,dostęp_bezpośredni,66cbcc06bccf409e552dc6a4b772324d3a6cb61df409ab6045b3d4ecf4c13d2a,200
1329,podlaskie,siemiatycki,Drohiczyn,gmina miejsko-wiejska,2010023,2018,OK,,tekst,https://bip-umdrohiczyn.podlaskie.eu/resource/117996/Raport+o+stanie+Gminy+Drohiczyn+za+2018+rok.pdf,dostęp_bezpośredni,9ea629dbca801296cb22282f93c94a5b291876b6e41a033563a56b08d36700e6,200
1330,podlaskie,siemiatycki,Drohiczyn,gmina miejsko-wiejska,2010023,2019,OK,,tekst,https://bip-umdrohiczyn.podlaskie.eu/resource/119175/Raport+o+stanie+Gminy+za+2019+pdf..pdf,dostęp_bezpośredni,aa5e69728e1b74f3db8d3883d4a397db9b90c42e113d54edb3e932d29ed363cf,200
1331,podlaskie,siemiatycki,Drohiczyn,gmina miejsko-wiejska,2010023,2020,OK,,tekst,https://bip-umdrohiczyn.podlaskie.eu/resource/120322/Raport+o+stanie+Gminy+za+2020.pdf,dostęp_bezpośredni,2ad6c38179efd69bdbf0862ee4aa35a913b0e85936e1a62a92714c5c5aa664a2,200
1332,podlaskie,siemiatycki,Drohiczyn,gmina miejsko-wiejska,2010023,2021,OK,,tekst,https://bip-umdrohiczyn.podlaskie.eu/resource/121078/Raport+o+stanie+Gminy+za+2021.pdf,dostęp_bezpośredni,e30766d296fc8667a9eb406011b39c0c5be56ede37191bbeb6f49b22d2447c55,200
1333,podlaskie,siemiatycki,Drohiczyn,gmina miejsko-wiejska,2010023,2022,OK,,tekst,https://bip-umdrohiczyn.podlaskie.eu/resource/121592/Raport+o+stanie+Gminy+za+2022.pdf,dostęp_bezpośredni,ec06d1f3eaf9fc268fec30fb7816ac1d30d8f790fbdf0a18037031c9f0fd8b6f,200
1334,podlaskie,siemiatycki,Drohiczyn,gmina miejsko-wiejska,2010023,2023,OK,,tekst,https://bip-umdrohiczyn.podlaskie.eu/resource/122140/Raport+o+stanie+Gminy+za+2023.pdf,dostęp_bezpośredni,e2d87b8268bcd507455272022473f5335f816259cb681195f9b878446c1001b5,200
1335,podlaskie,siemiatycki,Drohiczyn,gmina miejsko-wiejska,2010023,2024,OK,,tekst,https://bip-umdrohiczyn.podlaskie.eu/resource/122525/Raport+o+stanie+Gminy+za+2024.pdf,dostęp_bezpośredni,59c4361406305eca073df09b93f6155fa54d6173af4148626ba08bd8b7391300,200
1336,podlaskie,siemiatycki,Drohiczyn,gmina miejsko-wiejska,2010023,2025,OK,,tekst,https://bip-umdrohiczyn.podlaskie.eu/resource/122924/Raport+o+stanie+Gminy+za+2025.pdf,dostęp_bezpośredni,bf2ff33deabc2b404bf0e4688365b15872dc7aec93c7a3c603394d5dc6da0f60,200
1337,podlaskie,siemiatycki,Dziadkowice,gmina wiejska,2010032,2018,OK,,tekst,https://bip-ugdziadkowice.podlaskie.eu/resource/file/download-file/id.4842/attachment.1,dostęp_bezpośredni,789dc6a05707bd11dc7912c2bc9511934abccc714db952d6d43810a8c8fb18fb,200
1338,podlaskie,siemiatycki,Dziadkowice,gmina wiejska,2010032,2019,OK,,tekst,https://bip-ugdziadkowice.podlaskie.eu/resource/file/download-file/id.5296/attachment.1,dostęp_bezpośredni,99a5e606f31763acfdbed6edbd5167eeeca6c098660d730c019850fac512968f,200
1339,podlaskie,siemiatycki,Dziadkowice,gmina wiejska,2010032,2020,OK,,tekst,https://bip-ugdziadkowice.podlaskie.eu/resource/115100/Raport o stanie gminy za 2020.pdf/attachment.1,dostęp_bezpośredni,f3c3054bf81d4d29c9ae97c6ab06eb5b58ac5caacdaccc081a77298facd7488f,200
1340,podlaskie,siemiatycki,Dziadkowice,gmina wiejska,2010032,2021,OK,,tekst,https://bip-ugdziadkowice.podlaskie.eu/resource/115388/zarządzenie 295.22.pdf/attachment.1,dostęp_bezpośredni,2e3617a30f74fafb26dfb807152a1ba8dfe94c2d5a9d22ffd28333c158bba7e3,200
1341,podlaskie,siemiatycki,Dziadkowice,gmina wiejska,2010032,2022,OK,,tekst,https://bip-ugdziadkowice.podlaskie.eu/resource/115251/raport o stanie gminy za 2022 rok.pdf/attachment.1,dostęp_bezpośredni,531685e63cd7f57bf3e4077ff71fc5e41b2c4f983c95d54aee82bba933547dbb,200
1342,podlaskie,siemiatycki,Dziadkowice,gmina wiejska,2010032,2023,OK,,tekst,https://bip-ugdziadkowice.podlaskie.eu/resource/115508/zarządzenie Nr 2.24.pdf/attachment.1,dostęp_bezpośredni,bbd0a279648fd626eef78db76a14c4b7868f18021a65bb0f31998974d6a0cc28,200
1343,podlaskie,siemiatycki,Dziadkowice,gmina wiejska,2010032,2024,OK,,tekst,https://bip-ugdziadkowice.podlaskie.eu/resource/115251/OI raport 2024.pdf/attachment.1,dostęp_bezpośredni,ed52d463c5085c157a2859067f2919a8ccec6e0204fbb6b2b895547cc6b0ec1e,200
1344,podlaskie,siemiatycki,Dziadkowice,gmina wiejska,2010032,2025,OK,,tekst,https://bip-ugdziadkowice.podlaskie.eu/resource/115251/raport o stanie gminy za 2025 rok.pdf/attachment.1,dostęp_bezpośredni,5d5274b457ca856b985aaad845f39f182dd0a2670e1f4d8199d55f11eb1f84b5,200
1345,podlaskie,siemiatycki,Grodzisk,gmina wiejska,2010042,2018,OK,,tekst,https://bip-uggrodzisk.podlaskie.eu/resource/2799/Raport+o+stanie+Gminy+Grodzisk+za+2018+r..pdf,dostęp_bezpośredni,8ffa5b0e26805b2f8787b2097ec1619a1345a55d719f26042d72d6e7f3850169,200
1346,podlaskie,siemiatycki,Grodzisk,gmina wiejska,2010042,2019,OK,,skan,https://bip-uggrodzisk.podlaskie.eu/resource/3660/RAPORT+za+2019+r..pdf,dostęp_bezpośredni,05c3b026bbaa1281724f8df999f2d483d4c54c4134309306d84cb545e1dee04f,200
1347,podlaskie,siemiatycki,Grodzisk,gmina wiejska,2010042,2020,OK,,tekst,https://bip-uggrodzisk.podlaskie.eu/resource/205/RAPORT+za+2020+r..pdf,dostęp_bezpośredni,aa91cee8d3c21f56c813934d077d114f19ede893493b0a29a9d5155616f32ecd,200
1348,podlaskie,siemiatycki,Grodzisk,gmina wiejska,2010042,2021,OK,,tekst,https://bip-uggrodzisk.podlaskie.eu/resource/4678/Raport+o+stanie+Gminy+Grodzisk+2021r..pdf,dostęp_bezpośredni,4a1698eeb03f48710b6eb27e74b43b4a6e0ad8d2a909008174e911872a81414e,200
1349,podlaskie,siemiatycki,Grodzisk,gmina wiejska,2010042,2022,OK,,tekst,https://bip-uggrodzisk.podlaskie.eu/resource/4928/RAPORT+za+2022+r.pdf,dostęp_bezpośredni,ef377f5ebc3cff9458d7f9f39352c0dc3721a4049984734ae16d6314efccbd3f,200
1350,podlaskie,siemiatycki,Grodzisk,gmina wiejska,2010042,2023,OK,,tekst,https://bip-uggrodzisk.podlaskie.eu/resource/5162/Raport+2023+r.pdf,dostęp_bezpośredni,c082b84e7383249b4aafb66008ab27e5ac48f2b998a8c005ff47fdaadc001b23,200
1351,podlaskie,siemiatycki,Grodzisk,gmina wiejska,2010042,2024,OK,,tekst,https://bip-uggrodzisk.podlaskie.eu/resource/5378/raport.pdf,dostęp_bezpośredni,5b06820b6f7933284f2a18fa5521daf832c35b4817b5122b0c5de319d4be950b,200
1352,podlaskie,siemiatycki,Grodzisk,gmina wiejska,2010042,2025,OK,,tekst,https://bip-uggrodzisk.podlaskie.eu/resource/5590/RAPORT+za+2025+r..pdf,dostęp_bezpośredni,d1520d6ba3f3ed2186ef910da0e0934fcee7095dc59804fd3e1dfb36e2de59b9,200
1353,podlaskie,siemiatycki,Mielnik,gmina wiejska,2010052,2018,OK,,tekst,https://bip-ugmielnik.podlaskie.eu/resource/117017/Raport+o+stanie+Gminy+Mielnik+za+rok+2018.pdf,dostęp_bezpośredni,83d404d8269cd2d9c58692f49068271a0c21963f4f2d6c5e415f2c2a958f665f,200
1354,podlaskie,siemiatycki,Mielnik,gmina wiejska,2010052,2019,OK,,tekst,https://bip-ugmielnik.podlaskie.eu/resource/115121/V_24_19.pdf,dostęp_bezpośredni,73756751d626059b0d642c5d512d70bcef7b2e5a61b6545e7fd07efccd6d26e6,200
1355,podlaskie,siemiatycki,Mielnik,gmina wiejska,2010052,2020,OK,,tekst,https://bip-ugmielnik.podlaskie.eu/resource/117017/Raport_o_stanie_Gminy_Mielnik_za_rok_2020.pdf,dostęp_bezpośredni,1314dafeea04f668cf7eca7d5660eae835ae9d41d0019f9cf1a31a10dc5cef25,200
1356,podlaskie,siemiatycki,Mielnik,gmina wiejska,2010052,2021,OK,,tekst,https://bip-ugmielnik.podlaskie.eu/resource/117017/raport_o_stanie_gminy_mielnik_za_rok_2021.pdf,dostęp_bezpośredni,6ba743a600f9232699b23a9933ab78aca6f89e9742f2294d190754dd30ccc5e1,200
1357,podlaskie,siemiatycki,Mielnik,gmina wiejska,2010052,2022,OK,,tekst,https://bip-ugmielnik.podlaskie.eu/resource/118912/XXIX_229_22.pdf,dostęp_bezpośredni,5dde376f76a61f5042c5a2b7e1b40bbc45632329c34280b6a0f92f95682a80ab,200
1358,podlaskie,siemiatycki,Mielnik,gmina wiejska,2010052,2023,OK,,tekst,https://bip-ugmielnik.podlaskie.eu/resource/117017/raport-o-stanie-gminy-mielnik-za-rok-2023.pdf,dostęp_bezpośredni,d57f80f9b002f1b74b8332d48f16867ef3feb9062c3e13d024d3d26355171ed9,200
1359,podlaskie,siemiatycki,Mielnik,gmina wiejska,2010052,2024,OK,,tekst,https://bip-ugmielnik.podlaskie.eu/resource/117017/raport-o-stanie-gminy-mielnik-za-rok-2024.pdf,dostęp_bezpośredni,b8536d5d59786a556eb5dac17a00b10ac21860440676bf451172ed5adce8813c,200
1360,podlaskie,siemiatycki,Mielnik,gmina wiejska,2010052,2025,OK,,tekst,https://bip-ugmielnik.podlaskie.eu/resource/117017/raport-o-stanie-gminy-mielnik-za-rok-2025.pdf,dostęp_bezpośredni,010937b73e780712ac109175a589dd14981e6d0e020e253c2fa9805ed82a3b65,200
1361,podlaskie,siemiatycki,Milejczyce,gmina wiejska,2010062,2018,OK,,tekst,https://bip-ugmilejczyce.podlaskie.eu/resource/file/download-file/id.3828/attachment.1,dostęp_bezpośredni,ff80a9cc078d998cc65127538a7a50eecc7d1109e3329052fa46de6cd7dd7e71,200
1362,podlaskie,siemiatycki,Milejczyce,gmina wiejska,2010062,2019,OK,,tekst,https://www.milejczyce.pl/pliki/aktualnosci/2020/02/raport__protoko%C5%82_otwarcia_ofert_2020.pdf,dostęp_bezpośredni,ec6874343d7889ef318811592d869ceea5f6981cc39beeb02c5e14459b6a47fa,200
1363,podlaskie,siemiatycki,Milejczyce,gmina wiejska,2010062,2020,OK,,tekst,https://bip-ugmilejczyce.podlaskie.eu/resource/file/download-file/id.4419/attachment.1,dostęp_bezpośredni,3a09a04b8dd78d83fef896ae333495caa1042311e714411338d0d101b90934a2,200
1364,podlaskie,siemiatycki,Milejczyce,gmina wiejska,2010062,2021,OK,,tekst,https://bip-ugmilejczyce.podlaskie.eu/resource/file/download-file/id.4384/attachment.1,dostęp_bezpośredni,8dc4b1668d805a5099a5b956b8443fa5e131f4390f95d4f60b69219c3d35f3e1,200
1365,podlaskie,siemiatycki,Milejczyce,gmina wiejska,2010062,2022,OK,,tekst,https://bip-ugmilejczyce.podlaskie.eu/resource/115510/Raport%20o%20stanie%20Gminy%20Milejczyce%20za%20rok%202022.pdf/attachment.1,dostęp_bezpośredni,aeddb82d4bfdae2a59b049205fb1809aad90bdbc9249186a0c508e3628992229,200
1366,podlaskie,siemiatycki,Milejczyce,gmina wiejska,2010062,2023,OK,,tekst,https://bip-ugmilejczyce.podlaskie.eu/resource/115621/raport%20o%20stanie%20gminy%20za%202023%20r.%20pdf.pdf/attachment.1,dostęp_bezpośredni,13f64ce188f0b92b8890fce8d47c280b689435a6fe53a1d47129d744238dd0ef,200
1367,podlaskie,siemiatycki,Milejczyce,gmina wiejska,2010062,2024,OK,,tekst,https://bip-ugmilejczyce.podlaskie.eu/resource/115729/Raport%20o%20stanie%20Gminy%20Milejczyce%20za%20rok%202024.pdf/attachment.1,dostęp_bezpośredni,5c19332410f1b831e5811a259bee75a457e8a13348e44d5b385a93f0ac0e79c8,200
1368,podlaskie,siemiatycki,Milejczyce,gmina wiejska,2010062,2025,OK,,tekst,https://bip-ugmilejczyce.podlaskie.eu/resource/115851/Raport o stanie Gminy Milejczyce za rok 2025.pdf/attachment.1,dostęp_bezpośredni,87f1d76dbbc3b3bc9f3713e891b39fc1b6369a7226672ae77ae0b70eed95850a,200
1369,podlaskie,siemiatycki,Nurzec-Stacja,gmina wiejska,2010072,2018,BRAK,,brak,brak,dogłębne sprawdzenie (web search + BIP + Wayback + archiwa) - brak dowodu istnienia raportu,,BRAK_URL (niepowstały)
1370,podlaskie,siemiatycki,Nurzec-Stacja,gmina wiejska,2010072,2019,OK,,tekst,https://bip-ugnurzec.podlaskie.eu/resource/116366/RAPORT+O+STANIE+GMINY+NURZEC-STACJA+w+2019+roku.docx.pdf,dostęp_bezpośredni,2bd1dfbad02d11d287126511b7ef4a0b421c2c2045f85328f2452249725acba8,200
1371,podlaskie,siemiatycki,Nurzec-Stacja,gmina wiejska,2010072,2020,OK,,tekst,https://bip-ugnurzec.podlaskie.eu/resource/116836/RAPORT+O+STANIE+GMINY+NURZEC-STACJA+za+2020+roku.pdf,dostęp_bezpośredni,b90fa0d1f0bea17fa7dcae45968b2a832908c29ed197da62bde95d12738a4f52,200
1372,podlaskie,siemiatycki,Nurzec-Stacja,gmina wiejska,2010072,2021,OK,,tekst,https://bip-ugnurzec.podlaskie.eu/resource/116365/RAPORT+O+STANIE+GMINY+NURZEC-STACJA+za+2021+roku.docx.pdf,dostęp_bezpośredni,5a428f4c076abd7a7b5f3983e25c9c11fe3f9db4dab8eec6d767f1be097ad040,200
1373,podlaskie,siemiatycki,Nurzec-Stacja,gmina wiejska,2010072,2022,OK,,tekst,https://bip-ugnurzec.podlaskie.eu/resource/116365/RAPORT+O+STANIE+GMINY+NURZEC-STACJA+za+2022+roku.pdf,dostęp_bezpośredni,bdcbb92a38897345d48d2070d5f181785e3b0389f449aaa509779ce6945d4020,200
1374,podlaskie,siemiatycki,Nurzec-Stacja,gmina wiejska,2010072,2023,OK,,tekst,https://bip-ugnurzec.podlaskie.eu/resource/116365/RAPORT+O+STANIE+GMINY+NURZEC-STACJA+za+2023+roku.pdf,dostęp_bezpośredni,cbaefaabb65a778ab08438ac4920e41164a497806937250dce45f0aa0c0db547,200
1375,podlaskie,siemiatycki,Nurzec-Stacja,gmina wiejska,2010072,2024,OK,,tekst,https://bip-ugnurzec.podlaskie.eu/resource/116365/Raport+o+stanie+Gminy+Nurzec-Stacja+za+2024+rok.pdf,dostęp_bezpośredni,9197b4bd77ee62a303496023a55fd8a09b649062bca48c6a6f16115db6b909d2,200
1376,podlaskie,siemiatycki,Nurzec-Stacja,gmina wiejska,2010072,2025,OK,,tekst,https://bip-ugnurzec.podlaskie.eu/resource/116365/Raport+o+stanie+Gminy+Nurzec-Stacja+za+2025+rok.pdf,dostęp_bezpośredni,93b30b9e4f40af2aa9334116022174b2a531d615456097c137708c6c976ae4a2,200
1377,podlaskie,siemiatycki,Perlejewo,gmina wiejska,2010082,2018,BRAK,,brak,brak,dogłębne sprawdzenie (web search + BIP + Wayback + archiwa) - brak dowodu istnienia raportu,,BRAK_URL (niepowstały)
1378,podlaskie,siemiatycki,Perlejewo,gmina wiejska,2010082,2019,OK,,tekst,https://bip-ugperlejewo.podlaskie.eu/resource/3715/20200828+Raport+o+stanie+Gminy+Perlejewo+2019.pdf,dostęp_bezpośredni,a54b66615899123bfc340cebc1027e7a25881d9f8e71fccb7d70670ce1a147a9,200
1379,podlaskie,siemiatycki,Perlejewo,gmina wiejska,2010082,2020,OK,,tekst,https://bip-ugperlejewo.podlaskie.eu/resource/4218/Raport_o_stanie_Gminy_Perlejewo_za_2020_rok_wersja_ostateczna.pdf,dostęp_bezpośredni,58b178064ab11d625546984fe17da210bef8d89a8a20337f90f68da804772c7a,200
1380,podlaskie,siemiatycki,Perlejewo,gmina wiejska,2010082,2021,OK,,tekst,https://bip-ugperlejewo.podlaskie.eu/resource/4485/Raport+o+stanie+Gminy+Perlejewo+za+2021+r..pdf,dostęp_bezpośredni,109b93db8059fa9b4aa8a0e8242dbea915d21a619e931d00d4ce107b35c4cbf3,200
1381,podlaskie,siemiatycki,Perlejewo,gmina wiejska,2010082,2022,OK,,tekst,https://bip-ugperlejewo.podlaskie.eu/resource/4866/20230531+Raport+o+stanie+Gminy+Perlejewo+za+2022+rok.pdf,dostęp_bezpośredni,aefec91360d7fc4318fee979b89201091b0400de01a8a5375cd41c4a507510c7,200
1382,podlaskie,siemiatycki,Perlejewo,gmina wiejska,2010082,2023,OK,,tekst,https://bip-ugperlejewo.podlaskie.eu/resource/5244/20240531+Raport+o+stanie+Gminy+Perlejewo+za+2023+rok.pdf,dostęp_bezpośredni,91c1bdf42cd0961b1966428a859b476bb8a53d1ee7648bbdfe08a3347f063c47,200
1383,podlaskie,siemiatycki,Perlejewo,gmina wiejska,2010082,2024,OK,,tekst,https://bip-ugperlejewo.podlaskie.eu/resource/5592/20250530+Raport+o+stanie+Gminy+Perlejewo+za+2024+rok.pdf,dostęp_bezpośredni,a4730e5184b26603492327c9a4ca07b9b29b818932a9e0ef40dcfa9853d9fcb9,200
1384,podlaskie,siemiatycki,Perlejewo,gmina wiejska,2010082,2025,OK,,tekst,https://bip-ugperlejewo.podlaskie.eu/resource/6030/20260601_Raport+o+stanie+gminy+Perlejewo+za+2025+rok.pdf,dostęp_bezpośredni,cd91b67fcfa8e98b3d00af9dd1a07337c26090db56257ee1cf37ea00866d73c3,200
1385,podlaskie,siemiatycki,Siemiatycze,gmina miejska,2010011,2018,OK,docx,tekst,https://bip-umsiemiatycze.podlaskie.eu/resource/121201/raport_o_stanie_gminy_2018.docx,dostęp_bezpośredni | poprawka: dostęp_bezpośredni (bip-umsiemiatycze.podlaskie.eu lustro wrotapodlasia); zastąpiło błędnie przypisane raporty GMINY Siemiatycze (bip-ugsiemiatycze),361a8052e84b279ce88f58bafd34d9c2bd42707a329fa9d173180f98c9ca09fe,zastosowano znalezione/poprawke
1386,podlaskie,siemiatycki,Siemiatycze,gmina miejska,2010011,2019,OK,pdf,tekst,https://bip-umsiemiatycze.podlaskie.eu/resource/122324/Raport+2019+ost.w2.docx.pdf,dostęp_bezpośredni | poprawka: dostęp_bezpośredni (bip-umsiemiatycze.podlaskie.eu lustro wrotapodlasia); zastąpiło błędnie przypisane raporty GMINY Siemiatycze (bip-ugsiemiatycze),d8fd30c83bb85a3ecb3dd292703e30b5979b5177d44aa4c6f195004df8a7b7ab,zastosowano znalezione/poprawke
1387,podlaskie,siemiatycki,Siemiatycze,gmina miejska,2010011,2020,OK,pdf,tekst,https://bip-umsiemiatycze.podlaskie.eu/resource/123211/Raport+2020+.pdf,dostęp_bezpośredni | poprawka: dostęp_bezpośredni (bip-umsiemiatycze.podlaskie.eu lustro wrotapodlasia); zastąpiło błędnie przypisane raporty GMINY Siemiatycze (bip-ugsiemiatycze),9d33dca55b32471eaea1766c3e53ab0f5e99e315a88e75af30a0128c180b76e7,zastosowano znalezione/poprawke
1388,podlaskie,siemiatycki,Siemiatycze,gmina miejska,2010011,2021,OK,pdf,tekst,https://bip-umsiemiatycze.podlaskie.eu/resource/123863/Raport+2021+w.2.pdf,dostęp_bezpośredni | poprawka: dostęp_bezpośredni (bip-umsiemiatycze.podlaskie.eu lustro wrotapodlasia); zastąpiło błędnie przypisane raporty GMINY Siemiatycze (bip-ugsiemiatycze),f21a289affe186168a253cda3099dfa702f90524140546e92ebaa906226ff288,zastosowano znalezione/poprawke
1389,podlaskie,siemiatycki,Siemiatycze,gmina miejska,2010011,2022,OK,pdf,tekst,https://bip-umsiemiatycze.podlaskie.eu/resource/124454/Raport+za+2022+r..pdf,dostęp_bezpośredni | poprawka: dostęp_bezpośredni (bip-umsiemiatycze.podlaskie.eu lustro wrotapodlasia); zastąpiło błędnie przypisane raporty GMINY Siemiatycze (bip-ugsiemiatycze),b68a47e1b29b6516c3a32784c7c122589deb20b37d4448df0f088394b6c88e4f,zastosowano znalezione/poprawke
1390,podlaskie,siemiatycki,Siemiatycze,gmina miejska,2010011,2023,OK,pdf,tekst,https://bip-umsiemiatycze.podlaskie.eu/resource/124985/Raport+o+stanie+gminy+za+2023+r..pdf,dostęp_bezpośredni | poprawka: dostęp_bezpośredni (bip-umsiemiatycze.podlaskie.eu lustro wrotapodlasia); zastąpiło błędnie przypisane raporty GMINY Siemiatycze (bip-ugsiemiatycze),d72a26b833158cc2bf50a03d3aca286e19eeedb261658d0325f3bcf3ff71b8b7,zastosowano znalezione/poprawke
1391,podlaskie,siemiatycki,Siemiatycze,gmina miejska,2010011,2024,OK,pdf,tekst,https://bip-umsiemiatycze.podlaskie.eu/resource/125462/RAPORT+O+STANIE+GMINY+2024.pdf,dostęp_bezpośredni | poprawka: dostęp_bezpośredni (bip-umsiemiatycze.podlaskie.eu lustro wrotapodlasia); zastąpiło błędnie przypisane raporty GMINY Siemiatycze (bip-ugsiemiatycze),1144725cecd1757f3e67c80b20ec1e344f1ea12c4844e2451138355e5d6cc9f1,zastosowano znalezione/poprawke
1392,podlaskie,siemiatycki,Siemiatycze,gmina miejska,2010011,2025,OK,pdf,tekst,https://bip-umsiemiatycze.podlaskie.eu/resource/125823/RAPORT+O+STANIE+MIASTA+SIEMIATYCZE+ZA+2025.pdf,dostęp_bezpośredni | poprawka: dostęp_bezpośredni (bip-umsiemiatycze.podlaskie.eu lustro wrotapodlasia); zastąpiło błędnie przypisane raporty GMINY Siemiatycze (bip-ugsiemiatycze),bf6adccc2903b6149daf2465a6a85fcc08ccf97a27bdb4e490af1ad49b809755,zastosowano znalezione/poprawke
1393,podlaskie,siemiatycki,Siemiatycze,gmina wiejska,2010092,2018,OK,,tekst,https://www.gminasiemiatycze.pl/sites/default/files/2021-12/raport_o_stanie_gminy_siemiatycze%202018.pdf,dostęp_bezpośredni,d2c961e3dc97574befc90b0d3e5e7c2f36a78cfa9d534e6aba2ead1ec5883368,200
1394,podlaskie,siemiatycki,Siemiatycze,gmina wiejska,2010092,2019,OK,,tekst,https://bip-ugsiemiatycze.podlaskie.eu/resource/file/download-file/id.5730/attachment.1,dostęp_bezpośredni,3514b7ee644e9e78665031bde4693e71ae8191250f0de8115a6fe56fb0ce40aa,200
1395,podlaskie,siemiatycki,Siemiatycze,gmina wiejska,2010092,2020,OK,,tekst,https://www.gminasiemiatycze.pl/sites/default/files/2021-12/raport_2020_2019.doc,dostęp_bezpośredni,3514b7ee644e9e78665031bde4693e71ae8191250f0de8115a6fe56fb0ce40aa,200
1396,podlaskie,siemiatycki,Siemiatycze,gmina wiejska,2010092,2021,OK,,tekst,https://bip-ugsiemiatycze.podlaskie.eu/resource/115285/Raport%202021.doc/attachment.1,dostęp_bezpośredni,7885b310d58d009e2820cf4f70a319eec39ba042ac06f41a6a3c52c01e633f95,200
1397,podlaskie,siemiatycki,Siemiatycze,gmina wiejska,2010092,2022,OK,,tekst,https://bip-ugsiemiatycze.podlaskie.eu/resource/115299/raport%202022(1).doc/attachment.1,dostęp_bezpośredni,f70ad93bba077436f80e75d627e7962b704127c205e3407ecc599f633843dce1,200
1398,podlaskie,siemiatycki,Siemiatycze,gmina wiejska,2010092,2023,OK,,tekst,https://bip-ugsiemiatycze.podlaskie.eu/resource/115314/Raport%202023.pdf/attachment.1,dostęp_bezpośredni,011c1a657610b3a52841c04aba1065b237ee5f9613b872d9c2849a1f7d009cfa,200
1399,podlaskie,siemiatycki,Siemiatycze,gmina wiejska,2010092,2024,OK,,tekst,https://bip-ugsiemiatycze.podlaskie.eu/resource/115334/raport%202024%20aktualny.pdf/attachment.1,dostęp_bezpośredni,01c759a879fb9aa066487fb818178a1b4198ecaeb1051c219e109e52d87d0cdb,200
1400,podlaskie,siemiatycki,Siemiatycze,gmina wiejska,2010092,2025,OK,,tekst,https://bip-ugsiemiatycze.podlaskie.eu/resource/115355/raport%202025%20aktualny%20v.2.pdf/attachment.1,dostęp_bezpośredni,cab58926f439426ea62481cdc50ee6e9d9b7d17b2d0da1e4c5d69e3c6e12219f,200
1401,podlaskie,sokólski,Dąbrowa Białostocka,gmina miejsko-wiejska,2011013,2018,OK,,tekst,https://bip-umdabrowabialostocka.podlaskie.eu/resource/2020/RAPORT,dostęp_bezpośredni,ccd9e77ac0d1671bc892c8f629ecfaeabe6e981756e109009fd5f731bc43caa9,200
1402,podlaskie,sokólski,Dąbrowa Białostocka,gmina miejsko-wiejska,2011013,2019,OK,,tekst,https://bip-umdabrowabialostocka.podlaskie.eu/resource/6079/RAPORT,dostęp_bezpośredni,207bb2cb8c4d6951a2c744eaf48a2c6e26637e3af614fcac1816e5915d28c87f,200
1403,podlaskie,sokólski,Dąbrowa Białostocka,gmina miejsko-wiejska,2011013,2020,OK,,tekst,https://bip-umdabrowabialostocka.podlaskie.eu/resource/6883/RAPORT.pdf,dostęp_bezpośredni,894cf933257a524430bd37cca5c01014ce9c7750563d776fa69390943acae4de,200
1404,podlaskie,sokólski,Dąbrowa Białostocka,gmina miejsko-wiejska,2011013,2021,OK,,tekst,https://bip-umdabrowabialostocka.podlaskie.eu/resource/7486/RAPORT.pdf,dostęp_bezpośredni,6341fad04d0c19a4ac5a01775218e783de62a1a40fd9ace7e03e78679705df8d,200
1405,podlaskie,sokólski,Dąbrowa Białostocka,gmina miejsko-wiejska,2011013,2022,OK,,tekst,https://bip-umdabrowabialostocka.podlaskie.eu/resource/7909/RAPORT++nowy+za+2022.pdf,dostęp_bezpośredni,36fdeba2e59e32bcf4f9e07b1004ec5683c952e0c7707bb1c5032bbd84fffe44,200
1406,podlaskie,sokólski,Dąbrowa Białostocka,gmina miejsko-wiejska,2011013,2023,OK,,tekst,https://bip-umdabrowabialostocka.podlaskie.eu/resource/8333/RAPORT++nowy+za+2023.pdf,dostęp_bezpośredni,c3539ad5895aa576394771e0672f104de10a21046bb6a1f2ec2a28a85323ef96,200
1407,podlaskie,sokólski,Dąbrowa Białostocka,gmina miejsko-wiejska,2011013,2024,OK,,tekst,https://bip-umdabrowabialostocka.podlaskie.eu/resource/8727/RAPORT++nowy+za+2024.pdf,dostęp_bezpośredni,5c557e10879af296bc462ace9afc3c2c09c03052f05a7321bf714a294193d75e,200
1408,podlaskie,sokólski,Dąbrowa Białostocka,gmina miejsko-wiejska,2011013,2025,OK,,tekst,https://bip-umdabrowabialostocka.podlaskie.eu/resource/9001/RAPORT++nowy+za+2025.pdf,dostęp_bezpośredni,6dea2fe25b7ac1d615c81027ece80d83f31c8b33f7bfa7868dc652622686501c,200
1409,podlaskie,sokólski,Janów,gmina wiejska,2011022,2018,OK,,tekst,https://bip-ugjanow.podlaskie.eu/resource/115446/Raport+o+stanie+gminy+za+2018+rok-sig.pdf,dostęp_bezpośredni,31696f3620b5defbbd1ce7303bf6391490e8ee7f29df4a9cde7dcc77e30ef547,200
1410,podlaskie,sokólski,Janów,gmina wiejska,2011022,2019,OK,,tekst,https://bip-ugjanow.podlaskie.eu/resource/115656/Raport+o+stanie+Gminy+Jan%C3%B3w+za+2019+rok.pdf,dostęp_bezpośredni,90f2c6c8ce7fc12286cbd838c677170dc37abb7e0071274b4868dcf1aa0493b2,200
1411,podlaskie,sokólski,Janów,gmina wiejska,2011022,2020,OK,,tekst,https://bip-ugjanow.podlaskie.eu/resource/115841/Raport+o+stanie+Gminy+Jan%25C3%25B3w+za+2020+rok-1.pdf,dostęp_bezpośredni,d52dc75b10b85eff87cb267e39830790def01de435be60b5df18f4c0077984e5,200
1412,podlaskie,sokólski,Janów,gmina wiejska,2011022,2021,OK,,tekst,https://bip-ugjanow.podlaskie.eu/resource/116006/Raport+o+stanie+Gminy+Jan%25C3%25B3w+za+2021.pdf,dostęp_bezpośredni,69b3faffbdc003ea9706731ae08e8f2929793885a4a857cd14dd43c5d5882957,200
1413,podlaskie,sokólski,Janów,gmina wiejska,2011022,2022,OK,,tekst,https://bip-ugjanow.podlaskie.eu/resource/116005/Raport+o+stanie+Gminy+Jan%25C3%25B3w+za+2022.pdf,dostęp_bezpośredni,72af723580faa4603fc76a09050d594fdfa7448221c4a7956ad6e7a56e2ee43b,200
1414,podlaskie,sokólski,Janów,gmina wiejska,2011022,2023,OK,,tekst,https://bip.janow.com.pl/resource/116152/Zarz%25C4%2585dzenie+nr+281.2024+W%25C3%25B3jta+Gminy+Jan%25C3%25B3w+z+dnia+29+maja+2024+r.+ws.+przedstawienia+Raportu+o+stanie+gminy+za+2023.pdf,dostęp_bezpośredni,f75aac8a6466dd0c386d4c681cfa8d4e82cfa671d9d9eaaa780707660f39325e,200
1415,podlaskie,sokólski,Janów,gmina wiejska,2011022,2024,OK,,tekst,https://bip-ugjanow.podlaskie.eu/resource/116272/Zarz%25C4%2585dzenie+nr+20-2025+W%25C3%25B3jta+Gminy+Jan%25C3%25B3w.pdf,dostęp_bezpośredni,b1619a0c7cb013b9d8cae397b3d0b37601917b821ec2e14f611838ed0a2f64a5,200
1416,podlaskie,sokólski,Janów,gmina wiejska,2011022,2025,OK,,tekst,https://bip-ugjanow.podlaskie.eu/resource/116387/Zarzadzenie-16-2026.pdf,dostęp_bezpośredni,eeca708d4bba172ab01d0d6842a583ca0b695e0c64ff7a98b6fd6ba461f1378b,200
1417,podlaskie,sokólski,Korycin,gmina wiejska,2011032,2018,OK,,tekst,https://bip-ugkorycin.podlaskie.eu/resource/file/download-file/id.5805,dostęp_bezpośredni,54d8476ab007fa2996a0cb6a3169fabf3d00b2ad991b68f1092d220ef42964df,200
1418,podlaskie,sokólski,Korycin,gmina wiejska,2011032,2019,OK,,tekst,https://bip-ugkorycin.podlaskie.eu/resource/file/download-file/id.6402,dostęp_bezpośredni,d3db9d48e91e2fd5beaa4398af13c111cb7c5a2e2e4f32a4d471c1283c86d25e,200
1419,podlaskie,sokólski,Korycin,gmina wiejska,2011032,2020,OK,,tekst,https://bip-ugkorycin.podlaskie.eu/resource/117528/RAPORT+O+STANIE+GMINY+za+2020+rok.pdf,dostęp_bezpośredni,4a0d166dbd2d3a577f13481cc4a1bda2ef97ae42cc735381a22b085c328dceb9,200
1420,podlaskie,sokólski,Korycin,gmina wiejska,2011032,2021,OK,,tekst,https://bip-ugkorycin.podlaskie.eu/resource/117995/RAPORT+O+STANIE+GMINY+za+2021+rok.pdf,dostęp_bezpośredni,67b974996d6d20f006340c410b82cb76ccab6ebebabe5c503e59a8402aa44569,200
1421,podlaskie,sokólski,Korycin,gmina wiejska,2011032,2022,OK,,tekst,https://bip-ugkorycin.podlaskie.eu/resource/118263/Raport+o+stanie+Gminy+Korycin+za+2022+r..pdf,dostęp_bezpośredni,9d3844eba36fff1a8eaa7f287f21ead1bddf806c52bf83569deb5116d96e314c,200
1422,podlaskie,sokólski,Korycin,gmina wiejska,2011032,2023,OK,,tekst,https://bip-ugkorycin.podlaskie.eu/resource/118628/RAPORT+O+STANIE+GMINY+2023.pdf,dostęp_bezpośredni,ce0a4a505e0ccd53eec45d4c0de9f9e1408aecaeb1dd62ee6624cfef9782b5c7,200
1423,podlaskie,sokólski,Korycin,gmina wiejska,2011032,2024,OK,,tekst,https://bip-ugkorycin.podlaskie.eu/resource/118936/RAPORT+O+STANIE+GMINY+2024.pdf,dostęp_bezpośredni,451afd2d58be4367d9cdd8056e6649fd1f55b132ad243b84fec8bc700f255d70,200
1424,podlaskie,sokólski,Korycin,gmina wiejska,2011032,2025,OK,,tekst,https://bip-ugkorycin.podlaskie.eu/resource/119206/ZARZ%25C4%2584DZENIE+NR+110_2026+WGK.pdf,dostęp_bezpośredni,693f2bb2ee153580ea0cd6bd65b9100537a42a9db7b78f0d077448df941193a3,200
1425,podlaskie,sokólski,Krynki,gmina miejsko-wiejska,2011043,2018,OK,,tekst,https://bip-umkrynki.podlaskie.eu/resource/5276/Zarz.58.2019+z+29.05.2019+w+spr.+przedst.+raportu+o+stanie+gminy.,dostęp_bezpośredni,96b69a6337a3e48ee62f3d1daa7300dfe5b1b1d104e14d527039148f093554d2,200
1426,podlaskie,sokólski,Krynki,gmina miejsko-wiejska,2011043,2019,OK,,tekst,https://bip-umkrynki.podlaskie.eu/resource/5764/INFORMACJA+dot.+debaty++nad+raportem,dostęp_bezpośredni,e2139214d57b73491fa81e2ee3a28268a92fbbba93d32c3d38aee9005b07c31b,200
1427,podlaskie,sokólski,Krynki,gmina miejsko-wiejska,2011043,2020,OK,,tekst,https://bip-umkrynki.podlaskie.eu/resource/6211/Informacja+dot.+debaty+nad+raportem+ost+stanie+gminy+za+2020r.,dostęp_bezpośredni,4c244746a636da32fe39e622f01b7dc7d29513f32afaa0ece5d5c79bb0fc592c,200
1428,podlaskie,sokólski,Krynki,gmina miejsko-wiejska,2011043,2021,OK,,tekst,https://bip-umkrynki.podlaskie.eu/resource/6659/Za%25C5%2582.+do+zarz.333.2022+z++31.05.2022+-raport+za+++za+2021+rok,dostęp_bezpośredni,ecbf193304c6d8e24cffb0ff77310dbbacc3825d81d17bae1aba2961ffe11cd3,200
1429,podlaskie,sokólski,Krynki,gmina miejsko-wiejska,2011043,2022,OK,,tekst,https://bip-umkrynki.podlaskie.eu/resource/7064/Zarz.457.2023+z+31.05.2023r.+w+spr.+przedst.+Raportu+o+stanie+gminy,dostęp_bezpośredni,c5ad35a216a0f4e6e5351784b54ed96dad97484db2c94ccd3e0b8c2fb3f24164,200
1430,podlaskie,sokólski,Krynki,gmina miejsko-wiejska,2011043,2023,OK,,tekst,https://bip-umkrynki.podlaskie.eu/resource/7637/Zarz%C4%85dzenie.9.2024.2024-05-31.Raport+o+stanie+gminy.pdf,dostęp_bezpośredni,01447689c8ea6170bc3f670175689ec43ca3632842fa134aaee46b1417d7a30a,200
1431,podlaskie,sokólski,Krynki,gmina miejsko-wiejska,2011043,2024,OK,,tekst,https://bip-umkrynki.podlaskie.eu/resource/8034/Zarz%25C4%2585dzenie.110.2025.2025-05-29.raport.o.stanie.gminy.pdf,dostęp_bezpośredni,8ae2cbb43e2482f478e6f4d6cf9406cfe223589ade677bf71363aebcd7933919,200
1432,podlaskie,sokólski,Krynki,gmina miejsko-wiejska,2011043,2025,OK,,tekst,https://bip-umkrynki.podlaskie.eu/resource/8344/Zarz%25C4%2585dzenie.186.2026.2026-05-27.raport.o.stanie.gminy.pdf,dostęp_bezpośredni,4a93876efbd5d7d9c262c3fb042660aa32b4f75a600d522e51f6150aa406335d,200
1433,podlaskie,sokólski,Kuźnica,gmina wiejska,2011052,2018,BRAK,,brak,brak,dogłębne sprawdzenie (web search + BIP + Wayback + archiwa) - brak dowodu istnienia raportu,,BRAK_URL (niepowstały)
1434,podlaskie,sokólski,Kuźnica,gmina wiejska,2011052,2019,BRAK,,brak,brak,dogłębne sprawdzenie (web search + BIP + Wayback + archiwa) - brak dowodu istnienia raportu,,BRAK_URL (niepowstały)
1435,podlaskie,sokólski,Kuźnica,gmina wiejska,2011052,2020,BRAK,,brak,brak,dogłębne sprawdzenie (web search + BIP + Wayback + archiwa) - brak dowodu istnienia raportu,,BRAK_URL (niepowstały)
1436,podlaskie,sokólski,Kuźnica,gmina wiejska,2011052,2021,BRAK,,brak,brak,dogłębne sprawdzenie (web search + BIP + Wayback + archiwa) - brak dowodu istnienia raportu,,BRAK_URL (niepowstały)
1437,podlaskie,sokólski,Kuźnica,gmina wiejska,2011052,2022,BRAK,,brak,brak,dogłębne sprawdzenie (web search + BIP + Wayback + archiwa) - brak dowodu istnienia raportu,,BRAK_URL (niepowstały)
1438,podlaskie,sokólski,Kuźnica,gmina wiejska,2011052,2023,BRAK,,brak,brak,dogłębne sprawdzenie (web search + BIP + Wayback + archiwa) - brak dowodu istnienia raportu,,BRAK_URL (niepowstały)
1439,podlaskie,sokólski,Kuźnica,gmina wiejska,2011052,2024,OK,,tekst,https://bip-ugkuznica.podlaskie.eu/resource/20528/RAPORT+O+STANIE+GMINY+KU%25C5%25B9NICA+ZA+2024+ROK.pdf,dostęp_bezpośredni,6b68d80bdc8e2df5ff800dd785d3ccfe4a42d2e3f46f38f4b41f938395ac1315,200
1440,podlaskie,sokólski,Kuźnica,gmina wiejska,2011052,2025,OK,,tekst,https://bip-ugkuznica.podlaskie.eu/resource/20705/Raport+o+stanie+gminy+Ku%25C5%25BAnica+za+2025+rok.pdf,dostęp_bezpośredni,1704e1aa8fa9990926ed1041475c02968e759bae8b2249939fb6edfca09078c2,200
1441,podlaskie,sokólski,Nowy Dwór,gmina wiejska,2011062,2018,OK,,tekst,https://bip-ugnowydwor.podlaskie.eu/resource/4875/zarzadzenie_19_35,dostęp_bezpośredni,4a9cbe1bc5453cbf9d2dfce534e23fb9eb275ee17ea02d95f5807778aa0fc89d,200
1442,podlaskie,sokólski,Nowy Dwór,gmina wiejska,2011062,2019,OK,,tekst,https://bip-ugnowydwor.podlaskie.eu/resource/5088/zarzadzenie_20_36,dostęp_bezpośredni,4cb1b3962d848310cd008f294656d97c689ce70a7aa401e510ac76f6a4facfe7,200
1443,podlaskie,sokólski,Nowy Dwór,gmina wiejska,2011062,2020,BRAK,,brak,brak,dogłębne sprawdzenie (web search + BIP + Wayback) - brak dowodu istnienia,,BRAK_URL (niepowstały)
1444,podlaskie,sokólski,Nowy Dwór,gmina wiejska,2011062,2021,OK,,tekst,https://bip-ugnowydwor.podlaskie.eu/resource/6182/zarzadzenie_22_41.pdf,dostęp_bezpośredni,b401ebd63ea6599cbe07120949d8f38a5df1861c297c9b95092e186b8105f994,200
1445,podlaskie,sokólski,Nowy Dwór,gmina wiejska,2011062,2022,OK,,tekst,https://bip-ugnowydwor.podlaskie.eu/resource/6477/zarzadzenie_23_32.pdf,dostęp_bezpośredni,dbb9c18f2f4f47d9f93ff71d6edbaafdbd5ab89aee28a61963b7dab64fd23bf5,200
1446,podlaskie,sokólski,Nowy Dwór,gmina wiejska,2011062,2023,OK,,tekst,https://bip-ugnowydwor.podlaskie.eu/resource/6834/zarzadzenie_24_8.pdf,dostęp_bezpośredni,b7f7addf219d6db2a7115c291562b5ff9f7577d8c660ac3b9e69f2081df587ea,200
1447,podlaskie,sokólski,Nowy Dwór,gmina wiejska,2011062,2024,BRAK,,brak,brak,dogłębne sprawdzenie (web search + BIP + Wayback) - brak dowodu istnienia,,BRAK_URL (niepowstały)
1448,podlaskie,sokólski,Nowy Dwór,gmina wiejska,2011062,2025,BRAK,,brak,brak,dogłębne sprawdzenie (web search + BIP + Wayback) - brak dowodu istnienia,,BRAK_URL (niepowstały)
1449,podlaskie,sokólski,Sidra,gmina wiejska,2011072,2018,OK,,tekst,https://bip-ugsidra.podlaskie.eu/raport-1/raport-o-stanie-gminy-sidra-za-2018-rok.html,dostęp_bezpośredni,6fa4eec0948bbe06b013419286d6b1364fc347e068a7b09675a4042f057d47c2,200
1450,podlaskie,sokólski,Sidra,gmina wiejska,2011072,2019,OK,,tekst,https://bip-ugsidra.podlaskie.eu/resource/9851/12721/Za%C5%82.+Nr+1++do+Zarz%C4%85dzenie+-+Raport+o+stanie+Gminy+Sidra+za+2019+r_.pdf,dostęp_bezpośredni,a1081b8ef8a6618ae8b15059861b9eb07413d84ef81c3efaf90fb3edd8ad339c,200
1451,podlaskie,sokólski,Sidra,gmina wiejska,2011072,2020,OK,,tekst,https://bip-ugsidra.podlaskie.eu/resource/10667/Za%C5%82.+Nr+1+-+Raport+o+stanie+Gminy+Sidra+za+2020+r_.pdf,dostęp_bezpośredni,ce7cf7a40105563d188e60705b32875a208e716c3bcc9ab7a266ae2757fec2ca,200
1452,podlaskie,sokólski,Sidra,gmina wiejska,2011072,2021,OK,,tekst,https://bip-ugsidra.podlaskie.eu/resource/11200/Za%C5%82.+Nr+1+do+Zarz%C4%85dznia+-Raport+o+stanie+Gminy+Sidra+za+2021+r_.pdf,dostęp_bezpośredni,763425cd8de7b74b93f4cd32dac9d1e1f80011062ab1e4345c47fcbf9fdd2d6b,200
1453,podlaskie,sokólski,Sidra,gmina wiejska,2011072,2022,OK,,tekst,https://bip-ugsidra.podlaskie.eu/resource/11615/Za%C5%82.+Nr+1+-+Raport+o+stanie+Gminy+Sidra+za+2022+r_.pdf,dostęp_bezpośredni,583bb1eeaf3dca97463e94acb0b74a6252280fa6f0edfd405e1641d2b1eab76d,200
1454,podlaskie,sokólski,Sidra,gmina wiejska,2011072,2023,OK,,tekst,https://bip-ugsidra.podlaskie.eu/resource/12058/Za%C5%82.+Nr+1+do+Zarz%C4%85dzenia+-+Raport+o+stanie+Gminy+Sidra+za+2023+r_.pdf,dostęp_bezpośredni,46e830cef63770f8b5d82ac277ecf0072664b874faf641eca6b1c25b5605b7db,200
1455,podlaskie,sokólski,Sidra,gmina wiejska,2011072,2024,OK,,tekst,https://bip-ugsidra.podlaskie.eu/resource/12499/Za%C5%82.+Nr+1+-+Raport+o+stanie+Gminy+Sidra+za+2024+r_.pdf,dostęp_bezpośredni,ffb155997809ad2dc49670b1ce1daab5d665617ca6fed1243bcb74008e283e00,200
1456,podlaskie,sokólski,Sidra,gmina wiejska,2011072,2025,OK,,tekst,https://bip-ugsidra.podlaskie.eu/resource/12903/Za%C5%82.+Nr+1+-+Raport+o+stanie+Gminy+Sidra+za+2025+r_-sig.pdf,dostęp_bezpośredni,0de6c81bd22ddf8365b1d2e81d404bca283d3a44d08cf654a6e4fa737a6f408c,200
1457,podlaskie,sokólski,Sokółka,gmina miejsko-wiejska,2011083,2018,OK,,tekst,https://sokolka.pl/pliki/2019/06/raport_gmina_sokolka_2018.pdf,dostęp_bezpośredni,e69c45f5af6c2cd449be21606f619be8f4a4e0b6fd7836b624a24e8f07178157,200
1458,podlaskie,sokólski,Sokółka,gmina miejsko-wiejska,2011083,2019,OK,,tekst,https://sokolka.pl/pliki/2020/07/raport_stan_gminy_2019.pdf,dostęp_bezpośredni,b16ba08e054d545c7bb67215976bd1f7fed5f870fe08a0fc8e8ae29597a5f5af,200
1459,podlaskie,sokólski,Sokółka,gmina miejsko-wiejska,2011083,2020,OK,,tekst,https://sokolka.pl/pliki/2021/06/raport_o_stanie_gminy_sokolka_2020.pdf,dostęp_bezpośredni,150a1e5790960de116dbf2b3ba42e4ebee89953ac90a9f20c37dd18275b5efc8,200
1460,podlaskie,sokólski,Sokółka,gmina miejsko-wiejska,2011083,2021,OK,,tekst,https://sokolka.pl/pliki/2022/06/raport_o_stanie_gminy_sokolka_za_2021_rok.pdf,dostęp_bezpośredni,490138babb64bdbf89760e0b9546d2628192f6166828d9df356b7f1dcd39a79c,200
1461,podlaskie,sokólski,Sokółka,gmina miejsko-wiejska,2011083,2022,OK,,tekst,https://sokolka.pl/pliki/2023/06/raport_o_stanie_gminy_sokolka_2022.pdf,dostęp_bezpośredni,10c08ba502bb0f5f567c064c1881e20687a773dea6e3b8c41d874b560c996e16,200
1462,podlaskie,sokólski,Sokółka,gmina miejsko-wiejska,2011083,2023,OK,,tekst,https://sokolka.pl/pliki/2024/06/raport_o_stanie_gminy_sokolka_za_rok_2023.pdf,dostęp_bezpośredni,a64ce90aa9408b6c30eecfab405b065a86baaeffc204c8e119088791ad7b13bf,200
1463,podlaskie,sokólski,Sokółka,gmina miejsko-wiejska,2011083,2024,OK,,tekst,https://sokolka.pl/pliki/2025/06/raport_o_stanie_gminy_sokolka_za_rok_2024.pdf,dostęp_bezpośredni,154840449d44cc9dbb8cc6c32b4b4f7c5957ee41b0a94308162c4a55e08b004b,200
1464,podlaskie,sokólski,Sokółka,gmina miejsko-wiejska,2011083,2025,OK,,tekst,https://sokolka.pl/pliki/2026/06/raport-o-stanie-gminy-sokolka-za-2025-rok.pdf,dostęp_bezpośredni,6be77603f52a8492fb56e059fc8549b716376eb4234b1fb274e6d550c4109541,200
1465,podlaskie,sokólski,Suchowola,gmina miejsko-wiejska,2011093,2018,OK,,tekst,https://bip-umsuchowola.podlaskie.eu/resource/116456/RAPORT+O+STANIE+GMINY+SUCHOWOLA+-+za+2018.pdf,dostęp_bezpośredni,87c14c4027cf4a0a35484e099a95241573c4092e7af19afce50c56c680aeb09f,200
1466,podlaskie,sokólski,Suchowola,gmina miejsko-wiejska,2011093,2019,OK,,tekst,https://bip-umsuchowola.podlaskie.eu/resource/116948/RAPORT+O+STANIE+GMINY+za+2019+r.pdf,dostęp_bezpośredni,175c768886fcaea0d65beb9f7e99b70eaa5ed1ce1e3a686d05d0aec0f09faee7,200
1467,podlaskie,sokólski,Suchowola,gmina miejsko-wiejska,2011093,2020,OK,,tekst,https://bip-umsuchowola.podlaskie.eu/resource/117543/RAPORT+o+stanie+Gminy+Suchowola+za+2020+rok.pdf,dostęp_bezpośredni,b37e171dd18015ce992d02c5ed0e58933feb0149ba260a4d032ed976e8d9f012,200
1468,podlaskie,sokólski,Suchowola,gmina miejsko-wiejska,2011093,2021,OK,,tekst,https://bip-umsuchowola.podlaskie.eu/resource/117907/Raport+o+stanie+Gminy+Suchowola+za+2021+rok.pdf,dostęp_bezpośredni,846db5503ac9c1fffc97572c6e6fb5369913c71f3df63e6bf293cb3b26a9d144,200
1469,podlaskie,sokólski,Suchowola,gmina miejsko-wiejska,2011093,2022,OK,,tekst,https://bip-umsuchowola.podlaskie.eu/resource/118234/Raport+o+stanie+Gminy+Suchowola+za+2022+r.pdf,dostęp_bezpośredni,d3ab09c4f90d1438d170b66544a5799eec5edb9da06b234375619c2cb06f85d0,200
1470,podlaskie,sokólski,Suchowola,gmina miejsko-wiejska,2011093,2023,OK,,tekst,https://bip-umsuchowola.podlaskie.eu/resource/118609/Raport+o+stanie+gminy+za+2023+rok.pdf,dostęp_bezpośredni,4738e9da4f5636d1a8150848ebc5e003c15f94d2e478303b6401483d2e9ab596,200
1471,podlaskie,sokólski,Suchowola,gmina miejsko-wiejska,2011093,2024,OK,,tekst,https://bip-umsuchowola.podlaskie.eu/resource/119126/Raport+o+stanie+Gminy+Suchowola+za+2024+rok.pdf,dostęp_bezpośredni,ce91a054ee52668b93dba08e475b9ff100e63164dab0debf7ec83fd2e570bb59,200
1472,podlaskie,sokólski,Suchowola,gmina miejsko-wiejska,2011093,2025,OK,,tekst,https://bip-umsuchowola.podlaskie.eu/resource/119710/Raport+o+stanie+gminy+Suchowola+za+2025+rok.pdf,dostęp_bezpośredni,f8fd8de22b6bdc151ac8bc4790bbac66db865d79ba4dbdd9ef84d85a2ed3b914,200
1473,podlaskie,sokólski,Szudziałowo,gmina wiejska,2011102,2018,OK,,tekst,https://bip-ugszudzialowo.podlaskie.eu/resource/116745/Raport+o+stanie+Gminy+Szudzia%C5%82owo+za+2018+rok.pdf,dostęp_bezpośredni,d21e72f78b155c2f2520dc16e8f86c381e43b65d0009a8163ba621e30d1999b0,200
1474,podlaskie,sokólski,Szudziałowo,gmina wiejska,2011102,2019,OK,,tekst,https://bip-ugszudzialowo.podlaskie.eu/resource/117419/raport+o+stanie+gminy+za+2019+r..pdf,dostęp_bezpośredni,38e0675f6cb98a356336778cfbed5424ab8ee5cc92dbf94611dea71768cc39b1,200
1475,podlaskie,sokólski,Szudziałowo,gmina wiejska,2011102,2020,OK,,tekst,https://bip-ugszudzialowo.podlaskie.eu/resource/118098/Raport+o+stanie+Gminy+Szudzia%C5%82owo+za+2020+rok.pdf,dostęp_bezpośredni,4e9263e2cd33d160c6bdef34529577ff09cab70104095d08a8e6bd6d9ce59a3a,200
1476,podlaskie,sokólski,Szudziałowo,gmina wiejska,2011102,2021,OK,,tekst,https://bip-ugszudzialowo.podlaskie.eu/resource/118513/Raport+o+stanie+gminy+za+2021+rok.pdf,dostęp_bezpośredni,0d061d66c7872a39379e95a093cb316c1f2be9ca13e817f3bd5e0f3a32028aa1,200
1477,podlaskie,sokólski,Szudziałowo,gmina wiejska,2011102,2022,OK,,tekst,https://bip-ugszudzialowo.podlaskie.eu/resource/118720/Raport+o+stanie+gminy+2022.pdf,dostęp_bezpośredni,c909a5a3d687b0b0460c6b532327950332b49dd5b0795cef5035e2676143d22e,200
1478,podlaskie,sokólski,Szudziałowo,gmina wiejska,2011102,2023,OK,,tekst,https://bip-ugszudzialowo.podlaskie.eu/resource/119026/raport+o+stanie+gminy+za+2023+r..pdf,dostęp_bezpośredni,d02e86b429822bf644e95e2753cb9cee0b63d6f6b08990a8d57b90711cd037dd,200
1479,podlaskie,sokólski,Szudziałowo,gmina wiejska,2011102,2024,OK,,tekst,https://bip-ugszudzialowo.podlaskie.eu/resource/119250/komunikat+przewodniczacego+rady+gminy.pdf,dostęp_bezpośredni,86ea753dc1983c5c78fa702afe08f9136faaab626cdbf3936258793ff18c4833,200
1480,podlaskie,sokólski,Szudziałowo,gmina wiejska,2011102,2025,OK,,tekst,https://bip-ugszudzialowo.podlaskie.eu/resource/119407/komunikat+przewodniczacego+rady+gminy.pdf,dostęp_bezpośredni,65ade90c33acdccc054af5122ee8e0408fd2c45890beab149916d8e77f92b270,200
1481,podlaskie,suwalski,Bakałarzewo,gmina wiejska,2012012,2018,OK,,tekst,https://bakalarzewo.biuletyn.net/fls/bip_pliki/2022_10/BIPOLD003521/3521.pdf,dostęp_bezpośredni,296f292c2f63cc5a449427dd8588ba314983de91321ed2f6e9591dc752957ae0,200
1482,podlaskie,suwalski,Bakałarzewo,gmina wiejska,2012012,2019,OK,,tekst,https://bakalarzewo.biuletyn.net/fls/bip_pliki/2022_10/BIPOLD003953/3953.pdf,dostęp_bezpośredni,79ce869284df249e7fc5325ed6861549a7ca38b77d9ae2891fa3ed19035744e1,200
1483,podlaskie,suwalski,Bakałarzewo,gmina wiejska,2012012,2020,OK,,tekst,https://bakalarzewo.biuletyn.net/fls/bip_pliki/2022_10/BIPOLD004463/4463.pdf,dostęp_bezpośredni,0c54c1eb954f34b5041092fb3ff62312dc31393268a28f3172905b8bd052cea5,200
1484,podlaskie,suwalski,Bakałarzewo,gmina wiejska,2012012,2021,OK,,tekst,https://bakalarzewo.biuletyn.net/fls/bip_pliki/2022_10/BIPOLD005242/5242.pdf,dostęp_bezpośredni,0ebc2aa5a61ecf3c05049065642553fe1711ea528de7164416a3042f9bf88dfb,200
1485,podlaskie,suwalski,Bakałarzewo,gmina wiejska,2012012,2022,OK,,tekst,https://bakalarzewo.biuletyn.net/fls/bip_pliki/2023_05/BIPF5FB7B1B462F82Z/zarzadzenie_Raport_o_stanie_Gminy.pdf,dostęp_bezpośredni,793459549c20b2b3870c31c6265f4452d0e153df7a0d20c04d605227cbde842f,200
1486,podlaskie,suwalski,Bakałarzewo,gmina wiejska,2012012,2023,OK,,tekst,https://bakalarzewo.biuletyn.net/fls/bip_pliki/2024_05/BIPF6188C68BC0CEZ/3.pdf,dostęp_bezpośredni,a9334d644535f49a400600702a3112e2001f56c6114ddd669bf1bf06591b469f,200
1487,podlaskie,suwalski,Bakałarzewo,gmina wiejska,2012012,2024,OK,,tekst,https://bakalarzewo.biuletyn.net/fls/bip_pliki/2025_05/BIPF635B6B58DE336Z/108.pdf,dostęp_bezpośredni,fadc1250ea72c6d66a7005cd7f2d82a17f936c2940234fdebaeafd1a4a3c0dcd,200
1488,podlaskie,suwalski,Bakałarzewo,gmina wiejska,2012012,2025,OK,,tekst,https://bakalarzewo.biuletyn.net/fls/bip_pliki/2026_05/BIPF651C5D3F02E6CZ/209MN.pdf,dostęp_bezpośredni,c18fa97b54454dffcd746df37391be96344193ae37544eb10b46512a7ee036f2,200
1489,podlaskie,suwalski,Filipów,gmina wiejska,2012022,2018,OK,,tekst,https://filipow.bip.gov.pl/fobjects/download/790955/raport_o_stanie_gminy_za_2018_rok-pdf.html,dostęp_bezpośredni (polskie IP przez Tor),e1414f33fa1a9d0fc0b3104261c50c085e0a98b9e6cc6ee264284aa366dc61d3,200
1490,podlaskie,suwalski,Filipów,gmina wiejska,2012022,2019,OK,,tekst,https://filipow.bip.gov.pl/fobjects/download/790969/raport_o_stanie_gminy_za_2019_rok-2-pdf.html,dostęp_bezpośredni (polskie IP przez Tor),7ff770d7e26fae7cb0c2721ae7745fdc7d8f8b901b33fae484da056e75eeccea,200
1491,podlaskie,suwalski,Filipów,gmina wiejska,2012022,2020,OK,,tekst,https://filipow.bip.gov.pl/fobjects/download/947900/raport-o-stanie-gminy-za-2020-rok-pdf.html,dostęp_bezpośredni (polskie IP przez Tor),dd0a1698a21db7a92219b4e577b1e72b097aafcecda7009a4dde252a6e5c365a,200
1492,podlaskie,suwalski,Filipów,gmina wiejska,2012022,2021,OK,,tekst,https://filipow.bip.gov.pl/fobjects/download/1198771/raport-o-stanie-gminy-za-2021-rok-pdf.html,dostęp_bezpośredni (polskie IP przez Tor),a9c545e3a13ae95779a254920091aa29e9fbd8ac05facf81fc09f93704c72cad,200
1493,podlaskie,suwalski,Filipów,gmina wiejska,2012022,2022,OK,,tekst,https://filipow.bip.gov.pl/fobjects/download/1476567/raport-o-stanie-gminy-za-2022-rok-po-zmianach-pdf.html,dostęp_bezpośredni (polskie IP przez Tor),aaf0254523ab90e22c1b27e737aa16f16002363b7bfba863a3d5c608d5755e1e,200
1494,podlaskie,suwalski,Filipów,gmina wiejska,2012022,2023,OK,,tekst,https://filipow.bip.gov.pl/fobjects/download/1658587/raport-o-stanie-gminy-za-2023-rok-pdf.html,dostęp_bezpośredni (polskie IP przez Tor),96f40cd176ddf616caba6d11edcbaa1fc4a25fff4a20231b8383d030a1bec1b1,200
1495,podlaskie,suwalski,Filipów,gmina wiejska,2012022,2024,OK,,tekst,https://filipow.bip.gov.pl/fobjects/download/1982967/raport-o-stanie-gminy-za-2024-rok-pdf.html,dostęp_bezpośredni (polskie IP przez Tor),fff91be9d3fce6015b2fc0eaa15e18e8d7d09f2969c741c8f2ec950e07aaad76,200
1496,podlaskie,suwalski,Filipów,gmina wiejska,2012022,2025,OK,,tekst,https://filipow.bip.gov.pl/fobjects/download/2262996/raport-o-stanie-gminy-za-2025-rok-sig-pdf.html,dostęp_bezpośredni (polskie IP przez Tor),1b94ff3d497a3e323f5e8d502b2d6c5c5e576e3dca1588a8ed20e2d809e4d28c,200
1497,podlaskie,suwalski,Raczki,gmina wiejska,2012052,2018,OK,pdf,tekst,http://bip.raczki.pl/archiwum/www.bip.raczki.pl/upload/raport_2019.pdf,"dowód: raporty Gminy Raczki na raczki.biuletyn.net (2023+ opublikowane) | znalezione: dostęp_bezpośredni (bip.raczki.pl, archiwum starego BIP; uwaga: plik nazwany wg roku publikacji 2019 = raport za 2018)",3f80e2a493b550f8c4d2cd22d02964aa56a22b0bb19144a4a3c1d5da831c10a7,zastosowano znalezione/poprawke
1498,podlaskie,suwalski,Raczki,gmina wiejska,2012052,2019,OK,,tekst,https://bip.raczki.pl/fls/bip_pliki/2020_05/BIPF5A55E853B5EF5Z/raport_2019.pdf,dostęp_bezpośredni,e886613f0b5e196171b5adb6ab13c6d93726851ca479bcbbd646253ee77f0273,200
1499,podlaskie,suwalski,Raczki,gmina wiejska,2012052,2020,OK,,tekst,https://bip.raczki.pl/fls/bip_pliki/2021_04/BIPF5C10379CBE4A1Z/raport_stan_gminy_za_2020.pdf,dostęp_bezpośredni,0f8a874efcbf6d3dc014f3c7ad3a4cea44699eb1379184c5015e26a99d97347f,200
1500,podlaskie,suwalski,Raczki,gmina wiejska,2012052,2021,OK,,tekst,https://bip.raczki.pl/fls/bip_pliki/2022_05/BIPF5DEB6D31602A5Z/raport_22.pdf,dostęp_bezpośredni,f20dbcc0f28eb55dfb87c8a50f09aee5a4341ca298011aa93304c87f468bdd9b,200
1501,podlaskie,suwalski,Raczki,gmina wiejska,2012052,2022,OK,,tekst,https://bip.raczki.pl/fls/bip_pliki/2023_06/BIPF5FD0EFEE06E2Z/raport_gmina_22_2_23.pdf,dostęp_bezpośredni,185d629aa0069b8e5a10372e0123fb2eafa662a19a3a251fa2668cd775247a1e,200
1502,podlaskie,suwalski,Raczki,gmina wiejska,2012052,2023,OK,,tekst,https://raczki.biuletyn.net/fls/bip_pliki/2024_05/BIPF618643CF910C2Z/raport_za_2023_24.pdf,dostęp_bezpośredni,b9ec2061959786d3739ab9b542ba5a46876230415a5b55b8c75080e80c688a16,200
1503,podlaskie,suwalski,Raczki,gmina wiejska,2012052,2024,OK,,tekst,http://www.bip.raczki.pl/fls/bip_pliki/2025_05/BIPF6350346E6A345Z/raport_2024.pdf,dostęp_bezpośredni,93faa49e985e0ff469b94f66f43f61731a081adc8615e537fe80a5c4952fa31c,200
1504,podlaskie,suwalski,Raczki,gmina wiejska,2012052,2025,OK,,tekst,https://bip.raczki.pl/fls/bip_pliki/2026_05/BIPF65185B79E2F6BZ/Raport_o_stanie_gminy_Raczki_za_2025r._BIP__002_.pdf,dostęp_bezpośredni,d0bcc01a411c2363273cefadd0f4fd70768915874f631ca5dcbe7f5b816bd38f,200
1505,podlaskie,suwalski,Suwałki,gmina wiejska,2012072,2018,OK,,tekst,https://bip-ugsuwalki.podlaskie.eu/resource/file/download-file/id.9826/attachment.1,dostęp_bezpośredni,8a0aa3e0b31790b56603f67c557202015794923d2422df11df8fcdf8ff26de9f,200
1506,podlaskie,suwalski,Suwałki,gmina wiejska,2012072,2019,OK,,tekst,https://bip-ugsuwalki.podlaskie.eu/resource/file/download-file/id.9825/attachment.1,dostęp_bezpośredni,e58b46f10ef146d488d4994a368aeed44c4bb6412681ef445744fddd25149672,200
1507,podlaskie,suwalski,Suwałki,gmina wiejska,2012072,2020,OK,,tekst,https://bip-ugsuwalki.podlaskie.eu/resource/116570/raport+o+stanie+Gminy.docx,dostęp_bezpośredni,b7aa86fead77a9fe56e73df3d9376200b620f0546cebee97a85e78ee29d49254,200
1508,podlaskie,suwalski,Suwałki,gmina wiejska,2012072,2021,OK,,tekst,https://bip-ugsuwalki.podlaskie.eu/resource/117137/Raport+o+stanie+Gminy+Suwa%C5%82ki+za+rok+2021.docx,dostęp_bezpośredni,73327385d995ef4614a236f2372703663de64275f02c98df74d5a1f3917de03d,200
1509,podlaskie,suwalski,Suwałki,gmina wiejska,2012072,2022,OK,,tekst,https://bip-ugsuwalki.podlaskie.eu/resource/117687/Raport+o+stanie++Gminy+Suwa%C5%82ki+za+rok+2022.pdf,dostęp_bezpośredni,f0e194120b2296bcd3cbd88ada8710480d32612bfb0637d23fd5890b5d508c74,200
1510,podlaskie,suwalski,Suwałki,gmina wiejska,2012072,2023,OK,,skan,https://bip-ugsuwalki.podlaskie.eu/resource/118340/SKMBT_C22024052709010.pdf,dostęp_bezpośredni,46ec06d7904f72cabaebef09e096f833806d4bb9cd676a153e88071fa2c90402,200
1511,podlaskie,suwalski,Suwałki,gmina wiejska,2012072,2024,OK,,tekst,https://bip-ugsuwalki.podlaskie.eu/resource/118884/RAPORT+O+STANIE+GMINY+2024.docx,dostęp_bezpośredni,edb7c03a8f4ccf62786737ef5361a97b779b9b2d014d75d1996e38021d889d38,200
1512,podlaskie,suwalski,Suwałki,gmina wiejska,2012072,2025,OK,,tekst,https://bip-ugsuwalki.podlaskie.eu/resource/119443/RAPORT+O+STANIE+GMINY+za+2025+rok.docx,dostęp_bezpośredni,bfc66d0cd6870caff4433b4ec5da9cef612a11f27229c521bdc36951b56d0a19,200
1513,podlaskie,wysokomazowiecki,Ciechanowiec,gmina miejsko-wiejska,2013023,2018,OK,,tekst,https://bip-umciechanowiec.podlaskie.eu/resource/116367/Raport+o+stanie+Gminy+Ciechanowiec+za+2018+rok.pdf,dostęp_bezpośredni,2519d6fe7f57bef56fcf16ee493d47fdce517dcf827438620548241e54412516,200
1514,podlaskie,wysokomazowiecki,Ciechanowiec,gmina miejsko-wiejska,2013023,2019,OK,,tekst,https://bip-umciechanowiec.podlaskie.eu/resource/117362/Raport+o+stanie+Gminy+Ciechanowiec+za+2019+rok.pdf,dostęp_bezpośredni,6242ab837432516e996745a512ce0870270a09251735a287a559ca517781bc45,200
1515,podlaskie,wysokomazowiecki,Ciechanowiec,gmina miejsko-wiejska,2013023,2020,OK,,tekst,https://bip-umciechanowiec.podlaskie.eu/resource/118497/Raport+o+stanie+gminy+za+2020+26.04.2021+r..pdf,dostęp_bezpośredni,bce048fce28db26fcfd0010bfaf25c20c78b32f4ef870efdab9b184c7182ba50,200
1516,podlaskie,wysokomazowiecki,Ciechanowiec,gmina miejsko-wiejska,2013023,2021,OK,,tekst,https://bip-umciechanowiec.podlaskie.eu/resource/119244/Raport+o+stanie+gminy+2021+-+12.05.2022.pdf,dostęp_bezpośredni,aa0cce5a8b6f2b5064c2fadc27a936045c33154c07ae668c9a3cbb0c8355402b,200
1517,podlaskie,wysokomazowiecki,Ciechanowiec,gmina miejsko-wiejska,2013023,2022,OK,,tekst,https://bip-umciechanowiec.podlaskie.eu/resource/119747/Raport+o+stanie+gminy+za+2022+rok.docx,dostęp_bezpośredni,3e6fd6517e1226494beb03fc95350f0d3c3e489ed8f139e848d243c39e50a21a,200
1518,podlaskie,wysokomazowiecki,Ciechanowiec,gmina miejsko-wiejska,2013023,2023,OK,,tekst,https://bip-umciechanowiec.podlaskie.eu/resource/120138/Raport+o+stanie+gminy+za+2023+rok.pdf,dostęp_bezpośredni,0e010243a21f439d35a00580e6722871dccb4ebd9d32efe22cce35151bc8c41a,200
1519,podlaskie,wysokomazowiecki,Ciechanowiec,gmina miejsko-wiejska,2013023,2024,OK,,tekst,https://bip-umciechanowiec.podlaskie.eu/resource/120506/Raport+o+stanie+gminy+za+2024+rok.pdf,dostęp_bezpośredni,f74413f81bb3b8568973188818f71b5be3db28e2d0e0ac525318997f3362c588,200
1520,podlaskie,wysokomazowiecki,Ciechanowiec,gmina miejsko-wiejska,2013023,2025,OK,,tekst,https://bip-umciechanowiec.podlaskie.eu/resource/120822/Raport+o+stanie+gminy+za+2025+r.pdf,dostęp_bezpośredni,daf45cf5d2001b7867535a1dbc4a2e4adfdd7563b2a67b388afbc0cf6be5d2a6,200
1521,podlaskie,wysokomazowiecki,Czyżew,gmina miejsko-wiejska,2013033,2018,OK,,skan,https://umczyzew.biuletyn.net/fls/bip_pliki/2020_10/BIPOLD008367/8367.pdf,dostęp_bezpośredni,65141fdc18ffb3851f97e5d7dd96557c3c204c6e5681c2b5c7d9a73791d3f9ca,200
1522,podlaskie,wysokomazowiecki,Czyżew,gmina miejsko-wiejska,2013033,2019,OK,,tekst,https://umczyzew.biuletyn.net/fls/bip_pliki/2021_11/BIPF5D17581CD301EZ/RAPORT_O_STANIE_2019.pdf,dostęp_bezpośredni,52eb6791667436420ee3aea09df33008172e6fc4ef4c5c930ff6869e99e819c2,200
1523,podlaskie,wysokomazowiecki,Czyżew,gmina miejsko-wiejska,2013033,2020,OK,,tekst,https://umczyzew.biuletyn.net/fls/bip_pliki/2021_11/BIPF5D17580F9EAFFZ/RAPORT_O_STANIE_2020.pdf,dostęp_bezpośredni,c7fef4f5c47c2b54739a8631218ca054de9511c24c9609a53ddc9a4fb0108d22,200
1524,podlaskie,wysokomazowiecki,Czyżew,gmina miejsko-wiejska,2013033,2021,OK,,tekst,https://umczyzew.biuletyn.net/fls/bip_pliki/2022_05/BIPF5E04839F41756Z/RAPORT_o_STANIE_rok_2022_akt..pdf,dostęp_bezpośredni,a03941a0744470346940c099dcf507941d7a5cc30241ed6255dda3df707e41ca,200
1525,podlaskie,wysokomazowiecki,Czyżew,gmina miejsko-wiejska,2013033,2022,OK,,tekst,https://umczyzew.biuletyn.net/fls/bip_pliki/2023_06/BIPF5FE10F257F7E7Z/RAPORT_o_STANIE_rok_2022_aktualny.pdf,dostęp_bezpośredni,b701d7bd10a93e0c8643e71e5b69ad714355fa33aed694259f26e568783dc76e,200
1526,podlaskie,wysokomazowiecki,Czyżew,gmina miejsko-wiejska,2013033,2023,OK,,tekst,https://umczyzew.biuletyn.net/fls/bip_pliki/2024_05/BIPF619974A77AC1EZ/RAPORT_o_STANIE_za_rok_2023_nowy.pdf,dostęp_bezpośredni,558f853604ca46bdf0b31d5ddd50fdaabd5433cf524bf602a3d9875880f83122,200
1527,podlaskie,wysokomazowiecki,Czyżew,gmina miejsko-wiejska,2013033,2024,OK,,skan,https://umczyzew.biuletyn.net/fls/bip_pliki/2025_05/BIPF6365B6E8B6121Z/Raport_o_stanie_Gminy_Czyzew_za_rok_2024.pdf,dostęp_bezpośredni,40d9a02bbf41a3b69d351d3dcf12835978c25eb1e716ab151f52e16d7825d821,200
1528,podlaskie,wysokomazowiecki,Czyżew,gmina miejsko-wiejska,2013033,2025,OK,,tekst,https://umczyzew.biuletyn.net/fls/bip_pliki/2026_06/BIPF6540A095D197AZ/Raport_2025.pdf,dostęp_bezpośredni,e7efa09bf1f9cb55ca4e4a71b0943813de330bec3281e6b351e39ce152a21168,200
1529,podlaskie,wysokomazowiecki,Klukowo,gmina wiejska,2013042,2018,BRAK,,brak,brak,dogłębne sprawdzenie (web search + BIP + Wayback) - brak dowodu istnienia,,BRAK_URL (niepowstały)
1530,podlaskie,wysokomazowiecki,Klukowo,gmina wiejska,2013042,2019,BRAK,,brak,brak,dogłębne sprawdzenie (web search + BIP + Wayback) - brak dowodu istnienia,,BRAK_URL (niepowstały)
1531,podlaskie,wysokomazowiecki,Klukowo,gmina wiejska,2013042,2020,OK,,tekst,https://bip-ugklukowo.podlaskie.eu/resource/116932/Raport+o+Stanie+Gminy+Klukowo+za+2020+-ostateczny.pdf,dostęp_bezpośredni,60de508ea43648750da57da3ed5ae8b86264295f5978c6618f91d7b6d7c8cf25,200
1532,podlaskie,wysokomazowiecki,Klukowo,gmina wiejska,2013042,2021,OK,,tekst,https://bip-ugklukowo.podlaskie.eu/resource/117138/Raport+o+Stanie+Gminy+Klukowo+za+2021.pdf,dostęp_bezpośredni,1152bea9a8ee3571e405ce62e260619ba01e646380be8885fbba80b3e7aceef5,200
1533,podlaskie,wysokomazowiecki,Klukowo,gmina wiejska,2013042,2022,OK,,tekst,https://bip-ugklukowo.podlaskie.eu/resource/117261/Raport+o+stanie+gminy+Klukowo+za+2022+r.+.pdf,dostęp_bezpośredni,c43e97eb74d2be90004ca846ea6f10bc5cb7780d004156c2696b4e3707a0e193,200
1534,podlaskie,wysokomazowiecki,Klukowo,gmina wiejska,2013042,2023,OK,,tekst,https://bip-ugklukowo.podlaskie.eu/resource/116930/Raport+o+stanie+gminy+za+2023+r..pdf,dostęp_bezpośredni,8772dea027497a1e5da66fe3c25b068a8cd6a52e8ce396e5577385cbf0a37ef2,200
1535,podlaskie,wysokomazowiecki,Klukowo,gmina wiejska,2013042,2024,OK,,tekst,https://bip-ugklukowo.podlaskie.eu/resource/117472/Raport+o+stanie+gminy+za+2024+r.pdf,dostęp_bezpośredni,66d9bd7e8defe6714199cec7c4acbaabac822a0b1d9894b1f6b13acaed4d6fe0,200
1536,podlaskie,wysokomazowiecki,Klukowo,gmina wiejska,2013042,2025,OK,,tekst,https://bip-ugklukowo.podlaskie.eu/resource/117630/Raport+o+stanie+gminy+za+2025+rok.pdf,dostęp_bezpośredni,efbd116da8e0d300960f7f80b458bbc6c5456296d0ac36449f2a3aca0f773b8e,200
1537,podlaskie,wysokomazowiecki,Kobylin-Borzymy,gmina wiejska,2013052,2018,BRAK,,brak,brak,dogłębne sprawdzenie (web search + BIP + Wayback + archiwa) - brak dowodu istnienia raportu,,BRAK_URL (niepowstały)
1538,podlaskie,wysokomazowiecki,Kobylin-Borzymy,gmina wiejska,2013052,2019,BRAK,,brak,brak,dogłębne sprawdzenie (web search + BIP + Wayback + archiwa) - brak dowodu istnienia raportu,,BRAK_URL (niepowstały)
1539,podlaskie,wysokomazowiecki,Kobylin-Borzymy,gmina wiejska,2013052,2020,OK,,tekst,https://kobylinborzymy.biuletyn.net/fls/bip_pliki/2021_04/BIPOLD003703/3703.docx,dostęp_bezpośredni,0864d0abc52bd192689926cc2ca66423cb45a16c43fa0112e9cf19dff0cbc485,200
1540,podlaskie,wysokomazowiecki,Kobylin-Borzymy,gmina wiejska,2013052,2021,BRAK,,brak,brak,dogłębne sprawdzenie (web search + BIP + Wayback + archiwa) - brak dowodu istnienia raportu,,BRAK_URL (niepowstały)
1541,podlaskie,wysokomazowiecki,Kobylin-Borzymy,gmina wiejska,2013052,2022,BRAK,,brak,brak,dogłębne sprawdzenie (web search + BIP + Wayback + archiwa) - brak dowodu istnienia raportu,,BRAK_URL (niepowstały)
1542,podlaskie,wysokomazowiecki,Kobylin-Borzymy,gmina wiejska,2013052,2023,BRAK,,brak,brak,dogłębne sprawdzenie (web search + BIP + Wayback + archiwa) - brak dowodu istnienia raportu,,BRAK_URL (niepowstały)
1543,podlaskie,wysokomazowiecki,Kobylin-Borzymy,gmina wiejska,2013052,2024,BRAK,,brak,brak,dogłębne sprawdzenie (web search + BIP + Wayback + archiwa) - brak dowodu istnienia raportu,,BRAK_URL (niepowstały)
1544,podlaskie,wysokomazowiecki,Kobylin-Borzymy,gmina wiejska,2013052,2025,BRAK,,brak,brak,dogłębne sprawdzenie (web search + BIP + Wayback + archiwa) - brak dowodu istnienia raportu,,BRAK_URL (niepowstały)
1545,podlaskie,wysokomazowiecki,Kulesze Kościelne,gmina wiejska,2013062,2018,BRAK,,brak,brak,dogłębne sprawdzenie (web search + BIP + Wayback) - brak dowodu istnienia,,BRAK_URL (niepowstały)
1546,podlaskie,wysokomazowiecki,Kulesze Kościelne,gmina wiejska,2013062,2019,BRAK,,brak,brak,dogłębne sprawdzenie (web search + BIP + Wayback) - brak dowodu istnienia,,BRAK_URL (niepowstały)
1547,podlaskie,wysokomazowiecki,Kulesze Kościelne,gmina wiejska,2013062,2020,BRAK,,brak,brak,dogłębne sprawdzenie (web search + BIP + Wayback) - brak dowodu istnienia,,BRAK_URL (niepowstały)
1548,podlaskie,wysokomazowiecki,Kulesze Kościelne,gmina wiejska,2013062,2021,BRAK,,brak,brak,dogłębne sprawdzenie (web search + BIP + Wayback) - brak dowodu istnienia,,BRAK_URL (niepowstały)
1549,podlaskie,wysokomazowiecki,Kulesze Kościelne,gmina wiejska,2013062,2022,BRAK,,brak,brak,dogłębne sprawdzenie (web search + BIP + Wayback) - brak dowodu istnienia,,BRAK_URL (niepowstały)
1550,podlaskie,wysokomazowiecki,Kulesze Kościelne,gmina wiejska,2013062,2023,OK,,tekst,https://bip-ugkuleszek.podlaskie.eu/resource/631/RAPORT+O+STANIE+GMINY+KULESZE+KO%25C5%259ACIELNE+ZA+2023+ROK.pdf,dostęp_bezpośredni,46a3be66a8481360e390b22a67c65f8387f33a8a977a211336ca974a54c69f69,200
1551,podlaskie,wysokomazowiecki,Kulesze Kościelne,gmina wiejska,2013062,2024,OK,,tekst,https://bip-ugkuleszek.podlaskie.eu/resource/1134/RAPORT+O+STANIE+GMINY+KULESZE+KO%25C5%259ACIELNE+ZA+2024+ROK.pdf,dostęp_bezpośredni,a43af2464a1edc29efa1e0eb5e94accd8452aee2bba200ba4f7807d0ebc4eeed,200
1552,podlaskie,wysokomazowiecki,Kulesze Kościelne,gmina wiejska,2013062,2025,OK,,tekst,https://bip-ugkuleszek.podlaskie.eu/resource/1552/RAPORT+O+STANIE+GMINY+KULESZE+KO%25C5%259ACIELNE+ZA+2025+ROK.pdf,dostęp_bezpośredni,342366a32e885c70b53ebcceedfb20e1ca1b4e9a50d491d3284035f05bb95724,200
1553,podlaskie,wysokomazowiecki,Nowe Piekuty,gmina wiejska,2013072,2018,OK,,tekst,https://bip-ugpiekuty.podlaskie.eu/resource/40/Raport+o+stanie+gminy+za+2018+rok.pdf,dostęp_bezpośredni,4645492c3a9f98f5da00ec26646bf637e617f02cd58f5cd60e69859fe3842f68,200
1554,podlaskie,wysokomazowiecki,Nowe Piekuty,gmina wiejska,2013072,2019,OK,,tekst,https://bip-ugpiekuty.podlaskie.eu/resource/40/Raport+o+stanie+gminy+za+2019+rok.pdf,dostęp_bezpośredni,2d73a4eee172850ccfb3228b45cec212a82e00da3d728134ea3483d771f7d1ea,200
1555,podlaskie,wysokomazowiecki,Nowe Piekuty,gmina wiejska,2013072,2020,OK,,tekst,https://bip-ugpiekuty.podlaskie.eu/resource/525/Raport+o+stanie+gminy+za+2020+rok.pdf,dostęp_bezpośredni,6359920ea67be9f57c52e67724f479551752265d7084bd81751542ab83bd2837,200
1556,podlaskie,wysokomazowiecki,Nowe Piekuty,gmina wiejska,2013072,2021,OK,,tekst,https://bip-ugpiekuty.podlaskie.eu/resource/39/Raport+o+stanie+Gminy+za+2021+rok.pdf,dostęp_bezpośredni,c58914b0ed396e14485bcee6b756976fe2577184c1d7a5303bd09a9b3d61c158,200
1557,podlaskie,wysokomazowiecki,Nowe Piekuty,gmina wiejska,2013072,2022,OK,,tekst,https://bip-ugpiekuty.podlaskie.eu/resource/39/Raport+o+stanie+gminy+za+2022+rok.pdf,dostęp_bezpośredni,88ef61c0530d84c6c86eed746742ef6b8e790bb3cd6a5e65c909ddf9b3f4f2ec,200
1558,podlaskie,wysokomazowiecki,Nowe Piekuty,gmina wiejska,2013072,2023,OK,,tekst,https://bip-ugpiekuty.podlaskie.eu/resource/1284/RAPORT+o+stanie+gminy+nowe+Piekuty+za+2023+rok.pdf,dostęp_bezpośredni,d7a1e3572b48e19e39e42740ef1c65c6c799d9e34969acdba827a62b2e4ccae9,200
1559,podlaskie,wysokomazowiecki,Nowe Piekuty,gmina wiejska,2013072,2024,OK,,tekst,https://bip-ugpiekuty.podlaskie.eu/resource/1471/RAPORT+za+2024+rok+.pdf,dostęp_bezpośredni,eee514f05e4519d0be4095b1ba3434f00fe2a47b8009e0ea9ba68d4198a01b63,200
1560,podlaskie,wysokomazowiecki,Nowe Piekuty,gmina wiejska,2013072,2025,OK,,tekst,https://bip-ugpiekuty.podlaskie.eu/resource/1601/RAPORT+o+stanie+gminy+nowe+Piekuty+za+2025+rok.pdf,dostęp_bezpośredni,94995ffcf4a93a39f53c9cd345fc76ee17bf09f5b0933e31cdab7c7129172438,200
1561,podlaskie,wysokomazowiecki,Sokoły,gmina wiejska,2013082,2018,OK,,tekst,https://bip-ugsokoly.podlaskie.eu/resource/141/Raport+o+stanie+gminy+za+2018+rok.pdf,dostęp_bezpośredni,53cfc60c56d777df2468cecb61d623b208f4d5f60cf8ae09aaabcacfaa0e3e09,200
1562,podlaskie,wysokomazowiecki,Sokoły,gmina wiejska,2013082,2019,OK,,tekst,https://bip-ugsokoly.podlaskie.eu/resource/644/Raport-o-stanie-gminy-za-2019.pdf,dostęp_bezpośredni,8873410b99999ade0d339b7effe1fa45923bac0e9dcdc94c9a0d22fb074d491e,200
1563,podlaskie,wysokomazowiecki,Sokoły,gmina wiejska,2013082,2020,OK,,tekst,https://bip-ugsokoly.podlaskie.eu/resource/641/Raport+o+stanie+Gminy+Soko%C5%82y+za+2020+r..pdf,dostęp_bezpośredni,aef8e28855499146494bc4267a7ec52e6a29dfaa259e402e381c796eb7a585ad,200
1564,podlaskie,wysokomazowiecki,Sokoły,gmina wiejska,2013082,2021,OK,,tekst,https://bip-ugsokoly.podlaskie.eu/resource/140/Raport+o+stanie+Gminy+Soko%C5%82y+za+2021+r..pdf,dostęp_bezpośredni,f54f55effd59ec666b196953fb346813202d6f4f5f9889b3b450a4edff84f260,200
1565,podlaskie,wysokomazowiecki,Sokoły,gmina wiejska,2013082,2022,OK,,tekst,https://bip-ugsokoly.podlaskie.eu/resource/140/RAPORT+O+STANIE+GMINY+SOKO%C5%81Y+2022.pdf,dostęp_bezpośredni,9478b67fb3a383ab1cd3e844d3b1616a2b67bac21b71a78df7dd2c94247b2988,200
1566,podlaskie,wysokomazowiecki,Sokoły,gmina wiejska,2013082,2023,OK,,tekst,https://bip-ugsokoly.podlaskie.eu/resource/140/RAPORT+O+STANIE+GMINY+SOKO%C5%81Y+2023.BES+-+podpisany+elektornicznie.pdf,dostęp_bezpośredni,f2c9a97a7f4419497a64e91c76f2fb4d027de24994ae280a3e8db1b2279d4ad0,200
1567,podlaskie,wysokomazowiecki,Sokoły,gmina wiejska,2013082,2024,OK,,tekst,https://bip-ugsokoly.podlaskie.eu/resource/140/RAPORT+O+STANIE+GMINY+SOKO%C5%81Y+2024+%28podpisany+elektronicznie%29.pdf,dostęp_bezpośredni,100d89ea8ee38bb0dfdd06623fd6692aa64c734d8e74c28d520d26d35974725c,200
1568,podlaskie,wysokomazowiecki,Sokoły,gmina wiejska,2013082,2025,OK,,tekst,https://bip-ugsokoly.podlaskie.eu/resource/140/Raport+za+2025+r.+-+29.05.2026.pdf,dostęp_bezpośredni,cc1c20d0a84d943f2a8d63f00be35c31a5be1a2cd061cd313ed106c3fa54dfda,200
1569,podlaskie,wysokomazowiecki,Szepietowo,gmina miejsko-wiejska,2013093,2018,OK,,tekst,https://szepietowo.biuletyn.net/fls/bip_pliki/2020_04/BIPOLD006831/6831.pdf,dostęp_bezpośredni,f86ce9563c717b443605fb76a5e4f68eda32e2151f89c7fcd6ad8651dae49658,200
1570,podlaskie,wysokomazowiecki,Szepietowo,gmina miejsko-wiejska,2013093,2019,OK,,tekst,https://szepietowo.biuletyn.net/fls/bip_pliki/2020_06/BIPF5A70551ECBE78Z/Raport_o_stanie_Gminy_Szepietowo_za_2019.pdf,dostęp_bezpośredni,48a0c221c4946a590138d1ab0d7da7d82a7674761dedfb86f23769f68b305986,200
1571,podlaskie,wysokomazowiecki,Szepietowo,gmina miejsko-wiejska,2013093,2020,OK,,skan,https://szepietowo.biuletyn.net/fls/bip_pliki/2021_05/BIPF5C39CC114788FZ/Raport_o_stanie_gminy.pdf,dostęp_bezpośredni,d537e09751c02ac37f549b827bd3f9b752ddaf32ea0a4b655ad5230b9a32e9b4,200
1572,podlaskie,wysokomazowiecki,Szepietowo,gmina miejsko-wiejska,2013093,2021,OK,,tekst,https://szepietowo.biuletyn.net/fls/bip_pliki/2022_05/BIPF5E04BBC62B414Z/Raport_o_stanie_gminy_2021_wersja_dostepna.pdf,dostęp_bezpośredni,9b3f11392ea17e338a07324ccbef1dac5a9c84699a25296d5e0f236ef68a20ca,200
1573,podlaskie,wysokomazowiecki,Szepietowo,gmina miejsko-wiejska,2013093,2022,OK,,tekst,https://szepietowo.biuletyn.net/fls/bip_pliki/2023_05/BIPF5FC5994DE673FZ/Raport_o_stanie_gminy_za_2022.pdf,dostęp_bezpośredni,ec59b875cf0dc1042cddac96c3926117f9de4879961c5313019da3d239e0edd9,200
1574,podlaskie,wysokomazowiecki,Szepietowo,gmina miejsko-wiejska,2013093,2023,OK,,tekst,https://szepietowo.biuletyn.net/fls/bip_pliki/2024_05/BIPF61855DCE96B11Z/Raport_o_stanie_gminy_za_2023_.pdf,dostęp_bezpośredni,327ec7fa03721c925fd525db5c25d2fd7da918ee3ee43828157e99f07f749d4c,200
1575,podlaskie,wysokomazowiecki,Szepietowo,gmina miejsko-wiejska,2013093,2024,OK,,tekst,https://szepietowo.biuletyn.net/fls/bip_pliki/2025_05/BIPF63630DD72E124Z/raport_o_stanie_gminy_za_2024_dostepny-sig.pdf,dostęp_bezpośredni,cf2f6c8130652f9f916a326ed800a027e9b1e125f924d382e304ce1a79a33daf,200
1576,podlaskie,wysokomazowiecki,Szepietowo,gmina miejsko-wiejska,2013093,2025,OK,,tekst,https://szepietowo.biuletyn.net/fls/bip_pliki/2026_04/BIPF64FE08832E355Z/Raport_o_stanie_gminy_za_2025_r..pdf,dostęp_bezpośredni,9eb03d209110f997f19cf3b0d79e5a3a501f4ca453800d1ee8be360a508c02f7,200
1577,podlaskie,wysokomazowiecki,Wysokie Mazowieckie,gmina miejska,2013011,2018,OK,,tekst,https://bip-umwysokiemaz.podlaskie.eu/resource/file/download-file/id.12628/attachment.1,dostęp_bezpośredni,d9282219b42fb2afc85efc22a3ec18f42834ca789533449008ab4f858d755dbb,200
1578,podlaskie,wysokomazowiecki,Wysokie Mazowieckie,gmina miejska,2013011,2019,OK,,tekst,https://bip-umwysokiemaz.podlaskie.eu/resource/file/download-file/id.14293/attachment.1,dostęp_bezpośredni,3d66e5e4dc6e94d5da518965858f249df349fab27432aaf18e58a2aa6a20f215,200
1579,podlaskie,wysokomazowiecki,Wysokie Mazowieckie,gmina miejska,2013011,2020,OK,,tekst,https://bip-umwysokiemaz.podlaskie.eu/resource/file/download-file/id.15407/attachment.1,dostęp_bezpośredni,ef837e4b81f1aed67f879b545084c52d9aa80ca46b8668da207cc105e7ea3be3,200
1580,podlaskie,wysokomazowiecki,Wysokie Mazowieckie,gmina miejska,2013011,2021,OK,,tekst,https://bip-umwysokiemaz.podlaskie.eu/resource/85/RAPORT%20O%20STANIE%20MIASTA%202022.05.20.pdf/attachment.1,dostęp_bezpośredni,a1d6a6cb68405d266e2d8371a4d6ef6b52caf4e363c938de61c5db2078c581dd,200
1581,podlaskie,wysokomazowiecki,Wysokie Mazowieckie,gmina miejska,2013011,2022,OK,,tekst,https://bip-umwysokiemaz.podlaskie.eu/resource/328/RAPORT++2023+plik+23.05.2023.pdf/attachment.1,dostęp_bezpośredni,1841da853093b77ecbe82412dd237c24cd94f10500b1db32d8c2f173340b99e4,200
1582,podlaskie,wysokomazowiecki,Wysokie Mazowieckie,gmina miejska,2013011,2023,OK,,tekst,https://bip-umwysokiemaz.podlaskie.eu/resource/61/raport%20o%20stanie%20miasta%202023_last.pdf/attachment.1,dostęp_bezpośredni,1a73e416d0c17aa128e374e611483a9714e9b168e0bf3b684fea6e5cad688c93,200
1583,podlaskie,wysokomazowiecki,Wysokie Mazowieckie,gmina miejska,2013011,2024,OK,,tekst,https://bip-umwysokiemaz.podlaskie.eu/resource/85/raport+o+stanie+miasta+2024++stan+na+28.05.2025.pdf/attachment.1,dostęp_bezpośredni,31cf467b2e0e858e650033b6c91fb93ab52c447173ea70410556d280001a4dfe,200
1584,podlaskie,wysokomazowiecki,Wysokie Mazowieckie,gmina miejska,2013011,2025,OK,,tekst,https://bip-umwysokiemaz.podlaskie.eu/resource/85/Raport+o+stanie+miasta+2025_+v.+24.05.2026.pdf/attachment.1,dostęp_bezpośredni,6f8d2f29a028e2e9312bc2841375958226b2edfd7f87735efb0e72cfad801383,200
1585,podlaskie,wysokomazowiecki,Wysokie Mazowieckie,gmina wiejska,2013102,2018,BRAK,,brak,brak,sekcja BIP ma raporty 2020+; 2018 brak - nieopublikowane,,BRAK_URL (niepowstały)
1586,podlaskie,wysokomazowiecki,Wysokie Mazowieckie,gmina wiejska,2013102,2019,OK,,tekst,http://ugwm.biuletyn.net/archiwum/gmwm.pl/images/_2019/Raport_o_stanie_Gminy_Wysokie_Mazowieckie.pdf,dostęp_bezpośredni,f8810ee2ab8b1c09f2a7b592ebd4fbaddb09f90bca9818fa4aad6e549eab2e71,200
1587,podlaskie,wysokomazowiecki,Wysokie Mazowieckie,gmina wiejska,2013102,2020,BRAK,,brak,brak,"dowód: podkategorie raportów na ugwm.biuletyn.net (cid 118, 119)",,BRAK_URL (dowód istnienia)
1588,podlaskie,wysokomazowiecki,Wysokie Mazowieckie,gmina wiejska,2013102,2021,BRAK,,brak,brak,"dowód: podkategorie raportów na ugwm.biuletyn.net (cid 118, 119)",,BRAK_URL (dowód istnienia)
1589,podlaskie,wysokomazowiecki,Wysokie Mazowieckie,gmina wiejska,2013102,2022,OK,,tekst,https://ugwm.biuletyn.net/fls/bip_pliki/2023_05/BIPF5FC5BF5F889CBZ/zarzadzenie_Nr_27.23.pdf,dostęp_bezpośredni,1d8c9e2790f500d13dc659a78f6ffac47756405a93f46da48d1dbc7e6b8ab1ff,200
1590,podlaskie,wysokomazowiecki,Wysokie Mazowieckie,gmina wiejska,2013102,2023,OK,,tekst,https://ugwm.biuletyn.net/fls/bip_pliki/2024_05/BIPF61997C86895C7Z/Raportu_o_stanie_Gminy_Wysokie_Mazowieckie_za_2023_rok.pdf,dostęp_bezpośredni,33d07e2df1eb2ece3ae65ccf051ac5af169dbc06222986970ed6905408b445c5,200
1591,podlaskie,wysokomazowiecki,Wysokie Mazowieckie,gmina wiejska,2013102,2024,OK,,tekst,https://ugwm.biuletyn.net/fls/bip_pliki/2025_05/BIPF63644F1A94AFZ/Raportu_o_stanie_Gminy_Wysokie_Mazowieckieza2024rok.pdf,dostęp_bezpośredni,3686be0756c93dff167738c461cb0984c405e1659bb7e0fc20eea122cf419574,200
1592,podlaskie,wysokomazowiecki,Wysokie Mazowieckie,gmina wiejska,2013102,2025,OK,,tekst,https://ugwm.biuletyn.net/fls/bip_pliki/2026_05/BIPF652EFFC97C908Z/Raport_o_stanie_Gminy_Wysokie_Mazowieckie_za_2025_rok.pdf,dostęp_bezpośredni,104d069360ac0bee38d7b82afb0da23cf1aa51571afd1bef385fbde26df87308,200
1593,podlaskie,zambrowski,Kołaki Kościelne,gmina wiejska,2014022,2018,BRAK,,brak,brak,"dowód: roczne raporty na kolaki.pl / archiwum.kolaki.pl (znaleziono 2023, 2024) | status_update: dowód: post kolaki.pl 27.05.2019 (archiwum); plik wp-content/uploads/2019/05/Raport-o-stanie-gminy-za-2018-r..doc -> 410 na żywym serwisie; brak w Wayback i Common Crawl; nie zmigrowano na Joomla/kolaki.pl ani bip-ugkolaki.podlaskie.eu",,BRAK_URL (dowód istnienia - plik utracony)
1594,podlaskie,zambrowski,Kołaki Kościelne,gmina wiejska,2014022,2019,BRAK,,brak,brak,"dowód: roczne raporty na kolaki.pl / archiwum.kolaki.pl (znaleziono 2023, 2024) | status_update: brak postu/śladu publikacji; prawdopodobnie nie powstał lub nieopublikowany",,BRAK_URL (brak dowodu)
1595,podlaskie,zambrowski,Kołaki Kościelne,gmina wiejska,2014022,2020,BRAK,,brak,brak,"dowód: roczne raporty na kolaki.pl / archiwum.kolaki.pl (znaleziono 2023, 2024) | status_update: dowód: post kolaki.pl 24.05.2021; plik wp-content/uploads/2021/05/Raport-o-stanie-gminy-2020r.pdf -> 410; brak w Wayback/CC",,BRAK_URL (dowód istnienia - plik utracony)
1596,podlaskie,zambrowski,Kołaki Kościelne,gmina wiejska,2014022,2021,BRAK,,brak,brak,"dowód: roczne raporty na kolaki.pl / archiwum.kolaki.pl (znaleziono 2023, 2024) | status_update: brak postu/śladu publikacji",,BRAK_URL (brak dowodu)
1597,podlaskie,zambrowski,Kołaki Kościelne,gmina wiejska,2014022,2022,BRAK,,brak,brak,"dowód: roczne raporty na kolaki.pl / archiwum.kolaki.pl (znaleziono 2023, 2024) | status_update: dowód: post kolaki.pl 24.05.2023; plik wp-content/uploads/2023/05/RAPORT-O-STANIE-GMINY-KOŁAKI-KOŚCIELNE-ZA-2022.doc -> 410; brak w Wayback/CC",,BRAK_URL (dowód istnienia - plik utracony)
1598,podlaskie,zambrowski,Kołaki Kościelne,gmina wiejska,2014022,2023,OK,,tekst,https://web.archive.org/web/20251028121511id_/http://kolaki.pl/wp-content/uploads/2024/05/raport-o-stanie-gminy-za-2023.pdf,dostęp_bezpośredni,1f31f9525f8bccd1b5d78251d41766510bd1719178e97aa6ddb1a891d5ea210b,200
1599,podlaskie,zambrowski,Kołaki Kościelne,gmina wiejska,2014022,2024,OK,,tekst,https://kolaki.pl/images/Raport_o_stanie_gminy_za_2024_rpdf.pdf,dostęp_bezpośredni,6ec1793e62201738e4d4c8ca4d60386d846ff2474f654fbb6fb4b85b044ec21c,200
1600,podlaskie,zambrowski,Kołaki Kościelne,gmina wiejska,2014022,2025,OK,,tekst,https://www.kolaki.pl/images/zarządzenie_nr_31_26_pdf.pdf,dostęp_bezpośredni,cbb0f13fe4571b7eadac57f39a738aa8ac89a058e62ce1a6ead1909448a523a8,200
1601,podlaskie,zambrowski,Rutki,gmina wiejska,2014032,2018,OK,,tekst,https://bip-ugrutki.podlaskie.eu/resource/1332/raport+o+stanie+gminy+Rutki+-+zarz%25C4%2585dzenie.pdf,dostęp_bezpośredni,f0e4396ec1bd9c401cb29b8359ce92f7f81a7335d7c63fae867be6873f76d32b,200
1602,podlaskie,zambrowski,Rutki,gmina wiejska,2014032,2019,OK,,tekst,https://bip-ugrutki.podlaskie.eu/resource/1882/doc02987620200626144241.pdf,dostęp_bezpośredni,8d01cab99cfebb35d80e730f85b41b40a1c0d6e93be7bd1f050f5106863c0565,200
1603,podlaskie,zambrowski,Rutki,gmina wiejska,2014032,2020,OK,,tekst,https://bip-ugrutki.podlaskie.eu/resource/2188/Raport+o+stanie+Gminy+Rutki+za+2020+rok.pdf,dostęp_bezpośredni,f1e33dfbdd4e2fb362368ad1cd72aede5203c602f6cfe5142433766d63bb5743,200
1604,podlaskie,zambrowski,Rutki,gmina wiejska,2014032,2021,OK,,tekst,https://bip-ugrutki.podlaskie.eu/resource/2519/Raport+o+stanie+Gminy+Rutki+za+2021+rok.pdf,dostęp_bezpośredni,84b3470627ac44185721f079a79d74d34b52ffc1cc1a98aae4d41889cc8e9ef9,200
1605,podlaskie,zambrowski,Rutki,gmina wiejska,2014032,2022,OK,,tekst,https://bip-ugrutki.podlaskie.eu/resource/2713/Raport+.docx,dostęp_bezpośredni,4b67684f9a5e7064c1a8c94beaa83054331fa05d37e89a0567519de0e2bcd554,200
1606,podlaskie,zambrowski,Rutki,gmina wiejska,2014032,2023,OK,,tekst,https://bip-ugrutki.podlaskie.eu/resource/2924/Zarz%25C4%2585dzenie+40+z+2024.pdf,dostęp_bezpośredni,7a4188e891135d83c8171158627eec95ebbd8ada36564a6128906d9d88192ecb,200
1607,podlaskie,zambrowski,Rutki,gmina wiejska,2014032,2024,OK,,tekst,https://bip-ugrutki.podlaskie.eu/resource/3069/Raport+o+stanie+Gminy+Rutki+za+rok+2024.pdf,dostęp_bezpośredni,ed9203db5532d52aef20381d33eb21e18bbce8fc6b5c7ce8c6d567984f2c32f8,200
1608,podlaskie,zambrowski,Rutki,gmina wiejska,2014032,2025,OK,,tekst,https://bip-ugrutki.podlaskie.eu/resource/3259/Raport+o+stanie+Gminy+Rutki+za+rok+2025.pdf,dostęp_bezpośredni,bb92b0764cf217c3ff9ed3200dae23831b01bd2fade7cf17ba1371ac4080440c,200
1609,podlaskie,zambrowski,Szumowo,gmina wiejska,2014042,2018,OK,,tekst,https://bipszumowo.bit-sa.pl/resource/5737/Raport+o+stanie+Gminy+Szumowo+2018,dostęp_bezpośredni,4fc6aeceb2dada767cf941dddfb3c3698e7530919cdd668aaaab88e06f2e336e,200
1610,podlaskie,zambrowski,Szumowo,gmina wiejska,2014042,2019,OK,,tekst,https://bipszumowo.bit-sa.pl/resource/5737/Zarzadzenie+Nr+166-20+raport.docx,dostęp_bezpośredni,2b40a24efb8eed73c864a2481bf296883ad5b1617f8076549ea17a95d0c926a9,200
1611,podlaskie,zambrowski,Szumowo,gmina wiejska,2014042,2020,OK,,tekst,https://bipszumowo.bit-sa.pl/resource/5737/Zarzadzenie+Nr+259-21+raport+za+2020,dostęp_bezpośredni,15136beb1fcecb575ec2d8c81ce43b55cfd4bd9ddacbe9f9eef6e552c5e8e581,200
1612,podlaskie,zambrowski,Szumowo,gmina wiejska,2014042,2021,OK,,tekst,https://bipszumowo.bit-sa.pl/resource/5737/Raport+o+Stanie+Gminy+Szumowo+za+2021+rok,dostęp_bezpośredni,3ef3718161e499c4dd4c4f057e86407ed2eb3f37c1bfe4ac7c6c3502903e53a0,200
1613,podlaskie,zambrowski,Szumowo,gmina wiejska,2014042,2022,OK,,skan,https://bipszumowo.bit-sa.pl/resource/5737/Raport+o+Stanie+Gminy+Szumowo+za+rok+2022,dostęp_bezpośredni,06cb7ebf3c11173d36f5797a6c02aa848fd05418a755a020d58d728549d68789,200
1614,podlaskie,zambrowski,Szumowo,gmina wiejska,2014042,2023,OK,,tekst,https://bipszumowo.bit-sa.pl/resource/4384/Raport+za+2023.pdf,dostęp_bezpośredni,9af696d1e2e866bca36a09c222cb2b4829f580836fe5e1c8c90de8f1642e03f8,200
1615,podlaskie,zambrowski,Szumowo,gmina wiejska,2014042,2024,OK,,tekst,https://www.szumowo.pl/images/stories/2025/raport_o_stanie_gminy_2024/Zarzdzenie_149-25.pdf,dostęp_bezpośredni,b674058967e5d7469cb63c1a399b7c1dc814aaab51e367484ae9eb88e24e7371,200
1616,podlaskie,zambrowski,Szumowo,gmina wiejska,2014042,2025,OK,,tekst,https://www.szumowo.pl/images/stories/2026/ug/raport_2025/druk_-_zgoszenie_do_debaty.doc,dostęp_bezpośredni,c99a8d9d3d17fbca738047a707633e45c026da1d16da835892594cfeb40f9bb6,200
1617,podlaskie,zambrowski,Zambrów,gmina miejska,2014011,2018,OK,pdf,tekst,https://bip.zambrow.pl/pliki/zambrow/zalaczniki/880/raport-2018.pdf,dowód: raporty Miasta Zambrów na bip.zambrow.pl / zambrowiacy.pl (znaleziono 2024) | poprawka: raport 2018 (zał. do zarz. 0050.55.2019); bip.zambrow.pl,74a1696776f94bffac56eeceff7675bd5fac0138b50df0877de2cc0fbf093cd0,zastosowano znalezione/poprawke
1618,podlaskie,zambrowski,Zambrów,gmina miejska,2014011,2019,OK,pdf,tekst,https://bip.zambrow.pl/pliki/zambrow/zalaczniki/968/zarzadzenie-44-zalacznik-raport-2019.pdf,dowód: raporty Miasta Zambrów na bip.zambrow.pl / zambrowiacy.pl (znaleziono 2024) | poprawka: raport 2019 (zał. do zarz. 0050.44.2020); bip.zambrow.pl,3a715cb7db59eb55ec92a0f939bb71bb50ff727baaeb0f45bff4a7d6daf5484c,zastosowano znalezione/poprawke
1619,podlaskie,zambrowski,Zambrów,gmina miejska,2014011,2020,OK,docx,tekst,https://bip.zambrow.pl/pliki/zambrow/zalaczniki/2065/raport-o-stanie-gminy-2020.docx,dowód: raporty Miasta Zambrów na bip.zambrow.pl / zambrowiacy.pl (znaleziono 2024) | poprawka: raport 2020 (zał. do zarz. 0050.44.2021); bip.zambrow.pl,8f17300fcc2a78297b68f196562c4c079e1f7252ad5dbb64441c83798ad0af74,zastosowano znalezione/poprawke
1620,podlaskie,zambrowski,Zambrów,gmina miejska,2014011,2021,OK,,tekst,https://bip.zambrow.pl/pliki/zambrow/zalaczniki/2757/zarzadzenie-55.pdf,"dostęp_bezpośredni (bip.zambrow.pl, zarządzenie+raport)",3462440719610365e4ee21ecc982741bff803a959e3c094a97e34b179b8d2877,200
1621,podlaskie,zambrowski,Zambrów,gmina miejska,2014011,2022,OK,pdf,tekst,https://bip.zambrow.pl/pliki/zambrow/zalaczniki/3506/zarzadzenie-59.pdf,dowód: raporty Miasta Zambrów na bip.zambrow.pl / zambrowiacy.pl (znaleziono 2024) | poprawka: zarz. 0050.59.2023 z raportem za 2022; bip.zambrow.pl,a112735cdab2e997601fa3251bc1e703dc1cd3eef2c05664c4295b8bdb09165c,zastosowano znalezione/poprawke
1622,podlaskie,zambrowski,Zambrów,gmina miejska,2014011,2023,OK,pdf,tekst,https://bip.zambrow.pl/pliki/zambrow/zalaczniki/4445/zarzadzenie-77-2024.pdf,dowód: raporty Miasta Zambrów na bip.zambrow.pl / zambrowiacy.pl (znaleziono 2024) | poprawka: zarz. 0050.77.2024 z raportem za 2023; bip.zambrow.pl,d2fca2a2a08b4f220024e30b61d6fcf896978e5bf25cf148b3fd4823d85cc498,zastosowano znalezione/poprawke
1623,podlaskie,zambrowski,Zambrów,gmina miejska,2014011,2024,OK,,tekst,https://bip.zambrow.pl/pliki/zambrow/zalaczniki/5216/zarzadzenie-59-2025.pdf,dostęp_bezpośredni,1be8aa27a7eceb3486818346a7bec061277b3057d0b9a35ef4db8591f6f27f78,200
1624,podlaskie,zambrowski,Zambrów,gmina miejska,2014011,2025,OK,,tekst,https://zambrowiacy.pl/wp-kontent/uploads/2026/05/zarzadzenie-47-2026.pdf,dostęp_bezpośredni,9081f22ee5719df3fb17ebaa620fb9fe9af62792d3900d0456698b689196297f,200
1625,podlaskie,zambrowski,Zambrów,gmina wiejska,2014052,2018,OK,,tekst,https://fs.siteor.com/ugzambrow/article_attachments/attachments/197891/original/Raport.pdf?1559219763,dostęp_bezpośredni,ac78b08070a77d1f527fbc9d294888967a5efdee08e3c111f6ee1a9cf9616348,200
1626,podlaskie,zambrowski,Zambrów,gmina wiejska,2014052,2019,OK,,tekst,https://fs.siteor.com/ugzambrow/article_attachments/attachments/223867/original/Raport_o_stanie_gminy_Zambr%C3%B3w_za_2019.pdf?1592377835,dostęp_bezpośredni,04f276100538fbfefb6977040ac30bb83e27e0f2c06a4e9bac829f2122f0a252,200
1627,podlaskie,zambrowski,Zambrów,gmina wiejska,2014052,2020,OK,,tekst,https://fs.siteor.com/ugzambrow/article_attachments/attachments/251268/original/Raport_o_stanie_gminy_Zambr%C3%B3w_za_2020_r.pdf?1621844855,dostęp_bezpośredni,eff54f9e7ff041f8631aa5eebcc1a67092cdc079d3f3744f5cafb7b5ed890b2d,200
1628,podlaskie,zambrowski,Zambrów,gmina wiejska,2014052,2021,OK,,tekst,https://fs.siteor.com/ugzambrow/article_attachments/attachments/268625/original/Raport_o_stanie_gminy_Zambr%C3%B3w_za_2021_r_V2.pdf?1653309418,dostęp_bezpośredni,241785b4a904cda44157faffc74f8544b7bcc3e7183198a81d227a4bd5a5a133,200
1629,podlaskie,zambrowski,Zambrów,gmina wiejska,2014052,2022,OK,,tekst,https://fs.siteor.com/ugzambrow/article_attachments/attachments/283743/original/Raport_o_stanie_gminy_Zambr%C3%B3w_za_2022_r_www.pdf?1684992778,dostęp_bezpośredni,c1f89f6ac6e91438652a0a7d3e8c31e48e5ae8d19865cd018ce7b4441be83589,200
1630,podlaskie,zambrowski,Zambrów,gmina wiejska,2014052,2023,OK,,tekst,https://fs.siteor.com/ugzambrow/article_attachments/attachments/295535/original/Raport_o_stanie_gminy_Zambr%C3%B3w_za_2023_r.pdf?1717658898,dostęp_bezpośredni,1f1d774b8ce5842f9bf14a4edd0e16bfb8bb20b6eb456a9f729ab3e3703bf434,200
1631,podlaskie,zambrowski,Zambrów,gmina wiejska,2014052,2024,OK,,tekst,https://fs.siteor.com/ugzambrow/article_attachments/attachments/305371/original/Raport_o_stanie_gminy_Zambr%C3%B3w_za_2024_r.pdf?1747983428,dostęp_bezpośredni,3578b2c81514ab0017e32392594d4c642b6d8c9fda87f6cf6ec09164e87e5986,200
1632,podlaskie,zambrowski,Zambrów,gmina wiejska,2014052,2025,OK,,tekst,https://fs.siteor.com/ugzambrow/article_attachments/attachments/323861/original/Raport_za_2025_rok.pdf?1779450731,dostęp_bezpośredni,9cf2aaafa155fd11d7eb0451337853fee30de13ab6806a7b582c3bbbbd0cfe48,200
1633,podlaskie,łomżyński,Jedwabne,gmina miejsko-wiejska,2007013,2018,OK,,tekst,http://www.jedwabne.powiatlomzynski.pl/download.php?id=6371,dostęp_bezpośredni,0003bc801bc14947852b77b3bf7acc691ceab45d3dbd50f3a246c26a19b30385,200
1634,podlaskie,łomżyński,Jedwabne,gmina miejsko-wiejska,2007013,2019,OK,,tekst,http://www.jedwabne.powiatlomzynski.pl/download.php?id=7274,dostęp_bezpośredni,88a7847c063d05b1b388c6090209d68b520dd599b6e7a9149dd24adf87ecb98a,200
1635,podlaskie,łomżyński,Jedwabne,gmina miejsko-wiejska,2007013,2020,OK,,tekst,http://www.jedwabne.powiatlomzynski.pl/download.php?id=7979,dostęp_bezpośredni,478abb31aede63e4c3100b91570c760b0ea12f22dd5937be8f5dfb7a68fa05e6,200
1636,podlaskie,łomżyński,Jedwabne,gmina miejsko-wiejska,2007013,2021,OK,,tekst,http://www.jedwabne.powiatlomzynski.pl/download.php?id=8656,dostęp_bezpośredni,db934a4e228e61e7c1a0a66bdadc30e97abdab193de2dea0d05901b3842a29ab,200
1637,podlaskie,łomżyński,Jedwabne,gmina miejsko-wiejska,2007013,2022,OK,,tekst,http://www.jedwabne.powiatlomzynski.pl/download.php?id=9194,dostęp_bezpośredni,a3ab0edf011b1f7719be15bfe65cb2ca0f03f21c3f4628bc3fcbb334b79da278,200
1638,podlaskie,łomżyński,Jedwabne,gmina miejsko-wiejska,2007013,2023,OK,,tekst,http://www.jedwabne.powiatlomzynski.pl/download.php?id=9886,dostęp_bezpośredni,17c3524c83560bac8ce973a6c5c6a975480b5c98ceaac73b23d84092df3799ac,200
1639,podlaskie,łomżyński,Jedwabne,gmina miejsko-wiejska,2007013,2024,OK,,tekst,http://www.jedwabne.powiatlomzynski.pl/download.php?id=10569,dostęp_bezpośredni,a89ff4bdcf4c6ce3638bae4b31b2a0ca335d7e573c8049a107f34a8ec6f63b35,200
1640,podlaskie,łomżyński,Jedwabne,gmina miejsko-wiejska,2007013,2025,OK,,tekst,http://www.jedwabne.powiatlomzynski.pl/download.php?id=11195,dostęp_bezpośredni,0df6d29f577887f189b087ca622dfcd9c7874f3a6b285d97115f701446a205d9,200
1641,podlaskie,łomżyński,Miastkowo,gmina wiejska,2007032,2018,BRAK,,brak,brak,dogłębne sprawdzenie (web search + BIP + Wayback + archiwa) - brak dowodu istnienia raportu,,BRAK_URL (niepowstały)
1642,podlaskie,łomżyński,Miastkowo,gmina wiejska,2007032,2019,BRAK,,brak,brak,dogłębne sprawdzenie (web search + BIP + Wayback + archiwa) - brak dowodu istnienia raportu,,BRAK_URL (niepowstały)
1643,podlaskie,łomżyński,Miastkowo,gmina wiejska,2007032,2020,OK,,tekst,https://www.miastkowo.pl/luba/pobierz_plik.php?miejsce=sesje_zalaczniki&nazwa_pliku=ptzzvj75sb76o8y.pdf,dostęp_bezpośredni,0a0c48dca915d46e74e0ec2c3a6afc5f314c78aa655dea1bce4a5992bea94243,200
1644,podlaskie,łomżyński,Miastkowo,gmina wiejska,2007032,2021,OK,,tekst,https://www.miastkowo.pl/bip/index.php?dzial=sesje&id=30,dostęp_bezpośredni,ed57a9aaf5d2902ed785ebb64daaa6286915a6cea7973474561fc11d58b1a9f5,200
1645,podlaskie,łomżyński,Miastkowo,gmina wiejska,2007032,2022,BRAK,,brak,brak,dogłębne sprawdzenie (web search + BIP + Wayback + archiwa) - brak dowodu istnienia raportu,,BRAK_URL (niepowstały)
1646,podlaskie,łomżyński,Miastkowo,gmina wiejska,2007032,2023,OK,,tekst,https://www.miastkowo.pl/luba/pobierz_plik.php?miejsce=sesje_zalaczniki&nazwa_pliku=l95jakh8vxdz36a.pdf,dostęp_bezpośredni,4f474031ddc401eeccb5bef1fc530842e92a72158c15c3238de2dfb055117d3e,200
1647,podlaskie,łomżyński,Miastkowo,gmina wiejska,2007032,2024,OK,,tekst,https://www.miastkowo.pl/art8112-informacja-o-debacie-nad-raportem-o-stanie-gminy-miastkowo-za-2024-rok.html,dostęp_bezpośredni,f27c7103e0807783e0f73977cd7b2c6b3491b8d7687111e1539b3ab9843f6965,200
1648,podlaskie,łomżyński,Miastkowo,gmina wiejska,2007032,2025,BRAK,,brak,brak,dogłębne sprawdzenie (web search + BIP + Wayback + archiwa) - brak dowodu istnienia raportu,,BRAK_URL (niepowstały)
1649,podlaskie,łomżyński,Nowogród,gmina miejsko-wiejska,2007043,2018,OK,,tekst,https://bip-umnowogrod.podlaskie.eu/resource/5242/RAPORT+O+STANIE+GMINY+NOWOGR%25C3%2593D+W+ROKU+2018.docx,dostęp_bezpośredni,3106252a624cd7ab62e91d34254ac34e123a3c0c826fa4cd833edb51ac5e4446,200
1650,podlaskie,łomżyński,Nowogród,gmina miejsko-wiejska,2007043,2019,OK,,tekst,https://bip-umnowogrod.podlaskie.eu/resource/5244/RAPORT+O+STANIE+GMINY+NOWOGR%25C3%2593D+za+2019+rok.docx,dostęp_bezpośredni,d315156c807d421b9107c0fa27c140d89131744d3fad72d807d99647ac2fd030,200
1651,podlaskie,łomżyński,Nowogród,gmina miejsko-wiejska,2007043,2020,OK,,tekst,https://bip-umnowogrod.podlaskie.eu/resource/5980/RAPORT+O+STANIE+GMINY+NOWOGR%25C3%2593D+za+2020+rok.docx,dostęp_bezpośredni,668dee32f9746318e7441f80aa2e40ca285d010586cd88c0c5bf6ba3e3e5f486,200
1652,podlaskie,łomżyński,Nowogród,gmina miejsko-wiejska,2007043,2021,OK,,tekst,https://bip-umnowogrod.podlaskie.eu/resource/6319/RAPORT+O+STANIE+GMINY+NOWOGR%25C3%2593D+za+2021+rok.docx,dostęp_bezpośredni,133769ba70f2ad02e0c2c58b755d075ee87820f064c797ed5465de24dcf34cde,200
1653,podlaskie,łomżyński,Nowogród,gmina miejsko-wiejska,2007043,2022,OK,,tekst,https://bip-umnowogrod.podlaskie.eu/resource/6904/RAPORT+O+STANIE+GMINY+NOWOGR%C3%93D+za+2022+rok.docx,dostęp_bezpośredni,deb91c46be3a834f4cba53a677b4a1e956be950acbf42228abca8f85c1af1903,200
1654,podlaskie,łomżyński,Nowogród,gmina miejsko-wiejska,2007043,2023,OK,,tekst,https://bip-umnowogrod.podlaskie.eu/resource/7485/RAPORT+O+STANIE+GMINY+NOWOGR%25C3%2593D+za+2023+rok.docx,dostęp_bezpośredni,d4c49b7604e147528122988cf59f078ed0713d1c28c3db3acb5ca77532368977,200
1655,podlaskie,łomżyński,Nowogród,gmina miejsko-wiejska,2007043,2024,OK,,tekst,https://bip-umnowogrod.podlaskie.eu/resource/7932/RAPORT+O+STANIE+GMINY+NOWOGR%25C3%2593D+za+2024+rok.docx,dostęp_bezpośredni,ec8c75a74b3fd476b128bb86a2a53d683d6ce98e13e7d6c7805b1c4435908f4e,200
1656,podlaskie,łomżyński,Nowogród,gmina miejsko-wiejska,2007043,2025,OK,,tekst,https://bip-umnowogrod.podlaskie.eu/resource/8393/RAPORT+O+STANIE+GMINY+NOWOGR%25C3%2593D+za+2025+rok.docx,dostęp_bezpośredni,8e4b4454d4f2f77c8275ba5c84e06ff756fd0426dab9f3528c402a0b32ea5924,200
1657,podlaskie,łomżyński,Piątnica,gmina wiejska,2007052,2018,OK,,tekst,https://gminapiatnica.pl/wp-content/uploads/2022/01/Raport-o-stanie-samorzadu-za-rok-2018.pdf,dostęp_bezpośredni,f6a8e36e781208723a767a344a2f4d0d6880a16d6e9f506c7f5112ffdf5d5ef3,200
1658,podlaskie,łomżyński,Piątnica,gmina wiejska,2007052,2019,OK,,tekst,https://gminapiatnica.pl/wp-content/uploads/2022/01/Raport-o-stanie-gminy-za-rok-2019-V2.pdf,dostęp_bezpośredni,cbefd7a7966ca33e872e4369c8273d159ee9440849300189734917dc2c3ada03,200
1659,podlaskie,łomżyński,Piątnica,gmina wiejska,2007052,2020,OK,,tekst,https://gminapiatnica.pl/wp-content/uploads/2022/01/Raport-o-stanie-Gminy-Piatnica-za-2020-rok1.pdf,dostęp_bezpośredni,c912eedd0ddb40856e3e03fb613a11c5f20f1d26a014ee9f78f2d720a32985b2,200
1660,podlaskie,łomżyński,Piątnica,gmina wiejska,2007052,2021,OK,,tekst,https://gminapiatnica.pl/wp-content/uploads/2022/06/Raport-o-stanie-gminy-za-2021-rok-1-1.pdf,dostęp_bezpośredni,852cbf13b770b49b207ee1028518beb7cc55c26ef15cd270a8f9960741ed1766,200
1661,podlaskie,łomżyński,Piątnica,gmina wiejska,2007052,2022,OK,,tekst,https://gminapiatnica.pl/wp-content/uploads/2023/05/Raport-o-stanie-Gminy-Piatnica-za-rok-2022.pdf,dostęp_bezpośredni,e7b672dcebec2d5c2541016199c9ac3f282ee81604f986dc6a8a36c43982e441,200
1662,podlaskie,łomżyński,Piątnica,gmina wiejska,2007052,2023,OK,,tekst,https://gminapiatnica.pl/wp-content/uploads/2025/06/Raport-o-stanie-Gminy-Piatnica-za-2023-rok.pdf,dostęp_bezpośredni,42abdb8a256f51259c51041682c3be302a979fd38a4c7f8c36d46f9d05336f14,200
1663,podlaskie,łomżyński,Piątnica,gmina wiejska,2007052,2024,OK,,tekst,https://gminapiatnica.pl/wp-content/uploads/2025/06/RAPORT-O-STANIE-GMINY-za-2024.BES_.pdf,dostęp_bezpośredni,9f9d8020282444486d1fdd05d38d53d2361ce80fb0ce0be897a770381af73ea4,200
1664,podlaskie,łomżyński,Piątnica,gmina wiejska,2007052,2025,OK,,tekst,https://gminapiatnica.pl/wp-content/uploads/2026/06/Raport-o-stanie-Gminy-2025-rok.BES_.pdf,dostęp_bezpośredni,c3f017e1a2367603c479914a158e0c4f21cb283ef215aca4d8ae71ed5c92aeff,200
1665,podlaskie,łomżyński,Przytuły,gmina wiejska,2007062,2018,OK,,tekst,http://przytuly.powiatlomzynski.pl/bip/download.php?id=2305,dostęp_bezpośredni,2c466877773fb6f706e2e5c8bb47db5183dc36f9f6a295c86adc04dd392ceba3,200
1666,podlaskie,łomżyński,Przytuły,gmina wiejska,2007062,2019,OK,,tekst,http://przytuly.powiatlomzynski.pl/bip/download.php?id=2594,dostęp_bezpośredni,6427b6cf743590e21553a9619679af0c48f05aa356c3974ef56c6135a7fc7cdd,200
1667,podlaskie,łomżyński,Przytuły,gmina wiejska,2007062,2020,OK,,tekst,http://przytuly.powiatlomzynski.pl/bip/download.php?id=2842,dostęp_bezpośredni,4cae65c84cac56ca8cad137b739e65efc666c11f238ca280736861a873f69a75,200
1668,podlaskie,łomżyński,Przytuły,gmina wiejska,2007062,2021,OK,,tekst,http://przytuly.powiatlomzynski.pl/bip/download.php?id=3015,dostęp_bezpośredni,fb4e06efb2cb55de41a71e365783eb47b91896c1a1f06c7bc749b5bfd3229439,200
1669,podlaskie,łomżyński,Przytuły,gmina wiejska,2007062,2022,BRAK,,brak,brak,dogłębne sprawdzenie - brak dowodu istnienia,,BRAK_URL (niepowstały)
1670,podlaskie,łomżyński,Przytuły,gmina wiejska,2007062,2023,OK,,tekst,http://przytuly.powiatlomzynski.pl/bip/download.php?id=3338,dostęp_bezpośredni,7e34337eed6adea4a12a513d99a5d4e70f81c4fc1dd69eec312aa8c1d2003b92,200
1671,podlaskie,łomżyński,Przytuły,gmina wiejska,2007062,2024,OK,,tekst,http://przytuly.powiatlomzynski.pl/bip/download.php?id=3798,dostęp_bezpośredni,25eb009b8fb9ac9f15b974919662bea945b0222bfe438cf3d3016fed46452ec1,200
1672,podlaskie,łomżyński,Przytuły,gmina wiejska,2007062,2025,OK,,tekst,http://przytuly.powiatlomzynski.pl/bip/download.php?id=3797,dostęp_bezpośredni,be090ccecfb0c90416de860e58448459a1b670248dbc1219839c9483acb0bd81,200
1673,podlaskie,łomżyński,Wizna,gmina wiejska,2007082,2018,OK,,tekst,https://www.bip.wizna.pl/download.php?id=4939,dostęp_bezpośredni,ebb96ab4c466f1673981e9c7a6e78e65117a3e9745f615723c0f68e06dd6a338,200
1674,podlaskie,łomżyński,Wizna,gmina wiejska,2007082,2019,OK,,tekst,https://www.bip.wizna.pl/download.php?id=5362,dostęp_bezpośredni,3a26202d669d8f9b33f9564467423c46b5be45e429ccc8ae2f29dc64379fb2c9,200
1675,podlaskie,łomżyński,Wizna,gmina wiejska,2007082,2020,BRAK,,brak,brak,dogłębne sprawdzenie (web search + BIP + Wayback) - brak dowodu istnienia,,BRAK_URL (niepowstały)
1676,podlaskie,łomżyński,Wizna,gmina wiejska,2007082,2021,BRAK,,brak,brak,dogłębne sprawdzenie (web search + BIP + Wayback) - brak dowodu istnienia,,BRAK_URL (niepowstały)
1677,podlaskie,łomżyński,Wizna,gmina wiejska,2007082,2022,BRAK,,brak,brak,dogłębne sprawdzenie (web search + BIP + Wayback) - brak dowodu istnienia,,BRAK_URL (niepowstały)
1678,podlaskie,łomżyński,Wizna,gmina wiejska,2007082,2023,OK,,tekst,https://wizna.esesja.pl/zalaczniki/299445/raport-gmina-wizna-za-2023_2832468.pdf,dostęp_bezpośredni,e2dbb541259064674ed7ce3f7397f733b1845b150f4746d62a3349695a83ca79,200
1679,podlaskie,łomżyński,Wizna,gmina wiejska,2007082,2024,BRAK,,brak,brak,dogłębne sprawdzenie (web search + BIP + Wayback) - brak dowodu istnienia,,BRAK_URL (niepowstały)
1680,podlaskie,łomżyński,Wizna,gmina wiejska,2007082,2025,BRAK,,brak,brak,dogłębne sprawdzenie (web search + BIP + Wayback) - brak dowodu istnienia,,BRAK_URL (niepowstały)
1681,podlaskie,łomżyński,Zbójna,gmina wiejska,2007092,2018,BRAK,,brak,brak,dogłębne sprawdzenie - brak dowodu istnienia,,BRAK_URL (niepowstały)
1682,podlaskie,łomżyński,Zbójna,gmina wiejska,2007092,2019,OK,,tekst,https://zbojna.powiatlomzynski.pl/bip/download.php?id=2171,dostęp_bezpośredni (wył. weryf. SSL),02e0c9a0518cd9e43982343163246042da6ca137825c68eabb7f2e2e0a6f65f6,200 (po wył. weryf. SSL)
1683,podlaskie,łomżyński,Zbójna,gmina wiejska,2007092,2020,OK,,tekst,https://zbojna.powiatlomzynski.pl/bip/download.php?id=2306,dostęp_bezpośredni (wył. weryf. SSL),40b32651ad9ae62ff3208ca0f59b4157a84fcfe5dd87ee1e4e3abd702c565a0b,200 (po wył. weryf. SSL)
1684,podlaskie,łomżyński,Zbójna,gmina wiejska,2007092,2021,OK,,tekst,https://zbojna.powiatlomzynski.pl/bip/download.php?id=2709,dostęp_bezpośredni (wył. weryf. SSL),5e09aee7cb75eee7323e41ff0d429c57b0435af24cdddd5930fbc997d5b36b8a,200 (po wył. weryf. SSL)
1685,podlaskie,łomżyński,Zbójna,gmina wiejska,2007092,2022,OK,,tekst,https://zbojna.powiatlomzynski.pl/bip/download.php?id=2892,dostęp_bezpośredni (wył. weryf. SSL),5d29740be6a7d68dc1c930964e6eb90771d0c3141feeacef5cf59ed020121384,200 (po wył. weryf. SSL)
1686,podlaskie,łomżyński,Zbójna,gmina wiejska,2007092,2023,OK,,tekst,https://zbojna.powiatlomzynski.pl/bip/download.php?id=3143,dostęp_bezpośredni (wył. weryf. SSL),148a0b14ce11794a55b33b47fc1526cef0430f45c36739e67705a8b84be07760,200 (po wył. weryf. SSL)
1687,podlaskie,łomżyński,Zbójna,gmina wiejska,2007092,2024,OK,,tekst,https://zbojna.powiatlomzynski.pl/bip/download.php?id=3343,dostęp_bezpośredni (wył. weryf. SSL),d3ffaff6da8793a0b70e540808408b2f1de2456d5ae66eef2c6c8990d177e947,200 (po wył. weryf. SSL)
1688,podlaskie,łomżyński,Zbójna,gmina wiejska,2007092,2025,OK,,tekst,https://zbojna.powiatlomzynski.pl/bip/download.php?id=3553,dostęp_bezpośredni (wył. weryf. SSL),eb8b48159bd4463d2686114d49a3367d05168f4c0a72aa26e593dd9f9fd058f3,200 (po wył. weryf. SSL)
1689,podlaskie,łomżyński,Łomża,gmina wiejska,2007022,2018,OK,,tekst,https://www.gminalomza.pl/bip/download.php?id=12065,dostęp_bezpośredni,2ac4ad26c77821c57ac0b6b696b36ae1dd076f10f4ae4e9ba3fd6a83de82e476,200
1690,podlaskie,łomżyński,Łomża,gmina wiejska,2007022,2019,OK,,tekst,https://www.gminalomza.pl/bip/download.php?id=12515,dostęp_bezpośredni,ad258651b8430f0b3ef6026d822fe336ba7984b756e1b1399033a244cd968471,200
1691,podlaskie,łomżyński,Łomża,gmina wiejska,2007022,2020,OK,,tekst,https://www.gminalomza.pl/bip/download.php?id=12996,dostęp_bezpośredni,0390f53ad7025a9fe1300225e4daf0bef9633b8e8b63df61ecabf0e95017738c,200
1692,podlaskie,łomżyński,Łomża,gmina wiejska,2007022,2021,OK,,tekst,https://www.gminalomza.pl/bip/download.php?id=13941,dostęp_bezpośredni,af0a5f49c94e32e3e0671515e4e91525a12f72c599f7183b346c3f3f331183fd,200
1693,podlaskie,łomżyński,Łomża,gmina wiejska,2007022,2022,OK,,tekst,https://www.gminalomza.pl/bip/download.php?id=15017,dostęp_bezpośredni,508c9f561078641678862403e8fd602ae000f28888a999c97019358bff177432,200
1694,podlaskie,łomżyński,Łomża,gmina wiejska,2007022,2023,OK,,tekst,https://www.gminalomza.pl/bip/download.php?id=16139,dostęp_bezpośredni,c7ae970bf4be18ee7ba43b7b1ef19c63efae8e107247eacf6d5f4ad2794dcb1b,200
1695,podlaskie,łomżyński,Łomża,gmina wiejska,2007022,2024,OK,,tekst,https://www.gminalomza.pl/bip/download.php?id=17726,dostęp_bezpośredni,466cc03693293cfa31f13bf034c1d882b01ec686f51230e1c5a93bccdcb0473c,200
1696,podlaskie,łomżyński,Łomża,gmina wiejska,2007022,2025,OK,,tekst,https://www.gminalomza.pl/bip/download.php?id=20031,dostęp_bezpośredni,977e12292a7d6940b0d95134ae6c54a06a66eee876ef39884511c00e6c90cda1,200
1697,podlaskie,łomżyński,Śniadowo,gmina wiejska,2007072,2018,BRAK,,brak,brak,dogłębne sprawdzenie - brak dowodu istnienia,,BRAK_URL (niepowstały)
1698,podlaskie,łomżyński,Śniadowo,gmina wiejska,2007072,2019,OK,,tekst,http://www.sniadowo.pl/bip/download.php?id=6482,dostęp_bezpośredni,70fa0ada5ac0d7f1b6d54ede56fe0251c203c7cb1d3bfbc9005a57b8bba2a4cb,200
1699,podlaskie,łomżyński,Śniadowo,gmina wiejska,2007072,2020,OK,,tekst,http://www.sniadowo.pl/bip/download.php?id=7124,dostęp_bezpośredni,5ac32b81da9ccc1f7dc56d293a6b37daace3e15f19c5868c854dc54912eb0394,200
1700,podlaskie,łomżyński,Śniadowo,gmina wiejska,2007072,2021,OK,,tekst,http://www.sniadowo.pl/bip/download.php?id=7562,dostęp_bezpośredni,9f21aa2d409429096d4d72f0d726f3556eed212e0614cb5471499f3a98d45571,200
1701,podlaskie,łomżyński,Śniadowo,gmina wiejska,2007072,2022,OK,,tekst,http://www.sniadowo.pl/bip/download.php?id=7928,dostęp_bezpośredni,2667013f19e778f6ae08261c8296a0cd932f910bd281f2eec3ff6bbbfc280f0d,200
1702,podlaskie,łomżyński,Śniadowo,gmina wiejska,2007072,2023,OK,,tekst,http://www.sniadowo.pl/bip/download.php?id=8431,dostęp_bezpośredni,9943d893aa7289989b3834c3d6117f1287e532bdbbf0c848286e195305f869ce,200
1703,podlaskie,łomżyński,Śniadowo,gmina wiejska,2007072,2024,OK,,tekst,http://www.sniadowo.pl/bip/download.php?id=9094,dostęp_bezpośredni,6c502ed0e31bff9e47042db1834e5cc4d2aaf5b94d944c017501d83bd78c3207,200
1704,podlaskie,łomżyński,Śniadowo,gmina wiejska,2007072,2025,OK,,tekst,http://www.sniadowo.pl/bip/download.php?id=9225,dostęp_bezpośredni,08da476f20c9b24cdd993ff97ebb1d1be5e27b786ce9c98f52b1633b39136f55,200
1705,warmińsko-mazurskie,działdowski,Iłowo-Osada,gmina wiejska,2803032,2018,OK,,tekst,https://biuletyn.net/ilowo-osada/fls/bip_pliki/2019_05/BIPF58A1A5C351275Z/Raport_o_stanie_gminy__do_publikacji_na_BIP.pdf,dostęp_bezpośredni,d8531a948cac92286e00183a75b75cea1d888a164cfc320e509c5a5bbc02821f,200
1706,warmińsko-mazurskie,działdowski,Iłowo-Osada,gmina wiejska,2803032,2019,OK,,tekst,https://ilowo-osada.biuletyn.net/fls/bip_pliki/2020_06/BIPF5A7295C4CA2AAZ/Z_38_2020.pdf,dostęp_bezpośredni,760898bcf4aa03bf02f16e04ad47a69543ab16d151f50d15d83fee0ff1ed8eb8,200
1707,warmińsko-mazurskie,działdowski,Iłowo-Osada,gmina wiejska,2803032,2020,OK,,tekst,https://ilowo-osada.biuletyn.net/fls/bip_pliki/2021_06/BIPF5C3C7FD8D0285Z/Raport_nowy_o_stanie_gminy_2020_do_druku.pdf,dostęp_bezpośredni,1c1b5f37d1a5afffa4b7562c777ab9fc84431ba2b8001486d55b1ebad29d4d23,200
1708,warmińsko-mazurskie,działdowski,Iłowo-Osada,gmina wiejska,2803032,2021,OK,,tekst,https://ilowo-osada.biuletyn.net/fls/bip_pliki/2022_06/BIPF5E076899693B6Z/Raport_o_stanie_gminy_za_2021_rok.pdf,dostęp_bezpośredni,f2733d399bacc00d4056dda3a913eb7cffc7762595657a9ed9ef367c3eb62e11,200
1709,warmińsko-mazurskie,działdowski,Iłowo-Osada,gmina wiejska,2803032,2022,OK,,tekst,https://ilowo-osada.biuletyn.net/fls/bip_pliki/2023_06/BIPF5FD0F53B71256Z/Raport_o_stanie_gminy_za_2022_rok.pdf,dostęp_bezpośredni,bdaea00a79ec3c47c58544c1987d81359e3b76179fca0520d7fa553eddc0abe9,200
1710,warmińsko-mazurskie,działdowski,Iłowo-Osada,gmina wiejska,2803032,2023,OK,,tekst,https://ilowo-osada.biuletyn.net/fls/bip_pliki/2024_06/BIPF61A3E0FE40CABZ/Raport_o_stanie_gminy_za_2023_rok..pdf,dostęp_bezpośredni,9555459e1113608a18b70184435510a1e6d77c7010b7aba80e03d64a79f52305,200
1711,warmińsko-mazurskie,działdowski,Iłowo-Osada,gmina wiejska,2803032,2024,OK,,tekst,https://biuletyn.net/ilowo-osada/fls/bip_pliki/2025_06/BIPF636D0DCB87C1AZ/Raport_o_stanie_Gminy_Ilowo-Osada_za_2024_.pdf,dostęp_bezpośredni,33fea99731a32c4b4e11782db4c1ba77dd77273e56979821b46d9854046b919a,200
1712,warmińsko-mazurskie,działdowski,Iłowo-Osada,gmina wiejska,2803032,2025,OK,,tekst,https://ilowo-osada.biuletyn.net/fls/bip_pliki/2026_05/BIPF6529FA811E399Z/Raport_o_stanie_Gminy_Ilowo-Osada_za_2025.pdf,dostęp_bezpośredni,0be121e96b612ffaad481dfd3311b9ecf79ef41ba0c381a1f98504307c0f6825,200
1713,warmińsko-mazurskie,ełcki,Ełk,gmina miejska,2805011,2018,OK,,tekst,https://bip.elk.warmia.mazury.pl/system/pobierz.php?plik=Raport_o_stanie_Gminy_Miasta_Elk_za_2018_r..pdf&id=ca9ea922ae881c750a3b9fe0a7939b48&stats=true,dostęp_bezpośredni,0a60d25fdf96f798990cb1f28e066d064491ec5e78a2d6bb1ec106aaa3de79a1,200
1714,warmińsko-mazurskie,ełcki,Ełk,gmina miejska,2805011,2019,OK,,tekst,https://bip.elk.warmia.mazury.pl/system/pobierz.php?plik=Raport_o_stanie_miasta_Elk_2019_24.06.2020_OSTATECZNY_wersja_na_BIP.pdf&id=a2b24afb93212802192e799b2cfdfd7e&stats=true,dostęp_bezpośredni,c9ba5111a6d0282b27cbbb14b8bed32dd28c49c84da3782039eb48aac207260e,200
1715,warmińsko-mazurskie,ełcki,Ełk,gmina miejska,2805011,2020,OK,,tekst,https://bip.elk.warmia.mazury.pl/system/pobierz.php?plik=Raport_o_stanie_miasta_Elk_2020_ver.5_PRZEKAZANY_RADZIE_MIASTA.pdf&id=e57ca01ec7559667639c8931d0ad0cef&stats=true,dostęp_bezpośredni,7623a70c320e12e80a21733069298438afcab4a32cf683b5bfd6f2d7eb8ebf7c,200
1716,warmińsko-mazurskie,ełcki,Ełk,gmina miejska,2805011,2021,OK,,tekst,https://bip.elk.warmia.mazury.pl/system/pobierz.php?plik=Raport_o_stanie_miasta_Elk_2021_31.05.2022r..pdf&id=6848c7b87bf965f7e634426077ff6bb4&stats=true,dostęp_bezpośredni,90f7e3d430db1b0af87849c26b816afb23ab547609cc4155e12c4293295fa3e6,200
1717,warmińsko-mazurskie,ełcki,Ełk,gmina miejska,2805011,2022,OK,,tekst,https://bip.elk.warmia.mazury.pl/system/pobierz.php?plik=Raport_o_stanie_miasta_Elk_2022_31.05.2023.pdf&id=f3449300bbc83a4e643202bc6ef2e3e5&stats=true,dostęp_bezpośredni,32e00df896c4c4a2e07d3f57a6fe4ab94ec125856b074216dc7e4ac4ab48b473,200
1718,warmińsko-mazurskie,ełcki,Ełk,gmina miejska,2805011,2023,OK,,tekst,https://bip.elk.warmia.mazury.pl/system/pobierz.php?plik=Raport_o_stanie_miasta_Elk_2023_31.05.2024__28FINAL_29.pdf&id=f004324d0a0d5baabfb7bd28905604d1&stats=true,dostęp_bezpośredni,50a4d055763365888cec64f0ac44391de066818ef4b46ba633175923ef9dcb2e,200
1719,warmińsko-mazurskie,ełcki,Ełk,gmina miejska,2805011,2024,OK,,tekst,https://bip.elk.warmia.mazury.pl/system/pobierz.php?plik=Raport_o_stanie_miasta_Elk_2024_29.05.2025_FINAL.pdf&id=5256a82b4f6c95f0719a61f5b1d2203d&stats=true,dostęp_bezpośredni,8c3c4614ebef28fe7f56f8087e4b7f627295803eddfa6cfb170eda2fcd7eab31,200
1720,warmińsko-mazurskie,ełcki,Ełk,gmina miejska,2805011,2025,OK,,tekst,https://bip.elk.warmia.mazury.pl/system/pobierz.php?plik=Raport_o_stanie_miasta_Elk_28.04.2026.pdf&id=1f8358914eafffd8665faf08ba73c9ec&stats=true,dostęp_bezpośredni,8dce3d9f98c127ce47ff73100b1b806846a6042ec27be2d80bcec4538ca692d1,200
1721,warmińsko-mazurskie,ełcki,Ełk,gmina wiejska,2805022,2018,OK,,tekst,https://archiwum.bip.elk.gmina.pl/Za%25C5%2582%25C4%2585cznik%2Bdo%2Bzarz%25C4%2585dzenia%2Bnr%2B126_2019%2B-%2BRaport%2Bo%2Bstanie%2BGminy%2BE%25C5%2582k%2Bza%2B2018%2Brok-1.pdf?id=473410,dostęp_bezpośredni,7722a3ca38d018ffd7efa6f3cde0716ed40b3b005d703a4993c751454f1af8b0,200
1722,warmińsko-mazurskie,ełcki,Ełk,gmina wiejska,2805022,2019,OK,,skan,https://archiwum.bip.elk.gmina.pl/Raport%2Bo%2Bstanie%2BGminy%2B2019-1.pdf?id=504124,dostęp_bezpośredni,a19a31cd0e19f412cab3d1656d6c52f234be07277b36d019e5ca9efa150571f8,200
1723,warmińsko-mazurskie,ełcki,Ełk,gmina wiejska,2805022,2020,OK,,tekst,https://archiwum.bip.elk.gmina.pl/Raport_Gminy_Elk_za_2020-1.pdf?id=532064,dostęp_bezpośredni,ba6eaf4e333046596bd5806982f23648289b83fb11b0bbd6a16f65348b335fe6,200
1724,warmińsko-mazurskie,ełcki,Ełk,gmina wiejska,2805022,2021,OK,,tekst,https://bip.elk.gmina.pl/files/file_add/download/564_raportgminyelkzarok2021.pdf,dostęp_bezpośredni,08988ef4325d9a2b47817d336f3caccd538c564978d56f2101943bb37d8c4ed1,200
1725,warmińsko-mazurskie,ełcki,Ełk,gmina wiejska,2805022,2022,OK,,tekst,https://elk.gmina.pl/files/image/Gminny_Dzie%C5%84_Dziecka_2023/Raport_Gminy_Elk_za_2022.pdf,dostęp_bezpośredni,9ff07b1ea3961563a15b13ddbbf0b4afcb5756757e3b0fc69bdbfafda85ae4ba,200
1726,warmińsko-mazurskie,ełcki,Ełk,gmina wiejska,2805022,2023,OK,,tekst,https://bip.elk.gmina.pl/files/file_add/download/6351_raportgminyelkzarok2023.pdf,dostęp_bezpośredni,140b75af19d36f21a79224866f3d68f94aeb3ae0d7ab7d514f64ff10ea93bfcf,200
1727,warmińsko-mazurskie,ełcki,Ełk,gmina wiejska,2805022,2024,OK,,tekst,https://elk.gmina.pl/files/image/RAPORT%20O%20STANIE%20GMINY%20E%C5%81K%20ZA%202024%20ROK%20.pdf,dostęp_bezpośredni,58ecf061a57bd1139e1f6cbe4a96a0dbd7eb75ea87ee7403ba5b3e6de5c28161,200
1728,warmińsko-mazurskie,ełcki,Ełk,gmina wiejska,2805022,2025,OK,,tekst,https://bip.elk.gmina.pl/files/file_add/download/12364_zarzadzenie8420262026-05-25.pdf,dostęp_bezpośredni,b21034274832fc6497115a2bba1c704192e860914463c6aa68d1b82449d3a676,200
1729,warmińsko-mazurskie,ełcki,Kalinowo,gmina wiejska,2805032,2018,OK,,tekst,https://bip.kalinowo.pl/public/get_file.php?id=474802,dostęp_bezpośredni (wył. weryf. SSL),8eadde7f676597200e0151b7eb42a68f6dd8faad6da2786c5a71d6de491a8ddb,200 (po wył. weryf. SSL)
1730,warmińsko-mazurskie,ełcki,Kalinowo,gmina wiejska,2805032,2019,OK,,tekst,https://bip.kalinowo.pl/public/get_file.php?id=504542,dostęp_bezpośredni (wył. weryf. SSL),30c027d53b7adb938f9699f8a40def088e3699ca3efaa9cd7750867da1eab2b8,200 (po wył. weryf. SSL)
1731,warmińsko-mazurskie,ełcki,Kalinowo,gmina wiejska,2805032,2020,OK,,tekst,https://bip.kalinowo.pl/public/get_file.php?id=532110,dostęp_bezpośredni (wył. weryf. SSL),7ca3f192c4b051f3150cd612c5de4858cf7b32f5061d2e7532ce05dec27c3358,200 (po wył. weryf. SSL)
1732,warmińsko-mazurskie,ełcki,Kalinowo,gmina wiejska,2805032,2021,OK,,tekst,https://bip.kalinowo.pl/public/get_file.php?id=554038,dostęp_bezpośredni (wył. weryf. SSL),5287e291b459b9f51ee1562779fd4692897a5831a7277fef20286b834e2c8e0f,200 (po wył. weryf. SSL)
1733,warmińsko-mazurskie,ełcki,Kalinowo,gmina wiejska,2805032,2022,OK,,tekst,https://bip.kalinowo.pl/public/get_file.php?id=572229,dostęp_bezpośredni (wył. weryf. SSL),597d3b358381155b39d3083e39a0e0e7065a48ff66be1878018e1950543fc38f,200 (po wył. weryf. SSL)
1734,warmińsko-mazurskie,ełcki,Kalinowo,gmina wiejska,2805032,2023,OK,,tekst,https://bip.kalinowo.pl/public/get_file.php?id=589672,dostęp_bezpośredni (wył. weryf. SSL),588c7c20f9a4b0bc711534e7b21192957565182912c90aeff49d9a46a8e34149,200 (po wył. weryf. SSL)
1735,warmińsko-mazurskie,ełcki,Kalinowo,gmina wiejska,2805032,2024,OK,,tekst,https://bip.kalinowo.pl/public/get_file.php?id=608228,dostęp_bezpośredni (wył. weryf. SSL),3af77da24de68ec82ef8ca094fb2836cb96e6574d9d5def2fe5da233f792e956,200 (po wył. weryf. SSL)
1736,warmińsko-mazurskie,ełcki,Kalinowo,gmina wiejska,2805032,2025,OK,,tekst,https://bip.kalinowo.pl/public/get_file.php?id=623211,dostęp_bezpośredni (wył. weryf. SSL),1c89648eecb059d3b77f39bd09c913c8e52fd4305f81329240ab5fce25b64c1b,200 (po wył. weryf. SSL)
1737,warmińsko-mazurskie,ełcki,Prostki,gmina wiejska,2805042,2018,OK,,tekst,https://bip-v1-files.idcom-jst.pl/sites/47150/wiadomosci/474999/files/raport_o_stanie_gminy_za_2018_r.pdf,dostęp_bezpośredni,bd5d5e3e86af2995340e57bd3f159ede9aeff669790687b59271f615b924e1a4,200
1738,warmińsko-mazurskie,ełcki,Prostki,gmina wiejska,2805042,2019,OK,,tekst,https://bip-v1-files.idcom-jst.pl/sites/47150/wiadomosci/522517/files/raport_o_stanie_gminy_za_2019_r.pdf,dostęp_bezpośredni,7efc8dcdf93ae2557d5fb2f49836c21635e59ac1169f2e4f4515fe35ea729543,200
1739,warmińsko-mazurskie,ełcki,Prostki,gmina wiejska,2805042,2020,OK,,tekst,https://bip-v1-files.idcom-jst.pl/sites/47150/wiadomosci/575956/files/raport_o_stanie_gminy_za_2020_r.pdf,dostęp_bezpośredni,5628857cbcbdc084b3186bedb7d7c4cdd05e5c6ab428622c6137df2eb4497b19,200
1740,warmińsko-mazurskie,ełcki,Prostki,gmina wiejska,2805042,2021,OK,,tekst,https://bip-v1-files.idcom-jst.pl/sites/47150/wiadomosci/635236/files/raport_o_stanie_gminy_za_2021_r..pdf,dostęp_bezpośredni,3c9a29644520c0fbc74efc76020fab3a110df72d25c319c11520cf7d8cadac13,200
1741,warmińsko-mazurskie,ełcki,Prostki,gmina wiejska,2805042,2022,OK,,tekst,https://bip-v1-files.idcom-jst.pl/sites/47150/wiadomosci/691209/files/raport_o_stanie_gminy_za_2022_r.pdf,dostęp_bezpośredni,15e183f3cc6c9fbb942336b69cf606c84f97b8a70fc73f35eb556f6c1c5d9c1d,200
1742,warmińsko-mazurskie,ełcki,Prostki,gmina wiejska,2805042,2023,OK,,tekst,https://bip-v1-files.idcom-jst.pl/sites/47150/wiadomosci/760188/files/raport_o_stanie_gminy_za_2023_r.pdf,dostęp_bezpośredni,1a724c6bdb4e61545511a4caedb378737512da5b839b7c87fdd26dc4145c2309,200
1743,warmińsko-mazurskie,ełcki,Prostki,gmina wiejska,2805042,2024,OK,,tekst,https://bip-v1-files.idcom-jst.pl/sites/47150/wiadomosci/826622/files/raport_o_stanie_gminy_za_2024_r..pdf,dostęp_bezpośredni,cc2665e7244c426737d7501895bbc422c9c4a92bb18fc682100e927537baf4d8,200
1744,warmińsko-mazurskie,ełcki,Prostki,gmina wiejska,2805042,2025,OK,,tekst,https://bip-v1-files.idcom-jst.pl/sites/47150/wiadomosci/887327/files/raport_o_stanie_gminy_za_2025_r..pdf,dostęp_bezpośredni,50bd4baca1f71a52a6c02137d7367ba81d1249cfb4a428df32e2fcb002056f2c,200
1745,warmińsko-mazurskie,ełcki,Stare Juchy,gmina wiejska,2805052,2018,OK,,tekst,https://stare-juchy.bipgminy.pl/public/getFile?id=472809,dostęp_bezpośredni (wył. weryf. SSL),c864171800e314eae0dc09a656615b0f2e8ca16b181bb65fb66305c975eff6e9,200 (po wył. weryf. SSL)
1746,warmińsko-mazurskie,ełcki,Stare Juchy,gmina wiejska,2805052,2019,OK,,tekst,https://stare-juchy.bipgminy.pl/public/getFile?id=504881,dostęp_bezpośredni (wył. weryf. SSL),ad4ed46673045aa806adb34d8f30df7a83691f159f907639a9b52be902922352,200 (po wył. weryf. SSL)
1747,warmińsko-mazurskie,ełcki,Stare Juchy,gmina wiejska,2805052,2020,OK,,tekst,https://stare-juchy.bipgminy.pl/public/getFile?id=532192,dostęp_bezpośredni (wył. weryf. SSL),72c773e69c4ea7713ad6b6b950bd2776533dee03fc74729c2b378bc21db80b8c,200 (po wył. weryf. SSL)
1748,warmińsko-mazurskie,ełcki,Stare Juchy,gmina wiejska,2805052,2021,OK,,tekst,https://stare-juchy.bipgminy.pl/public/getFile?id=554151,dostęp_bezpośredni (wył. weryf. SSL),8132f78fb3be0fa5cbaba13af86ba424f0e6e62f1dec6a80039c655af2f8994a,200 (po wył. weryf. SSL)
1749,warmińsko-mazurskie,ełcki,Stare Juchy,gmina wiejska,2805052,2022,OK,,tekst,https://stare-juchy.bipgminy.pl/public/getFile?id=572363,dostęp_bezpośredni (wył. weryf. SSL),6262a0c077901750db6dc5ac2b7a084f35a7095ea62f9976ccfbca6faf357253,200 (po wył. weryf. SSL)
1750,warmińsko-mazurskie,ełcki,Stare Juchy,gmina wiejska,2805052,2023,OK,,tekst,https://stare-juchy.bipgminy.pl/public/getFile?id=589501,dostęp_bezpośredni (wył. weryf. SSL),5912838bff2fb5ebb4666d24dba7bad90f3d6e0757bcaa88affbeaf2e5623d85,200 (po wył. weryf. SSL)
1751,warmińsko-mazurskie,ełcki,Stare Juchy,gmina wiejska,2805052,2024,OK,,tekst,https://stare-juchy.bipgminy.pl/public/getFile?id=608229,dostęp_bezpośredni (wył. weryf. SSL),2cd3a00fdb8eac78ec5d6876c24864082ecd0ddcd6f8c860e0b9b2cf89fb91d1,200 (po wył. weryf. SSL)
1752,warmińsko-mazurskie,ełcki,Stare Juchy,gmina wiejska,2805052,2025,OK,,tekst,https://stare-juchy.bipgminy.pl/public/getFile?id=623074,dostęp_bezpośredni (wył. weryf. SSL),b300d1f2dc0f76a020f3da1289ce755a4b6c1fd02fe0f422111954943595d1ea,200 (po wył. weryf. SSL)
1753,warmińsko-mazurskie,giżycki,Giżycko,gmina miejska,2806011,2018,OK,,tekst,https://bip-v1-files.idcom-jst.pl/sites/3080/wiadomosci/473181/files/raport_24052019r.pdf,dostęp_bezpośredni,d84faaa71f4ced43a7c19abc13e9fed888b403ec6b2acd27bd8da870598ed4e6,200
1754,warmińsko-mazurskie,giżycki,Giżycko,gmina miejska,2806011,2019,OK,,tekst,https://bip-v1-files.idcom-jst.pl/sites/3080/wiadomosci/523610/files/raport_25052020r_za_2019.pdf,dostęp_bezpośredni,c8d1aca407b1e36b66eba70de9478ec52fdbefcb3b6926d683798a9dadfe5f6f,200
1755,warmińsko-mazurskie,giżycki,Giżycko,gmina miejska,2806011,2020,OK,,tekst,https://bip-v1-files.idcom-jst.pl/sites/3080/wiadomosci/574896/files/raport_za_2020_r.pdf,dostęp_bezpośredni,36ef4f7f064694880c7ca9f25df723fd248a439b7fadd14ff34f7f271041d37a,200
1756,warmińsko-mazurskie,giżycki,Giżycko,gmina miejska,2806011,2021,OK,,tekst,https://bip-v1-files.idcom-jst.pl/sites/3080/wiadomosci/632685/files/raport_za_2021_r_.pdf,dostęp_bezpośredni,d6ba2ce33e779afd536701879c21e881bec7a4dae9d41a756ae7de7305699a75,200
1757,warmińsko-mazurskie,giżycki,Giżycko,gmina miejska,2806011,2022,OK,,tekst,https://bip-v1-files.idcom-jst.pl/sites/3080/wiadomosci/685225/files/_raport_za_2022_r_.pdf,dostęp_bezpośredni,bc3061bac09f508c2312b2ffd29b44a54a905785081be1437aaa8289d4358080,200
1758,warmińsko-mazurskie,giżycki,Giżycko,gmina miejska,2806011,2023,OK,,tekst,https://bip-v1-files.idcom-jst.pl/sites/3080/wiadomosci/756298/files/raport_za_2023_r_.pdf,dostęp_bezpośredni,fe2ad4ceb716064e0e17332c240f01320a008531fc710310140eecbda54d796c,200
1759,warmińsko-mazurskie,giżycki,Giżycko,gmina miejska,2806011,2024,OK,,tekst,https://bip-v1-files.idcom-jst.pl/sites/3080/wiadomosci/823238/files/raport_za_2024_r.pdf,dostęp_bezpośredni,f4880d469c8797191deb501520ba39cb22b3813218e2392a9ba5c4c7b5acfc99,200
1760,warmińsko-mazurskie,giżycki,Giżycko,gmina miejska,2806011,2025,OK,,tekst,https://bip-v1-files.idcom-jst.pl/sites/3080/wiadomosci/885401/files/raport_o_stanie_miasta_2025.pdf,dostęp_bezpośredni,b1c6352f364f35f373f7cb4cb9f7eebcad65687d5a9222e7cbef262fff3f03ec,200
1761,warmińsko-mazurskie,giżycki,Giżycko,gmina wiejska,2806042,2018,OK,pdf,tekst,https://bip-v1-files.idcom-jst.pl/sites/47061/wiadomosci/472118/files/raportostaniegminygizycko_x.pdf,"dostęp_bezpośredni | poprawka: bip.ugg.pl (Urząd Gminy Giżycko, sites/47061) sekcja 'Raport o stanie Gminy Giżycko'; POPRAWKA TOŻSAMOŚCI - bazowy URL (idcom sites/3080, raport o stanie MIASTA) to dokument MIASTA Giżycko (2806011), nie gminy wiejskiej",a61fe5f1122129720b79a432eee05dae0fb59bda18af20310376ad29efd34c57,zastosowano znalezione/poprawke
1762,warmińsko-mazurskie,giżycki,Giżycko,gmina wiejska,2806042,2019,OK,pdf,tekst,https://bip-v1-files.idcom-jst.pl/sites/47061/wiadomosci/520944/files/raport_o_stanie_gg_2019.pdf,"dostęp_bezpośredni | poprawka: bip.ugg.pl (Urząd Gminy Giżycko, sites/47061) sekcja 'Raport o stanie Gminy Giżycko'; POPRAWKA TOŻSAMOŚCI - bazowy URL (idcom sites/3080, raport o stanie MIASTA) to dokument MIASTA Giżycko (2806011), nie gminy wiejskiej",e6abb7751fade91cc2c4909fe6f01efdfa1a6d2ef49cd323781c3411738d7688,zastosowano znalezione/poprawke
1763,warmińsko-mazurskie,giżycki,Giżycko,gmina wiejska,2806042,2020,OK,pdf,tekst,https://bip-v1-files.idcom-jst.pl/sites/47061/wiadomosci/573297/files/raport_o_stanie_gminy_gizycko_za_rok_2020.pdf,"dostęp_bezpośredni | poprawka: bip.ugg.pl (Urząd Gminy Giżycko, sites/47061) sekcja 'Raport o stanie Gminy Giżycko'; POPRAWKA TOŻSAMOŚCI - bazowy URL (idcom sites/3080, raport o stanie MIASTA) to dokument MIASTA Giżycko (2806011), nie gminy wiejskiej",e9c87ebeda4887d1268b130bf3fdd5fa4c7e7dac37d4383b7aebb7491957d33e,zastosowano znalezione/poprawke
1764,warmińsko-mazurskie,giżycki,Giżycko,gmina wiejska,2806042,2021,OK,pdf,tekst,https://bip-v1-files.idcom-jst.pl/sites/47061/wiadomosci/631782/files/raport_o_stanie_gminy_gizycko_za_2021_rok.pdf,"dostęp_bezpośredni | poprawka: bip.ugg.pl (Urząd Gminy Giżycko, sites/47061) sekcja 'Raport o stanie Gminy Giżycko'; POPRAWKA TOŻSAMOŚCI - bazowy URL (idcom sites/3080, raport o stanie MIASTA) to dokument MIASTA Giżycko (2806011), nie gminy wiejskiej",70a67e6c23c38d2a9da47c7947e1e9737127a955a215ed5a5725719bb1f89c8e,zastosowano znalezione/poprawke
1765,warmińsko-mazurskie,giżycki,Giżycko,gmina wiejska,2806042,2022,OK,pdf,tekst,https://bip-v1-files.idcom-jst.pl/sites/47061/wiadomosci/688944/files/raport_o_stanie_gminy_gizycko_za_2022_rok.pdf,"dostęp_bezpośredni | poprawka: bip.ugg.pl (Urząd Gminy Giżycko, sites/47061) sekcja 'Raport o stanie Gminy Giżycko'; POPRAWKA TOŻSAMOŚCI - bazowy URL (idcom sites/3080, raport o stanie MIASTA) to dokument MIASTA Giżycko (2806011), nie gminy wiejskiej",8cad4e338e8e890e89bc8a97f4357a04c1f728012a2714d46eb4c43c9dc4a95d,zastosowano znalezione/poprawke
1766,warmińsko-mazurskie,giżycki,Giżycko,gmina wiejska,2806042,2023,OK,pdf,tekst,https://bip-v1-files.idcom-jst.pl/sites/47061/wiadomosci/756108/files/raport_o_stanie_gminy_gizycko_za_2023_rok.pdf,"dostęp_bezpośredni | poprawka: bip.ugg.pl (Urząd Gminy Giżycko, sites/47061) sekcja 'Raport o stanie Gminy Giżycko'; POPRAWKA TOŻSAMOŚCI - bazowy URL (idcom sites/3080, raport o stanie MIASTA) to dokument MIASTA Giżycko (2806011), nie gminy wiejskiej",1971d8695b358dc0b743b6ca68c0544b1ea049e2f631b9536d38c0f00890d2ba,zastosowano znalezione/poprawke
1767,warmińsko-mazurskie,giżycki,Giżycko,gmina wiejska,2806042,2024,OK,pdf,tekst,https://bip-v1-files.idcom-jst.pl/sites/47061/wiadomosci/820880/files/raport_o_stanie_gminy_gizycko_za_2024_rok.pdf,"dostęp_bezpośredni | poprawka: bip.ugg.pl (Urząd Gminy Giżycko, sites/47061) sekcja 'Raport o stanie Gminy Giżycko'; POPRAWKA TOŻSAMOŚCI - bazowy URL (idcom sites/3080, raport o stanie MIASTA) to dokument MIASTA Giżycko (2806011), nie gminy wiejskiej",a9519da3401f2cac50a4205ed9a34d0cfdcf5f93d0818364d044b4f85a0f686a,zastosowano znalezione/poprawke
1768,warmińsko-mazurskie,giżycki,Giżycko,gmina wiejska,2806042,2025,OK,pdf,tekst,https://bip-v1-files.idcom-jst.pl/sites/47061/wiadomosci/885559/files/raport_o_stanie_gminy_gizycko_za_rok_2025.pdf,"dostęp_bezpośredni | poprawka: bip.ugg.pl (Urząd Gminy Giżycko, sites/47061) sekcja 'Raport o stanie Gminy Giżycko'; POPRAWKA TOŻSAMOŚCI - bazowy URL (idcom sites/3080, raport o stanie MIASTA) to dokument MIASTA Giżycko (2806011), nie gminy wiejskiej",2172144acb7851884bc04b5e5a33303764dcdf33dadfb576bafc1935f7e7de5e,zastosowano znalezione/poprawke
1769,warmińsko-mazurskie,giżycki,Kruklanki,gmina wiejska,2806052,2018,OK,,tekst,https://bipkruklanki.warmia.mazury.pl/attachment/informacja/3472/9f6b197ad0081a79da949d9dfb83533c51460d0b.html,dostęp_bezpośredni,43e6ea69a7728e8c05554a6c705a8609bb607afd2e29ed6965afe1949c054023,200
1770,warmińsko-mazurskie,giżycki,Kruklanki,gmina wiejska,2806052,2019,OK,,tekst,https://bipkruklanki.warmia.mazury.pl/attachment/informacja/4303/3f638d2f1e7889998b4cedee180d61486a913741.html,dostęp_bezpośredni,81af93a11d3310fef8b160e4fcf022bf93d37afc3f689436deb25665b1009aa3,200
1771,warmińsko-mazurskie,giżycki,Kruklanki,gmina wiejska,2806052,2020,OK,,tekst,https://bipkruklanki.warmia.mazury.pl/attachment/informacja/4753/dc847cd997b6b3ab88ce1938af5b41a3fd8396cb.html,dostęp_bezpośredni,fc83842feaf0ef1462ca457dde0f2a7aa451e326e78bc431a267748dee966693,200
1772,warmińsko-mazurskie,giżycki,Kruklanki,gmina wiejska,2806052,2021,OK,,tekst,https://bipkruklanki.warmia.mazury.pl/attachment/informacja/5400/7d418f19a71e3ab199b90b6c5fe7d20db157bf86.html,dostęp_bezpośredni,db1c3cacf1dbc3c5f14708464b484097738f0a5dd0a8a5c85d9c90c813fda52a,200
1773,warmińsko-mazurskie,giżycki,Kruklanki,gmina wiejska,2806052,2022,OK,,tekst,https://bipkruklanki.warmia.mazury.pl/attachment/informacja/5898/147c9391d98e6f0a18dbc05f60ea2acc6c872f61.html,dostęp_bezpośredni,5bffc88d37e8247073865c6a7bf92a73d8d28458f1072920bfe0dd3980d940e7,200
1774,warmińsko-mazurskie,giżycki,Kruklanki,gmina wiejska,2806052,2023,OK,,tekst,https://bipkruklanki.warmia.mazury.pl/attachment/informacja/6508/1469a1fef3c8a187a2248ffd47f0d15b06ad48fa.html,dostęp_bezpośredni,1a8005d32f4c18184937f682295fa280b12f0eab69820a72ab86016e96899d93,200
1775,warmińsko-mazurskie,giżycki,Kruklanki,gmina wiejska,2806052,2024,OK,,tekst,https://bipkruklanki.warmia.mazury.pl/attachment/informacja/7071/c0b46879ba733d4bf25bbd5a19bed51cd1eec472.html,dostęp_bezpośredni,8a62c6139075c236c582d09ac645b430b840dc895188342ad16d162b27db2d88,200
1776,warmińsko-mazurskie,giżycki,Kruklanki,gmina wiejska,2806052,2025,OK,,tekst,https://bipkruklanki.warmia.mazury.pl/attachment/informacja/7449/73d9c36a20b574c469b4a7590fa21c3492db8029.html,dostęp_bezpośredni,e8165ef04b9db42ecf1b74a423f92e83c9a9cd76a09538a71841eb8cf48212e8,200
1777,warmińsko-mazurskie,giżycki,Miłki,gmina wiejska,2806062,2018,BRAK,,brak,brak,dowód: sekcja 'Raport o stanie Gminy' na bip.gminamilki.pl,,BRAK_URL (dowód istnienia)
1778,warmińsko-mazurskie,giżycki,Miłki,gmina wiejska,2806062,2019,OK,,tekst,https://archiwum.gminamilki.pl/wp-content/plugins/download-attachments/includes/download.php?id=3150,dostęp_bezpośredni (archiwum.gminamilki.pl),548e823c62bb0c963035c22a57b6d2fb24c55aee12c55b8fa7fc873090ec7302,200
1779,warmińsko-mazurskie,giżycki,Miłki,gmina wiejska,2806062,2020,OK,,tekst,https://archiwum.gminamilki.pl/wp-content/plugins/download-attachments/includes/download.php?id=3825,dostęp_bezpośredni (archiwum.gminamilki.pl),33eb353b95d1ae5817a65b446b5761eee2d5d96e613fb09f96ea77fde947cead,200
1780,warmińsko-mazurskie,giżycki,Miłki,gmina wiejska,2806062,2021,OK,,tekst,https://bip.gminamilki.pl/system/obj/11494_10102_Raport_o_stanie_Gminy_Milki_2021.pdf,dostęp_bezpośredni,9a6b5ff17db138cb2b1bde709803251377255bbe3a43cfa62aba797236cc4d58,200
1781,warmińsko-mazurskie,giżycki,Miłki,gmina wiejska,2806062,2022,OK,,tekst,https://bip.gminamilki.pl/system/obj/11493_10685_Raport_o_stanie_Gminy_Milki_za_rok_2022.pdf,dostęp_bezpośredni,4652cea8fca9c59bda614331523919775915aee4074b86b488ce8dc73f98e654,200
1782,warmińsko-mazurskie,giżycki,Miłki,gmina wiejska,2806062,2023,OK,,tekst,https://bip.gminamilki.pl/system/obj/11492_11488_Raport_o_stanie_Gminy_Milki_za_2023_rok_.pdf,dostęp_bezpośredni,c42da44dc1efc9a9e159414cd4388a1ff193d1c34fd46d8460c5cda39a181900,200
1783,warmińsko-mazurskie,giżycki,Miłki,gmina wiejska,2806062,2024,OK,,tekst,https://bip.gminamilki.pl/system/obj/12157_Raport_2024_28.05.2025_r..pdf,dostęp_bezpośredni,c2cc10e16225ed5566d4073a9309856b053cd4f356739bb9da01346f5940d771,200
1784,warmińsko-mazurskie,giżycki,Miłki,gmina wiejska,2806062,2025,OK,,tekst,https://bip.gminamilki.pl/system/obj/12973_Raport_2025_29.05.2026_r..pdf,dostęp_bezpośredni,5873a60d18cd59e4619ed8eddf9673f2cd15c6b4d6d48a1d0a8a3763777b2303,200
1785,warmińsko-mazurskie,giżycki,Ryn,gmina miejsko-wiejska,2806083,2018,OK,,tekst,https://bip.miastoryn.pl/system/pobierz.php?plik=Raport_o_stanie_Gminy_Ryn_za_2018_rok.pdf&id=5642&stats=true,dostęp_bezpośredni,213b248d3410a12b2153ea5be4993285a5c255b2adb5f1bb8d234c4abf4fbae2,200
1786,warmińsko-mazurskie,giżycki,Ryn,gmina miejsko-wiejska,2806083,2019,OK,,tekst,https://bip.miastoryn.pl/system/pobierz.php?plik=Raport_o_stanie_Gminy_Ryn_za_2019_rok.pdf&id=6382&stats=true,dostęp_bezpośredni,7ad80e828fe8ebed93157110d916aad7a090b263aa8538e446cf4b30564b8f84,200
1787,warmińsko-mazurskie,giżycki,Ryn,gmina miejsko-wiejska,2806083,2020,OK,,tekst,https://bip.miastoryn.pl/system/pobierz.php?plik=Raport_o_stanie_Gminy_Ryn_za_2020_rok.pdf&id=6829&stats=true,dostęp_bezpośredni,3bb39c5a10441dae0541f1504f7a8c82b181123d5d535dc55daca3ed97f7f78a,200
1788,warmińsko-mazurskie,giżycki,Ryn,gmina miejsko-wiejska,2806083,2021,OK,,tekst,https://bip.miastoryn.pl/system/pobierz.php?plik=Raport_o_stanie_Gminy_Ryn_za_2021_rok.pdf&id=7406&stats=true,dostęp_bezpośredni,b7b1fd18da06670d373b18e3db0af4b9af4756f9ad384c0538f2c219a42b7a13,200
1789,warmińsko-mazurskie,giżycki,Ryn,gmina miejsko-wiejska,2806083,2022,OK,,tekst,https://bip.miastoryn.pl/system/pobierz.php?plik=raport_za_2022.pdf&id=8097&stats=true,dostęp_bezpośredni,c3d98a1a32ac444365a1be570d7bb75f8e45d71e3bd3ca44c56dba4eeef120c9,200
1790,warmińsko-mazurskie,giżycki,Ryn,gmina miejsko-wiejska,2806083,2023,OK,,skan,https://bip.miastoryn.pl/system/pobierz.php?plik=Raport_o_stanie__Gminy_Ryn.pdf&id=6458fe986c79617e5665288ff4437dc2&stats=true,dostęp_bezpośredni,e52ef2a59cbd479c6d913cfcb146509cc1ced158c51e9976ff4faed7543817b2,200
1791,warmińsko-mazurskie,giżycki,Ryn,gmina miejsko-wiejska,2806083,2024,OK,,tekst,https://bip.miastoryn.pl/system/pobierz.php?plik=Raport_za_2024.pdf&id=bea71ec581d4c29859cd6a422ab031fd&stats=true,dostęp_bezpośredni,36b29b5e56455c8b2dcbd8f5c2cf2a71058662fc3339ce5c2986190718cd5348,200
1792,warmińsko-mazurskie,giżycki,Ryn,gmina miejsko-wiejska,2806083,2025,OK,,tekst,https://bip.miastoryn.pl/system/pobierz.php?plik=Raport_o_stanie_Gminy_Ryn_za_2025_rok.pdf&id=79b6c65aeaf185845d1f86277e770ebd&stats=true,dostęp_bezpośredni,3ee4935ac35bd2abe2744f8aae919d9028fae58d04dc7040abb6030f433e651a,200
1793,warmińsko-mazurskie,giżycki,Wydminy,gmina wiejska,2806102,2018,BRAK,,brak,brak,dogłębne sprawdzenie (web search + BIP + Wayback) - brak dowodu istnienia,,BRAK_URL (niepowstały)
1794,warmińsko-mazurskie,giżycki,Wydminy,gmina wiejska,2806102,2019,BRAK,,brak,brak,dogłębne sprawdzenie (web search + BIP + Wayback) - brak dowodu istnienia,,BRAK_URL (niepowstały)
1795,warmińsko-mazurskie,giżycki,Wydminy,gmina wiejska,2806102,2020,BRAK,,brak,brak,dogłębne sprawdzenie (web search + BIP + Wayback) - brak dowodu istnienia,,BRAK_URL (niepowstały)
1796,warmińsko-mazurskie,giżycki,Wydminy,gmina wiejska,2806102,2021,OK,,tekst,https://bip.wydminy.pl/system/pobierz.php?plik=Raport_o_stanie_Gminy_Wydminy_za_rok_2021.pdf&id=741f166f1b4632b657112cb175a7b3bb,dostęp_bezpośredni,eb1ddbde7cdb893ef8f376629e4eabb665d84f62040f562fd4ce6e6fe13e723f,200
1797,warmińsko-mazurskie,giżycki,Wydminy,gmina wiejska,2806102,2022,OK,,tekst,https://bip.wydminy.pl/system/pobierz.php?plik=Raport_o_stanie_Gminy_Wydminy_za_rok_2022.pdf&id=f40ff8e1c3075b66487a94eeea1450b3,dostęp_bezpośredni,06abcd25e31bc013af6543127d27c9325490ce265d2fbb5fadf79fabfeba4554,200
1798,warmińsko-mazurskie,giżycki,Wydminy,gmina wiejska,2806102,2023,OK,,tekst,https://bip.wydminy.pl/system/pobierz.php?plik=Raport_o_stanie_Gminy_Wydminy_za_rok_2023.pdf&id=174df22de353573fe892dff6308e8cfb,dostęp_bezpośredni,479332f234575686e26cd0a7983d0994a899b2c97789362ca2c896b3b9644896,200
1799,warmińsko-mazurskie,giżycki,Wydminy,gmina wiejska,2806102,2024,OK,,tekst,https://bip.wydminy.pl/system/pobierz.php?plik=Raport_o_stanie_Gminy_Wydminy_za_rok_2024_mapa_281_29.pdf&id=ac9df512989fd1b975bb3982888965d3,dostęp_bezpośredni,cff09b033829e223e16067de44a9debda91ad12b4318826e22fabfbc6235c6bd,200
1800,warmińsko-mazurskie,giżycki,Wydminy,gmina wiejska,2806102,2025,OK,,tekst,https://bip.wydminy.pl/system/pobierz.php?plik=Raport_o_stanie_Gminy_Wydminy_za_rok_2025.pdf&id=719749532c70cbbac5033ce26c99389a,dostęp_bezpośredni,5303279f0ebd83e1f76a889cbde063fd5917d8f0387f2a323375fae6f9a1c688,200
1801,warmińsko-mazurskie,gołdapski,Banie Mazurskie,gmina wiejska,2818012,2018,OK,,tekst,https://bipbaniemazurskie.warmia.mazury.pl/attachment/informacja/5457/7ac49285ab2444fb16915f45f7dfa9054c3f8b66.html,dostęp_bezpośredni,1a964c9b46bbae5adac5b7befb5f56b2ffad5f042283d3105180618b3f3de8ac,200
1802,warmińsko-mazurskie,gołdapski,Banie Mazurskie,gmina wiejska,2818012,2019,OK,,tekst,https://bipbaniemazurskie.warmia.mazury.pl/attachment/informacja/7513/25afb5d59672cc87384ddb541b6409eb558dff07.html,dostęp_bezpośredni,4a834ca7a756843b7597a9fd8224f76ed09948c231711c0b97ee8e351a377554,200
1803,warmińsko-mazurskie,gołdapski,Banie Mazurskie,gmina wiejska,2818012,2020,OK,,tekst,https://bipbaniemazurskie.warmia.mazury.pl/attachment/informacja/8748/52a359afb892cd9f783db260951d6c2e09c79ff7.html,dostęp_bezpośredni,7902a446397960d04bb732ca9200f679add5ca267151c458f8ba881304fb32ef,200
1804,warmińsko-mazurskie,gołdapski,Banie Mazurskie,gmina wiejska,2818012,2021,OK,,tekst,https://bipbaniemazurskie.warmia.mazury.pl/attachment/informacja/9732/4a3a525f14d32ca9037b911ee89e8efd0ad0c323.html,dostęp_bezpośredni,a305b7d02b9b82454e07d24a552d0a82b28218394b235f00e2b26596c6d33127,200
1805,warmińsko-mazurskie,gołdapski,Banie Mazurskie,gmina wiejska,2818012,2022,OK,,tekst,https://gminabaniemazurskie.pl/wp-content/uploads/2022/10/RAPORT-Z-EWALUACJI-EX-ANTE.pdf,dostęp_bezpośredni,6dded27a9251d9786d89efcc0314c055b5b461455041df1e739a52e2fc3292e5,200
1806,warmińsko-mazurskie,gołdapski,Banie Mazurskie,gmina wiejska,2818012,2023,OK,,tekst,https://bipbaniemazurskie.warmia.mazury.pl/attachment/informacja/13021/e1c982121bab71b4a9c060d0ba4069da053f0cc8.html,dostęp_bezpośredni,7cc603fc58ba1e56680f88b58e5dfc3ba15211d4efdb66372238d343a28de8bf,200
1807,warmińsko-mazurskie,gołdapski,Banie Mazurskie,gmina wiejska,2818012,2024,OK,,skan,https://gminabaniemazurskie.pl/wp-content/uploads/2025/05/Zalacznik-do-Zarzadzenia-Nr-37.2025-Raport-o-stanie-Gminy-Banie-Mazurskie-za-2024-rok.pdf,dostęp_bezpośredni,d1abe08adcc17605191cb635609fcf88fb5d4a7b123326b0bb669678a2d80aaa,200
1808,warmińsko-mazurskie,gołdapski,Banie Mazurskie,gmina wiejska,2818012,2025,OK,,skan,https://gminabaniemazurskie.pl/wp-content/uploads/2026/05/Zalacznik-do-Zarzadzenia-Nr-332026-z-dnia-7-maja-2026-r.pdf,dostęp_bezpośredni,f776c428744d645915c9faf84806f85e334b9f3cdc537da055e536dde832723f,200
1809,warmińsko-mazurskie,kętrzyński,Kętrzyn,gmina miejska,2808011,2018,OK,,tekst,http://archiwum.bip.miastoketrzyn.pl/system/obj/11400_Raport_o_stanie_Gminy_Miejskiej_Ketrzyn_2018.pdf,dostęp_bezpośredni (archiwum BIP miastoketrzyn),10fa43e9167e550e0e83e4e4dd1631e2a5d173e0187a9525b3d5e61bbd301276,200
1810,warmińsko-mazurskie,kętrzyński,Kętrzyn,gmina miejska,2808011,2019,OK,,tekst,https://archiwum.bip.miastoketrzyn.pl/system/pobierz.php?id=13423,dostęp_bezpośredni (archiwum BIP miastoketrzyn),d13aafac8e9eab0af760625660074475f2018179785b46c491c6716d0b96fec4,200
1811,warmińsko-mazurskie,kętrzyński,Kętrzyn,gmina miejska,2808011,2020,OK,,tekst,https://archiwum.bip.miastoketrzyn.pl/system/pobierz.php?id=15886,dostęp_bezpośredni (archiwum BIP miastoketrzyn),bd941967b070e5ea7a0d18efc51197d9055a2b9473b1ff3831d71f36debacef8,200
1812,warmińsko-mazurskie,kętrzyński,Kętrzyn,gmina miejska,2808011,2021,OK,,tekst,https://www.miastoketrzyn.pl/fileadmin/import/Tre%C5%9B%C4%87-raportu-o-stanie-Gminy-Miejskiej-K%C4%99trzyn-2021r.-34688.pdf,dostęp_bezpośredni,1100abb335092bdb884688df4645513bd38c7484b46b2f4b139b61976eb8318d,200
1813,warmińsko-mazurskie,kętrzyński,Kętrzyn,gmina miejska,2808011,2022,OK,,tekst,https://www.miastoketrzyn.pl/fileadmin/import/Raport-o-stanie-Gminy-Miejskiej-K%C4%99trzyn-za-rok-2022-37300.pdf,dostęp_bezpośredni,462443bf9bfe9c63f0ae7993ca610978932efb33eaa4a8ff389d38da9ad1c93b,200
1814,warmińsko-mazurskie,kętrzyński,Kętrzyn,gmina miejska,2808011,2023,OK,,tekst,https://www.miastoketrzyn.pl/fileadmin/user_upload/raport_o_stanie_gminy_miejskiej_ketrzyn_2023.pdf,dostęp_bezpośredni,e7985578fda886d006b4e02e6a3b8a98837df1472b2312ae836f877401db8fa6,200
1815,warmińsko-mazurskie,kętrzyński,Kętrzyn,gmina miejska,2808011,2024,OK,,tekst,https://www.miastoketrzyn.pl/fileadmin/user_upload/RAPORT_KETRZYN_2024.pdf,dostęp_bezpośredni,52e88eae4d78722da0f6080ba21d55ce081401ed02cc58a2ad0a58f94c07d290,200
1816,warmińsko-mazurskie,kętrzyński,Kętrzyn,gmina miejska,2808011,2025,OK,,tekst,https://bip.miastoketrzyn.pl/files/raport-o-stanie-miasta/raport-o-stanie-miasta-ketrzyna-za-rok-2025.pdf,dostęp_bezpośredni,b94c64cec74b56d357a59b23b3ce61faea7ab975a32a1acf09bd2c57e68f005a,200
1817,warmińsko-mazurskie,kętrzyński,Kętrzyn,gmina wiejska,2808032,2018,OK,,tekst,https://bip.gminaketrzyn.pl/system/obj/7368_Raport_o_stanie_Gminy_wiejskiej_Ketrzyn.pdf,dostęp_bezpośredni,2d97a06c26ca21208d2a3ce518047ecd6c25a10c0e4ea15b59dd39c897a0ee21,200
1818,warmińsko-mazurskie,kętrzyński,Kętrzyn,gmina wiejska,2808032,2019,OK,,tekst,https://bip.gminaketrzyn.pl/system/pobierz.php?plik=Raport_o_stanie_Gminy_wiejskiej_Ketrzyn.pdf&id=07568df3a384c2f1a8667087c540f5e8&stats=true,dostęp_bezpośredni,2d97a06c26ca21208d2a3ce518047ecd6c25a10c0e4ea15b59dd39c897a0ee21,200
1819,warmińsko-mazurskie,kętrzyński,Kętrzyn,gmina wiejska,2808032,2020,OK,,tekst,https://bip.gminaketrzyn.pl/system/pobierz.php?plik=RAPORT_O_STANIE_GMINY_ZA_2020_ROK_.pdf&id=f111622048131f34cc07cd7595f5cc37&stats=true,dostęp_bezpośredni,0ffe9c611fc87079157a66936464e565b9a57cfe91f0757b265239f68fc23342,200
1820,warmińsko-mazurskie,kętrzyński,Kętrzyn,gmina wiejska,2808032,2021,OK,,tekst,https://bip.gminaketrzyn.pl/system/pobierz.php?plik=Raport_za_2021_rok_-_OSTATECZNA_WERSJA_W_DOSTEPNOSCI_CYFROWEJ.pdf&id=019a8329d1d40b23590a4dbc71e252f1&stats=true,dostęp_bezpośredni,5380f66af20cd88512994b9e15b22d1d9310df19307148795c6afaa0f4a8ec09,200
1821,warmińsko-mazurskie,kętrzyński,Kętrzyn,gmina wiejska,2808032,2022,OK,,tekst,https://bip.gminaketrzyn.pl/system/pobierz.php?plik=Raport_o_stanie_Gminy_za_2022_rok_.pdf&id=d0d41c5bfaac057cc4aff62daf3b9229&stats=true,dostęp_bezpośredni,5437b064eb98ccc44f75c6c8087d0fe1c7e0ffb747e9a60e15142fb90c5743a8,200
1822,warmińsko-mazurskie,kętrzyński,Kętrzyn,gmina wiejska,2808032,2023,OK,,tekst,https://bip.gminaketrzyn.pl/system/pobierz.php?plik=Raport_o_stanie_Gminy_za_2023_rok_.pdf&id=ef9890050d2c967beceec09f7ebe1a78&stats=true,dostęp_bezpośredni,933ef50e9e2548946e27e4fefdaa9a71ba2c31a3b4bf733acd09fcc47c7c7e09,200
1823,warmińsko-mazurskie,kętrzyński,Kętrzyn,gmina wiejska,2808032,2024,OK,,tekst,https://bip.gminaketrzyn.pl/system/pobierz.php?plik=Raport_o_stanie_Gminy_za_2024_rok.pdf&id=c5188723218364d32caf25c315a6f65b&stats=true,dostęp_bezpośredni,86f63c80645e3d0972c91c8fa57f3e54dc47f3bbbe9b6097e4c2a8f2c57bcf87,200
1824,warmińsko-mazurskie,kętrzyński,Kętrzyn,gmina wiejska,2808032,2025,OK,,tekst,https://gminaketrzyn.pl/aktualnosci/1252-raport-o-stanie-gminy.html,dostęp_bezpośredni,c508623b694fbf511fe072d73a08898420cd5a9ccfacda2544c5a35d82acf9ba,200
1825,warmińsko-mazurskie,kętrzyński,Reszel,gmina miejsko-wiejska,2808053,2018,OK,,tekst,https://bipreszel.warmia.mazury.pl/attachment/informacja/6265/df206f6aabbe41d7f3ea1782e66667c68b8f1378.html,dostęp_bezpośredni,19d9c72093dcaed42d0f6fbd520dbce682ca29cc34dd4b8cc85edf209adb4eba,200
1826,warmińsko-mazurskie,kętrzyński,Reszel,gmina miejsko-wiejska,2808053,2019,OK,,tekst,https://bipreszel.warmia.mazury.pl/attachment/informacja/7529/38180bff0c46738770afe98bb1a74f1fe5d0fbfc.html,dostęp_bezpośredni,d618b8b34d3a5627bb713603452e98a94e21df0a4cf7caee5e89664d03850104,200
1827,warmińsko-mazurskie,kętrzyński,Reszel,gmina miejsko-wiejska,2808053,2020,OK,,tekst,https://bipreszel.warmia.mazury.pl/attachment/informacja/8627/833e1e51c78684329a843be35bd54fe8b39b7aea.html,dostęp_bezpośredni,22dcfd8b1dcbfb0f919e63f74d373e69a7c313b029fbca03b29c701b76de0117,200
1828,warmińsko-mazurskie,kętrzyński,Reszel,gmina miejsko-wiejska,2808053,2021,OK,,tekst,https://bipreszel.warmia.mazury.pl/attachment/informacja/11496/f8aab2eede66c43ea03d4c3075ef13b9b7e32990.html,dostęp_bezpośredni,40be70f4f463d2db884494e02e5870ea20dad981405947b83bc571e3f68cc783,200
1829,warmińsko-mazurskie,kętrzyński,Reszel,gmina miejsko-wiejska,2808053,2022,OK,,tekst,https://bipreszel.warmia.mazury.pl/attachment/informacja/12377/5cad9d42e399bb066745db7bb4cccea5ba7b3a8b.html,dostęp_bezpośredni,6c9b8b86b3a6e6a3a5464f32f59502a582ef97e92bd6d7ee3d5d37575d433b9c,200
1830,warmińsko-mazurskie,kętrzyński,Reszel,gmina miejsko-wiejska,2808053,2023,OK,,tekst,https://bipreszel.warmia.mazury.pl/attachment/informacja/13717/6ebaa6d872fa4861e97a164cf60a540b2f3f84a2.html,dostęp_bezpośredni,727b04d58d45ae78d74123ba829eef7d50ce3a8f068f095f2223bf3f884c0cd2,200
1831,warmińsko-mazurskie,kętrzyński,Reszel,gmina miejsko-wiejska,2808053,2024,OK,,tekst,https://bipreszel.warmia.mazury.pl/attachment/informacja/15419/082268e3a01a0a13bbde0b0a32728dc1408425fc.html,dostęp_bezpośredni,c948b68b02f895c9fed974d30db00104d81a39df4633b79ee5d562114b417246,200
1832,warmińsko-mazurskie,kętrzyński,Reszel,gmina miejsko-wiejska,2808053,2025,OK,,tekst,https://bipreszel.warmia.mazury.pl/attachment/informacja/16831/81f9b7d125f10517d7b75229c304f91b862046a2.html,dostęp_bezpośredni,18731e9cd8ddb96417c201c4f9d12153280d854b3cb510aabd25e0e588bb5ab6,200
1833,warmińsko-mazurskie,kętrzyński,Srokowo,gmina wiejska,2808062,2018,OK,,tekst,https://bip.gminasrokowo.pl/system/pobierz.php?plik=Raport_o_stanie_Gminy_Srokowo_za_2018.pdf&id=617cb2836ed715e667a49b49cdf318a5,dostęp_bezpośredni,c1462422ea3fc984766977024ccc91adb4193c9e7a8e30a9cfe2e012a29d0696,200
1834,warmińsko-mazurskie,kętrzyński,Srokowo,gmina wiejska,2808062,2019,OK,,tekst,https://bip.gminasrokowo.pl/system/pobierz.php?plik=Raport_o_stanie_Gminy_Srokowo_za_2019.pdf&id=7b1bd7925534823e86e917fd4327ed9f,dostęp_bezpośredni,ccdb80f90778246f148f891739f9c1b624470404421ed7dc28895c0f5e935c00,200
1835,warmińsko-mazurskie,kętrzyński,Srokowo,gmina wiejska,2808062,2020,OK,,tekst,https://bip.gminasrokowo.pl/system/pobierz.php?plik=RAPORT_O_STANIE_GMINY_za_2020.pdf&id=27f40d03af5ecc6a96a9b8ba3d407ce2,dostęp_bezpośredni,7873708578c88af63a324a1679636e578e06e4a317927d997bb7a572a2f331fc,200
1836,warmińsko-mazurskie,kętrzyński,Srokowo,gmina wiejska,2808062,2021,OK,,tekst,https://bip.gminasrokowo.pl/system/pobierz.php?plik=Raport_za_2021_do_druku.pdf&id=5ae013a11671f451d13b497fd7796ce6,dostęp_bezpośredni,c75a82c8715433bcedd12600e15697c194fa7758d6e3a4e2b3abad34a925cba9,200
1837,warmińsko-mazurskie,kętrzyński,Srokowo,gmina wiejska,2808062,2022,OK,,tekst,https://bip.gminasrokowo.pl/system/pobierz.php?plik=Raport_za_2022_uchwalony.pdf&id=6ba27390eef24350f20bd88140878e64,dostęp_bezpośredni,3406f5fe602cb39fd2be737977c921db930881d92107c7ff239edebc153c9443,200
1838,warmińsko-mazurskie,kętrzyński,Srokowo,gmina wiejska,2808062,2023,OK,,tekst,https://bip.gminasrokowo.pl/system/pobierz.php?plik=Raport_za_2023_-_nowy.pdf&id=30ebaf85ba65161a547c8d4d19feb580,dostęp_bezpośredni,5475802c857e76828ea72b1705be563761ed2fed1760a5b4e28248ef6f80486e,200
1839,warmińsko-mazurskie,kętrzyński,Srokowo,gmina wiejska,2808062,2024,OK,,tekst,https://bip.gminasrokowo.pl/system/pobierz.php?plik=Raport_-_do_druku_wersja_z_26.05.2025.pdf&id=856be56cec16d762917b9b4ffdffa663,dostęp_bezpośredni,5c97135751f0d2fb7517e572dac03d1162b8bc2d54d4faa8b361fc0f7266a102,200
1840,warmińsko-mazurskie,kętrzyński,Srokowo,gmina wiejska,2808062,2025,OK,,tekst,https://bip.gminasrokowo.pl/system/pobierz.php?plik=Raport_z_27.05.2026.pdf&id=c20b340f85e78da0d1489f6f56b6b0f6,dostęp_bezpośredni,0e85ae8a0a5dc1a7a79589a61520b65f3e2d0c2e5d4542787230c4947988fc6c,200
1841,warmińsko-mazurskie,m. Olsztyn,Olsztyn,gmina miejska (miasto na prawach powiatu),2862011,2018,BRAK,,brak,,,,BRAK_URL (dowód istnienia)
1842,warmińsko-mazurskie,m. Olsztyn,Olsztyn,gmina miejska (miasto na prawach powiatu),2862011,2019,BRAK,,brak,,,,BRAK_URL (dowód istnienia)
1843,warmińsko-mazurskie,m. Olsztyn,Olsztyn,gmina miejska (miasto na prawach powiatu),2862011,2020,OK,,tekst,https://umolsztyn.bip.gov.pl/fobjects/download/1008380/raport-o-stanie-miasta-olsztyn-2020_ost-pdf.html,dostęp_bezpośredni (polskie IP przez Tor),bd57697eb13a37d9d18fd534df2e8bf12c2a4d83ff3290945602907ec6e72d3c,200
1844,warmińsko-mazurskie,m. Olsztyn,Olsztyn,gmina miejska (miasto na prawach powiatu),2862011,2021,OK,,tekst,https://umolsztyn.bip.gov.pl/fobjects/download/1252066/raport-o-stanie-miasta_olsztyn-2021-pdf.html,dostęp_bezpośredni (polskie IP przez Tor),decb27d754dc91e36ef977640d732b5f3775bc48de8f3d20b57496e92fbae346,200
1845,warmińsko-mazurskie,m. Olsztyn,Olsztyn,gmina miejska (miasto na prawach powiatu),2862011,2022,OK,,tekst,https://umolsztyn.bip.gov.pl/fobjects/download/1489788/raport-o-stanie-miasta-olsztyn-2022-pdf.html,dostęp_bezpośredni (polskie IP przez Tor),2629c284709baf099fc5e04c95ca3b338a1bc65f80722578bafebbc434311c23,200
1846,warmińsko-mazurskie,m. Olsztyn,Olsztyn,gmina miejska (miasto na prawach powiatu),2862011,2023,OK,,tekst,http://bip.olsztyn.eu/attachment/informacja/5789/c54cb22e1ce618416952bf1218dbbc1eccd45e35.html,dostęp_bezpośredni,e69078874b0a4a3810f6bdf2dc4266beae07c34469bca9f906d6e6844c866cc0,200
1847,warmińsko-mazurskie,m. Olsztyn,Olsztyn,gmina miejska (miasto na prawach powiatu),2862011,2024,OK,,tekst,http://bip.olsztyn.eu/attachment/informacja/17984/462230079474761c7cbf18647c8b6a463befd6aa.html,dostęp_bezpośredni,84bd958b2527e3c5948aa0c496f3f468670cddc6d3f6503b926a3fae2bdef561,200
1848,warmińsko-mazurskie,m. Olsztyn,Olsztyn,gmina miejska (miasto na prawach powiatu),2862011,2025,OK,,tekst,https://bip.olsztyn.eu/attachment/informacja/24671/cb3c3d9d10ea06be80c914a6516460d49f4be24a.html,dostęp_bezpośredni,64c397d3b26cf4d4d8531f69511855fc2c65c3d8d46ac8f1fa962a03c2f2a7ac,200
1849,warmińsko-mazurskie,mrągowski,Mikołajki,gmina miejsko-wiejska,2810023,2018,OK,,tekst,http://web.archive.org/web/20211021060823/http://www.bip.mikolajki.pl/baza/2019/raport-stan-gminy-17-06-2019.pdf,dostęp_bezpośredni,795776a3203768589e16b7ea593e0d5485110727aefeb6b8a466f6e001c70aac,200
1850,warmińsko-mazurskie,mrągowski,Mikołajki,gmina miejsko-wiejska,2810023,2019,OK,,tekst,http://web.archive.org/web/20211021060356/http://www.bip.mikolajki.pl/baza/2020/raport-2019-22-07-2020.pdf,dostęp_bezpośredni,162bd2eed1bcfbb07da8a16f0ef862c98b5204908d51a8ca8b49ee15959f4311,200
1851,warmińsko-mazurskie,mrągowski,Mikołajki,gmina miejsko-wiejska,2810023,2020,OK,,tekst,http://web.archive.org/web/20250222194131/http://www.bip.mikolajki.pl/baza/2021/raport-2020-21-06-2021.doc,dostęp_bezpośredni,f68e22a3ec0218ac05b0312ed0273e7b3f18c6c70cf487e0656bed2df09890bb,200
1852,warmińsko-mazurskie,mrągowski,Mikołajki,gmina miejsko-wiejska,2810023,2021,OK,,tekst,http://bip.archiwum.mikolajki.pl/bip/baza/2022/informacja_15-06-2022.pdf,dostęp_bezpośredni,ff133c77c6dc35ba522b7b157fedc1ab57e0d5d516f9949109a060d33457e246,200
1853,warmińsko-mazurskie,mrągowski,Mikołajki,gmina miejsko-wiejska,2810023,2022,OK,,tekst,http://web.archive.org/web/20250222074946/http://www.bip.mikolajki.pl/baza/2023/raport-2022.pdf,dostęp_bezpośredni,0a26d8c18a65ca6530d62cf06289c89492d089e5bf4fdd961a983b11b9a9dd0b,200
1854,warmińsko-mazurskie,mrągowski,Mikołajki,gmina miejsko-wiejska,2810023,2023,OK,,tekst,https://bip.mikolajki.pl/system/pobierz.php?plik=raport_2023_r.pdf&id=6c16153b03b046c260af73c674b09bf3&stats=true,dostęp_bezpośredni,26ea598e5dc0c65787c6808584b24abf2c2121019c26c3148036bd9a19a3db0f,200
1855,warmińsko-mazurskie,mrągowski,Mikołajki,gmina miejsko-wiejska,2810023,2024,OK,,tekst,https://bip.mikolajki.pl/system/pobierz.php?plik=Raport_o_stanie_gminy_za_2024_rok.pdf&id=23292a28b038abf7f4673927be2d1954&stats=true,dostęp_bezpośredni,ead45bcf032701919b8bc4b899e13f55a28328ff70998d2db406feca36eb0a69,200
1856,warmińsko-mazurskie,mrągowski,Mikołajki,gmina miejsko-wiejska,2810023,2025,OK,,tekst,https://bip.mikolajki.pl/system/pobierz.php?plik=Raport_o_stanie_gminy_za_2025_rok.pdf&id=c554d67f42d067208356d82db15033b4&stats=true,dostęp_bezpośredni,ce464d0d9c7c6bd8283975c65ce0fd73e6cd0d61d2710cac588dde6dc8f3a760,200
1857,warmińsko-mazurskie,mrągowski,Mrągowo,gmina miejska,2810011,2018,OK,pdf,tekst,https://bipmragowo.warmia.mazury.pl/attachment/informacja/7761/20e9ecccefce418c7d0e575e417dcef673109125.html,dowód: raporty publikowane na mragowo.pl (Cloudflare) / bipmragowo.warmia.mazury.pl; plik niedostępny programowo | znalezione: dostęp_bezpośredni (bipmragowo.warmia.mazury.pl),bcd6432363b2bbb0df496c50245d4f82c204c0af4b7f46f63318a940c382760b,zastosowano znalezione/poprawke
1858,warmińsko-mazurskie,mrągowski,Mrągowo,gmina miejska,2810011,2019,BRAK,,brak,,,,BRAK_URL (dowód istnienia)
1859,warmińsko-mazurskie,mrągowski,Mrągowo,gmina miejska,2810011,2020,BRAK,,brak,,,,BRAK_URL (dowód istnienia)
1860,warmińsko-mazurskie,mrągowski,Mrągowo,gmina miejska,2810011,2021,BRAK,,brak,,,,BRAK_URL (dowód istnienia)
1861,warmińsko-mazurskie,mrągowski,Mrągowo,gmina miejska,2810011,2022,BRAK,,brak,,,,BRAK_URL (dowód istnienia)
1862,warmińsko-mazurskie,mrągowski,Mrągowo,gmina miejska,2810011,2023,BRAK,,brak,,,,BRAK_URL (dowód istnienia)
1863,warmińsko-mazurskie,mrągowski,Mrągowo,gmina miejska,2810011,2024,BRAK,,brak,,,,BRAK_URL (dowód istnienia)
1864,warmińsko-mazurskie,mrągowski,Mrągowo,gmina miejska,2810011,2025,BRAK,,brak,,,,BRAK_URL (dowód istnienia)
1865,warmińsko-mazurskie,mrągowski,Mrągowo,gmina wiejska,2810032,2018,BRAK,,brak,brak,dogłębne sprawdzenie (web search + BIP + Wayback + archiwa) - brak dowodu istnienia raportu,,BRAK_URL (niepowstały)
1866,warmińsko-mazurskie,mrągowski,Mrągowo,gmina wiejska,2810032,2019,BRAK,,brak,brak,dogłębne sprawdzenie (web search + BIP + Wayback + archiwa) - brak dowodu istnienia raportu,,BRAK_URL (niepowstały)
1867,warmińsko-mazurskie,mrągowski,Mrągowo,gmina wiejska,2810032,2020,OK,,tekst,https://bipgmmragowo.warmia.mazury.pl/attachment/informacja/7903/5a9e17ba60292fbeb83219414536ecf83208a914.html,dostęp_bezpośredni,af7c0730dace51997240ff6d9c0462c9dc7e87f06ef422046c91e1954b217c2b,200
1868,warmińsko-mazurskie,mrągowski,Mrągowo,gmina wiejska,2810032,2021,OK,,tekst,https://bipgmmragowo.warmia.mazury.pl/attachment/informacja/9024/72b462cb7e9df69112ac7f5a1ee915446455f099.html,dostęp_bezpośredni,c07d635d02767978361401a41a0e2e64fed138664eac9b18c318ec4a1943dd40,200
1869,warmińsko-mazurskie,mrągowski,Mrągowo,gmina wiejska,2810032,2022,OK,,tekst,https://bipgmmragowo.warmia.mazury.pl/attachment/informacja/10051/a513873317bed8aee8140603a5843c8b53e1c7c9.html,dostęp_bezpośredni,47894ce3435d18f548e184630dba78d21077ef25cce8192699f70d9c798299fe,200
1870,warmińsko-mazurskie,mrągowski,Mrągowo,gmina wiejska,2810032,2023,OK,,tekst,https://bipgmmragowo.warmia.mazury.pl/attachment/informacja/11414/88d992e787c5e4ad00673867d753e2f44ea97deb.html,dostęp_bezpośredni,c2e4b9da145bad7e9d607ea38a414000de24721b7b0b07355787287289baa292,200
1871,warmińsko-mazurskie,mrągowski,Mrągowo,gmina wiejska,2810032,2024,OK,,tekst,https://bipgmmragowo.warmia.mazury.pl/attachment/informacja/12767/12b06946c8fe41562fdf59b4ef70b8baef1e570d.html,dostęp_bezpośredni,669473260ab0f5beeb78289bb9973c15430bfde71f5c001ebc4afb98846fd889,200
1872,warmińsko-mazurskie,mrągowski,Mrągowo,gmina wiejska,2810032,2025,OK,,tekst,https://bipgmmragowo.warmia.mazury.pl/attachment/informacja/13766/544da4433edc1eabd3ebad0ba7c7811e995eae06.html,dostęp_bezpośredni,9104c6e82eb97a46fdc30605f061ed4cc70e52161ee3b31d9855bde7eefa1578,200
1873,warmińsko-mazurskie,mrągowski,Piecki,gmina wiejska,2810042,2018,OK,,tekst,https://bip.piecki.com.pl/system/pobierz.php?plik=Raport_o_stanie_Gminy_Piecki.pdf&id=f3ff1835f0b28cf14256cffbde4e67a5,dostęp_bezpośredni,85f1afe8d58281e661d8d95fb2159561a93a74caf791451a04c1bd1a3f5ab428,200
1874,warmińsko-mazurskie,mrągowski,Piecki,gmina wiejska,2810042,2019,OK,,skan,https://bip.piecki.com.pl/system/pobierz.php?plik=Raport_o_stanie_Gminy_Piecki_2019__282020_29.pdf&id=97c133299462fdcbd10a1870f18b574a,dostęp_bezpośredni,80c1f32a20ef7a2786acb417363785ed5ae91ab4359ade2a652456ae3f7bd55b,200
1875,warmińsko-mazurskie,mrągowski,Piecki,gmina wiejska,2810042,2020,OK,,skan,https://bip.piecki.com.pl/system/pobierz.php?plik=RAPORT_O_STANIE_GMINY_PIECKI_ZA_ROK_2020.pdf&id=a7f899f77117d054f117f3bd7d4417a4,dostęp_bezpośredni,4982eb3adb477e13e84d3bc35406158ae147f57930d090939b2f826a22fdd531,200
1876,warmińsko-mazurskie,mrągowski,Piecki,gmina wiejska,2810042,2021,OK,,skan,https://bip.piecki.com.pl/system/pobierz.php?plik=Raport_o_stanie_Gminy_Piecki_za_rok_2021.pdf&id=391d2a760a6425272a6bd9d54e6b0fd7,dostęp_bezpośredni,ca881ea8b15ca12a1df08e0ba1c71ec07d0cbf6cc970691fe1167c0378d3124d,200
1877,warmińsko-mazurskie,mrągowski,Piecki,gmina wiejska,2810042,2022,OK,,tekst,https://bip.piecki.com.pl/system/pobierz.php?plik=Raport_o_stanie_gminy_2022.pdf&id=e1722042117204159ddb7f5ce869c446,dostęp_bezpośredni,89d1818f85cf4ab6c76d9b6af50abe14b3fc6580506a4766c0a6fd3725bc0e92,200
1878,warmińsko-mazurskie,mrągowski,Piecki,gmina wiejska,2810042,2023,OK,,skan,https://bip.piecki.com.pl/system/pobierz.php?plik=Raport_o_stanie_Gminy_Piecki_za_2023_rok.pdf&id=56b55e33e4c3e4ee87a0a9480cad92ab,dostęp_bezpośredni,a99c8697c7809bb6c7aa5e9eeb69886b6662982687857339b74671ec6850842e,200
1879,warmińsko-mazurskie,mrągowski,Piecki,gmina wiejska,2810042,2024,OK,,skan,https://bip.piecki.com.pl/system/pobierz.php?plik=RAPORT_O_STANIE_GMINY_PIECKI_ZA_ROK_2024.pdf&id=a530a3d7ec8e8eacb9140e298553bb35,dostęp_bezpośredni,5abd7b2f124177c96c6048d0bb7ff82a730791f06ee7e7c883b54f7b01d49b52,200
1880,warmińsko-mazurskie,mrągowski,Piecki,gmina wiejska,2810042,2025,OK,,tekst,https://bip.piecki.com.pl/system/pobierz.php?plik=Raport_o_stanie_gminy_2025.pdf&id=fa61bb1d8bacf940c2d0608b751762c4,dostęp_bezpośredni,53361ae3d567455b978a7ea55a0fc28868edc8b504c0abae64b61f2db56c7b4b,200
1881,warmińsko-mazurskie,mrągowski,Sorkwity,gmina wiejska,2810052,2018,OK,,tekst,https://bip.gminasorkwity.pl/system/pobierz.php?plik=Raport.pdf&id=86050821e28fc7e85fb9d8cea58781b6,dostęp_bezpośredni,099ccab74208a88b99337ee457aea4da22ae34698c9899b219176a09dece46df,200
1882,warmińsko-mazurskie,mrągowski,Sorkwity,gmina wiejska,2810052,2019,OK,,tekst,https://bip.gminasorkwity.pl/system/pobierz.php?plik=Raport_za_2019r..docx&id=8d0876909e14e472226a3a04b6d69ed1,dostęp_bezpośredni,f05984378446ca1214055673741c5c17da351b269b9b8d932b7dda0716220c34,200
1883,warmińsko-mazurskie,mrągowski,Sorkwity,gmina wiejska,2810052,2020,OK,,tekst,https://bip.gminasorkwity.pl/system/pobierz.php?plik=Raport_o_stanie_gminy_2020.pdf&id=7e17286d95c0ce6d2fb5d69a40e17ba1,dostęp_bezpośredni,ad8ef475da936c22de7a1cbc65741635eac13666511f8b90b5382c5a0712c8cf,200
1884,warmińsko-mazurskie,mrągowski,Sorkwity,gmina wiejska,2810052,2021,OK,,tekst,https://bip.gminasorkwity.pl/system/pobierz.php?plik=Raport_o_stanie_gminy_za_2021r..pdf&id=81f7ec14710bd6590f4d31cfa7c0c32b,dostęp_bezpośredni,bbce258f90ec754e8b2be592edbe314ec0aa8c1a57da6834492655d71a18b180,200
1885,warmińsko-mazurskie,mrągowski,Sorkwity,gmina wiejska,2810052,2022,OK,,tekst,https://bip.gminasorkwity.pl/system/pobierz.php?plik=Raport_o_stanie_gminy_za_2022r..pdf&id=f4b3a0cb8e5c3e93a7143ec12732d26e,dostęp_bezpośredni,61b0ee346843f0ed7986ee701517f91355b8b2503778ccf2b2559a4c98b12e34,200
1886,warmińsko-mazurskie,mrągowski,Sorkwity,gmina wiejska,2810052,2023,OK,,tekst,https://bip.gminasorkwity.pl/system/pobierz.php?plik=Raport_o_stanie_Gminy_Sorkwity_za_2023r..pdf&id=7669693db9f8190928520188fcc0344d,dostęp_bezpośredni,e0e46d7be04c9e577bd908b928c7d75851e7f8f05388aa3510a4519f6a666570,200
1887,warmińsko-mazurskie,mrągowski,Sorkwity,gmina wiejska,2810052,2024,OK,,tekst,https://bip.gminasorkwity.pl/system/pobierz.php?plik=Raport_o_stanie_gminy_za_2024r..pdf&id=f2fd405b80305773afaed0c825ed9dad,dostęp_bezpośredni,57527cf83a4c89cb934bc82ed46f0ba267bb0830623b862bfa3d145a921ebe81,200
1888,warmińsko-mazurskie,mrągowski,Sorkwity,gmina wiejska,2810052,2025,OK,,tekst,https://bip.gminasorkwity.pl/system/pobierz.php?plik=Raport_o_stanie_gminy_za_2025r_.pdf&id=5109983eea6fa9959138d7f183b2d882,dostęp_bezpośredni,5b89944ad9a7174112f7d5d90408057aaaced4776a9b56d5f84574b55c88488f,200
1889,warmińsko-mazurskie,nidzicki,Janowiec Kościelny,gmina wiejska,2811012,2018,OK,,tekst,https://bip.janowieckoscielny.warmia.mazury.pl/system/pobierz.php?plik=RAPORT.pdf&id=9007,dostęp_bezpośredni,94138fe3ee2c0ff87e4df5632e88ee934579185f51b4113fa1ead17905511876,200
1890,warmińsko-mazurskie,nidzicki,Janowiec Kościelny,gmina wiejska,2811012,2019,OK,,tekst,https://bip.janowieckoscielny.warmia.mazury.pl/system/pobierz.php?plik=Raport_o_stanie_gminy_za_2019_rok.pdf&id=7c6126ba504c36337cfb2fd2d7a98bbb,dostęp_bezpośredni,6c87eb9b8596d50d35d122d188819604591974f801e248a10a4c35c81d839b93,200
1891,warmińsko-mazurskie,nidzicki,Janowiec Kościelny,gmina wiejska,2811012,2020,OK,,tekst,https://bip.janowieckoscielny.warmia.mazury.pl/system/pobierz.php?plik=zw_47_2021.pdf&id=966d3da6db95cf63d084e38e154086ad,dostęp_bezpośredni,1079c63f39179b340a266825a58b2d73662910deb455f5e9134c73412d45deca,200
1892,warmińsko-mazurskie,nidzicki,Janowiec Kościelny,gmina wiejska,2811012,2021,OK,,tekst,https://bip.janowieckoscielny.warmia.mazury.pl/system/pobierz.php?plik=Zarzadzenie.52.2022.2022-05-31-sig.pdf&id=dac6ab559dc48fc88a52e44409ae5269,dostęp_bezpośredni,d48d72bc79c4db1fbc03a96e6d35d4dd7b594e0bb72af057ad90dd301b6bf072,200
1893,warmińsko-mazurskie,nidzicki,Janowiec Kościelny,gmina wiejska,2811012,2022,BRAK,,brak,brak,dogłębne sprawdzenie (web search + BIP + Wayback) - brak dowodu istnienia,,BRAK_URL (niepowstały)
1894,warmińsko-mazurskie,nidzicki,Janowiec Kościelny,gmina wiejska,2811012,2023,BRAK,,brak,brak,dogłębne sprawdzenie (web search + BIP + Wayback) - brak dowodu istnienia,,BRAK_URL (niepowstały)
1895,warmińsko-mazurskie,nidzicki,Janowiec Kościelny,gmina wiejska,2811012,2024,BRAK,,brak,brak,dogłębne sprawdzenie (web search + BIP + Wayback) - brak dowodu istnienia,,BRAK_URL (niepowstały)
1896,warmińsko-mazurskie,nidzicki,Janowiec Kościelny,gmina wiejska,2811012,2025,BRAK,,brak,brak,dogłębne sprawdzenie (web search + BIP + Wayback) - brak dowodu istnienia,,BRAK_URL (niepowstały)
1897,warmińsko-mazurskie,nidzicki,Janowo,gmina wiejska,2811022,2018,OK,,tekst,https://bip.janowo.pl/download/oog-raport-gminy-2018.pdf,dostęp_bezpośredni,6fe9e1f1c650bd2490477b16513f3e849d50fd745baccd52ee103563c5bb0d6d,200
1898,warmińsko-mazurskie,nidzicki,Janowo,gmina wiejska,2811022,2019,OK,,tekst,https://bip.janowo.pl/download/oog-raport-gminy-2019.pdf,dostęp_bezpośredni,20ca7a19b28ee2f64c45510b500bfd5226533644f1dca6f0e83236a0b83e2b28,200
1899,warmińsko-mazurskie,nidzicki,Janowo,gmina wiejska,2811022,2020,OK,,tekst,https://bip.janowo.pl/download/oog-raport-gminy-2020.pdf,dostęp_bezpośredni,0ef56a6895ddf0a9008fb97f6b975afb2db3481cb39e11c92a9646bdf4f72d1f,200
1900,warmińsko-mazurskie,nidzicki,Janowo,gmina wiejska,2811022,2021,OK,,tekst,https://bip.janowo.pl/download/oog-raport-gminy-2021.pdf,dostęp_bezpośredni,b4f302619515bf6e95ae521eccb48b018f5f533f7bf41a43ca496de324a71d4f,200
1901,warmińsko-mazurskie,nidzicki,Janowo,gmina wiejska,2811022,2022,OK,,tekst,https://bip.janowo.pl/download/oog-raport-gminy-2022.pdf,dostęp_bezpośredni,454bf2376de978d81687eb752796ff2f5ee85c8c51f554fab0981f2756fcbd90,200
1902,warmińsko-mazurskie,nidzicki,Janowo,gmina wiejska,2811022,2023,OK,,tekst,https://bip.janowo.pl/download/oog-raport-gminy-2023.pdf,dostęp_bezpośredni,ff0002c4c7e70e741ccc6d69f0a6791eb6a8e60a531ce03a833b456bf4451746,200
1903,warmińsko-mazurskie,nidzicki,Janowo,gmina wiejska,2811022,2024,OK,,tekst,https://bip.janowo.pl/download/oog-raport-gminy-2024.pdf,dostęp_bezpośredni,d2d72f7876d1aedcca030351020c52c623d2c2704f693191fb5c9e23bdb5689c,200
1904,warmińsko-mazurskie,nidzicki,Janowo,gmina wiejska,2811022,2025,OK,,tekst,https://bip.janowo.pl/download/zarzadzenie-87-2025.pdf,dostęp_bezpośredni,4471b851aa75823e8fcb072a6cbb3846b24254620f67d9c9cd5c910cb02c1245,200
1905,warmińsko-mazurskie,nidzicki,Kozłowo,gmina wiejska,2811032,2018,OK,,tekst,https://archiwumbip.kozlowo.pl/bip_download.php?id=6644,dostęp_bezpośredni,fdb8139c9ef18af7c46b8daa0c9646c809fa3b718e9d60ca71337a7db2444b89,200
1906,warmińsko-mazurskie,nidzicki,Kozłowo,gmina wiejska,2811032,2019,OK,,tekst,https://archiwumbip.kozlowo.pl/bip_download.php?id=7387,dostęp_bezpośredni,f862bccda8debb62a6c2e95afddc4171d5326ffb2a7519e1c3f293e081fbc5b4,200
1907,warmińsko-mazurskie,nidzicki,Kozłowo,gmina wiejska,2811032,2020,OK,,tekst,https://archiwumbip.kozlowo.pl/bip_download.php?id=7978,dostęp_bezpośredni,34371e3fe8b603ebd59cf03d54a872b75b2ff144cf51d0587a603219538d5aaa,200
1908,warmińsko-mazurskie,nidzicki,Kozłowo,gmina wiejska,2811032,2021,OK,,tekst,https://archiwumbip.kozlowo.pl/bip_download.php?id=8539,dostęp_bezpośredni,2c630053606db3294c61a401d345ebe9acbd964220d1cf53e275a296ab5cf545,200
1909,warmińsko-mazurskie,nidzicki,Kozłowo,gmina wiejska,2811032,2022,OK,,tekst,https://archiwumbip.kozlowo.pl/bip_download.php?id=9096,dostęp_bezpośredni,0450fb236a8064e9096a4cc4875a5a9873ab4078edad5cd5e8aaa0d93c5652ec,200
1910,warmińsko-mazurskie,nidzicki,Kozłowo,gmina wiejska,2811032,2023,OK,,tekst,https://archiwumbip.kozlowo.pl/bip_download.php?id=9708,dostęp_bezpośredni,b4e6010955081f4c4adc94bac9ea879afcc1d31d666e0cff65643f046e1f453d,200
1911,warmińsko-mazurskie,nidzicki,Kozłowo,gmina wiejska,2811032,2024,OK,,tekst,https://archiwumbip.kozlowo.pl/bip_download.php?id=10383,dostęp_bezpośredni,bc12eade0fba98a865006f181de0848c4d9b49945af22db5f561e3f8dca4a078,200
1912,warmińsko-mazurskie,nidzicki,Kozłowo,gmina wiejska,2811032,2025,BRAK,,brak,brak,dogłębne sprawdzenie - brak dowodu istnienia,,BRAK_URL (niepowstały)
1913,warmińsko-mazurskie,nidzicki,Nidzica,gmina miejsko-wiejska,2811043,2018,OK,,tekst,https://bip.nidzica.pl/system/pobierz.php?id=24293,dostęp_bezpośredni,b18c84356ebc93b62b0aebef0cc19b22ed4869ce3c56e0a24cce160b55ae48ea,200
1914,warmińsko-mazurskie,nidzicki,Nidzica,gmina miejsko-wiejska,2811043,2019,OK,,tekst,https://bip.nidzica.pl/system/pobierz.php?id=25938,dostęp_bezpośredni,3e01ff5028c99cb829b5c63d99f616d08f27bbddeca532b6a34d7b3c5924477c,200
1915,warmińsko-mazurskie,nidzicki,Nidzica,gmina miejsko-wiejska,2811043,2020,OK,,tekst,https://bip.nidzica.pl/system/pobierz.php?plik=Raport_o_stanie_gminy_2021.pdf&id=54177b6d4053051dbebcb51c68bcf457&stats=true,dostęp_bezpośredni,5c3dc39a38a91d96a344dd88fd255598d12ad2ff6e29c463d304172513b6cbe2,200
1916,warmińsko-mazurskie,nidzicki,Nidzica,gmina miejsko-wiejska,2811043,2021,OK,,tekst,https://bip.nidzica.pl/system/pobierz.php?plik=Ostateczny_Raport_2021.pdf&id=df25fc162b6a664cca741ed2ae8c5750&stats=true,dostęp_bezpośredni,bc3af9fbdaabe77b87a21f554b43d0b293f680a8f20e9ebcf7b7f6d9983b7709,200
1917,warmińsko-mazurskie,nidzicki,Nidzica,gmina miejsko-wiejska,2811043,2022,OK,,tekst,https://bip.nidzica.pl/system/pobierz.php?plik=RAPORT_za_2022.pdf&id=e61edae16116cd2a5faa9ead2cea7d9c&stats=true,dostęp_bezpośredni,f991177b90af13e29120d5d765460ca7435ecd3f09155c3ce47241940eeef836,200
1918,warmińsko-mazurskie,nidzicki,Nidzica,gmina miejsko-wiejska,2811043,2023,OK,,tekst,https://bip.nidzica.pl/system/pobierz.php?plik=raport_o_stanie_Gminy_za_2023.pdf&id=ad56b999ded9b138e803181127b3d0b0&stats=true,dostęp_bezpośredni,6ef0582f701ef38a0a16f0cd78ac5f709ea88bfba6a24d184fc574d9baa60a76,200
1919,warmińsko-mazurskie,nidzicki,Nidzica,gmina miejsko-wiejska,2811043,2024,OK,,tekst,https://bip.nidzica.pl/system/pobierz.php?plik=Raport_za_2024_rok.pdf&id=8f082b47347e52100cb080b80ac8bb95&stats=true,dostęp_bezpośredni,535dba42384448d6efb8ef67bb757b4354a186c0843dce4f44dbd9212406b83c,200
1920,warmińsko-mazurskie,nidzicki,Nidzica,gmina miejsko-wiejska,2811043,2025,OK,,tekst,https://bip.nidzica.pl/system/pobierz.php?plik=Raport2025.pdf&id=e72bafb4bbeacc0f53d8427c132050f2&stats=true,dostęp_bezpośredni,46aa2bbc5a9ecbdc495d9592bbd79d21f6d473929f4e5c6724427034b46c071f,200
1921,warmińsko-mazurskie,olecki,Kowale Oleckie,gmina wiejska,2813032,2018,OK,,tekst,https://bip-v1-files.idcom-jst.pl/sites/3092/wiadomosci/474474/files/raport_o_stanie_gminy_kowale_oleckie_za_2018.pdf,dostęp_bezpośredni,7d25ae583dbbc788dc5c43229b7d943944ec9d5c12dea8ab895f6a0ce789eeef,200
1922,warmińsko-mazurskie,olecki,Kowale Oleckie,gmina wiejska,2813032,2019,OK,,tekst,https://bip-v1-files.idcom-jst.pl/sites/3092/wiadomosci/759368/files/raport_o_stanie_gminy_za_2019.pdf,dostęp_bezpośredni,2227237e8bff6568943960646bc3bbbec9fffdc88f962523e766a489524573a2,200
1923,warmińsko-mazurskie,olecki,Kowale Oleckie,gmina wiejska,2813032,2020,OK,,tekst,https://bip-v1-files.idcom-jst.pl/sites/3092/wiadomosci/759367/files/raport_o_stanie_gminy_za_2020.pdf,dostęp_bezpośredni,aaa710ec8ef7ece85faf66205922d8c71fca8a1031260b1cb7c8016bd1cd924f,200
1924,warmińsko-mazurskie,olecki,Kowale Oleckie,gmina wiejska,2813032,2021,OK,,tekst,https://bip-v1-files.idcom-jst.pl/sites/3092/wiadomosci/759366/files/raport_za_2021.pdf,dostęp_bezpośredni,18953dd81e96a7a8d52d33b912dec62064d22eaaf580754e24988d930baa0407,200
1925,warmińsko-mazurskie,olecki,Kowale Oleckie,gmina wiejska,2813032,2022,OK,,tekst,https://bip-v1-files.idcom-jst.pl/sites/3092/wiadomosci/759365/files/raport_gminy_kowale_oleckie_za_2022.pdf,dostęp_bezpośredni,bfef7454dda59e8f19da07c0b76bb9e281e24c39de84340d02330a04f3769a4a,200
1926,warmińsko-mazurskie,olecki,Kowale Oleckie,gmina wiejska,2813032,2023,OK,,tekst,https://bip-v1-files.idcom-jst.pl/sites/3092/wiadomosci/759141/files/raport_gminy_kowale_oleckie_za_2023docx.pdf,dostęp_bezpośredni,be0cf0dd32fb29771b04b56069cbb4aab5235d7508c5aeff62f9edba6713e3e8,200
1927,warmińsko-mazurskie,olecki,Kowale Oleckie,gmina wiejska,2813032,2024,OK,,tekst,https://bip-v1-files.idcom-jst.pl/sites/3092/wiadomosci/828901/files/raport_gminy_kowale_oleckie_za_2024.docx.pdf,dostęp_bezpośredni,db390dca6a6bc72dabd942a57d4eaffe8c39cd91b04a97977ee541582d3abd62,200
1928,warmińsko-mazurskie,olecki,Kowale Oleckie,gmina wiejska,2813032,2025,OK,,tekst,https://bip-v1-files.idcom-jst.pl/sites/3092/wiadomosci/886757/files/raport_o_stanie_gminy_2025.pdf,dostęp_bezpośredni,c26608cda6d7cf247016288868778d097818cf50554cbe568294596637897861,200
1929,warmińsko-mazurskie,olecki,Olecko,gmina miejsko-wiejska,2813043,2018,BRAK,,brak,,,,BRAK_URL (dowód istnienia)
1930,warmińsko-mazurskie,olecki,Olecko,gmina miejsko-wiejska,2813043,2019,BRAK,,brak,,,,BRAK_URL (dowód istnienia)
1931,warmińsko-mazurskie,olecki,Olecko,gmina miejsko-wiejska,2813043,2020,OK,html (interaktywny),tekst,https://olecko-2020.curulis.pl/raport-2020,"dowód: raport 2020 (interaktywny olecko-2020.curulis.pl, obejmuje 2017-2020); 2021-2025 na bip.olecko.pl | poprawka: curulis.pl (wersja interaktywna raportu; zarządzenie ORN.0050.69.2021)",d9328240c820936830375542b96031236be1d4c82cb0ec21e74318347f5a99fd,zastosowano znalezione/poprawke
1932,warmińsko-mazurskie,olecki,Olecko,gmina miejsko-wiejska,2813043,2021,OK,,tekst,https://bip.olecko.pl/download/attachment/426/zarzadzenie-burmistrza-olecka-w-sprawie-przedstawienia,dostęp_bezpośredni,2518d9f3a1bfe12c5301eb0c6e717afa8e5eec7b6c4fcece60050e191b97ee7b,200
1933,warmińsko-mazurskie,olecki,Olecko,gmina miejsko-wiejska,2813043,2022,OK,,tekst,https://bip.olecko.pl/download/attachment/1148/zarzadzenie-burmistrza-olecka-w-sprawie-przedstawieni,dostęp_bezpośredni,3aac4b065f8b52c181bb54251ee111a018ecd6e953ad312913fc0b4c0fea087b,200
1934,warmińsko-mazurskie,olecki,Olecko,gmina miejsko-wiejska,2813043,2023,OK,,tekst,https://bip.olecko.pl/download/attachment/3380/raport-o-stanie-gminy-2023.pdf?v=1716989575,dostęp_bezpośredni,840c9b280f50157d4992264b9562269082246b2ec818c76db58dd0ff96760d2a,200
1935,warmińsko-mazurskie,olecki,Olecko,gmina miejsko-wiejska,2813043,2024,OK,,tekst,https://bip.olecko.pl/download/attachment/5443/zarzadzenie-nr-orn0050902025-z-dnia-30-maja-2025,dostęp_bezpośredni,6b214ee31e7c61865c0feacefd159cb62b277b16556a9743b6e84245a91896ab,200
1936,warmińsko-mazurskie,olecki,Olecko,gmina miejsko-wiejska,2813043,2025,OK,,tekst,https://bip.olecko.pl/download/attachment/7260/zarzadzenie-nr-orn0050662026-w-sprawie-przedstawienia,dostęp_bezpośredni,c18c4dd07d0fba90a4464926ca8b776842e47ada6e3807b5ea9b9da74ad8846e,200
1937,warmińsko-mazurskie,olecki,Wieliczki,gmina wiejska,2813062,2018,BRAK,,brak,brak,dogłębne sprawdzenie - brak dowodu istnienia,,BRAK_URL (niepowstały)
1938,warmińsko-mazurskie,olecki,Wieliczki,gmina wiejska,2813062,2019,OK,,tekst,https://bip-v1-files.idcom-jst.pl/sites/3130/wiadomosci/534791/files/raport_o_stanie_gminy_2019.odt,dostęp_bezpośredni,007193de6549d00ca80b60dd0e3f117ad981393be4cb2b13c7173f39a9a076f6,200
1939,warmińsko-mazurskie,olecki,Wieliczki,gmina wiejska,2813062,2020,OK,,tekst,https://bip-v1-files.idcom-jst.pl/sites/3130/wiadomosci/574504/files/raport_o_stanie_gminy_2020.pdf,dostęp_bezpośredni,af3ce7de75029b47a605b53f01dd6d0cf998ce381628cfbdbdc0430a2eb4df3c,200
1940,warmińsko-mazurskie,olecki,Wieliczki,gmina wiejska,2813062,2021,OK,,tekst,https://bip-v1-files.idcom-jst.pl/sites/3130/wiadomosci/633015/files/raport_o_stanie_gminy_wieliczki_za_rok_2021.pdf,dostęp_bezpośredni,04f24275ca56509fb66094d2f6330feade03915fb2e89d3056d65dd2700350d5,200
1941,warmińsko-mazurskie,olecki,Wieliczki,gmina wiejska,2813062,2022,OK,,tekst,https://bip-v1-files.idcom-jst.pl/sites/3130/wiadomosci/745424/files/raport_o_stanie_gminy_2022.pdf,dostęp_bezpośredni,46176c82c99285c8d3e52240a02135d764bae4750a5843aefcee3e6e95975d2a,200
1942,warmińsko-mazurskie,olecki,Wieliczki,gmina wiejska,2813062,2023,OK,,tekst,https://bip-v1-files.idcom-jst.pl/sites/3130/wiadomosci/756311/files/raport_o_stanie_gminy_wieliczki.pdf,dostęp_bezpośredni,dac0c6fd10f0d2ba58a46216195645e065d5292bd07edbbe2470821b0c5d3154,200
1943,warmińsko-mazurskie,olecki,Wieliczki,gmina wiejska,2813062,2024,OK,,tekst,https://bip-v1-files.idcom-jst.pl/sites/3130/wiadomosci/818955/files/raport_o_stanie_gminy_wieliczki_za_2024_r..pdf,dostęp_bezpośredni,8677855f620395af9b994c70864664b82810d3ff21113bfda2eb07b61e0a2021,200
1944,warmińsko-mazurskie,olecki,Wieliczki,gmina wiejska,2813062,2025,OK,,tekst,https://bip-v1-files.idcom-jst.pl/sites/3130/wiadomosci/884477/files/raport_o_stanie_gminy_za_2025.pdf,dostęp_bezpośredni,d4190785d5f4d91f8e8f2cd8957f0ac18f9c10bd85fcd2c980a8b7b142182b01,200
1945,warmińsko-mazurskie,olecki,Świętajno,gmina wiejska,2813052,2018,OK,,tekst,https://bip.swietajno.ug.gov.pl/system/pobierz.php?plik=Raport_o_stanie_gminy_2018.pdf&id=7266bf2bfef121ab94d28f2009335a24,dostęp_bezpośredni,6a3fd7b03ac64a0d48dbd9bce78ba07879c72ec4ee57ad62ad80c530668afd7d,200
1946,warmińsko-mazurskie,olecki,Świętajno,gmina wiejska,2813052,2019,OK,,skan,https://bip.swietajno.ug.gov.pl/system/pobierz.php?plik=RAPORT_O_STANIE_GMINY_SWIETAJNO_ZA_2019_rok..pdf&id=b3ffb12ecf1ac5daee623e8195ab3435,dostęp_bezpośredni,8cf1d578c7156627969a5215a9ed002818efc5ef34af9d7020095505edf974ae,200
1947,warmińsko-mazurskie,olecki,Świętajno,gmina wiejska,2813052,2020,OK,,skan,https://bip.swietajno.ug.gov.pl/system/pobierz.php?plik=Raport2020.pdf&id=1c120ebf010af7b4efe44ff237a7f768,dostęp_bezpośredni,84a90e841a67854bf48955ba8053ae3d372751956d643b6ae1ddad09ac3e5c67,200
1948,warmińsko-mazurskie,olecki,Świętajno,gmina wiejska,2813052,2021,OK,,tekst,https://bip.swietajno.ug.gov.pl/system/pobierz.php?plik=Raport.docx_2021.pdf&id=f6ecf471b3c079b1cb73a08e1c9bd433,dostęp_bezpośredni,fbc9dc6eb951171f8d71013f11e71e23e306d30fba06a2395e206514587fc762,200
1949,warmińsko-mazurskie,olecki,Świętajno,gmina wiejska,2813052,2022,OK,,skan,https://bip.swietajno.ug.gov.pl/system/pobierz.php?plik=Raport.pdf&id=869481bf08f791f5646838b72b804ddf,dostęp_bezpośredni,4455754492541b0ff612c70269e5e69654d5e5b32b14167310cbcbec97f40c5c,200
1950,warmińsko-mazurskie,olecki,Świętajno,gmina wiejska,2813052,2023,OK,,skan,https://bip.swietajno.ug.gov.pl/system/pobierz.php?plik=Raport-2023.pdf&id=73ae101b14e8584d475ef3ff4a2245d7,dostęp_bezpośredni,7a81d6e03f6eb3a6e3f6c370554bff415c84195411f62ce7207c252d7514ba29,200
1951,warmińsko-mazurskie,olecki,Świętajno,gmina wiejska,2813052,2024,OK,,skan,https://bip.swietajno.ug.gov.pl/system/pobierz.php?plik=Raport_o_stanie_gminy_za_2024_rok.pdf&id=64b16353bd5c6eeeaf094b5edd0da37b,dostęp_bezpośredni,d1aad33df58d905797ea7ee9f28e55e448c74caf1e12ad8fda34ad92bb36cd2f,200
1952,warmińsko-mazurskie,olecki,Świętajno,gmina wiejska,2813052,2025,OK,,skan,https://bip.swietajno.ug.gov.pl/system/pobierz.php?plik=Raport_2025.pdf&id=c297d1c4e26da3379f095d69b5a8b86d,dostęp_bezpośredni,06c0dd31e7105969f6db9c64a319c6e9fe74cb8c5197549ba2efc5fb07de2f5f,200
1953,warmińsko-mazurskie,olsztyński,Barczewo,gmina miejsko-wiejska,2814013,2018,OK,,tekst,https://archiwum.bip.barczewo.pl/pliki/19226/Raport_Gminy_Barczewo.pdf,dostęp_bezpośredni,2d9e2d0025bf1edc3a1adc4e433290c14bd148ab53cf478f533a53a75c935742,200
1954,warmińsko-mazurskie,olsztyński,Barczewo,gmina miejsko-wiejska,2814013,2019,BRAK,,brak,brak,"dowód: sekcja 'Raport o stanie Gminy' na bip.barczewo.pl (znalezione 2021-2024) | status_update: dowód: porządek obrad sesji XXI/2020 RM Barczewo (25.06.2020, archiwum a9121) pkt 5 ""Przedstawienie raportu o stanie gminy"" + pkt 6 debata; brak pliku na stronie sesji (tylko lista obecności i wykaz głosowania); sekcja bip.barczewo.pl/3599 obejmuje dopiero 2021-2025; archiwum (c464/c478) tylko 2021/2022; brak w Google/Wayback; sprawdzono rejestr zarządzeń 2020 (a8551) - duże pliki to zmiany budżetu i sprawozdanie budżetowe",,BRAK_URL (dowód istnienia - nieopublikowany)
1955,warmińsko-mazurskie,olsztyński,Barczewo,gmina miejsko-wiejska,2814013,2020,BRAK,,brak,brak,"dowód: sekcja 'Raport o stanie Gminy' na bip.barczewo.pl (znalezione 2021-2024) | status_update: dowód: porządek obrad sesji XXXIII/2021 RM Barczewo (27.05.2021, archiwum a9914) pkt 5 ""Przedstawienie raportu o stanie gminy Barczewo za 2020 rok""; plik nie opublikowany (BIP od 2021; archiwum brak; Google brak)",,BRAK_URL (dowód istnienia - nieopublikowany)
1956,warmińsko-mazurskie,olsztyński,Barczewo,gmina miejsko-wiejska,2814013,2021,OK,,tekst,https://bip.barczewo.pl/download/attachment/950/raport-o-stanie-gminy-barczewo-za-rok-2021.pdf,dostęp_bezpośredni,c8834de0c4f9778cc90f0acb41d72942f241b1590f41bcf1005e5758e1eccfbf,200
1957,warmińsko-mazurskie,olsztyński,Barczewo,gmina miejsko-wiejska,2814013,2022,OK,,tekst,https://bip.barczewo.pl/download/attachment/951/raport-o-stanie-gminy-barczewo-za-rok-2022.pdf,dostęp_bezpośredni,b4a823bb7126e5638cb5c620b1e1b23a90abbd3bfdadaa4afc9161e79f3cb1b6,200
1958,warmińsko-mazurskie,olsztyński,Barczewo,gmina miejsko-wiejska,2814013,2023,OK,,tekst,https://bip.barczewo.pl/download/attachment/2259/raport-o-stanie-gminy-barczewo-za-rok-2023.pdf,dostęp_bezpośredni,cc2b583e8431b74bb883efb5b038be7a69fef2e55e13780d106208a5d63061e3,200
1959,warmińsko-mazurskie,olsztyński,Barczewo,gmina miejsko-wiejska,2814013,2024,OK,,tekst,https://bip.barczewo.pl/download/attachment/4009/raport-o-stanie-gminy-barczewo-za-rok-2024.pdf,dostęp_bezpośredni,e8fd5df9701999c490353806a6baabfe6ff58b9602211afc816a0b6adf1fd762,200
1960,warmińsko-mazurskie,olsztyński,Barczewo,gmina miejsko-wiejska,2814013,2025,OK,,tekst,https://bip.barczewo.pl/download/attachment/5898/raport-o-stanie-gminy-barczewo-za-rok-2025.pdf,dostęp_bezpośredni,9aaaf2b1e6711ba1055ae23cce2cbc4e349044b1ec0e23aacd67e6bb0f07d958,200
1961,warmińsko-mazurskie,olsztyński,Biskupiec,gmina miejsko-wiejska,2814023,2018,BRAK,,brak,brak,dogłębne sprawdzenie (web search + BIP + Wayback) - brak dowodu istnienia,,BRAK_URL (niepowstały)
1962,warmińsko-mazurskie,olsztyński,Biskupiec,gmina miejsko-wiejska,2814023,2019,BRAK,,brak,brak,dogłębne sprawdzenie (web search + BIP + Wayback) - brak dowodu istnienia,,BRAK_URL (niepowstały)
1963,warmińsko-mazurskie,olsztyński,Biskupiec,gmina miejsko-wiejska,2814023,2020,BRAK,,brak,brak,dogłębne sprawdzenie (web search + BIP + Wayback) - brak dowodu istnienia,,BRAK_URL (niepowstały)
1964,warmińsko-mazurskie,olsztyński,Biskupiec,gmina miejsko-wiejska,2814023,2021,OK,,tekst,https://biskupiec.pl/wp-content/uploads/2022/06/Raport-2021-2.pdf,dostęp_bezpośredni (wył. weryf. SSL),224ef2c45c62195a8062cbe03748d5be2e8fea3c560b0b9e6676d0b5145a7539,200 (po wył. weryf. SSL)
1965,warmińsko-mazurskie,olsztyński,Biskupiec,gmina miejsko-wiejska,2814023,2022,OK,,tekst,https://biskupiec.pl/wp-content/uploads/2023/06/raport-ostateczny.docx,dostęp_bezpośredni (wył. weryf. SSL),afe5af87339962854e6eb4d3f7ab97d2d963fb207599b090773e156d05270e98,200 (po wył. weryf. SSL)
1966,warmińsko-mazurskie,olsztyński,Biskupiec,gmina miejsko-wiejska,2814023,2023,OK,,tekst,https://biskupiec.pl/wp-content/uploads/2024/06/raport-o-stanie-gminy-2023-wer.-ostateczna.docx,dostęp_bezpośredni (wył. weryf. SSL),a22964e8d127bda2b815f9b8ed7ce7154ca7e7134fa4726e9a555e6db52c9946,200 (po wył. weryf. SSL)
1967,warmińsko-mazurskie,olsztyński,Biskupiec,gmina miejsko-wiejska,2814023,2024,OK,,tekst,https://biskupiec.pl/wp-content/uploads/2025/06/Raport-o-stanie-Gminy-2024-Natalia.docx,dostęp_bezpośredni (wył. weryf. SSL),7efaf87c96134d87ad36bdacfb8f08a600421887cebb34f287551826eaa275fa,200 (po wył. weryf. SSL)
1968,warmińsko-mazurskie,olsztyński,Biskupiec,gmina miejsko-wiejska,2814023,2025,OK,,tekst,https://biskupiec.pl/wp-content/uploads/2026/06/Raport-o-stanie-Gminy-2025.docx,dostęp_bezpośredni (wył. weryf. SSL),f74fcee6034a993daf41c4e62d3209d66b6b8f7ab543c7e7b21941d96a211bf5,200 (po wył. weryf. SSL)
1969,warmińsko-mazurskie,olsztyński,Kolno,gmina wiejska,2814082,2018,OK,pdf,skan,https://bip.kolno-gmina.pl/system/pobierz.php?plik=Raport_o_stanie_Gminy_Kolno_za_2018_r..pdf&id=419ef904608a68f62d1c657cbd5329a9&stats=true,dostęp_bezpośredni | poprawka: dostęp_bezpośredni (bip.kolno-gmina.pl sekcja 195); zastąpiło raport gminy Kolno PODLASKIE; wizualnie zweryfikowano 'WÓJT GMINY KOLNO 11-311 woj. warmińsko-mazurskie RAPORT ZA 2018r.',2d4966b3633e2774d6e5c0ecee6d3b41881123fef3ed3a7b2b173b12c7b158a4,zastosowano znalezione/poprawke
1970,warmińsko-mazurskie,olsztyński,Kolno,gmina wiejska,2814082,2019,OK,,skan,https://bip.kolno-gmina.pl/system/pobierz.php?plik=1.pdf&id=8b404238892220230359bd4feeee95ee,dostęp_bezpośredni,d4eda554e75b792185c7b9b21b2ccf43e78281138116603d4542d2e30e8ecd59,200
1971,warmińsko-mazurskie,olsztyński,Kolno,gmina wiejska,2814082,2020,OK,,skan,https://bip.kolno-gmina.pl/system/pobierz.php?plik=Raport_o_stanie_gminy_Kolno_za_2020_rok.pdf&id=0983dd8be3b9265d282eee1d37beda3d,dostęp_bezpośredni,eb556f2815e24b1705b1b5d7dad2a319f8a18b1a8aa84bf496d816fe63890a44,200
1972,warmińsko-mazurskie,olsztyński,Kolno,gmina wiejska,2814082,2021,OK,,tekst,https://bip.kolno-gmina.pl/system/pobierz.php?plik=RAPORT_O_STANIE_Gminy_za_2021r.pdf&id=83266a58a3563cb150e3fc6f0a425dd9,dostęp_bezpośredni,f285e2c8c54563658db966b1e7fd2df381550c908a3a0527cf16dc0afb0b1796,200
1973,warmińsko-mazurskie,olsztyński,Kolno,gmina wiejska,2814082,2022,OK,,tekst,https://bip.kolno-gmina.pl/system/pobierz.php?plik=RAPORT__O__STANIE__GMINY_za_2022.pdf&id=06f5cfb1e45040c466ab1dfa34c84454,dostęp_bezpośredni,d0839285427ec389d14d7b75a178acd7f8282b96ce126af90a78227326a8e0c5,200
1974,warmińsko-mazurskie,olsztyński,Kolno,gmina wiejska,2814082,2023,OK,,tekst,https://bip.kolno-gmina.pl/system/pobierz.php?plik=RAPORT_O_STANIE_GMINY_KOLNO_za_2023.pdf&id=bb964092c81286ea3033412c218f3157,dostęp_bezpośredni,f54ede99a170313afef7c4cf8a23af2a7bab79a51447fc0c424cfdeb6aedb90b,200
1975,warmińsko-mazurskie,olsztyński,Kolno,gmina wiejska,2814082,2024,OK,,tekst,https://bip.kolno-gmina.pl/system/pobierz.php?plik=RAPORT_O_STANIE_GMINY_KOLNO_za_2024.pdf&id=02068e995082947f2fef6d103e6fb039,dostęp_bezpośredni,982ed1332c82595e9d3ad421bc6234ccf7afdad4849a087cbedb49fb4dc52044,200
1976,warmińsko-mazurskie,olsztyński,Kolno,gmina wiejska,2814082,2025,OK,pdf,tekst,https://bip.kolno-gmina.pl/system/pobierz.php?plik=RAPORT_O_STANIE_GMINY_KOLNO_za_2025_z_autopoprawka.pdf&id=60ff31e9cdbf9beea8748bdb295156d1&stats=true,dostęp_bezpośredni | poprawka: dostęp_bezpośredni (bip.kolno-gmina.pl sekcja 313); zastąpiło raport dostępności PP w Zabielu (ugkolno 119993),05cf9fcbb677f46b451de36596e80d56f10c468bb2f94418234bba8ba36f8227,zastosowano znalezione/poprawke
1977,warmińsko-mazurskie,olsztyński,Purda,gmina wiejska,2814102,2018,OK,,skan,https://bip-v1-files.idcom-jst.pl/sites/47160/cms/szablony/22093/pliki/762019.pdf,dostęp_bezpośredni,dfca6aeb287ee6110e9c39fe507f5e6b2dc2af52fbe20bd97417b0c6a282d913,200
1978,warmińsko-mazurskie,olsztyński,Purda,gmina wiejska,2814102,2019,OK,,tekst,https://bip-v1-files.idcom-jst.pl/sites/47160/cms/szablony/22092/pliki/zalacznik_do_zarzadzenia_nr_902020.pdf,dostęp_bezpośredni,1b0c77d870776e1fcf5badd2c620694f4f5a155c9f88bdfbb2a4e9881879a985,200
1979,warmińsko-mazurskie,olsztyński,Purda,gmina wiejska,2814102,2020,OK,,skan,https://bip-v1-files.idcom-jst.pl/sites/47160/cms/szablony/22091/pliki/nr_9220211.pdf,dostęp_bezpośredni,4bb7593d4b4fec323a1a1fb760994ef57231e6a41e2171b360d8150f86574ca6,200
1980,warmińsko-mazurskie,olsztyński,Purda,gmina wiejska,2814102,2021,OK,,tekst,https://bip-v1-files.idcom-jst.pl/sites/47160/cms/szablony/22090/pliki/nr_912022_raport.pdf,dostęp_bezpośredni,7b525394033eef9f76436eea9044e6b66dab29be86d9f8ceb8eb5e49c888836d,200
1981,warmińsko-mazurskie,olsztyński,Purda,gmina wiejska,2814102,2022,OK,,skan,https://bip-v1-files.idcom-jst.pl/sites/47160/cms/szablony/22089/pliki/nr_1052023cz1.pdf,dostęp_bezpośredni,ead444d16c89136e6619c2796cd230fac50e854165a5b3541f3b0d1ffee9ca17,200
1982,warmińsko-mazurskie,olsztyński,Purda,gmina wiejska,2814102,2023,OK,,tekst,https://bip-v1-files.idcom-jst.pl/sites/47160/cms/szablony/27030/pliki/raport_o_stanie_gminy_purda_za_2023_r.pdf,dostęp_bezpośredni,4bd9ed310d57913c69a3c7e4b7c3bc2312f352f1b412502df513f85955eb91d6,200
1983,warmińsko-mazurskie,olsztyński,Purda,gmina wiejska,2814102,2024,OK,,tekst,https://bip-v1-files.idcom-jst.pl/sites/47160/cms/szablony/27029/pliki/zarzadzenie_802025.pdf,dostęp_bezpośredni,3a533e9de0c7ae5a2dc29cbecb123c5d65a87df69f0c89d4d620e018100cc51f,200
1984,warmińsko-mazurskie,olsztyński,Purda,gmina wiejska,2814102,2025,OK,,tekst,https://bip-v1-files.idcom-jst.pl/sites/47160/cms/szablony/30036/pliki/raport_o_stanie_gminy_purda_za_2025_rok_.pdf,dostęp_bezpośredni,477fe50060f7a242ca1fc8a9841ad89d4151f01f6280fafabad8f9a6c339a68e,200
1985,warmińsko-mazurskie,olsztyński,Stawiguda,gmina wiejska,2814112,2018,OK,,tekst,https://bip-v1-files.idcom-jst.pl/sites/3121/wiadomosci/474335/files/raport_052019.pdf,dostęp_bezpośredni,93ce8fad136c41e3567f80a370be2a0def6eb698849469ee5fa41c23967cd8da,200
1986,warmińsko-mazurskie,olsztyński,Stawiguda,gmina wiejska,2814112,2019,OK,html (PowerBI),interaktywny,https://app.powerbi.com/view?r=eyJrIjoiYmFjMWUwM2QtNWU0ZC00NTQ1LWE1ZmUtOGJmM2I1MjRlZWJiIiwidCI6Ijc0NjMzZDhiLTQ2OTYtNDNhNC1hZjM0LTFiNTI3OWI3NjBmYSIsImMiOjl9,dowód: roczne raporty na bip.stawiguda.pl / idcom-jst (2019 do zlokalizowania) | znalezione: PowerBI (link z wiadomości BIP bip.stawiguda.pl/wiadomosc/524122; PDF na GDrive usunięty),,zastosowano znalezione/poprawke
1987,warmińsko-mazurskie,olsztyński,Stawiguda,gmina wiejska,2814112,2020,OK,,tekst,https://bip-v1-files.idcom-jst.pl/sites/3121/wiadomosci/574692/files/raport_o_stanie_gminy_31052021.pdf,dostęp_bezpośredni,3ed98a332d37d8e908938fc1d88868e25642d49fd7072a3bb8144e454d6539db,200
1988,warmińsko-mazurskie,olsztyński,Stawiguda,gmina wiejska,2814112,2021,OK,,tekst,https://bip-v1-files.idcom-jst.pl/sites/3121/wiadomosci/632838/files/raport_2021.pdf,dostęp_bezpośredni,00c49145bc163f7b0a3b36bfab1840c151bf706078f61b47876fe23d21f6883b,200
1989,warmińsko-mazurskie,olsztyński,Stawiguda,gmina wiejska,2814112,2022,OK,,tekst,https://bip-v1-files.idcom-jst.pl/sites/3121/wiadomosci/689668/files/raport_2022.pdf,dostęp_bezpośredni,6943ba22a41cebf2b5674dd46a56b6ddb7a892ccd287af90fb508a4be0baa5e5,200
1990,warmińsko-mazurskie,olsztyński,Stawiguda,gmina wiejska,2814112,2023,OK,,tekst,https://bip-v1-files.idcom-jst.pl/sites/3121/wiadomosci/757113/files/raport_2023__projekt_z_dn_240424.pdf,dostęp_bezpośredni,c76b0320b467c80653d6abb3cb2b3f6472d9686137605268ef82aca28baf0477,200
1991,warmińsko-mazurskie,olsztyński,Stawiguda,gmina wiejska,2814112,2024,OK,,tekst,https://bip-v1-files.idcom-jst.pl/sites/3121/wiadomosci/824080/files/raport_o_stanie_gmminy_za_rok_2024.pdf,dostęp_bezpośredni,dc6d593be0c8e9d68ccf4ca80bb58daa48f96aae6000d02986473ad6267ee375,200
1992,warmińsko-mazurskie,olsztyński,Stawiguda,gmina wiejska,2814112,2025,OK,,tekst,https://bip-v1-files.idcom-jst.pl/sites/3121/wiadomosci/888185/files/raport_o_stanie_gminy_2025_.pdf,dostęp_bezpośredni,4037c9e27b3a265701cd63cb58dc264363e345c20c5fe960f23626c2a3362837,200
1993,warmińsko-mazurskie,piski,Biała Piska,gmina miejsko-wiejska,2816013,2018,BRAK,,brak,brak,dogłębne sprawdzenie (web search + BIP + Wayback) - brak dowodu istnienia,,BRAK_URL (niepowstały)
1994,warmińsko-mazurskie,piski,Biała Piska,gmina miejsko-wiejska,2816013,2019,OK,,tekst,https://www.bialapiska.pl/Common/pobierzPlik/id/518/module_short/port/obj_id/3517/culture/pl/version/pub.html,dostęp_bezpośredni,9451a27daca4756c63e3d2286d11809939dd67c35f3e232237fedb1f80870a9f,200
1995,warmińsko-mazurskie,piski,Biała Piska,gmina miejsko-wiejska,2816013,2020,OK,,skan,https://bip.bialapiska.pl/Common/pobierzPlik/id/1654/module_short/port/obj_id/3604/culture/pl/version/pub.html,dostęp_bezpośredni,2e8676162b9140b26515b76dd5af593049d7687b448f4223631fe98db30ee7ec,200
1996,warmińsko-mazurskie,piski,Biała Piska,gmina miejsko-wiejska,2816013,2021,OK,,tekst,https://bip.bialapiska.pl/Common/pobierzPlik/id/1975/module_short/port/obj_id/3688/culture/pl/version/pub.html,dostęp_bezpośredni,66ceb262eae32ee8fb7a1973d8403dec8f6a731300c49639724e68aefa783580,200
1997,warmińsko-mazurskie,piski,Biała Piska,gmina miejsko-wiejska,2816013,2022,OK,,tekst,https://bip.bialapiska.pl/Common/pobierzPlik/id/2105/module_short/port/obj_id/3722/culture/pl/version/pub.html,dostęp_bezpośredni,db190e69fcc53967f3c6c6db3c2ec07c70c679791b2199656cbd7cbc0c6a7b07,200
1998,warmińsko-mazurskie,piski,Biała Piska,gmina miejsko-wiejska,2816013,2023,OK,,tekst,https://bip.bialapiska.pl/Common/pobierzPlik/id/2426/module_short/port/obj_id/3831/culture/pl/version/pub.html,dostęp_bezpośredni,10bda82ea471ccd4c9535a5cc55b5b52c07f1bfdba79ee662ac08976ee447a3d,200
1999,warmińsko-mazurskie,piski,Biała Piska,gmina miejsko-wiejska,2816013,2024,OK,,tekst,https://bip.bialapiska.pl/Common/pobierzPlik/id/2774/module_short/port/obj_id/3913/culture/pl/version/pub.html,dostęp_bezpośredni,330e13e3212323204a95c3a450e82e06e4000bd3c409260af3c95554aaf4f934,200
2000,warmińsko-mazurskie,piski,Biała Piska,gmina miejsko-wiejska,2816013,2025,OK,,tekst,https://www.bialapiska.pl/Common/pobierzPlik/id/3100/module_short/port/obj_id/3990/culture/pl/version/pub.html,dostęp_bezpośredni,ee0d4e9fa9523e74c5f68c006e563e6e1d52e95d6df61941c822440006e32dcb,200
2001,warmińsko-mazurskie,piski,Orzysz,gmina miejsko-wiejska,2816023,2018,OK,,tekst,https://bip.orzysz.pl/download.php?id=18331,dostęp_bezpośredni,e210411ce0d22151aafaa7314c2e9d18faa7656eab05e245aa8cd9f9498a2d6a,200
2002,warmińsko-mazurskie,piski,Orzysz,gmina miejsko-wiejska,2816023,2019,OK,,tekst,https://bip.orzysz.pl/download.php?id=20181,dostęp_bezpośredni,db7c8aac1b5878eacb5e57b505a3f15fe98bb31fae31180b581e3249f7b9e404,200
2003,warmińsko-mazurskie,piski,Orzysz,gmina miejsko-wiejska,2816023,2020,OK,,tekst,https://bip.orzysz.pl/download.php?id=21902,dostęp_bezpośredni,c85d150404c3a14660ede2db64e660255dd920c4ed365f3d7b8071110a041c4e,200
2004,warmińsko-mazurskie,piski,Orzysz,gmina miejsko-wiejska,2816023,2021,OK,,tekst,https://bip.orzysz.pl/download.php?id=23288,dostęp_bezpośredni,be89b87be66e7089442dae4c2b795f04e6507b421f90a5e3223a9625a2fbf337,200
2005,warmińsko-mazurskie,piski,Orzysz,gmina miejsko-wiejska,2816023,2022,OK,,tekst,https://bip.orzysz.pl/download.php?id=24866,dostęp_bezpośredni,7d76958cb189384a81f8e71c805c593c6817fc25f4d019701f5ebc337ef8b992,200
2006,warmińsko-mazurskie,piski,Orzysz,gmina miejsko-wiejska,2816023,2023,OK,,tekst,https://bip.orzysz.pl/download.php?id=26573,dostęp_bezpośredni,fa5ce864e919b27181b67ee7643baa483585a46d46fc97b8093aefad8bcef89b,200
2007,warmińsko-mazurskie,piski,Orzysz,gmina miejsko-wiejska,2816023,2024,OK,,tekst,https://bip.orzysz.pl/download.php?id=28277,dostęp_bezpośredni,c38e2a16e336147e64e7d4be628381fc8cc944858d6cb9d06816a41f36f619ea,200
2008,warmińsko-mazurskie,piski,Orzysz,gmina miejsko-wiejska,2816023,2025,OK,,tekst,https://bip.orzysz.pl/download.php?id=29729,dostęp_bezpośredni,659c54325b83eeec5ba22eb4e779cf2b929d28f1ba2cb724761e05ecbe89ad89,200
2009,warmińsko-mazurskie,piski,Pisz,gmina miejsko-wiejska,2816033,2018,BRAK,,brak,brak,dogłębne sprawdzenie (web search + BIP + Wayback) - brak dowodu istnienia,,BRAK_URL (niepowstały)
2010,warmińsko-mazurskie,piski,Pisz,gmina miejsko-wiejska,2816033,2019,OK,,tekst,https://bip.pisz.hi.pl/download.php?id=21260,dostęp_bezpośredni,85b0ad8d7480a61b421bcba60b46be63edd2fb4249f8ac5b6fa808ad6794fca0,200
2011,warmińsko-mazurskie,piski,Pisz,gmina miejsko-wiejska,2816033,2020,BRAK,,brak,brak,dogłębne sprawdzenie (web search + BIP + Wayback) - brak dowodu istnienia,,BRAK_URL (niepowstały)
2012,warmińsko-mazurskie,piski,Pisz,gmina miejsko-wiejska,2816033,2021,OK,,tekst,https://bip.pisz.hi.pl/download.php?id=23911,dostęp_bezpośredni,cd3cbaffc34dcc52ed982774784bde88ea29345f0ac16374b824e2850ea6ff6e,200
2013,warmińsko-mazurskie,piski,Pisz,gmina miejsko-wiejska,2816033,2022,BRAK,,brak,brak,dogłębne sprawdzenie (web search + BIP + Wayback) - brak dowodu istnienia,,BRAK_URL (niepowstały)
2014,warmińsko-mazurskie,piski,Pisz,gmina miejsko-wiejska,2816033,2023,OK,,tekst,https://www.pisz.pl/attch/news_attch-2607-5710-1719819204.pdf,dostęp_bezpośredni,173fd7cbc18595b1c1add0ca88aa4f463f0e0583a4dbb8185091e35723d66baa,200
2015,warmińsko-mazurskie,piski,Pisz,gmina miejsko-wiejska,2816033,2024,OK,,tekst,https://bip.pisz.hi.pl/download.php?id=27942,dostęp_bezpośredni,cd807f2bad323254c409070908cc8cd6260c997acc2935f947e2d33959e221ff,200
2016,warmińsko-mazurskie,piski,Pisz,gmina miejsko-wiejska,2816033,2025,OK,,tekst,https://bip.pisz.hi.pl/download.php?id=25070,dostęp_bezpośredni,ddf99fdd9d26f2f8e8fad46719ff0c53e1f55765a08fb3004ef753ef77647cea,200
2017,warmińsko-mazurskie,piski,Ruciane-Nida,gmina miejsko-wiejska,2816043,2018,OK,,tekst,https://bip.ruciane-nida.pl/download.php?id=7427,dostęp_bezpośredni,0358f56ab7e63e20d2004f7f171a0c4360b1ba15f6c6665ebdc28b67e9da267a,200
2018,warmińsko-mazurskie,piski,Ruciane-Nida,gmina miejsko-wiejska,2816043,2019,OK,,tekst,https://bip.ruciane-nida.pl/download.php?id=8609,dostęp_bezpośredni,61f0517bea44a669fe619934e898aae7133e1538f73a00cfd81bfcfc9b2515e9,200
2019,warmińsko-mazurskie,piski,Ruciane-Nida,gmina miejsko-wiejska,2816043,2020,OK,,tekst,https://bip.ruciane-nida.pl/download.php?id=9737,dostęp_bezpośredni,6965da0b07f2281550508b8f996907b23cc811bd838f4bc9aeed89236e1b925d,200
2020,warmińsko-mazurskie,piski,Ruciane-Nida,gmina miejsko-wiejska,2816043,2021,OK,,tekst,https://bip.ruciane-nida.pl/download.php?id=10772,dostęp_bezpośredni,ca0c11f5941a934d387e9d46687578e10c912bbfa98f56f98c33986b15ece7f2,200
2021,warmińsko-mazurskie,piski,Ruciane-Nida,gmina miejsko-wiejska,2816043,2022,OK,,tekst,https://bip.ruciane-nida.pl/download.php?id=11660,dostęp_bezpośredni,b680544fefe3d08d309802535a31ce4fbedc9a2e883fb3ca117afbb1d18d3be7,200
2022,warmińsko-mazurskie,piski,Ruciane-Nida,gmina miejsko-wiejska,2816043,2023,OK,,skan,https://bip.ruciane-nida.pl/download.php?id=12888,dostęp_bezpośredni,50ce220447e63dfc1e73f21425ef3a925e2a66453005047deecac63ddd72249e,200
2023,warmińsko-mazurskie,piski,Ruciane-Nida,gmina miejsko-wiejska,2816043,2024,OK,,skan,https://bip.ruciane-nida.pl/download.php?id=14046,dostęp_bezpośredni,f56923c8b512ed96e81009082ec290b93b6d55c0d5a8b6d08536cdc8923c6800,200
2024,warmińsko-mazurskie,piski,Ruciane-Nida,gmina miejsko-wiejska,2816043,2025,OK,,tekst,https://bip.ruciane-nida.pl/download.php?id=15183,dostęp_bezpośredni,ef3bed79d628205138fc2d65b3626387d230eab6e9eaa9cf3ffc356f8bcd512d,200
2025,warmińsko-mazurskie,szczycieński,Dźwierzuty,gmina wiejska,2817022,2018,BRAK,,brak,brak,"dowód: podstrony raportów 2018-2025 na gminadzwierzuty.pl (plik w treści strony) | status_update: dowód: strona portalu gminadzwierzuty.pl/strona-145 zawiadamia o sesji absolutoryjnej 28.06.2019 z przedstawieniem ""Raportu o stanie Gminy Dźwierzuty za rok 2018""; strona nie ma żadnych załączników; BIP bip.gminadzwierzuty.pl przeszukany (skan id 487-680 + sitemap-doku 2859 dok.) - brak; roczniki 2021+ mają załączniki (skany stron), starsze nie",,BRAK_URL (dowód istnienia - nieopublikowany)
2026,warmińsko-mazurskie,szczycieński,Dźwierzuty,gmina wiejska,2817022,2019,BRAK,,brak,brak,dowód: podstrony raportów 2018-2025 na gminadzwierzuty.pl (plik w treści strony) | status_update: dowód: portal strona-146 - debata nad raportem za 2019 na sesji 10.06.2020; brak załączników; BIP przeszukany (id 954-1103) - brak,,BRAK_URL (dowód istnienia - nieopublikowany)
2027,warmińsko-mazurskie,szczycieński,Dźwierzuty,gmina wiejska,2817022,2020,BRAK,,brak,brak,dowód: podstrony raportów 2018-2025 na gminadzwierzuty.pl (plik w treści strony) | status_update: dowód: portal strona-153 - przedstawienie raportu za 2020 na sesji 22.06.2021; brak załączników; BIP przeszukany (id 1411-1549) - brak,,BRAK_URL (dowód istnienia - nieopublikowany)
2028,warmińsko-mazurskie,szczycieński,Dźwierzuty,gmina wiejska,2817022,2021,OK,,skan,https://www.gminadzwierzuty.pl/strona-1004-raport_o_stanie_gminy_dzwierzuty_za_rok.html,dostęp_bezpośredni,786c796ee1c17e48eb0c6fd42840e506bcf030d94f7e559273b056fa974725c4,200
2029,warmińsko-mazurskie,szczycieński,Dźwierzuty,gmina wiejska,2817022,2022,OK,,tekst,https://www.gminadzwierzuty.pl/Common/pobierzPlik/id/569/module_short/port/obj_id/1018/culture/pl/version/pub.html,dostęp_bezpośredni,75e52a3f950d72feb5e0730029de678adf8b3367295f32bc5f7fde0121637989,200
2030,warmińsko-mazurskie,szczycieński,Dźwierzuty,gmina wiejska,2817022,2023,OK,,tekst,https://www.gminadzwierzuty.pl/Common/pobierzPlik/id/709/module_short/port/obj_id/1038/culture/pl/version/pub.html,dostęp_bezpośredni,9cefb2a04223276b2ac63472c946a49b4794c9e7f069cf86f89d20c25242ebaa,200
2031,warmińsko-mazurskie,szczycieński,Dźwierzuty,gmina wiejska,2817022,2024,OK,,tekst,https://www.gminadzwierzuty.pl/Common/pobierzPlik/id/809/module_short/port/obj_id/1046/culture/pl/version/pub.html,dostęp_bezpośredni,32937f7509ca80b93a8bb7c9e520ab946d021c693fa8560b49ac75e428598bbe,200
2032,warmińsko-mazurskie,szczycieński,Dźwierzuty,gmina wiejska,2817022,2025,OK,,tekst,https://www.gminadzwierzuty.pl/Common/pobierzPlik/id/988/module_short/port/obj_id/1067/culture/pl/version/pub.html,dostęp_bezpośredni,38d0bd0c16557e69112c24da8151a2f1e860173a2eee19e5019404e4a2a79759,200
2033,warmińsko-mazurskie,szczycieński,Jedwabno,gmina wiejska,2817032,2018,BRAK,,brak,brak,sekcja BIP ma raporty 2020-2025; 2018/2019 brak - nieopublikowane,,BRAK_URL (niepowstały)
2034,warmińsko-mazurskie,szczycieński,Jedwabno,gmina wiejska,2817032,2019,BRAK,,brak,brak,sekcja BIP ma raporty 2020-2025; 2018/2019 brak - nieopublikowane,,BRAK_URL (niepowstały)
2035,warmińsko-mazurskie,szczycieński,Jedwabno,gmina wiejska,2817032,2020,OK,,skan,https://bip.jedwabno.pl/attachment/informacja/5214/7f9349c7a1d9cfdc7091d480d0742ed18389c95a.html,dostęp_bezpośredni,268a43f970955e1443e035990de2c08b28f694b91ae49abe838cdd97b70e3547,200
2036,warmińsko-mazurskie,szczycieński,Jedwabno,gmina wiejska,2817032,2021,OK,,skan,https://bip.jedwabno.pl/attachment/informacja/7117/11c3097cde5ccb445711db8a32d340f630daf093.html,dostęp_bezpośredni,8399d5c64f63d2256faefbf31bfe4eec9e09cb84f4671bed3de9f5fe6069a032,200
2037,warmińsko-mazurskie,szczycieński,Jedwabno,gmina wiejska,2817032,2022,OK,,skan,https://bip.jedwabno.pl/attachment/informacja/8330/f70f00bbee5a5547e63ab7bb2e3d694661427531.html,dostęp_bezpośredni,cb415b62ec6dfb0e409d12b20feb6e3c15aec139866a4e2fd9b344a1602d59a9,200
2038,warmińsko-mazurskie,szczycieński,Jedwabno,gmina wiejska,2817032,2023,OK,,skan,https://bip.jedwabno.pl/attachment/informacja/9580/bbc8bc0cde54989c6eb2d71febb41e4ec6bbcd75.html,dostęp_bezpośredni,6bb73d5c0928592aa9f51ddfab9ea64f26a306c3cc9c91a2bfa9d84387881917,200
2039,warmińsko-mazurskie,szczycieński,Jedwabno,gmina wiejska,2817032,2024,OK,,skan,https://bip.jedwabno.pl/attachment/informacja/10078/8b55069f59f67d3f5cd960203c3245fae9b66124.html,dostęp_bezpośredni,400458defabd2b062e13fc84d690b5ccd76222c65f7fe73417df8b6e1b588956,200
2040,warmińsko-mazurskie,szczycieński,Jedwabno,gmina wiejska,2817032,2025,OK,,skan,https://bip.jedwabno.pl/attachment/informacja/11016/c5a58e40debbc565b9fff91c4feeac15e624751c.html,dostęp_bezpośredni,a29143b510bbd82c4479ebff9b3b9fbdb1f7d227682f99143d6ccb9469d20d94,200
2041,warmińsko-mazurskie,szczycieński,Pasym,gmina miejsko-wiejska,2817043,2018,OK,,tekst,http://tor.backup2.sam3.pl/httrack/pasym.pl.bip/bip.pasym.pl/component/phocadownload/category/Raport%20o%20stanie%20Gminy%20Pasym5e16.pdf,dostęp_bezpośredni,fc73e5b672ef52d8986e38f1bc9f77a7a71ead09e149fc498f132eae373f33c3,200
2042,warmińsko-mazurskie,szczycieński,Pasym,gmina miejsko-wiejska,2817043,2019,OK,,tekst,http://tor.backup2.sam3.pl/httrack/pasym.pl.bip/bip.pasym.pl/component/phocadownload/category/raport-o-stanie-gminy-pasym-20192a09.pdf,dostęp_bezpośredni,0820c2bc860a0ddb13374ebb287d5e8cfd9eb5b0141a9449e3fb29fb27a0c1c4,200
2043,warmińsko-mazurskie,szczycieński,Pasym,gmina miejsko-wiejska,2817043,2020,OK,,tekst,http://tor.backup2.sam3.pl/httrack/pasym.pl.bip/bip.pasym.pl/component/phocadownload/category/Raport%20o%20stanie%20Gminy%20Pasym%202020ff13.pdf,dostęp_bezpośredni,1891b354f00ca2c89fb1c0cfc2b0633dc72d00950235b3a8e4daf32ede3d6f67,200
2044,warmińsko-mazurskie,szczycieński,Pasym,gmina miejsko-wiejska,2817043,2021,OK,,tekst,http://tor.backup2.sam3.pl/httrack/pasym.pl.bip/bip.pasym.pl/component/phocadownload/category/Raport-o-stanie-Gminy-Pasym-20216447.pdf,dostęp_bezpośredni,e4303f4b9622c1c92ca49671b686822bfdcfe3e2a6852ae14a4e21063f246917,200
2045,warmińsko-mazurskie,szczycieński,Pasym,gmina miejsko-wiejska,2817043,2022,OK,,tekst,http://tor.backup2.sam3.pl/httrack/pasym.pl.bip/bip.pasym.pl/component/phocadownload/category/Raport%20o%20stanie%20gminy%20-za-2022d1a4.pdf,dostęp_bezpośredni,ef3dccc04f683bbb657f372b6fd093aa967fde05acf5d053602269b0e125eee5,200
2046,warmińsko-mazurskie,szczycieński,Pasym,gmina miejsko-wiejska,2817043,2023,BRAK,,brak,brak,dogłębne sprawdzenie (web search + BIP + Wayback) - brak dowodu istnienia,,BRAK_URL (niepowstały)
2047,warmińsko-mazurskie,szczycieński,Pasym,gmina miejsko-wiejska,2817043,2024,OK,,tekst,https://bip.pasym.pl/Common/pobierzPlik/id/229/module_short/port/obj_id/3620/culture/pl/version/pub.html,dostęp_bezpośredni,f9213c890a58d9f05cf5849a2c57d0aac6cb4f815b4d75ed2f4cd37c3dccc86c,200
2048,warmińsko-mazurskie,szczycieński,Pasym,gmina miejsko-wiejska,2817043,2025,OK,,tekst,https://bip.pasym.pl/Common/pobierzPlik/id/702/module_short/port/obj_id/3690/culture/pl/version/pub.html,dostęp_bezpośredni,5eb6ae5a27c7647765f238e68869b6ca4c1eecb1ac2d994f5ae5e6c24e8c9bfc,200
2049,warmińsko-mazurskie,szczycieński,Rozogi,gmina wiejska,2817052,2018,OK,,tekst,https://bip-v1-files.idcom-jst.pl/sites/47211/wiadomosci/470311/files/raport_o_stanie_gminy_rozogi_za_2018_rok.pdf,dostęp_bezpośredni,7e3323b6a3187d335ad037f5f9ed2e87bae74daa9ad67d4562fb39595cc90020,200
2050,warmińsko-mazurskie,szczycieński,Rozogi,gmina wiejska,2817052,2019,OK,,tekst,https://bip-v1-files.idcom-jst.pl/sites/47211/wiadomosci/519982/files/raport_o_stanie_gminy_rozogi_za_2019_r.pdf,dostęp_bezpośredni,54a4df91ba36a77f67eb0526ad090836046aacf6e0e8c7fc7ce66272ee1150a8,200
2051,warmińsko-mazurskie,szczycieński,Rozogi,gmina wiejska,2817052,2020,OK,,tekst,https://bip-v1-files.idcom-jst.pl/sites/47211/wiadomosci/574100/files/raport_o_stanie_gminy_rozogi_za_2020_r.pdf,dostęp_bezpośredni,0ec21f360d3317a45c233180b150a4b57ef28d78888a0db6a30f77dd177722cc,200
2052,warmińsko-mazurskie,szczycieński,Rozogi,gmina wiejska,2817052,2021,OK,,tekst,https://bip-v1-files.idcom-jst.pl/sites/47211/wiadomosci/634245/files/raport_o_stanie_gminy_rozogi_za_2021_r_z_poprawka.pdf,dostęp_bezpośredni,727ec8268604f1f2fa0db253fafbf9d26338604dc09922698a10b4075f1e4df1,200
2053,warmińsko-mazurskie,szczycieński,Rozogi,gmina wiejska,2817052,2022,OK,,tekst,https://bip-v1-files.idcom-jst.pl/sites/47211/wiadomosci/686692/files/raport_o_stanie_gminy_rozogi_za_2022_r.pdf,dostęp_bezpośredni,33b11ed2a5cf7a9c7be94e6d81b90cc2296de1c07b8f508f4937f415307890a6,200
2054,warmińsko-mazurskie,szczycieński,Rozogi,gmina wiejska,2817052,2023,OK,,tekst,https://bip-v1-files.idcom-jst.pl/sites/47211/wiadomosci/758477/files/raport_o_stanie_gminy_rozogi_za_2023_rok.pdf,dostęp_bezpośredni,3b768746fc0e7701f53a22b25ebc942f15928f271259fbb839317e2c9d421cfb,200
2055,warmińsko-mazurskie,szczycieński,Rozogi,gmina wiejska,2817052,2024,OK,,tekst,https://bip-v1-files.idcom-jst.pl/sites/47211/wiadomosci/824599/files/raport_o_stanie_gminy_rozogi_za_2024.pdf,dostęp_bezpośredni,6e16d79063800f76a7a41ee9679ef39f7429f899b760d0831b00023a4d9305d2,200
2056,warmińsko-mazurskie,szczycieński,Rozogi,gmina wiejska,2817052,2025,OK,,tekst,https://bip-v1-files.idcom-jst.pl/sites/47211/wiadomosci/886373/files/raport_za_2025.pdf,dostęp_bezpośredni,faa7001a09a369be5aa0de97221c6a0390d57aef347a0545e09b55a2b28afc8c,200
2057,warmińsko-mazurskie,szczycieński,Szczytno,gmina miejska,2817011,2018,OK,,tekst,https://web.archive.org/web/20220529024609id_/http://archiwum.bip.um.szczytno.pl/public/get_file_contents.php?id=259089,dostęp_bezpośredni,8abb4073b4dbdd0d76bfa67c7154c53bfd92f964b0d709e7cd499262aaac585d,200
2058,warmińsko-mazurskie,szczycieński,Szczytno,gmina miejska,2817011,2019,OK,,tekst,https://web.archive.org/web/20250217210659id_/http://archiwum.bip.um.szczytno.pl/public/get_file_contents.php?id=260211,dostęp_bezpośredni,f5d3ba703623af028f500ce245816d69c1c43270ddd88d1126e8a5d110e9e76d,200
2059,warmińsko-mazurskie,szczycieński,Szczytno,gmina miejska,2817011,2020,OK,,tekst,https://bip.um.szczytno.pl/pliki/szczytno/pliki/raport-2021.pdf,dostęp_bezpośredni,d8fd5b66d797677ac7c8c045d6437e06b15a565d04404e51af962becb6458453,200
2060,warmińsko-mazurskie,szczycieński,Szczytno,gmina miejska,2817011,2021,OK,,tekst,https://bip.um.szczytno.pl/pliki/szczytno/pliki/raport2021.pdf,dostęp_bezpośredni,573564d449a0d79f4908ed4ec75b4a243286d60bcf7a2114935dcb0e58c40940,200
2061,warmińsko-mazurskie,szczycieński,Szczytno,gmina miejska,2817011,2022,OK,,tekst,https://bip.um.szczytno.pl/pliki/szczytno/pliki/Raport-2022(1).pdf,dostęp_bezpośredni,dabde1761aeb03bc550234c2206c87439fcfbddd138bf8b27cf64f61b810e068,200
2062,warmińsko-mazurskie,szczycieński,Szczytno,gmina miejska,2817011,2023,OK,,tekst,https://bip.um.szczytno.pl/pliki/szczytno/pliki/Raport-2023.pdf,dostęp_bezpośredni,0d486e311e4cba8a2603d719365664d710e69a6b89066e81b6a03712cd31255b,200
2063,warmińsko-mazurskie,szczycieński,Szczytno,gmina miejska,2817011,2024,OK,,tekst,https://bip.um.szczytno.pl/pliki/szczytno/pliki/raport%20o%20stanie%20miasta%202024.pdf,dostęp_bezpośredni,0af532eb8680980263a7a1273ad848751105542237453e7c08a51c2304fb4458,200
2064,warmińsko-mazurskie,szczycieński,Szczytno,gmina miejska,2817011,2025,OK,,tekst,https://bip.um.szczytno.pl/pliki/szczytno/pliki/Raport-Szczytno-2025.pdf,dostęp_bezpośredni,6a3a2b3467fe7db4fbcd4a377fbb23112c19b0c3600606d3a20c9638e6e36a52,200
2065,warmińsko-mazurskie,szczycieński,Szczytno,gmina wiejska,2817062,2018,OK,,tekst,https://bip-v1-files.idcom-jst.pl/sites/47085/wiadomosci/472890/files/raport_o_stanie_gminy_szczytno_2019.pdf,dostęp_bezpośredni,19e08bdf16f1e63ad4a665dfb2db8055035839d24336e46c7b7dbd16190b4a1f,200
2066,warmińsko-mazurskie,szczycieński,Szczytno,gmina wiejska,2817062,2019,OK,,tekst,https://bip-v1-files.idcom-jst.pl/sites/47085/wiadomosci/524038/files/raport_o_stanie_gminy_szczytno_za_rok_2019.pdf,dostęp_bezpośredni,041791eb9ee2d2c24c433f51aa4e83e4f7e467e583708bf2931d6f2f01ea2349,200
2067,warmińsko-mazurskie,szczycieński,Szczytno,gmina wiejska,2817062,2020,OK,,tekst,https://bip-v1-files.idcom-jst.pl/sites/47085/wiadomosci/569556/files/raport_o_stanie_gminy_szczytno_za_rok_2020.pdf,dostęp_bezpośredni,acc539cc24014e8bbbfcf1abeea8e34b0994166a704a8cffdda463066ef5c563,200
2068,warmińsko-mazurskie,szczycieński,Szczytno,gmina wiejska,2817062,2021,OK,,tekst,https://bip-v1-files.idcom-jst.pl/sites/47085/wiadomosci/625402/files/raport_o_stanie_gminy_szczytno_za_rok_2021.pdf,dostęp_bezpośredni,320a40708586df3af7d072fa8fc414cb15f274a36cf3b597f8d933805a6e5d60,200
2069,warmińsko-mazurskie,szczycieński,Szczytno,gmina wiejska,2817062,2022,OK,,tekst,https://bip-v1-files.idcom-jst.pl/sites/47085/wiadomosci/683662/files/raport_o_stanie_gminy_szczytno_za_rok_2022.pdf,dostęp_bezpośredni,6fa9286e1fffdf3a49aba97674eaacc4d9d9b6233ef273c06a2ad43cd1357ab8,200
2070,warmińsko-mazurskie,szczycieński,Szczytno,gmina wiejska,2817062,2023,OK,,tekst,https://bip-v1-files.idcom-jst.pl/sites/47085/wiadomosci/747964/files/raport_o_stanie_gminy_za_2023_rok.pdf,dostęp_bezpośredni,9b013f97f31f4c134eb61478eaa78989689631b7cc55480878c362574e652758,200
2071,warmińsko-mazurskie,szczycieński,Szczytno,gmina wiejska,2817062,2024,OK,,tekst,https://bip-v1-files.idcom-jst.pl/sites/47085/wiadomosci/816943/files/raport_o_stanie_gminy_szczytno_za_rok_2024.pdf,dostęp_bezpośredni,e326b02fb5ead88ff4bf348b0c4e495ca252e08da5f6ab2df3e30d6f73b72aee,200
2072,warmińsko-mazurskie,szczycieński,Szczytno,gmina wiejska,2817062,2025,BRAK,,brak,brak,dowód: sekcja raportów na bip.ug.szczytno.pl (2019-2024 + filtr 2025) | status_update: gmina Szczytno (bip.ug.szczytno.pl): moduł 12591/dzial 4687 zawiera roczniki 2018-2024 (ostatni wiad 816943=za 2024); lista /1/2026 pusta; akty prawne i szukaj bez zarządzenia; na 19.08.2026 raport za 2025 nieopublikowany,,BRAK_URL (dowód istnienia - nieopublikowany)
2073,warmińsko-mazurskie,szczycieński,Wielbark,gmina miejsko-wiejska,2817083,2018,OK,,skan,https://wielbark-ug.bip-wm.pl/public/getFile?id=339806,dostęp_bezpośredni (bip-wm.pl),f7af2b1b49536337d545903d13646d2df8c68d19743cecd4a593eac2d11799ca,200
2074,warmińsko-mazurskie,szczycieński,Wielbark,gmina miejsko-wiejska,2817083,2019,OK,,tekst,https://wielbark-ug.bip-wm.pl/public/getFile?id=354449,dostęp_bezpośredni (wył. weryf. SSL),a15e1761d853ebbbd1a40f2273f34f19e5ca1ee084c28efee6e2e796bdac83ca,200 (po wył. weryf. SSL)
2075,warmińsko-mazurskie,szczycieński,Wielbark,gmina miejsko-wiejska,2817083,2020,OK,,tekst,https://wielbark-ug.bip-wm.pl/public/getFile?id=365774,dostęp_bezpośredni (wył. weryf. SSL),2864fac535b05f384dbe1a6b3bfd7814eb47b19429fb279c4d84f305b5a1b123,200 (po wył. weryf. SSL)
2076,warmińsko-mazurskie,szczycieński,Wielbark,gmina miejsko-wiejska,2817083,2021,OK,,tekst,https://wielbark-ug.bip-wm.pl/public/getFile?id=373406,dostęp_bezpośredni (wył. weryf. SSL),8036f371573fecc4abb191a61c7eb3045fb76f536d0620613ec82dc526c498c4,200 (po wył. weryf. SSL)
2077,warmińsko-mazurskie,szczycieński,Wielbark,gmina miejsko-wiejska,2817083,2022,OK,,skan,https://wielbark-ug.bip-wm.pl/public/getFile?id=381326,dostęp_bezpośredni (wył. weryf. SSL),65bd654caf28c07c2a5a405788727763f298bcc69183608da22d0992d35c943e,200 (po wył. weryf. SSL)
2078,warmińsko-mazurskie,szczycieński,Wielbark,gmina miejsko-wiejska,2817083,2023,OK,,tekst,https://wielbark-ug.bip-wm.pl/public/getFile?id=387468,dostęp_bezpośredni (wył. weryf. SSL),be8fa1cdbdfc3314586b32b327f52c2273f9546e6078692e77a7093d855ab582,200 (po wył. weryf. SSL)
2079,warmińsko-mazurskie,szczycieński,Wielbark,gmina miejsko-wiejska,2817083,2024,OK,,tekst,https://wielbark-ug.bip-wm.pl/public/getFile?id=393308,dostęp_bezpośredni (wył. weryf. SSL),d2936e435ff3de89e1b52da7715f0c3fb60d963961aa27072180ab8dfdd2102a,200 (po wył. weryf. SSL)
2080,warmińsko-mazurskie,szczycieński,Wielbark,gmina miejsko-wiejska,2817083,2025,OK,,tekst,https://wielbark-ug.bip-wm.pl/public/getFile?id=397611,dostęp_bezpośredni (wył. weryf. SSL),7d2a99f4ba21926cf6aa416faa91a01d6e8cc922b3662df9aceafe967535b7c5,200 (po wył. weryf. SSL)
2081,warmińsko-mazurskie,szczycieński,Świętajno,gmina wiejska,2817072,2018,OK,,tekst,https://bip-v1-files.idcom-jst.pl/sites/3135/wiadomosci/473182/files/raport_o_stanie_gminy__2018.pdf,dostęp_bezpośredni,574b8895dad98735a44b5f60595183853d92db18a3ca4a6de282b5787490deb1,200
2082,warmińsko-mazurskie,szczycieński,Świętajno,gmina wiejska,2817072,2019,OK,,tekst,https://bip-v1-files.idcom-jst.pl/sites/3135/wiadomosci/531088/files/raport_2019.pdf,dostęp_bezpośredni,3723e17cfca58c049142b8c59482644aec54df19a1249177cd757215c3c7da9c,200
2083,warmińsko-mazurskie,szczycieński,Świętajno,gmina wiejska,2817072,2020,OK,,tekst,https://bip-v1-files.idcom-jst.pl/sites/3135/wiadomosci/573939/files/raport2020.pdf,dostęp_bezpośredni,123c6ba116378ff7e441459033c56d74ca73eafc8a3928f31e12114e184a7e8a,200
2084,warmińsko-mazurskie,szczycieński,Świętajno,gmina wiejska,2817072,2021,OK,,tekst,https://bip-v1-files.idcom-jst.pl/sites/3135/wiadomosci/632159/files/raport_2021.pdf,dostęp_bezpośredni,b620967829704942dd73e3927d94bfe868eede7167a8b42ad3b4ea4e1e857e42,200
2085,warmińsko-mazurskie,szczycieński,Świętajno,gmina wiejska,2817072,2022,OK,,tekst,https://bip-v1-files.idcom-jst.pl/sites/3135/wiadomosci/689825/files/raport__2022.pdf,dostęp_bezpośredni,47d2b743e79d10ea500bdaeeb5d56f35cb5d1aa841807a759c6ad7bc69e29c1d,200
2086,warmińsko-mazurskie,szczycieński,Świętajno,gmina wiejska,2817072,2023,OK,,tekst,https://bip-v1-files.idcom-jst.pl/sites/3135/wiadomosci/759155/files/raport2023.pdf,dostęp_bezpośredni,9f6778f8a30058089c09e066f266c6813f0f9f9ad44de15e54ad390f0b1e86de,200
2087,warmińsko-mazurskie,szczycieński,Świętajno,gmina wiejska,2817072,2024,OK,,tekst,https://bip-v1-files.idcom-jst.pl/sites/3135/wiadomosci/843799/files/raport-o-stanie-gminy-swietajno-za-2024-rok_3383135.pdf,dostęp_bezpośredni,f3c39cc10bf444d67019635817d61428b65a6a0e9754817e5d67c3119b4a5093,200
2088,warmińsko-mazurskie,szczycieński,Świętajno,gmina wiejska,2817072,2025,BRAK,,brak,brak,dogłębne sprawdzenie - brak dowodu istnienia,,BRAK_URL (niepowstały)
2089,warmińsko-mazurskie,węgorzewski,Budry,gmina wiejska,2819012,2018,OK,,tekst,https://bipbudry.warmia.mazury.pl/attachment/informacja/3253/3c3d317ccba524a1313d475658a61f56a6b53436.html,dostęp_bezpośredni,4b0d31d642d81a2ba10426eb1ea021713b97e49bad594de41e441fff42ea7a61,200
2090,warmińsko-mazurskie,węgorzewski,Budry,gmina wiejska,2819012,2019,OK,,tekst,https://bipbudry.warmia.mazury.pl/attachment/informacja/3254/3e7d04c73adb5c1a6d0820840c14adf6773e251f.html,dostęp_bezpośredni,b0f57d77be55c83ae300501533fd51130c94722da1268976c06ca7eee67a1037,200
2091,warmińsko-mazurskie,węgorzewski,Budry,gmina wiejska,2819012,2020,OK,,tekst,https://bipbudry.warmia.mazury.pl/attachment/informacja/3255/f1d31072e93a3b923eb19df79adb4fe4e1391642.html,dostęp_bezpośredni,3b17018d4a78f181328640ec4f16718c68310edac5a533b4d3221f00be249bb3,200
2092,warmińsko-mazurskie,węgorzewski,Budry,gmina wiejska,2819012,2021,OK,,tekst,https://bipbudry.warmia.mazury.pl/attachment/informacja/3682/2ec1a064f4395c2c49f320ed83c7e1f2242288cf.html,dostęp_bezpośredni,d78cadb1c24ac30cc02df1d934c4125b8814ad51d9b77694cee7de85d5bbdb8d,200
2093,warmińsko-mazurskie,węgorzewski,Budry,gmina wiejska,2819012,2022,OK,,tekst,https://bipbudry.warmia.mazury.pl/attachment/informacja/4093/2c45ec11a7ef408780b801f81a879dff2ac99108.html,dostęp_bezpośredni,34f752133761a58571db497491750043ca2041a55a30e5ebfbcc9892df731720,200
2094,warmińsko-mazurskie,węgorzewski,Budry,gmina wiejska,2819012,2023,OK,,tekst,https://bipbudry.warmia.mazury.pl/attachment/informacja/4559/42ce9c0e2f4a46fa72834b58b3ff107bdd5514db.html,dostęp_bezpośredni,61acdf9a2586714da739ab21b5e77066b30f8650ea0fd523350528ba55f913b6,200
2095,warmińsko-mazurskie,węgorzewski,Budry,gmina wiejska,2819012,2024,OK,,tekst,https://bipbudry.warmia.mazury.pl/attachment/informacja/4997/49c88eefc8e67d252a34d960eb6f1b01cca915da.html,dostęp_bezpośredni,344ac7260b41159bf77c00706bb2e33c8436859b5927437720d51af92140dc28,200
2096,warmińsko-mazurskie,węgorzewski,Budry,gmina wiejska,2819012,2025,OK,,tekst,https://bipbudry.warmia.mazury.pl/attachment/informacja/5505/b31780239855803e28782bfbe3e8b5015c478626.html,dostęp_bezpośredni,57a862a2d55a3feabfc616094a6bdc480b22ce438f501aa1034c9426ce256a72,200
2097,warmińsko-mazurskie,węgorzewski,Pozezdrze,gmina wiejska,2819022,2018,OK,,tekst,https://bip-v1-files.idcom-jst.pl/sites/47007/wiadomosci/472130/files/raport.pdf,dostęp_bezpośredni,f6cd7ae93370b0cb1e1f4259564a990ca1fe258e9524d39ad016a674c3913001,200
2098,warmińsko-mazurskie,węgorzewski,Pozezdrze,gmina wiejska,2819022,2019,OK,,tekst,https://bip-v1-files.idcom-jst.pl/sites/47007/wiadomosci/521233/files/raport.docx,dostęp_bezpośredni,426b1bbd996e72ecf8293d694b576621134fac27ede7d196ef2e398deb660234,200
2099,warmińsko-mazurskie,węgorzewski,Pozezdrze,gmina wiejska,2819022,2020,OK,,tekst,https://bip-v1-files.idcom-jst.pl/sites/47007/wiadomosci/572843/files/raport.pdf,dostęp_bezpośredni,e02eda018e4e87b100fe909474f61f7b0f9c87992c50c820c3bb6abbc4d5c561,200
2100,warmińsko-mazurskie,węgorzewski,Pozezdrze,gmina wiejska,2819022,2021,OK,,tekst,https://bip-v1-files.idcom-jst.pl/sites/47007/wiadomosci/631822/files/raport.pdf,dostęp_bezpośredni,59a031975b4bfc0d9f3e8cacbd9135a474354aa28e8ad5d684cb969b24bdf26a,200
2101,warmińsko-mazurskie,węgorzewski,Pozezdrze,gmina wiejska,2819022,2022,OK,,tekst,https://bip-v1-files.idcom-jst.pl/sites/47007/wiadomosci/687438/files/raport_o_stanie_gminy_za_2022.pdf,dostęp_bezpośredni,5a21521ccd9636a905146311b92522d64e92299442c843e7cb344802c0e15a22,200
2102,warmińsko-mazurskie,węgorzewski,Pozezdrze,gmina wiejska,2819022,2023,OK,,tekst,https://bip-v1-files.idcom-jst.pl/sites/47007/wiadomosci/756648/files/raport_o_stanie_gminy_za_2023_2.pdf,dostęp_bezpośredni,bb1faa2be3e89e3b1d6aa70d47edeeb47fd787cd2d4d57ba4c9298cc4962be33,200
2103,warmińsko-mazurskie,węgorzewski,Pozezdrze,gmina wiejska,2819022,2024,OK,,tekst,https://bip-v1-files.idcom-jst.pl/sites/47007/wiadomosci/823345/files/raport_o_stanie_gminy_za_2024.pdf,dostęp_bezpośredni,9cca4641c08f5408c85e181caa2e29860c9199bd7e8200c5df9a9773ef111d30,200
2104,warmińsko-mazurskie,węgorzewski,Pozezdrze,gmina wiejska,2819022,2025,OK,,tekst,https://bip-v1-files.idcom-jst.pl/sites/47007/wiadomosci/885385/files/raport_o_stanie_gminy_za_2025_1.pdf,dostęp_bezpośredni,1ddc45605e5d6edb65282379253c32f363d6ec3995f61ac27bbdbb29764e5871,200
2105,warmińsko-mazurskie,węgorzewski,Węgorzewo,gmina miejsko-wiejska,2819033,2018,OK,,tekst,https://bip-v1-files.idcom-jst.pl/sites/47011/wiadomosci/474982/files/raport_o_stanie_gminy_maj_2019.pdf,dostęp_bezpośredni,e7d43d87f6fe16b792ba4f5b25c072a0f713f14e87c22dfa4c4ed5c4b14d67c9,200
2106,warmińsko-mazurskie,węgorzewski,Węgorzewo,gmina miejsko-wiejska,2819033,2019,OK,,tekst,https://bip-v1-files.idcom-jst.pl/sites/47011/wiadomosci/521273/files/raport_o_stanie_gminy_za_2019_rok.pdf,dostęp_bezpośredni,77b214f0b5d2e4775a9d1c92b648f1e6e63d617557249b69433bb803498562c0,200
2107,warmińsko-mazurskie,węgorzewski,Węgorzewo,gmina miejsko-wiejska,2819033,2020,OK,,tekst,https://bip-v1-files.idcom-jst.pl/sites/47011/wiadomosci/574460/files/raport_o_stanie_gminy_za_2020_rok.pdf,dostęp_bezpośredni,d7bf017b091401d8cc04dc073cda435530d555b41e81b97563352be33d798b8e,200
2108,warmińsko-mazurskie,węgorzewski,Węgorzewo,gmina miejsko-wiejska,2819033,2021,OK,,tekst,https://bip-v1-files.idcom-jst.pl/sites/47011/wiadomosci/617516/files/raport_o_stanie_gminy_za_2021_rok.pdf,dostęp_bezpośredni,cbe664c505c5f7650352cef01aaa23dd93768439b738c2d0eeced9b8aa510160,200
2109,warmińsko-mazurskie,węgorzewski,Węgorzewo,gmina miejsko-wiejska,2819033,2022,OK,,tekst,https://bip-v1-files.idcom-jst.pl/sites/47011/wiadomosci/690734/files/raport_o_stanie_gminy_wegorzewo_2022_roku.pdf,dostęp_bezpośredni,d0460bbe226e133afb62ad986674757a0a702d9aba0b4aaaa4586201c4741699,200
2110,warmińsko-mazurskie,węgorzewski,Węgorzewo,gmina miejsko-wiejska,2819033,2023,OK,,tekst,https://bip-v1-files.idcom-jst.pl/sites/47011/wiadomosci/756934/files/raport_o_stanie_gminy_wegorzewo_2023_roku.pdf,dostęp_bezpośredni,4fd08502362080fee4b154e017b25fb8a5be6fe073d7a801e8d535473043b3f5,200
2111,warmińsko-mazurskie,węgorzewski,Węgorzewo,gmina miejsko-wiejska,2819033,2024,OK,,tekst,https://bip-v1-files.idcom-jst.pl/sites/47011/wiadomosci/825094/files/raport_o_stanie_gminy_wegorzewo_za_2024_rok-sig.pdf,dostęp_bezpośredni,e5b68af00e046127a12c7d7890af4edc38d537810dc301ae30a8249656ce4db8,200
2112,warmińsko-mazurskie,węgorzewski,Węgorzewo,gmina miejsko-wiejska,2819033,2025,OK,,tekst,https://bip-v1-files.idcom-jst.pl/sites/47011/wiadomosci/886582/files/raport_o_stanie_gminy_za_2025.pdf,dostęp_bezpośredni,ae2076d82bf8050134732753d75d1f77452ff08e0812f54b53d298f255477f14,200
