row_idx,województwo,powiat,gmina,typ gminy,TERYT,rok_raportu,status,ext_dokumentu,zawartosc,url,metoda_pozyskania,hash dokumentu,status komunikatu,dt_utc_finalne,failure_reason,file_size_MB,existed
1705,warmińsko-mazurskie,działdowski,Iłowo-Osada,gmina wiejska,2803032,2018,ok_finalnie,pdf,tekst,https://biuletyn.net/ilowo-osada/fls/bip_pliki/2019_05/BIPF58A1A5C351275Z/Raport_o_stanie_gminy__do_publikacji_na_BIP.pdf,direct_without_tor,d8531a948cac92286e00183a75b75cea1d888a164cfc320e509c5a5bbc02821f,200,2026-09-04T22:41:27Z,,1.726,true
1706,warmińsko-mazurskie,działdowski,Iłowo-Osada,gmina wiejska,2803032,2019,ok_finalnie,pdf,skan,https://ilowo-osada.biuletyn.net/fls/bip_pliki/2020_06/BIPF5A7295C4CA2AAZ/Z_38_2020.pdf,direct_without_tor,760898bcf4aa03bf02f16e04ad47a69543ab16d151f50d15d83fee0ff1ed8eb8,200,2026-09-04T22:29:13Z,,3.79,true
1707,warmińsko-mazurskie,działdowski,Iłowo-Osada,gmina wiejska,2803032,2020,ok_finalnie,pdf,tekst,https://ilowo-osada.biuletyn.net/fls/bip_pliki/2021_06/BIPF5C3C7FD8D0285Z/Raport_nowy_o_stanie_gminy_2020_do_druku.pdf,direct_without_tor,1c1b5f37d1a5afffa4b7562c777ab9fc84431ba2b8001486d55b1ebad29d4d23,200,2026-09-04T22:29:16Z,,1.153,true
1708,warmińsko-mazurskie,działdowski,Iłowo-Osada,gmina wiejska,2803032,2021,ok_finalnie,pdf,tekst,https://ilowo-osada.biuletyn.net/fls/bip_pliki/2022_06/BIPF5E076899693B6Z/Raport_o_stanie_gminy_za_2021_rok.pdf,direct_without_tor,f2733d399bacc00d4056dda3a913eb7cffc7762595657a9ed9ef367c3eb62e11,200,2026-09-04T22:29:19Z,,1.085,true
1709,warmińsko-mazurskie,działdowski,Iłowo-Osada,gmina wiejska,2803032,2022,ok_finalnie,pdf,tekst,https://ilowo-osada.biuletyn.net/fls/bip_pliki/2023_06/BIPF5FD0F53B71256Z/Raport_o_stanie_gminy_za_2022_rok.pdf,direct_without_tor,bdaea00a79ec3c47c58544c1987d81359e3b76179fca0520d7fa553eddc0abe9,200,2026-09-04T22:29:21Z,,1.118,true
1710,warmińsko-mazurskie,działdowski,Iłowo-Osada,gmina wiejska,2803032,2023,ok_finalnie,pdf,tekst,https://ilowo-osada.biuletyn.net/fls/bip_pliki/2024_06/BIPF61A3E0FE40CABZ/Raport_o_stanie_gminy_za_2023_rok..pdf,direct_without_tor,9555459e1113608a18b70184435510a1e6d77c7010b7aba80e03d64a79f52305,200,2026-09-04T22:29:24Z,,1.064,true
1711,warmińsko-mazurskie,działdowski,Iłowo-Osada,gmina wiejska,2803032,2024,ok_finalnie,pdf,tekst,https://biuletyn.net/ilowo-osada/fls/bip_pliki/2025_06/BIPF636D0DCB87C1AZ/Raport_o_stanie_Gminy_Ilowo-Osada_za_2024_.pdf,direct_without_tor,33fea99731a32c4b4e11782db4c1ba77dd77273e56979821b46d9854046b919a,200,2026-09-04T22:41:29Z,,1.335,true
1712,warmińsko-mazurskie,działdowski,Iłowo-Osada,gmina wiejska,2803032,2025,ok_finalnie,pdf,tekst,https://ilowo-osada.biuletyn.net/fls/bip_pliki/2026_05/BIPF6529FA811E399Z/Raport_o_stanie_Gminy_Ilowo-Osada_za_2025.pdf,direct_without_tor,0be121e96b612ffaad481dfd3311b9ecf79ef41ba0c381a1f98504307c0f6825,200,2026-09-04T22:29:27Z,,2.224,true
1713,warmińsko-mazurskie,ełcki,Ełk,gmina miejska,2805011,2018,ok_finalnie,pdf,tekst,https://bip.elk.warmia.mazury.pl/system/pobierz.php?plik=Raport_o_stanie_Gminy_Miasta_Elk_za_2018_r..pdf&id=ca9ea922ae881c750a3b9fe0a7939b48&stats=true,direct_without_tor,0a60d25fdf96f798990cb1f28e066d064491ec5e78a2d6bb1ec106aaa3de79a1,200,2026-09-04T22:06:07Z,,4.486,true
1714,warmińsko-mazurskie,ełcki,Ełk,gmina miejska,2805011,2019,ok_finalnie,pdf,tekst,https://bip.elk.warmia.mazury.pl/system/pobierz.php?plik=Raport_o_stanie_miasta_Elk_2019_24.06.2020_OSTATECZNY_wersja_na_BIP.pdf&id=a2b24afb93212802192e799b2cfdfd7e&stats=true,direct_without_tor,c9ba5111a6d0282b27cbbb14b8bed32dd28c49c84da3782039eb48aac207260e,200,2026-09-04T22:06:12Z,,4.718,true
1715,warmińsko-mazurskie,ełcki,Ełk,gmina miejska,2805011,2020,ok_finalnie,pdf,tekst,https://bip.elk.warmia.mazury.pl/system/pobierz.php?plik=Raport_o_stanie_miasta_Elk_2020_ver.5_PRZEKAZANY_RADZIE_MIASTA.pdf&id=e57ca01ec7559667639c8931d0ad0cef&stats=true,direct_without_tor,7623a70c320e12e80a21733069298438afcab4a32cf683b5bfd6f2d7eb8ebf7c,200,2026-09-04T22:06:16Z,,3.773,true
1716,warmińsko-mazurskie,ełcki,Ełk,gmina miejska,2805011,2021,ok_finalnie,pdf,tekst,https://bip.elk.warmia.mazury.pl/system/pobierz.php?plik=Raport_o_stanie_miasta_Elk_2021_31.05.2022r..pdf&id=6848c7b87bf965f7e634426077ff6bb4&stats=true,direct_without_tor,90f7e3d430db1b0af87849c26b816afb23ab547609cc4155e12c4293295fa3e6,200,2026-09-04T22:06:19Z,,2.977,true
1717,warmińsko-mazurskie,ełcki,Ełk,gmina miejska,2805011,2022,ok_finalnie,pdf,tekst,https://bip.elk.warmia.mazury.pl/system/pobierz.php?plik=Raport_o_stanie_miasta_Elk_2022_31.05.2023.pdf&id=f3449300bbc83a4e643202bc6ef2e3e5&stats=true,direct_without_tor,32e00df896c4c4a2e07d3f57a6fe4ab94ec125856b074216dc7e4ac4ab48b473,200,2026-09-04T22:06:22Z,,2.516,true
1718,warmińsko-mazurskie,ełcki,Ełk,gmina miejska,2805011,2023,ok_finalnie,pdf,tekst,https://bip.elk.warmia.mazury.pl/system/pobierz.php?plik=Raport_o_stanie_miasta_Elk_2023_31.05.2024__28FINAL_29.pdf&id=f004324d0a0d5baabfb7bd28905604d1&stats=true,direct_without_tor,50a4d055763365888cec64f0ac44391de066818ef4b46ba633175923ef9dcb2e,200,2026-09-04T22:06:26Z,,3.408,true
1719,warmińsko-mazurskie,ełcki,Ełk,gmina miejska,2805011,2024,ok_finalnie,pdf,tekst,https://bip.elk.warmia.mazury.pl/system/pobierz.php?plik=Raport_o_stanie_miasta_Elk_2024_29.05.2025_FINAL.pdf&id=5256a82b4f6c95f0719a61f5b1d2203d&stats=true,direct_without_tor,8c3c4614ebef28fe7f56f8087e4b7f627295803eddfa6cfb170eda2fcd7eab31,200,2026-09-04T22:06:29Z,,6.954,true
1720,warmińsko-mazurskie,ełcki,Ełk,gmina miejska,2805011,2025,ok_finalnie,pdf,tekst,https://bip.elk.warmia.mazury.pl/system/pobierz.php?plik=Raport_o_stanie_miasta_Elk_28.04.2026.pdf&id=1f8358914eafffd8665faf08ba73c9ec&stats=true,direct_without_tor,8dce3d9f98c127ce47ff73100b1b806846a6042ec27be2d80bcec4538ca692d1,200,2026-09-04T22:06:33Z,,7.184,true
1721,warmińsko-mazurskie,ełcki,Ełk,gmina wiejska,2805022,2018,ok_finalnie,pdf,tekst,https://archiwum.bip.elk.gmina.pl/Za%25C5%2582%25C4%2585cznik%2Bdo%2Bzarz%25C4%2585dzenia%2Bnr%2B126_2019%2B-%2BRaport%2Bo%2Bstanie%2BGminy%2BE%25C5%2582k%2Bza%2B2018%2Brok-1.pdf?id=473410,direct_without_tor,7722a3ca38d018ffd7efa6f3cde0716ed40b3b005d703a4993c751454f1af8b0,200,2026-09-04T22:40:02Z,,4.742,true
1722,warmińsko-mazurskie,ełcki,Ełk,gmina wiejska,2805022,2019,ok_finalnie,pdf,skan,https://archiwum.bip.elk.gmina.pl/Raport%2Bo%2Bstanie%2BGminy%2B2019-1.pdf?id=504124,direct_without_tor,a19a31cd0e19f412cab3d1656d6c52f234be07277b36d019e5ca9efa150571f8,200,2026-09-04T22:40:14Z,,10.182,true
1723,warmińsko-mazurskie,ełcki,Ełk,gmina wiejska,2805022,2020,ok_finalnie,pdf,tekst,https://archiwum.bip.elk.gmina.pl/Raport_Gminy_Elk_za_2020-1.pdf?id=532064,direct_without_tor,ba6eaf4e333046596bd5806982f23648289b83fb11b0bbd6a16f65348b335fe6,200,2026-09-04T22:40:18Z,,15.04,true
1724,warmińsko-mazurskie,ełcki,Ełk,gmina wiejska,2805022,2021,ok_finalnie,pdf,tekst,https://bip.elk.gmina.pl/files/file_add/download/564_raportgminyelkzarok2021.pdf,direct_without_tor,08988ef4325d9a2b47817d336f3caccd538c564978d56f2101943bb37d8c4ed1,200,2026-09-04T22:39:58Z,,10.171,true
1725,warmińsko-mazurskie,ełcki,Ełk,gmina wiejska,2805022,2022,ok_finalnie,pdf,tekst,https://elk.gmina.pl/files/image/Gminny_Dzie%C5%84_Dziecka_2023/Raport_Gminy_Elk_za_2022.pdf,direct_without_tor,9ff07b1ea3961563a15b13ddbbf0b4afcb5756757e3b0fc69bdbfafda85ae4ba,200,2026-09-04T22:41:30Z,,11.8,true
1726,warmińsko-mazurskie,ełcki,Ełk,gmina wiejska,2805022,2023,ok_finalnie,pdf,tekst,https://bip.elk.gmina.pl/files/file_add/download/6351_raportgminyelkzarok2023.pdf,direct_without_tor,140b75af19d36f21a79224866f3d68f94aeb3ae0d7ab7d514f64ff10ea93bfcf,200,2026-09-04T22:40:02Z,,16.151,true
1727,warmińsko-mazurskie,ełcki,Ełk,gmina wiejska,2805022,2024,ok_finalnie,pdf,tekst,https://elk.gmina.pl/files/image/RAPORT%20O%20STANIE%20GMINY%20E%C5%81K%20ZA%202024%20ROK%20.pdf,direct_without_tor,58ecf061a57bd1139e1f6cbe4a96a0dbd7eb75ea87ee7403ba5b3e6de5c28161,200,2026-09-04T22:41:33Z,,15.846,true
1728,warmińsko-mazurskie,ełcki,Ełk,gmina wiejska,2805022,2025,ok_finalnie,pdf,tekst,https://bip.elk.gmina.pl/files/file_add/download/12364_zarzadzenie8420262026-05-25.pdf,direct_without_tor,b21034274832fc6497115a2bba1c704192e860914463c6aa68d1b82449d3a676,200,2026-09-04T22:40:06Z,,15.937,true
1729,warmińsko-mazurskie,ełcki,Kalinowo,gmina wiejska,2805032,2018,ok_finalnie,pdf,tekst,https://bip.kalinowo.pl/public/get_file.php?id=474802,direct_without_tor_ssl_off,8eadde7f676597200e0151b7eb42a68f6dd8faad6da2786c5a71d6de491a8ddb,200,2026-09-04T23:20:34Z,,2.657,true
1730,warmińsko-mazurskie,ełcki,Kalinowo,gmina wiejska,2805032,2019,ok_finalnie,pdf,tekst,https://bip.kalinowo.pl/public/get_file.php?id=504542,direct_without_tor_ssl_off,30c027d53b7adb938f9699f8a40def088e3699ca3efaa9cd7750867da1eab2b8,200,2026-09-04T23:20:37Z,,3.752,true
1731,warmińsko-mazurskie,ełcki,Kalinowo,gmina wiejska,2805032,2020,ok_finalnie,pdf,tekst,https://bip.kalinowo.pl/public/get_file.php?id=532110,direct_without_tor_ssl_off,7ca3f192c4b051f3150cd612c5de4858cf7b32f5061d2e7532ce05dec27c3358,200,2026-09-04T23:20:41Z,,3.577,true
1732,warmińsko-mazurskie,ełcki,Kalinowo,gmina wiejska,2805032,2021,ok_finalnie,pdf,tekst,https://bip.kalinowo.pl/public/get_file.php?id=554038,direct_without_tor_ssl_off,5287e291b459b9f51ee1562779fd4692897a5831a7277fef20286b834e2c8e0f,200,2026-09-04T23:20:44Z,,4.491,true
1733,warmińsko-mazurskie,ełcki,Kalinowo,gmina wiejska,2805032,2022,ok_finalnie,pdf,tekst,https://bip.kalinowo.pl/public/get_file.php?id=572229,direct_without_tor_ssl_off,597d3b358381155b39d3083e39a0e0e7065a48ff66be1878018e1950543fc38f,200,2026-09-04T23:20:48Z,,5.588,true
1734,warmińsko-mazurskie,ełcki,Kalinowo,gmina wiejska,2805032,2023,ok_finalnie,pdf,tekst,https://bip.kalinowo.pl/public/get_file.php?id=589672,direct_without_tor_ssl_off,588c7c20f9a4b0bc711534e7b21192957565182912c90aeff49d9a46a8e34149,200,2026-09-04T23:20:52Z,,6.583,true
1735,warmińsko-mazurskie,ełcki,Kalinowo,gmina wiejska,2805032,2024,ok_finalnie,pdf,tekst,https://bip.kalinowo.pl/public/get_file.php?id=608228,direct_without_tor_ssl_off,3af77da24de68ec82ef8ca094fb2836cb96e6574d9d5def2fe5da233f792e956,200,2026-09-04T23:20:55Z,,12.545,true
1736,warmińsko-mazurskie,ełcki,Kalinowo,gmina wiejska,2805032,2025,ok_finalnie,pdf,tekst,https://bip.kalinowo.pl/public/get_file.php?id=623211,direct_without_tor_ssl_off,1c89648eecb059d3b77f39bd09c913c8e52fd4305f81329240ab5fce25b64c1b,200,2026-09-04T23:21:00Z,,18.626,true
1737,warmińsko-mazurskie,ełcki,Prostki,gmina wiejska,2805042,2018,ok_finalnie,pdf,tekst,https://bip-v1-files.idcom-jst.pl/sites/47150/wiadomosci/474999/files/raport_o_stanie_gminy_za_2018_r.pdf,direct_without_tor,bd5d5e3e86af2995340e57bd3f159ede9aeff669790687b59271f615b924e1a4,200,2026-09-04T22:00:41Z,,1.227,true
1738,warmińsko-mazurskie,ełcki,Prostki,gmina wiejska,2805042,2019,ok_finalnie,pdf,tekst,https://bip-v1-files.idcom-jst.pl/sites/47150/wiadomosci/522517/files/raport_o_stanie_gminy_za_2019_r.pdf,direct_without_tor,7efc8dcdf93ae2557d5fb2f49836c21635e59ac1169f2e4f4515fe35ea729543,200,2026-09-04T22:00:44Z,,0.975,true
1739,warmińsko-mazurskie,ełcki,Prostki,gmina wiejska,2805042,2020,ok_finalnie,pdf,tekst,https://bip-v1-files.idcom-jst.pl/sites/47150/wiadomosci/575956/files/raport_o_stanie_gminy_za_2020_r.pdf,direct_without_tor,5628857cbcbdc084b3186bedb7d7c4cdd05e5c6ab428622c6137df2eb4497b19,200,2026-09-04T22:00:48Z,,2.651,true
1740,warmińsko-mazurskie,ełcki,Prostki,gmina wiejska,2805042,2021,ok_finalnie,pdf,tekst,https://bip-v1-files.idcom-jst.pl/sites/47150/wiadomosci/635236/files/raport_o_stanie_gminy_za_2021_r..pdf,direct_without_tor,3c9a29644520c0fbc74efc76020fab3a110df72d25c319c11520cf7d8cadac13,200,2026-09-04T22:00:52Z,,3.617,true
1741,warmińsko-mazurskie,ełcki,Prostki,gmina wiejska,2805042,2022,ok_finalnie,pdf,tekst,https://bip-v1-files.idcom-jst.pl/sites/47150/wiadomosci/691209/files/raport_o_stanie_gminy_za_2022_r.pdf,direct_without_tor,15e183f3cc6c9fbb942336b69cf606c84f97b8a70fc73f35eb556f6c1c5d9c1d,200,2026-09-04T22:00:55Z,,3.596,true
1742,warmińsko-mazurskie,ełcki,Prostki,gmina wiejska,2805042,2023,ok_finalnie,pdf,tekst,https://bip-v1-files.idcom-jst.pl/sites/47150/wiadomosci/760188/files/raport_o_stanie_gminy_za_2023_r.pdf,direct_without_tor,1a724c6bdb4e61545511a4caedb378737512da5b839b7c87fdd26dc4145c2309,200,2026-09-04T22:00:59Z,,7.427,true
1743,warmińsko-mazurskie,ełcki,Prostki,gmina wiejska,2805042,2024,ok_finalnie,pdf,tekst,https://bip-v1-files.idcom-jst.pl/sites/47150/wiadomosci/826622/files/raport_o_stanie_gminy_za_2024_r..pdf,direct_without_tor,cc2665e7244c426737d7501895bbc422c9c4a92bb18fc682100e927537baf4d8,200,2026-09-04T22:01:06Z,,8.86,true
1744,warmińsko-mazurskie,ełcki,Prostki,gmina wiejska,2805042,2025,ok_finalnie,pdf,tekst,https://bip-v1-files.idcom-jst.pl/sites/47150/wiadomosci/887327/files/raport_o_stanie_gminy_za_2025_r..pdf,direct_without_tor,50bd4baca1f71a52a6c02137d7367ba81d1249cfb4a428df32e2fcb002056f2c,200,2026-09-04T22:01:10Z,,11.234,true
1745,warmińsko-mazurskie,ełcki,Stare Juchy,gmina wiejska,2805052,2018,ok_finalnie,pdf,tekst,https://stare-juchy.bipgminy.pl/public/getFile?id=472809,direct_without_tor_ssl_off,c864171800e314eae0dc09a656615b0f2e8ca16b181bb65fb66305c975eff6e9,200,2026-09-04T23:20:38Z,,0.819,true
1746,warmińsko-mazurskie,ełcki,Stare Juchy,gmina wiejska,2805052,2019,ok_finalnie,pdf,tekst,https://stare-juchy.bipgminy.pl/public/getFile?id=504881,direct_without_tor_ssl_off,ad4ed46673045aa806adb34d8f30df7a83691f159f907639a9b52be902922352,200,2026-09-04T23:20:41Z,,0.542,true
1747,warmińsko-mazurskie,ełcki,Stare Juchy,gmina wiejska,2805052,2020,ok_finalnie,pdf,tekst,https://stare-juchy.bipgminy.pl/public/getFile?id=532192,direct_without_tor_ssl_off,72c773e69c4ea7713ad6b6b950bd2776533dee03fc74729c2b378bc21db80b8c,200,2026-09-04T23:20:44Z,,0.814,true
1748,warmińsko-mazurskie,ełcki,Stare Juchy,gmina wiejska,2805052,2021,ok_finalnie,pdf,tekst,https://stare-juchy.bipgminy.pl/public/getFile?id=554151,direct_without_tor_ssl_off,8132f78fb3be0fa5cbaba13af86ba424f0e6e62f1dec6a80039c655af2f8994a,200,2026-09-04T23:20:46Z,,0.744,true
1749,warmińsko-mazurskie,ełcki,Stare Juchy,gmina wiejska,2805052,2022,ok_finalnie,pdf,tekst,https://stare-juchy.bipgminy.pl/public/getFile?id=572363,direct_without_tor_ssl_off,6262a0c077901750db6dc5ac2b7a084f35a7095ea62f9976ccfbca6faf357253,200,2026-09-04T23:20:49Z,,0.859,true
1750,warmińsko-mazurskie,ełcki,Stare Juchy,gmina wiejska,2805052,2023,ok_finalnie,pdf,tekst,https://stare-juchy.bipgminy.pl/public/getFile?id=589501,direct_without_tor_ssl_off,5912838bff2fb5ebb4666d24dba7bad90f3d6e0757bcaa88affbeaf2e5623d85,200,2026-09-04T23:20:52Z,,1.565,true
1751,warmińsko-mazurskie,ełcki,Stare Juchy,gmina wiejska,2805052,2024,ok_finalnie,pdf,tekst,https://stare-juchy.bipgminy.pl/public/getFile?id=608229,direct_without_tor_ssl_off,2cd3a00fdb8eac78ec5d6876c24864082ecd0ddcd6f8c860e0b9b2cf89fb91d1,200,2026-09-04T23:20:55Z,,2.412,true
1752,warmińsko-mazurskie,ełcki,Stare Juchy,gmina wiejska,2805052,2025,ok_finalnie,pdf,tekst,https://stare-juchy.bipgminy.pl/public/getFile?id=623074,direct_without_tor_ssl_off,b300d1f2dc0f76a020f3da1289ce755a4b6c1fd02fe0f422111954943595d1ea,200,2026-09-04T23:20:59Z,,3.189,true
1753,warmińsko-mazurskie,giżycki,Giżycko,gmina miejska,2806011,2018,ok_finalnie,pdf,tekst,https://bip-v1-files.idcom-jst.pl/sites/3080/wiadomosci/473181/files/raport_24052019r.pdf,direct_without_tor,d84faaa71f4ced43a7c19abc13e9fed888b403ec6b2acd27bd8da870598ed4e6,200,2026-09-04T22:01:14Z,,2.078,true
1754,warmińsko-mazurskie,giżycki,Giżycko,gmina miejska,2806011,2019,ok_finalnie,pdf,tekst,https://bip-v1-files.idcom-jst.pl/sites/3080/wiadomosci/523610/files/raport_25052020r_za_2019.pdf,direct_without_tor,c8d1aca407b1e36b66eba70de9478ec52fdbefcb3b6926d683798a9dadfe5f6f,200,2026-09-04T22:01:17Z,,1.736,true
1755,warmińsko-mazurskie,giżycki,Giżycko,gmina miejska,2806011,2020,ok_finalnie,pdf,tekst,https://bip-v1-files.idcom-jst.pl/sites/3080/wiadomosci/574896/files/raport_za_2020_r.pdf,direct_without_tor,36ef4f7f064694880c7ca9f25df723fd248a439b7fadd14ff34f7f271041d37a,200,2026-09-04T22:01:21Z,,1.435,true
1756,warmińsko-mazurskie,giżycki,Giżycko,gmina miejska,2806011,2021,ok_finalnie,pdf,tekst,https://bip-v1-files.idcom-jst.pl/sites/3080/wiadomosci/632685/files/raport_za_2021_r_.pdf,direct_without_tor,d6ba2ce33e779afd536701879c21e881bec7a4dae9d41a756ae7de7305699a75,200,2026-09-04T22:01:24Z,,1.746,true
1757,warmińsko-mazurskie,giżycki,Giżycko,gmina miejska,2806011,2022,ok_finalnie,pdf,tekst,https://bip-v1-files.idcom-jst.pl/sites/3080/wiadomosci/685225/files/_raport_za_2022_r_.pdf,direct_without_tor,bc3061bac09f508c2312b2ffd29b44a54a905785081be1437aaa8289d4358080,200,2026-09-04T22:01:27Z,,1.618,true
1758,warmińsko-mazurskie,giżycki,Giżycko,gmina miejska,2806011,2023,ok_finalnie,pdf,tekst,https://bip-v1-files.idcom-jst.pl/sites/3080/wiadomosci/756298/files/raport_za_2023_r_.pdf,direct_without_tor,fe2ad4ceb716064e0e17332c240f01320a008531fc710310140eecbda54d796c,200,2026-09-04T22:01:31Z,,1.635,true
1759,warmińsko-mazurskie,giżycki,Giżycko,gmina miejska,2806011,2024,ok_finalnie,pdf,tekst,https://bip-v1-files.idcom-jst.pl/sites/3080/wiadomosci/823238/files/raport_za_2024_r.pdf,direct_without_tor,f4880d469c8797191deb501520ba39cb22b3813218e2392a9ba5c4c7b5acfc99,200,2026-09-04T22:01:35Z,,3.5,true
1760,warmińsko-mazurskie,giżycki,Giżycko,gmina miejska,2806011,2025,ok_finalnie,pdf,skan,https://bip-v1-files.idcom-jst.pl/sites/3080/wiadomosci/885401/files/raport_o_stanie_miasta_2025.pdf,direct_without_tor,b1c6352f364f35f373f7cb4cb9f7eebcad65687d5a9222e7cbef262fff3f03ec,200,2026-09-04T22:01:56Z,,54.486,true
1761,warmińsko-mazurskie,giżycki,Giżycko,gmina wiejska,2806042,2018,ok_finalnie,pdf,tekst,https://bip-v1-files.idcom-jst.pl/sites/47061/wiadomosci/472118/files/raportostaniegminygizycko_x.pdf,direct_without_tor,a61fe5f1122129720b79a432eee05dae0fb59bda18af20310376ad29efd34c57,200,2026-09-04T22:02:00Z,,1.169,true
1762,warmińsko-mazurskie,giżycki,Giżycko,gmina wiejska,2806042,2019,ok_finalnie,pdf,tekst,https://bip-v1-files.idcom-jst.pl/sites/47061/wiadomosci/520944/files/raport_o_stanie_gg_2019.pdf,direct_without_tor,e6abb7751fade91cc2c4909fe6f01efdfa1a6d2ef49cd323781c3411738d7688,200,2026-09-04T22:02:03Z,,1.641,true
1763,warmińsko-mazurskie,giżycki,Giżycko,gmina wiejska,2806042,2020,ok_finalnie,pdf,tekst,https://bip-v1-files.idcom-jst.pl/sites/47061/wiadomosci/573297/files/raport_o_stanie_gminy_gizycko_za_rok_2020.pdf,direct_without_tor,e9c87ebeda4887d1268b130bf3fdd5fa4c7e7dac37d4383b7aebb7491957d33e,200,2026-09-04T22:02:06Z,,1.499,true
1764,warmińsko-mazurskie,giżycki,Giżycko,gmina wiejska,2806042,2021,ok_finalnie,pdf,tekst,https://bip-v1-files.idcom-jst.pl/sites/47061/wiadomosci/631782/files/raport_o_stanie_gminy_gizycko_za_2021_rok.pdf,direct_without_tor,70a67e6c23c38d2a9da47c7947e1e9737127a955a215ed5a5725719bb1f89c8e,200,2026-09-04T22:02:10Z,,2.302,true
1765,warmińsko-mazurskie,giżycki,Giżycko,gmina wiejska,2806042,2022,ok_finalnie,pdf,tekst,https://bip-v1-files.idcom-jst.pl/sites/47061/wiadomosci/688944/files/raport_o_stanie_gminy_gizycko_za_2022_rok.pdf,direct_without_tor,8cad4e338e8e890e89bc8a97f4357a04c1f728012a2714d46eb4c43c9dc4a95d,200,2026-09-04T22:02:13Z,,2.533,true
1766,warmińsko-mazurskie,giżycki,Giżycko,gmina wiejska,2806042,2023,ok_finalnie,pdf,tekst,https://bip-v1-files.idcom-jst.pl/sites/47061/wiadomosci/756108/files/raport_o_stanie_gminy_gizycko_za_2023_rok.pdf,direct_without_tor,1971d8695b358dc0b743b6ca68c0544b1ea049e2f631b9536d38c0f00890d2ba,200,2026-09-04T22:02:17Z,,2.357,true
1767,warmińsko-mazurskie,giżycki,Giżycko,gmina wiejska,2806042,2024,ok_finalnie,pdf,tekst,https://bip-v1-files.idcom-jst.pl/sites/47061/wiadomosci/820880/files/raport_o_stanie_gminy_gizycko_za_2024_rok.pdf,direct_without_tor,a9519da3401f2cac50a4205ed9a34d0cfdcf5f93d0818364d044b4f85a0f686a,200,2026-09-04T22:02:21Z,,2.608,true
1768,warmińsko-mazurskie,giżycki,Giżycko,gmina wiejska,2806042,2025,ok_finalnie,pdf,tekst,https://bip-v1-files.idcom-jst.pl/sites/47061/wiadomosci/885559/files/raport_o_stanie_gminy_gizycko_za_rok_2025.pdf,direct_without_tor,2172144acb7851884bc04b5e5a33303764dcdf33dadfb576bafc1935f7e7de5e,200,2026-09-04T22:02:24Z,,1.684,true
1769,warmińsko-mazurskie,giżycki,Kruklanki,gmina wiejska,2806052,2018,ok_finalnie,pdf,tekst,https://bipkruklanki.warmia.mazury.pl/attachment/informacja/3472/9f6b197ad0081a79da949d9dfb83533c51460d0b.html,direct_without_tor,43e6ea69a7728e8c05554a6c705a8609bb607afd2e29ed6965afe1949c054023,200,2026-09-04T22:06:29Z,,0.607,true
1770,warmińsko-mazurskie,giżycki,Kruklanki,gmina wiejska,2806052,2019,ok_finalnie,pdf,tekst,https://bipkruklanki.warmia.mazury.pl/attachment/informacja/4303/3f638d2f1e7889998b4cedee180d61486a913741.html,direct_without_tor,81af93a11d3310fef8b160e4fcf022bf93d37afc3f689436deb25665b1009aa3,200,2026-09-04T22:06:33Z,,0.642,true
1771,warmińsko-mazurskie,giżycki,Kruklanki,gmina wiejska,2806052,2020,ok_finalnie,pdf,tekst,https://bipkruklanki.warmia.mazury.pl/attachment/informacja/4753/dc847cd997b6b3ab88ce1938af5b41a3fd8396cb.html,direct_without_tor,fc83842feaf0ef1462ca457dde0f2a7aa451e326e78bc431a267748dee966693,200,2026-09-04T22:06:36Z,,0.629,true
1772,warmińsko-mazurskie,giżycki,Kruklanki,gmina wiejska,2806052,2021,ok_finalnie,pdf,tekst,https://bipkruklanki.warmia.mazury.pl/attachment/informacja/5400/7d418f19a71e3ab199b90b6c5fe7d20db157bf86.html,direct_without_tor,db1c3cacf1dbc3c5f14708464b484097738f0a5dd0a8a5c85d9c90c813fda52a,200,2026-09-04T22:06:40Z,,0.726,true
1773,warmińsko-mazurskie,giżycki,Kruklanki,gmina wiejska,2806052,2022,ok_finalnie,pdf,tekst,https://bipkruklanki.warmia.mazury.pl/attachment/informacja/5898/147c9391d98e6f0a18dbc05f60ea2acc6c872f61.html,direct_without_tor,5bffc88d37e8247073865c6a7bf92a73d8d28458f1072920bfe0dd3980d940e7,200,2026-09-04T22:06:44Z,,1.164,true
1774,warmińsko-mazurskie,giżycki,Kruklanki,gmina wiejska,2806052,2023,ok_finalnie,pdf,tekst,https://bipkruklanki.warmia.mazury.pl/attachment/informacja/6508/1469a1fef3c8a187a2248ffd47f0d15b06ad48fa.html,direct_without_tor,1a8005d32f4c18184937f682295fa280b12f0eab69820a72ab86016e96899d93,200,2026-09-04T22:06:49Z,,2.984,true
1775,warmińsko-mazurskie,giżycki,Kruklanki,gmina wiejska,2806052,2024,ok_finalnie,pdf,tekst,https://bipkruklanki.warmia.mazury.pl/attachment/informacja/7071/c0b46879ba733d4bf25bbd5a19bed51cd1eec472.html,direct_without_tor,8a62c6139075c236c582d09ac645b430b840dc895188342ad16d162b27db2d88,200,2026-09-04T22:06:54Z,,5.087,true
1776,warmińsko-mazurskie,giżycki,Kruklanki,gmina wiejska,2806052,2025,ok_finalnie,pdf,tekst,https://bipkruklanki.warmia.mazury.pl/attachment/informacja/7449/73d9c36a20b574c469b4a7590fa21c3492db8029.html,direct_without_tor,e8165ef04b9db42ecf1b74a423f92e83c9a9cd76a09538a71841eb8cf48212e8,200,2026-09-04T22:07:00Z,,7.233,true
1777,warmińsko-mazurskie,giżycki,Miłki,gmina wiejska,2806062,2018,ok_finalnie,pdf,tekst,http://web.archive.org/web/20190723201501if_/http://bip.milki.warmia.mazury.pl/system/obj/8159_Raport_2018.pdf,wayback_direct_without_tor,07169d1bc622c5dc150c98c40cfe29c0487196fe6fae128636d386c75a6bbe79,200,2026-09-05T02:07:21Z,[revalid 2026-09-05] hash_mismatch got=07169d1bc622c5dc150c98c40cfe29c0487196fe6fae128636d386c75a6bbe79 want=07169d2275b8a477dd59dab1f2fef748f2ad5c2d44fd4f8e32387974a8f7b07f n=662946 unit=gmina_ok report=True year=2018 | [revalid 2026-09-05] revalidated_hash_updated unit_ok report year=2018 n=662946 old_hash_mismatch,0.632,true
1778,warmińsko-mazurskie,giżycki,Miłki,gmina wiejska,2806062,2019,ok_finalnie,pdf,tekst,https://archiwum.gminamilki.pl/wp-content/plugins/download-attachments/includes/download.php?id=3150,direct_without_tor,548e823c62bb0c963035c22a57b6d2fb24c55aee12c55b8fa7fc873090ec7302,200,2026-09-04T22:41:31Z,,0.55,true
1779,warmińsko-mazurskie,giżycki,Miłki,gmina wiejska,2806062,2020,ok_finalnie,pdf,tekst,https://archiwum.gminamilki.pl/wp-content/plugins/download-attachments/includes/download.php?id=3825,direct_without_tor,33eb353b95d1ae5817a65b446b5761eee2d5d96e613fb09f96ea77fde947cead,200,2026-09-04T22:41:34Z,,0.813,true
1780,warmińsko-mazurskie,giżycki,Miłki,gmina wiejska,2806062,2021,ok_finalnie,pdf,skan,https://bip.gminamilki.pl/system/obj/11494_10102_Raport_o_stanie_Gminy_Milki_2021.pdf,direct_without_tor,9a6b5ff17db138cb2b1bde709803251377255bbe3a43cfa62aba797236cc4d58,200,2026-09-04T22:35:00Z,,3.17,true
1781,warmińsko-mazurskie,giżycki,Miłki,gmina wiejska,2806062,2022,ok_finalnie,pdf,skan,https://bip.gminamilki.pl/system/obj/11493_10685_Raport_o_stanie_Gminy_Milki_za_rok_2022.pdf,direct_without_tor,4652cea8fca9c59bda614331523919775915aee4074b86b488ce8dc73f98e654,200,2026-09-04T22:35:10Z,,3.515,true
1782,warmińsko-mazurskie,giżycki,Miłki,gmina wiejska,2806062,2023,ok_finalnie,pdf,skan,https://bip.gminamilki.pl/system/obj/11492_11488_Raport_o_stanie_Gminy_Milki_za_2023_rok_.pdf,direct_without_tor,c42da44dc1efc9a9e159414cd4388a1ff193d1c34fd46d8460c5cda39a181900,200,2026-09-04T22:35:26Z,,3.254,true
1783,warmińsko-mazurskie,giżycki,Miłki,gmina wiejska,2806062,2024,ok_finalnie,pdf,tekst,https://bip.gminamilki.pl/system/obj/12157_Raport_2024_28.05.2025_r..pdf,direct_without_tor,c2cc10e16225ed5566d4073a9309856b053cd4f356739bb9da01346f5940d771,200,2026-09-04T22:35:29Z,,2.28,true
1784,warmińsko-mazurskie,giżycki,Miłki,gmina wiejska,2806062,2025,ok_finalnie,pdf,tekst,https://bip.gminamilki.pl/system/obj/12973_Raport_2025_29.05.2026_r..pdf,direct_without_tor,5873a60d18cd59e4619ed8eddf9673f2cd15c6b4d6d48a1d0a8a3763777b2303,200,2026-09-04T22:35:32Z,,2.625,true
1785,warmińsko-mazurskie,giżycki,Ryn,gmina miejsko-wiejska,2806083,2018,ok_finalnie,pdf,tekst,https://bip.miastoryn.pl/system/pobierz.php?plik=Raport_o_stanie_Gminy_Ryn_za_2018_rok.pdf&id=5642&stats=true,direct_without_tor,213b248d3410a12b2153ea5be4993285a5c255b2adb5f1bb8d234c4abf4fbae2,200,2026-09-04T22:06:35Z,,2.118,true
1786,warmińsko-mazurskie,giżycki,Ryn,gmina miejsko-wiejska,2806083,2019,ok_finalnie,pdf,tekst,https://bip.miastoryn.pl/system/pobierz.php?plik=Raport_o_stanie_Gminy_Ryn_za_2019_rok.pdf&id=6382&stats=true,direct_without_tor,7ad80e828fe8ebed93157110d916aad7a090b263aa8538e446cf4b30564b8f84,200,2026-09-04T22:06:39Z,,3.035,true
1787,warmińsko-mazurskie,giżycki,Ryn,gmina miejsko-wiejska,2806083,2020,ok_finalnie,pdf,tekst,https://bip.miastoryn.pl/system/pobierz.php?plik=Raport_o_stanie_Gminy_Ryn_za_2020_rok.pdf&id=6829&stats=true,direct_without_tor,3bb39c5a10441dae0541f1504f7a8c82b181123d5d535dc55daca3ed97f7f78a,200,2026-09-04T22:06:42Z,,3.293,true
1788,warmińsko-mazurskie,giżycki,Ryn,gmina miejsko-wiejska,2806083,2021,ok_finalnie,pdf,tekst,https://bip.miastoryn.pl/system/pobierz.php?plik=Raport_o_stanie_Gminy_Ryn_za_2021_rok.pdf&id=7406&stats=true,direct_without_tor,b7b1fd18da06670d373b18e3db0af4b9af4756f9ad384c0538f2c219a42b7a13,200,2026-09-04T22:06:45Z,,3.442,true
1789,warmińsko-mazurskie,giżycki,Ryn,gmina miejsko-wiejska,2806083,2022,ok_finalnie,pdf,tekst,https://bip.miastoryn.pl/system/pobierz.php?plik=raport_za_2022.pdf&id=8097&stats=true,direct_without_tor,c3d98a1a32ac444365a1be570d7bb75f8e45d71e3bd3ca44c56dba4eeef120c9,200,2026-09-04T22:06:48Z,,3.592,true
1790,warmińsko-mazurskie,giżycki,Ryn,gmina miejsko-wiejska,2806083,2023,ok_finalnie,pdf,skan,https://bip.miastoryn.pl/system/pobierz.php?plik=Raport_o_stanie__Gminy_Ryn.pdf&id=6458fe986c79617e5665288ff4437dc2&stats=true,direct_without_tor,e52ef2a59cbd479c6d913cfcb146509cc1ced158c51e9976ff4faed7543817b2,200,2026-09-04T22:07:04Z,,7.299,true
1791,warmińsko-mazurskie,giżycki,Ryn,gmina miejsko-wiejska,2806083,2024,ok_finalnie,pdf,tekst,https://bip.miastoryn.pl/system/pobierz.php?plik=Raport_za_2024.pdf&id=bea71ec581d4c29859cd6a422ab031fd&stats=true,direct_without_tor,36b29b5e56455c8b2dcbd8f5c2cf2a71058662fc3339ce5c2986190718cd5348,200,2026-09-04T22:07:07Z,,3.519,true
1792,warmińsko-mazurskie,giżycki,Ryn,gmina miejsko-wiejska,2806083,2025,ok_finalnie,pdf,tekst,https://bip.miastoryn.pl/system/pobierz.php?plik=Raport_o_stanie_Gminy_Ryn_za_2025_rok.pdf&id=79b6c65aeaf185845d1f86277e770ebd&stats=true,direct_without_tor,3ee4935ac35bd2abe2744f8aae919d9028fae58d04dc7040abb6030f433e651a,200,2026-09-04T22:07:10Z,,3.201,true
1793,warmińsko-mazurskie,giżycki,Wydminy,gmina wiejska,2806102,2018,ok_finalnie,doc,tekst,https://bip.wydminy.pl/system/obj/6778_raport_ca_C4_B9_E2_80_9Ao_C4_B9_E2_80_BA_C3_84_E2_80_A1_ostateczne.doc,direct_without_tor,169e738b7adbb50a66d4329dc3faf84c3e06ef189f459af5f94bec2e6f2b4b64,200,2026-09-04T22:06:49Z,,11.174,true
1794,warmińsko-mazurskie,giżycki,Wydminy,gmina wiejska,2806102,2019,ok_finalnie,pdf,tekst,https://bip.wydminy.pl/system/obj/7394_Raport_Wydminy_2019_r.pdf,direct_without_tor,bd12ba1a1d0a02d867912544c3de969297b9dee89645dc33849a63597215c594,200,2026-09-04T22:06:52Z,,1.988,true
1795,warmińsko-mazurskie,giżycki,Wydminy,gmina wiejska,2806102,2020,ok_finalnie,pdf,tekst,https://bip.wydminy.pl/system/obj/7932_Raport_o_stanie_Gminy_Wydminy_za_rok_2020.pdf,direct_without_tor,6363eb089b21755255207b8c31d40b7ac191a5c7763f1a35842c0d9159b6a878,200,2026-09-04T22:06:55Z,,1.24,true
1796,warmińsko-mazurskie,giżycki,Wydminy,gmina wiejska,2806102,2021,ok_finalnie,pdf,tekst,https://bip.wydminy.pl/system/pobierz.php?plik=Raport_o_stanie_Gminy_Wydminy_za_rok_2021.pdf&id=741f166f1b4632b657112cb175a7b3bb,direct_without_tor,eb1ddbde7cdb893ef8f376629e4eabb665d84f62040f562fd4ce6e6fe13e723f,200,2026-09-04T22:06:58Z,,1.462,true
1797,warmińsko-mazurskie,giżycki,Wydminy,gmina wiejska,2806102,2022,ok_finalnie,pdf,tekst,https://bip.wydminy.pl/system/pobierz.php?plik=Raport_o_stanie_Gminy_Wydminy_za_rok_2022.pdf&id=f40ff8e1c3075b66487a94eeea1450b3,direct_without_tor,06abcd25e31bc013af6543127d27c9325490ce265d2fbb5fadf79fabfeba4554,200,2026-09-04T22:07:01Z,,1.765,true
1798,warmińsko-mazurskie,giżycki,Wydminy,gmina wiejska,2806102,2023,ok_finalnie,pdf,tekst,https://bip.wydminy.pl/system/pobierz.php?plik=Raport_o_stanie_Gminy_Wydminy_za_rok_2023.pdf&id=174df22de353573fe892dff6308e8cfb,direct_without_tor,479332f234575686e26cd0a7983d0994a899b2c97789362ca2c896b3b9644896,200,2026-09-04T22:07:04Z,,2.388,true
1799,warmińsko-mazurskie,giżycki,Wydminy,gmina wiejska,2806102,2024,ok_finalnie,pdf,tekst,https://bip.wydminy.pl/system/pobierz.php?plik=Raport_o_stanie_Gminy_Wydminy_za_rok_2024_mapa_281_29.pdf&id=ac9df512989fd1b975bb3982888965d3,direct_without_tor,cff09b033829e223e16067de44a9debda91ad12b4318826e22fabfbc6235c6bd,200,2026-09-04T22:07:08Z,,2.238,true
1800,warmińsko-mazurskie,giżycki,Wydminy,gmina wiejska,2806102,2025,ok_finalnie,pdf,tekst,https://bip.wydminy.pl/system/pobierz.php?plik=Raport_o_stanie_Gminy_Wydminy_za_rok_2025.pdf&id=719749532c70cbbac5033ce26c99389a,direct_without_tor,5303279f0ebd83e1f76a889cbde063fd5917d8f0387f2a323375fae6f9a1c688,200,2026-09-04T22:07:11Z,,5.755,true
1801,warmińsko-mazurskie,gołdapski,Banie Mazurskie,gmina wiejska,2818012,2018,ok_finalnie,pdf,skan,https://bipbaniemazurskie.warmia.mazury.pl/attachment/informacja/5457/7ac49285ab2444fb16915f45f7dfa9054c3f8b66.html,direct_without_tor,1a964c9b46bbae5adac5b7befb5f56b2ffad5f042283d3105180618b3f3de8ac,200,2026-09-04T22:35:52Z,,6.686,true
1802,warmińsko-mazurskie,gołdapski,Banie Mazurskie,gmina wiejska,2818012,2019,ok_finalnie,pdf,skan,https://bipbaniemazurskie.warmia.mazury.pl/attachment/informacja/7513/25afb5d59672cc87384ddb541b6409eb558dff07.html,direct_without_tor,4a834ca7a756843b7597a9fd8224f76ed09948c231711c0b97ee8e351a377554,200,2026-09-04T22:36:11Z,,2.756,true
1803,warmińsko-mazurskie,gołdapski,Banie Mazurskie,gmina wiejska,2818012,2020,ok_finalnie,pdf,skan,https://bipbaniemazurskie.warmia.mazury.pl/attachment/informacja/8748/52a359afb892cd9f783db260951d6c2e09c79ff7.html,direct_without_tor,7902a446397960d04bb732ca9200f679add5ca267151c458f8ba881304fb32ef,200,2026-09-04T22:36:28Z,,3.039,true
1804,warmińsko-mazurskie,gołdapski,Banie Mazurskie,gmina wiejska,2818012,2021,ok_finalnie,pdf,skan,https://bipbaniemazurskie.warmia.mazury.pl/attachment/informacja/9732/4a3a525f14d32ca9037b911ee89e8efd0ad0c323.html,direct_without_tor,a305b7d02b9b82454e07d24a552d0a82b28218394b235f00e2b26596c6d33127,200,2026-09-04T22:36:49Z,,2.959,true
1805,warmińsko-mazurskie,gołdapski,Banie Mazurskie,gmina wiejska,2818012,2022,ok_finalnie,pdf,tekst,https://gminabaniemazurskie.pl/wp-content/uploads/2022/10/RAPORT-Z-EWALUACJI-EX-ANTE.pdf,direct_without_tor,6dded27a9251d9786d89efcc0314c055b5b461455041df1e739a52e2fc3292e5,200,2026-09-04T22:43:43Z,,0.91,true
1806,warmińsko-mazurskie,gołdapski,Banie Mazurskie,gmina wiejska,2818012,2023,ok_finalnie,pdf,skan,https://bipbaniemazurskie.warmia.mazury.pl/attachment/informacja/13021/e1c982121bab71b4a9c060d0ba4069da053f0cc8.html,direct_without_tor,7cc603fc58ba1e56680f88b58e5dfc3ba15211d4efdb66372238d343a28de8bf,200,2026-09-04T22:37:13Z,,2.849,true
1807,warmińsko-mazurskie,gołdapski,Banie Mazurskie,gmina wiejska,2818012,2024,ok_finalnie,pdf,skan,https://gminabaniemazurskie.pl/wp-content/uploads/2025/05/Zalacznik-do-Zarzadzenia-Nr-37.2025-Raport-o-stanie-Gminy-Banie-Mazurskie-za-2024-rok.pdf,direct_without_tor + ocr,d1abe08adcc17605191cb635609fcf88fb5d4a7b123326b0bb669678a2d80aaa,200,2026-09-05T00:08:00Z,,14.357,true
1808,warmińsko-mazurskie,gołdapski,Banie Mazurskie,gmina wiejska,2818012,2025,ok_finalnie,pdf,skan,https://gminabaniemazurskie.pl/wp-content/uploads/2026/05/Zalacznik-do-Zarzadzenia-Nr-332026-z-dnia-7-maja-2026-r.pdf,direct_without_tor + ocr,f776c428744d645915c9faf84806f85e334b9f3cdc537da055e536dde832723f,200,2026-09-05T00:08:14Z,,13.65,true
1809,warmińsko-mazurskie,kętrzyński,Kętrzyn,gmina miejska,2808011,2018,ok_finalnie,pdf,tekst,http://archiwum.bip.miastoketrzyn.pl/system/obj/11400_Raport_o_stanie_Gminy_Miejskiej_Ketrzyn_2018.pdf,direct_without_tor,10fa43e9167e550e0e83e4e4dd1631e2a5d173e0187a9525b3d5e61bbd301276,200,2026-09-04T22:40:03Z,,3.305,true
1810,warmińsko-mazurskie,kętrzyński,Kętrzyn,gmina miejska,2808011,2019,ok_finalnie,pdf,tekst,https://archiwum.bip.miastoketrzyn.pl/system/pobierz.php?id=13423,direct_without_tor,d13aafac8e9eab0af760625660074475f2018179785b46c491c6716d0b96fec4,200,2026-09-04T22:40:07Z,,6.656,true
1811,warmińsko-mazurskie,kętrzyński,Kętrzyn,gmina miejska,2808011,2020,ok_finalnie,pdf,tekst,https://archiwum.bip.miastoketrzyn.pl/system/pobierz.php?id=15886,direct_without_tor,bd941967b070e5ea7a0d18efc51197d9055a2b9473b1ff3831d71f36debacef8,200,2026-09-04T22:40:10Z,,5.878,true
1812,warmińsko-mazurskie,kętrzyński,Kętrzyn,gmina miejska,2808011,2021,ok_finalnie,pdf,tekst,https://www.miastoketrzyn.pl/fileadmin/import/Tre%C5%9B%C4%87-raportu-o-stanie-Gminy-Miejskiej-K%C4%99trzyn-2021r.-34688.pdf,direct_without_tor,1100abb335092bdb884688df4645513bd38c7484b46b2f4b139b61976eb8318d,200,2026-09-04T22:38:40Z,,2.391,true
1813,warmińsko-mazurskie,kętrzyński,Kętrzyn,gmina miejska,2808011,2022,ok_finalnie,pdf,tekst,https://www.miastoketrzyn.pl/fileadmin/import/Raport-o-stanie-Gminy-Miejskiej-K%C4%99trzyn-za-rok-2022-37300.pdf,direct_without_tor,462443bf9bfe9c63f0ae7993ca610978932efb33eaa4a8ff389d38da9ad1c93b,200,2026-09-04T22:38:43Z,,2.831,true
1814,warmińsko-mazurskie,kętrzyński,Kętrzyn,gmina miejska,2808011,2023,ok_finalnie,pdf,tekst,https://www.miastoketrzyn.pl/fileadmin/user_upload/raport_o_stanie_gminy_miejskiej_ketrzyn_2023.pdf,direct_without_tor,e7985578fda886d006b4e02e6a3b8a98837df1472b2312ae836f877401db8fa6,200,2026-09-04T22:38:46Z,,2.958,true
1815,warmińsko-mazurskie,kętrzyński,Kętrzyn,gmina miejska,2808011,2024,ok_finalnie,pdf,tekst,https://www.miastoketrzyn.pl/fileadmin/user_upload/RAPORT_KETRZYN_2024.pdf,direct_without_tor,52e88eae4d78722da0f6080ba21d55ce081401ed02cc58a2ad0a58f94c07d290,200,2026-09-04T22:38:51Z,,18.001,true
1816,warmińsko-mazurskie,kętrzyński,Kętrzyn,gmina miejska,2808011,2025,ok_finalnie,pdf,tekst,https://bip.miastoketrzyn.pl/files/raport-o-stanie-miasta/raport-o-stanie-miasta-ketrzyna-za-rok-2025.pdf,direct_without_tor,b94c64cec74b56d357a59b23b3ce61faea7ab975a32a1acf09bd2c57e68f005a,200,2026-09-04T22:43:45Z,,8.41,true
1817,warmińsko-mazurskie,kętrzyński,Kętrzyn,gmina wiejska,2808032,2018,ok_finalnie,pdf,skan,https://bip.gminaketrzyn.pl/system/pobierz.php?plik=Zarzadzenie_47-2019.pdf&id=3f4885fdfa4da602e841dfd57514620b,direct_without_tor + ocr,1dc463c7c54bda7bac2048fa86aaeec58cf2edab9c5efa57e57fb32478d38726,200,2026-09-05T00:08:57Z,,9.804,true
1818,warmińsko-mazurskie,kętrzyński,Kętrzyn,gmina wiejska,2808032,2019,ok_finalnie,pdf,tekst,https://bip.gminaketrzyn.pl/system/pobierz.php?plik=Raport_o_stanie_Gminy_wiejskiej_Ketrzyn.pdf&id=07568df3a384c2f1a8667087c540f5e8&stats=true,direct_without_tor,2d97a06c26ca21208d2a3ce518047ecd6c25a10c0e4ea15b59dd39c897a0ee21,200,2026-09-04T22:29:16Z,,1.425,true
1819,warmińsko-mazurskie,kętrzyński,Kętrzyn,gmina wiejska,2808032,2020,ok_finalnie,pdf,tekst,https://bip.gminaketrzyn.pl/system/pobierz.php?plik=RAPORT_O_STANIE_GMINY_ZA_2020_ROK_.pdf&id=f111622048131f34cc07cd7595f5cc37&stats=true,direct_without_tor,0ffe9c611fc87079157a66936464e565b9a57cfe91f0757b265239f68fc23342,200,2026-09-04T22:29:20Z,,8.428,true
1820,warmińsko-mazurskie,kętrzyński,Kętrzyn,gmina wiejska,2808032,2021,ok_finalnie,pdf,tekst,https://bip.gminaketrzyn.pl/system/pobierz.php?plik=Raport_za_2021_rok_-_OSTATECZNA_WERSJA_W_DOSTEPNOSCI_CYFROWEJ.pdf&id=019a8329d1d40b23590a4dbc71e252f1&stats=true,direct_without_tor,5380f66af20cd88512994b9e15b22d1d9310df19307148795c6afaa0f4a8ec09,200,2026-09-04T22:29:24Z,,7.671,true
1821,warmińsko-mazurskie,kętrzyński,Kętrzyn,gmina wiejska,2808032,2022,ok_finalnie,pdf,tekst,https://bip.gminaketrzyn.pl/system/pobierz.php?plik=Raport_o_stanie_Gminy_za_2022_rok_.pdf&id=d0d41c5bfaac057cc4aff62daf3b9229&stats=true,direct_without_tor,5437b064eb98ccc44f75c6c8087d0fe1c7e0ffb747e9a60e15142fb90c5743a8,200,2026-09-04T22:29:28Z,,22.697,true
1822,warmińsko-mazurskie,kętrzyński,Kętrzyn,gmina wiejska,2808032,2023,ok_finalnie,pdf,tekst,https://bip.gminaketrzyn.pl/system/pobierz.php?plik=Raport_o_stanie_Gminy_za_2023_rok_.pdf&id=ef9890050d2c967beceec09f7ebe1a78&stats=true,direct_without_tor,933ef50e9e2548946e27e4fefdaa9a71ba2c31a3b4bf733acd09fcc47c7c7e09,200,2026-09-04T22:59:15Z,,21.481,true
1823,warmińsko-mazurskie,kętrzyński,Kętrzyn,gmina wiejska,2808032,2024,ok_finalnie,pdf,tekst,https://bip.gminaketrzyn.pl/system/pobierz.php?plik=Raport_o_stanie_Gminy_za_2024_rok.pdf&id=c5188723218364d32caf25c315a6f65b&stats=true,direct_without_tor,86f63c80645e3d0972c91c8fa57f3e54dc47f3bbbe9b6097e4c2a8f2c57bcf87,200,2026-09-04T22:29:37Z,,23.524,true
1824,warmińsko-mazurskie,kętrzyński,Kętrzyn,gmina wiejska,2808032,2025,ok_finalnie,pdf,tekst,https://gminaketrzyn.pl/files/file_add/download/318_raport-o-stanie-gminy-za-2025-rok-aktualizacja-.pdf,direct_without_tor,35282839da7e0abf8bc4ca696f1622cb392367e2a855ffbb9b998997aa4b9087,200,2026-09-04T22:43:47Z,,24.484,true
1825,warmińsko-mazurskie,kętrzyński,Reszel,gmina miejsko-wiejska,2808053,2018,ok_finalnie,pdf,tekst,https://bipreszel.warmia.mazury.pl/attachment/informacja/6265/df206f6aabbe41d7f3ea1782e66667c68b8f1378.html,direct_without_tor,19d9c72093dcaed42d0f6fbd520dbce682ca29cc34dd4b8cc85edf209adb4eba,200,2026-09-04T22:07:04Z,,1.154,true
1826,warmińsko-mazurskie,kętrzyński,Reszel,gmina miejsko-wiejska,2808053,2019,ok_finalnie,pdf,tekst,https://bipreszel.warmia.mazury.pl/attachment/informacja/7529/38180bff0c46738770afe98bb1a74f1fe5d0fbfc.html,direct_without_tor,d618b8b34d3a5627bb713603452e98a94e21df0a4cf7caee5e89664d03850104,200,2026-09-04T22:07:10Z,,6.234,true
1827,warmińsko-mazurskie,kętrzyński,Reszel,gmina miejsko-wiejska,2808053,2020,ok_finalnie,pdf,tekst,https://bipreszel.warmia.mazury.pl/attachment/informacja/8627/833e1e51c78684329a843be35bd54fe8b39b7aea.html,direct_without_tor,22dcfd8b1dcbfb0f919e63f74d373e69a7c313b029fbca03b29c701b76de0117,200,2026-09-04T22:07:15Z,,2.794,true
1828,warmińsko-mazurskie,kętrzyński,Reszel,gmina miejsko-wiejska,2808053,2021,ok_finalnie,pdf,tekst,https://bipreszel.warmia.mazury.pl/attachment/informacja/11496/f8aab2eede66c43ea03d4c3075ef13b9b7e32990.html,direct_without_tor,40be70f4f463d2db884494e02e5870ea20dad981405947b83bc571e3f68cc783,200,2026-09-04T22:07:20Z,,3.582,true
1829,warmińsko-mazurskie,kętrzyński,Reszel,gmina miejsko-wiejska,2808053,2022,ok_finalnie,pdf,tekst,https://bipreszel.warmia.mazury.pl/attachment/informacja/12377/5cad9d42e399bb066745db7bb4cccea5ba7b3a8b.html,direct_without_tor,6c9b8b86b3a6e6a3a5464f32f59502a582ef97e92bd6d7ee3d5d37575d433b9c,200,2026-09-04T22:07:25Z,,3.745,true
1830,warmińsko-mazurskie,kętrzyński,Reszel,gmina miejsko-wiejska,2808053,2023,ok_finalnie,pdf,tekst,https://bipreszel.warmia.mazury.pl/attachment/informacja/13717/6ebaa6d872fa4861e97a164cf60a540b2f3f84a2.html,direct_without_tor,727b04d58d45ae78d74123ba829eef7d50ce3a8f068f095f2223bf3f884c0cd2,200,2026-09-04T22:07:30Z,,3.75,true
1831,warmińsko-mazurskie,kętrzyński,Reszel,gmina miejsko-wiejska,2808053,2024,ok_finalnie,pdf,tekst,https://bipreszel.warmia.mazury.pl/attachment/informacja/15419/082268e3a01a0a13bbde0b0a32728dc1408425fc.html,direct_without_tor,c948b68b02f895c9fed974d30db00104d81a39df4633b79ee5d562114b417246,200,2026-09-04T22:07:32Z,,0.152,true
1832,warmińsko-mazurskie,kętrzyński,Reszel,gmina miejsko-wiejska,2808053,2025,ok_finalnie,pdf,tekst,https://bipreszel.warmia.mazury.pl/attachment/informacja/16831/81f9b7d125f10517d7b75229c304f91b862046a2.html,direct_without_tor,18731e9cd8ddb96417c201c4f9d12153280d854b3cb510aabd25e0e588bb5ab6,200,2026-09-04T22:07:38Z,,3.054,true
1833,warmińsko-mazurskie,kętrzyński,Srokowo,gmina wiejska,2808062,2018,ok_finalnie,pdf,tekst,https://bip.gminasrokowo.pl/system/pobierz.php?plik=Raport_o_stanie_Gminy_Srokowo_za_2018.pdf&id=617cb2836ed715e667a49b49cdf318a5,direct_without_tor,c1462422ea3fc984766977024ccc91adb4193c9e7a8e30a9cfe2e012a29d0696,200,2026-09-04T22:07:13Z,,4.478,true
1834,warmińsko-mazurskie,kętrzyński,Srokowo,gmina wiejska,2808062,2019,ok_finalnie,pdf,tekst,https://bip.gminasrokowo.pl/system/pobierz.php?plik=Raport_o_stanie_Gminy_Srokowo_za_2019.pdf&id=7b1bd7925534823e86e917fd4327ed9f,direct_without_tor,ccdb80f90778246f148f891739f9c1b624470404421ed7dc28895c0f5e935c00,200,2026-09-04T22:07:17Z,,5.234,true
1835,warmińsko-mazurskie,kętrzyński,Srokowo,gmina wiejska,2808062,2020,ok_finalnie,pdf,tekst,https://bip.gminasrokowo.pl/system/pobierz.php?plik=RAPORT_O_STANIE_GMINY_za_2020.pdf&id=27f40d03af5ecc6a96a9b8ba3d407ce2,direct_without_tor,7873708578c88af63a324a1679636e578e06e4a317927d997bb7a572a2f331fc,200,2026-09-04T22:07:20Z,,4.889,true
1836,warmińsko-mazurskie,kętrzyński,Srokowo,gmina wiejska,2808062,2021,ok_finalnie,pdf,tekst,https://bip.gminasrokowo.pl/system/pobierz.php?plik=Raport_za_2021_do_druku.pdf&id=5ae013a11671f451d13b497fd7796ce6,direct_without_tor,c75a82c8715433bcedd12600e15697c194fa7758d6e3a4e2b3abad34a925cba9,200,2026-09-04T22:07:23Z,,3.377,true
1837,warmińsko-mazurskie,kętrzyński,Srokowo,gmina wiejska,2808062,2022,ok_finalnie,pdf,tekst,https://bip.gminasrokowo.pl/system/pobierz.php?plik=Raport_za_2022_uchwalony.pdf&id=6ba27390eef24350f20bd88140878e64,direct_without_tor,3406f5fe602cb39fd2be737977c921db930881d92107c7ff239edebc153c9443,200,2026-09-04T22:07:27Z,,4.848,true
1838,warmińsko-mazurskie,kętrzyński,Srokowo,gmina wiejska,2808062,2023,ok_finalnie,pdf,tekst,https://bip.gminasrokowo.pl/system/pobierz.php?plik=Raport_za_2023_-_nowy.pdf&id=30ebaf85ba65161a547c8d4d19feb580,direct_without_tor,5475802c857e76828ea72b1705be563761ed2fed1760a5b4e28248ef6f80486e,200,2026-09-04T22:07:31Z,,7.853,true
1839,warmińsko-mazurskie,kętrzyński,Srokowo,gmina wiejska,2808062,2024,ok_finalnie,pdf,tekst,https://bip.gminasrokowo.pl/system/pobierz.php?plik=Raport_-_do_druku_wersja_z_26.05.2025.pdf&id=856be56cec16d762917b9b4ffdffa663,direct_without_tor,5c97135751f0d2fb7517e572dac03d1162b8bc2d54d4faa8b361fc0f7266a102,200,2026-09-04T22:07:34Z,,3.691,true
1840,warmińsko-mazurskie,kętrzyński,Srokowo,gmina wiejska,2808062,2025,ok_finalnie,pdf,tekst,https://bip.gminasrokowo.pl/system/pobierz.php?plik=Raport_z_27.05.2026.pdf&id=c20b340f85e78da0d1489f6f56b6b0f6,direct_without_tor,0e85ae8a0a5dc1a7a79589a61520b65f3e2d0c2e5d4542787230c4947988fc6c,200,2026-09-04T22:07:37Z,,7.109,true
1841,warmińsko-mazurskie,m. Olsztyn,Olsztyn,gmina miejska (miasto na prawach powiatu),2862011,2018,ok_finalnie,pdf,tekst,https://umolsztyn.bip.gov.pl/fobjects/download/1641469/raport-o-stanie-olsztyna-za-rok-2018_14-05-2019-pdf.html,tor_pl_ip,20e4d41c10191d77001d0c90f6a651e9ea98c5a58ce0b096ca6020aa22d29ea1,200,2026-09-05T00:23:47Z,,3.253,true
1842,warmińsko-mazurskie,m. Olsztyn,Olsztyn,gmina miejska (miasto na prawach powiatu),2862011,2019,ok_finalnie,pdf,tekst,https://umolsztyn.bip.gov.pl/fobjects/download/1641527/raport-o-stanie-miasta-olsztyn-2019-pdf.html,tor_pl_ip,29f165336db785e00be9f3eed1e53ed3ddc18a64e09ce482571060741c43c6de,200,2026-09-05T00:23:58Z,,7.54,true
1843,warmińsko-mazurskie,m. Olsztyn,Olsztyn,gmina miejska (miasto na prawach powiatu),2862011,2020,ok_finalnie,pdf,tekst,https://umolsztyn.bip.gov.pl/fobjects/download/1008380/raport-o-stanie-miasta-olsztyn-2020_ost-pdf.html,tor_pl_ip,bd57697eb13a37d9d18fd534df2e8bf12c2a4d83ff3290945602907ec6e72d3c,200,2026-09-05T00:24:35Z,,18.638,true
1844,warmińsko-mazurskie,m. Olsztyn,Olsztyn,gmina miejska (miasto na prawach powiatu),2862011,2021,ok_finalnie,pdf,tekst,https://umolsztyn.bip.gov.pl/fobjects/download/1252066/raport-o-stanie-miasta_olsztyn-2021-pdf.html,tor_pl_ip,decb27d754dc91e36ef977640d732b5f3775bc48de8f3d20b57496e92fbae346,200,2026-09-05T00:25:37Z,,15.329,true
1845,warmińsko-mazurskie,m. Olsztyn,Olsztyn,gmina miejska (miasto na prawach powiatu),2862011,2022,ok_finalnie,pdf,tekst,https://umolsztyn.bip.gov.pl/fobjects/download/1489788/raport-o-stanie-miasta-olsztyn-2022-pdf.html,tor_pl_ip,2629c284709baf099fc5e04c95ca3b338a1bc65f80722578bafebbc434311c23,200,2026-09-05T00:28:31Z,,11.287,true
1846,warmińsko-mazurskie,m. Olsztyn,Olsztyn,gmina miejska (miasto na prawach powiatu),2862011,2023,ok_finalnie,pdf,tekst,http://bip.olsztyn.eu/attachment/informacja/5789/c54cb22e1ce618416952bf1218dbbc1eccd45e35.html,direct_without_tor,e69078874b0a4a3810f6bdf2dc4266beae07c34469bca9f906d6e6844c866cc0,200,2026-09-04T22:40:08Z,,10.901,true
1847,warmińsko-mazurskie,m. Olsztyn,Olsztyn,gmina miejska (miasto na prawach powiatu),2862011,2024,ok_finalnie,pdf,tekst,http://bip.olsztyn.eu/attachment/informacja/17984/462230079474761c7cbf18647c8b6a463befd6aa.html,direct_without_tor,84bd958b2527e3c5948aa0c496f3f468670cddc6d3f6503b926a3fae2bdef561,200,2026-09-04T22:40:15Z,,15.579,true
1848,warmińsko-mazurskie,m. Olsztyn,Olsztyn,gmina miejska (miasto na prawach powiatu),2862011,2025,ok_finalnie,pdf,tekst,https://bip.olsztyn.eu/attachment/informacja/24671/cb3c3d9d10ea06be80c914a6516460d49f4be24a.html,direct_without_tor,64c397d3b26cf4d4d8531f69511855fc2c65c3d8d46ac8f1fa962a03c2f2a7ac,200,2026-09-04T22:40:20Z,,7.157,true
1849,warmińsko-mazurskie,mrągowski,Mikołajki,gmina miejsko-wiejska,2810023,2018,ok_finalnie,pdf,skan+OCR,http://web.archive.org/web/20230803055544if_/http://www.bip.mikolajki.pl/baza/2019/raport-stan-gminy-17-06-2019.pdf,"wayback; OCR pełny: tesseract 5.5 (pol, 150 dpi), transkrypt work/ocr/mikolajki_2018.txt (75 str.)",d283f7b18765fec522a98ce370fd0efb41763f20d20a62a35862bee49b8d05d6,200,2026-09-05T01:45:26Z,,10.477,true
1850,warmińsko-mazurskie,mrągowski,Mikołajki,gmina miejsko-wiejska,2810023,2019,ok_finalnie,pdf,tekst,https://mikolajki.eu/files/ogloszenia_i_komunikaty/2020/ostateczny_raport_o_stanie_gminy_2019.pdf,direct_without_tor_alt_host,9abdd15aa8ec5a7234cbf607c7300387692d2abd1155fd25ef92a5815ecd3184,200,2026-09-05T00:08:51Z,,1.776,true
1851,warmińsko-mazurskie,mrągowski,Mikołajki,gmina miejsko-wiejska,2810023,2020,ok_finalnie,doc,tekst,http://web.archive.org/web/20250222194131/http://www.bip.mikolajki.pl/baza/2021/raport-2020-21-06-2021.doc,direct_without_tor,f68e22a3ec0218ac05b0312ed0273e7b3f18c6c70cf487e0656bed2df09890bb,200,2026-09-04T21:54:05Z,,1.109,true
1852,warmińsko-mazurskie,mrągowski,Mikołajki,gmina miejsko-wiejska,2810023,2021,ok_finalnie,pdf,tekst,http://bip.archiwum.mikolajki.pl/bip/baza/2022/informacja_15-06-2022.pdf,direct_without_tor,ff133c77c6dc35ba522b7b157fedc1ab57e0d5d516f9949109a060d33457e246,200,2026-09-04T22:43:52Z,,1.587,true
1853,warmińsko-mazurskie,mrągowski,Mikołajki,gmina miejsko-wiejska,2810023,2022,ok_finalnie,pdf,tekst,http://web.archive.org/web/20250222074946/http://www.bip.mikolajki.pl/baza/2023/raport-2022.pdf,direct_without_tor,0a26d8c18a65ca6530d62cf06289c89492d089e5bf4fdd961a983b11b9a9dd0b,200,2026-09-04T21:54:09Z,,1.056,true
1854,warmińsko-mazurskie,mrągowski,Mikołajki,gmina miejsko-wiejska,2810023,2023,ok_finalnie,pdf,tekst,https://bip.mikolajki.pl/system/pobierz.php?plik=raport_2023_r.pdf&id=6c16153b03b046c260af73c674b09bf3&stats=true,direct_without_tor,26ea598e5dc0c65787c6808584b24abf2c2121019c26c3148036bd9a19a3db0f,200,2026-09-04T22:40:08Z,,1.194,true
1855,warmińsko-mazurskie,mrągowski,Mikołajki,gmina miejsko-wiejska,2810023,2024,ok_finalnie,pdf,tekst,https://bip.mikolajki.pl/system/pobierz.php?plik=Raport_o_stanie_gminy_za_2024_rok.pdf&id=23292a28b038abf7f4673927be2d1954&stats=true,direct_without_tor,ead45bcf032701919b8bc4b899e13f55a28328ff70998d2db406feca36eb0a69,200,2026-09-04T22:40:11Z,,1.152,true
1856,warmińsko-mazurskie,mrągowski,Mikołajki,gmina miejsko-wiejska,2810023,2025,ok_finalnie,pdf,tekst,https://bip.mikolajki.pl/system/pobierz.php?plik=Raport_o_stanie_gminy_za_2025_rok.pdf&id=c554d67f42d067208356d82db15033b4&stats=true,direct_without_tor,ce464d0d9c7c6bd8283975c65ce0fd73e6cd0d61d2710cac588dde6dc8f3a760,200,2026-09-04T22:40:14Z,,1.246,true
1857,warmińsko-mazurskie,mrągowski,Mrągowo,gmina miejska,2810011,2018,ok_finalnie,pdf,tekst,https://bipmragowo.warmia.mazury.pl/attachment/informacja/49662/20e9ecccefce418c7d0e575e417dcef673109125.html,BIP attachment direct_without_tor,bcd6432363b2bbb0df496c50245d4f82c204c0af4b7f46f63318a940c382760b,200,2026-09-05T01:47:51Z,,2.259,true
1858,warmińsko-mazurskie,mrągowski,Mrągowo,gmina miejska,2810011,2019,brak_finalnie,,,brak,"direct_without_tor (PowerBI) + oficjalny wpis miasta Mrągowo linkujący identyczny URL PowerBI; interfejs PowerBI zwraca dynamiczny shell HTML, ale tożsamość raportu jest jednoznacznie potwierdzona przez stronę miasta",,sprawdzono w innych źródłach 2026-09-05,2026-09-05T09:00:38Z,"[KONT.] || [TURA 20 05.09.2026 - INNE ZRODLA] Wayback capture strony raportowej mragowo.pl/raport-o-stanie-gminy-miasta-mragowo/raport-za-rok-2019 (20200714011947): jedyna forma publikacji = osadzony raport Power BI (app.powerbi.com/view?r=eyJrIjoiMjk4ZWRhYTctMjcyNC00ZGQ5LTgwMDAtZTQwOTc0MzhkNTZl = id 298edaa7-2724-4dd9-8000-e4097438d56e, martwy od 2025), brak PDF/załącznika. Tekst artykułu potwierdza publikację raportu. Status bez zmian.",,true
1859,warmińsko-mazurskie,mrągowski,Mrągowo,gmina miejska,2810011,2020,ok_finalnie,html,tekst,https://mragowo-2020.curulis.pl/,direct_without_tor,7fdaaca3d0e60e0ce28de5beaa1fe3843f96510576dcd269ef6b2fdd215a48e9,200,2026-09-05T02:07:21Z,[revalid 2026-09-04] hash_mismatch got=ead9f8872a82058a39e37c50d3754c968002690943395e7d922586c6deaf93ce want=a996b7f72589c8798a48bfa268113c2221ea2a283b206b94774a5547d90cd496 n=233445 unit=gmina_ok report=True year=2020 | [revalid 2026-09-05] revalidated_hash_updated unit_ok report year=2020 n=233098 old_hash_mismatch,0.222,true
1860,warmińsko-mazurskie,mrągowski,Mrągowo,gmina miejska,2810011,2021,ok_finalnie,html,tekst,https://mragowo-2021.curulis.pl/,direct_without_tor,d584084ffee2beade2902f120dcef45b96b4d22e7efae2e7374b82294285f9c7,200,2026-09-05T02:07:21Z,[revalid 2026-09-04] hash_mismatch got=41582583dca611ea0f6cad7445fefc8524083efeae5c1276d01fa97bb430cee6 want=bc8d7d56cbaf7ee88220802f524225d9b23ee7288c30da4b7d7195d3ce6495e5 n=244844 unit=gmina_ok report=True year=2021 | [revalid 2026-09-05] revalidated_hash_updated unit_ok report year=2021 n=244644 old_hash_mismatch,0.233,true
1861,warmińsko-mazurskie,mrągowski,Mrągowo,gmina miejska,2810011,2022,ok_finalnie,html,tekst,https://mragowo-2022.curulis.pl/,direct_without_tor,ca26f89a94ef01167881e42a62f995fe68917a2d58fd0ad2712625a14f80d0be,200,2026-09-05T02:07:21Z,[revalid 2026-09-04] hash_mismatch got=1b69ea703c04338e2e3c8042bce3a9202c4a8cb3e9c3aaccf5bfd99041e99658 want=e78f9f77b1467a237631204732d9e929810a74bb480d31e5302dda59a0c4fd4d n=248543 unit=gmina_ok report=True year=2022 | [revalid 2026-09-05] revalidated_hash_updated unit_ok report year=2022 n=248205 old_hash_mismatch,0.237,true
1862,warmińsko-mazurskie,mrągowski,Mrągowo,gmina miejska,2810011,2023,ok_finalnie,html,tekst,https://mragowo-2023.g.fundacjamiasto.pl/,direct_without_tor,51481f12a9578757418ba872dbf4ef2462c699eea04b9763d7b6f2d666653361,200,2026-09-05T02:07:21Z,[revalid 2026-09-04] hash_mismatch got=ced9cb09468b79267db5380d6338b5e9d9c92bbf3ed952985834d983126dc005 want=42ff8d27f0bdf66f09ac25496b46f92240b01e764521a57069405db659aece48 n=249124 unit=gmina_ok report=True year=2023 | [revalid 2026-09-05] revalidated_hash_updated unit_ok report year=2023 n=248853 old_hash_mismatch,0.237,true
1863,warmińsko-mazurskie,mrągowski,Mrągowo,gmina miejska,2810011,2024,ok_finalnie,pdf,tekst,https://bipmragowo.warmia.mazury.pl/attachment/informacja/53350/0def0b680e8e3cb306298783eb6b064f93cba3c7.html,direct_without_tor,b970c8f6f244abbbdef025b5894c102396493d38aeaadfc1c9d9ecb8c2ff7f8c,200,2026-09-04T22:41:38Z,,9.18,true
1864,warmińsko-mazurskie,mrągowski,Mrągowo,gmina miejska,2810011,2025,ok_finalnie,pdf,tekst,https://bipmragowo.warmia.mazury.pl/attachment/informacja/53352/ac1937b441c48143a3cc6c1c696cc0e242d2f194.html,direct_without_tor,b91334489965fbe515bd9c7d180e0f33faa48bd6d2cf8d61d80767ac34d9d6d3,200,2026-09-04T22:41:44Z,,8.334,true
1865,warmińsko-mazurskie,mrągowski,Mrągowo,gmina wiejska,2810032,2018,ok_finalnie,pdf,tekst,https://bip.gminamragowo.net/attachment/informacja/5349/fed6a8c8f419cfe4e3b66bdfa601dea08ed13305.html,direct_without_tor,18695fab9fc74e118c3b2e662b02020563799eea7cbd96155693787a5233e54f,200,2026-09-04T22:43:53Z,,0.625,true
1866,warmińsko-mazurskie,mrągowski,Mrągowo,gmina wiejska,2810032,2019,brak_finalnie,brak,,brak,"dogłębne sprawdzenie (live wyszukiwarka BIP + uchwała o wotum + kategoria raportów + web search) - dowód istnienia raportu, plik nieodzyskany",,sprawdzono w innych źródłach 2026-09-05,2026-09-03T03:07:39Z,"[KONT.] || [TURA 20 05.09.2026 - INNE ZRODLA] Kategoria raportowa BIP bipgmmragowo.warmia.mazury.pl/kategoria/1102/raport-o-stanie-gminy.html zawiera artykuly wylacznie za 2020-2025 (id 7147,7582,8016,8504,8923,9324); artykulu/załącznika za 2019 nie ma. Status bez zmian.",,true
1867,warmińsko-mazurskie,mrągowski,Mrągowo,gmina wiejska,2810032,2020,ok_finalnie,docx,tekst,https://bipgmmragowo.warmia.mazury.pl/attachment/informacja/7903/5a9e17ba60292fbeb83219414536ecf83208a914.html,direct_without_tor,af7c0730dace51997240ff6d9c0462c9dc7e87f06ef422046c91e1954b217c2b,200,2026-09-04T22:29:31Z,,2.225,true
1868,warmińsko-mazurskie,mrągowski,Mrągowo,gmina wiejska,2810032,2021,ok_finalnie,pdf,tekst,https://bipgmmragowo.warmia.mazury.pl/attachment/informacja/9024/72b462cb7e9df69112ac7f5a1ee915446455f099.html,direct_without_tor,c07d635d02767978361401a41a0e2e64fed138664eac9b18c318ec4a1943dd40,200,2026-09-04T22:29:35Z,,3.258,true
1869,warmińsko-mazurskie,mrągowski,Mrągowo,gmina wiejska,2810032,2022,ok_finalnie,pdf,tekst,https://bipgmmragowo.warmia.mazury.pl/attachment/informacja/10051/a513873317bed8aee8140603a5843c8b53e1c7c9.html,direct_without_tor,47894ce3435d18f548e184630dba78d21077ef25cce8192699f70d9c798299fe,200,2026-09-04T22:29:41Z,,7.201,true
1870,warmińsko-mazurskie,mrągowski,Mrągowo,gmina wiejska,2810032,2023,ok_finalnie,pdf,tekst,https://bipgmmragowo.warmia.mazury.pl/attachment/informacja/11414/88d992e787c5e4ad00673867d753e2f44ea97deb.html,direct_without_tor,c2e4b9da145bad7e9d607ea38a414000de24721b7b0b07355787287289baa292,200,2026-09-04T22:29:46Z,,6.232,true
1871,warmińsko-mazurskie,mrągowski,Mrągowo,gmina wiejska,2810032,2024,ok_finalnie,pdf,tekst,https://bipgmmragowo.warmia.mazury.pl/attachment/informacja/12767/12b06946c8fe41562fdf59b4ef70b8baef1e570d.html,direct_without_tor,669473260ab0f5beeb78289bb9973c15430bfde71f5c001ebc4afb98846fd889,200,2026-09-04T22:29:52Z,,11.665,true
1872,warmińsko-mazurskie,mrągowski,Mrągowo,gmina wiejska,2810032,2025,ok_finalnie,pdf,tekst,https://bipgmmragowo.warmia.mazury.pl/attachment/informacja/13766/544da4433edc1eabd3ebad0ba7c7811e995eae06.html,direct_without_tor,9104c6e82eb97a46fdc30605f061ed4cc70e52161ee3b31d9855bde7eefa1578,200,2026-09-04T22:29:58Z,,12.729,true
1873,warmińsko-mazurskie,mrągowski,Piecki,gmina wiejska,2810042,2018,ok_finalnie,pdf,tekst,https://bip.piecki.com.pl/system/pobierz.php?plik=Raport_o_stanie_Gminy_Piecki.pdf&id=f3ff1835f0b28cf14256cffbde4e67a5,direct_without_tor,85f1afe8d58281e661d8d95fb2159561a93a74caf791451a04c1bd1a3f5ab428,200,2026-09-04T22:07:13Z,,1.484,true
1874,warmińsko-mazurskie,mrągowski,Piecki,gmina wiejska,2810042,2019,ok_finalnie,pdf,skan,https://bip.piecki.com.pl/system/pobierz.php?plik=Raport_o_stanie_Gminy_Piecki_2019__282020_29.pdf&id=97c133299462fdcbd10a1870f18b574a,direct_without_tor,80c1f32a20ef7a2786acb417363785ed5ae91ab4359ade2a652456ae3f7bd55b,200,2026-09-04T22:07:41Z,,4.504,true
1875,warmińsko-mazurskie,mrągowski,Piecki,gmina wiejska,2810042,2020,ok_finalnie,pdf,skan,https://bip.piecki.com.pl/system/pobierz.php?plik=RAPORT_O_STANIE_GMINY_PIECKI_ZA_ROK_2020.pdf&id=a7f899f77117d054f117f3bd7d4417a4,direct_without_tor,4982eb3adb477e13e84d3bc35406158ae147f57930d090939b2f826a22fdd531,200,2026-09-04T22:08:07Z,,4.148,true
1876,warmińsko-mazurskie,mrągowski,Piecki,gmina wiejska,2810042,2021,ok_finalnie,pdf,skan,https://bip.piecki.com.pl/system/pobierz.php?plik=Raport_o_stanie_Gminy_Piecki_za_rok_2021.pdf&id=391d2a760a6425272a6bd9d54e6b0fd7,direct_without_tor,ca881ea8b15ca12a1df08e0ba1c71ec07d0cbf6cc970691fe1167c0378d3124d,200,2026-09-04T22:08:26Z,,3.839,true
1877,warmińsko-mazurskie,mrągowski,Piecki,gmina wiejska,2810042,2022,ok_finalnie,pdf,tekst,https://bip.piecki.com.pl/system/pobierz.php?plik=Raport_o_stanie_gminy_2022.pdf&id=e1722042117204159ddb7f5ce869c446,direct_without_tor,89d1818f85cf4ab6c76d9b6af50abe14b3fc6580506a4766c0a6fd3725bc0e92,200,2026-09-04T22:08:29Z,,1.569,true
1878,warmińsko-mazurskie,mrągowski,Piecki,gmina wiejska,2810042,2023,ok_finalnie,pdf,skan,https://bip.piecki.com.pl/system/pobierz.php?plik=Raport_o_stanie_Gminy_Piecki_za_2023_rok.pdf&id=56b55e33e4c3e4ee87a0a9480cad92ab,direct_without_tor,a99c8697c7809bb6c7aa5e9eeb69886b6662982687857339b74671ec6850842e,200,2026-09-04T22:08:44Z,,4.43,true
1879,warmińsko-mazurskie,mrągowski,Piecki,gmina wiejska,2810042,2024,ok_finalnie,pdf,skan,https://bip.piecki.com.pl/system/pobierz.php?plik=RAPORT_O_STANIE_GMINY_PIECKI_ZA_ROK_2024.pdf&id=a530a3d7ec8e8eacb9140e298553bb35,direct_without_tor,5abd7b2f124177c96c6048d0bb7ff82a730791f06ee7e7c883b54f7b01d49b52,200,2026-09-04T22:09:02Z,,4.85,true
1880,warmińsko-mazurskie,mrągowski,Piecki,gmina wiejska,2810042,2025,ok_finalnie,pdf,tekst,https://bip.piecki.com.pl/system/pobierz.php?plik=Raport_o_stanie_gminy_2025.pdf&id=fa61bb1d8bacf940c2d0608b751762c4,direct_without_tor,53361ae3d567455b978a7ea55a0fc28868edc8b504c0abae64b61f2db56c7b4b,200,2026-09-04T22:09:05Z,,4.414,true
1881,warmińsko-mazurskie,mrągowski,Sorkwity,gmina wiejska,2810052,2018,ok_finalnie,pdf,tekst,https://bip.gminasorkwity.pl/system/pobierz.php?plik=Raport.pdf&id=86050821e28fc7e85fb9d8cea58781b6,direct_without_tor,099ccab74208a88b99337ee457aea4da22ae34698c9899b219176a09dece46df,200,2026-09-04T22:07:40Z,,1.933,true
1882,warmińsko-mazurskie,mrągowski,Sorkwity,gmina wiejska,2810052,2019,ok_finalnie,docx,tekst,https://bip.gminasorkwity.pl/system/obj/6196_Raport_za_2019r..docx,direct_without_tor,f05984378446ca1214055673741c5c17da351b269b9b8d932b7dda0716220c34,200,2026-09-04T22:07:43Z,,0.874,true
1883,warmińsko-mazurskie,mrągowski,Sorkwity,gmina wiejska,2810052,2020,ok_finalnie,pdf,tekst,https://bip.gminasorkwity.pl/system/pobierz.php?plik=Raport_o_stanie_gminy_2020.pdf&id=7e17286d95c0ce6d2fb5d69a40e17ba1,direct_without_tor,ad8ef475da936c22de7a1cbc65741635eac13666511f8b90b5382c5a0712c8cf,200,2026-09-04T22:07:46Z,,2.274,true
1884,warmińsko-mazurskie,mrągowski,Sorkwity,gmina wiejska,2810052,2021,ok_finalnie,pdf,tekst,https://bip.gminasorkwity.pl/system/pobierz.php?plik=Raport_o_stanie_gminy_za_2021r..pdf&id=81f7ec14710bd6590f4d31cfa7c0c32b,direct_without_tor,bbce258f90ec754e8b2be592edbe314ec0aa8c1a57da6834492655d71a18b180,200,2026-09-04T22:07:48Z,,1.887,true
1885,warmińsko-mazurskie,mrągowski,Sorkwity,gmina wiejska,2810052,2022,ok_finalnie,pdf,tekst,https://bip.gminasorkwity.pl/system/pobierz.php?plik=Raport_o_stanie_gminy_za_2022r..pdf&id=f4b3a0cb8e5c3e93a7143ec12732d26e,direct_without_tor,61b0ee346843f0ed7986ee701517f91355b8b2503778ccf2b2559a4c98b12e34,200,2026-09-04T22:07:51Z,,2.397,true
1886,warmińsko-mazurskie,mrągowski,Sorkwity,gmina wiejska,2810052,2023,ok_finalnie,pdf,tekst,https://bip.gminasorkwity.pl/system/pobierz.php?plik=Raport_o_stanie_Gminy_Sorkwity_za_2023r..pdf&id=7669693db9f8190928520188fcc0344d,direct_without_tor,e0e46d7be04c9e577bd908b928c7d75851e7f8f05388aa3510a4519f6a666570,200,2026-09-04T22:07:54Z,,2.376,true
1887,warmińsko-mazurskie,mrągowski,Sorkwity,gmina wiejska,2810052,2024,ok_finalnie,pdf,tekst,https://bip.gminasorkwity.pl/system/pobierz.php?plik=Raport_o_stanie_gminy_za_2024r..pdf&id=f2fd405b80305773afaed0c825ed9dad,direct_without_tor,57527cf83a4c89cb934bc82ed46f0ba267bb0830623b862bfa3d145a921ebe81,200,2026-09-04T22:07:58Z,,4.485,true
1888,warmińsko-mazurskie,mrągowski,Sorkwity,gmina wiejska,2810052,2025,ok_finalnie,pdf,tekst,https://bip.gminasorkwity.pl/system/pobierz.php?plik=Raport_o_stanie_gminy_za_2025r_.pdf&id=5109983eea6fa9959138d7f183b2d882,direct_without_tor,5b89944ad9a7174112f7d5d90408057aaaced4776a9b56d5f84574b55c88488f,200,2026-09-04T22:08:01Z,,1.863,true
1889,warmińsko-mazurskie,nidzicki,Janowiec Kościelny,gmina wiejska,2811012,2018,ok_finalnie,pdf,skan+OCR,https://bip.janowieckoscielny.warmia.mazury.pl/system/pobierz.php?plik=RAPORT.pdf&id=9007,direct_without_tor + ocr,94138fe3ee2c0ff87e4df5632e88ee934579185f51b4113fa1ead17905511876,200,2026-09-05T00:09:03Z,,20.709,true
1890,warmińsko-mazurskie,nidzicki,Janowiec Kościelny,gmina wiejska,2811012,2019,ok_finalnie,pdf,tekst,https://bip.janowieckoscielny.warmia.mazury.pl/system/pobierz.php?plik=Raport_o_stanie_gminy_za_2019_rok.pdf&id=7c6126ba504c36337cfb2fd2d7a98bbb,direct_without_tor,6c87eb9b8596d50d35d122d188819604591974f801e248a10a4c35c81d839b93,200,2026-09-04T22:29:40Z,,3.185,true
1891,warmińsko-mazurskie,nidzicki,Janowiec Kościelny,gmina wiejska,2811012,2020,ok_finalnie,pdf,scan/skan,https://bip.janowieckoscielny.warmia.mazury.pl/system/pobierz.php?plik=zw_47_2021.pdf&id=966d3da6db95cf63d084e38e154086ad,tor_pl_ip + ocr,1079c63f39179b340a266825a58b2d73662910deb455f5e9134c73412d45deca,200,2026-09-05T02:10:01Z,[revalid 2026-09-05] got_html_instead_of_pdf http=0 n=644 | [revalid 2026-09-05] revalidated unit=gmina_ok year=2020 ocr=True,3.78,true
1892,warmińsko-mazurskie,nidzicki,Janowiec Kościelny,gmina wiejska,2811012,2021,ok_finalnie,pdf,tekst,https://bip.janowieckoscielny.warmia.mazury.pl/system/pobierz.php?plik=Zarzadzenie.52.2022.2022-05-31-sig.pdf&id=dac6ab559dc48fc88a52e44409ae5269,direct_without_tor,d48d72bc79c4db1fbc03a96e6d35d4dd7b594e0bb72af057ad90dd301b6bf072,200,2026-09-04T22:29:44Z,,12.28,true
1893,warmińsko-mazurskie,nidzicki,Janowiec Kościelny,gmina wiejska,2811012,2022,ok_finalnie,pdf,tekst,https://bip.janowieckoscielny.warmia.mazury.pl/system/obj/12658_Zarzadzenie_46_2023.pdf,direct_without_tor,3a31cda56c1de98ad84c0c1f1ebc87bc6cdf857633b3298cd140aa885b3eff02,200,2026-09-04T22:29:47Z,,4.479,true
1894,warmińsko-mazurskie,nidzicki,Janowiec Kościelny,gmina wiejska,2811012,2023,ok_finalnie,pdf,tekst,https://bip.janowieckoscielny.warmia.mazury.pl/system/obj/13696_raport_2023.pdf,direct_without_tor,76ddef4898591ffc813afb2cf5aa7780ece16977ad034ead5af94e4789472fa0,200,2026-09-04T22:29:51Z,,8.438,true
1895,warmińsko-mazurskie,nidzicki,Janowiec Kościelny,gmina wiejska,2811012,2024,ok_finalnie,pdf,tekst,https://bip.janowieckoscielny.warmia.mazury.pl/system/obj/14510_Zarzadzenie_49_2025.pdf,direct_without_tor,7db6ad7de4c6dd8ec701d0fe8f01ad07d2d09e1dddde8f62385b3724b072d8e0,200,2026-09-04T22:29:55Z,,14.749,true
1896,warmińsko-mazurskie,nidzicki,Janowiec Kościelny,gmina wiejska,2811012,2025,ok_finalnie,pdf,tekst,https://bip.janowieckoscielny.warmia.mazury.pl/system/obj/15445_Zarzadzenie_36_2026.pdf,direct_without_tor,797d45b79b98791df39e2481e60461a63c879eec4bb7f39846a3e1d66abc28b7,200,2026-09-04T22:29:58Z,,8.741,true
1897,warmińsko-mazurskie,nidzicki,Janowo,gmina wiejska,2811022,2018,ok_finalnie,pdf,tekst,https://bip.janowo.pl/download/oog-raport-gminy-2018.pdf,direct_without_tor,6fe9e1f1c650bd2490477b16513f3e849d50fd745baccd52ee103563c5bb0d6d,200,2026-09-04T22:07:40Z,,3.023,true
1898,warmińsko-mazurskie,nidzicki,Janowo,gmina wiejska,2811022,2019,ok_finalnie,pdf,tekst,https://bip.janowo.pl/download/oog-raport-gminy-2019.pdf,direct_without_tor,20ca7a19b28ee2f64c45510b500bfd5226533644f1dca6f0e83236a0b83e2b28,200,2026-09-04T22:07:43Z,,2.086,true
1899,warmińsko-mazurskie,nidzicki,Janowo,gmina wiejska,2811022,2020,ok_finalnie,pdf,tekst,https://bip.janowo.pl/download/oog-raport-gminy-2020.pdf,direct_without_tor,0ef56a6895ddf0a9008fb97f6b975afb2db3481cb39e11c92a9646bdf4f72d1f,200,2026-09-04T22:07:47Z,,3.495,true
1900,warmińsko-mazurskie,nidzicki,Janowo,gmina wiejska,2811022,2021,ok_finalnie,pdf,tekst,https://bip.janowo.pl/download/oog-raport-gminy-2021.pdf,direct_without_tor,b4f302619515bf6e95ae521eccb48b018f5f533f7bf41a43ca496de324a71d4f,200,2026-09-04T22:07:50Z,,2.49,true
1901,warmińsko-mazurskie,nidzicki,Janowo,gmina wiejska,2811022,2022,ok_finalnie,pdf,tekst,https://bip.janowo.pl/download/oog-raport-gminy-2022.pdf,direct_without_tor,454bf2376de978d81687eb752796ff2f5ee85c8c51f554fab0981f2756fcbd90,200,2026-09-04T22:07:53Z,,2.024,true
1902,warmińsko-mazurskie,nidzicki,Janowo,gmina wiejska,2811022,2023,ok_finalnie,pdf,tekst,https://bip.janowo.pl/download/oog-raport-gminy-2023.pdf,direct_without_tor,ff0002c4c7e70e741ccc6d69f0a6791eb6a8e60a531ce03a833b456bf4451746,200,2026-09-04T22:07:56Z,,2.033,true
1903,warmińsko-mazurskie,nidzicki,Janowo,gmina wiejska,2811022,2024,ok_finalnie,pdf,tekst,https://bip.janowo.pl/download/oog-raport-gminy-2024.pdf,direct_without_tor,d2d72f7876d1aedcca030351020c52c623d2c2704f693191fb5c9e23bdb5689c,200,2026-09-04T22:07:59Z,,2.77,true
1904,warmińsko-mazurskie,nidzicki,Janowo,gmina wiejska,2811022,2025,ok_finalnie,pdf,tekst,https://bip.janowo.pl/download/oog-raport-gminy-2025.pdf,direct_without_tor,9588ab356decaf3207516f4763a02dc961fa50598cbff6025f786829fe669dac,200,2026-09-04T22:08:02Z,,3.52,true
1905,warmińsko-mazurskie,nidzicki,Kozłowo,gmina wiejska,2811032,2018,ok_finalnie,pdf,tekst,https://archiwumbip.kozlowo.pl/bip_download.php?id=6644,direct_without_tor,fdb8139c9ef18af7c46b8daa0c9646c809fa3b718e9d60ca71337a7db2444b89,200,2026-09-04T22:24:57Z,,1.399,true
1906,warmińsko-mazurskie,nidzicki,Kozłowo,gmina wiejska,2811032,2019,ok_finalnie,pdf,tekst,https://archiwumbip.kozlowo.pl/bip_download.php?id=7387,direct_without_tor,f862bccda8debb62a6c2e95afddc4171d5326ffb2a7519e1c3f293e081fbc5b4,200,2026-09-04T22:25:00Z,,7.482,true
1907,warmińsko-mazurskie,nidzicki,Kozłowo,gmina wiejska,2811032,2020,ok_finalnie,pdf,tekst,https://archiwumbip.kozlowo.pl/bip_download.php?id=7978,direct_without_tor,34371e3fe8b603ebd59cf03d54a872b75b2ff144cf51d0587a603219538d5aaa,200,2026-09-04T22:25:03Z,,2.636,true
1908,warmińsko-mazurskie,nidzicki,Kozłowo,gmina wiejska,2811032,2021,ok_finalnie,pdf,tekst,https://archiwumbip.kozlowo.pl/bip_download.php?id=8539,direct_without_tor,2c630053606db3294c61a401d345ebe9acbd964220d1cf53e275a296ab5cf545,200,2026-09-04T22:25:06Z,,1.912,true
1909,warmińsko-mazurskie,nidzicki,Kozłowo,gmina wiejska,2811032,2022,ok_finalnie,pdf,tekst,https://archiwumbip.kozlowo.pl/bip_download.php?id=9096,direct_without_tor,0450fb236a8064e9096a4cc4875a5a9873ab4078edad5cd5e8aaa0d93c5652ec,200,2026-09-04T22:25:10Z,,2.773,true
1910,warmińsko-mazurskie,nidzicki,Kozłowo,gmina wiejska,2811032,2023,ok_finalnie,pdf,tekst,https://archiwumbip.kozlowo.pl/bip_download.php?id=9708,direct_without_tor,b4e6010955081f4c4adc94bac9ea879afcc1d31d666e0cff65643f046e1f453d,200,2026-09-04T22:25:13Z,,2.91,true
1911,warmińsko-mazurskie,nidzicki,Kozłowo,gmina wiejska,2811032,2024,ok_finalnie,pdf,tekst,https://archiwumbip.kozlowo.pl/bip_download.php?id=10383,direct_without_tor,bc12eade0fba98a865006f181de0848c4d9b49945af22db5f561e3f8dca4a078,200,2026-09-04T22:25:16Z,,4.179,true
1912,warmińsko-mazurskie,nidzicki,Kozłowo,gmina wiejska,2811032,2025,ok_finalnie,pdf,tekst,https://bip.kozlowo.pl/attachments/497/download/Raport%2520o%2520stanie%2520Gminy%2520Kozlowo%2520za%2520rok%25202025,direct_without_tor,583f0146ad34f3c1507859fb2648f3f68d23c5f917d513b509c5d6bdf3bbefdf,200,2026-09-04T22:43:55Z,,5.13,true
1913,warmińsko-mazurskie,nidzicki,Nidzica,gmina miejsko-wiejska,2811043,2018,ok_finalnie,pdf,tekst,https://bip.nidzica.pl/system/pobierz.php?id=24293,direct_without_tor,b18c84356ebc93b62b0aebef0cc19b22ed4869ce3c56e0a24cce160b55ae48ea,200,2026-09-04T22:08:04Z,,2.573,true
1914,warmińsko-mazurskie,nidzicki,Nidzica,gmina miejsko-wiejska,2811043,2019,ok_finalnie,pdf,tekst,https://bip.nidzica.pl/system/pobierz.php?id=25938,direct_without_tor,3e01ff5028c99cb829b5c63d99f616d08f27bbddeca532b6a34d7b3c5924477c,200,2026-09-04T22:08:07Z,,1.778,true
1915,warmińsko-mazurskie,nidzicki,Nidzica,gmina miejsko-wiejska,2811043,2020,ok_finalnie,pdf,tekst,https://bip.nidzica.pl/system/pobierz.php?plik=Raport_o_stanie_gminy_2021.pdf&id=54177b6d4053051dbebcb51c68bcf457&stats=true,direct_without_tor,5c3dc39a38a91d96a344dd88fd255598d12ad2ff6e29c463d304172513b6cbe2,200,2026-09-04T22:08:10Z,,2.786,true
1916,warmińsko-mazurskie,nidzicki,Nidzica,gmina miejsko-wiejska,2811043,2021,ok_finalnie,pdf,tekst,https://bip.nidzica.pl/system/pobierz.php?plik=Ostateczny_Raport_2021.pdf&id=df25fc162b6a664cca741ed2ae8c5750&stats=true,direct_without_tor,bc3af9fbdaabe77b87a21f554b43d0b293f680a8f20e9ebcf7b7f6d9983b7709,200,2026-09-04T22:08:13Z,,2.006,true
1917,warmińsko-mazurskie,nidzicki,Nidzica,gmina miejsko-wiejska,2811043,2022,ok_finalnie,pdf,tekst,https://bip.nidzica.pl/system/pobierz.php?plik=RAPORT_za_2022.pdf&id=e61edae16116cd2a5faa9ead2cea7d9c&stats=true,direct_without_tor,f991177b90af13e29120d5d765460ca7435ecd3f09155c3ce47241940eeef836,200,2026-09-04T22:08:16Z,,2.574,true
1918,warmińsko-mazurskie,nidzicki,Nidzica,gmina miejsko-wiejska,2811043,2023,ok_finalnie,pdf,tekst,https://bip.nidzica.pl/system/pobierz.php?plik=raport_o_stanie_Gminy_za_2023.pdf&id=ad56b999ded9b138e803181127b3d0b0&stats=true,direct_without_tor,6ef0582f701ef38a0a16f0cd78ac5f709ea88bfba6a24d184fc574d9baa60a76,200,2026-09-04T22:08:19Z,,2.31,true
1919,warmińsko-mazurskie,nidzicki,Nidzica,gmina miejsko-wiejska,2811043,2024,ok_finalnie,pdf,tekst,https://bip.nidzica.pl/system/pobierz.php?plik=Raport_za_2024_rok.pdf&id=8f082b47347e52100cb080b80ac8bb95&stats=true,direct_without_tor,535dba42384448d6efb8ef67bb757b4354a186c0843dce4f44dbd9212406b83c,200,2026-09-04T22:08:22Z,,2.415,true
1920,warmińsko-mazurskie,nidzicki,Nidzica,gmina miejsko-wiejska,2811043,2025,ok_finalnie,pdf,tekst,https://bip.nidzica.pl/system/pobierz.php?plik=Raport2025.pdf&id=e72bafb4bbeacc0f53d8427c132050f2&stats=true,direct_without_tor,46aa2bbc5a9ecbdc495d9592bbd79d21f6d473929f4e5c6724427034b46c071f,200,2026-09-04T22:08:25Z,,1.886,true
1921,warmińsko-mazurskie,olecki,Kowale Oleckie,gmina wiejska,2813032,2018,ok_finalnie,pdf,tekst,https://bip-v1-files.idcom-jst.pl/sites/3092/wiadomosci/474474/files/raport_o_stanie_gminy_kowale_oleckie_za_2018.pdf,direct_without_tor,7d25ae583dbbc788dc5c43229b7d943944ec9d5c12dea8ab895f6a0ce789eeef,200,2026-09-04T22:02:27Z,,0.439,true
1922,warmińsko-mazurskie,olecki,Kowale Oleckie,gmina wiejska,2813032,2019,ok_finalnie,pdf,tekst,https://bip-v1-files.idcom-jst.pl/sites/3092/wiadomosci/759368/files/raport_o_stanie_gminy_za_2019.pdf,direct_without_tor,2227237e8bff6568943960646bc3bbbec9fffdc88f962523e766a489524573a2,200,2026-09-04T22:02:30Z,,0.984,true
1923,warmińsko-mazurskie,olecki,Kowale Oleckie,gmina wiejska,2813032,2020,ok_finalnie,pdf,tekst,https://bip-v1-files.idcom-jst.pl/sites/3092/wiadomosci/759367/files/raport_o_stanie_gminy_za_2020.pdf,direct_without_tor,aaa710ec8ef7ece85faf66205922d8c71fca8a1031260b1cb7c8016bd1cd924f,200,2026-09-04T22:02:33Z,,0.917,true
1924,warmińsko-mazurskie,olecki,Kowale Oleckie,gmina wiejska,2813032,2021,ok_finalnie,pdf,tekst,https://bip-v1-files.idcom-jst.pl/sites/3092/wiadomosci/759366/files/raport_za_2021.pdf,direct_without_tor,18953dd81e96a7a8d52d33b912dec62064d22eaaf580754e24988d930baa0407,200,2026-09-04T22:02:37Z,,1.448,true
1925,warmińsko-mazurskie,olecki,Kowale Oleckie,gmina wiejska,2813032,2022,ok_finalnie,pdf,tekst,https://bip-v1-files.idcom-jst.pl/sites/3092/wiadomosci/759365/files/raport_gminy_kowale_oleckie_za_2022.pdf,direct_without_tor,bfef7454dda59e8f19da07c0b76bb9e281e24c39de84340d02330a04f3769a4a,200,2026-09-04T22:02:40Z,,1.008,true
1926,warmińsko-mazurskie,olecki,Kowale Oleckie,gmina wiejska,2813032,2023,ok_finalnie,pdf,tekst,https://bip-v1-files.idcom-jst.pl/sites/3092/wiadomosci/759141/files/raport_gminy_kowale_oleckie_za_2023docx.pdf,direct_without_tor,be0cf0dd32fb29771b04b56069cbb4aab5235d7508c5aeff62f9edba6713e3e8,200,2026-09-04T22:02:43Z,,1.077,true
1927,warmińsko-mazurskie,olecki,Kowale Oleckie,gmina wiejska,2813032,2024,ok_finalnie,pdf,tekst,https://bip-v1-files.idcom-jst.pl/sites/3092/wiadomosci/828901/files/raport_gminy_kowale_oleckie_za_2024.docx.pdf,direct_without_tor,db390dca6a6bc72dabd942a57d4eaffe8c39cd91b04a97977ee541582d3abd62,200,2026-09-04T22:02:46Z,,1.012,true
1928,warmińsko-mazurskie,olecki,Kowale Oleckie,gmina wiejska,2813032,2025,ok_finalnie,pdf,tekst,https://kowaleoleckie.esesja.pl/pobierz/3996970/8559337854/c99d5a5a02c122aac3977f88a0775768,"skan portali eSesja (wszystkie jednostki z brakami) → kowaleoleckie.esesja.pl → sesja XXIV (18.06.2026) posiedzenie/56c53612-a560-4 → załącznik 'RAPORT O STANIE GMINY 2025.pdf (0,99MB)' getfile → /pobierz/{id}/{l}/{md5} ze świeżym cookie ASP",6c38b214423369d8fc362c93888f702fc447e388c736a8e1d89cd634f6eece30,200,2026-09-05T12:30:00Z,"FLIP 2026-09-05 (tura 'szerzej/głębiej'): raport ZNALEZIONY i POBRANY. Weryfikacja treści: okładka 'RAPORT O STANIE GMINY KOWALE OLECKIE ZA ROK 2025, maj 2026 r.' + spis treści (Dane o gminie, Demografia) → JEDNOSTKA i ROCZNIK 2025 potwierdzone. PDF 1.7, 73 str., 1.037 MB, warstwa tekstowa. Plik = załącznik punktu sesji XXIV Rady Gminy (18.06.2026). Uwaga: parametry /pobierz/ per-load; źródło kanoniczne = strona sesji na eSesja.",1.037,true
1929,warmińsko-mazurskie,olecki,Olecko,gmina miejsko-wiejska,2813043,2018,ok_finalnie,pdf,tekst,https://www.prawomiejscowe.pl/api/file/GetZipxAttachment/293/1300795/preview,direct_without_tor,0d7bab58295db4a72afca54f32fa247f94eafbfdccc0430d69a47093c9a6ffb2,200,2026-09-04T22:43:56Z,,4.327,true
1930,warmińsko-mazurskie,olecki,Olecko,gmina miejsko-wiejska,2813043,2019,ok_finalnie,pdf,tekst,https://prawomiejscowe.pl/api/file/GetZipxAttachment/293/1519594/preview,direct_without_tor,da5e50df808f8ed64651106041f7d0b3212935b7c372053c648f70a024e98f88,200,2026-09-04T22:43:57Z,,2.477,true
1931,warmińsko-mazurskie,olecki,Olecko,gmina miejsko-wiejska,2813043,2020,ok_finalnie,html,tekst,https://olecko-2020.curulis.pl/raport-2020,direct_without_tor,bacbb5c6946b8afb35fd0e26514ad847e3787690e99e6405e2012dbc6303965c,200,2026-09-05T02:07:21Z,[revalid 2026-09-04] hash_mismatch got=aa560b72613ac302e26a85ebc896ce84541c863751d258ffcf0695610a4e7e80 want=53913d3ad94db061b0f784d8f88f4829000fa6a0d06166a564fc9655a3027860 n=223875 unit=gmina_ok report=True year=2020 | [revalid 2026-09-05] revalidated_hash_updated unit_ok report year=2020 n=223716 old_hash_mismatch,0.213,true
1932,warmińsko-mazurskie,olecki,Olecko,gmina miejsko-wiejska,2813043,2021,ok_finalnie,pdf,tekst,https://bip.olecko.pl/download/attachment/426/zarzadzenie-burmistrza-olecka-w-sprawie-przedstawienia,direct_without_tor,2518d9f3a1bfe12c5301eb0c6e717afa8e5eec7b6c4fcece60050e191b97ee7b,200,2026-09-04T22:36:36Z,,26.724,true
1933,warmińsko-mazurskie,olecki,Olecko,gmina miejsko-wiejska,2813043,2022,ok_finalnie,pdf,tekst,https://bip.olecko.pl/download/attachment/1148/zarzadzenie-burmistrza-olecka-w-sprawie-przedstawieni,direct_without_tor,3aac4b065f8b52c181bb54251ee111a018ecd6e953ad312913fc0b4c0fea087b,200,2026-09-04T22:36:40Z,,11.796,true
1934,warmińsko-mazurskie,olecki,Olecko,gmina miejsko-wiejska,2813043,2023,ok_finalnie,pdf,tekst,https://bip.olecko.pl/download/attachment/3380/raport-o-stanie-gminy-2023.pdf?v=1716989575,direct_without_tor,840c9b280f50157d4992264b9562269082246b2ec818c76db58dd0ff96760d2a,200,2026-09-04T22:36:43Z,,3.163,true
1935,warmińsko-mazurskie,olecki,Olecko,gmina miejsko-wiejska,2813043,2024,ok_finalnie,pdf,tekst,https://bip.olecko.pl/download/attachment/5443/zarzadzenie-nr-orn0050902025-z-dnia-30-maja-2025,direct_without_tor,6b214ee31e7c61865c0feacefd159cb62b277b16556a9743b6e84245a91896ab,200,2026-09-04T22:36:50Z,,95.096,true
1936,warmińsko-mazurskie,olecki,Olecko,gmina miejsko-wiejska,2813043,2025,ok_finalnie,pdf,tekst,https://bip.olecko.pl/download/attachment/7260/zarzadzenie-nr-orn0050662026-w-sprawie-przedstawienia,direct_without_tor,c18c4dd07d0fba90a4464926ca8b776842e47ada6e3807b5ea9b9da74ad8846e,200,2026-09-04T22:36:55Z,,50.716,true
1937,warmińsko-mazurskie,olecki,Wieliczki,gmina wiejska,2813062,2018,brak_finalnie,brak,,brak,"dogłębne sprawdzenie (dział raportów BIP + uchwała o wotum zaufania + XML/załącznik + web search) - dowód istnienia raportu, plik nieodzyskany",,sprawdzono pogłębnie 2026-09-05,2026-09-03T03:10:02Z,[KONT.] || [TURA 19 05.09.2026] Wayback CDX (wieliczki - ok: tylko idcom CDN): zero rekordów raportowych poza znanym 2024. Status bez zmian.,,true
1938,warmińsko-mazurskie,olecki,Wieliczki,gmina wiejska,2813062,2019,ok_finalnie,odt,tekst,https://bip-v1-files.idcom-jst.pl/sites/3130/wiadomosci/534791/files/raport_o_stanie_gminy_2019.odt,direct_without_tor,007193de6549d00ca80b60dd0e3f117ad981393be4cb2b13c7173f39a9a076f6,200,2026-09-04T22:02:48Z,,0.027,true
1939,warmińsko-mazurskie,olecki,Wieliczki,gmina wiejska,2813062,2020,ok_finalnie,pdf,skan,https://bip-v1-files.idcom-jst.pl/sites/3130/wiadomosci/574504/files/raport_o_stanie_gminy_2020.pdf,direct_without_tor,af3ce7de75029b47a605b53f01dd6d0cf998ce381628cfbdbdc0430a2eb4df3c,200,2026-09-04T22:03:14Z,,4.503,true
1940,warmińsko-mazurskie,olecki,Wieliczki,gmina wiejska,2813062,2021,ok_finalnie,pdf,skan,https://bip-v1-files.idcom-jst.pl/sites/3130/wiadomosci/633015/files/raport_o_stanie_gminy_wieliczki_za_rok_2021.pdf,direct_without_tor,04f24275ca56509fb66094d2f6330feade03915fb2e89d3056d65dd2700350d5,200,2026-09-04T22:03:46Z,,5.747,true
1941,warmińsko-mazurskie,olecki,Wieliczki,gmina wiejska,2813062,2022,ok_finalnie,pdf,skan,https://bip-v1-files.idcom-jst.pl/sites/3130/wiadomosci/745424/files/raport_o_stanie_gminy_2022.pdf,direct_without_tor,46176c82c99285c8d3e52240a02135d764bae4750a5843aefcee3e6e95975d2a,200,2026-09-04T22:04:11Z,,4.454,true
1942,warmińsko-mazurskie,olecki,Wieliczki,gmina wiejska,2813062,2023,ok_finalnie,pdf,skan,https://bip-v1-files.idcom-jst.pl/sites/3130/wiadomosci/756311/files/raport_o_stanie_gminy_wieliczki.pdf,direct_without_tor,dac0c6fd10f0d2ba58a46216195645e065d5292bd07edbbe2470821b0c5d3154,200,2026-09-04T22:04:41Z,,4.342,true
1943,warmińsko-mazurskie,olecki,Wieliczki,gmina wiejska,2813062,2024,ok_finalnie,pdf,skan,https://bip-v1-files.idcom-jst.pl/sites/3130/wiadomosci/818955/files/raport_o_stanie_gminy_wieliczki_za_2024_r..pdf,direct_without_tor,8677855f620395af9b994c70864664b82810d3ff21113bfda2eb07b61e0a2021,200,2026-09-04T22:05:04Z,,5.267,true
1944,warmińsko-mazurskie,olecki,Wieliczki,gmina wiejska,2813062,2025,ok_finalnie,pdf,skan,https://bip-v1-files.idcom-jst.pl/sites/3130/wiadomosci/884477/files/raport_o_stanie_gminy_za_2025.pdf,direct_without_tor,d4190785d5f4d91f8e8f2cd8957f0ac18f9c10bd85fcd2c980a8b7b142182b01,200,2026-09-04T22:05:25Z,,5.801,true
1945,warmińsko-mazurskie,olecki,Świętajno,gmina wiejska,2813052,2018,ok_finalnie,pdf,tekst,https://bip-v1-files.idcom-jst.pl/sites/3135/wiadomosci/473182/files/raport_o_stanie_gminy__2018.pdf,direct_without_tor,574b8895dad98735a44b5f60595183853d92db18a3ca4a6de282b5787490deb1,200,2026-09-04T22:05:29Z,,2.416,true
1946,warmińsko-mazurskie,olecki,Świętajno,gmina wiejska,2813052,2019,ok_finalnie,pdf,tekst,https://bip-v1-files.idcom-jst.pl/sites/3135/wiadomosci/531088/files/raport_2019.pdf,direct_without_tor,3723e17cfca58c049142b8c59482644aec54df19a1249177cd757215c3c7da9c,200,2026-09-04T22:05:33Z,,3.161,true
1947,warmińsko-mazurskie,olecki,Świętajno,gmina wiejska,2813052,2020,ok_finalnie,pdf,tekst,https://bip-v1-files.idcom-jst.pl/sites/3135/wiadomosci/573939/files/raport2020.pdf,direct_without_tor,123c6ba116378ff7e441459033c56d74ca73eafc8a3928f31e12114e184a7e8a,200,2026-09-04T22:05:36Z,,2.14,true
1948,warmińsko-mazurskie,olecki,Świętajno,gmina wiejska,2813052,2021,ok_finalnie,pdf,tekst,https://bip-v1-files.idcom-jst.pl/sites/3135/wiadomosci/632159/files/raport_2021.pdf,direct_without_tor,b620967829704942dd73e3927d94bfe868eede7167a8b42ad3b4ea4e1e857e42,200,2026-09-04T22:05:45Z,,2.483,true
1949,warmińsko-mazurskie,olecki,Świętajno,gmina wiejska,2813052,2022,ok_finalnie,pdf,tekst,https://bip-v1-files.idcom-jst.pl/sites/3135/wiadomosci/689825/files/raport__2022.pdf,direct_without_tor,47d2b743e79d10ea500bdaeeb5d56f35cb5d1aa841807a759c6ad7bc69e29c1d,200,2026-09-04T22:05:49Z,,1.777,true
1950,warmińsko-mazurskie,olecki,Świętajno,gmina wiejska,2813052,2023,ok_finalnie,pdf,tekst,https://bip-v1-files.idcom-jst.pl/sites/3135/wiadomosci/759155/files/raport2023.pdf,direct_without_tor,9f6778f8a30058089c09e066f266c6813f0f9f9ad44de15e54ad390f0b1e86de,200,2026-09-04T22:05:53Z,,9.725,true
1951,warmińsko-mazurskie,olecki,Świętajno,gmina wiejska,2813052,2024,ok_finalnie,pdf,tekst,https://bip-v1-files.idcom-jst.pl/sites/3135/wiadomosci/843799/files/raport-o-stanie-gminy-swietajno-za-2024-rok_3383135.pdf,direct_without_tor,f3c39cc10bf444d67019635817d61428b65a6a0e9754817e5d67c3119b4a5093,200,2026-09-04T22:05:57Z,,3.932,true
1952,warmińsko-mazurskie,olecki,Świętajno,gmina wiejska,2813052,2025,ok_finalnie,pdf,tekst,https://swietajno.esesja.pl/zalaczniki/413744/raport-o-stanie-gminy-swietajno-za-rok-2025_4005414.pdf,"esesja (Rada Gminy Świętajno pow. olecki): sesja 18.06.2026 → WCAG odsłania link /zalaczniki/; jednostka potwierdzona treścią (19-411, „oleckim”)",7b530c283a741248cbaf2282a7d7ccb2cd2e0bf61ecebab1f7cb6e5a514f2b98,200,2026-09-05T01:47:49Z,,1.955,true
1953,warmińsko-mazurskie,olsztyński,Barczewo,gmina miejsko-wiejska,2814013,2018,ok_finalnie,pdf,tekst,https://archiwum.bip.barczewo.pl/pliki/19226/Raport_Gminy_Barczewo.pdf,direct_without_tor,2d9e2d0025bf1edc3a1adc4e433290c14bd148ab53cf478f533a53a75c935742,200,2026-09-04T22:43:59Z,,1.961,true
1954,warmińsko-mazurskie,olsztyński,Barczewo,gmina miejsko-wiejska,2814013,2019,brak_finalnie,brak,,brak,"dowód: sekcja 'Raport o stanie Gminy' na bip.barczewo.pl (znalezione 2021-2024) | status_update: dowód: porządek obrad sesji XXI/2020 RM Barczewo (25.06.2020, archiwum a9121) pkt 5 ""Przedstawienie raportu o stanie gminy"" + pkt 6 debata; brak pliku na stronie sesji (tylko lista obecności i wykaz głosowania); sekcja bip.barczewo.pl/3599 obejmuje dopiero 2021-2025; archiwum (c464/c478) tylko 2021/2022; brak w Google/Wayback; sprawdzono rejestr zarządzeń 2020 (a8551) - duże pliki to zmiany budżetu i sprawozdanie budżetowe",,sprawdzono pogłębnie 2026-09-05,2026-09-01T10:23:57Z,"[KONT.] || [TURA 19 05.09.2026] Wayback CDX bip.barczewo.pl (kategoria 3599/8, capture VI 2024): załączniki raportowe TYLKO za 2021-2025 (att 950/952/2259/4009 itd.); archiwum.bip.barczewo.pl - 1 capture (PDF 'Debeta nad raportem... informacja' pliki/26786 = za rok 2022, sha256 32944397053b81bc62072138b5a01f1b5ee5b31ef49a6304f041bf8221f55641). Raportów 2019/2020 nigdy nie opublikowano. Status bez zmian.",,true
1955,warmińsko-mazurskie,olsztyński,Barczewo,gmina miejsko-wiejska,2814013,2020,brak_finalnie,brak,,brak,"dowód: sekcja 'Raport o stanie Gminy' na bip.barczewo.pl (znalezione 2021-2024) | status_update: dowód: porządek obrad sesji XXXIII/2021 RM Barczewo (27.05.2021, archiwum a9914) pkt 5 ""Przedstawienie raportu o stanie gminy Barczewo za 2020 rok""; plik nie opublikowany (BIP od 2021; archiwum brak; Google brak)",,sprawdzono pogłębnie 2026-09-05,2026-09-01T10:23:57Z,[KONT.] || [TURA 19 05.09.2026] Jw. (wiersz 1954). Status bez zmian.,,true
1956,warmińsko-mazurskie,olsztyński,Barczewo,gmina miejsko-wiejska,2814013,2021,ok_finalnie,pdf,tekst,https://bip.barczewo.pl/download/attachment/950/raport-o-stanie-gminy-barczewo-za-rok-2021.pdf,direct_without_tor,c8834de0c4f9778cc90f0acb41d72942f241b1590f41bcf1005e5758e1eccfbf,200,2026-09-04T22:36:58Z,,2.417,true
1957,warmińsko-mazurskie,olsztyński,Barczewo,gmina miejsko-wiejska,2814013,2022,ok_finalnie,pdf,tekst,https://bip.barczewo.pl/download/attachment/951/raport-o-stanie-gminy-barczewo-za-rok-2022.pdf,direct_without_tor,b4a823bb7126e5638cb5c620b1e1b23a90abbd3bfdadaa4afc9161e79f3cb1b6,200,2026-09-04T22:37:00Z,,2.402,true
1958,warmińsko-mazurskie,olsztyński,Barczewo,gmina miejsko-wiejska,2814013,2023,ok_finalnie,pdf,tekst,https://bip.barczewo.pl/download/attachment/2259/raport-o-stanie-gminy-barczewo-za-rok-2023.pdf,direct_without_tor,cc2b583e8431b74bb883efb5b038be7a69fef2e55e13780d106208a5d63061e3,200,2026-09-04T22:37:03Z,,4.452,true
1959,warmińsko-mazurskie,olsztyński,Barczewo,gmina miejsko-wiejska,2814013,2024,ok_finalnie,pdf,tekst,https://bip.barczewo.pl/download/attachment/4009/raport-o-stanie-gminy-barczewo-za-rok-2024.pdf,direct_without_tor,e8fd5df9701999c490353806a6baabfe6ff58b9602211afc816a0b6adf1fd762,200,2026-09-04T22:37:07Z,,6.956,true
1960,warmińsko-mazurskie,olsztyński,Barczewo,gmina miejsko-wiejska,2814013,2025,ok_finalnie,pdf,tekst,https://bip.barczewo.pl/download/attachment/5898/raport-o-stanie-gminy-barczewo-za-rok-2025.pdf,direct_without_tor,9aaaf2b1e6711ba1055ae23cce2cbc4e349044b1ec0e23aacd67e6bb0f07d958,200,2026-09-04T22:37:10Z,,8.974,true
1961,warmińsko-mazurskie,olsztyński,Biskupiec,gmina miejsko-wiejska,2814023,2018,ok_finalnie,pdf,skan+OCR,https://urzad.bip.biskupiec.pl/media/6449/download/SC224e_UG_B19061910070.pdf?v=1,direct_without_tor_ssl_off_range + ocr,4cd3f3b32bab5cd7dc5b7b7c55c9cee02841f6546f9e4d96a1be784b9ca83b80,200,2026-09-05T02:30:23Z,,11.473,true
1962,warmińsko-mazurskie,olsztyński,Biskupiec,gmina miejsko-wiejska,2814023,2019,brak_finalnie,brak,,brak,"dogłębne sprawdzenie (web search + BIP + eSesja + Wayback) - dowód istnienia, plik nieodzyskany",,sprawdzono pogłębnie 2026-09-05,2026-09-02T21:56:36Z,[KONT.] || [TURA 19 05.09.2026] Wayback CDX urzad.bip.biskupiec.pl: zero rekordów 'raport o stanie' (portal eSesja biskupiec.esesja.pl zawiera tylko 2022/2024/2025 - sprawdzone w tej turze). Status bez zmian.,,true
1963,warmińsko-mazurskie,olsztyński,Biskupiec,gmina miejsko-wiejska,2814023,2020,ok_finalnie,pdf,skan+OCR,https://biskupiec.esesja.pl/zalaczniki/135962/20210528070142_1269035.pdf,esesja: sesja 11.06.2021 → wersja WCAG (/wcag/posiedzenie.asp?k=e81ff2cc-9c1b-4) odsłania jawny link /zalaczniki/,9168a6d300c3e883e1e6b8a2d107c55550c2c03950be825699b9e9bd8732c6c9,200,2026-09-05T01:48:08Z,,5.285,true
1964,warmińsko-mazurskie,olsztyński,Biskupiec,gmina miejsko-wiejska,2814023,2021,ok_finalnie,pdf,tekst,https://biskupiec.pl/wp-content/uploads/2022/06/Raport-2021-2.pdf,direct_without_tor_ssl_off,224ef2c45c62195a8062cbe03748d5be2e8fea3c560b0b9e6676d0b5145a7539,200,2026-09-04T23:33:44Z,,2.18,true
1965,warmińsko-mazurskie,olsztyński,Biskupiec,gmina miejsko-wiejska,2814023,2022,ok_finalnie,docx,tekst,https://biskupiec.pl/wp-content/uploads/2023/06/raport-ostateczny.docx,direct_without_tor_ssl_off,afe5af87339962854e6eb4d3f7ab97d2d963fb207599b090773e156d05270e98,200,2026-09-04T23:33:47Z,,1.466,true
1966,warmińsko-mazurskie,olsztyński,Biskupiec,gmina miejsko-wiejska,2814023,2023,ok_finalnie,docx,tekst,https://biskupiec.pl/wp-content/uploads/2024/06/raport-o-stanie-gminy-2023-wer.-ostateczna.docx,direct_without_tor_ssl_off,a22964e8d127bda2b815f9b8ed7ce7154ca7e7134fa4726e9a555e6db52c9946,200,2026-09-04T23:33:50Z,,1.311,true
1967,warmińsko-mazurskie,olsztyński,Biskupiec,gmina miejsko-wiejska,2814023,2024,ok_finalnie,docx,tekst,https://biskupiec.pl/wp-content/uploads/2025/06/Raport-o-stanie-Gminy-2024-Natalia.docx,direct_without_tor_ssl_off,7efaf87c96134d87ad36bdacfb8f08a600421887cebb34f287551826eaa275fa,200,2026-09-04T23:33:53Z,,1.023,true
1968,warmińsko-mazurskie,olsztyński,Biskupiec,gmina miejsko-wiejska,2814023,2025,ok_finalnie,docx,tekst,https://biskupiec.pl/wp-content/uploads/2026/06/Raport-o-stanie-Gminy-2025.docx,direct_without_tor_ssl_off,f74fcee6034a993daf41c4e62d3209d66b6b8f7ab543c7e7b21941d96a211bf5,200,2026-09-04T23:33:57Z,,1.084,true
1969,warmińsko-mazurskie,olsztyński,Kolno,gmina wiejska,2814082,2018,ok_finalnie,pdf,skan,https://bip.kolno-gmina.pl/system/obj/1138_Raport_o_stanie_Gminy_Kolno_za_2018_r..pdf,tor_pl_ip + ocr,2d4966b3633e2774d6e5c0ecee6d3b41881123fef3ed3a7b2b173b12c7b158a4,200,2026-09-05T02:09:10Z,[revalid 2026-09-05] got_html_instead_of_pdf http=0 n=644 | [revalid 2026-09-05] revalidated unit=homonym_organ_wiejska year=2018 ocr=True,2.917,true
1970,warmińsko-mazurskie,olsztyński,Kolno,gmina wiejska,2814082,2019,ok_finalnie,pdf,scan/skan,https://bip.kolno-gmina.pl/system/obj/1799_1.pdf,tor_pl_ip + ocr,d4eda554e75b792185c7b9b21b2ccf43e78281138116603d4542d2e30e8ecd59,200,2026-09-05T02:08:25Z,[revalid 2026-09-05] got_html_instead_of_pdf http=0 n=644 | [revalid 2026-09-05] revalidated unit=homonym_organ_wiejska year=2019 ocr=True,2.901,true
1971,warmińsko-mazurskie,olsztyński,Kolno,gmina wiejska,2814082,2020,ok_finalnie,pdf,skan,https://bip.kolno-gmina.pl/system/obj/2485_Raport_o_stanie_gminy_Kolno_za_2020_rok.pdf,tor_pl_ip + ocr,eb556f2815e24b1705b1b5d7dad2a319f8a18b1a8aa84bf496d816fe63890a44,200,2026-09-05T02:11:11Z,[revalid 2026-09-05] got_html_instead_of_pdf http=0 n=644 | [revalid 2026-09-05] revalidated unit=homonym_organ_wiejska year=2020 ocr=True,6.86,true
1972,warmińsko-mazurskie,olsztyński,Kolno,gmina wiejska,2814082,2021,ok_finalnie,pdf,tekst,https://bip.kolno-gmina.pl/system/obj/3349_RAPORT_O_STANIE_Gminy_za_2021r.pdf,tor_pl_ip,f285e2c8c54563658db966b1e7fd2df381550c908a3a0527cf16dc0afb0b1796,200,2026-09-05T02:07:21Z,[revalid 2026-09-05] got_html_instead_of_pdf http=0 n=644 | [revalid 2026-09-05] revalidated unit=homonym_organ_wiejska year=2021 ocr=False,0.728,true
1973,warmińsko-mazurskie,olsztyński,Kolno,gmina wiejska,2814082,2022,ok_finalnie,pdf,tekst,https://bip.kolno-gmina.pl/system/obj/4109_RAPORT__O__STANIE__GMINY_za_2022.pdf,tor_pl_ip,d0839285427ec389d14d7b75a178acd7f8282b96ce126af90a78227326a8e0c5,200,2026-09-05T02:07:41Z,[revalid 2026-09-05] got_html_instead_of_pdf http=0 n=644 | [revalid 2026-09-05] revalidated unit=homonym_organ_wiejska year=2022 ocr=False,1.978,true
1974,warmińsko-mazurskie,olsztyński,Kolno,gmina wiejska,2814082,2023,ok_finalnie,pdf,tekst,https://bip.kolno-gmina.pl/system/obj/4922_RAPORT_O_STANIE_GMINY_KOLNO_za_2023.pdf,tor_pl_ip,f54ede99a170313afef7c4cf8a23af2a7bab79a51447fc0c424cfdeb6aedb90b,200,2026-09-05T02:07:22Z,[revalid 2026-09-05] got_html_instead_of_pdf http=0 n=644 | [revalid 2026-09-05] revalidated unit=gmina_ok year=2023 ocr=False,1.181,true
1975,warmińsko-mazurskie,olsztyński,Kolno,gmina wiejska,2814082,2024,ok_finalnie,pdf,tekst,https://bip.kolno-gmina.pl/system/obj/5920_RAPORT_O_STANIE_GMINY_KOLNO_za_2024.pdf,tor_pl_ip,982ed1332c82595e9d3ad421bc6234ccf7afdad4849a087cbedb49fb4dc52044,200,2026-09-05T02:07:22Z,[revalid 2026-09-05] got_html_instead_of_pdf http=0 n=644 | [revalid 2026-09-05] revalidated unit=gmina_ok year=2024 ocr=False,0.813,true
1976,warmińsko-mazurskie,olsztyński,Kolno,gmina wiejska,2814082,2025,ok_finalnie,pdf,tekst,https://bip.kolno-gmina.pl/system/obj/6697_RAPORT_O_STANIE_GMINY_KOLNO_za_2025_z_autopoprawka.pdf,tor_pl_ip,05cf9fcbb677f46b451de36596e80d56f10c468bb2f94418234bba8ba36f8227,200,2026-09-05T02:07:22Z,[revalid 2026-09-05] got_html_instead_of_pdf http=0 n=644 | [revalid 2026-09-05] revalidated unit=gmina_ok year=2025 ocr=False,1.362,true
1977,warmińsko-mazurskie,olsztyński,Purda,gmina wiejska,2814102,2018,ok_finalnie,pdf,skan,https://bip-v1-files.idcom-jst.pl/sites/47160/cms/szablony/22093/pliki/762019.pdf,direct_without_tor,dfca6aeb287ee6110e9c39fe507f5e6b2dc2af52fbe20bd97417b0c6a282d913,200,2026-09-04T22:06:13Z,,0.955,true
1978,warmińsko-mazurskie,olsztyński,Purda,gmina wiejska,2814102,2019,ok_finalnie,pdf,skan,https://bip-v1-files.idcom-jst.pl/sites/47160/cms/szablony/22092/pliki/zalacznik_do_zarzadzenia_nr_902020.pdf,direct_without_tor,1b0c77d870776e1fcf5badd2c620694f4f5a155c9f88bdfbb2a4e9881879a985,200,2026-09-04T22:06:29Z,,7.307,true
1979,warmińsko-mazurskie,olsztyński,Purda,gmina wiejska,2814102,2020,ok_finalnie,pdf,skan,https://bip-v1-files.idcom-jst.pl/sites/47160/cms/szablony/22091/pliki/nr_9220211.pdf,direct_without_tor,4bb7593d4b4fec323a1a1fb760994ef57231e6a41e2171b360d8150f86574ca6,200,2026-09-04T22:06:41Z,,7.294,true
1980,warmińsko-mazurskie,olsztyński,Purda,gmina wiejska,2814102,2021,ok_finalnie,pdf,skan,https://bip-v1-files.idcom-jst.pl/sites/47160/cms/szablony/22090/pliki/nr_912022_raport.pdf,direct_without_tor,7b525394033eef9f76436eea9044e6b66dab29be86d9f8ceb8eb5e49c888836d,200,2026-09-04T22:06:53Z,,8.227,true
1981,warmińsko-mazurskie,olsztyński,Purda,gmina wiejska,2814102,2022,ok_finalnie,pdf,skan,https://bip-v1-files.idcom-jst.pl/sites/47160/cms/szablony/22089/pliki/nr_1052023cz1.pdf,direct_without_tor,ead444d16c89136e6619c2796cd230fac50e854165a5b3541f3b0d1ffee9ca17,200,2026-09-04T22:07:02Z,,7.269,true
1982,warmińsko-mazurskie,olsztyński,Purda,gmina wiejska,2814102,2023,ok_finalnie,pdf,tekst,https://bip-v1-files.idcom-jst.pl/sites/47160/cms/szablony/27030/pliki/raport_o_stanie_gminy_purda_za_2023_r.pdf,direct_without_tor,4bd9ed310d57913c69a3c7e4b7c3bc2312f352f1b412502df513f85955eb91d6,200,2026-09-04T22:07:06Z,,4.587,true
1983,warmińsko-mazurskie,olsztyński,Purda,gmina wiejska,2814102,2024,ok_finalnie,pdf,tekst,https://bip-v1-files.idcom-jst.pl/sites/47160/cms/szablony/27029/pliki/zarzadzenie_802025.pdf,direct_without_tor,3a533e9de0c7ae5a2dc29cbecb123c5d65a87df69f0c89d4d620e018100cc51f,200,2026-09-04T22:07:11Z,,8.897,true
1984,warmińsko-mazurskie,olsztyński,Purda,gmina wiejska,2814102,2025,ok_finalnie,pdf,tekst,https://bip-v1-files.idcom-jst.pl/sites/47160/cms/szablony/30036/pliki/raport_o_stanie_gminy_purda_za_2025_rok_.pdf,direct_without_tor,477fe50060f7a242ca1fc8a9841ad89d4151f01f6280fafabad8f9a6c339a68e,200,2026-09-04T22:07:15Z,,6.229,true
1985,warmińsko-mazurskie,olsztyński,Stawiguda,gmina wiejska,2814112,2018,ok_finalnie,pdf,tekst,https://bip-v1-files.idcom-jst.pl/sites/3121/wiadomosci/474335/files/raport_052019.pdf,direct_without_tor,93ce8fad136c41e3567f80a370be2a0def6eb698849469ee5fa41c23967cd8da,200,2026-09-04T22:07:18Z,,2.853,true
1986,warmińsko-mazurskie,olsztyński,Stawiguda,gmina wiejska,2814112,2019,brak_finalnie,brak,,brak,dogłębne sprawdzenie (BIP + Wayback + archiwa + wyszukiwarki) - szczegóły w failure_reason,,BRAK_URL (plik trwale niedostepny),2026-09-01T10:56:28Z,"NEG-plik (tura 6, 01.09.2026). BIP Stawigudy (bip.stawiguda.pl) nie zawiera raportu za 2019. Wyczerpano: (1) strona glowna BIP i dzialy wiadomosci; (2) wyszukiwarka BIP (?szukaj=raport) - brak trafien dla raportu 28aa; (3) Wayback CDX; (4) wyszukiwarki internetowe. | TURA 11: sprawdzono rodzine zrodel prawomiejscowe.pl (Baza Aktow Wlasnych) dla wszystkich 56 jednostek z brakami - platforma zwraca HTTP 200 i IDENTYCZNA strone-szkielet o stalej dlugosci 75 124 B rowniez dla nieistniejacej instytucji (test kontrolny: /UrzadGminyNieIstniejeXyz), a jej listy aktow laduja sie dynamicznie i nie zawieraja frazy ""raport"". Rodzina odrzucona jako nieprzydatna - analogiczna pulapka jak strona marketingowa eSesja (36 759 B). | TURA 12 - DOWOD ISTNIENIA POTWIERDZONY, NOWY MECHANIZM PUBLIKACJI: przez Wayback CDX domeny bip.stawiguda.pl odnaleziono strone ""Raport o stanie Gminy Stawiguda za rok 2019"" (wiadomosc 524122). Strona jest ZYWA: https://bip.stawiguda.pl/wiadomosci/2/wiadomosc/524122/raport_o_stanie_gminy_stawiguda_za_rok_2019 i potwierdza, ze raport za 2019 powstal i zostal opublikowany. NIE ZAWIERA jednak zalacznika na serwerze BIP - gmina udostepnila raport jako: (1) ""Raport w formie prezentacji interaktywnej"" -> app.powerbi.com/view?r=... (Microsoft Power BI, tresc dynamiczna, nie plik), (2) ""Raport - plik pdf"" -> https://drive.google.com/file/d/1RI9x_bjX--Fgap8icsXWu_PVRphs-Kp5/view (GOOGLE DRIVE). Plik na Drive zostal USUNIETY - oba endpointy pobierania (uc?export=download oraz drive.usercontent.google.com/download) zwracaja HTTP 404. Wayback CDX nie zawiera snapshotu tego identyfikatora Drive ani zadnego pliku raportu. Skan wiadomosci BIP w oknach 523900-524400 i 570000-570400 wykazal tylko te jedna publikacje. WNIOSEK: raport istnial, ale hostowany byl POZA infrastruktura gminy (Google Drive) i nie jest juz dostepny - to przypadek nieodwracalnej utraty przez publikacje w zewnetrznej chmurze. | TURA 14 (ponowna proba metoda skuteczna dla Sypniewa): zastosowano endpoint drive.usercontent.google.com/download?id=...&export=download&confirm=t z obsluga ciasteczek - dla Sypniewa ta metoda pobrala plik poprawnie, natomiast tutaj Google Drive zwraca HTTP 404 zarowno dla strony /view (tytul ""Page Not Found""), jak i dla endpointu pobierania. Nie jest to problem uprawnien (""need access"" nie wystepuje) - plik zostal TRWALE USUNIETY z Dysku Google. URL pozostawiono w uzasadnieniu jako udokumentowany slad mechanizmu utraty (raport hostowany poza infrastruktura gminy).",,true
1987,warmińsko-mazurskie,olsztyński,Stawiguda,gmina wiejska,2814112,2020,ok_finalnie,pdf,tekst,https://bip-v1-files.idcom-jst.pl/sites/3121/wiadomosci/574692/files/raport_o_stanie_gminy_31052021.pdf,direct_without_tor,3ed98a332d37d8e908938fc1d88868e25642d49fd7072a3bb8144e454d6539db,200,2026-09-04T22:07:22Z,,2.413,true
1988,warmińsko-mazurskie,olsztyński,Stawiguda,gmina wiejska,2814112,2021,ok_finalnie,pdf,tekst,https://bip-v1-files.idcom-jst.pl/sites/3121/wiadomosci/632838/files/raport_2021.pdf,direct_without_tor,00c49145bc163f7b0a3b36bfab1840c151bf706078f61b47876fe23d21f6883b,200,2026-09-04T22:07:26Z,,6.337,true
1989,warmińsko-mazurskie,olsztyński,Stawiguda,gmina wiejska,2814112,2022,ok_finalnie,pdf,tekst,https://bip-v1-files.idcom-jst.pl/sites/3121/wiadomosci/689668/files/raport_2022.pdf,direct_without_tor,6943ba22a41cebf2b5674dd46a56b6ddb7a892ccd287af90fb508a4be0baa5e5,200,2026-09-04T22:07:30Z,,5.976,true
1990,warmińsko-mazurskie,olsztyński,Stawiguda,gmina wiejska,2814112,2023,ok_finalnie,pdf,tekst,https://bip-v1-files.idcom-jst.pl/sites/3121/wiadomosci/757113/files/raport_2023__projekt_z_dn_240424.pdf,direct_without_tor,c76b0320b467c80653d6abb3cb2b3f6472d9686137605268ef82aca28baf0477,200,2026-09-04T22:07:35Z,,8.192,true
1991,warmińsko-mazurskie,olsztyński,Stawiguda,gmina wiejska,2814112,2024,ok_finalnie,pdf,tekst,https://bip-v1-files.idcom-jst.pl/sites/3121/wiadomosci/824080/files/raport_o_stanie_gmminy_za_rok_2024.pdf,direct_without_tor,dc6d593be0c8e9d68ccf4ca80bb58daa48f96aae6000d02986473ad6267ee375,200,2026-09-04T22:07:39Z,,9.78,true
1992,warmińsko-mazurskie,olsztyński,Stawiguda,gmina wiejska,2814112,2025,ok_finalnie,pdf,tekst,https://bip-v1-files.idcom-jst.pl/sites/3121/wiadomosci/888185/files/raport_o_stanie_gminy_2025_.pdf,direct_without_tor,4037c9e27b3a265701cd63cb58dc264363e345c20c5fe960f23626c2a3362837,200,2026-09-04T22:07:43Z,,6.273,true
1993,warmińsko-mazurskie,piski,Biała Piska,gmina miejsko-wiejska,2816013,2018,brak_finalnie,brak,,brak,"dogłębne sprawdzenie (sekcja raportów + wyszukiwarka dokumentów BIP + wyszukiwarka portalu + uchwały wotum/wymogi + web search + Wayback) - dowód istnienia, brak publicznego pliku raportu",,sprawdzono w innych źródłach 2026-09-07,2026-09-02T23:03:24Z,"[KONT.] || [TURA 19 05.09.2026] Wayback: kategoria bip.bialapiska.pl/strona-3516-raport_o_stanie_gminy.html (capture VIII 2020) zawiera wyłącznie podstronę strona-3517 'Raport ... za 2019 rok'; podstrony/załącznika za 2018 nigdy nie było. Status bez zmian. [TURA 21 2026-09-07] Przeanalizowano dodatkowe chunki sitemapów archiwalnego CMS oraz strony kategorii raportowej. Ujawnione podstrony 2019-2022 zawierają wyłącznie informacje o debacie/wotum, bez linku do raportu; nie ujawniono podstrony ani pliku za 2018. Kompletnego PDF nie odzyskano; status bez zmian.",,true
1994,warmińsko-mazurskie,piski,Biała Piska,gmina miejsko-wiejska,2816013,2019,ok_finalnie,pdf,skan,https://www.bialapiska.pl/Common/pobierzPlik/id/518/module_short/port/obj_id/3517/culture/pl/version/pub.html,direct_without_tor,9451a27daca4756c63e3d2286d11809939dd67c35f3e232237fedb1f80870a9f,200,2026-09-04T22:42:07Z,,54.261,true
1995,warmińsko-mazurskie,piski,Biała Piska,gmina miejsko-wiejska,2816013,2020,ok_finalnie,pdf,tekst,https://bip.bialapiska.pl/Common/pobierzPlik/id/1654/module_short/port/obj_id/3604/culture/pl/version/pub.html,direct_without_tor,2e8676162b9140b26515b76dd5af593049d7687b448f4223631fe98db30ee7ec,200,2026-09-04T22:37:20Z,,73.291,true
1996,warmińsko-mazurskie,piski,Biała Piska,gmina miejsko-wiejska,2816013,2021,ok_finalnie,pdf,tekst,https://bip.bialapiska.pl/Common/pobierzPlik/id/1975/module_short/port/obj_id/3688/culture/pl/version/pub.html,direct_without_tor,66ceb262eae32ee8fb7a1973d8403dec8f6a731300c49639724e68aefa783580,200,2026-09-04T22:37:24Z,,14.902,true
1997,warmińsko-mazurskie,piski,Biała Piska,gmina miejsko-wiejska,2816013,2022,ok_finalnie,pdf,tekst,https://bip.bialapiska.pl/Common/pobierzPlik/id/2105/module_short/port/obj_id/3722/culture/pl/version/pub.html,direct_without_tor,db190e69fcc53967f3c6c6db3c2ec07c70c679791b2199656cbd7cbc0c6a7b07,200,2026-09-04T22:37:28Z,,14.24,true
1998,warmińsko-mazurskie,piski,Biała Piska,gmina miejsko-wiejska,2816013,2023,ok_finalnie,pdf,tekst,https://bip.bialapiska.pl/Common/pobierzPlik/id/2426/module_short/port/obj_id/3831/culture/pl/version/pub.html,direct_without_tor,10bda82ea471ccd4c9535a5cc55b5b52c07f1bfdba79ee662ac08976ee447a3d,200,2026-09-04T22:37:31Z,,3.053,true
1999,warmińsko-mazurskie,piski,Biała Piska,gmina miejsko-wiejska,2816013,2024,ok_finalnie,pdf,tekst,https://bip.bialapiska.pl/Common/pobierzPlik/id/2774/module_short/port/obj_id/3913/culture/pl/version/pub.html,direct_without_tor,330e13e3212323204a95c3a450e82e06e4000bd3c409260af3c95554aaf4f934,200,2026-09-04T22:37:34Z,,3.293,true
2000,warmińsko-mazurskie,piski,Biała Piska,gmina miejsko-wiejska,2816013,2025,ok_finalnie,pdf,tekst,https://www.bialapiska.pl/Common/pobierzPlik/id/3100/module_short/port/obj_id/3990/culture/pl/version/pub.html,direct_without_tor,ee0d4e9fa9523e74c5f68c006e563e6e1d52e95d6df61941c822440006e32dcb,200,2026-09-04T22:42:10Z,,10.19,true
2001,warmińsko-mazurskie,piski,Orzysz,gmina miejsko-wiejska,2816023,2018,ok_finalnie,pdf,tekst,https://bip.orzysz.pl/download.php?id=18331,direct_without_tor,e210411ce0d22151aafaa7314c2e9d18faa7656eab05e245aa8cd9f9498a2d6a,200,2026-09-04T22:08:05Z,,1.701,true
2002,warmińsko-mazurskie,piski,Orzysz,gmina miejsko-wiejska,2816023,2019,ok_finalnie,pdf,tekst,https://bip.orzysz.pl/download.php?id=20181,direct_without_tor,db7c8aac1b5878eacb5e57b505a3f15fe98bb31fae31180b581e3249f7b9e404,200,2026-09-04T22:08:09Z,,2.56,true
2003,warmińsko-mazurskie,piski,Orzysz,gmina miejsko-wiejska,2816023,2020,ok_finalnie,pdf,skan,https://bip.orzysz.pl/download.php?id=21902,direct_without_tor,c85d150404c3a14660ede2db64e660255dd920c4ed365f3d7b8071110a041c4e,200,2026-09-04T22:08:37Z,,44.628,true
2004,warmińsko-mazurskie,piski,Orzysz,gmina miejsko-wiejska,2816023,2021,ok_finalnie,pdf,skan,https://bip.orzysz.pl/download.php?id=23288,direct_without_tor,be89b87be66e7089442dae4c2b795f04e6507b421f90a5e3223a9625a2fbf337,200,2026-09-04T22:09:14Z,,45.135,true
2005,warmińsko-mazurskie,piski,Orzysz,gmina miejsko-wiejska,2816023,2022,ok_finalnie,pdf,tekst,https://bip.orzysz.pl/download.php?id=24866,direct_without_tor,7d76958cb189384a81f8e71c805c593c6817fc25f4d019701f5ebc337ef8b992,200,2026-09-04T22:09:18Z,,2.654,true
2006,warmińsko-mazurskie,piski,Orzysz,gmina miejsko-wiejska,2816023,2023,ok_finalnie,pdf,tekst,https://bip.orzysz.pl/download.php?id=26573,direct_without_tor,fa5ce864e919b27181b67ee7643baa483585a46d46fc97b8093aefad8bcef89b,200,2026-09-04T22:09:25Z,,2.191,true
2007,warmińsko-mazurskie,piski,Orzysz,gmina miejsko-wiejska,2816023,2024,ok_finalnie,pdf,skan+OCR,https://bip.orzysz.pl/download.php?id=28278,direct_without_tor,ad79b0b1073ff10bfdcf42b9fab9c969d3b4144e2e8dc74d13fda27fac03fba5,200,2026-09-04T22:09:49Z,,59.624,true
2008,warmińsko-mazurskie,piski,Orzysz,gmina miejsko-wiejska,2816023,2025,ok_finalnie,pdf,skan,https://bip.orzysz.pl/download.php?id=29729,direct_without_tor,659c54325b83eeec5ba22eb4e779cf2b929d28f1ba2cb724761e05ecbe89ad89,200,2026-09-04T22:10:18Z,,45.699,true
2009,warmińsko-mazurskie,piski,Pisz,gmina miejsko-wiejska,2816033,2018,ok_finalnie,pdf,tekst,https://bip.pisz.hi.pl/download.php?id=19470,sondowanie nagłówków HEAD download.php (Content-Disposition: „Raport cały.pdf”) + weryfikacja treści,5ed01906e25370dc2d76a9fb8b87d4392a5b7e75827e9d43875920b759f8a1b1,200,2026-09-05T01:47:53Z,,3.032,true
2010,warmińsko-mazurskie,piski,Pisz,gmina miejsko-wiejska,2816033,2019,ok_finalnie,pdf,tekst,https://bip.pisz.hi.pl/download.php?id=21260,direct_without_tor,85b0ad8d7480a61b421bcba60b46be63edd2fb4249f8ac5b6fa808ad6794fca0,200,2026-09-04T22:37:16Z,,1.814,true
2011,warmińsko-mazurskie,piski,Pisz,gmina miejsko-wiejska,2816033,2020,ok_finalnie,pdf,tekst,https://www.bip.pisz.hi.pl/download.php?id=22908,direct_without_tor,9bc472512ffbf4abc1a867fa70d8791337a3012276607c7e2579324db2b4c276,200,2026-09-04T22:44:02Z,,6.23,true
2012,warmińsko-mazurskie,piski,Pisz,gmina miejsko-wiejska,2816033,2021,ok_finalnie,pdf,tekst,https://bip.pisz.hi.pl/download.php?id=23911,direct_without_tor,cd3cbaffc34dcc52ed982774784bde88ea29345f0ac16374b824e2850ea6ff6e,200,2026-09-04T22:37:22Z,,5.89,true
2013,warmińsko-mazurskie,piski,Pisz,gmina miejsko-wiejska,2816033,2022,ok_finalnie,pdf,tekst,https://bip.pisz.hi.pl/download.php?id=25070,direct_without_tor,ddf99fdd9d26f2f8e8fad46719ff0c53e1f55765a08fb3004ef753ef77647cea,200,2026-09-04T22:37:26Z,,6.849,true
2014,warmińsko-mazurskie,piski,Pisz,gmina miejsko-wiejska,2816033,2023,ok_finalnie,pdf,tekst,https://www.pisz.pl/attch/news_attch-2607-5710-1719819204.pdf,direct_without_tor,173fd7cbc18595b1c1add0ca88aa4f463f0e0583a4dbb8185091e35723d66baa,200,2026-09-04T22:44:02Z,,3.262,true
2015,warmińsko-mazurskie,piski,Pisz,gmina miejsko-wiejska,2816033,2024,ok_finalnie,pdf,tekst,https://bip.pisz.hi.pl/download.php?id=27941,direct_without_tor,1a5371314c26b0a5639550a183598957ce7253df5107a6908d119f4748e1f2bb,200,2026-09-04T22:37:29Z,,5.366,true
2016,warmińsko-mazurskie,piski,Pisz,gmina miejsko-wiejska,2816033,2025,ok_finalnie,pdf,tekst,https://bip.pisz.hi.pl/download.php?id=29631,direct_without_tor,31e526ea6cce2d01c04752b6c81118f70a25b1f1be05a45ace238e8891b78c85,200,2026-09-04T22:37:33Z,,5.938,true
2017,warmińsko-mazurskie,piski,Ruciane-Nida,gmina miejsko-wiejska,2816043,2018,ok_finalnie,pdf,tekst,https://bip.ruciane-nida.pl/download.php?id=7427,direct_without_tor,0358f56ab7e63e20d2004f7f171a0c4360b1ba15f6c6665ebdc28b67e9da267a,200,2026-09-04T22:59:15Z,,6.494,true
2018,warmińsko-mazurskie,piski,Ruciane-Nida,gmina miejsko-wiejska,2816043,2019,ok_finalnie,pdf,tekst,https://bip.ruciane-nida.pl/download.php?id=8609,direct_without_tor,61f0517bea44a669fe619934e898aae7133e1538f73a00cfd81bfcfc9b2515e9,200,2026-09-04T22:59:15Z,,11.073,true
2019,warmińsko-mazurskie,piski,Ruciane-Nida,gmina miejsko-wiejska,2816043,2020,ok_finalnie,pdf,tekst,https://bip.ruciane-nida.pl/download.php?id=9737,direct_without_tor,6965da0b07f2281550508b8f996907b23cc811bd838f4bc9aeed89236e1b925d,200,2026-09-04T22:59:15Z,,9.889,true
2020,warmińsko-mazurskie,piski,Ruciane-Nida,gmina miejsko-wiejska,2816043,2021,ok_finalnie,pdf,tekst,https://bip.ruciane-nida.pl/download.php?id=10772,direct_without_tor,ca0c11f5941a934d387e9d46687578e10c912bbfa98f56f98c33986b15ece7f2,200,2026-09-04T22:59:15Z,,10.829,true
2021,warmińsko-mazurskie,piski,Ruciane-Nida,gmina miejsko-wiejska,2816043,2022,ok_finalnie,pdf,tekst,https://bip.ruciane-nida.pl/download.php?id=11660,direct_without_tor,b680544fefe3d08d309802535a31ce4fbedc9a2e883fb3ca117afbb1d18d3be7,200,2026-09-04T22:59:15Z,,34.539,true
2022,warmińsko-mazurskie,piski,Ruciane-Nida,gmina miejsko-wiejska,2816043,2023,ok_finalnie,pdf,skan,https://bip.ruciane-nida.pl/download.php?id=12888,direct_without_tor,50ce220447e63dfc1e73f21425ef3a925e2a66453005047deecac63ddd72249e,200,2026-09-04T22:59:15Z,,14.435,true
2023,warmińsko-mazurskie,piski,Ruciane-Nida,gmina miejsko-wiejska,2816043,2024,ok_finalnie,pdf,skan,https://bip.ruciane-nida.pl/download.php?id=14046,direct_without_tor,f56923c8b512ed96e81009082ec290b93b6d55c0d5a8b6d08536cdc8923c6800,200,2026-09-04T22:59:15Z,,64.243,true
2024,warmińsko-mazurskie,piski,Ruciane-Nida,gmina miejsko-wiejska,2816043,2025,ok_finalnie,pdf,tekst,https://bip.ruciane-nida.pl/download.php?id=15183,direct_without_tor,ef3bed79d628205138fc2d65b3626387d230eab6e9eaa9cf3ffc356f8bcd512d,200,2026-09-04T22:59:15Z,,11.018,true
2025,warmińsko-mazurskie,szczycieński,Dźwierzuty,gmina wiejska,2817022,2018,ok_finalnie,pdf,tekst,https://www.gminadzwierzuty.pl/Common/pobierzPlik/id/135.html,direct_without_tor (ukryty aktywny załącznik Common/pobierzPlik odkryty kontrolnym skanem ID),85dd8180001fbc3ec53223ec72d59759c6304b24142a4f3996f44a312eb6061f,200,2026-09-05T00:07:42Z,,2.608,true
2026,warmińsko-mazurskie,szczycieński,Dźwierzuty,gmina wiejska,2817022,2019,brak_finalnie,brak,,brak,"dogłębne sprawdzenie (web search wielosilnikowy + oficjalny portal/BIP i legacy endpointy + historia stron + sesje + Wayback/Arquivo/Memento/Common Crawl + fs.siteor + retry przez zweryfikowany polski Tor) — historyczny oficjalny PDF istniał, ale wszystkie odzyskane kopie są niekompletne; kompletnego pliku nie odzyskano",,sprawdzono w innych źródłach 2026-09-07,2026-09-01T10:23:57Z,"[KONT.] || [TURA 19 05.09.2026] Wayback CDX gminadzwierzuty.pl: tylko 3 aktualności raportowe - nr 215 (VIII 2019, za 2018), nr 558 (VI 2021, za 2020, plik na stronie), nr 696 (V 2022, za 2021). Aktualności za rok 2019 NIE MA (między X 2019 a VI 2021 zero capture'ów stron raportowych - luka ewentualna, ale żywa strona też jej nie ma). Status bez zmian. [TURA 21 2026-09-07] Dodatkowa weryfikacja alternatyw: Wayback CDX dla gminadzwierzuty.pl/*raport* wykazał dla rocznika 2019 wyłącznie stronę HTML; zarchiwizowany wpis https://web.archive.org/web/20200516191151id_/https://gminadzwierzuty.pl/strona-146-raport_o_stanie_gminy_dzwierzuty_za_rok.html zawiera tylko informację o debacie, bez odnośnika/załącznika raportu. CDX nie zwrócił PDF, a kontrolne indeksy Common Crawl 2020-2025 nie zwróciły capture pasującego do raportu. Kompletnego PDF nie odzyskano; status bez zmian.",,true
2027,warmińsko-mazurskie,szczycieński,Dźwierzuty,gmina wiejska,2817022,2020,ok_finalnie,pdf,tekst,https://www.gminadzwierzuty.pl/Common/pobierzPlik/id/284.html,direct_without_tor (ukryty aktywny załącznik Common/pobierzPlik odkryty kontrolnym skanem ID),694ca33e722af8f132b6e236c314a4493a028596969c0e1ff419819024eb5c48,200,2026-09-05T00:07:45Z,,1.77,true
2028,warmińsko-mazurskie,szczycieński,Dźwierzuty,gmina wiejska,2817022,2021,ok_finalnie,pdf,tekst,https://www.gminadzwierzuty.pl/Common/pobierzPlik/id/495/module_short/port/obj_id/1004/culture/pl/version/pub.html,direct_without_tor,3ad0a647963fe629bd994317a9a0766eb043c26e7ef3a786a323eb215edd23a8,200,2026-09-04T22:37:35Z,,0.662,true
2029,warmińsko-mazurskie,szczycieński,Dźwierzuty,gmina wiejska,2817022,2022,ok_finalnie,pdf,tekst,https://www.gminadzwierzuty.pl/Common/pobierzPlik/id/569/module_short/port/obj_id/1018/culture/pl/version/pub.html,direct_without_tor,75e52a3f950d72feb5e0730029de678adf8b3367295f32bc5f7fde0121637989,200,2026-09-04T22:37:37Z,,0.128,true
2030,warmińsko-mazurskie,szczycieński,Dźwierzuty,gmina wiejska,2817022,2023,ok_finalnie,pdf,tekst,https://www.gminadzwierzuty.pl/Common/pobierzPlik/id/709/module_short/port/obj_id/1038/culture/pl/version/pub.html,direct_without_tor,9cefb2a04223276b2ac63472c946a49b4794c9e7f069cf86f89d20c25242ebaa,200,2026-09-04T22:37:39Z,,1.768,true
2031,warmińsko-mazurskie,szczycieński,Dźwierzuty,gmina wiejska,2817022,2024,ok_finalnie,pdf,tekst,https://www.gminadzwierzuty.pl/Common/pobierzPlik/id/809/module_short/port/obj_id/1046/culture/pl/version/pub.html,direct_without_tor,32937f7509ca80b93a8bb7c9e520ab946d021c693fa8560b49ac75e428598bbe,200,2026-09-04T22:37:42Z,,3.737,true
2032,warmińsko-mazurskie,szczycieński,Dźwierzuty,gmina wiejska,2817022,2025,ok_finalnie,pdf,skan,https://www.gminadzwierzuty.pl/Common/pobierzPlik/id/988/module_short/port/obj_id/1067/culture/pl/version/pub.html,direct_without_tor,38d0bd0c16557e69112c24da8151a2f1e860173a2eee19e5019404e4a2a79759,200,2026-09-04T22:37:56Z,,3.504,true
2033,warmińsko-mazurskie,szczycieński,Jedwabno,gmina wiejska,2817032,2018,brak_finalnie,brak,,brak,"dogłębne sprawdzenie (current BIP + bipjedwabno.warmia.mazury.pl + wyszukiwarka BIP + uchwały wotum zaufania) - dowód istnienia, plik nieodzyskany",,sprawdzono pogłębnie 2026-09-05,2026-09-02T22:40:01Z,[KONT.] || [TURA 19 05.09.2026] Wayback CDX bip.jedwabno.pl: kategoria 1076 'Raport o stanie Gminy Jedwabno' (capture X 2021) zawiera WYŁĄCZNIE raport za 2020; podstrony 3239/5887/6053/6243 = 2020-2023. Raportów 2018/2019 nigdy nie opublikowano w tej strukturze BIP. Status bez zmian.,,true
2034,warmińsko-mazurskie,szczycieński,Jedwabno,gmina wiejska,2817032,2019,brak_finalnie,brak,,brak,"dogłębne sprawdzenie (current BIP + bipjedwabno.warmia.mazury.pl + wyszukiwarka BIP + uchwały wotum zaufania) - dowód istnienia, plik nieodzyskany",,sprawdzono pogłębnie 2026-09-05,2026-09-02T22:40:01Z,[KONT.] || [TURA 19 05.09.2026] Jw. (wiersz 2033) - kategoria raportowa BIP od X 2021 zawiera tylko 2020+. Status bez zmian.,,true
2035,warmińsko-mazurskie,szczycieński,Jedwabno,gmina wiejska,2817032,2020,ok_finalnie,pdf,skan,https://bip.jedwabno.pl/attachment/informacja/5214/7f9349c7a1d9cfdc7091d480d0742ed18389c95a.html,direct_without_tor,268a43f970955e1443e035990de2c08b28f694b91ae49abe838cdd97b70e3547,200,2026-09-04T22:30:05Z,,19.774,true
2036,warmińsko-mazurskie,szczycieński,Jedwabno,gmina wiejska,2817032,2021,ok_finalnie,pdf,skan,https://bip.jedwabno.pl/attachment/informacja/7117/11c3097cde5ccb445711db8a32d340f630daf093.html,direct_without_tor,8399d5c64f63d2256faefbf31bfe4eec9e09cb84f4671bed3de9f5fe6069a032,200,2026-09-04T22:30:18Z,,18.699,true
2037,warmińsko-mazurskie,szczycieński,Jedwabno,gmina wiejska,2817032,2022,ok_finalnie,pdf,skan,https://bip.jedwabno.pl/attachment/informacja/8330/f70f00bbee5a5547e63ab7bb2e3d694661427531.html,direct_without_tor,cb415b62ec6dfb0e409d12b20feb6e3c15aec139866a4e2fd9b344a1602d59a9,200,2026-09-04T22:30:34Z,,17.332,true
2038,warmińsko-mazurskie,szczycieński,Jedwabno,gmina wiejska,2817032,2023,ok_finalnie,pdf,skan,https://bip.jedwabno.pl/attachment/informacja/9580/bbc8bc0cde54989c6eb2d71febb41e4ec6bbcd75.html,direct_without_tor,6bb73d5c0928592aa9f51ddfab9ea64f26a306c3cc9c91a2bfa9d84387881917,200,2026-09-04T22:30:52Z,,17.139,true
2039,warmińsko-mazurskie,szczycieński,Jedwabno,gmina wiejska,2817032,2024,ok_finalnie,pdf,skan,https://bip.jedwabno.pl/attachment/informacja/10078/8b55069f59f67d3f5cd960203c3245fae9b66124.html,direct_without_tor,400458defabd2b062e13fc84d690b5ccd76222c65f7fe73417df8b6e1b588956,200,2026-09-04T22:31:10Z,,12.828,true
2040,warmińsko-mazurskie,szczycieński,Jedwabno,gmina wiejska,2817032,2025,ok_finalnie,pdf,skan,https://bip.jedwabno.pl/attachment/informacja/11016/c5a58e40debbc565b9fff91c4feeac15e624751c.html,direct_without_tor,a29143b510bbd82c4479ebff9b3b9fbdb1f7d227682f99143d6ccb9469d20d94,200,2026-09-04T22:31:31Z,,2.665,true
2041,warmińsko-mazurskie,szczycieński,Pasym,gmina miejsko-wiejska,2817043,2018,ok_finalnie,pdf,tekst,http://tor.backup2.sam3.pl/httrack/pasym.pl.bip/bip.pasym.pl/component/phocadownload/category/Raport%20o%20stanie%20Gminy%20Pasym5e16.pdf,direct_without_tor,fc73e5b672ef52d8986e38f1bc9f77a7a71ead09e149fc498f132eae373f33c3,200,2026-09-04T21:53:38Z,,5.257,true
2042,warmińsko-mazurskie,szczycieński,Pasym,gmina miejsko-wiejska,2817043,2019,ok_finalnie,pdf,tekst,http://tor.backup2.sam3.pl/httrack/pasym.pl.bip/bip.pasym.pl/component/phocadownload/category/raport-o-stanie-gminy-pasym-20192a09.pdf,direct_without_tor,0820c2bc860a0ddb13374ebb287d5e8cfd9eb5b0141a9449e3fb29fb27a0c1c4,200,2026-09-04T21:53:41Z,,3.253,true
2043,warmińsko-mazurskie,szczycieński,Pasym,gmina miejsko-wiejska,2817043,2020,ok_finalnie,pdf,tekst,http://tor.backup2.sam3.pl/httrack/pasym.pl.bip/bip.pasym.pl/component/phocadownload/category/Raport%20o%20stanie%20Gminy%20Pasym%202020ff13.pdf,direct_without_tor,1891b354f00ca2c89fb1c0cfc2b0633dc72d00950235b3a8e4daf32ede3d6f67,200,2026-09-04T21:53:43Z,,2.368,true
2044,warmińsko-mazurskie,szczycieński,Pasym,gmina miejsko-wiejska,2817043,2021,ok_finalnie,pdf,tekst,http://tor.backup2.sam3.pl/httrack/pasym.pl.bip/bip.pasym.pl/component/phocadownload/category/Raport-o-stanie-Gminy-Pasym-20216447.pdf,direct_without_tor,e4303f4b9622c1c92ca49671b686822bfdcfe3e2a6852ae14a4e21063f246917,200,2026-09-04T21:53:46Z,,2.841,true
2045,warmińsko-mazurskie,szczycieński,Pasym,gmina miejsko-wiejska,2817043,2022,ok_finalnie,pdf,tekst,http://tor.backup2.sam3.pl/httrack/pasym.pl.bip/bip.pasym.pl/component/phocadownload/category/Raport%20o%20stanie%20gminy%20-za-2022d1a4.pdf,direct_without_tor,ef3dccc04f683bbb657f372b6fd093aa967fde05acf5d053602269b0e125eee5,200,2026-09-04T21:53:49Z,,4.881,true
2046,warmińsko-mazurskie,szczycieński,Pasym,gmina miejsko-wiejska,2817043,2023,brak_finalnie,brak,,brak,"dogłębne sprawdzenie (current BIP + rejestr zmian + rejestr uchwał + archiwum starego BIP + Wayback + web search) - dowód istnienia, plik nieodzyskany",,sprawdzono w innych źródłach 2026-09-07,2026-09-02T22:14:09Z,"RE-WERYFIKACJA 2026-09-03: raport za 2023 istniał, ale publicznego pliku nie odzyskano. Dowód istnienia: rejestr uchwał kadencji 2024-2029 (https://bip.pasym.pl/strona-3638-rejestr_uchwal_2024_2029.html) zawiera uchwałę III/17/2024 z 28.06.2024 r. w sprawie udzielenia Burmistrzowi Miasta Pasym wotum zaufania, co potwierdza rozpatrzenie raportu za 2023. Jednocześnie: (1) archiwalna strona raportowa starego BIP zachowana w Wayback 2024-11-08 (https://web.archive.org/web/20241108103350/https://bip.pasym.pl/1325-menu/burmistrz-miasta/raport-o-stanie-gminy.html) nadal pokazuje wyłącznie raporty 2018-2022 i ma datę poprawy 03.07.2023; (2) bieżący BIP i rejestr zmian pokazują publikacje sekcji ""Raport o stanie Gminy"" oraz podstrony ""za 2024 rok"" dopiero 2025-02-26, 2025-06-10 i 2025-06-24 (m.in. https://bip.pasym.pl/rejestr_zmian-strona-158.html), bez jakiejkolwiek podstrony/załącznika ""za 2023 rok""; (3) tropy bip2.pasym.pl / pasymbip2024.sam3.pl pozostają technicznie niedostępne z tego środowiska (DNS/403), a indeksacja web nie ujawniła odzyskiwalnego pliku. [TURA 21 2026-09-07] Przeanalizowano mirror HTTrack tor.backup2.sam3.pl: zachowana kategoria raportowa zawiera wyłącznie pliki za 2018-2022 i nie ma pozycji ani URL-u pliku za 2023. Kompletnego PDF nie odzyskano; status bez zmian.",,true
2047,warmińsko-mazurskie,szczycieński,Pasym,gmina miejsko-wiejska,2817043,2024,ok_finalnie,pdf,tekst,https://bip.pasym.pl/Common/pobierzPlik/id/229/module_short/port/obj_id/3620/culture/pl/version/pub.html,direct_without_tor,f9213c890a58d9f05cf5849a2c57d0aac6cb4f815b4d75ed2f4cd37c3dccc86c,200,2026-09-04T22:41:46Z,,0.912,true
2048,warmińsko-mazurskie,szczycieński,Pasym,gmina miejsko-wiejska,2817043,2025,ok_finalnie,pdf,tekst,https://bip.pasym.pl/Common/pobierzPlik/id/702/module_short/port/obj_id/3690/culture/pl/version/pub.html,direct_without_tor,5eb6ae5a27c7647765f238e68869b6ca4c1eecb1ac2d994f5ae5e6c24e8c9bfc,200,2026-09-04T22:41:49Z,,1.262,true
2049,warmińsko-mazurskie,szczycieński,Rozogi,gmina wiejska,2817052,2018,ok_finalnie,pdf,tekst,https://bip-v1-files.idcom-jst.pl/sites/47211/wiadomosci/470311/files/raport_o_stanie_gminy_rozogi_za_2018_rok.pdf,direct_without_tor,7e3323b6a3187d335ad037f5f9ed2e87bae74daa9ad67d4562fb39595cc90020,200,2026-09-04T22:07:47Z,,0.845,true
2050,warmińsko-mazurskie,szczycieński,Rozogi,gmina wiejska,2817052,2019,ok_finalnie,pdf,tekst,https://bip-v1-files.idcom-jst.pl/sites/47211/wiadomosci/519982/files/raport_o_stanie_gminy_rozogi_za_2019_r.pdf,direct_without_tor,54a4df91ba36a77f67eb0526ad090836046aacf6e0e8c7fc7ce66272ee1150a8,200,2026-09-04T22:07:50Z,,1.334,true
2051,warmińsko-mazurskie,szczycieński,Rozogi,gmina wiejska,2817052,2020,ok_finalnie,pdf,tekst,https://bip-v1-files.idcom-jst.pl/sites/47211/wiadomosci/574100/files/raport_o_stanie_gminy_rozogi_za_2020_r.pdf,direct_without_tor,0ec21f360d3317a45c233180b150a4b57ef28d78888a0db6a30f77dd177722cc,200,2026-09-04T22:07:53Z,,1.45,true
2052,warmińsko-mazurskie,szczycieński,Rozogi,gmina wiejska,2817052,2021,ok_finalnie,pdf,tekst,https://bip-v1-files.idcom-jst.pl/sites/47211/wiadomosci/634245/files/raport_o_stanie_gminy_rozogi_za_2021_r_z_poprawka.pdf,direct_without_tor,727ec8268604f1f2fa0db253fafbf9d26338604dc09922698a10b4075f1e4df1,200,2026-09-04T22:07:57Z,,1.286,true
2053,warmińsko-mazurskie,szczycieński,Rozogi,gmina wiejska,2817052,2022,ok_finalnie,pdf,tekst,https://bip-v1-files.idcom-jst.pl/sites/47211/wiadomosci/686692/files/raport_o_stanie_gminy_rozogi_za_2022_r.pdf,direct_without_tor,33b11ed2a5cf7a9c7be94e6d81b90cc2296de1c07b8f508f4937f415307890a6,200,2026-09-04T22:08:00Z,,1.3,true
2054,warmińsko-mazurskie,szczycieński,Rozogi,gmina wiejska,2817052,2023,ok_finalnie,pdf,skan,https://bip-v1-files.idcom-jst.pl/sites/47211/wiadomosci/758477/files/raport_o_stanie_gminy_rozogi_za_2023_rok.pdf,direct_without_tor,3b768746fc0e7701f53a22b25ebc942f15928f271259fbb839317e2c9d421cfb,200,2026-09-04T22:08:19Z,,67.09,true
2055,warmińsko-mazurskie,szczycieński,Rozogi,gmina wiejska,2817052,2024,ok_finalnie,pdf,tekst,https://bip-v1-files.idcom-jst.pl/sites/47211/wiadomosci/824599/files/raport_o_stanie_gminy_rozogi_za_2024.pdf,direct_without_tor,6e16d79063800f76a7a41ee9679ef39f7429f899b760d0831b00023a4d9305d2,200,2026-09-04T22:08:23Z,,1.4,true
2056,warmińsko-mazurskie,szczycieński,Rozogi,gmina wiejska,2817052,2025,ok_finalnie,pdf,tekst,https://bip-v1-files.idcom-jst.pl/sites/47211/wiadomosci/886373/files/raport_za_2025.pdf,direct_without_tor,faa7001a09a369be5aa0de97221c6a0390d57aef347a0545e09b55a2b28afc8c,200,2026-09-04T22:08:26Z,,1.349,true
2057,warmińsko-mazurskie,szczycieński,Szczytno,gmina miejska,2817011,2018,ok_finalnie,pdf,tekst,https://m.powiatszczycienski.pl/2019/05/raport-22905.pdf,direct_without_tor,778789719f8b785fbe63ab727fb60a10c59c77415d4a0d4d2d428d8c8c679ba3,200,2026-09-04T22:44:05Z,,2.673,true
2058,warmińsko-mazurskie,szczycieński,Szczytno,gmina miejska,2817011,2019,ok_finalnie,pdf,tekst,https://web.archive.org/web/20240913113054id_/http://archiwum.bip.um.szczytno.pl/public/get_file_contents.php?id=260211,wayback_memento_direct_without_tor,83384842d33f89263b4f4bf91a7b82322f607eff2df3ac97244215ed0ae717f2,200,2026-09-05T01:45:29Z,,10.461,true
2059,warmińsko-mazurskie,szczycieński,Szczytno,gmina miejska,2817011,2020,ok_finalnie,pdf,tekst,https://bip.um.szczytno.pl/pliki/szczytno/pliki/raport-2021.pdf,direct_without_tor,d8fd5b66d797677ac7c8c045d6437e06b15a565d04404e51af962becb6458453,200,2026-09-04T22:30:00Z,,9.023,true
2060,warmińsko-mazurskie,szczycieński,Szczytno,gmina miejska,2817011,2021,ok_finalnie,pdf,tekst,https://bip.um.szczytno.pl/pliki/szczytno/pliki/raport2021.pdf,direct_without_tor,573564d449a0d79f4908ed4ec75b4a243286d60bcf7a2114935dcb0e58c40940,200,2026-09-04T22:30:04Z,,9.593,true
2061,warmińsko-mazurskie,szczycieński,Szczytno,gmina miejska,2817011,2022,ok_finalnie,pdf,tekst,https://bip.um.szczytno.pl/pliki/szczytno/pliki/Raport-2022(1).pdf,direct_without_tor,dabde1761aeb03bc550234c2206c87439fcfbddd138bf8b27cf64f61b810e068,200,2026-09-04T22:30:07Z,,13.237,true
2062,warmińsko-mazurskie,szczycieński,Szczytno,gmina miejska,2817011,2023,ok_finalnie,pdf,tekst,https://bip.um.szczytno.pl/pliki/szczytno/pliki/Raport-2023.pdf,direct_without_tor,0d486e311e4cba8a2603d719365664d710e69a6b89066e81b6a03712cd31255b,200,2026-09-04T22:30:11Z,,19.74,true
2063,warmińsko-mazurskie,szczycieński,Szczytno,gmina miejska,2817011,2024,ok_finalnie,pdf,tekst,https://bip.um.szczytno.pl/pliki/szczytno/pliki/raport%20o%20stanie%20miasta%202024.pdf,direct_without_tor,0af532eb8680980263a7a1273ad848751105542237453e7c08a51c2304fb4458,200,2026-09-04T22:30:16Z,,34.426,true
2064,warmińsko-mazurskie,szczycieński,Szczytno,gmina miejska,2817011,2025,ok_finalnie,pdf,tekst,https://bip.um.szczytno.pl/pliki/szczytno/pliki/Raport-Szczytno-2025.pdf,direct_without_tor,6a3a2b3467fe7db4fbcd4a377fbb23112c19b0c3600606d3a20c9638e6e36a52,200,2026-09-04T22:30:22Z,,48.114,true
2065,warmińsko-mazurskie,szczycieński,Szczytno,gmina wiejska,2817062,2018,ok_finalnie,pdf,tekst,https://bip-v1-files.idcom-jst.pl/sites/47085/wiadomosci/472890/files/raport_o_stanie_gminy_szczytno_2019.pdf,direct_without_tor,19e08bdf16f1e63ad4a665dfb2db8055035839d24336e46c7b7dbd16190b4a1f,200,2026-09-04T22:08:30Z,,4.591,true
2066,warmińsko-mazurskie,szczycieński,Szczytno,gmina wiejska,2817062,2019,ok_finalnie,pdf,tekst,https://bip-v1-files.idcom-jst.pl/sites/47085/wiadomosci/524038/files/raport_o_stanie_gminy_szczytno_za_rok_2019.pdf,direct_without_tor,041791eb9ee2d2c24c433f51aa4e83e4f7e467e583708bf2931d6f2f01ea2349,200,2026-09-04T22:08:34Z,,3.444,true
2067,warmińsko-mazurskie,szczycieński,Szczytno,gmina wiejska,2817062,2020,ok_finalnie,pdf,tekst,https://bip-v1-files.idcom-jst.pl/sites/47085/wiadomosci/569556/files/raport_o_stanie_gminy_szczytno_za_rok_2020.pdf,direct_without_tor,acc539cc24014e8bbbfcf1abeea8e34b0994166a704a8cffdda463066ef5c563,200,2026-09-04T22:08:38Z,,3.499,true
2068,warmińsko-mazurskie,szczycieński,Szczytno,gmina wiejska,2817062,2021,ok_finalnie,pdf,tekst,https://bip-v1-files.idcom-jst.pl/sites/47085/wiadomosci/625402/files/raport_o_stanie_gminy_szczytno_za_rok_2021.pdf,direct_without_tor,320a40708586df3af7d072fa8fc414cb15f274a36cf3b597f8d933805a6e5d60,200,2026-09-04T22:08:42Z,,1.46,true
2069,warmińsko-mazurskie,szczycieński,Szczytno,gmina wiejska,2817062,2022,ok_finalnie,pdf,tekst,https://bip-v1-files.idcom-jst.pl/sites/47085/wiadomosci/683662/files/raport_o_stanie_gminy_szczytno_za_rok_2022.pdf,direct_without_tor,6fa9286e1fffdf3a49aba97674eaacc4d9d9b6233ef273c06a2ad43cd1357ab8,200,2026-09-04T22:08:46Z,,2.987,true
2070,warmińsko-mazurskie,szczycieński,Szczytno,gmina wiejska,2817062,2023,ok_finalnie,pdf,skan,https://bip-v1-files.idcom-jst.pl/sites/47085/wiadomosci/747964/files/raport_o_stanie_gminy_za_2023_rok.pdf,direct_without_tor,9b013f97f31f4c134eb61478eaa78989689631b7cc55480878c362574e652758,200,2026-09-04T22:09:04Z,,1.578,true
2071,warmińsko-mazurskie,szczycieński,Szczytno,gmina wiejska,2817062,2024,ok_finalnie,pdf,tekst,https://bip-v1-files.idcom-jst.pl/sites/47085/wiadomosci/816943/files/raport_o_stanie_gminy_szczytno_za_rok_2024.pdf,direct_without_tor,e326b02fb5ead88ff4bf348b0c4e495ca252e08da5f6ab2df3e30d6f73b72aee,200,2026-09-04T22:09:08Z,,2.714,true
2072,warmińsko-mazurskie,szczycieński,Szczytno,gmina wiejska,2817062,2025,brak_finalnie,brak,,brak,dowód: sekcja raportów na bip.ug.szczytno.pl (2019-2024 + filtr 2025) | status_update: gmina Szczytno (bip.ug.szczytno.pl): moduł 12591/dzial 4687 zawiera roczniki 2018-2024 (ostatni wiad 816943=za 2024); lista /1/2026 pusta; akty prawne i szukaj bez zarządzenia; na 19.08.2026 raport za 2025 nieopublikowany,,BRAK_URL (dowód istnienia - nieopublikowany),2026-09-01T10:23:57Z,"NEG-plik, ROCZNIK JESZCZE NIEOPUBLIKOWANY (tura 6, 01.09.2026). Dzial ""Raport o stanie Gminy Szczytno"" (bip.ug.szczytno.pl/wiadomosci/12591/) zawiera komplet raportow za lata 2018-2024 (najnowszy: ""Raport o stanie Gminy Szczytno za 2024 rok"", wiadomosc 816943), natomiast brak wpisu za 2025. Filtr rocznika 2026 oraz archiwum dzialu nie zwracaja zadnego raportu za 2025. Wyczerpano: (1) pelna lista dzialu i filtry roczne 2019-2026; (2) archiwum wiadomosci; (3) wyszukiwarki internetowe. | TURA 11: sprawdzono rodzine zrodel prawomiejscowe.pl (Baza Aktow Wlasnych) dla wszystkich 56 jednostek z brakami - platforma zwraca HTTP 200 i IDENTYCZNA strone-szkielet o stalej dlugosci 75 124 B rowniez dla nieistniejacej instytucji (test kontrolny: /UrzadGminyNieIstniejeXyz), a jej listy aktow laduja sie dynamicznie i nie zawieraja frazy ""raport"". Rodzina odrzucona jako nieprzydatna - analogiczna pulapka jak strona marketingowa eSesja (36 759 B). | TURA 12 (nowe rodziny zrodel): sprawdzono i wykluczono: (1) Common Crawl - indeks odpowiada, ale dla domen gmin zwraca wylacznie rekordy HTML bez plikow raportow, a przy intensywniejszym odpytywaniu host przechodzi w stan http=000 (rate-limit); (2) archive.today (.ph/.today/.is/.li) - HTTP 429, platforma blokuje adresacje tego srodowiska; (3) arquivo.pt oraz Memento TimeTravel - brak odpowiedzi/brak zasobow dla domen PL; (4) prawomiejscowe.pl - wykluczone w turze 11 (strona-szkielet 75 124 B dla dowolnej instytucji); (5) brute-force nazw plikow na serwerze idcom (bip-v1-files, 18 000 kombinacji ID wiadomosci x 12 typowych nazw) - 0 trafien, zgodnie z ustalona regula o nieskutecznosci zgadywania nazw; (6) skanowanie stron raportowych pod katem linkow do chmur zewnetrznych (Google Drive, Power BI, OneDrive, Dropbox, SharePoint) - poza Stawiguda zadna gmina nie hostuje raportu poza wlasnym BIP. || [TURA 18c 02.09.2026] RE-WERYFIKACJA: dzial 12591 'Raport o stanie Gminy Szczytno' (zywy) listuje raporty 2018-2024 (wiadomosc 816943=2024); dzial 4687 (duplikat, zywy) bez wiadomosc raportu 2025; wyszukiwarka 404. Najnowszy raport publiczny = 2024, raport za 2025 NIEOPUBLIKOWANY na BIP (po 31.05.2026). Status bez zmiany.",,true
2073,warmińsko-mazurskie,szczycieński,Wielbark,gmina miejsko-wiejska,2817083,2018,ok_finalnie,pdf,skan,https://wielbark-ug.bip-wm.pl/public/getFile?id=339806,direct_without_tor_ssl_off,f7af2b1b49536337d545903d13646d2df8c68d19743cecd4a593eac2d11799ca,200,2026-09-04T23:21:05Z,,11.799,true
2074,warmińsko-mazurskie,szczycieński,Wielbark,gmina miejsko-wiejska,2817083,2019,ok_finalnie,pdf,tekst,https://wielbark-ug.bip-wm.pl/public/getFile?id=354449,direct_without_tor_ssl_off,a15e1761d853ebbbd1a40f2273f34f19e5ca1ee084c28efee6e2e796bdac83ca,200,2026-09-04T23:21:09Z,,1.675,true
2075,warmińsko-mazurskie,szczycieński,Wielbark,gmina miejsko-wiejska,2817083,2020,ok_finalnie,docx,tekst,https://wielbark-ug.bip-wm.pl/public/getFile?id=365774,direct_without_tor_ssl_off,2864fac535b05f384dbe1a6b3bfd7814eb47b19429fb279c4d84f305b5a1b123,200,2026-09-04T23:21:13Z,,5.551,true
2076,warmińsko-mazurskie,szczycieński,Wielbark,gmina miejsko-wiejska,2817083,2021,ok_finalnie,pdf,tekst,https://wielbark-ug.bip-wm.pl/public/getFile?id=373405,direct_without_tor_ssl_off,bda701fb5dbe08da95abff94a7845e4115dc7f6ad1f9a8cccfa13265e4c09d04,200,2026-09-04T23:21:17Z,,2.844,true
2077,warmińsko-mazurskie,szczycieński,Wielbark,gmina miejsko-wiejska,2817083,2022,ok_finalnie,pdf,tekst,https://wielbark-ug.bip-wm.pl/public/getFile?id=381325,direct_without_tor_ssl_off,88ee42be397203183513e616afda52fe7140492b12734e09583b4d12d0d31346,200,2026-09-04T23:21:20Z,,2.949,true
2078,warmińsko-mazurskie,szczycieński,Wielbark,gmina miejsko-wiejska,2817083,2023,ok_finalnie,pdf,tekst,https://wielbark-ug.bip-wm.pl/public/getFile?id=387468,direct_without_tor_ssl_off,be8fa1cdbdfc3314586b32b327f52c2273f9546e6078692e77a7093d855ab582,200,2026-09-04T23:21:23Z,,2.958,true
2079,warmińsko-mazurskie,szczycieński,Wielbark,gmina miejsko-wiejska,2817083,2024,ok_finalnie,pdf,tekst,https://wielbark-ug.bip-wm.pl/public/getFile?id=393308,direct_without_tor_ssl_off,d2936e435ff3de89e1b52da7715f0c3fb60d963961aa27072180ab8dfdd2102a,200,2026-09-04T23:21:26Z,,2.719,true
2080,warmińsko-mazurskie,szczycieński,Wielbark,gmina miejsko-wiejska,2817083,2025,ok_finalnie,pdf,tekst,https://wielbark-ug.bip-wm.pl/public/getFile?id=397611,direct_without_tor_ssl_off,7d2a99f4ba21926cf6aa416faa91a01d6e8cc922b3662df9aceafe967535b7c5,200,2026-09-04T23:21:30Z,,1.96,true
2081,warmińsko-mazurskie,szczycieński,Świętajno,gmina wiejska,2817072,2018,ok_finalnie,pdf,tekst,https://bip.swietajno.ug.gov.pl/system/pobierz.php?plik=Raport_o_stanie_gminy_2018.pdf&id=7266bf2bfef121ab94d28f2009335a24,direct_without_tor,6a3fd7b03ac64a0d48dbd9bce78ba07879c72ec4ee57ad62ad80c530668afd7d,200,2026-09-04T22:40:13Z,,0.91,true
2082,warmińsko-mazurskie,szczycieński,Świętajno,gmina wiejska,2817072,2019,ok_finalnie,pdf,skan,https://bip.swietajno.ug.gov.pl/system/pobierz.php?plik=RAPORT_O_STANIE_GMINY_SWIETAJNO_ZA_2019_rok..pdf&id=b3ffb12ecf1ac5daee623e8195ab3435,direct_without_tor,8cf1d578c7156627969a5215a9ed002818efc5ef34af9d7020095505edf974ae,200,2026-09-04T22:40:33Z,,2.486,true
2083,warmińsko-mazurskie,szczycieński,Świętajno,gmina wiejska,2817072,2020,ok_finalnie,pdf,skan+OCR,https://bip.swietajno.ug.gov.pl/system/pobierz.php?plik=Raport2020.pdf&id=1c120ebf010af7b4efe44ff237a7f768&stats=true,direct_without_tor + ocr,84a90e841a67854bf48955ba8053ae3d372751956d643b6ae1ddad09ac3e5c67,200,2026-09-05T00:09:12Z,,3.301,true
2084,warmińsko-mazurskie,szczycieński,Świętajno,gmina wiejska,2817072,2021,ok_finalnie,pdf,tekst,https://bip.swietajno.ug.gov.pl/system/pobierz.php?plik=Raport.docx_2021.pdf&id=f6ecf471b3c079b1cb73a08e1c9bd433,direct_without_tor,fbc9dc6eb951171f8d71013f11e71e23e306d30fba06a2395e206514587fc762,200,2026-09-04T22:40:36Z,,1.155,true
2085,warmińsko-mazurskie,szczycieński,Świętajno,gmina wiejska,2817072,2022,ok_finalnie,pdf,scan/skan,https://bip.swietajno.ug.gov.pl/system/pobierz.php?plik=Raport.pdf&id=869481bf08f791f5646838b72b804ddf,tor_pl_ip + ocr,4455754492541b0ff612c70269e5e69654d5e5b32b14167310cbcbec97f40c5c,200,2026-09-05T02:10:22Z,[revalid 2026-09-05] got_html_instead_of_pdf http=0 n=644 | [revalid 2026-09-05] revalidated unit=gmina_ok year=2022 ocr=True,3.839,true
2086,warmińsko-mazurskie,szczycieński,Świętajno,gmina wiejska,2817072,2023,ok_finalnie,pdf,scan/skan,https://bip.swietajno.ug.gov.pl/system/pobierz.php?plik=Raport-2023.pdf&id=73ae101b14e8584d475ef3ff4a2245d7,tor_pl_ip + ocr,7a81d6e03f6eb3a6e3f6c370554bff415c84195411f62ce7207c252d7514ba29,200,2026-09-05T02:07:41Z,[revalid 2026-09-05] got_html_instead_of_pdf http=0 n=644 | [revalid 2026-09-05] revalidated unit=gmina_ok year=2023 ocr=True,1.796,true
2087,warmińsko-mazurskie,szczycieński,Świętajno,gmina wiejska,2817072,2024,ok_finalnie,pdf,scan/skan,https://bip.swietajno.ug.gov.pl/system/pobierz.php?plik=Raport_o_stanie_gminy_za_2024_rok.pdf&id=64b16353bd5c6eeeaf094b5edd0da37b,tor_pl_ip + ocr,d1aad33df58d905797ea7ee9f28e55e448c74caf1e12ad8fda34ad92bb36cd2f,200,2026-09-05T02:10:42Z,[revalid 2026-09-05] got_html_instead_of_pdf http=0 n=644 | [revalid 2026-09-05] revalidated unit=gmina_ok year=2024 ocr=True,4.042,true
2088,warmińsko-mazurskie,szczycieński,Świętajno,gmina wiejska,2817072,2025,ok_finalnie,pdf,scan/skan,https://bip.swietajno.ug.gov.pl/system/pobierz.php?plik=Raport_2025.pdf&id=c297d1c4e26da3379f095d69b5a8b86d,tor_pl_ip + ocr,06c0dd31e7105969f6db9c64a319c6e9fe74cb8c5197549ba2efc5fb07de2f5f,200,2026-09-05T02:08:01Z,[revalid 2026-09-05] got_html_instead_of_pdf http=0 n=644 | [revalid 2026-09-05] revalidated unit=gmina_ok year=2025 ocr=True,2.63,true
2089,warmińsko-mazurskie,węgorzewski,Budry,gmina wiejska,2819012,2018,ok_finalnie,pdf,tekst,https://bipbudry.warmia.mazury.pl/attachment/informacja/3253/3c3d317ccba524a1313d475658a61f56a6b53436.html,direct_without_tor,4b0d31d642d81a2ba10426eb1ea021713b97e49bad594de41e441fff42ea7a61,200,2026-09-04T22:09:09Z,,0.796,true
2090,warmińsko-mazurskie,węgorzewski,Budry,gmina wiejska,2819012,2019,ok_finalnie,pdf,skan,https://bipbudry.warmia.mazury.pl/attachment/informacja/3254/3e7d04c73adb5c1a6d0820840c14adf6773e251f.html,direct_without_tor,b0f57d77be55c83ae300501533fd51130c94722da1268976c06ca7eee67a1037,200,2026-09-04T22:09:27Z,,5.78,true
2091,warmińsko-mazurskie,węgorzewski,Budry,gmina wiejska,2819012,2020,ok_finalnie,pdf,tekst,https://bipbudry.warmia.mazury.pl/attachment/informacja/3255/f1d31072e93a3b923eb19df79adb4fe4e1391642.html,direct_without_tor,3b17018d4a78f181328640ec4f16718c68310edac5a533b4d3221f00be249bb3,200,2026-09-04T22:09:30Z,,0.643,true
2092,warmińsko-mazurskie,węgorzewski,Budry,gmina wiejska,2819012,2021,ok_finalnie,pdf,tekst,https://bipbudry.warmia.mazury.pl/attachment/informacja/3682/2ec1a064f4395c2c49f320ed83c7e1f2242288cf.html,direct_without_tor,d78cadb1c24ac30cc02df1d934c4125b8814ad51d9b77694cee7de85d5bbdb8d,200,2026-09-04T22:09:35Z,,2.006,true
2093,warmińsko-mazurskie,węgorzewski,Budry,gmina wiejska,2819012,2022,ok_finalnie,pdf,tekst,https://bipbudry.warmia.mazury.pl/attachment/informacja/4093/2c45ec11a7ef408780b801f81a879dff2ac99108.html,direct_without_tor,34f752133761a58571db497491750043ca2041a55a30e5ebfbcc9892df731720,200,2026-09-04T22:09:39Z,,1.067,true
2094,warmińsko-mazurskie,węgorzewski,Budry,gmina wiejska,2819012,2023,ok_finalnie,pdf,tekst,https://bipbudry.warmia.mazury.pl/attachment/informacja/4559/42ce9c0e2f4a46fa72834b58b3ff107bdd5514db.html,direct_without_tor,61acdf9a2586714da739ab21b5e77066b30f8650ea0fd523350528ba55f913b6,200,2026-09-04T22:09:43Z,,0.997,true
2095,warmińsko-mazurskie,węgorzewski,Budry,gmina wiejska,2819012,2024,ok_finalnie,pdf,tekst,https://bipbudry.warmia.mazury.pl/attachment/informacja/4997/49c88eefc8e67d252a34d960eb6f1b01cca915da.html,direct_without_tor,344ac7260b41159bf77c00706bb2e33c8436859b5927437720d51af92140dc28,200,2026-09-04T22:09:47Z,,0.757,true
2096,warmińsko-mazurskie,węgorzewski,Budry,gmina wiejska,2819012,2025,ok_finalnie,pdf,tekst,https://bipbudry.warmia.mazury.pl/attachment/informacja/5505/b31780239855803e28782bfbe3e8b5015c478626.html,direct_without_tor,57a862a2d55a3feabfc616094a6bdc480b22ce438f501aa1034c9426ce256a72,200,2026-09-04T22:09:51Z,,0.772,true
2097,warmińsko-mazurskie,węgorzewski,Pozezdrze,gmina wiejska,2819022,2018,ok_finalnie,pdf,tekst,https://bip-v1-files.idcom-jst.pl/sites/47007/wiadomosci/472130/files/raport.pdf,direct_without_tor + ocr,f6cd7ae93370b0cb1e1f4259564a990ca1fe258e9524d39ad016a674c3913001,200,2026-09-05T00:06:17Z,,1.222,true
2098,warmińsko-mazurskie,węgorzewski,Pozezdrze,gmina wiejska,2819022,2019,ok_finalnie,docx,tekst,https://bip-v1-files.idcom-jst.pl/sites/47007/wiadomosci/521233/files/raport.docx,direct_without_tor_alt_bip,426b1bbd996e72ecf8293d694b576621134fac27ede7d196ef2e398deb660234,200,2026-09-05T00:06:21Z,,1.714,true
2099,warmińsko-mazurskie,węgorzewski,Pozezdrze,gmina wiejska,2819022,2020,ok_finalnie,pdf,tekst,https://bip-v1-files.idcom-jst.pl/sites/47007/wiadomosci/572843/files/raport.pdf,direct_without_tor,e02eda018e4e87b100fe909474f61f7b0f9c87992c50c820c3bb6abbc4d5c561,200,2026-09-04T22:09:16Z,,1.649,true
2100,warmińsko-mazurskie,węgorzewski,Pozezdrze,gmina wiejska,2819022,2021,ok_finalnie,pdf,tekst,https://bip-v1-files.idcom-jst.pl/sites/47007/wiadomosci/631822/files/raport.pdf,direct_without_tor,59a031975b4bfc0d9f3e8cacbd9135a474354aa28e8ad5d684cb969b24bdf26a,200,2026-09-04T22:09:20Z,,1.615,true
2101,warmińsko-mazurskie,węgorzewski,Pozezdrze,gmina wiejska,2819022,2022,ok_finalnie,pdf,tekst,https://bip-v1-files.idcom-jst.pl/sites/47007/wiadomosci/687438/files/raport_o_stanie_gminy_za_2022.pdf,direct_without_tor + ocr,5a21521ccd9636a905146311b92522d64e92299442c843e7cb344802c0e15a22,200,2026-09-05T00:06:24Z,,1.661,true
2102,warmińsko-mazurskie,węgorzewski,Pozezdrze,gmina wiejska,2819022,2023,ok_finalnie,pdf,tekst,https://bip-v1-files.idcom-jst.pl/sites/47007/wiadomosci/756648/files/raport_o_stanie_gminy_za_2023_2.pdf,direct_without_tor + ocr,bb1faa2be3e89e3b1d6aa70d47edeeb47fd787cd2d4d57ba4c9298cc4962be33,200,2026-09-05T00:06:28Z,,1.73,true
2103,warmińsko-mazurskie,węgorzewski,Pozezdrze,gmina wiejska,2819022,2024,ok_finalnie,pdf,tekst,https://bip-v1-files.idcom-jst.pl/sites/47007/wiadomosci/823345/files/raport_o_stanie_gminy_za_2024.pdf,direct_without_tor,9cca4641c08f5408c85e181caa2e29860c9199bd7e8200c5df9a9773ef111d30,200,2026-09-04T22:09:23Z,,1.652,true
2104,warmińsko-mazurskie,węgorzewski,Pozezdrze,gmina wiejska,2819022,2025,ok_finalnie,pdf,tekst,https://bip-v1-files.idcom-jst.pl/sites/47007/wiadomosci/885385/files/raport_o_stanie_gminy_za_2025_1.pdf,direct_without_tor,1ddc45605e5d6edb65282379253c32f363d6ec3995f61ac27bbdbb29764e5871,200,2026-09-04T22:09:27Z,,1.94,true
2105,warmińsko-mazurskie,węgorzewski,Węgorzewo,gmina miejsko-wiejska,2819033,2018,ok_finalnie,pdf,skan,https://bip-v1-files.idcom-jst.pl/sites/47011/wiadomosci/474982/files/raport_o_stanie_gminy_maj_2019.pdf,direct_without_tor,e7d43d87f6fe16b792ba4f5b25c072a0f713f14e87c22dfa4c4ed5c4b14d67c9,200,2026-09-04T22:09:50Z,,45.579,true
2106,warmińsko-mazurskie,węgorzewski,Węgorzewo,gmina miejsko-wiejska,2819033,2019,ok_finalnie,pdf,skan,https://bip-v1-files.idcom-jst.pl/sites/47011/wiadomosci/521273/files/raport_o_stanie_gminy_za_2019_rok.pdf,direct_without_tor,77b214f0b5d2e4775a9d1c92b648f1e6e63d617557249b69433bb803498562c0,200,2026-09-04T22:10:08Z,,4.643,true
2107,warmińsko-mazurskie,węgorzewski,Węgorzewo,gmina miejsko-wiejska,2819033,2020,ok_finalnie,pdf,skan,https://bip-v1-files.idcom-jst.pl/sites/47011/wiadomosci/574460/files/raport_o_stanie_gminy_za_2020_rok.pdf,direct_without_tor,d7bf017b091401d8cc04dc073cda435530d555b41e81b97563352be33d798b8e,200,2026-09-04T22:10:25Z,,5.832,true
2108,warmińsko-mazurskie,węgorzewski,Węgorzewo,gmina miejsko-wiejska,2819033,2021,ok_finalnie,pdf,tekst,https://bip-v1-files.idcom-jst.pl/sites/47011/wiadomosci/617516/files/raport_o_stanie_gminy_za_2021_rok.pdf,direct_without_tor,cbe664c505c5f7650352cef01aaa23dd93768439b738c2d0eeced9b8aa510160,200,2026-09-04T22:10:28Z,,0.9,true
2109,warmińsko-mazurskie,węgorzewski,Węgorzewo,gmina miejsko-wiejska,2819033,2022,ok_finalnie,pdf,tekst,https://bip-v1-files.idcom-jst.pl/sites/47011/wiadomosci/690734/files/raport_o_stanie_gminy_wegorzewo_2022_roku.pdf,direct_without_tor,d0460bbe226e133afb62ad986674757a0a702d9aba0b4aaaa4586201c4741699,200,2026-09-04T22:10:32Z,,2.047,true
2110,warmińsko-mazurskie,węgorzewski,Węgorzewo,gmina miejsko-wiejska,2819033,2023,ok_finalnie,pdf,tekst,https://bip-v1-files.idcom-jst.pl/sites/47011/wiadomosci/756934/files/raport_o_stanie_gminy_wegorzewo_2023_roku.pdf,direct_without_tor,4fd08502362080fee4b154e017b25fb8a5be6fe073d7a801e8d535473043b3f5,200,2026-09-04T22:10:36Z,,0.832,true
2111,warmińsko-mazurskie,węgorzewski,Węgorzewo,gmina miejsko-wiejska,2819033,2024,ok_finalnie,pdf,tekst,https://bip-v1-files.idcom-jst.pl/sites/47011/wiadomosci/825094/files/raport_o_stanie_gminy_wegorzewo_za_2024_rok-sig.pdf,direct_without_tor,e5b68af00e046127a12c7d7890af4edc38d537810dc301ae30a8249656ce4db8,200,2026-09-04T22:10:40Z,,1.297,true
2112,warmińsko-mazurskie,węgorzewski,Węgorzewo,gmina miejsko-wiejska,2819033,2025,ok_finalnie,pdf,tekst,https://bip-v1-files.idcom-jst.pl/sites/47011/wiadomosci/886582/files/raport_o_stanie_gminy_za_2025.pdf,direct_without_tor,ae2076d82bf8050134732753d75d1f77452ff08e0812f54b53d298f255477f14,200,2026-09-04T22:10:43Z,,1.394,true
2361,warmińsko-mazurskie,działdowski,-,-,2803,2018,ok_finalnie,pdf,tekst,https://bip-api.dzialdowo.starostwo.gov.pl/api/attachments/115,direct_without_tor,40c2906814afc3bf0ca6e34749d25a04b0486497b65b265ef059c99df17da661,200,2026-09-04T22:12:02Z,,1.474,true
2362,warmińsko-mazurskie,działdowski,-,-,2803,2019,ok_finalnie,pdf,tekst,https://bip-api.dzialdowo.starostwo.gov.pl/api/attachments/116,direct_without_tor,01c4817ae253bc15bc830397836a0dc9c34e4477db711616c6a8e30f12fc5282,200,2026-09-04T22:12:16Z,,1.769,true
2363,warmińsko-mazurskie,działdowski,-,-,2803,2020,ok_finalnie,pdf,tekst,https://bip-api.dzialdowo.starostwo.gov.pl/api/attachments/117,direct_without_tor,e950e287fca63f6c4ec98c26657d7393c6e9ae4f167d91af2414a6012836b3f9,200,2026-09-04T22:12:23Z,,3.219,true
2364,warmińsko-mazurskie,działdowski,-,-,2803,2021,ok_finalnie,pdf,tekst,https://bip-api.dzialdowo.starostwo.gov.pl/api/attachments/118,direct_without_tor,dac12cb466b802941bda588615c82458cc852e4d425075ccd39e2f27f1706271,200,2026-09-04T22:12:29Z,,3.643,true
2365,warmińsko-mazurskie,działdowski,-,-,2803,2022,ok_finalnie,pdf,tekst,https://bip-api.dzialdowo.starostwo.gov.pl/api/attachments/1578,direct_without_tor,0bfe04b684ab811ab0c0efb55e54a868d7245a347df54c690ec3b63246d8249c,200,2026-09-04T22:12:48Z,,9.538,true
2366,warmińsko-mazurskie,działdowski,-,-,2803,2023,ok_finalnie,pdf,tekst,https://bip-api.dzialdowo.starostwo.gov.pl/api/attachments/2735,direct_without_tor,f43c7da28fbf7f39fc51e4d8cce269af0f731fbadf43756b12143dda8c89cfba,200,2026-09-04T22:12:53Z,,1.698,true
2367,warmińsko-mazurskie,działdowski,-,-,2803,2024,ok_finalnie,pdf,tekst,https://bip-api.dzialdowo.starostwo.gov.pl/api/attachments/3670,direct_without_tor,bc0e3f55d8405ac63e3f781784f334174cf70386fa1f52645628f16d8006c8d6,200,2026-09-04T22:12:57Z,,1.608,true
2368,warmińsko-mazurskie,działdowski,-,-,2803,2025,ok_finalnie,pdf,tekst,https://bip-api.dzialdowo.starostwo.gov.pl/api/attachments/5985,direct_without_tor,18dbc8777028f2b9c18a93f9f0d31988aeb69c226a49693b49a67508b828bbd7,200,2026-09-04T22:13:03Z,,3.168,true
2369,warmińsko-mazurskie,ełcki,-,-,2805,2018,ok_finalnie,doc,tekst,https://powiatelcki.esesja.pl/zalaczniki/52552/raport-o-stanie-powiatu-97-2003_489985.doc,"direct_without_tor (platforma eSesja: powiatelcki.esesja.pl → ?kid=1333 Kadencja 2018-2023 → Rejestr uchwał → VI Sesja 27.06.2019 → załącznik „Z. 55 Raport o stanie powiatu."" przy Uchwale VI/55/2019; URL z atrybutu file li + endpoint /zalaczniki/ odkodowany z scripts.js); catdoc -d cp1250: „Załącznik do Uchwały Nr VI.55.2019 Rady Powiatu Ełckiego z dnia 27 czerwca 2019 r.""; „Okres, którego dotyczy raport: 1 stycznia 2018 roku – 31 grudnia 2018 roku""; Powiat Ełcki 1112 km2; art. 30a u.s.p.; 21663 słowa",e49940aa59bba7fa228cd21b7ac97c014796f0bef4736e71e908d6ce7bc26ed7,200,2026-09-05T00:23:24Z,,7.121,true
2370,warmińsko-mazurskie,ełcki,-,-,2805,2019,ok_finalnie,pdf,tekst,https://bip-v1-files.idcom-jst.pl/sites/47014/wiadomosci/476037/files/raport_o_stanie_powiatu_za_20192.pdf,direct_without_tor,971a66269fe1cde9a05ecd9a4cbf74a7d0751b91994e7b81ecdf6d06330caa57,200,2026-09-04T22:10:52Z,,4.256,true
2371,warmińsko-mazurskie,ełcki,-,-,2805,2020,ok_finalnie,pdf,tekst,https://bip-v1-files.idcom-jst.pl/sites/47014/wiadomosci/573620/files/raport_o_stanie_powiatu_za_2020_rok.pdf,direct_without_tor,226f970d12f585275f10811429888fac26a1a4ca99ffa5970b05e79b85554cb4,200,2026-09-04T22:10:56Z,,2.721,true
2372,warmińsko-mazurskie,ełcki,-,-,2805,2021,ok_finalnie,pdf,tekst,https://bip-v1-files.idcom-jst.pl/sites/47014/wiadomosci/635681/files/raport_o_stanie_powiatu_za_2021_rok.pdf,direct_without_tor,8ad804d585b109b33127c154ff8c90006067ca848868aa028ae3d815675f3403,200,2026-09-04T22:11:01Z,,3.618,true
2373,warmińsko-mazurskie,ełcki,-,-,2805,2022,ok_finalnie,pdf,tekst,https://bip-v1-files.idcom-jst.pl/sites/47014/wiadomosci/690345/files/raport_o_stanie_powiatu_za_2022_r.pdf,direct_without_tor,74136ee69b35488ceffa7968aa14ad905d462b443f1f8cf66b183413d1bf0167,200,2026-09-04T22:11:06Z,,2.717,true
2374,warmińsko-mazurskie,ełcki,-,-,2805,2023,ok_finalnie,pdf,tekst,https://bip-v1-files.idcom-jst.pl/sites/47014/wiadomosci/755262/files/raport_o_stanie_powiatu_elckiego_za_2023.pdf,direct_without_tor,14286e659d59aa2d8b327ee8d7c7a6dd2c4afd223be22f4d66a6b4fc352b925f,200,2026-09-04T22:11:10Z,,3.009,true
2375,warmińsko-mazurskie,ełcki,-,-,2805,2024,ok_finalnie,pdf,tekst,https://bip-v1-files.idcom-jst.pl/sites/47014/wiadomosci/823585/files/raport_o_stanie_powiatu_eciego_za_2024_r.pdf,direct_without_tor,94a449f8a5184b81cd849854e7b457fa87949e00a0c994db975d443287748b1f,200,2026-09-04T22:11:14Z,,5.841,true
2376,warmińsko-mazurskie,ełcki,-,-,2805,2025,ok_finalnie,pdf,tekst,https://bip-v1-files.idcom-jst.pl/sites/47014/wiadomosci/881458/files/raport_o_stanie_powiatu_za_2025_rok.pdf,direct_without_tor,6f7d2f95d6f03518cfbe8e64985a23dee6ce61b22596c007048cc227b5235ff5,200,2026-09-04T22:11:18Z,,3.354,true
2377,warmińsko-mazurskie,giżycki,-,-,2806,2018,ok_finalnie,pdf,tekst,https://bip.powiatgizycki.pl/system/obj/9996_Raport_o_stanie_Powiatu__2018.pdf,proxy_pl_direct,d665dce0c5015f2cd9a78999acaf7a59bdeb0d01fdfdb0f6d38a33f9f884404a,200,2026-09-05T01:45:31Z,,0.921,true
2378,warmińsko-mazurskie,giżycki,-,-,2806,2019,ok_finalnie,pdf,tekst,https://bip.powiatgizycki.pl/system/obj/10783_Raport_o_stanie_Powiatu_Gizyckiego_za_rok_2019__28i_uchwala_Zarzadu_Powiatu_29.pdf,proxy_pl_direct,e07fd81cd1850e854e52bcf4c81021982e8481ad925a6cd2d215aa74ae01f61e,200,2026-09-05T01:45:34Z,,1.011,true
2379,warmińsko-mazurskie,giżycki,-,-,2806,2020,ok_finalnie,pdf,tekst,https://bip.powiatgizycki.pl/system/obj/11452_RAPORT_O_STANIE_POWIATU_2020.pdf,proxy_pl_direct,28c30326fb3357d951d53d7c5b927b6955d04cb2060fd83f2f93e1989aae9d16,200,2026-09-05T01:45:37Z,,2.754,true
2380,warmińsko-mazurskie,giżycki,-,-,2806,2021,ok_finalnie,pdf,tekst,https://bip.powiatgizycki.pl/system/obj/12135_RAPORT_O_STANIE_POWIATU_2021.pdf,proxy_pl_direct,44826ffe1c420a6deefad8aa091c5401aa25db46632ffb36c4440b24dec1d2af,200,2026-09-05T01:45:39Z,,1.654,true
2381,warmińsko-mazurskie,giżycki,-,-,2806,2022,ok_finalnie,pdf,tekst,https://bip.powiatgizycki.pl/system/obj/12829_RAPORT_O_STANIE_POWIATU__ZA_2022.pdf,proxy_pl_direct,a082686d9844e244e3c9c322c3133c6c1dfdef2c533c7cbb7a3cdb9a97f08bea,200,2026-09-05T01:45:43Z,,3.577,true
2382,warmińsko-mazurskie,giżycki,-,-,2806,2023,ok_finalnie,pdf,tekst,https://bip.powiatgizycki.pl/system/obj/13583_29_05_2024_RAPORT_O_STANIE_POWIATU_ZA_2023.pdf,proxy_pl_direct,0af9dbcafccde8d2f0f0c75bea7e8ba6d50679fdbd93a46a3c8de7944c395d52,200,2026-09-05T01:45:45Z,,2.859,true
2383,warmińsko-mazurskie,giżycki,-,-,2806,2024,ok_finalnie,pdf,tekst,https://bip.powiatgizycki.pl/system/obj/14316_zal_UZ_144_2025_Raport_2024_popr.pdf,proxy_pl_direct,1441f3db457983160137d3726105a8cd6ba4bbbc60c7adb2459faa07661e97b4,200,2026-09-05T01:45:48Z,,2.852,true
2384,warmińsko-mazurskie,giżycki,-,-,2806,2025,ok_finalnie,pdf,tekst,https://bip.powiatgizycki.pl/system/obj/15040_RAPORT_O_STANIE_POWIATU_GIZYCKIEGO_2025.pdf,proxy_pl_direct,fce7e38358ce052f8f5288f3e7c95f32ae37f63187102e427d95b790c47c9e7b,200,2026-09-05T01:45:51Z,,1.956,true
2385,warmińsko-mazurskie,gołdapski,-,-,2818,2018,ok_finalnie,pdf,tekst,https://bip.powiatgoldap.pl/attachment/informacja/2443/238ebe08003bc07640c31e5150fd1fa8f7703a8e.html,direct_without_tor,5f2a0e7b5da06077926f6ccc82bb2a211823343eef0dbb09da4f90915fa04e1a,200,2026-09-04T22:12:14Z,,4.104,true
2386,warmińsko-mazurskie,gołdapski,-,-,2818,2019,ok_finalnie,pdf,tekst,https://bip.powiatgoldap.pl/attachment/informacja/2620/acb706d92707a44651a9e40b7962e85386907e26.html,direct_without_tor,306fb974e6b7966ec820866ef247cd5c664ccc79bb867c98baafe8122323a145,200,2026-09-04T22:12:21Z,,9.23,true
2387,warmińsko-mazurskie,gołdapski,-,-,2818,2020,ok_finalnie,pdf,tekst,https://bip.powiatgoldap.pl/attachment/informacja/2766/9e69d8a93cc22bf4865cca8e4ef8538c80d6589c.html,direct_without_tor,cf57d2d0b3039e69d19640716ced14c37732ecdc3110e55c43274d0677dcbcb4,200,2026-09-04T22:12:28Z,,3.039,true
2388,warmińsko-mazurskie,gołdapski,-,-,2818,2021,ok_finalnie,pdf,tekst,https://bip.powiatgoldap.pl/attachment/informacja/2921/be780f6d585a0af222c67045e9bf115f0978d60f.html,direct_without_tor,5e08419421fdd995e6024e3bb9b955ba64c34b222365e3cd01e2d08fce4a7eb0,200,2026-09-04T22:12:35Z,,4.482,true
2389,warmińsko-mazurskie,gołdapski,-,-,2818,2022,ok_finalnie,pdf,tekst,https://bip.powiatgoldap.pl/attachment/informacja/3096/a4b5484217bee0d45ba3587d5ebbea7b4edcaea9.html,direct_without_tor,adaeac0d7fd9ca15b27d59b2a5779f2e3cc8bcdc8cfaa555457435caf7cc7fd5,200,2026-09-04T22:12:40Z,,5.45,true
2390,warmińsko-mazurskie,gołdapski,-,-,2818,2023,ok_finalnie,pdf,tekst,https://bip.powiatgoldap.pl/attachment/informacja/3364/ca5ab0b81f0465eb86212bbe6b09f89a0e846af1.html,direct_without_tor,42ac4e76073c61c264e2c3cbe49ac18c6b7651a6e314f02736d876d69c5d5f80,200,2026-09-04T22:12:46Z,,3.665,true
2391,warmińsko-mazurskie,gołdapski,-,-,2818,2024,ok_finalnie,pdf,tekst,https://bip.powiatgoldap.pl/attachment/informacja/3824/ab0e82d5de685c702929b4889f1cbe016f68bc23.html,direct_without_tor,57eb1b97940fbad998813c35f63516dcf3a25cfe0795ac6ce6e42f5d170ca909,200,2026-09-04T22:12:53Z,,5.82,true
2392,warmińsko-mazurskie,gołdapski,-,-,2818,2025,ok_finalnie,pdf,tekst,https://bip.powiatgoldap.pl/attachment/informacja/4197/cbf6046ea893fc5ce82de757778725113c5425a0.html,direct_without_tor,6ff3c4c3e18370e61ea0526b63b7d9c3a3ebc5c65eec7e997a2b1c47a901b672,200,2026-09-04T22:12:59Z,,7.063,true
2393,warmińsko-mazurskie,kętrzyński,-,-,2808,2018,ok_finalnie,pdf,tekst,https://bip.starostwo.ketrzyn.pl/system/pobierz.php?plik=raport.pdf&id=13619&stats=true,direct_without_tor,59e9035c13f0f2b6a3e6403eb8d80dfa6ad261c9fc099cddb91dad81f5418274,200,2026-09-04T22:44:08Z,,18.325,true
2394,warmińsko-mazurskie,kętrzyński,-,-,2808,2019,ok_finalnie,pdf,skan+OCR,https://bip.starostwo.ketrzyn.pl/system/pobierz.php?id=16017&stats=true,"direct_without_tor; OCR pełny: tesseract 5.5 (pol, 150 dpi), transkrypt work/ocr/ketrzyn_2019.txt (199 str.)",76c6b96f050df7a2cfae2633e230d3f326f901db43c6761ad7781aadc02f95e6,200,2026-09-05T00:06:30Z,,88.321,true
2395,warmińsko-mazurskie,kętrzyński,-,-,2808,2020,ok_finalnie,pdf,tekst,https://bip.starostwo.ketrzyn.pl/system/obj/17847_uchwala_815_2021-zal.pdf,"tor_pl_ip + wayback_spn (antybot 403 dla IP datacenter i wyjść Tor na bip.starostwo.ketrzyn.pl/system/pobierz.php); strona kategorii /10182/ zawiera link do aktu 815/2021 (akty/254/4970): Uchwała Zarządu z 20.05.2021 w sprawie przyjęcia Raportu o stanie Powiatu Kętrzyńskiego w roku 2020; pobrano załącznik „do odczytu maszynowego - raport"" (72 str.); bajty oryginalne z web.archive.org/web/20260828212239id_/",bad302b124e4a966325d984b1b7a5d92f030238e21a8b8e0e480d7ac703a9e0c,200,2026-09-05T02:11:11Z,[revalid 2026-09-05] got_html_instead_of_pdf http=0 n=644 | [revalid 2026-09-05] revalidated unit=powiat_ok year=2020 ocr=False,8.329,true
2396,warmińsko-mazurskie,kętrzyński,-,-,2808,2021,ok_finalnie,pdf,skan+OCR,https://bip.starostwo.ketrzyn.pl/system/pobierz.php?plik=Uchwa_C4_B9_E2_80_9Aa_1062_2022.pdf&id=2000389d4bd82f3b0a44372c06f827be&stats=true,"direct_without_tor; OCR pełny: tesseract 5.5 (pol, 150 dpi), transkrypt work/ocr/ketrzyn_2021.txt (206 str.)",7a67fd48ca093dffdb3350465766c8c65c1ffb9ba93ad0fcf93c42cb396988f5,200,2026-09-05T00:06:52Z,,110.322,true
2397,warmińsko-mazurskie,kętrzyński,-,-,2808,2022,ok_finalnie,pdf,skan+OCR,https://bip.starostwo.ketrzyn.pl/system/pobierz.php?plik=Uchwala_1366_2023.pdf&id=21413&stats=true,"direct_without_tor; OCR pełny: tesseract 5.5 (pol, 150 dpi), transkrypt work/ocr/ketrzyn_2022.txt (236 str.)",dc27c7b95835056bd95ffb9b4fe9e6f836fcd597a85a148b4011d9e67e1432f5,200,2026-09-05T00:07:10Z,,59.791,true
2398,warmińsko-mazurskie,kętrzyński,-,-,2808,2023,ok_finalnie,pdf,skan+OCR,https://bip.starostwo.ketrzyn.pl/system/pobierz.php?plik=Uchwa_C4_B9_E2_80_9Aa.6.2024.pdf&id=23285&stats=true,"direct_without_tor; OCR pełny: tesseract 5.5 (pol, 150 dpi), transkrypt work/ocr/ketrzyn_2023.txt (232 str.)",eaa102ac65ecb4761379b1c01a40e7b4f0c31286b369c3f120bef602136e9e84,200,2026-09-05T00:07:20Z,,55.272,true
2399,warmińsko-mazurskie,kętrzyński,-,-,2808,2024,ok_finalnie,pdf,skan+OCR,https://bip.starostwo.ketrzyn.pl/system/pobierz.php?id=25043&stats=true,"direct_without_tor; OCR pełny: tesseract 5.5 (pol, 150 dpi), transkrypt work/ocr/ketrzyn_2024.txt (252 str.)",4ff06056569f2616cd9f867afa315ee3529e859f84f03177a3766c03492f5b20,200,2026-09-05T00:07:32Z,,56.714,true
2400,warmińsko-mazurskie,kętrzyński,-,-,2808,2025,ok_finalnie,pdf,skan+OCR,https://bip.starostwo.ketrzyn.pl/system/pobierz.php?plik=Uchwa_C4_B9_E2_80_9Aa518.2026_raport.pdf&id=f6c2a71d0513c4fc52c350c02a8f4b6a&stats=true,"direct_without_tor; OCR pełny: tesseract 5.5 (pol, 150 dpi), transkrypt work/ocr/ketrzyn_2025.txt (272 str.)",8baee734d3d284c538d5832d8f69e86bee536c114b3583427d7b6ac362e343d9,200,2026-09-05T00:07:49Z,,63.581,true
2401,warmińsko-mazurskie,m. Olsztyn,-,-,2862,2018,ok_finalnie,pdf,tekst,https://umolsztyn.bip.gov.pl/fobjects/download/1641469/raport-o-stanie-olsztyna-za-rok-2018_14-05-2019-pdf.html,"tor_pl_ip (bip.gov.pl blokuje IP datacenter); ścieżka: archiwalny BIP umolsztyn.bip.gov.pl → wyszukiwarka POST search/articlesr (data[Search][name]=raport) → artykuł „Raport o stanie Olsztyna za rok 2018"" (kategoria /statystyka-miasta/) → /fobjects/download/1641469/; 376 str., tytuł „RAPORT O STANIE OLSZTYNA ZA ROK 2018"", Olsztyn maj 2019 (publikacja X+1); PDF z warstwą tekstową",20e4d41c10191d77001d0c90f6a651e9ea98c5a58ce0b096ca6020aa22d29ea1,200,2026-09-05T00:28:40Z,,3.253,true
2402,warmińsko-mazurskie,m. Olsztyn,-,-,2862,2019,ok_finalnie,pdf,tekst,https://umolsztyn.bip.gov.pl/fobjects/download/1641527/raport-o-stanie-miasta-olsztyn-2019-pdf.html,"tor_pl_ip; ścieżka: archiwalny BIP umolsztyn.bip.gov.pl → wyszukiwarka POST search/articlesr → artykuł „RAPORT O STANIE MIASTA OLSZTYN 2019"" (/statystyka-miasta/) → /fobjects/download/1641527/; 162 str. (pdfinfo), spis treści zgodny z objętością, tekst; oryginalny plik 15,9 MB z 09.06.2020 (bip.olsztyn.eu/bip/plik/368106) utracony po migracji (404); wersja archiwalna po rekompresji iLovePDF (ModDate 2024-02-15), opublikowana przez UM jako oficjalna",29f165336db785e00be9f3eed1e53ed3ddc18a64e09ce482571060741c43c6de,200,2026-09-05T00:28:59Z,,7.541,true
2403,warmińsko-mazurskie,m. Olsztyn,-,-,2862,2020,ok_finalnie,pdf,tekst,https://umolsztyn.bip.gov.pl/fobjects/download/1008380/raport-o-stanie-miasta-olsztyn-2020_ost-pdf.html,tor_pl_ip [m.n.p.p.: w mieście na prawach powiatu 'raport o stanie miasta' Prezydenta przedstawiany Radzie Miasta ( pełniącej jednocześnie funkcję Rady Powiatu) realizuje wymóg art. 92bb u.s.p.; ten sam dokument co w wiersz gminny],bd57697eb13a37d9d18fd534df2e8bf12c2a4d83ff3290945602907ec6e72d3c,200,2026-09-05T00:29:35Z,Dokument 'raport o stanie Olsztyn' za 2020 r. (wiersz gminny 2862011) pełni funkcję raportu o stanie powiatu (m.n.p.p.).,18.638,true
2404,warmińsko-mazurskie,m. Olsztyn,-,-,2862,2021,ok_finalnie,pdf,tekst,https://umolsztyn.bip.gov.pl/fobjects/download/1252066/raport-o-stanie-miasta_olsztyn-2021-pdf.html,tor_pl_ip [m.n.p.p.: w mieście na prawach powiatu 'raport o stanie miasta' Prezydenta przedstawiany Radzie Miasta ( pełniącej jednocześnie funkcję Rady Powiatu) realizuje wymóg art. 92bb u.s.p.; ten sam dokument co w wiersz gminny],decb27d754dc91e36ef977640d732b5f3775bc48de8f3d20b57496e92fbae346,200,2026-09-05T00:30:07Z,Dokument 'raport o stanie Olsztyn' za 2021 r. (wiersz gminny 2862011) pełni funkcję raportu o stanie powiatu (m.n.p.p.).,15.329,true
2405,warmińsko-mazurskie,m. Olsztyn,-,-,2862,2022,ok_finalnie,pdf,tekst,https://umolsztyn.bip.gov.pl/fobjects/download/1489788/raport-o-stanie-miasta-olsztyn-2022-pdf.html,tor_pl_ip [m.n.p.p.: w mieście na prawach powiatu 'raport o stanie miasta' Prezydenta przedstawiany Radzie Miasta ( pełniącej jednocześnie funkcję Rady Powiatu) realizuje wymóg art. 92bb u.s.p.; ten sam dokument co w wiersz gminny],2629c284709baf099fc5e04c95ca3b338a1bc65f80722578bafebbc434311c23,200,2026-09-05T00:30:30Z,Dokument 'raport o stanie Olsztyn' za 2022 r. (wiersz gminny 2862011) pełni funkcję raportu o stanie powiatu (m.n.p.p.).,11.287,true
2406,warmińsko-mazurskie,m. Olsztyn,-,-,2862,2023,ok_finalnie,pdf,tekst,http://bip.olsztyn.eu/attachment/informacja/5789/c54cb22e1ce618416952bf1218dbbc1eccd45e35.html,direct_without_tor [m.n.p.p.: w mieście na prawach powiatu 'raport o stanie miasta' Prezydenta przedstawiany Radzie Miasta ( pełniącej jednocześnie funkcję Rady Powiatu) realizuje wymóg art. 92bb u.s.p.; ten sam dokument co w wiersz gminny],e69078874b0a4a3810f6bdf2dc4266beae07c34469bca9f906d6e6844c866cc0,200,2026-09-05T00:07:26Z,Dokument 'raport o stanie Olsztyn' za 2023 r. (wiersz gminny 2862011) pełni funkcję raportu o stanie powiatu (m.n.p.p.).,10.901,true
2407,warmińsko-mazurskie,m. Olsztyn,-,-,2862,2024,ok_finalnie,pdf,tekst,http://bip.olsztyn.eu/attachment/informacja/17984/462230079474761c7cbf18647c8b6a463befd6aa.html,direct_without_tor [m.n.p.p.: w mieście na prawach powiatu 'raport o stanie miasta' Prezydenta przedstawiany Radzie Miasta ( pełniącej jednocześnie funkcję Rady Powiatu) realizuje wymóg art. 92bb u.s.p.; ten sam dokument co w wiersz gminny],84bd958b2527e3c5948aa0c496f3f468670cddc6d3f6503b926a3fae2bdef561,200,2026-09-05T00:07:33Z,Dokument 'raport o stanie Olsztyn' za 2024 r. (wiersz gminny 2862011) pełni funkcję raportu o stanie powiatu (m.n.p.p.).,15.579,true
2408,warmińsko-mazurskie,m. Olsztyn,-,-,2862,2025,ok_finalnie,pdf,tekst,https://bip.olsztyn.eu/attachment/informacja/24671/cb3c3d9d10ea06be80c914a6516460d49f4be24a.html,direct_without_tor [m.n.p.p.: w mieście na prawach powiatu 'raport o stanie miasta' Prezydenta przedstawiany Radzie Miasta ( pełniącej jednocześnie funkcję Rady Powiatu) realizuje wymóg art. 92bb u.s.p.; ten sam dokument co w wiersz gminny],64c397d3b26cf4d4d8531f69511855fc2c65c3d8d46ac8f1fa962a03c2f2a7ac,200,2026-09-05T00:07:38Z,Dokument 'raport o stanie Olsztyn' za 2025 r. (wiersz gminny 2862011) pełni funkcję raportu o stanie powiatu (m.n.p.p.).,7.157,true
2409,warmińsko-mazurskie,mrągowski,-,-,2810,2018,ok_finalnie,pdf,skan+OCR,https://samorzad.gov.pl/attachment/9b07b989-bad1-471d-a89c-438c93c132cf,"direct_without_tor; OCR pełny: tesseract 5.5 (pol, 150 dpi), transkrypt work/ocr/mragowo_2018.txt (79 str.)",2ed434405b45bd19ee5f85e922e82001f1cf99d1d8de35891bacb4daf364e022,200,2026-09-05T00:08:27Z,,4.155,true
2410,warmińsko-mazurskie,mrągowski,-,-,2810,2019,ok_finalnie,pdf,skan+OCR,https://samorzad.gov.pl/attachment/01018d39-8b04-44be-afe8-55584d2037ac,"direct_without_tor; OCR pełny: tesseract 5.5 (pol, 150 dpi), transkrypt work/ocr/mragowo_2019.txt (98 str.)",3f3c9a86014d963d8a3d4324e54ff1e4fa193df43bdc6b7336dd0539b60481be,200,2026-09-05T00:09:36Z,,31.725,true
2411,warmińsko-mazurskie,mrągowski,-,-,2810,2020,ok_finalnie,pdf,skan+OCR,https://samorzad.gov.pl/attachment/f31cf93e-2702-401b-920c-00236e1ea015,"direct_without_tor; OCR pełny: tesseract 5.5 (pol, 150 dpi), transkrypt work/ocr/mragowo_2020.txt (90 str.)",6c5e420a6d60952f27f58e5aae894ca4f60737cb9927e9546e52134c3072ab54,200,2026-09-05T00:10:19Z,,12.143,true
2412,warmińsko-mazurskie,mrągowski,-,-,2810,2021,ok_finalnie,pdf,skan+OCR,https://samorzad.gov.pl/attachment/efa7fb9c-91be-4319-bff8-50cd1444e8ab,"direct_without_tor; OCR pełny: tesseract 5.5 (pol, 150 dpi), transkrypt work/ocr/mragowo_2021.txt (71 str.)",45e4b82ea6d1b125d08d2b028ee237c1438bf42dc8e7fab5226e71f2108e4c03,200,2026-09-05T00:10:47Z,,2.445,true
2413,warmińsko-mazurskie,mrągowski,-,-,2810,2022,ok_finalnie,pdf,skan+OCR,https://samorzad.gov.pl/attachment/d7ae4154-4c37-4ca5-8753-99a9caae52a5,"direct_without_tor; OCR pełny: tesseract 5.5 (pol, 150 dpi), transkrypt work/ocr/mragowo_2022.txt (74 str.)",9ea854841fefe2eac8b67fc361e151424672f0477ff40dd50a0e7beffc251f1a,200,2026-09-05T00:11:15Z,,2.9,true
2414,warmińsko-mazurskie,mrągowski,-,-,2810,2023,ok_finalnie,pdf,skan+OCR,https://samorzad.gov.pl/attachment/ee6a4e9e-52db-4e62-9077-a684454d3536,"direct_without_tor; OCR pełny: tesseract 5.5 (pol, 150 dpi), transkrypt work/ocr/mragowo_2023.txt (80 str.)",24ee94c39f826dab99311b41423fdb21cbff97a4c3b73d03d1e7177b1ff2d8cc,200,2026-09-05T00:11:41Z,,5.196,true
2415,warmińsko-mazurskie,mrągowski,-,-,2810,2024,ok_finalnie,pdf,tekst,https://samorzad.gov.pl/attachment/c4bda8cb-392c-45ea-9e60-5f48cdc71058,direct_without_tor,30935b71d552685581814802d209b11bed691504bd02b64daf251a1300eb6566,200,2026-09-04T22:17:51Z,,5.585,true
2416,warmińsko-mazurskie,mrągowski,-,-,2810,2025,ok_finalnie,pdf,tekst,https://samorzad.gov.pl/attachment/3836e44d-4994-4462-b7fe-46cd2b5b1de4,direct_without_tor,783abdcb409aba2a6a9b5961d4540c48eabc521a639f0a94a6d8d8b012bfc534,200,2026-09-04T22:17:57Z,,3.254,true
2417,warmińsko-mazurskie,nidzicki,-,-,2811,2018,ok_finalnie,pdf,tekst,https://bip.powiatnidzicki.pl/system/pobierz.php?plik=Raport_o_stanie_Powiatu_za_2018r.pdf&id=71c0cf00f1ee799004ad74a528fe540a&stats=true,direct_without_tor,b5e66a0f9224b27ae63652a2a0da3a60712a6e18894a49e5f00d0bb5c6d665e8,200,2026-09-04T22:30:22Z,,1.906,true
2418,warmińsko-mazurskie,nidzicki,-,-,2811,2019,ok_finalnie,pdf,tekst,https://bip.powiatnidzicki.pl/system/pobierz.php?plik=Raport_o_stanie_Powiatu_za_2019.pdf&id=8577922120aa3a09b8b22c88588abb3d&stats=true,direct_without_tor,bf42f72466a0fd2fd342b25a5a50d55fbe2678edb7d7f54c2b89ce8f7c42484a,200,2026-09-04T22:30:26Z,,4.772,true
2419,warmińsko-mazurskie,nidzicki,-,-,2811,2020,ok_finalnie,pdf,tekst,https://bip.powiatnidzicki.pl/system/pobierz.php?plik=RAPORT_O_STANIE_POWIATU.pdf&id=cf6b6a96ed65574c197edc18a909da12&stats=true,direct_without_tor,53b86690f8e058b2ea1cb7dcdabcb9be3258ed352bd42981c8a08e970ae363e8,200,2026-09-04T22:30:30Z,,10.374,true
2420,warmińsko-mazurskie,nidzicki,-,-,2811,2021,ok_finalnie,pdf,tekst,https://bip.powiatnidzicki.pl/system/pobierz.php?plik=RAPORT_O_STANIE_POWIATU_18.05.2022.pdf&id=45df9cebcc36a04dbc4a71c0b36f77f7&stats=true,direct_without_tor,3dd709bdd919dd414acbe79785841cd1b6f12d224132f9724aa888a06b2fff42,200,2026-09-04T22:30:34Z,,5.683,true
2421,warmińsko-mazurskie,nidzicki,-,-,2811,2022,ok_finalnie,pdf,tekst,https://bip.powiatnidzicki.pl/system/pobierz.php?plik=RAPORT_O_STANIE_POWIATU_za_2022_r._z_podpisem.pdf&id=5895473d92f94565f9ccaec4bd521f48&stats=true,direct_without_tor,f4840f4361f4e62418e78a8cf133d655b6148949b8e61536b9082256e1418463,200,2026-09-04T22:30:38Z,,22.593,true
2422,warmińsko-mazurskie,nidzicki,-,-,2811,2023,ok_finalnie,pdf,tekst (205 stron),https://bip.powiatnidzicki.pl/system/pobierz.php?plik=RAPORT_O_STANIE_POWIATU_2023.pdf&id=3602416bb96822bc471df1036d1b8803,direct_without_tor (pobranie i sha256 ponownie zweryfikowane 30.08.2026),b3d8d6f46c7a692e6b6ece3aa57560c1f14e1207b6b3d8edb30e7ab949430036,200,2026-09-05T00:07:50Z,,15.71,true
2423,warmińsko-mazurskie,nidzicki,-,-,2811,2024,ok_finalnie,pdf,tekst (191 stron),https://bip.powiatnidzicki.pl/system/pobierz.php?plik=RAPORT_O_STANIE_POWIATU_2024_-_OSTATECZNY.pdf&id=fc3c938de3f36700604d279e8753500a,direct_without_tor (pobranie i sha256 ponownie zweryfikowane 30.08.2026),a1014852c1f7e05f9383d95f66b379f07c45c6d0d9aed586c54d208a00ea1133,200,2026-09-05T00:07:53Z,,4.36,true
2424,warmińsko-mazurskie,nidzicki,-,-,2811,2025,ok_finalnie,pdf,tekst,https://bip.powiatnidzicki.pl/system/pobierz.php?plik=RAPORT_O_STANIE_POWIATU_2025.pdf&id=9feabec5435a8008d5aeebb6d186520f&stats=true,direct_without_tor,d90545fc2779aa2e5832bb7b6bc9e67d6e3c973e473412423730cb3c8c40a318,200,2026-09-04T22:30:41Z,,3.952,true
2425,warmińsko-mazurskie,olecki,-,-,2813,2018,ok_finalnie,pdf,skan,https://spolecko.bip.doc.pl/upload/doc/39395_20190523_110014.pdf,"direct_without_tor (archiwalny BIP spolecko.bip.doc.pl — „ARCHIWUM z lat 2003-2021"" Starostwa Powiatowego w Olecku, system BIP Inet; adres odnaleziony przez link na homepage starego portalu powiat.olecko.pl w Wayback; wyszukiwarka BIP Inet: POST index.php (sprawdz=1&szukaj=raport) → wiad=126627 „Raport o stanie powiatu"" (debata na sesji RP 27.06.2019) → załącznik „Raport o stanie powiatu oleckiego"" = ./upload/doc/39395_20190523_110014.pdf); weryfikacja: skan bez warstwy tekstowej, OCR okładek (pdftoppm+tesseract pol): „RAPORT O STANIE POWIATU OLECKIEGO za 2018 rok"", „ZARZĄD POWIATU W OLECKU"", „Olecko, maj 2019r."", spis treści + wstęp (art. 30a u.s.p.); 48 stron",52e7d34c2d34a49497eb3769cc8e9f255289500b28edb0448dcedcb4eb23b2b9,200,2026-09-05T02:09:29Z,[revalid 2026-09-05] got_html_instead_of_pdf http=0 n=7254 | [revalid 2026-09-05] revalidated unit=powiat_ok year=2018 ocr=True,3.323,true
2426,warmińsko-mazurskie,olecki,-,-,2813,2019,ok_finalnie,pdf,tekst,https://spolecko.bip.doc.pl/upload/doc/39887_20200527_112758.pdf,"direct_without_tor (j.w.: spolecko.bip.doc.pl, POST szukaj=raport → wiad=132462 „Raport o stanie powiatu za 2019 rok"" (debata na sesji RP 25.06.2020) → załącznik „Raport o stanie powiatu oleckiego za 2019 rok"" = ./upload/doc/39887_20200527_112758.pdf); weryfikacja: warstwa tekstowa pdftotext: „RAPORT O STANIE POWIATU OLECKIEGO ZA 2019 ROK"", „POWIAT OLECKI"", „maj 2020 roku""; 95 stron",7d7f7c98026396d00b3599d974c320d096e25b43956edcedfcdaffae99cadfdf,200,2026-09-05T02:07:22Z,[revalid 2026-09-05] got_html_instead_of_pdf http=0 n=7254 | [revalid 2026-09-05] revalidated unit=powiat_ok year=2019 ocr=False,1.755,true
2427,warmińsko-mazurskie,olecki,-,-,2813,2020,ok_finalnie,pdf,skan,https://spolecko.bip.doc.pl/upload/doc/40373_20210531_143021.pdf,"direct_without_tor (j.w.: spolecko.bip.doc.pl, POST szukaj=raport → wiad=137755 „Raport o stanie powiatu za 2020 rok"" (debata na sesji RP 24.06.2021) → załącznik „Raport o stanie powiatu oleckiego za 2020 rok"" = ./upload/doc/40373_20210531_143021.pdf); weryfikacja: skan bez warstwy tekstowej, OCR okładek: „RAPORT O STANIE POWIATU OLECKIEGO ZA 2020 ROK"", „maj 2021 roku"", spis treści; 114 stron",11352d3fd4731a946534eef72cccf27c1d2a03def12273f7736b2cbff9ca8929,200,2026-09-05T02:11:40Z,[revalid 2026-09-05] got_html_instead_of_pdf http=0 n=7254 | [revalid 2026-09-05] revalidated unit=powiat_ok year=2020 ocr=True,8.519,true
2428,warmińsko-mazurskie,olecki,-,-,2813,2021,ok_finalnie,pdf,tekst,https://bip.powiat.olecko.pl/dokumenty/download/dok_id/911/zal/797/type/zal/dir/pub.html,direct_without_tor,971dfc3fd05a54cd8ba0144a03eae522a09ef52fbac8151e32e20202119f8ca9,200,2026-09-04T22:37:49Z,,2.991,true
2429,warmińsko-mazurskie,olecki,-,-,2813,2022,ok_finalnie,pdf,tekst,https://bip.powiat.olecko.pl/dokumenty/download/dok_id/1900/zal/1786/type/zal/dir/pub.html,direct_without_tor,685f0fc8a96e4137992b8fc0e8c9bdef72bc6f1ec5e4e5f957044f1f01be9d2c,200,2026-09-04T22:37:53Z,,2.341,true
2430,warmińsko-mazurskie,olecki,-,-,2813,2023,ok_finalnie,pdf,tekst,https://bip.powiat.olecko.pl/dokumenty/download/dok_id/2778/zal/2599/type/zal/dir/pub.html,direct_without_tor,bcf511989af60ae00faea997f63357ea886c9ec6673488df744ceb0ae55ec88a,200,2026-09-04T22:37:56Z,,3.224,true
2431,warmińsko-mazurskie,olecki,-,-,2813,2024,ok_finalnie,pdf,tekst,https://bip.powiat.olecko.pl/dokumenty/download/dok_id/3655/zal/3461/type/zal/dir/pub.html,direct_without_tor,fc2fcda42451f9f825962e81dad1c64e71d895f25ae4e4d6a30cbd515d61ee69,200,2026-09-04T22:37:59Z,,2.626,true
2432,warmińsko-mazurskie,olecki,-,-,2813,2025,ok_finalnie,pdf,tekst,https://bip.powiat.olecko.pl/dokumenty/download/dok_id/4402/zal/4156/type/zal/dir/pub.html,direct_without_tor,42efba6bb257ab14e8350fe714bb11287fd5a8dc140df1e6722df8b23974f87f,200,2026-09-04T22:38:02Z,,6.711,true
2433,warmińsko-mazurskie,olsztyński,-,-,2814,2018,ok_finalnie,pdf,tekst,https://bip.powiat-olsztynski.pl/attachment/informacja/2106/5d7639627aa07714293a5d3bd2cfee6c66737ca1.html,direct_without_tor,d3366f84a1a6400ec33b75a5cfa967b35ca8ab894a32591fa6ba4987fe88148d,200,2026-09-04T22:12:17Z,,2.385,true
2434,warmińsko-mazurskie,olsztyński,-,-,2814,2019,ok_finalnie,pdf,tekst,https://bip.powiat-olsztynski.pl/attachment/informacja/2579/9540348f77cfd5d6bca65a3ff4baf07dff0b01b5.html,direct_without_tor,9641a4db3e4a3991f33ef5c9257e5885f76465527c053ca69cd12fb103cbe3f0,200,2026-09-04T22:12:25Z,,1.833,true
2435,warmińsko-mazurskie,olsztyński,-,-,2814,2020,ok_finalnie,pdf,tekst,https://bip.powiat-olsztynski.pl/attachment/informacja/3131/e10345711d534415852d5ab56cce1484a388eae0.html,direct_without_tor,ff0d6a66a778a1b859ed9b33de1ab5ade6b69c00c42104dcbb78d2610e6c6107,200,2026-09-04T22:12:31Z,,1.691,true
2436,warmińsko-mazurskie,olsztyński,-,-,2814,2021,ok_finalnie,pdf,tekst,https://bip.powiat-olsztynski.pl/attachment/informacja/4298/27d5151a80e29492fc64e7135aca093befd2f7c5.html,direct_without_tor,1e73a56bc84ddd29d0ece93e566e3181237c3af78c9d818dc5132f388a802582,200,2026-09-04T22:12:37Z,,2.551,true
2437,warmińsko-mazurskie,olsztyński,-,-,2814,2022,ok_finalnie,pdf,tekst,https://bip.powiat-olsztynski.pl/attachment/informacja/6038/e691bc5e6f9e542b8ae30c42abf16e17271792d2.html,direct_without_tor,c29e5cbcffa0e45b0306aa87345add9d87aa60263483fd50b647a6d1c095e4b6,200,2026-09-04T22:59:15Z,,1.618,true
2438,warmińsko-mazurskie,olsztyński,-,-,2814,2023,ok_finalnie,docx,tekst,https://bip.powiat-olsztynski.pl/attachment/informacja/7007/b496f243363271cf6597a608f459fae57f1a8007.html,direct_without_tor,655b707ae2faeb5b0cde77a1e4112e2733ef70e57da97461dc80a6cb0270bc05,200,2026-09-04T22:12:45Z,,0.889,true
2439,warmińsko-mazurskie,olsztyński,-,-,2814,2024,ok_finalnie,pdf,tekst,https://bip.powiat-olsztynski.pl/attachment/informacja/8331/8b5e170d90a7d735872162c77e6aa06c4e5ad053.html,direct_without_tor,9bdbbff6fb286d008d0f9c4b7c9ad23a91d1780ca6d3dad68b5f2c40239fa5a0,200,2026-09-04T22:12:50Z,,2.588,true
2440,warmińsko-mazurskie,olsztyński,-,-,2814,2025,ok_finalnie,pdf,tekst,https://bip.powiat-olsztynski.pl/attachment/informacja/9615/7720de1d081201ff7b944cfc13eaeb531bdfb0f6.html,direct_without_tor,5ae54af3fdc6a29ab8ee1615bac283ca8823668ba8c5fd7a08b3061e94f83180,200,2026-09-04T22:12:58Z,,11.759,true
2441,warmińsko-mazurskie,piski,-,-,2816,2018,ok_finalnie,pdf,tekst,https://bip.powiat.pisz.pl/download.php?id=16733,direct_without_tor,ec915e7f9e928ecfd9b68f3d4958d9fbf3934e5793da813e1d619964cdd57ec5,200,2026-09-04T22:30:25Z,,1.493,true
2442,warmińsko-mazurskie,piski,-,-,2816,2019,ok_finalnie,pdf,tekst,https://bip.powiat.pisz.pl/download.php?id=18035,direct_without_tor,f2d297c8e0ac1912645e16f35cd86b9d257633902cf8b2ced682c8aac0e120aa,200,2026-09-04T22:30:28Z,,6.059,true
2443,warmińsko-mazurskie,piski,-,-,2816,2020,ok_finalnie,pdf,tekst,https://bip.powiat.pisz.pl/download.php?id=19227,direct_without_tor,910d3512eb840dbcfe88ff305dfc7d8333f4819ca6cdef5fdf92ee524065dad9,200,2026-09-04T22:30:32Z,,6.988,true
2444,warmińsko-mazurskie,piski,-,-,2816,2021,ok_finalnie,pdf,tekst,https://vobacom.powiat.pisz.pl/sites/default/files/2023-05/RAPORT%20O%20STANIE%20POWIATU%202021.pdf,direct_without_tor,b87291142a872446955bf1fc47f2e6ebb4b31f64846862a326dabf7bc45e1b87,200,2026-09-04T22:41:51Z,,5.916,true
2445,warmińsko-mazurskie,piski,-,-,2816,2022,ok_finalnie,pdf,tekst,https://vobacom.powiat.pisz.pl/sites/default/files/paragraph.attachments.field_attachments/2023-05/RAPORT%20O%20STANIE%20POWIATU%20za%202022%20z%20podpisem.pdf,direct_without_tor,be5bcbca13c1c070d370a1d656f11b8cbd1d55e0fdee164c5c05ce789c41f2be,200,2026-09-04T22:41:56Z,,22.445,true
2446,warmińsko-mazurskie,piski,-,-,2816,2023,ok_finalnie,pdf,tekst,https://bip.powiat.pisz.pl/download.php?id=22977,direct_without_tor,6995937fb43ac9a3b2a29ebbbdf6eb3a06e8a1e2ff6b7d8139d0a7cf4443d53f,200,2026-09-04T22:30:37Z,,8.649,true
2447,warmińsko-mazurskie,piski,-,-,2816,2024,ok_finalnie,pdf,tekst,https://bip.powiat.pisz.pl/download.php?id=24063,direct_without_tor,634aab83ed270f8242451e5ae7cca56f2ce537ed7931929bdc658e2b79997dc2,200,2026-09-04T22:30:40Z,,6.215,true
2448,warmińsko-mazurskie,piski,-,-,2816,2025,ok_finalnie,pdf,tekst,https://bip.powiat.pisz.pl/download.php?id=25118,direct_without_tor,bd41e4d10dcee9aef0a9ceaec9d46c02a134cb5d8db6ee3f5dc188b06431a1f6,200,2026-09-04T22:30:47Z,,16.874,true
2449,warmińsko-mazurskie,szczycieński,-,-,2817,2018,ok_finalnie,pdf,tekst,https://bip.powiatszczycienski.pl/system/pobierz.php?plik=Raport_o_stanie_powiatu_szczycienskiego_za_2018_rok.pdf&id=a8231218e9da0db94a79435209f2cbff&stats=true,direct_without_tor,8034455ab632d1c91db13c9dc6ae3b852c9648b1bf9b7c0e3cc4646f36cb3ab8,200,2026-09-04T22:12:19Z,,1.553,true
2450,warmińsko-mazurskie,szczycieński,-,-,2817,2019,ok_finalnie,pdf,tekst,https://bip.powiatszczycienski.pl/system/pobierz.php?plik=Raport_o_stanie_powiatu_2019.pdf&id=e7e1da64a1e89d81811b29959665e66d&stats=true,direct_without_tor,b135c17929d1d4dc2720e45dc37deb9c79dbeef40002e00c7d20af37668f0da5,200,2026-09-04T22:12:23Z,,1.23,true
2451,warmińsko-mazurskie,szczycieński,-,-,2817,2020,ok_finalnie,pdf,tekst,https://bip.powiatszczycienski.pl/system/pobierz.php?plik=Raport_o_Stanie_Powiatu_za_2020_rok.pdf&id=909c157a668d5eae284371c5c273b99b&stats=true,direct_without_tor,951b251fdb7c777dd11737097399bab6fc0dc591a3faf0025f0ac33583ffb950,200,2026-09-04T22:12:26Z,,1.497,true
2452,warmińsko-mazurskie,szczycieński,-,-,2817,2021,ok_finalnie,pdf,tekst,https://bip.powiatszczycienski.pl/system/pobierz.php?plik=Raport_o_stanie_Powiatu_Szczycienskiego_za_rok_2021.pdf&id=ca4b6f800d717e4774f0d3c372a41ade&stats=true,direct_without_tor,3baee62c709ded297700b20d0460462dac1fbc2f1fa49cf7ae2c02b99883733e,200,2026-09-04T22:12:29Z,,2.027,true
2453,warmińsko-mazurskie,szczycieński,-,-,2817,2022,ok_finalnie,pdf,tekst,https://bip.powiatszczycienski.pl/system/pobierz.php?plik=Raport_o_stanie_Powiatu_Szczycienskiego_za_rok_2022.pdf&id=f15a8f602f29f66b36fac63f522a936e&stats=true,direct_without_tor,edfabfe83a725f85d8167e40c5226d2f945182b3bf7b0a05e27f017e627b901c,200,2026-09-04T22:12:32Z,,1.78,true
2454,warmińsko-mazurskie,szczycieński,-,-,2817,2023,ok_finalnie,pdf,tekst,https://bip.powiatszczycienski.pl/system/pobierz.php?plik=Raport_o_stanie_Powiatu_Szczycienskiego_za_rok_2023.pdf&id=cf362c8f60726557255e317caaaa6071&stats=true,direct_without_tor,1a6a40c990cca08f0db01a81e256ffa268c16e88ba13e8ae2288e87815c4899b,200,2026-09-04T22:12:34Z,,1.434,true
2455,warmińsko-mazurskie,szczycieński,-,-,2817,2024,ok_finalnie,pdf,tekst,https://bip.powiatszczycienski.pl/system/pobierz.php?plik=Raport_o_stanie_Powiatu_Szczycienskiego_za_rok_2024.pdf&id=4bab11a86f013dc0d90e2e56c3554550&stats=true,direct_without_tor,80bb3cf3ddcdbc5818008f098eab0e15a3ca12f33a38583267a1201e240c9824,200,2026-09-04T22:12:37Z,,1.722,true
2456,warmińsko-mazurskie,szczycieński,-,-,2817,2025,ok_finalnie,pdf,tekst,https://bip.powiatszczycienski.pl/system/pobierz.php?plik=Raport_o_stanie_Powiatu_Szczycienskiego_za_rok_2025.pdf&id=485291ea2159b09f26ad6a5f6001a7d3&stats=true,direct_without_tor,7d487864b5c6c7b0ad19c1aa2c24afb362cab69da5fcbc700cefe50736df544d,200,2026-09-04T22:12:40Z,,1.771,true
2457,warmińsko-mazurskie,węgorzewski,-,-,2819,2018,ok_finalnie,pdf,tekst,https://bip.powiatwegorzewski.pl/system/obj/4843_Raport_o_stanie_powiatu_za_2018_rok_wersja_ostateczna.pdf,"tor_pl_ip + wayback_spn (antybot 403 dla pobierz.php); raport był w ARCHIWUM kategorii bip.powiatwegorzewski.pl/10046/1/archiwum/Raport_o_stanie_powiatu (komunikat z 30.05.2019, wcześniejsza weryfikacja patrzyła tylko w widok aktualny); 46 str., tytuł „Raport o stanie Powiatu Węgorzewskiego za 2018 rok"", Węgorzewo maj 2019; bajty oryginalne z web.archive.org/web/20260828212234id_/",7e7285e523cf6951d9ac2df400dfa31344fe9939319f83d471abe29018d49568,200,2026-09-05T02:07:21Z,[revalid 2026-09-05] got_html_instead_of_pdf http=0 n=644 | [revalid 2026-09-05] revalidated unit=powiat_ok year=2018 ocr=False,0.35,true
2458,warmińsko-mazurskie,węgorzewski,-,-,2819,2019,ok_finalnie,pdf,tekst,https://bip.powiatwegorzewski.pl/system/pobierz.php?plik=Raport_o_stanie_powiatu_za_2019_rok.pdf&id=edf6cfff7bd0fb7f53a5c1fb2f73f19b,direct_without_tor,b1e556b7688b96dcd2d5a72f54cc8d78c6abdd2c58adb9a0316960e77ca269c5,200,2026-09-05T02:07:22Z,[revalid 2026-09-04] download_fail http=404 n=0 requests | [revalid 2026-09-05] revalidated unit=powiat_ok year=2019 ocr=False,0.761,true
2459,warmińsko-mazurskie,węgorzewski,-,-,2819,2020,ok_finalnie,pdf,tekst,https://bip.powiatwegorzewski.pl/system/pobierz.php?plik=Raport_o_stanie_powiatu_za_2020_rok.pdf&id=fbb8aaf9a8cd2091239a237d28911574,direct_without_tor,631d08dec934a2afb2e5932837af719017cf19e8334bdf2d15d68dfc1e83f867,200,2026-09-05T02:07:22Z,[revalid 2026-09-04] download_fail http=404 n=0 requests | [revalid 2026-09-05] revalidated unit=powiat_ok year=2020 ocr=False,0.995,true
2460,warmińsko-mazurskie,węgorzewski,-,-,2819,2021,ok_finalnie,pdf,tekst,https://bip.powiatwegorzewski.pl/system/pobierz.php?plik=Raport_o_stanie_powiatu_za_2021_rok.pdf&id=9868e58d85887ed68bbed7a145ec0fa8,direct_without_tor,37331a2c078d0d6591a54092074f57632a60206e20d494d3354fbbfed4b9d6a0,200,2026-09-05T02:07:22Z,[revalid 2026-09-04] download_fail http=404 n=0 requests | [revalid 2026-09-05] revalidated unit=powiat_ok year=2021 ocr=False,0.856,true
2461,warmińsko-mazurskie,węgorzewski,-,-,2819,2022,ok_finalnie,pdf,tekst (72 strony),https://bip.powiatwegorzewski.pl/system/obj/7381_Raport_o_stanie_Powiatu_za_2022_rok.pdf,direct_without_tor (pobranie i sha256 ponownie zweryfikowane 30.08.2026),08d8f9a9da7479daa36db5b2d5c07a879bc7cc993426ef8bb653b04e6ae8944d,200,2026-09-05T00:07:38Z,,0.84,true
2462,warmińsko-mazurskie,węgorzewski,-,-,2819,2023,ok_finalnie,pdf,tekst (72 strony),https://bip.powiatwegorzewski.pl/system/pobierz.php?plik=Raport_o_stanie_Powiatu_za_2023_rok.pdf&id=3a51c3fe61533730e331540ac8bb35bc,direct_without_tor (pobranie i sha256 ponownie zweryfikowane 30.08.2026),5a1c9c356b1a17b8ceb1e90a6b1ce5ab6a7c8c6b1e13c9ab85ae26fbf66f71b7,200,2026-09-05T00:07:41Z,,0.91,true
2463,warmińsko-mazurskie,węgorzewski,-,-,2819,2024,ok_finalnie,pdf,tekst (77 stron),https://bip.powiatwegorzewski.pl/system/pobierz.php?plik=Raport_o_stanie_Powiatu_za_2024_rok.pdf&id=23612e840cad4b6b037ff806f4584d48,direct_without_tor (pobranie i sha256 ponownie zweryfikowane 30.08.2026),a1f567877cc42f9d6366445cac5d6d045236cef1934482914c5cec1e03099b58,200,2026-09-05T00:07:44Z,,1.0,true
2464,warmińsko-mazurskie,węgorzewski,-,-,2819,2025,ok_finalnie,pdf,tekst,https://bip.powiatwegorzewski.pl/system/pobierz.php?plik=Raport_o_stanie_Powiatu_Wegorzewskiego_za_2025_rok.pdf&id=88637740729dd4c40559c54c0978612b,direct_without_tor,d41296af9799cc0d43a88ba2575430913ec93a0e1fd6bcfd2df1168b9f8f4733,200,2026-09-05T02:07:22Z,[revalid 2026-09-04] download_fail http=404 n=0 requests | [revalid 2026-09-05] revalidated unit=powiat_ok year=2025 ocr=False,1.063,true
2481,warmińsko-mazurskie,-,-,-,28,2018,ok_finalnie,pdf,tekst,https://strategia.warmia.mazury.pl/wp-content/uploads/2021/08/Raport_2018.pdf,direct_without_tor (web search → strategia.warmia.mazury.pl 'Raport o stanie Województwa Warmińsko-Mazurskiego' + lustrzane załączniki w bip.warmia.mazury.pl),f88d40b15b10cec90d0efef56ec032a7b370a59d7af1a9c8e50711885337fe2b,200,2026-09-05T00:05:46Z,"Raport o stanie Województwa Warmińsko-Mazurskiego za 2018 rok ('W 2018 ROKU' na okładce); Zarząd Województwa Warmińsko-Mazurskiego, Olsztyn; 120 str.",4.629,true
2482,warmińsko-mazurskie,-,-,-,28,2019,ok_finalnie,pdf,tekst,https://strategia.warmia.mazury.pl/wp-content/uploads/2021/08/Raport_2019.pdf,direct_without_tor (web search → strategia.warmia.mazury.pl 'Raport o stanie Województwa Warmińsko-Mazurskiego' + lustrzane załączniki w bip.warmia.mazury.pl),6756cdbf963b44e3b6b02c579a2ced1baa9579fde4a89dd4271043f01494ea54,200,2026-09-05T00:05:51Z,"Raport o stanie Województwa Warmińsko-Mazurskiego za 2019 rok ('W 2019 ROKU' na okładce); Zarząd Województwa Warmińsko-Mazurskiego, Olsztyn; 128 str.",5.887,true
2483,warmińsko-mazurskie,-,-,-,28,2020,ok_finalnie,pdf,tekst,https://strategia.warmia.mazury.pl/wp-content/uploads/2021/08/Raport_2020.pdf,direct_without_tor (web search → strategia.warmia.mazury.pl 'Raport o stanie Województwa Warmińsko-Mazurskiego' + lustrzane załączniki w bip.warmia.mazury.pl),6074c9ea266c712d4070affa0f86cfe248dfa6eb553022972aea6e8350a71cb7,200,2026-09-05T00:05:58Z,"Raport o stanie Województwa Warmińsko-Mazurskiego za 2020 rok ('W 2020 ROKU' na okładce); Zarząd Województwa Warmińsko-Mazurskiego, Olsztyn; 171 str.",6.221,true
2484,warmińsko-mazurskie,-,-,-,28,2021,ok_finalnie,pdf,tekst,https://strategia.warmia.mazury.pl/wp-content/uploads/2022/09/Raport_2021.pdf,direct_without_tor (web search → strategia.warmia.mazury.pl 'Raport o stanie Województwa Warmińsko-Mazurskiego' + lustrzane załączniki w bip.warmia.mazury.pl),b18464fee59985b61b858c84fdfa23ef1d06db09a4458641b4583abcfca0eb7f,200,2026-09-05T00:06:04Z,"Raport o stanie Województwa Warmińsko-Mazurskiego za 2021 rok ('W 2021 ROKU' na okładce); Zarząd Województwa Warmińsko-Mazurskiego, Olsztyn; 192 str.",8.201,true
2485,warmińsko-mazurskie,-,-,-,28,2022,ok_finalnie,pdf,tekst,https://strategia.warmia.mazury.pl/wp-content/uploads/2023/08/Raport_stan_2022_rok.pdf,direct_without_tor (web search → strategia.warmia.mazury.pl 'Raport o stanie Województwa Warmińsko-Mazurskiego' + lustrzane załączniki w bip.warmia.mazury.pl),251c2ec1a8c708a39dbdff81ba953e51814b40850bfc67235964cbd2431a8cb9,200,2026-09-05T00:06:10Z,"Raport o stanie Województwa Warmińsko-Mazurskiego za 2022 rok ('W 2022 ROKU' na okładce); Zarząd Województwa Warmińsko-Mazurskiego, Olsztyn; 208 str.",9.671,true
2486,warmińsko-mazurskie,-,-,-,28,2023,ok_finalnie,pdf,tekst,https://strategia.warmia.mazury.pl/wp-content/uploads/2024/07/Raport-o-stanie-Wojewodztwa-Warminsko-Mazurskiego-w-2023-roku.pdf,direct_without_tor (web search → strategia.warmia.mazury.pl 'Raport o stanie Województwa Warmińsko-Mazurskiego' + lustrzane załączniki w bip.warmia.mazury.pl),a563055f71351ef413799f8678c802ace5484f9353fecdb5027bd37c73874ba5,200,2026-09-05T00:06:17Z,"Raport o stanie Województwa Warmińsko-Mazurskiego za 2023 rok ('W 2023 ROKU' na okładce); Zarząd Województwa Warmińsko-Mazurskiego, Olsztyn; 234 str.",11.809,true
2487,warmińsko-mazurskie,-,-,-,28,2024,ok_finalnie,pdf,tekst,https://strategia.warmia.mazury.pl/wp-content/uploads/2025/07/Raport-o-stanie-Wojewodztwa-Warminsko-Mazurskiego-w-2024-roku.pdf,direct_without_tor (web search → strategia.warmia.mazury.pl 'Raport o stanie Województwa Warmińsko-Mazurskiego' + lustrzane załączniki w bip.warmia.mazury.pl),c0101a6d14c441c485e8bf8947486396c94d4dde1aa2b5214a34de4025446786,200,2026-09-05T00:06:24Z,"Raport o stanie Województwa Warmińsko-Mazurskiego za 2024 rok ('W 2024 ROKU' na okładce); Zarząd Województwa Warmińsko-Mazurskiego, Olsztyn; 218 str.",14.375,true
2488,warmińsko-mazurskie,-,-,-,28,2025,ok_finalnie,pdf,tekst,https://strategia.warmia.mazury.pl/wp-content/uploads/2019/06/Raport-o-stanie-Wojewodztwa-Warminsko-Mazurskiego-w-2025-roku.pdf,direct_without_tor (web search → strategia.warmia.mazury.pl 'Raport o stanie Województwa Warmińsko-Mazurskiego' + lustrzane załączniki w bip.warmia.mazury.pl),f0f6529a90eab927801b952d2457d8fc73a0303a9a2410244f8c9c62cbb6d7e1,200,2026-09-05T00:06:30Z,"Raport o stanie Województwa Warmińsko-Mazurskiego za 2025 rok ('W 2025 ROKU' na okładce); Zarząd Województwa Warmińsko-Mazurskiego, Olsztyn; 227 str.",13.403,true
19234,warmińsko-mazurskie,bartoszycki,-,-,2801,2018,ok_finalnie,pdf,skan,https://bipspbartoszyce.warmia.mazury.pl/attachment/informacja/9776/554a3f43031c5bf6463c444b838725bcf79b80a2.html,direct_without_tor,f172a9e734aac9c698f159b8de61143bf6e172cd36a01bd05c7bbb59075c61d8,200,2026-09-06T15:13:46Z,,5.293,true
19235,warmińsko-mazurskie,bartoszycki,-,-,2801,2019,ok_finalnie,pdf,skan,https://bipspbartoszyce.warmia.mazury.pl/attachment/informacja/11965/e87cfdae48074a7abd745f08bdcc024b01f2a0dc.html,direct_without_tor,fd9565a7ba9b1eb87d771932d6b71160b28f47758c0f515c8271796dc8515e4d,200,2026-09-06T15:13:46Z,,1.611,true
19236,warmińsko-mazurskie,bartoszycki,-,-,2801,2020,ok_finalnie,pdf,tekst,https://bipspbartoszyce.warmia.mazury.pl/attachment/informacja/14063/78ee8e433dc8c852882da293e37df855ea004505.html,direct_without_tor,fe72248ff16b9e8ab9c99637617ed2a5ed873ff641de7c6e24ab5e221032a74d,200,2026-09-06T15:13:46Z,,0.725,true
19237,warmińsko-mazurskie,bartoszycki,-,-,2801,2021,ok_finalnie,pdf,tekst,https://bipspbartoszyce.warmia.mazury.pl/attachment/informacja/17176/79f2c1192d4df0c94859133784d945e2469d63dc.html,direct_without_tor,286306a696fe74d508b232a1cfe38c539111a6995c88bc321f445e11d06c481d,200,2026-09-06T15:13:46Z,,0.771,true
19238,warmińsko-mazurskie,bartoszycki,-,-,2801,2022,ok_finalnie,pdf,tekst,https://bipspbartoszyce.warmia.mazury.pl/attachment/informacja/22555/89518c2abfdcefdecbcd1fca9ace379d0b28d99a.html,direct_without_tor,8ac3494362f850026f28c6f14d9a4e136073b6c6bfde3b5da9297332f62d87ed,200,2026-09-06T15:13:46Z,,2.737,true
19239,warmińsko-mazurskie,bartoszycki,-,-,2801,2023,ok_finalnie,pdf,tekst,https://bipspbartoszyce.warmia.mazury.pl/attachment/informacja/26898/5dc7c6b27eb6ed152e2196e6c082b5a07eebd7e4.html,direct_without_tor,8f1a22f555cb77205b8f02aad122235ba54b2d86a81e438567150af03769d1c8,200,2026-09-06T15:13:46Z,,1.290,true
19240,warmińsko-mazurskie,bartoszycki,-,-,2801,2024,ok_finalnie,pdf,tekst,https://bipspbartoszyce.warmia.mazury.pl/attachment/informacja/30397/d0fa3793a961441064b29404d5819f94f179199a.html,direct_without_tor,8e78f29d7e58e0b73f1c5d87f35fb6837951d00de9c203e7826fac81491d87b5,200,2026-09-06T15:13:46Z,,2.235,true
19241,warmińsko-mazurskie,bartoszycki,-,-,2801,2025,ok_finalnie,pdf,tekst,https://bipspbartoszyce.warmia.mazury.pl/attachment/informacja/35047/75e6bebaa792926907bfbbafeb17ec5ae48b9492.html,direct_without_tor,2219e555272584f8e4d90d68d6f29648c249d77afbbf65a57ebe3c83a88680f1,200,2026-09-06T15:13:46Z,,0.909,true
19242,warmińsko-mazurskie,bartoszycki,Bartoszyce,gmina miejska,2801011,2018,ok_finalnie,pdf,tekst,https://bip.bartoszyce.pl/system/pobierz.php?plik=2019_05_30_raport_za_2018.pdf&id=aa91a079f3aec0ceed38c09c69f6721b&stats=true,direct_without_tor,138f749ebc690444dddb59b002ad543cc37b87ff52fd9b9a64e2a844846bab10,200,2026-09-05T23:55:36Z,,1.41,true
19243,warmińsko-mazurskie,bartoszycki,Bartoszyce,gmina miejska,2801011,2019,ok_finalnie,pdf,tekst,https://bip.bartoszyce.pl/system/pobierz.php?plik=2020_06_17_raport_za_2019.pdf&id=61c47b74c330affc547551c466f53544&stats=true,direct_without_tor,538ea18f9bfb711a11bad523e04c074328ed3e9e34bf09a3aee28183a7e5ec50,200,2026-09-05T23:55:36Z,,1.628,true
19244,warmińsko-mazurskie,bartoszycki,Bartoszyce,gmina miejska,2801011,2020,ok_finalnie,pdf,tekst,https://bip.bartoszyce.pl/system/pobierz.php?plik=2021_11_24_raport_za_2020.pdf&id=a69b9be22bfaa9b9975c6899cb6dee49&stats=true,direct_without_tor,6be198d5afc068d432ff7f79cfb1c2d4387cab13ab677543bebbfb87f2aa4a81,200,2026-09-05T23:55:36Z,,1.402,true
19245,warmińsko-mazurskie,bartoszycki,Bartoszyce,gmina miejska,2801011,2021,ok_finalnie,pdf,tekst,https://bip.bartoszyce.pl/system/pobierz.php?plik=2023_01_30_raport_za_2021.pdf&id=8ee97cf80b51a51369c5fa9bbf934502&stats=true,direct_without_tor,1217051040729aed0115794e64c63ba161de24e45f310fb1e535ec5454a10f8c,200,2026-09-05T23:55:36Z,,1.587,true
19246,warmińsko-mazurskie,bartoszycki,Bartoszyce,gmina miejska,2801011,2022,ok_finalnie,pdf,tekst,https://bip.bartoszyce.pl/system/pobierz.php?plik=2023_05_30_raport_za_2022.pdf&id=c6ed7514950e67d33ca01fbedb9c0edc&stats=true,direct_without_tor,1b6126273cc8e0e6d83d1620e349b688080ce4ab8d8d087b7a2f5b5f421ae0d7,200,2026-09-05T23:55:36Z,,1.866,true
19247,warmińsko-mazurskie,bartoszycki,Bartoszyce,gmina miejska,2801011,2023,ok_finalnie,pdf,tekst,https://bip.bartoszyce.pl/system/pobierz.php?plik=2024_06_04_raport_za_2023.pdf&id=49773afeae0e8bc29097a5c207c68fc3&stats=true,direct_without_tor,1b710624a05c1f6a270d523e98ca311c3cfb0afea0418495b2dfb66fdba91caf,200,2026-09-05T23:55:36Z,,1.572,true
19248,warmińsko-mazurskie,bartoszycki,Bartoszyce,gmina miejska,2801011,2024,ok_finalnie,pdf,tekst,https://bip.bartoszyce.pl/system/pobierz.php?plik=2025_06_09_raport_za_2024.pdf&id=e2a5a7184cadb8c82717d210416188c2&stats=true,direct_without_tor,c7c73beed97a77680b4c3c9135010816c25731a3873a7c6c3a758a6238c71216,200,2026-09-05T23:55:36Z,,5.518,true
19249,warmińsko-mazurskie,bartoszycki,Bartoszyce,gmina miejska,2801011,2025,ok_finalnie,pdf,tekst,https://bip.bartoszyce.pl/system/pobierz.php?plik=2026_06_15_raport_za_2025.pdf&id=f850968d934d61fe30ddec657d3c0ef2&stats=true,direct_without_tor,86f4fbedb42d49843e0028f64f9e25f9ce202411b6d650cb845a6327ae6558a4,200,2026-09-05T23:55:36Z,,3.621,true
19250,warmińsko-mazurskie,bartoszycki,Górowo Iławeckie,gmina miejska,2801021,2018,ok_finalnie,pdf,skan,https://gorowoil-um.bip-wm.pl/public/getFile?id=340938,direct_without_tor,5bb105d5abd6a525fb59d0ed2aba2f044e4efa521a13f275c4cd1fc29bf00a1d,200,2026-09-05T23:55:36Z,,60.984,true
19251,warmińsko-mazurskie,bartoszycki,Górowo Iławeckie,gmina miejska,2801021,2019,ok_finalnie,pdf,skan,https://gorowoil-um.bip-wm.pl/public/getFile?id=355167,direct_without_tor,8ec310af3525d0d0a6fe53a898d198862b487015f00fa28e164ddcdb9bb8d00f,200,2026-09-05T23:55:36Z,,21.583,true
19252,warmińsko-mazurskie,bartoszycki,Górowo Iławeckie,gmina miejska,2801021,2020,ok_finalnie,pdf,skan,https://gorowoil-um.bip-wm.pl/public/getFile?id=366439,direct_without_tor,2c1acede33b764fc60e233248a216fbb8c0588068d351fa68f2fede3b0859cf8,200,2026-09-05T23:55:36Z,,20.161,true
19253,warmińsko-mazurskie,bartoszycki,Górowo Iławeckie,gmina miejska,2801021,2021,ok_finalnie,pdf,skan,https://gorowoil-um.bip-wm.pl/public/getFile?id=373924,direct_without_tor,ff84cc2987257238eb2cd05328c8691d14e8a068d2851099500563f726c703fe,200,2026-09-05T23:55:36Z,,19.056,true
19254,warmińsko-mazurskie,bartoszycki,Górowo Iławeckie,gmina miejska,2801021,2022,ok_finalnie,pdf,skan,https://gorowoil-um.bip-wm.pl/public/getFile?id=381214,direct_without_tor,2da0b8568524bf645141df1e11fd4ff62a8df761c652a2d3e87a3d73607a2ecf,200,2026-09-05T23:55:36Z,,31.657,true
19255,warmińsko-mazurskie,bartoszycki,Górowo Iławeckie,gmina miejska,2801021,2023,ok_finalnie,pdf,skan,https://gorowoil-um.bip-wm.pl/public/getFile?id=388015;https://gorowoil-um.bip-wm.pl/public/getFile?id=388016,direct_without_tor,1d28c990ce07f5d5dba13cb32085ddd2138ad736a184c5eac2b26816bd3e335d;a39a197c418b4a0b4ccea744ac7688da9c9c8e4b7a5d2dafde1ae628eaf96aae,200;200,2026-09-06T06:39:51Z,,134.88,true
19256,warmińsko-mazurskie,bartoszycki,Górowo Iławeckie,gmina miejska,2801021,2024,ok_finalnie,pdf,skan,https://gorowoil-um.bip-wm.pl/public/getFile?id=394509;https://gorowoil-um.bip-wm.pl/public/getFile?id=394510;https://gorowoil-um.bip-wm.pl/public/getFile?id=394511,direct_without_tor,60bcd0baf550532e9c398540c756df6729cfea8f5960e79fec58e9a64d206b2a;20a25d495a2b0df44a4c8411068bc33a1b310b7b9e7ca43c36800a08c162a1c0;ac4c98146cef5a8235e10e5f16995f281467935c709340d258b577d6fc245e7d,200;200;200,2026-09-06T06:39:51Z,,28.663,true
19257,warmińsko-mazurskie,bartoszycki,Górowo Iławeckie,gmina miejska,2801021,2025,ok_finalnie,pdf,skan,https://gorowoil-um.bip-wm.pl/public/getFile?id=397529,direct_without_tor,3716839c1e08fb187dd6b540f6cb93cde4d35571f2fd1c7fd3c3741a667c7281,200,2026-09-05T23:55:36Z,,4.024,true
19258,warmińsko-mazurskie,bartoszycki,Bartoszyce,gmina wiejska,2801032,2018,ok_finalnie,pdf,tekst,https://bip.gmina-bartoszyce.pl/system/pobierz.php?plik=RAPORT_O_STANIE_GMINY_BARTOSZYCE.pdf&id=ca14a77cf2e3481c54b18701ef1214e4&stats=true,direct_without_tor,ca7b1efd0c0d16b3a383987eaef6a49e5d4183f0783dbfc694a52769fc08c630,200,2026-09-05T23:55:36Z,,0.6,true
19259,warmińsko-mazurskie,bartoszycki,Bartoszyce,gmina wiejska,2801032,2019,ok_finalnie,pdf,tekst,https://bip.gmina-bartoszyce.pl/system/pobierz.php?plik=20200601_bartoszyce_raport_.pdf&id=c6a968006477918d299a361cb2d84273&stats=true,direct_without_tor,8fce68541ab6d25299858bd2947768f179bca0302cb808898ef13d9a67c11414,200,2026-09-05T23:55:36Z,,15.627,true
19260,warmińsko-mazurskie,bartoszycki,Bartoszyce,gmina wiejska,2801032,2020,ok_finalnie,pdf,tekst,https://bip.gmina-bartoszyce.pl/system/pobierz.php?plik=Raport_o_stanie_Gminy_Bartoszyce_za_2020_rok_RGB.pdf&id=b169f87812b7814c2a1bcf74452aa36a&stats=true,direct_without_tor,d665b475670a27642621b46a3fee1f6549ab891354b1ba91cd4e9a8209e83de7,200,2026-09-05T23:55:36Z,,10.591,true
19261,warmińsko-mazurskie,bartoszycki,Bartoszyce,gmina wiejska,2801032,2021,ok_finalnie,pdf,tekst,https://bip.gmina-bartoszyce.pl/system/pobierz.php?plik=Raport_o_stanie_Gminy_Bartoszyce_za_2021_r..pdf&id=f6f802cc0fc0b184d79af1ea32de8e4b&stats=true,direct_without_tor,548965a27654195f0d01fb24e57aa2308d37467f8350b979c7ee7625dd0ac1a0,200,2026-09-05T23:55:36Z,,8.965,true
19262,warmińsko-mazurskie,bartoszycki,Bartoszyce,gmina wiejska,2801032,2022,ok_finalnie,pdf,tekst,https://bip.gmina-bartoszyce.pl/system/pobierz.php?plik=Raport_o_stanie_Gminy_Bartoszyce_za_2022_rok.pdf&id=f158ef5f0459254a9f4a06528664c5eb&stats=true,direct_without_tor,1a5b484c8ded6c9e5e452bc52d9b98335c53f16aec6880c52f7a1408e5349e4a,200,2026-09-05T23:55:36Z,,8.325,true
19263,warmińsko-mazurskie,bartoszycki,Bartoszyce,gmina wiejska,2801032,2023,ok_finalnie,pdf,tekst,https://bip.gmina-bartoszyce.pl/system/pobierz.php?plik=Raport_o_stanie_Gminy_Bartoszyce_za_2023_rok.pdf&id=0d80fa6a0ff43129a05d6b70de23f4e9&stats=true,direct_without_tor,452c0dac59a41a71780fcf5dead35e7908241d99903aaefd6ec3616325b1b351,200,2026-09-05T23:55:36Z,,10.425,true
19264,warmińsko-mazurskie,bartoszycki,Bartoszyce,gmina wiejska,2801032,2024,ok_finalnie,pdf,tekst,https://bip.gmina-bartoszyce.pl/system/pobierz.php?plik=Raport_Gminy_za_2024_r..pdf&id=156af2c792f2f7aea87fa6e396d7af67&stats=true,direct_without_tor,6c0ddf3218be420ab19e89d5fb5cfcbe859e4d87263449e2c661fd8dd3273e8d,200,2026-09-05T23:55:36Z,,9.615,true
19265,warmińsko-mazurskie,bartoszycki,Bartoszyce,gmina wiejska,2801032,2025,ok_finalnie,pdf,tekst,https://bip.gmina-bartoszyce.pl/system/pobierz.php?plik=Raport_Gminy_Bartoszyce_za_2025_rok.pdf&id=9bc390cfcad0dee971b1a31c78e6d8fd&stats=true,direct_without_tor,a84a5ece5af99163753520f01bef0149d16e2d60eaf2e55c2502287078dd6e44,200,2026-09-05T23:55:36Z,,11.455,true
19266,warmińsko-mazurskie,bartoszycki,Bisztynek,gmina miejsko-wiejska,2801043,2018,ok_finalnie,pdf,tekst,https://bip.bisztynek.pl/system/pobierz.php?id=10582,direct_without_tor,f13edf1446f4adf461b3869b9205aeeb73f7e7150312121132a2fb0941940d2a,200,2026-09-05T23:55:36Z,,1.358,true
19267,warmińsko-mazurskie,bartoszycki,Bisztynek,gmina miejsko-wiejska,2801043,2019,ok_finalnie,pdf,tekst,https://bip.bisztynek.pl/system/pobierz.php?id=10583,direct_without_tor,2404c2271cf8f5a860823a6acb7eb41e2457ad459cc11012c93716e0f7a43eb6,200,2026-09-05T23:55:36Z,,1.321,true
19268,warmińsko-mazurskie,bartoszycki,Bisztynek,gmina miejsko-wiejska,2801043,2020,ok_finalnie,pdf,tekst,https://bip.bisztynek.pl/system/pobierz.php?id=10581,direct_without_tor,eadbf6eb1eb6980bcfb2980fe1cf44ce984b1df36c08c9696aad9c50af5b5d54,200,2026-09-05T23:55:36Z,,1.425,true
19269,warmińsko-mazurskie,bartoszycki,Bisztynek,gmina miejsko-wiejska,2801043,2021,ok_finalnie,pdf,tekst,https://bip.bisztynek.pl/system/pobierz.php?id=7991,direct_without_tor,2c462da16f7bbf980b37a7e8306256216689ccfb3fec2d6ee1e5c020988162e3,200,2026-09-05T23:55:36Z,,1.517,true
19270,warmińsko-mazurskie,bartoszycki,Bisztynek,gmina miejsko-wiejska,2801043,2022,ok_finalnie,pdf,tekst,https://bip.bisztynek.pl/system/pobierz.php?id=8687,direct_without_tor,7e07be6ba93a1e4a41ac30bf3a244fc750375a23f7668635e994e30ef4e89c90,200,2026-09-05T23:55:36Z,,1.365,true
19271,warmińsko-mazurskie,bartoszycki,Bisztynek,gmina miejsko-wiejska,2801043,2023,ok_finalnie,pdf,tekst,https://bip.bisztynek.pl/system/pobierz.php?id=10574,direct_without_tor,76ff404744ac759a8e95d59f8a15e9204da114f1254a5c542c238bbcc7efce1f,200,2026-09-05T23:55:36Z,,3.173,true
19272,warmińsko-mazurskie,bartoszycki,Bisztynek,gmina miejsko-wiejska,2801043,2024,ok_finalnie,pdf,tekst,https://bip.bisztynek.pl/system/pobierz.php?id=10930,direct_without_tor,6fd87716df8394f6560d7c4571c49fe32552d57b59a23ae8d3443f4275becf36,200,2026-09-05T23:55:36Z,,1.637,true
19273,warmińsko-mazurskie,bartoszycki,Bisztynek,gmina miejsko-wiejska,2801043,2025,ok_finalnie,pdf,tekst,https://bip.bisztynek.pl/system/pobierz.php?id=8b98574afb39c987af032e51fa75ec03,direct_without_tor,c7cd301e866296604dde995efad84d448a7b2b3580e3581783faf797cdbf2584,200,2026-09-05T23:55:36Z,,1.545,true
19274,warmińsko-mazurskie,bartoszycki,Górowo Iławeckie,gmina wiejska,2801052,2018,ok_finalnie,pdf,tekst,http://gorowoil-ug.bip-wm.pl/public/get_file.php?id=340183,direct_without_tor,1249c0e57591472215de7849868f1bbcc7250e48237910ca345eb0b4aca537c2,200,2026-09-05T23:55:36Z,,3.433,true
19275,warmińsko-mazurskie,bartoszycki,Górowo Iławeckie,gmina wiejska,2801052,2019,ok_finalnie,pdf,tekst,http://gorowoil-ug.bip-wm.pl/public/get_file.php?id=354544,direct_without_tor,f1cc7e38e200abad80d25e81ceb8d542892f2777da483ded7e256b609bebf9f7,200,2026-09-05T23:55:36Z,,5.065,true
19276,warmińsko-mazurskie,bartoszycki,Górowo Iławeckie,gmina wiejska,2801052,2020,ok_finalnie,pdf,tekst,https://gorowoil-ug.bip-wm.pl/public/get_file.php?id=366010,direct_without_tor,8b40fe0c7f6900fa5a3f6967e5de1cdc52232b846324666f3f73e941fed9877c,200,2026-09-05T23:55:36Z,,2.72,true
19277,warmińsko-mazurskie,bartoszycki,Górowo Iławeckie,gmina wiejska,2801052,2021,ok_finalnie,pdf,tekst,https://gorowoil-ug.bip-wm.pl/public/get_file.php?id=373922,direct_without_tor,33ac41f1e69cfc63068931ecd168fede54691785efac59d841701af776ff18f6,200,2026-09-05T23:55:36Z,,6.678,true
19278,warmińsko-mazurskie,bartoszycki,Górowo Iławeckie,gmina wiejska,2801052,2022,ok_finalnie,pdf,tekst,https://gorowoil-ug.bip-wm.pl/public/get_file.php?id=381318,direct_without_tor,68e02cc08f5b2f24d1a35529b1919dec3f25f61240a148dc328c1a0758cb4e29,200,2026-09-05T23:55:36Z,,1.291,true
19279,warmińsko-mazurskie,bartoszycki,Górowo Iławeckie,gmina wiejska,2801052,2023,ok_finalnie,pdf,tekst,https://gorowoil-ug.bip-wm.pl/public/get_file.php?id=387471,direct_without_tor,fd3c33cdae311a30cf0670cd5623beb048d4955eae1ac434e22c918415b89c20,200,2026-09-05T23:55:36Z,,4.727,true
19280,warmińsko-mazurskie,bartoszycki,Górowo Iławeckie,gmina wiejska,2801052,2024,ok_finalnie,pdf,tekst,https://gorowoil-ug.bip-wm.pl/public/get_file.php?id=393099,direct_without_tor,7f18ecb507992b174fe0500b2b755ad640c1afa514bd6b0694953c30426fc171,200,2026-09-05T23:55:36Z,,1.619,true
19281,warmińsko-mazurskie,bartoszycki,Górowo Iławeckie,gmina wiejska,2801052,2025,ok_finalnie,pdf,tekst,https://gorowoil-ug.bip-wm.pl/public/get_file.php?id=397530,direct_without_tor,dbbebac85ec025d2159fb4d88215516ce5f251ed4f3e74faa381dc2588e4ced3,200,2026-09-05T23:55:36Z,,1.925,true
19282,warmińsko-mazurskie,bartoszycki,Sępopol,gmina miejsko-wiejska,2801063,2018,ok_finalnie,pdf,skan,https://bipsepopol.warmia.mazury.pl/attachment/informacja/3648/e85910445c8ed77848d75f31e8fa9673ded5e0c0.html,direct_without_tor,644189c49601ce6fb9bdf9853c0a2fd54abf854a67a6e18b86999a0bbc1b3a46,200,2026-09-06T06:27:20Z,,33.034,true
19283,warmińsko-mazurskie,bartoszycki,Sępopol,gmina miejsko-wiejska,2801063,2019,ok_finalnie,pdf,skan,https://bipsepopol.warmia.mazury.pl/attachment/informacja/4650/57877c6c04f0bc13514899e76489c89cec023b2e.html,direct_without_tor,7fff5c806914537b0ad3c8baafecbd12fb7750838f4b5127ced5e7ecb148bf0d,200,2026-09-06T06:27:20Z,,26.101,true
19284,warmińsko-mazurskie,bartoszycki,Sępopol,gmina miejsko-wiejska,2801063,2020,ok_finalnie,pdf,tekst,https://bipsepopol.warmia.mazury.pl/attachment/informacja/6414/9f77eb3b82b769c5bfdbee2ac88d63247ad16af5.html,direct_without_tor,e0d0dc9595ace7f4bdefcea8c9f4b8294fd3811db98ce9cc34bdff35497a77b4,200,2026-09-06T06:27:20Z,,1.261,true
19285,warmińsko-mazurskie,bartoszycki,Sępopol,gmina miejsko-wiejska,2801063,2021,ok_finalnie,pdf,skan,https://bipsepopol.warmia.mazury.pl/attachment/informacja/8065/182ea8a67b2a76799db939f3fe22ab9b53148e6a.html;https://bipsepopol.warmia.mazury.pl/attachment/informacja/8066/a4fcab78dca3e5267d0aac9a61d8b39f118c0169.html;https://bipsepopol.warmia.mazury.pl/attachment/informacja/8067/a3ad0598a706531c71f2503c4539514f64c629d5.html,direct_without_tor,c1f7fcaedaea94654697aa0f5db692603d7b480efa81655e0a6786253fdd76ad;8039935eed393934dc9c5879923cadc9ab95aa597669e58cc8d526c864cf723e;0a0078ad40bebb2de190d7498bc27f8a8475a89aa569e902eb6b88448aa55c29,200,2026-09-06T10:50:00Z,,28.846,true
19286,warmińsko-mazurskie,bartoszycki,Sępopol,gmina miejsko-wiejska,2801063,2022,ok_finalnie,pdf,skan,https://bipsepopol.warmia.mazury.pl/attachment/informacja/8867/77413ad9f8d3aa200101697595258a9f15b6c6ea.html,direct_without_tor,08fc707650e5c2747fe72c449af2164a03a114af436cefb1d335f3f50e149b4e,200,2026-09-06T06:27:20Z,,2.719,true
19287,warmińsko-mazurskie,bartoszycki,Sępopol,gmina miejsko-wiejska,2801063,2023,ok_finalnie,pdf,skan,https://bipsepopol.warmia.mazury.pl/attachment/informacja/9692/cbd0022e803ad49ca7cc8ca65814b00690e0dc2a.html,direct_without_tor,3a8f45bd4f4bc8d816534c6c020200bb49ebf5fe8961f7ad1ad7e83bc530d0f9,200,2026-09-06T06:27:20Z,,4.431,true
19288,warmińsko-mazurskie,bartoszycki,Sępopol,gmina miejsko-wiejska,2801063,2024,ok_finalnie,pdf,skan,https://bipsepopol.warmia.mazury.pl/attachment/informacja/11727/3ec4577f6fb17d4d6ae1c255c85427965cc6be4f.html,direct_without_tor,f37e003148d19cdf8182232d74d714d23023a2ea3f95d574a75d981037ea2845,200,2026-09-06T06:33:18Z,,5.498,true
19289,warmińsko-mazurskie,bartoszycki,Sępopol,gmina miejsko-wiejska,2801063,2025,ok_finalnie,pdf,skan,https://bipsepopol.warmia.mazury.pl/attachment/informacja/11737/23016c8021184ce64c495fe663cbb142323576d6.html,direct_without_tor,981007d3101c326a97eae0bf06cd5f9ce5978b1b820f2424c129a8231b9f547e,200,2026-09-06T06:27:20Z,,5.768,true
19290,warmińsko-mazurskie,braniewski,-,-,2802,2018,ok_finalnie,pdf,tekst,https://bip.powiat-braniewo.pl/attachments/download/299,direct_without_tor,fd4d42cbb229474ac3eebe5926ff3202caf2c1bdfe4756c6385aef637100e908,200,2026-09-06T15:16:27Z,,1.107,true
19291,warmińsko-mazurskie,braniewski,-,-,2802,2019,ok_finalnie,pdf,tekst,https://bip.powiat-braniewo.pl/attachments/download/348,direct_without_tor,37dc452a07319fd40f8402c5c9399aae20900e123cf476077d5d7e13e45b8b0d,200,2026-09-06T15:16:27Z,,1.276,true
19292,warmińsko-mazurskie,braniewski,-,-,2802,2020,ok_finalnie,pdf,tekst,https://bip.powiat-braniewo.pl/attachments/download/1107,direct_without_tor,2033c6a0c892049ea1784f4781221d96784f123980b9251f6e0a2001e26eaa00,200,2026-09-06T15:16:27Z,,1.952,true
19293,warmińsko-mazurskie,braniewski,-,-,2802,2021,ok_finalnie,pdf,tekst,https://bip.powiat-braniewo.pl/attachments/download/8533,direct_without_tor,0e82f86d19482da4ff0abc3db5bfffbef1033e35172cd39b61fc27e4146232b1,200,2026-09-06T15:16:27Z,,1.699,true
19294,warmińsko-mazurskie,braniewski,-,-,2802,2022,ok_finalnie,pdf,tekst,https://bip.powiat-braniewo.pl/attachments/download/9271,direct_without_tor,e25acce03af35bd5a83434b43bde73adefe278f6f6c21194b880ce68e07a49bb,200,2026-09-06T15:16:27Z,,1.919,true
19295,warmińsko-mazurskie,braniewski,-,-,2802,2023,ok_finalnie,pdf,tekst,https://bip.powiat-braniewo.pl/attachments/download/10011,direct_without_tor,b186acec94f6f1f930a31114d9a0eaad6ed80674ceed92a988e6ae0d0f10e76d,200,2026-09-06T15:16:27Z,,1.376,true
19296,warmińsko-mazurskie,braniewski,-,-,2802,2024,ok_finalnie,pdf,tekst,https://bip.powiat-braniewo.pl/attachments/download/10730,direct_without_tor,1d1c4ce849ebabf7b758836c291079176f5a69f5fdc21fc894b7b6214b200b71,200,2026-09-06T15:16:27Z,,1.557,true
19297,warmińsko-mazurskie,braniewski,-,-,2802,2025,ok_finalnie,pdf,tekst,https://bip.powiat-braniewo.pl/attachments/download/11378,direct_without_tor,2d3a64bbcd4170829e402641789a9669733e2996016714d7c403d980165c2a48,200,2026-09-06T15:16:27Z,,1.666,true
19298,warmińsko-mazurskie,braniewski,Braniewo,gmina miejska,2802011,2018,ok_finalnie,pdf,tekst,http://archiwum.bip.braniewo.pl/urzad-miasta?task=article.downloadAttachment&id=4115&version=3949,direct_without_tor,7cb67d0a33f1507321fbf55dcf8678bdee4ef97a3cc1c09cbc7b7092b8a838b8,200,2026-09-06T09:45:24Z,,0.617,true
19299,warmińsko-mazurskie,braniewski,Braniewo,gmina miejska,2802011,2019,ok_finalnie,pdf,tekst,http://archiwum.bip.braniewo.pl/urzad-miasta?task=article.downloadAttachment&id=5221&version=5123,direct_without_tor,9bac21b79bed7ed83d31f7eb9e67e8a517e6c3a6adb339c0eab3ec6f8a42043a,200,2026-09-06T09:45:24Z,,10.144,true
19300,warmińsko-mazurskie,braniewski,Braniewo,gmina miejska,2802011,2020,ok_finalnie,pdf,tekst,http://archiwum.bip.braniewo.pl/urzad-miasta?task=article.downloadAttachment&id=5997&version=6019,direct_without_tor,ccb7c0b5727a828937f6fbe7937da052204d87ebf8ce1e70b26a1bd241ba39df,200,2026-09-06T09:45:24Z,,41.492,true
19301,warmińsko-mazurskie,braniewski,Braniewo,gmina miejska,2802011,2021,ok_finalnie,pdf,tekst,http://bip.braniewo.pl/attachments/download/218,direct_without_tor,1cf7e910cb73ec3981ea1696a10ac804fb059ca2db82723ecd20b4b1e5f55699,200,2026-09-06T06:36:04Z,,14.697,true
19302,warmińsko-mazurskie,braniewski,Braniewo,gmina miejska,2802011,2022,ok_finalnie,pdf,tekst,http://bip.braniewo.pl/attachments/download/1390,direct_without_tor,fcfd035b3598df64f34a0d68f203cae01b3a87dbbb0a7d974f9c3367b2b2a710,200,2026-09-06T06:36:04Z,,19.871,true
19303,warmińsko-mazurskie,braniewski,Braniewo,gmina miejska,2802011,2023,ok_finalnie,pdf,tekst,http://bip.braniewo.pl/attachments/download/2699,direct_without_tor,0f27babc134412d38496ba49da8edf42a03045edf297152090416c86e5d801fa,200,2026-09-06T06:36:04Z,,18.636,true
19304,warmińsko-mazurskie,braniewski,Braniewo,gmina miejska,2802011,2024,ok_finalnie,pdf,tekst,https://bip.braniewo.pl/attachments/download/3905,direct_without_tor,81d3cfdf6899f970a5f212296fcdfc3f6154dd8df100c90735610df99edf09d8,200,2026-09-06T06:35:20Z,,53.605,true
19305,warmińsko-mazurskie,braniewski,Braniewo,gmina miejska,2802011,2025,ok_finalnie,pdf,tekst,https://bip.braniewo.pl/attachments/download/4915,direct_without_tor,68f9bcf45e9808de5dd1c8569a5c5a2161fced563b6655f358dd39f472e8b0d8,200,2026-09-06T06:35:20Z,,217.341,true
19306,warmińsko-mazurskie,braniewski,Braniewo,gmina wiejska,2802022,2018,ok_finalnie,pdf,tekst,https://bipbraniewo.warmia.mazury.pl/attachment/informacja/1494/5a466e96a9a517a66725c1bfb568602f5b5bb696.html,direct_without_tor,ce8433532ebbc40edf4f096455ef6a83b3280a831c8326fde2eb377a1d702a84,200,2026-09-06T09:45:24Z,,2.011,true
19307,warmińsko-mazurskie,braniewski,Braniewo,gmina wiejska,2802022,2019,ok_finalnie,doc,tekst,https://bipbraniewo.warmia.mazury.pl/attachment/informacja/2402/8f01a6562600ccbbc0b2bcb3c148a5a45873c396.html,direct_without_tor,1de4ae4994b4ad73a5ed8097f1ad9458bfd25eec688a203f2db9582fba076b2e,200,2026-09-06T09:45:24Z,,0.841,true
19308,warmińsko-mazurskie,braniewski,Braniewo,gmina wiejska,2802022,2020,ok_finalnie,doc,tekst,https://bipbraniewo.warmia.mazury.pl/attachment/informacja/3361/506649e64b13046ffc3ed82709f89b83540b2fc5.html,direct_without_tor,0c598bc103db9de43754bbbca61a4445f9a59d06be611f9fababb7b502239b37,200,2026-09-06T09:45:24Z,,1.289,true
19309,warmińsko-mazurskie,braniewski,Braniewo,gmina wiejska,2802022,2021,ok_finalnie,doc,tekst,https://bipbraniewo.warmia.mazury.pl/attachment/informacja/5846/c8d118d12f21086c37b0eb0081b7caf628b2cad2.html,direct_without_tor,c527535ccf6f90800f58e661c3105fdc432ddff55f875cb0627e46ea2f2676da,200,2026-09-06T09:45:24Z,,1.687,true
19310,warmińsko-mazurskie,braniewski,Braniewo,gmina wiejska,2802022,2022,ok_finalnie,doc,tekst,https://bipbraniewo.warmia.mazury.pl/attachment/informacja/9765/637a6d72af1f796e38e7bd734f0c04939e441d77.html,direct_without_tor,3b72693e47aacebaf119652e8e910bcec4c493d4466f9b3905f92d59e8376646,200,2026-09-06T09:45:24Z,,0.957,true
19311,warmińsko-mazurskie,braniewski,Braniewo,gmina wiejska,2802022,2023,ok_finalnie,doc,tekst,https://bipbraniewo.warmia.mazury.pl/attachment/informacja/9764/e212db7f729e37cbd16449b5a1b9f3f16eeed177.html,direct_without_tor,2538937f67bbfd27992c5a98e0d0ff0f5bf2fd9790fd4c195415eacb7469c575,200,2026-09-06T09:45:24Z,,1.171,true
19312,warmińsko-mazurskie,braniewski,Braniewo,gmina wiejska,2802022,2024,ok_finalnie,pdf,tekst,https://bipbraniewo.warmia.mazury.pl/attachment/informacja/10013/33922611120cdcfa69a2fb8ac3fd0c2b43e66d70.html,direct_without_tor,c220b6fb4f68659b153e1f4d4029d69a566dfadf3c7d5079ffbc0e00734926f4,200,2026-09-06T06:33:18Z,,2.055,true
19313,warmińsko-mazurskie,braniewski,Braniewo,gmina wiejska,2802022,2025,brak_finalnie,brak,,brak,"dogłębne sprawdzenie oficjalnych źródeł Gminy Braniewo: BIP (kategoria „Strategie, raporty i opracowania”, lista do 2024 r. bez rocznika 2025), oficjalny CMS i jego wyszukiwarka; oficjalna uchwała Rady Gminy nr 36/IX/2026 z 22-05-2026 oraz jej załącznik HTML potwierdzające rozpatrzenie raportu za 2025; web search, sitemap/robots, alternatywne domeny i Wayback CDX. Dokumentu raportu nie odzyskano, więc nie wykonano walidacji pliku.",,BRAK_URL (dowód istnienia - plik nieodzyskany),2026-09-07T00:00:00Z,"[TURA 21 07.09.2026] Braniewo, gmina wiejska, TERYT 2802022; rok merytoryczny 2025. Oficjalna kategoria BIP https://bipbraniewo.warmia.mazury.pl/kategoria/8/strategie-raporty-i-opracowania.html zawiera raporty za lata 2018-2024, ale nie zawiera raportu za 2025. Oficjalna wyszukiwarka/CMS https://www.gminabraniewo.pl/cms/index.php/component/search/?searchword=raport%202025&searchphrase=all&Itemid=101 nie zwraca raportu za 2025. Uchwała Rady Gminy Braniewo nr 36/IX/2026 z 22-05-2026 (https://bipbraniewo.warmia.mazury.pl/akty/1713/uchwala-w-sprawie-udzielenia-wojtowi-gminy-braniewo-wotum-zaufania.html) i jej załącznik HTML (https://bipbraniewo.warmia.mazury.pl/attachment/akty/2550/d3748fd9836e39804ec67edd70aea79aee50d09a.html) potwierdzają rozpatrzenie Raportu o stanie Gminy Braniewo za 2025, lecz nie udostępniają pliku raportu. Sprawdzono również sitemap/robots, alternatywne hosty i zapytania Wayback CDX; nie znaleziono publicznego pliku. Wynik: dowód istnienia raportu, kompletny dokument publicznie nieodzyskany; status bez zmiany na ok.",,true
19314,warmińsko-mazurskie,braniewski,Frombork,gmina miejsko-wiejska,2802033,2018,ok_finalnie,pdf,tekst,https://archiwum-frombork.bip.net.pl/zalacznik/12917/20190530%20-%20Za%C5%82%C4%85cznik%20-%20Raport%20o%20stanie%20Gminy.pdf,direct_without_tor,b9fb278409c5e388fb923bc09ed5d4dcbc739ecdbe3b0f0fb3987b9ed40e8665,200,2026-09-06T09:45:24Z,,1.487,true
19315,warmińsko-mazurskie,braniewski,Frombork,gmina miejsko-wiejska,2802033,2019,ok_finalnie,pdf,tekst,https://archiwum-frombork.bip.net.pl/zalacznik/12919/20200527%20-%20za%C5%82.%20do%20zarz%C4%85dzenia%20nr%2046_2020%20-%20Raport%20o%20stanie%20Gminy%20Frombork.pdf,direct_without_tor,005f660c924548ff418fd87d7240724fec2add57e1283c0af0cf1a5bea8f1f7d,200,2026-09-06T06:27:20Z,,1.497,true
19316,warmińsko-mazurskie,braniewski,Frombork,gmina miejsko-wiejska,2802033,2020,ok_finalnie,pdf,tekst,https://archiwum-frombork.bip.net.pl/zalacznik/12913/Raport%20o%20stanie%20Gminy%20Frombork%20za%202020%20rok.pdf,direct_without_tor,7b79a0fdd32d33eee670d4b95d4b84c989b4fa95d19825dcf07fed37051e6ab1,200,2026-09-06T09:45:24Z,,2.255,true
19317,warmińsko-mazurskie,braniewski,Frombork,gmina miejsko-wiejska,2802033,2021,ok_finalnie,pdf,tekst,https://archiwum-frombork.bip.net.pl/zalacznik/14480/Raport%20o%20stanie%20Gminy%20Frombork%202021%20rok.pdf,direct_without_tor,a1cc95fb6c78f4e2f93583a228fa3f7ac7841bd31535d8f32ae462e97f578fc4,200,2026-09-06T09:45:24Z,,3.649,true
19318,warmińsko-mazurskie,braniewski,Frombork,gmina miejsko-wiejska,2802033,2022,ok_finalnie,pdf,tekst,https://archiwum-frombork.bip.net.pl/zalacznik/15892/Raport%20o%20stanie%20Gminy%20Frombork%202022%20rok.pdf,direct_without_tor,fd9a77d2f60ade474f92672bbd5946f7adace18f095e5e6ff895e0369554c8dc,200,2026-09-06T09:45:24Z,,3.736,true
19319,warmińsko-mazurskie,braniewski,Frombork,gmina miejsko-wiejska,2802033,2023,ok_finalnie,pdf,tekst,https://frombork-api.bip.net.pl/api/attachments/2227,direct_without_tor,a9428c0ec530c82ffb1908be8ac11504862bbbcc9b3e0ea7ce5e5e9c3cbbf248,200,2026-09-06T13:15:00Z,,2.985,true
19320,warmińsko-mazurskie,braniewski,Frombork,gmina miejsko-wiejska,2802033,2024,ok_finalnie,pdf,skan,https://frombork-api.bip.net.pl/api/attachments/3938,direct_without_tor,26d56832dd4fa23235341f1d5500d87efe4a043c304350cca354951a675b9c75,200,2026-09-06T13:15:00Z,,3.612,true
19321,warmińsko-mazurskie,braniewski,Frombork,gmina miejsko-wiejska,2802033,2025,ok_finalnie,pdf,tekst,https://frombork-api.bip.net.pl/api/attachments/5822,direct_without_tor,eef90e52528bcf350086c7ddfcb36f31920b5f49e2f4c22a9e035a3b6758f2a6,200,2026-09-06T13:15:00Z,,2.107,true
19322,warmińsko-mazurskie,braniewski,Lelkowo,gmina wiejska,2802042,2018,ok_finalnie,pdf,tekst,https://biplelkowo.warmia.mazury.pl/attachment/informacja/3338/59449b208c4baf1e4d503d5874117a0857d2275f.html,direct_without_tor,82bdc41e7dc685109e256029780d8c7ab5810d9737797b20167d627b3cb955b4,200,2026-09-06T06:27:20Z,,3.303,true
19323,warmińsko-mazurskie,braniewski,Lelkowo,gmina wiejska,2802042,2019,ok_finalnie,pdf,tekst,https://biplelkowo.warmia.mazury.pl/attachment/informacja/4024/29f3e71b47ab25332e6018e626419cc610489d8b.html,direct_without_tor,66e35ec83110b8f2dab83f3686f5544b8328c4d4c085c775778b19dec85b7c6b,200,2026-09-06T06:27:20Z,,1.854,true
19324,warmińsko-mazurskie,braniewski,Lelkowo,gmina wiejska,2802042,2020,ok_finalnie,pdf,skan,https://biplelkowo.warmia.mazury.pl/attachment/informacja/5102/0b555f977ef4961bd1b6f2f9d5e6fc046e6fd7b5.html,direct_without_tor,48e875a7312bd418e9106d9d1ad3c5afc80ae590aa8880c93580f22a64685876,200,2026-09-06T06:27:20Z,,19.944,true
19325,warmińsko-mazurskie,braniewski,Lelkowo,gmina wiejska,2802042,2021,ok_finalnie,pdf,skan,https://biplelkowo.warmia.mazury.pl/attachment/informacja/6080/d9ad0de0b8926554c5ff8b043a00ca963589ddd5.html,direct_without_tor,1ea914d79cb97c429d5c88ebe5d94b2454bc17ab23cd8d0d14d0edc191faaacd,200,2026-09-06T06:27:20Z,,24.803,true
19326,warmińsko-mazurskie,braniewski,Lelkowo,gmina wiejska,2802042,2022,ok_finalnie,pdf,skan,https://biplelkowo.warmia.mazury.pl/attachment/informacja/6776/4ae42e6256fbfe469b8466aae84fa8f6ab653e3f.html,direct_without_tor,ea75da1929c864f48030047ecf10952b6353830d3d38b7afa174f5636d06b8be,200,2026-09-06T06:27:20Z,,4.259,true
19327,warmińsko-mazurskie,braniewski,Lelkowo,gmina wiejska,2802042,2023,ok_finalnie,pdf,skan,https://biplelkowo.warmia.mazury.pl/attachment/informacja/8407/81a10d1d8821b797e22b37bd7d334a6d0c337c86.html,direct_without_tor,9551375caa16b31e7b9b27ce4967e9f14c2148bc82d9b2b1e5b7687ce0493020,200,2026-09-06T06:27:20Z,,4.895,true
19328,warmińsko-mazurskie,braniewski,Lelkowo,gmina wiejska,2802042,2024,ok_finalnie,pdf,tekst,https://biplelkowo.warmia.mazury.pl/attachment/informacja/9567/d9d9f7cc8bfe85900d716d25e7d24393ce646edc.html,direct_without_tor,cd6104df2ead82d08d52b1d7b8f854ef7eabe5a691337c3bd4088fc9b31e14d6,200,2026-09-06T06:27:20Z,,2.637,true
19329,warmińsko-mazurskie,braniewski,Lelkowo,gmina wiejska,2802042,2025,ok_finalnie,pdf,tekst,https://biplelkowo.warmia.mazury.pl/attachment/informacja/10644/c51e31b1657431756741896cc58a3dc875e99acc.html,direct_without_tor,e60153db2bc5e6e19fa07197702bdafcef8411b84ed2c25e8c1f790642ffcc6c,200,2026-09-06T06:27:20Z,,6.631,true
19330,warmińsko-mazurskie,braniewski,Pieniężno,gmina miejsko-wiejska,2802053,2018,ok_finalnie,pdf,tekst,https://bip.pieniezno.pl/attachments/download/5904,direct_without_tor,ee37cd71a5df655569f854e5009eb4c359f51618f401b20444623fe4fbe7c33f,200,2026-09-05T23:55:36Z,,1.368,true
19331,warmińsko-mazurskie,braniewski,Pieniężno,gmina miejsko-wiejska,2802053,2019,ok_finalnie,pdf,skan,https://bip.pieniezno.pl/attachments/download/6496,direct_without_tor,be764f6e01f3d65dbb508f9b319ff48569ed3cb6a09a18d0fe4c036bf9fe8bff,200,2026-09-06T06:37:05Z,,3.383,true
19332,warmińsko-mazurskie,braniewski,Pieniężno,gmina miejsko-wiejska,2802053,2020,ok_finalnie,pdf,skan,https://bip.pieniezno.pl/attachments/download/6955,direct_without_tor,6b82dcea59d7fa5b00c17572202fb0bb397523e6538accaae56e425891c85edd,200,2026-09-06T06:37:05Z,,3.117,true
19333,warmińsko-mazurskie,braniewski,Pieniężno,gmina miejsko-wiejska,2802053,2021,ok_finalnie,pdf,skan,https://bip.pieniezno.pl/attachments/download/7324,direct_without_tor,a5a841c4b4a1d2cb780b3a31794c64318619111873418bf3fd8bed56316c7cee,200,2026-09-06T06:37:05Z,,3.495,true
19334,warmińsko-mazurskie,braniewski,Pieniężno,gmina miejsko-wiejska,2802053,2022,ok_finalnie,pdf,skan,https://bip.pieniezno.pl/attachments/download/7639,direct_without_tor,c55079f9e1c4292e6593c64d2fef4c255a042cc34fff37f3180d0adbbae4ad81,200,2026-09-06T06:37:05Z,,48.22,true
19335,warmińsko-mazurskie,braniewski,Pieniężno,gmina miejsko-wiejska,2802053,2023,ok_finalnie,pdf,skan,https://bip.pieniezno.pl/attachments/download/8136,direct_without_tor,e401c46682f55472f00c25d767db02e75c9134227019432aac0fa09561d5d080,200,2026-09-06T06:37:05Z,,4.555,true
19336,warmińsko-mazurskie,braniewski,Pieniężno,gmina miejsko-wiejska,2802053,2024,ok_finalnie,pdf,skan,https://bip.pieniezno.pl/attachments/download/8823,direct_without_tor,da0480b9699352dc1d9a4005193bfd1a2a91b1f3627148c72890e16e7d9ceb8f,200,2026-09-05T23:55:36Z,,6.9,true
19337,warmińsko-mazurskie,braniewski,Pieniężno,gmina miejsko-wiejska,2802053,2025,ok_finalnie,pdf,skan,https://bip.pieniezno.pl/attachments/download/9380,direct_without_tor,166386d73f7df3702a420c9afd478fd009690f4d888839ff5b14015490e9d933,200,2026-09-05T23:55:36Z,,4.12,true
19338,warmińsko-mazurskie,braniewski,Płoskinia,gmina wiejska,2802062,2018,ok_finalnie,pdf,tekst,https://ploskinia-ug.bip-wm.pl/public/get_file.php?id=340394,direct_without_tor_ssl_off (oficjalny BIP Płoskini; link historyczny odzyskany z archiwalnej strony raportów),61f8acf04b4131e2ffa66d42833d698182f2ac6835c090497cf132c71a924fad,200,2026-09-06T13:26:33Z,,0.884,true
19339,warmińsko-mazurskie,braniewski,Płoskinia,gmina wiejska,2802062,2019,ok_finalnie,pdf,tekst,https://ploskinia-ug.bip-wm.pl/public/get_file.php?id=354513,direct_without_tor_ssl_off (oficjalny BIP Płoskini; link historyczny odzyskany z archiwalnej strony raportów),bd02e5315dbb492a4bf1ae3ab8a6640113fc0473a38db297e88fa676044e6c0b,200,2026-09-06T13:26:33Z,,1.088,true
19340,warmińsko-mazurskie,braniewski,Płoskinia,gmina wiejska,2802062,2020,ok_finalnie,pdf,tekst,https://ploskinia-ug.bip-wm.pl/public/get_file.php?id=366217,direct_without_tor_ssl_off (oficjalny BIP Płoskini; link historyczny odzyskany z archiwalnej strony raportów),bed30769dd60d165278fc5be0a73086ba69b678e1bafdf53cad04244e740a52c,200,2026-09-06T13:26:33Z,,1.157,true
19341,warmińsko-mazurskie,braniewski,Płoskinia,gmina wiejska,2802062,2021,ok_finalnie,pdf,tekst,https://ploskinia-ug.bip-wm.pl/public/get_file.php?id=374081,direct_without_tor_ssl_off (oficjalny BIP Płoskini; link historyczny odzyskany z archiwalnej strony raportów),b30bc3916370554156e65a0a514f3a190383095b80856d618df9fc58eedd0cda,200,2026-09-06T13:26:33Z,,1.057,true
19342,warmińsko-mazurskie,braniewski,Płoskinia,gmina wiejska,2802062,2022,ok_finalnie,pdf,tekst,https://ploskinia-ug.bip-wm.pl/public/get_file.php?id=381686,direct_without_tor_ssl_off (oficjalny BIP Płoskini; link historyczny odzyskany z archiwalnej strony raportów),fe155d8ceac260c611ecdda1cac9037c5bdd88c678bb51fc292a3a8f09b10c38,200,2026-09-06T13:26:33Z,,0.630,true
19343,warmińsko-mazurskie,braniewski,Płoskinia,gmina wiejska,2802062,2023,ok_finalnie,pdf,tekst,https://ploskinia-ug.bip-wm.pl/public/get_file.php?id=387548,direct_without_tor_ssl_off (oficjalny BIP Płoskini; link historyczny odzyskany z archiwalnej strony raportów),35dd7f563f4c71da53634c56b3b6b80ee82c6ab342f43439a39f212379bbc65f,200,2026-09-06T13:26:33Z,,0.771,true
19344,warmińsko-mazurskie,braniewski,Płoskinia,gmina wiejska,2802062,2024,ok_finalnie,pdf,tekst,https://ploskinia-ug.bip-wm.pl/public/getFile?id=393085,direct_without_tor,e1504180a4b58beb034582b244f0f5314948dfe90d2477847b2e11dd1f61dce1,200,2026-09-06T06:27:20Z,,0.651,true
19345,warmińsko-mazurskie,braniewski,Płoskinia,gmina wiejska,2802062,2025,ok_finalnie,pdf,tekst,https://ploskinia-ug.bip-wm.pl/public/get_file.php?id=397545,direct_without_tor,284831bc2a2b98f19f11c70c1ec5df443fed5c4b67d48ea67967ce569b868710,200,2026-09-06T09:45:24Z,,4.634,true
19346,warmińsko-mazurskie,braniewski,Wilczęta,gmina wiejska,2802072,2018,ok_finalnie,pdf,skan,http://biparchiwum.wilczeta.pl/www.ugwilczeta.bip.doc.pl/upload/doc/16550_20190531_080946.pdf,direct_without_tor (oficjalne archiwum BIP Gminy Wilczęta),3a6e6fec6b72ff5701de549626d7074f91479823d1a827f067b258eb35c35cea,200,2026-09-06T13:16:31Z,,4.270,true
19347,warmińsko-mazurskie,braniewski,Wilczęta,gmina wiejska,2802072,2019,ok_finalnie,pdf,tekst,http://biparchiwum.wilczeta.pl/www.ugwilczeta.bip.doc.pl/upload/doc/16550_20200723_072447.pdf,direct_without_tor (oficjalne archiwum BIP Gminy Wilczęta),15727fe45c6f80a3616407ac46ad15852b75297031f04a8f67c948d4c51bab4e,200,2026-09-06T13:16:31Z,,0.496,true
19348,warmińsko-mazurskie,braniewski,Wilczęta,gmina wiejska,2802072,2020,ok_finalnie,pdf,tekst,https://bip.wilczeta.pl/files/file_add/download/5_raport-o-stanie-gminy-za-2020.pdf,direct_without_tor,43d4567ad14eec590e51dcf2ac42acfd3e8456ff5f2c1259724e95a830ebabbc,200,2026-09-06T06:27:20Z,,0.219,true
19349,warmińsko-mazurskie,braniewski,Wilczęta,gmina wiejska,2802072,2021,ok_finalnie,pdf,tekst,https://bip.wilczeta.pl/files/file_add/download/811_raport-o-stanie-gminy-za-2021.pdf,direct_without_tor,cb38e5c7b382a36a9919f0c131e71e315ffea1c79cd1c9f45c7ad242c315270f,200,2026-09-06T06:27:20Z,,0.497,true
19350,warmińsko-mazurskie,braniewski,Wilczęta,gmina wiejska,2802072,2022,ok_finalnie,pdf,tekst,https://bip.wilczeta.pl/files/file_add/download/1294_raport-o-stanie-gminy-za-2022.pdf,direct_without_tor,35f95d81df4f1f86c9d6673613e47ee23e0ede1d271c1f7e7aca88258969dca4,200,2026-09-06T06:27:20Z,,0.827,true
19351,warmińsko-mazurskie,braniewski,Wilczęta,gmina wiejska,2802072,2023,ok_finalnie,pdf,tekst,https://bip.wilczeta.pl/files/file_add/download/1760_raport-o-stanie-gminy-za-2023.pdf,direct_without_tor,15dca23faa6a8f866c628eb097332f319ed68e62d7b3eb7eb0aa1d11cc92e418,200,2026-09-06T06:27:20Z,,0.713,true
19352,warmińsko-mazurskie,braniewski,Wilczęta,gmina wiejska,2802072,2024,ok_finalnie,pdf,tekst,https://bip.wilczeta.pl/files/file_add/download/2430_raport-o-stanie-gminy-za-rok-2024.pdf,direct_without_tor,f95a450b0e2b24ae09c5d5e7f4b1fd7b5bd9d07f7af45bdf0a88e5e9b645dc4f,200,2026-09-06T06:27:20Z,,1.652,true
19353,warmińsko-mazurskie,braniewski,Wilczęta,gmina wiejska,2802072,2025,ok_finalnie,pdf,tekst,https://bip.wilczeta.pl/files/file_add/download/3006_raport-o-stanie-gminy-za-2025-r.pdf,direct_without_tor,5b49cc19286be29cff798523930d925a1f6623c35d0173e739cc8f9470381f79,200,2026-09-06T06:27:20Z,,7.356,true
19354,warmińsko-mazurskie,działdowski,Działdowo,gmina miejska,2803011,2018,ok_finalnie,pdf,tekst,https://bip.dzialdowo.eu/attachments/download/13464,direct_without_tor,93df18459d8281ab4a7c5ed01d29c6c93496c696cc3e87ad3a1c4e9001aedd62,200,2026-09-06T06:41:40Z,,3.796,true
19355,warmińsko-mazurskie,działdowski,Działdowo,gmina miejska,2803011,2019,ok_finalnie,pdf,tekst,https://bip.dzialdowo.eu/attachments/download/14867,direct_without_tor,337622915afe64469c746b5c5c169b58f129f4d77c2fede3368d7f694c9b663b,200,2026-09-06T06:41:40Z,,2.288,true
19356,warmińsko-mazurskie,działdowski,Działdowo,gmina miejska,2803011,2020,ok_finalnie,pdf,tekst,https://bip.dzialdowo.eu/attachments/download/16083,direct_without_tor,d873da0048cfdd7792eec27fa48811db4b0488a375dabc131ff6d168991fd134,200,2026-09-06T06:41:40Z,,2.159,true
19357,warmińsko-mazurskie,działdowski,Działdowo,gmina miejska,2803011,2021,ok_finalnie,pdf,tekst,https://bip.dzialdowo.eu/attachments/download/17488,direct_without_tor,370168f06ae42be288436334d2b5b9c7ae42acd9520dc5f29e4283ac172ef83a,200,2026-09-06T06:41:40Z,,2.4,true
19358,warmińsko-mazurskie,działdowski,Działdowo,gmina miejska,2803011,2022,ok_finalnie,pdf,tekst,https://bip.dzialdowo.eu/attachments/download/18747,direct_without_tor,8d0523c997c909ade642d0acd558c99c8a324c8bd2aa00f8303acba40d1948ac,200,2026-09-06T06:41:40Z,,2.552,true
19359,warmińsko-mazurskie,działdowski,Działdowo,gmina miejska,2803011,2023,ok_finalnie,pdf,tekst,https://bip.dzialdowo.eu/attachments/download/20120,direct_without_tor,9a46814f74d837ea98caa47fe56e1373fd8b74ced7be6a0d7cb15a0aa800d6ea,200,2026-09-06T06:41:40Z,,2.202,true
19360,warmińsko-mazurskie,działdowski,Działdowo,gmina miejska,2803011,2024,ok_finalnie,pdf,tekst,https://bip.dzialdowo.eu/attachments/download/21388,direct_without_tor,3aa3c4f7ef7def4bbea530bc5f6420005a5255d7e546cd6b3cdcedaceb1ae7b3,200,2026-09-06T06:41:40Z,,2.344,true
19361,warmińsko-mazurskie,działdowski,Działdowo,gmina miejska,2803011,2025,ok_finalnie,pdf,tekst,https://bip.dzialdowo.eu/attachments/download/22495,direct_without_tor,67d4ac68998585caea9f7e7fe85d0d8b508851032bb1691df0eccca45f41534d,200,2026-09-06T06:41:40Z,,3.216,true
19362,warmińsko-mazurskie,działdowski,Działdowo,gmina wiejska,2803022,2018,ok_finalnie,pdf,tekst,https://dzialdowo.ug.gov.pl/archiwum/bip/Raport%20o%20stanie%20gminy%20za%202018%20rok8572.pdf?p=document&action=save&id=9406&bar_id=3379,direct_without_tor,7d5b41757bd4618aad59bf4c5bdccb488aca3060575e1d9728521c06c0bc6c5f,200,2026-09-06T06:47:51Z,,8.309,true
19363,warmińsko-mazurskie,działdowski,Działdowo,gmina wiejska,2803022,2019,ok_finalnie,pdf,tekst,https://dzialdowo.ug.gov.pl/archiwum/bip/Raport%20o%20stanie%20gminy%20za%202019687d.pdf?p=document&action=save&id=10151&bar_id=3603,direct_without_tor,00b6b5c940d48b1baec9dd2396688f4c4a57f32cbfb4fb68f61491a4caddc0f1,200,2026-09-06T06:47:51Z,,4.337,true
19364,warmińsko-mazurskie,działdowski,Działdowo,gmina wiejska,2803022,2020,ok_finalnie,pdf,tekst,https://dzialdowo.ug.gov.pl/archiwum/bip/Raport%20za%202020r7f24.pdf?p=document&action=save&id=10870&bar_id=3930,direct_without_tor,c889dcec2f69ceee46d79698c8dbd643e8eeae6a27e68dd9d017265000311c5d,200,2026-09-06T06:47:51Z,,5.215,true
19365,warmińsko-mazurskie,działdowski,Działdowo,gmina wiejska,2803022,2021,ok_finalnie,pdf,tekst,https://dzialdowo.ug.gov.pl/archiwum/bip/Raport%20za%202021%20podpisany32df.pdf?p=document&action=save&id=11785&bar_id=4141,direct_without_tor,a892f980093215b3fe3bd33eb0d265823a30e856a11ab14e9095009b6e233925,200,2026-09-06T06:47:51Z,,8.771,true
19366,warmińsko-mazurskie,działdowski,Działdowo,gmina wiejska,2803022,2022,ok_finalnie,pdf,tekst,https://dzialdowo.ug.gov.pl/fls/bip_pliki/2023_06/BIPF5FDE857D76545Z/Raport_za_2022_podpisany.pdf,direct_without_tor,44a080eeb27843de904e08595a99a656019a7bebfa1f5eea19cf985e9355a7e1,200,2026-09-05T23:55:36Z,,16.336,true
19367,warmińsko-mazurskie,działdowski,Działdowo,gmina wiejska,2803022,2023,ok_finalnie,pdf,tekst,https://dzialdowo.ug.gov.pl/fls/bip_pliki/2024_05/BIPF61982D63E54F6Z/Raport_za_2023.pdf,direct_without_tor,4262d1bdd29ed79b2eaab9aeae89ebfaa53c5806b067c5898180f873610c5bc8,200,2026-09-05T23:55:36Z,,11.736,true
19368,warmińsko-mazurskie,działdowski,Działdowo,gmina wiejska,2803022,2024,ok_finalnie,pdf,tekst,https://dzialdowo.ug.gov.pl/fls/bip_pliki/2025_06/BIPF637235765E9E7Z/Raport_za_2024.pdf,direct_without_tor,596a5fc6948e3b36663e181d5b02006c4fc53d5ad94c7a0e0d9f26b4c34cf91f,200,2026-09-05T23:55:36Z,,13.995,true
19369,warmińsko-mazurskie,działdowski,Działdowo,gmina wiejska,2803022,2025,ok_finalnie,pdf,tekst,https://dzialdowo.ug.gov.pl/fls/bip_pliki/2026_06/BIPF653531B675988Z/Raport_za_2025.pdf,direct_without_tor,1fafdd7f8192803a375907f18b080cf30b19ce45883505811b1f2615587e7280,200,2026-09-05T23:55:36Z,,11.293,true
19370,warmińsko-mazurskie,działdowski,Lidzbark,gmina miejsko-wiejska,2803043,2018,ok_finalnie,pdf,tekst,https://bip.umig.lidzbark.pl/attachments/download/4412,direct_without_tor,589d48490d390c6057a88e18d75fb7f1242e78bd736fcb4739565f2ccb699bca,200,2026-09-06T13:55:00Z,,2.265,true
19371,warmińsko-mazurskie,działdowski,Lidzbark,gmina miejsko-wiejska,2803043,2019,ok_finalnie,pdf,skan,https://bip.umig.lidzbark.pl/attachments/download/5539,direct_without_tor,2fc533b209468d26ef4726cc4252d469099e3fb5b9f48abdc62c5f07e3eacd82,200,2026-09-06T13:55:00Z,,5.573,true
19372,warmińsko-mazurskie,działdowski,Lidzbark,gmina miejsko-wiejska,2803043,2020,ok_finalnie,pdf,tekst,https://bip.umig.lidzbark.pl/attachments/download/6735,direct_without_tor,7fa871bd02e0c48923f9e04c7812dfb4d53058cded0f50c9ef09a1c288f093a4,200,2026-09-06T13:55:00Z,,2.864,true
19373,warmińsko-mazurskie,działdowski,Lidzbark,gmina miejsko-wiejska,2803043,2021,ok_finalnie,pdf,tekst,https://bip.umig.lidzbark.pl/attachments/download/7850,direct_without_tor,3f885a744cb09269cc9b8215bf00e329adb6b95b682ce8364bad96f419735cdb,200,2026-09-06T13:55:00Z,,1.477,true
19374,warmińsko-mazurskie,działdowski,Lidzbark,gmina miejsko-wiejska,2803043,2022,ok_finalnie,pdf,tekst,https://bip.umig.lidzbark.pl/attachments/download/8913,direct_without_tor,bbc7bde7e9c41cee8fe720590b01a9e9df58d2a257d893647b9d901a80d43124,200,2026-09-06T13:55:00Z,,1.902,true
19375,warmińsko-mazurskie,działdowski,Lidzbark,gmina miejsko-wiejska,2803043,2023,ok_finalnie,pdf,tekst,https://bip.umig.lidzbark.pl/attachments/download/10338,direct_without_tor,28509509a4c204a588d2002f2a592c686616016eb898e8a0655e9c881b50a6e5,200,2026-09-06T13:55:00Z,,2.844,true
19376,warmińsko-mazurskie,działdowski,Lidzbark,gmina miejsko-wiejska,2803043,2024,ok_finalnie,pdf,tekst,https://bip.umig.lidzbark.pl/attachments/download/12187,direct_without_tor,3fab1e300563ea3c95177ccaa1e01ab5f560f217880820c9b398b35b6d067883,200,2026-09-06T13:55:00Z,,3.854,true
19377,warmińsko-mazurskie,działdowski,Lidzbark,gmina miejsko-wiejska,2803043,2025,ok_finalnie,pdf,tekst,https://bip.umig.lidzbark.pl/attachments/download/13547,direct_without_tor,ffb4fb32f1755ceea33977f73bcba992ca7bb5e3cafc2ec27c74d0b17f081f82,200,2026-09-06T13:55:00Z,,4.596,true
19378,warmińsko-mazurskie,działdowski,Płośnica,gmina wiejska,2803052,2018,ok_finalnie,pdf,tekst,https://plosnica.archiwum.bip.net.pl/pliki/8989/Raport_2018.pdf,direct_without_tor,156679e65f62002cf1a5bcaf9c3b9b5453ffbfa52921b1e50366d1df69c400a6,200,2026-09-06T06:45:12Z,,3.905,true
19379,warmińsko-mazurskie,działdowski,Płośnica,gmina wiejska,2803052,2019,ok_finalnie,pdf,tekst,https://plosnica.archiwum.bip.net.pl/pliki/9625/Raport_2019.pdf,direct_without_tor,5ab11d148a9aaab5b01dd46f572e18221cae36a408a6ecb139785496cdc81b06,200,2026-09-06T06:45:12Z,,3.203,true
19380,warmińsko-mazurskie,działdowski,Płośnica,gmina wiejska,2803052,2020,ok_finalnie,pdf,tekst,https://plosnica.archiwum.bip.net.pl/pliki/10305/raport_za_rok_2020.pdf,direct_without_tor,073203105e576725055fa8909caf6da6a96010be69d909f5272db60546e72830,200,2026-09-06T06:45:12Z,,2.94,true
19381,warmińsko-mazurskie,działdowski,Płośnica,gmina wiejska,2803052,2021,ok_finalnie,pdf,tekst,https://plosnica.archiwum.bip.net.pl/pliki/11590/RAPORT_ZA_2021.pdf,direct_without_tor,a726703269c8acc95af242e60ddf2de2d170fc4ac6689fa53e5f2fb6418efc25,200,2026-09-06T06:45:12Z,,1.808,true
19382,warmińsko-mazurskie,działdowski,Płośnica,gmina wiejska,2803052,2022,ok_finalnie,pdf,tekst,https://plosnica.archiwum.bip.net.pl/pliki/11623/Raport_2022.pdf,direct_without_tor,4f4f8aa0dd2c2331241b8a7269a3c5da608acc82dbd7636b3d20e1b51408070f,200,2026-09-06T06:45:12Z,,3.797,true
19383,warmińsko-mazurskie,działdowski,Płośnica,gmina wiejska,2803052,2023,ok_finalnie,pdf,tekst,https://plosnica.archiwum.bip.net.pl/pliki/12135/RAPORT_2023.pdf,direct_without_tor,31b7775721e8f85f06bba51a0e17740ef36b3fe0f62924775795eb50a1b921f7,200,2026-09-06T06:45:12Z,,4.482,true
19384,warmińsko-mazurskie,działdowski,Płośnica,gmina wiejska,2803052,2024,ok_finalnie,pdf,tekst,https://plosnica.archiwum.bip.net.pl/pliki/12817/RAPORT_O_STANIE_GMINY_ZA_2024.pdf,direct_without_tor,2780048e6717c5bab23085444830c5b1f3838d50711ae1e2b713befb6b24f09d,200,2026-09-06T10:55:00Z,,4.476,true
19385,warmińsko-mazurskie,działdowski,Płośnica,gmina wiejska,2803052,2025,ok_finalnie,pdf,tekst,https://bip-api.plosnica.pl/api/attachments/228,direct_without_tor,bd170c9bedbbd29b2d24e983cfd5b07c1bad3c8b6d3f054dc8f039caba3a333c,200,2026-09-06T12:55:00Z,,3.098,true
19386,warmińsko-mazurskie,działdowski,Rybno,gmina wiejska,2803062,2018,ok_finalnie,pdf,tekst,https://bip.gminarybno.pl/system/pobierz.php?plik=raport_o_stanie_gminy.pdf&id=325cbace6603d59e649ef68588f76476&stats=true,direct_without_tor,886a8dab9e552c319430d610d3fdc39bfc139dd31647dfee1ed148852572dc94,200,2026-09-05T23:55:36Z,,15.919,true
19387,warmińsko-mazurskie,działdowski,Rybno,gmina wiejska,2803062,2019,ok_finalnie,pdf,tekst,https://bip.gminarybno.pl/system/pobierz.php?plik=raport.gm.rybno.pdf&id=0267a1623ca2c8eab3d88f150c9390bb&stats=true,direct_without_tor,a52ab92153b965f17812281d0ec37beb90aa5a6df1746faf0ff346ef61ac05d3,200,2026-09-05T23:55:36Z,,4.145,true
19388,warmińsko-mazurskie,działdowski,Rybno,gmina wiejska,2803062,2020,ok_finalnie,pdf,tekst,https://bip.gminarybno.pl/system/pobierz.php?plik=raport2020.pdf&id=954cc5711b60ef1fd290448ee4482468&stats=true,direct_without_tor,6319a9f12673b90d8465c6eb77846def6d634e2be46f4816029d9f781f74ca08,200,2026-09-05T23:55:36Z,,0.895,true
19389,warmińsko-mazurskie,działdowski,Rybno,gmina wiejska,2803062,2021,ok_finalnie,pdf,tekst,https://bip.gminarybno.pl/system/pobierz.php?plik=Raport_o_stanie_gminy_za_2021_ostateczna_rada.pdf&id=d5d88a93adff72525b8003b74949fafd&stats=true,direct_without_tor,68563efb4ac1aeb168d6f5791ef1f2b2143d287457a806f9febbca52798eb351,200,2026-09-05T23:55:36Z,,0.86,true
19390,warmińsko-mazurskie,działdowski,Rybno,gmina wiejska,2803062,2022,ok_finalnie,pdf,tekst,https://bip.gminarybno.pl/system/pobierz.php?plik=Raport_o_stanie_gminy_za_2022.pdf&id=25cdd53446baae68c550637eb684f333&stats=true,direct_without_tor,e3fd3f1753ca25e74e2846181971d6262e63595cfa8412e836b0be571f81e028,200,2026-09-05T23:55:36Z,,1.328,true
19391,warmińsko-mazurskie,działdowski,Rybno,gmina wiejska,2803062,2023,ok_finalnie,pdf,tekst,https://bip.gminarybno.pl/system/pobierz.php?plik=Raport_o_stanie_gminy_za_2023.pdf&id=3266361b82f04105493c72b7941a6170&stats=true,direct_without_tor,398598de6ad221d98c600adcd60ac2f7afeb34c3c94e5de5213fcb0f456c4cc6,200,2026-09-05T23:55:36Z,,1.473,true
19392,warmińsko-mazurskie,działdowski,Rybno,gmina wiejska,2803062,2024,ok_finalnie,pdf,tekst,https://bip.gminarybno.pl/system/pobierz.php?plik=raport2024.pdf&id=b44b9a3df4849d025c71194951e5a1cd&stats=true,direct_without_tor,db1e60edab4b03eb520b759c4825ba3627d817992d5bacc5d314e9b9eb8b40ab,200,2026-09-05T23:55:36Z,,3.725,true
19393,warmińsko-mazurskie,działdowski,Rybno,gmina wiejska,2803062,2025,ok_finalnie,pdf,tekst,https://gminarybno.com/bip/pliki/plik/raport-za-2025-rok-1779085414.pdf,direct_without_tor,03146302856367dc301efd9a9e7ebe6c8eb0b59c0407e2a234c63a7422f7ff50,200,2026-09-06T11:50:49Z,,3.454,true
19394,warmińsko-mazurskie,elbląski,-,-,2804,2018,ok_finalnie,pdf,skan,https://bip.powiat.elblag.pl/system/pobierz.php?plik=RAPORT_O_STANIE_POWIATU_ELBLASKIEGO_ZA_2018_ROK.pdf&id=d2f2dfe7637d49d78aeb0497f261d57b&stats=true,direct_without_tor,28b49c5fadac32e98b84ba24a15786f61a5314d3edc063c2676db54c09e9dda4,200,2026-09-06T16:45:54Z,,9.108,true
19395,warmińsko-mazurskie,elbląski,-,-,2804,2019,ok_finalnie,pdf,skan,https://bip.powiat.elblag.pl/system/pobierz.php?plik=Raport_o_stanie_Powiatu_Elblaskiego_za_2019_r..pdf&id=c2803c79b4ab5025f0e1f6d5fd3430e0&stats=true,direct_without_tor,94899186a537bbd00a432c271dfa5632ce268adc91f71c117680b19eb29d3360,200,2026-09-06T16:45:54Z,,12.438,true
19396,warmińsko-mazurskie,elbląski,-,-,2804,2020,ok_finalnie,pdf,skan,https://bip.powiat.elblag.pl/system/pobierz.php?plik=Raport_o_stanie_Powiatu_Elblaskiego_za_2020_rok.pdf&id=38700d829f1fa3e8a229aa3de5d47dd0&stats=true,direct_without_tor,2580a809d0ec4b8a9adfd11669587516603b9fcda45175f5a884d2c796abd10b,200,2026-09-06T16:45:54Z,,14.165,true
19397,warmińsko-mazurskie,elbląski,-,-,2804,2021,ok_finalnie,pdf,skan,https://bip.powiat.elblag.pl/system/pobierz.php?plik=Raport_o_stanie_Powiatu_za_2021_r..pdf&id=0783dba3a8f8365218e62407ec7a353c&stats=true,direct_without_tor,a8819d5afb48280f4b489644fb3401fcab899304dc518102229dc9c36f8460d4,200,2026-09-06T16:45:54Z,,11.462,true
19398,warmińsko-mazurskie,elbląski,-,-,2804,2022,ok_finalnie,pdf,tekst,https://bip.powiat.elblag.pl/system/pobierz.php?plik=Raport_o_stanie_Powiatu_Elblaskiego_za_2022_r._PDF.pdf&id=47db07446026ef29960282e70eb2cd53&stats=true,direct_without_tor,ec3513d24771e912c6206b044a2136b2ceac3ef7a0ea39d0557d09c671db5554,200,2026-09-06T16:45:54Z,,12.070,true
19399,warmińsko-mazurskie,elbląski,-,-,2804,2023,ok_finalnie,pdf,skan,https://bip.powiat.elblag.pl/system/pobierz.php?plik=Raport_o_stanie_Powiatu_Elblaskiego_za_2023_rok.pdf&id=0fabccefb1e89f1815efe1a8ffa912b1&stats=true,direct_without_tor,70d5aa69dac5a43559acf11c101bb0e5bcf35b8d182ed3f72d734813c572b110,200,2026-09-06T16:45:54Z,,11.135,true
19400,warmińsko-mazurskie,elbląski,-,-,2804,2024,ok_finalnie,pdf,skan,https://bip.powiat.elblag.pl/system/pobierz.php?plik=Raport_o_stanie_Powiatu_Elblaskiego_za_2024_rok.pdf&id=abced9a86d359cb0816b915a3ba350d3&stats=true,direct_without_tor,74889ae56c37b4f624c590449f4dff57958a8eed9572e20a67da2d6afbf357f5,200,2026-09-06T16:45:54Z,,12.046,true
19401,warmińsko-mazurskie,elbląski,-,-,2804,2025,ok_finalnie,pdf,skan,https://bip.powiat.elblag.pl/system/pobierz.php?plik=Raport_o_stanie_Powiatu_Elblaskiego_za_2025_r..pdf&id=0d3aed26e410ceb7094313fa5e32cd84&stats=true,direct_without_tor,a682f727f9176caf5c0e3df88f5c3f937799d96dca20b6d9c94445d07b58bfc8,200,2026-09-06T16:45:54Z,,13.472,true
19402,warmińsko-mazurskie,elbląski,Elbląg,gmina wiejska,2804012,2018,ok_finalnie,pdf,tekst,http://um-elblag.samorzady.pl/pobierz/?zalacznik=57277;http://um-elblag.samorzady.pl/pobierz/?zalacznik=57278;http://um-elblag.samorzady.pl/pobierz/?zalacznik=57279;http://um-elblag.samorzady.pl/pobierz/?zalacznik=57280;http://um-elblag.samorzady.pl/pobierz/?zalacznik=57281;http://um-elblag.samorzady.pl/pobierz/?zalacznik=57282;http://um-elblag.samorzady.pl/pobierz/?zalacznik=57283;http://um-elblag.samorzady.pl/pobierz/?zalacznik=57284;http://um-elblag.samorzady.pl/pobierz/?zalacznik=57285;http://um-elblag.samorzady.pl/pobierz/?zalacznik=57286;http://um-elblag.samorzady.pl/pobierz/?zalacznik=57287;http://um-elblag.samorzady.pl/pobierz/?zalacznik=57288;http://um-elblag.samorzady.pl/pobierz/?zalacznik=57289;http://um-elblag.samorzady.pl/pobierz/?zalacznik=57290;http://um-elblag.samorzady.pl/pobierz/?zalacznik=57291;http://um-elblag.samorzady.pl/pobierz/?zalacznik=57292,direct_without_tor,7c70c7a27b662a7b8f35efce4ebbe3f736c2602afeec0c59d7e522679faf8217;d0f45d3a1d032830f1391c29d867f33f17d940a9531a60b9de6770a456b92739;ec4c1dcdc83438e25fcc2547a682108d047e7197b818c1b8d1013419f08c5de5;09ecf50f88906d718d25acd4812353f67fefb55e73e2b3206eec98c6c73b2d93;86d0532a686fdfb516871313ed81b70b5075dbd57027139277a4fdc27cf37624;464626e1d2bfb59fd5756ffd777ab79fc392b74da225e099aef0a0b797dfd25b;a36c5b578016370cca04cfb3c8c552ac0e3495b48eb591710e1eddb0217cadb2;85bba95e31e5c1eb31a2c3a85205fbc82fbea23bbdb4b99043e128bc0d36b481;ade1369803aeefe3322c65d46c343ed72c83b5b2a8e8a65320417b31fc777ae6;63e09b71fc9115a98f22771e5eaead589b527243d982acfdf91a11b5f63d82a8;f8331bc12954b1f400f7b04794ed05127c39deaed5f444295d7d565a5a635b00;1c85a2968d196bf62ba33b87c6e8b7c2f0eb573c20c01dee7640db5a255867c8;7bb3bc9cd35b6c1d06ab11bbacaf777771012f7917bc0bd6b34302d7e230c977;afbe0ad0f3d3fb21afeb2604b01961c20c2744940bf33d6afeed83d48e2fbef4;cf1b5bc85aca812b898c36ca48e1d41de69cf26a9626972069ba3404137ca544;392a6f7d3638b25e77229c5e9dd605731e76a4db4c6ab9cd66262deae08ffa63,200,2026-09-06T10:44:20Z,,9.330,true
19403,warmińsko-mazurskie,elbląski,Elbląg,gmina wiejska,2804012,2019,ok_finalnie,pdf,skan,https://bip.gminaelblag.pl/system/pobierz.php?plik=Raport_o_stanie_Gminy_Elblag_za_2019_rok.pdf&id=17d4e2219bd0a19ff3971e92d8c0dd34&stats=true,direct_without_tor,472f0f76cf1b6e034661221941518c07e43a3da35c06b872441a7a60a9a26751,200,2026-09-06T16:46:28Z,,6.104,true
19404,warmińsko-mazurskie,elbląski,Elbląg,gmina wiejska,2804012,2020,ok_finalnie,pdf,tekst,http://um-elblag.samorzady.pl/pobierz/?zalacznik=69498,direct_without_tor,59e2e917dc2e89de6c974a344ce307e25dd2b4527a6d6812d991f7b54e810a7c,200,2026-09-06T10:44:20Z,,10.651,true
19405,warmińsko-mazurskie,elbląski,Elbląg,gmina wiejska,2804012,2021,ok_finalnie,pdf,tekst,https://bip.gminaelblag.pl/system/pobierz.php?plik=RAPORT_O_STANIE_GMINY_za_2021_rok.pdf&id=29d2068549b7d2f328902d6e3cd1b7a8&stats=true,direct_without_tor,5c1491bb529b10cefd8c4d95b130cb8f465c749dd3cd47ec10bf1b99ab0f88da,200,2026-09-05T23:55:36Z,,13.389,true
19406,warmińsko-mazurskie,elbląski,Elbląg,gmina wiejska,2804012,2022,ok_finalnie,pdf,tekst,https://bip.elblag.eu/attachments/download/2822,direct_without_tor,f85895a25b9f60b669608f251fa55c0d64e0ac1a92ff092e6d87bc5bce6cc8a1,200,2026-09-06T10:44:20Z,,12.226,true
19407,warmińsko-mazurskie,elbląski,Elbląg,gmina wiejska,2804012,2023,ok_finalnie,pdf,tekst,https://bip.gminaelblag.pl/system/pobierz.php?plik=2023_ROK_-_RAPORT_O_STANIE_GMINY_ELBLAG.pdf&id=747d1eb2b226974a6e687ff383af7fde&stats=true,direct_without_tor,94d2a248f332fe852052b338af3ec4b92f5a714b72f07a7e7d1e1fcf78ebc07b,200,2026-09-05T23:55:36Z,,13.201,true
19408,warmińsko-mazurskie,elbląski,Elbląg,gmina wiejska,2804012,2024,ok_finalnie,pdf,tekst,https://bip.gminaelblag.pl/system/pobierz.php?plik=2._RAPORT_ZA_2024_ROK.pdf&id=e6fe2229c4505e2d7a5018b26ef25872&stats=true,direct_without_tor,b1a74fcd0764a01bc4d22613851be0e219b325ae7591a25a81967ccaf7faf57c,200,2026-09-05T23:55:36Z,,15.175,true
19409,warmińsko-mazurskie,elbląski,Elbląg,gmina wiejska,2804012,2025,ok_finalnie,pdf,tekst,https://bip.gminaelblag.pl/system/pobierz.php?plik=Raport_o_stanie_Gminy_Elblag_za_rok_2025.pdf&id=5b193d1d36ef4e790ecdbdb74b016eed&stats=true,direct_without_tor,7577bd389f1e337af0e622e957a73ba7b0110e9ba7bd5d3a503aa7c553814d9d,200,2026-09-05T23:55:36Z,,10.48,true
19410,warmińsko-mazurskie,elbląski,Godkowo,gmina wiejska,2804022,2018,brak_finalnie,brak,,https://web.archive.org/web/20190820123745id_/http://www.bip.godkowo.pl/index.php?id=396,"Godkowo, gmina wiejska, TERYT 2804022, rok merytoryczny 2018. Oficjalna historyczna strona BIP http://www.bip.godkowo.pl/index.php?id=396 (snapshot Wayback 2019-08-20) potwierdza pełny raport „Raport za 2018 rok” i podaje plik /upload/raport_2018_calosc.pdf; oficjalna strona archiwalnego serwisu potwierdza tę publikację. Sprawdzono bieżący BIP, aktualny CMS i nawigację raportów, stare domeny/hosty, BIP-archiwum, wyszukiwarki internetowe (wielu dostawców), Wayback CDX i snapshoty oraz alternatywne warianty URL. Pliku PDF nie odzyskano: bieżący BIP zwraca brak zasobu/odmowę, a Wayback nie zarchiwizował pliku.",,sprawdzono w innych źródłach 2026-09-07,2026-09-07T05:59:02Z,"[TURA 22 07.09.2026] Godkowo, gmina wiejska, TERYT 2804022; rok merytoryczny 2018. Oficjalna historyczna strona BIP (http://www.bip.godkowo.pl/index.php?id=396; snapshot: https://web.archive.org/web/20190820123745id_/http://www.bip.godkowo.pl/index.php?id=396) jednoznacznie potwierdza raport „Raport o stanie gminy Godkowo za 2018 rok”, datę publikacji 2019-05-31 oraz załącznik /upload/raport_2018_calosc.pdf. Sprawdzono oficjalny bieżący BIP, archiwalny serwis Gminy, alternatywne hosty/domeny, BIP-archiwum, wielosilnikowe wyszukiwanie, Wayback/CDX i warianty nazwy pliku. Dokumentu PDF nie odzyskano; nie wykonano walidacji HTTP/MIME/sygnatury/SHA-256/rozmiaru/stron/struktury/PdfReader(strict=True). Status pozostaje brak_finalnie wyłącznie jako dowód istnienia raportu przy nieodzyskanym pliku. [TURA 21 2026-09-07] Sprawdzono aktualną kategorię raportów BIP oraz sitemapę: publikacje zaczynają się od rocznika 2020; bezpośredni adres raportu za 2018 zwraca stronę 404. Kompletnego PDF nie odzyskano; status bez zmian.",,true
19411,warmińsko-mazurskie,elbląski,Godkowo,gmina wiejska,2804022,2019,brak_finalnie,,,,"wyczerpujące sprawdzenie oficjalnego BIP/strony gminy, mapy serwisu, RSS, wyszukiwarek, alternatywnych domen i archiwów; nie odnaleziono pliku ani wiarygodnego śladu bezpośredniego URL-a raportu za 2019",,sprawdzono w innych źródłach 2026-09-07,2026-09-07T14:11:05Z,"Raportu za rok merytoryczny 2019 nie ma w bieżącej sekcji raportów BIP Gminy Godkowo (lista zaczyna się od 2020), mapie serwisu ani w RSS strony gminy. Sprawdzono także enumerację publicznych identyfikatorów załączników, oficjalny portal godkowo.pl, alternatywne domeny/hosty oraz Wayback/CDX. Nie odzyskano pliku ani wiarygodnego bezpośredniego URL-a; brak dokumentu do walidacji HTTP/MIME/SHA-256/PdfReader(strict=True). [TURA 21 2026-09-07] Sprawdzono aktualną kategorię raportów BIP oraz sitemapę: publikacje zaczynają się od rocznika 2020; bezpośredni adres raportu za 2019 zwraca stronę 404. Kompletnego PDF nie odzyskano; status bez zmian.",,false
19412,warmińsko-mazurskie,elbląski,Godkowo,gmina wiejska,2804022,2020,ok_finalnie,pdf,tekst,https://bip.godkowo.pl/files/file_add/download/51_raport2020.pdf,direct_without_tor,4e0e411d9f3cf25aa97fb691f1e103d7cce5892b7d1b746a5d37ddd7a148a3e5,200,2026-09-06T09:56:00Z,,7.980,true
19413,warmińsko-mazurskie,elbląski,Godkowo,gmina wiejska,2804022,2021,ok_finalnie,pdf,tekst,https://bip.godkowo.pl/files/file_add/download/571_raportostaniegminy2021.pdf,direct_without_tor,66af6324a62a73b0593188b0396e1efeac47e3d28c1356c28e3dfd80944c9941,200,2026-09-06T09:56:00Z,,9.767,true
19414,warmińsko-mazurskie,elbląski,Godkowo,gmina wiejska,2804022,2022,ok_finalnie,pdf,tekst,https://bip.godkowo.pl/files/file_add/download/967_raport2022.pdf,direct_without_tor,a9b32f457132f42b764d6c30606ff70f4cdb846a89bf4411f589c864447dfbe7,200,2026-09-06T09:56:00Z,,15.635,true
19415,warmińsko-mazurskie,elbląski,Godkowo,gmina wiejska,2804022,2023,ok_finalnie,pdf,tekst,https://bip.godkowo.pl/files/file_add/download/1470_calyraportza-2023rokcompressed.pdf,direct_without_tor,c56d63f30654c5b72ae2d9fc240254d8fa02785fa5901413da2ec3fe97617875,200,2026-09-06T09:56:00Z,,2.315,true
19416,warmińsko-mazurskie,elbląski,Godkowo,gmina wiejska,2804022,2024,ok_finalnie,pdf,tekst,https://bipbraniewo.warmia.mazury.pl/attachment/informacja/10013/33922611120cdcfa69a2fb8ac3fd0c2b43e66d70.html,direct_without_tor,c220b6fb4f68659b153e1f4d4029d69a566dfadf3c7d5079ffbc0e00734926f4,200,2026-09-06T06:27:20Z,,2.055,true
19417,warmińsko-mazurskie,elbląski,Godkowo,gmina wiejska,2804022,2025,ok_finalnie,pdf,tekst,https://bip.godkowo.pl/files/file_add/download/2826_raport-o-stanie-gminy-za-2025-r.pdf,direct_without_tor,1755c73b63e417b40f5ef9776c4e8a9d7da5644fb460412f12b523251632b6c2,200,2026-09-06T09:56:00Z,,30.950,true
19418,warmińsko-mazurskie,elbląski,Gronowo Elbląskie,gmina wiejska,2804032,2018,ok_finalnie,pdf,tekst,https://bipgronowo.warmia.mazury.pl/attachment/informacja/5866/5e79b8781ca5420f30e2c56ee6c81e38ea7e20a0.html,direct_without_tor,e342c28ddb2273454118f5c4d1d0961674bc41d15c13d4587d85caddd358b1d6,200,2026-09-06T10:10:00Z,,2.150,true
19419,warmińsko-mazurskie,elbląski,Gronowo Elbląskie,gmina wiejska,2804032,2019,ok_finalnie,pdf,tekst,https://bipgronowo.warmia.mazury.pl/attachment/informacja/6751/5310755977bebf61edb42bd8d96bf29ee6cf12f3.html,direct_without_tor,d1aabf70869a9c9dc4876c13148d6246089041915c645dd28427e00386916f8f,200,2026-09-06T10:10:00Z,,5.593,true
19420,warmińsko-mazurskie,elbląski,Gronowo Elbląskie,gmina wiejska,2804032,2020,ok_finalnie,pdf,tekst,https://bipgronowo.warmia.mazury.pl/attachment/informacja/7726/e6f7e827170c8c54091576daa4c68a1aa73a04cd.html,direct_without_tor,82dd078cb7111eaa624eee7f7d943b1142caab6c6ca9f8864300e4cc2eb416ad,200,2026-09-06T10:10:00Z,,5.101,true
19421,warmińsko-mazurskie,elbląski,Gronowo Elbląskie,gmina wiejska,2804032,2021,ok_finalnie,pdf,tekst,https://bipgronowo.warmia.mazury.pl/attachment/informacja/8506/7c6690fe517c65e8b02cc337fb49113e68cf7dda.html,direct_without_tor,677a20874b419ed9f33eb61b0052644e8a3df29d29be6eaac0755f307cfe8131,200,2026-09-06T09:56:00Z,,11.283,true
19422,warmińsko-mazurskie,elbląski,Gronowo Elbląskie,gmina wiejska,2804032,2022,ok_finalnie,pdf,tekst,https://bipgronowo.warmia.mazury.pl/attachment/informacja/9303/eae5b89b09cd99f83671ce93d109e7899c60c8f4.html,direct_without_tor,c062978ec0d1834dac36305d5b46986f472de6b6391f4904c2c344a9f1e92ad5,200,2026-09-06T10:10:00Z,,10.631,true
19423,warmińsko-mazurskie,elbląski,Gronowo Elbląskie,gmina wiejska,2804032,2023,ok_finalnie,pdf,tekst,https://bipgronowo.warmia.mazury.pl/attachment/informacja/10470/14786a36a0bd8cd17bf39a12fb88e2aafcd6fe78.html,direct_without_tor,784558276bb38401d842de978f568c631421876553fa5fb6d30446772bb79e94,200,2026-09-06T09:56:00Z,,14.530,true
19424,warmińsko-mazurskie,elbląski,Gronowo Elbląskie,gmina wiejska,2804032,2024,ok_finalnie,pdf,tekst,https://bipgronowo.warmia.mazury.pl/attachment/informacja/11443/388f8523331c2c32fa98fe0406b2a1beda079f28.html,direct_without_tor,26b88d3a412e249748b5caffbf538cca8ea1107a905d7f4d9a6f6346058a0946,200,2026-09-06T10:10:00Z,,7.291,true
19425,warmińsko-mazurskie,elbląski,Gronowo Elbląskie,gmina wiejska,2804032,2025,ok_finalnie,pdf,tekst,https://bipgronowo.warmia.mazury.pl/attachment/informacja/12776/8c82d19d46ed4ab1c6c004315b041aa7c3ba8b83.html,direct_without_tor,9cfa39de2a382ea0bcfa9fb1a5aef4c9b856663c980e8f8295a49f40f4ea4329,200,2026-09-06T09:56:00Z,,6.802,true
19426,warmińsko-mazurskie,elbląski,Markusy,gmina wiejska,2804042,2018,ok_finalnie,pdf,tekst,https://bipmarkusy.warmia.mazury.pl/attachment/informacja/3480/3a2af4bcdc2ab3df1b77f98d52a820f7c311ec46.html,direct_without_tor,36706c5f1da89956bc24847b6419de54e2637e3860dba49d02a5137cc6aa1faa,200,2026-09-06T10:22:00Z,,1.427,true
19427,warmińsko-mazurskie,elbląski,Markusy,gmina wiejska,2804042,2019,ok_finalnie,pdf,tekst,https://bipmarkusy.warmia.mazury.pl/attachment/informacja/3965/7e301aaf973f40aa17cc8b2e1082263abcdd3070.html,direct_without_tor,ed7f6ec36d0da8f46fcc5acb060c0283e064190863293f48ec3d400760a83f41,200,2026-09-06T10:22:00Z,,3.375,true
19428,warmińsko-mazurskie,elbląski,Markusy,gmina wiejska,2804042,2020,ok_finalnie,pdf,tekst,https://bipmarkusy.warmia.mazury.pl/attachment/informacja/4400/bd944875d288a700b40ab72455eb47f78a4186a5.html,direct_without_tor,07bd7cfb7fcabf69c2d989e3f253f67eaddaffd0c0036296ddbfc400227faf46,200,2026-09-06T10:22:00Z,,7.137,true
19429,warmińsko-mazurskie,elbląski,Markusy,gmina wiejska,2804042,2021,ok_finalnie,pdf,tekst,https://bipmarkusy.warmia.mazury.pl/attachment/informacja/4578/0ea9d52b919645824c36d816560449867b8386fc.html,direct_without_tor,c683c84b09754908c1b80fd983025fa62629b0358993ca7d9a347a347fd34456,200,2026-09-06T10:22:00Z,,2.563,true
19430,warmińsko-mazurskie,elbląski,Markusy,gmina wiejska,2804042,2022,ok_finalnie,pdf,tekst,https://bipmarkusy.warmia.mazury.pl/attachment/informacja/4943/ab98dc1bba25325ce45e08aa0ca3731caf641fff.html,direct_without_tor,3537919c6effc12aa2edc35aab5739ff514699b419c9e4a3f4dc420f9d2e0ccc,200,2026-09-06T10:22:00Z,,3.313,true
19431,warmińsko-mazurskie,elbląski,Markusy,gmina wiejska,2804042,2023,ok_finalnie,pdf,tekst,https://bipmarkusy.warmia.mazury.pl/attachment/informacja/5501/c1189cf9c4b64cf7869a8a7a92da87aeb55bedef.html,direct_without_tor,400eed7ba24d3308aa73dd17438e92dbd6276125d6c8a16534852f11ed242bb2,200,2026-09-06T10:22:00Z,,3.079,true
19432,warmińsko-mazurskie,elbląski,Markusy,gmina wiejska,2804042,2024,ok_finalnie,pdf,tekst,https://bipmarkusy.warmia.mazury.pl/attachment/informacja/6524/fa756c9c314af84b87183f156cc2386c918849da.html,direct_without_tor,138aaee8deaf1bf9a47a41819885680cc8730c6f0edb427e554766c1a87f1363,200,2026-09-06T10:22:00Z,,4.323,true
19433,warmińsko-mazurskie,elbląski,Markusy,gmina wiejska,2804042,2025,ok_finalnie,pdf,tekst,https://bipmarkusy.warmia.mazury.pl/attachment/informacja/7657/62697404e5d5c41d46a85de792ae810f8b1db2b8.html,direct_without_tor,35124b2d8fbf75bf3fee97c182de16fd6671548e3dfc25a58b6c8232a6b78afc,200,2026-09-06T09:56:00Z,,3.710,true
19434,warmińsko-mazurskie,elbląski,Milejewo,gmina wiejska,2804052,2018,ok_finalnie,pdf,tekst,https://milejewo.pl/wp-content/uploads/2021/05/RAPORT-O-STANIE-GMINY-MILEJEWO-za-2018.pdf,direct_without_tor,621a7c68a041c826fff5dbec8314ab93ff18656e7bc12bcc3cb05aee363e8570,200,2026-09-05T23:55:36Z,,5.254,true
19435,warmińsko-mazurskie,elbląski,Milejewo,gmina wiejska,2804052,2019,ok_finalnie,pdf,tekst,http://nowy.milejewo.pl/wp-content/uploads/2020/11/raport-o-stanie-gminy-za-2019.pdf,direct_without_tor,944f3144f868c1459a5c07c6541e3a6481ddc941193b22de23c32a3765b88b05,200,2026-09-05T23:55:36Z,,8.562,true
19436,warmińsko-mazurskie,elbląski,Milejewo,gmina wiejska,2804052,2020,ok_finalnie,pdf,tekst,https://milejewo.pl/wp-content/uploads/2021/05/Raport-o-stanie-Gminy-Milejewo-za-2020-rok.pdf,direct_without_tor,f4e94d007b38b874e44c240c27e9a6c2a411cf479d5b7b8ed98ba7d2649aebaa,200,2026-09-05T23:55:36Z,,8.683,true
19437,warmińsko-mazurskie,elbląski,Milejewo,gmina wiejska,2804052,2021,ok_finalnie,pdf,tekst,https://milejewo.pl/wp-content/uploads/2022/05/Raport-o-stanie-Gminy-Milejewo-za-rok-2021.pdf,direct_without_tor,3c53327559fde70fbe092bbb5d4eecf18baf8dbb925861e7f5886a5abc499c2a,200,2026-09-05T23:55:36Z,,11.645,true
19438,warmińsko-mazurskie,elbląski,Milejewo,gmina wiejska,2804052,2022,ok_finalnie,pdf,tekst,https://milejewo.pl/wp-content/uploads/2023/05/raport-za-2022.pdf,direct_without_tor,94d9704cd66639f5cba4a7ce5a3468671e30b69cc6eac6dbe9d78eb69be2ad19,200,2026-09-05T23:55:36Z,,6.992,true
19439,warmińsko-mazurskie,elbląski,Milejewo,gmina wiejska,2804052,2023,ok_finalnie,pdf,tekst,https://milejewo.pl/wp-content/uploads/2024/05/RAPORT-za-2023-rok.pdf,direct_without_tor,e5a8dddd667cdb3eef448d3201da42c69ddc325b8c2bfd2a5d09649e276e9579,200,2026-09-05T23:55:36Z,,3.121,true
19440,warmińsko-mazurskie,elbląski,Milejewo,gmina wiejska,2804052,2024,ok_finalnie,pdf,tekst,https://milejewo.pl/wp-content/uploads/2025/06/RAPORT-2024.pdf,direct_without_tor,dccb868ec2f476ffbda2cc1855fc50cdfcde4bf05aa5b208406e686f3219662b,200,2026-09-05T23:55:36Z,,2.632,true
19441,warmińsko-mazurskie,elbląski,Milejewo,gmina wiejska,2804052,2025,ok_finalnie,pdf,tekst,https://milejewo.pl/wp-content/uploads/2026/06/Raport-o-stanie-Gminy-Milejewo-za-rok-2025.pdf,direct_without_tor,eec9fd08b7dd4f6015c0bea54bf668cd0bd22e7da5222476d0e4abec45e43c1e,200,2026-09-05T23:55:36Z,,8.024,true
19442,warmińsko-mazurskie,elbląski,Młynary,gmina miejsko-wiejska,2804063,2018,ok_finalnie,pdf,tekst,http://bip.mlynary.pl/attachments/download/8793,direct_without_tor,1619b677ec84e8c04d1db87bba032fa0faef7f9c8aea55b51674d5977f749cd2,200,2026-09-05T23:55:36Z,,2.237,true
19443,warmińsko-mazurskie,elbląski,Młynary,gmina miejsko-wiejska,2804063,2019,ok_finalnie,pdf,tekst,http://bip.mlynary.pl/attachments/download/8792,direct_without_tor,c58ea50efa36c93c7b311b58ac24db680e29c10281f8a8555a1f875dd9946132,200,2026-09-05T23:55:36Z,,2.945,true
19444,warmińsko-mazurskie,elbląski,Młynary,gmina miejsko-wiejska,2804063,2020,ok_finalnie,pdf,tekst,http://bip.mlynary.pl/attachments/download/10181,direct_without_tor,ef578775831c698ad6bc204ee5d11dc40fdf4b5bb4e3132cf53fb9abd0351ecb,200,2026-09-05T23:55:36Z,,1.333,true
19445,warmińsko-mazurskie,elbląski,Młynary,gmina miejsko-wiejska,2804063,2021,ok_finalnie,pdf,tekst,http://bip.mlynary.pl/attachments/download/11486,direct_without_tor,be74fa3558fd5ae72ee7af218d7620dd85236072cd79e0ef466fb0e38502c95f,200,2026-09-05T23:55:36Z,,1.073,true
19446,warmińsko-mazurskie,elbląski,Młynary,gmina miejsko-wiejska,2804063,2022,ok_finalnie,pdf,tekst,http://bip.mlynary.pl/attachments/download/12859,direct_without_tor,0e1fc51f8c67985ff307add23527ea47b81b65de50658d39c4bae17a7b00b3fb,200,2026-09-05T23:55:36Z,,1.399,true
19447,warmińsko-mazurskie,elbląski,Młynary,gmina miejsko-wiejska,2804063,2023,ok_finalnie,pdf,tekst,http://bip.mlynary.pl/attachments/download/14233,direct_without_tor,cc6816eb4889d82ae774a9168c2bc10488b73d3f1a118f03423c5b1041d0b466,200,2026-09-05T23:55:36Z,,1.464,true
19448,warmińsko-mazurskie,elbląski,Młynary,gmina miejsko-wiejska,2804063,2024,ok_finalnie,pdf,tekst,http://bip.mlynary.pl/attachments/download/15449,direct_without_tor,a51d524a8b23b678cef20ee89c34ade686f2680754430c0bccffbcdb991919d6,200,2026-09-05T23:55:36Z,,1.549,true
19449,warmińsko-mazurskie,elbląski,Młynary,gmina miejsko-wiejska,2804063,2025,ok_finalnie,pdf,tekst,http://bip.mlynary.pl/attachments/download/16692,direct_without_tor,33cf4596eb79f3662033ac29c945212d6b1b323c59676ef011332653ac6f5f09,200,2026-09-05T23:55:36Z,,1.605,true
19450,warmińsko-mazurskie,elbląski,Pasłęk,gmina miejsko-wiejska,2804073,2018,brak_finalnie,brak,,brak,"dogłębne sprawdzenie oficjalnych źródeł Miasta i Gminy Pasłęk: aktualny BIP, archiwalny BIP (archiwumbip.paslek.pl, w tym dział „Informacje o stanie samorządu i podległych jednostek organizacyjnych”), portal paslek.pl, wielosilnikowe web search oraz Wayback CDX; nie znaleziono kompletnego raportu za rok 2018. Nie znaleziono dokumentu do walidacji.",,BRAK_URL (raportu nie odzyskano),2026-09-07T00:00:00Z,"[TURA 21 07.09.2026] Pasłęk, gmina miejsko-wiejska, TERYT 2804073; rok merytoryczny 2018. Aktualny BIP Urzędu Miejskiego w Pasłęku oraz archiwalny BIP do 2020 r. sprawdzono wraz z działem „Informacje o stanie samorządu i podległych jednostek organizacyjnych”; w archiwum są dokumenty finansowe i inne materiały, ale nie ma raportu o stanie Miasta i Gminy Pasłęk za 2018. Sprawdzono również portal paslek.pl, zapytania wyszukiwarek dla tytułu i rocznika oraz Wayback CDX dla domen BIP/portalu; nie znaleziono publicznego pliku raportu. Publikacja „Pasłęcki samorząd w latach 2014-2018” jest informatorem kadencyjnym, a nie raportem z art. 28aa, więc jej nie uznano. Brak kompletnego dokumentu: bez walidacji HTTP/MIME/sygnatury/SHA-256/struktury/PdfReader(strict=True).",,false
19451,warmińsko-mazurskie,elbląski,Pasłęk,gmina miejsko-wiejska,2804073,2019,ok_finalnie,pdf,tekst,https://paslek.esesja.pl/zalaczniki/91187/16a_826961.pdf,"eSesja: sesja XX (25.06.2020) → /wcag/posiedzenie.asp?k=448ccc3a-dfec-4 → jawny link /zalaczniki/; dokument pobrany bez Tor, HTTP 200, MIME application/pdf, sygnatura %PDF, PdfReader(strict=True)",f0c6c4231dd63edfb2dfc7ec293b9bc32fca88ed2994436076d27285b6bb9311,200,2026-09-06T17:16:22Z,"Walidacja końcowa: Pasłęk / TERYT 2804073 potwierdzone w treści; okładka i treść wskazują raport za 2019 rok; PDF kompletny, 162 stron, warstwa tekstowa; rozmiar 1348989 B; SHA-256 f0c6c4231dd63edfb2dfc7ec293b9bc32fca88ed2994436076d27285b6bb9311. Załącznik sesji XX Rady Miejskiej w Pasłęku. Parametry /pobierz/ są per-load; zapisano stabilny link WCAG /zalaczniki/.",1.349,true
19452,warmińsko-mazurskie,elbląski,Pasłęk,gmina miejsko-wiejska,2804073,2020,ok_finalnie,pdf,tekst,https://paslek.esesja.pl/zalaczniki/137714/raport-o-stanie-miasta-i-gminy-paslek-za-2021-rok_1289299.pdf,"eSesja: sesja XXXI (30.06.2021) → /wcag/posiedzenie.asp?k=92cb0236-dcef-4 → jawny link /zalaczniki/; dokument pobrany bez Tor, HTTP 200, MIME application/pdf, sygnatura %PDF, PdfReader(strict=True)",643d2ecfd4c4ea6fbc7faba599ff87704591c04652191b5e42b39e332e0a0048,200,2026-09-06T17:16:22Z,"Walidacja końcowa: Pasłęk / TERYT 2804073 potwierdzone w treści; okładka i treść wskazują raport za 2020 rok; PDF kompletny, 228 stron, warstwa tekstowa; rozmiar 1635538 B; SHA-256 643d2ecfd4c4ea6fbc7faba599ff87704591c04652191b5e42b39e332e0a0048. Załącznik sesji XXXI Rady Miejskiej w Pasłęku. Parametry /pobierz/ są per-load; zapisano stabilny link WCAG /zalaczniki/. Nazwa pliku eSesja zawiera „za 2021 rok”, lecz okładka i treść potwierdzają rok merytoryczny 2020.",1.636,true
19453,warmińsko-mazurskie,elbląski,Pasłęk,gmina miejsko-wiejska,2804073,2021,ok_finalnie,pdf,tekst,https://paslek.esesja.pl/zalaczniki/187561/19a_1811162.pdf,"eSesja: sesja XLVI (22.06.2022) → /wcag/posiedzenie.asp?k=3b76a9a2-3e92-4 → jawny link /zalaczniki/; dokument pobrany bez Tor, HTTP 200, MIME application/pdf, sygnatura %PDF, PdfReader(strict=True)",b4d7dea53c99bc1bb166a8fd85617d491174365370c2caa9362caac8749b520c,200,2026-09-06T17:16:22Z,"Walidacja końcowa: Pasłęk / TERYT 2804073 potwierdzone w treści; okładka i treść wskazują raport za 2021 rok; PDF kompletny, 232 stron, warstwa tekstowa; rozmiar 1735255 B; SHA-256 b4d7dea53c99bc1bb166a8fd85617d491174365370c2caa9362caac8749b520c. Załącznik sesji XLVI Rady Miejskiej w Pasłęku. Parametry /pobierz/ są per-load; zapisano stabilny link WCAG /zalaczniki/.",1.735,true
19454,warmińsko-mazurskie,elbląski,Pasłęk,gmina miejsko-wiejska,2804073,2022,ok_finalnie,pdf,tekst,https://paslek.esesja.pl/zalaczniki/242499/16a_2314419.pdf,"eSesja: sesja LXI (28.06.2023) → /wcag/posiedzenie.asp?k=2667e3da-2017-4 → jawny link /zalaczniki/; dokument pobrany bez Tor, HTTP 200, MIME application/pdf, sygnatura %PDF, PdfReader(strict=True)",aec5c2059dbe5b6a7bc02f1d7c0213d3afcb6b8bb085c59b40b3182f7a42a442,200,2026-09-06T17:16:22Z,"Walidacja końcowa: Pasłęk / TERYT 2804073 potwierdzone w treści; okładka i treść wskazują raport za 2022 rok; PDF kompletny, 240 stron, warstwa tekstowa; rozmiar 1725630 B; SHA-256 aec5c2059dbe5b6a7bc02f1d7c0213d3afcb6b8bb085c59b40b3182f7a42a442. Załącznik sesji LXI Rady Miejskiej w Pasłęku. Parametry /pobierz/ są per-load; zapisano stabilny link WCAG /zalaczniki/.",1.726,true
19455,warmińsko-mazurskie,elbląski,Pasłęk,gmina miejsko-wiejska,2804073,2023,ok_finalnie,pdf,tekst,https://paslek.esesja.pl/zalaczniki/299157/12a-raport_2826307.pdf,"eSesja: sesja IV (27.06.2024) → /wcag/posiedzenie.asp?k=bd7da1dd-9043-4 → jawny link /zalaczniki/; dokument pobrany bez Tor, HTTP 200, MIME application/pdf, sygnatura %PDF, PdfReader(strict=True)",41773f4018fb3345eab8a0181272ccc1a328853cd7d1e3b2ffef4abf20229ec9,200,2026-09-06T17:16:22Z,"Walidacja końcowa: Pasłęk / TERYT 2804073 potwierdzone w treści; okładka i treść wskazują raport za 2023 rok; PDF kompletny, 260 stron, warstwa tekstowa; rozmiar 1885862 B; SHA-256 41773f4018fb3345eab8a0181272ccc1a328853cd7d1e3b2ffef4abf20229ec9. Załącznik sesji IV Rady Miejskiej w Pasłęku. Parametry /pobierz/ są per-load; zapisano stabilny link WCAG /zalaczniki/.",1.886,true
19456,warmińsko-mazurskie,elbląski,Pasłęk,gmina miejsko-wiejska,2804073,2024,ok_finalnie,pdf,tekst,https://paslek.esesja.pl/zalaczniki/355598/21a-raport-2024_3419664.pdf,"eSesja: sesja XVI (26.06.2025) → /wcag/posiedzenie.asp?k=7d222e0e-6144-4 → jawny link /zalaczniki/; dokument pobrany bez Tor, HTTP 200, MIME application/pdf, sygnatura %PDF, PdfReader(strict=True)",3510d365d44329523f082db5b8e2a56cdd0a49e2debd7248ddf6f8fd6b05306b,200,2026-09-06T17:16:22Z,"Walidacja końcowa: Pasłęk / TERYT 2804073 potwierdzone w treści; okładka i treść wskazują raport za 2024 rok; PDF kompletny, 302 stron, warstwa tekstowa; rozmiar 1756330 B; SHA-256 3510d365d44329523f082db5b8e2a56cdd0a49e2debd7248ddf6f8fd6b05306b. Załącznik sesji XVI Rady Miejskiej w Pasłęku. Parametry /pobierz/ są per-load; zapisano stabilny link WCAG /zalaczniki/.",1.756,true
19457,warmińsko-mazurskie,elbląski,Pasłęk,gmina miejsko-wiejska,2804073,2025,ok_finalnie,pdf,tekst,https://paslek.esesja.pl/zalaczniki/413277/raport-2025_4034622.pdf,"eSesja: sesja XXXII (29.06.2026) → /wcag/posiedzenie.asp?k=ccef140e-5b91-4 → jawny link /zalaczniki/; dokument pobrany bez Tor, HTTP 200, MIME application/pdf, sygnatura %PDF, PdfReader(strict=True)",6f2d5e354bfefdba2fc32af114550c6d375db7a5bde37b1db33673b48d310032,200,2026-09-06T17:16:22Z,"Walidacja końcowa: Pasłęk / TERYT 2804073 potwierdzone w treści; okładka i treść wskazują raport za 2025 rok; PDF kompletny, 296 stron, warstwa tekstowa; rozmiar 1837035 B; SHA-256 6f2d5e354bfefdba2fc32af114550c6d375db7a5bde37b1db33673b48d310032. Załącznik sesji XXXII Rady Miejskiej w Pasłęku. Parametry /pobierz/ są per-load; zapisano stabilny link WCAG /zalaczniki/.",1.837,true
19458,warmińsko-mazurskie,elbląski,Rychliki,gmina wiejska,2804082,2018,ok_finalnie,pdf,tekst,https://bip.rychliki.pl/pliki/archiwum/archiwalny.bip.rychliki.pl/RYCHLIKI_UG_BIP/PUBLIC/RAPORT_O_STANIE_GMINY_RYCHLIK_3.PDF?id=340185,direct_without_tor,5a19f8f8397d2cdea16fa092a7d903531343a162f141933fe2abc0faec26748b,200,2026-09-06T10:55:00Z,,0.392,true
19459,warmińsko-mazurskie,elbląski,Rychliki,gmina wiejska,2804082,2019,ok_finalnie,pdf,tekst,https://bip.rychliki.pl/pliki/archiwum/archiwalny.bip.rychliki.pl/RYCHLIKI_UG_BIP/PUBLIC/RAPORT_O_STANIE_GMINY_RYCHLIKI_.PDF?id=354571,direct_without_tor,142a1a7d8eac37803785eb438f88f296bd778ef5344656dcef5ac824be4d685d,200,2026-09-06T10:55:00Z,,2.496,true
19460,warmińsko-mazurskie,elbląski,Rychliki,gmina wiejska,2804082,2020,ok_finalnie,pdf,tekst,https://bip.rychliki.pl/pliki/archiwum/archiwalny.bip.rychliki.pl/RYCHLIKI_UG_BIP/PUBLIC/RAPORT_GMINY_2020_5B31969_5DD70.PDF?id=366011,direct_without_tor,bacdc4558d5c08e6675d2179fac688565953e8c490f77509149494f5520aa8cd,200,2026-09-06T10:55:00Z,,1.325,true
19461,warmińsko-mazurskie,elbląski,Rychliki,gmina wiejska,2804082,2021,ok_finalnie,pdf,tekst,https://bip.rychliki.pl/pliki/archiwum/archiwalny.bip.rychliki.pl/RYCHLIKI_UG_BIP/PUBLIC/RAPORT_2021_BES17B5.PDF?id=373996,direct_without_tor,e2acbb8285bae5ff729ee5f3f88b35f89a1a38b8eb318f1eccfa2d455ff8c3c1,200,2026-09-06T10:55:00Z,,4.128,true
19462,warmińsko-mazurskie,elbląski,Rychliki,gmina wiejska,2804082,2022,ok_finalnie,pdf,tekst,https://bip.rychliki.pl/pliki/archiwum/archiwalny.bip.rychliki.pl/RYCHLIKI_UG_BIP/PUBLIC/RAPORT_2022_BES818D.PDF?id=381059,direct_without_tor,a56cea707a8d1d662736e440de1fd0464fbf8166e1df83a214502ac1eaac148e,200,2026-09-06T10:55:00Z,,3.597,true
19463,warmińsko-mazurskie,elbląski,Rychliki,gmina wiejska,2804082,2023,ok_finalnie,pdf,tekst,https://bip.rychliki.pl/pliki/archiwum/archiwalny.bip.rychliki.pl/RYCHLIKI_UG_BIP/PUBLIC/RAPORT_O_STANIE_GMINY_ZA_2023_B.PDF?id=387074,direct_without_tor,c1d1bd3fc8ff3134ca5706631a99a1d222999bbabe767166c00a21119547969b,200,2026-09-06T10:55:00Z,,9.456,true
19464,warmińsko-mazurskie,elbląski,Rychliki,gmina wiejska,2804082,2024,ok_finalnie,pdf,tekst,https://bip.rychliki.pl/pliki/rychliki/zalaczniki/522/raport-o-stanie-gminy-rychliki-za-2024.pdf,direct_without_tor,632d1db58f0d2e4a91e4d9ee30af8fa5bc22195d029ed59ce244e520f25e54e7,200,2026-09-06T10:55:00Z,,3.857,true
19465,warmińsko-mazurskie,elbląski,Rychliki,gmina wiejska,2804082,2025,ok_finalnie,pdf,tekst,https://bip.rychliki.pl/pliki/rychliki/zalaczniki/1392/raport-o-stanie-gminy-rychliki-za-rok-2025-1.pdf,direct_without_tor,05a11309577448ab0d91c6474e711f7fe364149f30a3e31c6cb0e10b6fc79075,200,2026-09-06T10:55:00Z,,3.044,true
19466,warmińsko-mazurskie,elbląski,Tolkmicko,gmina miejsko-wiejska,2804093,2018,ok_finalnie,pdf,tekst,https://tolkmicko-umig.bip-wm.pl/public/getFile?id=340431,direct_without_tor,df4173dd2818e2dcfb09c6523b6498db5a9edc0748ed299c1623ab7b11052498,200,2026-09-06T11:35:00Z,,0.961,true
19467,warmińsko-mazurskie,elbląski,Tolkmicko,gmina miejsko-wiejska,2804093,2019,ok_finalnie,pdf,tekst,https://tolkmicko-umig.bip-wm.pl/public/getFile?id=355040,direct_without_tor,3be667dcadd4d904f86c02ddab4144b4069fb4ea44ce11885e5e0e48c976932c,200,2026-09-06T11:35:00Z,,2.453,true
19468,warmińsko-mazurskie,elbląski,Tolkmicko,gmina miejsko-wiejska,2804093,2020,ok_finalnie,pdf,tekst,https://tolkmicko-umig.bip-wm.pl/public/getFile?id=366058,direct_without_tor,4af0d99e0518518bfbd90dd448f8d1040903c9c4160721cea296aa7701ce0ad5,200,2026-09-06T11:35:00Z,,1.910,true
19469,warmińsko-mazurskie,elbląski,Tolkmicko,gmina miejsko-wiejska,2804093,2021,ok_finalnie,pdf,tekst,https://tolkmicko-umig.bip-wm.pl/public/getFile?id=373866,direct_without_tor,b3aa14693fb0ec02d8203992434c3c05731df77716dd1e861bb9b3a495478cb2,200,2026-09-06T11:35:00Z,,2.116,true
19470,warmińsko-mazurskie,elbląski,Tolkmicko,gmina miejsko-wiejska,2804093,2022,ok_finalnie,pdf,tekst,https://tolkmicko-umig.bip-wm.pl/public/getFile?id=381332,direct_without_tor,2f9c16353e3dd776af4cd2d166c6e775612b4999e62842e285038430589f7a85,200,2026-09-06T11:35:00Z,,2.103,true
19471,warmińsko-mazurskie,elbląski,Tolkmicko,gmina miejsko-wiejska,2804093,2023,ok_finalnie,pdf,tekst,https://tolkmicko-umig.bip-wm.pl/public/getFile?id=387515,direct_without_tor,eaa71bb891d6ce7578b7f978a3c07caee95b686cb5a973391be51f6cec71342f,200,2026-09-06T11:35:00Z,,1.415,true
19472,warmińsko-mazurskie,elbląski,Tolkmicko,gmina miejsko-wiejska,2804093,2024,ok_finalnie,pdf,tekst,https://tolkmicko-umig.bip-wm.pl/public/getFile?id=393091,direct_without_tor,30c0b067b64b7101f02452a65673cd1429b768feadfb6d6ecdf71e762a763937,200,2026-09-06T11:35:00Z,,1.460,true
19473,warmińsko-mazurskie,elbląski,Tolkmicko,gmina miejsko-wiejska,2804093,2025,ok_finalnie,pdf,tekst,https://tolkmicko-umig.bip-wm.pl/public/getFile?id=396948,direct_without_tor,30ccd769a355ba8c9948c8a11689be2801d97e2254017412d86fa2c74d8512b2,200,2026-09-06T11:35:00Z,,1.650,true
19474,warmińsko-mazurskie,iławski,-,-,2807,2018,ok_finalnie,pdf,tekst,https://bip.powiat-ilawski.pl/system/obj/17176_Raport_o_stanie_powiatu_2019.pdf,"oficjalny BIP Starostwa Powiatowego w Iławie: stabilny obiekt /system/obj; pobrano przez Tor po blokadzie antybotowej zwykłego IP, HTTP 200, MIME application/pdf, sygnatura %PDF, PdfReader(strict=True)",17be31da865b8e3ed8b0240e077af5bf7e8f2e15193828e833d26f1849c0aaae,200,2026-09-06T18:38:39Z,"Walidacja końcowa: Powiat Iławski / TERYT 2807; oficjalny BIP Starostwa Powiatowego w Iławie, organ Zarząd Powiatu Iławskiego; okładka i treść potwierdzają raport za 2018 rok merytoryczny; HTTP 200, MIME application/pdf, sygnatura %PDF, PdfReader(strict=True) OK, dokument 310 stron, rozmiar 11820458 B, SHA-256 17be31da865b8e3ed8b0240e077af5bf7e8f2e15193828e833d26f1849c0aaae. Pobranie przez Tor po wcześniejszej blokadzie antybotowej zwykłego adresu IP; kompletność i struktura zweryfikowane przed zmianą statusu.",11.820,true
19475,warmińsko-mazurskie,iławski,-,-,2807,2019,ok_finalnie,pdf,tekst,https://bip.powiat-ilawski.pl/system/obj/18782_raport_o_stanie_powiatu_za_2019.pdf,"oficjalny BIP Starostwa Powiatowego w Iławie: stabilny obiekt /system/obj; pobrano przez Tor po blokadzie antybotowej zwykłego IP, HTTP 200, MIME application/pdf, sygnatura %PDF, PdfReader(strict=True)",8ec3716b0d88f8022b00f8f96a15b45691b9c5488ee798821152c386230ff328,200,2026-09-06T18:38:39Z,"Walidacja końcowa: Powiat Iławski / TERYT 2807; oficjalny BIP Starostwa Powiatowego w Iławie, organ Zarząd Powiatu Iławskiego; okładka i treść potwierdzają raport za 2019 rok merytoryczny; HTTP 200, MIME application/pdf, sygnatura %PDF, PdfReader(strict=True) OK, dokument 255 stron, rozmiar 11886211 B, SHA-256 8ec3716b0d88f8022b00f8f96a15b45691b9c5488ee798821152c386230ff328. Pobranie przez Tor po wcześniejszej blokadzie antybotowej zwykłego adresu IP; kompletność i struktura zweryfikowane przed zmianą statusu.",11.886,true
19476,warmińsko-mazurskie,iławski,-,-,2807,2020,ok_finalnie,pdf,tekst,https://bip.powiat-ilawski.pl/system/obj/20238_podpisany_raport_za_2020_r._-18-05-2021.pdf,"oficjalny BIP Starostwa Powiatowego w Iławie: stabilny obiekt /system/obj; pobrano przez Tor po blokadzie antybotowej zwykłego IP, HTTP 200, MIME application/pdf, sygnatura %PDF, PdfReader(strict=True)",7ef49cbfce078648b74b6df8602ce0b642a5a552fae6fdca311ced6037610536,200,2026-09-06T18:38:39Z,"Walidacja końcowa: Powiat Iławski / TERYT 2807; oficjalny BIP Starostwa Powiatowego w Iławie, organ Zarząd Powiatu Iławskiego; okładka i treść potwierdzają raport za 2020 rok merytoryczny; HTTP 200, MIME application/pdf, sygnatura %PDF, PdfReader(strict=True) OK, dokument 236 stron, rozmiar 7325620 B, SHA-256 7ef49cbfce078648b74b6df8602ce0b642a5a552fae6fdca311ced6037610536. Pobranie przez Tor po wcześniejszej blokadzie antybotowej zwykłego adresu IP; kompletność i struktura zweryfikowane przed zmianą statusu.",7.326,true
19477,warmińsko-mazurskie,iławski,-,-,2807,2021,ok_finalnie,pdf,tekst,https://bip.powiat-ilawski.pl/system/obj/21416_raport_za_2021_podpisany.pdf,"oficjalny BIP Starostwa Powiatowego w Iławie: stabilny obiekt /system/obj; pobrano przez Tor po blokadzie antybotowej zwykłego IP, HTTP 200, MIME application/pdf, sygnatura %PDF, PdfReader(strict=True)",e43813f4953bb8e0823bed66a8b47cba1143bcaf2afa990b4c713083ebcde2c6,200,2026-09-06T18:38:39Z,"Walidacja końcowa: Powiat Iławski / TERYT 2807; oficjalny BIP Starostwa Powiatowego w Iławie, organ Zarząd Powiatu Iławskiego; okładka i treść potwierdzają raport za 2021 rok merytoryczny; HTTP 200, MIME application/pdf, sygnatura %PDF, PdfReader(strict=True) OK, dokument 229 stron, rozmiar 6055344 B, SHA-256 e43813f4953bb8e0823bed66a8b47cba1143bcaf2afa990b4c713083ebcde2c6. Pobranie przez Tor po wcześniejszej blokadzie antybotowej zwykłego adresu IP; kompletność i struktura zweryfikowane przed zmianą statusu.",6.055,true
19478,warmińsko-mazurskie,iławski,-,-,2807,2022,ok_finalnie,pdf,tekst,https://bip.powiat-ilawski.pl/system/obj/22497_RAPORT_ZA_2022.pdf,"oficjalny BIP Starostwa Powiatowego w Iławie: stabilny obiekt /system/obj; pobrano przez Tor po blokadzie antybotowej zwykłego IP, HTTP 200, MIME application/pdf, sygnatura %PDF, PdfReader(strict=True)",44f7b149efb54603d4f0e338f29187d9b7614857c78412fd2b6bd26d365da905,200,2026-09-06T18:38:39Z,"Walidacja końcowa: Powiat Iławski / TERYT 2807; oficjalny BIP Starostwa Powiatowego w Iławie, organ Zarząd Powiatu Iławskiego; okładka i treść potwierdzają raport za 2022 rok merytoryczny; HTTP 200, MIME application/pdf, sygnatura %PDF, PdfReader(strict=True) OK, dokument 226 stron, rozmiar 4477722 B, SHA-256 44f7b149efb54603d4f0e338f29187d9b7614857c78412fd2b6bd26d365da905. Pobranie przez Tor po wcześniejszej blokadzie antybotowej zwykłego adresu IP; kompletność i struktura zweryfikowane przed zmianą statusu.",4.478,true
19479,warmińsko-mazurskie,iławski,-,-,2807,2023,ok_finalnie,pdf,tekst,https://bip.powiat-ilawski.pl/system/obj/23512_Raport-sig.pdf,"oficjalny BIP Starostwa Powiatowego w Iławie: stabilny obiekt /system/obj; pobrano przez Tor po blokadzie antybotowej zwykłego IP, HTTP 200, MIME application/pdf, sygnatura %PDF, PdfReader(strict=True)",04a521c982f1e1335a74c8651a19a50cf5e58821a5d304412dc931d7e5713346,200,2026-09-06T18:38:39Z,"Walidacja końcowa: Powiat Iławski / TERYT 2807; oficjalny BIP Starostwa Powiatowego w Iławie, organ Zarząd Powiatu Iławskiego; okładka i treść potwierdzają raport za 2023 rok merytoryczny; HTTP 200, MIME application/pdf, sygnatura %PDF, PdfReader(strict=True) OK, dokument 221 stron, rozmiar 5533161 B, SHA-256 04a521c982f1e1335a74c8651a19a50cf5e58821a5d304412dc931d7e5713346. Pobranie przez Tor po wcześniejszej blokadzie antybotowej zwykłego adresu IP; kompletność i struktura zweryfikowane przed zmianą statusu.",5.533,true
19480,warmińsko-mazurskie,iławski,-,-,2807,2024,ok_finalnie,pdf,tekst,https://bip.powiat-ilawski.pl/system/obj/24634_Raport_o_stanie_Powiatu_Ilawskiego_za_2024_rok.zip,"oficjalny BIP Starostwa Powiatowego w Iławie: załącznik ZIP pobrany przez Tor; ZIP HTTP 200, MIME application/zip, CRC OK, 5 plików; wybrano główny PDF „Raport o stanie Powiatu Iławskiego za 2024 rok”, a nie załączniki nr 1–4; PDF HTTP 200/MIME application/pdf, %PDF, PdfReader(strict=True)",f5b095f97a67ed25bdf2a5516ee2bfb1efa494c3e15b9ca7919f89e8dfa2e77f,200,2026-09-06T18:38:39Z,"Walidacja końcowa: Powiat Iławski / TERYT 2807; oficjalny BIP Starostwa Powiatowego w Iławie, organ Zarząd Powiatu Iławskiego; okładka i treść potwierdzają raport za 2024 rok merytoryczny; HTTP 200, MIME application/pdf, sygnatura %PDF, PdfReader(strict=True) OK, dokument 153 stron, rozmiar 12594300 B, SHA-256 f5b095f97a67ed25bdf2a5516ee2bfb1efa494c3e15b9ca7919f89e8dfa2e77f; pypdf nie wyodrębnił tekstu z 3 stron graficznych/okładkowych, bez błędu struktury. Pobranie przez Tor po wcześniejszej blokadzie antybotowej zwykłego adresu IP; kompletność i struktura zweryfikowane przed zmianą statusu.",12.594,true
19481,warmińsko-mazurskie,iławski,-,-,2807,2025,ok_finalnie,pdf,tekst,https://bip.powiat-ilawski.pl/system/obj/25660_Raport_2025_calosc.pdf,"oficjalny BIP Starostwa Powiatowego w Iławie: stabilny obiekt /system/obj; pobrano przez Tor po blokadzie antybotowej zwykłego IP, HTTP 200, MIME application/pdf, sygnatura %PDF, PdfReader(strict=True)",50eda609eadbc20a3696f5da41e4edaf41cfb56418cc0b24c44f8c423d84cc5c,200,2026-09-06T18:38:39Z,"Walidacja końcowa: Powiat Iławski / TERYT 2807; oficjalny BIP Starostwa Powiatowego w Iławie, organ Zarząd Powiatu Iławskiego; okładka i treść potwierdzają raport za 2025 rok merytoryczny; HTTP 200, MIME application/pdf, sygnatura %PDF, PdfReader(strict=True) OK, dokument 184 stron, rozmiar 14233094 B, SHA-256 50eda609eadbc20a3696f5da41e4edaf41cfb56418cc0b24c44f8c423d84cc5c; pypdf nie wyodrębnił tekstu z 7 stron graficznych/okładkowych, bez błędu struktury. Pobranie przez Tor po wcześniejszej blokadzie antybotowej zwykłego adresu IP; kompletność i struktura zweryfikowane przed zmianą statusu.",14.233,true
19482,warmińsko-mazurskie,iławski,Iława,gmina miejska,2807011,2018,ok_finalnie,pdf,tekst,https://bip.umilawa.pl/system/pobierz.php?plik=Raport_o_stanie_miasta_Ilawy_za_2018_rok_-_s..pdf&id=95aa1698c4a6792db721aebc8f93c433&stats=true,direct_without_tor,ab82e847bcacf653fc24b8931085a386e8dbaf10a0460b6fa46d191cf1b363ae,200,2026-09-05T23:55:36Z,,2.667,true
19483,warmińsko-mazurskie,iławski,Iława,gmina miejska,2807011,2019,ok_finalnie,pdf,tekst,https://bip.umilawa.pl/system/pobierz.php?plik=Raport-o-stanie-Gminy_2019-v2.pdf&id=c684c216a1d3d6cdce0a2f55fca2b40b&stats=true,direct_without_tor,6698a0eb92cd468f47666246e5ef9097fd5961cba4deb7785cba58e17cde92c3,200,2026-09-05T23:55:36Z,,22.813,true
19484,warmińsko-mazurskie,iławski,Iława,gmina miejska,2807011,2020,ok_finalnie,pdf,tekst,https://bip.umilawa.pl/system/pobierz.php?plik=Raport-o-stanie-Gminy_Miejskiej-Ilawa-2020-rok_281_29.pdf&id=598b160d4258a768a1f2b69addeee1c2&stats=true,direct_without_tor,a5551df8a105fcc75a02fb7f6e2f6aadb4cfcc8ba56c9838a8a75efd87fbc8f3,200,2026-09-05T23:55:36Z,,21.922,true
19485,warmińsko-mazurskie,iławski,Iława,gmina miejska,2807011,2021,ok_finalnie,pdf,tekst,https://bip.umilawa.pl/system/pobierz.php?plik=Raport_o_stanie_Gminy_Miejskiej_Ilawa_w_2021_r..pdf&id=6c0cae42ca9580de831bb7d62b7dfd7b&stats=true,direct_without_tor,e233a43b1c0b722219f79608839a6c367b4c09a367577fc8742196910c706faf,200,2026-09-05T23:55:36Z,,20.338,true
19486,warmińsko-mazurskie,iławski,Iława,gmina miejska,2807011,2022,ok_finalnie,pdf,tekst,https://bip.umilawa.pl/system/pobierz.php?plik=Raport-o-stanie-Gminy_Miejskiej_I_C4_B9_E2_80_9Aawa_2022.pdf&id=b051735b9169af1167e00408ceb797d1&stats=true,direct_without_tor,4ef26ee01b580491373c1bf6af82f2bb42c2a76780d7ff3ed1ac6daff567964a,200,2026-09-05T23:55:36Z,,40.365,true
19487,warmińsko-mazurskie,iławski,Iława,gmina miejska,2807011,2023,ok_finalnie,pdf,tekst,https://bip.umilawa.pl/system/pobierz.php?plik=Raport-o-stanie-Gminy_2023.pdf&id=77ac0bf7885ccf12e838e34fa85cbc50&stats=true,direct_without_tor,1906f648b054468148643053b973bc36fc0efb8a8df02be364d08a377c33a000,200,2026-09-05T23:55:36Z,,27.596,true
19488,warmińsko-mazurskie,iławski,Iława,gmina miejska,2807011,2024,ok_finalnie,pdf,tekst,https://bip.umilawa.pl/system/pobierz.php?plik=Raport_o_stanie_Gminy_Miejskiej_I_C4_B9_E2_80_9Aawa_w_2024.pdf&id=9646c5404c2ee61ee3bd5e718098f489&stats=true,direct_without_tor,ef96353e80e31c189413758341eaaab666e12a1bcf79b9a99b53afac73f37f66,200,2026-09-05T23:55:36Z,,39.622,true
19489,warmińsko-mazurskie,iławski,Iława,gmina miejska,2807011,2025,ok_finalnie,pdf,tekst,https://bip.umilawa.pl/system/pobierz.php?plik=Raport_o_stanie_miasta_2025.pdf&id=fcdbf87661691c9f57907dfc9d36faf2&stats=true,direct_without_tor,8dffee738d725fc17db1dbd9bbfba45ca873640965933cbb1c1e777cc920f206,200,2026-09-05T23:55:36Z,,100.309,true
19490,warmińsko-mazurskie,iławski,Lubawa,gmina miejska,2807021,2018,ok_finalnie,pdf,skan,https://bip.gminalubawa.pl/system/pobierz.php?plik=Raport_-_bez_zalacznikow.pdf&id=6874dbdaa9ea4e2484e33401bb1a5bd0&stats=true,direct_without_tor,0500e3164498653382b144d2f432020ee83709c12a5a7bb7e88a840a15263c95,200,2026-09-06T06:42:28Z,,9.5,true
19491,warmińsko-mazurskie,iławski,Lubawa,gmina miejska,2807021,2019,ok_finalnie,pdf,tekst,http://lubawa.bip-wm.pl/public/get_file_contents.php?id=354557,direct_without_tor,2ddbe749a252f3bdee733f68f5db0c3534a01e8c168d5e701a742b5f884c01ea,200,2026-09-05T23:55:36Z,,0.508,true
19492,warmińsko-mazurskie,iławski,Lubawa,gmina miejska,2807021,2020,ok_finalnie,pdf,tekst,http://lubawa.bip-wm.pl/public/get_file_contents.php?id=364996,direct_without_tor,7012935d25658e2e834cb2285db883d89e3e1b461a168d9b551359372bf379dc,200,2026-09-05T23:55:36Z,,1.016,true
19493,warmińsko-mazurskie,iławski,Lubawa,gmina miejska,2807021,2021,ok_finalnie,pdf,tekst,http://lubawa.bip-wm.pl/public/get_file_contents.php?id=373339,direct_without_tor,d181f2e969b8ae09d3265799da25f1eda5bd2f23d429d6824abb1aa27950de75,200,2026-09-05T23:55:36Z,,1.175,true
19494,warmińsko-mazurskie,iławski,Lubawa,gmina miejska,2807021,2022,ok_finalnie,pdf,tekst,https://lubawa.bip-wm.pl/public/getFile?id=380481,direct_without_tor,74f4c9770b55088e976b165f7e297c5e9977174a1abaff87d8abf9d41b51ee1e,200,2026-09-05T23:55:36Z,,1.12,true
19495,warmińsko-mazurskie,iławski,Lubawa,gmina miejska,2807021,2023,ok_finalnie,pdf,tekst,https://lubawa.bip-wm.pl/public/getFile?id=386534,direct_without_tor,a6477f96adb096b0c4f5336cefebe3062a5e94b345db0897994fe59769b15c34,200,2026-09-05T23:55:36Z,,0.365,true
19496,warmińsko-mazurskie,iławski,Lubawa,gmina miejska,2807021,2024,ok_finalnie,pdf,tekst,https://lubawa.bip-wm.pl/public/getFile?id=392914,direct_without_tor,9accf1ff06584a9bc092fa830de5660def9af80f2a65117a2edce0b9a5ebad9a,200,2026-09-05T23:55:36Z,,1.148,true
19497,warmińsko-mazurskie,iławski,Lubawa,gmina miejska,2807021,2025,ok_finalnie,pdf,tekst,https://lubawa.bip-wm.pl/public/getFile?id=397162,direct_without_tor,b7ff92c34964aa6fea84695c6251f47d4000c766a44c58bfe702623d6d7f626c,200,2026-09-05T23:55:36Z,,1.239,true
19498,warmińsko-mazurskie,iławski,Iława,gmina wiejska,2807032,2018,ok_finalnie,pdf,tekst,https://bip.gmina-ilawa.pl/system/pobierz.php?plik=RAPORT_O_STANIE_GMINY.pdf&id=8f9c6317d7722e4982b334225cb79e23&stats=true,direct_without_tor,485756676b405e95a1060c52ed8a139a92b92037aa4138f3977c116ad347de29,200,2026-09-06T11:05:00Z,,0.787,true
19499,warmińsko-mazurskie,iławski,Iława,gmina wiejska,2807032,2019,ok_finalnie,pdf,tekst,https://bip.gmina-ilawa.pl/system/pobierz.php?plik=RAPORT_O_STANIE_GMINY.pdf&id=c30d6d95974c3581724f2df8e29e2d9f&stats=true,direct_without_tor,c61203d1c6ec7a9ca8d30660b7b419db4c1b79ecf7653d702a15dae03ebef0ef,200,2026-09-06T11:05:00Z,,1.132,true
19500,warmińsko-mazurskie,iławski,Iława,gmina wiejska,2807032,2020,ok_finalnie,pdf,tekst,https://bip.gmina-ilawa.pl/system/pobierz.php?plik=RAPORT__O__STANIE__GMINY_ZA_2020_r..pdf&id=3eb5271ac6ef544280ef68b05eeec1e1&stats=true,direct_without_tor,fe76700e518f39a797fd4b4effa851280657c44b40922e843b6f30ca05c824e0,200,2026-09-06T11:05:00Z,,1.090,true
19501,warmińsko-mazurskie,iławski,Iława,gmina wiejska,2807032,2021,ok_finalnie,pdf,tekst,https://bip.gmina-ilawa.pl/system/pobierz.php?plik=Raport_o_stanie_Gminy_za_2021_r.pdf&id=a55073e41c8308585b173237d6cbdc30&stats=true,direct_without_tor,df92ddff7fa1c845f5f31d7e0cfd340465ee5e56ce3d39c62e74d941452aaa84,200,2026-09-06T11:05:00Z,,1.438,true
19502,warmińsko-mazurskie,iławski,Iława,gmina wiejska,2807032,2022,ok_finalnie,pdf,tekst,https://bip.gmina-ilawa.pl/system/pobierz.php?plik=RAPORT_O_STANIE_Gminy_-_za_2022_r.pdf&id=78ed9a373965eef7f92bb2944a29e5ed&stats=true,direct_without_tor,914800d018a2785db0d66c0a5d67b23dc12427b8c60d09dfefc88fc04451efa0,200,2026-09-06T11:05:00Z,,1.066,true
19503,warmińsko-mazurskie,iławski,Iława,gmina wiejska,2807032,2023,ok_finalnie,pdf,tekst,https://bip.gmina-ilawa.pl/system/pobierz.php?plik=RAPORT_O_STANIE_Gminy_-_za_2023_r.pdf&id=d84276a8f9bc5797949aaa7bf0f6c3e3&stats=true,direct_without_tor,ee59924a83339126b3117a52b9a30fd180ce2398713b5cb1ecd38ff3bcbfc6ff,200,2026-09-06T11:05:00Z,,1.557,true
19504,warmińsko-mazurskie,iławski,Iława,gmina wiejska,2807032,2024,ok_finalnie,pdf,tekst,https://bip.gmina-ilawa.pl/system/pobierz.php?plik=RAPORT_O_STANIE_GMINY_za_2024_r...pdf&id=6ac72f84e40dd27927242e529ee227cf&stats=true,direct_without_tor,39384e4c4f58c697b68cc6182f156e112870f654b27141d59a91c398813cac20,200,2026-09-06T11:05:00Z,,5.604,true
19505,warmińsko-mazurskie,iławski,Iława,gmina wiejska,2807032,2025,ok_finalnie,pdf,tekst,https://www.gmina-ilawa.pl/pl/pobierz-plik/MTc3NDE%3D,direct_without_tor,ad85d757b1133b25ec540ad5aa50b9b411366b6d092a633c7f08b9cf892de21b,200,2026-09-06T06:28:57Z,,7.493,true
19506,warmińsko-mazurskie,iławski,Kisielice,gmina miejsko-wiejska,2807043,2018,ok_finalnie,pdf,tekst,https://bipkisielice.warmia.mazury.pl/attachment/informacja/6758/21c6ea1c323c41992b289c57a823663ef496e449.html,direct_without_tor,afd735fa1af01fa045b23f0f7c798d7222b4f75798a1696e8cb4253c5b3d67ac,200,2026-09-06T11:15:00Z,,1.003,true
19507,warmińsko-mazurskie,iławski,Kisielice,gmina miejsko-wiejska,2807043,2019,ok_finalnie,pdf,tekst,https://bipkisielice.warmia.mazury.pl/attachment/informacja/8811/6c8ee56bd514fca69877b16f6a9e39d84d8a3903.html,direct_without_tor,a03cb460479f7d848952ba9db556f1fdbd0767edd5fe2b32bacb3be1ed19f59a,200,2026-09-06T11:15:00Z,,0.951,true
19508,warmińsko-mazurskie,iławski,Kisielice,gmina miejsko-wiejska,2807043,2020,ok_finalnie,pdf,tekst,https://bipkisielice.warmia.mazury.pl/attachment/informacja/11913/c54d9471f0831cbbe5f0b784f2be8d20bade5628.html,direct_without_tor,06701e7506a1022e70dfe5ce5d033d30aa3e3ec6fe7c6a26c79d6eb41676a434,200,2026-09-06T11:15:00Z,,1.594,true
19509,warmińsko-mazurskie,iławski,Kisielice,gmina miejsko-wiejska,2807043,2021,ok_finalnie,pdf,tekst,https://bipkisielice.warmia.mazury.pl/attachment/informacja/10726/86387939b09ea7f860713c77a9e21db5c8da2f7a.html,direct_without_tor,2c56acbd49a828f94afc0bfae726ef48733770469fbec3a613a181f252d52820,200,2026-09-06T11:15:00Z,,1.375,true
19510,warmińsko-mazurskie,iławski,Kisielice,gmina miejsko-wiejska,2807043,2022,ok_finalnie,pdf,tekst,https://bipkisielice.warmia.mazury.pl/attachment/informacja/11929/7c7f8669e7d889e4af77cfb0ba4c40383658d1b2.html,direct_without_tor,8117558513ad9468789421ddabecef7775886a9e2a52668b1a70fc759e707ee3,200,2026-09-06T11:15:00Z,,1.487,true
19511,warmińsko-mazurskie,iławski,Kisielice,gmina miejsko-wiejska,2807043,2023,ok_finalnie,pdf,tekst,https://bipkisielice.warmia.mazury.pl/attachment/informacja/13691/5764807aa7aa9acd1253db95afe3ab87d797ec89.html,direct_without_tor,5903ab1d85af0012c2d2d9f55db42444010cc0aa8c54cb1cb9b162065a32ed60,200,2026-09-06T11:15:00Z,,1.405,true
19512,warmińsko-mazurskie,iławski,Kisielice,gmina miejsko-wiejska,2807043,2024,ok_finalnie,pdf,tekst,https://bipkisielice.warmia.mazury.pl/attachment/informacja/14737/1a8e03cf40390f6c50892d739db0d98bf34995cb.html,direct_without_tor,2be0a8e3e960b7606466c34801e8376b286999214557fb783e4666d16622311c,200,2026-09-06T06:33:18Z,,1.701,true
19513,warmińsko-mazurskie,iławski,Kisielice,gmina miejsko-wiejska,2807043,2025,ok_finalnie,pdf,tekst,https://bipkisielice.warmia.mazury.pl/attachment/informacja/16042/ba04c3f05b8717ee3fd60b530bc0b2dc4b217f19.html,direct_without_tor,df598ee4300b77715ab29ccac4b2978018b0ce19e8077ce16d6c33660f7687ff,200,2026-09-06T06:28:57Z,,2.517,true
19514,warmińsko-mazurskie,iławski,Lubawa,gmina wiejska,2807052,2018,ok_finalnie,pdf,skan,https://bip.gminalubawa.pl/system/pobierz.php?plik=Raport_-_bez_zalacznikow.pdf&id=6874dbdaa9ea4e2484e33401bb1a5bd0&stats=true,direct_without_tor,0500e3164498653382b144d2f432020ee83709c12a5a7bb7e88a840a15263c95,200,2026-09-05T23:55:36Z,,9.5,true
19515,warmińsko-mazurskie,iławski,Lubawa,gmina wiejska,2807052,2019,ok_finalnie,pdf,skan,https://bip.gminalubawa.pl/system/pobierz.php?plik=Raport_o_stanie_Gminy_Lubawa_za_2019_rok.pdf&id=de0de1cbce2de93a062b3397b81ef94b&stats=true,direct_without_tor,e21d2a01e94102ad44c059f65ef03c529af1d4f75151c1cebabb9b7cd38eff42,200,2026-09-05T23:55:36Z,,8.802,true
19516,warmińsko-mazurskie,iławski,Lubawa,gmina wiejska,2807052,2020,ok_finalnie,pdf,skan,https://bip.gminalubawa.pl/system/pobierz.php?plik=Zarzadzenie_421_2021_zalacznik_Raport_o_stanie_Gminy_Lubawa_za_2020_rok.pdf&id=831027072a6e984a1c138811874da91f&stats=true,direct_without_tor,2b8aa2787bc83d54dc97a83cd6513c9fdff33daf0a5e981ec1f69223edf04ea0,200,2026-09-05T23:55:36Z,,5.96,true
19517,warmińsko-mazurskie,iławski,Lubawa,gmina wiejska,2807052,2021,ok_finalnie,pdf,skan,https://bip.gminalubawa.pl/system/pobierz.php?plik=Zarzadzenie_574_2022__Raport_o_stanie_Gminy_Lubawa_za_rok_2021r..pdf&id=32d502b2e0644e3e196ff1b2c881202d&stats=true,direct_without_tor,70618dc079479d26c99e3c9421b665a0a9c70c3d3e98fa9e21a8e7d4c7b3c625,200,2026-09-05T23:55:36Z,,6.259,true
19518,warmińsko-mazurskie,iławski,Lubawa,gmina wiejska,2807052,2022,ok_finalnie,pdf,skan,https://bip.gminalubawa.pl/system/pobierz.php?plik=Zarzadzenie_708_2023_zalacznik_Raport_o_stanie_Gminy_Lubawa_za_2022_rok_z_zalacznikami.pdf&id=14eead7be39d7f9f1123a757e56207bb&stats=true,direct_without_tor,8590ce4f2f48f9c689453e9357e1ee18fcee6a75aadcece61f12a8a153f53ea6,200,2026-09-05T23:55:36Z,,6.239,true
19519,warmińsko-mazurskie,iławski,Lubawa,gmina wiejska,2807052,2023,ok_finalnie,pdf,skan,https://bip.gminalubawa.pl/system/pobierz.php?plik=2_Raport_o_stanie_gminy_za_2023_r.pdf&id=f18a7924f506596f8641f56337382eb1&stats=true,direct_without_tor,a6e29d7ef25afe27a84ce2b759589a1fd7ac75b3fac514bde004a6b2ef90c421,200,2026-09-05T23:55:36Z,,19.703,true
19520,warmińsko-mazurskie,iławski,Lubawa,gmina wiejska,2807052,2024,ok_finalnie,pdf,skan,https://bip.gminalubawa.pl/system/pobierz.php?plik=Zarzadzenie_99_2025_Raport_o_staie_gminy.pdf&id=5df60cf91e2fd705fe99caa3da1c52d2&stats=true,direct_without_tor,33b3a2fc93fdb4c6bd116d59086982b1367d3137da4ee3b61df8a7f9d2d0bae7,200,2026-09-05T23:55:36Z,,4.462,true
19521,warmińsko-mazurskie,iławski,Lubawa,gmina wiejska,2807052,2025,ok_finalnie,pdf,skan,https://bip.gminalubawa.pl/system/pobierz.php?plik=Raport_o_stanie_Gminy_Lubawa_za_2025_rok.pdf&id=ba00c8a6d6ca5511a5f3dfd1fea8c973&stats=true,direct_without_tor,97a7f6c1102a9a75246bea050e26d6d6d1cd13d393075832467c7aa1f83a823d,200,2026-09-05T23:55:36Z,,4.59,true
19522,warmińsko-mazurskie,iławski,Susz,gmina miejsko-wiejska,2807063,2018,ok_finalnie,pdf,tekst,https://archbip.susz.pl/zalaczniki/3444/Raport_o_stanie_Gminy_Susz_za_2018_rok_14-06-2019_09-33-40.pdf,direct_without_tor,17a0a38a60e2baa7c787b831fc69abca2f7ddb2086c7e3933dfa3c837b6acb25,200,2026-09-06T06:38:00Z,,2.422,true
19523,warmińsko-mazurskie,iławski,Susz,gmina miejsko-wiejska,2807063,2019,ok_finalnie,pdf,tekst,https://archbip.susz.pl/zalaczniki/3668/Raport_o_stanie_Gminy_Susz_za_2019_r_22-07-2020_14-03-02.pdf,direct_without_tor,c20c2f0aea49fc6afd6bdf7d7bed9b3165dc16b931b6bad61b04c7c2715aba46,200,2026-09-06T06:38:00Z,,2.275,true
19524,warmińsko-mazurskie,iławski,Susz,gmina miejsko-wiejska,2807063,2020,ok_finalnie,pdf,tekst,https://archbip.susz.pl/zalaczniki/3909/Raport_o_stanie_Gminy_Susz_za_2020_rok_16-06-2021_13-59-20.pdf,direct_without_tor,14c17f3f08f597cd4f8385664eceb9b28ee1524af228669b62b3dba0be4c3034,200,2026-09-06T06:38:00Z,,2.477,true
19525,warmińsko-mazurskie,iławski,Susz,gmina miejsko-wiejska,2807063,2021,ok_finalnie,pdf,tekst,https://archbip.susz.pl/zalaczniki/4137/Raport_o_stanie_Gminy_Susz_za_2021_14-06-2022_12-15-13.pdf,direct_without_tor,715d0276730aaa5e7fe612cd0676a1f1bb51adc891e4f3cdd83740f3a042f8d9,200,2026-09-06T06:38:00Z,,2.317,true
19526,warmińsko-mazurskie,iławski,Susz,gmina miejsko-wiejska,2807063,2022,ok_finalnie,pdf,tekst,https://archbip.susz.pl/zalaczniki/4410/Raport_o_stanie_Gminy_Susz_za_2022_09-06-2023_06-18-57.pdf,direct_without_tor,f432772227684476f31bdf1516c0d620dc48094cad8f9a426310a85f817aaa59,200,2026-09-06T06:38:00Z,,2.69,true
19527,warmińsko-mazurskie,iławski,Susz,gmina miejsko-wiejska,2807063,2023,ok_finalnie,pdf,tekst,https://bip.susz.pl/download/attachment/2985/raport-o-stanie-gminy-susz-za-2023-rok.pdf?v=1731398468,direct_without_tor,3e8dc247a7a8df2901fc04d1779c16351dc9de8be8f607bbf8ac2af706011736,200,2026-09-06T06:38:00Z,,1.92,true
19528,warmińsko-mazurskie,iławski,Susz,gmina miejsko-wiejska,2807063,2024,ok_finalnie,pdf,tekst,https://bip.susz.pl/download/attachment/6493/zarz_burmsusza_055_z_28_05_2025_r.pdf,direct_without_tor,00187af4877bbc29492b4c1a583f171240f0862378501c0100fb3d8b08e0252a,200,2026-09-06T06:28:57Z,,1.832,true
19529,warmińsko-mazurskie,iławski,Susz,gmina miejsko-wiejska,2807063,2025,ok_finalnie,pdf,tekst,https://bip.susz.pl/download/attachment/13650/raport-o-stanie-gminy-susz-za-2025-rok-sig.pdf?v=1780057506,direct_without_tor,6259c814adf1e0e96b0d6e86c6befcccdced3dd5896ef61874354b16bbefadba,200,2026-09-06T06:28:57Z,,2.075,true
19530,warmińsko-mazurskie,iławski,Zalewo,gmina miejsko-wiejska,2807073,2018,ok_finalnie,pdf,tekst,http://www.zalewo.f117.pl/download/raport2019.pdf,direct_without_tor,1d83cdfba93db1ed18f04250a09ec3975416469cb1672de0c93e4e9aeac76be4,200,2026-09-06T06:43:08Z,,6.945,true
19531,warmińsko-mazurskie,iławski,Zalewo,gmina miejsko-wiejska,2807073,2019,ok_finalnie,pdf,skan,https://bip.zalewo.pl/system/pobierz.php?plik=Raport_o_Stanie_Gminy_Zalewo_w_roku_2019.pdf&id=f89009de72e4558b6adabb17c366a62e&stats=true,direct_without_tor,2b64115fd2a2798942f9d13dea03d5fb5b753fcd8fcb5a75be8e27ae7eae2ec5,200,2026-09-05T23:55:36Z,,41.735,true
19532,warmińsko-mazurskie,iławski,Zalewo,gmina miejsko-wiejska,2807073,2020,ok_finalnie,pdf,tekst,https://bip.zalewo.pl/system/pobierz.php?plik=Raport_o_stanie_gminy_2020.pdf&id=8530f7135ea8ef095fc13e66d0e91ae3&stats=true,direct_without_tor,8661d60da8e1c6c1f79cd1648167c8be5c12466d6f997c2d828567b2935e023f,200,2026-09-05T23:55:36Z,,4.416,true
19533,warmińsko-mazurskie,iławski,Zalewo,gmina miejsko-wiejska,2807073,2021,ok_finalnie,pdf,tekst,https://bip.zalewo.pl/system/pobierz.php?plik=Raport_o_stanie_Gminy_Zalewo_w_2021r..pdf&id=12851393672829e758aa94ac37fd4bfd&stats=true,direct_without_tor,b485d61669120e05c19f416c962a18b88fff5b9d71ad5fff86fc77503e05cbdd,200,2026-09-05T23:55:36Z,,14.638,true
19534,warmińsko-mazurskie,iławski,Zalewo,gmina miejsko-wiejska,2807073,2022,ok_finalnie,pdf,tekst,https://bip.zalewo.pl/system/pobierz.php?plik=RAPORT_O_STANIE_GMINY_w_roku_2022.pdf&id=24a69624ee04270ac47979bed5727acb&stats=true,direct_without_tor,48e15f0e80b5de10b1b70e8221b8ea8d4293f3a273056c1ec2327c6796ab14ea,200,2026-09-06T06:43:08Z,,25.244,true
19535,warmińsko-mazurskie,iławski,Zalewo,gmina miejsko-wiejska,2807073,2023,ok_finalnie,pdf,tekst,https://bip.zalewo.pl/system/pobierz.php?plik=RAPORT_O_STANIE_GMINY_w_roku_2023.pdf&id=af16601736fc2255d84a71ab5bc04e46&stats=true,direct_without_tor,1378d719a4a70896e1b23c2bfe3879c42e4397ff11dd59b449233e19195b654a,200,2026-09-05T23:55:36Z,,5.825,true
19536,warmińsko-mazurskie,iławski,Zalewo,gmina miejsko-wiejska,2807073,2024,ok_finalnie,pdf,tekst,https://bip.zalewo.pl/system/pobierz.php?plik=RAPORT_O_STANIE_GMINY_w_roku_2024_r..pdf&id=0b521b31624275b5f4bcb72a707d8524&stats=true,direct_without_tor,0acfcfd9ac5ead939919207f8c82eebe260e41e330c90ed8afddfa81d8c3116e,200,2026-09-05T23:55:36Z,,20.327,true
19537,warmińsko-mazurskie,iławski,Zalewo,gmina miejsko-wiejska,2807073,2025,ok_finalnie,pdf,tekst,https://bip.zalewo.pl/system/pobierz.php?plik=Raport_o_stanie_Gminy_Zalewo_w_roku_2025.pdf&id=d16359a02d859c8f8161d6f952c60c7f&stats=true,direct_without_tor,a37dbb9a99a23e770671943c22dd4c7ae520042b1c33abd1d22fecef10c140eb,200,2026-09-05T23:55:36Z,,27.393,true
19538,warmińsko-mazurskie,kętrzyński,Barciany,gmina wiejska,2808022,2018,ok_finalnie,pdf,tekst,https://www.barciany.pl/asp/pliki/pobierz/raport_o_stanie_gmina_barciany_1_.pdf,direct_without_tor,c4bc8492ebe3a41a4b8565d2c2a8e935c79f1348c9eb90c51c2da005eff1634c,200,2026-09-06T06:46:54Z,,1.773,true
19539,warmińsko-mazurskie,kętrzyński,Barciany,gmina wiejska,2808022,2019,ok_finalnie,pdf,tekst,https://www.barciany.pl/asp/pliki/pobierz/raport_2019.pdf,direct_without_tor,236cc4d9e4b58c42d1ef63f13c973106a05f12dbeef4ebaab00932120fadd8e4,200,2026-09-05T23:55:36Z,,18.077,true
19540,warmińsko-mazurskie,kętrzyński,Barciany,gmina wiejska,2808022,2020,ok_finalnie,pdf,tekst,https://www.barciany.pl/asp/pliki/pobierz/8208_1._raport_o_stanie_gminy_barciany_za_2020r._2.pdf,direct_without_tor,14ac7cee4cee9dc22e89a15873cc9a10d4bfcce2fe615d33a15eb27f8b8703db,200,2026-09-05T23:55:36Z,,4.726,true
19541,warmińsko-mazurskie,kętrzyński,Barciany,gmina wiejska,2808022,2021,ok_finalnie,pdf,tekst,https://www.barciany.pl/asp/pliki/pobierz/8886_raport_o_stanie_gminy_za_2021_w_1.pdf,direct_without_tor,23c87e88efa38fefff07aff607678c8c17c92d0e40edcf4298b6b7ec9ada17f3,200,2026-09-05T23:55:36Z,,14.336,true
19542,warmińsko-mazurskie,kętrzyński,Barciany,gmina wiejska,2808022,2022,ok_finalnie,pdf,tekst,https://www.barciany.pl/asp/pliki/pobierz/9751_raport_o_stanie_gminy_za_2022_rok_podpis.pdf,direct_without_tor,0f950c0a6d42b573111347b79a73596d404151943796358c314614f9b6f893a1,200,2026-09-05T23:55:36Z,,6.239,true
19543,warmińsko-mazurskie,kętrzyński,Barciany,gmina wiejska,2808022,2023,ok_finalnie,pdf,tekst,https://www.barciany.pl/asp/pliki/pobierz/10590_raport_o_stanie_gminy_za_2023_rok.pdf,direct_without_tor,fbfefe05311c486a239f45a47599b5e99b99dc45be0297594b591a6bf0f6c8b1,200,2026-09-05T23:55:36Z,,5.838,true
19544,warmińsko-mazurskie,kętrzyński,Barciany,gmina wiejska,2808022,2024,ok_finalnie,pdf,skan,https://www.barciany.pl/asp/pliki/pobierz/raport_o_stanie_gminy_barciany_za_2024r.pdf,direct_without_tor,de906902a73864fe7a5f2f28f1c28fea6b2f59b85331dd3f02403e57f6d19002,200,2026-09-05T23:55:36Z,,64.561,true
19545,warmińsko-mazurskie,kętrzyński,Barciany,gmina wiejska,2808022,2025,ok_finalnie,pdf,tekst,https://www.barciany.pl/asp/pliki/pobierz/raport_o_stanie_gminy_za_2025_rok.pdf,direct_without_tor,bb8723f27672213e48306a7d231885e7ecddaf4c7abe8d7177dcf1d2dfa2b9b3,200,2026-09-06T06:46:54Z,,11.156,true
19546,warmińsko-mazurskie,kętrzyński,Korsze,gmina miejsko-wiejska,2808043,2018,ok_finalnie,pdf,tekst,https://bip-v1-files.idcom-jst.pl/sites/47013/wiadomosci/473443/files/og_0050_93_2019.pdf,direct_without_tor,acbbbea43cff9c2be08a135a05f8ef6ba263264278311ea0a6f30d3328bf35de,200,2026-09-06T06:46:25Z,,4.67,true
19547,warmińsko-mazurskie,kętrzyński,Korsze,gmina miejsko-wiejska,2808043,2019,ok_finalnie,pdf,tekst,https://bip-v1-files.idcom-jst.pl/sites/47013/wiadomosci/526018/files/og_0050_68_2020.pdf,direct_without_tor,d2ddf59f95d15c5498c0145d840fe485c153be64b77e985779bdf940719abc61,200,2026-09-06T06:46:25Z,,3.532,true
19548,warmińsko-mazurskie,kętrzyński,Korsze,gmina miejsko-wiejska,2808043,2020,ok_finalnie,pdf,tekst,https://bip-v1-files.idcom-jst.pl/sites/47013/wiadomosci/574172/files/og_0050_57_2021.pdf,direct_without_tor,6be7de790164d01de645c21f1a48aa8bd7e08bfd3e151fcd47256b6dc363e506,200,2026-09-06T06:46:25Z,,14.791,true
19549,warmińsko-mazurskie,kętrzyński,Korsze,gmina miejsko-wiejska,2808043,2021,ok_finalnie,pdf,tekst,https://bip-v1-files.idcom-jst.pl/sites/47013/wiadomosci/632535/files/og_0050_67_2022.pdf,direct_without_tor,7483d844c61a0c8bf141efc83b984eab22cc59d96437fc934097809c98ab04d5,200,2026-09-06T06:46:25Z,,7.506,true
19550,warmińsko-mazurskie,kętrzyński,Korsze,gmina miejsko-wiejska,2808043,2022,ok_finalnie,pdf,tekst,https://bip-v1-files.idcom-jst.pl/sites/47013/wiadomosci/689835/files/og_0050_79_2023.pdf,direct_without_tor,ea4d4e8152ec453f8af6542cbe71b031c440dd244931d53cd1a0d2a99494b686,200,2026-09-06T06:46:25Z,,11.174,true
19551,warmińsko-mazurskie,kętrzyński,Korsze,gmina miejsko-wiejska,2808043,2023,ok_finalnie,pdf,tekst,https://bip-v1-files.idcom-jst.pl/sites/47013/wiadomosci/756791/files/og_0050_97_2024.pdf,direct_without_tor,f7381e47f250527cb33c154e4f9ca5e8f045e0777b594c48da87fb85d0595288,200,2026-09-06T06:46:25Z,,6.795,true
19552,warmińsko-mazurskie,kętrzyński,Korsze,gmina miejsko-wiejska,2808043,2024,ok_finalnie,pdf,tekst,https://bip-v1-files.idcom-jst.pl/sites/47013/wiadomosci/823132/files/og_0050_84_2025.pdf,direct_without_tor,8f43cf89d1d915fc29c12ab73beac738d4da617ce68fc06ba24352e5e805bdf8,200,2026-09-06T06:46:25Z,,7.826,true
19553,warmińsko-mazurskie,kętrzyński,Korsze,gmina miejsko-wiejska,2808043,2025,ok_finalnie,pdf,tekst,https://bip-v1-files.idcom-jst.pl/sites/47013/wiadomosci/880902/files/og_0050_57_2026.pdf,direct_without_tor,1d6bebca6a898f17e8c3063a3842b6e876b0a45683d6d2e8cb4a939f53a395ed,200,2026-09-06T06:46:25Z,,11.094,true
19554,warmińsko-mazurskie,lidzbarski,-,-,2809,2018,ok_finalnie,doc,tekst,https://bipsplidzbark.warmia.mazury.pl/upload/files/zal_u_27.doc,"oficjalny BIP Starostwa Powiatowego w Lidzbarku Warmińskim: raport w formacie DOC; HTTP 200, MIME application/msword, sygnatura OLE D0 CF 11 E0 A1 B1 1A E1, antiword, kontrola struktury i metadanych liczby stron; treść potwierdzona przed zmianą statusu",3338088ee2c2edc278875798b049a1986350ad6b36827c6ddb955d01e36b69c7,200,2026-09-06T18:54:07Z,"Walidacja końcowa: Powiat Lidzbarski / TERYT 2809; organ Zarząd Powiatu Lidzbarskiego; rok merytoryczny 2018 potwierdzony w dokumencie; doc, 45 stron, HTTP 200, MIME application/msword, rozmiar 381952 B, SHA-256 3338088ee2c2edc278875798b049a1986350ad6b36827c6ddb955d01e36b69c7; jednostka i struktura zweryfikowane przed zmianą statusu.",0.382,true
19555,warmińsko-mazurskie,lidzbarski,-,-,2809,2019,ok_finalnie,pdf,skan+OCR,https://bipsplidzbark.warmia.mazury.pl/attachment/informacja/5269/dff546abbf0889befcc22f77cd8147791c182909.html,"oficjalny BIP Starostwa Powiatowego w Lidzbarku Warmińskim: PDF skanowany; HTTP 200, MIME application/pdf, sygnatura %PDF, PdfReader(strict=True), OCR strony tytułowej; brak tekstowej warstwy PDF odnotowany jako skan+OCR",3504c7705a63f0560274cf514d3a1552fe08f50c5d498b899b58478f52673a01,200,2026-09-06T18:54:07Z,"Walidacja końcowa: Powiat Lidzbarski / TERYT 2809; organ Zarząd Powiatu Lidzbarskiego; rok merytoryczny 2019 potwierdzony w dokumencie; pdf_skan_ocr, 44 stron, HTTP 200, MIME application/pdf, rozmiar 2480747 B, SHA-256 3504c7705a63f0560274cf514d3a1552fe08f50c5d498b899b58478f52673a01; jednostka i struktura zweryfikowane przed zmianą statusu. PDF jest skanem bez warstwy tekstowej; OCR strony tytułowej potwierdził jednostkę i rok, a liczba stron/EOF/struktura potwierdziły kompletność.",2.481,true
19556,warmińsko-mazurskie,lidzbarski,-,-,2809,2020,ok_finalnie,pdf,skan+OCR,https://bipsplidzbark.warmia.mazury.pl/attachment/informacja/6631/aaea68a2c5bea51e9fbb5e46ffc473647e81019b.html,"oficjalny BIP Starostwa Powiatowego w Lidzbarku Warmińskim: PDF skanowany; HTTP 200, MIME application/pdf, sygnatura %PDF, PdfReader(strict=True), OCR strony tytułowej; brak tekstowej warstwy PDF odnotowany jako skan+OCR",41ba1c96176b99a361f7b25eabc52ea65cdbeb22aa1b3e9ade34a89215d48944,200,2026-09-06T18:54:07Z,"Walidacja końcowa: Powiat Lidzbarski / TERYT 2809; organ Zarząd Powiatu Lidzbarskiego; rok merytoryczny 2020 potwierdzony w dokumencie; pdf_skan_ocr, 42 stron, HTTP 200, MIME application/pdf, rozmiar 2568529 B, SHA-256 41ba1c96176b99a361f7b25eabc52ea65cdbeb22aa1b3e9ade34a89215d48944; jednostka i struktura zweryfikowane przed zmianą statusu. PDF jest skanem bez warstwy tekstowej; OCR strony tytułowej potwierdził jednostkę i rok, a liczba stron/EOF/struktura potwierdziły kompletność.",2.569,true
19557,warmińsko-mazurskie,lidzbarski,-,-,2809,2021,ok_finalnie,doc,tekst,https://bipsplidzbark.warmia.mazury.pl/attachment/informacja/7579/c7fc87a25b6125a3330f92762b11925d6a2cac8b.html,"oficjalny BIP Starostwa Powiatowego w Lidzbarku Warmińskim: raport w formacie DOC; HTTP 200, MIME application/msword, sygnatura OLE D0 CF 11 E0 A1 B1 1A E1, antiword, kontrola struktury i metadanych liczby stron; treść potwierdzona przed zmianą statusu",5b5d666c9d9a654f31bb52612451bd8038c2a0de4a672f93e3f4181636d77a61,200,2026-09-06T18:54:07Z,"Walidacja końcowa: Powiat Lidzbarski / TERYT 2809; organ Zarząd Powiatu Lidzbarskiego; rok merytoryczny 2021 potwierdzony w dokumencie; doc, 57 stron, HTTP 200, MIME application/msword, rozmiar 540160 B, SHA-256 5b5d666c9d9a654f31bb52612451bd8038c2a0de4a672f93e3f4181636d77a61; jednostka i struktura zweryfikowane przed zmianą statusu.",0.540,true
19558,warmińsko-mazurskie,lidzbarski,-,-,2809,2022,ok_finalnie,pdf,tekst,https://bipsplidzbark.warmia.mazury.pl/attachment/informacja/8461/26f010d71ef52c60c445b4443c9756858fb8da37.html,"oficjalny BIP Starostwa Powiatowego w Lidzbarku Warmińskim: PDF; HTTP 200, MIME application/pdf, sygnatura %PDF, PdfReader(strict=True)",213083b420be4c6b5c727f20e04adeea9a2abc95c80121e24fd02ee00b441ce7,200,2026-09-06T18:54:07Z,"Walidacja końcowa: Powiat Lidzbarski / TERYT 2809; organ Zarząd Powiatu Lidzbarskiego; rok merytoryczny 2022 potwierdzony w dokumencie; pdf_tekst, 73 stron, HTTP 200, MIME application/pdf, rozmiar 1279755 B, SHA-256 213083b420be4c6b5c727f20e04adeea9a2abc95c80121e24fd02ee00b441ce7; jednostka i struktura zweryfikowane przed zmianą statusu.",1.280,true
19559,warmińsko-mazurskie,lidzbarski,-,-,2809,2023,ok_finalnie,pdf,tekst,https://bipsplidzbark.warmia.mazury.pl/attachment/informacja/14921/5029c477e1be9038c12676bfa9d88279eb81c8f2.html,"oficjalny BIP Starostwa Powiatowego w Lidzbarku Warmińskim: PDF; HTTP 200, MIME application/pdf, sygnatura %PDF, PdfReader(strict=True)",aa69120f556351c452a131df64814e35392b8f632e340cabfefa725a3df8587c,200,2026-09-06T18:54:07Z,"Walidacja końcowa: Powiat Lidzbarski / TERYT 2809; organ Zarząd Powiatu Lidzbarskiego; rok merytoryczny 2023 potwierdzony w dokumencie; pdf_tekst, 83 stron, HTTP 200, MIME application/pdf, rozmiar 964627 B, SHA-256 aa69120f556351c452a131df64814e35392b8f632e340cabfefa725a3df8587c; jednostka i struktura zweryfikowane przed zmianą statusu.",0.965,true
19560,warmińsko-mazurskie,lidzbarski,-,-,2809,2024,ok_finalnie,pdf,tekst,https://bipsplidzbark.warmia.mazury.pl/attachment/informacja/14922/23a4546366e217fe218229d7be57a6755144bd9f.html,"oficjalny BIP Starostwa Powiatowego w Lidzbarku Warmińskim: PDF; HTTP 200, MIME application/pdf, sygnatura %PDF, PdfReader(strict=True)",e48b614d910be6081c492c9062f319adbcf6ed771d25c5133e771e14bb872c86,200,2026-09-06T18:54:07Z,"Walidacja końcowa: Powiat Lidzbarski / TERYT 2809; organ Zarząd Powiatu Lidzbarskiego; rok merytoryczny 2024 potwierdzony w dokumencie; pdf_tekst, 83 stron, HTTP 200, MIME application/pdf, rozmiar 2319510 B, SHA-256 e48b614d910be6081c492c9062f319adbcf6ed771d25c5133e771e14bb872c86; jednostka i struktura zweryfikowane przed zmianą statusu. Dokument zawiera również uchwałę poprzedzającą właściwy raport; właściwa treść raportu i rok zostały potwierdzone w kolejnych stronach.",2.320,true
19561,warmińsko-mazurskie,lidzbarski,-,-,2809,2025,ok_finalnie,pdf,tekst,https://bipsplidzbark.warmia.mazury.pl/attachment/informacja/16146/cca0f4fac4f3fb76bb11019460f70b195b6192a0.html,"oficjalny BIP Starostwa Powiatowego w Lidzbarku Warmińskim: PDF; HTTP 200, MIME application/pdf, sygnatura %PDF, PdfReader(strict=True)",2ef6cf599b91238cff7756a3d2cfe4e392aee93421281a60b494f841b2f8e020,200,2026-09-06T18:54:07Z,"Walidacja końcowa: Powiat Lidzbarski / TERYT 2809; organ Zarząd Powiatu Lidzbarskiego; rok merytoryczny 2025 potwierdzony w dokumencie; pdf_tekst, 139 stron, HTTP 200, MIME application/pdf, rozmiar 5052993 B, SHA-256 2ef6cf599b91238cff7756a3d2cfe4e392aee93421281a60b494f841b2f8e020; jednostka i struktura zweryfikowane przed zmianą statusu. Dokument zawiera również uchwałę poprzedzającą właściwy raport; właściwa treść raportu i rok zostały potwierdzone w kolejnych stronach.",5.053,true
19562,warmińsko-mazurskie,lidzbarski,Lidzbark Warmiński,gmina miejska,2809011,2018,brak_finalnie,brak,brak kompletnego pliku,https://lidzbarkw-um.bip-wm.pl/public/?id=155194,potwierdzenie właściwej jednostki i istnienia wpisu przez oficjalny historyczny BIP oraz jego zindeksowane kopie; próby aktualnego BIP i alternatywnych źródeł; plik właściwego raportu nieodzyskany,,BRAK_URL (raportu nie odzyskano),2026-09-07T00:00:00Z,"[TURA 21 07.09.2026] Lidzbark Warmiński, gmina miejska, TERYT 2809011; rok merytoryczny 2018. Oficjalny historyczny BIP potwierdza stronę „Raport o stanie Gminy Miejskiej Lidzbark Warmiński za 2018 rok” (dawny adres: https://lidzbarkw-um.bip-wm.pl/public/?id=155194) oraz wpis w kategorii raportów (dawny adres: https://lidzbarkw-um.bip-wm.pl/public/?id=163767). Stary host lidzbarkw-um.bip-wm.pl nie rozwiązuje się obecnie; aktualny BIP nie udostępnia binarnego załącznika rocznika 2018. Sprawdzono aktualny BIP, historyczny BIP przez zindeksowane strony, portal miejski, wiele zapytań wyszukiwarek i alternatywną publikację. Znaleziony „Raport Zrównoważonego Rozwoju Gminy Miejskiej ... za 2018 rok” nie został uznany: ma inny tytuł i charakter niż raport o stanie gminy. Nie odzyskano kompletnego właściwego pliku, więc nie wykonano walidacji HTTP/MIME/sygnatury/SHA-256/struktury/PdfReader(strict=True).",,true
19563,warmińsko-mazurskie,lidzbarski,Lidzbark Warmiński,gmina miejska,2809011,2019,brak_finalnie,brak,brak kompletnego pliku,https://lidzbarkw-um.bip-wm.pl/public/?id=163767,"potwierdzenie właściwej jednostki, TERYT-u, rocznika i istnienia wpisu przez oficjalny historyczny BIP oraz jego zindeksowane kopie; próby aktualnego BIP i alternatywnych źródeł; plik właściwego raportu nieodzyskany",,BRAK_URL (raportu nie odzyskano),2026-09-07T00:00:00Z,"[TURA 21 07.09.2026] Lidzbark Warmiński, gmina miejska, TERYT 2809011; rok merytoryczny 2019. Oficjalny historyczny BIP potwierdza wpis „Raport o stanie Gminy Miejskiej Lidzbark Warmiński za 2019 rok” w kategorii raportów (dawny adres: https://lidzbarkw-um.bip-wm.pl/public/?id=163767). Stary host lidzbarkw-um.bip-wm.pl nie rozwiązuje się obecnie; aktualny BIP nie udostępnia binarnego załącznika rocznika 2019. Sprawdzono aktualny BIP, historyczny BIP przez zindeksowane strony, portal miejski, wiele zapytań wyszukiwarek i alternatywne źródła. Raport za 2019 rok znaleziony w innym BIP dotyczy gminy wiejskiej Lidzbark Warmiński, nie miasta, więc nie został użyty. Nie odzyskano kompletnego właściwego pliku, więc nie wykonano walidacji HTTP/MIME/sygnatury/SHA-256/struktury/PdfReader(strict=True).",,true
19564,warmińsko-mazurskie,lidzbarski,Lidzbark Warmiński,gmina miejska,2809011,2020,ok_finalnie,pdf,tekst,https://bip.lidzbarkw.pl/system/pobierz.php?plik=RAPORT_O_STANIE_GMINY_ZA_2020.pdf&id=d3d822f6d6783f48cb1cfd6e1464b11b&stats=true,direct_without_tor,c06568529f9cea410a7680ede58c7d4a9ff5a5ebb83e93d16ceb1e0363ad995d,200,2026-09-05T23:55:36Z,,2.152,true
19565,warmińsko-mazurskie,lidzbarski,Lidzbark Warmiński,gmina miejska,2809011,2021,ok_finalnie,pdf,skan,https://bip.lidzbarkw.pl/system/pobierz.php?plik=RaportGM2021rok.pdf&id=50c608bbf2a1e7c17a773b5f0410320f&stats=true,direct_without_tor,6471cd31b3d81262df7f7859c7b92900f8e1f8432a32ccaf10d8e7de7ceffc74,200,2026-09-05T23:55:36Z,,7.551,true
19566,warmińsko-mazurskie,lidzbarski,Lidzbark Warmiński,gmina miejska,2809011,2022,ok_finalnie,pdf,tekst,https://bip.lidzbarkw.pl/system/pobierz.php?plik=Raport_o_stanie_gminy_za_2022_rok.pdf&id=d6babebd828c9388f206434c59e2179e&stats=true,direct_without_tor,0dcdafb5b808155e3b1f70458e5a30773556dd5cf4947ee4821dab35846177da,200,2026-09-05T23:55:36Z,,2.594,true
19567,warmińsko-mazurskie,lidzbarski,Lidzbark Warmiński,gmina miejska,2809011,2023,ok_finalnie,pdf,tekst,https://bip.lidzbarkw.pl/system/pobierz.php?plik=Raport_o_stanie_Gminy_Miejskiej_Lidzbark_Warminski.pdf&id=a62455908569c96160cdb81e0fd2dc47&stats=true,direct_without_tor,afd03e2859eee797e91da3b2308aee4e913010649bbb1dfb3bac1b2bd0fb41dc,200,2026-09-05T23:55:36Z,,1.695,true
19568,warmińsko-mazurskie,lidzbarski,Lidzbark Warmiński,gmina miejska,2809011,2024,ok_finalnie,pdf,skan,https://bip.lidzbarkw.pl/system/pobierz.php?plik=Raport_JST_2024.pdf&id=44a69edb7d9f2efb1cfd787135759d8b&stats=true,direct_without_tor,cbdd91e0b4dbbb868c47540e8b750e6b7a758cb84751f2221b313eeabbfac336,200,2026-09-05T23:55:36Z,,10.172,true
19569,warmińsko-mazurskie,lidzbarski,Lidzbark Warmiński,gmina miejska,2809011,2025,ok_finalnie,pdf,skan,https://bip.lidzbarkw.pl/system/pobierz.php?plik=Raport_o_stanie_Gminy_Miejskiej_Lidzbark_Warminski_za_2025_rok.pdf&id=12ed7b63f2cc41b516781344d77defa5&stats=true,direct_without_tor,91017233e7e605feac68c368db9bccb5feadc29af300f777c50e056e1350084b,200,2026-09-05T23:55:36Z,,11.656,true
19570,warmińsko-mazurskie,lidzbarski,Kiwity,gmina wiejska,2809022,2018,ok_finalnie,pdf,tekst,https://bipkiwity.warmia.mazury.pl/attachment/informacja/3550/a583971bb3d14cc1f55c867e015b055bea9e6e7e.html,direct_without_tor,8dbd8c30a7b46fced2576974bacc5a5e7b8b8c1ac74ce1577ee2168596d198f7,200,2026-09-06T06:51:57Z,,1.381,true
19571,warmińsko-mazurskie,lidzbarski,Kiwity,gmina wiejska,2809022,2019,ok_finalnie,pdf,tekst,https://bipkiwity.warmia.mazury.pl/attachment/informacja/4278/783c5d5d36a17cfeee8ca20e20ad97e60e03b5fb.html,direct_without_tor,dcd3c98006fb71ff40e4a3f27f390e90353d20ceb7ba698db69c2f8ac503ebb2,200,2026-09-06T06:51:57Z,,1.231,true
19572,warmińsko-mazurskie,lidzbarski,Kiwity,gmina wiejska,2809022,2020,ok_finalnie,pdf,skan,https://bipkiwity.warmia.mazury.pl/attachment/informacja/4834/764fa5c32c30d3a7738ab6da73ace3cbe854916e.html,direct_without_tor,f5c44e4eaaaa9326d5fd3bb59fe6b0ba3c1726574642f5a57699bcf2e36d2f43,200,2026-09-06T06:51:57Z,,2.653,true
19573,warmińsko-mazurskie,lidzbarski,Kiwity,gmina wiejska,2809022,2021,ok_finalnie,pdf,tekst,https://bipkiwity.warmia.mazury.pl/attachment/informacja/5363/31e2d319cb8a7b71af0a0957b756d94d43099cbe.html,direct_without_tor,25b5582733412ac6e330d6344b976f9a836af3531548bcfb11316d63cc28c5d0,200,2026-09-06T06:51:57Z,,1.319,true
19574,warmińsko-mazurskie,lidzbarski,Kiwity,gmina wiejska,2809022,2022,ok_finalnie,pdf,tekst,https://bipkiwity.warmia.mazury.pl/attachment/informacja/5932/91ba991190c2ef433b5bd1ff2a20f0ca05fed6f7.html,direct_without_tor,0b9dcdeda2d91a015be8c9d2aa6b87242cf87e50d91e299b87e790765406d79c,200,2026-09-06T06:51:57Z,,1.389,true
19575,warmińsko-mazurskie,lidzbarski,Kiwity,gmina wiejska,2809022,2023,ok_finalnie,pdf,tekst,https://bipkiwity.warmia.mazury.pl/attachment/informacja/6631/52068ee9fabe1dae14244665670267dd48935b77.html,direct_without_tor,004292abc65afd416c10a9a3b0b9100c2a667de6fed7dcef5adfc69107a57597,200,2026-09-06T06:51:57Z,,1.384,true
19576,warmińsko-mazurskie,lidzbarski,Kiwity,gmina wiejska,2809022,2024,ok_finalnie,pdf,tekst,https://bipkiwity.warmia.mazury.pl/attachment/informacja/7101/386f134021f358570c05680e4bc51bf07ba7c33a.html,direct_without_tor,bec4d563b712004ac28f2eaf17ab544e9543b907b446af7d66e6703bb309c17c,200,2026-09-06T06:51:57Z,,1.32,true
19577,warmińsko-mazurskie,lidzbarski,Kiwity,gmina wiejska,2809022,2025,ok_finalnie,pdf,skan,https://bipkiwity.warmia.mazury.pl/attachment/informacja/7937/fd1f0bbc02426eb312073f6431ae46eb80894ff3.html,direct_without_tor,ff792fea43c89072e163c5ccd95ceadf4fa620205fdf51500ff692fabf2da5f6,200,2026-09-06T06:51:57Z,,3.078,true
19578,warmińsko-mazurskie,lidzbarski,Lidzbark Warmiński,gmina wiejska,2809032,2018,ok_finalnie,pdf,tekst,https://biplidzbark.warmia.mazury.pl/attachment/informacja/3211/68b91dfc647c2268e121ef81963c7cd1b96af07e.html,direct_without_tor,df79ea90425a5a9e472111d2fb1cae8eb8354af05a2c94a952c262eb04eaefd6,200,2026-09-06T06:39:02Z,,0.1,true
19579,warmińsko-mazurskie,lidzbarski,Lidzbark Warmiński,gmina wiejska,2809032,2019,ok_finalnie,pdf,tekst,https://biplidzbark.warmia.mazury.pl/attachment/informacja/3588/c881dffd25eefbbab6f4c7f78f38bb1878fe9b45.html,direct_without_tor,f26a04e94f623705032558ee15b5f7c3062848f90b6e168af2dc5332104a0e65,200,2026-09-06T06:39:02Z,,2.586,true
19580,warmińsko-mazurskie,lidzbarski,Lidzbark Warmiński,gmina wiejska,2809032,2020,ok_finalnie,pdf,tekst,https://biplidzbark.warmia.mazury.pl/attachment/informacja/4115/75fd1a5a847063b4e91b6b612c3e5019e6e8d607.html,"oficjalny BIP Gminy Lidzbark Warmiński: załącznik do strony „INFORMACJA DLA MIESZKAŃCÓW GMINY” z 20-05-2021; PDF pobrany bezpośrednio; HTTP 200, MIME application/pdf, sygnatura %PDF, PdfReader(strict=True), kontrola EOF",778093286cd3652dd8ccf010855671b66a081573792829576db8feba40578e10,200,2026-09-07T00:00:00Z,"Walidacja końcowa: Gmina Lidzbark Warmiński (gmina wiejska) / TERYT 2809032; raport za rok merytoryczny 2020 potwierdzony na stronie tytułowej i w treści; pdf_tekst, 36 stron, HTTP 200, MIME application/pdf, rozmiar 842461 B, SHA-256 778093286cd3652dd8ccf010855671b66a081573792829576db8feba40578e10; kompletny plik zweryfikowany przez sygnaturę, EOF i PdfReader(strict=True), tekstowa warstwa obecna na wszystkich stronach.",0.842,true
19581,warmińsko-mazurskie,lidzbarski,Lidzbark Warmiński,gmina wiejska,2809032,2021,ok_finalnie,pdf,tekst,https://biplidzbark.warmia.mazury.pl/attachment/informacja/4805/9ab5b4730f3d11977e52281c39f5c38a6ccf0d37.html,direct_without_tor,49c6a62e577f3f8e9f3234a0c0ab56c9baf543f35cb656a8ae00e13dcc062cbd,200,2026-09-06T06:39:02Z,,0.815,true
19582,warmińsko-mazurskie,lidzbarski,Lidzbark Warmiński,gmina wiejska,2809032,2022,ok_finalnie,pdf,tekst,https://biplidzbark.warmia.mazury.pl/attachment/informacja/5170/5cec6181a703e294a1f6d29a020cb822dad41d39.html,direct_without_tor,8d4b7d30fb40d702ea39baa275b5a93dc21ba83ec2904800dfb37f9201105c45,200,2026-09-06T06:39:02Z,,1.013,true
19583,warmińsko-mazurskie,lidzbarski,Lidzbark Warmiński,gmina wiejska,2809032,2023,ok_finalnie,pdf,tekst,https://biplidzbark.warmia.mazury.pl/attachment/informacja/5705/f07f3fa937585479bbc585be01463db52762deca.html,direct_without_tor,b276c8db81d3b4f29313c8e2b5dbcc6c56debc716cec5bdc852f0b1b8132ae77,200,2026-09-06T06:28:57Z,,1.049,true
19584,warmińsko-mazurskie,lidzbarski,Lidzbark Warmiński,gmina wiejska,2809032,2024,ok_finalnie,pdf,tekst,https://biplidzbark.warmia.mazury.pl/attachment/informacja/6413/36c70b3cad66c1e29c743a19b8d61dfa53e83217.html,direct_without_tor,b08e77d7499c24da93383cc94640b3319a1ad1b8758069a8045434170c5d3a29,200,2026-09-06T06:39:02Z,,2.117,true
19585,warmińsko-mazurskie,lidzbarski,Lidzbark Warmiński,gmina wiejska,2809032,2025,ok_finalnie,pdf,tekst,https://biplidzbark.warmia.mazury.pl/attachment/informacja/7059/4735d3a688e71d080fd7bd24ce86a790bd7d1883.html,direct_without_tor,ce783d65152d956b1254665fddf79ddd66e7d3614a90b6de19fa553dca768a7e,200,2026-09-06T06:28:57Z,,1.669,true
19586,warmińsko-mazurskie,lidzbarski,Lubomino,gmina wiejska,2809042,2018,ok_finalnie,pdf,tekst,https://biparchiwum.lubomino.pl/news/9ecd2fcc3af74e554ff6c504041a23be_1/Raport%20o%20stanie%20Gminy%20Lubomino%20za%20rok%202018.pdf,direct_without_tor,92c1b924386cf4226b489b18e7745018346926207c44c034e7e6e49a10fb8f03,200,2026-09-06T06:53:36Z,,6.189,true
19587,warmińsko-mazurskie,lidzbarski,Lubomino,gmina wiejska,2809042,2019,ok_finalnie,pdf,tekst,https://biparchiwum.lubomino.pl/news/b2a9add84cb09b0a9725da8b0481beef_1/Raport%20o%20stanie%20Gminy%20Lubomino%20za%20rok%202019.pdf,direct_without_tor,7ccf4ecbaa79268637cc4975309f92deeb15156345663ebe47d356b85eb09ade,200,2026-09-06T06:53:36Z,,9.19,true
19588,warmińsko-mazurskie,lidzbarski,Lubomino,gmina wiejska,2809042,2020,ok_finalnie,pdf,tekst,https://lubomino.pl/wp-content/uploads/2021/06/Raport-o-stanie-Gminy-Lubomino-za-rok-2020_31.05.2021.pdf,direct_without_tor,c480d2a7eeb01089e39b428d93bdc897abd0d8800e85954a967a4ab319694a4d,200,2026-09-06T06:53:36Z,,7.18,true
19589,warmińsko-mazurskie,lidzbarski,Lubomino,gmina wiejska,2809042,2021,ok_finalnie,pdf,tekst,https://lubomino.pl/wp-content/uploads/2022/05/Raport-o-stanie-Gminy-Lubomino-za-rok-2021.pdf,direct_without_tor,75ba9cdd1748b67c93ae6c8398683ae1639fbfa51be65c82d4c8e18bdb71415f,200,2026-09-06T06:53:36Z,,2.921,true
19590,warmińsko-mazurskie,lidzbarski,Lubomino,gmina wiejska,2809042,2022,ok_finalnie,pdf,tekst,https://lubomino.pl/wp-content/uploads/2023/05/Raport-o-stanie-Gminy-Lubomino-za-rok-2022-2.pdf,direct_without_tor,25013f40f77989a7eb5ad5742a2e1571ece289081620066bcb8f6aa4cb782028,200,2026-09-06T06:53:36Z,,5.259,true
19591,warmińsko-mazurskie,lidzbarski,Lubomino,gmina wiejska,2809042,2023,ok_finalnie,pdf,tekst,https://lubomino.pl/wp-content/uploads/2024/06/Raport-o-stanie-Gminy-Lubomino-za-rok-2023-pdf-6.pdf,direct_without_tor,273043b43ea6a98b1712607615f1b331d1e37174b493d0d4156bf0e93ab6d29d,200,2026-09-06T06:53:36Z,,4.294,true
19592,warmińsko-mazurskie,lidzbarski,Lubomino,gmina wiejska,2809042,2024,ok_finalnie,pdf,tekst,https://lubomino.pl/wp-content/uploads/2025/05/Raport-o-stanie-gminy-2024-1.pdf,direct_without_tor,dd7c134ef386d214e588a32d27f25b996b27d7cf5f6e34e23ea01e411a07cea1,200,2026-09-06T06:53:36Z,,2.488,true
19593,warmińsko-mazurskie,lidzbarski,Lubomino,gmina wiejska,2809042,2025,ok_finalnie,pdf,tekst,https://lubomino.pl/wp-content/uploads/2026/05/Raport-o-stanie-gminy-2025.pdf,direct_without_tor,550df03065952a361c5497135a72151974e97fb68ade80f50655bd879d7072fb,200,2026-09-06T06:53:36Z,,3.392,true
19594,warmińsko-mazurskie,lidzbarski,Orneta,gmina miejsko-wiejska,2809053,2018,brak_finalnie,brak,brak kompletnego pliku,https://orneta-umig.bip-wm.pl/public/?id=155329,"oficjalny archiwalny BIP Ornety: strona raportu została odzyskana przez HTTPS z adresem Host orneta-umig.bip-wm.pl; załącznik raportu wskazany jako get_file.php?id=340241 oraz zarządzenie 340242; pobieranie zwróciło stronę „Nie odnaleziono pliku”, więc brak binarnego dokumentu",,BRAK_URL (raportu nie odzyskano),2026-09-07T00:00:00Z,"[TURA 21 07.09.2026] Orneta, gmina miejsko-wiejska, TERYT 2809053; rok merytoryczny 2018. Oficjalny archiwalny BIP potwierdza stronę „Raport o stanie Gminy Orneta za rok 2018” (https://orneta-umig.bip-wm.pl/public/?id=155329) oraz załącznik raportu /public/get_file.php?id=340241 (i zarządzenie /public/get_file.php?id=340242). Stary host nie rozwiązuje się w DNS, ale strona i metadane zostały odzyskane po HTTPS z adresem serwera 213.25.74.13 i nagłówkiem Host; próba pobrania załącznika zwróciła „Nie odnaleziono pliku”. Nie użyto dokumentu innej jednostki ani dokumentu zastępczego. Brak kompletnego pliku, więc nie wykonano walidacji HTTP/MIME/sygnatury/SHA-256/struktury/PdfReader(strict=True).",,true
19595,warmińsko-mazurskie,lidzbarski,Orneta,gmina miejsko-wiejska,2809053,2019,brak_finalnie,brak,brak kompletnego pliku,https://orneta-umig.bip-wm.pl/public/?id=164197,"oficjalny archiwalny BIP Ornety: strona raportu została odzyskana przez HTTPS z adresem Host orneta-umig.bip-wm.pl; załącznik raportu wskazany jako get_file.php?id=354525 oraz zarządzenie 354526; pobieranie zwróciło stronę „Nie odnaleziono pliku”, więc brak binarnego dokumentu",,BRAK_URL (raportu nie odzyskano),2026-09-07T00:00:00Z,"[TURA 21 07.09.2026] Orneta, gmina miejsko-wiejska, TERYT 2809053; rok merytoryczny 2019. Oficjalny archiwalny BIP potwierdza stronę „Raport o stanie Gminy Orneta za rok 2019” (https://orneta-umig.bip-wm.pl/public/?id=164197) oraz załącznik raportu /public/get_file.php?id=354525 (i zarządzenie /public/get_file.php?id=354526). Stary host nie rozwiązuje się w DNS, ale strona i metadane zostały odzyskane po HTTPS z adresem serwera 213.25.74.13 i nagłówkiem Host; próba pobrania załącznika zwróciła „Nie odnaleziono pliku”. Nie użyto dokumentu innej jednostki ani dokumentu zastępczego. Brak kompletnego pliku, więc nie wykonano walidacji HTTP/MIME/sygnatury/SHA-256/struktury/PdfReader(strict=True).",,true
19596,warmińsko-mazurskie,lidzbarski,Orneta,gmina miejsko-wiejska,2809053,2020,brak_finalnie,brak,brak kompletnego pliku,https://orneta-umig.bip-wm.pl/public/?id=171727,"oficjalny archiwalny BIP Ornety: strona raportu została odzyskana przez HTTPS z adresem Host orneta-umig.bip-wm.pl; załącznik raportu wskazany jako get_file.php?id=365991 oraz zarządzenie 365997; pobieranie zwróciło stronę „Nie odnaleziono pliku”, więc brak binarnego dokumentu",,BRAK_URL (raportu nie odzyskano),2026-09-07T00:00:00Z,"[TURA 21 07.09.2026] Orneta, gmina miejsko-wiejska, TERYT 2809053; rok merytoryczny 2020. Oficjalny archiwalny BIP potwierdza stronę „Raport o stanie Gminy Orneta za rok 2020” (https://orneta-umig.bip-wm.pl/public/?id=171727) oraz załącznik raportu /public/get_file.php?id=365991 (i zarządzenie /public/get_file.php?id=365997). Stary host nie rozwiązuje się w DNS, ale strona i metadane zostały odzyskane po HTTPS z adresem serwera 213.25.74.13 i nagłówkiem Host; próba pobrania załącznika zwróciła „Nie odnaleziono pliku”. Nie użyto dokumentu innej jednostki ani dokumentu zastępczego. Brak kompletnego pliku, więc nie wykonano walidacji HTTP/MIME/sygnatury/SHA-256/struktury/PdfReader(strict=True).",,true
19597,warmińsko-mazurskie,lidzbarski,Orneta,gmina miejsko-wiejska,2809053,2021,brak_finalnie,brak,brak kompletnego pliku,https://orneta-umig.bip-wm.pl/public/?id=176566,"oficjalny archiwalny BIP Ornety: strona raportu została odzyskana przez HTTPS z adresem Host orneta-umig.bip-wm.pl; załącznik raportu wskazany jako get_file.php?id=374013; pobieranie zwróciło stronę „Nie odnaleziono pliku”, więc brak binarnego dokumentu",,BRAK_URL (raportu nie odzyskano),2026-09-07T00:00:00Z,"[TURA 21 07.09.2026] Orneta, gmina miejsko-wiejska, TERYT 2809053; rok merytoryczny 2021. Oficjalny archiwalny BIP potwierdza stronę „Raport o stanie Gminy Orneta za rok 2021” (https://orneta-umig.bip-wm.pl/public/?id=176566) oraz załącznik raportu /public/get_file.php?id=374013. Stary host nie rozwiązuje się w DNS, ale strona i metadane zostały odzyskane po HTTPS z adresem serwera 213.25.74.13 i nagłówkiem Host; próba pobrania załącznika zwróciła „Nie odnaleziono pliku”. Nie użyto dokumentu innej jednostki ani dokumentu zastępczego. Brak kompletnego pliku, więc nie wykonano walidacji HTTP/MIME/sygnatury/SHA-256/struktury/PdfReader(strict=True).",,true
19598,warmińsko-mazurskie,lidzbarski,Orneta,gmina miejsko-wiejska,2809053,2022,brak_finalnie,brak,brak kompletnego pliku,https://orneta-umig.bip-wm.pl/public/?id=181358,"oficjalny archiwalny BIP Ornety: strona raportu została odzyskana przez HTTPS z adresem Host orneta-umig.bip-wm.pl; załącznik raportu wskazany jako get_file.php?id=381329; pobieranie zwróciło stronę „Nie odnaleziono pliku”, więc brak binarnego dokumentu",,BRAK_URL (raportu nie odzyskano),2026-09-07T00:00:00Z,"[TURA 21 07.09.2026] Orneta, gmina miejsko-wiejska, TERYT 2809053; rok merytoryczny 2022. Oficjalny archiwalny BIP potwierdza stronę „Raport o stanie Gminy Orneta za rok 2022” (https://orneta-umig.bip-wm.pl/public/?id=181358) oraz załącznik raportu /public/get_file.php?id=381329. Stary host nie rozwiązuje się w DNS, ale strona i metadane zostały odzyskane po HTTPS z adresem serwera 213.25.74.13 i nagłówkiem Host; próba pobrania załącznika zwróciła „Nie odnaleziono pliku”. Nie użyto dokumentu innej jednostki ani dokumentu zastępczego. Brak kompletnego pliku, więc nie wykonano walidacji HTTP/MIME/sygnatury/SHA-256/struktury/PdfReader(strict=True).",,true
19599,warmińsko-mazurskie,lidzbarski,Orneta,gmina miejsko-wiejska,2809053,2023,ok_finalnie,pdf,tekst,https://bip.orneta.pl/attachments/771/download/Zarz%C4%85dzenie,direct_without_tor,8d6650e6a0a2c30a2da10013c618f158dbd169e89dc21b4214fd837cc8d88675,200,2026-09-06T12:05:00Z,,3.395,true
19600,warmińsko-mazurskie,lidzbarski,Orneta,gmina miejsko-wiejska,2809053,2024,ok_finalnie,pdf,tekst,https://bip.orneta.pl/attachments/2140/download/Zarz%C4%85dzenie,direct_without_tor,55495e6aac766ae4b256a001e1022891dc3db85b841d669a21e635ba92189a5b,200,2026-09-06T12:05:00Z,,7.493,true
19601,warmińsko-mazurskie,lidzbarski,Orneta,gmina miejsko-wiejska,2809053,2025,ok_finalnie,pdf,tekst,https://bip.orneta.pl/attachments/3166/download/ZARZ%C4%84DZENIE%20NR%20RO.0050.50.2026%20BURMISTRZA%20ORNETY%20z%20dnia%2027%20maja%202026%20r.%20w%20sprawie%20przedstawienia%20raportu%20o%20stanie%20Gminy%20Orneta%20za%202025%20r.,direct_without_tor,a3d415abffc6356cf1ca156a6840d813b751e72170f952af6c939aa809f0368d,200,2026-09-06T12:05:00Z,,4.530,true
19602,warmińsko-mazurskie,nowomiejski,-,-,2812,2018,ok_finalnie,pdf,tekst,https://bip.powiat-nowomiejski.pl/system/pobierz.php?plik=01_raport_o_stanie_powiatu_2018.pdf&id=ba93fc91eb92a4b807698da012fcb1a4&stats=true,"oficjalny BIP Starostwa Powiatowego w Nowym Mieście Lubawskim: bezpośredni załącznik; HTTP 200, MIME application/pdf, sygnatura %PDF, PdfReader(strict=True), struktura i treść potwierdzone; 130 stron",2de237d9ae6bc47f125b053544b4292429051820f3525bd2d160e5ce2e3adae3,200,2026-09-07T03:49:14Z,,1.81,true
19603,warmińsko-mazurskie,nowomiejski,-,-,2812,2019,ok_finalnie,pdf,tekst,https://bip.powiat-nowomiejski.pl/system/pobierz.php?plik=09_07_20_raport_o_stanie_powiatu_2019.pdf&id=01f7998bd857e354efe95e97c7615a72&stats=true,"oficjalny BIP Starostwa Powiatowego w Nowym Mieście Lubawskim: bezpośredni załącznik; HTTP 200, MIME application/pdf, sygnatura %PDF, PdfReader(strict=True), struktura i treść potwierdzone; 151 stron",2658affbf9f179e2224b558c4a78aa42bc99ec2a5b26eda2a1455bdedbef1815,200,2026-09-07T03:49:14Z,,2.374,true
19604,warmińsko-mazurskie,nowomiejski,-,-,2812,2020,ok_finalnie,pdf,tekst,https://bip.powiat-nowomiejski.pl/system/pobierz.php?plik=raport_stan_powiatu_2020.pdf&id=1cfadfbade6135abb4766db2829ca1cd&stats=true,"oficjalny BIP Starostwa Powiatowego w Nowym Mieście Lubawskim: bezpośredni załącznik; HTTP 200, MIME application/pdf, sygnatura %PDF, PdfReader(strict=True), struktura i treść potwierdzone; 224 stron",b8be337f50efd28076ba0d02d274f71f371a5ae8205b77402a5d08d519f4376f,200,2026-09-07T03:49:14Z,,3.106,true
19605,warmińsko-mazurskie,nowomiejski,-,-,2812,2021,ok_finalnie,pdf,tekst,https://bip.powiat-nowomiejski.pl/system/pobierz.php?plik=raport-o-stanie-powiatu-2021.pdf&id=937cb78a0a9dacf026a62e093e9c204b&stats=true,"oficjalny BIP Starostwa Powiatowego w Nowym Mieście Lubawskim: bezpośredni załącznik; HTTP 200, MIME application/pdf, sygnatura %PDF, PdfReader(strict=True), struktura i treść potwierdzone; 214 stron",bd37658c3c4e4122ec0e1dfc2106363d676c395a4d882d9e26533b55609ee310,200,2026-09-07T03:49:14Z,,3.826,true
19606,warmińsko-mazurskie,nowomiejski,-,-,2812,2022,ok_finalnie,pdf,tekst,https://bip.powiat-nowomiejski.pl/system/pobierz.php?plik=raport_o_stanie_powiatu_2022.pdf&id=04693208986b208a30477695f0d0b155&stats=true,"oficjalny BIP Starostwa Powiatowego w Nowym Mieście Lubawskim: bezpośredni załącznik; HTTP 200, MIME application/pdf, sygnatura %PDF, PdfReader(strict=True), struktura i treść potwierdzone; 302 stron",9441d7a09f720fad1c0ce90b9a5d7acb4ab30f0440815fb6e61c7fa42f5737f9,200,2026-09-07T03:49:14Z,,3.091,true
19607,warmińsko-mazurskie,nowomiejski,-,-,2812,2023,ok_finalnie,pdf,tekst,https://bip.powiat-nowomiejski.pl/system/pobierz.php?plik=raport-powiat-2023-200-1276-2024.pdf&id=b6c13149e0679dbc4b80efb146e22670&stats=true,"oficjalny BIP Starostwa Powiatowego w Nowym Mieście Lubawskim: bezpośredni załącznik; HTTP 200, MIME application/pdf, sygnatura %PDF, PdfReader(strict=True), struktura i treść potwierdzone; 148 stron",9170838ae4dfac05d43238fbeff709433408a130c3f8ace0c15708c3b1ff83b7,200,2026-09-07T03:49:14Z,,2.03,true
19608,warmińsko-mazurskie,nowomiejski,-,-,2812,2024,ok_finalnie,pdf,tekst,https://bip.powiat-nowomiejski.pl/system/pobierz.php?plik=raport-o-stanie-powiatu-2024.pdf&id=a1fa92b575ed4903634619c2150e8cdc&stats=true,"oficjalny BIP Starostwa Powiatowego w Nowym Mieście Lubawskim: bezpośredni załącznik; HTTP 200, MIME application/pdf, sygnatura %PDF, PdfReader(strict=True), struktura i treść potwierdzone; 140 stron",5060584fce017485409261d5406567fe18f5cada8d5faf79bfc97790a1c55645,200,2026-09-07T03:49:14Z,,1.216,true
19609,warmińsko-mazurskie,nowomiejski,-,-,2812,2025,ok_finalnie,pdf,tekst,https://bip.powiat-nowomiejski.pl/system/pobierz.php?plik=raport-2025-nowomiejski-20-05-2026.pdf&id=9c7ba2fba1e3e1f386a5a6ad7caa5929&stats=true,"oficjalny BIP Starostwa Powiatowego w Nowym Mieście Lubawskim: bezpośredni załącznik; HTTP 200, MIME application/pdf, sygnatura %PDF, PdfReader(strict=True), struktura i treść potwierdzone; 165 stron",990d1a478aa7020cc664bdfab3438af2a3dfd2025da5e19eca5ff2fd7fa59618,200,2026-09-07T03:49:14Z,,2.518,true
19610,warmińsko-mazurskie,nowomiejski,Nowe Miasto Lubawskie,gmina miejska,2812011,2018,ok_finalnie,pdf,tekst,https://bip.umnowemiasto.pl/pliki/umnowemiasto/pliki/Urzad%20Miejski/Raport%20o%20stanie%20Gminy/Raport%20o%20stanie%20Gminy%20Miejskiej%20Nowe%20Miasto%20Lubawskie%20za%202018%20rok.pdf,direct_without_tor,bb8ca69729c89a3bc941a6fdfded0b9972e3da1a99c7fdb7909aad037a10d997,200,2026-09-05T23:55:36Z,,1.42,true
19611,warmińsko-mazurskie,nowomiejski,Nowe Miasto Lubawskie,gmina miejska,2812011,2019,ok_finalnie,pdf,tekst,https://bip.umnowemiasto.pl/pliki/umnowemiasto/pliki/Urzad%20Miejski/Raport%20o%20stanie%20Gminy/Raport%20o%20stanie%20Gminy%20Miejskiej%20Nowe%20Miasto%20Lubawskie%20za%202019%20rok.pdf,direct_without_tor,f392fa5891566ef0b5652c246bb76949005d0c57d62e0d652ddfa990fd286a45,200,2026-09-05T23:55:36Z,,1.636,true
19612,warmińsko-mazurskie,nowomiejski,Nowe Miasto Lubawskie,gmina miejska,2812011,2020,ok_finalnie,pdf,tekst,https://bip.umnowemiasto.pl/pliki/umnowemiasto/pliki/Urzad%20Miejski/Raport%20o%20stanie%20Gminy/Raport%20o%20stanie%20Gminy%20Miejskiej%20Nowe%20Miasto%20Lubawskie%20za%202020%20rok.pdf,direct_without_tor,a09a23ebfff0fc65f5500a649d52efd716f0e05bc434cc450694884604337f75,200,2026-09-05T23:55:36Z,,1.898,true
19613,warmińsko-mazurskie,nowomiejski,Nowe Miasto Lubawskie,gmina miejska,2812011,2021,ok_finalnie,pdf,tekst,https://bip.umnowemiasto.pl/pliki/umnowemiasto/pliki/Urzad%20Miejski/Raport%20o%20stanie%20Gminy/Raport%20o%20stanie%20Gminy%20Miejskiej%20Nowe%20Miasto%20Lubawskie%20za%202021%20rok.pdf,direct_without_tor,d0c6fdb5a15c9da82202eb4fd7ceedaaf272123ba7042cdea3226c4cd65d9ae5,200,2026-09-05T23:55:36Z,,2.114,true
19614,warmińsko-mazurskie,nowomiejski,Nowe Miasto Lubawskie,gmina miejska,2812011,2022,ok_finalnie,pdf,tekst,https://bip.umnowemiasto.pl/pliki/umnowemiasto/zalaczniki/1811/raport-o-stanie-gminy-informacja-za-2022-rok.pdf,"oficjalny BIP Urzędu Miejskiego w Nowym Mieście Lubawskim: bezpośredni załącznik; HTTP 200, MIME application/pdf, sygnatura %PDF, PdfReader(strict=True), struktura i treść potwierdzone; 171 stron",c09654dd54483ee90c3d7c503c47fbd3a954b658d8058cf8d259add8de18df1b,200,2026-09-07T03:51:26Z,,2.464,true
19615,warmińsko-mazurskie,nowomiejski,Nowe Miasto Lubawskie,gmina miejska,2812011,2023,ok_finalnie,pdf,tekst,https://bip.umnowemiasto.pl/pliki/umnowemiasto/zalaczniki/2326/raport-o-stanie-gminy-informacja-za-2023-rok.pdf,"oficjalny BIP Urzędu Miejskiego w Nowym Mieście Lubawskim: bezpośredni załącznik; HTTP 200, MIME application/pdf, sygnatura %PDF, PdfReader(strict=True), struktura i treść potwierdzone; 177 stron",5586f9b34f755b2be06057d078c0a50de5ae4ba3e7837f5a1afb5ecb8e66e7ef,200,2026-09-07T03:51:26Z,,2.142,true
19616,warmińsko-mazurskie,nowomiejski,Nowe Miasto Lubawskie,gmina miejska,2812011,2024,ok_finalnie,pdf,tekst,https://bip.umnowemiasto.pl/pliki/umnowemiasto/zalaczniki/2884/raport-o-stanie-gminy-za-rok-2024-1.pdf,direct_without_tor,f7ac2baed166d6d83ed1ec8be696cb66ef1c68fbfe911275c01fa722fbb3cde1,200,2026-09-05T23:55:36Z,,74.823,true
19617,warmińsko-mazurskie,nowomiejski,Nowe Miasto Lubawskie,gmina miejska,2812011,2025,ok_finalnie,pdf,tekst,https://bip.umnowemiasto.pl/pliki/umnowemiasto/zalaczniki/3384/raport-o-stanie-gminy-za-rok-2025.pdf,direct_without_tor,e96fb05a8c62930e38df6542bd0ddfa91ef15fc6c7fe273585009f9c46ff182a,200,2026-09-05T23:55:36Z,,131.478,true
19618,warmińsko-mazurskie,nowomiejski,Biskupiec,gmina wiejska,2812022,2018,brak_finalnie,brak,,brak,"dogłębne sprawdzenie oficjalnego BIP i źródeł alternatywnych; dowód istnienia raportu potwierdzony uchwałą o wotum zaufania, kompletnego pliku nie odzyskano",,sprawdzono pogłębnie 2026-09-07,2026-09-07T05:04:14Z,"Potwierdzenie istnienia raportu: Uchwała Nr VIII/75/19 z 18.06.2019 r. (oficjalny BIP, uchwała o wotum zaufania; za rok merytoryczny 2018); w BIP widoczne również Zarządzenie nr 23/2019 z 23.04.2019 r.: https://biskupiec.biuletyn.net/fls/bip_pliki/2020_04/BIPOLD006825/6825.pdf. Kompletnego pliku raportu dla Gminy Biskupiec wiejskiej, TERYT 2812022, nie odzyskano. Sprawdzono oficjalny BIP (kategorie uchwał 2018-2024/2024-2029, zarządzenia Wójta 2018-2026, dokumentacje sesji), oficjalny serwis gminy i jego REST API, wyszukiwarkę BIP, wiele wyszukiwarek oraz archiwum Wayback; znalezione PDF-y uchwał/zarządzeń są tylko dowodami istnienia lub dokumentami zastępczymi i nie są raportem. Wyniki dotyczące miejskiego Biskupca (TERYT 2814023, biskupiec.pl) odrzucono. Brak pliku, więc brak walidacji HTTP/MIME/sygnatury/SHA-256/rozmiaru/stron/struktury/PdfReader(strict=True). Status dowodu: raport istniał, kompletny dokument publicznie nieodzyskany.",,true
19619,warmińsko-mazurskie,nowomiejski,Biskupiec,gmina wiejska,2812022,2019,brak_finalnie,brak,,brak,"dogłębne sprawdzenie oficjalnego BIP i źródeł alternatywnych; dowód istnienia raportu potwierdzony uchwałą o wotum zaufania, kompletnego pliku nie odzyskano",,sprawdzono pogłębnie 2026-09-07,2026-09-07T05:04:14Z,"Potwierdzenie istnienia raportu: Uchwała Nr XVII/146/20 z 27.05.2020 r. (oficjalny BIP, uchwała o wotum zaufania; za rok merytoryczny 2019); w BIP widoczne również Zarządzenie nr 1/2020 z 08.01.2020 r.: https://biskupiec.biuletyn.net/fls/bip_pliki/2020_04/BIPOLD007315/7315.pdf. Kompletnego pliku raportu dla Gminy Biskupiec wiejskiej, TERYT 2812022, nie odzyskano. Sprawdzono oficjalny BIP (kategorie uchwał 2018-2024/2024-2029, zarządzenia Wójta 2018-2026, dokumentacje sesji), oficjalny serwis gminy i jego REST API, wyszukiwarkę BIP, wiele wyszukiwarek oraz archiwum Wayback; znalezione PDF-y uchwał/zarządzeń są tylko dowodami istnienia lub dokumentami zastępczymi i nie są raportem. Wyniki dotyczące miejskiego Biskupca (TERYT 2814023, biskupiec.pl) odrzucono. Brak pliku, więc brak walidacji HTTP/MIME/sygnatury/SHA-256/rozmiaru/stron/struktury/PdfReader(strict=True). Status dowodu: raport istniał, kompletny dokument publicznie nieodzyskany.",,true
19620,warmińsko-mazurskie,nowomiejski,Biskupiec,gmina wiejska,2812022,2020,brak_finalnie,brak,,brak,"dogłębne sprawdzenie oficjalnego BIP i źródeł alternatywnych; dowód istnienia raportu potwierdzony uchwałą o wotum zaufania, kompletnego pliku nie odzyskano",,sprawdzono pogłębnie 2026-09-07,2026-09-07T05:04:14Z,"Potwierdzenie istnienia raportu: Uchwała Nr XXVIII/235/21 z 28.05.2021 r. (oficjalny BIP, uchwała o wotum zaufania; za rok merytoryczny 2020); w BIP widoczne również Zarządzenie nr 7/2021 z 18.01.2021 r.: https://biskupiec.biuletyn.net/fls/bip_pliki/2021_01/BIPF5B93B72B4B19AZ/71.pdf. Kompletnego pliku raportu dla Gminy Biskupiec wiejskiej, TERYT 2812022, nie odzyskano. Sprawdzono oficjalny BIP (kategorie uchwał 2018-2024/2024-2029, zarządzenia Wójta 2018-2026, dokumentacje sesji), oficjalny serwis gminy i jego REST API, wyszukiwarkę BIP, wiele wyszukiwarek oraz archiwum Wayback; znalezione PDF-y uchwał/zarządzeń są tylko dowodami istnienia lub dokumentami zastępczymi i nie są raportem. Wyniki dotyczące miejskiego Biskupca (TERYT 2814023, biskupiec.pl) odrzucono. Brak pliku, więc brak walidacji HTTP/MIME/sygnatury/SHA-256/rozmiaru/stron/struktury/PdfReader(strict=True). Status dowodu: raport istniał, kompletny dokument publicznie nieodzyskany.",,true
19621,warmińsko-mazurskie,nowomiejski,Biskupiec,gmina wiejska,2812022,2021,brak_finalnie,brak,,brak,"dogłębne sprawdzenie oficjalnego BIP i źródeł alternatywnych; dowód istnienia raportu potwierdzony uchwałą o wotum zaufania, kompletnego pliku nie odzyskano",,sprawdzono pogłębnie 2026-09-07,2026-09-07T05:04:14Z,"Potwierdzenie istnienia raportu: Uchwała Nr XXXX/384/22 z 26.05.2022 r. (oficjalny BIP, uchwała o wotum zaufania; za rok merytoryczny 2021); w BIP widoczne również Zarządzenie Nr 19/2022 z 18.02.2022 r.: https://biskupiec.biuletyn.net/fls/bip_pliki/2022_02/BIPF5D845DA68009BZ/Zarzadzenie_19_2022.pdf. Kompletnego pliku raportu dla Gminy Biskupiec wiejskiej, TERYT 2812022, nie odzyskano. Sprawdzono oficjalny BIP (kategorie uchwał 2018-2024/2024-2029, zarządzenia Wójta 2018-2026, dokumentacje sesji), oficjalny serwis gminy i jego REST API, wyszukiwarkę BIP, wiele wyszukiwarek oraz archiwum Wayback; znalezione PDF-y uchwał/zarządzeń są tylko dowodami istnienia lub dokumentami zastępczymi i nie są raportem. Wyniki dotyczące miejskiego Biskupca (TERYT 2814023, biskupiec.pl) odrzucono. Brak pliku, więc brak walidacji HTTP/MIME/sygnatury/SHA-256/rozmiaru/stron/struktury/PdfReader(strict=True). Status dowodu: raport istniał, kompletny dokument publicznie nieodzyskany.",,true
19622,warmińsko-mazurskie,nowomiejski,Biskupiec,gmina wiejska,2812022,2022,brak_finalnie,brak,,brak,"dogłębne sprawdzenie oficjalnego BIP i źródeł alternatywnych; dowód istnienia raportu potwierdzony uchwałą o wotum zaufania, kompletnego pliku nie odzyskano",,sprawdzono pogłębnie 2026-09-07,2026-09-07T05:04:14Z,"Potwierdzenie istnienia raportu: Uchwała Nr LVI/498/23 z 23.06.2023 r. (oficjalny BIP, uchwała o wotum zaufania; za rok merytoryczny 2022); w BIP widoczne również Zarządzenie Nr 8/2023 z 19.01.2023 r.: https://biskupiec.biuletyn.net/fls/bip_pliki/2023_01/BIPF5F29974596388Z/Zarzadzenie_gmina_raport_zespol2023.pdf. Kompletnego pliku raportu dla Gminy Biskupiec wiejskiej, TERYT 2812022, nie odzyskano. Sprawdzono oficjalny BIP (kategorie uchwał 2018-2024/2024-2029, zarządzenia Wójta 2018-2026, dokumentacje sesji), oficjalny serwis gminy i jego REST API, wyszukiwarkę BIP, wiele wyszukiwarek oraz archiwum Wayback; znalezione PDF-y uchwał/zarządzeń są tylko dowodami istnienia lub dokumentami zastępczymi i nie są raportem. Wyniki dotyczące miejskiego Biskupca (TERYT 2814023, biskupiec.pl) odrzucono. Brak pliku, więc brak walidacji HTTP/MIME/sygnatury/SHA-256/rozmiaru/stron/struktury/PdfReader(strict=True). Status dowodu: raport istniał, kompletny dokument publicznie nieodzyskany.",,true
19623,warmińsko-mazurskie,nowomiejski,Biskupiec,gmina wiejska,2812022,2023,brak_finalnie,brak,,brak,"dogłębne sprawdzenie oficjalnego BIP i źródeł alternatywnych; dowód istnienia raportu potwierdzony uchwałą o wotum zaufania, kompletnego pliku nie odzyskano",,sprawdzono pogłębnie 2026-09-07,2026-09-07T05:04:14Z,"Potwierdzenie istnienia raportu: Uchwała Nr III/14/24 z 19.06.2024 r. (oficjalny BIP, uchwała o wotum zaufania; za rok merytoryczny 2023); w BIP widoczne również Zarządzenie Nr 2/2024 z 09.01.2024 r.: https://biskupiec.biuletyn.net/fls/bip_pliki/2024_01/BIPF60E8487B4DA84Z/Zarzadzenie_gmina_raport_zespol2024.pdf. Kompletnego pliku raportu dla Gminy Biskupiec wiejskiej, TERYT 2812022, nie odzyskano. Sprawdzono oficjalny BIP (kategorie uchwał 2018-2024/2024-2029, zarządzenia Wójta 2018-2026, dokumentacje sesji), oficjalny serwis gminy i jego REST API, wyszukiwarkę BIP, wiele wyszukiwarek oraz archiwum Wayback; znalezione PDF-y uchwał/zarządzeń są tylko dowodami istnienia lub dokumentami zastępczymi i nie są raportem. Wyniki dotyczące miejskiego Biskupca (TERYT 2814023, biskupiec.pl) odrzucono. Brak pliku, więc brak walidacji HTTP/MIME/sygnatury/SHA-256/rozmiaru/stron/struktury/PdfReader(strict=True). Status dowodu: raport istniał, kompletny dokument publicznie nieodzyskany.",,true
19624,warmińsko-mazurskie,nowomiejski,Biskupiec,gmina wiejska,2812022,2024,brak_finalnie,brak,,brak,"dogłębne sprawdzenie oficjalnego BIP i źródeł alternatywnych; dowód istnienia raportu potwierdzony uchwałą o wotum zaufania, kompletnego pliku nie odzyskano",,sprawdzono pogłębnie 2026-09-07,2026-09-07T05:04:14Z,"Potwierdzenie istnienia raportu: Uchwała Nr XVII/110/25 z 26.06.2025 r. (oficjalny BIP, uchwała o wotum zaufania; za rok merytoryczny 2024); w BIP widoczne również Zarządzenie Nr 12/2025 z 04.02.2025 r.: https://biskupiec.biuletyn.net/fls/bip_pliki/2025_02/BIPF62D51ABEFA02FZ/Zarzadzenie_Nr_12_2025.pdf. Kompletnego pliku raportu dla Gminy Biskupiec wiejskiej, TERYT 2812022, nie odzyskano. Sprawdzono oficjalny BIP (kategorie uchwał 2018-2024/2024-2029, zarządzenia Wójta 2018-2026, dokumentacje sesji), oficjalny serwis gminy i jego REST API, wyszukiwarkę BIP, wiele wyszukiwarek oraz archiwum Wayback; znalezione PDF-y uchwał/zarządzeń są tylko dowodami istnienia lub dokumentami zastępczymi i nie są raportem. Wyniki dotyczące miejskiego Biskupca (TERYT 2814023, biskupiec.pl) odrzucono. Brak pliku, więc brak walidacji HTTP/MIME/sygnatury/SHA-256/rozmiaru/stron/struktury/PdfReader(strict=True). Status dowodu: raport istniał, kompletny dokument publicznie nieodzyskany.",,true
19625,warmińsko-mazurskie,nowomiejski,Biskupiec,gmina wiejska,2812022,2025,brak_finalnie,brak,,brak,"dogłębne sprawdzenie oficjalnego BIP i źródeł alternatywnych; dowód istnienia raportu potwierdzony uchwałą o wotum zaufania, kompletnego pliku nie odzyskano",,sprawdzono pogłębnie 2026-09-07,2026-09-07T05:04:14Z,"Potwierdzenie istnienia raportu: Uchwała Nr XXIX/170/26 z 19.05.2026 r. (oficjalny BIP, uchwała o wotum zaufania; za rok merytoryczny 2025); dla rocznika 2025 nie odnaleziono publicznego zarządzenia zespołu, ale istnienie raportu potwierdza uchwała z 19.05.2026 r. Kompletnego pliku raportu dla Gminy Biskupiec wiejskiej, TERYT 2812022, nie odzyskano. Sprawdzono oficjalny BIP (kategorie uchwał 2018-2024/2024-2029, zarządzenia Wójta 2018-2026, dokumentacje sesji), oficjalny serwis gminy i jego REST API, wyszukiwarkę BIP, wiele wyszukiwarek oraz archiwum Wayback; znalezione PDF-y uchwał/zarządzeń są tylko dowodami istnienia lub dokumentami zastępczymi i nie są raportem. Wyniki dotyczące miejskiego Biskupca (TERYT 2814023, biskupiec.pl) odrzucono. Brak pliku, więc brak walidacji HTTP/MIME/sygnatury/SHA-256/rozmiaru/stron/struktury/PdfReader(strict=True). Status dowodu: raport istniał, kompletny dokument publicznie nieodzyskany.",,true
19626,warmińsko-mazurskie,nowomiejski,Grodziczno,gmina wiejska,2812032,2018,ok_finalnie,pdf,tekst,https://grodziczno.biuletyn.net/fls/bip_pliki/2021_08/BIPOLD008828/8828.pdf,"oficjalny BIP Urzędu Gminy Grodziczno, wpis raportu za rok 2018 (id=8528); HTTP 200, MIME application/pdf, sygnatura %PDF, PdfReader(strict=True), struktura i treść potwierdzone; 51 stron",4c97098fc1a7d5053023d31854ac396ccdf815a364d9f090b03716b306910039,200,2026-09-07T03:51:26Z,,12.172,true
19627,warmińsko-mazurskie,nowomiejski,Grodziczno,gmina wiejska,2812032,2019,ok_finalnie,pdf,tekst,https://grodziczno.biuletyn.net/fls/bip_pliki/2021_08/BIPOLD009776/9776.pdf,"oficjalny BIP Urzędu Gminy Grodziczno, wpis raportu za rok 2019 (id=9181); HTTP 200, MIME application/pdf, sygnatura %PDF, PdfReader(strict=True), struktura i treść potwierdzone; 46 stron",ee737481b300c9f1b8ba661a2c4bc4dc6060800cfde4ae5e2fc5524b8282daf4,200,2026-09-07T03:51:26Z,,2.957,true
19628,warmińsko-mazurskie,nowomiejski,Grodziczno,gmina wiejska,2812032,2020,ok_finalnie,pdf,tekst,https://grodziczno.biuletyn.net/fls/bip_pliki/2021_08/BIPOLD010612/10612.pdf,"oficjalny BIP Urzędu Gminy Grodziczno, wpis z 2021 r. (id=10125), raport merytoryczny za rok 2020; HTTP 200, MIME application/pdf, sygnatura %PDF, PdfReader(strict=True), struktura i treść potwierdzone; 55 stron",6c5237f81a7592834a40f050a5d5a44bcf505dd25373a1363ff83a7bc33e5152,200,2026-09-07T03:51:26Z,,9.808,true
19629,warmińsko-mazurskie,nowomiejski,Grodziczno,gmina wiejska,2812032,2021,brak_finalnie,brak,,brak,"dogłębne sprawdzenie oficjalnego BIP + archiwum BIP + wiele wyszukiwarek; dowód istnienia, plik nieodzyskany",,BRAK_URL (dowód istnienia - plik nieodzyskany),2026-09-07T05:35:08Z,"KOREKTA 2026-09-07: wycofano błędne przypisanie pliku 10612.pdf; ten plik został wcześniej zwalidowany jako „Raport o stanie Gminy Grodziczno 2020 r.” (55 stron), więc nie jest dokumentem za 2021 i nie może być użyty dla tego rekordu. Ponownie sprawdzono oficjalną sekcję raportów (https://grodziczno.biuletyn.net/?bip=1&bsc=N&cid=1310), archiwalny wpis BIP dotyczący raportu (https://grodziczno.biuletyn.net/?bip=2&cid=1310&id=10125), oficjalne wyszukiwanie internetowe, różne silniki wyszukiwania oraz alternatywne indeksy. Nie odzyskano kompletnego pliku raportu za rok merytoryczny 2021. Znaleziony plik 10612.pdf (https://grodziczno.biuletyn.net/fls/bip_pliki/2021_08/BIPOLD010612/10612.pdf) pozostaje wykluczony. Brak pliku, więc brak walidacji HTTP/MIME/sygnatury/SHA-256/rozmiaru/stron/struktury/PdfReader(strict=True) dla właściwego raportu 2021; status dowodu: raport istniał, kompletny dokument publicznie nieodzyskany.",,true
19630,warmińsko-mazurskie,nowomiejski,Grodziczno,gmina wiejska,2812032,2022,ok_finalnie,pdf,tekst,https://grodziczno.biuletyn.net/fls/bip_pliki/2023_04/BIPF5F997B42B1B3CZ/zarz58-z1.pdf,"oficjalny BIP Urzędu Gminy Grodziczno, wpis raportu za rok 2022 (id=10911); HTTP 200, MIME application/pdf, sygnatura %PDF, PdfReader(strict=True), struktura i treść potwierdzone; 53 strony",0b868fba6c859d5e669f15030e4e202c1be8e2ccc65a762bb5270b447b25f5c6,200,2026-09-07T03:51:26Z,,9.985,true
19631,warmińsko-mazurskie,nowomiejski,Grodziczno,gmina wiejska,2812032,2023,ok_finalnie,pdf,tekst,https://grodziczno.biuletyn.net/fls/bip_pliki/2024_05/BIPF618F2DD1A14A1Z/z87z.pdf,"oficjalny BIP Urzędu Gminy Grodziczno, wpis raportu za rok 2023 (id=11484); HTTP 200, MIME application/pdf, sygnatura %PDF, PdfReader(strict=True), struktura i treść potwierdzone; 65 stron",507feef79ee75c33939b0612b118f6e0b48650c08ac43e362fef9256d035edf4,200,2026-09-07T03:51:26Z,,1.996,true
19632,warmińsko-mazurskie,nowomiejski,Grodziczno,gmina wiejska,2812032,2024,ok_finalnie,pdf,tekst,https://grodziczno.biuletyn.net/fls/bip_pliki/2025_05/BIPF63503A88EB8B9Z/Raport_o_stanie_gminy_Grodziczno_2025.pdf,"oficjalny BIP Urzędu Gminy Grodziczno, wpis raportu za rok 2024 (id=12028; nazwa pliku historyczna); HTTP 200, MIME application/pdf, sygnatura %PDF, PdfReader(strict=True), struktura i treść potwierdzone; 71 stron",36538f58dad5196b694ac2a318b2a42eb5195564303711403b298f9f62b830a7,200,2026-09-07T03:51:26Z,,16.692,true
19633,warmińsko-mazurskie,nowomiejski,Grodziczno,gmina wiejska,2812032,2025,ok_finalnie,pdf,tekst,https://grodziczno.biuletyn.net/fls/bip_pliki/2026_04/BIPF6500A3E98C145Z/z43--.pdf,direct_without_tor,5222bf9a1c5063ae1a17877a1ad03d059c5c1ef828e7cbf02f2c7b55bebdeceb,200,2026-09-05T23:55:36Z,,3.424,true
19634,warmińsko-mazurskie,nowomiejski,Kurzętnik,gmina wiejska,2812042,2018,ok_finalnie,pdf,tekst,https://bipkurzetnik.warmia.mazury.pl/attachment/informacja/7743/96acb4646bdf584bd9d2d53f92d154bb15833112.html,direct_without_tor,4298fab73da795e64a9bc7f4aec552c714d49703701443df75267c6768728c4c,200,2026-09-06T11:40:00Z,,3.663,true
19635,warmińsko-mazurskie,nowomiejski,Kurzętnik,gmina wiejska,2812042,2019,ok_finalnie,pdf,tekst,https://bipkurzetnik.warmia.mazury.pl/attachment/informacja/7744/04cae0f72384aaa9149ee1ce3c10f0eb8c34f9c7.html,direct_without_tor,97244d21aad2309359b52e6b6d57de4b6d18c67b70ba8435f8b5a1b89a70ff59,200,2026-09-06T11:40:00Z,,5.549,true
19636,warmińsko-mazurskie,nowomiejski,Kurzętnik,gmina wiejska,2812042,2020,ok_finalnie,pdf,tekst,https://bipkurzetnik.warmia.mazury.pl/attachment/informacja/7745/2e143893a4871bef35d6a85e62d90c7266a9100b.html,direct_without_tor,0a5b33e50051ba3c358f4b88deeccd9dd203109a520ca29ccc555403982a3719,200,2026-09-06T11:40:00Z,,8.839,true
19637,warmińsko-mazurskie,nowomiejski,Kurzętnik,gmina wiejska,2812042,2021,ok_finalnie,pdf,tekst,https://bipkurzetnik.warmia.mazury.pl/attachment/informacja/7746/3be358edc728bb0eb628711c08750580edfdb19b.html,direct_without_tor,b25e22a922e38daebeff7c5dbdf24ccb8a4e2e8f2b4e19a095314b79fd3f8d19,200,2026-09-06T11:40:00Z,,6.483,true
19638,warmińsko-mazurskie,nowomiejski,Kurzętnik,gmina wiejska,2812042,2022,ok_finalnie,pdf,tekst,https://bipkurzetnik.warmia.mazury.pl/attachment/informacja/7747/ff9973e5a2360d05c2c5579827af7dc767ddeb9f.html,direct_without_tor,e346dd3d88e83f2ff15152a69906d7a23dbbf0c839f9a6a93f7406b4d699c10d,200,2026-09-06T11:40:00Z,,8.566,true
19639,warmińsko-mazurskie,nowomiejski,Kurzętnik,gmina wiejska,2812042,2023,ok_finalnie,pdf,tekst,https://bipkurzetnik.warmia.mazury.pl/attachment/informacja/7748/81e3a34788adbde9b7d317e8aa1a0b57abe37e82.html,direct_without_tor,7673eb7b3a6b074acfc8b5cac4edc88e6d643c5c3a53e9e656225a09eea8da16,200,2026-09-06T11:40:00Z,,10.553,true
19640,warmińsko-mazurskie,nowomiejski,Kurzętnik,gmina wiejska,2812042,2024,ok_finalnie,pdf,tekst,https://bipkurzetnik.warmia.mazury.pl/attachment/informacja/8473/0a722a1484295daf9bbe7928af7fcf1b89816b58.html,direct_without_tor,72ae8e2f8122462a64d0ad8c15df6486eb2a991aaf9a34f08f426183ce5c3410,200,2026-09-06T11:40:00Z,,8.790,true
19641,warmińsko-mazurskie,nowomiejski,Kurzętnik,gmina wiejska,2812042,2025,ok_finalnie,pdf,tekst,https://bipkurzetnik.warmia.mazury.pl/attachment/informacja/9121/d91c5990c2158092dd4202b2cf2e2c6b6a284897.html,direct_without_tor,d83d775de8c5ff5801ad7068cebfba21d129d1076602b6cdf0a8d162b4d844d0,200,2026-09-06T11:40:00Z,,10.881,true
19642,warmińsko-mazurskie,nowomiejski,Nowe Miasto Lubawskie,gmina wiejska,2812052,2018,ok_finalnie,pdf,tekst,https://gminabratian.eu/system/pobierz.php?plik=1287_Raport_o_stanie_gminy_za_2018_rok.pdf&id=2569&stats=1,"oficjalna strona Gminy Nowe Miasto Lubawskie, obecnie przekierowana do serwisu Gminy Bratian; strona „Raport o stanie gminy 2018-” zawiera bezpośredni załącznik za 2018 rok; HTTP 200, MIME application/pdf, sygnatura %PDF, PdfReader(strict=True), struktura i treść potwierdzone; 86 stron",8bf471c3fdc980a81910be7caabbd041fa8b9d7b16b09b344dc656eca63ef7d8,200,2026-09-07T03:56:02Z,,2.241,true
19643,warmińsko-mazurskie,nowomiejski,Nowe Miasto Lubawskie,gmina wiejska,2812052,2019,ok_finalnie,pdf,tekst,https://gminabratian.eu/system/pobierz.php?plik=1685_Raport_o_stanie_Gminy_2019.pdf&id=2570&stats=1,"oficjalna strona Gminy Nowe Miasto Lubawskie, obecnie przekierowana do serwisu Gminy Bratian; strona „Raport o stanie gminy 2018-” zawiera bezpośredni załącznik za 2019 rok; HTTP 200, MIME application/pdf, sygnatura %PDF, PdfReader(strict=True), struktura i treść potwierdzone; 107 stron",522ce4de0b83d4de68e64925e75cac4d3d5f4193c9ff501011b9a5d03e849170,200,2026-09-07T03:56:02Z,,1.872,true
19644,warmińsko-mazurskie,nowomiejski,Nowe Miasto Lubawskie,gmina wiejska,2812052,2020,ok_finalnie,pdf,tekst,https://gminabratian.eu/system/pobierz.php?plik=2070_Raport_o_stanie_gminy_za_2020_rok.pdf&id=2571&stats=1,"oficjalna strona Gminy Nowe Miasto Lubawskie, obecnie przekierowana do serwisu Gminy Bratian; strona „Raport o stanie gminy 2018-” zawiera bezpośredni załącznik za 2020 rok; HTTP 200, MIME application/pdf, sygnatura %PDF, PdfReader(strict=True), struktura i treść potwierdzone; 113 stron",587defbc62c9591d0b462318172d117c75922f6f31fb57dd2fdebc4945a00dca,200,2026-09-07T03:56:02Z,,2.771,true
19645,warmińsko-mazurskie,nowomiejski,Nowe Miasto Lubawskie,gmina wiejska,2812052,2021,ok_finalnie,pdf,tekst,https://gminabratian.eu/system/pobierz.php?plik=2540_Raport_o_stanie_Gminy_Nowe_Miasto_Lubawskie_za_rok_2021.pdf&id=2572&stats=1,"oficjalna strona Gminy Nowe Miasto Lubawskie, obecnie przekierowana do serwisu Gminy Bratian; strona „Raport o stanie gminy 2018-” zawiera bezpośredni załącznik za 2021 rok; HTTP 200, MIME application/pdf, sygnatura %PDF, PdfReader(strict=True), struktura i treść potwierdzone; 117 stron",4d4f17ac804066c94ff25e9a63804f01bd8d013a08b87f4822d568dc8d4dee72,200,2026-09-07T03:56:02Z,,3.178,true
19646,warmińsko-mazurskie,nowomiejski,Nowe Miasto Lubawskie,gmina wiejska,2812052,2022,ok_finalnie,pdf,tekst,https://gminabratian.eu/system/pobierz.php?plik=11636_Raport_o_stanie_gminy_za_2022_rok.pdf&id=2940&stats=1,"oficjalna strona Gminy Nowe Miasto Lubawskie, obecnie przekierowana do serwisu Gminy Bratian; strona „Raport o stanie gminy 2018-” zawiera bezpośredni załącznik za 2022 rok; HTTP 200, MIME application/pdf, sygnatura %PDF, PdfReader(strict=True), struktura i treść potwierdzone; 107 stron",7c4aa44837cfc36ad81a694383879ffded8542fbeafaa4e75d3a49d286ef2748,200,2026-09-07T03:56:02Z,,4.662,true
19647,warmińsko-mazurskie,nowomiejski,Nowe Miasto Lubawskie,gmina wiejska,2812052,2023,ok_finalnie,pdf,tekst,https://gminabratian.eu/system/pobierz.php?plik=Raport_o_stanie_gminy_za_2023_rok.pdf&id=3076&stats=1,"oficjalna strona Gminy Nowe Miasto Lubawskie, obecnie przekierowana do serwisu Gminy Bratian; strona „Raport o stanie gminy 2018-” zawiera bezpośredni załącznik za 2023 rok; HTTP 200, MIME application/pdf, sygnatura %PDF, PdfReader(strict=True), struktura i treść potwierdzone; 128 stron",7e460812d424faa7c02736ef6824ac300d1b56d27f8705c50f8d9ad53006a1f7,200,2026-09-07T03:56:02Z,,2.480,true
19648,warmińsko-mazurskie,nowomiejski,Nowe Miasto Lubawskie,gmina wiejska,2812052,2024,ok_finalnie,pdf,tekst,https://gminabratian.eu/system/pobierz.php?plik=13203_Raport_o_stanie_gminy_za_2024_rok.pdf&id=3373&stats=1,"oficjalna strona Gminy Nowe Miasto Lubawskie, obecnie przekierowana do serwisu Gminy Bratian; strona „Raport o stanie gminy 2018-” zawiera bezpośredni załącznik za 2024 rok; HTTP 200, MIME application/pdf, sygnatura %PDF, PdfReader(strict=True), struktura i treść potwierdzone; 140 stron",fefeb63a58f5501ad24ba8e3bbbcc4fef3b507f13a6aeafb17b865475abfa46c,200,2026-09-07T03:56:02Z,,2.390,true
19649,warmińsko-mazurskie,nowomiejski,Nowe Miasto Lubawskie,gmina wiejska,2812052,2025,ok_finalnie,pdf,tekst,https://bip.gminabratian.eu/system/pobierz.php?plik=Raport_o_stanie_gminy_2025.pdf&id=d7dac3ee24679a5e67ea8f41943bd89c&stats=true,direct_without_tor,99f80c0f34153f952ae87e3c3f9141dec09122d7c87b6884c2a08e1f7daa6055,200,2026-09-05T23:55:36Z,,4.655,true
19650,warmińsko-mazurskie,olsztyński,Dobre Miasto,gmina miejsko-wiejska,2814033,2018,ok_finalnie,pdf,tekst,https://bip.dobremiasto.com.pl/system/pobierz.php?plik=Raport_o_stanie_gminy.pdf&id=5b974b2a14cae50ca336a024090a9d32&stats=true,direct_without_tor,54c3236f42e2d087ec06848a24e7f41dc957f9c481a737d48a9dafc28be31670,200,2026-09-05T23:55:36Z,,1.472,true
19651,warmińsko-mazurskie,olsztyński,Dobre Miasto,gmina miejsko-wiejska,2814033,2019,ok_finalnie,pdf,tekst,https://bip.dobremiasto.com.pl/system/pobierz.php?plik=Raport_o_stanie_Gminy_Dobre_Miasto_w_roku_2019.pdf&id=24b0f7db40b7b26d013e1aeca1b00a66&stats=true,direct_without_tor,bb12fc5c5ff8052cb9c9f3003067f637f6f1491a892aa2be27375a1f3aed22ad,200,2026-09-05T23:55:36Z,,1.187,true
19652,warmińsko-mazurskie,olsztyński,Dobre Miasto,gmina miejsko-wiejska,2814033,2020,ok_finalnie,pdf,tekst,https://bip.dobremiasto.com.pl/system/pobierz.php?plik=Raport_o_stanie_gminy_2020.pdf&id=4648d4e5b136c937ed6fa30c48984e24&stats=true,direct_without_tor,21878fdfee3f7e54930db7ac8063e93b8903bc42895a05ea19a3b4cb46b42dc7,200,2026-09-05T23:55:36Z,,1.52,true
19653,warmińsko-mazurskie,olsztyński,Dobre Miasto,gmina miejsko-wiejska,2814033,2021,ok_finalnie,pdf,tekst,https://bip.dobremiasto.com.pl/system/pobierz.php?plik=Raport_o_stanie_Gminy_Dobre_Miasto_2021-sig.pdf&id=c54b139a3e20c7393d1917850bd843c4&stats=true,direct_without_tor,a46a95cafd459aa5d43a28b5a4740669548b279ffee22267a8bb03bc28bddb89,200,2026-09-05T23:55:36Z,,1.753,true
19654,warmińsko-mazurskie,olsztyński,Dobre Miasto,gmina miejsko-wiejska,2814033,2022,ok_finalnie,pdf,tekst,https://bip.dobremiasto.com.pl/system/pobierz.php?plik=raport_o_stanie_gdm_2022-sig.pdf&id=40f750332306529898ca96a49e095404&stats=true,direct_without_tor,ee0fc56843415d2da42fa4ed7603176ec79ceb1a89696c075322c8070b2a7bc6,200,2026-09-05T23:55:36Z,,1.819,true
19655,warmińsko-mazurskie,olsztyński,Dobre Miasto,gmina miejsko-wiejska,2814033,2023,ok_finalnie,pdf,tekst,https://bip.dobremiasto.com.pl/system/pobierz.php?plik=raport_gmina_dm_2023.pdf&id=9631a473e5feb7d3741fb5533e4df261&stats=true,direct_without_tor,386aeb20c26a044824044a196b65cd20c47ec00aa024f5d4891e1045fe86569f,200,2026-09-05T23:55:36Z,,1.077,true
19656,warmińsko-mazurskie,olsztyński,Dobre Miasto,gmina miejsko-wiejska,2814033,2024,ok_finalnie,pdf,tekst,https://dobremiasto.com.pl/images/20007_raport_o_stanie_gminy_za_2024.pdf,direct_without_tor,04990a6d3bbfc77fb72c32889744025fd08ccf3584fdf51d1c0718c5efbffc47,200,2026-09-06T06:30:14Z,,3.075,true
19657,warmińsko-mazurskie,olsztyński,Dobre Miasto,gmina miejsko-wiejska,2814033,2025,ok_finalnie,pdf,tekst,https://bip.dobremiasto.com.pl/system/pobierz.php?plik=Raport_o_stanie_gminy_za_2025.pdf&id=4ce0e814b3711a28c0a495f486563b06&stats=true,direct_without_tor,93cc44bd343cc182112ae8ae6c22c6ecc7f5094d2dbec9ce494ab2d03cfd9b09,200,2026-09-05T23:55:36Z,,2.818,true
19658,warmińsko-mazurskie,olsztyński,Dywity,gmina wiejska,2814042,2018,ok_finalnie,pdf,tekst,http://www.bip.ugdywity.pl/system/pobierz.php?plik=Raport_o_stanie_gminy_Dywity_2018.pdf&id=5980&stats=true,direct_without_tor,af3a628be02b76cde0a6ff8dda56cddbe2ccc8a88d97ca471d33ff6ead8f201a,200,2026-09-05T23:55:36Z,,2.153,true
19659,warmińsko-mazurskie,olsztyński,Dywity,gmina wiejska,2814042,2019,ok_finalnie,pdf,tekst,https://bip.ugdywity.pl/system/pobierz.php?plik=RAPORT_O_STANIE_GMINY_DYWITY_2019.pdf&id=87d432ef12d04a0ee677ad5842a0cfe0&stats=true,direct_without_tor,2d252c536f07cb7d6cb24ca9d4e134f9c66818c8ca281c829dee15a549328777,200,2026-09-05T23:55:36Z,,3.54,true
19660,warmińsko-mazurskie,olsztyński,Dywity,gmina wiejska,2814042,2020,ok_finalnie,pdf,tekst,https://bip.ugdywity.pl/system/pobierz.php?plik=RAPORT_O_STANIE_GMINY_DYWITY_2020.pdf&id=de413389defadd1642641f9c7d98e7ff&stats=true,direct_without_tor,7a01dea25daa6bdeac37c75df550471a35fa417604e59c16c283e2565d561be6,200,2026-09-05T23:55:36Z,,7.343,true
19661,warmińsko-mazurskie,olsztyński,Dywity,gmina wiejska,2814042,2021,ok_finalnie,pdf,tekst,https://bip.ugdywity.pl/system/pobierz.php?plik=RAPORT_za_rok_2021__28gmina_Dywity_29.pdf&id=e91a074248834dda899ac7bd2a6714df&stats=true,direct_without_tor,1220be97fa2bd4cb544d6d1fc5742ef4808f40ad0ddc21b57afe4bf73c6f77cb,200,2026-09-05T23:55:36Z,,9.626,true
19662,warmińsko-mazurskie,olsztyński,Dywity,gmina wiejska,2814042,2022,ok_finalnie,pdf,tekst,https://bip.ugdywity.pl/system/pobierz.php?plik=raport_2022.pdf&id=3321e501f9055c2db6db69b35b526cad&stats=true,direct_without_tor,836a9b07f42c610f1d9299af0868daa091138bd2a6db09fb5dc8161898712214,200,2026-09-05T23:55:36Z,,25.283,true
19663,warmińsko-mazurskie,olsztyński,Dywity,gmina wiejska,2814042,2023,ok_finalnie,pdf,tekst,https://bip.ugdywity.pl/system/pobierz.php?plik=raport_2023.pdf&id=d5c9344aa2bf1d81c21a04741ad4daf8&stats=true,direct_without_tor,584fc9627b5d8129e983d3a7b7c504a863a501a72514b96fe33a8b52715885ab,200,2026-09-05T23:55:36Z,,10.815,true
19664,warmińsko-mazurskie,olsztyński,Dywity,gmina wiejska,2814042,2024,ok_finalnie,pdf,tekst,https://bip.ugdywity.pl/system/pobierz.php?plik=Raport_o_stanie_gminy_Dywity_-_2024.pdf&id=9ef64231c211d85b34723c355cbc76c1&stats=true,direct_without_tor,845d73d25e50788db53d7ccb686961ea6cb5c2da158d1a50d3c5393cfbfe3260,200,2026-09-05T23:55:36Z,,29.047,true
19665,warmińsko-mazurskie,olsztyński,Dywity,gmina wiejska,2814042,2025,ok_finalnie,pdf,tekst,https://bip.ugdywity.pl/system/pobierz.php?plik=Raport_o_stanie_gminy_Dywity_za_rok_2025.pdf&id=02893408eb6a0ac8c935d6871facc83d&stats=true,direct_without_tor,40d14bfefe2b2d1c7ec7abafa2b4dc5d08c769f6cc271a949eff60ac487b7f8c,200,2026-09-05T23:55:36Z,,5.693,true
19666,warmińsko-mazurskie,olsztyński,Gietrzwałd,gmina wiejska,2814052,2018,ok_finalnie,pdf,tekst,https://gietrzwald.archiwum.bip.net.pl/pliki/4270/RAPORT_O_STANIE_GMINY_GIETRZWA%C5%81D_2018.pdf,direct_without_tor,b77b001e1a6f50fe5dbbdffaff4e355f402dff110de9218ddbb1a8d23b8cfbc6,200,2026-09-06T14:28:32Z,,1.605,true
19667,warmińsko-mazurskie,olsztyński,Gietrzwałd,gmina wiejska,2814052,2019,ok_finalnie,pdf,tekst,https://gietrzwald.archiwum.bip.net.pl/pliki/5020/RAPORT_GIETRZWA%C5%81D_2019.pdf,direct_without_tor,bcebce1a7fdb0b7040c94d57bcb4ea9d8b91de0136cfe8c78c6f271a34f66e20,200,2026-09-06T14:28:32Z,,1.454,true
19668,warmińsko-mazurskie,olsztyński,Gietrzwałd,gmina wiejska,2814052,2020,ok_finalnie,pdf,tekst,https://gietrzwald.archiwum.bip.net.pl/pliki/7231/RAPORT_O_STANIE_GMINY_GIETRZWA%C5%81D_ZA_2020_ROK.pdf,direct_without_tor,51f91d9d48804a5990384ae19ca107618927a40533a20c478f73167f19f36273,200,2026-09-06T14:28:32Z,,7.230,true
19669,warmińsko-mazurskie,olsztyński,Gietrzwałd,gmina wiejska,2814052,2021,ok_finalnie,docx,tekst,https://gietrzwald.archiwum.bip.net.pl/pliki/8708/Raport_o_stanie_gminy_Gietrzwa%C5%82d_za_2021.docx,direct_without_tor,249b2d984d842a41c40e416a98c85edea3c25981bf1bf253c9f2052cb2696da8,200,2026-09-06T14:28:32Z,,18.915,true
19670,warmińsko-mazurskie,olsztyński,Gietrzwałd,gmina wiejska,2814052,2022,ok_finalnie,docx,tekst,https://gietrzwald.archiwum.bip.net.pl/pliki/11459/Raport_o_stanie_gminy_Gietrzwa%C5%82d_za_2022_rok.docx,direct_without_tor,1f94f71d664c2c19a5f9d2f3f37b460ad0071439552e56501bc046c22e0869aa,200,2026-09-06T14:28:32Z,,4.383,true
19671,warmińsko-mazurskie,olsztyński,Gietrzwałd,gmina wiejska,2814052,2023,ok_finalnie,pdf,tekst,https://gietrzwald.archiwum.bip.net.pl/pliki/13227/RAPORT_O_STANIE_GMINY_GIETRZWA%C5%81D_2023.pdf,direct_without_tor,17fe99c22f0530f4973c0c99ac20afee08c10d69aa90b71ea183f02afededcea,200,2026-09-06T14:28:32Z,,3.997,true
19672,warmińsko-mazurskie,olsztyński,Gietrzwałd,gmina wiejska,2814052,2024,ok_finalnie,pdf,tekst,https://gietrzwald.archiwum.bip.net.pl/pliki/14875/Raport_za_2024.pdf,direct_without_tor,fe7a96fc7e229825043ddac84d21c358b55997eff6fc6fdf871cd0ac34c23da7,200,2026-09-06T14:28:32Z,,3.266,true
19673,warmińsko-mazurskie,olsztyński,Gietrzwałd,gmina wiejska,2814052,2025,ok_finalnie,pdf,tekst,https://gietrzwald-api.bip.net.pl/api/attachments/400,BIP API: artykuł 294 → załącznik 400,a4bd2ac1e85e6c285d4b08ac22387f997d4f66babdca02a170d5b8616979ebdf,200,2026-09-06T12:49:03Z,,5.596,true
19674,warmińsko-mazurskie,olsztyński,Jeziorany,gmina miejsko-wiejska,2814063,2018,brak_finalnie,brak,,brak,"dogłębne sprawdzenie oficjalnego BIP + archiwum BIP + wiele wyszukiwarek; dowód istnienia, plik nieodzyskany",,BRAK_URL (dowód istnienia - plik nieodzyskany),2026-09-07T05:35:08Z,"RE-WERYFIKACJA 2026-09-07: nie odnaleziono kompletnego raportu o stanie Gminy Jeziorany za rok merytoryczny 2018. Sprawdzono oficjalny BIP Gminy Jeziorany oraz jego wersję archiwalną, w tym oficjalny wpis „Debata nad Raportem o stanie Gminy Jeziorany za 2018 rok” (http://archiwum.jeziorany.bip-e.pl/a11052.html); wpis zawiera wyłącznie dokument debaty i komunikat, nie kompletny raport. Sprawdzono również wyszukiwarki internetowe, archiwalny BIP i alternatywne ścieżki publikacji. Późniejszy oficjalny raport za 2019 r. potwierdza rozpatrywanie raportu za 2018, ale nie zastępuje dokumentu za 2018. Brak pliku, więc brak walidacji HTTP/MIME/sygnatury/SHA-256/rozmiaru/stron/struktury/PdfReader(strict=True). Status dowodu: raport istniał, kompletny dokument publicznie nieodzyskany.",,true
19675,warmińsko-mazurskie,olsztyński,Jeziorany,gmina miejsko-wiejska,2814063,2019,ok_finalnie,pdf,tekst,http://archiwum.jeziorany.bip-e.pl/pliki/16373/Raport_o_stanie_gminy_za_2019_r..pdf,direct_without_tor,9d663955e41849c30d82dd4e5656f21e04949c6202f3ccc253e40ce0242df4a1,200,2026-09-06T14:20:33Z,,1.107,true
19676,warmińsko-mazurskie,olsztyński,Jeziorany,gmina miejsko-wiejska,2814063,2020,ok_finalnie,pdf,tekst,http://archiwum.jeziorany.bip-e.pl/pliki/18131/Raport_o_stanie_gminy-_2020r..pdf,direct_without_tor,6e22209bc7d7c90690bc58441c741203d028a87b487d599215bad8e4fc07e426,200,2026-09-06T14:20:33Z,,1.231,true
19677,warmińsko-mazurskie,olsztyński,Jeziorany,gmina miejsko-wiejska,2814063,2021,ok_finalnie,pdf,tekst,http://archiwum.jeziorany.bip-e.pl/pliki/19490/Raport_o_stanie_gminy_-_2021r..pdf,direct_without_tor,ca29401c43c10414c027b6832b6804f3164af634cfcaf65cff57a71c4a1d5894,200,2026-09-06T14:20:33Z,,1.360,true
19678,warmińsko-mazurskie,olsztyński,Jeziorany,gmina miejsko-wiejska,2814063,2022,ok_finalnie,pdf,tekst,http://archiwum.jeziorany.bip-e.pl/pliki/20940/Raport_o_stanie_gminy_2022_r..pdf,direct_without_tor,0232e955fa4d44102a40400026d0498dd63719a2a7bd2ef0d9f81d43a2b36280,200,2026-09-06T14:20:33Z,,1.016,true
19679,warmińsko-mazurskie,olsztyński,Jeziorany,gmina miejsko-wiejska,2814063,2023,ok_finalnie,pdf,tekst,http://archiwum.jeziorany.bip-e.pl/pliki/22351/Raport_o_stanie_gminy_2023_r..pdf,direct_without_tor,1f481850af9e80f581da37eea39e5e06dd9e286902479b7befc4a22c3733eaa9,200,2026-09-06T14:20:33Z,,1.058,true
19680,warmińsko-mazurskie,olsztyński,Jeziorany,gmina miejsko-wiejska,2814063,2024,ok_finalnie,pdf,tekst,https://bip.jeziorany.com.pl/download/388/46636/Raportostaniegminy2024r.pdf,direct_without_tor,0a272606d756065f30821306a76c5281c6544c631ffeb51cf7251efdbc37634a,200,2026-09-06T11:07:00Z,,1.284,true
19681,warmińsko-mazurskie,olsztyński,Jeziorany,gmina miejsko-wiejska,2814063,2025,ok_finalnie,pdf,tekst,https://bip.jeziorany.com.pl/download/388/56251/Raportostaniegminy2025r.pdf,direct_without_tor; HTTP 200; MIME application/pdf; sygnatura %PDF-1.7; PdfReader(strict=True); 84 strony; struktura i treść potwierdzone,2bd8b2b9e6549894f69277b3428ccfbe82ec4b2b5c81b36460391f8d9b04806b,200,2026-09-07T05:35:08Z,,1.411,true
19682,warmińsko-mazurskie,olsztyński,Jonkowo,gmina wiejska,2814072,2018,ok_finalnie,pdf,skan,https://bip.jonkowo.pl/system/pobierz.php?plik=Raport_o_stanie_Gminy.pdf&id=9d04195c8e387b8640a64a33d451003e&stats=true,direct_without_tor,bd9929548eaff2a129dc4c9fd639af300cb11540ba147ac2e25b28970ece23d8,200,2026-09-06T06:49:11Z,,6.603,true
19683,warmińsko-mazurskie,olsztyński,Jonkowo,gmina wiejska,2814072,2019,ok_finalnie,pdf,skan,https://bip.jonkowo.pl/system/pobierz.php?plik=RoSG_Cz__1_-_1-20.pdf&id=f1eb18154f625cbc09e672c2cd7862a9&stats=true;https://bip.jonkowo.pl/system/pobierz.php?plik=RoSG_Cz__2_-_21-40.pdf&id=5e5109f88c40780cc5a5b9db12a81d8c&stats=true;https://bip.jonkowo.pl/system/pobierz.php?plik=RoSG_Cz__3_-_41-60.pdf&id=189dd627c9f63279d6450a7f2ef6c9b0&stats=true;https://bip.jonkowo.pl/system/pobierz.php?plik=RoSG_Cz__4_-_61-80.pdf&id=aa6896a2713e4b57d6619b780e5db6a1&stats=true;https://bip.jonkowo.pl/system/pobierz.php?plik=RoSG_Cz__5_-_81-95.pdf&id=eb2f3df047a8034dbc4d2743c6902cb1&stats=true,direct_without_tor,60e6914490359210a88bb91d2b26063201e09038971a7cc91ceadc341e6ce05f;6f03c8554c2de5fa5fe3b429699887833ef0ddc29f7063cfb7177afb369fe257;062c12e17868ce854a35976382cba3188e2232a360a1df4b8a5ecba2132af5a9;1641e16768e81891f31eb0e5ca2f72e614e68e91eb258b93c74222f3ad9f2272;cd21850360b5810d5e625e7aefa8ee4c0895e900fec99f790ebfcdf2b64c53d2,200;200;200;200;200,2026-09-06T06:49:11Z,,35.752,true
19684,warmińsko-mazurskie,olsztyński,Jonkowo,gmina wiejska,2814072,2020,ok_finalnie,pdf,tekst,https://bip.jonkowo.pl/system/pobierz.php?plik=RAPORT_O_STANIE_GMINY_JONKOWO_za_2020_rok_31.05.2021.pdf&id=70f2c9795071c8d5f44ae5436c7d369d&stats=true,direct_without_tor,b561a7259003a01976eb76797b4f680fd9a58cc2e1d42b213c5d5df92fac97d0,200,2026-09-06T06:49:11Z,,5.394,true
19685,warmińsko-mazurskie,olsztyński,Jonkowo,gmina wiejska,2814072,2021,ok_finalnie,pdf,tekst,https://bip.jonkowo.pl/system/pobierz.php?plik=Raport_o_stanie_Gminy_za_2021_r..pdf&id=6b46b8d93178fdd004caab2cf570b498&stats=true,direct_without_tor,66f321962c066ede2fc764bf20abe7b8c0c35fcc3b32e9cd2db6f41c3889ee26,200,2026-09-05T23:55:36Z,,3.96,true
19686,warmińsko-mazurskie,olsztyński,Jonkowo,gmina wiejska,2814072,2022,ok_finalnie,pdf,tekst,https://bip.jonkowo.pl/system/pobierz.php?plik=RAPORT_o_stanie_Gminy_za_2022_r..doc.pdf&id=1c962db1715d80b0d13c01238254e9c7&stats=true,direct_without_tor,e99b7b5d9363ac3bef8e1a88206be6de2d1f14a6f30086409c41df98a0340b0f,200,2026-09-05T23:55:36Z,,2.87,true
19687,warmińsko-mazurskie,olsztyński,Jonkowo,gmina wiejska,2814072,2023,ok_finalnie,pdf,tekst,https://bip.jonkowo.pl/system/pobierz.php?plik=RAPORT_o_stanie_Gminy_za_2023_r..pdf&id=4922c651c4b34d823d8fbe4d43f02df6&stats=true,direct_without_tor,6434e24a0915b4f3712957f1f4d43a7df24b0affc020cb1991fbcf8d1a19a302,200,2026-09-05T23:55:36Z,,4.05,true
19688,warmińsko-mazurskie,olsztyński,Jonkowo,gmina wiejska,2814072,2024,ok_finalnie,pdf,tekst,https://bip.jonkowo.pl/system/pobierz.php?plik=Raport_O_STANIE_GMINY_ZA_2024_r..pdf&id=7a2b7e377c9009fedbe29ffa2f660fb2&stats=true,direct_without_tor,80901ce8462ee967d87ffc196b43435cc459632b8b1f5eefb5a9cddc42d9a9ae,200,2026-09-05T23:55:36Z,,4.624,true
19689,warmińsko-mazurskie,olsztyński,Jonkowo,gmina wiejska,2814072,2025,ok_finalnie,pdf,tekst,https://bip.jonkowo.pl/system/pobierz.php?plik=Raport_O_STANIE_GMINY_ZA_2025_ROK.pdf&id=00afd20ae389953da4cb7e4e4e75ba68&stats=true,direct_without_tor,9d643978fb11531cd6d0183180a310083c7f977c216dfecc68af255bac03e386,200,2026-09-05T23:55:36Z,,5.7,true
19690,warmińsko-mazurskie,olsztyński,Olsztynek,gmina miejsko-wiejska,2814093,2018,ok_finalnie,pdf,tekst,https://bip.olsztynek.pl/component/phocadownload/category/2978-raport-o-stanie-gminy.html?download=13789:raport-gminy-olsztynek-2018,direct_without_tor,cf8c3e812d75f59a5f65f076a1456299b33c4cd2ebd1843f80fdd422567a3048,200,2026-09-06T11:20:00Z,,1.862,true
19691,warmińsko-mazurskie,olsztyński,Olsztynek,gmina miejsko-wiejska,2814093,2019,ok_finalnie,pdf,tekst,https://bip.olsztynek.pl/component/phocadownload/category/2978-raport-o-stanie-gminy.html?download=15143:raport-gminy-olsztynek-2019,direct_without_tor,d26ffb90f5b05c19b6f80a0a60bb61f0900e315e20ddfd0277407c3f45e71525,200,2026-09-06T11:20:00Z,,3.160,true
19692,warmińsko-mazurskie,olsztyński,Olsztynek,gmina miejsko-wiejska,2814093,2020,ok_finalnie,pdf,tekst,https://bip.olsztynek.pl/component/phocadownload/category/2978-raport-o-stanie-gminy.html?download=15956:raport-gminy-olsztynek-2020,direct_without_tor,7cc57ad6ce0c1a682915279464e50b10cc719e05bf0d5ac4a4bd2bcd059e32a7,200,2026-09-06T11:20:00Z,,4.682,true
19693,warmińsko-mazurskie,olsztyński,Olsztynek,gmina miejsko-wiejska,2814093,2021,ok_finalnie,pdf,tekst,https://bip.olsztynek.pl/component/phocadownload/category/2978-raport-o-stanie-gminy.html?download=16763:raport-o-stanie-gminy-za-2021-rok,direct_without_tor,8eeb7182d064e46d85edbe88289e483ffbcd58978707336899dddecbfcc87c84,200,2026-09-06T11:20:00Z,,7.316,true
19694,warmińsko-mazurskie,olsztyński,Olsztynek,gmina miejsko-wiejska,2814093,2022,ok_finalnie,pdf,tekst,https://bip.olsztynek.pl/component/phocadownload/category/2978-raport-o-stanie-gminy.html?download=17718:raport-o-stanie-gminy-za-2022-rok,direct_without_tor,509cc4bf250f0c981d730efdaf15a1128173163161776869a6b1e0352744d22e,200,2026-09-06T11:20:00Z,,14.295,true
19695,warmińsko-mazurskie,olsztyński,Olsztynek,gmina miejsko-wiejska,2814093,2023,ok_finalnie,pdf,tekst,https://bip.olsztynek.pl/component/phocadownload/category/2978-raport-o-stanie-gminy.html?download=18736:raport-o-stanie-gminy-za-2023-r,direct_without_tor,fd4fa2110940e7ce357d59af7d7f554c591dc4cc97b87b87edcc868b7d6398fc,200,2026-09-06T11:20:00Z,,12.319,true
19696,warmińsko-mazurskie,olsztyński,Olsztynek,gmina miejsko-wiejska,2814093,2024,ok_finalnie,pdf,tekst,https://bip.olsztynek.pl/component/phocadownload/category/2978-raport-o-stanie-gminy.html?download=19860:raport-o-stanie-gminy-olsztynek-za-2024-r,direct_without_tor,8eeabc368f6ac2907b85e401a4d9efb8c99026a0853d517d6575e6a918a74f63,200,2026-09-06T11:20:00Z,,18.651,true
19697,warmińsko-mazurskie,olsztyński,Olsztynek,gmina miejsko-wiejska,2814093,2025,ok_finalnie,pdf,tekst,https://bip.olsztynek.pl/component/phocadownload/category/2978-raport-o-stanie-gminy.html?download=20849:raport-o-stanie-gminy-olsztynek-za-2025-r,direct_without_tor,cfca91a56ac0eeb9ed39a1d901401204eb28929182227778d82ad73c2a3193e8,200,2026-09-06T11:20:00Z,,20.167,true
19698,warmińsko-mazurskie,olsztyński,Świątki,gmina wiejska,2814122,2018,ok_finalnie,pdf,tekst,https://swiatki.archiwum.bip.net.pl/pliki/7110/Raport.pdf,direct_without_tor (oficjalne archiwum BIP Gminy Świątki),5af6b0953697a342e190525f85793105f43caad3f7b2755c44b37239ccf4a92a,200,2026-09-06T12:30:00Z,,1.583,true
19699,warmińsko-mazurskie,olsztyński,Świątki,gmina wiejska,2814122,2019,ok_finalnie,pdf,tekst,https://swiatki.archiwum.bip.net.pl/pliki/8182/Raport.pdf,direct_without_tor (oficjalne archiwum BIP Gminy Świątki),591021b94845357ca16b4a0a652d0eaf35019a7ab9710e5d213c6b91db0c6460,200,2026-09-06T12:30:00Z,,1.829,true
19700,warmińsko-mazurskie,olsztyński,Świątki,gmina wiejska,2814122,2020,ok_finalnie,pdf,tekst,https://swiatki.archiwum.bip.net.pl/pliki/9143/Raport.pdf,direct_without_tor (oficjalne archiwum BIP Gminy Świątki),81b71b8cb3b1b1185e37041c5069f4be2dbb32681b021565172b89d87a20c397,200,2026-09-06T12:30:00Z,,2.076,true
19701,warmińsko-mazurskie,olsztyński,Świątki,gmina wiejska,2814122,2021,ok_finalnie,pdf,tekst,https://swiatki.archiwum.bip.net.pl/pliki/10028/Raport_-_gotowy_-_poprawka_OSP.pdf,direct_without_tor (oficjalne archiwum BIP Gminy Świątki),e80cb4dcf34592fb5336add3e0d62fc7f1cbc501379bf2f8219e162d6b95c47,200,2026-09-06T12:30:00Z,,3.902,true
19702,warmińsko-mazurskie,olsztyński,Świątki,gmina wiejska,2814122,2022,ok_finalnie,pdf,tekst,https://bip.swiatki.pl/files/file_add/download/160_raport-o-stanie-gminy-swiatki-za-2022-roku.pdf,tor_pl_ip,49b9c6bc4188256037e56ae518dc9ced41455effa92e4c575a635ee172816129,200,2026-09-06T14:05:50Z,,26.916,true
19703,warmińsko-mazurskie,olsztyński,Świątki,gmina wiejska,2814122,2023,ok_finalnie,pdf,tekst,https://bip.swiatki.pl/files/file_add/download/723_raport-o-stanie-gminy-za-2023-rok.pdf,tor_pl_ip,f631f5c870831318e56def3742ab22c58fbdf7cf3ad667cbb4866a5d42c63b7e,200,2026-09-06T14:05:50Z,,4.798,true
19704,warmińsko-mazurskie,olsztyński,Świątki,gmina wiejska,2814122,2024,ok_finalnie,pdf,tekst,https://bip.swiatki.pl/files/file_add/download/1456_-raport-o-stanie-gminy-swiatki-za-2024.pdf,tor_pl_ip,a937801e41e5ef02f0ee38aa6fd4b2f4dabf73641c82e3a05efc77b28cc291f4,200,2026-09-06T14:05:50Z,,5.862,true
19705,warmińsko-mazurskie,olsztyński,Świątki,gmina wiejska,2814122,2025,ok_finalnie,pdf,skan,https://bip.swiatki.pl/files/file_add/download/2270_raport-o-stanie-gminy-swiatki-za-2025-rokcompressed.pdf,tor_pl_ip,dc2ddc222e3b80dc8f1e9b8859e2eef0c78bb6953b4cd672bf51640a5a7c606e,200,2026-09-06T14:05:50Z,,63.656,true
19706,warmińsko-mazurskie,ostródzki,-,-,2815,2018,ok_finalnie,pdf,tekst,https://bip.powiat.ostroda.pl/attachment/akty/4601/94be4ed9a86b027c8593df93011ecde45b3a04ef.html,"Oficjalny BIP Powiatu Ostródzkiego, powiat ostródzki (TERYT 2815), uchwała Zarządu Powiatu nr 18/66/2019, strona aktu 4207; raport obejmuje rok merytoryczny 2018; HTTP 200, MIME application/pdf, sygnatura %PDF, 84 stron, PdfReader(strict=True), kompletna struktura i treść potwierdzone",f7205a7a923c868a01c33ee872df654e4037e40ca43649ce300e75990a7af1b6,200,2026-09-07T05:40:32Z,,1.970,true
19707,warmińsko-mazurskie,ostródzki,-,-,2815,2019,ok_finalnie,pdf,tekst,https://bip.powiat.ostroda.pl/attachment/akty/5063/f2906c93fd4d86e991183e0997b7b99297eb39c8.html,"Oficjalny BIP Powiatu Ostródzkiego, powiat ostródzki (TERYT 2815), uchwała Zarządu Powiatu nr 56/173/2020, strona aktu 4567; raport obejmuje rok merytoryczny 2019; HTTP 200, MIME application/pdf, sygnatura %PDF, 99 stron, PdfReader(strict=True), kompletna struktura i treść potwierdzone",4a5206307dea076d08d43b1196a138c961292c296989579bf24ea3fc96b96910,200,2026-09-07T05:40:32Z,,1.770,true
19708,warmińsko-mazurskie,ostródzki,-,-,2815,2020,ok_finalnie,pdf,tekst,https://bip.powiat.ostroda.pl/attachment/akty/5446/70e0f96a7877fab4d643eb931f73d14ddcb06a00.html,"Oficjalny BIP Powiatu Ostródzkiego, powiat ostródzki (TERYT 2815), uchwała Zarządu Powiatu nr 102/321/2021, strona aktu 4847; raport obejmuje rok merytoryczny 2020; HTTP 200, MIME application/pdf, sygnatura %PDF, 82 stron, PdfReader(strict=True), kompletna struktura i treść potwierdzone",cb73ee38cd41be9cdcd2ceb1909924b3d53fc94aff2bd281c94025b265fea4cd,200,2026-09-07T05:40:32Z,,1.403,true
19709,warmińsko-mazurskie,ostródzki,-,-,2815,2021,ok_finalnie,pdf,tekst,https://bip.powiat.ostroda.pl/attachment/akty/5842/006f29fcbd5bc48fc320373770227275968cbaa6.html,"Oficjalny BIP Powiatu Ostródzkiego, powiat ostródzki (TERYT 2815), uchwała Zarządu Powiatu nr 152/468/2022, strona aktu 5175; raport obejmuje rok merytoryczny 2021; HTTP 200, MIME application/pdf, sygnatura %PDF, 81 stron, PdfReader(strict=True), kompletna struktura i treść potwierdzone",1c9435dc1197d541d1fca4ade5ffa19993707153a12fa97edb9df961fe17c555,200,2026-09-07T05:40:32Z,,1.508,true
19710,warmińsko-mazurskie,ostródzki,-,-,2815,2022,ok_finalnie,pdf,tekst,https://bip.powiat.ostroda.pl/attachment/akty/6253/caad1af1e0a48a571ca17beb19903ccfa16e0c6c.html,"Oficjalny BIP Powiatu Ostródzkiego, powiat ostródzki (TERYT 2815), uchwała Zarządu Powiatu nr 191/618/2023, strona aktu 5518; raport obejmuje rok merytoryczny 2022; HTTP 200, MIME application/pdf, sygnatura %PDF, 79 stron, PdfReader(strict=True), kompletna struktura i treść potwierdzone",33d7d340831ec934d8e78977180bdba4629aeff953fda2e332288816117638eb,200,2026-09-07T05:40:32Z,,2.151,true
19711,warmińsko-mazurskie,ostródzki,-,-,2815,2023,ok_finalnie,pdf,tekst,https://bip.powiat.ostroda.pl/attachment/akty/6694/38b0473fbea3255c0ce891d721b6f9b3817faacd.html,"Oficjalny BIP Powiatu Ostródzkiego, powiat ostródzki (TERYT 2815), uchwała Zarządu Powiatu nr 3/8/2024, strona aktu 5893; raport obejmuje rok merytoryczny 2023; HTTP 200, MIME application/pdf, sygnatura %PDF, 70 stron, PdfReader(strict=True), kompletna struktura i treść potwierdzone",8382eec7b93ebbce7265326d963ac938dc50de71c225bad1000d672ef7bad56a,200,2026-09-07T05:40:32Z,,1.909,true
19712,warmińsko-mazurskie,ostródzki,-,-,2815,2024,ok_finalnie,pdf,tekst,https://bip.powiat.ostroda.pl/attachment/akty/7094/df7a16277eb9543e86c3c02589a0ac4e9a89ac20.html,"Oficjalny BIP Powiatu Ostródzkiego, powiat ostródzki (TERYT 2815), uchwała Zarządu Powiatu nr 39/150/2025, strona aktu 6226; raport obejmuje rok merytoryczny 2024; HTTP 200, MIME application/pdf, sygnatura %PDF, 80 stron, PdfReader(strict=True), kompletna struktura i treść potwierdzone",da5e927b9aa508ab6fe7d95ab32ed3d8ea9ff59a62ea03a817f36ba4fb696336,200,2026-09-07T05:40:32Z,,2.376,true
19713,warmińsko-mazurskie,ostródzki,-,-,2815,2025,ok_finalnie,pdf,tekst,https://bip.powiat.ostroda.pl/attachment/akty/7543/db81e162e25edd6323542e6d99476bb04dd37082.html,"Oficjalny BIP Powiatu Ostródzkiego, powiat ostródzki (TERYT 2815), uchwała Zarządu Powiatu nr 83/307/2026, strona aktu 6626; raport obejmuje rok merytoryczny 2025; HTTP 200, MIME application/pdf, sygnatura %PDF, 71 stron, PdfReader(strict=True), kompletna struktura i treść potwierdzone",a8de59af810ea9242a95b184a63d7231eeb1c484d9abf377b610190f6f887b47,200,2026-09-07T05:40:32Z,,1.226,true
19714,warmińsko-mazurskie,ostródzki,Ostróda,gmina miejska,2815011,2018,ok_finalnie,pdf,tekst,https://bipostroda.warmia.mazury.pl/upload/files/RAPORT_o_stanie_Miasta_2018.pdf,"direct_without_tor (official BIP category page 4440; Gmina Miejska Ostróda, TERYT 2815011)",9751a6c3590fb9c268783f2de90f2095ccd5e294b7891405066674a8dd9b2bda,200,2026-09-07T14:25:07Z,,2.574,true
19715,warmińsko-mazurskie,ostródzki,Ostróda,gmina miejska,2815011,2019,ok_finalnie,pdf,tekst,https://bipostroda.warmia.mazury.pl/upload/files/Raport%20o%20stanie%20Gminy%20Miejskiej%20Ostr%C3%B3da%20za%20rok%202019.pdf,"direct_without_tor (official BIP category page 4440; Gmina Miejska Ostróda, TERYT 2815011)",42bf60f6b7aae3df8914fbe496f2df4b5b3a3be7986ecd771f6bee3078b6fbbe,200,2026-09-07T14:25:07Z,,6.452,true
19716,warmińsko-mazurskie,ostródzki,Ostróda,gmina miejska,2815011,2020,ok_finalnie,pdf,tekst,https://bipostroda.warmia.mazury.pl/upload/files/Raport%20o%20stanie%20Gminy%20Miejskiej%20Ostr%C3%B3da%20za%202020%20rok.pdf,"direct_without_tor (official BIP category page 4440; Gmina Miejska Ostróda, TERYT 2815011)",581a92b095774c36683ab253a9dea173e2a08d9c7b32637374cdc082205ea4ad,200,2026-09-07T14:25:07Z,,16.125,true
19717,warmińsko-mazurskie,ostródzki,Ostróda,gmina miejska,2815011,2021,ok_finalnie,pdf,tekst,https://bipostroda.warmia.mazury.pl/upload/files/Raport%20o%20stanie%20Gminy%20Miejskiej%20Ostr%C3%B3da%20za%202021%20rok.pdf,"direct_without_tor (official BIP category page 4440; Gmina Miejska Ostróda, TERYT 2815011)",e7a3f7e89ee8b785629f0c3de892283e3219563bc88f758d14d0bcbf398bb075,200,2026-09-07T14:25:07Z,,20.102,true
19718,warmińsko-mazurskie,ostródzki,Ostróda,gmina miejska,2815011,2022,ok_finalnie,pdf,tekst,https://bipostroda.warmia.mazury.pl/upload/files/2022_Raport_final_v26.05.2023.pdf,"direct_without_tor (official BIP category page 4440; Gmina Miejska Ostróda, TERYT 2815011)",596f1a4e6eba0ef618beb4999180d578af0c5cf6ce571336e18665f1ef68cd3a,200,2026-09-07T14:25:07Z,,16.657,true
19719,warmińsko-mazurskie,ostródzki,Ostróda,gmina miejska,2815011,2023,ok_finalnie,pdf,tekst,https://bipostroda.warmia.mazury.pl/upload/files/Raport%20o%20stanie%20Gminy%20Miejskiej%20Ostr%C3%B3da%20za%202023%20rok.pdf,"direct_without_tor (official BIP category page 4440; Gmina Miejska Ostróda, TERYT 2815011)",cbc76e873bcd1b8ed8939e5bc0314b6aaec96bf5b593469582265918ffe58474,200,2026-09-07T14:25:07Z,,5.739,true
19720,warmińsko-mazurskie,ostródzki,Ostróda,gmina miejska,2815011,2024,ok_finalnie,pdf,tekst,https://bipostroda.warmia.mazury.pl/upload/files/Raport%20o%20stanie%20miasta%20za%202024.pdf,"direct_without_tor (official BIP category page 4440; Gmina Miejska Ostróda, TERYT 2815011)",4cb88e090d955d030ba2028cfc18ee58e6b5638351c00872b6502caee4bbd4f6,200,2026-09-07T14:25:07Z,,33.701,true
19721,warmińsko-mazurskie,ostródzki,Ostróda,gmina miejska,2815011,2025,ok_finalnie,pdf,skan,https://bipostroda.warmia.mazury.pl/upload/files/Raport%20o%20stanie%20miasta%20za%202025%20rok.pdf,"direct_without_tor (official BIP category page 4440; Gmina Miejska Ostróda, TERYT 2815011)",3619b49a69aa28c827f20c4bb3ccbffe641ae0524a84bf8c3f146e13a12b39a2,200,2026-09-07T14:25:07Z,,54.667,true
19722,warmińsko-mazurskie,ostródzki,Dąbrówno,gmina wiejska,2815022,2018,ok_finalnie,pdf,tekst,https://bip.dabrowno.pl/system/pobierz.php?plik=Raport_o_stanie_Gminy_Dabrowno.pdf&id=b2f4b6b319702b8ca3405bc0051bc69f&stats=true,direct_without_tor,55bc7887e74c514dab0cf782f7ea3b17b8393f19b77e401ad3e49ac14cf5815f,200,2026-09-05T23:55:36Z,,1.045,true
19723,warmińsko-mazurskie,ostródzki,Dąbrówno,gmina wiejska,2815022,2019,ok_finalnie,pdf,tekst,https://bip.dabrowno.pl/system/pobierz.php?plik=Raport_o_stanie_gminy_za_2019_rok.pdf&id=e6c3227224a00795f90a01b89a9336f4&stats=true,direct_without_tor,b26d991b0175de18a8b68d6fd40a37e44ea8762011a64e49694db9f61a01d174,200,2026-09-05T23:55:36Z,,2.816,true
19724,warmińsko-mazurskie,ostródzki,Dąbrówno,gmina wiejska,2815022,2020,ok_finalnie,pdf,tekst,https://bip.dabrowno.pl/system/pobierz.php?plik=Raport_o_stanie_Gminy_2020_wer_7_final.pdf&id=e32eb08e021448036e67fa98020507e7&stats=true,direct_without_tor,327d2782ae1e78b66c1c10056361958592523c9bc7dbcebc9c85a2c752f31b25,200,2026-09-05T23:55:36Z,,4.206,true
19725,warmińsko-mazurskie,ostródzki,Dąbrówno,gmina wiejska,2815022,2021,ok_finalnie,pdf,tekst,https://bip.dabrowno.pl/system/pobierz.php?plik=Raport_o_stanie_gminy_za_2021_rok_final.pdf&id=5bce11adfb0baed7297d5e4c45cf7cbb&stats=true,direct_without_tor,707b76b4898c4fbea8b2a5057cf1a6e01f97c58b3ec1fcd91d811a921d10605e,200,2026-09-05T23:55:36Z,,10.695,true
19726,warmińsko-mazurskie,ostródzki,Dąbrówno,gmina wiejska,2815022,2022,ok_finalnie,pdf,tekst,https://bip.dabrowno.pl/system/pobierz.php?plik=Raport_o_stanie_Gminy_Da_CC_A8bro_CC_81wno_za_2022_rok.pdf&id=edbe40c83c52b3d3fd2f9879cdcaa976&stats=true,direct_without_tor,b73de7bb6dac3226f42ed867ae7a52051c0c180bcb747f934c00d4f61c2dd92e,200,2026-09-05T23:55:36Z,,7.881,true
19727,warmińsko-mazurskie,ostródzki,Dąbrówno,gmina wiejska,2815022,2023,ok_finalnie,pdf,tekst,https://bip.dabrowno.pl/system/pobierz.php?plik=Raport_o_stanie_gminy_2023.pdf&id=2b07a8497199a896e80f69c1a5aa588b&stats=true,direct_without_tor,bdbd56aee9af46adfb9b5d2c7423df1f01d876653df8f125bccf6a3cb1a80ccd,200,2026-09-05T23:55:36Z,,9.82,true
19728,warmińsko-mazurskie,ostródzki,Dąbrówno,gmina wiejska,2815022,2024,ok_finalnie,pdf,tekst,https://bip.dabrowno.pl/system/pobierz.php?plik=Raport_o_stanie_Gminy_Dabrowno_za_2024_rok.pdf&id=3f353e78294784d1741af08d3cfaefe6&stats=true,direct_without_tor,5e7a3b8bd6055672922fdcb99eb20f04bd7296a2401e7daa57571208cf8ed680,200,2026-09-05T23:55:36Z,,12.883,true
19729,warmińsko-mazurskie,ostródzki,Dąbrówno,gmina wiejska,2815022,2025,ok_finalnie,pdf,tekst,https://bip.dabrowno.pl/system/pobierz.php?plik=RAPORT_2025_do_druku_poprawiony.pdf&id=b2b7e34d7031588463fb4ccdea154846&stats=true,direct_without_tor,4ac412799964309bea315eaaa8118cd7cd88e4443c5671bc90a85f320c27b656,200,2026-09-05T23:55:36Z,,13.899,true
19730,warmińsko-mazurskie,ostródzki,Grunwald,gmina wiejska,2815032,2018,ok_finalnie,pdf,tekst,https://grunwald.biuletyn.net/fls/bip_pliki/2019_06/BIPF58BAABC6BB58CZ/190619_Raport_o_Stanie_Gminy_za_2018_rok.pdf,direct_without_tor,9d5444b7178aa589f0cd041ecf74eac507b831e78b9fd90bcbbef37dbfadda00,200,2026-09-06T13:32:48Z,,0.347,true
19731,warmińsko-mazurskie,ostródzki,Grunwald,gmina wiejska,2815032,2019,ok_finalnie,pdf,tekst,https://grunwald.biuletyn.net/fls/bip_pliki/2020_07/BIPF5AB2D9456632AZ/Raport_o_Stanie_Gminy_za_2019_rok.pdf,direct_without_tor,452a5965299682f2e3b5557f36bc35bd670f50dbabb840e32b75c15ec4518398,200,2026-09-06T13:32:48Z,,13.566,true
19732,warmińsko-mazurskie,ostródzki,Grunwald,gmina wiejska,2815032,2020,ok_finalnie,pdf,tekst,https://grunwald.biuletyn.net/fls/bip_pliki/2021_05/BIPF5C3A4297ADFCDZ/Raport_o_stanie_Gminy_Grunwald_za_2020_r.pdf,direct_without_tor,249210e2ecd7579a4d8852bffcf6c31d4d12b36a5ec9ce0323e273c516b83ae4,200,2026-09-05T23:55:36Z,,0.27,true
19733,warmińsko-mazurskie,ostródzki,Grunwald,gmina wiejska,2815032,2021,brak_finalnie,brak,,http://owncloud.gminagrunwald.pl/index.php/s/Jh59ovINTH4P2Kl/download,"dogłębne sprawdzenie oficjalnego BIP, oficjalnej strony Gminy, wyszukiwarek, alternatywnych hostów, DNS oraz Wayback/Common Crawl - dowód istnienia, plik nieodzyskany",,BRAK_URL (dowód istnienia - plik nieodzyskany),2026-09-07T10:06:01Z,"Potwierdzenie istnienia i tożsamości raportu: oficjalny BIP Gminy Grunwald, strona „Raport o stanie Gminy Grunwald za 2021 rok”, sporządzona 2022-05-31 i udostępniona 2022-05-31, zawiera link opisany „RAPORT O STANIE GMINY GRUNWALD ZA 2021 R.”. Oficjalna strona potwierdza jednostkę Gmina Grunwald, TERYT 2815032, a rok merytoryczny wynika wprost z tytułu dokumentu. Jedyny wskazany plik prowadzi do http://owncloud.gminagrunwald.pl/index.php/s/Jh59ovINTH4P2Kl/download. Próby HTTP/HTTPS zakończyły się brakiem rozwiązywania domeny; sprawdzono również bieżący BIP, oficjalny serwis gminy, alternatywne hosty/IP, historię DNS, Wayback CDX i Common Crawl oraz wielosilnikowe wyszukiwanie. Nie odzyskano kompletnego PDF. Nie użyto dokumentu zastępczego (informacja o debacie ani formularz nie są raportem). Brak pliku, więc brak walidacji HTTP/MIME/sygnatury/SHA-256/rozmiaru/stron/struktury/PdfReader(strict=True). Status dowodu: raport istniał, kompletny dokument publicznie nieodzyskany.",,true
19734,warmińsko-mazurskie,ostródzki,Grunwald,gmina wiejska,2815032,2022,ok_finalnie,pdf,tekst,https://grunwald.biuletyn.net/fls/bip_pliki/2023_05/BIPF5FCFE50F186C8Z/Raport_o_stanie_gminy_2022.pdf,direct_without_tor,2a863db84914bb1958e6947c2801975543b51cf0541f4c7ebff2a0081633deb0,200,2026-09-05T23:55:36Z,,22.882,true
19735,warmińsko-mazurskie,ostródzki,Grunwald,gmina wiejska,2815032,2023,ok_finalnie,pdf,tekst,https://grunwald.biuletyn.net/fls/bip_pliki/2024_05/BIPF61998D32EF19BZ/Raport_o_stanie_Gminy_za_rok_2023.pdf,direct_without_tor,9f3d49238d1c24a76aaf27b7c0caee6a9b5dae45924d17cb9d66487500cfb4b3,200,2026-09-05T23:55:36Z,,0.922,true
19736,warmińsko-mazurskie,ostródzki,Grunwald,gmina wiejska,2815032,2024,ok_finalnie,pdf,tekst,https://grunwald.biuletyn.net/fls/bip_pliki/2025_05/BIPF636431A7E64DFZ/Raport_o_stanie_Gminy_za_rok_2024.pdf,direct_without_tor,c255b1e7904d8bda1e0b932db95bd04d5586802be56dc0d45927965ccbd2a193,200,2026-09-05T23:55:36Z,,0.754,true
19737,warmińsko-mazurskie,ostródzki,Grunwald,gmina wiejska,2815032,2025,ok_finalnie,pdf,tekst,https://grunwald.biuletyn.net/fls/bip_pliki/2026_05/BIPF651B0A8FDF5D8Z/Raport_o_stanie_Gminy_za_rok_2025.pdf,direct_without_tor,f4df895a8cba6e522d5522b9f8d1c260828098baca75542316966bde6979fc49,200,2026-09-05T23:55:36Z,,0.889,true
19738,warmińsko-mazurskie,ostródzki,Łukta,gmina wiejska,2815042,2018,ok_finalnie,pdf,tekst,https://bip.lukta.com.pl/system/pobierz.php?plik=Raport_o_stanie_Gminy_Lukta.pdf&id=956695dbfb144b3878f68c51706ebcea&stats=true,direct_without_tor,9f70c408b04dc0e8d1694de59a513466895aaeda0391460ecea631f8f603cc74,200,2026-09-05T23:55:36Z,,1.763,true
19739,warmińsko-mazurskie,ostródzki,Łukta,gmina wiejska,2815042,2019,ok_finalnie,pdf,tekst,https://bip.lukta.com.pl/system/pobierz.php?plik=Raport_o_stanie_Gminy_Lukta_2019_ostat.pdf&id=9744c1b90b3a260538f4fa089a0ac67c&stats=true,direct_without_tor,0b817453ad2f856c43b37f4c3102ccdb512e70ba84b6ae181e39930fc8699ee3,200,2026-09-05T23:55:36Z,,1.703,true
19740,warmińsko-mazurskie,ostródzki,Łukta,gmina wiejska,2815042,2020,ok_finalnie,pdf,tekst,https://bip.lukta.com.pl/system/pobierz.php?plik=Raport_o_stanie_Gminy_Lukta_2020.pdf&id=70a540031483c8e76502024e14de601b&stats=true,direct_without_tor,8a3a204d4fe176d1ad215e71ca26d1f999ced4f2035861c8b97183b5b4e01114,200,2026-09-05T23:55:36Z,,0.695,true
19741,warmińsko-mazurskie,ostródzki,Łukta,gmina wiejska,2815042,2021,ok_finalnie,pdf,tekst,https://bip.lukta.com.pl/system/pobierz.php?plik=Raport_o_stanie_gminy_2021.pdf&id=f8da71a0a65495eb4c45e0c87c8b193f&stats=true,direct_without_tor,89eff740cb69016ba8d74a808cf086d7b5f3f3556209750e487de72d3aac6c70,200,2026-09-05T23:55:36Z,,2.217,true
19742,warmińsko-mazurskie,ostródzki,Łukta,gmina wiejska,2815042,2022,ok_finalnie,pdf,tekst,https://bip.lukta.com.pl/system/pobierz.php?plik=Raport_o_stanie_Gminy_Lukta_za_2022_rok-sig.pdf&id=01b273d5cd125a33fe46f1061e24e7ce&stats=true,direct_without_tor,310f7531412c600c80dae1b18c781d3f43fa75473188ac18088569214d280e26,200,2026-09-05T23:55:36Z,,9.225,true
19743,warmińsko-mazurskie,ostródzki,Łukta,gmina wiejska,2815042,2023,ok_finalnie,pdf,tekst,https://bip.lukta.com.pl/system/pobierz.php?plik=Raport_o_stanie_gminy_za_2023_r..pdf&id=68fd4948c652bfe315763d10d22b9826&stats=true,direct_without_tor,1f026aee420ba34899d4aa67f667b02bf6b06fbef3a2ed569643c65fc3b969a0,200,2026-09-05T23:55:36Z,,5.09,true
19744,warmińsko-mazurskie,ostródzki,Łukta,gmina wiejska,2815042,2024,ok_finalnie,pdf,tekst,https://bip.lukta.com.pl/system/pobierz.php?plik=Raport_o_stanie_gminy_za_2024_rok.pdf&id=77b34692addaa34a1f8ee7d5ec543ef2&stats=true,direct_without_tor,0eacd0c8c33720dc1907ecd403dc72c621c0bd3518ed615466c42d4c3b290bb7,200,2026-09-05T23:55:36Z,,8.261,true
19745,warmińsko-mazurskie,ostródzki,Łukta,gmina wiejska,2815042,2025,ok_finalnie,pdf,tekst,https://bip.lukta.com.pl/system/pobierz.php?plik=Raport_o_stanie_gminy_za_2025_rok-sig.pdf&id=b406b2def3575d24062af87161435fba&stats=true,direct_without_tor,a2d7f180bf50decaff139cd766488db41424f349a79bccf2f82bb47a5b2884bc,200,2026-09-05T23:55:36Z,,7.82,true
19746,warmińsko-mazurskie,ostródzki,Małdyty,gmina wiejska,2815052,2018,brak_finalnie,brak,,https://bip.maldyty.pl/akty/20/423/Uchwala_Nr_VII_2F53_2F19_Rady_Gminy_Maldyty_z_dnia_19_czerwca_2019_roku_w_sprawie_udzielenia_wotum_zaufania_dla_Wojta_Gminy_Maldyty/,"dogłębne sprawdzenie oficjalnego BIP (kategoria raportów, akty prawne, uchwała o wotum, załącznik PDF uchwały) + wiele wyszukiwarek; dowód istnienia raportu za 2018, kompletny plik nieodzyskany",,BRAK_URL (dowód istnienia - plik nieodzyskany),2026-09-07T11:57:16Z,"Potwierdzenie istnienia i roku merytorycznego: oficjalna Uchwała Nr VII/53/19 Rady Gminy Małdyty z 19.06.2019 r. stanowi, że po zakończeniu debaty nad raportem o stanie Gminy udzielono Wójtowi wotum zaufania; uchwała i jej PDF są dostępne w BIP. Oficjalna kategoria raportów Małdyt zawiera obecnie wpisy dopiero od raportu za 2020 r.; nie odnaleziono kompletnego, publicznie dostępnego pliku raportu za 2018 r. Sprawdzono kategorię raportów, archiwum tej kategorii, akty prawne i uchwałę wraz z załącznikiem, wyszukiwarki internetowe oraz stary adres BIP. Brak pliku, więc brak walidacji HTTP/MIME/sygnatury/SHA-256/rozmiaru/stron/struktury/PdfReader(strict=True). Status dowodu: raport istniał, kompletny dokument publicznie nieodzyskany.",,true
19747,warmińsko-mazurskie,ostródzki,Małdyty,gmina wiejska,2815052,2019,brak_finalnie,brak,,https://bip.maldyty.pl/akty/20/271/Uchwala_Nr_XVI_2F128_2F2020_Rady_Gminy_Maldyty_z_dnia_24_czerwca_2020_roku_w_sprawie_udzielenia_wotum_zaufania_dla_Wojta_Gminy_Maldyty/,"dogłębne sprawdzenie oficjalnego BIP (kategoria raportów, akty prawne, uchwała o wotum) + wiele wyszukiwarek; dowód istnienia raportu za 2019, kompletny plik nieodzyskany",,BRAK_URL (dowód istnienia - plik nieodzyskany),2026-09-07T11:57:16Z,"Potwierdzenie istnienia i roku merytorycznego: oficjalny BIP zawiera Uchwałę Nr XVI/128/2020 Rady Gminy Małdyty z 24.06.2020 r. w sprawie udzielenia wotum zaufania, odpowiadającą raportowi za rok 2019. Oficjalna kategoria raportów Małdyt zawiera obecnie wpisy dopiero od raportu za 2020 r.; nie odnaleziono kompletnego, publicznie dostępnego pliku raportu za 2019 r. Sprawdzono kategorię raportów, archiwum tej kategorii, akty prawne, wyszukiwarki internetowe oraz stary adres BIP. Brak pliku, więc brak walidacji HTTP/MIME/sygnatury/SHA-256/rozmiaru/stron/struktury/PdfReader(strict=True). Status dowodu: raport istniał, kompletny dokument publicznie nieodzyskany.",,true
19748,warmińsko-mazurskie,ostródzki,Małdyty,gmina wiejska,2815052,2020,ok_finalnie,pdf,tekst,https://bip.maldyty.pl/system/pobierz.php?plik=Raport_za_2020.pdf&id=44144680c3636c631193dea13e296110&stats=true,direct_without_tor,d398bfa1c00dfd80bf2e210d24f2b73d31ce89b3672db5cd64388cd1eab66e59,200,2026-09-05T23:55:36Z,,3.684,true
19749,warmińsko-mazurskie,ostródzki,Małdyty,gmina wiejska,2815052,2021,ok_finalnie,pdf,tekst,https://bip.maldyty.pl/system/pobierz.php?plik=Raport_o_stanie_Gminy_w_2021_roku_2.pdf&id=39d4e82118d99a15ffad64d5e33d9f9f&stats=true,direct_without_tor,857c90a7f38d69cf2d5efcb5297ea3adef352ff6c75af0fc21e4a883c94693ab,200,2026-09-05T23:55:36Z,,12.525,true
19750,warmińsko-mazurskie,ostródzki,Małdyty,gmina wiejska,2815052,2022,ok_finalnie,pdf,tekst,https://bip.maldyty.pl/system/pobierz.php?plik=Raport_o_stanie_Gminy_2022.pdf&id=66fe033b8775b98fb1028b8fa1be91dd&stats=true,direct_without_tor,551afa557b7ea1dff97596b772a04c11010bae72bc9a27871d73741401ee0091,200,2026-09-05T23:55:36Z,,8.973,true
19751,warmińsko-mazurskie,ostródzki,Małdyty,gmina wiejska,2815052,2023,ok_finalnie,pdf,tekst,https://bip.maldyty.pl/system/pobierz.php?plik=Raport_o_stanie_Gminy_Maldyty_w_2023_roku.pdf&id=6b81400a8fd7367251ffb83fd30de5e6&stats=true,direct_without_tor,84526de9c16953dc4e43667b6f924c79a799b51f6b242c066786939fda89597f,200,2026-09-05T23:55:36Z,,17.87,true
19752,warmińsko-mazurskie,ostródzki,Małdyty,gmina wiejska,2815052,2024,ok_finalnie,pdf,tekst,https://bip.maldyty.pl/system/pobierz.php?plik=rsaport.pdf&id=98a9c8a2ceaccadc16cfa93c47a0c859&stats=true,direct_without_tor,c084619c772c40a49ce38f953e76235f8f099c2aa1a4ea027e463a968d59e29e,200,2026-09-05T23:55:36Z,,46.355,true
19753,warmińsko-mazurskie,ostródzki,Małdyty,gmina wiejska,2815052,2025,ok_finalnie,pdf,skan,https://bip.maldyty.pl/system/pobierz.php?plik=Raport_o_Stanie_Gminy_Ma_C4_B9_E2_80_9Adyty_w_2025_roku.pdf&id=868ccf81b458a253000d7e54257c424d&stats=true,direct_without_tor,4fc7894859e78d89512587795c461a1207069690d3b168a80a906a4da1a17e04,200,2026-09-05T23:55:36Z,,41.371,true
19754,warmińsko-mazurskie,ostródzki,Miłakowo,gmina miejsko-wiejska,2815063,2018,ok_finalnie,pdf,tekst,https://bipmilakowo.warmia.mazury.pl/attachment/informacja/1385/7a6abf91c020594a9c942556f29d59038c3b794e.html,direct_without_tor,c20a89f3ae2c10ecf139684ebecd11edb56cae72cd0ff94908e46b2d1c30b411,200,2026-09-06T06:28:57Z,,3.187,true
19755,warmińsko-mazurskie,ostródzki,Miłakowo,gmina miejsko-wiejska,2815063,2019,ok_finalnie,pdf,tekst,https://bipmilakowo.warmia.mazury.pl/attachment/informacja/1988/7f7a4c31fb0ec65870b769fd825588b4805c0aee.html,direct_without_tor,f2bedfe90d167058f21a49a46202d0aa2877b31eb37e2c5307fa485df2e803d2,200,2026-09-06T06:28:57Z,,3.812,true
19756,warmińsko-mazurskie,ostródzki,Miłakowo,gmina miejsko-wiejska,2815063,2020,ok_finalnie,pdf,tekst,https://bipmilakowo.warmia.mazury.pl/attachment/informacja/2493/cea0075206d916ba99b033744d52d2ac22f983eb.html,direct_without_tor,fc4a9c614b8ffda189080152dbd74d1d6f32d4a63de2fe7515893bc50fb78d32,200,2026-09-06T06:28:57Z,,3.67,true
19757,warmińsko-mazurskie,ostródzki,Miłakowo,gmina miejsko-wiejska,2815063,2021,ok_finalnie,pdf,tekst,https://bipmilakowo.warmia.mazury.pl/attachment/informacja/3121/2b872ed9c9b9751b23409bc31c5a6ba5798dcb3f.html,direct_without_tor,78a3f08d58065c3e5d666ef43ac02e439c84baa02187e263dce18f12230d30fc,200,2026-09-06T06:28:57Z,,4.291,true
19758,warmińsko-mazurskie,ostródzki,Miłakowo,gmina miejsko-wiejska,2815063,2022,ok_finalnie,pdf,tekst,https://bipmilakowo.warmia.mazury.pl/attachment/informacja/3732/f6cc82eb8b96a23f3ae489e44bc6296862f4b489.html,direct_without_tor,6077af85dc4ec4270f9edc161406107f95f266c6d23b9f5316000d41f7f21ea7,200,2026-09-06T06:28:57Z,,4.616,true
19759,warmińsko-mazurskie,ostródzki,Miłakowo,gmina miejsko-wiejska,2815063,2023,ok_finalnie,pdf,tekst,https://bipmilakowo.warmia.mazury.pl/attachment/informacja/4660/f039fa62261df4b36d2030c267c2742543524478.html,direct_without_tor,377c1aa8949caa92d51ae2940e3b048404900de15c70c1f0065b98201e6522ec,200,2026-09-06T06:28:57Z,,4.742,true
19760,warmińsko-mazurskie,ostródzki,Miłakowo,gmina miejsko-wiejska,2815063,2024,ok_finalnie,pdf,tekst,https://bipmilakowo.warmia.mazury.pl/attachment/informacja/5633/daae593f0e52df0a1f57ae7149152429f113ce8c.html,direct_without_tor,3c516c446ca8d44496c3b6b5ebd85e4b19827001fdde275bbbfc588b73676413,200,2026-09-06T06:28:57Z,,5.195,true
19761,warmińsko-mazurskie,ostródzki,Miłakowo,gmina miejsko-wiejska,2815063,2025,ok_finalnie,pdf,tekst,https://bipmilakowo.warmia.mazury.pl/attachment/informacja/7897/530ba1c867f5369d2a6589f782e69928934ddb5b.html,direct_without_tor,30972082c6e5fb60aeb9337a1f3d1d013cacc694126bc72cc2c1c98bfa0f1df5,200,2026-09-06T06:28:57Z,,5.03,true
19762,warmińsko-mazurskie,ostródzki,Miłomłyn,gmina miejsko-wiejska,2815073,2018,ok_finalnie,pdf,tekst,https://bip.milomlyn.pl/fls/bip_pliki/2019_05/BIPF58A065031036DZ/raport_stan_gm18_290519.pdf,direct_without_tor,5b3219b6e589a445842f63e7a2a273eaf0d305a364f3ff05657e79f8863d8899,200,2026-09-05T23:55:36Z,,3.211,true
19763,warmińsko-mazurskie,ostródzki,Miłomłyn,gmina miejsko-wiejska,2815073,2019,ok_finalnie,pdf,tekst,https://bip.milomlyn.pl/fls/bip_pliki/2020_06/BIPF5A8E36291A200Z/raport_gmina_za19.pdf,direct_without_tor,739154982aad6ddf0c4ba5a980d1cf8bfbd433c7847fd0ac0c099dd6c813850f,200,2026-09-05T23:55:36Z,,8.113,true
19764,warmińsko-mazurskie,ostródzki,Miłomłyn,gmina miejsko-wiejska,2815073,2020,ok_finalnie,pdf,tekst,https://bip.milomlyn.pl/fls/bip_pliki/2021_05/BIPF5C33A0E53DA3AZ/raport_za_rok2020.pdf,direct_without_tor,edb9bee63e59eab5640fccab97548f5bbd6e3d0b64d2b3c9e207603cd9dbf270,200,2026-09-05T23:55:36Z,,4.359,true
19765,warmińsko-mazurskie,ostródzki,Miłomłyn,gmina miejsko-wiejska,2815073,2021,ok_finalnie,pdf,tekst,https://bip.milomlyn.pl/fls/bip_pliki/2022_05/BIPF5E0383095939Z/raport_za_rok_2021.pdf,direct_without_tor,728143d660fb956e4ab4923a4fe32e1ea28637cb3b61b0af97f4bec4fb78d8e3,200,2026-09-05T23:55:36Z,,6.827,true
19766,warmińsko-mazurskie,ostródzki,Miłomłyn,gmina miejsko-wiejska,2815073,2022,ok_finalnie,pdf,tekst,https://bip.milomlyn.pl/fls/bip_pliki/2023_05/BIPF5FBB5EAB62D28Z/raport_stan_gm_za2022.pdf,direct_without_tor,4253298ebaf782bbe884170546eb9c37e5c1664afd05a1da306fcc67e6266077,200,2026-09-05T23:55:36Z,,5.73,true
19767,warmińsko-mazurskie,ostródzki,Miłomłyn,gmina miejsko-wiejska,2815073,2023,ok_finalnie,pdf,tekst,https://bip.milomlyn.pl/fls/bip_pliki/2024_03/BIPF6138A55F0239DZ/raport_o_stanie_gminy_za_rok_2023.pdf,direct_without_tor,c958e474f731a895d050c0391ce5e462613e2136891ec11ae077fee4ee0b1b7c,200,2026-09-05T23:55:36Z,,5.972,true
19768,warmińsko-mazurskie,ostródzki,Miłomłyn,gmina miejsko-wiejska,2815073,2024,ok_finalnie,pdf,tekst,https://bip.milomlyn.pl/fls/bip_pliki/2025_05/BIPF635900E2CE803Z/Raport_o_stanie_gminy_Milomlyn_za_rok_2024.pdf,direct_without_tor,c6bee25b57f29e8801c75a38dced42abd4ad6775e249f2553de33bb0387f5633,200,2026-09-05T23:55:36Z,,7.99,true
19769,warmińsko-mazurskie,ostródzki,Miłomłyn,gmina miejsko-wiejska,2815073,2025,ok_finalnie,pdf,tekst,https://bip.milomlyn.pl/fls/bip_pliki/2026_06/BIPF65576DDFCA465Z/Raport_o_stanie_Gminy_Milomlyn_za_rok_2025.pdf,direct_without_tor,56054922c71dc2d287c69ab8057e059442cdb802a7bc53a4d51c0f9c69e56d2b,200,2026-09-05T23:55:36Z,,41.785,true
19770,warmińsko-mazurskie,ostródzki,Morąg,gmina miejsko-wiejska,2815083,2018,ok_finalnie,pdf,skan,https://bip.morag.pl/system/pobierz.php?plik=1.pdf&id=ed85f7c2b669345fcf296b4977f1e1e4&stats=true;https://bip.morag.pl/system/pobierz.php?plik=2.pdf&id=9b16e48a4a636519e7b1def707ded6d7&stats=true;https://bip.morag.pl/system/pobierz.php?plik=3.pdf&id=b8053744a3d2104d93937a82a3e2b28c&stats=true,direct_without_tor,e37c52a600215fbfa5b8ee6c890ed6951f020a6efc86bde9ed64d878684e77c1;053b88890023f81193ab6e010bf08a686c887a6e442a02574ff57bf63522fdbb;ec8445af1d683a9ad094873d98bcf829f02612f7eb300d888421e5ee09cb93de,200;200;200,2026-09-06T11:35:00Z,,3.387,true
19771,warmińsko-mazurskie,ostródzki,Morąg,gmina miejsko-wiejska,2815083,2019,ok_finalnie,pdf,tekst,https://bip.morag.pl/system/pobierz.php?plik=Raport_o_stanie_gminy_OST.pdf&id=78433b11ad63f95625186cee1cfbb3ec&stats=true,direct_without_tor,dca75553732a7c857609a5ea736307979869c11de82d30d9078bdcbf0689d1b7,200,2026-09-05T23:55:36Z,,2.549,true
19772,warmińsko-mazurskie,ostródzki,Morąg,gmina miejsko-wiejska,2815083,2020,ok_finalnie,pdf,tekst,https://bip.morag.pl/system/pobierz.php?plik=Raport_o_Stanie_Gminy_2020__-_GMINA_MORAG.pdf&id=7aaafca873ade0094e75827bf11555d6&stats=true,direct_without_tor,c132722fb60a37a14be91db252592af36e477c88597c946c791d6e4af46a88df,200,2026-09-05T23:55:36Z,,2.571,true
19773,warmińsko-mazurskie,ostródzki,Morąg,gmina miejsko-wiejska,2815083,2021,ok_finalnie,pdf,tekst,https://bip.morag.pl/system/pobierz.php?plik=Raport_o_Stanie_Gminy_2021.pdf&id=e5f2ec8a0690e21ad760acea6d1de6f5&stats=true,direct_without_tor,b34da2ba3472e0c91b0a348506c52408a2f245d3f87006a70bd9287185a23c5f,200,2026-09-05T23:55:36Z,,2.647,true
19774,warmińsko-mazurskie,ostródzki,Morąg,gmina miejsko-wiejska,2815083,2022,ok_finalnie,pdf,tekst,https://bip.morag.pl/system/pobierz.php?plik=Raport_o_Stanie_Gminy_2022_aktualny.pdf&id=e0ac259835a3761f9696b491d528def6&stats=true,direct_without_tor,e68b0589d6095c474c3eeabb667393d8b4db3e8822d5584be399ff4bd46a5e43,200,2026-09-05T23:55:36Z,,2.92,true
19775,warmińsko-mazurskie,ostródzki,Morąg,gmina miejsko-wiejska,2815083,2023,ok_finalnie,pdf,tekst,https://bip.morag.pl/system/pobierz.php?plik=Raport_o_Stanie_Gminy_2023_aktualizacja_2.pdf&id=cd9d08555b705211538e916b548ee9b3&stats=true,direct_without_tor,fe8f3ebf53c256f47aadd67c515ef4be06a18ef9b33b241294f8ae29913bb9f8,200,2026-09-05T23:55:36Z,,2.744,true
19776,warmińsko-mazurskie,ostródzki,Morąg,gmina miejsko-wiejska,2815083,2024,ok_finalnie,pdf,tekst,https://bip.morag.pl/system/pobierz.php?plik=2024_Raport_o_Stanie_Gminy.pdf&id=fca2d5c960d56d0e4639f1375e307f5b&stats=true,direct_without_tor,027f8bbf5c82efd2866ea3a66fdd81c9499320a840bea86bd4d6a415ae71d297,200,2026-09-05T23:55:36Z,,3.664,true
19777,warmińsko-mazurskie,ostródzki,Morąg,gmina miejsko-wiejska,2815083,2025,ok_finalnie,pdf,tekst,https://bip.morag.pl/system/pobierz.php?plik=2025_Raport_o_Stanie_Gminy.pdf&id=fb0543569ccd259be7c12bbf39d2ef1d&stats=true,direct_without_tor,e905b30be2fe5c46697bc43667e257d9b1b6b4ef6a1a451b56d9b64992b06a8c,200,2026-09-05T23:55:36Z,,2.686,true
19778,warmińsko-mazurskie,ostródzki,Ostróda,gmina wiejska,2815092,2018,ok_finalnie,pdf,tekst,https://bip.gminaostroda.pl/userfiles/2019-06-03/RaportGmina2018.pdf,direct_without_tor,d98ef0c83af0b52a9a1346983302251803965b238940aea1f102d171855e005f,200,2026-09-07T12:04:10Z,,3.210,true
19779,warmińsko-mazurskie,ostródzki,Ostróda,gmina wiejska,2815092,2019,ok_finalnie,pdf,tekst,https://bip.gminaostroda.pl/userfiles/2020-06-01/RaportGmina2019.pdf,direct_without_tor,bc8e1927b20843568d4e6a1ad0e5a4928314415e56c0643f0c1ff047989ec61e,200,2026-09-07T12:04:10Z,,2.632,true
19780,warmińsko-mazurskie,ostródzki,Ostróda,gmina wiejska,2815092,2020,ok_finalnie,pdf,tekst,https://bip.gminaostroda.pl/userfiles/RaportStanGminy2020/Raport2020.pdf,direct_without_tor,1fe5b232be354a6e9ad6666112a285ef07a719526574985f077362a9bdb16aa5,200,2026-09-07T12:04:10Z,,1.396,true
19781,warmińsko-mazurskie,ostródzki,Ostróda,gmina wiejska,2815092,2021,ok_finalnie,pdf,tekst,https://bip.gminaostroda.pl/userfiles/RaportStanGminy2021/Raport_2021.pdf,direct_without_tor,1189199904ab31bef1e21ccfc1322208bea7be34a7dec97af30e109203d9a560,200,2026-09-07T12:04:10Z,,1.512,true
19782,warmińsko-mazurskie,ostródzki,Ostróda,gmina wiejska,2815092,2022,ok_finalnie,pdf,tekst,https://bip.gminaostroda.pl/userfiles/RaportStanGminy2022/RaportGminy_za2022.pdf,direct_without_tor,c85a42ad63f57f0480f30be3cc627f01e2a9b813ea67cd11151e3a78d3da154a,200,2026-09-07T12:04:10Z,,6.919,true
19783,warmińsko-mazurskie,ostródzki,Ostróda,gmina wiejska,2815092,2023,ok_finalnie,pdf,tekst,https://bip.gminaostroda.pl/userfiles/RaportStanGminy2023/RaportGminy_za2023.pdf,direct_without_tor,7b86ad276337eb9b84ff4e34f88e5895629fcbad31276de5a7caab2b52a3056e,200,2026-09-07T12:04:10Z,,7.916,true
19784,warmińsko-mazurskie,ostródzki,Ostróda,gmina wiejska,2815092,2024,ok_finalnie,pdf,tekst,https://bip.gminaostroda.pl/userfiles/2025-06-09/Raport_za_2024.pdf,direct_without_tor,43b7f625d6217475bdc6689a5872714519581a022beed05e98660258a880abe8,200,2026-09-07T12:04:10Z,,9.041,true
19785,warmińsko-mazurskie,ostródzki,Ostróda,gmina wiejska,2815092,2025,ok_finalnie,pdf,tekst,https://bip.gminaostroda.pl/userfiles/2026-05-29/RaportGminyOstroda2025.pdf,direct_without_tor,ce68c1ef09749172256c9b8df942b6b18d7fed63312ae34900c585e12f809da5,200,2026-09-07T12:04:10Z,,7.494,true
19786,warmińsko-mazurskie,gołdapski,Dubeninki,gmina wiejska,2818022,2018,ok_finalnie,pdf,tekst,https://bip.dubeninki.pl/system/pobierz.php?plik=Raport_o_stanie_gminy_Dubeninki.pdf&id=941039e5494367d81049ed6a1e41ef4b&stats=true,direct_without_tor,a01009e98cb84255477a3a9f517077b30392bbe2fcc87d25fa8328345eec66ff,200,2026-09-05T23:55:36Z,,1.069,true
19787,warmińsko-mazurskie,gołdapski,Dubeninki,gmina wiejska,2818022,2019,ok_finalnie,pdf,tekst,https://bip.dubeninki.pl/system/pobierz.php?plik=Raport_o_stanie_gminy_Dubeninki_2019.pdf&id=73901a7a2df1ebe4a7e68e7100c9a082&stats=true,direct_without_tor,75757e473c13f253e8b26021d1c05351221bd87990eea6da76b532f74823bbbc,200,2026-09-05T23:55:36Z,,2.657,true
19788,warmińsko-mazurskie,gołdapski,Dubeninki,gmina wiejska,2818022,2020,ok_finalnie,pdf,tekst,https://bip.dubeninki.pl/system/pobierz.php?plik=Raport_o_stanie_gminy_Dubeninki_2020.pdf&id=5647&stats=true,direct_without_tor,7f152d5acb2c3e9922c1987cd2f7ff030a2615d6cc3b5c7a4da81ef28a62f3c9,200,2026-09-06T11:00:32Z,,1.448,true
19789,warmińsko-mazurskie,gołdapski,Dubeninki,gmina wiejska,2818022,2021,ok_finalnie,pdf,tekst,https://bip.dubeninki.pl/system/pobierz.php?plik=Raport_o_stanie_gminy_2021.pdf&id=e37f6eb507f3e7cfbb496931023fd3e2&stats=true,direct_without_tor,d55a41d4146188f2d4691d0290e50787dbb639193dc12ac565d52665d586e3bc,200,2026-09-05T23:55:36Z,,18.79,true
19790,warmińsko-mazurskie,gołdapski,Dubeninki,gmina wiejska,2818022,2022,ok_finalnie,pdf,skan,https://bip.dubeninki.pl/system/pobierz.php?plik=raport_o_stanie_gminy_Dubeninki_2022.pdf&id=f6827d8817612e580ad01839d87c7164&stats=true,direct_without_tor,d5f56123549eafec2aca439de5cdbef96d57089b8939461d30c90c5730b976b7,200,2026-09-05T23:55:36Z,,20.65,true
19791,warmińsko-mazurskie,gołdapski,Dubeninki,gmina wiejska,2818022,2023,ok_finalnie,pdf,tekst,https://bip.dubeninki.pl/system/pobierz.php?plik=Raport_2023.pdf&id=2716e15a5f6878d66b696c346003c2d0&stats=true,direct_without_tor,00c7948e76a7b23b15530b0abbda638422c66730bc6750590af5bc9f6ccfc7c6,200,2026-09-05T23:55:36Z,,8.961,true
19792,warmińsko-mazurskie,gołdapski,Dubeninki,gmina wiejska,2818022,2024,ok_finalnie,pdf,tekst,https://bip.dubeninki.pl/system/pobierz.php?plik=raport_za_2024_do_publ.pdf&id=32fcf917c679f90641177e8cc952c9ea&stats=true,direct_without_tor,a3438d8464225fe683cabf8c28e56e08af4c246dedc24ecc716845bf218baf4d,200,2026-09-06T11:00:32Z,,5.853,true
19793,warmińsko-mazurskie,gołdapski,Dubeninki,gmina wiejska,2818022,2025,ok_finalnie,pdf,tekst,https://bip.dubeninki.pl/system/pobierz.php?plik=Raport_o_stanie_Gminy_Dubeninki_za_2025.pdf&id=318fca58940a7ea4fdb4b6b1c11b010c&stats=true,direct_without_tor,d012808f06dac60f31ea0524e252d1442bf6539ff55d2f8dcc23bd99fa9b6264,200,2026-09-05T23:55:36Z,,14.899,true
19794,warmińsko-mazurskie,gołdapski,Gołdap,gmina miejsko-wiejska,2818033,2018,ok_finalnie,pdf,skan,https://archiwum.bip.goldap.pl/files/files/RAPORT.pdf,direct_without_tor,95f85e53355b6193d03596fcbe7d036542a41fe840d2634e4b73c51f2cb17238,200,2026-09-07T12:21:56Z,,30.275,true
19795,warmińsko-mazurskie,gołdapski,Gołdap,gmina miejsko-wiejska,2818033,2019,ok_finalnie,pdf,skan,https://archiwum.bip.goldap.pl/files/files/Raport-o-stanie-Gminy-Goldap-za-rok-2019%282%29.pdf,direct_without_tor,f7c5eab1768843fec1c0a3a25b14f11decab93073bca2eeb204f4bd9ceebe4f6,200,2026-09-07T12:21:56Z,,5.783,true
19796,warmińsko-mazurskie,gołdapski,Gołdap,gmina miejsko-wiejska,2818033,2020,ok_finalnie,pdf,tekst,https://archiwum.bip.goldap.pl/mfiles/1289/3/30167/z/Zalacznik-do-Zarzadzenia-Burmistrza-Goldapi-Nr-1099.VI.2021-z-dnia-22-czerwca-2021r.-zmieniajacego-Zarzadzenie-Burmistrza-Goldapi-Nr-1072.V.2021-z-dnia-31-maja.pdf,direct_without_tor,676fb4522e362bbeb56fec954bd59d32413b7390fb1114453fcdaab010c752cb,200,2026-09-07T12:21:56Z,,6.535,true
19797,warmińsko-mazurskie,gołdapski,Gołdap,gmina miejsko-wiejska,2818033,2021,ok_finalnie,pdf,tekst,https://archiwum.bip.goldap.pl/mfiles/1289/3/31872/z/Zalacznik-do-Zarzadzenia-Burmistrza-Goldapi-Nr-1551.V.2022-z-dnia-31maja-2022-r.-Raport-o-stanie-gminy-za-2021-rok.pdf,direct_without_tor,b86eb928876d13dc2e6e699c52798b7a64f07fd82d7d3ceebfcad7a6de4750d9,200,2026-09-07T12:21:56Z,,7.330,true
19798,warmińsko-mazurskie,gołdapski,Gołdap,gmina miejsko-wiejska,2818033,2022,ok_finalnie,pdf,tekst,https://archiwum.bip.goldap.pl/mfiles/1289/3/33663/z/Za-cznik-do-Zarz-dzenia-Burmistrza-Go-dapi-Nr-1940.V.2022-z-dnia-31maja-2023-r.-Raport-o-stanie-gminy-za-2022-rok.pdf,direct_without_tor,10dae71a19c56765e0773cd2bf72df3cdfcdb9f1d7d8dec4188eeaf7c288b5ea,200,2026-09-07T12:21:56Z,,10.666,true
19799,warmińsko-mazurskie,gołdapski,Gołdap,gmina miejsko-wiejska,2818033,2023,ok_finalnie,pdf,tekst,https://goldap.org.pl/wp-content/uploads/2024/06/Zalacznik-nr-1-do-zarzadzenia-Raport-o-Stanie-Gminy1.pdf,direct_without_tor,de2dd98c68231f4909d036757299821d1b64b801046426d0803cb72b27f51da4,200,2026-09-06T12:10:00Z,,7.566,true
19800,warmińsko-mazurskie,gołdapski,Gołdap,gmina miejsko-wiejska,2818033,2024,ok_finalnie,pdf,tekst,https://goldap.org.pl/wp-content/uploads/2025/06/Zalacznik-nr-1-do-zarzadzenia-nr-400_V_2025-z-dnia-29.05.2025-r.-Raport-o-stanie-gminy.pdf,direct_without_tor,1209250328c7899329286bbed0b0d934185ac290903a86658a86172b75e40cfe,200,2026-09-07T12:21:56Z,,1.553,true
19801,warmińsko-mazurskie,gołdapski,Gołdap,gmina miejsko-wiejska,2818033,2025,ok_finalnie,pdf,tekst,https://bip.goldap.pl/files/file_add/download/5200_raportostaniegminygoldap2025.pdf,direct_without_tor,031d245c74aaa899a87776a7805a91440cd5dbbdf78c3a8675dcb8c628f668d1,200,2026-09-06T12:10:00Z,,1.899,true
19802,warmińsko-mazurskie,m. Elbląg,-,-,2861,2018,ok_finalnie,pdf,tekst,https://um-elblag.samorzady.pl/zalacznik/id/57277;https://um-elblag.samorzady.pl/zalacznik/id/57278;https://um-elblag.samorzady.pl/zalacznik/id/57279;https://um-elblag.samorzady.pl/zalacznik/id/57280;https://um-elblag.samorzady.pl/zalacznik/id/57281;https://um-elblag.samorzady.pl/zalacznik/id/57282;https://um-elblag.samorzady.pl/zalacznik/id/57283;https://um-elblag.samorzady.pl/zalacznik/id/57284;https://um-elblag.samorzady.pl/zalacznik/id/57285;https://um-elblag.samorzady.pl/zalacznik/id/57286;https://um-elblag.samorzady.pl/zalacznik/id/57287;https://um-elblag.samorzady.pl/zalacznik/id/57288;https://um-elblag.samorzady.pl/zalacznik/id/57289;https://um-elblag.samorzady.pl/zalacznik/id/57290;https://um-elblag.samorzady.pl/zalacznik/id/57291;https://um-elblag.samorzady.pl/zalacznik/id/57292,same_report_as_city_on_county_rights,529154fa559313a5ac01cd8d14a9f3d8393e6044f8e6d6417f102864a60ed388;2913a02060a6b105e3b2921cf7f442b3952dce70bd1c8e32b24067c9aa6e32be;ee2d88cdcc0167b6ed742a1b00d3f0750cd961fbe2e9a7bd05939b3464070688;549dc415c9d5c15ef185501791a0ed764e22379e4546204e338cc9724224325e;5f8200bf62296bbb83e299ab18c4c3f164e0952b3404d62fbf5178ec1315bbdb;68b43623ca585ef17397dea9298c2164f1180f4431c4a78ab51b5720ba751547;47a1a10c78d74c0ed4a6121a96a2c132fa55f15d56c9ff24925c1f302b53df84;509019264b9d82d606e9653576086eeb6a7cdf6a5f712ec949c3e5b8f5c459eb;1cf8c9c8bca42c68b17d376d86d860e145e6dca4eca2b0510051d1a5414bfc23;74805d2810685911b7790c9d29b795c28ab28327513d7097d13fd14b2d3a0298;bb3437f81153ed24d9490a2bfe978c7e9bde1ab1585d2877be3dd7f09c51b2b6;1ad42a4317876d38d7299761f46479e672fcd323877d2b7afffcaeff4446c4d6;4049dc2dc8c90d62384e52f446632682a267a21d7582619cf4e3f73d0764370d;f1af7b9293dc3ec14a0e796a173c2cc0f42961029d2971f328122e1c2b6350c3;49d58be4ed25c784c0b3d1fd7280f48d689fced19cedc7ea4b3881b5dc0efda2;fea5c1e0a6486857a3fc1ff51f64138f0884668cc0595c3ac5b6e735765d72b5,200,2026-09-07T12:26:02Z,,9.330,true
19803,warmińsko-mazurskie,m. Elbląg,-,-,2861,2019,ok_finalnie,pdf,tekst,https://web.archive.org/web/20210703030325id_/https://elblag.eu/Raport_o_stanie_Miasta_za_2019.pdf,"same_report_as_city_on_county_rights; wayback_direct_without_tor (oryginalny oficjalny URL elblag.eu, capture 2021-07-03; kompletny PDF 576 stron)",4f17cbe8207c9e968c2b73db9cd121b072d4aa9a1923a321a1528b637d731cf2,200,2026-09-07T00:00:00Z,,10.098,true
19804,warmińsko-mazurskie,m. Elbląg,-,-,2861,2020,ok_finalnie,pdf,tekst,https://um-elblag.samorzady.pl/zalacznik/id/69498,same_report_as_city_on_county_rights,2165c52746666901454a7e10b04b527aaf91706626b9ee7e327335c0ad15f189,200,2026-09-07T12:26:02Z,,10.651,true
19805,warmińsko-mazurskie,m. Elbląg,-,-,2861,2021,ok_finalnie,pdf,tekst,https://um-elblag.samorzady.pl/zalacznik/id/75943,same_report_as_city_on_county_rights,706df2543308d1cc0165273ba0f81e6d15be630ac9f96788a8432138dbef40b3,200,2026-09-07T12:26:02Z,,15.865,true
19806,warmińsko-mazurskie,m. Elbląg,-,-,2861,2022,ok_finalnie,pdf,tekst,https://bip.elblag.eu/attachments/download/2822,same_report_as_city_on_county_rights,f85895a25b9f60b669608f251fa55c0d64e0ac1a92ff092e6d87bc5bce6cc8a1,200,2026-09-07T12:26:02Z,,12.226,true
19807,warmińsko-mazurskie,m. Elbląg,-,-,2861,2023,ok_finalnie,pdf,tekst,https://bip.elblag.eu/attachments/download/8493,same_report_as_city_on_county_rights,6839585a7b6d8733f4d9c42812d5baa84b1a4489dafdd43cd542e0a648e592a7,200,2026-09-07T12:26:02Z,,11.004,true
19808,warmińsko-mazurskie,m. Elbląg,-,-,2861,2024,ok_finalnie,pdf,tekst,https://bip.elblag.eu/attachments/download/13242,same_report_as_city_on_county_rights,919a1836638205404090a0fb98b8e4029cddb3ab0a6d0f058f1ce89e2cef1bfa,200,2026-09-07T12:26:02Z,,10.578,true
19809,warmińsko-mazurskie,m. Elbląg,-,-,2861,2025,ok_finalnie,pdf,tekst,https://bip.elblag.eu/attachments/download/17684,same_report_as_city_on_county_rights,82b3b407a62f95416a55185e7f009b492516851870a3f6faf662e24a247fb94b,200,2026-09-07T12:26:02Z,,11.732,true
19810,warmińsko-mazurskie,m. Elbląg,Elbląg,gmina miejska (miasto na prawach powiatu),2861011,2018,ok_finalnie,pdf,tekst,https://um-elblag.samorzady.pl/zalacznik/id/57277;https://um-elblag.samorzady.pl/zalacznik/id/57278;https://um-elblag.samorzady.pl/zalacznik/id/57279;https://um-elblag.samorzady.pl/zalacznik/id/57280;https://um-elblag.samorzady.pl/zalacznik/id/57281;https://um-elblag.samorzady.pl/zalacznik/id/57282;https://um-elblag.samorzady.pl/zalacznik/id/57283;https://um-elblag.samorzady.pl/zalacznik/id/57284;https://um-elblag.samorzady.pl/zalacznik/id/57285;https://um-elblag.samorzady.pl/zalacznik/id/57286;https://um-elblag.samorzady.pl/zalacznik/id/57287;https://um-elblag.samorzady.pl/zalacznik/id/57288;https://um-elblag.samorzady.pl/zalacznik/id/57289;https://um-elblag.samorzady.pl/zalacznik/id/57290;https://um-elblag.samorzady.pl/zalacznik/id/57291;https://um-elblag.samorzady.pl/zalacznik/id/57292,direct_without_tor,529154fa559313a5ac01cd8d14a9f3d8393e6044f8e6d6417f102864a60ed388;2913a02060a6b105e3b2921cf7f442b3952dce70bd1c8e32b24067c9aa6e32be;ee2d88cdcc0167b6ed742a1b00d3f0750cd961fbe2e9a7bd05939b3464070688;549dc415c9d5c15ef185501791a0ed764e22379e4546204e338cc9724224325e;5f8200bf62296bbb83e299ab18c4c3f164e0952b3404d62fbf5178ec1315bbdb;68b43623ca585ef17397dea9298c2164f1180f4431c4a78ab51b5720ba751547;47a1a10c78d74c0ed4a6121a96a2c132fa55f15d56c9ff24925c1f302b53df84;509019264b9d82d606e9653576086eeb6a7cdf6a5f712ec949c3e5b8f5c459eb;1cf8c9c8bca42c68b17d376d86d860e145e6dca4eca2b0510051d1a5414bfc23;74805d2810685911b7790c9d29b795c28ab28327513d7097d13fd14b2d3a0298;bb3437f81153ed24d9490a2bfe978c7e9bde1ab1585d2877be3dd7f09c51b2b6;1ad42a4317876d38d7299761f46479e672fcd323877d2b7afffcaeff4446c4d6;4049dc2dc8c90d62384e52f446632682a267a21d7582619cf4e3f73d0764370d;f1af7b9293dc3ec14a0e796a173c2cc0f42961029d2971f328122e1c2b6350c3;49d58be4ed25c784c0b3d1fd7280f48d689fced19cedc7ea4b3881b5dc0efda2;fea5c1e0a6486857a3fc1ff51f64138f0884668cc0595c3ac5b6e735765d72b5,200,2026-09-07T12:11:14Z,,9.330,true
19811,warmińsko-mazurskie,m. Elbląg,Elbląg,gmina miejska (miasto na prawach powiatu),2861011,2019,ok_finalnie,pdf,tekst,https://web.archive.org/web/20210703030325id_/https://elblag.eu/Raport_o_stanie_Miasta_za_2019.pdf,"wayback_direct_without_tor (oryginalny oficjalny URL elblag.eu, capture 2021-07-03; kompletny PDF 576 stron)",4f17cbe8207c9e968c2b73db9cd121b072d4aa9a1923a321a1528b637d731cf2,200,2026-09-07T00:00:00Z,,10.098,true
19812,warmińsko-mazurskie,m. Elbląg,Elbląg,gmina miejska (miasto na prawach powiatu),2861011,2020,ok_finalnie,pdf,tekst,https://um-elblag.samorzady.pl/zalacznik/id/69498,direct_without_tor,2165c52746666901454a7e10b04b527aaf91706626b9ee7e327335c0ad15f189,200,2026-09-07T12:11:14Z,,10.651,true
19813,warmińsko-mazurskie,m. Elbląg,Elbląg,gmina miejska (miasto na prawach powiatu),2861011,2021,ok_finalnie,pdf,tekst,https://um-elblag.samorzady.pl/zalacznik/id/75943,direct_without_tor,706df2543308d1cc0165273ba0f81e6d15be630ac9f96788a8432138dbef40b3,200,2026-09-07T12:11:14Z,,15.865,true
19814,warmińsko-mazurskie,m. Elbląg,Elbląg,gmina miejska (miasto na prawach powiatu),2861011,2022,ok_finalnie,pdf,tekst,https://bip.elblag.eu/attachments/download/2822,direct_without_tor,f85895a25b9f60b669608f251fa55c0d64e0ac1a92ff092e6d87bc5bce6cc8a1,200,2026-09-07T12:11:14Z,,12.226,true
19815,warmińsko-mazurskie,m. Elbląg,Elbląg,gmina miejska (miasto na prawach powiatu),2861011,2023,ok_finalnie,pdf,tekst,https://bip.elblag.eu/attachments/download/8493,direct_without_tor,6839585a7b6d8733f4d9c42812d5baa84b1a4489dafdd43cd542e0a648e592a7,200,2026-09-07T12:11:14Z,,11.004,true
19816,warmińsko-mazurskie,m. Elbląg,Elbląg,gmina miejska (miasto na prawach powiatu),2861011,2024,ok_finalnie,pdf,tekst,https://bip.elblag.eu/attachments/download/13242,direct_without_tor,919a1836638205404090a0fb98b8e4029cddb3ab0a6d0f058f1ce89e2cef1bfa,200,2026-09-07T12:11:14Z,,10.578,true
19817,warmińsko-mazurskie,m. Elbląg,Elbląg,gmina miejska (miasto na prawach powiatu),2861011,2025,ok_finalnie,pdf,tekst,https://bip.elblag.eu/attachments/download/17684,direct_without_tor,82b3b407a62f95416a55185e7f009b492516851870a3f6faf662e24a247fb94b,200,2026-09-07T12:11:14Z,,11.732,true
