row_idx,województwo,powiat,gmina,typ gminy,TERYT,rok_raportu,status,ext_dokumentu,zawartosc,url,metoda_pozyskania,hash dokumentu,status komunikatu,dt_utc_finalne,failure_reason,file_size_MB,existed
19818,wielkopolskie,-,-,-,30,2018,nowy,,,,,,,,,,
19819,wielkopolskie,-,-,-,30,2019,nowy,,,,,,,,,,
19820,wielkopolskie,-,-,-,30,2020,nowy,,,,,,,,,,
19821,wielkopolskie,-,-,-,30,2021,nowy,,,,,,,,,,
19822,wielkopolskie,-,-,-,30,2022,nowy,,,,,,,,,,
19823,wielkopolskie,-,-,-,30,2023,nowy,,,,,,,,,,
19824,wielkopolskie,-,-,-,30,2024,nowy,,,,,,,,,,
19825,wielkopolskie,-,-,-,30,2025,nowy,,,,,,,,,,
19826,wielkopolskie,chodzieski,-,-,3001,2018,nowy,,,,,,,,,,
19827,wielkopolskie,chodzieski,-,-,3001,2019,nowy,,,,,,,,,,
19828,wielkopolskie,chodzieski,-,-,3001,2020,nowy,,,,,,,,,,
19829,wielkopolskie,chodzieski,-,-,3001,2021,nowy,,,,,,,,,,
19830,wielkopolskie,chodzieski,-,-,3001,2022,nowy,,,,,,,,,,
19831,wielkopolskie,chodzieski,-,-,3001,2023,nowy,,,,,,,,,,
19832,wielkopolskie,chodzieski,-,-,3001,2024,nowy,,,,,,,,,,
19833,wielkopolskie,chodzieski,-,-,3001,2025,nowy,,,,,,,,,,
19834,wielkopolskie,chodzieski,Chodzież,gmina miejska,3001011,2018,nowy,,,,,,,,,,
19835,wielkopolskie,chodzieski,Chodzież,gmina miejska,3001011,2019,nowy,,,,,,,,,,
19836,wielkopolskie,chodzieski,Chodzież,gmina miejska,3001011,2020,nowy,,,,,,,,,,
19837,wielkopolskie,chodzieski,Chodzież,gmina miejska,3001011,2021,nowy,,,,,,,,,,
19838,wielkopolskie,chodzieski,Chodzież,gmina miejska,3001011,2022,nowy,,,,,,,,,,
19839,wielkopolskie,chodzieski,Chodzież,gmina miejska,3001011,2023,nowy,,,,,,,,,,
19840,wielkopolskie,chodzieski,Chodzież,gmina miejska,3001011,2024,nowy,,,,,,,,,,
19841,wielkopolskie,chodzieski,Chodzież,gmina miejska,3001011,2025,nowy,,,,,,,,,,
19842,wielkopolskie,chodzieski,Budzyń,gmina wiejska,3001022,2018,nowy,,,,,,,,,,
19843,wielkopolskie,chodzieski,Budzyń,gmina wiejska,3001022,2019,nowy,,,,,,,,,,
19844,wielkopolskie,chodzieski,Budzyń,gmina wiejska,3001022,2020,nowy,,,,,,,,,,
19845,wielkopolskie,chodzieski,Budzyń,gmina miejsko-wiejska,3001023,2021,nowy,,,,,,,,,,
19846,wielkopolskie,chodzieski,Budzyń,gmina miejsko-wiejska,3001023,2022,nowy,,,,,,,,,,
19847,wielkopolskie,chodzieski,Budzyń,gmina miejsko-wiejska,3001023,2023,nowy,,,,,,,,,,
19848,wielkopolskie,chodzieski,Budzyń,gmina miejsko-wiejska,3001023,2024,nowy,,,,,,,,,,
19849,wielkopolskie,chodzieski,Budzyń,gmina miejsko-wiejska,3001023,2025,nowy,,,,,,,,,,
19850,wielkopolskie,chodzieski,Chodzież,gmina wiejska,3001032,2018,nowy,,,,,,,,,,
19851,wielkopolskie,chodzieski,Chodzież,gmina wiejska,3001032,2019,nowy,,,,,,,,,,
19852,wielkopolskie,chodzieski,Chodzież,gmina wiejska,3001032,2020,nowy,,,,,,,,,,
19853,wielkopolskie,chodzieski,Chodzież,gmina wiejska,3001032,2021,nowy,,,,,,,,,,
19854,wielkopolskie,chodzieski,Chodzież,gmina wiejska,3001032,2022,nowy,,,,,,,,,,
19855,wielkopolskie,chodzieski,Chodzież,gmina wiejska,3001032,2023,nowy,,,,,,,,,,
19856,wielkopolskie,chodzieski,Chodzież,gmina wiejska,3001032,2024,nowy,,,,,,,,,,
19857,wielkopolskie,chodzieski,Chodzież,gmina wiejska,3001032,2025,nowy,,,,,,,,,,
19858,wielkopolskie,chodzieski,Margonin,gmina miejsko-wiejska,3001043,2018,nowy,,,,,,,,,,
19859,wielkopolskie,chodzieski,Margonin,gmina miejsko-wiejska,3001043,2019,nowy,,,,,,,,,,
19860,wielkopolskie,chodzieski,Margonin,gmina miejsko-wiejska,3001043,2020,nowy,,,,,,,,,,
19861,wielkopolskie,chodzieski,Margonin,gmina miejsko-wiejska,3001043,2021,nowy,,,,,,,,,,
19862,wielkopolskie,chodzieski,Margonin,gmina miejsko-wiejska,3001043,2022,nowy,,,,,,,,,,
19863,wielkopolskie,chodzieski,Margonin,gmina miejsko-wiejska,3001043,2023,nowy,,,,,,,,,,
19864,wielkopolskie,chodzieski,Margonin,gmina miejsko-wiejska,3001043,2024,nowy,,,,,,,,,,
19865,wielkopolskie,chodzieski,Margonin,gmina miejsko-wiejska,3001043,2025,nowy,,,,,,,,,,
19866,wielkopolskie,chodzieski,Szamocin,gmina miejsko-wiejska,3001053,2018,nowy,,,,,,,,,,
19867,wielkopolskie,chodzieski,Szamocin,gmina miejsko-wiejska,3001053,2019,nowy,,,,,,,,,,
19868,wielkopolskie,chodzieski,Szamocin,gmina miejsko-wiejska,3001053,2020,nowy,,,,,,,,,,
19869,wielkopolskie,chodzieski,Szamocin,gmina miejsko-wiejska,3001053,2021,nowy,,,,,,,,,,
19870,wielkopolskie,chodzieski,Szamocin,gmina miejsko-wiejska,3001053,2022,nowy,,,,,,,,,,
19871,wielkopolskie,chodzieski,Szamocin,gmina miejsko-wiejska,3001053,2023,nowy,,,,,,,,,,
19872,wielkopolskie,chodzieski,Szamocin,gmina miejsko-wiejska,3001053,2024,nowy,,,,,,,,,,
19873,wielkopolskie,chodzieski,Szamocin,gmina miejsko-wiejska,3001053,2025,nowy,,,,,,,,,,
19874,wielkopolskie,czarnkowsko-trzcianecki,-,-,3002,2018,nowy,,,,,,,,,,
19875,wielkopolskie,czarnkowsko-trzcianecki,-,-,3002,2019,nowy,,,,,,,,,,
19876,wielkopolskie,czarnkowsko-trzcianecki,-,-,3002,2020,nowy,,,,,,,,,,
19877,wielkopolskie,czarnkowsko-trzcianecki,-,-,3002,2021,nowy,,,,,,,,,,
19878,wielkopolskie,czarnkowsko-trzcianecki,-,-,3002,2022,nowy,,,,,,,,,,
19879,wielkopolskie,czarnkowsko-trzcianecki,-,-,3002,2023,nowy,,,,,,,,,,
19880,wielkopolskie,czarnkowsko-trzcianecki,-,-,3002,2024,nowy,,,,,,,,,,
19881,wielkopolskie,czarnkowsko-trzcianecki,-,-,3002,2025,nowy,,,,,,,,,,
19882,wielkopolskie,czarnkowsko-trzcianecki,Czarnków,gmina miejska,3002011,2018,nowy,,,,,,,,,,
19883,wielkopolskie,czarnkowsko-trzcianecki,Czarnków,gmina miejska,3002011,2019,nowy,,,,,,,,,,
19884,wielkopolskie,czarnkowsko-trzcianecki,Czarnków,gmina miejska,3002011,2020,nowy,,,,,,,,,,
19885,wielkopolskie,czarnkowsko-trzcianecki,Czarnków,gmina miejska,3002011,2021,nowy,,,,,,,,,,
19886,wielkopolskie,czarnkowsko-trzcianecki,Czarnków,gmina miejska,3002011,2022,nowy,,,,,,,,,,
19887,wielkopolskie,czarnkowsko-trzcianecki,Czarnków,gmina miejska,3002011,2023,nowy,,,,,,,,,,
19888,wielkopolskie,czarnkowsko-trzcianecki,Czarnków,gmina miejska,3002011,2024,nowy,,,,,,,,,,
19889,wielkopolskie,czarnkowsko-trzcianecki,Czarnków,gmina miejska,3002011,2025,nowy,,,,,,,,,,
19890,wielkopolskie,czarnkowsko-trzcianecki,Czarnków,gmina wiejska,3002022,2018,nowy,,,,,,,,,,
19891,wielkopolskie,czarnkowsko-trzcianecki,Czarnków,gmina wiejska,3002022,2019,nowy,,,,,,,,,,
19892,wielkopolskie,czarnkowsko-trzcianecki,Czarnków,gmina wiejska,3002022,2020,nowy,,,,,,,,,,
19893,wielkopolskie,czarnkowsko-trzcianecki,Czarnków,gmina wiejska,3002022,2021,nowy,,,,,,,,,,
19894,wielkopolskie,czarnkowsko-trzcianecki,Czarnków,gmina wiejska,3002022,2022,nowy,,,,,,,,,,
19895,wielkopolskie,czarnkowsko-trzcianecki,Czarnków,gmina wiejska,3002022,2023,nowy,,,,,,,,,,
19896,wielkopolskie,czarnkowsko-trzcianecki,Czarnków,gmina wiejska,3002022,2024,nowy,,,,,,,,,,
19897,wielkopolskie,czarnkowsko-trzcianecki,Czarnków,gmina wiejska,3002022,2025,nowy,,,,,,,,,,
19898,wielkopolskie,czarnkowsko-trzcianecki,Drawsko,gmina wiejska,3002032,2018,nowy,,,,,,,,,,
19899,wielkopolskie,czarnkowsko-trzcianecki,Drawsko,gmina wiejska,3002032,2019,nowy,,,,,,,,,,
19900,wielkopolskie,czarnkowsko-trzcianecki,Drawsko,gmina wiejska,3002032,2020,nowy,,,,,,,,,,
19901,wielkopolskie,czarnkowsko-trzcianecki,Drawsko,gmina wiejska,3002032,2021,nowy,,,,,,,,,,
19902,wielkopolskie,czarnkowsko-trzcianecki,Drawsko,gmina wiejska,3002032,2022,nowy,,,,,,,,,,
19903,wielkopolskie,czarnkowsko-trzcianecki,Drawsko,gmina wiejska,3002032,2023,nowy,,,,,,,,,,
19904,wielkopolskie,czarnkowsko-trzcianecki,Drawsko,gmina wiejska,3002032,2024,nowy,,,,,,,,,,
19905,wielkopolskie,czarnkowsko-trzcianecki,Drawsko,gmina wiejska,3002032,2025,nowy,,,,,,,,,,
19906,wielkopolskie,czarnkowsko-trzcianecki,Krzyż Wielkopolski,gmina miejsko-wiejska,3002043,2018,nowy,,,,,,,,,,
19907,wielkopolskie,czarnkowsko-trzcianecki,Krzyż Wielkopolski,gmina miejsko-wiejska,3002043,2019,nowy,,,,,,,,,,
19908,wielkopolskie,czarnkowsko-trzcianecki,Krzyż Wielkopolski,gmina miejsko-wiejska,3002043,2020,nowy,,,,,,,,,,
19909,wielkopolskie,czarnkowsko-trzcianecki,Krzyż Wielkopolski,gmina miejsko-wiejska,3002043,2021,nowy,,,,,,,,,,
19910,wielkopolskie,czarnkowsko-trzcianecki,Krzyż Wielkopolski,gmina miejsko-wiejska,3002043,2022,nowy,,,,,,,,,,
19911,wielkopolskie,czarnkowsko-trzcianecki,Krzyż Wielkopolski,gmina miejsko-wiejska,3002043,2023,nowy,,,,,,,,,,
19912,wielkopolskie,czarnkowsko-trzcianecki,Krzyż Wielkopolski,gmina miejsko-wiejska,3002043,2024,nowy,,,,,,,,,,
19913,wielkopolskie,czarnkowsko-trzcianecki,Krzyż Wielkopolski,gmina miejsko-wiejska,3002043,2025,nowy,,,,,,,,,,
19914,wielkopolskie,czarnkowsko-trzcianecki,Lubasz,gmina wiejska,3002052,2018,nowy,,,,,,,,,,
19915,wielkopolskie,czarnkowsko-trzcianecki,Lubasz,gmina wiejska,3002052,2019,nowy,,,,,,,,,,
19916,wielkopolskie,czarnkowsko-trzcianecki,Lubasz,gmina wiejska,3002052,2020,nowy,,,,,,,,,,
19917,wielkopolskie,czarnkowsko-trzcianecki,Lubasz,gmina wiejska,3002052,2021,nowy,,,,,,,,,,
19918,wielkopolskie,czarnkowsko-trzcianecki,Lubasz,gmina wiejska,3002052,2022,nowy,,,,,,,,,,
19919,wielkopolskie,czarnkowsko-trzcianecki,Lubasz,gmina wiejska,3002052,2023,nowy,,,,,,,,,,
19920,wielkopolskie,czarnkowsko-trzcianecki,Lubasz,gmina wiejska,3002052,2024,nowy,,,,,,,,,,
19921,wielkopolskie,czarnkowsko-trzcianecki,Lubasz,gmina wiejska,3002052,2025,nowy,,,,,,,,,,
19922,wielkopolskie,czarnkowsko-trzcianecki,Połajewo,gmina wiejska,3002062,2018,nowy,,,,,,,,,,
19923,wielkopolskie,czarnkowsko-trzcianecki,Połajewo,gmina wiejska,3002062,2019,nowy,,,,,,,,,,
19924,wielkopolskie,czarnkowsko-trzcianecki,Połajewo,gmina wiejska,3002062,2020,nowy,,,,,,,,,,
19925,wielkopolskie,czarnkowsko-trzcianecki,Połajewo,gmina wiejska,3002062,2021,nowy,,,,,,,,,,
19926,wielkopolskie,czarnkowsko-trzcianecki,Połajewo,gmina wiejska,3002062,2022,nowy,,,,,,,,,,
19927,wielkopolskie,czarnkowsko-trzcianecki,Połajewo,gmina wiejska,3002062,2023,nowy,,,,,,,,,,
19928,wielkopolskie,czarnkowsko-trzcianecki,Połajewo,gmina wiejska,3002062,2024,nowy,,,,,,,,,,
19929,wielkopolskie,czarnkowsko-trzcianecki,Połajewo,gmina wiejska,3002062,2025,nowy,,,,,,,,,,
19930,wielkopolskie,czarnkowsko-trzcianecki,Trzcianka,gmina miejsko-wiejska,3002073,2018,nowy,,,,,,,,,,
19931,wielkopolskie,czarnkowsko-trzcianecki,Trzcianka,gmina miejsko-wiejska,3002073,2019,nowy,,,,,,,,,,
19932,wielkopolskie,czarnkowsko-trzcianecki,Trzcianka,gmina miejsko-wiejska,3002073,2020,nowy,,,,,,,,,,
19933,wielkopolskie,czarnkowsko-trzcianecki,Trzcianka,gmina miejsko-wiejska,3002073,2021,nowy,,,,,,,,,,
19934,wielkopolskie,czarnkowsko-trzcianecki,Trzcianka,gmina miejsko-wiejska,3002073,2022,nowy,,,,,,,,,,
19935,wielkopolskie,czarnkowsko-trzcianecki,Trzcianka,gmina miejsko-wiejska,3002073,2023,nowy,,,,,,,,,,
19936,wielkopolskie,czarnkowsko-trzcianecki,Trzcianka,gmina miejsko-wiejska,3002073,2024,nowy,,,,,,,,,,
19937,wielkopolskie,czarnkowsko-trzcianecki,Trzcianka,gmina miejsko-wiejska,3002073,2025,nowy,,,,,,,,,,
19938,wielkopolskie,czarnkowsko-trzcianecki,Wieleń,gmina miejsko-wiejska,3002083,2018,nowy,,,,,,,,,,
19939,wielkopolskie,czarnkowsko-trzcianecki,Wieleń,gmina miejsko-wiejska,3002083,2019,nowy,,,,,,,,,,
19940,wielkopolskie,czarnkowsko-trzcianecki,Wieleń,gmina miejsko-wiejska,3002083,2020,nowy,,,,,,,,,,
19941,wielkopolskie,czarnkowsko-trzcianecki,Wieleń,gmina miejsko-wiejska,3002083,2021,nowy,,,,,,,,,,
19942,wielkopolskie,czarnkowsko-trzcianecki,Wieleń,gmina miejsko-wiejska,3002083,2022,nowy,,,,,,,,,,
19943,wielkopolskie,czarnkowsko-trzcianecki,Wieleń,gmina miejsko-wiejska,3002083,2023,nowy,,,,,,,,,,
19944,wielkopolskie,czarnkowsko-trzcianecki,Wieleń,gmina miejsko-wiejska,3002083,2024,nowy,,,,,,,,,,
19945,wielkopolskie,czarnkowsko-trzcianecki,Wieleń,gmina miejsko-wiejska,3002083,2025,nowy,,,,,,,,,,
19946,wielkopolskie,gnieźnieński,-,-,3003,2018,nowy,,,,,,,,,,
19947,wielkopolskie,gnieźnieński,-,-,3003,2019,nowy,,,,,,,,,,
19948,wielkopolskie,gnieźnieński,-,-,3003,2020,nowy,,,,,,,,,,
19949,wielkopolskie,gnieźnieński,-,-,3003,2021,nowy,,,,,,,,,,
19950,wielkopolskie,gnieźnieński,-,-,3003,2022,nowy,,,,,,,,,,
19951,wielkopolskie,gnieźnieński,-,-,3003,2023,nowy,,,,,,,,,,
19952,wielkopolskie,gnieźnieński,-,-,3003,2024,nowy,,,,,,,,,,
19953,wielkopolskie,gnieźnieński,-,-,3003,2025,nowy,,,,,,,,,,
19954,wielkopolskie,gnieźnieński,Gniezno,gmina miejska,3003011,2018,nowy,,,,,,,,,,
19955,wielkopolskie,gnieźnieński,Gniezno,gmina miejska,3003011,2019,nowy,,,,,,,,,,
19956,wielkopolskie,gnieźnieński,Gniezno,gmina miejska,3003011,2020,nowy,,,,,,,,,,
19957,wielkopolskie,gnieźnieński,Gniezno,gmina miejska,3003011,2021,nowy,,,,,,,,,,
19958,wielkopolskie,gnieźnieński,Gniezno,gmina miejska,3003011,2022,nowy,,,,,,,,,,
19959,wielkopolskie,gnieźnieński,Gniezno,gmina miejska,3003011,2023,nowy,,,,,,,,,,
19960,wielkopolskie,gnieźnieński,Gniezno,gmina miejska,3003011,2024,nowy,,,,,,,,,,
19961,wielkopolskie,gnieźnieński,Gniezno,gmina miejska,3003011,2025,nowy,,,,,,,,,,
19962,wielkopolskie,gnieźnieński,Czerniejewo,gmina miejsko-wiejska,3003023,2018,nowy,,,,,,,,,,
19963,wielkopolskie,gnieźnieński,Czerniejewo,gmina miejsko-wiejska,3003023,2019,nowy,,,,,,,,,,
19964,wielkopolskie,gnieźnieński,Czerniejewo,gmina miejsko-wiejska,3003023,2020,nowy,,,,,,,,,,
19965,wielkopolskie,gnieźnieński,Czerniejewo,gmina miejsko-wiejska,3003023,2021,nowy,,,,,,,,,,
19966,wielkopolskie,gnieźnieński,Czerniejewo,gmina miejsko-wiejska,3003023,2022,nowy,,,,,,,,,,
19967,wielkopolskie,gnieźnieński,Czerniejewo,gmina miejsko-wiejska,3003023,2023,nowy,,,,,,,,,,
19968,wielkopolskie,gnieźnieński,Czerniejewo,gmina miejsko-wiejska,3003023,2024,nowy,,,,,,,,,,
19969,wielkopolskie,gnieźnieński,Czerniejewo,gmina miejsko-wiejska,3003023,2025,nowy,,,,,,,,,,
19970,wielkopolskie,gnieźnieński,Gniezno,gmina wiejska,3003032,2018,nowy,,,,,,,,,,
19971,wielkopolskie,gnieźnieński,Gniezno,gmina wiejska,3003032,2019,nowy,,,,,,,,,,
19972,wielkopolskie,gnieźnieński,Gniezno,gmina wiejska,3003032,2020,nowy,,,,,,,,,,
19973,wielkopolskie,gnieźnieński,Gniezno,gmina wiejska,3003032,2021,nowy,,,,,,,,,,
19974,wielkopolskie,gnieźnieński,Gniezno,gmina wiejska,3003032,2022,nowy,,,,,,,,,,
19975,wielkopolskie,gnieźnieński,Gniezno,gmina wiejska,3003032,2023,nowy,,,,,,,,,,
19976,wielkopolskie,gnieźnieński,Gniezno,gmina wiejska,3003032,2024,nowy,,,,,,,,,,
19977,wielkopolskie,gnieźnieński,Gniezno,gmina wiejska,3003032,2025,nowy,,,,,,,,,,
19978,wielkopolskie,gnieźnieński,Kiszkowo,gmina wiejska,3003042,2018,nowy,,,,,,,,,,
19979,wielkopolskie,gnieźnieński,Kiszkowo,gmina wiejska,3003042,2019,nowy,,,,,,,,,,
19980,wielkopolskie,gnieźnieński,Kiszkowo,gmina wiejska,3003042,2020,nowy,,,,,,,,,,
19981,wielkopolskie,gnieźnieński,Kiszkowo,gmina wiejska,3003042,2021,nowy,,,,,,,,,,
19982,wielkopolskie,gnieźnieński,Kiszkowo,gmina wiejska,3003042,2022,nowy,,,,,,,,,,
19983,wielkopolskie,gnieźnieński,Kiszkowo,gmina wiejska,3003042,2023,nowy,,,,,,,,,,
19984,wielkopolskie,gnieźnieński,Kiszkowo,gmina wiejska,3003042,2024,nowy,,,,,,,,,,
19985,wielkopolskie,gnieźnieński,Kiszkowo,gmina wiejska,3003042,2025,nowy,,,,,,,,,,
19986,wielkopolskie,gnieźnieński,Kłecko,gmina miejsko-wiejska,3003053,2018,nowy,,,,,,,,,,
19987,wielkopolskie,gnieźnieński,Kłecko,gmina miejsko-wiejska,3003053,2019,nowy,,,,,,,,,,
19988,wielkopolskie,gnieźnieński,Kłecko,gmina miejsko-wiejska,3003053,2020,nowy,,,,,,,,,,
19989,wielkopolskie,gnieźnieński,Kłecko,gmina miejsko-wiejska,3003053,2021,nowy,,,,,,,,,,
19990,wielkopolskie,gnieźnieński,Kłecko,gmina miejsko-wiejska,3003053,2022,nowy,,,,,,,,,,
19991,wielkopolskie,gnieźnieński,Kłecko,gmina miejsko-wiejska,3003053,2023,nowy,,,,,,,,,,
19992,wielkopolskie,gnieźnieński,Kłecko,gmina miejsko-wiejska,3003053,2024,nowy,,,,,,,,,,
19993,wielkopolskie,gnieźnieński,Kłecko,gmina miejsko-wiejska,3003053,2025,nowy,,,,,,,,,,
19994,wielkopolskie,gnieźnieński,Łubowo,gmina wiejska,3003062,2018,nowy,,,,,,,,,,
19995,wielkopolskie,gnieźnieński,Łubowo,gmina wiejska,3003062,2019,nowy,,,,,,,,,,
19996,wielkopolskie,gnieźnieński,Łubowo,gmina wiejska,3003062,2020,nowy,,,,,,,,,,
19997,wielkopolskie,gnieźnieński,Łubowo,gmina wiejska,3003062,2021,nowy,,,,,,,,,,
19998,wielkopolskie,gnieźnieński,Łubowo,gmina wiejska,3003062,2022,nowy,,,,,,,,,,
19999,wielkopolskie,gnieźnieński,Łubowo,gmina wiejska,3003062,2023,nowy,,,,,,,,,,
20000,wielkopolskie,gnieźnieński,Łubowo,gmina wiejska,3003062,2024,nowy,,,,,,,,,,
20001,wielkopolskie,gnieźnieński,Łubowo,gmina wiejska,3003062,2025,nowy,,,,,,,,,,
20002,wielkopolskie,gnieźnieński,Mieleszyn,gmina wiejska,3003072,2018,nowy,,,,,,,,,,
20003,wielkopolskie,gnieźnieński,Mieleszyn,gmina wiejska,3003072,2019,nowy,,,,,,,,,,
20004,wielkopolskie,gnieźnieński,Mieleszyn,gmina wiejska,3003072,2020,nowy,,,,,,,,,,
20005,wielkopolskie,gnieźnieński,Mieleszyn,gmina wiejska,3003072,2021,nowy,,,,,,,,,,
20006,wielkopolskie,gnieźnieński,Mieleszyn,gmina wiejska,3003072,2022,nowy,,,,,,,,,,
20007,wielkopolskie,gnieźnieński,Mieleszyn,gmina wiejska,3003072,2023,nowy,,,,,,,,,,
20008,wielkopolskie,gnieźnieński,Mieleszyn,gmina wiejska,3003072,2024,nowy,,,,,,,,,,
20009,wielkopolskie,gnieźnieński,Mieleszyn,gmina wiejska,3003072,2025,nowy,,,,,,,,,,
20010,wielkopolskie,gnieźnieński,Niechanowo,gmina wiejska,3003082,2018,nowy,,,,,,,,,,
20011,wielkopolskie,gnieźnieński,Niechanowo,gmina wiejska,3003082,2019,nowy,,,,,,,,,,
20012,wielkopolskie,gnieźnieński,Niechanowo,gmina wiejska,3003082,2020,nowy,,,,,,,,,,
20013,wielkopolskie,gnieźnieński,Niechanowo,gmina wiejska,3003082,2021,nowy,,,,,,,,,,
20014,wielkopolskie,gnieźnieński,Niechanowo,gmina wiejska,3003082,2022,nowy,,,,,,,,,,
20015,wielkopolskie,gnieźnieński,Niechanowo,gmina wiejska,3003082,2023,nowy,,,,,,,,,,
20016,wielkopolskie,gnieźnieński,Niechanowo,gmina wiejska,3003082,2024,nowy,,,,,,,,,,
20017,wielkopolskie,gnieźnieński,Niechanowo,gmina wiejska,3003082,2025,nowy,,,,,,,,,,
20018,wielkopolskie,gnieźnieński,Trzemeszno,gmina miejsko-wiejska,3003093,2018,nowy,,,,,,,,,,
20019,wielkopolskie,gnieźnieński,Trzemeszno,gmina miejsko-wiejska,3003093,2019,nowy,,,,,,,,,,
20020,wielkopolskie,gnieźnieński,Trzemeszno,gmina miejsko-wiejska,3003093,2020,nowy,,,,,,,,,,
20021,wielkopolskie,gnieźnieński,Trzemeszno,gmina miejsko-wiejska,3003093,2021,nowy,,,,,,,,,,
20022,wielkopolskie,gnieźnieński,Trzemeszno,gmina miejsko-wiejska,3003093,2022,nowy,,,,,,,,,,
20023,wielkopolskie,gnieźnieński,Trzemeszno,gmina miejsko-wiejska,3003093,2023,nowy,,,,,,,,,,
20024,wielkopolskie,gnieźnieński,Trzemeszno,gmina miejsko-wiejska,3003093,2024,nowy,,,,,,,,,,
20025,wielkopolskie,gnieźnieński,Trzemeszno,gmina miejsko-wiejska,3003093,2025,nowy,,,,,,,,,,
20026,wielkopolskie,gnieźnieński,Witkowo,gmina miejsko-wiejska,3003103,2018,nowy,,,,,,,,,,
20027,wielkopolskie,gnieźnieński,Witkowo,gmina miejsko-wiejska,3003103,2019,nowy,,,,,,,,,,
20028,wielkopolskie,gnieźnieński,Witkowo,gmina miejsko-wiejska,3003103,2020,nowy,,,,,,,,,,
20029,wielkopolskie,gnieźnieński,Witkowo,gmina miejsko-wiejska,3003103,2021,nowy,,,,,,,,,,
20030,wielkopolskie,gnieźnieński,Witkowo,gmina miejsko-wiejska,3003103,2022,nowy,,,,,,,,,,
20031,wielkopolskie,gnieźnieński,Witkowo,gmina miejsko-wiejska,3003103,2023,nowy,,,,,,,,,,
20032,wielkopolskie,gnieźnieński,Witkowo,gmina miejsko-wiejska,3003103,2024,nowy,,,,,,,,,,
20033,wielkopolskie,gnieźnieński,Witkowo,gmina miejsko-wiejska,3003103,2025,nowy,,,,,,,,,,
20034,wielkopolskie,gostyński,-,-,3004,2018,nowy,,,,,,,,,,
20035,wielkopolskie,gostyński,-,-,3004,2019,nowy,,,,,,,,,,
20036,wielkopolskie,gostyński,-,-,3004,2020,nowy,,,,,,,,,,
20037,wielkopolskie,gostyński,-,-,3004,2021,nowy,,,,,,,,,,
20038,wielkopolskie,gostyński,-,-,3004,2022,nowy,,,,,,,,,,
20039,wielkopolskie,gostyński,-,-,3004,2023,nowy,,,,,,,,,,
20040,wielkopolskie,gostyński,-,-,3004,2024,nowy,,,,,,,,,,
20041,wielkopolskie,gostyński,-,-,3004,2025,nowy,,,,,,,,,,
20042,wielkopolskie,gostyński,Borek Wielkopolski,gmina miejsko-wiejska,3004013,2018,nowy,,,,,,,,,,
20043,wielkopolskie,gostyński,Borek Wielkopolski,gmina miejsko-wiejska,3004013,2019,nowy,,,,,,,,,,
20044,wielkopolskie,gostyński,Borek Wielkopolski,gmina miejsko-wiejska,3004013,2020,nowy,,,,,,,,,,
20045,wielkopolskie,gostyński,Borek Wielkopolski,gmina miejsko-wiejska,3004013,2021,nowy,,,,,,,,,,
20046,wielkopolskie,gostyński,Borek Wielkopolski,gmina miejsko-wiejska,3004013,2022,nowy,,,,,,,,,,
20047,wielkopolskie,gostyński,Borek Wielkopolski,gmina miejsko-wiejska,3004013,2023,nowy,,,,,,,,,,
20048,wielkopolskie,gostyński,Borek Wielkopolski,gmina miejsko-wiejska,3004013,2024,nowy,,,,,,,,,,
20049,wielkopolskie,gostyński,Borek Wielkopolski,gmina miejsko-wiejska,3004013,2025,nowy,,,,,,,,,,
20050,wielkopolskie,gostyński,Gostyń,gmina miejsko-wiejska,3004023,2018,nowy,,,,,,,,,,
20051,wielkopolskie,gostyński,Gostyń,gmina miejsko-wiejska,3004023,2019,nowy,,,,,,,,,,
20052,wielkopolskie,gostyński,Gostyń,gmina miejsko-wiejska,3004023,2020,nowy,,,,,,,,,,
20053,wielkopolskie,gostyński,Gostyń,gmina miejsko-wiejska,3004023,2021,nowy,,,,,,,,,,
20054,wielkopolskie,gostyński,Gostyń,gmina miejsko-wiejska,3004023,2022,nowy,,,,,,,,,,
20055,wielkopolskie,gostyński,Gostyń,gmina miejsko-wiejska,3004023,2023,nowy,,,,,,,,,,
20056,wielkopolskie,gostyński,Gostyń,gmina miejsko-wiejska,3004023,2024,nowy,,,,,,,,,,
20057,wielkopolskie,gostyński,Gostyń,gmina miejsko-wiejska,3004023,2025,nowy,,,,,,,,,,
20058,wielkopolskie,gostyński,Krobia,gmina miejsko-wiejska,3004033,2018,nowy,,,,,,,,,,
20059,wielkopolskie,gostyński,Krobia,gmina miejsko-wiejska,3004033,2019,nowy,,,,,,,,,,
20060,wielkopolskie,gostyński,Krobia,gmina miejsko-wiejska,3004033,2020,nowy,,,,,,,,,,
20061,wielkopolskie,gostyński,Krobia,gmina miejsko-wiejska,3004033,2021,nowy,,,,,,,,,,
20062,wielkopolskie,gostyński,Krobia,gmina miejsko-wiejska,3004033,2022,nowy,,,,,,,,,,
20063,wielkopolskie,gostyński,Krobia,gmina miejsko-wiejska,3004033,2023,nowy,,,,,,,,,,
20064,wielkopolskie,gostyński,Krobia,gmina miejsko-wiejska,3004033,2024,nowy,,,,,,,,,,
20065,wielkopolskie,gostyński,Krobia,gmina miejsko-wiejska,3004033,2025,nowy,,,,,,,,,,
20066,wielkopolskie,gostyński,Pępowo,gmina wiejska,3004042,2018,nowy,,,,,,,,,,
20067,wielkopolskie,gostyński,Pępowo,gmina wiejska,3004042,2019,nowy,,,,,,,,,,
20068,wielkopolskie,gostyński,Pępowo,gmina wiejska,3004042,2020,nowy,,,,,,,,,,
20069,wielkopolskie,gostyński,Pępowo,gmina wiejska,3004042,2021,nowy,,,,,,,,,,
20070,wielkopolskie,gostyński,Pępowo,gmina wiejska,3004042,2022,nowy,,,,,,,,,,
20071,wielkopolskie,gostyński,Pępowo,gmina wiejska,3004042,2023,nowy,,,,,,,,,,
20072,wielkopolskie,gostyński,Pępowo,gmina wiejska,3004042,2024,nowy,,,,,,,,,,
20073,wielkopolskie,gostyński,Pępowo,gmina wiejska,3004042,2025,nowy,,,,,,,,,,
20074,wielkopolskie,gostyński,Piaski,gmina wiejska,3004052,2018,nowy,,,,,,,,,,
20075,wielkopolskie,gostyński,Piaski,gmina wiejska,3004052,2019,nowy,,,,,,,,,,
20076,wielkopolskie,gostyński,Piaski,gmina wiejska,3004052,2020,nowy,,,,,,,,,,
20077,wielkopolskie,gostyński,Piaski,gmina wiejska,3004052,2021,nowy,,,,,,,,,,
20078,wielkopolskie,gostyński,Piaski,gmina wiejska,3004052,2022,nowy,,,,,,,,,,
20079,wielkopolskie,gostyński,Piaski,gmina wiejska,3004052,2023,nowy,,,,,,,,,,
20080,wielkopolskie,gostyński,Piaski,gmina wiejska,3004052,2024,nowy,,,,,,,,,,
20081,wielkopolskie,gostyński,Piaski,gmina wiejska,3004052,2025,nowy,,,,,,,,,,
20082,wielkopolskie,gostyński,Pogorzela,gmina miejsko-wiejska,3004063,2018,nowy,,,,,,,,,,
20083,wielkopolskie,gostyński,Pogorzela,gmina miejsko-wiejska,3004063,2019,nowy,,,,,,,,,,
20084,wielkopolskie,gostyński,Pogorzela,gmina miejsko-wiejska,3004063,2020,nowy,,,,,,,,,,
20085,wielkopolskie,gostyński,Pogorzela,gmina miejsko-wiejska,3004063,2021,nowy,,,,,,,,,,
20086,wielkopolskie,gostyński,Pogorzela,gmina miejsko-wiejska,3004063,2022,nowy,,,,,,,,,,
20087,wielkopolskie,gostyński,Pogorzela,gmina miejsko-wiejska,3004063,2023,nowy,,,,,,,,,,
20088,wielkopolskie,gostyński,Pogorzela,gmina miejsko-wiejska,3004063,2024,nowy,,,,,,,,,,
20089,wielkopolskie,gostyński,Pogorzela,gmina miejsko-wiejska,3004063,2025,nowy,,,,,,,,,,
20090,wielkopolskie,gostyński,Poniec,gmina miejsko-wiejska,3004073,2018,nowy,,,,,,,,,,
20091,wielkopolskie,gostyński,Poniec,gmina miejsko-wiejska,3004073,2019,nowy,,,,,,,,,,
20092,wielkopolskie,gostyński,Poniec,gmina miejsko-wiejska,3004073,2020,nowy,,,,,,,,,,
20093,wielkopolskie,gostyński,Poniec,gmina miejsko-wiejska,3004073,2021,nowy,,,,,,,,,,
20094,wielkopolskie,gostyński,Poniec,gmina miejsko-wiejska,3004073,2022,nowy,,,,,,,,,,
20095,wielkopolskie,gostyński,Poniec,gmina miejsko-wiejska,3004073,2023,nowy,,,,,,,,,,
20096,wielkopolskie,gostyński,Poniec,gmina miejsko-wiejska,3004073,2024,nowy,,,,,,,,,,
20097,wielkopolskie,gostyński,Poniec,gmina miejsko-wiejska,3004073,2025,nowy,,,,,,,,,,
20098,wielkopolskie,grodziski,-,-,3005,2018,nowy,,,,,,,,,,
20099,wielkopolskie,grodziski,-,-,3005,2019,nowy,,,,,,,,,,
20100,wielkopolskie,grodziski,-,-,3005,2020,nowy,,,,,,,,,,
20101,wielkopolskie,grodziski,-,-,3005,2021,nowy,,,,,,,,,,
20102,wielkopolskie,grodziski,-,-,3005,2022,nowy,,,,,,,,,,
20103,wielkopolskie,grodziski,-,-,3005,2023,nowy,,,,,,,,,,
20104,wielkopolskie,grodziski,-,-,3005,2024,nowy,,,,,,,,,,
20105,wielkopolskie,grodziski,-,-,3005,2025,nowy,,,,,,,,,,
20106,wielkopolskie,grodziski,Granowo,gmina wiejska,3005012,2018,nowy,,,,,,,,,,
20107,wielkopolskie,grodziski,Granowo,gmina wiejska,3005012,2019,nowy,,,,,,,,,,
20108,wielkopolskie,grodziski,Granowo,gmina wiejska,3005012,2020,nowy,,,,,,,,,,
20109,wielkopolskie,grodziski,Granowo,gmina wiejska,3005012,2021,nowy,,,,,,,,,,
20110,wielkopolskie,grodziski,Granowo,gmina wiejska,3005012,2022,nowy,,,,,,,,,,
20111,wielkopolskie,grodziski,Granowo,gmina wiejska,3005012,2023,nowy,,,,,,,,,,
20112,wielkopolskie,grodziski,Granowo,gmina wiejska,3005012,2024,nowy,,,,,,,,,,
20113,wielkopolskie,grodziski,Granowo,gmina wiejska,3005012,2025,nowy,,,,,,,,,,
20114,wielkopolskie,grodziski,Grodzisk Wielkopolski,gmina miejsko-wiejska,3005023,2018,nowy,,,,,,,,,,
20115,wielkopolskie,grodziski,Grodzisk Wielkopolski,gmina miejsko-wiejska,3005023,2019,nowy,,,,,,,,,,
20116,wielkopolskie,grodziski,Grodzisk Wielkopolski,gmina miejsko-wiejska,3005023,2020,nowy,,,,,,,,,,
20117,wielkopolskie,grodziski,Grodzisk Wielkopolski,gmina miejsko-wiejska,3005023,2021,nowy,,,,,,,,,,
20118,wielkopolskie,grodziski,Grodzisk Wielkopolski,gmina miejsko-wiejska,3005023,2022,nowy,,,,,,,,,,
20119,wielkopolskie,grodziski,Grodzisk Wielkopolski,gmina miejsko-wiejska,3005023,2023,nowy,,,,,,,,,,
20120,wielkopolskie,grodziski,Grodzisk Wielkopolski,gmina miejsko-wiejska,3005023,2024,nowy,,,,,,,,,,
20121,wielkopolskie,grodziski,Grodzisk Wielkopolski,gmina miejsko-wiejska,3005023,2025,nowy,,,,,,,,,,
20122,wielkopolskie,grodziski,Kamieniec,gmina wiejska,3005032,2018,nowy,,,,,,,,,,
20123,wielkopolskie,grodziski,Kamieniec,gmina wiejska,3005032,2019,nowy,,,,,,,,,,
20124,wielkopolskie,grodziski,Kamieniec,gmina wiejska,3005032,2020,nowy,,,,,,,,,,
20125,wielkopolskie,grodziski,Kamieniec,gmina wiejska,3005032,2021,nowy,,,,,,,,,,
20126,wielkopolskie,grodziski,Kamieniec,gmina wiejska,3005032,2022,nowy,,,,,,,,,,
20127,wielkopolskie,grodziski,Kamieniec,gmina wiejska,3005032,2023,nowy,,,,,,,,,,
20128,wielkopolskie,grodziski,Kamieniec,gmina wiejska,3005032,2024,nowy,,,,,,,,,,
20129,wielkopolskie,grodziski,Kamieniec,gmina wiejska,3005032,2025,nowy,,,,,,,,,,
20130,wielkopolskie,grodziski,Rakoniewice,gmina miejsko-wiejska,3005043,2018,nowy,,,,,,,,,,
20131,wielkopolskie,grodziski,Rakoniewice,gmina miejsko-wiejska,3005043,2019,nowy,,,,,,,,,,
20132,wielkopolskie,grodziski,Rakoniewice,gmina miejsko-wiejska,3005043,2020,nowy,,,,,,,,,,
20133,wielkopolskie,grodziski,Rakoniewice,gmina miejsko-wiejska,3005043,2021,nowy,,,,,,,,,,
20134,wielkopolskie,grodziski,Rakoniewice,gmina miejsko-wiejska,3005043,2022,nowy,,,,,,,,,,
20135,wielkopolskie,grodziski,Rakoniewice,gmina miejsko-wiejska,3005043,2023,nowy,,,,,,,,,,
20136,wielkopolskie,grodziski,Rakoniewice,gmina miejsko-wiejska,3005043,2024,nowy,,,,,,,,,,
20137,wielkopolskie,grodziski,Rakoniewice,gmina miejsko-wiejska,3005043,2025,nowy,,,,,,,,,,
20138,wielkopolskie,grodziski,Wielichowo,gmina miejsko-wiejska,3005053,2018,nowy,,,,,,,,,,
20139,wielkopolskie,grodziski,Wielichowo,gmina miejsko-wiejska,3005053,2019,nowy,,,,,,,,,,
20140,wielkopolskie,grodziski,Wielichowo,gmina miejsko-wiejska,3005053,2020,nowy,,,,,,,,,,
20141,wielkopolskie,grodziski,Wielichowo,gmina miejsko-wiejska,3005053,2021,nowy,,,,,,,,,,
20142,wielkopolskie,grodziski,Wielichowo,gmina miejsko-wiejska,3005053,2022,nowy,,,,,,,,,,
20143,wielkopolskie,grodziski,Wielichowo,gmina miejsko-wiejska,3005053,2023,nowy,,,,,,,,,,
20144,wielkopolskie,grodziski,Wielichowo,gmina miejsko-wiejska,3005053,2024,nowy,,,,,,,,,,
20145,wielkopolskie,grodziski,Wielichowo,gmina miejsko-wiejska,3005053,2025,nowy,,,,,,,,,,
20146,wielkopolskie,jarociński,-,-,3006,2018,nowy,,,,,,,,,,
20147,wielkopolskie,jarociński,-,-,3006,2019,nowy,,,,,,,,,,
20148,wielkopolskie,jarociński,-,-,3006,2020,nowy,,,,,,,,,,
20149,wielkopolskie,jarociński,-,-,3006,2021,nowy,,,,,,,,,,
20150,wielkopolskie,jarociński,-,-,3006,2022,nowy,,,,,,,,,,
20151,wielkopolskie,jarociński,-,-,3006,2023,nowy,,,,,,,,,,
20152,wielkopolskie,jarociński,-,-,3006,2024,nowy,,,,,,,,,,
20153,wielkopolskie,jarociński,-,-,3006,2025,nowy,,,,,,,,,,
20154,wielkopolskie,jarociński,Jaraczewo,gmina miejsko-wiejska,3006013,2018,nowy,,,,,,,,,,
20155,wielkopolskie,jarociński,Jaraczewo,gmina miejsko-wiejska,3006013,2019,nowy,,,,,,,,,,
20156,wielkopolskie,jarociński,Jaraczewo,gmina miejsko-wiejska,3006013,2020,nowy,,,,,,,,,,
20157,wielkopolskie,jarociński,Jaraczewo,gmina miejsko-wiejska,3006013,2021,nowy,,,,,,,,,,
20158,wielkopolskie,jarociński,Jaraczewo,gmina miejsko-wiejska,3006013,2022,nowy,,,,,,,,,,
20159,wielkopolskie,jarociński,Jaraczewo,gmina miejsko-wiejska,3006013,2023,nowy,,,,,,,,,,
20160,wielkopolskie,jarociński,Jaraczewo,gmina miejsko-wiejska,3006013,2024,nowy,,,,,,,,,,
20161,wielkopolskie,jarociński,Jaraczewo,gmina miejsko-wiejska,3006013,2025,nowy,,,,,,,,,,
20162,wielkopolskie,jarociński,Jarocin,gmina miejsko-wiejska,3006023,2018,nowy,,,,,,,,,,
20163,wielkopolskie,jarociński,Jarocin,gmina miejsko-wiejska,3006023,2019,nowy,,,,,,,,,,
20164,wielkopolskie,jarociński,Jarocin,gmina miejsko-wiejska,3006023,2020,nowy,,,,,,,,,,
20165,wielkopolskie,jarociński,Jarocin,gmina miejsko-wiejska,3006023,2021,nowy,,,,,,,,,,
20166,wielkopolskie,jarociński,Jarocin,gmina miejsko-wiejska,3006023,2022,nowy,,,,,,,,,,
20167,wielkopolskie,jarociński,Jarocin,gmina miejsko-wiejska,3006023,2023,nowy,,,,,,,,,,
20168,wielkopolskie,jarociński,Jarocin,gmina miejsko-wiejska,3006023,2024,nowy,,,,,,,,,,
20169,wielkopolskie,jarociński,Jarocin,gmina miejsko-wiejska,3006023,2025,nowy,,,,,,,,,,
20170,wielkopolskie,jarociński,Kotlin,gmina wiejska,3006032,2018,nowy,,,,,,,,,,
20171,wielkopolskie,jarociński,Kotlin,gmina wiejska,3006032,2019,nowy,,,,,,,,,,
20172,wielkopolskie,jarociński,Kotlin,gmina wiejska,3006032,2020,nowy,,,,,,,,,,
20173,wielkopolskie,jarociński,Kotlin,gmina wiejska,3006032,2021,nowy,,,,,,,,,,
20174,wielkopolskie,jarociński,Kotlin,gmina wiejska,3006032,2022,nowy,,,,,,,,,,
20175,wielkopolskie,jarociński,Kotlin,gmina wiejska,3006032,2023,nowy,,,,,,,,,,
20176,wielkopolskie,jarociński,Kotlin,gmina wiejska,3006032,2024,nowy,,,,,,,,,,
20177,wielkopolskie,jarociński,Kotlin,gmina wiejska,3006032,2025,nowy,,,,,,,,,,
20178,wielkopolskie,jarociński,Żerków,gmina miejsko-wiejska,3006043,2018,nowy,,,,,,,,,,
20179,wielkopolskie,jarociński,Żerków,gmina miejsko-wiejska,3006043,2019,nowy,,,,,,,,,,
20180,wielkopolskie,jarociński,Żerków,gmina miejsko-wiejska,3006043,2020,nowy,,,,,,,,,,
20181,wielkopolskie,jarociński,Żerków,gmina miejsko-wiejska,3006043,2021,nowy,,,,,,,,,,
20182,wielkopolskie,jarociński,Żerków,gmina miejsko-wiejska,3006043,2022,nowy,,,,,,,,,,
20183,wielkopolskie,jarociński,Żerków,gmina miejsko-wiejska,3006043,2023,nowy,,,,,,,,,,
20184,wielkopolskie,jarociński,Żerków,gmina miejsko-wiejska,3006043,2024,nowy,,,,,,,,,,
20185,wielkopolskie,jarociński,Żerków,gmina miejsko-wiejska,3006043,2025,nowy,,,,,,,,,,
20186,wielkopolskie,kaliski,-,-,3007,2018,nowy,,,,,,,,,,
20187,wielkopolskie,kaliski,-,-,3007,2019,nowy,,,,,,,,,,
20188,wielkopolskie,kaliski,-,-,3007,2020,nowy,,,,,,,,,,
20189,wielkopolskie,kaliski,-,-,3007,2021,nowy,,,,,,,,,,
20190,wielkopolskie,kaliski,-,-,3007,2022,nowy,,,,,,,,,,
20191,wielkopolskie,kaliski,-,-,3007,2023,nowy,,,,,,,,,,
20192,wielkopolskie,kaliski,-,-,3007,2024,nowy,,,,,,,,,,
20193,wielkopolskie,kaliski,-,-,3007,2025,nowy,,,,,,,,,,
20194,wielkopolskie,kaliski,Blizanów,gmina wiejska,3007012,2018,nowy,,,,,,,,,,
20195,wielkopolskie,kaliski,Blizanów,gmina wiejska,3007012,2019,nowy,,,,,,,,,,
20196,wielkopolskie,kaliski,Blizanów,gmina wiejska,3007012,2020,nowy,,,,,,,,,,
20197,wielkopolskie,kaliski,Blizanów,gmina wiejska,3007012,2021,nowy,,,,,,,,,,
20198,wielkopolskie,kaliski,Blizanów,gmina wiejska,3007012,2022,nowy,,,,,,,,,,
20199,wielkopolskie,kaliski,Blizanów,gmina wiejska,3007012,2023,nowy,,,,,,,,,,
20200,wielkopolskie,kaliski,Blizanów,gmina wiejska,3007012,2024,nowy,,,,,,,,,,
20201,wielkopolskie,kaliski,Blizanów,gmina wiejska,3007012,2025,nowy,,,,,,,,,,
20202,wielkopolskie,kaliski,Brzeziny,gmina wiejska,3007022,2018,nowy,,,,,,,,,,
20203,wielkopolskie,kaliski,Brzeziny,gmina wiejska,3007022,2019,nowy,,,,,,,,,,
20204,wielkopolskie,kaliski,Brzeziny,gmina wiejska,3007022,2020,nowy,,,,,,,,,,
20205,wielkopolskie,kaliski,Brzeziny,gmina wiejska,3007022,2021,nowy,,,,,,,,,,
20206,wielkopolskie,kaliski,Brzeziny,gmina wiejska,3007022,2022,nowy,,,,,,,,,,
20207,wielkopolskie,kaliski,Brzeziny,gmina wiejska,3007022,2023,nowy,,,,,,,,,,
20208,wielkopolskie,kaliski,Brzeziny,gmina wiejska,3007022,2024,nowy,,,,,,,,,,
20209,wielkopolskie,kaliski,Brzeziny,gmina wiejska,3007022,2025,nowy,,,,,,,,,,
20210,wielkopolskie,kaliski,Ceków-Kolonia,gmina wiejska,3007032,2018,nowy,,,,,,,,,,
20211,wielkopolskie,kaliski,Ceków-Kolonia,gmina wiejska,3007032,2019,nowy,,,,,,,,,,
20212,wielkopolskie,kaliski,Ceków-Kolonia,gmina wiejska,3007032,2020,nowy,,,,,,,,,,
20213,wielkopolskie,kaliski,Ceków-Kolonia,gmina wiejska,3007032,2021,nowy,,,,,,,,,,
20214,wielkopolskie,kaliski,Ceków-Kolonia,gmina wiejska,3007032,2022,nowy,,,,,,,,,,
20215,wielkopolskie,kaliski,Ceków-Kolonia,gmina wiejska,3007032,2023,nowy,,,,,,,,,,
20216,wielkopolskie,kaliski,Ceków-Kolonia,gmina wiejska,3007032,2024,nowy,,,,,,,,,,
20217,wielkopolskie,kaliski,Ceków-Kolonia,gmina wiejska,3007032,2025,nowy,,,,,,,,,,
20218,wielkopolskie,kaliski,Godziesze Wielkie,gmina wiejska,3007042,2018,nowy,,,,,,,,,,
20219,wielkopolskie,kaliski,Godziesze Wielkie,gmina wiejska,3007042,2019,nowy,,,,,,,,,,
20220,wielkopolskie,kaliski,Godziesze Wielkie,gmina wiejska,3007042,2020,nowy,,,,,,,,,,
20221,wielkopolskie,kaliski,Godziesze Wielkie,gmina wiejska,3007042,2021,nowy,,,,,,,,,,
20222,wielkopolskie,kaliski,Godziesze Wielkie,gmina wiejska,3007042,2022,nowy,,,,,,,,,,
20223,wielkopolskie,kaliski,Godziesze Wielkie,gmina wiejska,3007042,2023,nowy,,,,,,,,,,
20224,wielkopolskie,kaliski,Godziesze Wielkie,gmina wiejska,3007042,2024,nowy,,,,,,,,,,
20225,wielkopolskie,kaliski,Godziesze Wielkie,gmina wiejska,3007042,2025,nowy,,,,,,,,,,
20226,wielkopolskie,kaliski,Koźminek,gmina wiejska,3007052,2018,nowy,,,,,,,,,,
20227,wielkopolskie,kaliski,Koźminek,gmina wiejska,3007052,2019,nowy,,,,,,,,,,
20228,wielkopolskie,kaliski,Koźminek,gmina wiejska,3007052,2020,nowy,,,,,,,,,,
20229,wielkopolskie,kaliski,Koźminek,gmina miejsko-wiejska,3007053,2021,nowy,,,,,,,,,,
20230,wielkopolskie,kaliski,Koźminek,gmina miejsko-wiejska,3007053,2022,nowy,,,,,,,,,,
20231,wielkopolskie,kaliski,Koźminek,gmina miejsko-wiejska,3007053,2023,nowy,,,,,,,,,,
20232,wielkopolskie,kaliski,Koźminek,gmina miejsko-wiejska,3007053,2024,nowy,,,,,,,,,,
20233,wielkopolskie,kaliski,Koźminek,gmina miejsko-wiejska,3007053,2025,nowy,,,,,,,,,,
20234,wielkopolskie,kaliski,Lisków,gmina wiejska,3007062,2018,nowy,,,,,,,,,,
20235,wielkopolskie,kaliski,Lisków,gmina wiejska,3007062,2019,nowy,,,,,,,,,,
20236,wielkopolskie,kaliski,Lisków,gmina wiejska,3007062,2020,nowy,,,,,,,,,,
20237,wielkopolskie,kaliski,Lisków,gmina wiejska,3007062,2021,nowy,,,,,,,,,,
20238,wielkopolskie,kaliski,Lisków,gmina wiejska,3007062,2022,nowy,,,,,,,,,,
20239,wielkopolskie,kaliski,Lisków,gmina wiejska,3007062,2023,nowy,,,,,,,,,,
20240,wielkopolskie,kaliski,Lisków,gmina wiejska,3007062,2024,nowy,,,,,,,,,,
20241,wielkopolskie,kaliski,Lisków,gmina wiejska,3007062,2025,nowy,,,,,,,,,,
20242,wielkopolskie,kaliski,Mycielin,gmina wiejska,3007072,2018,nowy,,,,,,,,,,
20243,wielkopolskie,kaliski,Mycielin,gmina wiejska,3007072,2019,nowy,,,,,,,,,,
20244,wielkopolskie,kaliski,Mycielin,gmina wiejska,3007072,2020,nowy,,,,,,,,,,
20245,wielkopolskie,kaliski,Mycielin,gmina wiejska,3007072,2021,nowy,,,,,,,,,,
20246,wielkopolskie,kaliski,Mycielin,gmina wiejska,3007072,2022,nowy,,,,,,,,,,
20247,wielkopolskie,kaliski,Mycielin,gmina wiejska,3007072,2023,nowy,,,,,,,,,,
20248,wielkopolskie,kaliski,Mycielin,gmina wiejska,3007072,2024,nowy,,,,,,,,,,
20249,wielkopolskie,kaliski,Mycielin,gmina wiejska,3007072,2025,nowy,,,,,,,,,,
20250,wielkopolskie,kaliski,Opatówek,gmina miejsko-wiejska,3007083,2018,nowy,,,,,,,,,,
20251,wielkopolskie,kaliski,Opatówek,gmina miejsko-wiejska,3007083,2019,nowy,,,,,,,,,,
20252,wielkopolskie,kaliski,Opatówek,gmina miejsko-wiejska,3007083,2020,nowy,,,,,,,,,,
20253,wielkopolskie,kaliski,Opatówek,gmina miejsko-wiejska,3007083,2021,nowy,,,,,,,,,,
20254,wielkopolskie,kaliski,Opatówek,gmina miejsko-wiejska,3007083,2022,nowy,,,,,,,,,,
20255,wielkopolskie,kaliski,Opatówek,gmina miejsko-wiejska,3007083,2023,nowy,,,,,,,,,,
20256,wielkopolskie,kaliski,Opatówek,gmina miejsko-wiejska,3007083,2024,nowy,,,,,,,,,,
20257,wielkopolskie,kaliski,Opatówek,gmina miejsko-wiejska,3007083,2025,nowy,,,,,,,,,,
20258,wielkopolskie,kaliski,Stawiszyn,gmina miejsko-wiejska,3007093,2018,nowy,,,,,,,,,,
20259,wielkopolskie,kaliski,Stawiszyn,gmina miejsko-wiejska,3007093,2019,nowy,,,,,,,,,,
20260,wielkopolskie,kaliski,Stawiszyn,gmina miejsko-wiejska,3007093,2020,nowy,,,,,,,,,,
20261,wielkopolskie,kaliski,Stawiszyn,gmina miejsko-wiejska,3007093,2021,nowy,,,,,,,,,,
20262,wielkopolskie,kaliski,Stawiszyn,gmina miejsko-wiejska,3007093,2022,nowy,,,,,,,,,,
20263,wielkopolskie,kaliski,Stawiszyn,gmina miejsko-wiejska,3007093,2023,nowy,,,,,,,,,,
20264,wielkopolskie,kaliski,Stawiszyn,gmina miejsko-wiejska,3007093,2024,nowy,,,,,,,,,,
20265,wielkopolskie,kaliski,Stawiszyn,gmina miejsko-wiejska,3007093,2025,nowy,,,,,,,,,,
20266,wielkopolskie,kaliski,Szczytniki,gmina wiejska,3007102,2018,nowy,,,,,,,,,,
20267,wielkopolskie,kaliski,Szczytniki,gmina wiejska,3007102,2019,nowy,,,,,,,,,,
20268,wielkopolskie,kaliski,Szczytniki,gmina wiejska,3007102,2020,nowy,,,,,,,,,,
20269,wielkopolskie,kaliski,Szczytniki,gmina wiejska,3007102,2021,nowy,,,,,,,,,,
20270,wielkopolskie,kaliski,Szczytniki,gmina wiejska,3007102,2022,nowy,,,,,,,,,,
20271,wielkopolskie,kaliski,Szczytniki,gmina wiejska,3007102,2023,nowy,,,,,,,,,,
20272,wielkopolskie,kaliski,Szczytniki,gmina wiejska,3007102,2024,nowy,,,,,,,,,,
20273,wielkopolskie,kaliski,Szczytniki,gmina wiejska,3007102,2025,nowy,,,,,,,,,,
20274,wielkopolskie,kaliski,Żelazków,gmina wiejska,3007112,2018,nowy,,,,,,,,,,
20275,wielkopolskie,kaliski,Żelazków,gmina wiejska,3007112,2019,nowy,,,,,,,,,,
20276,wielkopolskie,kaliski,Żelazków,gmina wiejska,3007112,2020,nowy,,,,,,,,,,
20277,wielkopolskie,kaliski,Żelazków,gmina wiejska,3007112,2021,nowy,,,,,,,,,,
20278,wielkopolskie,kaliski,Żelazków,gmina wiejska,3007112,2022,nowy,,,,,,,,,,
20279,wielkopolskie,kaliski,Żelazków,gmina wiejska,3007112,2023,nowy,,,,,,,,,,
20280,wielkopolskie,kaliski,Żelazków,gmina wiejska,3007112,2024,nowy,,,,,,,,,,
20281,wielkopolskie,kaliski,Żelazków,gmina wiejska,3007112,2025,nowy,,,,,,,,,,
20282,wielkopolskie,kępiński,-,-,3008,2018,nowy,,,,,,,,,,
20283,wielkopolskie,kępiński,-,-,3008,2019,nowy,,,,,,,,,,
20284,wielkopolskie,kępiński,-,-,3008,2020,nowy,,,,,,,,,,
20285,wielkopolskie,kępiński,-,-,3008,2021,nowy,,,,,,,,,,
20286,wielkopolskie,kępiński,-,-,3008,2022,nowy,,,,,,,,,,
20287,wielkopolskie,kępiński,-,-,3008,2023,nowy,,,,,,,,,,
20288,wielkopolskie,kępiński,-,-,3008,2024,nowy,,,,,,,,,,
20289,wielkopolskie,kępiński,-,-,3008,2025,nowy,,,,,,,,,,
20290,wielkopolskie,kępiński,Baranów,gmina wiejska,3008012,2018,nowy,,,,,,,,,,
20291,wielkopolskie,kępiński,Baranów,gmina wiejska,3008012,2019,nowy,,,,,,,,,,
20292,wielkopolskie,kępiński,Baranów,gmina wiejska,3008012,2020,nowy,,,,,,,,,,
20293,wielkopolskie,kępiński,Baranów,gmina wiejska,3008012,2021,nowy,,,,,,,,,,
20294,wielkopolskie,kępiński,Baranów,gmina wiejska,3008012,2022,nowy,,,,,,,,,,
20295,wielkopolskie,kępiński,Baranów,gmina wiejska,3008012,2023,nowy,,,,,,,,,,
20296,wielkopolskie,kępiński,Baranów,gmina wiejska,3008012,2024,nowy,,,,,,,,,,
20297,wielkopolskie,kępiński,Baranów,gmina wiejska,3008012,2025,nowy,,,,,,,,,,
20298,wielkopolskie,kępiński,Bralin,gmina wiejska,3008022,2018,nowy,,,,,,,,,,
20299,wielkopolskie,kępiński,Bralin,gmina wiejska,3008022,2019,nowy,,,,,,,,,,
20300,wielkopolskie,kępiński,Bralin,gmina wiejska,3008022,2020,nowy,,,,,,,,,,
20301,wielkopolskie,kępiński,Bralin,gmina wiejska,3008022,2021,nowy,,,,,,,,,,
20302,wielkopolskie,kępiński,Bralin,gmina wiejska,3008022,2022,nowy,,,,,,,,,,
20303,wielkopolskie,kępiński,Bralin,gmina wiejska,3008022,2023,nowy,,,,,,,,,,
20304,wielkopolskie,kępiński,Bralin,gmina wiejska,3008022,2024,nowy,,,,,,,,,,
20305,wielkopolskie,kępiński,Bralin,gmina wiejska,3008022,2025,nowy,,,,,,,,,,
20306,wielkopolskie,kępiński,Kępno,gmina miejsko-wiejska,3008033,2018,nowy,,,,,,,,,,
20307,wielkopolskie,kępiński,Kępno,gmina miejsko-wiejska,3008033,2019,nowy,,,,,,,,,,
20308,wielkopolskie,kępiński,Kępno,gmina miejsko-wiejska,3008033,2020,nowy,,,,,,,,,,
20309,wielkopolskie,kępiński,Kępno,gmina miejsko-wiejska,3008033,2021,nowy,,,,,,,,,,
20310,wielkopolskie,kępiński,Kępno,gmina miejsko-wiejska,3008033,2022,nowy,,,,,,,,,,
20311,wielkopolskie,kępiński,Kępno,gmina miejsko-wiejska,3008033,2023,nowy,,,,,,,,,,
20312,wielkopolskie,kępiński,Kępno,gmina miejsko-wiejska,3008033,2024,nowy,,,,,,,,,,
20313,wielkopolskie,kępiński,Kępno,gmina miejsko-wiejska,3008033,2025,nowy,,,,,,,,,,
20314,wielkopolskie,kępiński,Łęka Opatowska,gmina wiejska,3008042,2018,nowy,,,,,,,,,,
20315,wielkopolskie,kępiński,Łęka Opatowska,gmina wiejska,3008042,2019,nowy,,,,,,,,,,
20316,wielkopolskie,kępiński,Łęka Opatowska,gmina wiejska,3008042,2020,nowy,,,,,,,,,,
20317,wielkopolskie,kępiński,Łęka Opatowska,gmina wiejska,3008042,2021,nowy,,,,,,,,,,
20318,wielkopolskie,kępiński,Łęka Opatowska,gmina wiejska,3008042,2022,nowy,,,,,,,,,,
20319,wielkopolskie,kępiński,Łęka Opatowska,gmina wiejska,3008042,2023,nowy,,,,,,,,,,
20320,wielkopolskie,kępiński,Łęka Opatowska,gmina wiejska,3008042,2024,nowy,,,,,,,,,,
20321,wielkopolskie,kępiński,Łęka Opatowska,gmina wiejska,3008042,2025,nowy,,,,,,,,,,
20322,wielkopolskie,kępiński,Perzów,gmina wiejska,3008052,2018,nowy,,,,,,,,,,
20323,wielkopolskie,kępiński,Perzów,gmina wiejska,3008052,2019,nowy,,,,,,,,,,
20324,wielkopolskie,kępiński,Perzów,gmina wiejska,3008052,2020,nowy,,,,,,,,,,
20325,wielkopolskie,kępiński,Perzów,gmina wiejska,3008052,2021,nowy,,,,,,,,,,
20326,wielkopolskie,kępiński,Perzów,gmina wiejska,3008052,2022,nowy,,,,,,,,,,
20327,wielkopolskie,kępiński,Perzów,gmina wiejska,3008052,2023,nowy,,,,,,,,,,
20328,wielkopolskie,kępiński,Perzów,gmina wiejska,3008052,2024,nowy,,,,,,,,,,
20329,wielkopolskie,kępiński,Perzów,gmina wiejska,3008052,2025,nowy,,,,,,,,,,
20330,wielkopolskie,kępiński,Rychtal,gmina wiejska,3008062,2018,nowy,,,,,,,,,,
20331,wielkopolskie,kępiński,Rychtal,gmina wiejska,3008062,2019,nowy,,,,,,,,,,
20332,wielkopolskie,kępiński,Rychtal,gmina wiejska,3008062,2020,nowy,,,,,,,,,,
20333,wielkopolskie,kępiński,Rychtal,gmina wiejska,3008062,2021,nowy,,,,,,,,,,
20334,wielkopolskie,kępiński,Rychtal,gmina wiejska,3008062,2022,nowy,,,,,,,,,,
20335,wielkopolskie,kępiński,Rychtal,gmina wiejska,3008062,2023,nowy,,,,,,,,,,
20336,wielkopolskie,kępiński,Rychtal,gmina miejsko-wiejska,3008063,2024,nowy,,,,,,,,,,
20337,wielkopolskie,kępiński,Rychtal,gmina miejsko-wiejska,3008063,2025,nowy,,,,,,,,,,
20338,wielkopolskie,kępiński,Trzcinica,gmina wiejska,3008072,2018,nowy,,,,,,,,,,
20339,wielkopolskie,kępiński,Trzcinica,gmina wiejska,3008072,2019,nowy,,,,,,,,,,
20340,wielkopolskie,kępiński,Trzcinica,gmina wiejska,3008072,2020,nowy,,,,,,,,,,
20341,wielkopolskie,kępiński,Trzcinica,gmina wiejska,3008072,2021,nowy,,,,,,,,,,
20342,wielkopolskie,kępiński,Trzcinica,gmina wiejska,3008072,2022,nowy,,,,,,,,,,
20343,wielkopolskie,kępiński,Trzcinica,gmina wiejska,3008072,2023,nowy,,,,,,,,,,
20344,wielkopolskie,kępiński,Trzcinica,gmina wiejska,3008072,2024,nowy,,,,,,,,,,
20345,wielkopolskie,kępiński,Trzcinica,gmina wiejska,3008072,2025,nowy,,,,,,,,,,
20346,wielkopolskie,kolski,-,-,3009,2018,nowy,,,,,,,,,,
20347,wielkopolskie,kolski,-,-,3009,2019,nowy,,,,,,,,,,
20348,wielkopolskie,kolski,-,-,3009,2020,nowy,,,,,,,,,,
20349,wielkopolskie,kolski,-,-,3009,2021,nowy,,,,,,,,,,
20350,wielkopolskie,kolski,-,-,3009,2022,nowy,,,,,,,,,,
20351,wielkopolskie,kolski,-,-,3009,2023,nowy,,,,,,,,,,
20352,wielkopolskie,kolski,-,-,3009,2024,nowy,,,,,,,,,,
20353,wielkopolskie,kolski,-,-,3009,2025,nowy,,,,,,,,,,
20354,wielkopolskie,kolski,Koło,gmina miejska,3009011,2018,nowy,,,,,,,,,,
20355,wielkopolskie,kolski,Koło,gmina miejska,3009011,2019,nowy,,,,,,,,,,
20356,wielkopolskie,kolski,Koło,gmina miejska,3009011,2020,nowy,,,,,,,,,,
20357,wielkopolskie,kolski,Koło,gmina miejska,3009011,2021,nowy,,,,,,,,,,
20358,wielkopolskie,kolski,Koło,gmina miejska,3009011,2022,nowy,,,,,,,,,,
20359,wielkopolskie,kolski,Koło,gmina miejska,3009011,2023,nowy,,,,,,,,,,
20360,wielkopolskie,kolski,Koło,gmina miejska,3009011,2024,nowy,,,,,,,,,,
20361,wielkopolskie,kolski,Koło,gmina miejska,3009011,2025,nowy,,,,,,,,,,
20362,wielkopolskie,kolski,Babiak,gmina wiejska,3009022,2018,nowy,,,,,,,,,,
20363,wielkopolskie,kolski,Babiak,gmina wiejska,3009022,2019,nowy,,,,,,,,,,
20364,wielkopolskie,kolski,Babiak,gmina wiejska,3009022,2020,nowy,,,,,,,,,,
20365,wielkopolskie,kolski,Babiak,gmina wiejska,3009022,2021,nowy,,,,,,,,,,
20366,wielkopolskie,kolski,Babiak,gmina wiejska,3009022,2022,nowy,,,,,,,,,,
20367,wielkopolskie,kolski,Babiak,gmina wiejska,3009022,2023,nowy,,,,,,,,,,
20368,wielkopolskie,kolski,Babiak,gmina wiejska,3009022,2024,nowy,,,,,,,,,,
20369,wielkopolskie,kolski,Babiak,gmina wiejska,3009022,2025,nowy,,,,,,,,,,
20370,wielkopolskie,kolski,Chodów,gmina wiejska,3009032,2018,nowy,,,,,,,,,,
20371,wielkopolskie,kolski,Chodów,gmina wiejska,3009032,2019,nowy,,,,,,,,,,
20372,wielkopolskie,kolski,Chodów,gmina wiejska,3009032,2020,nowy,,,,,,,,,,
20373,wielkopolskie,kolski,Chodów,gmina wiejska,3009032,2021,nowy,,,,,,,,,,
20374,wielkopolskie,kolski,Chodów,gmina wiejska,3009032,2022,nowy,,,,,,,,,,
20375,wielkopolskie,kolski,Chodów,gmina wiejska,3009032,2023,nowy,,,,,,,,,,
20376,wielkopolskie,kolski,Chodów,gmina wiejska,3009032,2024,nowy,,,,,,,,,,
20377,wielkopolskie,kolski,Chodów,gmina wiejska,3009032,2025,nowy,,,,,,,,,,
20378,wielkopolskie,kolski,Dąbie,gmina miejsko-wiejska,3009043,2018,nowy,,,,,,,,,,
20379,wielkopolskie,kolski,Dąbie,gmina miejsko-wiejska,3009043,2019,nowy,,,,,,,,,,
20380,wielkopolskie,kolski,Dąbie,gmina miejsko-wiejska,3009043,2020,nowy,,,,,,,,,,
20381,wielkopolskie,kolski,Dąbie,gmina miejsko-wiejska,3009043,2021,nowy,,,,,,,,,,
20382,wielkopolskie,kolski,Dąbie,gmina miejsko-wiejska,3009043,2022,nowy,,,,,,,,,,
20383,wielkopolskie,kolski,Dąbie,gmina miejsko-wiejska,3009043,2023,nowy,,,,,,,,,,
20384,wielkopolskie,kolski,Dąbie,gmina miejsko-wiejska,3009043,2024,nowy,,,,,,,,,,
20385,wielkopolskie,kolski,Dąbie,gmina miejsko-wiejska,3009043,2025,nowy,,,,,,,,,,
20386,wielkopolskie,kolski,Grzegorzew,gmina wiejska,3009052,2018,nowy,,,,,,,,,,
20387,wielkopolskie,kolski,Grzegorzew,gmina wiejska,3009052,2019,nowy,,,,,,,,,,
20388,wielkopolskie,kolski,Grzegorzew,gmina wiejska,3009052,2020,nowy,,,,,,,,,,
20389,wielkopolskie,kolski,Grzegorzew,gmina wiejska,3009052,2021,nowy,,,,,,,,,,
20390,wielkopolskie,kolski,Grzegorzew,gmina wiejska,3009052,2022,nowy,,,,,,,,,,
20391,wielkopolskie,kolski,Grzegorzew,gmina wiejska,3009052,2023,nowy,,,,,,,,,,
20392,wielkopolskie,kolski,Grzegorzew,gmina wiejska,3009052,2024,nowy,,,,,,,,,,
20393,wielkopolskie,kolski,Grzegorzew,gmina wiejska,3009052,2025,nowy,,,,,,,,,,
20394,wielkopolskie,kolski,Kłodawa,gmina miejsko-wiejska,3009063,2018,nowy,,,,,,,,,,
20395,wielkopolskie,kolski,Kłodawa,gmina miejsko-wiejska,3009063,2019,nowy,,,,,,,,,,
20396,wielkopolskie,kolski,Kłodawa,gmina miejsko-wiejska,3009063,2020,nowy,,,,,,,,,,
20397,wielkopolskie,kolski,Kłodawa,gmina miejsko-wiejska,3009063,2021,nowy,,,,,,,,,,
20398,wielkopolskie,kolski,Kłodawa,gmina miejsko-wiejska,3009063,2022,nowy,,,,,,,,,,
20399,wielkopolskie,kolski,Kłodawa,gmina miejsko-wiejska,3009063,2023,nowy,,,,,,,,,,
20400,wielkopolskie,kolski,Kłodawa,gmina miejsko-wiejska,3009063,2024,nowy,,,,,,,,,,
20401,wielkopolskie,kolski,Kłodawa,gmina miejsko-wiejska,3009063,2025,nowy,,,,,,,,,,
20402,wielkopolskie,kolski,Koło,gmina wiejska,3009072,2018,nowy,,,,,,,,,,
20403,wielkopolskie,kolski,Koło,gmina wiejska,3009072,2019,nowy,,,,,,,,,,
20404,wielkopolskie,kolski,Koło,gmina wiejska,3009072,2020,nowy,,,,,,,,,,
20405,wielkopolskie,kolski,Koło,gmina wiejska,3009072,2021,nowy,,,,,,,,,,
20406,wielkopolskie,kolski,Koło,gmina wiejska,3009072,2022,nowy,,,,,,,,,,
20407,wielkopolskie,kolski,Koło,gmina wiejska,3009072,2023,nowy,,,,,,,,,,
20408,wielkopolskie,kolski,Koło,gmina wiejska,3009072,2024,nowy,,,,,,,,,,
20409,wielkopolskie,kolski,Koło,gmina wiejska,3009072,2025,nowy,,,,,,,,,,
20410,wielkopolskie,kolski,Kościelec,gmina wiejska,3009082,2018,nowy,,,,,,,,,,
20411,wielkopolskie,kolski,Kościelec,gmina wiejska,3009082,2019,nowy,,,,,,,,,,
20412,wielkopolskie,kolski,Kościelec,gmina wiejska,3009082,2020,nowy,,,,,,,,,,
20413,wielkopolskie,kolski,Kościelec,gmina wiejska,3009082,2021,nowy,,,,,,,,,,
20414,wielkopolskie,kolski,Kościelec,gmina wiejska,3009082,2022,nowy,,,,,,,,,,
20415,wielkopolskie,kolski,Kościelec,gmina wiejska,3009082,2023,nowy,,,,,,,,,,
20416,wielkopolskie,kolski,Kościelec,gmina wiejska,3009082,2024,nowy,,,,,,,,,,
20417,wielkopolskie,kolski,Kościelec,gmina wiejska,3009082,2025,nowy,,,,,,,,,,
20418,wielkopolskie,kolski,Olszówka,gmina wiejska,3009092,2018,nowy,,,,,,,,,,
20419,wielkopolskie,kolski,Olszówka,gmina wiejska,3009092,2019,nowy,,,,,,,,,,
20420,wielkopolskie,kolski,Olszówka,gmina wiejska,3009092,2020,nowy,,,,,,,,,,
20421,wielkopolskie,kolski,Olszówka,gmina wiejska,3009092,2021,nowy,,,,,,,,,,
20422,wielkopolskie,kolski,Olszówka,gmina wiejska,3009092,2022,nowy,,,,,,,,,,
20423,wielkopolskie,kolski,Olszówka,gmina wiejska,3009092,2023,nowy,,,,,,,,,,
20424,wielkopolskie,kolski,Olszówka,gmina wiejska,3009092,2024,nowy,,,,,,,,,,
20425,wielkopolskie,kolski,Olszówka,gmina wiejska,3009092,2025,nowy,,,,,,,,,,
20426,wielkopolskie,kolski,Osiek Mały,gmina wiejska,3009102,2018,nowy,,,,,,,,,,
20427,wielkopolskie,kolski,Osiek Mały,gmina wiejska,3009102,2019,nowy,,,,,,,,,,
20428,wielkopolskie,kolski,Osiek Mały,gmina wiejska,3009102,2020,nowy,,,,,,,,,,
20429,wielkopolskie,kolski,Osiek Mały,gmina wiejska,3009102,2021,nowy,,,,,,,,,,
20430,wielkopolskie,kolski,Osiek Mały,gmina wiejska,3009102,2022,nowy,,,,,,,,,,
20431,wielkopolskie,kolski,Osiek Mały,gmina wiejska,3009102,2023,nowy,,,,,,,,,,
20432,wielkopolskie,kolski,Osiek Mały,gmina wiejska,3009102,2024,nowy,,,,,,,,,,
20433,wielkopolskie,kolski,Osiek Mały,gmina wiejska,3009102,2025,nowy,,,,,,,,,,
20434,wielkopolskie,kolski,Przedecz,gmina miejsko-wiejska,3009113,2018,nowy,,,,,,,,,,
20435,wielkopolskie,kolski,Przedecz,gmina miejsko-wiejska,3009113,2019,nowy,,,,,,,,,,
20436,wielkopolskie,kolski,Przedecz,gmina miejsko-wiejska,3009113,2020,nowy,,,,,,,,,,
20437,wielkopolskie,kolski,Przedecz,gmina miejsko-wiejska,3009113,2021,nowy,,,,,,,,,,
20438,wielkopolskie,kolski,Przedecz,gmina miejsko-wiejska,3009113,2022,nowy,,,,,,,,,,
20439,wielkopolskie,kolski,Przedecz,gmina miejsko-wiejska,3009113,2023,nowy,,,,,,,,,,
20440,wielkopolskie,kolski,Przedecz,gmina miejsko-wiejska,3009113,2024,nowy,,,,,,,,,,
20441,wielkopolskie,kolski,Przedecz,gmina miejsko-wiejska,3009113,2025,nowy,,,,,,,,,,
20442,wielkopolskie,koniński,-,-,3010,2018,nowy,,,,,,,,,,
20443,wielkopolskie,koniński,-,-,3010,2019,nowy,,,,,,,,,,
20444,wielkopolskie,koniński,-,-,3010,2020,nowy,,,,,,,,,,
20445,wielkopolskie,koniński,-,-,3010,2021,nowy,,,,,,,,,,
20446,wielkopolskie,koniński,-,-,3010,2022,nowy,,,,,,,,,,
20447,wielkopolskie,koniński,-,-,3010,2023,nowy,,,,,,,,,,
20448,wielkopolskie,koniński,-,-,3010,2024,nowy,,,,,,,,,,
20449,wielkopolskie,koniński,-,-,3010,2025,nowy,,,,,,,,,,
20450,wielkopolskie,koniński,Golina,gmina miejsko-wiejska,3010013,2018,nowy,,,,,,,,,,
20451,wielkopolskie,koniński,Golina,gmina miejsko-wiejska,3010013,2019,nowy,,,,,,,,,,
20452,wielkopolskie,koniński,Golina,gmina miejsko-wiejska,3010013,2020,nowy,,,,,,,,,,
20453,wielkopolskie,koniński,Golina,gmina miejsko-wiejska,3010013,2021,nowy,,,,,,,,,,
20454,wielkopolskie,koniński,Golina,gmina miejsko-wiejska,3010013,2022,nowy,,,,,,,,,,
20455,wielkopolskie,koniński,Golina,gmina miejsko-wiejska,3010013,2023,nowy,,,,,,,,,,
20456,wielkopolskie,koniński,Golina,gmina miejsko-wiejska,3010013,2024,nowy,,,,,,,,,,
20457,wielkopolskie,koniński,Golina,gmina miejsko-wiejska,3010013,2025,nowy,,,,,,,,,,
20458,wielkopolskie,koniński,Grodziec,gmina wiejska,3010022,2018,nowy,,,,,,,,,,
20459,wielkopolskie,koniński,Grodziec,gmina wiejska,3010022,2019,nowy,,,,,,,,,,
20460,wielkopolskie,koniński,Grodziec,gmina wiejska,3010022,2020,nowy,,,,,,,,,,
20461,wielkopolskie,koniński,Grodziec,gmina wiejska,3010022,2021,nowy,,,,,,,,,,
20462,wielkopolskie,koniński,Grodziec,gmina wiejska,3010022,2022,nowy,,,,,,,,,,
20463,wielkopolskie,koniński,Grodziec,gmina wiejska,3010022,2023,nowy,,,,,,,,,,
20464,wielkopolskie,koniński,Grodziec,gmina wiejska,3010022,2024,nowy,,,,,,,,,,
20465,wielkopolskie,koniński,Grodziec,gmina wiejska,3010022,2025,nowy,,,,,,,,,,
20466,wielkopolskie,koniński,Kazimierz Biskupi,gmina wiejska,3010032,2018,nowy,,,,,,,,,,
20467,wielkopolskie,koniński,Kazimierz Biskupi,gmina wiejska,3010032,2019,nowy,,,,,,,,,,
20468,wielkopolskie,koniński,Kazimierz Biskupi,gmina wiejska,3010032,2020,nowy,,,,,,,,,,
20469,wielkopolskie,koniński,Kazimierz Biskupi,gmina wiejska,3010032,2021,nowy,,,,,,,,,,
20470,wielkopolskie,koniński,Kazimierz Biskupi,gmina wiejska,3010032,2022,nowy,,,,,,,,,,
20471,wielkopolskie,koniński,Kazimierz Biskupi,gmina wiejska,3010032,2023,nowy,,,,,,,,,,
20472,wielkopolskie,koniński,Kazimierz Biskupi,gmina wiejska,3010032,2024,nowy,,,,,,,,,,
20473,wielkopolskie,koniński,Kazimierz Biskupi,gmina wiejska,3010032,2025,nowy,,,,,,,,,,
20474,wielkopolskie,koniński,Kleczew,gmina miejsko-wiejska,3010043,2018,nowy,,,,,,,,,,
20475,wielkopolskie,koniński,Kleczew,gmina miejsko-wiejska,3010043,2019,nowy,,,,,,,,,,
20476,wielkopolskie,koniński,Kleczew,gmina miejsko-wiejska,3010043,2020,nowy,,,,,,,,,,
20477,wielkopolskie,koniński,Kleczew,gmina miejsko-wiejska,3010043,2021,nowy,,,,,,,,,,
20478,wielkopolskie,koniński,Kleczew,gmina miejsko-wiejska,3010043,2022,nowy,,,,,,,,,,
20479,wielkopolskie,koniński,Kleczew,gmina miejsko-wiejska,3010043,2023,nowy,,,,,,,,,,
20480,wielkopolskie,koniński,Kleczew,gmina miejsko-wiejska,3010043,2024,nowy,,,,,,,,,,
20481,wielkopolskie,koniński,Kleczew,gmina miejsko-wiejska,3010043,2025,nowy,,,,,,,,,,
20482,wielkopolskie,koniński,Kramsk,gmina wiejska,3010052,2018,nowy,,,,,,,,,,
20483,wielkopolskie,koniński,Kramsk,gmina wiejska,3010052,2019,nowy,,,,,,,,,,
20484,wielkopolskie,koniński,Kramsk,gmina wiejska,3010052,2020,nowy,,,,,,,,,,
20485,wielkopolskie,koniński,Kramsk,gmina wiejska,3010052,2021,nowy,,,,,,,,,,
20486,wielkopolskie,koniński,Kramsk,gmina wiejska,3010052,2022,nowy,,,,,,,,,,
20487,wielkopolskie,koniński,Kramsk,gmina wiejska,3010052,2023,nowy,,,,,,,,,,
20488,wielkopolskie,koniński,Kramsk,gmina wiejska,3010052,2024,nowy,,,,,,,,,,
20489,wielkopolskie,koniński,Kramsk,gmina wiejska,3010052,2025,nowy,,,,,,,,,,
20490,wielkopolskie,koniński,Krzymów,gmina wiejska,3010062,2018,nowy,,,,,,,,,,
20491,wielkopolskie,koniński,Krzymów,gmina wiejska,3010062,2019,nowy,,,,,,,,,,
20492,wielkopolskie,koniński,Krzymów,gmina wiejska,3010062,2020,nowy,,,,,,,,,,
20493,wielkopolskie,koniński,Krzymów,gmina wiejska,3010062,2021,nowy,,,,,,,,,,
20494,wielkopolskie,koniński,Krzymów,gmina wiejska,3010062,2022,nowy,,,,,,,,,,
20495,wielkopolskie,koniński,Krzymów,gmina wiejska,3010062,2023,nowy,,,,,,,,,,
20496,wielkopolskie,koniński,Krzymów,gmina wiejska,3010062,2024,nowy,,,,,,,,,,
20497,wielkopolskie,koniński,Krzymów,gmina wiejska,3010062,2025,nowy,,,,,,,,,,
20498,wielkopolskie,koniński,Rychwał,gmina miejsko-wiejska,3010073,2018,nowy,,,,,,,,,,
20499,wielkopolskie,koniński,Rychwał,gmina miejsko-wiejska,3010073,2019,nowy,,,,,,,,,,
20500,wielkopolskie,koniński,Rychwał,gmina miejsko-wiejska,3010073,2020,nowy,,,,,,,,,,
20501,wielkopolskie,koniński,Rychwał,gmina miejsko-wiejska,3010073,2021,nowy,,,,,,,,,,
20502,wielkopolskie,koniński,Rychwał,gmina miejsko-wiejska,3010073,2022,nowy,,,,,,,,,,
20503,wielkopolskie,koniński,Rychwał,gmina miejsko-wiejska,3010073,2023,nowy,,,,,,,,,,
20504,wielkopolskie,koniński,Rychwał,gmina miejsko-wiejska,3010073,2024,nowy,,,,,,,,,,
20505,wielkopolskie,koniński,Rychwał,gmina miejsko-wiejska,3010073,2025,nowy,,,,,,,,,,
20506,wielkopolskie,koniński,Rzgów,gmina wiejska,3010082,2018,nowy,,,,,,,,,,
20507,wielkopolskie,koniński,Rzgów,gmina wiejska,3010082,2019,nowy,,,,,,,,,,
20508,wielkopolskie,koniński,Rzgów,gmina wiejska,3010082,2020,nowy,,,,,,,,,,
20509,wielkopolskie,koniński,Rzgów,gmina wiejska,3010082,2021,nowy,,,,,,,,,,
20510,wielkopolskie,koniński,Rzgów,gmina wiejska,3010082,2022,nowy,,,,,,,,,,
20511,wielkopolskie,koniński,Rzgów,gmina wiejska,3010082,2023,nowy,,,,,,,,,,
20512,wielkopolskie,koniński,Rzgów,gmina wiejska,3010082,2024,nowy,,,,,,,,,,
20513,wielkopolskie,koniński,Rzgów,gmina wiejska,3010082,2025,nowy,,,,,,,,,,
20514,wielkopolskie,koniński,Skulsk,gmina wiejska,3010092,2018,nowy,,,,,,,,,,
20515,wielkopolskie,koniński,Skulsk,gmina wiejska,3010092,2019,nowy,,,,,,,,,,
20516,wielkopolskie,koniński,Skulsk,gmina wiejska,3010092,2020,nowy,,,,,,,,,,
20517,wielkopolskie,koniński,Skulsk,gmina wiejska,3010092,2021,nowy,,,,,,,,,,
20518,wielkopolskie,koniński,Skulsk,gmina wiejska,3010092,2022,nowy,,,,,,,,,,
20519,wielkopolskie,koniński,Skulsk,gmina wiejska,3010092,2023,nowy,,,,,,,,,,
20520,wielkopolskie,koniński,Skulsk,gmina wiejska,3010092,2024,nowy,,,,,,,,,,
20521,wielkopolskie,koniński,Skulsk,gmina wiejska,3010092,2025,nowy,,,,,,,,,,
20522,wielkopolskie,koniński,Sompolno,gmina miejsko-wiejska,3010103,2018,nowy,,,,,,,,,,
20523,wielkopolskie,koniński,Sompolno,gmina miejsko-wiejska,3010103,2019,nowy,,,,,,,,,,
20524,wielkopolskie,koniński,Sompolno,gmina miejsko-wiejska,3010103,2020,nowy,,,,,,,,,,
20525,wielkopolskie,koniński,Sompolno,gmina miejsko-wiejska,3010103,2021,nowy,,,,,,,,,,
20526,wielkopolskie,koniński,Sompolno,gmina miejsko-wiejska,3010103,2022,nowy,,,,,,,,,,
20527,wielkopolskie,koniński,Sompolno,gmina miejsko-wiejska,3010103,2023,nowy,,,,,,,,,,
20528,wielkopolskie,koniński,Sompolno,gmina miejsko-wiejska,3010103,2024,nowy,,,,,,,,,,
20529,wielkopolskie,koniński,Sompolno,gmina miejsko-wiejska,3010103,2025,nowy,,,,,,,,,,
20530,wielkopolskie,koniński,Stare Miasto,gmina wiejska,3010112,2018,nowy,,,,,,,,,,
20531,wielkopolskie,koniński,Stare Miasto,gmina wiejska,3010112,2019,nowy,,,,,,,,,,
20532,wielkopolskie,koniński,Stare Miasto,gmina wiejska,3010112,2020,nowy,,,,,,,,,,
20533,wielkopolskie,koniński,Stare Miasto,gmina wiejska,3010112,2021,nowy,,,,,,,,,,
20534,wielkopolskie,koniński,Stare Miasto,gmina wiejska,3010112,2022,nowy,,,,,,,,,,
20535,wielkopolskie,koniński,Stare Miasto,gmina wiejska,3010112,2023,nowy,,,,,,,,,,
20536,wielkopolskie,koniński,Stare Miasto,gmina wiejska,3010112,2024,nowy,,,,,,,,,,
20537,wielkopolskie,koniński,Stare Miasto,gmina wiejska,3010112,2025,nowy,,,,,,,,,,
20538,wielkopolskie,koniński,Ślesin,gmina miejsko-wiejska,3010123,2018,nowy,,,,,,,,,,
20539,wielkopolskie,koniński,Ślesin,gmina miejsko-wiejska,3010123,2019,nowy,,,,,,,,,,
20540,wielkopolskie,koniński,Ślesin,gmina miejsko-wiejska,3010123,2020,nowy,,,,,,,,,,
20541,wielkopolskie,koniński,Ślesin,gmina miejsko-wiejska,3010123,2021,nowy,,,,,,,,,,
20542,wielkopolskie,koniński,Ślesin,gmina miejsko-wiejska,3010123,2022,nowy,,,,,,,,,,
20543,wielkopolskie,koniński,Ślesin,gmina miejsko-wiejska,3010123,2023,nowy,,,,,,,,,,
20544,wielkopolskie,koniński,Ślesin,gmina miejsko-wiejska,3010123,2024,nowy,,,,,,,,,,
20545,wielkopolskie,koniński,Ślesin,gmina miejsko-wiejska,3010123,2025,nowy,,,,,,,,,,
20546,wielkopolskie,koniński,Wierzbinek,gmina wiejska,3010132,2018,nowy,,,,,,,,,,
20547,wielkopolskie,koniński,Wierzbinek,gmina wiejska,3010132,2019,nowy,,,,,,,,,,
20548,wielkopolskie,koniński,Wierzbinek,gmina wiejska,3010132,2020,nowy,,,,,,,,,,
20549,wielkopolskie,koniński,Wierzbinek,gmina wiejska,3010132,2021,nowy,,,,,,,,,,
20550,wielkopolskie,koniński,Wierzbinek,gmina wiejska,3010132,2022,nowy,,,,,,,,,,
20551,wielkopolskie,koniński,Wierzbinek,gmina wiejska,3010132,2023,nowy,,,,,,,,,,
20552,wielkopolskie,koniński,Wierzbinek,gmina wiejska,3010132,2024,nowy,,,,,,,,,,
20553,wielkopolskie,koniński,Wierzbinek,gmina wiejska,3010132,2025,nowy,,,,,,,,,,
20554,wielkopolskie,koniński,Wilczyn,gmina wiejska,3010142,2018,nowy,,,,,,,,,,
20555,wielkopolskie,koniński,Wilczyn,gmina wiejska,3010142,2019,nowy,,,,,,,,,,
20556,wielkopolskie,koniński,Wilczyn,gmina wiejska,3010142,2020,nowy,,,,,,,,,,
20557,wielkopolskie,koniński,Wilczyn,gmina wiejska,3010142,2021,nowy,,,,,,,,,,
20558,wielkopolskie,koniński,Wilczyn,gmina wiejska,3010142,2022,nowy,,,,,,,,,,
20559,wielkopolskie,koniński,Wilczyn,gmina wiejska,3010142,2023,nowy,,,,,,,,,,
20560,wielkopolskie,koniński,Wilczyn,gmina wiejska,3010142,2024,nowy,,,,,,,,,,
20561,wielkopolskie,koniński,Wilczyn,gmina wiejska,3010142,2025,nowy,,,,,,,,,,
20562,wielkopolskie,kościański,-,-,3011,2018,nowy,,,,,,,,,,
20563,wielkopolskie,kościański,-,-,3011,2019,nowy,,,,,,,,,,
20564,wielkopolskie,kościański,-,-,3011,2020,nowy,,,,,,,,,,
20565,wielkopolskie,kościański,-,-,3011,2021,nowy,,,,,,,,,,
20566,wielkopolskie,kościański,-,-,3011,2022,nowy,,,,,,,,,,
20567,wielkopolskie,kościański,-,-,3011,2023,nowy,,,,,,,,,,
20568,wielkopolskie,kościański,-,-,3011,2024,nowy,,,,,,,,,,
20569,wielkopolskie,kościański,-,-,3011,2025,nowy,,,,,,,,,,
20570,wielkopolskie,kościański,Kościan,gmina miejska,3011011,2018,nowy,,,,,,,,,,
20571,wielkopolskie,kościański,Kościan,gmina miejska,3011011,2019,nowy,,,,,,,,,,
20572,wielkopolskie,kościański,Kościan,gmina miejska,3011011,2020,nowy,,,,,,,,,,
20573,wielkopolskie,kościański,Kościan,gmina miejska,3011011,2021,nowy,,,,,,,,,,
20574,wielkopolskie,kościański,Kościan,gmina miejska,3011011,2022,nowy,,,,,,,,,,
20575,wielkopolskie,kościański,Kościan,gmina miejska,3011011,2023,nowy,,,,,,,,,,
20576,wielkopolskie,kościański,Kościan,gmina miejska,3011011,2024,nowy,,,,,,,,,,
20577,wielkopolskie,kościański,Kościan,gmina miejska,3011011,2025,nowy,,,,,,,,,,
20578,wielkopolskie,kościański,Czempiń,gmina miejsko-wiejska,3011023,2018,nowy,,,,,,,,,,
20579,wielkopolskie,kościański,Czempiń,gmina miejsko-wiejska,3011023,2019,nowy,,,,,,,,,,
20580,wielkopolskie,kościański,Czempiń,gmina miejsko-wiejska,3011023,2020,nowy,,,,,,,,,,
20581,wielkopolskie,kościański,Czempiń,gmina miejsko-wiejska,3011023,2021,nowy,,,,,,,,,,
20582,wielkopolskie,kościański,Czempiń,gmina miejsko-wiejska,3011023,2022,nowy,,,,,,,,,,
20583,wielkopolskie,kościański,Czempiń,gmina miejsko-wiejska,3011023,2023,nowy,,,,,,,,,,
20584,wielkopolskie,kościański,Czempiń,gmina miejsko-wiejska,3011023,2024,nowy,,,,,,,,,,
20585,wielkopolskie,kościański,Czempiń,gmina miejsko-wiejska,3011023,2025,nowy,,,,,,,,,,
20586,wielkopolskie,kościański,Kościan,gmina wiejska,3011032,2018,nowy,,,,,,,,,,
20587,wielkopolskie,kościański,Kościan,gmina wiejska,3011032,2019,nowy,,,,,,,,,,
20588,wielkopolskie,kościański,Kościan,gmina wiejska,3011032,2020,nowy,,,,,,,,,,
20589,wielkopolskie,kościański,Kościan,gmina wiejska,3011032,2021,nowy,,,,,,,,,,
20590,wielkopolskie,kościański,Kościan,gmina wiejska,3011032,2022,nowy,,,,,,,,,,
20591,wielkopolskie,kościański,Kościan,gmina wiejska,3011032,2023,nowy,,,,,,,,,,
20592,wielkopolskie,kościański,Kościan,gmina wiejska,3011032,2024,nowy,,,,,,,,,,
20593,wielkopolskie,kościański,Kościan,gmina wiejska,3011032,2025,nowy,,,,,,,,,,
20594,wielkopolskie,kościański,Krzywiń,gmina miejsko-wiejska,3011043,2018,nowy,,,,,,,,,,
20595,wielkopolskie,kościański,Krzywiń,gmina miejsko-wiejska,3011043,2019,nowy,,,,,,,,,,
20596,wielkopolskie,kościański,Krzywiń,gmina miejsko-wiejska,3011043,2020,nowy,,,,,,,,,,
20597,wielkopolskie,kościański,Krzywiń,gmina miejsko-wiejska,3011043,2021,nowy,,,,,,,,,,
20598,wielkopolskie,kościański,Krzywiń,gmina miejsko-wiejska,3011043,2022,nowy,,,,,,,,,,
20599,wielkopolskie,kościański,Krzywiń,gmina miejsko-wiejska,3011043,2023,nowy,,,,,,,,,,
20600,wielkopolskie,kościański,Krzywiń,gmina miejsko-wiejska,3011043,2024,nowy,,,,,,,,,,
20601,wielkopolskie,kościański,Krzywiń,gmina miejsko-wiejska,3011043,2025,nowy,,,,,,,,,,
20602,wielkopolskie,kościański,Śmigiel,gmina miejsko-wiejska,3011053,2018,nowy,,,,,,,,,,
20603,wielkopolskie,kościański,Śmigiel,gmina miejsko-wiejska,3011053,2019,nowy,,,,,,,,,,
20604,wielkopolskie,kościański,Śmigiel,gmina miejsko-wiejska,3011053,2020,nowy,,,,,,,,,,
20605,wielkopolskie,kościański,Śmigiel,gmina miejsko-wiejska,3011053,2021,nowy,,,,,,,,,,
20606,wielkopolskie,kościański,Śmigiel,gmina miejsko-wiejska,3011053,2022,nowy,,,,,,,,,,
20607,wielkopolskie,kościański,Śmigiel,gmina miejsko-wiejska,3011053,2023,nowy,,,,,,,,,,
20608,wielkopolskie,kościański,Śmigiel,gmina miejsko-wiejska,3011053,2024,nowy,,,,,,,,,,
20609,wielkopolskie,kościański,Śmigiel,gmina miejsko-wiejska,3011053,2025,nowy,,,,,,,,,,
20610,wielkopolskie,krotoszyński,-,-,3012,2018,nowy,,,,,,,,,,
20611,wielkopolskie,krotoszyński,-,-,3012,2019,nowy,,,,,,,,,,
20612,wielkopolskie,krotoszyński,-,-,3012,2020,nowy,,,,,,,,,,
20613,wielkopolskie,krotoszyński,-,-,3012,2021,nowy,,,,,,,,,,
20614,wielkopolskie,krotoszyński,-,-,3012,2022,nowy,,,,,,,,,,
20615,wielkopolskie,krotoszyński,-,-,3012,2023,nowy,,,,,,,,,,
20616,wielkopolskie,krotoszyński,-,-,3012,2024,nowy,,,,,,,,,,
20617,wielkopolskie,krotoszyński,-,-,3012,2025,nowy,,,,,,,,,,
20618,wielkopolskie,krotoszyński,Sulmierzyce,gmina miejska,3012011,2018,nowy,,,,,,,,,,
20619,wielkopolskie,krotoszyński,Sulmierzyce,gmina miejska,3012011,2019,nowy,,,,,,,,,,
20620,wielkopolskie,krotoszyński,Sulmierzyce,gmina miejska,3012011,2020,nowy,,,,,,,,,,
20621,wielkopolskie,krotoszyński,Sulmierzyce,gmina miejska,3012011,2021,nowy,,,,,,,,,,
20622,wielkopolskie,krotoszyński,Sulmierzyce,gmina miejska,3012011,2022,nowy,,,,,,,,,,
20623,wielkopolskie,krotoszyński,Sulmierzyce,gmina miejska,3012011,2023,nowy,,,,,,,,,,
20624,wielkopolskie,krotoszyński,Sulmierzyce,gmina miejska,3012011,2024,nowy,,,,,,,,,,
20625,wielkopolskie,krotoszyński,Sulmierzyce,gmina miejska,3012011,2025,nowy,,,,,,,,,,
20626,wielkopolskie,krotoszyński,Kobylin,gmina miejsko-wiejska,3012023,2018,nowy,,,,,,,,,,
20627,wielkopolskie,krotoszyński,Kobylin,gmina miejsko-wiejska,3012023,2019,nowy,,,,,,,,,,
20628,wielkopolskie,krotoszyński,Kobylin,gmina miejsko-wiejska,3012023,2020,nowy,,,,,,,,,,
20629,wielkopolskie,krotoszyński,Kobylin,gmina miejsko-wiejska,3012023,2021,nowy,,,,,,,,,,
20630,wielkopolskie,krotoszyński,Kobylin,gmina miejsko-wiejska,3012023,2022,nowy,,,,,,,,,,
20631,wielkopolskie,krotoszyński,Kobylin,gmina miejsko-wiejska,3012023,2023,nowy,,,,,,,,,,
20632,wielkopolskie,krotoszyński,Kobylin,gmina miejsko-wiejska,3012023,2024,nowy,,,,,,,,,,
20633,wielkopolskie,krotoszyński,Kobylin,gmina miejsko-wiejska,3012023,2025,nowy,,,,,,,,,,
20634,wielkopolskie,krotoszyński,Koźmin Wielkopolski,gmina miejsko-wiejska,3012033,2018,nowy,,,,,,,,,,
20635,wielkopolskie,krotoszyński,Koźmin Wielkopolski,gmina miejsko-wiejska,3012033,2019,nowy,,,,,,,,,,
20636,wielkopolskie,krotoszyński,Koźmin Wielkopolski,gmina miejsko-wiejska,3012033,2020,nowy,,,,,,,,,,
20637,wielkopolskie,krotoszyński,Koźmin Wielkopolski,gmina miejsko-wiejska,3012033,2021,nowy,,,,,,,,,,
20638,wielkopolskie,krotoszyński,Koźmin Wielkopolski,gmina miejsko-wiejska,3012033,2022,nowy,,,,,,,,,,
20639,wielkopolskie,krotoszyński,Koźmin Wielkopolski,gmina miejsko-wiejska,3012033,2023,nowy,,,,,,,,,,
20640,wielkopolskie,krotoszyński,Koźmin Wielkopolski,gmina miejsko-wiejska,3012033,2024,nowy,,,,,,,,,,
20641,wielkopolskie,krotoszyński,Koźmin Wielkopolski,gmina miejsko-wiejska,3012033,2025,nowy,,,,,,,,,,
20642,wielkopolskie,krotoszyński,Krotoszyn,gmina miejsko-wiejska,3012043,2018,nowy,,,,,,,,,,
20643,wielkopolskie,krotoszyński,Krotoszyn,gmina miejsko-wiejska,3012043,2019,nowy,,,,,,,,,,
20644,wielkopolskie,krotoszyński,Krotoszyn,gmina miejsko-wiejska,3012043,2020,nowy,,,,,,,,,,
20645,wielkopolskie,krotoszyński,Krotoszyn,gmina miejsko-wiejska,3012043,2021,nowy,,,,,,,,,,
20646,wielkopolskie,krotoszyński,Krotoszyn,gmina miejsko-wiejska,3012043,2022,nowy,,,,,,,,,,
20647,wielkopolskie,krotoszyński,Krotoszyn,gmina miejsko-wiejska,3012043,2023,nowy,,,,,,,,,,
20648,wielkopolskie,krotoszyński,Krotoszyn,gmina miejsko-wiejska,3012043,2024,nowy,,,,,,,,,,
20649,wielkopolskie,krotoszyński,Krotoszyn,gmina miejsko-wiejska,3012043,2025,nowy,,,,,,,,,,
20650,wielkopolskie,krotoszyński,Rozdrażew,gmina wiejska,3012052,2018,nowy,,,,,,,,,,
20651,wielkopolskie,krotoszyński,Rozdrażew,gmina wiejska,3012052,2019,nowy,,,,,,,,,,
20652,wielkopolskie,krotoszyński,Rozdrażew,gmina wiejska,3012052,2020,nowy,,,,,,,,,,
20653,wielkopolskie,krotoszyński,Rozdrażew,gmina wiejska,3012052,2021,nowy,,,,,,,,,,
20654,wielkopolskie,krotoszyński,Rozdrażew,gmina wiejska,3012052,2022,nowy,,,,,,,,,,
20655,wielkopolskie,krotoszyński,Rozdrażew,gmina wiejska,3012052,2023,nowy,,,,,,,,,,
20656,wielkopolskie,krotoszyński,Rozdrażew,gmina wiejska,3012052,2024,nowy,,,,,,,,,,
20657,wielkopolskie,krotoszyński,Rozdrażew,gmina wiejska,3012052,2025,nowy,,,,,,,,,,
20658,wielkopolskie,krotoszyński,Zduny,gmina miejsko-wiejska,3012063,2018,nowy,,,,,,,,,,
20659,wielkopolskie,krotoszyński,Zduny,gmina miejsko-wiejska,3012063,2019,nowy,,,,,,,,,,
20660,wielkopolskie,krotoszyński,Zduny,gmina miejsko-wiejska,3012063,2020,nowy,,,,,,,,,,
20661,wielkopolskie,krotoszyński,Zduny,gmina miejsko-wiejska,3012063,2021,nowy,,,,,,,,,,
20662,wielkopolskie,krotoszyński,Zduny,gmina miejsko-wiejska,3012063,2022,nowy,,,,,,,,,,
20663,wielkopolskie,krotoszyński,Zduny,gmina miejsko-wiejska,3012063,2023,nowy,,,,,,,,,,
20664,wielkopolskie,krotoszyński,Zduny,gmina miejsko-wiejska,3012063,2024,nowy,,,,,,,,,,
20665,wielkopolskie,krotoszyński,Zduny,gmina miejsko-wiejska,3012063,2025,nowy,,,,,,,,,,
20666,wielkopolskie,leszczyński,-,-,3013,2018,nowy,,,,,,,,,,
20667,wielkopolskie,leszczyński,-,-,3013,2019,nowy,,,,,,,,,,
20668,wielkopolskie,leszczyński,-,-,3013,2020,nowy,,,,,,,,,,
20669,wielkopolskie,leszczyński,-,-,3013,2021,nowy,,,,,,,,,,
20670,wielkopolskie,leszczyński,-,-,3013,2022,nowy,,,,,,,,,,
20671,wielkopolskie,leszczyński,-,-,3013,2023,nowy,,,,,,,,,,
20672,wielkopolskie,leszczyński,-,-,3013,2024,nowy,,,,,,,,,,
20673,wielkopolskie,leszczyński,-,-,3013,2025,nowy,,,,,,,,,,
20674,wielkopolskie,leszczyński,Krzemieniewo,gmina wiejska,3013012,2018,nowy,,,,,,,,,,
20675,wielkopolskie,leszczyński,Krzemieniewo,gmina wiejska,3013012,2019,nowy,,,,,,,,,,
20676,wielkopolskie,leszczyński,Krzemieniewo,gmina wiejska,3013012,2020,nowy,,,,,,,,,,
20677,wielkopolskie,leszczyński,Krzemieniewo,gmina wiejska,3013012,2021,nowy,,,,,,,,,,
20678,wielkopolskie,leszczyński,Krzemieniewo,gmina wiejska,3013012,2022,nowy,,,,,,,,,,
20679,wielkopolskie,leszczyński,Krzemieniewo,gmina wiejska,3013012,2023,nowy,,,,,,,,,,
20680,wielkopolskie,leszczyński,Krzemieniewo,gmina wiejska,3013012,2024,nowy,,,,,,,,,,
20681,wielkopolskie,leszczyński,Krzemieniewo,gmina wiejska,3013012,2025,nowy,,,,,,,,,,
20682,wielkopolskie,leszczyński,Lipno,gmina wiejska,3013022,2018,nowy,,,,,,,,,,
20683,wielkopolskie,leszczyński,Lipno,gmina wiejska,3013022,2019,nowy,,,,,,,,,,
20684,wielkopolskie,leszczyński,Lipno,gmina wiejska,3013022,2020,nowy,,,,,,,,,,
20685,wielkopolskie,leszczyński,Lipno,gmina wiejska,3013022,2021,nowy,,,,,,,,,,
20686,wielkopolskie,leszczyński,Lipno,gmina wiejska,3013022,2022,nowy,,,,,,,,,,
20687,wielkopolskie,leszczyński,Lipno,gmina wiejska,3013022,2023,nowy,,,,,,,,,,
20688,wielkopolskie,leszczyński,Lipno,gmina wiejska,3013022,2024,nowy,,,,,,,,,,
20689,wielkopolskie,leszczyński,Lipno,gmina wiejska,3013022,2025,nowy,,,,,,,,,,
20690,wielkopolskie,leszczyński,Osieczna,gmina miejsko-wiejska,3013033,2018,nowy,,,,,,,,,,
20691,wielkopolskie,leszczyński,Osieczna,gmina miejsko-wiejska,3013033,2019,nowy,,,,,,,,,,
20692,wielkopolskie,leszczyński,Osieczna,gmina miejsko-wiejska,3013033,2020,nowy,,,,,,,,,,
20693,wielkopolskie,leszczyński,Osieczna,gmina miejsko-wiejska,3013033,2021,nowy,,,,,,,,,,
20694,wielkopolskie,leszczyński,Osieczna,gmina miejsko-wiejska,3013033,2022,nowy,,,,,,,,,,
20695,wielkopolskie,leszczyński,Osieczna,gmina miejsko-wiejska,3013033,2023,nowy,,,,,,,,,,
20696,wielkopolskie,leszczyński,Osieczna,gmina miejsko-wiejska,3013033,2024,nowy,,,,,,,,,,
20697,wielkopolskie,leszczyński,Osieczna,gmina miejsko-wiejska,3013033,2025,nowy,,,,,,,,,,
20698,wielkopolskie,leszczyński,Rydzyna,gmina miejsko-wiejska,3013043,2018,nowy,,,,,,,,,,
20699,wielkopolskie,leszczyński,Rydzyna,gmina miejsko-wiejska,3013043,2019,nowy,,,,,,,,,,
20700,wielkopolskie,leszczyński,Rydzyna,gmina miejsko-wiejska,3013043,2020,nowy,,,,,,,,,,
20701,wielkopolskie,leszczyński,Rydzyna,gmina miejsko-wiejska,3013043,2021,nowy,,,,,,,,,,
20702,wielkopolskie,leszczyński,Rydzyna,gmina miejsko-wiejska,3013043,2022,nowy,,,,,,,,,,
20703,wielkopolskie,leszczyński,Rydzyna,gmina miejsko-wiejska,3013043,2023,nowy,,,,,,,,,,
20704,wielkopolskie,leszczyński,Rydzyna,gmina miejsko-wiejska,3013043,2024,nowy,,,,,,,,,,
20705,wielkopolskie,leszczyński,Rydzyna,gmina miejsko-wiejska,3013043,2025,nowy,,,,,,,,,,
20706,wielkopolskie,leszczyński,Święciechowa,gmina wiejska,3013052,2018,nowy,,,,,,,,,,
20707,wielkopolskie,leszczyński,Święciechowa,gmina wiejska,3013052,2019,nowy,,,,,,,,,,
20708,wielkopolskie,leszczyński,Święciechowa,gmina wiejska,3013052,2020,nowy,,,,,,,,,,
20709,wielkopolskie,leszczyński,Święciechowa,gmina wiejska,3013052,2021,nowy,,,,,,,,,,
20710,wielkopolskie,leszczyński,Święciechowa,gmina wiejska,3013052,2022,nowy,,,,,,,,,,
20711,wielkopolskie,leszczyński,Święciechowa,gmina wiejska,3013052,2023,nowy,,,,,,,,,,
20712,wielkopolskie,leszczyński,Święciechowa,gmina wiejska,3013052,2024,nowy,,,,,,,,,,
20713,wielkopolskie,leszczyński,Święciechowa,gmina wiejska,3013052,2025,nowy,,,,,,,,,,
20714,wielkopolskie,leszczyński,Wijewo,gmina wiejska,3013062,2018,nowy,,,,,,,,,,
20715,wielkopolskie,leszczyński,Wijewo,gmina wiejska,3013062,2019,nowy,,,,,,,,,,
20716,wielkopolskie,leszczyński,Wijewo,gmina wiejska,3013062,2020,nowy,,,,,,,,,,
20717,wielkopolskie,leszczyński,Wijewo,gmina wiejska,3013062,2021,nowy,,,,,,,,,,
20718,wielkopolskie,leszczyński,Wijewo,gmina wiejska,3013062,2022,nowy,,,,,,,,,,
20719,wielkopolskie,leszczyński,Wijewo,gmina wiejska,3013062,2023,nowy,,,,,,,,,,
20720,wielkopolskie,leszczyński,Wijewo,gmina wiejska,3013062,2024,nowy,,,,,,,,,,
20721,wielkopolskie,leszczyński,Wijewo,gmina wiejska,3013062,2025,nowy,,,,,,,,,,
20722,wielkopolskie,leszczyński,Włoszakowice,gmina wiejska,3013072,2018,nowy,,,,,,,,,,
20723,wielkopolskie,leszczyński,Włoszakowice,gmina wiejska,3013072,2019,nowy,,,,,,,,,,
20724,wielkopolskie,leszczyński,Włoszakowice,gmina wiejska,3013072,2020,nowy,,,,,,,,,,
20725,wielkopolskie,leszczyński,Włoszakowice,gmina wiejska,3013072,2021,nowy,,,,,,,,,,
20726,wielkopolskie,leszczyński,Włoszakowice,gmina wiejska,3013072,2022,nowy,,,,,,,,,,
20727,wielkopolskie,leszczyński,Włoszakowice,gmina wiejska,3013072,2023,nowy,,,,,,,,,,
20728,wielkopolskie,leszczyński,Włoszakowice,gmina wiejska,3013072,2024,nowy,,,,,,,,,,
20729,wielkopolskie,leszczyński,Włoszakowice,gmina wiejska,3013072,2025,nowy,,,,,,,,,,
20730,wielkopolskie,międzychodzki,-,-,3014,2018,nowy,,,,,,,,,,
20731,wielkopolskie,międzychodzki,-,-,3014,2019,nowy,,,,,,,,,,
20732,wielkopolskie,międzychodzki,-,-,3014,2020,nowy,,,,,,,,,,
20733,wielkopolskie,międzychodzki,-,-,3014,2021,nowy,,,,,,,,,,
20734,wielkopolskie,międzychodzki,-,-,3014,2022,nowy,,,,,,,,,,
20735,wielkopolskie,międzychodzki,-,-,3014,2023,nowy,,,,,,,,,,
20736,wielkopolskie,międzychodzki,-,-,3014,2024,nowy,,,,,,,,,,
20737,wielkopolskie,międzychodzki,-,-,3014,2025,nowy,,,,,,,,,,
20738,wielkopolskie,międzychodzki,Chrzypsko Wielkie,gmina wiejska,3014012,2018,nowy,,,,,,,,,,
20739,wielkopolskie,międzychodzki,Chrzypsko Wielkie,gmina wiejska,3014012,2019,nowy,,,,,,,,,,
20740,wielkopolskie,międzychodzki,Chrzypsko Wielkie,gmina wiejska,3014012,2020,nowy,,,,,,,,,,
20741,wielkopolskie,międzychodzki,Chrzypsko Wielkie,gmina wiejska,3014012,2021,nowy,,,,,,,,,,
20742,wielkopolskie,międzychodzki,Chrzypsko Wielkie,gmina wiejska,3014012,2022,nowy,,,,,,,,,,
20743,wielkopolskie,międzychodzki,Chrzypsko Wielkie,gmina wiejska,3014012,2023,nowy,,,,,,,,,,
20744,wielkopolskie,międzychodzki,Chrzypsko Wielkie,gmina wiejska,3014012,2024,nowy,,,,,,,,,,
20745,wielkopolskie,międzychodzki,Chrzypsko Wielkie,gmina wiejska,3014012,2025,nowy,,,,,,,,,,
20746,wielkopolskie,międzychodzki,Kwilcz,gmina wiejska,3014022,2018,nowy,,,,,,,,,,
20747,wielkopolskie,międzychodzki,Kwilcz,gmina wiejska,3014022,2019,nowy,,,,,,,,,,
20748,wielkopolskie,międzychodzki,Kwilcz,gmina wiejska,3014022,2020,nowy,,,,,,,,,,
20749,wielkopolskie,międzychodzki,Kwilcz,gmina wiejska,3014022,2021,nowy,,,,,,,,,,
20750,wielkopolskie,międzychodzki,Kwilcz,gmina wiejska,3014022,2022,nowy,,,,,,,,,,
20751,wielkopolskie,międzychodzki,Kwilcz,gmina wiejska,3014022,2023,nowy,,,,,,,,,,
20752,wielkopolskie,międzychodzki,Kwilcz,gmina wiejska,3014022,2024,nowy,,,,,,,,,,
20753,wielkopolskie,międzychodzki,Kwilcz,gmina wiejska,3014022,2025,nowy,,,,,,,,,,
20754,wielkopolskie,międzychodzki,Międzychód,gmina miejsko-wiejska,3014033,2018,nowy,,,,,,,,,,
20755,wielkopolskie,międzychodzki,Międzychód,gmina miejsko-wiejska,3014033,2019,nowy,,,,,,,,,,
20756,wielkopolskie,międzychodzki,Międzychód,gmina miejsko-wiejska,3014033,2020,nowy,,,,,,,,,,
20757,wielkopolskie,międzychodzki,Międzychód,gmina miejsko-wiejska,3014033,2021,nowy,,,,,,,,,,
20758,wielkopolskie,międzychodzki,Międzychód,gmina miejsko-wiejska,3014033,2022,nowy,,,,,,,,,,
20759,wielkopolskie,międzychodzki,Międzychód,gmina miejsko-wiejska,3014033,2023,nowy,,,,,,,,,,
20760,wielkopolskie,międzychodzki,Międzychód,gmina miejsko-wiejska,3014033,2024,nowy,,,,,,,,,,
20761,wielkopolskie,międzychodzki,Międzychód,gmina miejsko-wiejska,3014033,2025,nowy,,,,,,,,,,
20762,wielkopolskie,międzychodzki,Sieraków,gmina miejsko-wiejska,3014043,2018,nowy,,,,,,,,,,
20763,wielkopolskie,międzychodzki,Sieraków,gmina miejsko-wiejska,3014043,2019,nowy,,,,,,,,,,
20764,wielkopolskie,międzychodzki,Sieraków,gmina miejsko-wiejska,3014043,2020,nowy,,,,,,,,,,
20765,wielkopolskie,międzychodzki,Sieraków,gmina miejsko-wiejska,3014043,2021,nowy,,,,,,,,,,
20766,wielkopolskie,międzychodzki,Sieraków,gmina miejsko-wiejska,3014043,2022,nowy,,,,,,,,,,
20767,wielkopolskie,międzychodzki,Sieraków,gmina miejsko-wiejska,3014043,2023,nowy,,,,,,,,,,
20768,wielkopolskie,międzychodzki,Sieraków,gmina miejsko-wiejska,3014043,2024,nowy,,,,,,,,,,
20769,wielkopolskie,międzychodzki,Sieraków,gmina miejsko-wiejska,3014043,2025,nowy,,,,,,,,,,
20770,wielkopolskie,nowotomyski,-,-,3015,2018,nowy,,,,,,,,,,
20771,wielkopolskie,nowotomyski,-,-,3015,2019,nowy,,,,,,,,,,
20772,wielkopolskie,nowotomyski,-,-,3015,2020,nowy,,,,,,,,,,
20773,wielkopolskie,nowotomyski,-,-,3015,2021,nowy,,,,,,,,,,
20774,wielkopolskie,nowotomyski,-,-,3015,2022,nowy,,,,,,,,,,
20775,wielkopolskie,nowotomyski,-,-,3015,2023,nowy,,,,,,,,,,
20776,wielkopolskie,nowotomyski,-,-,3015,2024,nowy,,,,,,,,,,
20777,wielkopolskie,nowotomyski,-,-,3015,2025,nowy,,,,,,,,,,
20778,wielkopolskie,nowotomyski,Kuślin,gmina wiejska,3015012,2018,nowy,,,,,,,,,,
20779,wielkopolskie,nowotomyski,Kuślin,gmina wiejska,3015012,2019,nowy,,,,,,,,,,
20780,wielkopolskie,nowotomyski,Kuślin,gmina wiejska,3015012,2020,nowy,,,,,,,,,,
20781,wielkopolskie,nowotomyski,Kuślin,gmina wiejska,3015012,2021,nowy,,,,,,,,,,
20782,wielkopolskie,nowotomyski,Kuślin,gmina wiejska,3015012,2022,nowy,,,,,,,,,,
20783,wielkopolskie,nowotomyski,Kuślin,gmina wiejska,3015012,2023,nowy,,,,,,,,,,
20784,wielkopolskie,nowotomyski,Kuślin,gmina wiejska,3015012,2024,nowy,,,,,,,,,,
20785,wielkopolskie,nowotomyski,Kuślin,gmina wiejska,3015012,2025,nowy,,,,,,,,,,
20786,wielkopolskie,nowotomyski,Lwówek,gmina miejsko-wiejska,3015023,2018,nowy,,,,,,,,,,
20787,wielkopolskie,nowotomyski,Lwówek,gmina miejsko-wiejska,3015023,2019,nowy,,,,,,,,,,
20788,wielkopolskie,nowotomyski,Lwówek,gmina miejsko-wiejska,3015023,2020,nowy,,,,,,,,,,
20789,wielkopolskie,nowotomyski,Lwówek,gmina miejsko-wiejska,3015023,2021,nowy,,,,,,,,,,
20790,wielkopolskie,nowotomyski,Lwówek,gmina miejsko-wiejska,3015023,2022,nowy,,,,,,,,,,
20791,wielkopolskie,nowotomyski,Lwówek,gmina miejsko-wiejska,3015023,2023,nowy,,,,,,,,,,
20792,wielkopolskie,nowotomyski,Lwówek,gmina miejsko-wiejska,3015023,2024,nowy,,,,,,,,,,
20793,wielkopolskie,nowotomyski,Lwówek,gmina miejsko-wiejska,3015023,2025,nowy,,,,,,,,,,
20794,wielkopolskie,nowotomyski,Miedzichowo,gmina wiejska,3015032,2018,nowy,,,,,,,,,,
20795,wielkopolskie,nowotomyski,Miedzichowo,gmina wiejska,3015032,2019,nowy,,,,,,,,,,
20796,wielkopolskie,nowotomyski,Miedzichowo,gmina wiejska,3015032,2020,nowy,,,,,,,,,,
20797,wielkopolskie,nowotomyski,Miedzichowo,gmina wiejska,3015032,2021,nowy,,,,,,,,,,
20798,wielkopolskie,nowotomyski,Miedzichowo,gmina wiejska,3015032,2022,nowy,,,,,,,,,,
20799,wielkopolskie,nowotomyski,Miedzichowo,gmina wiejska,3015032,2023,nowy,,,,,,,,,,
20800,wielkopolskie,nowotomyski,Miedzichowo,gmina wiejska,3015032,2024,nowy,,,,,,,,,,
20801,wielkopolskie,nowotomyski,Miedzichowo,gmina wiejska,3015032,2025,nowy,,,,,,,,,,
20802,wielkopolskie,nowotomyski,Nowy Tomyśl,gmina miejsko-wiejska,3015043,2018,nowy,,,,,,,,,,
20803,wielkopolskie,nowotomyski,Nowy Tomyśl,gmina miejsko-wiejska,3015043,2019,nowy,,,,,,,,,,
20804,wielkopolskie,nowotomyski,Nowy Tomyśl,gmina miejsko-wiejska,3015043,2020,nowy,,,,,,,,,,
20805,wielkopolskie,nowotomyski,Nowy Tomyśl,gmina miejsko-wiejska,3015043,2021,nowy,,,,,,,,,,
20806,wielkopolskie,nowotomyski,Nowy Tomyśl,gmina miejsko-wiejska,3015043,2022,nowy,,,,,,,,,,
20807,wielkopolskie,nowotomyski,Nowy Tomyśl,gmina miejsko-wiejska,3015043,2023,nowy,,,,,,,,,,
20808,wielkopolskie,nowotomyski,Nowy Tomyśl,gmina miejsko-wiejska,3015043,2024,nowy,,,,,,,,,,
20809,wielkopolskie,nowotomyski,Nowy Tomyśl,gmina miejsko-wiejska,3015043,2025,nowy,,,,,,,,,,
20810,wielkopolskie,nowotomyski,Opalenica,gmina miejsko-wiejska,3015053,2018,nowy,,,,,,,,,,
20811,wielkopolskie,nowotomyski,Opalenica,gmina miejsko-wiejska,3015053,2019,nowy,,,,,,,,,,
20812,wielkopolskie,nowotomyski,Opalenica,gmina miejsko-wiejska,3015053,2020,nowy,,,,,,,,,,
20813,wielkopolskie,nowotomyski,Opalenica,gmina miejsko-wiejska,3015053,2021,nowy,,,,,,,,,,
20814,wielkopolskie,nowotomyski,Opalenica,gmina miejsko-wiejska,3015053,2022,nowy,,,,,,,,,,
20815,wielkopolskie,nowotomyski,Opalenica,gmina miejsko-wiejska,3015053,2023,nowy,,,,,,,,,,
20816,wielkopolskie,nowotomyski,Opalenica,gmina miejsko-wiejska,3015053,2024,nowy,,,,,,,,,,
20817,wielkopolskie,nowotomyski,Opalenica,gmina miejsko-wiejska,3015053,2025,nowy,,,,,,,,,,
20818,wielkopolskie,nowotomyski,Zbąszyń,gmina miejsko-wiejska,3015063,2018,nowy,,,,,,,,,,
20819,wielkopolskie,nowotomyski,Zbąszyń,gmina miejsko-wiejska,3015063,2019,nowy,,,,,,,,,,
20820,wielkopolskie,nowotomyski,Zbąszyń,gmina miejsko-wiejska,3015063,2020,nowy,,,,,,,,,,
20821,wielkopolskie,nowotomyski,Zbąszyń,gmina miejsko-wiejska,3015063,2021,nowy,,,,,,,,,,
20822,wielkopolskie,nowotomyski,Zbąszyń,gmina miejsko-wiejska,3015063,2022,nowy,,,,,,,,,,
20823,wielkopolskie,nowotomyski,Zbąszyń,gmina miejsko-wiejska,3015063,2023,nowy,,,,,,,,,,
20824,wielkopolskie,nowotomyski,Zbąszyń,gmina miejsko-wiejska,3015063,2024,nowy,,,,,,,,,,
20825,wielkopolskie,nowotomyski,Zbąszyń,gmina miejsko-wiejska,3015063,2025,nowy,,,,,,,,,,
20826,wielkopolskie,obornicki,-,-,3016,2018,nowy,,,,,,,,,,
20827,wielkopolskie,obornicki,-,-,3016,2019,nowy,,,,,,,,,,
20828,wielkopolskie,obornicki,-,-,3016,2020,nowy,,,,,,,,,,
20829,wielkopolskie,obornicki,-,-,3016,2021,nowy,,,,,,,,,,
20830,wielkopolskie,obornicki,-,-,3016,2022,nowy,,,,,,,,,,
20831,wielkopolskie,obornicki,-,-,3016,2023,nowy,,,,,,,,,,
20832,wielkopolskie,obornicki,-,-,3016,2024,nowy,,,,,,,,,,
20833,wielkopolskie,obornicki,-,-,3016,2025,nowy,,,,,,,,,,
20834,wielkopolskie,obornicki,Oborniki,gmina miejsko-wiejska,3016013,2018,nowy,,,,,,,,,,
20835,wielkopolskie,obornicki,Oborniki,gmina miejsko-wiejska,3016013,2019,nowy,,,,,,,,,,
20836,wielkopolskie,obornicki,Oborniki,gmina miejsko-wiejska,3016013,2020,nowy,,,,,,,,,,
20837,wielkopolskie,obornicki,Oborniki,gmina miejsko-wiejska,3016013,2021,nowy,,,,,,,,,,
20838,wielkopolskie,obornicki,Oborniki,gmina miejsko-wiejska,3016013,2022,nowy,,,,,,,,,,
20839,wielkopolskie,obornicki,Oborniki,gmina miejsko-wiejska,3016013,2023,nowy,,,,,,,,,,
20840,wielkopolskie,obornicki,Oborniki,gmina miejsko-wiejska,3016013,2024,nowy,,,,,,,,,,
20841,wielkopolskie,obornicki,Oborniki,gmina miejsko-wiejska,3016013,2025,nowy,,,,,,,,,,
20842,wielkopolskie,obornicki,Rogoźno,gmina miejsko-wiejska,3016023,2018,nowy,,,,,,,,,,
20843,wielkopolskie,obornicki,Rogoźno,gmina miejsko-wiejska,3016023,2019,nowy,,,,,,,,,,
20844,wielkopolskie,obornicki,Rogoźno,gmina miejsko-wiejska,3016023,2020,nowy,,,,,,,,,,
20845,wielkopolskie,obornicki,Rogoźno,gmina miejsko-wiejska,3016023,2021,nowy,,,,,,,,,,
20846,wielkopolskie,obornicki,Rogoźno,gmina miejsko-wiejska,3016023,2022,nowy,,,,,,,,,,
20847,wielkopolskie,obornicki,Rogoźno,gmina miejsko-wiejska,3016023,2023,nowy,,,,,,,,,,
20848,wielkopolskie,obornicki,Rogoźno,gmina miejsko-wiejska,3016023,2024,nowy,,,,,,,,,,
20849,wielkopolskie,obornicki,Rogoźno,gmina miejsko-wiejska,3016023,2025,nowy,,,,,,,,,,
20850,wielkopolskie,obornicki,Ryczywół,gmina wiejska,3016032,2018,nowy,,,,,,,,,,
20851,wielkopolskie,obornicki,Ryczywół,gmina wiejska,3016032,2019,nowy,,,,,,,,,,
20852,wielkopolskie,obornicki,Ryczywół,gmina wiejska,3016032,2020,nowy,,,,,,,,,,
20853,wielkopolskie,obornicki,Ryczywół,gmina wiejska,3016032,2021,nowy,,,,,,,,,,
20854,wielkopolskie,obornicki,Ryczywół,gmina wiejska,3016032,2022,nowy,,,,,,,,,,
20855,wielkopolskie,obornicki,Ryczywół,gmina wiejska,3016032,2023,nowy,,,,,,,,,,
20856,wielkopolskie,obornicki,Ryczywół,gmina wiejska,3016032,2024,nowy,,,,,,,,,,
20857,wielkopolskie,obornicki,Ryczywół,gmina wiejska,3016032,2025,nowy,,,,,,,,,,
20858,wielkopolskie,ostrowski,-,-,3017,2018,nowy,,,,,,,,,,
20859,wielkopolskie,ostrowski,-,-,3017,2019,nowy,,,,,,,,,,
20860,wielkopolskie,ostrowski,-,-,3017,2020,nowy,,,,,,,,,,
20861,wielkopolskie,ostrowski,-,-,3017,2021,nowy,,,,,,,,,,
20862,wielkopolskie,ostrowski,-,-,3017,2022,nowy,,,,,,,,,,
20863,wielkopolskie,ostrowski,-,-,3017,2023,nowy,,,,,,,,,,
20864,wielkopolskie,ostrowski,-,-,3017,2024,nowy,,,,,,,,,,
20865,wielkopolskie,ostrowski,-,-,3017,2025,nowy,,,,,,,,,,
20866,wielkopolskie,ostrowski,Ostrów Wielkopolski,gmina miejska,3017011,2018,nowy,,,,,,,,,,
20867,wielkopolskie,ostrowski,Ostrów Wielkopolski,gmina miejska,3017011,2019,nowy,,,,,,,,,,
20868,wielkopolskie,ostrowski,Ostrów Wielkopolski,gmina miejska,3017011,2020,nowy,,,,,,,,,,
20869,wielkopolskie,ostrowski,Ostrów Wielkopolski,gmina miejska,3017011,2021,nowy,,,,,,,,,,
20870,wielkopolskie,ostrowski,Ostrów Wielkopolski,gmina miejska,3017011,2022,nowy,,,,,,,,,,
20871,wielkopolskie,ostrowski,Ostrów Wielkopolski,gmina miejska,3017011,2023,nowy,,,,,,,,,,
20872,wielkopolskie,ostrowski,Ostrów Wielkopolski,gmina miejska,3017011,2024,nowy,,,,,,,,,,
20873,wielkopolskie,ostrowski,Ostrów Wielkopolski,gmina miejska,3017011,2025,nowy,,,,,,,,,,
20874,wielkopolskie,ostrowski,Nowe Skalmierzyce,gmina miejsko-wiejska,3017023,2018,nowy,,,,,,,,,,
20875,wielkopolskie,ostrowski,Nowe Skalmierzyce,gmina miejsko-wiejska,3017023,2019,nowy,,,,,,,,,,
20876,wielkopolskie,ostrowski,Nowe Skalmierzyce,gmina miejsko-wiejska,3017023,2020,nowy,,,,,,,,,,
20877,wielkopolskie,ostrowski,Nowe Skalmierzyce,gmina miejsko-wiejska,3017023,2021,nowy,,,,,,,,,,
20878,wielkopolskie,ostrowski,Nowe Skalmierzyce,gmina miejsko-wiejska,3017023,2022,nowy,,,,,,,,,,
20879,wielkopolskie,ostrowski,Nowe Skalmierzyce,gmina miejsko-wiejska,3017023,2023,nowy,,,,,,,,,,
20880,wielkopolskie,ostrowski,Nowe Skalmierzyce,gmina miejsko-wiejska,3017023,2024,nowy,,,,,,,,,,
20881,wielkopolskie,ostrowski,Nowe Skalmierzyce,gmina miejsko-wiejska,3017023,2025,nowy,,,,,,,,,,
20882,wielkopolskie,ostrowski,Odolanów,gmina miejsko-wiejska,3017033,2018,nowy,,,,,,,,,,
20883,wielkopolskie,ostrowski,Odolanów,gmina miejsko-wiejska,3017033,2019,nowy,,,,,,,,,,
20884,wielkopolskie,ostrowski,Odolanów,gmina miejsko-wiejska,3017033,2020,nowy,,,,,,,,,,
20885,wielkopolskie,ostrowski,Odolanów,gmina miejsko-wiejska,3017033,2021,nowy,,,,,,,,,,
20886,wielkopolskie,ostrowski,Odolanów,gmina miejsko-wiejska,3017033,2022,nowy,,,,,,,,,,
20887,wielkopolskie,ostrowski,Odolanów,gmina miejsko-wiejska,3017033,2023,nowy,,,,,,,,,,
20888,wielkopolskie,ostrowski,Odolanów,gmina miejsko-wiejska,3017033,2024,nowy,,,,,,,,,,
20889,wielkopolskie,ostrowski,Odolanów,gmina miejsko-wiejska,3017033,2025,nowy,,,,,,,,,,
20890,wielkopolskie,ostrowski,Ostrów Wielkopolski,gmina wiejska,3017042,2018,nowy,,,,,,,,,,
20891,wielkopolskie,ostrowski,Ostrów Wielkopolski,gmina wiejska,3017042,2019,nowy,,,,,,,,,,
20892,wielkopolskie,ostrowski,Ostrów Wielkopolski,gmina wiejska,3017042,2020,nowy,,,,,,,,,,
20893,wielkopolskie,ostrowski,Ostrów Wielkopolski,gmina wiejska,3017042,2021,nowy,,,,,,,,,,
20894,wielkopolskie,ostrowski,Ostrów Wielkopolski,gmina wiejska,3017042,2022,nowy,,,,,,,,,,
20895,wielkopolskie,ostrowski,Ostrów Wielkopolski,gmina wiejska,3017042,2023,nowy,,,,,,,,,,
20896,wielkopolskie,ostrowski,Ostrów Wielkopolski,gmina wiejska,3017042,2024,nowy,,,,,,,,,,
20897,wielkopolskie,ostrowski,Ostrów Wielkopolski,gmina wiejska,3017042,2025,nowy,,,,,,,,,,
20898,wielkopolskie,ostrowski,Przygodzice,gmina wiejska,3017052,2018,nowy,,,,,,,,,,
20899,wielkopolskie,ostrowski,Przygodzice,gmina wiejska,3017052,2019,nowy,,,,,,,,,,
20900,wielkopolskie,ostrowski,Przygodzice,gmina wiejska,3017052,2020,nowy,,,,,,,,,,
20901,wielkopolskie,ostrowski,Przygodzice,gmina wiejska,3017052,2021,nowy,,,,,,,,,,
20902,wielkopolskie,ostrowski,Przygodzice,gmina wiejska,3017052,2022,nowy,,,,,,,,,,
20903,wielkopolskie,ostrowski,Przygodzice,gmina wiejska,3017052,2023,nowy,,,,,,,,,,
20904,wielkopolskie,ostrowski,Przygodzice,gmina wiejska,3017052,2024,nowy,,,,,,,,,,
20905,wielkopolskie,ostrowski,Przygodzice,gmina wiejska,3017052,2025,nowy,,,,,,,,,,
20906,wielkopolskie,ostrowski,Raszków,gmina miejsko-wiejska,3017063,2018,nowy,,,,,,,,,,
20907,wielkopolskie,ostrowski,Raszków,gmina miejsko-wiejska,3017063,2019,nowy,,,,,,,,,,
20908,wielkopolskie,ostrowski,Raszków,gmina miejsko-wiejska,3017063,2020,nowy,,,,,,,,,,
20909,wielkopolskie,ostrowski,Raszków,gmina miejsko-wiejska,3017063,2021,nowy,,,,,,,,,,
20910,wielkopolskie,ostrowski,Raszków,gmina miejsko-wiejska,3017063,2022,nowy,,,,,,,,,,
20911,wielkopolskie,ostrowski,Raszków,gmina miejsko-wiejska,3017063,2023,nowy,,,,,,,,,,
20912,wielkopolskie,ostrowski,Raszków,gmina miejsko-wiejska,3017063,2024,nowy,,,,,,,,,,
20913,wielkopolskie,ostrowski,Raszków,gmina miejsko-wiejska,3017063,2025,nowy,,,,,,,,,,
20914,wielkopolskie,ostrowski,Sieroszewice,gmina wiejska,3017072,2018,nowy,,,,,,,,,,
20915,wielkopolskie,ostrowski,Sieroszewice,gmina wiejska,3017072,2019,nowy,,,,,,,,,,
20916,wielkopolskie,ostrowski,Sieroszewice,gmina wiejska,3017072,2020,nowy,,,,,,,,,,
20917,wielkopolskie,ostrowski,Sieroszewice,gmina wiejska,3017072,2021,nowy,,,,,,,,,,
20918,wielkopolskie,ostrowski,Sieroszewice,gmina wiejska,3017072,2022,nowy,,,,,,,,,,
20919,wielkopolskie,ostrowski,Sieroszewice,gmina wiejska,3017072,2023,nowy,,,,,,,,,,
20920,wielkopolskie,ostrowski,Sieroszewice,gmina wiejska,3017072,2024,nowy,,,,,,,,,,
20921,wielkopolskie,ostrowski,Sieroszewice,gmina wiejska,3017072,2025,nowy,,,,,,,,,,
20922,wielkopolskie,ostrowski,Sośnie,gmina wiejska,3017082,2018,nowy,,,,,,,,,,
20923,wielkopolskie,ostrowski,Sośnie,gmina wiejska,3017082,2019,nowy,,,,,,,,,,
20924,wielkopolskie,ostrowski,Sośnie,gmina wiejska,3017082,2020,nowy,,,,,,,,,,
20925,wielkopolskie,ostrowski,Sośnie,gmina wiejska,3017082,2021,nowy,,,,,,,,,,
20926,wielkopolskie,ostrowski,Sośnie,gmina wiejska,3017082,2022,nowy,,,,,,,,,,
20927,wielkopolskie,ostrowski,Sośnie,gmina wiejska,3017082,2023,nowy,,,,,,,,,,
20928,wielkopolskie,ostrowski,Sośnie,gmina wiejska,3017082,2024,nowy,,,,,,,,,,
20929,wielkopolskie,ostrowski,Sośnie,gmina wiejska,3017082,2025,nowy,,,,,,,,,,
20930,wielkopolskie,ostrzeszowski,-,-,3018,2018,nowy,,,,,,,,,,
20931,wielkopolskie,ostrzeszowski,-,-,3018,2019,nowy,,,,,,,,,,
20932,wielkopolskie,ostrzeszowski,-,-,3018,2020,nowy,,,,,,,,,,
20933,wielkopolskie,ostrzeszowski,-,-,3018,2021,nowy,,,,,,,,,,
20934,wielkopolskie,ostrzeszowski,-,-,3018,2022,nowy,,,,,,,,,,
20935,wielkopolskie,ostrzeszowski,-,-,3018,2023,nowy,,,,,,,,,,
20936,wielkopolskie,ostrzeszowski,-,-,3018,2024,nowy,,,,,,,,,,
20937,wielkopolskie,ostrzeszowski,-,-,3018,2025,nowy,,,,,,,,,,
20938,wielkopolskie,ostrzeszowski,Czajków,gmina wiejska,3018012,2018,nowy,,,,,,,,,,
20939,wielkopolskie,ostrzeszowski,Czajków,gmina wiejska,3018012,2019,nowy,,,,,,,,,,
20940,wielkopolskie,ostrzeszowski,Czajków,gmina wiejska,3018012,2020,nowy,,,,,,,,,,
20941,wielkopolskie,ostrzeszowski,Czajków,gmina wiejska,3018012,2021,nowy,,,,,,,,,,
20942,wielkopolskie,ostrzeszowski,Czajków,gmina wiejska,3018012,2022,nowy,,,,,,,,,,
20943,wielkopolskie,ostrzeszowski,Czajków,gmina wiejska,3018012,2023,nowy,,,,,,,,,,
20944,wielkopolskie,ostrzeszowski,Czajków,gmina wiejska,3018012,2024,nowy,,,,,,,,,,
20945,wielkopolskie,ostrzeszowski,Czajków,gmina wiejska,3018012,2025,nowy,,,,,,,,,,
20946,wielkopolskie,ostrzeszowski,Doruchów,gmina wiejska,3018022,2018,nowy,,,,,,,,,,
20947,wielkopolskie,ostrzeszowski,Doruchów,gmina wiejska,3018022,2019,nowy,,,,,,,,,,
20948,wielkopolskie,ostrzeszowski,Doruchów,gmina wiejska,3018022,2020,nowy,,,,,,,,,,
20949,wielkopolskie,ostrzeszowski,Doruchów,gmina wiejska,3018022,2021,nowy,,,,,,,,,,
20950,wielkopolskie,ostrzeszowski,Doruchów,gmina wiejska,3018022,2022,nowy,,,,,,,,,,
20951,wielkopolskie,ostrzeszowski,Doruchów,gmina wiejska,3018022,2023,nowy,,,,,,,,,,
20952,wielkopolskie,ostrzeszowski,Doruchów,gmina wiejska,3018022,2024,nowy,,,,,,,,,,
20953,wielkopolskie,ostrzeszowski,Doruchów,gmina wiejska,3018022,2025,nowy,,,,,,,,,,
20954,wielkopolskie,ostrzeszowski,Grabów nad Prosną,gmina miejsko-wiejska,3018033,2018,nowy,,,,,,,,,,
20955,wielkopolskie,ostrzeszowski,Grabów nad Prosną,gmina miejsko-wiejska,3018033,2019,nowy,,,,,,,,,,
20956,wielkopolskie,ostrzeszowski,Grabów nad Prosną,gmina miejsko-wiejska,3018033,2020,nowy,,,,,,,,,,
20957,wielkopolskie,ostrzeszowski,Grabów nad Prosną,gmina miejsko-wiejska,3018033,2021,nowy,,,,,,,,,,
20958,wielkopolskie,ostrzeszowski,Grabów nad Prosną,gmina miejsko-wiejska,3018033,2022,nowy,,,,,,,,,,
20959,wielkopolskie,ostrzeszowski,Grabów nad Prosną,gmina miejsko-wiejska,3018033,2023,nowy,,,,,,,,,,
20960,wielkopolskie,ostrzeszowski,Grabów nad Prosną,gmina miejsko-wiejska,3018033,2024,nowy,,,,,,,,,,
20961,wielkopolskie,ostrzeszowski,Grabów nad Prosną,gmina miejsko-wiejska,3018033,2025,nowy,,,,,,,,,,
20962,wielkopolskie,ostrzeszowski,Kobyla Góra,gmina wiejska,3018042,2018,nowy,,,,,,,,,,
20963,wielkopolskie,ostrzeszowski,Kobyla Góra,gmina wiejska,3018042,2019,nowy,,,,,,,,,,
20964,wielkopolskie,ostrzeszowski,Kobyla Góra,gmina wiejska,3018042,2020,nowy,,,,,,,,,,
20965,wielkopolskie,ostrzeszowski,Kobyla Góra,gmina wiejska,3018042,2021,nowy,,,,,,,,,,
20966,wielkopolskie,ostrzeszowski,Kobyla Góra,gmina wiejska,3018042,2022,nowy,,,,,,,,,,
20967,wielkopolskie,ostrzeszowski,Kobyla Góra,gmina wiejska,3018042,2023,nowy,,,,,,,,,,
20968,wielkopolskie,ostrzeszowski,Kobyla Góra,gmina wiejska,3018042,2024,nowy,,,,,,,,,,
20969,wielkopolskie,ostrzeszowski,Kobyla Góra,gmina wiejska,3018042,2025,nowy,,,,,,,,,,
20970,wielkopolskie,ostrzeszowski,Kraszewice,gmina wiejska,3018052,2018,nowy,,,,,,,,,,
20971,wielkopolskie,ostrzeszowski,Kraszewice,gmina wiejska,3018052,2019,nowy,,,,,,,,,,
20972,wielkopolskie,ostrzeszowski,Kraszewice,gmina wiejska,3018052,2020,nowy,,,,,,,,,,
20973,wielkopolskie,ostrzeszowski,Kraszewice,gmina wiejska,3018052,2021,nowy,,,,,,,,,,
20974,wielkopolskie,ostrzeszowski,Kraszewice,gmina wiejska,3018052,2022,nowy,,,,,,,,,,
20975,wielkopolskie,ostrzeszowski,Kraszewice,gmina wiejska,3018052,2023,nowy,,,,,,,,,,
20976,wielkopolskie,ostrzeszowski,Kraszewice,gmina wiejska,3018052,2024,nowy,,,,,,,,,,
20977,wielkopolskie,ostrzeszowski,Kraszewice,gmina wiejska,3018052,2025,nowy,,,,,,,,,,
20978,wielkopolskie,ostrzeszowski,Mikstat,gmina miejsko-wiejska,3018063,2018,nowy,,,,,,,,,,
20979,wielkopolskie,ostrzeszowski,Mikstat,gmina miejsko-wiejska,3018063,2019,nowy,,,,,,,,,,
20980,wielkopolskie,ostrzeszowski,Mikstat,gmina miejsko-wiejska,3018063,2020,nowy,,,,,,,,,,
20981,wielkopolskie,ostrzeszowski,Mikstat,gmina miejsko-wiejska,3018063,2021,nowy,,,,,,,,,,
20982,wielkopolskie,ostrzeszowski,Mikstat,gmina miejsko-wiejska,3018063,2022,nowy,,,,,,,,,,
20983,wielkopolskie,ostrzeszowski,Mikstat,gmina miejsko-wiejska,3018063,2023,nowy,,,,,,,,,,
20984,wielkopolskie,ostrzeszowski,Mikstat,gmina miejsko-wiejska,3018063,2024,nowy,,,,,,,,,,
20985,wielkopolskie,ostrzeszowski,Mikstat,gmina miejsko-wiejska,3018063,2025,nowy,,,,,,,,,,
20986,wielkopolskie,ostrzeszowski,Ostrzeszów,gmina miejsko-wiejska,3018073,2018,nowy,,,,,,,,,,
20987,wielkopolskie,ostrzeszowski,Ostrzeszów,gmina miejsko-wiejska,3018073,2019,nowy,,,,,,,,,,
20988,wielkopolskie,ostrzeszowski,Ostrzeszów,gmina miejsko-wiejska,3018073,2020,nowy,,,,,,,,,,
20989,wielkopolskie,ostrzeszowski,Ostrzeszów,gmina miejsko-wiejska,3018073,2021,nowy,,,,,,,,,,
20990,wielkopolskie,ostrzeszowski,Ostrzeszów,gmina miejsko-wiejska,3018073,2022,nowy,,,,,,,,,,
20991,wielkopolskie,ostrzeszowski,Ostrzeszów,gmina miejsko-wiejska,3018073,2023,nowy,,,,,,,,,,
20992,wielkopolskie,ostrzeszowski,Ostrzeszów,gmina miejsko-wiejska,3018073,2024,nowy,,,,,,,,,,
20993,wielkopolskie,ostrzeszowski,Ostrzeszów,gmina miejsko-wiejska,3018073,2025,nowy,,,,,,,,,,
20994,wielkopolskie,pilski,-,-,3019,2018,nowy,,,,,,,,,,
20995,wielkopolskie,pilski,-,-,3019,2019,nowy,,,,,,,,,,
20996,wielkopolskie,pilski,-,-,3019,2020,nowy,,,,,,,,,,
20997,wielkopolskie,pilski,-,-,3019,2021,nowy,,,,,,,,,,
20998,wielkopolskie,pilski,-,-,3019,2022,nowy,,,,,,,,,,
20999,wielkopolskie,pilski,-,-,3019,2023,nowy,,,,,,,,,,
21000,wielkopolskie,pilski,-,-,3019,2024,nowy,,,,,,,,,,
21001,wielkopolskie,pilski,-,-,3019,2025,nowy,,,,,,,,,,
21002,wielkopolskie,pilski,Piła,gmina miejska,3019011,2018,nowy,,,,,,,,,,
21003,wielkopolskie,pilski,Piła,gmina miejska,3019011,2019,nowy,,,,,,,,,,
21004,wielkopolskie,pilski,Piła,gmina miejska,3019011,2020,nowy,,,,,,,,,,
21005,wielkopolskie,pilski,Piła,gmina miejska,3019011,2021,nowy,,,,,,,,,,
21006,wielkopolskie,pilski,Piła,gmina miejska,3019011,2022,nowy,,,,,,,,,,
21007,wielkopolskie,pilski,Piła,gmina miejska,3019011,2023,nowy,,,,,,,,,,
21008,wielkopolskie,pilski,Piła,gmina miejska,3019011,2024,nowy,,,,,,,,,,
21009,wielkopolskie,pilski,Piła,gmina miejska,3019011,2025,nowy,,,,,,,,,,
21010,wielkopolskie,pilski,Białośliwie,gmina wiejska,3019022,2018,nowy,,,,,,,,,,
21011,wielkopolskie,pilski,Białośliwie,gmina wiejska,3019022,2019,nowy,,,,,,,,,,
21012,wielkopolskie,pilski,Białośliwie,gmina wiejska,3019022,2020,nowy,,,,,,,,,,
21013,wielkopolskie,pilski,Białośliwie,gmina wiejska,3019022,2021,nowy,,,,,,,,,,
21014,wielkopolskie,pilski,Białośliwie,gmina wiejska,3019022,2022,nowy,,,,,,,,,,
21015,wielkopolskie,pilski,Białośliwie,gmina wiejska,3019022,2023,nowy,,,,,,,,,,
21016,wielkopolskie,pilski,Białośliwie,gmina wiejska,3019022,2024,nowy,,,,,,,,,,
21017,wielkopolskie,pilski,Białośliwie,gmina wiejska,3019022,2025,nowy,,,,,,,,,,
21018,wielkopolskie,pilski,Kaczory,gmina wiejska,3019032,2018,nowy,,,,,,,,,,
21019,wielkopolskie,pilski,Kaczory,gmina wiejska,3019032,2019,nowy,,,,,,,,,,
21020,wielkopolskie,pilski,Kaczory,gmina wiejska,3019032,2020,nowy,,,,,,,,,,
21021,wielkopolskie,pilski,Kaczory,gmina wiejska,3019032,2021,nowy,,,,,,,,,,
21022,wielkopolskie,pilski,Kaczory,gmina miejsko-wiejska,3019033,2022,nowy,,,,,,,,,,
21023,wielkopolskie,pilski,Kaczory,gmina miejsko-wiejska,3019033,2023,nowy,,,,,,,,,,
21024,wielkopolskie,pilski,Kaczory,gmina miejsko-wiejska,3019033,2024,nowy,,,,,,,,,,
21025,wielkopolskie,pilski,Kaczory,gmina miejsko-wiejska,3019033,2025,nowy,,,,,,,,,,
21026,wielkopolskie,pilski,Łobżenica,gmina miejsko-wiejska,3019043,2018,nowy,,,,,,,,,,
21027,wielkopolskie,pilski,Łobżenica,gmina miejsko-wiejska,3019043,2019,nowy,,,,,,,,,,
21028,wielkopolskie,pilski,Łobżenica,gmina miejsko-wiejska,3019043,2020,nowy,,,,,,,,,,
21029,wielkopolskie,pilski,Łobżenica,gmina miejsko-wiejska,3019043,2021,nowy,,,,,,,,,,
21030,wielkopolskie,pilski,Łobżenica,gmina miejsko-wiejska,3019043,2022,nowy,,,,,,,,,,
21031,wielkopolskie,pilski,Łobżenica,gmina miejsko-wiejska,3019043,2023,nowy,,,,,,,,,,
21032,wielkopolskie,pilski,Łobżenica,gmina miejsko-wiejska,3019043,2024,nowy,,,,,,,,,,
21033,wielkopolskie,pilski,Łobżenica,gmina miejsko-wiejska,3019043,2025,nowy,,,,,,,,,,
21034,wielkopolskie,pilski,Miasteczko Krajeńskie,gmina wiejska,3019052,2018,nowy,,,,,,,,,,
21035,wielkopolskie,pilski,Miasteczko Krajeńskie,gmina wiejska,3019052,2019,nowy,,,,,,,,,,
21036,wielkopolskie,pilski,Miasteczko Krajeńskie,gmina wiejska,3019052,2020,nowy,,,,,,,,,,
21037,wielkopolskie,pilski,Miasteczko Krajeńskie,gmina wiejska,3019052,2021,nowy,,,,,,,,,,
21038,wielkopolskie,pilski,Miasteczko Krajeńskie,gmina wiejska,3019052,2022,nowy,,,,,,,,,,
21039,wielkopolskie,pilski,Miasteczko Krajeńskie,gmina miejsko-wiejska,3019053,2023,nowy,,,,,,,,,,
21040,wielkopolskie,pilski,Miasteczko Krajeńskie,gmina miejsko-wiejska,3019053,2024,nowy,,,,,,,,,,
21041,wielkopolskie,pilski,Miasteczko Krajeńskie,gmina miejsko-wiejska,3019053,2025,nowy,,,,,,,,,,
21042,wielkopolskie,pilski,Szydłowo,gmina wiejska,3019062,2018,nowy,,,,,,,,,,
21043,wielkopolskie,pilski,Szydłowo,gmina wiejska,3019062,2019,nowy,,,,,,,,,,
21044,wielkopolskie,pilski,Szydłowo,gmina wiejska,3019062,2020,nowy,,,,,,,,,,
21045,wielkopolskie,pilski,Szydłowo,gmina wiejska,3019062,2021,nowy,,,,,,,,,,
21046,wielkopolskie,pilski,Szydłowo,gmina wiejska,3019062,2022,nowy,,,,,,,,,,
21047,wielkopolskie,pilski,Szydłowo,gmina wiejska,3019062,2023,nowy,,,,,,,,,,
21048,wielkopolskie,pilski,Szydłowo,gmina wiejska,3019062,2024,nowy,,,,,,,,,,
21049,wielkopolskie,pilski,Szydłowo,gmina wiejska,3019062,2025,nowy,,,,,,,,,,
21050,wielkopolskie,pilski,Ujście,gmina miejsko-wiejska,3019073,2018,nowy,,,,,,,,,,
21051,wielkopolskie,pilski,Ujście,gmina miejsko-wiejska,3019073,2019,nowy,,,,,,,,,,
21052,wielkopolskie,pilski,Ujście,gmina miejsko-wiejska,3019073,2020,nowy,,,,,,,,,,
21053,wielkopolskie,pilski,Ujście,gmina miejsko-wiejska,3019073,2021,nowy,,,,,,,,,,
21054,wielkopolskie,pilski,Ujście,gmina miejsko-wiejska,3019073,2022,nowy,,,,,,,,,,
21055,wielkopolskie,pilski,Ujście,gmina miejsko-wiejska,3019073,2023,nowy,,,,,,,,,,
21056,wielkopolskie,pilski,Ujście,gmina miejsko-wiejska,3019073,2024,nowy,,,,,,,,,,
21057,wielkopolskie,pilski,Ujście,gmina miejsko-wiejska,3019073,2025,nowy,,,,,,,,,,
21058,wielkopolskie,pilski,Wyrzysk,gmina miejsko-wiejska,3019083,2018,nowy,,,,,,,,,,
21059,wielkopolskie,pilski,Wyrzysk,gmina miejsko-wiejska,3019083,2019,nowy,,,,,,,,,,
21060,wielkopolskie,pilski,Wyrzysk,gmina miejsko-wiejska,3019083,2020,nowy,,,,,,,,,,
21061,wielkopolskie,pilski,Wyrzysk,gmina miejsko-wiejska,3019083,2021,nowy,,,,,,,,,,
21062,wielkopolskie,pilski,Wyrzysk,gmina miejsko-wiejska,3019083,2022,nowy,,,,,,,,,,
21063,wielkopolskie,pilski,Wyrzysk,gmina miejsko-wiejska,3019083,2023,nowy,,,,,,,,,,
21064,wielkopolskie,pilski,Wyrzysk,gmina miejsko-wiejska,3019083,2024,nowy,,,,,,,,,,
21065,wielkopolskie,pilski,Wyrzysk,gmina miejsko-wiejska,3019083,2025,nowy,,,,,,,,,,
21066,wielkopolskie,pilski,Wysoka,gmina miejsko-wiejska,3019093,2018,nowy,,,,,,,,,,
21067,wielkopolskie,pilski,Wysoka,gmina miejsko-wiejska,3019093,2019,nowy,,,,,,,,,,
21068,wielkopolskie,pilski,Wysoka,gmina miejsko-wiejska,3019093,2020,nowy,,,,,,,,,,
21069,wielkopolskie,pilski,Wysoka,gmina miejsko-wiejska,3019093,2021,nowy,,,,,,,,,,
21070,wielkopolskie,pilski,Wysoka,gmina miejsko-wiejska,3019093,2022,nowy,,,,,,,,,,
21071,wielkopolskie,pilski,Wysoka,gmina miejsko-wiejska,3019093,2023,nowy,,,,,,,,,,
21072,wielkopolskie,pilski,Wysoka,gmina miejsko-wiejska,3019093,2024,nowy,,,,,,,,,,
21073,wielkopolskie,pilski,Wysoka,gmina miejsko-wiejska,3019093,2025,nowy,,,,,,,,,,
21074,wielkopolskie,pleszewski,-,-,3020,2018,nowy,,,,,,,,,,
21075,wielkopolskie,pleszewski,-,-,3020,2019,nowy,,,,,,,,,,
21076,wielkopolskie,pleszewski,-,-,3020,2020,nowy,,,,,,,,,,
21077,wielkopolskie,pleszewski,-,-,3020,2021,nowy,,,,,,,,,,
21078,wielkopolskie,pleszewski,-,-,3020,2022,nowy,,,,,,,,,,
21079,wielkopolskie,pleszewski,-,-,3020,2023,nowy,,,,,,,,,,
21080,wielkopolskie,pleszewski,-,-,3020,2024,nowy,,,,,,,,,,
21081,wielkopolskie,pleszewski,-,-,3020,2025,nowy,,,,,,,,,,
21082,wielkopolskie,pleszewski,Chocz,gmina miejsko-wiejska,3020013,2018,nowy,,,,,,,,,,
21083,wielkopolskie,pleszewski,Chocz,gmina miejsko-wiejska,3020013,2019,nowy,,,,,,,,,,
21084,wielkopolskie,pleszewski,Chocz,gmina miejsko-wiejska,3020013,2020,nowy,,,,,,,,,,
21085,wielkopolskie,pleszewski,Chocz,gmina miejsko-wiejska,3020013,2021,nowy,,,,,,,,,,
21086,wielkopolskie,pleszewski,Chocz,gmina miejsko-wiejska,3020013,2022,nowy,,,,,,,,,,
21087,wielkopolskie,pleszewski,Chocz,gmina miejsko-wiejska,3020013,2023,nowy,,,,,,,,,,
21088,wielkopolskie,pleszewski,Chocz,gmina miejsko-wiejska,3020013,2024,nowy,,,,,,,,,,
21089,wielkopolskie,pleszewski,Chocz,gmina miejsko-wiejska,3020013,2025,nowy,,,,,,,,,,
21090,wielkopolskie,pleszewski,Czermin,gmina wiejska,3020022,2018,nowy,,,,,,,,,,
21091,wielkopolskie,pleszewski,Czermin,gmina wiejska,3020022,2019,nowy,,,,,,,,,,
21092,wielkopolskie,pleszewski,Czermin,gmina wiejska,3020022,2020,nowy,,,,,,,,,,
21093,wielkopolskie,pleszewski,Czermin,gmina wiejska,3020022,2021,nowy,,,,,,,,,,
21094,wielkopolskie,pleszewski,Czermin,gmina wiejska,3020022,2022,nowy,,,,,,,,,,
21095,wielkopolskie,pleszewski,Czermin,gmina wiejska,3020022,2023,nowy,,,,,,,,,,
21096,wielkopolskie,pleszewski,Czermin,gmina wiejska,3020022,2024,nowy,,,,,,,,,,
21097,wielkopolskie,pleszewski,Czermin,gmina wiejska,3020022,2025,nowy,,,,,,,,,,
21098,wielkopolskie,pleszewski,Dobrzyca,gmina miejsko-wiejska,3020033,2018,nowy,,,,,,,,,,
21099,wielkopolskie,pleszewski,Dobrzyca,gmina miejsko-wiejska,3020033,2019,nowy,,,,,,,,,,
21100,wielkopolskie,pleszewski,Dobrzyca,gmina miejsko-wiejska,3020033,2020,nowy,,,,,,,,,,
21101,wielkopolskie,pleszewski,Dobrzyca,gmina miejsko-wiejska,3020033,2021,nowy,,,,,,,,,,
21102,wielkopolskie,pleszewski,Dobrzyca,gmina miejsko-wiejska,3020033,2022,nowy,,,,,,,,,,
21103,wielkopolskie,pleszewski,Dobrzyca,gmina miejsko-wiejska,3020033,2023,nowy,,,,,,,,,,
21104,wielkopolskie,pleszewski,Dobrzyca,gmina miejsko-wiejska,3020033,2024,nowy,,,,,,,,,,
21105,wielkopolskie,pleszewski,Dobrzyca,gmina miejsko-wiejska,3020033,2025,nowy,,,,,,,,,,
21106,wielkopolskie,pleszewski,Gizałki,gmina wiejska,3020042,2018,nowy,,,,,,,,,,
21107,wielkopolskie,pleszewski,Gizałki,gmina wiejska,3020042,2019,nowy,,,,,,,,,,
21108,wielkopolskie,pleszewski,Gizałki,gmina wiejska,3020042,2020,nowy,,,,,,,,,,
21109,wielkopolskie,pleszewski,Gizałki,gmina wiejska,3020042,2021,nowy,,,,,,,,,,
21110,wielkopolskie,pleszewski,Gizałki,gmina wiejska,3020042,2022,nowy,,,,,,,,,,
21111,wielkopolskie,pleszewski,Gizałki,gmina wiejska,3020042,2023,nowy,,,,,,,,,,
21112,wielkopolskie,pleszewski,Gizałki,gmina wiejska,3020042,2024,nowy,,,,,,,,,,
21113,wielkopolskie,pleszewski,Gizałki,gmina wiejska,3020042,2025,nowy,,,,,,,,,,
21114,wielkopolskie,pleszewski,Gołuchów,gmina wiejska,3020052,2018,nowy,,,,,,,,,,
21115,wielkopolskie,pleszewski,Gołuchów,gmina wiejska,3020052,2019,nowy,,,,,,,,,,
21116,wielkopolskie,pleszewski,Gołuchów,gmina wiejska,3020052,2020,nowy,,,,,,,,,,
21117,wielkopolskie,pleszewski,Gołuchów,gmina wiejska,3020052,2021,nowy,,,,,,,,,,
21118,wielkopolskie,pleszewski,Gołuchów,gmina wiejska,3020052,2022,nowy,,,,,,,,,,
21119,wielkopolskie,pleszewski,Gołuchów,gmina wiejska,3020052,2023,nowy,,,,,,,,,,
21120,wielkopolskie,pleszewski,Gołuchów,gmina wiejska,3020052,2024,nowy,,,,,,,,,,
21121,wielkopolskie,pleszewski,Gołuchów,gmina wiejska,3020052,2025,nowy,,,,,,,,,,
21122,wielkopolskie,pleszewski,Pleszew,gmina miejsko-wiejska,3020063,2018,nowy,,,,,,,,,,
21123,wielkopolskie,pleszewski,Pleszew,gmina miejsko-wiejska,3020063,2019,nowy,,,,,,,,,,
21124,wielkopolskie,pleszewski,Pleszew,gmina miejsko-wiejska,3020063,2020,nowy,,,,,,,,,,
21125,wielkopolskie,pleszewski,Pleszew,gmina miejsko-wiejska,3020063,2021,nowy,,,,,,,,,,
21126,wielkopolskie,pleszewski,Pleszew,gmina miejsko-wiejska,3020063,2022,nowy,,,,,,,,,,
21127,wielkopolskie,pleszewski,Pleszew,gmina miejsko-wiejska,3020063,2023,nowy,,,,,,,,,,
21128,wielkopolskie,pleszewski,Pleszew,gmina miejsko-wiejska,3020063,2024,nowy,,,,,,,,,,
21129,wielkopolskie,pleszewski,Pleszew,gmina miejsko-wiejska,3020063,2025,nowy,,,,,,,,,,
21130,wielkopolskie,poznański,-,-,3021,2018,nowy,,,,,,,,,,
21131,wielkopolskie,poznański,-,-,3021,2019,nowy,,,,,,,,,,
21132,wielkopolskie,poznański,-,-,3021,2020,nowy,,,,,,,,,,
21133,wielkopolskie,poznański,-,-,3021,2021,nowy,,,,,,,,,,
21134,wielkopolskie,poznański,-,-,3021,2022,nowy,,,,,,,,,,
21135,wielkopolskie,poznański,-,-,3021,2023,nowy,,,,,,,,,,
21136,wielkopolskie,poznański,-,-,3021,2024,nowy,,,,,,,,,,
21137,wielkopolskie,poznański,-,-,3021,2025,nowy,,,,,,,,,,
21138,wielkopolskie,poznański,Luboń,gmina miejska,3021011,2018,nowy,,,,,,,,,,
21139,wielkopolskie,poznański,Luboń,gmina miejska,3021011,2019,nowy,,,,,,,,,,
21140,wielkopolskie,poznański,Luboń,gmina miejska,3021011,2020,nowy,,,,,,,,,,
21141,wielkopolskie,poznański,Luboń,gmina miejska,3021011,2021,nowy,,,,,,,,,,
21142,wielkopolskie,poznański,Luboń,gmina miejska,3021011,2022,nowy,,,,,,,,,,
21143,wielkopolskie,poznański,Luboń,gmina miejska,3021011,2023,nowy,,,,,,,,,,
21144,wielkopolskie,poznański,Luboń,gmina miejska,3021011,2024,nowy,,,,,,,,,,
21145,wielkopolskie,poznański,Luboń,gmina miejska,3021011,2025,nowy,,,,,,,,,,
21146,wielkopolskie,poznański,Puszczykowo,gmina miejska,3021021,2018,nowy,,,,,,,,,,
21147,wielkopolskie,poznański,Puszczykowo,gmina miejska,3021021,2019,nowy,,,,,,,,,,
21148,wielkopolskie,poznański,Puszczykowo,gmina miejska,3021021,2020,nowy,,,,,,,,,,
21149,wielkopolskie,poznański,Puszczykowo,gmina miejska,3021021,2021,nowy,,,,,,,,,,
21150,wielkopolskie,poznański,Puszczykowo,gmina miejska,3021021,2022,nowy,,,,,,,,,,
21151,wielkopolskie,poznański,Puszczykowo,gmina miejska,3021021,2023,nowy,,,,,,,,,,
21152,wielkopolskie,poznański,Puszczykowo,gmina miejska,3021021,2024,nowy,,,,,,,,,,
21153,wielkopolskie,poznański,Puszczykowo,gmina miejska,3021021,2025,nowy,,,,,,,,,,
21154,wielkopolskie,poznański,Buk,gmina miejsko-wiejska,3021033,2018,nowy,,,,,,,,,,
21155,wielkopolskie,poznański,Buk,gmina miejsko-wiejska,3021033,2019,nowy,,,,,,,,,,
21156,wielkopolskie,poznański,Buk,gmina miejsko-wiejska,3021033,2020,nowy,,,,,,,,,,
21157,wielkopolskie,poznański,Buk,gmina miejsko-wiejska,3021033,2021,nowy,,,,,,,,,,
21158,wielkopolskie,poznański,Buk,gmina miejsko-wiejska,3021033,2022,nowy,,,,,,,,,,
21159,wielkopolskie,poznański,Buk,gmina miejsko-wiejska,3021033,2023,nowy,,,,,,,,,,
21160,wielkopolskie,poznański,Buk,gmina miejsko-wiejska,3021033,2024,nowy,,,,,,,,,,
21161,wielkopolskie,poznański,Buk,gmina miejsko-wiejska,3021033,2025,nowy,,,,,,,,,,
21162,wielkopolskie,poznański,Czerwonak,gmina wiejska,3021042,2018,nowy,,,,,,,,,,
21163,wielkopolskie,poznański,Czerwonak,gmina wiejska,3021042,2019,nowy,,,,,,,,,,
21164,wielkopolskie,poznański,Czerwonak,gmina wiejska,3021042,2020,nowy,,,,,,,,,,
21165,wielkopolskie,poznański,Czerwonak,gmina wiejska,3021042,2021,nowy,,,,,,,,,,
21166,wielkopolskie,poznański,Czerwonak,gmina wiejska,3021042,2022,nowy,,,,,,,,,,
21167,wielkopolskie,poznański,Czerwonak,gmina wiejska,3021042,2023,nowy,,,,,,,,,,
21168,wielkopolskie,poznański,Czerwonak,gmina wiejska,3021042,2024,nowy,,,,,,,,,,
21169,wielkopolskie,poznański,Czerwonak,gmina wiejska,3021042,2025,nowy,,,,,,,,,,
21170,wielkopolskie,poznański,Dopiewo,gmina wiejska,3021052,2018,nowy,,,,,,,,,,
21171,wielkopolskie,poznański,Dopiewo,gmina wiejska,3021052,2019,nowy,,,,,,,,,,
21172,wielkopolskie,poznański,Dopiewo,gmina wiejska,3021052,2020,nowy,,,,,,,,,,
21173,wielkopolskie,poznański,Dopiewo,gmina wiejska,3021052,2021,nowy,,,,,,,,,,
21174,wielkopolskie,poznański,Dopiewo,gmina wiejska,3021052,2022,nowy,,,,,,,,,,
21175,wielkopolskie,poznański,Dopiewo,gmina wiejska,3021052,2023,nowy,,,,,,,,,,
21176,wielkopolskie,poznański,Dopiewo,gmina wiejska,3021052,2024,nowy,,,,,,,,,,
21177,wielkopolskie,poznański,Dopiewo,gmina wiejska,3021052,2025,nowy,,,,,,,,,,
21178,wielkopolskie,poznański,Kleszczewo,gmina wiejska,3021062,2018,nowy,,,,,,,,,,
21179,wielkopolskie,poznański,Kleszczewo,gmina wiejska,3021062,2019,nowy,,,,,,,,,,
21180,wielkopolskie,poznański,Kleszczewo,gmina wiejska,3021062,2020,nowy,,,,,,,,,,
21181,wielkopolskie,poznański,Kleszczewo,gmina wiejska,3021062,2021,nowy,,,,,,,,,,
21182,wielkopolskie,poznański,Kleszczewo,gmina wiejska,3021062,2022,nowy,,,,,,,,,,
21183,wielkopolskie,poznański,Kleszczewo,gmina wiejska,3021062,2023,nowy,,,,,,,,,,
21184,wielkopolskie,poznański,Kleszczewo,gmina wiejska,3021062,2024,nowy,,,,,,,,,,
21185,wielkopolskie,poznański,Kleszczewo,gmina wiejska,3021062,2025,nowy,,,,,,,,,,
21186,wielkopolskie,poznański,Komorniki,gmina wiejska,3021072,2018,nowy,,,,,,,,,,
21187,wielkopolskie,poznański,Komorniki,gmina wiejska,3021072,2019,nowy,,,,,,,,,,
21188,wielkopolskie,poznański,Komorniki,gmina wiejska,3021072,2020,nowy,,,,,,,,,,
21189,wielkopolskie,poznański,Komorniki,gmina wiejska,3021072,2021,nowy,,,,,,,,,,
21190,wielkopolskie,poznański,Komorniki,gmina wiejska,3021072,2022,nowy,,,,,,,,,,
21191,wielkopolskie,poznański,Komorniki,gmina wiejska,3021072,2023,nowy,,,,,,,,,,
21192,wielkopolskie,poznański,Komorniki,gmina wiejska,3021072,2024,nowy,,,,,,,,,,
21193,wielkopolskie,poznański,Komorniki,gmina wiejska,3021072,2025,nowy,,,,,,,,,,
21194,wielkopolskie,poznański,Kostrzyn,gmina miejsko-wiejska,3021083,2018,nowy,,,,,,,,,,
21195,wielkopolskie,poznański,Kostrzyn,gmina miejsko-wiejska,3021083,2019,nowy,,,,,,,,,,
21196,wielkopolskie,poznański,Kostrzyn,gmina miejsko-wiejska,3021083,2020,nowy,,,,,,,,,,
21197,wielkopolskie,poznański,Kostrzyn,gmina miejsko-wiejska,3021083,2021,nowy,,,,,,,,,,
21198,wielkopolskie,poznański,Kostrzyn,gmina miejsko-wiejska,3021083,2022,nowy,,,,,,,,,,
21199,wielkopolskie,poznański,Kostrzyn,gmina miejsko-wiejska,3021083,2023,nowy,,,,,,,,,,
21200,wielkopolskie,poznański,Kostrzyn,gmina miejsko-wiejska,3021083,2024,nowy,,,,,,,,,,
21201,wielkopolskie,poznański,Kostrzyn,gmina miejsko-wiejska,3021083,2025,nowy,,,,,,,,,,
21202,wielkopolskie,poznański,Kórnik,gmina miejsko-wiejska,3021093,2018,nowy,,,,,,,,,,
21203,wielkopolskie,poznański,Kórnik,gmina miejsko-wiejska,3021093,2019,nowy,,,,,,,,,,
21204,wielkopolskie,poznański,Kórnik,gmina miejsko-wiejska,3021093,2020,nowy,,,,,,,,,,
21205,wielkopolskie,poznański,Kórnik,gmina miejsko-wiejska,3021093,2021,nowy,,,,,,,,,,
21206,wielkopolskie,poznański,Kórnik,gmina miejsko-wiejska,3021093,2022,nowy,,,,,,,,,,
21207,wielkopolskie,poznański,Kórnik,gmina miejsko-wiejska,3021093,2023,nowy,,,,,,,,,,
21208,wielkopolskie,poznański,Kórnik,gmina miejsko-wiejska,3021093,2024,nowy,,,,,,,,,,
21209,wielkopolskie,poznański,Kórnik,gmina miejsko-wiejska,3021093,2025,nowy,,,,,,,,,,
21210,wielkopolskie,poznański,Mosina,gmina miejsko-wiejska,3021103,2018,nowy,,,,,,,,,,
21211,wielkopolskie,poznański,Mosina,gmina miejsko-wiejska,3021103,2019,nowy,,,,,,,,,,
21212,wielkopolskie,poznański,Mosina,gmina miejsko-wiejska,3021103,2020,nowy,,,,,,,,,,
21213,wielkopolskie,poznański,Mosina,gmina miejsko-wiejska,3021103,2021,nowy,,,,,,,,,,
21214,wielkopolskie,poznański,Mosina,gmina miejsko-wiejska,3021103,2022,nowy,,,,,,,,,,
21215,wielkopolskie,poznański,Mosina,gmina miejsko-wiejska,3021103,2023,nowy,,,,,,,,,,
21216,wielkopolskie,poznański,Mosina,gmina miejsko-wiejska,3021103,2024,nowy,,,,,,,,,,
21217,wielkopolskie,poznański,Mosina,gmina miejsko-wiejska,3021103,2025,nowy,,,,,,,,,,
21218,wielkopolskie,poznański,Murowana Goślina,gmina miejsko-wiejska,3021113,2018,nowy,,,,,,,,,,
21219,wielkopolskie,poznański,Murowana Goślina,gmina miejsko-wiejska,3021113,2019,nowy,,,,,,,,,,
21220,wielkopolskie,poznański,Murowana Goślina,gmina miejsko-wiejska,3021113,2020,nowy,,,,,,,,,,
21221,wielkopolskie,poznański,Murowana Goślina,gmina miejsko-wiejska,3021113,2021,nowy,,,,,,,,,,
21222,wielkopolskie,poznański,Murowana Goślina,gmina miejsko-wiejska,3021113,2022,nowy,,,,,,,,,,
21223,wielkopolskie,poznański,Murowana Goślina,gmina miejsko-wiejska,3021113,2023,nowy,,,,,,,,,,
21224,wielkopolskie,poznański,Murowana Goślina,gmina miejsko-wiejska,3021113,2024,nowy,,,,,,,,,,
21225,wielkopolskie,poznański,Murowana Goślina,gmina miejsko-wiejska,3021113,2025,nowy,,,,,,,,,,
21226,wielkopolskie,poznański,Pobiedziska,gmina miejsko-wiejska,3021123,2018,nowy,,,,,,,,,,
21227,wielkopolskie,poznański,Pobiedziska,gmina miejsko-wiejska,3021123,2019,nowy,,,,,,,,,,
21228,wielkopolskie,poznański,Pobiedziska,gmina miejsko-wiejska,3021123,2020,nowy,,,,,,,,,,
21229,wielkopolskie,poznański,Pobiedziska,gmina miejsko-wiejska,3021123,2021,nowy,,,,,,,,,,
21230,wielkopolskie,poznański,Pobiedziska,gmina miejsko-wiejska,3021123,2022,nowy,,,,,,,,,,
21231,wielkopolskie,poznański,Pobiedziska,gmina miejsko-wiejska,3021123,2023,nowy,,,,,,,,,,
21232,wielkopolskie,poznański,Pobiedziska,gmina miejsko-wiejska,3021123,2024,nowy,,,,,,,,,,
21233,wielkopolskie,poznański,Pobiedziska,gmina miejsko-wiejska,3021123,2025,nowy,,,,,,,,,,
21234,wielkopolskie,poznański,Rokietnica,gmina wiejska,3021132,2018,nowy,,,,,,,,,,
21235,wielkopolskie,poznański,Rokietnica,gmina wiejska,3021132,2019,nowy,,,,,,,,,,
21236,wielkopolskie,poznański,Rokietnica,gmina wiejska,3021132,2020,nowy,,,,,,,,,,
21237,wielkopolskie,poznański,Rokietnica,gmina wiejska,3021132,2021,nowy,,,,,,,,,,
21238,wielkopolskie,poznański,Rokietnica,gmina wiejska,3021132,2022,nowy,,,,,,,,,,
21239,wielkopolskie,poznański,Rokietnica,gmina wiejska,3021132,2023,nowy,,,,,,,,,,
21240,wielkopolskie,poznański,Rokietnica,gmina wiejska,3021132,2024,nowy,,,,,,,,,,
21241,wielkopolskie,poznański,Rokietnica,gmina wiejska,3021132,2025,nowy,,,,,,,,,,
21242,wielkopolskie,poznański,Stęszew,gmina miejsko-wiejska,3021143,2018,nowy,,,,,,,,,,
21243,wielkopolskie,poznański,Stęszew,gmina miejsko-wiejska,3021143,2019,nowy,,,,,,,,,,
21244,wielkopolskie,poznański,Stęszew,gmina miejsko-wiejska,3021143,2020,nowy,,,,,,,,,,
21245,wielkopolskie,poznański,Stęszew,gmina miejsko-wiejska,3021143,2021,nowy,,,,,,,,,,
21246,wielkopolskie,poznański,Stęszew,gmina miejsko-wiejska,3021143,2022,nowy,,,,,,,,,,
21247,wielkopolskie,poznański,Stęszew,gmina miejsko-wiejska,3021143,2023,nowy,,,,,,,,,,
21248,wielkopolskie,poznański,Stęszew,gmina miejsko-wiejska,3021143,2024,nowy,,,,,,,,,,
21249,wielkopolskie,poznański,Stęszew,gmina miejsko-wiejska,3021143,2025,nowy,,,,,,,,,,
21250,wielkopolskie,poznański,Suchy Las,gmina wiejska,3021152,2018,nowy,,,,,,,,,,
21251,wielkopolskie,poznański,Suchy Las,gmina wiejska,3021152,2019,nowy,,,,,,,,,,
21252,wielkopolskie,poznański,Suchy Las,gmina wiejska,3021152,2020,nowy,,,,,,,,,,
21253,wielkopolskie,poznański,Suchy Las,gmina wiejska,3021152,2021,nowy,,,,,,,,,,
21254,wielkopolskie,poznański,Suchy Las,gmina wiejska,3021152,2022,nowy,,,,,,,,,,
21255,wielkopolskie,poznański,Suchy Las,gmina wiejska,3021152,2023,nowy,,,,,,,,,,
21256,wielkopolskie,poznański,Suchy Las,gmina wiejska,3021152,2024,nowy,,,,,,,,,,
21257,wielkopolskie,poznański,Suchy Las,gmina wiejska,3021152,2025,nowy,,,,,,,,,,
21258,wielkopolskie,poznański,Swarzędz,gmina miejsko-wiejska,3021163,2018,nowy,,,,,,,,,,
21259,wielkopolskie,poznański,Swarzędz,gmina miejsko-wiejska,3021163,2019,nowy,,,,,,,,,,
21260,wielkopolskie,poznański,Swarzędz,gmina miejsko-wiejska,3021163,2020,nowy,,,,,,,,,,
21261,wielkopolskie,poznański,Swarzędz,gmina miejsko-wiejska,3021163,2021,nowy,,,,,,,,,,
21262,wielkopolskie,poznański,Swarzędz,gmina miejsko-wiejska,3021163,2022,nowy,,,,,,,,,,
21263,wielkopolskie,poznański,Swarzędz,gmina miejsko-wiejska,3021163,2023,nowy,,,,,,,,,,
21264,wielkopolskie,poznański,Swarzędz,gmina miejsko-wiejska,3021163,2024,nowy,,,,,,,,,,
21265,wielkopolskie,poznański,Swarzędz,gmina miejsko-wiejska,3021163,2025,nowy,,,,,,,,,,
21266,wielkopolskie,poznański,Tarnowo Podgórne,gmina wiejska,3021172,2018,nowy,,,,,,,,,,
21267,wielkopolskie,poznański,Tarnowo Podgórne,gmina wiejska,3021172,2019,nowy,,,,,,,,,,
21268,wielkopolskie,poznański,Tarnowo Podgórne,gmina wiejska,3021172,2020,nowy,,,,,,,,,,
21269,wielkopolskie,poznański,Tarnowo Podgórne,gmina wiejska,3021172,2021,nowy,,,,,,,,,,
21270,wielkopolskie,poznański,Tarnowo Podgórne,gmina wiejska,3021172,2022,nowy,,,,,,,,,,
21271,wielkopolskie,poznański,Tarnowo Podgórne,gmina wiejska,3021172,2023,nowy,,,,,,,,,,
21272,wielkopolskie,poznański,Tarnowo Podgórne,gmina wiejska,3021172,2024,nowy,,,,,,,,,,
21273,wielkopolskie,poznański,Tarnowo Podgórne,gmina wiejska,3021172,2025,nowy,,,,,,,,,,
21274,wielkopolskie,rawicki,-,-,3022,2018,nowy,,,,,,,,,,
21275,wielkopolskie,rawicki,-,-,3022,2019,nowy,,,,,,,,,,
21276,wielkopolskie,rawicki,-,-,3022,2020,nowy,,,,,,,,,,
21277,wielkopolskie,rawicki,-,-,3022,2021,nowy,,,,,,,,,,
21278,wielkopolskie,rawicki,-,-,3022,2022,nowy,,,,,,,,,,
21279,wielkopolskie,rawicki,-,-,3022,2023,nowy,,,,,,,,,,
21280,wielkopolskie,rawicki,-,-,3022,2024,nowy,,,,,,,,,,
21281,wielkopolskie,rawicki,-,-,3022,2025,nowy,,,,,,,,,,
21282,wielkopolskie,rawicki,Bojanowo,gmina miejsko-wiejska,3022013,2018,nowy,,,,,,,,,,
21283,wielkopolskie,rawicki,Bojanowo,gmina miejsko-wiejska,3022013,2019,nowy,,,,,,,,,,
21284,wielkopolskie,rawicki,Bojanowo,gmina miejsko-wiejska,3022013,2020,nowy,,,,,,,,,,
21285,wielkopolskie,rawicki,Bojanowo,gmina miejsko-wiejska,3022013,2021,nowy,,,,,,,,,,
21286,wielkopolskie,rawicki,Bojanowo,gmina miejsko-wiejska,3022013,2022,nowy,,,,,,,,,,
21287,wielkopolskie,rawicki,Bojanowo,gmina miejsko-wiejska,3022013,2023,nowy,,,,,,,,,,
21288,wielkopolskie,rawicki,Bojanowo,gmina miejsko-wiejska,3022013,2024,nowy,,,,,,,,,,
21289,wielkopolskie,rawicki,Bojanowo,gmina miejsko-wiejska,3022013,2025,nowy,,,,,,,,,,
21290,wielkopolskie,rawicki,Jutrosin,gmina miejsko-wiejska,3022023,2018,nowy,,,,,,,,,,
21291,wielkopolskie,rawicki,Jutrosin,gmina miejsko-wiejska,3022023,2019,nowy,,,,,,,,,,
21292,wielkopolskie,rawicki,Jutrosin,gmina miejsko-wiejska,3022023,2020,nowy,,,,,,,,,,
21293,wielkopolskie,rawicki,Jutrosin,gmina miejsko-wiejska,3022023,2021,nowy,,,,,,,,,,
21294,wielkopolskie,rawicki,Jutrosin,gmina miejsko-wiejska,3022023,2022,nowy,,,,,,,,,,
21295,wielkopolskie,rawicki,Jutrosin,gmina miejsko-wiejska,3022023,2023,nowy,,,,,,,,,,
21296,wielkopolskie,rawicki,Jutrosin,gmina miejsko-wiejska,3022023,2024,nowy,,,,,,,,,,
21297,wielkopolskie,rawicki,Jutrosin,gmina miejsko-wiejska,3022023,2025,nowy,,,,,,,,,,
21298,wielkopolskie,rawicki,Miejska Górka,gmina miejsko-wiejska,3022033,2018,nowy,,,,,,,,,,
21299,wielkopolskie,rawicki,Miejska Górka,gmina miejsko-wiejska,3022033,2019,nowy,,,,,,,,,,
21300,wielkopolskie,rawicki,Miejska Górka,gmina miejsko-wiejska,3022033,2020,nowy,,,,,,,,,,
21301,wielkopolskie,rawicki,Miejska Górka,gmina miejsko-wiejska,3022033,2021,nowy,,,,,,,,,,
21302,wielkopolskie,rawicki,Miejska Górka,gmina miejsko-wiejska,3022033,2022,nowy,,,,,,,,,,
21303,wielkopolskie,rawicki,Miejska Górka,gmina miejsko-wiejska,3022033,2023,nowy,,,,,,,,,,
21304,wielkopolskie,rawicki,Miejska Górka,gmina miejsko-wiejska,3022033,2024,nowy,,,,,,,,,,
21305,wielkopolskie,rawicki,Miejska Górka,gmina miejsko-wiejska,3022033,2025,nowy,,,,,,,,,,
21306,wielkopolskie,rawicki,Pakosław,gmina wiejska,3022042,2018,nowy,,,,,,,,,,
21307,wielkopolskie,rawicki,Pakosław,gmina wiejska,3022042,2019,nowy,,,,,,,,,,
21308,wielkopolskie,rawicki,Pakosław,gmina wiejska,3022042,2020,nowy,,,,,,,,,,
21309,wielkopolskie,rawicki,Pakosław,gmina wiejska,3022042,2021,nowy,,,,,,,,,,
21310,wielkopolskie,rawicki,Pakosław,gmina wiejska,3022042,2022,nowy,,,,,,,,,,
21311,wielkopolskie,rawicki,Pakosław,gmina wiejska,3022042,2023,nowy,,,,,,,,,,
21312,wielkopolskie,rawicki,Pakosław,gmina wiejska,3022042,2024,nowy,,,,,,,,,,
21313,wielkopolskie,rawicki,Pakosław,gmina wiejska,3022042,2025,nowy,,,,,,,,,,
21314,wielkopolskie,rawicki,Rawicz,gmina miejsko-wiejska,3022053,2018,nowy,,,,,,,,,,
21315,wielkopolskie,rawicki,Rawicz,gmina miejsko-wiejska,3022053,2019,nowy,,,,,,,,,,
21316,wielkopolskie,rawicki,Rawicz,gmina miejsko-wiejska,3022053,2020,nowy,,,,,,,,,,
21317,wielkopolskie,rawicki,Rawicz,gmina miejsko-wiejska,3022053,2021,nowy,,,,,,,,,,
21318,wielkopolskie,rawicki,Rawicz,gmina miejsko-wiejska,3022053,2022,nowy,,,,,,,,,,
21319,wielkopolskie,rawicki,Rawicz,gmina miejsko-wiejska,3022053,2023,nowy,,,,,,,,,,
21320,wielkopolskie,rawicki,Rawicz,gmina miejsko-wiejska,3022053,2024,nowy,,,,,,,,,,
21321,wielkopolskie,rawicki,Rawicz,gmina miejsko-wiejska,3022053,2025,nowy,,,,,,,,,,
21322,wielkopolskie,słupecki,-,-,3023,2018,nowy,,,,,,,,,,
21323,wielkopolskie,słupecki,-,-,3023,2019,nowy,,,,,,,,,,
21324,wielkopolskie,słupecki,-,-,3023,2020,nowy,,,,,,,,,,
21325,wielkopolskie,słupecki,-,-,3023,2021,nowy,,,,,,,,,,
21326,wielkopolskie,słupecki,-,-,3023,2022,nowy,,,,,,,,,,
21327,wielkopolskie,słupecki,-,-,3023,2023,nowy,,,,,,,,,,
21328,wielkopolskie,słupecki,-,-,3023,2024,nowy,,,,,,,,,,
21329,wielkopolskie,słupecki,-,-,3023,2025,nowy,,,,,,,,,,
21330,wielkopolskie,słupecki,Słupca,gmina miejska,3023011,2018,nowy,,,,,,,,,,
21331,wielkopolskie,słupecki,Słupca,gmina miejska,3023011,2019,nowy,,,,,,,,,,
21332,wielkopolskie,słupecki,Słupca,gmina miejska,3023011,2020,nowy,,,,,,,,,,
21333,wielkopolskie,słupecki,Słupca,gmina miejska,3023011,2021,nowy,,,,,,,,,,
21334,wielkopolskie,słupecki,Słupca,gmina miejska,3023011,2022,nowy,,,,,,,,,,
21335,wielkopolskie,słupecki,Słupca,gmina miejska,3023011,2023,nowy,,,,,,,,,,
21336,wielkopolskie,słupecki,Słupca,gmina miejska,3023011,2024,nowy,,,,,,,,,,
21337,wielkopolskie,słupecki,Słupca,gmina miejska,3023011,2025,nowy,,,,,,,,,,
21338,wielkopolskie,słupecki,Lądek,gmina wiejska,3023022,2018,nowy,,,,,,,,,,
21339,wielkopolskie,słupecki,Lądek,gmina wiejska,3023022,2019,nowy,,,,,,,,,,
21340,wielkopolskie,słupecki,Lądek,gmina wiejska,3023022,2020,nowy,,,,,,,,,,
21341,wielkopolskie,słupecki,Lądek,gmina wiejska,3023022,2021,nowy,,,,,,,,,,
21342,wielkopolskie,słupecki,Lądek,gmina wiejska,3023022,2022,nowy,,,,,,,,,,
21343,wielkopolskie,słupecki,Lądek,gmina wiejska,3023022,2023,nowy,,,,,,,,,,
21344,wielkopolskie,słupecki,Lądek,gmina wiejska,3023022,2024,nowy,,,,,,,,,,
21345,wielkopolskie,słupecki,Lądek,gmina wiejska,3023022,2025,nowy,,,,,,,,,,
21346,wielkopolskie,słupecki,Orchowo,gmina wiejska,3023032,2018,nowy,,,,,,,,,,
21347,wielkopolskie,słupecki,Orchowo,gmina wiejska,3023032,2019,nowy,,,,,,,,,,
21348,wielkopolskie,słupecki,Orchowo,gmina wiejska,3023032,2020,nowy,,,,,,,,,,
21349,wielkopolskie,słupecki,Orchowo,gmina wiejska,3023032,2021,nowy,,,,,,,,,,
21350,wielkopolskie,słupecki,Orchowo,gmina wiejska,3023032,2022,nowy,,,,,,,,,,
21351,wielkopolskie,słupecki,Orchowo,gmina wiejska,3023032,2023,nowy,,,,,,,,,,
21352,wielkopolskie,słupecki,Orchowo,gmina wiejska,3023032,2024,nowy,,,,,,,,,,
21353,wielkopolskie,słupecki,Orchowo,gmina wiejska,3023032,2025,nowy,,,,,,,,,,
21354,wielkopolskie,słupecki,Ostrowite,gmina wiejska,3023042,2018,nowy,,,,,,,,,,
21355,wielkopolskie,słupecki,Ostrowite,gmina wiejska,3023042,2019,nowy,,,,,,,,,,
21356,wielkopolskie,słupecki,Ostrowite,gmina wiejska,3023042,2020,nowy,,,,,,,,,,
21357,wielkopolskie,słupecki,Ostrowite,gmina wiejska,3023042,2021,nowy,,,,,,,,,,
21358,wielkopolskie,słupecki,Ostrowite,gmina wiejska,3023042,2022,nowy,,,,,,,,,,
21359,wielkopolskie,słupecki,Ostrowite,gmina wiejska,3023042,2023,nowy,,,,,,,,,,
21360,wielkopolskie,słupecki,Ostrowite,gmina wiejska,3023042,2024,nowy,,,,,,,,,,
21361,wielkopolskie,słupecki,Ostrowite,gmina wiejska,3023042,2025,nowy,,,,,,,,,,
21362,wielkopolskie,słupecki,Powidz,gmina wiejska,3023052,2018,nowy,,,,,,,,,,
21363,wielkopolskie,słupecki,Powidz,gmina wiejska,3023052,2019,nowy,,,,,,,,,,
21364,wielkopolskie,słupecki,Powidz,gmina wiejska,3023052,2020,nowy,,,,,,,,,,
21365,wielkopolskie,słupecki,Powidz,gmina wiejska,3023052,2021,nowy,,,,,,,,,,
21366,wielkopolskie,słupecki,Powidz,gmina wiejska,3023052,2022,nowy,,,,,,,,,,
21367,wielkopolskie,słupecki,Powidz,gmina wiejska,3023052,2023,nowy,,,,,,,,,,
21368,wielkopolskie,słupecki,Powidz,gmina wiejska,3023052,2024,nowy,,,,,,,,,,
21369,wielkopolskie,słupecki,Powidz,gmina wiejska,3023052,2025,nowy,,,,,,,,,,
21370,wielkopolskie,słupecki,Słupca,gmina wiejska,3023062,2018,nowy,,,,,,,,,,
21371,wielkopolskie,słupecki,Słupca,gmina wiejska,3023062,2019,nowy,,,,,,,,,,
21372,wielkopolskie,słupecki,Słupca,gmina wiejska,3023062,2020,nowy,,,,,,,,,,
21373,wielkopolskie,słupecki,Słupca,gmina wiejska,3023062,2021,nowy,,,,,,,,,,
21374,wielkopolskie,słupecki,Słupca,gmina wiejska,3023062,2022,nowy,,,,,,,,,,
21375,wielkopolskie,słupecki,Słupca,gmina wiejska,3023062,2023,nowy,,,,,,,,,,
21376,wielkopolskie,słupecki,Słupca,gmina wiejska,3023062,2024,nowy,,,,,,,,,,
21377,wielkopolskie,słupecki,Słupca,gmina wiejska,3023062,2025,nowy,,,,,,,,,,
21378,wielkopolskie,słupecki,Strzałkowo,gmina wiejska,3023072,2018,nowy,,,,,,,,,,
21379,wielkopolskie,słupecki,Strzałkowo,gmina wiejska,3023072,2019,nowy,,,,,,,,,,
21380,wielkopolskie,słupecki,Strzałkowo,gmina wiejska,3023072,2020,nowy,,,,,,,,,,
21381,wielkopolskie,słupecki,Strzałkowo,gmina wiejska,3023072,2021,nowy,,,,,,,,,,
21382,wielkopolskie,słupecki,Strzałkowo,gmina wiejska,3023072,2022,nowy,,,,,,,,,,
21383,wielkopolskie,słupecki,Strzałkowo,gmina wiejska,3023072,2023,nowy,,,,,,,,,,
21384,wielkopolskie,słupecki,Strzałkowo,gmina wiejska,3023072,2024,nowy,,,,,,,,,,
21385,wielkopolskie,słupecki,Strzałkowo,gmina wiejska,3023072,2025,nowy,,,,,,,,,,
21386,wielkopolskie,słupecki,Zagórów,gmina miejsko-wiejska,3023083,2018,nowy,,,,,,,,,,
21387,wielkopolskie,słupecki,Zagórów,gmina miejsko-wiejska,3023083,2019,nowy,,,,,,,,,,
21388,wielkopolskie,słupecki,Zagórów,gmina miejsko-wiejska,3023083,2020,nowy,,,,,,,,,,
21389,wielkopolskie,słupecki,Zagórów,gmina miejsko-wiejska,3023083,2021,nowy,,,,,,,,,,
21390,wielkopolskie,słupecki,Zagórów,gmina miejsko-wiejska,3023083,2022,nowy,,,,,,,,,,
21391,wielkopolskie,słupecki,Zagórów,gmina miejsko-wiejska,3023083,2023,nowy,,,,,,,,,,
21392,wielkopolskie,słupecki,Zagórów,gmina miejsko-wiejska,3023083,2024,nowy,,,,,,,,,,
21393,wielkopolskie,słupecki,Zagórów,gmina miejsko-wiejska,3023083,2025,nowy,,,,,,,,,,
21394,wielkopolskie,szamotulski,-,-,3024,2018,nowy,,,,,,,,,,
21395,wielkopolskie,szamotulski,-,-,3024,2019,nowy,,,,,,,,,,
21396,wielkopolskie,szamotulski,-,-,3024,2020,nowy,,,,,,,,,,
21397,wielkopolskie,szamotulski,-,-,3024,2021,nowy,,,,,,,,,,
21398,wielkopolskie,szamotulski,-,-,3024,2022,nowy,,,,,,,,,,
21399,wielkopolskie,szamotulski,-,-,3024,2023,nowy,,,,,,,,,,
21400,wielkopolskie,szamotulski,-,-,3024,2024,nowy,,,,,,,,,,
21401,wielkopolskie,szamotulski,-,-,3024,2025,nowy,,,,,,,,,,
21402,wielkopolskie,szamotulski,Obrzycko,gmina miejska,3024011,2018,nowy,,,,,,,,,,
21403,wielkopolskie,szamotulski,Obrzycko,gmina miejska,3024011,2019,nowy,,,,,,,,,,
21404,wielkopolskie,szamotulski,Obrzycko,gmina miejska,3024011,2020,nowy,,,,,,,,,,
21405,wielkopolskie,szamotulski,Obrzycko,gmina miejska,3024011,2021,nowy,,,,,,,,,,
21406,wielkopolskie,szamotulski,Obrzycko,gmina miejska,3024011,2022,nowy,,,,,,,,,,
21407,wielkopolskie,szamotulski,Obrzycko,gmina miejska,3024011,2023,nowy,,,,,,,,,,
21408,wielkopolskie,szamotulski,Obrzycko,gmina miejska,3024011,2024,nowy,,,,,,,,,,
21409,wielkopolskie,szamotulski,Obrzycko,gmina miejska,3024011,2025,nowy,,,,,,,,,,
21410,wielkopolskie,szamotulski,Duszniki,gmina wiejska,3024022,2018,nowy,,,,,,,,,,
21411,wielkopolskie,szamotulski,Duszniki,gmina wiejska,3024022,2019,nowy,,,,,,,,,,
21412,wielkopolskie,szamotulski,Duszniki,gmina wiejska,3024022,2020,nowy,,,,,,,,,,
21413,wielkopolskie,szamotulski,Duszniki,gmina wiejska,3024022,2021,nowy,,,,,,,,,,
21414,wielkopolskie,szamotulski,Duszniki,gmina wiejska,3024022,2022,nowy,,,,,,,,,,
21415,wielkopolskie,szamotulski,Duszniki,gmina wiejska,3024022,2023,nowy,,,,,,,,,,
21416,wielkopolskie,szamotulski,Duszniki,gmina wiejska,3024022,2024,nowy,,,,,,,,,,
21417,wielkopolskie,szamotulski,Duszniki,gmina wiejska,3024022,2025,nowy,,,,,,,,,,
21418,wielkopolskie,szamotulski,Kaźmierz,gmina wiejska,3024032,2018,nowy,,,,,,,,,,
21419,wielkopolskie,szamotulski,Kaźmierz,gmina wiejska,3024032,2019,nowy,,,,,,,,,,
21420,wielkopolskie,szamotulski,Kaźmierz,gmina wiejska,3024032,2020,nowy,,,,,,,,,,
21421,wielkopolskie,szamotulski,Kaźmierz,gmina wiejska,3024032,2021,nowy,,,,,,,,,,
21422,wielkopolskie,szamotulski,Kaźmierz,gmina wiejska,3024032,2022,nowy,,,,,,,,,,
21423,wielkopolskie,szamotulski,Kaźmierz,gmina wiejska,3024032,2023,nowy,,,,,,,,,,
21424,wielkopolskie,szamotulski,Kaźmierz,gmina wiejska,3024032,2024,nowy,,,,,,,,,,
21425,wielkopolskie,szamotulski,Kaźmierz,gmina wiejska,3024032,2025,nowy,,,,,,,,,,
21426,wielkopolskie,szamotulski,Obrzycko,gmina wiejska,3024042,2018,nowy,,,,,,,,,,
21427,wielkopolskie,szamotulski,Obrzycko,gmina wiejska,3024042,2019,nowy,,,,,,,,,,
21428,wielkopolskie,szamotulski,Obrzycko,gmina wiejska,3024042,2020,nowy,,,,,,,,,,
21429,wielkopolskie,szamotulski,Obrzycko,gmina wiejska,3024042,2021,nowy,,,,,,,,,,
21430,wielkopolskie,szamotulski,Obrzycko,gmina wiejska,3024042,2022,nowy,,,,,,,,,,
21431,wielkopolskie,szamotulski,Obrzycko,gmina wiejska,3024042,2023,nowy,,,,,,,,,,
21432,wielkopolskie,szamotulski,Obrzycko,gmina wiejska,3024042,2024,nowy,,,,,,,,,,
21433,wielkopolskie,szamotulski,Obrzycko,gmina wiejska,3024042,2025,nowy,,,,,,,,,,
21434,wielkopolskie,szamotulski,Ostroróg,gmina miejsko-wiejska,3024053,2018,nowy,,,,,,,,,,
21435,wielkopolskie,szamotulski,Ostroróg,gmina miejsko-wiejska,3024053,2019,nowy,,,,,,,,,,
21436,wielkopolskie,szamotulski,Ostroróg,gmina miejsko-wiejska,3024053,2020,nowy,,,,,,,,,,
21437,wielkopolskie,szamotulski,Ostroróg,gmina miejsko-wiejska,3024053,2021,nowy,,,,,,,,,,
21438,wielkopolskie,szamotulski,Ostroróg,gmina miejsko-wiejska,3024053,2022,nowy,,,,,,,,,,
21439,wielkopolskie,szamotulski,Ostroróg,gmina miejsko-wiejska,3024053,2023,nowy,,,,,,,,,,
21440,wielkopolskie,szamotulski,Ostroróg,gmina miejsko-wiejska,3024053,2024,nowy,,,,,,,,,,
21441,wielkopolskie,szamotulski,Ostroróg,gmina miejsko-wiejska,3024053,2025,nowy,,,,,,,,,,
21442,wielkopolskie,szamotulski,Pniewy,gmina miejsko-wiejska,3024063,2018,nowy,,,,,,,,,,
21443,wielkopolskie,szamotulski,Pniewy,gmina miejsko-wiejska,3024063,2019,nowy,,,,,,,,,,
21444,wielkopolskie,szamotulski,Pniewy,gmina miejsko-wiejska,3024063,2020,nowy,,,,,,,,,,
21445,wielkopolskie,szamotulski,Pniewy,gmina miejsko-wiejska,3024063,2021,nowy,,,,,,,,,,
21446,wielkopolskie,szamotulski,Pniewy,gmina miejsko-wiejska,3024063,2022,nowy,,,,,,,,,,
21447,wielkopolskie,szamotulski,Pniewy,gmina miejsko-wiejska,3024063,2023,nowy,,,,,,,,,,
21448,wielkopolskie,szamotulski,Pniewy,gmina miejsko-wiejska,3024063,2024,nowy,,,,,,,,,,
21449,wielkopolskie,szamotulski,Pniewy,gmina miejsko-wiejska,3024063,2025,nowy,,,,,,,,,,
21450,wielkopolskie,szamotulski,Szamotuły,gmina miejsko-wiejska,3024073,2018,nowy,,,,,,,,,,
21451,wielkopolskie,szamotulski,Szamotuły,gmina miejsko-wiejska,3024073,2019,nowy,,,,,,,,,,
21452,wielkopolskie,szamotulski,Szamotuły,gmina miejsko-wiejska,3024073,2020,nowy,,,,,,,,,,
21453,wielkopolskie,szamotulski,Szamotuły,gmina miejsko-wiejska,3024073,2021,nowy,,,,,,,,,,
21454,wielkopolskie,szamotulski,Szamotuły,gmina miejsko-wiejska,3024073,2022,nowy,,,,,,,,,,
21455,wielkopolskie,szamotulski,Szamotuły,gmina miejsko-wiejska,3024073,2023,nowy,,,,,,,,,,
21456,wielkopolskie,szamotulski,Szamotuły,gmina miejsko-wiejska,3024073,2024,nowy,,,,,,,,,,
21457,wielkopolskie,szamotulski,Szamotuły,gmina miejsko-wiejska,3024073,2025,nowy,,,,,,,,,,
21458,wielkopolskie,szamotulski,Wronki,gmina miejsko-wiejska,3024083,2018,nowy,,,,,,,,,,
21459,wielkopolskie,szamotulski,Wronki,gmina miejsko-wiejska,3024083,2019,nowy,,,,,,,,,,
21460,wielkopolskie,szamotulski,Wronki,gmina miejsko-wiejska,3024083,2020,nowy,,,,,,,,,,
21461,wielkopolskie,szamotulski,Wronki,gmina miejsko-wiejska,3024083,2021,nowy,,,,,,,,,,
21462,wielkopolskie,szamotulski,Wronki,gmina miejsko-wiejska,3024083,2022,nowy,,,,,,,,,,
21463,wielkopolskie,szamotulski,Wronki,gmina miejsko-wiejska,3024083,2023,nowy,,,,,,,,,,
21464,wielkopolskie,szamotulski,Wronki,gmina miejsko-wiejska,3024083,2024,nowy,,,,,,,,,,
21465,wielkopolskie,szamotulski,Wronki,gmina miejsko-wiejska,3024083,2025,nowy,,,,,,,,,,
21466,wielkopolskie,średzki,-,-,3025,2018,nowy,,,,,,,,,,
21467,wielkopolskie,średzki,-,-,3025,2019,nowy,,,,,,,,,,
21468,wielkopolskie,średzki,-,-,3025,2020,nowy,,,,,,,,,,
21469,wielkopolskie,średzki,-,-,3025,2021,nowy,,,,,,,,,,
21470,wielkopolskie,średzki,-,-,3025,2022,nowy,,,,,,,,,,
21471,wielkopolskie,średzki,-,-,3025,2023,nowy,,,,,,,,,,
21472,wielkopolskie,średzki,-,-,3025,2024,nowy,,,,,,,,,,
21473,wielkopolskie,średzki,-,-,3025,2025,nowy,,,,,,,,,,
21474,wielkopolskie,średzki,Dominowo,gmina wiejska,3025012,2018,nowy,,,,,,,,,,
21475,wielkopolskie,średzki,Dominowo,gmina wiejska,3025012,2019,nowy,,,,,,,,,,
21476,wielkopolskie,średzki,Dominowo,gmina wiejska,3025012,2020,nowy,,,,,,,,,,
21477,wielkopolskie,średzki,Dominowo,gmina wiejska,3025012,2021,nowy,,,,,,,,,,
21478,wielkopolskie,średzki,Dominowo,gmina wiejska,3025012,2022,nowy,,,,,,,,,,
21479,wielkopolskie,średzki,Dominowo,gmina wiejska,3025012,2023,nowy,,,,,,,,,,
21480,wielkopolskie,średzki,Dominowo,gmina wiejska,3025012,2024,nowy,,,,,,,,,,
21481,wielkopolskie,średzki,Dominowo,gmina wiejska,3025012,2025,nowy,,,,,,,,,,
21482,wielkopolskie,średzki,Krzykosy,gmina wiejska,3025022,2018,nowy,,,,,,,,,,
21483,wielkopolskie,średzki,Krzykosy,gmina wiejska,3025022,2019,nowy,,,,,,,,,,
21484,wielkopolskie,średzki,Krzykosy,gmina wiejska,3025022,2020,nowy,,,,,,,,,,
21485,wielkopolskie,średzki,Krzykosy,gmina wiejska,3025022,2021,nowy,,,,,,,,,,
21486,wielkopolskie,średzki,Krzykosy,gmina wiejska,3025022,2022,nowy,,,,,,,,,,
21487,wielkopolskie,średzki,Krzykosy,gmina wiejska,3025022,2023,nowy,,,,,,,,,,
21488,wielkopolskie,średzki,Krzykosy,gmina wiejska,3025022,2024,nowy,,,,,,,,,,
21489,wielkopolskie,średzki,Krzykosy,gmina wiejska,3025022,2025,nowy,,,,,,,,,,
21490,wielkopolskie,średzki,Nowe Miasto nad Wartą,gmina wiejska,3025032,2018,nowy,,,,,,,,,,
21491,wielkopolskie,średzki,Nowe Miasto nad Wartą,gmina wiejska,3025032,2019,nowy,,,,,,,,,,
21492,wielkopolskie,średzki,Nowe Miasto nad Wartą,gmina wiejska,3025032,2020,nowy,,,,,,,,,,
21493,wielkopolskie,średzki,Nowe Miasto nad Wartą,gmina wiejska,3025032,2021,nowy,,,,,,,,,,
21494,wielkopolskie,średzki,Nowe Miasto nad Wartą,gmina wiejska,3025032,2022,nowy,,,,,,,,,,
21495,wielkopolskie,średzki,Nowe Miasto nad Wartą,gmina wiejska,3025032,2023,nowy,,,,,,,,,,
21496,wielkopolskie,średzki,Nowe Miasto nad Wartą,gmina wiejska,3025032,2024,nowy,,,,,,,,,,
21497,wielkopolskie,średzki,Nowe Miasto nad Wartą,gmina wiejska,3025032,2025,nowy,,,,,,,,,,
21498,wielkopolskie,średzki,Środa Wielkopolska,gmina miejsko-wiejska,3025043,2018,nowy,,,,,,,,,,
21499,wielkopolskie,średzki,Środa Wielkopolska,gmina miejsko-wiejska,3025043,2019,nowy,,,,,,,,,,
21500,wielkopolskie,średzki,Środa Wielkopolska,gmina miejsko-wiejska,3025043,2020,nowy,,,,,,,,,,
21501,wielkopolskie,średzki,Środa Wielkopolska,gmina miejsko-wiejska,3025043,2021,nowy,,,,,,,,,,
21502,wielkopolskie,średzki,Środa Wielkopolska,gmina miejsko-wiejska,3025043,2022,nowy,,,,,,,,,,
21503,wielkopolskie,średzki,Środa Wielkopolska,gmina miejsko-wiejska,3025043,2023,nowy,,,,,,,,,,
21504,wielkopolskie,średzki,Środa Wielkopolska,gmina miejsko-wiejska,3025043,2024,nowy,,,,,,,,,,
21505,wielkopolskie,średzki,Środa Wielkopolska,gmina miejsko-wiejska,3025043,2025,nowy,,,,,,,,,,
21506,wielkopolskie,średzki,Zaniemyśl,gmina wiejska,3025052,2018,nowy,,,,,,,,,,
21507,wielkopolskie,średzki,Zaniemyśl,gmina wiejska,3025052,2019,nowy,,,,,,,,,,
21508,wielkopolskie,średzki,Zaniemyśl,gmina wiejska,3025052,2020,nowy,,,,,,,,,,
21509,wielkopolskie,średzki,Zaniemyśl,gmina wiejska,3025052,2021,nowy,,,,,,,,,,
21510,wielkopolskie,średzki,Zaniemyśl,gmina wiejska,3025052,2022,nowy,,,,,,,,,,
21511,wielkopolskie,średzki,Zaniemyśl,gmina wiejska,3025052,2023,nowy,,,,,,,,,,
21512,wielkopolskie,średzki,Zaniemyśl,gmina wiejska,3025052,2024,nowy,,,,,,,,,,
21513,wielkopolskie,średzki,Zaniemyśl,gmina miejsko-wiejska,3025053,2025,nowy,,,,,,,,,,
21514,wielkopolskie,śremski,-,-,3026,2018,nowy,,,,,,,,,,
21515,wielkopolskie,śremski,-,-,3026,2019,nowy,,,,,,,,,,
21516,wielkopolskie,śremski,-,-,3026,2020,nowy,,,,,,,,,,
21517,wielkopolskie,śremski,-,-,3026,2021,nowy,,,,,,,,,,
21518,wielkopolskie,śremski,-,-,3026,2022,nowy,,,,,,,,,,
21519,wielkopolskie,śremski,-,-,3026,2023,nowy,,,,,,,,,,
21520,wielkopolskie,śremski,-,-,3026,2024,nowy,,,,,,,,,,
21521,wielkopolskie,śremski,-,-,3026,2025,nowy,,,,,,,,,,
21522,wielkopolskie,śremski,Brodnica,gmina wiejska,3026012,2018,nowy,,,,,,,,,,
21523,wielkopolskie,śremski,Brodnica,gmina wiejska,3026012,2019,nowy,,,,,,,,,,
21524,wielkopolskie,śremski,Brodnica,gmina wiejska,3026012,2020,nowy,,,,,,,,,,
21525,wielkopolskie,śremski,Brodnica,gmina wiejska,3026012,2021,nowy,,,,,,,,,,
21526,wielkopolskie,śremski,Brodnica,gmina wiejska,3026012,2022,nowy,,,,,,,,,,
21527,wielkopolskie,śremski,Brodnica,gmina wiejska,3026012,2023,nowy,,,,,,,,,,
21528,wielkopolskie,śremski,Brodnica,gmina wiejska,3026012,2024,nowy,,,,,,,,,,
21529,wielkopolskie,śremski,Brodnica,gmina wiejska,3026012,2025,nowy,,,,,,,,,,
21530,wielkopolskie,śremski,Dolsk,gmina miejsko-wiejska,3026023,2018,nowy,,,,,,,,,,
21531,wielkopolskie,śremski,Dolsk,gmina miejsko-wiejska,3026023,2019,nowy,,,,,,,,,,
21532,wielkopolskie,śremski,Dolsk,gmina miejsko-wiejska,3026023,2020,nowy,,,,,,,,,,
21533,wielkopolskie,śremski,Dolsk,gmina miejsko-wiejska,3026023,2021,nowy,,,,,,,,,,
21534,wielkopolskie,śremski,Dolsk,gmina miejsko-wiejska,3026023,2022,nowy,,,,,,,,,,
21535,wielkopolskie,śremski,Dolsk,gmina miejsko-wiejska,3026023,2023,nowy,,,,,,,,,,
21536,wielkopolskie,śremski,Dolsk,gmina miejsko-wiejska,3026023,2024,nowy,,,,,,,,,,
21537,wielkopolskie,śremski,Dolsk,gmina miejsko-wiejska,3026023,2025,nowy,,,,,,,,,,
21538,wielkopolskie,śremski,Książ Wielkopolski,gmina miejsko-wiejska,3026033,2018,nowy,,,,,,,,,,
21539,wielkopolskie,śremski,Książ Wielkopolski,gmina miejsko-wiejska,3026033,2019,nowy,,,,,,,,,,
21540,wielkopolskie,śremski,Książ Wielkopolski,gmina miejsko-wiejska,3026033,2020,nowy,,,,,,,,,,
21541,wielkopolskie,śremski,Książ Wielkopolski,gmina miejsko-wiejska,3026033,2021,nowy,,,,,,,,,,
21542,wielkopolskie,śremski,Książ Wielkopolski,gmina miejsko-wiejska,3026033,2022,nowy,,,,,,,,,,
21543,wielkopolskie,śremski,Książ Wielkopolski,gmina miejsko-wiejska,3026033,2023,nowy,,,,,,,,,,
21544,wielkopolskie,śremski,Książ Wielkopolski,gmina miejsko-wiejska,3026033,2024,nowy,,,,,,,,,,
21545,wielkopolskie,śremski,Książ Wielkopolski,gmina miejsko-wiejska,3026033,2025,nowy,,,,,,,,,,
21546,wielkopolskie,śremski,Śrem,gmina miejsko-wiejska,3026043,2018,nowy,,,,,,,,,,
21547,wielkopolskie,śremski,Śrem,gmina miejsko-wiejska,3026043,2019,nowy,,,,,,,,,,
21548,wielkopolskie,śremski,Śrem,gmina miejsko-wiejska,3026043,2020,nowy,,,,,,,,,,
21549,wielkopolskie,śremski,Śrem,gmina miejsko-wiejska,3026043,2021,nowy,,,,,,,,,,
21550,wielkopolskie,śremski,Śrem,gmina miejsko-wiejska,3026043,2022,nowy,,,,,,,,,,
21551,wielkopolskie,śremski,Śrem,gmina miejsko-wiejska,3026043,2023,nowy,,,,,,,,,,
21552,wielkopolskie,śremski,Śrem,gmina miejsko-wiejska,3026043,2024,nowy,,,,,,,,,,
21553,wielkopolskie,śremski,Śrem,gmina miejsko-wiejska,3026043,2025,nowy,,,,,,,,,,
21554,wielkopolskie,turecki,-,-,3027,2018,nowy,,,,,,,,,,
21555,wielkopolskie,turecki,-,-,3027,2019,nowy,,,,,,,,,,
21556,wielkopolskie,turecki,-,-,3027,2020,nowy,,,,,,,,,,
21557,wielkopolskie,turecki,-,-,3027,2021,nowy,,,,,,,,,,
21558,wielkopolskie,turecki,-,-,3027,2022,nowy,,,,,,,,,,
21559,wielkopolskie,turecki,-,-,3027,2023,nowy,,,,,,,,,,
21560,wielkopolskie,turecki,-,-,3027,2024,nowy,,,,,,,,,,
21561,wielkopolskie,turecki,-,-,3027,2025,nowy,,,,,,,,,,
21562,wielkopolskie,turecki,Turek,gmina miejska,3027011,2018,nowy,,,,,,,,,,
21563,wielkopolskie,turecki,Turek,gmina miejska,3027011,2019,nowy,,,,,,,,,,
21564,wielkopolskie,turecki,Turek,gmina miejska,3027011,2020,nowy,,,,,,,,,,
21565,wielkopolskie,turecki,Turek,gmina miejska,3027011,2021,nowy,,,,,,,,,,
21566,wielkopolskie,turecki,Turek,gmina miejska,3027011,2022,nowy,,,,,,,,,,
21567,wielkopolskie,turecki,Turek,gmina miejska,3027011,2023,nowy,,,,,,,,,,
21568,wielkopolskie,turecki,Turek,gmina miejska,3027011,2024,nowy,,,,,,,,,,
21569,wielkopolskie,turecki,Turek,gmina miejska,3027011,2025,nowy,,,,,,,,,,
21570,wielkopolskie,turecki,Brudzew,gmina wiejska,3027022,2018,nowy,,,,,,,,,,
21571,wielkopolskie,turecki,Brudzew,gmina wiejska,3027022,2019,nowy,,,,,,,,,,
21572,wielkopolskie,turecki,Brudzew,gmina wiejska,3027022,2020,nowy,,,,,,,,,,
21573,wielkopolskie,turecki,Brudzew,gmina wiejska,3027022,2021,nowy,,,,,,,,,,
21574,wielkopolskie,turecki,Brudzew,gmina wiejska,3027022,2022,nowy,,,,,,,,,,
21575,wielkopolskie,turecki,Brudzew,gmina wiejska,3027022,2023,nowy,,,,,,,,,,
21576,wielkopolskie,turecki,Brudzew,gmina wiejska,3027022,2024,nowy,,,,,,,,,,
21577,wielkopolskie,turecki,Brudzew,gmina wiejska,3027022,2025,nowy,,,,,,,,,,
21578,wielkopolskie,turecki,Dobra,gmina miejsko-wiejska,3027033,2018,nowy,,,,,,,,,,
21579,wielkopolskie,turecki,Dobra,gmina miejsko-wiejska,3027033,2019,nowy,,,,,,,,,,
21580,wielkopolskie,turecki,Dobra,gmina miejsko-wiejska,3027033,2020,nowy,,,,,,,,,,
21581,wielkopolskie,turecki,Dobra,gmina miejsko-wiejska,3027033,2021,nowy,,,,,,,,,,
21582,wielkopolskie,turecki,Dobra,gmina miejsko-wiejska,3027033,2022,nowy,,,,,,,,,,
21583,wielkopolskie,turecki,Dobra,gmina miejsko-wiejska,3027033,2023,nowy,,,,,,,,,,
21584,wielkopolskie,turecki,Dobra,gmina miejsko-wiejska,3027033,2024,nowy,,,,,,,,,,
21585,wielkopolskie,turecki,Dobra,gmina miejsko-wiejska,3027033,2025,nowy,,,,,,,,,,
21586,wielkopolskie,turecki,Kawęczyn,gmina wiejska,3027042,2018,nowy,,,,,,,,,,
21587,wielkopolskie,turecki,Kawęczyn,gmina wiejska,3027042,2019,nowy,,,,,,,,,,
21588,wielkopolskie,turecki,Kawęczyn,gmina wiejska,3027042,2020,nowy,,,,,,,,,,
21589,wielkopolskie,turecki,Kawęczyn,gmina wiejska,3027042,2021,nowy,,,,,,,,,,
21590,wielkopolskie,turecki,Kawęczyn,gmina wiejska,3027042,2022,nowy,,,,,,,,,,
21591,wielkopolskie,turecki,Kawęczyn,gmina wiejska,3027042,2023,nowy,,,,,,,,,,
21592,wielkopolskie,turecki,Kawęczyn,gmina wiejska,3027042,2024,nowy,,,,,,,,,,
21593,wielkopolskie,turecki,Kawęczyn,gmina wiejska,3027042,2025,nowy,,,,,,,,,,
21594,wielkopolskie,turecki,Malanów,gmina wiejska,3027052,2018,nowy,,,,,,,,,,
21595,wielkopolskie,turecki,Malanów,gmina wiejska,3027052,2019,nowy,,,,,,,,,,
21596,wielkopolskie,turecki,Malanów,gmina wiejska,3027052,2020,nowy,,,,,,,,,,
21597,wielkopolskie,turecki,Malanów,gmina wiejska,3027052,2021,nowy,,,,,,,,,,
21598,wielkopolskie,turecki,Malanów,gmina wiejska,3027052,2022,nowy,,,,,,,,,,
21599,wielkopolskie,turecki,Malanów,gmina wiejska,3027052,2023,nowy,,,,,,,,,,
21600,wielkopolskie,turecki,Malanów,gmina wiejska,3027052,2024,nowy,,,,,,,,,,
21601,wielkopolskie,turecki,Malanów,gmina wiejska,3027052,2025,nowy,,,,,,,,,,
21602,wielkopolskie,turecki,Przykona,gmina wiejska,3027062,2018,nowy,,,,,,,,,,
21603,wielkopolskie,turecki,Przykona,gmina wiejska,3027062,2019,nowy,,,,,,,,,,
21604,wielkopolskie,turecki,Przykona,gmina wiejska,3027062,2020,nowy,,,,,,,,,,
21605,wielkopolskie,turecki,Przykona,gmina wiejska,3027062,2021,nowy,,,,,,,,,,
21606,wielkopolskie,turecki,Przykona,gmina wiejska,3027062,2022,nowy,,,,,,,,,,
21607,wielkopolskie,turecki,Przykona,gmina wiejska,3027062,2023,nowy,,,,,,,,,,
21608,wielkopolskie,turecki,Przykona,gmina wiejska,3027062,2024,nowy,,,,,,,,,,
21609,wielkopolskie,turecki,Przykona,gmina wiejska,3027062,2025,nowy,,,,,,,,,,
21610,wielkopolskie,turecki,Tuliszków,gmina miejsko-wiejska,3027073,2018,nowy,,,,,,,,,,
21611,wielkopolskie,turecki,Tuliszków,gmina miejsko-wiejska,3027073,2019,nowy,,,,,,,,,,
21612,wielkopolskie,turecki,Tuliszków,gmina miejsko-wiejska,3027073,2020,nowy,,,,,,,,,,
21613,wielkopolskie,turecki,Tuliszków,gmina miejsko-wiejska,3027073,2021,nowy,,,,,,,,,,
21614,wielkopolskie,turecki,Tuliszków,gmina miejsko-wiejska,3027073,2022,nowy,,,,,,,,,,
21615,wielkopolskie,turecki,Tuliszków,gmina miejsko-wiejska,3027073,2023,nowy,,,,,,,,,,
21616,wielkopolskie,turecki,Tuliszków,gmina miejsko-wiejska,3027073,2024,nowy,,,,,,,,,,
21617,wielkopolskie,turecki,Tuliszków,gmina miejsko-wiejska,3027073,2025,nowy,,,,,,,,,,
21618,wielkopolskie,turecki,Turek,gmina wiejska,3027082,2018,nowy,,,,,,,,,,
21619,wielkopolskie,turecki,Turek,gmina wiejska,3027082,2019,nowy,,,,,,,,,,
21620,wielkopolskie,turecki,Turek,gmina wiejska,3027082,2020,nowy,,,,,,,,,,
21621,wielkopolskie,turecki,Turek,gmina wiejska,3027082,2021,nowy,,,,,,,,,,
21622,wielkopolskie,turecki,Turek,gmina wiejska,3027082,2022,nowy,,,,,,,,,,
21623,wielkopolskie,turecki,Turek,gmina wiejska,3027082,2023,nowy,,,,,,,,,,
21624,wielkopolskie,turecki,Turek,gmina wiejska,3027082,2024,nowy,,,,,,,,,,
21625,wielkopolskie,turecki,Turek,gmina wiejska,3027082,2025,nowy,,,,,,,,,,
21626,wielkopolskie,turecki,Władysławów,gmina wiejska,3027092,2018,nowy,,,,,,,,,,
21627,wielkopolskie,turecki,Władysławów,gmina wiejska,3027092,2019,nowy,,,,,,,,,,
21628,wielkopolskie,turecki,Władysławów,gmina wiejska,3027092,2020,nowy,,,,,,,,,,
21629,wielkopolskie,turecki,Władysławów,gmina wiejska,3027092,2021,nowy,,,,,,,,,,
21630,wielkopolskie,turecki,Władysławów,gmina wiejska,3027092,2022,nowy,,,,,,,,,,
21631,wielkopolskie,turecki,Władysławów,gmina wiejska,3027092,2023,nowy,,,,,,,,,,
21632,wielkopolskie,turecki,Władysławów,gmina wiejska,3027092,2024,nowy,,,,,,,,,,
21633,wielkopolskie,turecki,Władysławów,gmina wiejska,3027092,2025,nowy,,,,,,,,,,
21634,wielkopolskie,wągrowiecki,-,-,3028,2018,nowy,,,,,,,,,,
21635,wielkopolskie,wągrowiecki,-,-,3028,2019,nowy,,,,,,,,,,
21636,wielkopolskie,wągrowiecki,-,-,3028,2020,nowy,,,,,,,,,,
21637,wielkopolskie,wągrowiecki,-,-,3028,2021,nowy,,,,,,,,,,
21638,wielkopolskie,wągrowiecki,-,-,3028,2022,nowy,,,,,,,,,,
21639,wielkopolskie,wągrowiecki,-,-,3028,2023,nowy,,,,,,,,,,
21640,wielkopolskie,wągrowiecki,-,-,3028,2024,nowy,,,,,,,,,,
21641,wielkopolskie,wągrowiecki,-,-,3028,2025,nowy,,,,,,,,,,
21642,wielkopolskie,wągrowiecki,Wągrowiec,gmina miejska,3028011,2018,nowy,,,,,,,,,,
21643,wielkopolskie,wągrowiecki,Wągrowiec,gmina miejska,3028011,2019,nowy,,,,,,,,,,
21644,wielkopolskie,wągrowiecki,Wągrowiec,gmina miejska,3028011,2020,nowy,,,,,,,,,,
21645,wielkopolskie,wągrowiecki,Wągrowiec,gmina miejska,3028011,2021,nowy,,,,,,,,,,
21646,wielkopolskie,wągrowiecki,Wągrowiec,gmina miejska,3028011,2022,nowy,,,,,,,,,,
21647,wielkopolskie,wągrowiecki,Wągrowiec,gmina miejska,3028011,2023,nowy,,,,,,,,,,
21648,wielkopolskie,wągrowiecki,Wągrowiec,gmina miejska,3028011,2024,nowy,,,,,,,,,,
21649,wielkopolskie,wągrowiecki,Wągrowiec,gmina miejska,3028011,2025,nowy,,,,,,,,,,
21650,wielkopolskie,wągrowiecki,Damasławek,gmina wiejska,3028022,2018,nowy,,,,,,,,,,
21651,wielkopolskie,wągrowiecki,Damasławek,gmina wiejska,3028022,2019,nowy,,,,,,,,,,
21652,wielkopolskie,wągrowiecki,Damasławek,gmina wiejska,3028022,2020,nowy,,,,,,,,,,
21653,wielkopolskie,wągrowiecki,Damasławek,gmina wiejska,3028022,2021,nowy,,,,,,,,,,
21654,wielkopolskie,wągrowiecki,Damasławek,gmina wiejska,3028022,2022,nowy,,,,,,,,,,
21655,wielkopolskie,wągrowiecki,Damasławek,gmina wiejska,3028022,2023,nowy,,,,,,,,,,
21656,wielkopolskie,wągrowiecki,Damasławek,gmina wiejska,3028022,2024,nowy,,,,,,,,,,
21657,wielkopolskie,wągrowiecki,Damasławek,gmina wiejska,3028022,2025,nowy,,,,,,,,,,
21658,wielkopolskie,wągrowiecki,Gołańcz,gmina miejsko-wiejska,3028033,2018,nowy,,,,,,,,,,
21659,wielkopolskie,wągrowiecki,Gołańcz,gmina miejsko-wiejska,3028033,2019,nowy,,,,,,,,,,
21660,wielkopolskie,wągrowiecki,Gołańcz,gmina miejsko-wiejska,3028033,2020,nowy,,,,,,,,,,
21661,wielkopolskie,wągrowiecki,Gołańcz,gmina miejsko-wiejska,3028033,2021,nowy,,,,,,,,,,
21662,wielkopolskie,wągrowiecki,Gołańcz,gmina miejsko-wiejska,3028033,2022,nowy,,,,,,,,,,
21663,wielkopolskie,wągrowiecki,Gołańcz,gmina miejsko-wiejska,3028033,2023,nowy,,,,,,,,,,
21664,wielkopolskie,wągrowiecki,Gołańcz,gmina miejsko-wiejska,3028033,2024,nowy,,,,,,,,,,
21665,wielkopolskie,wągrowiecki,Gołańcz,gmina miejsko-wiejska,3028033,2025,nowy,,,,,,,,,,
21666,wielkopolskie,wągrowiecki,Mieścisko,gmina wiejska,3028042,2018,nowy,,,,,,,,,,
21667,wielkopolskie,wągrowiecki,Mieścisko,gmina wiejska,3028042,2019,nowy,,,,,,,,,,
21668,wielkopolskie,wągrowiecki,Mieścisko,gmina wiejska,3028042,2020,nowy,,,,,,,,,,
21669,wielkopolskie,wągrowiecki,Mieścisko,gmina wiejska,3028042,2021,nowy,,,,,,,,,,
21670,wielkopolskie,wągrowiecki,Mieścisko,gmina wiejska,3028042,2022,nowy,,,,,,,,,,
21671,wielkopolskie,wągrowiecki,Mieścisko,gmina wiejska,3028042,2023,nowy,,,,,,,,,,
21672,wielkopolskie,wągrowiecki,Mieścisko,gmina miejsko-wiejska,3028043,2024,nowy,,,,,,,,,,
21673,wielkopolskie,wągrowiecki,Mieścisko,gmina miejsko-wiejska,3028043,2025,nowy,,,,,,,,,,
21674,wielkopolskie,wągrowiecki,Skoki,gmina miejsko-wiejska,3028053,2018,nowy,,,,,,,,,,
21675,wielkopolskie,wągrowiecki,Skoki,gmina miejsko-wiejska,3028053,2019,nowy,,,,,,,,,,
21676,wielkopolskie,wągrowiecki,Skoki,gmina miejsko-wiejska,3028053,2020,nowy,,,,,,,,,,
21677,wielkopolskie,wągrowiecki,Skoki,gmina miejsko-wiejska,3028053,2021,nowy,,,,,,,,,,
21678,wielkopolskie,wągrowiecki,Skoki,gmina miejsko-wiejska,3028053,2022,nowy,,,,,,,,,,
21679,wielkopolskie,wągrowiecki,Skoki,gmina miejsko-wiejska,3028053,2023,nowy,,,,,,,,,,
21680,wielkopolskie,wągrowiecki,Skoki,gmina miejsko-wiejska,3028053,2024,nowy,,,,,,,,,,
21681,wielkopolskie,wągrowiecki,Skoki,gmina miejsko-wiejska,3028053,2025,nowy,,,,,,,,,,
21682,wielkopolskie,wągrowiecki,Wapno,gmina wiejska,3028062,2018,nowy,,,,,,,,,,
21683,wielkopolskie,wągrowiecki,Wapno,gmina wiejska,3028062,2019,nowy,,,,,,,,,,
21684,wielkopolskie,wągrowiecki,Wapno,gmina wiejska,3028062,2020,nowy,,,,,,,,,,
21685,wielkopolskie,wągrowiecki,Wapno,gmina wiejska,3028062,2021,nowy,,,,,,,,,,
21686,wielkopolskie,wągrowiecki,Wapno,gmina wiejska,3028062,2022,nowy,,,,,,,,,,
21687,wielkopolskie,wągrowiecki,Wapno,gmina wiejska,3028062,2023,nowy,,,,,,,,,,
21688,wielkopolskie,wągrowiecki,Wapno,gmina wiejska,3028062,2024,nowy,,,,,,,,,,
21689,wielkopolskie,wągrowiecki,Wapno,gmina wiejska,3028062,2025,nowy,,,,,,,,,,
21690,wielkopolskie,wągrowiecki,Wągrowiec,gmina wiejska,3028072,2018,nowy,,,,,,,,,,
21691,wielkopolskie,wągrowiecki,Wągrowiec,gmina wiejska,3028072,2019,nowy,,,,,,,,,,
21692,wielkopolskie,wągrowiecki,Wągrowiec,gmina wiejska,3028072,2020,nowy,,,,,,,,,,
21693,wielkopolskie,wągrowiecki,Wągrowiec,gmina wiejska,3028072,2021,nowy,,,,,,,,,,
21694,wielkopolskie,wągrowiecki,Wągrowiec,gmina wiejska,3028072,2022,nowy,,,,,,,,,,
21695,wielkopolskie,wągrowiecki,Wągrowiec,gmina wiejska,3028072,2023,nowy,,,,,,,,,,
21696,wielkopolskie,wągrowiecki,Wągrowiec,gmina wiejska,3028072,2024,nowy,,,,,,,,,,
21697,wielkopolskie,wągrowiecki,Wągrowiec,gmina wiejska,3028072,2025,nowy,,,,,,,,,,
21698,wielkopolskie,wolsztyński,-,-,3029,2018,nowy,,,,,,,,,,
21699,wielkopolskie,wolsztyński,-,-,3029,2019,nowy,,,,,,,,,,
21700,wielkopolskie,wolsztyński,-,-,3029,2020,nowy,,,,,,,,,,
21701,wielkopolskie,wolsztyński,-,-,3029,2021,nowy,,,,,,,,,,
21702,wielkopolskie,wolsztyński,-,-,3029,2022,nowy,,,,,,,,,,
21703,wielkopolskie,wolsztyński,-,-,3029,2023,nowy,,,,,,,,,,
21704,wielkopolskie,wolsztyński,-,-,3029,2024,nowy,,,,,,,,,,
21705,wielkopolskie,wolsztyński,-,-,3029,2025,nowy,,,,,,,,,,
21706,wielkopolskie,wolsztyński,Przemęt,gmina wiejska,3029012,2018,nowy,,,,,,,,,,
21707,wielkopolskie,wolsztyński,Przemęt,gmina wiejska,3029012,2019,nowy,,,,,,,,,,
21708,wielkopolskie,wolsztyński,Przemęt,gmina wiejska,3029012,2020,nowy,,,,,,,,,,
21709,wielkopolskie,wolsztyński,Przemęt,gmina wiejska,3029012,2021,nowy,,,,,,,,,,
21710,wielkopolskie,wolsztyński,Przemęt,gmina wiejska,3029012,2022,nowy,,,,,,,,,,
21711,wielkopolskie,wolsztyński,Przemęt,gmina wiejska,3029012,2023,nowy,,,,,,,,,,
21712,wielkopolskie,wolsztyński,Przemęt,gmina wiejska,3029012,2024,nowy,,,,,,,,,,
21713,wielkopolskie,wolsztyński,Przemęt,gmina wiejska,3029012,2025,nowy,,,,,,,,,,
21714,wielkopolskie,wolsztyński,Siedlec,gmina wiejska,3029022,2018,nowy,,,,,,,,,,
21715,wielkopolskie,wolsztyński,Siedlec,gmina wiejska,3029022,2019,nowy,,,,,,,,,,
21716,wielkopolskie,wolsztyński,Siedlec,gmina wiejska,3029022,2020,nowy,,,,,,,,,,
21717,wielkopolskie,wolsztyński,Siedlec,gmina wiejska,3029022,2021,nowy,,,,,,,,,,
21718,wielkopolskie,wolsztyński,Siedlec,gmina wiejska,3029022,2022,nowy,,,,,,,,,,
21719,wielkopolskie,wolsztyński,Siedlec,gmina wiejska,3029022,2023,nowy,,,,,,,,,,
21720,wielkopolskie,wolsztyński,Siedlec,gmina wiejska,3029022,2024,nowy,,,,,,,,,,
21721,wielkopolskie,wolsztyński,Siedlec,gmina wiejska,3029022,2025,nowy,,,,,,,,,,
21722,wielkopolskie,wolsztyński,Wolsztyn,gmina miejsko-wiejska,3029033,2018,nowy,,,,,,,,,,
21723,wielkopolskie,wolsztyński,Wolsztyn,gmina miejsko-wiejska,3029033,2019,nowy,,,,,,,,,,
21724,wielkopolskie,wolsztyński,Wolsztyn,gmina miejsko-wiejska,3029033,2020,nowy,,,,,,,,,,
21725,wielkopolskie,wolsztyński,Wolsztyn,gmina miejsko-wiejska,3029033,2021,nowy,,,,,,,,,,
21726,wielkopolskie,wolsztyński,Wolsztyn,gmina miejsko-wiejska,3029033,2022,nowy,,,,,,,,,,
21727,wielkopolskie,wolsztyński,Wolsztyn,gmina miejsko-wiejska,3029033,2023,nowy,,,,,,,,,,
21728,wielkopolskie,wolsztyński,Wolsztyn,gmina miejsko-wiejska,3029033,2024,nowy,,,,,,,,,,
21729,wielkopolskie,wolsztyński,Wolsztyn,gmina miejsko-wiejska,3029033,2025,nowy,,,,,,,,,,
21730,wielkopolskie,wrzesiński,-,-,3030,2018,nowy,,,,,,,,,,
21731,wielkopolskie,wrzesiński,-,-,3030,2019,nowy,,,,,,,,,,
21732,wielkopolskie,wrzesiński,-,-,3030,2020,nowy,,,,,,,,,,
21733,wielkopolskie,wrzesiński,-,-,3030,2021,nowy,,,,,,,,,,
21734,wielkopolskie,wrzesiński,-,-,3030,2022,nowy,,,,,,,,,,
21735,wielkopolskie,wrzesiński,-,-,3030,2023,nowy,,,,,,,,,,
21736,wielkopolskie,wrzesiński,-,-,3030,2024,nowy,,,,,,,,,,
21737,wielkopolskie,wrzesiński,-,-,3030,2025,nowy,,,,,,,,,,
21738,wielkopolskie,wrzesiński,Kołaczkowo,gmina wiejska,3030012,2018,nowy,,,,,,,,,,
21739,wielkopolskie,wrzesiński,Kołaczkowo,gmina wiejska,3030012,2019,nowy,,,,,,,,,,
21740,wielkopolskie,wrzesiński,Kołaczkowo,gmina wiejska,3030012,2020,nowy,,,,,,,,,,
21741,wielkopolskie,wrzesiński,Kołaczkowo,gmina wiejska,3030012,2021,nowy,,,,,,,,,,
21742,wielkopolskie,wrzesiński,Kołaczkowo,gmina wiejska,3030012,2022,nowy,,,,,,,,,,
21743,wielkopolskie,wrzesiński,Kołaczkowo,gmina wiejska,3030012,2023,nowy,,,,,,,,,,
21744,wielkopolskie,wrzesiński,Kołaczkowo,gmina wiejska,3030012,2024,nowy,,,,,,,,,,
21745,wielkopolskie,wrzesiński,Kołaczkowo,gmina wiejska,3030012,2025,nowy,,,,,,,,,,
21746,wielkopolskie,wrzesiński,Miłosław,gmina miejsko-wiejska,3030023,2018,nowy,,,,,,,,,,
21747,wielkopolskie,wrzesiński,Miłosław,gmina miejsko-wiejska,3030023,2019,nowy,,,,,,,,,,
21748,wielkopolskie,wrzesiński,Miłosław,gmina miejsko-wiejska,3030023,2020,nowy,,,,,,,,,,
21749,wielkopolskie,wrzesiński,Miłosław,gmina miejsko-wiejska,3030023,2021,nowy,,,,,,,,,,
21750,wielkopolskie,wrzesiński,Miłosław,gmina miejsko-wiejska,3030023,2022,nowy,,,,,,,,,,
21751,wielkopolskie,wrzesiński,Miłosław,gmina miejsko-wiejska,3030023,2023,nowy,,,,,,,,,,
21752,wielkopolskie,wrzesiński,Miłosław,gmina miejsko-wiejska,3030023,2024,nowy,,,,,,,,,,
21753,wielkopolskie,wrzesiński,Miłosław,gmina miejsko-wiejska,3030023,2025,nowy,,,,,,,,,,
21754,wielkopolskie,wrzesiński,Nekla,gmina miejsko-wiejska,3030033,2018,nowy,,,,,,,,,,
21755,wielkopolskie,wrzesiński,Nekla,gmina miejsko-wiejska,3030033,2019,nowy,,,,,,,,,,
21756,wielkopolskie,wrzesiński,Nekla,gmina miejsko-wiejska,3030033,2020,nowy,,,,,,,,,,
21757,wielkopolskie,wrzesiński,Nekla,gmina miejsko-wiejska,3030033,2021,nowy,,,,,,,,,,
21758,wielkopolskie,wrzesiński,Nekla,gmina miejsko-wiejska,3030033,2022,nowy,,,,,,,,,,
21759,wielkopolskie,wrzesiński,Nekla,gmina miejsko-wiejska,3030033,2023,nowy,,,,,,,,,,
21760,wielkopolskie,wrzesiński,Nekla,gmina miejsko-wiejska,3030033,2024,nowy,,,,,,,,,,
21761,wielkopolskie,wrzesiński,Nekla,gmina miejsko-wiejska,3030033,2025,nowy,,,,,,,,,,
21762,wielkopolskie,wrzesiński,Pyzdry,gmina miejsko-wiejska,3030043,2018,nowy,,,,,,,,,,
21763,wielkopolskie,wrzesiński,Pyzdry,gmina miejsko-wiejska,3030043,2019,nowy,,,,,,,,,,
21764,wielkopolskie,wrzesiński,Pyzdry,gmina miejsko-wiejska,3030043,2020,nowy,,,,,,,,,,
21765,wielkopolskie,wrzesiński,Pyzdry,gmina miejsko-wiejska,3030043,2021,nowy,,,,,,,,,,
21766,wielkopolskie,wrzesiński,Pyzdry,gmina miejsko-wiejska,3030043,2022,nowy,,,,,,,,,,
21767,wielkopolskie,wrzesiński,Pyzdry,gmina miejsko-wiejska,3030043,2023,nowy,,,,,,,,,,
21768,wielkopolskie,wrzesiński,Pyzdry,gmina miejsko-wiejska,3030043,2024,nowy,,,,,,,,,,
21769,wielkopolskie,wrzesiński,Pyzdry,gmina miejsko-wiejska,3030043,2025,nowy,,,,,,,,,,
21770,wielkopolskie,wrzesiński,Września,gmina miejsko-wiejska,3030053,2018,nowy,,,,,,,,,,
21771,wielkopolskie,wrzesiński,Września,gmina miejsko-wiejska,3030053,2019,nowy,,,,,,,,,,
21772,wielkopolskie,wrzesiński,Września,gmina miejsko-wiejska,3030053,2020,nowy,,,,,,,,,,
21773,wielkopolskie,wrzesiński,Września,gmina miejsko-wiejska,3030053,2021,nowy,,,,,,,,,,
21774,wielkopolskie,wrzesiński,Września,gmina miejsko-wiejska,3030053,2022,nowy,,,,,,,,,,
21775,wielkopolskie,wrzesiński,Września,gmina miejsko-wiejska,3030053,2023,nowy,,,,,,,,,,
21776,wielkopolskie,wrzesiński,Września,gmina miejsko-wiejska,3030053,2024,nowy,,,,,,,,,,
21777,wielkopolskie,wrzesiński,Września,gmina miejsko-wiejska,3030053,2025,nowy,,,,,,,,,,
21778,wielkopolskie,złotowski,-,-,3031,2018,nowy,,,,,,,,,,
21779,wielkopolskie,złotowski,-,-,3031,2019,nowy,,,,,,,,,,
21780,wielkopolskie,złotowski,-,-,3031,2020,nowy,,,,,,,,,,
21781,wielkopolskie,złotowski,-,-,3031,2021,nowy,,,,,,,,,,
21782,wielkopolskie,złotowski,-,-,3031,2022,nowy,,,,,,,,,,
21783,wielkopolskie,złotowski,-,-,3031,2023,nowy,,,,,,,,,,
21784,wielkopolskie,złotowski,-,-,3031,2024,nowy,,,,,,,,,,
21785,wielkopolskie,złotowski,-,-,3031,2025,nowy,,,,,,,,,,
21786,wielkopolskie,złotowski,Złotów,gmina miejska,3031011,2018,nowy,,,,,,,,,,
21787,wielkopolskie,złotowski,Złotów,gmina miejska,3031011,2019,nowy,,,,,,,,,,
21788,wielkopolskie,złotowski,Złotów,gmina miejska,3031011,2020,nowy,,,,,,,,,,
21789,wielkopolskie,złotowski,Złotów,gmina miejska,3031011,2021,nowy,,,,,,,,,,
21790,wielkopolskie,złotowski,Złotów,gmina miejska,3031011,2022,nowy,,,,,,,,,,
21791,wielkopolskie,złotowski,Złotów,gmina miejska,3031011,2023,nowy,,,,,,,,,,
21792,wielkopolskie,złotowski,Złotów,gmina miejska,3031011,2024,nowy,,,,,,,,,,
21793,wielkopolskie,złotowski,Złotów,gmina miejska,3031011,2025,nowy,,,,,,,,,,
21794,wielkopolskie,złotowski,Jastrowie,gmina miejsko-wiejska,3031023,2018,nowy,,,,,,,,,,
21795,wielkopolskie,złotowski,Jastrowie,gmina miejsko-wiejska,3031023,2019,nowy,,,,,,,,,,
21796,wielkopolskie,złotowski,Jastrowie,gmina miejsko-wiejska,3031023,2020,nowy,,,,,,,,,,
21797,wielkopolskie,złotowski,Jastrowie,gmina miejsko-wiejska,3031023,2021,nowy,,,,,,,,,,
21798,wielkopolskie,złotowski,Jastrowie,gmina miejsko-wiejska,3031023,2022,nowy,,,,,,,,,,
21799,wielkopolskie,złotowski,Jastrowie,gmina miejsko-wiejska,3031023,2023,nowy,,,,,,,,,,
21800,wielkopolskie,złotowski,Jastrowie,gmina miejsko-wiejska,3031023,2024,nowy,,,,,,,,,,
21801,wielkopolskie,złotowski,Jastrowie,gmina miejsko-wiejska,3031023,2025,nowy,,,,,,,,,,
21802,wielkopolskie,złotowski,Krajenka,gmina miejsko-wiejska,3031033,2018,nowy,,,,,,,,,,
21803,wielkopolskie,złotowski,Krajenka,gmina miejsko-wiejska,3031033,2019,nowy,,,,,,,,,,
21804,wielkopolskie,złotowski,Krajenka,gmina miejsko-wiejska,3031033,2020,nowy,,,,,,,,,,
21805,wielkopolskie,złotowski,Krajenka,gmina miejsko-wiejska,3031033,2021,nowy,,,,,,,,,,
21806,wielkopolskie,złotowski,Krajenka,gmina miejsko-wiejska,3031033,2022,nowy,,,,,,,,,,
21807,wielkopolskie,złotowski,Krajenka,gmina miejsko-wiejska,3031033,2023,nowy,,,,,,,,,,
21808,wielkopolskie,złotowski,Krajenka,gmina miejsko-wiejska,3031033,2024,nowy,,,,,,,,,,
21809,wielkopolskie,złotowski,Krajenka,gmina miejsko-wiejska,3031033,2025,nowy,,,,,,,,,,
21810,wielkopolskie,złotowski,Lipka,gmina wiejska,3031042,2018,nowy,,,,,,,,,,
21811,wielkopolskie,złotowski,Lipka,gmina wiejska,3031042,2019,nowy,,,,,,,,,,
21812,wielkopolskie,złotowski,Lipka,gmina wiejska,3031042,2020,nowy,,,,,,,,,,
21813,wielkopolskie,złotowski,Lipka,gmina wiejska,3031042,2021,nowy,,,,,,,,,,
21814,wielkopolskie,złotowski,Lipka,gmina wiejska,3031042,2022,nowy,,,,,,,,,,
21815,wielkopolskie,złotowski,Lipka,gmina wiejska,3031042,2023,nowy,,,,,,,,,,
21816,wielkopolskie,złotowski,Lipka,gmina wiejska,3031042,2024,nowy,,,,,,,,,,
21817,wielkopolskie,złotowski,Lipka,gmina wiejska,3031042,2025,nowy,,,,,,,,,,
21818,wielkopolskie,złotowski,Okonek,gmina miejsko-wiejska,3031053,2018,nowy,,,,,,,,,,
21819,wielkopolskie,złotowski,Okonek,gmina miejsko-wiejska,3031053,2019,nowy,,,,,,,,,,
21820,wielkopolskie,złotowski,Okonek,gmina miejsko-wiejska,3031053,2020,nowy,,,,,,,,,,
21821,wielkopolskie,złotowski,Okonek,gmina miejsko-wiejska,3031053,2021,nowy,,,,,,,,,,
21822,wielkopolskie,złotowski,Okonek,gmina miejsko-wiejska,3031053,2022,nowy,,,,,,,,,,
21823,wielkopolskie,złotowski,Okonek,gmina miejsko-wiejska,3031053,2023,nowy,,,,,,,,,,
21824,wielkopolskie,złotowski,Okonek,gmina miejsko-wiejska,3031053,2024,nowy,,,,,,,,,,
21825,wielkopolskie,złotowski,Okonek,gmina miejsko-wiejska,3031053,2025,nowy,,,,,,,,,,
21826,wielkopolskie,złotowski,Tarnówka,gmina wiejska,3031062,2018,nowy,,,,,,,,,,
21827,wielkopolskie,złotowski,Tarnówka,gmina wiejska,3031062,2019,nowy,,,,,,,,,,
21828,wielkopolskie,złotowski,Tarnówka,gmina wiejska,3031062,2020,nowy,,,,,,,,,,
21829,wielkopolskie,złotowski,Tarnówka,gmina wiejska,3031062,2021,nowy,,,,,,,,,,
21830,wielkopolskie,złotowski,Tarnówka,gmina wiejska,3031062,2022,nowy,,,,,,,,,,
21831,wielkopolskie,złotowski,Tarnówka,gmina wiejska,3031062,2023,nowy,,,,,,,,,,
21832,wielkopolskie,złotowski,Tarnówka,gmina wiejska,3031062,2024,nowy,,,,,,,,,,
21833,wielkopolskie,złotowski,Tarnówka,gmina wiejska,3031062,2025,nowy,,,,,,,,,,
21834,wielkopolskie,złotowski,Zakrzewo,gmina wiejska,3031072,2018,nowy,,,,,,,,,,
21835,wielkopolskie,złotowski,Zakrzewo,gmina wiejska,3031072,2019,nowy,,,,,,,,,,
21836,wielkopolskie,złotowski,Zakrzewo,gmina wiejska,3031072,2020,nowy,,,,,,,,,,
21837,wielkopolskie,złotowski,Zakrzewo,gmina wiejska,3031072,2021,nowy,,,,,,,,,,
21838,wielkopolskie,złotowski,Zakrzewo,gmina wiejska,3031072,2022,nowy,,,,,,,,,,
21839,wielkopolskie,złotowski,Zakrzewo,gmina wiejska,3031072,2023,nowy,,,,,,,,,,
21840,wielkopolskie,złotowski,Zakrzewo,gmina wiejska,3031072,2024,nowy,,,,,,,,,,
21841,wielkopolskie,złotowski,Zakrzewo,gmina wiejska,3031072,2025,nowy,,,,,,,,,,
21842,wielkopolskie,złotowski,Złotów,gmina wiejska,3031082,2018,nowy,,,,,,,,,,
21843,wielkopolskie,złotowski,Złotów,gmina wiejska,3031082,2019,nowy,,,,,,,,,,
21844,wielkopolskie,złotowski,Złotów,gmina wiejska,3031082,2020,nowy,,,,,,,,,,
21845,wielkopolskie,złotowski,Złotów,gmina wiejska,3031082,2021,nowy,,,,,,,,,,
21846,wielkopolskie,złotowski,Złotów,gmina wiejska,3031082,2022,nowy,,,,,,,,,,
21847,wielkopolskie,złotowski,Złotów,gmina wiejska,3031082,2023,nowy,,,,,,,,,,
21848,wielkopolskie,złotowski,Złotów,gmina wiejska,3031082,2024,nowy,,,,,,,,,,
21849,wielkopolskie,złotowski,Złotów,gmina wiejska,3031082,2025,nowy,,,,,,,,,,
21850,wielkopolskie,m. Kalisz,-,-,3061,2018,nowy,,,,,,,,,,
21851,wielkopolskie,m. Kalisz,-,-,3061,2019,nowy,,,,,,,,,,
21852,wielkopolskie,m. Kalisz,-,-,3061,2020,nowy,,,,,,,,,,
21853,wielkopolskie,m. Kalisz,-,-,3061,2021,nowy,,,,,,,,,,
21854,wielkopolskie,m. Kalisz,-,-,3061,2022,nowy,,,,,,,,,,
21855,wielkopolskie,m. Kalisz,-,-,3061,2023,nowy,,,,,,,,,,
21856,wielkopolskie,m. Kalisz,-,-,3061,2024,nowy,,,,,,,,,,
21857,wielkopolskie,m. Kalisz,-,-,3061,2025,nowy,,,,,,,,,,
21858,wielkopolskie,m. Kalisz,Kalisz,gmina miejska (miasto na prawach powiatu),3061011,2018,nowy,,,,,,,,,,
21859,wielkopolskie,m. Kalisz,Kalisz,gmina miejska (miasto na prawach powiatu),3061011,2019,nowy,,,,,,,,,,
21860,wielkopolskie,m. Kalisz,Kalisz,gmina miejska (miasto na prawach powiatu),3061011,2020,nowy,,,,,,,,,,
21861,wielkopolskie,m. Kalisz,Kalisz,gmina miejska (miasto na prawach powiatu),3061011,2021,nowy,,,,,,,,,,
21862,wielkopolskie,m. Kalisz,Kalisz,gmina miejska (miasto na prawach powiatu),3061011,2022,nowy,,,,,,,,,,
21863,wielkopolskie,m. Kalisz,Kalisz,gmina miejska (miasto na prawach powiatu),3061011,2023,nowy,,,,,,,,,,
21864,wielkopolskie,m. Kalisz,Kalisz,gmina miejska (miasto na prawach powiatu),3061011,2024,nowy,,,,,,,,,,
21865,wielkopolskie,m. Kalisz,Kalisz,gmina miejska (miasto na prawach powiatu),3061011,2025,nowy,,,,,,,,,,
21866,wielkopolskie,m. Konin,-,-,3062,2018,nowy,,,,,,,,,,
21867,wielkopolskie,m. Konin,-,-,3062,2019,nowy,,,,,,,,,,
21868,wielkopolskie,m. Konin,-,-,3062,2020,nowy,,,,,,,,,,
21869,wielkopolskie,m. Konin,-,-,3062,2021,nowy,,,,,,,,,,
21870,wielkopolskie,m. Konin,-,-,3062,2022,nowy,,,,,,,,,,
21871,wielkopolskie,m. Konin,-,-,3062,2023,nowy,,,,,,,,,,
21872,wielkopolskie,m. Konin,-,-,3062,2024,nowy,,,,,,,,,,
21873,wielkopolskie,m. Konin,-,-,3062,2025,nowy,,,,,,,,,,
21874,wielkopolskie,m. Konin,Konin,gmina miejska (miasto na prawach powiatu),3062011,2018,nowy,,,,,,,,,,
21875,wielkopolskie,m. Konin,Konin,gmina miejska (miasto na prawach powiatu),3062011,2019,nowy,,,,,,,,,,
21876,wielkopolskie,m. Konin,Konin,gmina miejska (miasto na prawach powiatu),3062011,2020,nowy,,,,,,,,,,
21877,wielkopolskie,m. Konin,Konin,gmina miejska (miasto na prawach powiatu),3062011,2021,nowy,,,,,,,,,,
21878,wielkopolskie,m. Konin,Konin,gmina miejska (miasto na prawach powiatu),3062011,2022,nowy,,,,,,,,,,
21879,wielkopolskie,m. Konin,Konin,gmina miejska (miasto na prawach powiatu),3062011,2023,nowy,,,,,,,,,,
21880,wielkopolskie,m. Konin,Konin,gmina miejska (miasto na prawach powiatu),3062011,2024,nowy,,,,,,,,,,
21881,wielkopolskie,m. Konin,Konin,gmina miejska (miasto na prawach powiatu),3062011,2025,nowy,,,,,,,,,,
21882,wielkopolskie,m. Leszno,-,-,3063,2018,nowy,,,,,,,,,,
21883,wielkopolskie,m. Leszno,-,-,3063,2019,nowy,,,,,,,,,,
21884,wielkopolskie,m. Leszno,-,-,3063,2020,nowy,,,,,,,,,,
21885,wielkopolskie,m. Leszno,-,-,3063,2021,nowy,,,,,,,,,,
21886,wielkopolskie,m. Leszno,-,-,3063,2022,nowy,,,,,,,,,,
21887,wielkopolskie,m. Leszno,-,-,3063,2023,nowy,,,,,,,,,,
21888,wielkopolskie,m. Leszno,-,-,3063,2024,nowy,,,,,,,,,,
21889,wielkopolskie,m. Leszno,-,-,3063,2025,nowy,,,,,,,,,,
21890,wielkopolskie,m. Leszno,Leszno,gmina miejska (miasto na prawach powiatu),3063011,2018,nowy,,,,,,,,,,
21891,wielkopolskie,m. Leszno,Leszno,gmina miejska (miasto na prawach powiatu),3063011,2019,nowy,,,,,,,,,,
21892,wielkopolskie,m. Leszno,Leszno,gmina miejska (miasto na prawach powiatu),3063011,2020,nowy,,,,,,,,,,
21893,wielkopolskie,m. Leszno,Leszno,gmina miejska (miasto na prawach powiatu),3063011,2021,nowy,,,,,,,,,,
21894,wielkopolskie,m. Leszno,Leszno,gmina miejska (miasto na prawach powiatu),3063011,2022,nowy,,,,,,,,,,
21895,wielkopolskie,m. Leszno,Leszno,gmina miejska (miasto na prawach powiatu),3063011,2023,nowy,,,,,,,,,,
21896,wielkopolskie,m. Leszno,Leszno,gmina miejska (miasto na prawach powiatu),3063011,2024,nowy,,,,,,,,,,
21897,wielkopolskie,m. Leszno,Leszno,gmina miejska (miasto na prawach powiatu),3063011,2025,nowy,,,,,,,,,,
21898,wielkopolskie,m. Poznań,-,-,3064,2018,nowy,,,,,,,,,,
21899,wielkopolskie,m. Poznań,-,-,3064,2019,nowy,,,,,,,,,,
21900,wielkopolskie,m. Poznań,-,-,3064,2020,nowy,,,,,,,,,,
21901,wielkopolskie,m. Poznań,-,-,3064,2021,nowy,,,,,,,,,,
21902,wielkopolskie,m. Poznań,-,-,3064,2022,nowy,,,,,,,,,,
21903,wielkopolskie,m. Poznań,-,-,3064,2023,nowy,,,,,,,,,,
21904,wielkopolskie,m. Poznań,-,-,3064,2024,nowy,,,,,,,,,,
21905,wielkopolskie,m. Poznań,-,-,3064,2025,nowy,,,,,,,,,,
21906,wielkopolskie,m. Poznań,Poznań,gmina miejska (miasto na prawach powiatu),3064011,2018,nowy,,,,,,,,,,
21907,wielkopolskie,m. Poznań,Poznań,gmina miejska (miasto na prawach powiatu),3064011,2019,nowy,,,,,,,,,,
21908,wielkopolskie,m. Poznań,Poznań,gmina miejska (miasto na prawach powiatu),3064011,2020,nowy,,,,,,,,,,
21909,wielkopolskie,m. Poznań,Poznań,gmina miejska (miasto na prawach powiatu),3064011,2021,nowy,,,,,,,,,,
21910,wielkopolskie,m. Poznań,Poznań,gmina miejska (miasto na prawach powiatu),3064011,2022,nowy,,,,,,,,,,
21911,wielkopolskie,m. Poznań,Poznań,gmina miejska (miasto na prawach powiatu),3064011,2023,nowy,,,,,,,,,,
21912,wielkopolskie,m. Poznań,Poznań,gmina miejska (miasto na prawach powiatu),3064011,2024,nowy,,,,,,,,,,
21913,wielkopolskie,m. Poznań,Poznań,gmina miejska (miasto na prawach powiatu),3064011,2025,nowy,,,,,,,,,,
